BADGE,CURRENT_TRANSFORMER,RECOMMENDED_TRANSFORMER,CLUSTER,CLUSTER_SIZE,MAPPED_PEERS,CURRENT_VOTES,MAJORITY_VOTES,MAJORITY_SHARE,CONFIDENCE_GAP,PEER_STABILITY,PEERS_CONSIDERED,TIMES_RECOMMENDED,BADGE_N_RUNS,RECOMMENDATION_STABILITY
1054068,,390898,167,21,19,0,19,1.0,1.0,1.0,20,3,3,1.0
1054071,,390898,167,21,19,0,19,1.0,1.0,1.0,20,3,3,1.0
1135838,,396222,22276,12,11,0,11,1.0,1.0,1.0,11,3,3,1.0
1265551,,376736,6720,11,10,0,10,1.0,1.0,1.0,10,3,3,1.0
1257374,,6059,29890,11,10,0,10,1.0,1.0,1.0,10,3,3,1.0
1257558,,23110,45881,11,10,0,10,1.0,1.0,1.0,10,3,3,1.0
1256910,,344290,13258,10,9,0,9,1.0,1.0,1.0,9,3,3,1.0
1257657,,153917,14515,10,9,0,9,1.0,1.0,1.0,9,3,3,1.0
1257372,,79965,2980,9,8,0,8,1.0,1.0,1.0,8,3,3,1.0
1257371,,444305,3171,10,8,0,8,1.0,1.0,1.0,9,3,3,1.0
1257369,,444305,3171,10,8,0,8,1.0,1.0,1.0,9,3,3,1.0
1030513,,2516,8119,9,8,0,8,1.0,1.0,1.0,8,3,3,1.0
1257379,,430001,14931,9,8,0,8,1.0,1.0,1.0,8,3,3,1.0
1257453,,27371,17515,9,8,0,8,1.0,1.0,1.0,8,3,3,1.0
1115523,,3004,26333,9,8,0,8,1.0,1.0,1.0,8,3,3,1.0
1232493,,473122,26767,9,8,0,8,1.0,1.0,1.0,8,3,3,1.0
1257363,,24763,3519,8,7,0,7,1.0,1.0,1.0,7,3,3,1.0
1112173,,506653,4286,8,7,0,7,1.0,1.0,1.0,7,3,3,1.0
1145044,,477906,9039,8,7,0,7,1.0,1.0,1.0,7,3,3,1.0
1232465,,525844,10033,8,7,0,7,1.0,1.0,1.0,7,3,3,1.0
1257649,,161599,15209,8,7,0,7,1.0,1.0,1.0,7,3,3,1.0
1082158,,20106,19184,8,7,0,7,1.0,1.0,1.0,7,3,3,1.0
1232497,,444308,22687,8,7,0,7,1.0,1.0,1.0,7,3,3,1.0
1232503,,536187,22715,10,7,0,7,1.0,1.0,1.0,9,3,3,1.0
1232964,,536187,22715,10,7,0,7,1.0,1.0,1.0,9,3,3,1.0
1232555,,536187,22715,10,7,0,7,1.0,1.0,1.0,9,3,3,1.0
1132422,,54370,30044,8,7,0,7,1.0,1.0,1.0,7,3,3,1.0
1209985,,3278,36075,8,7,0,7,1.0,1.0,1.0,7,3,3,1.0
1000795,,383756,175,7,6,0,6,1.0,1.0,1.0,6,3,3,1.0
1008085,,6229,2611,7,6,0,6,1.0,1.0,1.0,6,3,3,1.0
1232532,,506639,2781,7,6,0,6,1.0,1.0,1.0,6,3,3,1.0
1013016,,194556,3784,7,6,0,6,1.0,1.0,1.0,6,3,3,1.0
1037179,,384088,4578,7,6,0,6,1.0,1.0,1.0,6,3,3,1.0
1031540,,85727,8395,7,6,0,6,1.0,1.0,1.0,6,3,3,1.0
1127228,,530639,8962,7,6,0,6,1.0,1.0,1.0,6,3,3,1.0
1045709,,23142,11509,7,6,0,6,1.0,1.0,1.0,6,3,3,1.0
1281577,,449046,12983,7,6,0,6,1.0,1.0,1.0,6,3,3,1.0
1088265,,487549,19474,8,6,0,6,1.0,1.0,1.0,7,3,3,1.0
1225733,,487549,19474,8,6,0,6,1.0,1.0,1.0,7,3,3,1.0
1257422,,17101,21626,7,6,0,6,1.0,1.0,1.0,6,3,3,1.0
1097208,,536190,22694,8,6,0,6,1.0,1.0,1.0,7,3,3,1.0
1097145,,536190,22694,8,6,0,6,1.0,1.0,1.0,7,3,3,1.0
1179888,,477901,22705,7,6,0,6,1.0,1.0,1.0,6,3,3,1.0
1232533,,389930,22738,7,6,0,6,1.0,1.0,1.0,6,3,3,1.0
1257693,,177915,25022,7,6,0,6,1.0,1.0,1.0,6,3,3,1.0
1275777,,349965,28518,7,6,0,6,1.0,1.0,1.0,6,3,3,1.0
1232538,,536367,31753,7,6,0,6,1.0,1.0,1.0,6,3,3,1.0
1143192,,20157,32363,7,6,0,6,1.0,1.0,1.0,6,3,3,1.0
1265550,,384443,2360,6,5,0,5,1.0,1.0,1.0,5,3,3,1.0
1044086,,535970,3622,6,5,0,5,1.0,1.0,1.0,5,3,3,1.0
1285307,,378461,4677,6,5,0,5,1.0,1.0,1.0,5,3,3,1.0
1232979,,384663,5042,6,5,0,5,1.0,1.0,1.0,5,3,3,1.0
1152875,,7010,8451,6,5,0,5,1.0,1.0,1.0,5,3,3,1.0
1125482,,444304,9552,6,5,0,5,1.0,1.0,1.0,5,3,3,1.0
1037817,,13491,9840,6,5,0,5,1.0,1.0,1.0,5,3,3,1.0
1137848,,139208,10986,6,5,0,5,1.0,1.0,1.0,5,3,3,1.0
1232529,,506690,13062,6,5,0,5,1.0,1.0,1.0,5,3,3,1.0
1059721,,4744,13891,6,5,0,5,1.0,1.0,1.0,5,3,3,1.0
1137183,,3488,19308,6,5,0,5,1.0,1.0,1.0,5,3,3,1.0
1278656,,16010,19797,6,5,0,5,1.0,1.0,1.0,5,3,3,1.0
1090429,,20961,20599,6,5,0,5,1.0,1.0,1.0,5,3,3,1.0
1232488,,536372,22690,6,5,0,5,1.0,1.0,1.0,5,3,3,1.0
1232467,,497070,26787,6,5,0,5,1.0,1.0,1.0,5,3,3,1.0
1257655,,3369,31015,6,5,0,5,1.0,1.0,1.0,5,3,3,1.0
1257361,,640,46334,6,5,0,5,1.0,1.0,1.0,5,3,3,1.0
1232961,,535978,46462,7,5,0,5,1.0,1.0,1.0,6,3,3,1.0
1232942,,535978,46462,7,5,0,5,1.0,1.0,1.0,6,3,3,1.0
1257706,,23720,12773,5,4,0,4,1.0,1.0,1.0,4,3,3,1.0
1066542,,4753,15193,5,4,0,4,1.0,1.0,1.0,4,3,3,1.0
1097161,,537121,16117,6,4,0,4,1.0,1.0,1.0,5,3,3,1.0
1233002,,537121,16117,6,4,0,4,1.0,1.0,1.0,5,3,3,1.0
1247846,,14575,21056,5,4,0,4,1.0,1.0,1.0,4,3,3,1.0
1232993,,536699,22546,6,4,0,4,1.0,1.0,1.0,5,3,3,1.0
1096654,,536699,22546,6,4,0,4,1.0,1.0,1.0,5,3,3,1.0
1135830,,2641,31232,5,4,0,4,1.0,1.0,1.0,4,3,3,1.0
1150133,,21399,32951,5,4,0,4,1.0,1.0,1.0,4,3,3,1.0
1257426,,20603,38215,5,4,0,4,1.0,1.0,1.0,4,3,3,1.0
1187454,,3296,39995,5,4,0,4,1.0,1.0,1.0,4,3,3,1.0
1240541,,536734,46566,6,4,0,4,1.0,1.0,1.0,5,3,3,1.0
1299377,,536734,46566,6,4,0,4,1.0,1.0,1.0,5,3,3,1.0
1093931,18332,18361,21568,19,19,1,18,0.9474,0.8947,1.0,18,3,3,1.0
1093870,18361,18332,21853,18,18,1,17,0.9444,0.8889,1.0,17,3,3,1.0
1111512,25725,25720,25344,18,18,1,17,0.9444,0.8889,1.0,17,3,3,1.0
1116688,14342,25725,25940,18,18,1,17,0.9444,0.8889,1.0,17,3,3,1.0
1116256,14318,14342,1124,17,17,1,16,0.9412,0.8824,1.0,16,3,3,1.0
1080154,15897,15893,1144,17,17,1,16,0.9412,0.8824,1.0,16,3,3,1.0
1121136,19423,3567,12187,16,16,1,15,0.9375,0.875,1.0,15,3,3,1.0
1113152,25813,14647,25758,14,14,1,13,0.9286,0.8571,1.0,13,3,3,1.0
1287801,370272,370271,46237,14,14,1,13,0.9286,0.8571,1.0,13,3,3,1.0
1233000,,506645,23487,8,7,0,6,0.8571,0.8571,1.0,7,3,3,1.0
1000727,221438,5576,59,13,13,1,12,0.9231,0.8462,1.0,12,3,3,1.0
1008326,24698,24718,1724,13,13,1,12,0.9231,0.8462,1.0,12,3,3,1.0
1035302,286723,286724,3220,13,13,1,12,0.9231,0.8462,1.0,12,3,3,1.0
1043269,156167,129268,7393,13,13,1,12,0.9231,0.8462,1.0,12,3,3,1.0
1032627,345249,345246,8701,13,13,1,12,0.9231,0.8462,1.0,12,3,3,1.0
1075914,273278,282235,17736,13,13,1,12,0.9231,0.8462,1.0,12,3,3,1.0
1076628,284155,282241,17900,13,13,1,12,0.9231,0.8462,1.0,12,3,3,1.0
1178651,21210,21186,22437,13,13,1,12,0.9231,0.8462,1.0,12,3,3,1.0
1287212,4636,4618,49934,13,13,1,12,0.9231,0.8462,1.0,12,3,3,1.0
1007399,24891,24882,2385,12,12,1,11,0.9167,0.8333,1.0,11,3,3,1.0
1131849,345084,20786,4954,12,12,1,11,0.9167,0.8333,1.0,11,3,3,1.0
1090506,1307,1332,13700,12,12,1,11,0.9167,0.8333,1.0,11,3,3,1.0
1066886,376834,376833,14949,12,12,1,11,0.9167,0.8333,1.0,11,3,3,1.0
1188497,3217,3178,16240,12,12,1,11,0.9167,0.8333,1.0,11,3,3,1.0
1301788,6754,22426,17338,12,12,1,11,0.9167,0.8333,1.0,11,3,3,1.0
1145065,25814,25784,24427,12,12,1,11,0.9167,0.8333,1.0,11,3,3,1.0
1186812,26106,26118,29216,12,12,1,11,0.9167,0.8333,1.0,11,3,3,1.0
1187401,365119,365120,36081,12,12,1,11,0.9167,0.8333,1.0,11,3,3,1.0
1270187,10991,10968,44300,12,12,1,11,0.9167,0.8333,1.0,11,3,3,1.0
1303966,22424,22401,53187,12,12,1,11,0.9167,0.8333,1.0,11,3,3,1.0
1007408,10755,24394,918,11,11,1,10,0.9091,0.8182,1.0,10,3,3,1.0
1011409,6657,6551,1335,11,11,1,10,0.9091,0.8182,1.0,10,3,3,1.0
1020546,9204,9212,3372,11,11,1,10,0.9091,0.8182,1.0,10,3,3,1.0
1054417,365058,365056,3954,11,11,1,10,0.9091,0.8182,1.0,10,3,3,1.0
1275390,390509,390508,4449,11,11,1,10,0.9091,0.8182,1.0,10,3,3,1.0
1035783,306237,319035,6187,11,11,1,10,0.9091,0.8182,1.0,10,3,3,1.0
1029649,370383,370384,6193,11,11,1,10,0.9091,0.8182,1.0,10,3,3,1.0
1029681,370384,370382,6205,11,11,1,10,0.9091,0.8182,1.0,10,3,3,1.0
1095085,420288,420286,6785,11,11,1,10,0.9091,0.8182,1.0,10,3,3,1.0
1038122,148481,148482,7667,11,11,1,10,0.9091,0.8182,1.0,10,3,3,1.0
1034753,292159,292158,9182,11,11,1,10,0.9091,0.8182,1.0,10,3,3,1.0
1039174,226242,130540,10134,11,11,1,10,0.9091,0.8182,1.0,10,3,3,1.0
1064940,22551,6965,10466,11,11,1,10,0.9091,0.8182,1.0,10,3,3,1.0
1056506,375989,375990,12921,11,11,1,10,0.9091,0.8182,1.0,10,3,3,1.0
1089484,349715,349714,18320,11,11,1,10,0.9091,0.8182,1.0,10,3,3,1.0
1112354,25725,25732,25548,11,11,1,10,0.9091,0.8182,1.0,10,3,3,1.0
1125045,13473,13455,27901,11,11,1,10,0.9091,0.8182,1.0,10,3,3,1.0
1176845,20763,20774,28428,11,11,1,10,0.9091,0.8182,1.0,10,3,3,1.0
1157251,359665,359664,30188,11,11,1,10,0.9091,0.8182,1.0,10,3,3,1.0
1207997,930,928,31709,11,11,1,10,0.9091,0.8182,1.0,10,3,3,1.0
1159319,102363,102058,34686,11,11,1,10,0.9091,0.8182,1.0,10,3,3,1.0
1216206,26575,26568,43956,11,11,1,10,0.9091,0.8182,1.0,10,3,3,1.0
1265876,23051,23031,46187,11,11,1,10,0.9091,0.8182,1.0,10,3,3,1.0
1302567,6811,22462,52905,11,11,1,10,0.9091,0.8182,1.0,10,3,3,1.0
1005541,280,294,513,10,10,1,9,0.9,0.8,1.0,9,3,3,1.0
1004143,13223,13202,1413,10,10,1,9,0.9,0.8,1.0,9,3,3,1.0
1005016,9915,9967,1643,10,10,1,9,0.9,0.8,1.0,9,3,3,1.0
1025480,33260,33259,1744,10,10,1,9,0.9,0.8,1.0,9,3,3,1.0
1010846,11453,11362,3197,10,10,1,9,0.9,0.8,1.0,9,3,3,1.0
1011664,16197,16233,3558,10,10,1,9,0.9,0.8,1.0,9,3,3,1.0
1011822,377665,377666,3619,10,10,1,9,0.9,0.8,1.0,9,3,3,1.0
1048290,74203,65251,4063,10,10,1,9,0.9,0.8,1.0,9,3,3,1.0
1014182,384035,384036,4192,10,10,1,9,0.9,0.8,1.0,9,3,3,1.0
1096135,375313,375310,5028,10,10,1,9,0.9,0.8,1.0,9,3,3,1.0
1022685,370382,370381,6198,10,10,1,9,0.9,0.8,1.0,9,3,3,1.0
1030714,271036,271037,7417,10,10,1,9,0.9,0.8,1.0,9,3,3,1.0
1056582,376047,376048,7657,10,10,1,9,0.9,0.8,1.0,9,3,3,1.0
1034721,292162,292159,9177,10,10,1,9,0.9,0.8,1.0,9,3,3,1.0
1035517,55648,55647,9344,10,10,1,9,0.9,0.8,1.0,9,3,3,1.0
1036995,271038,265621,9671,10,10,1,9,0.9,0.8,1.0,9,3,3,1.0
1060487,370188,370187,12275,10,10,1,9,0.9,0.8,1.0,9,3,3,1.0
1079334,16151,16123,14027,10,10,1,9,0.9,0.8,1.0,9,3,3,1.0
1060759,383565,383564,14227,10,10,1,9,0.9,0.8,1.0,9,3,3,1.0
1061804,343533,343532,14484,10,10,1,9,0.9,0.8,1.0,9,3,3,1.0
1080758,35164,95971,18706,10,10,1,9,0.9,0.8,1.0,9,3,3,1.0
1269226,396,52763,19436,10,10,1,9,0.9,0.8,1.0,9,3,3,1.0
1114171,14569,14535,24559,10,10,1,9,0.9,0.8,1.0,9,3,3,1.0
1207205,1846,1815,27345,10,10,1,9,0.9,0.8,1.0,9,3,3,1.0
1304023,22626,7050,30476,10,10,1,9,0.9,0.8,1.0,9,3,3,1.0
1179149,20262,1769,30623,10,10,1,9,0.9,0.8,1.0,9,3,3,1.0
1145057,14487,14481,31563,10,10,1,9,0.9,0.8,1.0,9,3,3,1.0
1276470,93728,93727,31891,10,10,1,9,0.9,0.8,1.0,9,3,3,1.0
1189188,4310,4297,36337,10,10,1,9,0.9,0.8,1.0,9,3,3,1.0
1201098,12002,24865,40765,10,10,1,9,0.9,0.8,1.0,9,3,3,1.0
1216562,11157,82208,44056,10,10,1,9,0.9,0.8,1.0,9,3,3,1.0
1275629,23470,9007,44113,10,10,1,9,0.9,0.8,1.0,9,3,3,1.0
1277241,22552,93723,49424,10,10,1,9,0.9,0.8,1.0,9,3,3,1.0
1307893,20503,20484,49855,10,10,1,9,0.9,0.8,1.0,9,3,3,1.0
1300735,22426,6716,52587,10,10,1,9,0.9,0.8,1.0,9,3,3,1.0
1000738,,375316,135,6,5,0,4,0.8,0.8,1.0,5,3,3,1.0
1257360,,111662,32250,7,5,0,4,0.8,0.8,1.0,6,3,3,1.0
1257421,,111662,32250,7,5,0,4,0.8,0.8,1.0,6,3,3,1.0
1001688,327,322,556,9,9,1,8,0.8889,0.7778,1.0,8,3,3,1.0
1025106,10616,10636,1198,9,9,1,8,0.8889,0.7778,1.0,8,3,3,1.0
1133034,46684,8437,1344,9,9,1,8,0.8889,0.7778,1.0,8,3,3,1.0
1004226,12680,12713,1394,9,9,1,8,0.8889,0.7778,1.0,8,3,3,1.0
1004441,9224,23592,1544,9,9,1,8,0.8889,0.7778,1.0,8,3,3,1.0
1025076,10149,10140,1765,9,9,1,8,0.8889,0.7778,1.0,8,3,3,1.0
1005587,11328,11397,1915,9,9,1,8,0.8889,0.7778,1.0,8,3,3,1.0
1132829,391420,391422,2279,9,9,1,8,0.8889,0.7778,1.0,8,3,3,1.0
1010560,88606,88607,3020,9,9,1,8,0.8889,0.7778,1.0,8,3,3,1.0
1059258,375499,375314,3632,9,9,1,8,0.8889,0.7778,1.0,8,3,3,1.0
1039475,378395,378400,4218,9,9,1,8,0.8889,0.7778,1.0,8,3,3,1.0
1058778,375981,375980,4643,9,9,1,8,0.8889,0.7778,1.0,8,3,3,1.0
1018997,22934,22944,5231,9,9,1,8,0.8889,0.7778,1.0,8,3,3,1.0
1132984,8836,8852,5524,9,9,1,8,0.8889,0.7778,1.0,8,3,3,1.0
1021591,6587,6600,5890,9,9,1,8,0.8889,0.7778,1.0,8,3,3,1.0
1024392,10994,11012,6247,9,9,1,8,0.8889,0.7778,1.0,8,3,3,1.0
1023211,8818,23313,6329,9,9,1,8,0.8889,0.7778,1.0,8,3,3,1.0
1024053,23997,23979,6546,9,9,1,8,0.8889,0.7778,1.0,8,3,3,1.0
1032209,287998,287997,7310,9,9,1,8,0.8889,0.7778,1.0,8,3,3,1.0
1132978,7670,7641,7371,9,9,1,8,0.8889,0.7778,1.0,8,3,3,1.0
1037296,22551,6894,7422,9,9,1,8,0.8889,0.7778,1.0,8,3,3,1.0
1030156,6227,6181,7482,9,9,1,8,0.8889,0.7778,1.0,8,3,3,1.0
1028989,261755,261450,7730,9,9,1,8,0.8889,0.7778,1.0,8,3,3,1.0
1030314,170237,170238,8077,9,9,1,8,0.8889,0.7778,1.0,8,3,3,1.0
1037994,6431,6381,8518,9,9,1,8,0.8889,0.7778,1.0,8,3,3,1.0
1032340,343565,343567,8631,9,9,1,8,0.8889,0.7778,1.0,8,3,3,1.0
1034515,7779,7777,9126,9,9,1,8,0.8889,0.7778,1.0,8,3,3,1.0
1038770,9650,9678,10041,9,9,1,8,0.8889,0.7778,1.0,8,3,3,1.0
1039816,23622,23608,10171,9,9,1,8,0.8889,0.7778,1.0,8,3,3,1.0
1039608,375060,375061,10254,9,9,1,8,0.8889,0.7778,1.0,8,3,3,1.0
1054945,146880,146882,10531,9,9,1,8,0.8889,0.7778,1.0,8,3,3,1.0
1044203,343808,343807,11244,9,9,1,8,0.8889,0.7778,1.0,8,3,3,1.0
1056716,343316,343315,11259,9,9,1,8,0.8889,0.7778,1.0,8,3,3,1.0
1045563,8972,8941,11474,9,9,1,8,0.8889,0.7778,1.0,8,3,3,1.0
1047114,344339,344340,11748,9,9,1,8,0.8889,0.7778,1.0,8,3,3,1.0
1047383,292161,292162,11793,9,9,1,8,0.8889,0.7778,1.0,8,3,3,1.0
1053440,345244,345245,11910,9,9,1,8,0.8889,0.7778,1.0,8,3,3,1.0
1121115,295677,179523,12214,9,9,1,8,0.8889,0.7778,1.0,8,3,3,1.0
1201933,11955,11957,12256,9,9,1,8,0.8889,0.7778,1.0,8,3,3,1.0
1072904,235844,235847,12519,9,9,1,8,0.8889,0.7778,1.0,8,3,3,1.0
1056106,178557,185916,12849,9,9,1,8,0.8889,0.7778,1.0,8,3,3,1.0
1057063,175356,172500,13029,9,9,1,8,0.8889,0.7778,1.0,8,3,3,1.0
1068607,5877,5873,13342,9,9,1,8,0.8889,0.7778,1.0,8,3,3,1.0
1063164,343680,375307,14214,9,9,1,8,0.8889,0.7778,1.0,8,3,3,1.0
1060743,267521,267520,14220,9,9,1,8,0.8889,0.7778,1.0,8,3,3,1.0
1061603,344131,344130,14429,9,9,1,8,0.8889,0.7778,1.0,8,3,3,1.0
1069930,19143,19107,15973,9,9,1,8,0.8889,0.7778,1.0,8,3,3,1.0
1079095,5431,5428,16122,9,9,1,8,0.8889,0.7778,1.0,8,3,3,1.0
1282485,27349,19389,16312,9,9,1,8,0.8889,0.7778,1.0,8,3,3,1.0
1071231,27374,27382,16362,9,9,1,8,0.8889,0.7778,1.0,8,3,3,1.0
1267665,10188,10180,17320,9,9,1,8,0.8889,0.7778,1.0,8,3,3,1.0
1077739,19283,19275,17916,9,9,1,8,0.8889,0.7778,1.0,8,3,3,1.0
1076760,145602,130227,17926,9,9,1,8,0.8889,0.7778,1.0,8,3,3,1.0
1077597,19304,19305,17990,9,9,1,8,0.8889,0.7778,1.0,8,3,3,1.0
1077938,145609,145917,18193,9,9,1,8,0.8889,0.7778,1.0,8,3,3,1.0
1121134,18314,18342,18400,9,9,1,8,0.8889,0.7778,1.0,8,3,3,1.0
1089109,14423,14385,20132,9,9,1,8,0.8889,0.7778,1.0,8,3,3,1.0
1103138,26456,26464,21117,9,9,1,8,0.8889,0.7778,1.0,8,3,3,1.0
1121063,13060,13138,21668,9,9,1,8,0.8889,0.7778,1.0,8,3,3,1.0
1119059,10750,429852,22448,9,9,1,8,0.8889,0.7778,1.0,8,3,3,1.0
1115718,25583,13942,26362,9,9,1,8,0.8889,0.7778,1.0,8,3,3,1.0
1115748,13942,25577,26366,9,9,1,8,0.8889,0.7778,1.0,8,3,3,1.0
1123978,12282,12286,26948,9,9,1,8,0.8889,0.7778,1.0,8,3,3,1.0
1225238,23812,9816,30959,9,9,1,8,0.8889,0.7778,1.0,8,3,3,1.0
1210075,1503,1498,31326,9,9,1,8,0.8889,0.7778,1.0,8,3,3,1.0
1189766,4538,4532,31663,9,9,1,8,0.8889,0.7778,1.0,8,3,3,1.0
1232460,,473127,31766,11,9,0,7,0.7778,0.7778,1.0,10,3,3,1.0
1232539,,473127,31766,11,9,0,7,0.7778,0.7778,1.0,10,3,3,1.0
1143027,24946,24926,32276,9,9,1,8,0.8889,0.7778,1.0,8,3,3,1.0
1147453,83806,2512,33316,9,9,1,8,0.8889,0.7778,1.0,8,3,3,1.0
1153112,12154,12163,34125,9,9,1,8,0.8889,0.7778,1.0,8,3,3,1.0
1157830,17404,17344,34644,9,9,1,8,0.8889,0.7778,1.0,8,3,3,1.0
1155299,146556,146557,34682,9,9,1,8,0.8889,0.7778,1.0,8,3,3,1.0
1210293,11163,11180,35221,9,9,1,8,0.8889,0.7778,1.0,8,3,3,1.0
1179303,1352,1384,37560,9,9,1,8,0.8889,0.7778,1.0,8,3,3,1.0
1205875,10725,10709,40870,9,9,1,8,0.8889,0.7778,1.0,8,3,3,1.0
1268998,11433,11420,47894,9,9,1,8,0.8889,0.7778,1.0,8,3,3,1.0
1277226,79004,93724,49425,9,9,1,8,0.8889,0.7778,1.0,8,3,3,1.0
1282517,19321,19334,50863,9,9,1,8,0.8889,0.7778,1.0,8,3,3,1.0
1303499,22294,22290,52737,9,9,1,8,0.8889,0.7778,1.0,8,3,3,1.0
1014037,1027,1018,4525,16,16,1,13,0.8125,0.75,1.0,15,3,3,1.0
1073716,1019,1018,4525,16,16,1,13,0.8125,0.75,1.0,15,3,3,1.0
1099390,13803,1018,4525,16,16,1,13,0.8125,0.75,1.0,15,3,3,1.0
1005526,351,347,465,8,8,1,7,0.875,0.75,1.0,7,3,3,1.0
1002522,56923,24178,1035,8,8,1,7,0.875,0.75,1.0,7,3,3,1.0
1005076,11956,24827,1183,8,8,1,7,0.875,0.75,1.0,7,3,3,1.0
1025329,25283,12911,1308,8,8,1,7,0.875,0.75,1.0,7,3,3,1.0
1004836,9983,23915,1683,8,8,1,7,0.875,0.75,1.0,7,3,3,1.0
1119481,396227,430002,1718,8,8,1,7,0.875,0.75,1.0,7,3,3,1.0
1008113,10026,9978,1729,8,8,1,7,0.875,0.75,1.0,7,3,3,1.0
1005401,148183,143045,1835,8,8,1,7,0.875,0.75,1.0,7,3,3,1.0
1006685,23950,23909,2113,8,8,1,7,0.875,0.75,1.0,7,3,3,1.0
1007797,24101,24086,2347,8,8,1,7,0.875,0.75,1.0,7,3,3,1.0
1025254,12705,25132,2428,8,8,1,7,0.875,0.75,1.0,7,3,3,1.0
1010066,35170,24581,2762,8,8,1,7,0.875,0.75,1.0,7,3,3,1.0
1008888,11377,11313,2777,8,8,1,7,0.875,0.75,1.0,7,3,3,1.0
1023258,145275,235200,3299,8,8,1,7,0.875,0.75,1.0,7,3,3,1.0
1026604,184639,184637,3493,8,8,1,7,0.875,0.75,1.0,7,3,3,1.0
1054402,364609,364608,3593,8,8,1,7,0.875,0.75,1.0,7,3,3,1.0
1014251,370396,370397,3617,8,8,1,7,0.875,0.75,1.0,7,3,3,1.0
1011891,184644,184645,3652,8,8,1,7,0.875,0.75,1.0,7,3,3,1.0
1045720,375670,375672,3955,8,8,1,7,0.875,0.75,1.0,7,3,3,1.0
1132993,278401,168318,4094,8,8,1,7,0.875,0.75,1.0,7,3,3,1.0
1013186,375723,23402,4135,8,8,1,7,0.875,0.75,1.0,7,3,3,1.0
1270148,1870,378268,4190,8,8,1,7,0.875,0.75,1.0,7,3,3,1.0
1014975,370401,370402,4620,8,8,1,7,0.875,0.75,1.0,7,3,3,1.0
1023514,7558,7575,4749,8,8,1,7,0.875,0.75,1.0,7,3,3,1.0
1121804,24987,12390,4803,8,8,1,7,0.875,0.75,1.0,7,3,3,1.0
1125432,1342,1326,4922,8,8,1,7,0.875,0.75,1.0,7,3,3,1.0
1135976,195839,263050,4963,8,8,1,7,0.875,0.75,1.0,7,3,3,1.0
1019294,8134,22966,5177,8,8,1,7,0.875,0.75,1.0,7,3,3,1.0
1019164,36137,36138,5258,8,8,1,7,0.875,0.75,1.0,7,3,3,1.0
1019684,23453,23449,5399,8,8,1,7,0.875,0.75,1.0,7,3,3,1.0
1020669,9073,9027,5654,8,8,1,7,0.875,0.75,1.0,7,3,3,1.0
1027124,9809,9808,5674,8,8,1,7,0.875,0.75,1.0,7,3,3,1.0
1227439,23252,23245,5719,8,8,1,7,0.875,0.75,1.0,7,3,3,1.0
1022790,449229,449228,6225,8,8,1,7,0.875,0.75,1.0,7,3,3,1.0
1023903,23967,23956,6347,8,8,1,7,0.875,0.75,1.0,7,3,3,1.0
1042104,344491,391375,7027,8,8,1,7,0.875,0.75,1.0,7,3,3,1.0
1040672,22392,22423,7397,8,8,1,7,0.875,0.75,1.0,7,3,3,1.0
1028549,22870,7761,7515,8,8,1,7,0.875,0.75,1.0,7,3,3,1.0
1034849,7483,7514,8198,8,8,1,7,0.875,0.75,1.0,7,3,3,1.0
1041457,6408,6372,8486,8,8,1,7,0.875,0.75,1.0,7,3,3,1.0
1032520,344459,344462,8679,8,8,1,7,0.875,0.75,1.0,7,3,3,1.0
1302594,449044,449045,8703,8,8,1,7,0.875,0.75,1.0,7,3,3,1.0
1032790,370316,370315,8741,8,8,1,7,0.875,0.75,1.0,7,3,3,1.0
1034362,159048,159049,9088,8,8,1,7,0.875,0.75,1.0,7,3,3,1.0
1034905,22377,22393,9214,8,8,1,7,0.875,0.75,1.0,7,3,3,1.0
1036093,6565,6523,9468,8,8,1,7,0.875,0.75,1.0,7,3,3,1.0
1037142,23585,9300,9697,8,8,1,7,0.875,0.75,1.0,7,3,3,1.0
1038670,9248,9198,10019,8,8,1,7,0.875,0.75,1.0,7,3,3,1.0
1041827,7825,7870,10726,8,8,1,7,0.875,0.75,1.0,7,3,3,1.0
1056174,265930,266235,11376,8,8,1,7,0.875,0.75,1.0,7,3,3,1.0
1057413,14138,20530,13106,8,8,1,7,0.875,0.75,1.0,7,3,3,1.0
1059836,22069,22066,13356,8,8,1,7,0.875,0.75,1.0,7,3,3,1.0
1061976,21998,21995,13530,8,8,1,7,0.875,0.75,1.0,7,3,3,1.0
1060037,26242,26240,13810,8,8,1,7,0.875,0.75,1.0,7,3,3,1.0
1059849,94047,3371,13952,8,8,1,7,0.875,0.75,1.0,7,3,3,1.0
1083674,26240,26239,13998,8,8,1,7,0.875,0.75,1.0,7,3,3,1.0
1060208,15921,15922,14073,8,8,1,7,0.875,0.75,1.0,7,3,3,1.0
1061408,20666,181759,14383,8,8,1,7,0.875,0.75,1.0,7,3,3,1.0
1068313,384031,383573,15594,8,8,1,7,0.875,0.75,1.0,7,3,3,1.0
1070185,19111,19110,15805,8,8,1,7,0.875,0.75,1.0,7,3,3,1.0
1074807,264003,264004,15994,8,8,1,7,0.875,0.75,1.0,7,3,3,1.0
1079891,26311,26310,16948,8,8,1,7,0.875,0.75,1.0,7,3,3,1.0
1098110,20395,2005,17200,8,8,1,7,0.875,0.75,1.0,7,3,3,1.0
1075156,27407,27411,17544,8,8,1,7,0.875,0.75,1.0,7,3,3,1.0
1078092,27043,27054,18218,8,8,1,7,0.875,0.75,1.0,7,3,3,1.0
1078103,145605,145606,18228,8,8,1,7,0.875,0.75,1.0,7,3,3,1.0
1093244,18022,26992,18564,8,8,1,7,0.875,0.75,1.0,7,3,3,1.0
1083430,27286,27279,19663,8,8,1,7,0.875,0.75,1.0,7,3,3,1.0
1089627,14360,14339,19813,8,8,1,7,0.875,0.75,1.0,7,3,3,1.0
1088661,14558,14744,20156,8,8,1,7,0.875,0.75,1.0,7,3,3,1.0
1093365,18338,18374,21087,8,8,1,7,0.875,0.75,1.0,7,3,3,1.0
1186217,19239,27317,21346,8,8,1,7,0.875,0.75,1.0,7,3,3,1.0
1096000,390699,396060,22153,8,8,1,7,0.875,0.75,1.0,7,3,3,1.0
1132492,391359,391357,22261,8,8,1,7,0.875,0.75,1.0,7,3,3,1.0
1199153,12380,12375,22563,8,8,1,7,0.875,0.75,1.0,7,3,3,1.0
1101192,37734,37733,23422,8,8,1,7,0.875,0.75,1.0,7,3,3,1.0
1102271,16923,16961,23679,8,8,1,7,0.875,0.75,1.0,7,3,3,1.0
1116653,13710,13656,25713,8,8,1,7,0.875,0.75,1.0,7,3,3,1.0
1147446,2833,20942,25860,8,8,1,7,0.875,0.75,1.0,7,3,3,1.0
1114013,25505,25508,25991,8,8,1,7,0.875,0.75,1.0,7,3,3,1.0
1154281,2408,473020,26694,8,8,1,7,0.875,0.75,1.0,7,3,3,1.0
1119131,425115,429851,26703,8,8,1,7,0.875,0.75,1.0,7,3,3,1.0
1142982,25513,155515,27258,8,8,1,7,0.875,0.75,1.0,7,3,3,1.0
1123169,12869,12870,27459,8,8,1,7,0.875,0.75,1.0,7,3,3,1.0
1206755,14373,25723,28303,8,8,1,7,0.875,0.75,1.0,7,3,3,1.0
1127612,21407,21400,28687,8,8,1,7,0.875,0.75,1.0,7,3,3,1.0
1154340,17363,17409,28891,8,8,1,7,0.875,0.75,1.0,7,3,3,1.0
1299023,7285,7306,29179,8,8,1,7,0.875,0.75,1.0,7,3,3,1.0
1283075,7359,7373,29192,8,8,1,7,0.875,0.75,1.0,7,3,3,1.0
1282871,153292,2112,29589,8,8,1,7,0.875,0.75,1.0,7,3,3,1.0
1303867,6910,6890,30774,8,8,1,7,0.875,0.75,1.0,7,3,3,1.0
1136190,8501,8681,31344,8,8,1,7,0.875,0.75,1.0,7,3,3,1.0
1298458,21703,4923,31735,8,8,1,7,0.875,0.75,1.0,7,3,3,1.0
1152942,19438,27362,34026,8,8,1,7,0.875,0.75,1.0,7,3,3,1.0
1156715,84768,20436,34910,8,8,1,7,0.875,0.75,1.0,7,3,3,1.0
1187329,26227,26204,36083,8,8,1,7,0.875,0.75,1.0,7,3,3,1.0
1208547,13393,13431,36850,8,8,1,7,0.875,0.75,1.0,7,3,3,1.0
1221052,12580,12578,36888,8,8,1,7,0.875,0.75,1.0,7,3,3,1.0
1206100,25808,25819,38099,8,8,1,7,0.875,0.75,1.0,7,3,3,1.0
1183710,26015,2943,39232,8,8,1,7,0.875,0.75,1.0,7,3,3,1.0
1190628,4456,4463,39621,8,8,1,7,0.875,0.75,1.0,7,3,3,1.0
1197147,11212,11190,41009,8,8,1,7,0.875,0.75,1.0,7,3,3,1.0
1211057,24533,11168,41080,8,8,1,7,0.875,0.75,1.0,7,3,3,1.0
1227244,9183,9164,41198,8,8,1,7,0.875,0.75,1.0,7,3,3,1.0
1198914,9544,9598,41542,8,8,1,7,0.875,0.75,1.0,7,3,3,1.0
1210400,13487,25423,43208,8,8,1,7,0.875,0.75,1.0,7,3,3,1.0
1223022,11180,11192,43453,8,8,1,7,0.875,0.75,1.0,7,3,3,1.0
1219898,18564,18543,44708,8,8,1,7,0.875,0.75,1.0,7,3,3,1.0
1227480,23228,23262,45953,8,8,1,7,0.875,0.75,1.0,7,3,3,1.0
1285887,9398,9369,47187,8,8,1,7,0.875,0.75,1.0,7,3,3,1.0
1267984,78049,78047,47663,8,8,1,7,0.875,0.75,1.0,7,3,3,1.0
1268625,11587,11596,47715,8,8,1,7,0.875,0.75,1.0,7,3,3,1.0
1272316,11371,11348,47822,8,8,1,7,0.875,0.75,1.0,7,3,3,1.0
1301538,6101,6173,48541,8,8,1,7,0.875,0.75,1.0,7,3,3,1.0
1278064,2112,2085,49535,8,8,1,7,0.875,0.75,1.0,7,3,3,1.0
1302587,6568,6564,49910,8,8,1,7,0.875,0.75,1.0,7,3,3,1.0
1297867,7642,22847,51958,8,8,1,7,0.875,0.75,1.0,7,3,3,1.0
1300010,17014,26609,52132,8,8,1,7,0.875,0.75,1.0,7,3,3,1.0
1078423,,10123,18290,5,4,0,3,0.75,0.75,1.0,4,3,3,1.0
1132264,,19395,21250,5,4,0,3,0.75,0.75,1.0,4,3,3,1.0
1112474,14625,25871,1123,15,15,1,12,0.8,0.7333,1.0,14,3,3,1.0
1029839,278084,278085,7946,11,11,1,9,0.8182,0.7273,1.0,10,3,3,1.0
1029873,278086,278085,7946,11,11,1,9,0.8182,0.7273,1.0,10,3,3,1.0
1035436,344337,343441,9315,14,14,2,12,0.8571,0.7143,1.0,13,3,3,1.0
1035435,344337,343441,9315,14,14,2,12,0.8571,0.7143,1.0,13,3,3,1.0
1012979,13395,13414,51,7,7,1,6,0.8571,0.7143,1.0,6,3,3,1.0
1000803,236,19796,181,7,7,1,6,0.8571,0.7143,1.0,6,3,3,1.0
1009259,359723,359732,255,7,7,1,6,0.8571,0.7143,1.0,6,3,3,1.0
1000970,10502,24265,269,7,7,1,6,0.8571,0.7143,1.0,6,3,3,1.0
1001938,157,205,383,7,7,1,6,0.8571,0.7143,1.0,6,3,3,1.0
1127600,178568,272956,735,7,7,1,6,0.8571,0.7143,1.0,6,3,3,1.0
1027818,8288,8252,898,7,7,1,6,0.8571,0.7143,1.0,6,3,3,1.0
1099283,370422,17063,969,7,7,1,6,0.8571,0.7143,1.0,6,3,3,1.0
1005893,19701,19692,1238,7,7,1,6,0.8571,0.7143,1.0,6,3,3,1.0
1004359,13274,13311,1356,7,7,1,6,0.8571,0.7143,1.0,6,3,3,1.0
1072451,132141,132140,1638,7,7,1,6,0.8571,0.7143,1.0,6,3,3,1.0
1055107,7510,7465,1780,7,7,1,6,0.8571,0.7143,1.0,6,3,3,1.0
1010338,10837,24388,1798,7,7,1,6,0.8571,0.7143,1.0,6,3,3,1.0
1006530,9766,9768,1837,7,7,1,6,0.8571,0.7143,1.0,6,3,3,1.0
1005565,24917,24886,1902,7,7,1,6,0.8571,0.7143,1.0,6,3,3,1.0
1148232,25871,25840,2009,7,7,1,6,0.8571,0.7143,1.0,6,3,3,1.0
1014398,405742,425118,2172,7,7,1,6,0.8571,0.7143,1.0,6,3,3,1.0
1014643,129261,129264,2305,7,7,1,6,0.8571,0.7143,1.0,6,3,3,1.0
1226885,23030,23047,2502,7,7,1,6,0.8571,0.7143,1.0,6,3,3,1.0
1008719,139848,139846,2735,7,7,1,6,0.8571,0.7143,1.0,6,3,3,1.0
1012911,11732,11740,2757,7,7,1,6,0.8571,0.7143,1.0,6,3,3,1.0
1010176,10916,24468,2896,7,7,1,6,0.8571,0.7143,1.0,6,3,3,1.0
1047397,184648,170236,3241,7,7,1,6,0.8571,0.7143,1.0,6,3,3,1.0
1011407,10930,24459,3403,7,7,1,6,0.8571,0.7143,1.0,6,3,3,1.0
1011576,66531,66530,3504,7,7,1,6,0.8571,0.7143,1.0,6,3,3,1.0
1097379,377867,377857,3889,7,7,1,6,0.8571,0.7143,1.0,6,3,3,1.0
1013173,7419,22742,4125,7,7,1,6,0.8571,0.7143,1.0,6,3,3,1.0
1013177,38079,68771,4128,7,7,1,6,0.8571,0.7143,1.0,6,3,3,1.0
1015390,350091,350092,4191,7,7,1,6,0.8571,0.7143,1.0,6,3,3,1.0
1014181,390373,390374,4233,7,7,1,6,0.8571,0.7143,1.0,6,3,3,1.0
1013554,389921,389920,4248,7,7,1,6,0.8571,0.7143,1.0,6,3,3,1.0
1014796,389917,389916,4496,7,7,1,6,0.8571,0.7143,1.0,6,3,3,1.0
1155813,536072,112634,4885,7,7,1,6,0.8571,0.7143,1.0,6,3,3,1.0
1018945,22924,7782,5217,7,7,1,6,0.8571,0.7143,1.0,6,3,3,1.0
1059175,9340,9287,5331,7,7,1,6,0.8571,0.7143,1.0,6,3,3,1.0
1023636,158080,158079,5642,7,7,1,6,0.8571,0.7143,1.0,6,3,3,1.0
1027073,8757,8708,5686,7,7,1,6,0.8571,0.7143,1.0,6,3,3,1.0
1024549,9032,23468,5724,7,7,1,6,0.8571,0.7143,1.0,6,3,3,1.0
1027635,22789,7534,5828,7,7,1,6,0.8571,0.7143,1.0,6,3,3,1.0
1040531,6504,6477,6072,7,7,1,6,0.8571,0.7143,1.0,6,3,3,1.0
1040649,390639,390643,6207,7,7,1,6,0.8571,0.7143,1.0,6,3,3,1.0
1023985,10115,10184,6516,7,7,1,6,0.8571,0.7143,1.0,6,3,3,1.0
1024210,10859,24430,6582,7,7,1,6,0.8571,0.7143,1.0,6,3,3,1.0
1024259,10397,10400,6602,7,7,1,6,0.8571,0.7143,1.0,6,3,3,1.0
1029825,6961,6960,7289,7,7,1,6,0.8571,0.7143,1.0,6,3,3,1.0
1032749,6246,6260,7401,7,7,1,6,0.8571,0.7143,1.0,6,3,3,1.0
1035820,326398,326396,7487,7,7,1,6,0.8571,0.7143,1.0,6,3,3,1.0
1081570,13887,13880,7547,7,7,1,6,0.8571,0.7143,1.0,6,3,3,1.0
1063504,370574,370573,7605,7,7,1,6,0.8571,0.7143,1.0,6,3,3,1.0
1036722,158075,159044,7725,7,7,1,6,0.8571,0.7143,1.0,6,3,3,1.0
1042033,22799,7498,7901,7,7,1,6,0.8571,0.7143,1.0,6,3,3,1.0
1038263,7623,7584,8125,7,7,1,6,0.8571,0.7143,1.0,6,3,3,1.0
1133033,156167,130542,8258,7,7,1,6,0.8571,0.7143,1.0,6,3,3,1.0
1031262,283200,283199,8322,7,7,1,6,0.8571,0.7143,1.0,6,3,3,1.0
1041818,7773,7723,8443,7,7,1,6,0.8571,0.7143,1.0,6,3,3,1.0
1036043,6480,6453,8540,7,7,1,6,0.8571,0.7143,1.0,6,3,3,1.0
1032661,287998,313597,8648,7,7,1,6,0.8571,0.7143,1.0,6,3,3,1.0
1040772,22516,6911,8764,7,7,1,6,0.8571,0.7143,1.0,6,3,3,1.0
1033024,22498,6859,8798,7,7,1,6,0.8571,0.7143,1.0,6,3,3,1.0
1034520,7732,7713,8803,7,7,1,6,0.8571,0.7143,1.0,6,3,3,1.0
1033550,349773,349776,8918,7,7,1,6,0.8571,0.7143,1.0,6,3,3,1.0
1034555,7759,7740,9127,7,7,1,6,0.8571,0.7143,1.0,6,3,3,1.0
1064947,22215,6186,9157,7,7,1,6,0.8571,0.7143,1.0,6,3,3,1.0
1044549,6726,6763,9242,7,7,1,6,0.8571,0.7143,1.0,6,3,3,1.0
1035203,292157,292156,9282,7,7,1,6,0.8571,0.7143,1.0,6,3,3,1.0
1035593,376893,376892,9360,7,7,1,6,0.8571,0.7143,1.0,6,3,3,1.0
1038244,375004,375005,9666,7,7,1,6,0.8571,0.7143,1.0,6,3,3,1.0
1037027,226242,256640,9675,7,7,1,6,0.8571,0.7143,1.0,6,3,3,1.0
1053650,22561,22550,9812,7,7,1,6,0.8571,0.7143,1.0,6,3,3,1.0
1038005,6552,6510,9867,7,7,1,6,0.8571,0.7143,1.0,6,3,3,1.0
1039327,9538,9537,10194,7,7,1,6,0.8571,0.7143,1.0,6,3,3,1.0
1039566,9206,9192,10242,7,7,1,6,0.8571,0.7143,1.0,6,3,3,1.0
1042231,118715,118714,10711,7,7,1,6,0.8571,0.7143,1.0,6,3,3,1.0
1041985,375407,370511,10763,7,7,1,6,0.8571,0.7143,1.0,6,3,3,1.0
1042059,375410,375406,10766,7,7,1,6,0.8571,0.7143,1.0,6,3,3,1.0
1281513,21716,487548,10910,7,7,1,6,0.8571,0.7143,1.0,6,3,3,1.0
1048010,40608,40606,10978,7,7,1,6,0.8571,0.7143,1.0,6,3,3,1.0
1058465,350255,350254,11385,7,7,1,6,0.8571,0.7143,1.0,6,3,3,1.0
1048132,90207,90208,11689,7,7,1,6,0.8571,0.7143,1.0,6,3,3,1.0
1047043,342716,340480,11731,7,7,1,6,0.8571,0.7143,1.0,6,3,3,1.0
1060281,192316,323837,11945,7,7,1,6,0.8571,0.7143,1.0,6,3,3,1.0
1226729,23430,23461,12038,7,7,1,6,0.8571,0.7143,1.0,6,3,3,1.0
1082229,14063,14027,12203,7,7,1,6,0.8571,0.7143,1.0,6,3,3,1.0
1308889,22084,5953,12218,7,7,1,6,0.8571,0.7143,1.0,6,3,3,1.0
1057656,344283,344284,13156,7,7,1,6,0.8571,0.7143,1.0,6,3,3,1.0
1057696,283838,283837,13169,7,7,1,6,0.8571,0.7143,1.0,6,3,3,1.0
1058507,344543,343236,13283,7,7,1,6,0.8571,0.7143,1.0,6,3,3,1.0
1171398,11844,11843,13350,7,7,1,6,0.8571,0.7143,1.0,6,3,3,1.0
1066788,119660,119661,13413,7,7,1,6,0.8571,0.7143,1.0,6,3,3,1.0
1063072,110702,110701,13441,7,7,1,6,0.8571,0.7143,1.0,6,3,3,1.0
1058997,5687,5689,13447,7,7,1,6,0.8571,0.7143,1.0,6,3,3,1.0
1062027,5705,5709,13486,7,7,1,6,0.8571,0.7143,1.0,6,3,3,1.0
1059222,15003,15043,13583,7,7,1,6,0.8571,0.7143,1.0,6,3,3,1.0
1186871,47004,75492,13709,7,7,1,6,0.8571,0.7143,1.0,6,3,3,1.0
1155450,18933,18959,13906,7,7,1,6,0.8571,0.7143,1.0,6,3,3,1.0
1090193,15595,15578,14021,7,7,1,6,0.8571,0.7143,1.0,6,3,3,1.0
1090420,26089,26087,14099,7,7,1,6,0.8571,0.7143,1.0,6,3,3,1.0
1061126,293758,344470,14317,7,7,1,6,0.8571,0.7143,1.0,6,3,3,1.0
1065393,344124,344123,14752,7,7,1,6,0.8571,0.7143,1.0,6,3,3,1.0
1063211,370222,370224,14766,7,7,1,6,0.8571,0.7143,1.0,6,3,3,1.0
1068352,280958,280957,14952,7,7,1,6,0.8571,0.7143,1.0,6,3,3,1.0
1123127,20017,12867,15024,7,7,1,6,0.8571,0.7143,1.0,6,3,3,1.0
1068133,5762,5763,15124,7,7,1,6,0.8571,0.7143,1.0,6,3,3,1.0
1066401,166076,166077,15151,7,7,1,6,0.8571,0.7143,1.0,6,3,3,1.0
1067733,171835,273280,15467,7,7,1,6,0.8571,0.7143,1.0,6,3,3,1.0
1077622,18974,19010,15495,7,7,1,6,0.8571,0.7143,1.0,6,3,3,1.0
1068319,364956,364955,15587,7,7,1,6,0.8571,0.7143,1.0,6,3,3,1.0
1121062,19426,21806,15631,7,7,1,6,0.8571,0.7143,1.0,6,3,3,1.0
1076101,27414,27408,15720,7,7,1,6,0.8571,0.7143,1.0,6,3,3,1.0
1069841,19297,19303,15783,7,7,1,6,0.8571,0.7143,1.0,6,3,3,1.0
1069859,19297,19282,15787,7,7,1,6,0.8571,0.7143,1.0,6,3,3,1.0
1222120,4728,21656,16220,7,7,1,6,0.8571,0.7143,1.0,6,3,3,1.0
1079881,26321,26325,16310,7,7,1,6,0.8571,0.7143,1.0,6,3,3,1.0
1184982,19146,19094,17159,7,7,1,6,0.8571,0.7143,1.0,6,3,3,1.0
1207438,11733,24737,17334,7,7,1,6,0.8571,0.7143,1.0,6,3,3,1.0
1077951,129905,129908,18187,7,7,1,6,0.8571,0.7143,1.0,6,3,3,1.0
1079224,378177,378176,18331,7,7,1,6,0.8571,0.7143,1.0,6,3,3,1.0
1079832,26327,26329,18613,7,7,1,6,0.8571,0.7143,1.0,6,3,3,1.0
1082268,15942,15943,19235,7,7,1,6,0.8571,0.7143,1.0,6,3,3,1.0
1082290,16920,26582,19243,7,7,1,6,0.8571,0.7143,1.0,6,3,3,1.0
1082968,27003,27020,19481,7,7,1,6,0.8571,0.7143,1.0,6,3,3,1.0
1109471,15841,15827,19503,7,7,1,6,0.8571,0.7143,1.0,6,3,3,1.0
1157398,2178,20439,19582,7,7,1,6,0.8571,0.7143,1.0,6,3,3,1.0
1174419,19089,19088,19661,7,7,1,6,0.8571,0.7143,1.0,6,3,3,1.0
1083679,14353,14325,19732,7,7,1,6,0.8571,0.7143,1.0,6,3,3,1.0
1084029,16869,16861,19834,7,7,1,6,0.8571,0.7143,1.0,6,3,3,1.0
1084101,13537,13541,19865,7,7,1,6,0.8571,0.7143,1.0,6,3,3,1.0
1088993,14303,14384,20085,7,7,1,6,0.8571,0.7143,1.0,6,3,3,1.0
1088709,14708,14733,20170,7,7,1,6,0.8571,0.7143,1.0,6,3,3,1.0
1088795,349710,349711,20183,7,7,1,6,0.8571,0.7143,1.0,6,3,3,1.0
1145300,15976,15987,20417,7,7,1,6,0.8571,0.7143,1.0,6,3,3,1.0
1167133,18538,18604,20450,7,7,1,6,0.8571,0.7143,1.0,6,3,3,1.0
1105947,15397,15417,20454,7,7,1,6,0.8571,0.7143,1.0,6,3,3,1.0
1090491,26691,26684,20625,7,7,1,6,0.8571,0.7143,1.0,6,3,3,1.0
1220516,17999,17992,20645,7,7,1,6,0.8571,0.7143,1.0,6,3,3,1.0
1220508,26970,17999,20648,7,7,1,6,0.8571,0.7143,1.0,6,3,3,1.0
1091074,18352,18328,20894,7,7,1,6,0.8571,0.7143,1.0,6,3,3,1.0
1092652,18357,18320,20902,7,7,1,6,0.8571,0.7143,1.0,6,3,3,1.0
1091348,13566,13550,21014,7,7,1,6,0.8571,0.7143,1.0,6,3,3,1.0
1092159,18219,18302,21079,7,7,1,6,0.8571,0.7143,1.0,6,3,3,1.0
1186343,19553,19558,21408,7,7,1,6,0.8571,0.7143,1.0,6,3,3,1.0
1092617,26866,17780,21482,7,7,1,6,0.8571,0.7143,1.0,6,3,3,1.0
1093636,17595,17614,21759,7,7,1,6,0.8571,0.7143,1.0,6,3,3,1.0
1099208,17555,26755,21767,7,7,1,6,0.8571,0.7143,1.0,6,3,3,1.0
1137506,11928,11940,22330,7,7,1,6,0.8571,0.7143,1.0,6,3,3,1.0
1096827,396077,396078,22370,7,7,1,6,0.8571,0.7143,1.0,6,3,3,1.0
1096567,391361,391360,22376,7,7,1,6,0.8571,0.7143,1.0,6,3,3,1.0
1118612,396082,396084,22471,7,7,1,6,0.8571,0.7143,1.0,6,3,3,1.0
1099261,71649,71653,22965,7,7,1,6,0.8571,0.7143,1.0,6,3,3,1.0
1101528,16640,506645,23487,8,7,1,6,0.8571,0.7143,1.0,7,3,3,1.0
1103101,26601,16999,23819,7,7,1,6,0.8571,0.7143,1.0,6,3,3,1.0
1104365,16913,59483,24103,7,7,1,6,0.8571,0.7143,1.0,6,3,3,1.0
1114077,13646,25495,25394,7,7,1,6,0.8571,0.7143,1.0,6,3,3,1.0
1112940,14531,25816,25582,7,7,1,6,0.8571,0.7143,1.0,6,3,3,1.0
1112860,19284,19325,25704,7,7,1,6,0.8571,0.7143,1.0,6,3,3,1.0
1114277,14082,25621,26054,7,7,1,6,0.8571,0.7143,1.0,6,3,3,1.0
1142777,12991,13035,26232,7,7,1,6,0.8571,0.7143,1.0,6,3,3,1.0
1248307,4557,4541,26655,7,7,1,6,0.8571,0.7143,1.0,6,3,3,1.0
1119690,425116,425117,26658,7,7,1,6,0.8571,0.7143,1.0,6,3,3,1.0
1121489,535612,1044,26968,7,7,1,6,0.8571,0.7143,1.0,6,3,3,1.0
1123722,11884,24781,27059,7,7,1,6,0.8571,0.7143,1.0,6,3,3,1.0
1121787,24781,24770,27064,7,7,1,6,0.8571,0.7143,1.0,6,3,3,1.0
1171159,1074,1087,27091,7,7,1,6,0.8571,0.7143,1.0,6,3,3,1.0
1122344,25105,25096,27200,7,7,1,6,0.8571,0.7143,1.0,6,3,3,1.0
1127056,20017,12868,27437,7,7,1,6,0.8571,0.7143,1.0,6,3,3,1.0
1302245,1358,1378,27565,7,7,1,6,0.8571,0.7143,1.0,6,3,3,1.0
1123790,12073,12046,27582,7,7,1,6,0.8571,0.7143,1.0,6,3,3,1.0
1163998,13000,13028,27715,7,7,1,6,0.8571,0.7143,1.0,6,3,3,1.0
1205608,1420,1418,27940,7,7,1,6,0.8571,0.7143,1.0,6,3,3,1.0
1125885,1854,1835,28086,7,7,1,6,0.8571,0.7143,1.0,6,3,3,1.0
1305079,22092,5965,28490,7,7,1,6,0.8571,0.7143,1.0,6,3,3,1.0
1286232,20421,20440,28713,7,7,1,6,0.8571,0.7143,1.0,6,3,3,1.0
1299493,26924,17897,28787,7,7,1,6,0.8571,0.7143,1.0,6,3,3,1.0
1127791,396123,1925,28804,7,7,1,6,0.8571,0.7143,1.0,6,3,3,1.0
1286627,22622,22618,29035,7,7,1,6,0.8571,0.7143,1.0,6,3,3,1.0
1270836,9255,104285,29095,7,7,1,6,0.8571,0.7143,1.0,6,3,3,1.0
1229664,11157,11197,29315,7,7,1,6,0.8571,0.7143,1.0,6,3,3,1.0
1189254,4006,4018,29394,7,7,1,6,0.8571,0.7143,1.0,6,3,3,1.0
1143839,25824,25865,29511,7,7,1,6,0.8571,0.7143,1.0,6,3,3,1.0
1217928,11574,11631,29524,7,7,1,6,0.8571,0.7143,1.0,6,3,3,1.0
1132028,19573,27442,29807,7,7,1,6,0.8571,0.7143,1.0,6,3,3,1.0
1205748,281284,282249,30010,7,7,1,6,0.8571,0.7143,1.0,6,3,3,1.0
1282001,16936,16952,30175,7,7,1,6,0.8571,0.7143,1.0,6,3,3,1.0
1133502,6037,22138,30510,7,7,1,6,0.8571,0.7143,1.0,6,3,3,1.0
1199291,9863,9818,31037,7,7,1,6,0.8571,0.7143,1.0,6,3,3,1.0
1136057,18753,18739,31296,7,7,1,6,0.8571,0.7143,1.0,6,3,3,1.0
1136699,27217,27216,31509,7,7,1,6,0.8571,0.7143,1.0,6,3,3,1.0
1137838,27365,27366,31779,7,7,1,6,0.8571,0.7143,1.0,6,3,3,1.0
1306808,4561,21606,31790,7,7,1,6,0.8571,0.7143,1.0,6,3,3,1.0
1222133,12250,24957,31899,7,7,1,6,0.8571,0.7143,1.0,6,3,3,1.0
1142909,25058,25098,32187,7,7,1,6,0.8571,0.7143,1.0,6,3,3,1.0
1142979,344515,24253,32236,7,7,1,6,0.8571,0.7143,1.0,6,3,3,1.0
1147251,2364,81243,32881,7,7,1,6,0.8571,0.7143,1.0,6,3,3,1.0
1227299,24242,24251,34266,7,7,1,6,0.8571,0.7143,1.0,6,3,3,1.0
1164858,3595,316475,34626,7,7,1,6,0.8571,0.7143,1.0,6,3,3,1.0
1184861,18887,18924,36248,7,7,1,6,0.8571,0.7143,1.0,6,3,3,1.0
1170482,24378,24393,37116,7,7,1,6,0.8571,0.7143,1.0,6,3,3,1.0
1175982,20667,243842,37882,7,7,1,6,0.8571,0.7143,1.0,6,3,3,1.0
1178570,20431,271680,38616,7,7,1,6,0.8571,0.7143,1.0,6,3,3,1.0
1184440,3113,3121,38891,7,7,1,6,0.8571,0.7143,1.0,6,3,3,1.0
1185133,19119,19185,39250,7,7,1,6,0.8571,0.7143,1.0,6,3,3,1.0
1219570,3968,3979,39356,7,7,1,6,0.8571,0.7143,1.0,6,3,3,1.0
1185046,19657,19658,39571,7,7,1,6,0.8571,0.7143,1.0,6,3,3,1.0
1185893,19574,19576,39743,7,7,1,6,0.8571,0.7143,1.0,6,3,3,1.0
1189785,4444,4431,39838,7,7,1,6,0.8571,0.7143,1.0,6,3,3,1.0
1219839,236157,236158,40513,7,7,1,6,0.8571,0.7143,1.0,6,3,3,1.0
1198181,11390,11360,41432,7,7,1,6,0.8571,0.7143,1.0,6,3,3,1.0
1198453,9547,23697,41529,7,7,1,6,0.8571,0.7143,1.0,6,3,3,1.0
1198646,12374,12380,41538,7,7,1,6,0.8571,0.7143,1.0,6,3,3,1.0
1199590,25079,12596,41632,7,7,1,6,0.8571,0.7143,1.0,6,3,3,1.0
1199709,10006,23941,41907,7,7,1,6,0.8571,0.7143,1.0,6,3,3,1.0
1199824,24957,24964,41914,7,7,1,6,0.8571,0.7143,1.0,6,3,3,1.0
1216105,279077,279355,42847,7,7,1,6,0.8571,0.7143,1.0,6,3,3,1.0
1210471,25313,25303,43703,7,7,1,6,0.8571,0.7143,1.0,6,3,3,1.0
1216110,279080,279079,43903,7,7,1,6,0.8571,0.7143,1.0,6,3,3,1.0
1218843,11457,11525,44374,7,7,1,6,0.8571,0.7143,1.0,6,3,3,1.0
1218487,11743,11722,44473,7,7,1,6,0.8571,0.7143,1.0,6,3,3,1.0
1219445,18717,18724,44629,7,7,1,6,0.8571,0.7143,1.0,6,3,3,1.0
1225777,91487,91488,45584,7,7,1,6,0.8571,0.7143,1.0,6,3,3,1.0
1287609,9870,9857,45735,7,7,1,6,0.8571,0.7143,1.0,6,3,3,1.0
1228624,23009,8225,45787,7,7,1,6,0.8571,0.7143,1.0,6,3,3,1.0
1227147,8899,8950,45801,7,7,1,6,0.8571,0.7143,1.0,6,3,3,1.0
1228162,23637,23618,46090,7,7,1,6,0.8571,0.7143,1.0,6,3,3,1.0
1266472,10169,24057,47252,7,7,1,6,0.8571,0.7143,1.0,6,3,3,1.0
1277636,1785,20265,48096,7,7,1,6,0.8571,0.7143,1.0,6,3,3,1.0
1272753,23386,23359,48459,7,7,1,6,0.8571,0.7143,1.0,6,3,3,1.0
1286089,9249,23588,48696,7,7,1,6,0.8571,0.7143,1.0,6,3,3,1.0
1274081,9643,9606,48736,7,7,1,6,0.8571,0.7143,1.0,6,3,3,1.0
1276039,6536,6512,49014,7,7,1,6,0.8571,0.7143,1.0,6,3,3,1.0
1276081,7422,7463,49029,7,7,1,6,0.8571,0.7143,1.0,6,3,3,1.0
1279849,22694,7249,49064,7,7,1,6,0.8571,0.7143,1.0,6,3,3,1.0
1306900,8558,8565,49589,7,7,1,6,0.8571,0.7143,1.0,6,3,3,1.0
1297559,91811,4638,50052,7,7,1,6,0.8571,0.7143,1.0,6,3,3,1.0
1279649,7455,7452,50072,7,7,1,6,0.8571,0.7143,1.0,6,3,3,1.0
1298510,22694,7299,50203,7,7,1,6,0.8571,0.7143,1.0,6,3,3,1.0
1280430,4957,4963,50302,7,7,1,6,0.8571,0.7143,1.0,6,3,3,1.0
1282451,19381,19380,50866,7,7,1,6,0.8571,0.7143,1.0,6,3,3,1.0
1282963,187516,207677,50962,7,7,1,6,0.8571,0.7143,1.0,6,3,3,1.0
1287878,9857,9802,51096,7,7,1,6,0.8571,0.7143,1.0,6,3,3,1.0
1298281,7455,7489,51231,7,7,1,6,0.8571,0.7143,1.0,6,3,3,1.0
1286637,22394,22382,51269,7,7,1,6,0.8571,0.7143,1.0,6,3,3,1.0
1288164,9771,9659,51495,7,7,1,6,0.8571,0.7143,1.0,6,3,3,1.0
1288563,22628,22634,51583,7,7,1,6,0.8571,0.7143,1.0,6,3,3,1.0
1309319,7477,7468,52031,7,7,1,6,0.8571,0.7143,1.0,6,3,3,1.0
1298315,7452,7490,52032,7,7,1,6,0.8571,0.7143,1.0,6,3,3,1.0
1309260,27441,19551,52147,7,7,1,6,0.8571,0.7143,1.0,6,3,3,1.0
1311330,6005,5992,52472,7,7,1,6,0.8571,0.7143,1.0,6,3,3,1.0
1300154,8764,8775,52473,7,7,1,6,0.8571,0.7143,1.0,6,3,3,1.0
1304219,6351,6322,52772,7,7,1,6,0.8571,0.7143,1.0,6,3,3,1.0
1303636,92774,92773,53140,7,7,1,6,0.8571,0.7143,1.0,6,3,3,1.0
1310666,22126,6042,53216,7,7,1,6,0.8571,0.7143,1.0,6,3,3,1.0
1309970,8335,8374,53468,7,7,1,6,0.8571,0.7143,1.0,6,3,3,1.0
1306084,23058,23074,53495,7,7,1,6,0.8571,0.7143,1.0,6,3,3,1.0
1310319,6087,6093,54226,7,7,1,6,0.8571,0.7143,1.0,6,3,3,1.0
1310995,22130,6040,54280,7,7,1,6,0.8571,0.7143,1.0,6,3,3,1.0
1220762,19073,19068,44824,10,10,1,8,0.8,0.7,1.0,9,3,3,1.0
1220643,19038,19068,44824,10,10,1,8,0.8,0.7,1.0,9,3,3,1.0
1286124,2085,152955,49613,10,10,1,8,0.8,0.7,1.0,9,3,3,1.0
1278062,2112,152955,49613,10,10,1,8,0.8,0.7,1.0,9,3,3,1.0
1132927,310079,343406,3953,13,13,2,11,0.8462,0.6923,1.0,12,3,3,1.0
1250651,310079,343406,3953,13,13,2,11,0.8462,0.6923,1.0,12,3,3,1.0
1158399,3869,3906,31575,13,13,2,11,0.8462,0.6923,1.0,12,3,3,1.0
1158383,3869,3906,31575,13,13,2,11,0.8462,0.6923,1.0,12,3,3,1.0
1112499,14701,25871,1123,15,15,2,12,0.8,0.6667,1.0,14,3,3,1.0
1148201,14701,25871,1123,15,15,2,12,0.8,0.6667,1.0,14,3,3,1.0
1084339,294400,294399,17336,12,12,2,10,0.8333,0.6667,1.0,11,3,3,1.0
1075104,294400,294399,17336,12,12,2,10,0.8333,0.6667,1.0,11,3,3,1.0
1249988,23153,23143,30113,12,12,2,10,0.8333,0.6667,1.0,11,3,3,1.0
1135854,23153,23143,30113,12,12,2,10,0.8333,0.6667,1.0,11,3,3,1.0
1223758,27256,27249,36744,12,12,2,10,0.8333,0.6667,1.0,11,3,3,1.0
1174425,27256,27249,36744,12,12,2,10,0.8333,0.6667,1.0,11,3,3,1.0
1001401,302,323,408,9,9,1,7,0.7778,0.6667,1.0,8,3,3,1.0
1001998,320,323,408,9,9,1,7,0.7778,0.6667,1.0,8,3,3,1.0
1137771,473123,473127,31766,11,9,1,7,0.7778,0.6667,1.0,10,3,3,1.0
1137778,473122,473127,31766,11,9,1,7,0.7778,0.6667,1.0,10,3,3,1.0
1146024,14724,25873,33017,9,9,1,7,0.7778,0.6667,1.0,8,3,3,1.0
1146055,25813,25873,33017,9,9,1,7,0.7778,0.6667,1.0,8,3,3,1.0
1158516,17241,17203,35194,9,9,1,7,0.7778,0.6667,1.0,8,3,3,1.0
1237748,17247,17203,35194,9,9,1,7,0.7778,0.6667,1.0,8,3,3,1.0
1186373,19561,19566,39830,9,9,1,7,0.7778,0.6667,1.0,8,3,3,1.0
1186332,27437,19566,39830,9,9,1,7,0.7778,0.6667,1.0,8,3,3,1.0
1304323,19707,19702,151,6,6,1,5,0.8333,0.6667,1.0,5,3,3,1.0
1003705,19681,19683,170,6,6,1,5,0.8333,0.6667,1.0,5,3,3,1.0
1003659,302,298,192,6,6,1,5,0.8333,0.6667,1.0,5,3,3,1.0
1000836,19677,19676,198,6,6,1,5,0.8333,0.6667,1.0,5,3,3,1.0
1001991,19820,356,466,6,6,1,5,0.8333,0.6667,1.0,5,3,3,1.0
1001780,230,255,470,6,6,1,5,0.8333,0.6667,1.0,5,3,3,1.0
1001794,157,185,558,6,6,1,5,0.8333,0.6667,1.0,5,3,3,1.0
1001578,9403,19852,563,6,6,1,5,0.8333,0.6667,1.0,5,3,3,1.0
1001881,84773,385,572,6,6,1,5,0.8333,0.6667,1.0,5,3,3,1.0
1008891,11667,24729,582,6,6,1,5,0.8333,0.6667,1.0,5,3,3,1.0
1011260,30683,30685,801,6,6,1,5,0.8333,0.6667,1.0,5,3,3,1.0
1039913,8889,8911,868,6,6,1,5,0.8333,0.6667,1.0,5,3,3,1.0
1095444,391393,391390,916,6,6,1,5,0.8333,0.6667,1.0,5,3,3,1.0
1002612,24265,10453,1052,6,6,1,5,0.8333,0.6667,1.0,5,3,3,1.0
1002678,17682,17646,1118,6,6,1,5,0.8333,0.6667,1.0,5,3,3,1.0
1115276,25596,25593,1122,6,6,1,5,0.8333,0.6667,1.0,5,3,3,1.0
1003688,19685,19695,1225,6,6,1,5,0.8333,0.6667,1.0,5,3,3,1.0
1231809,19702,19693,1229,6,6,1,5,0.8333,0.6667,1.0,5,3,3,1.0
1003634,19695,19697,1241,6,6,1,5,0.8333,0.6667,1.0,5,3,3,1.0
1003753,19708,19706,1261,6,6,1,5,0.8333,0.6667,1.0,5,3,3,1.0
1003795,19679,19684,1290,6,6,1,5,0.8333,0.6667,1.0,5,3,3,1.0
1004245,13370,13341,1370,6,6,1,5,0.8333,0.6667,1.0,5,3,3,1.0
1025449,24846,24837,1426,6,6,1,5,0.8333,0.6667,1.0,5,3,3,1.0
1004281,22789,7486,1475,6,6,1,5,0.8333,0.6667,1.0,5,3,3,1.0
1021421,25390,13249,1513,6,6,1,5,0.8333,0.6667,1.0,5,3,3,1.0
1004581,23048,23066,1573,6,6,1,5,0.8333,0.6667,1.0,5,3,3,1.0
1005143,6657,6656,1768,6,6,1,5,0.8333,0.6667,1.0,5,3,3,1.0
1006545,9651,9637,1836,6,6,1,5,0.8333,0.6667,1.0,5,3,3,1.0
1008477,24691,11715,1846,6,6,1,5,0.8333,0.6667,1.0,5,3,3,1.0
1303089,5146,5165,2002,6,6,1,5,0.8333,0.6667,1.0,5,3,3,1.0
1009014,24254,10571,2141,6,6,1,5,0.8333,0.6667,1.0,5,3,3,1.0
1006359,10593,10532,2150,6,6,1,5,0.8333,0.6667,1.0,5,3,3,1.0
1021215,12214,12271,2265,6,6,1,5,0.8333,0.6667,1.0,5,3,3,1.0
1025619,10416,10336,2342,6,6,1,5,0.8333,0.6667,1.0,5,3,3,1.0
1257381,63655,3533,2402,6,6,1,5,0.8333,0.6667,1.0,5,3,3,1.0
1008361,145599,145600,2671,6,6,1,5,0.8333,0.6667,1.0,5,3,3,1.0
1010385,49568,35177,2963,6,6,1,5,0.8333,0.6667,1.0,5,3,3,1.0
1010609,79969,79968,3145,6,6,1,5,0.8333,0.6667,1.0,5,3,3,1.0
1027467,24072,24044,3282,6,6,1,5,0.8333,0.6667,1.0,5,3,3,1.0
1054104,88287,88286,3449,6,6,1,5,0.8333,0.6667,1.0,5,3,3,1.0
1057375,344286,344287,3472,6,6,1,5,0.8333,0.6667,1.0,5,3,3,1.0
1011673,6780,6741,3563,6,6,1,5,0.8333,0.6667,1.0,5,3,3,1.0
1053916,22886,7845,3569,6,6,1,5,0.8333,0.6667,1.0,5,3,3,1.0
1011863,376717,376718,3614,6,6,1,5,0.8333,0.6667,1.0,5,3,3,1.0
1036357,22540,22526,3664,6,6,1,5,0.8333,0.6667,1.0,5,3,3,1.0
1012844,6909,6970,3887,6,6,1,5,0.8333,0.6667,1.0,5,3,3,1.0
1013049,349835,11249,4038,6,6,1,5,0.8333,0.6667,1.0,5,3,3,1.0
1144593,2896,21025,4206,6,6,1,5,0.8333,0.6667,1.0,5,3,3,1.0
1059113,383807,383787,4352,6,6,1,5,0.8333,0.6667,1.0,5,3,3,1.0
1060012,378462,378464,4413,6,6,1,5,0.8333,0.6667,1.0,5,3,3,1.0
1137774,537132,537131,4627,6,6,1,5,0.8333,0.6667,1.0,5,3,3,1.0
1102845,16841,16828,4722,6,6,1,5,0.8333,0.6667,1.0,5,3,3,1.0
1040401,237119,237120,4757,6,6,1,5,0.8333,0.6667,1.0,5,3,3,1.0
1124193,932,942,4820,6,6,1,5,0.8333,0.6667,1.0,5,3,3,1.0
1059542,384084,384085,4866,6,6,1,5,0.8333,0.6667,1.0,5,3,3,1.0
1266032,338235,9495,4883,6,6,1,5,0.8333,0.6667,1.0,5,3,3,1.0
1158259,17307,17357,4899,6,6,1,5,0.8333,0.6667,1.0,5,3,3,1.0
1019066,175995,175996,5246,6,6,1,5,0.8333,0.6667,1.0,5,3,3,1.0
1275787,23513,23512,5500,6,6,1,5,0.8333,0.6667,1.0,5,3,3,1.0
1023650,23134,8466,5546,6,6,1,5,0.8333,0.6667,1.0,5,3,3,1.0
1020353,8923,9019,5589,6,6,1,5,0.8333,0.6667,1.0,5,3,3,1.0
1020879,23690,23710,5590,6,6,1,5,0.8333,0.6667,1.0,5,3,3,1.0
1026304,13088,13016,5859,6,6,1,5,0.8333,0.6667,1.0,5,3,3,1.0
1021570,7478,7427,5884,6,6,1,5,0.8333,0.6667,1.0,5,3,3,1.0
1021672,13223,13211,5914,6,6,1,5,0.8333,0.6667,1.0,5,3,3,1.0
1021778,36133,36134,5933,6,6,1,5,0.8333,0.6667,1.0,5,3,3,1.0
1035418,24329,10654,5943,6,6,1,5,0.8333,0.6667,1.0,5,3,3,1.0
1021870,11987,24777,5955,6,6,1,5,0.8333,0.6667,1.0,5,3,3,1.0
1021985,10120,10158,5985,6,6,1,5,0.8333,0.6667,1.0,5,3,3,1.0
1046179,173130,173122,6287,6,6,1,5,0.8333,0.6667,1.0,5,3,3,1.0
1185358,19545,19569,6370,6,6,1,5,0.8333,0.6667,1.0,5,3,3,1.0
1081322,13820,13833,6390,6,6,1,5,0.8333,0.6667,1.0,5,3,3,1.0
1023528,23402,8927,6408,6,6,1,5,0.8333,0.6667,1.0,5,3,3,1.0
1093836,17861,17860,6557,6,6,1,5,0.8333,0.6667,1.0,5,3,3,1.0
1024652,8665,8663,6685,6,6,1,5,0.8333,0.6667,1.0,5,3,3,1.0
1024794,16877,4497,6719,6,6,1,5,0.8333,0.6667,1.0,5,3,3,1.0
1035092,6790,22519,7054,6,6,1,5,0.8333,0.6667,1.0,5,3,3,1.0
1028538,8717,23274,7076,6,6,1,5,0.8333,0.6667,1.0,5,3,3,1.0
1053661,24416,24396,7137,6,6,1,5,0.8333,0.6667,1.0,5,3,3,1.0
1132992,246730,247035,7246,6,6,1,5,0.8333,0.6667,1.0,5,3,3,1.0
1029970,6382,6433,7331,6,6,1,5,0.8333,0.6667,1.0,5,3,3,1.0
1028564,375244,17083,7530,6,6,1,5,0.8333,0.6667,1.0,5,3,3,1.0
1028584,26566,16888,7549,6,6,1,5,0.8333,0.6667,1.0,5,3,3,1.0
1028606,17769,26894,7568,6,6,1,5,0.8333,0.6667,1.0,5,3,3,1.0
1080041,279680,26274,7577,6,6,1,5,0.8333,0.6667,1.0,5,3,3,1.0
1029495,7629,7628,7703,6,6,1,5,0.8333,0.6667,1.0,5,3,3,1.0
1039194,7417,7402,7788,6,6,1,5,0.8333,0.6667,1.0,5,3,3,1.0
1068248,22420,6818,8062,6,6,1,5,0.8333,0.6667,1.0,5,3,3,1.0
1044507,7162,22635,8478,6,6,1,5,0.8333,0.6667,1.0,5,3,3,1.0
1136206,11033,24470,8624,6,6,1,5,0.8333,0.6667,1.0,5,3,3,1.0
1044005,6446,6496,8673,6,6,1,5,0.8333,0.6667,1.0,5,3,3,1.0
1032886,6867,22469,8718,6,6,1,5,0.8333,0.6667,1.0,5,3,3,1.0
1041499,22435,22475,8769,6,6,1,5,0.8333,0.6667,1.0,5,3,3,1.0
1033223,341120,343394,8854,6,6,1,5,0.8333,0.6667,1.0,5,3,3,1.0
1033222,285128,285129,8855,6,6,1,5,0.8333,0.6667,1.0,5,3,3,1.0
1033282,291199,294077,8868,6,6,1,5,0.8333,0.6667,1.0,5,3,3,1.0
1044551,6763,6726,8971,6,6,1,5,0.8333,0.6667,1.0,5,3,3,1.0
1277925,20388,2033,8996,6,6,1,5,0.8333,0.6667,1.0,5,3,3,1.0
1034360,159047,159048,9096,6,6,1,5,0.8333,0.6667,1.0,5,3,3,1.0
1133006,22142,22143,9280,6,6,1,5,0.8333,0.6667,1.0,5,3,3,1.0
1047486,292160,292157,9284,6,6,1,5,0.8333,0.6667,1.0,5,3,3,1.0
1035839,458703,458701,9404,6,6,1,5,0.8333,0.6667,1.0,5,3,3,1.0
1041316,7835,22910,9584,6,6,1,5,0.8333,0.6667,1.0,5,3,3,1.0
1143711,3134,535916,9623,6,6,1,5,0.8333,0.6667,1.0,5,3,3,1.0
1038052,148480,148479,9644,6,6,1,5,0.8333,0.6667,1.0,5,3,3,1.0
1037959,6730,6770,9868,6,6,1,5,0.8333,0.6667,1.0,5,3,3,1.0
1041470,6510,6475,9874,6,6,1,5,0.8333,0.6667,1.0,5,3,3,1.0
1144724,13137,13124,9891,6,6,1,5,0.8333,0.6667,1.0,5,3,3,1.0
1038452,345055,354828,9977,6,6,1,5,0.8333,0.6667,1.0,5,3,3,1.0
1041935,20855,20827,10755,6,6,1,5,0.8333,0.6667,1.0,5,3,3,1.0
1042083,376559,376558,10785,6,6,1,5,0.8333,0.6667,1.0,5,3,3,1.0
1042454,148182,148180,10851,6,6,1,5,0.8333,0.6667,1.0,5,3,3,1.0
1042716,22316,6547,10895,6,6,1,5,0.8333,0.6667,1.0,5,3,3,1.0
1065843,119663,119665,11167,6,6,1,5,0.8333,0.6667,1.0,5,3,3,1.0
1044783,170236,170237,11335,6,6,1,5,0.8333,0.6667,1.0,5,3,3,1.0
1044965,148807,148804,11362,6,6,1,5,0.8333,0.6667,1.0,5,3,3,1.0
1045994,328315,328316,11563,6,6,1,5,0.8333,0.6667,1.0,5,3,3,1.0
1046605,343195,350008,11678,6,6,1,5,0.8333,0.6667,1.0,5,3,3,1.0
1046808,167998,167999,11706,6,6,1,5,0.8333,0.6667,1.0,5,3,3,1.0
1047832,506731,410539,11876,6,6,1,5,0.8333,0.6667,1.0,5,3,3,1.0
1056430,201607,201608,11984,6,6,1,5,0.8333,0.6667,1.0,5,3,3,1.0
1048361,91168,91171,11997,6,6,1,5,0.8333,0.6667,1.0,5,3,3,1.0
1126025,14450,14389,12163,6,6,1,5,0.8333,0.6667,1.0,5,3,3,1.0
1128504,22658,22597,12210,6,6,1,5,0.8333,0.6667,1.0,5,3,3,1.0
1054647,349595,349598,12710,6,6,1,5,0.8333,0.6667,1.0,5,3,3,1.0
1054765,143039,143038,12732,6,6,1,5,0.8333,0.6667,1.0,5,3,3,1.0
1089891,14442,14490,12748,6,6,1,5,0.8333,0.6667,1.0,5,3,3,1.0
1102513,26474,26481,13103,6,6,1,5,0.8333,0.6667,1.0,5,3,3,1.0
1066708,247045,247044,13444,6,6,1,5,0.8333,0.6667,1.0,5,3,3,1.0
1063050,375107,375106,13504,6,6,1,5,0.8333,0.6667,1.0,5,3,3,1.0
1067270,118723,118722,13528,6,6,1,5,0.8333,0.6667,1.0,5,3,3,1.0
1059150,375314,375315,13542,6,6,1,5,0.8333,0.6667,1.0,5,3,3,1.0
1059237,26592,16937,13588,6,6,1,5,0.8333,0.6667,1.0,5,3,3,1.0
1079797,26310,26311,13626,6,6,1,5,0.8333,0.6667,1.0,5,3,3,1.0
1146612,3108,343932,13654,6,6,1,5,0.8333,0.6667,1.0,5,3,3,1.0
1059442,12105,12188,13707,6,6,1,5,0.8333,0.6667,1.0,5,3,3,1.0
1210478,25307,25292,13794,6,6,1,5,0.8333,0.6667,1.0,5,3,3,1.0
1091862,17524,17540,13894,6,6,1,5,0.8333,0.6667,1.0,5,3,3,1.0
1089381,15541,15540,14093,6,6,1,5,0.8333,0.6667,1.0,5,3,3,1.0
1061321,370342,370341,14182,6,6,1,5,0.8333,0.6667,1.0,5,3,3,1.0
1060802,87334,87333,14234,6,6,1,5,0.8333,0.6667,1.0,5,3,3,1.0
1248134,18920,18904,14347,6,6,1,5,0.8333,0.6667,1.0,5,3,3,1.0
1065360,123180,122872,14934,6,6,1,5,0.8333,0.6667,1.0,5,3,3,1.0
1066900,133741,5660,15027,6,6,1,5,0.8333,0.6667,1.0,5,3,3,1.0
1067210,128635,128642,15142,6,6,1,5,0.8333,0.6667,1.0,5,3,3,1.0
1066399,275841,275844,15153,6,6,1,5,0.8333,0.6667,1.0,5,3,3,1.0
1067144,128630,128622,15203,6,6,1,5,0.8333,0.6667,1.0,5,3,3,1.0
1068901,164798,161603,15237,6,6,1,5,0.8333,0.6667,1.0,5,3,3,1.0
1237778,156485,156484,15288,6,6,1,5,0.8333,0.6667,1.0,5,3,3,1.0
1067608,115181,115182,15436,6,6,1,5,0.8333,0.6667,1.0,5,3,3,1.0
1068328,364958,364957,15599,6,6,1,5,0.8333,0.6667,1.0,5,3,3,1.0
1070505,5291,5303,15668,6,6,1,5,0.8333,0.6667,1.0,5,3,3,1.0
1069944,19227,27310,15755,6,6,1,5,0.8333,0.6667,1.0,5,3,3,1.0
1081694,19172,19144,15908,6,6,1,5,0.8333,0.6667,1.0,5,3,3,1.0
1078466,19311,19292,15945,6,6,1,5,0.8333,0.6667,1.0,5,3,3,1.0
1069997,264001,264002,15980,6,6,1,5,0.8333,0.6667,1.0,5,3,3,1.0
1095592,5314,5284,16179,6,6,1,5,0.8333,0.6667,1.0,5,3,3,1.0
1070869,14608,14574,16189,6,6,1,5,0.8333,0.6667,1.0,5,3,3,1.0
1104408,16972,16950,16270,6,6,1,5,0.8333,0.6667,1.0,5,3,3,1.0
1075217,35493,35490,16388,6,6,1,5,0.8333,0.6667,1.0,5,3,3,1.0
1071383,19292,19272,16408,6,6,1,5,0.8333,0.6667,1.0,5,3,3,1.0
1175161,24825,24807,16420,6,6,1,5,0.8333,0.6667,1.0,5,3,3,1.0
1133395,24214,5381,16422,6,6,1,5,0.8333,0.6667,1.0,5,3,3,1.0
1077548,19172,19181,16423,6,6,1,5,0.8333,0.6667,1.0,5,3,3,1.0
1121113,54048,35484,16440,6,6,1,5,0.8333,0.6667,1.0,5,3,3,1.0
1072319,364860,429979,16569,6,6,1,5,0.8333,0.6667,1.0,5,3,3,1.0
1179080,25468,13592,16627,6,6,1,5,0.8333,0.6667,1.0,5,3,3,1.0
1179078,13531,25461,16876,6,6,1,5,0.8333,0.6667,1.0,5,3,3,1.0
1281114,15004,25966,17018,6,6,1,5,0.8333,0.6667,1.0,5,3,3,1.0
1289253,7237,7206,17130,6,6,1,5,0.8333,0.6667,1.0,5,3,3,1.0
1074789,13969,14055,17478,6,6,1,5,0.8333,0.6667,1.0,5,3,3,1.0
1077093,19547,27431,17546,6,6,1,5,0.8333,0.6667,1.0,5,3,3,1.0
1075194,35494,35492,17559,6,6,1,5,0.8333,0.6667,1.0,5,3,3,1.0
1075731,27404,27413,17697,6,6,1,5,0.8333,0.6667,1.0,5,3,3,1.0
1077335,284158,284157,17774,6,6,1,5,0.8333,0.6667,1.0,5,3,3,1.0
1077372,19250,19276,17830,6,6,1,5,0.8333,0.6667,1.0,5,3,3,1.0
1076678,284157,284155,17901,6,6,1,5,0.8333,0.6667,1.0,5,3,3,1.0
1078243,18038,18081,18254,6,6,1,5,0.8333,0.6667,1.0,5,3,3,1.0
1078583,18782,18732,18322,6,6,1,5,0.8333,0.6667,1.0,5,3,3,1.0
1099551,26361,26356,18379,6,6,1,5,0.8333,0.6667,1.0,5,3,3,1.0
1089721,129899,129903,18458,6,6,1,5,0.8333,0.6667,1.0,5,3,3,1.0
1081079,95978,95976,18527,6,6,1,5,0.8333,0.6667,1.0,5,3,3,1.0
1083918,35166,96296,18535,6,6,1,5,0.8333,0.6667,1.0,5,3,3,1.0
1079712,17287,17317,18586,6,6,1,5,0.8333,0.6667,1.0,5,3,3,1.0
1079837,26310,16066,18610,6,6,1,5,0.8333,0.6667,1.0,5,3,3,1.0
1079834,26325,26327,18615,6,6,1,5,0.8333,0.6667,1.0,5,3,3,1.0
1081723,27176,18557,18666,6,6,1,5,0.8333,0.6667,1.0,5,3,3,1.0
1110763,15480,15444,18672,6,6,1,5,0.8333,0.6667,1.0,5,3,3,1.0
1137103,13963,13994,18731,6,6,1,5,0.8333,0.6667,1.0,5,3,3,1.0
1082691,14119,14150,18735,6,6,1,5,0.8333,0.6667,1.0,5,3,3,1.0
1082011,14867,14922,18878,6,6,1,5,0.8333,0.6667,1.0,5,3,3,1.0
1152427,260481,3261,18960,6,6,1,5,0.8333,0.6667,1.0,5,3,3,1.0
1099362,15864,15846,18965,6,6,1,5,0.8333,0.6667,1.0,5,3,3,1.0
1082319,15778,15796,19007,6,6,1,5,0.8333,0.6667,1.0,5,3,3,1.0
1137067,15839,15826,19048,6,6,1,5,0.8333,0.6667,1.0,5,3,3,1.0
1082102,15764,15784,19057,6,6,1,5,0.8333,0.6667,1.0,5,3,3,1.0
1082001,15828,15847,19122,6,6,1,5,0.8333,0.6667,1.0,5,3,3,1.0
1202111,26990,27003,19191,6,6,1,5,0.8333,0.6667,1.0,5,3,3,1.0
1149888,14277,14343,19199,6,6,1,5,0.8333,0.6667,1.0,5,3,3,1.0
1082326,15789,15829,19261,6,6,1,5,0.8333,0.6667,1.0,5,3,3,1.0
1105978,15462,15454,19313,6,6,1,5,0.8333,0.6667,1.0,5,3,3,1.0
1092716,27028,18074,19320,6,6,1,5,0.8333,0.6667,1.0,5,3,3,1.0
1133690,14137,14176,19335,6,6,1,5,0.8333,0.6667,1.0,5,3,3,1.0
1082712,15759,15785,19379,6,6,1,5,0.8333,0.6667,1.0,5,3,3,1.0
1287643,9848,9949,19400,6,6,1,5,0.8333,0.6667,1.0,5,3,3,1.0
1210281,12880,12825,19423,6,6,1,5,0.8333,0.6667,1.0,5,3,3,1.0
1083023,18095,27020,19486,6,6,1,5,0.8333,0.6667,1.0,5,3,3,1.0
1202112,18068,26990,19498,6,6,1,5,0.8333,0.6667,1.0,5,3,3,1.0
1113818,14476,25785,19606,6,6,1,5,0.8333,0.6667,1.0,5,3,3,1.0
1083324,25785,25832,19615,6,6,1,5,0.8333,0.6667,1.0,5,3,3,1.0
1174731,27272,19050,19654,6,6,1,5,0.8333,0.6667,1.0,5,3,3,1.0
1174451,19075,19089,19657,6,6,1,5,0.8333,0.6667,1.0,5,3,3,1.0
1088120,16033,16015,19982,6,6,1,5,0.8333,0.6667,1.0,5,3,3,1.0
1091277,14417,14419,20027,6,6,1,5,0.8333,0.6667,1.0,5,3,3,1.0
1111508,378251,246722,20275,6,6,1,5,0.8333,0.6667,1.0,5,3,3,1.0
1089253,14577,14599,20308,6,6,1,5,0.8333,0.6667,1.0,5,3,3,1.0
1112442,14413,14374,20355,6,6,1,5,0.8333,0.6667,1.0,5,3,3,1.0
1090587,15328,15332,20468,6,6,1,5,0.8333,0.6667,1.0,5,3,3,1.0
1090703,15368,15385,20570,6,6,1,5,0.8333,0.6667,1.0,5,3,3,1.0
1167917,18591,18572,20718,6,6,1,5,0.8333,0.6667,1.0,5,3,3,1.0
1275380,64283,18549,20724,6,6,1,5,0.8333,0.6667,1.0,5,3,3,1.0
1111797,16771,16758,20823,6,6,1,5,0.8333,0.6667,1.0,5,3,3,1.0
1111932,25327,25338,20838,6,6,1,5,0.8333,0.6667,1.0,5,3,3,1.0
1090981,18283,18250,20843,6,6,1,5,0.8333,0.6667,1.0,5,3,3,1.0
1167603,27034,27024,20886,6,6,1,5,0.8333,0.6667,1.0,5,3,3,1.0
1188353,19586,19601,21212,6,6,1,5,0.8333,0.6667,1.0,5,3,3,1.0
1092185,18364,18319,21319,6,6,1,5,0.8333,0.6667,1.0,5,3,3,1.0
1186430,19259,19260,21329,6,6,1,5,0.8333,0.6667,1.0,5,3,3,1.0
1186162,19226,19259,21330,6,6,1,5,0.8333,0.6667,1.0,5,3,3,1.0
1102915,26362,26363,21391,6,6,1,5,0.8333,0.6667,1.0,5,3,3,1.0
1185724,19559,19538,21412,6,6,1,5,0.8333,0.6667,1.0,5,3,3,1.0
1153883,2251,425292,21421,6,6,1,5,0.8333,0.6667,1.0,5,3,3,1.0
1092578,25251,25263,21473,6,6,1,5,0.8333,0.6667,1.0,5,3,3,1.0
1185275,19642,19640,21515,6,6,1,5,0.8333,0.6667,1.0,5,3,3,1.0
1100624,17143,17120,21635,6,6,1,5,0.8333,0.6667,1.0,5,3,3,1.0
1093261,17562,17544,21675,6,6,1,5,0.8333,0.6667,1.0,5,3,3,1.0
1093360,19284,19253,21711,6,6,1,5,0.8333,0.6667,1.0,5,3,3,1.0
1093736,17852,17815,21809,6,6,1,5,0.8333,0.6667,1.0,5,3,3,1.0
1102089,16532,16575,21810,6,6,1,5,0.8333,0.6667,1.0,5,3,3,1.0
1093797,17686,17660,21813,6,6,1,5,0.8333,0.6667,1.0,5,3,3,1.0
1099631,17843,17861,21859,6,6,1,5,0.8333,0.6667,1.0,5,3,3,1.0
1094722,26722,26718,22074,6,6,1,5,0.8333,0.6667,1.0,5,3,3,1.0
1101345,26723,17394,22083,6,6,1,5,0.8333,0.6667,1.0,5,3,3,1.0
1176535,11468,11490,22129,6,6,1,5,0.8333,0.6667,1.0,5,3,3,1.0
1095114,375025,120939,22131,6,6,1,5,0.8333,0.6667,1.0,5,3,3,1.0
1110144,14092,14057,22157,6,6,1,5,0.8333,0.6667,1.0,5,3,3,1.0
1096145,391439,391437,22444,6,6,1,5,0.8333,0.6667,1.0,5,3,3,1.0
1137801,706882,378465,22540,6,6,1,5,0.8333,0.6667,1.0,5,3,3,1.0
1183770,280966,24453,22543,6,6,1,5,0.8333,0.6667,1.0,5,3,3,1.0
1097185,9673,9664,22706,6,6,1,5,0.8333,0.6667,1.0,5,3,3,1.0
1282527,26634,26660,22974,6,6,1,5,0.8333,0.6667,1.0,5,3,3,1.0
1099829,17314,17315,23102,6,6,1,5,0.8333,0.6667,1.0,5,3,3,1.0
1121104,26497,26510,23115,6,6,1,5,0.8333,0.6667,1.0,5,3,3,1.0
1106050,26713,26727,23146,6,6,1,5,0.8333,0.6667,1.0,5,3,3,1.0
1100260,16655,16644,23193,6,6,1,5,0.8333,0.6667,1.0,5,3,3,1.0
1103076,17188,17225,23229,6,6,1,5,0.8333,0.6667,1.0,5,3,3,1.0
1121103,17027,17056,23278,6,6,1,5,0.8333,0.6667,1.0,5,3,3,1.0
1103408,16697,16682,23400,6,6,1,5,0.8333,0.6667,1.0,5,3,3,1.0
1111866,16679,16663,23412,6,6,1,5,0.8333,0.6667,1.0,5,3,3,1.0
1101902,17843,17819,23575,6,6,1,5,0.8333,0.6667,1.0,5,3,3,1.0
1109401,17225,26696,23826,6,6,1,5,0.8333,0.6667,1.0,5,3,3,1.0
1103194,26474,26475,23842,6,6,1,5,0.8333,0.6667,1.0,5,3,3,1.0
1103290,14697,14679,23868,6,6,1,5,0.8333,0.6667,1.0,5,3,3,1.0
1110186,17345,17349,23964,6,6,1,5,0.8333,0.6667,1.0,5,3,3,1.0
1111378,17414,17423,23968,6,6,1,5,0.8333,0.6667,1.0,5,3,3,1.0
1103675,26724,17414,23969,6,6,1,5,0.8333,0.6667,1.0,5,3,3,1.0
1104482,25655,14166,24143,6,6,1,5,0.8333,0.6667,1.0,5,3,3,1.0
1121065,396191,13276,24258,6,6,1,5,0.8333,0.6667,1.0,5,3,3,1.0
1109321,17373,17346,24306,6,6,1,5,0.8333,0.6667,1.0,5,3,3,1.0
1133342,15533,15504,24468,6,6,1,5,0.8333,0.6667,1.0,5,3,3,1.0
1138160,17387,17368,24480,6,6,1,5,0.8333,0.6667,1.0,5,3,3,1.0
1171203,4545,4535,24496,6,6,1,5,0.8333,0.6667,1.0,5,3,3,1.0
1187314,15779,15809,24690,6,6,1,5,0.8333,0.6667,1.0,5,3,3,1.0
1108931,17321,17303,24804,6,6,1,5,0.8333,0.6667,1.0,5,3,3,1.0
1108944,17373,17321,24808,6,6,1,5,0.8333,0.6667,1.0,5,3,3,1.0
1112142,27104,27102,24851,6,6,1,5,0.8333,0.6667,1.0,5,3,3,1.0
1109117,14792,14802,24857,6,6,1,5,0.8333,0.6667,1.0,5,3,3,1.0
1110386,18191,18184,24870,6,6,1,5,0.8333,0.6667,1.0,5,3,3,1.0
1109475,15869,15859,24929,6,6,1,5,0.8333,0.6667,1.0,5,3,3,1.0
1109814,18812,18825,24999,6,6,1,5,0.8333,0.6667,1.0,5,3,3,1.0
1111613,13767,13758,25005,6,6,1,5,0.8333,0.6667,1.0,5,3,3,1.0
1114763,25412,25413,25093,6,6,1,5,0.8333,0.6667,1.0,5,3,3,1.0
1112869,12781,25221,25098,6,6,1,5,0.8333,0.6667,1.0,5,3,3,1.0
1112140,18270,18266,25115,6,6,1,5,0.8333,0.6667,1.0,5,3,3,1.0
1142784,18173,18235,25123,6,6,1,5,0.8333,0.6667,1.0,5,3,3,1.0
1111977,13479,13444,25151,6,6,1,5,0.8333,0.6667,1.0,5,3,3,1.0
1110544,17399,17427,25159,6,6,1,5,0.8333,0.6667,1.0,5,3,3,1.0
1110672,18113,18100,25175,6,6,1,5,0.8333,0.6667,1.0,5,3,3,1.0
1112420,18125,27046,25177,6,6,1,5,0.8333,0.6667,1.0,5,3,3,1.0
1110689,18118,18122,25183,6,6,1,5,0.8333,0.6667,1.0,5,3,3,1.0
1114587,13143,13164,25200,6,6,1,5,0.8333,0.6667,1.0,5,3,3,1.0
1138780,13803,13785,25373,6,6,1,5,0.8333,0.6667,1.0,5,3,3,1.0
1111943,25830,14601,25436,6,6,1,5,0.8333,0.6667,1.0,5,3,3,1.0
1112389,18235,27105,25473,6,6,1,5,0.8333,0.6667,1.0,5,3,3,1.0
1112157,18226,27081,25483,6,6,1,5,0.8333,0.6667,1.0,5,3,3,1.0
1121091,13025,13048,25511,6,6,1,5,0.8333,0.6667,1.0,5,3,3,1.0
1145045,25312,13111,25514,6,6,1,5,0.8333,0.6667,1.0,5,3,3,1.0
1113095,13288,13332,25781,6,6,1,5,0.8333,0.6667,1.0,5,3,3,1.0
1113182,14196,14404,25809,6,6,1,5,0.8333,0.6667,1.0,5,3,3,1.0
1142846,25210,25233,25910,6,6,1,5,0.8333,0.6667,1.0,5,3,3,1.0
1150174,25401,13418,26001,6,6,1,5,0.8333,0.6667,1.0,5,3,3,1.0
1114568,13103,13117,26115,6,6,1,5,0.8333,0.6667,1.0,5,3,3,1.0
1115321,50858,50857,26282,6,6,1,5,0.8333,0.6667,1.0,5,3,3,1.0
1121075,13691,13676,26490,6,6,1,5,0.8333,0.6667,1.0,5,3,3,1.0
1119310,425117,425116,26578,6,6,1,5,0.8333,0.6667,1.0,5,3,3,1.0
1286008,17915,17887,26601,6,6,1,5,0.8333,0.6667,1.0,5,3,3,1.0
1246081,405742,410573,26701,6,6,1,5,0.8333,0.6667,1.0,5,3,3,1.0
1121122,27124,27126,26901,6,6,1,5,0.8333,0.6667,1.0,5,3,3,1.0
1220928,12542,25051,27199,6,6,1,5,0.8333,0.6667,1.0,5,3,3,1.0
1127065,20017,12869,27460,6,6,1,5,0.8333,0.6667,1.0,5,3,3,1.0
1123342,13520,13539,27525,6,6,1,5,0.8333,0.6667,1.0,5,3,3,1.0
1126002,14340,14395,28120,6,6,1,5,0.8333,0.6667,1.0,5,3,3,1.0
1126463,20989,21013,28270,6,6,1,5,0.8333,0.6667,1.0,5,3,3,1.0
1127353,8076,23019,28554,6,6,1,5,0.8333,0.6667,1.0,5,3,3,1.0
1266875,9518,9542,28566,6,6,1,5,0.8333,0.6667,1.0,5,3,3,1.0
1223193,24342,24359,28765,6,6,1,5,0.8333,0.6667,1.0,5,3,3,1.0
1301084,7012,22594,28799,6,6,1,5,0.8333,0.6667,1.0,5,3,3,1.0
1185642,19652,19649,28917,6,6,1,5,0.8333,0.6667,1.0,5,3,3,1.0
1148412,2005,20395,28920,6,6,1,5,0.8333,0.6667,1.0,5,3,3,1.0
1128252,10797,10774,28944,6,6,1,5,0.8333,0.6667,1.0,5,3,3,1.0
1268077,23169,23160,29016,6,6,1,5,0.8333,0.6667,1.0,5,3,3,1.0
1168813,27287,27286,29022,6,6,1,5,0.8333,0.6667,1.0,5,3,3,1.0
1289594,9869,9890,29076,6,6,1,5,0.8333,0.6667,1.0,5,3,3,1.0
1306785,6178,6197,29154,6,6,1,5,0.8333,0.6667,1.0,5,3,3,1.0
1128631,6716,6754,29156,6,6,1,5,0.8333,0.6667,1.0,5,3,3,1.0
1128831,15630,15603,29262,6,6,1,5,0.8333,0.6667,1.0,5,3,3,1.0
1200914,11038,24511,29298,6,6,1,5,0.8333,0.6667,1.0,5,3,3,1.0
1128961,9805,9867,29318,6,6,1,5,0.8333,0.6667,1.0,5,3,3,1.0
1247641,312316,21783,29506,6,6,1,5,0.8333,0.6667,1.0,5,3,3,1.0
1196589,9975,23924,29592,6,6,1,5,0.8333,0.6667,1.0,5,3,3,1.0
1132177,22827,22848,29914,6,6,1,5,0.8333,0.6667,1.0,5,3,3,1.0
1132754,150730,150727,30152,6,6,1,5,0.8333,0.6667,1.0,5,3,3,1.0
1247844,,136956,30216,7,6,0,4,0.6667,0.6667,1.0,6,3,3,1.0
1309895,6096,6102,30777,6,6,1,5,0.8333,0.6667,1.0,5,3,3,1.0
1134939,10049,10018,30990,6,6,1,5,0.8333,0.6667,1.0,5,3,3,1.0
1209374,25303,12942,31064,6,6,1,5,0.8333,0.6667,1.0,5,3,3,1.0
1135988,11963,10230,31266,6,6,1,5,0.8333,0.6667,1.0,5,3,3,1.0
1146041,14643,14724,31289,6,6,1,5,0.8333,0.6667,1.0,5,3,3,1.0
1143129,66225,54371,31427,6,6,1,5,0.8333,0.6667,1.0,5,3,3,1.0
1268289,17068,17092,31558,6,6,1,5,0.8333,0.6667,1.0,5,3,3,1.0
1149303,14183,25697,31584,6,6,1,5,0.8333,0.6667,1.0,5,3,3,1.0
1267816,11739,11774,31586,6,6,1,5,0.8333,0.6667,1.0,5,3,3,1.0
1266762,2198,136958,31594,6,6,1,5,0.8333,0.6667,1.0,5,3,3,1.0
1288167,9759,9707,31614,6,6,1,5,0.8333,0.6667,1.0,5,3,3,1.0
1277198,4572,4597,31880,6,6,1,5,0.8333,0.6667,1.0,5,3,3,1.0
1143017,10259,24105,32269,6,6,1,5,0.8333,0.6667,1.0,5,3,3,1.0
1143402,26288,15933,32403,6,6,1,5,0.8333,0.6667,1.0,5,3,3,1.0
1146487,26068,21273,33113,6,6,1,5,0.8333,0.6667,1.0,5,3,3,1.0
1148355,20436,84768,33467,6,6,1,5,0.8333,0.6667,1.0,5,3,3,1.0
1152845,7392,22740,33964,6,6,1,5,0.8333,0.6667,1.0,5,3,3,1.0
1153262,10460,10419,34183,6,6,1,5,0.8333,0.6667,1.0,5,3,3,1.0
1159398,102364,102365,34357,6,6,1,5,0.8333,0.6667,1.0,5,3,3,1.0
1154809,2034,2042,34487,6,6,1,5,0.8333,0.6667,1.0,5,3,3,1.0
1203055,26989,18033,35130,6,6,1,5,0.8333,0.6667,1.0,5,3,3,1.0
1164518,189756,189755,35158,6,6,1,5,0.8333,0.6667,1.0,5,3,3,1.0
1175286,25486,25499,35210,6,6,1,5,0.8333,0.6667,1.0,5,3,3,1.0
1220252,19051,19090,35681,6,6,1,5,0.8333,0.6667,1.0,5,3,3,1.0
1164802,3757,3796,35777,6,6,1,5,0.8333,0.6667,1.0,5,3,3,1.0
1165765,3398,265927,35976,6,6,1,5,0.8333,0.6667,1.0,5,3,3,1.0
1167023,18824,18807,36253,6,6,1,5,0.8333,0.6667,1.0,5,3,3,1.0
1167203,19622,38406,36312,6,6,1,5,0.8333,0.6667,1.0,5,3,3,1.0
1168263,27211,27204,36544,6,6,1,5,0.8333,0.6667,1.0,5,3,3,1.0
1174476,19116,27287,36614,6,6,1,5,0.8333,0.6667,1.0,5,3,3,1.0
1168598,19182,19200,36632,6,6,1,5,0.8333,0.6667,1.0,5,3,3,1.0
1202425,27019,27032,36675,6,6,1,5,0.8333,0.6667,1.0,5,3,3,1.0
1208332,12086,12121,36966,6,6,1,5,0.8333,0.6667,1.0,5,3,3,1.0
1209013,24228,10484,37034,6,6,1,5,0.8333,0.6667,1.0,5,3,3,1.0
1221739,10799,10888,37118,6,6,1,5,0.8333,0.6667,1.0,5,3,3,1.0
1196276,24378,10685,37125,6,6,1,5,0.8333,0.6667,1.0,5,3,3,1.0
1209105,11463,11455,37189,6,6,1,5,0.8333,0.6667,1.0,5,3,3,1.0
1174002,16210,16237,37402,6,6,1,5,0.8333,0.6667,1.0,5,3,3,1.0
1179834,15445,15412,37588,6,6,1,5,0.8333,0.6667,1.0,5,3,3,1.0
1175148,24851,24868,37623,6,6,1,5,0.8333,0.6667,1.0,5,3,3,1.0
1178735,123189,123188,37769,6,6,1,5,0.8333,0.6667,1.0,5,3,3,1.0
1206847,25834,25861,38073,6,6,1,5,0.8333,0.6667,1.0,5,3,3,1.0
1188756,20929,20938,38881,6,6,1,5,0.8333,0.6667,1.0,5,3,3,1.0
1180485,15630,15635,39013,6,6,1,5,0.8333,0.6667,1.0,5,3,3,1.0
1180700,121579,121580,39059,6,6,1,5,0.8333,0.6667,1.0,5,3,3,1.0
1180811,16524,16462,39096,6,6,1,5,0.8333,0.6667,1.0,5,3,3,1.0
1186338,19558,19565,39468,6,6,1,5,0.8333,0.6667,1.0,5,3,3,1.0
1184713,19613,19618,39495,6,6,1,5,0.8333,0.6667,1.0,5,3,3,1.0
1185035,19648,19646,39568,6,6,1,5,0.8333,0.6667,1.0,5,3,3,1.0
1188374,19268,19207,39659,6,6,1,5,0.8333,0.6667,1.0,5,3,3,1.0
1190741,47004,47005,39936,6,6,1,5,0.8333,0.6667,1.0,5,3,3,1.0
1190074,21254,21233,40418,6,6,1,5,0.8333,0.6667,1.0,5,3,3,1.0
1191110,18914,18894,40567,6,6,1,5,0.8333,0.6667,1.0,5,3,3,1.0
1210820,10539,10621,40803,6,6,1,5,0.8333,0.6667,1.0,5,3,3,1.0
1221789,24219,10368,40896,6,6,1,5,0.8333,0.6667,1.0,5,3,3,1.0
1197548,8718,8644,41202,6,6,1,5,0.8333,0.6667,1.0,5,3,3,1.0
1197993,11250,11223,41364,6,6,1,5,0.8333,0.6667,1.0,5,3,3,1.0
1198015,10346,10377,41387,6,6,1,5,0.8333,0.6667,1.0,5,3,3,1.0
1200199,12769,12779,41396,6,6,1,5,0.8333,0.6667,1.0,5,3,3,1.0
1198289,24233,10506,41467,6,6,1,5,0.8333,0.6667,1.0,5,3,3,1.0
1228554,10660,10591,41514,6,6,1,5,0.8333,0.6667,1.0,5,3,3,1.0
1218528,11784,11849,41536,6,6,1,5,0.8333,0.6667,1.0,5,3,3,1.0
1201301,11975,11968,41577,6,6,1,5,0.8333,0.6667,1.0,5,3,3,1.0
1266087,12314,12374,41595,6,6,1,5,0.8333,0.6667,1.0,5,3,3,1.0
1222305,12572,12530,41644,6,6,1,5,0.8333,0.6667,1.0,5,3,3,1.0
1306860,12625,12622,41669,6,6,1,5,0.8333,0.6667,1.0,5,3,3,1.0
1217401,10075,10161,41706,6,6,1,5,0.8333,0.6667,1.0,5,3,3,1.0
1222322,10178,10131,41717,6,6,1,5,0.8333,0.6667,1.0,5,3,3,1.0
1218262,11552,11501,41738,6,6,1,5,0.8333,0.6667,1.0,5,3,3,1.0
1199222,12167,12169,41759,6,6,1,5,0.8333,0.6667,1.0,5,3,3,1.0
1218725,11860,11832,41794,6,6,1,5,0.8333,0.6667,1.0,5,3,3,1.0
1200873,12341,24992,42000,6,6,1,5,0.8333,0.6667,1.0,5,3,3,1.0
1221803,12306,12356,42014,6,6,1,5,0.8333,0.6667,1.0,5,3,3,1.0
1226176,9411,9357,42196,6,6,1,5,0.8333,0.6667,1.0,5,3,3,1.0
1201478,10809,10766,42332,6,6,1,5,0.8333,0.6667,1.0,5,3,3,1.0
1201852,23556,23548,42415,6,6,1,5,0.8333,0.6667,1.0,5,3,3,1.0
1203321,19178,19175,42656,6,6,1,5,0.8333,0.6667,1.0,5,3,3,1.0
1204979,20448,2188,42692,6,6,1,5,0.8333,0.6667,1.0,5,3,3,1.0
1207659,10511,10548,43163,6,6,1,5,0.8333,0.6667,1.0,5,3,3,1.0
1208954,647,10551,43341,6,6,1,5,0.8333,0.6667,1.0,5,3,3,1.0
1208981,10601,10562,43342,6,6,1,5,0.8333,0.6667,1.0,5,3,3,1.0
1208604,24786,24800,43394,6,6,1,5,0.8333,0.6667,1.0,5,3,3,1.0
1208614,11136,11163,43398,6,6,1,5,0.8333,0.6667,1.0,5,3,3,1.0
1209038,10640,10609,43475,6,6,1,5,0.8333,0.6667,1.0,5,3,3,1.0
1211001,12666,12689,43796,6,6,1,5,0.8333,0.6667,1.0,5,3,3,1.0
1216308,10667,10747,44001,6,6,1,5,0.8333,0.6667,1.0,5,3,3,1.0
1225256,24554,11272,44099,6,6,1,5,0.8333,0.6667,1.0,5,3,3,1.0
1222570,10747,10820,44106,6,6,1,5,0.8333,0.6667,1.0,5,3,3,1.0
1222836,8213,8123,44272,6,6,1,5,0.8333,0.6667,1.0,5,3,3,1.0
1218019,11631,11574,44294,6,6,1,5,0.8333,0.6667,1.0,5,3,3,1.0
1219073,24741,24746,44420,6,6,1,5,0.8333,0.6667,1.0,5,3,3,1.0
1220978,25096,12601,44859,6,6,1,5,0.8333,0.6667,1.0,5,3,3,1.0
1222124,24740,11671,45073,6,6,1,5,0.8333,0.6667,1.0,5,3,3,1.0
1225412,147840,96298,45479,6,6,1,5,0.8333,0.6667,1.0,5,3,3,1.0
1279777,7520,22784,45702,6,6,1,5,0.8333,0.6667,1.0,5,3,3,1.0
1275655,9578,9581,45747,6,6,1,5,0.8333,0.6667,1.0,5,3,3,1.0
1227110,9944,23921,45882,6,6,1,5,0.8333,0.6667,1.0,5,3,3,1.0
1227550,23148,23177,45951,6,6,1,5,0.8333,0.6667,1.0,5,3,3,1.0
1228581,9859,23845,46169,6,6,1,5,0.8333,0.6667,1.0,5,3,3,1.0
1281233,4943,4940,46671,6,6,1,5,0.8333,0.6667,1.0,5,3,3,1.0
1269695,9058,9112,46672,6,6,1,5,0.8333,0.6667,1.0,5,3,3,1.0
1270271,23698,9452,47135,6,6,1,5,0.8333,0.6667,1.0,5,3,3,1.0
1287366,9676,9569,47160,6,6,1,5,0.8333,0.6667,1.0,5,3,3,1.0
1269574,11705,11714,47174,6,6,1,5,0.8333,0.6667,1.0,5,3,3,1.0
1269662,10270,10265,47230,6,6,1,5,0.8333,0.6667,1.0,5,3,3,1.0
1271544,9015,8921,47316,6,6,1,5,0.8333,0.6667,1.0,5,3,3,1.0
1267743,24055,10261,47593,6,6,1,5,0.8333,0.6667,1.0,5,3,3,1.0
1268416,23020,8073,47633,6,6,1,5,0.8333,0.6667,1.0,5,3,3,1.0
1271925,23578,23586,47645,6,6,1,5,0.8333,0.6667,1.0,5,3,3,1.0
1269572,11705,11718,47694,6,6,1,5,0.8333,0.6667,1.0,5,3,3,1.0
1268253,8774,8692,47730,6,6,1,5,0.8333,0.6667,1.0,5,3,3,1.0
1271536,11866,11815,47907,6,6,1,5,0.8333,0.6667,1.0,5,3,3,1.0
1271134,23630,23617,47924,6,6,1,5,0.8333,0.6667,1.0,5,3,3,1.0
1270483,8165,23018,47930,6,6,1,5,0.8333,0.6667,1.0,5,3,3,1.0
1270777,14612,14688,48111,6,6,1,5,0.8333,0.6667,1.0,5,3,3,1.0
1277471,9400,9365,48248,6,6,1,5,0.8333,0.6667,1.0,5,3,3,1.0
1270739,25875,14669,48280,6,6,1,5,0.8333,0.6667,1.0,5,3,3,1.0
1273120,14774,25875,48289,6,6,1,5,0.8333,0.6667,1.0,5,3,3,1.0
1271816,23615,23626,48328,6,6,1,5,0.8333,0.6667,1.0,5,3,3,1.0
1271331,25666,25687,48378,6,6,1,5,0.8333,0.6667,1.0,5,3,3,1.0
1272271,12038,11998,48524,6,6,1,5,0.8333,0.6667,1.0,5,3,3,1.0
1273682,25650,25648,48756,6,6,1,5,0.8333,0.6667,1.0,5,3,3,1.0
1288325,10268,10163,48835,6,6,1,5,0.8333,0.6667,1.0,5,3,3,1.0
1281151,25969,14965,49602,6,6,1,5,0.8333,0.6667,1.0,5,3,3,1.0
1278039,14965,25947,49609,6,6,1,5,0.8333,0.6667,1.0,5,3,3,1.0
1298184,95007,95006,49749,6,6,1,5,0.8333,0.6667,1.0,5,3,3,1.0
1278845,7215,7213,49832,6,6,1,5,0.8333,0.6667,1.0,5,3,3,1.0
1279541,17800,17790,50036,6,6,1,5,0.8333,0.6667,1.0,5,3,3,1.0
1279629,16539,16542,50064,6,6,1,5,0.8333,0.6667,1.0,5,3,3,1.0
1282780,19464,19475,50118,6,6,1,5,0.8333,0.6667,1.0,5,3,3,1.0
1280184,4635,26630,50214,6,6,1,5,0.8333,0.6667,1.0,5,3,3,1.0
1280178,18107,18072,50224,6,6,1,5,0.8333,0.6667,1.0,5,3,3,1.0
1299051,22283,6468,50253,6,6,1,5,0.8333,0.6667,1.0,5,3,3,1.0
1297561,22751,7423,50328,6,6,1,5,0.8333,0.6667,1.0,5,3,3,1.0
1280531,22773,22788,50355,6,6,1,5,0.8333,0.6667,1.0,5,3,3,1.0
1280554,7401,7392,50359,6,6,1,5,0.8333,0.6667,1.0,5,3,3,1.0
1282004,16952,16936,50738,6,6,1,5,0.8333,0.6667,1.0,5,3,3,1.0
1298781,19551,19536,50907,6,6,1,5,0.8333,0.6667,1.0,5,3,3,1.0
1288982,10030,10073,51081,6,6,1,5,0.8333,0.6667,1.0,5,3,3,1.0
1287260,718,299516,51392,6,6,1,5,0.8333,0.6667,1.0,5,3,3,1.0
1288762,6749,22394,51621,6,6,1,5,0.8333,0.6667,1.0,5,3,3,1.0
1288804,7278,7261,51637,6,6,1,5,0.8333,0.6667,1.0,5,3,3,1.0
1288928,365035,18485,51651,6,6,1,5,0.8333,0.6667,1.0,5,3,3,1.0
1297507,19161,27307,51816,6,6,1,5,0.8333,0.6667,1.0,5,3,3,1.0
1311757,6067,6081,52157,6,6,1,5,0.8333,0.6667,1.0,5,3,3,1.0
1298953,7986,8012,52171,6,6,1,5,0.8333,0.6667,1.0,5,3,3,1.0
1299124,16533,16512,52183,6,6,1,5,0.8333,0.6667,1.0,5,3,3,1.0
1299171,5953,5955,52209,6,6,1,5,0.8333,0.6667,1.0,5,3,3,1.0
1299841,18344,18384,52375,6,6,1,5,0.8333,0.6667,1.0,5,3,3,1.0
1309207,18353,27131,52430,6,6,1,5,0.8333,0.6667,1.0,5,3,3,1.0
1300137,6014,6003,52466,6,6,1,5,0.8333,0.6667,1.0,5,3,3,1.0
1305626,22714,7301,52486,6,6,1,5,0.8333,0.6667,1.0,5,3,3,1.0
1301874,6287,6286,52837,6,6,1,5,0.8333,0.6667,1.0,5,3,3,1.0
1303219,7287,7290,53067,6,6,1,5,0.8333,0.6667,1.0,5,3,3,1.0
1303185,22395,22410,53068,6,6,1,5,0.8333,0.6667,1.0,5,3,3,1.0
1304030,247,7505,53191,6,6,1,5,0.8333,0.6667,1.0,5,3,3,1.0
1304079,7694,22872,53201,6,6,1,5,0.8333,0.6667,1.0,5,3,3,1.0
1304815,22545,22536,53327,6,6,1,5,0.8333,0.6667,1.0,5,3,3,1.0
1305617,5906,22074,53442,6,6,1,5,0.8333,0.6667,1.0,5,3,3,1.0
1308769,8988,9033,53649,6,6,1,5,0.8333,0.6667,1.0,5,3,3,1.0
1307309,5906,22076,53749,6,6,1,5,0.8333,0.6667,1.0,5,3,3,1.0
1308102,5936,22082,53808,6,6,1,5,0.8333,0.6667,1.0,5,3,3,1.0
1309824,8583,23232,53825,6,6,1,5,0.8333,0.6667,1.0,5,3,3,1.0
1308991,9039,59175,54014,6,6,1,5,0.8333,0.6667,1.0,5,3,3,1.0
1311102,9033,9038,54181,6,6,1,5,0.8333,0.6667,1.0,5,3,3,1.0
1310006,7829,7793,54182,6,6,1,5,0.8333,0.6667,1.0,5,3,3,1.0
1257575,,4328,24039,18,17,0,11,0.6471,0.6471,1.0,17,3,3,1.0
1013503,9047,23438,3302,11,11,2,9,0.8182,0.6364,1.0,10,3,3,1.0
1135550,9047,23438,3302,11,11,2,9,0.8182,0.6364,1.0,10,3,3,1.0
1048992,23284,23285,5677,11,11,2,9,0.8182,0.6364,1.0,10,3,3,1.0
1020748,23284,23285,5677,11,11,2,9,0.8182,0.6364,1.0,10,3,3,1.0
1073470,7657,7600,9500,11,11,2,9,0.8182,0.6364,1.0,10,3,3,1.0
1119974,7657,7600,9500,11,11,2,9,0.8182,0.6364,1.0,10,3,3,1.0
1278305,2033,207678,10906,11,11,2,9,0.8182,0.6364,1.0,10,3,3,1.0
1278306,2033,207678,10906,11,11,2,9,0.8182,0.6364,1.0,10,3,3,1.0
1251048,290235,280961,10929,11,11,2,9,0.8182,0.6364,1.0,10,3,3,1.0
1136700,290235,280961,10929,11,11,2,9,0.8182,0.6364,1.0,10,3,3,1.0
1134982,13387,13421,11923,11,11,2,9,0.8182,0.6364,1.0,10,3,3,1.0
1127523,13387,13421,11923,11,11,2,9,0.8182,0.6364,1.0,10,3,3,1.0
1135306,15911,26227,19446,11,11,2,9,0.8182,0.6364,1.0,10,3,3,1.0
1082838,15911,26227,19446,11,11,2,9,0.8182,0.6364,1.0,10,3,3,1.0
1131341,13549,13546,20200,11,11,2,9,0.8182,0.6364,1.0,10,3,3,1.0
1132943,13549,13546,20200,11,11,2,9,0.8182,0.6364,1.0,10,3,3,1.0
1145040,25784,14525,24428,11,11,2,9,0.8182,0.6364,1.0,10,3,3,1.0
1145039,25784,14525,24428,11,11,2,9,0.8182,0.6364,1.0,10,3,3,1.0
1005474,341,320,410,8,8,1,6,0.75,0.625,1.0,7,3,3,1.0
1005918,327,320,410,8,8,1,6,0.75,0.625,1.0,7,3,3,1.0
1007367,13242,13287,1374,8,8,1,6,0.75,0.625,1.0,7,3,3,1.0
1004024,13318,13287,1374,8,8,1,6,0.75,0.625,1.0,7,3,3,1.0
1012707,8915,9118,3781,8,8,1,6,0.75,0.625,1.0,7,3,3,1.0
1073490,8972,9118,3781,8,8,1,6,0.75,0.625,1.0,7,3,3,1.0
1088697,14744,14763,20168,8,8,1,6,0.75,0.625,1.0,7,3,3,1.0
1109282,14719,14763,20168,8,8,1,6,0.75,0.625,1.0,7,3,3,1.0
1127634,9262,23579,28699,8,8,1,6,0.75,0.625,1.0,7,3,3,1.0
1267394,9235,23579,28699,8,8,1,6,0.75,0.625,1.0,7,3,3,1.0
1272085,9237,9284,30942,8,8,1,6,0.75,0.625,1.0,7,3,3,1.0
1285872,19847,9284,30942,8,8,1,6,0.75,0.625,1.0,7,3,3,1.0
1187331,15916,26226,36036,8,8,1,6,0.75,0.625,1.0,7,3,3,1.0
1166065,26212,26226,36036,8,8,1,6,0.75,0.625,1.0,7,3,3,1.0
1278206,9180,9119,48238,8,8,1,6,0.75,0.625,1.0,7,3,3,1.0
1280209,9057,9119,48238,8,8,1,6,0.75,0.625,1.0,7,3,3,1.0
1303414,6860,22457,53069,8,8,1,6,0.75,0.625,1.0,7,3,3,1.0
1303186,22428,22457,53069,8,8,1,6,0.75,0.625,1.0,7,3,3,1.0
1031288,283200,283197,3856,15,15,3,12,0.8,0.6,1.0,14,3,3,1.0
1056101,283200,283197,3856,15,15,3,12,0.8,0.6,1.0,14,3,3,1.0
1031261,283200,283197,3856,15,15,3,12,0.8,0.6,1.0,14,3,3,1.0
1169525,12614,12548,36867,15,15,3,12,0.8,0.6,1.0,14,3,3,1.0
1196941,12614,12548,36867,15,15,3,12,0.8,0.6,1.0,14,3,3,1.0
1210974,12614,12548,36867,15,15,3,12,0.8,0.6,1.0,14,3,3,1.0
1132807,11378,11446,3687,10,10,2,8,0.8,0.6,1.0,9,3,3,1.0
1249844,11378,11446,3687,10,10,2,8,0.8,0.6,1.0,9,3,3,1.0
1227521,8880,23376,11927,10,10,2,8,0.8,0.6,1.0,9,3,3,1.0
1227519,8880,23376,11927,10,10,2,8,0.8,0.6,1.0,9,3,3,1.0
1255978,319359,343989,12887,10,10,2,8,0.8,0.6,1.0,9,3,3,1.0
1265509,319359,343989,12887,10,10,2,8,0.8,0.6,1.0,9,3,3,1.0
1062759,5669,5665,14707,10,10,2,8,0.8,0.6,1.0,9,3,3,1.0
1062824,5669,5665,14707,10,10,2,8,0.8,0.6,1.0,9,3,3,1.0
1109251,14618,14684,16191,10,10,2,8,0.8,0.6,1.0,9,3,3,1.0
1104511,14618,14684,16191,10,10,2,8,0.8,0.6,1.0,9,3,3,1.0
1073112,254716,254717,16641,10,10,2,8,0.8,0.6,1.0,9,3,3,1.0
1133308,254716,254717,16641,10,10,2,8,0.8,0.6,1.0,9,3,3,1.0
1088940,14225,14240,20222,10,10,2,8,0.8,0.6,1.0,9,3,3,1.0
1106561,14225,14240,20222,10,10,2,8,0.8,0.6,1.0,9,3,3,1.0
1103113,140795,140490,23836,10,10,2,8,0.8,0.6,1.0,9,3,3,1.0
1103111,140795,140490,23836,10,10,2,8,0.8,0.6,1.0,9,3,3,1.0
1123980,12261,12263,27585,10,10,2,8,0.8,0.6,1.0,9,3,3,1.0
1123909,12261,12263,27585,10,10,2,8,0.8,0.6,1.0,9,3,3,1.0
1175221,24784,24745,28291,10,10,1,7,0.7,0.6,1.0,9,3,3,1.0
1179936,25101,12657,38883,10,10,2,8,0.8,0.6,1.0,9,3,3,1.0
1179919,25101,12657,38883,10,10,2,8,0.8,0.6,1.0,9,3,3,1.0
1199327,9523,9496,41805,10,10,2,8,0.8,0.6,1.0,9,3,3,1.0
1199601,9523,9496,41805,10,10,2,8,0.8,0.6,1.0,9,3,3,1.0
1286165,375012,4594,49128,10,10,1,7,0.7,0.6,1.0,9,3,3,1.0
1281999,17014,26609,50115,10,10,2,8,0.8,0.6,1.0,9,3,3,1.0
1288860,17014,26609,50115,10,10,2,8,0.8,0.6,1.0,9,3,3,1.0
1014291,375317,375316,135,6,5,1,4,0.8,0.6,1.0,5,3,3,1.0
1000779,19840,426,163,5,5,1,4,0.8,0.6,1.0,4,3,3,1.0
1001153,74844,19767,367,5,5,1,4,0.8,0.6,1.0,4,3,3,1.0
1080713,19801,279,411,5,5,1,4,0.8,0.6,1.0,4,3,3,1.0
1001266,19821,19820,417,5,5,1,4,0.8,0.6,1.0,4,3,3,1.0
1013491,290,284,439,5,5,1,4,0.8,0.6,1.0,4,3,3,1.0
1001409,232,244,469,5,5,1,4,0.8,0.6,1.0,4,3,3,1.0
1002078,489,490,491,5,5,1,4,0.8,0.6,1.0,4,3,3,1.0
1001764,7721,274,649,5,5,1,4,0.8,0.6,1.0,4,3,3,1.0
1003697,455,19855,707,5,5,1,4,0.8,0.6,1.0,4,3,3,1.0
1001891,268,238,708,5,5,1,4,0.8,0.6,1.0,4,3,3,1.0
1011969,542683,462,764,5,5,1,4,0.8,0.6,1.0,4,3,3,1.0
1003577,19694,19698,1217,5,5,1,4,0.8,0.6,1.0,4,3,3,1.0
1099225,16181,26368,1428,5,5,1,4,0.8,0.6,1.0,4,3,3,1.0
1009033,24071,24088,1912,5,5,1,4,0.8,0.6,1.0,4,3,3,1.0
1010376,24240,10491,2936,5,5,1,4,0.8,0.6,1.0,4,3,3,1.0
1011865,376718,376717,3643,5,5,1,4,0.8,0.6,1.0,4,3,3,1.0
1057321,343987,343986,3785,5,5,1,4,0.8,0.6,1.0,4,3,3,1.0
1014137,18644,18679,4581,5,5,1,4,0.8,0.6,1.0,4,3,3,1.0
1014919,15860,15875,4932,5,5,1,4,0.8,0.6,1.0,4,3,3,1.0
1015253,376521,376522,5056,5,5,1,4,0.8,0.6,1.0,4,3,3,1.0
1018860,7591,22820,5188,5,5,1,4,0.8,0.6,1.0,4,3,3,1.0
1133017,60769,261117,5201,5,5,1,4,0.8,0.6,1.0,4,3,3,1.0
1020028,8614,8562,5255,5,5,1,4,0.8,0.6,1.0,4,3,3,1.0
1020701,9107,9177,5354,5,5,1,4,0.8,0.6,1.0,4,3,3,1.0
1020183,114862,114863,5391,5,5,1,4,0.8,0.6,1.0,4,3,3,1.0
1019997,8788,23263,5480,5,5,1,4,0.8,0.6,1.0,4,3,3,1.0
1020629,23541,23527,5634,5,5,1,4,0.8,0.6,1.0,4,3,3,1.0
1020624,23527,23541,5643,5,5,1,4,0.8,0.6,1.0,4,3,3,1.0
1027254,23496,9059,5645,5,5,1,4,0.8,0.6,1.0,4,3,3,1.0
1023775,8702,8705,6467,5,5,1,4,0.8,0.6,1.0,4,3,3,1.0
1024554,24061,10130,6553,5,5,1,4,0.8,0.6,1.0,4,3,3,1.0
1026857,23832,23844,7062,5,5,1,4,0.8,0.6,1.0,4,3,3,1.0
1027660,23184,23213,7228,5,5,1,4,0.8,0.6,1.0,4,3,3,1.0
1030350,343094,343093,8084,5,5,1,4,0.8,0.6,1.0,4,3,3,1.0
1045348,6151,6128,8506,5,5,1,4,0.8,0.6,1.0,4,3,3,1.0
1036299,6297,22246,8516,5,5,1,4,0.8,0.6,1.0,4,3,3,1.0
1031985,6469,22305,8552,5,5,1,4,0.8,0.6,1.0,4,3,3,1.0
1133894,9112,9058,9086,5,5,1,4,0.8,0.6,1.0,4,3,3,1.0
1063497,172475,172169,9250,5,5,1,4,0.8,0.6,1.0,4,3,3,1.0
1036015,6734,22373,9442,5,5,1,4,0.8,0.6,1.0,4,3,3,1.0
1041327,7859,7872,9592,5,5,1,4,0.8,0.6,1.0,4,3,3,1.0
1040187,71325,71326,10400,5,5,1,4,0.8,0.6,1.0,4,3,3,1.0
1045845,69092,53090,10494,5,5,1,4,0.8,0.6,1.0,4,3,3,1.0
1197008,12017,12078,10677,5,5,1,4,0.8,0.6,1.0,4,3,3,1.0
1044709,139202,139203,10741,5,5,1,4,0.8,0.6,1.0,4,3,3,1.0
1043483,276801,279038,11091,5,5,1,4,0.8,0.6,1.0,4,3,3,1.0
1044028,22432,22391,11215,5,5,1,4,0.8,0.6,1.0,4,3,3,1.0
1044311,110068,110067,11258,5,5,1,4,0.8,0.6,1.0,4,3,3,1.0
1046611,350009,350005,11684,5,5,1,4,0.8,0.6,1.0,4,3,3,1.0
1181208,15982,15965,12221,5,5,1,4,0.8,0.6,1.0,4,3,3,1.0
1220555,18082,18058,12251,5,5,1,4,0.8,0.6,1.0,4,3,3,1.0
1053442,350252,350253,12546,5,5,1,4,0.8,0.6,1.0,4,3,3,1.0
1069219,5838,22054,13347,5,5,1,4,0.8,0.6,1.0,4,3,3,1.0
1068354,74524,5787,13478,5,5,1,4,0.8,0.6,1.0,4,3,3,1.0
1059061,5714,5718,13487,5,5,1,4,0.8,0.6,1.0,4,3,3,1.0
1096902,23113,8491,13610,5,5,1,4,0.8,0.6,1.0,4,3,3,1.0
1059462,17130,26664,13724,5,5,1,4,0.8,0.6,1.0,4,3,3,1.0
1126398,2467,2530,13781,5,5,1,4,0.8,0.6,1.0,4,3,3,1.0
1069145,5853,5860,13947,5,5,1,4,0.8,0.6,1.0,4,3,3,1.0
1068658,119660,122861,15065,5,5,1,4,0.8,0.6,1.0,4,3,3,1.0
1067786,171836,171835,15148,5,5,1,4,0.8,0.6,1.0,4,3,3,1.0
1068869,265919,265920,15183,5,5,1,4,0.8,0.6,1.0,4,3,3,1.0
1070106,199042,199043,15398,5,5,1,4,0.8,0.6,1.0,4,3,3,1.0
1067506,114868,114867,15401,5,5,1,4,0.8,0.6,1.0,4,3,3,1.0
1068100,5773,5772,15551,5,5,1,4,0.8,0.6,1.0,4,3,3,1.0
1127174,39015,39011,15646,5,5,1,4,0.8,0.6,1.0,4,3,3,1.0
1069762,119024,119025,15930,5,5,1,4,0.8,0.6,1.0,4,3,3,1.0
1127860,5271,5301,15984,5,5,1,4,0.8,0.6,1.0,4,3,3,1.0
1187034,259527,330875,16783,5,5,1,4,0.8,0.6,1.0,4,3,3,1.0
1073248,349965,332797,16901,5,5,1,4,0.8,0.6,1.0,4,3,3,1.0
1125556,2484,370319,16930,5,5,1,4,0.8,0.6,1.0,4,3,3,1.0
1073590,9342,9383,17075,5,5,1,4,0.8,0.6,1.0,4,3,3,1.0
1221426,24491,11091,17097,5,5,1,4,0.8,0.6,1.0,4,3,3,1.0
1079122,18742,18766,17748,5,5,1,4,0.8,0.6,1.0,4,3,3,1.0
1077972,19294,19289,18044,5,5,1,4,0.8,0.6,1.0,4,3,3,1.0
1077500,18273,27119,18104,5,5,1,4,0.8,0.6,1.0,4,3,3,1.0
1083587,26149,15607,18302,5,5,1,4,0.8,0.6,1.0,4,3,3,1.0
1081628,18817,18782,18327,5,5,1,4,0.8,0.6,1.0,4,3,3,1.0
1080225,95968,95969,18710,5,5,1,4,0.8,0.6,1.0,4,3,3,1.0
1080908,13900,13907,18877,5,5,1,4,0.8,0.6,1.0,4,3,3,1.0
1082040,15780,15756,19060,5,5,1,4,0.8,0.6,1.0,4,3,3,1.0
1083901,26283,26275,19068,5,5,1,4,0.8,0.6,1.0,4,3,3,1.0
1188408,18970,18956,19101,5,5,1,4,0.8,0.6,1.0,4,3,3,1.0
1082395,33247,33246,19288,5,5,1,4,0.8,0.6,1.0,4,3,3,1.0
1082537,14178,14179,19332,5,5,1,4,0.8,0.6,1.0,4,3,3,1.0
1089530,14293,14294,19593,5,5,1,4,0.8,0.6,1.0,4,3,3,1.0
1090350,14454,14544,20045,5,5,1,4,0.8,0.6,1.0,4,3,3,1.0
1088365,14347,14407,20063,5,5,1,4,0.8,0.6,1.0,4,3,3,1.0
1089156,14527,31349,20280,5,5,1,4,0.8,0.6,1.0,4,3,3,1.0
1188254,19566,27437,20448,5,5,1,4,0.8,0.6,1.0,4,3,3,1.0
1130672,14720,14803,20465,5,5,1,4,0.8,0.6,1.0,4,3,3,1.0
1116667,13106,13160,20683,5,5,1,4,0.8,0.6,1.0,4,3,3,1.0
1113708,14126,14091,20784,5,5,1,4,0.8,0.6,1.0,4,3,3,1.0
1091970,19624,19627,21216,5,5,1,4,0.8,0.6,1.0,4,3,3,1.0
1111576,25411,25420,21343,5,5,1,4,0.8,0.6,1.0,4,3,3,1.0
1092367,26925,26923,21381,5,5,1,4,0.8,0.6,1.0,4,3,3,1.0
1145231,15950,15976,21577,5,5,1,4,0.8,0.6,1.0,4,3,3,1.0
1100118,17509,17486,21738,5,5,1,4,0.8,0.6,1.0,4,3,3,1.0
1094164,18174,18290,21914,5,5,1,4,0.8,0.6,1.0,4,3,3,1.0
1094718,26718,26709,22073,5,5,1,4,0.8,0.6,1.0,4,3,3,1.0
1095731,190079,19285,22354,5,5,1,4,0.8,0.6,1.0,4,3,3,1.0
1096912,18556,18570,22655,5,5,1,4,0.8,0.6,1.0,4,3,3,1.0
1232554,,535484,22688,7,5,0,3,0.6,0.6,1.0,6,3,3,1.0
1097125,,535484,22688,7,5,0,3,0.6,0.6,1.0,6,3,3,1.0
1113662,26727,26713,23045,5,5,1,4,0.8,0.6,1.0,4,3,3,1.0
1106095,17328,26724,23147,5,5,1,4,0.8,0.6,1.0,4,3,3,1.0
1110681,16993,245115,23854,5,5,1,4,0.8,0.6,1.0,4,3,3,1.0
1106382,16644,16637,23901,5,5,1,4,0.8,0.6,1.0,4,3,3,1.0
1103840,26364,16171,23989,5,5,1,4,0.8,0.6,1.0,4,3,3,1.0
1105037,17346,17347,24308,5,5,1,4,0.8,0.6,1.0,4,3,3,1.0
1108909,17298,17250,24314,5,5,1,4,0.8,0.6,1.0,4,3,3,1.0
1171455,1168,84778,24705,5,5,1,4,0.8,0.6,1.0,4,3,3,1.0
1108975,17298,17266,24801,5,5,1,4,0.8,0.6,1.0,4,3,3,1.0
1108995,5095,18812,24820,5,5,1,4,0.8,0.6,1.0,4,3,3,1.0
1109874,18695,27199,25013,5,5,1,4,0.8,0.6,1.0,4,3,3,1.0
1110546,17427,17425,25160,5,5,1,4,0.8,0.6,1.0,4,3,3,1.0
1113620,27029,27030,25188,5,5,1,4,0.8,0.6,1.0,4,3,3,1.0
1111930,18954,18915,25443,5,5,1,4,0.8,0.6,1.0,4,3,3,1.0
1112294,13442,13432,25535,5,5,1,4,0.8,0.6,1.0,4,3,3,1.0
1116632,13080,25298,25697,5,5,1,4,0.8,0.6,1.0,4,3,3,1.0
1113364,275196,3055,25864,5,5,1,4,0.8,0.6,1.0,4,3,3,1.0
1130843,13634,25473,25882,5,5,1,4,0.8,0.6,1.0,4,3,3,1.0
1113602,25434,13513,25915,5,5,1,4,0.8,0.6,1.0,4,3,3,1.0
1116304,25828,14677,25951,5,5,1,4,0.8,0.6,1.0,4,3,3,1.0
1114669,25596,25599,26062,5,5,1,4,0.8,0.6,1.0,4,3,3,1.0
1114487,25190,25229,26092,5,5,1,4,0.8,0.6,1.0,4,3,3,1.0
1116130,12919,13004,26440,5,5,1,4,0.8,0.6,1.0,4,3,3,1.0
1197868,11329,11320,26600,5,5,1,4,0.8,0.6,1.0,4,3,3,1.0
1120954,68124,25165,26869,5,5,1,4,0.8,0.6,1.0,4,3,3,1.0
1122609,24967,24972,27075,5,5,1,4,0.8,0.6,1.0,4,3,3,1.0
1122112,1822,20266,27108,5,5,1,4,0.8,0.6,1.0,4,3,3,1.0
1197330,25003,25099,27202,5,5,1,4,0.8,0.6,1.0,4,3,3,1.0
1123658,24750,24730,27228,5,5,1,4,0.8,0.6,1.0,4,3,3,1.0
1123493,12378,12429,27559,5,5,1,4,0.8,0.6,1.0,4,3,3,1.0
1125614,13000,13070,27620,5,5,1,4,0.8,0.6,1.0,4,3,3,1.0
1125853,56304,1071,27629,5,5,1,4,0.8,0.6,1.0,4,3,3,1.0
1124094,937,932,27705,5,5,1,4,0.8,0.6,1.0,4,3,3,1.0
1158564,24764,11892,27714,5,5,1,4,0.8,0.6,1.0,4,3,3,1.0
1125447,1087,1074,28003,5,5,1,4,0.8,0.6,1.0,4,3,3,1.0
1152856,359627,1094,28005,5,5,1,4,0.8,0.6,1.0,4,3,3,1.0
1299187,4599,4651,28052,5,5,1,4,0.8,0.6,1.0,4,3,3,1.0
1126170,1402,1370,28195,5,5,1,4,0.8,0.6,1.0,4,3,3,1.0
1126805,25860,14692,28363,5,5,1,4,0.8,0.6,1.0,4,3,3,1.0
1180896,271687,3436,28367,5,5,1,4,0.8,0.6,1.0,4,3,3,1.0
1128258,20948,2791,28410,5,5,1,4,0.8,0.6,1.0,4,3,3,1.0
1225794,9185,9193,28603,5,5,1,4,0.8,0.6,1.0,4,3,3,1.0
1218412,12204,12239,28864,5,5,1,4,0.8,0.6,1.0,4,3,3,1.0
1306218,4950,4948,28923,5,5,1,4,0.8,0.6,1.0,4,3,3,1.0
1272097,14669,14598,28937,5,5,1,4,0.8,0.6,1.0,4,3,3,1.0
1288276,370269,370270,29369,5,5,1,4,0.8,0.6,1.0,4,3,3,1.0
1276529,14722,14755,29469,5,5,1,4,0.8,0.6,1.0,4,3,3,1.0
1268324,8790,8835,29573,5,5,1,4,0.8,0.6,1.0,4,3,3,1.0
1301842,22621,7041,29927,5,5,1,4,0.8,0.6,1.0,4,3,3,1.0
1133207,282563,282562,30007,5,5,1,4,0.8,0.6,1.0,4,3,3,1.0
1132747,325436,9429,30148,5,5,1,4,0.8,0.6,1.0,4,3,3,1.0
1309692,7490,7538,30372,5,5,1,4,0.8,0.6,1.0,4,3,3,1.0
1311683,22896,22900,30472,5,5,1,4,0.8,0.6,1.0,4,3,3,1.0
1304098,210,209,30505,5,5,1,4,0.8,0.6,1.0,4,3,3,1.0
1288267,1718,1695,30686,5,5,1,4,0.8,0.6,1.0,4,3,3,1.0
1225420,8995,8962,30996,5,5,1,4,0.8,0.6,1.0,4,3,3,1.0
1298125,22963,22942,31249,5,5,1,4,0.8,0.6,1.0,4,3,3,1.0
1197927,11171,24538,31283,5,5,1,4,0.8,0.6,1.0,4,3,3,1.0
1150414,3598,3603,31775,5,5,1,4,0.8,0.6,1.0,4,3,3,1.0
1308529,8982,8897,31817,5,5,1,4,0.8,0.6,1.0,4,3,3,1.0
1142997,878,111662,32250,7,5,1,4,0.8,0.6,1.0,6,3,3,1.0
1144359,370335,370334,32630,5,5,1,4,0.8,0.6,1.0,4,3,3,1.0
1144903,14217,14174,32746,5,5,1,4,0.8,0.6,1.0,4,3,3,1.0
1146021,25873,14724,33014,5,5,1,4,0.8,0.6,1.0,4,3,3,1.0
1153105,23944,9928,34120,5,5,1,4,0.8,0.6,1.0,4,3,3,1.0
1165191,17357,17403,34893,5,5,1,4,0.8,0.6,1.0,4,3,3,1.0
1167071,18924,27247,36272,5,5,1,4,0.8,0.6,1.0,4,3,3,1.0
1167441,18664,18696,36276,5,5,1,4,0.8,0.6,1.0,4,3,3,1.0
1185643,19652,19647,36288,5,5,1,4,0.8,0.6,1.0,4,3,3,1.0
1167735,27181,18609,36317,5,5,1,4,0.8,0.6,1.0,4,3,3,1.0
1185641,19647,19648,36327,5,5,1,4,0.8,0.6,1.0,4,3,3,1.0
1210369,1560,1606,36959,5,5,1,4,0.8,0.6,1.0,4,3,3,1.0
1196036,11419,11428,37085,5,5,1,4,0.8,0.6,1.0,4,3,3,1.0
1170425,24644,11493,37091,5,5,1,4,0.8,0.6,1.0,4,3,3,1.0
1196585,23920,9975,37178,5,5,1,4,0.8,0.6,1.0,4,3,3,1.0
1170807,24105,24174,37218,5,5,1,4,0.8,0.6,1.0,4,3,3,1.0
1173572,18132,18133,37360,5,5,1,4,0.8,0.6,1.0,4,3,3,1.0
1188065,25246,12933,37571,5,5,1,4,0.8,0.6,1.0,4,3,3,1.0
1180329,12441,12398,37918,5,5,1,4,0.8,0.6,1.0,4,3,3,1.0
1177913,2096,2128,38293,5,5,1,4,0.8,0.6,1.0,4,3,3,1.0
1179826,15428,15438,38493,5,5,1,4,0.8,0.6,1.0,4,3,3,1.0
1178155,20343,20366,38500,5,5,1,4,0.8,0.6,1.0,4,3,3,1.0
1179041,2193,2138,38690,5,5,1,4,0.8,0.6,1.0,4,3,3,1.0
1178998,13847,13875,38697,5,5,1,4,0.8,0.6,1.0,4,3,3,1.0
1179157,1678,1617,38735,5,5,1,4,0.8,0.6,1.0,4,3,3,1.0
1180831,15649,26140,38987,5,5,1,4,0.8,0.6,1.0,4,3,3,1.0
1184786,18975,18980,39230,5,5,1,4,0.8,0.6,1.0,4,3,3,1.0
1185013,19094,19146,39453,5,5,1,4,0.8,0.6,1.0,4,3,3,1.0
1185477,19402,19417,39657,5,5,1,4,0.8,0.6,1.0,4,3,3,1.0
1185700,19425,19414,39691,5,5,1,4,0.8,0.6,1.0,4,3,3,1.0
1188389,19588,19600,39739,5,5,1,4,0.8,0.6,1.0,4,3,3,1.0
1189189,4297,4310,39826,5,5,1,4,0.8,0.6,1.0,4,3,3,1.0
1188143,,3220,40096,6,5,0,3,0.6,0.6,1.0,5,3,3,1.0
1219522,3979,4008,40423,5,5,1,4,0.8,0.6,1.0,4,3,3,1.0
1289415,22704,22714,40700,5,5,1,4,0.8,0.6,1.0,4,3,3,1.0
1297490,6110,6101,40738,5,5,1,4,0.8,0.6,1.0,4,3,3,1.0
1196912,11254,11292,41042,5,5,1,4,0.8,0.6,1.0,4,3,3,1.0
1207817,24904,12186,41089,5,5,1,4,0.8,0.6,1.0,4,3,3,1.0
1197922,24341,24350,41350,5,5,1,4,0.8,0.6,1.0,4,3,3,1.0
1229607,11221,11253,41413,5,5,1,4,0.8,0.6,1.0,4,3,3,1.0
1265727,24977,12240,41533,5,5,1,4,0.8,0.6,1.0,4,3,3,1.0
1199669,23941,10006,41896,5,5,1,4,0.8,0.6,1.0,4,3,3,1.0
1200313,12370,12287,42052,5,5,1,4,0.8,0.6,1.0,4,3,3,1.0
1205552,12192,12241,42271,5,5,1,4,0.8,0.6,1.0,4,3,3,1.0
1201625,11534,24645,42371,5,5,1,4,0.8,0.6,1.0,4,3,3,1.0
1202489,18121,18106,42478,5,5,1,4,0.8,0.6,1.0,4,3,3,1.0
1202828,19048,18997,42572,5,5,1,4,0.8,0.6,1.0,4,3,3,1.0
1205500,13839,1875,42719,5,5,1,4,0.8,0.6,1.0,4,3,3,1.0
1208644,77083,599,43405,5,5,1,4,0.8,0.6,1.0,4,3,3,1.0
1208973,10609,10483,43471,5,5,1,4,0.8,0.6,1.0,4,3,3,1.0
1216111,280637,280635,43909,5,5,1,4,0.8,0.6,1.0,4,3,3,1.0
1277286,16359,26401,43959,5,5,1,4,0.8,0.6,1.0,4,3,3,1.0
1218646,11566,11506,44015,5,5,1,4,0.8,0.6,1.0,4,3,3,1.0
1217727,24486,24483,44163,5,5,1,4,0.8,0.6,1.0,4,3,3,1.0
1265862,281275,280970,44171,5,5,1,4,0.8,0.6,1.0,4,3,3,1.0
1219072,24746,11771,44421,5,5,1,4,0.8,0.6,1.0,4,3,3,1.0
1272515,23730,23738,44507,5,5,1,4,0.8,0.6,1.0,4,3,3,1.0
1226697,23130,8492,45499,5,5,1,4,0.8,0.6,1.0,4,3,3,1.0
1229584,10324,24100,46363,5,5,1,4,0.8,0.6,1.0,4,3,3,1.0
1289332,216,7368,46405,5,5,1,4,0.8,0.6,1.0,4,3,3,1.0
1271967,9139,9162,47154,5,5,1,4,0.8,0.6,1.0,4,3,3,1.0
1266373,103,22676,47221,5,5,1,4,0.8,0.6,1.0,4,3,3,1.0
1267787,8531,8590,47609,5,5,1,4,0.8,0.6,1.0,4,3,3,1.0
1275704,378668,23853,47650,5,5,1,4,0.8,0.6,1.0,4,3,3,1.0
1268267,8610,8643,47723,5,5,1,4,0.8,0.6,1.0,4,3,3,1.0
1268675,23873,9858,47818,5,5,1,4,0.8,0.6,1.0,4,3,3,1.0
1271232,14870,14917,48122,5,5,1,4,0.8,0.6,1.0,4,3,3,1.0
1274157,9982,9933,48246,5,5,1,4,0.8,0.6,1.0,4,3,3,1.0
1277036,25687,14310,48380,5,5,1,4,0.8,0.6,1.0,4,3,3,1.0
1271852,23379,8908,48468,5,5,1,4,0.8,0.6,1.0,4,3,3,1.0
1272155,25569,13891,48491,5,5,1,4,0.8,0.6,1.0,4,3,3,1.0
1278764,1914,85409,48667,5,5,1,4,0.8,0.6,1.0,4,3,3,1.0
1287300,23959,23951,48742,5,5,1,4,0.8,0.6,1.0,4,3,3,1.0
1276011,26847,17719,49000,5,5,1,4,0.8,0.6,1.0,4,3,3,1.0
1280110,135660,4885,49011,5,5,1,4,0.8,0.6,1.0,4,3,3,1.0
1278058,25969,25982,49126,5,5,1,4,0.8,0.6,1.0,4,3,3,1.0
1276888,192007,2081,49319,5,5,1,4,0.8,0.6,1.0,4,3,3,1.0
1282909,2081,192007,49321,5,5,1,4,0.8,0.6,1.0,4,3,3,1.0
1276895,20422,20408,49326,5,5,1,4,0.8,0.6,1.0,4,3,3,1.0
1277355,20480,20503,49457,5,5,1,4,0.8,0.6,1.0,4,3,3,1.0
1278182,4498,4503,49642,5,5,1,4,0.8,0.6,1.0,4,3,3,1.0
1307215,2299,2321,49694,5,5,1,4,0.8,0.6,1.0,4,3,3,1.0
1279203,4721,4676,49923,5,5,1,4,0.8,0.6,1.0,4,3,3,1.0
1299617,195214,21639,50056,5,5,1,4,0.8,0.6,1.0,4,3,3,1.0
1282613,27429,27422,50097,5,5,1,4,0.8,0.6,1.0,4,3,3,1.0
1280638,7364,22716,50377,5,5,1,4,0.8,0.6,1.0,4,3,3,1.0
1280714,10991,10968,50389,5,5,1,4,0.8,0.6,1.0,4,3,3,1.0
1300501,7494,7556,50423,5,5,1,4,0.8,0.6,1.0,4,3,3,1.0
1297579,4893,4882,50462,5,5,1,4,0.8,0.6,1.0,4,3,3,1.0
1282042,16738,16725,50744,5,5,1,4,0.8,0.6,1.0,4,3,3,1.0
1282068,8418,8348,50756,5,5,1,4,0.8,0.6,1.0,4,3,3,1.0
1282405,7730,7727,50851,5,5,1,4,0.8,0.6,1.0,4,3,3,1.0
1297698,26639,17100,50881,5,5,1,4,0.8,0.6,1.0,4,3,3,1.0
1287469,23912,9993,51425,5,5,1,4,0.8,0.6,1.0,4,3,3,1.0
1299008,6705,22399,52182,5,5,1,4,0.8,0.6,1.0,4,3,3,1.0
1299323,26634,17099,52241,5,5,1,4,0.8,0.6,1.0,4,3,3,1.0
1300381,7684,22841,52508,5,5,1,4,0.8,0.6,1.0,4,3,3,1.0
1307746,7910,7861,52516,5,5,1,4,0.8,0.6,1.0,4,3,3,1.0
1308215,6834,6898,52664,5,5,1,4,0.8,0.6,1.0,4,3,3,1.0
1302688,6367,6362,52743,5,5,1,4,0.8,0.6,1.0,4,3,3,1.0
1302066,7803,7841,52821,5,5,1,4,0.8,0.6,1.0,4,3,3,1.0
1304196,22136,6063,53233,5,5,1,4,0.8,0.6,1.0,4,3,3,1.0
1310718,6729,6747,53331,5,5,1,4,0.8,0.6,1.0,4,3,3,1.0
1306896,22919,7925,53433,5,5,1,4,0.8,0.6,1.0,4,3,3,1.0
1250236,6638,6684,8891,14,14,3,11,0.7857,0.5714,1.0,13,3,3,1.0
1132416,6638,6684,8891,14,14,3,11,0.7857,0.5714,1.0,13,3,3,1.0
1036261,6638,6684,8891,14,14,3,11,0.7857,0.5714,1.0,13,3,3,1.0
1052645,343755,20713,12252,14,14,3,11,0.7857,0.5714,1.0,13,3,3,1.0
1156699,343755,20713,12252,14,14,3,11,0.7857,0.5714,1.0,13,3,3,1.0
1073278,343755,20713,12252,14,14,3,11,0.7857,0.5714,1.0,13,3,3,1.0
1000808,19816,346,148,7,7,1,5,0.7143,0.5714,1.0,6,3,3,1.0
1000810,334,346,148,7,7,1,5,0.7143,0.5714,1.0,6,3,3,1.0
1004067,12481,12506,1390,7,7,1,5,0.7143,0.5714,1.0,6,3,3,1.0
1005794,12471,12506,1390,7,7,1,5,0.7143,0.5714,1.0,6,3,3,1.0
1038187,6709,6745,9915,7,7,1,5,0.7143,0.5714,1.0,6,3,3,1.0
1038238,6712,6745,9915,7,7,1,5,0.7143,0.5714,1.0,6,3,3,1.0
1057691,283837,283836,13170,7,7,1,5,0.7143,0.5714,1.0,6,3,3,1.0
1057701,285120,283836,13170,7,7,1,5,0.7143,0.5714,1.0,6,3,3,1.0
1209030,10551,10640,13842,7,7,1,5,0.7143,0.5714,1.0,6,3,3,1.0
1169921,10609,10640,13842,7,7,1,5,0.7143,0.5714,1.0,6,3,3,1.0
1068904,376844,377006,15254,7,7,1,5,0.7143,0.5714,1.0,6,3,3,1.0
1068902,377291,377006,15254,7,7,1,5,0.7143,0.5714,1.0,6,3,3,1.0
1224948,10639,10644,16199,7,7,1,5,0.7143,0.5714,1.0,6,3,3,1.0
1170151,10678,10644,16199,7,7,1,5,0.7143,0.5714,1.0,6,3,3,1.0
1081520,13980,13983,18996,7,7,1,5,0.7143,0.5714,1.0,6,3,3,1.0
1081523,13981,13983,18996,7,7,1,5,0.7143,0.5714,1.0,6,3,3,1.0
1105066,17373,26697,24312,7,7,1,5,0.7143,0.5714,1.0,6,3,3,1.0
1108971,26689,26697,24312,7,7,1,5,0.7143,0.5714,1.0,6,3,3,1.0
1181085,16596,16629,29061,7,7,1,5,0.7143,0.5714,1.0,6,3,3,1.0
1188439,16645,16629,29061,7,7,1,5,0.7143,0.5714,1.0,6,3,3,1.0
1128625,7424,7337,29153,7,7,1,5,0.7143,0.5714,1.0,6,3,3,1.0
1300624,7310,7337,29153,7,7,1,5,0.7143,0.5714,1.0,6,3,3,1.0
1221897,24813,12006,43639,7,7,1,5,0.7143,0.5714,1.0,6,3,3,1.0
1221518,24795,12006,43639,7,7,1,5,0.7143,0.5714,1.0,6,3,3,1.0
1270037,9962,9903,45524,7,7,1,5,0.7143,0.5714,1.0,6,3,3,1.0
1225537,9923,9903,45524,7,7,1,5,0.7143,0.5714,1.0,6,3,3,1.0
1289595,25489,13590,45706,7,7,1,5,0.7143,0.5714,1.0,6,3,3,1.0
1273508,13597,13590,45706,7,7,1,5,0.7143,0.5714,1.0,6,3,3,1.0
1226768,8307,23086,45814,7,7,1,5,0.7143,0.5714,1.0,6,3,3,1.0
1266292,8320,23086,45814,7,7,1,5,0.7143,0.5714,1.0,6,3,3,1.0
1276241,7299,7330,49080,7,7,1,5,0.7143,0.5714,1.0,6,3,3,1.0
1283036,7319,7330,49080,7,7,1,5,0.7143,0.5714,1.0,6,3,3,1.0
1276921,17721,26838,49332,7,7,1,5,0.7143,0.5714,1.0,6,3,3,1.0
1276924,17712,26838,49332,7,7,1,5,0.7143,0.5714,1.0,6,3,3,1.0
1297619,5974,5954,51862,7,7,1,5,0.7143,0.5714,1.0,6,3,3,1.0
1305131,5950,5954,51862,7,7,1,5,0.7143,0.5714,1.0,6,3,3,1.0
1307213,4744,4721,1711,16,16,2,11,0.6875,0.5625,1.0,15,3,3,1.0
1307212,4744,4721,1711,16,16,2,11,0.6875,0.5625,1.0,15,3,3,1.0
1035968,6734,22373,3229,9,9,2,7,0.7778,0.5556,1.0,8,3,3,1.0
1028002,6734,22373,3229,9,9,2,7,0.7778,0.5556,1.0,8,3,3,1.0
1146822,2947,2916,4565,9,9,2,7,0.7778,0.5556,1.0,8,3,3,1.0
1146835,2947,2916,4565,9,9,2,7,0.7778,0.5556,1.0,8,3,3,1.0
1026635,344336,344337,6162,9,9,2,7,0.7778,0.5556,1.0,8,3,3,1.0
1026662,344336,344337,6162,9,9,2,7,0.7778,0.5556,1.0,8,3,3,1.0
1068991,19143,19166,6632,9,9,1,6,0.6667,0.5556,1.0,8,3,3,1.0
1044614,22837,7603,7665,9,9,2,7,0.7778,0.5556,1.0,8,3,3,1.0
1048929,22837,7603,7665,9,9,2,7,0.7778,0.5556,1.0,8,3,3,1.0
1044959,344337,343441,9316,9,9,2,7,0.7778,0.5556,1.0,8,3,3,1.0
1044960,344337,343441,9316,9,9,2,7,0.7778,0.5556,1.0,8,3,3,1.0
1090807,116779,116781,11855,9,9,2,7,0.7778,0.5556,1.0,8,3,3,1.0
1100225,116779,116781,11855,9,9,2,7,0.7778,0.5556,1.0,8,3,3,1.0
1057931,349867,349853,11911,9,9,2,7,0.7778,0.5556,1.0,8,3,3,1.0
1057930,349867,349853,11911,9,9,2,7,0.7778,0.5556,1.0,8,3,3,1.0
1138508,172493,172492,12886,9,9,1,6,0.6667,0.5556,1.0,8,3,3,1.0
1070271,5257,188801,16053,9,9,2,7,0.7778,0.5556,1.0,8,3,3,1.0
1088989,5257,188801,16053,9,9,2,7,0.7778,0.5556,1.0,8,3,3,1.0
1088209,14716,14674,20005,9,9,1,6,0.6667,0.5556,1.0,8,3,3,1.0
1130673,210564,14674,20005,9,9,1,6,0.6667,0.5556,1.0,8,3,3,1.0
1091502,14585,14674,20005,9,9,1,6,0.6667,0.5556,1.0,8,3,3,1.0
1202208,17992,26968,23817,9,9,1,6,0.6667,0.5556,1.0,8,3,3,1.0
1123711,12104,12160,27601,9,9,2,7,0.7778,0.5556,1.0,8,3,3,1.0
1123673,12104,12160,27601,9,9,2,7,0.7778,0.5556,1.0,8,3,3,1.0
1206262,25699,25698,28173,9,9,2,7,0.7778,0.5556,1.0,8,3,3,1.0
1206261,25699,25698,28173,9,9,2,7,0.7778,0.5556,1.0,8,3,3,1.0
1134539,6786,22409,29497,9,9,2,7,0.7778,0.5556,1.0,8,3,3,1.0
1136444,6786,22409,29497,9,9,2,7,0.7778,0.5556,1.0,8,3,3,1.0
1282228,19512,19506,31154,9,9,2,7,0.7778,0.5556,1.0,8,3,3,1.0
1282268,19512,19506,31154,9,9,2,7,0.7778,0.5556,1.0,8,3,3,1.0
1286002,26765,17535,43948,9,9,2,7,0.7778,0.5556,1.0,8,3,3,1.0
1279507,26765,17535,43948,9,9,2,7,0.7778,0.5556,1.0,8,3,3,1.0
1220681,19068,19038,44812,9,9,1,6,0.6667,0.5556,1.0,8,3,3,1.0
1228247,8507,8526,46105,9,9,2,7,0.7778,0.5556,1.0,8,3,3,1.0
1228248,8507,8526,46105,9,9,2,7,0.7778,0.5556,1.0,8,3,3,1.0
1266297,9398,9428,46543,9,9,2,7,0.7778,0.5556,1.0,8,3,3,1.0
1266295,9398,9428,46543,9,9,2,7,0.7778,0.5556,1.0,8,3,3,1.0
1272227,4669,17155,48517,9,9,2,7,0.7778,0.5556,1.0,8,3,3,1.0
1272228,4669,17155,48517,9,9,2,7,0.7778,0.5556,1.0,8,3,3,1.0
1288129,9322,23604,51482,9,9,2,7,0.7778,0.5556,1.0,8,3,3,1.0
1288130,9322,23604,51482,9,9,2,7,0.7778,0.5556,1.0,8,3,3,1.0
1102160,89567,17109,4729,11,11,1,7,0.6364,0.5455,1.0,10,3,3,1.0
1093146,88613,17109,4729,11,11,1,7,0.6364,0.5455,1.0,10,3,3,1.0
1149985,14705,25838,25800,11,11,1,7,0.6364,0.5455,1.0,10,3,3,1.0
1054677,345360,345359,4102,13,13,2,9,0.6923,0.5385,1.0,12,3,3,1.0
1065076,345360,345359,4102,13,13,2,9,0.6923,0.5385,1.0,12,3,3,1.0
1065075,345362,345359,4102,13,13,2,9,0.6923,0.5385,1.0,12,3,3,1.0
1054641,345362,345359,4102,13,13,2,9,0.6923,0.5385,1.0,12,3,3,1.0
1299555,21708,4929,49966,17,17,4,13,0.7647,0.5294,1.0,16,3,3,1.0
1299543,21708,4929,49966,17,17,4,13,0.7647,0.5294,1.0,16,3,3,1.0
1299545,21708,4929,49966,17,17,4,13,0.7647,0.5294,1.0,16,3,3,1.0
1299556,21708,4929,49966,17,17,4,13,0.7647,0.5294,1.0,16,3,3,1.0
1307210,4746,4721,1711,16,16,3,11,0.6875,0.5,1.0,15,3,3,1.0
1004925,4746,4721,1711,16,16,3,11,0.6875,0.5,1.0,15,3,3,1.0
1307211,4746,4721,1711,16,16,3,11,0.6875,0.5,1.0,15,3,3,1.0
1110163,21779,5145,25018,16,16,4,12,0.75,0.5,1.0,15,3,3,1.0
1111197,21779,5145,25018,16,16,4,12,0.75,0.5,1.0,15,3,3,1.0
1111199,21779,5145,25018,16,16,4,12,0.75,0.5,1.0,15,3,3,1.0
1111196,21779,5145,25018,16,16,4,12,0.75,0.5,1.0,15,3,3,1.0
1233016,,535788,26053,15,14,0,7,0.5,0.5,1.0,14,3,3,1.0
1088792,349711,349710,11767,12,12,3,9,0.75,0.5,1.0,11,3,3,1.0
1074042,349711,349710,11767,12,12,3,9,0.75,0.5,1.0,11,3,3,1.0
1052301,349711,349710,11767,12,12,3,9,0.75,0.5,1.0,11,3,3,1.0
1158701,3804,3812,28991,12,12,3,9,0.75,0.5,1.0,11,3,3,1.0
1159673,3804,3812,28991,12,12,3,9,0.75,0.5,1.0,11,3,3,1.0
1165235,3804,3812,28991,12,12,3,9,0.75,0.5,1.0,11,3,3,1.0
1126562,11660,24745,28291,10,10,2,7,0.7,0.5,1.0,9,3,3,1.0
1176575,11660,24745,28291,10,10,2,7,0.7,0.5,1.0,9,3,3,1.0
1282416,4580,4594,49128,10,10,2,7,0.7,0.5,1.0,9,3,3,1.0
1282239,4580,4594,49128,10,10,2,7,0.7,0.5,1.0,9,3,3,1.0
1001373,244,232,468,8,8,1,5,0.625,0.5,1.0,7,3,3,1.0
1005220,109106,109104,1686,8,8,2,6,0.75,0.5,1.0,7,3,3,1.0
1005219,109106,109104,1686,8,8,2,6,0.75,0.5,1.0,7,3,3,1.0
1006203,11852,11897,1834,8,8,2,6,0.75,0.5,1.0,7,3,3,1.0
1006204,11852,11897,1834,8,8,2,6,0.75,0.5,1.0,7,3,3,1.0
1145619,2853,2870,3079,8,8,2,6,0.75,0.5,1.0,7,3,3,1.0
1145648,2853,2870,3079,8,8,2,6,0.75,0.5,1.0,7,3,3,1.0
1046974,65249,40616,3833,8,8,1,5,0.625,0.5,1.0,7,3,3,1.0
1012976,336002,336000,3977,8,8,2,6,0.75,0.5,1.0,7,3,3,1.0
1052489,336002,336000,3977,8,8,2,6,0.75,0.5,1.0,7,3,3,1.0
1184700,27451,19622,4012,8,8,1,5,0.625,0.5,1.0,7,3,3,1.0
1128556,23898,23883,7160,8,8,2,6,0.75,0.5,1.0,7,3,3,1.0
1027549,23898,23883,7160,8,8,2,6,0.75,0.5,1.0,7,3,3,1.0
1047425,10857,10822,11797,8,8,2,6,0.75,0.5,1.0,7,3,3,1.0
1047426,10857,10822,11797,8,8,2,6,0.75,0.5,1.0,7,3,3,1.0
1119698,370224,370222,14304,8,8,2,6,0.75,0.5,1.0,7,3,3,1.0
1063214,370224,370222,14304,8,8,2,6,0.75,0.5,1.0,7,3,3,1.0
1078700,19160,19163,15743,8,8,1,5,0.625,0.5,1.0,7,3,3,1.0
1302662,6478,6509,17004,8,8,2,6,0.75,0.5,1.0,7,3,3,1.0
1138048,6478,6509,17004,8,8,2,6,0.75,0.5,1.0,7,3,3,1.0
1153889,2478,2384,19591,8,8,2,6,0.75,0.5,1.0,7,3,3,1.0
1153887,2478,2384,19591,8,8,2,6,0.75,0.5,1.0,7,3,3,1.0
1168799,27268,27272,19653,8,8,1,5,0.625,0.5,1.0,7,3,3,1.0
1138408,26928,26920,20918,8,8,2,6,0.75,0.5,1.0,7,3,3,1.0
1146378,26928,26920,20918,8,8,2,6,0.75,0.5,1.0,7,3,3,1.0
1145398,2580,2572,21418,8,8,2,6,0.75,0.5,1.0,7,3,3,1.0
1145404,2580,2572,21418,8,8,2,6,0.75,0.5,1.0,7,3,3,1.0
1110155,17039,17037,23196,8,8,2,6,0.75,0.5,1.0,7,3,3,1.0
1110152,17039,17037,23196,8,8,2,6,0.75,0.5,1.0,7,3,3,1.0
1103142,26464,26470,23245,8,8,1,5,0.625,0.5,1.0,7,3,3,1.0
1100427,26474,26470,23245,8,8,1,5,0.625,0.5,1.0,7,3,3,1.0
1103169,26475,26470,23245,8,8,1,5,0.625,0.5,1.0,7,3,3,1.0
1113565,18959,18973,25225,8,8,2,6,0.75,0.5,1.0,7,3,3,1.0
1113567,18959,18973,25225,8,8,2,6,0.75,0.5,1.0,7,3,3,1.0
1121642,20719,25806,27026,8,8,1,5,0.625,0.5,1.0,7,3,3,1.0
1123906,12263,12262,27550,8,8,2,6,0.75,0.5,1.0,7,3,3,1.0
1123908,12263,12262,27550,8,8,2,6,0.75,0.5,1.0,7,3,3,1.0
1171392,20056,20061,28020,8,8,2,6,0.75,0.5,1.0,7,3,3,1.0
1125559,20056,20061,28020,8,8,2,6,0.75,0.5,1.0,7,3,3,1.0
1127462,3102,3106,28617,8,8,2,6,0.75,0.5,1.0,7,3,3,1.0
1146625,3102,3106,28617,8,8,2,6,0.75,0.5,1.0,7,3,3,1.0
1289334,7479,7366,31514,8,8,1,5,0.625,0.5,1.0,7,3,3,1.0
1277911,530652,530651,31756,8,8,2,6,0.75,0.5,1.0,7,3,3,1.0
1307503,530652,530651,31756,8,8,2,6,0.75,0.5,1.0,7,3,3,1.0
1304253,6182,6158,32014,8,8,2,6,0.75,0.5,1.0,7,3,3,1.0
1304250,6182,6158,32014,8,8,2,6,0.75,0.5,1.0,7,3,3,1.0
1142398,14843,2661,32076,8,8,1,5,0.625,0.5,1.0,7,3,3,1.0
1280296,4553,21604,32165,8,8,2,6,0.75,0.5,1.0,7,3,3,1.0
1287202,4553,21604,32165,8,8,2,6,0.75,0.5,1.0,7,3,3,1.0
1148621,3049,21135,32686,8,8,2,6,0.75,0.5,1.0,7,3,3,1.0
1154465,3049,21135,32686,8,8,2,6,0.75,0.5,1.0,7,3,3,1.0
1145389,2580,2572,32854,8,8,2,6,0.75,0.5,1.0,7,3,3,1.0
1145399,2580,2572,32854,8,8,2,6,0.75,0.5,1.0,7,3,3,1.0
1164598,21747,21743,35759,8,8,2,6,0.75,0.5,1.0,7,3,3,1.0
1203242,21747,21743,35759,8,8,2,6,0.75,0.5,1.0,7,3,3,1.0
1186604,273916,273917,36771,8,8,2,6,0.75,0.5,1.0,7,3,3,1.0
1186602,273916,273917,36771,8,8,2,6,0.75,0.5,1.0,7,3,3,1.0
1169308,162238,162239,36814,8,8,2,6,0.75,0.5,1.0,7,3,3,1.0
1169310,162238,162239,36814,8,8,2,6,0.75,0.5,1.0,7,3,3,1.0
1185084,19410,19390,39576,8,8,2,6,0.75,0.5,1.0,7,3,3,1.0
1185083,19410,19390,39576,8,8,2,6,0.75,0.5,1.0,7,3,3,1.0
1234463,,285756,40834,9,8,0,4,0.5,0.5,1.0,8,3,3,1.0
1273695,2011,20381,43099,8,8,2,6,0.75,0.5,1.0,7,3,3,1.0
1273712,2011,20381,43099,8,8,2,6,0.75,0.5,1.0,7,3,3,1.0
1209678,165116,165117,43606,8,8,2,6,0.75,0.5,1.0,7,3,3,1.0
1221246,165116,165117,43606,8,8,2,6,0.75,0.5,1.0,7,3,3,1.0
1273069,25690,25668,48118,8,8,2,6,0.75,0.5,1.0,7,3,3,1.0
1270742,25690,25668,48118,8,8,2,6,0.75,0.5,1.0,7,3,3,1.0
1289024,10228,10203,48810,8,8,2,6,0.75,0.5,1.0,7,3,3,1.0
1288488,10228,10203,48810,8,8,2,6,0.75,0.5,1.0,7,3,3,1.0
1276063,17719,26847,48991,8,8,2,6,0.75,0.5,1.0,7,3,3,1.0
1276010,17719,26847,48991,8,8,2,6,0.75,0.5,1.0,7,3,3,1.0
1306609,17790,26856,48993,8,8,2,6,0.75,0.5,1.0,7,3,3,1.0
1306608,17790,26856,48993,8,8,2,6,0.75,0.5,1.0,7,3,3,1.0
1287046,7757,7760,49119,8,8,1,5,0.625,0.5,1.0,7,3,3,1.0
1299069,7851,7806,49875,8,8,2,6,0.75,0.5,1.0,7,3,3,1.0
1299068,7851,7806,49875,8,8,2,6,0.75,0.5,1.0,7,3,3,1.0
1307279,8821,8914,51344,8,8,2,6,0.75,0.5,1.0,7,3,3,1.0
1309116,8821,8914,51344,8,8,2,6,0.75,0.5,1.0,7,3,3,1.0
1311373,6020,6005,54326,8,8,2,6,0.75,0.5,1.0,7,3,3,1.0
1311332,6020,6005,54326,8,8,2,6,0.75,0.5,1.0,7,3,3,1.0
1000685,5580,221438,72,6,6,1,4,0.6667,0.5,1.0,5,3,3,1.0
1000666,5576,221438,72,6,6,1,4,0.6667,0.5,1.0,5,3,3,1.0
1130669,375100,11796,1182,6,6,1,4,0.6667,0.5,1.0,5,3,3,1.0
1009969,11777,11796,1182,6,6,1,4,0.6667,0.5,1.0,5,3,3,1.0
1003820,19681,19682,1237,6,6,1,4,0.6667,0.5,1.0,5,3,3,1.0
1003615,19685,19682,1237,6,6,1,4,0.6667,0.5,1.0,5,3,3,1.0
1003707,19705,19703,1255,6,6,1,4,0.6667,0.5,1.0,5,3,3,1.0
1003779,19704,19703,1255,6,6,1,4,0.6667,0.5,1.0,5,3,3,1.0
1081055,384699,5172,3748,6,6,1,4,0.6667,0.5,1.0,5,3,3,1.0
1098535,5176,5172,3748,6,6,1,4,0.6667,0.5,1.0,5,3,3,1.0
1023546,23452,9032,5730,6,6,1,4,0.6667,0.5,1.0,5,3,3,1.0
1024483,9053,9032,5730,6,6,1,4,0.6667,0.5,1.0,5,3,3,1.0
1023831,7679,7733,6486,6,6,1,4,0.6667,0.5,1.0,5,3,3,1.0
1306056,7555,7733,6486,6,6,1,4,0.6667,0.5,1.0,5,3,3,1.0
1233029,,501855,7004,7,6,0,3,0.5,0.5,1.0,6,3,3,1.0
1032017,370358,370350,7505,6,6,1,4,0.6667,0.5,1.0,5,3,3,1.0
1028536,375309,370350,7505,6,6,1,4,0.6667,0.5,1.0,5,3,3,1.0
1115078,13603,180797,11844,6,6,1,4,0.6667,0.5,1.0,5,3,3,1.0
1047657,1789,180797,11844,6,6,1,4,0.6667,0.5,1.0,5,3,3,1.0
1076466,19208,19225,16427,6,6,1,4,0.6667,0.5,1.0,5,3,3,1.0
1076464,19231,19225,16427,6,6,1,4,0.6667,0.5,1.0,5,3,3,1.0
1082027,15796,15778,19131,6,6,1,4,0.6667,0.5,1.0,5,3,3,1.0
1102857,15750,15778,19131,6,6,1,4,0.6667,0.5,1.0,5,3,3,1.0
1179794,350097,345003,22506,6,6,1,4,0.6667,0.5,1.0,5,3,3,1.0
1097466,344363,345003,22506,6,6,1,4,0.6667,0.5,1.0,5,3,3,1.0
1103062,17186,17172,23811,6,6,1,4,0.6667,0.5,1.0,5,3,3,1.0
1103097,17180,17172,23811,6,6,1,4,0.6667,0.5,1.0,5,3,3,1.0
1110701,14416,14391,25174,6,6,1,4,0.6667,0.5,1.0,5,3,3,1.0
1112435,14431,14391,25174,6,6,1,4,0.6667,0.5,1.0,5,3,3,1.0
1122629,25018,25013,27313,6,6,1,4,0.6667,0.5,1.0,5,3,3,1.0
1122693,25024,25013,27313,6,6,1,4,0.6667,0.5,1.0,5,3,3,1.0
1275616,12163,24945,28695,6,6,1,4,0.6667,0.5,1.0,5,3,3,1.0
1265884,12020,24945,28695,6,6,1,4,0.6667,0.5,1.0,5,3,3,1.0
1282750,19587,19575,29371,6,6,1,4,0.6667,0.5,1.0,5,3,3,1.0
1282790,19582,19575,29371,6,6,1,4,0.6667,0.5,1.0,5,3,3,1.0
1133548,8044,8065,30543,6,6,1,4,0.6667,0.5,1.0,5,3,3,1.0
1216177,8128,8065,30543,6,6,1,4,0.6667,0.5,1.0,5,3,3,1.0
1137190,8091,8149,31630,6,6,1,4,0.6667,0.5,1.0,5,3,3,1.0
1306522,8124,8149,31630,6,6,1,4,0.6667,0.5,1.0,5,3,3,1.0
1170055,24840,11999,36970,6,6,1,4,0.6667,0.5,1.0,5,3,3,1.0
1208290,24787,11999,36970,6,6,1,4,0.6667,0.5,1.0,5,3,3,1.0
1186445,19612,27451,39626,6,6,1,4,0.6667,0.5,1.0,5,3,3,1.0
1188399,19620,27451,39626,6,6,1,4,0.6667,0.5,1.0,5,3,3,1.0
1200415,12130,12180,42103,6,6,1,4,0.6667,0.5,1.0,5,3,3,1.0
1221717,12208,12180,42103,6,6,1,4,0.6667,0.5,1.0,5,3,3,1.0
1271265,14281,14323,48134,6,6,1,4,0.6667,0.5,1.0,5,3,3,1.0
1271263,14381,14323,48134,6,6,1,4,0.6667,0.5,1.0,5,3,3,1.0
1301463,6503,6485,48200,6,6,1,4,0.6667,0.5,1.0,5,3,3,1.0
1310328,22301,6485,48200,6,6,1,4,0.6667,0.5,1.0,5,3,3,1.0
1271225,14493,14441,48349,6,6,1,4,0.6667,0.5,1.0,5,3,3,1.0
1271245,14366,14441,48349,6,6,1,4,0.6667,0.5,1.0,5,3,3,1.0
1274342,9890,9965,48907,6,6,1,4,0.6667,0.5,1.0,5,3,3,1.0
1289590,23930,9965,48907,6,6,1,4,0.6667,0.5,1.0,5,3,3,1.0
1297699,18056,18052,49004,6,6,1,4,0.6667,0.5,1.0,5,3,3,1.0
1281162,18036,18052,49004,6,6,1,4,0.6667,0.5,1.0,5,3,3,1.0
1282722,27377,19416,50922,6,6,1,4,0.6667,0.5,1.0,5,3,3,1.0
1282697,27367,19416,50922,6,6,1,4,0.6667,0.5,1.0,5,3,3,1.0
1287152,7976,8118,51376,6,6,1,4,0.6667,0.5,1.0,5,3,3,1.0
1300557,8081,8118,51376,6,6,1,4,0.6667,0.5,1.0,5,3,3,1.0
1297569,7502,7573,51846,6,6,1,4,0.6667,0.5,1.0,5,3,3,1.0
1297926,7652,7573,51846,6,6,1,4,0.6667,0.5,1.0,5,3,3,1.0
1000661,5558,453995,92,4,4,1,3,0.75,0.5,1.0,3,3,3,1.0
1000832,19676,19679,197,4,4,1,3,0.75,0.5,1.0,3,3,3,1.0
1000893,83807,5465,214,4,4,1,3,0.75,0.5,1.0,3,3,3,1.0
1006651,30364,24109,227,4,4,1,3,0.75,0.5,1.0,3,3,3,1.0
1001049,219,218,302,4,4,1,3,0.75,0.5,1.0,3,3,3,1.0
1002666,19835,418,365,4,4,1,3,0.75,0.5,1.0,3,3,3,1.0
1001293,279,282,414,4,4,1,3,0.75,0.5,1.0,3,3,3,1.0
1001462,19819,19823,418,4,4,1,3,0.75,0.5,1.0,3,3,3,1.0
1001282,279,19794,423,4,4,1,3,0.75,0.5,1.0,3,3,3,1.0
1001928,446,438,471,4,4,1,3,0.75,0.5,1.0,3,3,3,1.0
1001748,227,212,641,4,4,1,3,0.75,0.5,1.0,3,3,3,1.0
1001888,274,268,648,4,4,1,3,0.75,0.5,1.0,3,3,3,1.0
1280975,530,529,768,4,4,1,3,0.75,0.5,1.0,3,3,3,1.0
1002507,24383,10783,1028,4,4,1,3,0.75,0.5,1.0,3,3,3,1.0
1007358,10404,10453,1053,4,4,1,3,0.75,0.5,1.0,3,3,3,1.0
1003609,19710,19711,1235,4,4,1,3,0.75,0.5,1.0,3,3,3,1.0
1003823,19686,19689,1253,4,4,1,3,0.75,0.5,1.0,3,3,3,1.0
1003710,19711,27471,1271,4,4,1,3,0.75,0.5,1.0,3,3,3,1.0
1119488,25509,13678,1479,4,4,1,3,0.75,0.5,1.0,3,3,3,1.0
1004420,133432,133434,1533,4,4,1,3,0.75,0.5,1.0,3,3,3,1.0
1007811,645,658,2530,4,4,1,3,0.75,0.5,1.0,3,3,3,1.0
1007841,681,689,2558,4,4,1,3,0.75,0.5,1.0,3,3,3,1.0
1128761,131184,131185,2948,4,4,1,3,0.75,0.5,1.0,3,3,3,1.0
1014562,5413,5416,3999,4,4,1,3,0.75,0.5,1.0,3,3,3,1.0
1013029,3933,3916,4019,4,4,1,3,0.75,0.5,1.0,3,3,3,1.0
1023961,24382,10715,4755,4,4,1,3,0.75,0.5,1.0,3,3,3,1.0
1195013,19961,913,5138,4,4,1,3,0.75,0.5,1.0,3,3,3,1.0
1027256,9059,23496,5250,4,4,1,3,0.75,0.5,1.0,3,3,3,1.0
1020592,9287,9241,5344,4,4,1,3,0.75,0.5,1.0,3,3,3,1.0
1046155,24406,24411,6143,4,4,1,3,0.75,0.5,1.0,3,3,3,1.0
1028620,17661,17563,7581,4,4,1,3,0.75,0.5,1.0,3,3,3,1.0
1033287,294077,291199,7700,4,4,1,3,0.75,0.5,1.0,3,3,3,1.0
1029678,6199,6219,7889,4,4,1,3,0.75,0.5,1.0,3,3,3,1.0
1035239,6028,22111,9295,4,4,1,3,0.75,0.5,1.0,3,3,3,1.0
1036968,375008,375007,9660,4,4,1,3,0.75,0.5,1.0,3,3,3,1.0
1074302,6771,6742,9923,4,4,1,3,0.75,0.5,1.0,3,3,3,1.0
1042508,343708,343709,10451,4,4,1,3,0.75,0.5,1.0,3,3,3,1.0
1136930,181763,171839,13198,4,4,1,3,0.75,0.5,1.0,3,3,3,1.0
1175682,13542,25425,13210,4,4,1,3,0.75,0.5,1.0,3,3,3,1.0
1115807,13608,13637,13649,4,4,1,3,0.75,0.5,1.0,3,3,3,1.0
1308018,8274,8236,13950,4,4,1,3,0.75,0.5,1.0,3,3,3,1.0
1061722,344779,344972,14465,4,4,1,3,0.75,0.5,1.0,3,3,3,1.0
1065867,247050,247355,15053,4,4,1,3,0.75,0.5,1.0,3,3,3,1.0
1066736,247045,247043,15138,4,4,1,3,0.75,0.5,1.0,3,3,3,1.0
1067749,39337,39335,15475,4,4,1,3,0.75,0.5,1.0,3,3,3,1.0
1076022,18843,18858,16153,4,4,1,3,0.75,0.5,1.0,3,3,3,1.0
1072926,259527,149118,16758,4,4,1,3,0.75,0.5,1.0,3,3,3,1.0
1074036,3335,3380,17315,4,4,1,3,0.75,0.5,1.0,3,3,3,1.0
1075750,27361,27352,17704,4,4,1,3,0.75,0.5,1.0,3,3,3,1.0
1136555,10106,10123,18290,5,4,1,3,0.75,0.5,1.0,4,3,3,1.0
1078628,18565,18623,18315,4,4,1,3,0.75,0.5,1.0,3,3,3,1.0
1093115,17769,26859,18417,4,4,1,3,0.75,0.5,1.0,3,3,3,1.0
1091847,17518,17524,18439,4,4,1,3,0.75,0.5,1.0,3,3,3,1.0
1090029,14083,14023,18591,4,4,1,3,0.75,0.5,1.0,3,3,3,1.0
1081528,13984,13998,18998,4,4,1,3,0.75,0.5,1.0,3,3,3,1.0
1081778,15751,15742,19059,4,4,1,3,0.75,0.5,1.0,3,3,3,1.0
1087787,13861,1917,19923,4,4,1,3,0.75,0.5,1.0,3,3,3,1.0
1108667,17494,26746,20190,4,4,1,3,0.75,0.5,1.0,3,3,3,1.0
1089823,14148,14083,20429,4,4,1,3,0.75,0.5,1.0,3,3,3,1.0
1116403,13110,13173,20657,4,4,1,3,0.75,0.5,1.0,3,3,3,1.0
1116126,12920,12910,20748,4,4,1,3,0.75,0.5,1.0,3,3,3,1.0
1113711,14078,14070,20783,4,4,1,3,0.75,0.5,1.0,3,3,3,1.0
1202165,18412,18415,21007,4,4,1,3,0.75,0.5,1.0,3,3,3,1.0
1091518,27466,27465,21057,4,4,1,3,0.75,0.5,1.0,3,3,3,1.0
1186188,19319,19353,21246,4,4,1,3,0.75,0.5,1.0,3,3,3,1.0
1186058,19397,19395,21250,5,4,1,3,0.75,0.5,1.0,4,3,3,1.0
1092844,26251,26268,21566,4,4,1,3,0.75,0.5,1.0,3,3,3,1.0
1093093,17120,17143,21636,4,4,1,3,0.75,0.5,1.0,3,3,3,1.0
1154732,16930,16946,21904,4,4,1,3,0.75,0.5,1.0,3,3,3,1.0
1111762,18290,18234,21913,4,4,1,3,0.75,0.5,1.0,3,3,3,1.0
1180641,26317,16064,22315,4,4,1,3,0.75,0.5,1.0,3,3,3,1.0
1095805,2409,20549,22375,4,4,1,3,0.75,0.5,1.0,3,3,3,1.0
1189729,4391,4411,22933,4,4,1,3,0.75,0.5,1.0,3,3,3,1.0
1100317,16998,16962,23209,4,4,1,3,0.75,0.5,1.0,3,3,3,1.0
1154796,26696,17225,23228,4,4,1,3,0.75,0.5,1.0,3,3,3,1.0
1276496,13930,13965,23506,4,4,1,3,0.75,0.5,1.0,3,3,3,1.0
1103078,26662,26670,23825,4,4,1,3,0.75,0.5,1.0,3,3,3,1.0
1106452,26696,17239,23827,4,4,1,3,0.75,0.5,1.0,3,3,3,1.0
1105738,1676,1679,24476,4,4,1,3,0.75,0.5,1.0,3,3,3,1.0
1110968,4990,4980,24593,4,4,1,3,0.75,0.5,1.0,3,3,3,1.0
1109901,15799,15783,24818,4,4,1,3,0.75,0.5,1.0,3,3,3,1.0
1135863,40931,5041,24922,4,4,1,3,0.75,0.5,1.0,3,3,3,1.0
1116996,13128,13105,25000,4,4,1,3,0.75,0.5,1.0,3,3,3,1.0
1112395,18183,18181,25558,4,4,1,3,0.75,0.5,1.0,3,3,3,1.0
1112927,12969,13008,25723,4,4,1,3,0.75,0.5,1.0,3,3,3,1.0
1116110,13064,13100,25808,4,4,1,3,0.75,0.5,1.0,3,3,3,1.0
1149716,234557,3194,25848,4,4,1,3,0.75,0.5,1.0,3,3,3,1.0
1113837,18239,18271,25962,4,4,1,3,0.75,0.5,1.0,3,3,3,1.0
1114755,13372,25408,26085,4,4,1,3,0.75,0.5,1.0,3,3,3,1.0
1115927,14051,14015,26400,4,4,1,3,0.75,0.5,1.0,3,3,3,1.0
1118846,473035,473039,26584,4,4,1,3,0.75,0.5,1.0,3,3,3,1.0
1118945,473035,473036,26670,4,4,1,3,0.75,0.5,1.0,3,3,3,1.0
1120609,26931,21707,26843,4,4,1,3,0.75,0.5,1.0,3,3,3,1.0
1163984,11844,11884,27061,4,4,1,3,0.75,0.5,1.0,3,3,3,1.0
1122390,1374,1391,27261,4,4,1,3,0.75,0.5,1.0,3,3,3,1.0
1143139,12207,19989,27643,4,4,1,3,0.75,0.5,1.0,3,3,3,1.0
1206624,20978,25972,28356,4,4,1,3,0.75,0.5,1.0,3,3,3,1.0
1127611,20432,20386,28686,4,4,1,3,0.75,0.5,1.0,3,3,3,1.0
1216875,24381,10720,28752,4,4,1,3,0.75,0.5,1.0,3,3,3,1.0
1185281,19634,27454,28984,4,4,1,3,0.75,0.5,1.0,3,3,3,1.0
1304968,330238,330239,29107,4,4,1,3,0.75,0.5,1.0,3,3,3,1.0
1171473,1094,20001,29571,4,4,1,3,0.75,0.5,1.0,3,3,3,1.0
1131094,21653,21657,29586,4,4,1,3,0.75,0.5,1.0,3,3,3,1.0
1136226,145278,131510,29966,4,4,1,3,0.75,0.5,1.0,3,3,3,1.0
1220295,18457,18471,30054,4,4,1,3,0.75,0.5,1.0,3,3,3,1.0
1269344,8879,8895,30962,4,4,1,3,0.75,0.5,1.0,3,3,3,1.0
1136210,19907,734,31359,4,4,1,3,0.75,0.5,1.0,3,3,3,1.0
1273533,23951,23959,31555,4,4,1,3,0.75,0.5,1.0,3,3,3,1.0
1223180,25797,14487,31741,4,4,1,3,0.75,0.5,1.0,3,3,3,1.0
1220965,20028,20030,31814,4,4,1,3,0.75,0.5,1.0,3,3,3,1.0
1196247,11282,11319,31827,4,4,1,3,0.75,0.5,1.0,3,3,3,1.0
1278674,2157,2200,31981,4,4,1,3,0.75,0.5,1.0,3,3,3,1.0
1142951,73245,11966,32215,4,4,1,3,0.75,0.5,1.0,3,3,3,1.0
1149585,3455,3406,32505,4,4,1,3,0.75,0.5,1.0,3,3,3,1.0
1149430,3055,275196,32669,4,4,1,3,0.75,0.5,1.0,3,3,3,1.0
1144536,178567,238075,32670,4,4,1,3,0.75,0.5,1.0,3,3,3,1.0
1145061,25762,25765,32789,4,4,1,3,0.75,0.5,1.0,3,3,3,1.0
1154741,20391,20394,34596,4,4,1,3,0.75,0.5,1.0,3,3,3,1.0
1163827,20476,2309,35491,4,4,1,3,0.75,0.5,1.0,3,3,3,1.0
1177661,2210,365414,35583,4,4,1,3,0.75,0.5,1.0,3,3,3,1.0
1165472,17247,17241,35772,4,4,1,3,0.75,0.5,1.0,3,3,3,1.0
1219185,18849,18813,36346,4,4,1,3,0.75,0.5,1.0,3,3,3,1.0
1167374,18684,18671,36347,4,4,1,3,0.75,0.5,1.0,3,3,3,1.0
1220810,19068,19038,36579,4,4,1,3,0.75,0.5,1.0,3,3,3,1.0
1183657,4274,4318,37408,4,4,1,3,0.75,0.5,1.0,3,3,3,1.0
1174724,18498,18511,37512,4,4,1,3,0.75,0.5,1.0,3,3,3,1.0
1175947,20981,20975,37539,4,4,1,3,0.75,0.5,1.0,3,3,3,1.0
1175195,26417,16378,37641,4,4,1,3,0.75,0.5,1.0,3,3,3,1.0
1175622,174719,123189,37770,4,4,1,3,0.75,0.5,1.0,3,3,3,1.0
1175757,12399,12357,37802,4,4,1,3,0.75,0.5,1.0,3,3,3,1.0
1183802,73895,73894,38403,4,4,1,3,0.75,0.5,1.0,3,3,3,1.0
1178632,3140,3173,38416,4,4,1,3,0.75,0.5,1.0,3,3,3,1.0
1181256,16044,16092,38598,4,4,1,3,0.75,0.5,1.0,3,3,3,1.0
1179315,1497,1464,38756,4,4,1,3,0.75,0.5,1.0,3,3,3,1.0
1180368,26140,15649,38986,4,4,1,3,0.75,0.5,1.0,3,3,3,1.0
1181114,26303,16025,39157,4,4,1,3,0.75,0.5,1.0,3,3,3,1.0
1185066,18705,18770,39574,4,4,1,3,0.75,0.5,1.0,3,3,3,1.0
1185352,27453,38407,39593,4,4,1,3,0.75,0.5,1.0,3,3,3,1.0
1188653,3192,3259,40090,4,4,1,3,0.75,0.5,1.0,3,3,3,1.0
1207682,12416,12485,41093,4,4,1,3,0.75,0.5,1.0,3,3,3,1.0
1197869,11427,11429,41330,4,4,1,3,0.75,0.5,1.0,3,3,3,1.0
1223227,12734,25149,41343,4,4,1,3,0.75,0.5,1.0,3,3,3,1.0
1197985,595,85730,41375,4,4,1,3,0.75,0.5,1.0,3,3,3,1.0
1229182,11525,11457,41471,4,4,1,3,0.75,0.5,1.0,3,3,3,1.0
1248302,85730,19891,41485,4,4,1,3,0.75,0.5,1.0,3,3,3,1.0
1226241,23269,8780,41903,4,4,1,3,0.75,0.5,1.0,3,3,3,1.0
1217936,24733,24717,41963,4,4,1,3,0.75,0.5,1.0,3,3,3,1.0
1201634,12294,24968,42181,4,4,1,3,0.75,0.5,1.0,3,3,3,1.0
1203534,7976,8028,42677,4,4,1,3,0.75,0.5,1.0,3,3,3,1.0
1208671,20150,20141,43131,4,4,1,3,0.75,0.5,1.0,3,3,3,1.0
1210981,12473,12547,43548,4,4,1,3,0.75,0.5,1.0,3,3,3,1.0
1216268,11676,11674,43966,4,4,1,3,0.75,0.5,1.0,3,3,3,1.0
1217584,24026,10124,44178,4,4,1,3,0.75,0.5,1.0,3,3,3,1.0
1218201,12077,12124,44231,4,4,1,3,0.75,0.5,1.0,3,3,3,1.0
1220628,27254,19013,44822,4,4,1,3,0.75,0.5,1.0,3,3,3,1.0
1221947,12213,12148,45032,4,4,1,3,0.75,0.5,1.0,3,3,3,1.0
1225430,9614,9700,45488,4,4,1,3,0.75,0.5,1.0,3,3,3,1.0
1226848,2485,2488,45834,4,4,1,3,0.75,0.5,1.0,3,3,3,1.0
1308660,23421,23332,46682,4,4,1,3,0.75,0.5,1.0,3,3,3,1.0
1266220,23897,23867,47162,4,4,1,3,0.75,0.5,1.0,3,3,3,1.0
1266253,12536,12575,47170,4,4,1,3,0.75,0.5,1.0,3,3,3,1.0
1271496,24654,11503,47329,4,4,1,3,0.75,0.5,1.0,3,3,3,1.0
1268325,8835,8882,47365,4,4,1,3,0.75,0.5,1.0,3,3,3,1.0
1268753,8727,8837,47793,4,4,1,3,0.75,0.5,1.0,3,3,3,1.0
1270374,14986,14962,48187,4,4,1,3,0.75,0.5,1.0,3,3,3,1.0
1276306,14917,14960,48278,4,4,1,3,0.75,0.5,1.0,3,3,3,1.0
1278130,21599,21595,48301,4,4,1,3,0.75,0.5,1.0,3,3,3,1.0
1272291,12111,12064,48527,4,4,1,3,0.75,0.5,1.0,3,3,3,1.0
1273692,376206,2011,48769,4,4,1,3,0.75,0.5,1.0,3,3,3,1.0
1274091,9386,9367,48850,4,4,1,3,0.75,0.5,1.0,3,3,3,1.0
1276696,7632,7598,49244,4,4,1,3,0.75,0.5,1.0,3,3,3,1.0
1298227,17897,17889,49333,4,4,1,3,0.75,0.5,1.0,3,3,3,1.0
1278097,6916,6883,49627,4,4,1,3,0.75,0.5,1.0,3,3,3,1.0
1282459,4503,4498,49652,4,4,1,3,0.75,0.5,1.0,3,3,3,1.0
1278177,4503,4519,49654,4,4,1,3,0.75,0.5,1.0,3,3,3,1.0
1286128,20277,20274,49750,4,4,1,3,0.75,0.5,1.0,3,3,3,1.0
1279004,281918,20466,49865,4,4,1,3,0.75,0.5,1.0,3,3,3,1.0
1288629,7867,7853,49909,4,4,1,3,0.75,0.5,1.0,3,3,3,1.0
1281361,26895,26885,50576,4,4,1,3,0.75,0.5,1.0,3,3,3,1.0
1282616,19506,27429,50904,4,4,1,3,0.75,0.5,1.0,3,3,3,1.0
1283256,7415,22745,51024,4,4,1,3,0.75,0.5,1.0,3,3,3,1.0
1306571,22905,22888,51367,4,4,1,3,0.75,0.5,1.0,3,3,3,1.0
1287165,22622,45087,51373,4,4,1,3,0.75,0.5,1.0,3,3,3,1.0
1299336,27002,27000,52247,4,4,1,3,0.75,0.5,1.0,3,3,3,1.0
1299804,18401,18344,52377,4,4,1,3,0.75,0.5,1.0,3,3,3,1.0
1300113,7980,7968,52461,4,4,1,3,0.75,0.5,1.0,3,3,3,1.0
1300961,6512,6528,52562,4,4,1,3,0.75,0.5,1.0,3,3,3,1.0
1304090,7893,7918,52567,4,4,1,3,0.75,0.5,1.0,3,3,3,1.0
1303496,6336,6313,52873,4,4,1,3,0.75,0.5,1.0,3,3,3,1.0
1302158,2014,2079,52901,4,4,1,3,0.75,0.5,1.0,3,3,3,1.0
1304407,37117,37118,53264,4,4,1,3,0.75,0.5,1.0,3,3,3,1.0
1304510,7891,7877,53283,4,4,1,3,0.75,0.5,1.0,3,3,3,1.0
1305794,8380,8321,53465,4,4,1,3,0.75,0.5,1.0,3,3,3,1.0
1307755,7717,7734,53668,4,4,1,3,0.75,0.5,1.0,3,3,3,1.0
1309083,8555,8587,53916,4,4,1,3,0.75,0.5,1.0,3,3,3,1.0
1308562,58,63,53978,4,4,1,3,0.75,0.5,1.0,3,3,3,1.0
1309235,8012,7991,54082,4,4,1,3,0.75,0.5,1.0,3,3,3,1.0
1309358,23508,23447,54094,4,4,1,3,0.75,0.5,1.0,3,3,3,1.0
1022741,344333,344334,6196,14,14,1,13,0.9286,0.8571,0.974,13,3,3,1.0
1115784,25577,25583,25441,13,13,1,12,0.9231,0.8462,0.972,12,3,3,1.0
1046094,,536892,8520,12,7,0,4,0.5714,0.5714,0.97,11,3,3,1.0
1158561,,536892,8520,12,7,0,4,0.5714,0.5714,0.97,11,3,3,1.0
1298998,,536892,8520,12,7,0,4,0.5714,0.5714,0.97,11,3,3,1.0
1031913,,536892,8520,12,7,0,4,0.5714,0.5714,0.97,11,3,3,1.0
1127180,,15729,18604,11,10,0,10,1.0,1.0,0.967,10,3,3,1.0
1232483,,535979,22686,11,7,0,7,1.0,1.0,0.967,10,3,3,1.0
1097124,,535979,22686,11,7,0,7,1.0,1.0,0.967,10,3,3,1.0
1232507,,535979,22686,11,7,0,7,1.0,1.0,0.967,10,3,3,1.0
1233004,,535979,22686,11,7,0,7,1.0,1.0,0.967,10,3,3,1.0
1043767,7810,7832,7437,11,11,1,10,0.9091,0.8182,0.967,10,3,3,1.0
1133689,4003,273279,17735,11,11,1,10,0.9091,0.8182,0.967,10,3,3,1.0
1265982,55978,23153,46038,11,11,1,10,0.9091,0.8182,0.967,10,3,3,1.0
1153307,280967,280968,34253,19,19,1,18,0.9474,0.8947,0.963,18,3,3,1.0
1035279,286726,344637,3237,9,9,1,8,0.8889,0.7778,0.958,8,3,3,1.0
1062290,344278,344279,14587,9,9,1,8,0.8889,0.7778,0.958,8,3,3,1.0
1065577,257928,257929,14818,9,9,1,8,0.8889,0.7778,0.958,8,3,3,1.0
1164250,3234,21246,35664,9,9,1,8,0.8889,0.7778,0.958,8,3,3,1.0
1202639,21760,27161,36728,9,9,1,8,0.8889,0.7778,0.958,8,3,3,1.0
1098531,,12152,22860,8,7,0,7,1.0,1.0,0.952,7,3,3,1.0
1196646,,449042,26646,8,7,0,7,1.0,1.0,0.952,7,3,3,1.0
1027825,7365,7398,1046,8,8,1,7,0.875,0.75,0.952,7,3,3,1.0
1003542,11956,11954,1196,8,8,1,7,0.875,0.75,0.952,7,3,3,1.0
1093664,17809,17835,6573,8,8,1,7,0.875,0.75,0.952,7,3,3,1.0
1138100,12478,12415,29401,8,8,1,7,0.875,0.75,0.952,7,3,3,1.0
1280416,8761,8831,50297,8,8,1,6,0.75,0.625,0.952,7,3,3,1.0
1198484,9564,23776,41517,15,15,1,9,0.6,0.5333,0.952,14,3,3,1.0
1281144,10785,10875,29263,8,8,2,6,0.75,0.5,0.952,7,3,3,1.0
1170521,10785,10875,29263,8,8,2,6,0.75,0.5,0.952,7,3,3,1.0
1281580,,23778,757,14,6,0,6,1.0,1.0,0.949,13,3,3,1.0
1118830,,23778,757,14,6,0,6,1.0,1.0,0.949,13,3,3,1.0
1311348,,23778,757,14,6,0,6,1.0,1.0,0.949,13,3,3,1.0
1137858,,23778,757,14,6,0,6,1.0,1.0,0.949,13,3,3,1.0
1226760,,23778,757,14,6,0,6,1.0,1.0,0.949,13,3,3,1.0
1021037,,23778,757,14,6,0,6,1.0,1.0,0.949,13,3,3,1.0
1001980,,23778,757,14,6,0,6,1.0,1.0,0.949,13,3,3,1.0
1036845,,4768,9635,13,12,0,9,0.75,0.75,0.944,12,3,3,1.0
1006593,10102,10136,2204,7,7,1,6,0.8571,0.7143,0.944,6,3,3,1.0
1010797,24660,11594,2744,7,7,1,6,0.8571,0.7143,0.944,6,3,3,1.0
1165849,21246,3234,3517,7,7,1,6,0.8571,0.7143,0.944,6,3,3,1.0
1088800,26160,15688,4949,7,7,1,6,0.8571,0.7143,0.944,6,3,3,1.0
1027601,7929,7967,5406,7,7,1,6,0.8571,0.7143,0.944,6,3,3,1.0
1025979,477903,477905,6929,7,7,1,6,0.8571,0.7143,0.944,6,3,3,1.0
1082115,26192,26198,14049,7,7,1,6,0.8571,0.7143,0.944,6,3,3,1.0
1080708,16191,16160,18387,7,7,1,6,0.8571,0.7143,0.944,6,3,3,1.0
1127266,444222,444220,26663,7,7,1,6,0.8571,0.7143,0.944,6,3,3,1.0
1197486,11702,11675,41169,7,7,1,6,0.8571,0.7143,0.944,6,3,3,1.0
1217337,12622,25094,41252,7,7,1,6,0.8571,0.7143,0.944,6,3,3,1.0
1223489,11961,24795,43642,7,7,1,6,0.8571,0.7143,0.944,6,3,3,1.0
1267976,9881,23860,47129,7,7,1,6,0.8571,0.7143,0.944,6,3,3,1.0
1308713,9010,8960,53455,7,7,1,6,0.8571,0.7143,0.944,6,3,3,1.0
1208241,24575,11288,22663,7,7,1,5,0.7143,0.5714,0.944,6,3,3,1.0
1208553,11291,11288,22663,7,7,1,5,0.7143,0.5714,0.944,6,3,3,1.0
1191008,18938,27253,26900,7,7,1,5,0.7143,0.5714,0.944,6,3,3,1.0
1186404,27406,27395,39744,7,7,1,5,0.7143,0.5714,0.944,6,3,3,1.0
1276431,4769,4768,9635,13,12,3,9,0.75,0.5,0.944,12,3,3,1.0
1276080,4769,4768,9635,13,12,3,9,0.75,0.5,0.944,12,3,3,1.0
1067852,118722,123514,12123,11,11,1,10,0.9091,0.8182,0.933,10,3,3,1.0
1197788,11112,24513,20313,11,11,1,10,0.9091,0.8182,0.933,10,3,3,1.0
1311569,9016,8977,53422,11,11,1,10,0.9091,0.8182,0.933,10,3,3,1.0
1047106,24227,24273,8434,6,6,1,5,0.8333,0.6667,0.933,5,3,3,1.0
1056452,99489,99497,11998,6,6,1,5,0.8333,0.6667,0.933,5,3,3,1.0
1229336,11968,11975,31881,6,6,1,5,0.8333,0.6667,0.933,5,3,3,1.0
1183648,15403,3372,39264,6,6,1,5,0.8333,0.6667,0.933,5,3,3,1.0
1208073,928,930,41063,6,6,1,5,0.8333,0.6667,0.933,5,3,3,1.0
1186145,19636,19635,39604,6,6,1,4,0.6667,0.5,0.933,5,3,3,1.0
1228733,,537451,10179,10,6,0,6,1.0,1.0,0.926,9,3,3,1.0
1039290,,537451,10179,10,6,0,6,1.0,1.0,0.926,9,3,3,1.0
1225730,,537451,10179,10,6,0,6,1.0,1.0,0.926,9,3,3,1.0
1225731,,537451,10179,10,6,0,6,1.0,1.0,0.926,9,3,3,1.0
1024899,20857,20823,6739,10,10,1,9,0.9,0.8,0.926,9,3,3,1.0
1042677,22180,6118,10898,10,10,1,9,0.9,0.8,0.926,9,3,3,1.0
1083927,16026,16033,18605,10,10,1,9,0.9,0.8,0.926,9,3,3,1.0
1189994,21233,21254,40417,10,10,1,9,0.9,0.8,0.926,9,3,3,1.0
1232995,,26101,14267,10,8,0,6,0.75,0.75,0.926,9,3,3,1.0
1149092,370332,370333,32642,10,10,2,8,0.8,0.6,0.926,9,3,3,1.0
1227473,23262,8763,45952,10,10,2,8,0.8,0.6,0.926,9,3,3,1.0
1227472,23262,8763,45952,10,10,2,8,0.8,0.6,0.926,9,3,3,1.0
1232515,537075,26101,14267,10,8,2,6,0.75,0.5,0.926,9,3,3,1.0
1096059,537075,26101,14267,10,8,2,6,0.75,0.5,0.926,9,3,3,1.0
1059970,,20874,13970,9,8,0,8,1.0,1.0,0.917,8,3,3,1.0
1221587,,8218,5659,9,5,0,5,1.0,1.0,0.917,8,3,3,1.0
1221584,,8218,5659,9,5,0,5,1.0,1.0,0.917,8,3,3,1.0
1221586,,8218,5659,9,5,0,5,1.0,1.0,0.917,8,3,3,1.0
1097190,,378639,4197,5,4,0,4,1.0,1.0,0.917,4,3,3,1.0
1036407,,390901,2914,21,19,0,17,0.8947,0.8947,0.917,20,3,3,1.0
1058251,,390901,2914,21,19,0,17,0.8947,0.8947,0.917,20,3,3,1.0
1054829,33260,33261,2857,9,9,1,8,0.8889,0.7778,0.917,8,3,3,1.0
1022466,10893,24439,6133,9,9,1,8,0.8889,0.7778,0.917,8,3,3,1.0
1036052,77723,77724,9457,9,9,1,8,0.8889,0.7778,0.917,8,3,3,1.0
1082996,17486,17426,12081,9,9,1,8,0.8889,0.7778,0.917,8,3,3,1.0
1067014,156475,156483,15291,9,9,1,8,0.8889,0.7778,0.917,8,3,3,1.0
1184589,18693,18663,15791,9,9,1,8,0.8889,0.7778,0.917,8,3,3,1.0
1123083,25391,13336,27417,9,9,1,8,0.8889,0.7778,0.917,8,3,3,1.0
1219488,21186,21156,37392,9,9,1,8,0.8889,0.7778,0.917,8,3,3,1.0
1298276,50216,50210,49813,9,9,1,8,0.8889,0.7778,0.917,8,3,3,1.0
1097769,23822,23799,17239,9,9,2,7,0.7778,0.5556,0.917,8,3,3,1.0
1073862,23822,23799,17239,9,9,2,7,0.7778,0.5556,0.917,8,3,3,1.0
1277375,22673,7226,31246,9,9,1,6,0.6667,0.5556,0.917,8,3,3,1.0
1203002,18762,18764,42544,9,9,2,7,0.7778,0.5556,0.917,8,3,3,1.0
1202934,18762,18764,42544,9,9,2,7,0.7778,0.5556,0.917,8,3,3,1.0
1147525,20618,2416,19568,17,17,4,13,0.7647,0.5294,0.917,16,3,3,1.0
1145193,20618,2416,19568,17,17,4,13,0.7647,0.5294,0.917,16,3,3,1.0
1147522,20618,2416,19568,17,17,4,13,0.7647,0.5294,0.917,16,3,3,1.0
1147530,20618,2416,19568,17,17,4,13,0.7647,0.5294,0.917,16,3,3,1.0
1045642,375116,375117,11491,12,12,2,10,0.8333,0.6667,0.909,11,3,3,1.0
1232528,,506687,26768,8,7,0,7,1.0,1.0,0.905,7,3,3,1.0
1205993,2961,2920,31721,15,15,1,14,0.9333,0.8667,0.905,14,3,3,1.0
1132965,12680,12656,520,8,8,1,7,0.875,0.75,0.905,7,3,3,1.0
1012954,10245,24288,2285,8,8,1,7,0.875,0.75,0.905,7,3,3,1.0
1025644,12688,25174,2482,8,8,1,7,0.875,0.75,0.905,7,3,3,1.0
1008288,11349,24576,2657,8,8,1,7,0.875,0.75,0.905,7,3,3,1.0
1095103,390688,390689,4583,8,8,1,7,0.875,0.75,0.905,7,3,3,1.0
1074775,25510,13671,4948,8,8,1,7,0.875,0.75,0.905,7,3,3,1.0
1094294,16860,16909,21939,8,8,1,7,0.875,0.75,0.905,7,3,3,1.0
1200535,24398,10873,22582,8,8,1,7,0.875,0.75,0.905,7,3,3,1.0
1099523,13025,13076,23033,8,8,1,7,0.875,0.75,0.905,7,3,3,1.0
1167629,18153,27049,36422,8,8,1,6,0.75,0.625,0.905,7,3,3,1.0
1167631,27061,27049,36422,8,8,1,6,0.75,0.625,0.905,7,3,3,1.0
1026068,24035,24062,2064,8,8,1,5,0.625,0.5,0.905,7,3,3,1.0
1218811,19212,19213,21331,8,8,2,6,0.75,0.5,0.905,7,3,3,1.0
1109075,26584,16913,24104,8,8,2,6,0.75,0.5,0.905,7,3,3,1.0
1109074,26584,16913,24104,8,8,2,6,0.75,0.5,0.905,7,3,3,1.0
1220940,12542,12534,27331,8,8,2,6,0.75,0.5,0.905,7,3,3,1.0
1125280,12542,12534,27331,8,8,2,6,0.75,0.5,0.905,7,3,3,1.0
1123181,12834,20017,27466,8,8,1,5,0.625,0.5,0.905,7,3,3,1.0
1183659,14699,14616,35589,8,8,2,6,0.75,0.5,0.905,7,3,3,1.0
1184444,14699,14616,35589,8,8,2,6,0.75,0.5,0.905,7,3,3,1.0
1011710,375502,375501,3588,14,14,1,13,0.9286,0.8571,0.897,13,3,3,1.0
1232949,,537134,26772,7,5,0,5,1.0,1.0,0.889,6,3,3,1.0
1302977,,390531,4855,7,4,0,4,1.0,1.0,0.889,6,3,3,1.0
1020775,9027,8974,5668,10,10,1,9,0.9,0.8,0.889,9,3,3,1.0
1097193,,391152,22483,7,5,0,4,0.8,0.8,0.889,6,3,3,1.0
1003804,19691,19694,179,7,7,1,6,0.8571,0.7143,0.889,6,3,3,1.0
1093324,17670,17644,1154,7,7,1,6,0.8571,0.7143,0.889,6,3,3,1.0
1003612,19695,19685,1227,7,7,1,6,0.8571,0.7143,0.889,6,3,3,1.0
1029861,278085,278086,7952,7,7,1,6,0.8571,0.7143,0.889,6,3,3,1.0
1033813,109419,109114,8959,7,7,1,6,0.8571,0.7143,0.889,6,3,3,1.0
1081247,26260,26253,14072,7,7,1,6,0.8571,0.7143,0.889,6,3,3,1.0
1065967,128624,128625,15056,7,7,1,6,0.8571,0.7143,0.889,6,3,3,1.0
1277325,1785,1820,23523,7,7,1,6,0.8571,0.7143,0.889,6,3,3,1.0
1142805,14125,25615,26219,7,7,1,6,0.8571,0.7143,0.889,6,3,3,1.0
1175048,143999,143998,37589,7,7,1,6,0.8571,0.7143,0.889,6,3,3,1.0
1175511,13459,25417,37729,7,7,1,6,0.8571,0.7143,0.889,6,3,3,1.0
1225828,8040,23010,45490,7,7,1,6,0.8571,0.7143,0.889,6,3,3,1.0
1273312,11600,11562,47690,7,7,1,6,0.8571,0.7143,0.889,6,3,3,1.0
1282696,19370,27337,50909,7,7,1,6,0.8571,0.7143,0.889,6,3,3,1.0
1310314,6044,49250,53381,7,7,1,6,0.8571,0.7143,0.889,6,3,3,1.0
1013819,,453917,760,7,5,0,3,0.6,0.6,0.889,6,3,3,1.0
1133253,391151,391152,22483,7,5,1,4,0.8,0.6,0.889,6,3,3,1.0
1206445,2918,20994,31918,7,7,1,5,0.7143,0.5714,0.889,6,3,3,1.0
1281684,4979,27080,45315,7,7,1,5,0.7143,0.5714,0.889,6,3,3,1.0
1124725,1755,20257,27859,4,4,1,3,0.75,0.5,0.889,3,3,3,1.0
1188850,4462,4479,40152,4,4,1,3,0.75,0.5,0.889,3,3,3,1.0
1233033,,415422,15516,12,7,0,4,0.5714,0.5714,0.879,11,3,3,1.0
1232955,,415422,15516,12,7,0,4,0.5714,0.5714,0.879,11,3,3,1.0
1096703,,415422,15516,12,7,0,4,0.5714,0.5714,0.879,11,3,3,1.0
1123073,13336,25391,27418,9,9,1,8,0.8889,0.7778,0.875,8,3,3,1.0
1000526,,1517,4,11,10,0,10,1.0,1.0,0.867,10,3,3,1.0
1109514,,536226,12954,6,4,0,4,1.0,1.0,0.867,5,3,3,1.0
1126397,2530,2467,27316,11,11,1,10,0.9091,0.8182,0.867,10,3,3,1.0
1109953,27199,27192,4928,6,6,1,5,0.8333,0.6667,0.867,5,3,3,1.0
1187689,3084,3113,39951,6,6,1,5,0.8333,0.6667,0.867,5,3,3,1.0
1286318,9891,9815,48802,6,6,1,5,0.8333,0.6667,0.867,5,3,3,1.0
1289307,17834,17849,50091,6,6,1,5,0.8333,0.6667,0.867,5,3,3,1.0
1310394,100765,100766,53360,6,6,1,5,0.8333,0.6667,0.867,5,3,3,1.0
1134141,384796,384797,4359,11,11,2,9,0.8182,0.6364,0.867,10,3,3,1.0
1062681,281923,281924,14693,6,5,1,4,0.8,0.6,0.867,5,3,3,1.0
1089682,47027,1800,13788,16,16,2,10,0.625,0.5,0.867,15,3,3,1.0
1205564,47027,1800,13788,16,16,2,10,0.625,0.5,0.867,15,3,3,1.0
1267906,8976,8949,2745,6,6,1,4,0.6667,0.5,0.867,5,3,3,1.0
1267905,9014,8949,2745,6,6,1,4,0.6667,0.5,0.867,5,3,3,1.0
1020099,23639,9317,5519,8,8,2,6,0.75,0.5,0.857,7,3,3,1.0
1027851,23639,9317,5519,8,8,2,6,0.75,0.5,0.857,7,3,3,1.0
1303911,7120,7190,46866,10,10,1,9,0.9,0.8,0.852,9,3,3,1.0
1005593,1019,345275,1920,12,12,1,10,0.8333,0.75,0.848,11,3,3,1.0
1048004,349595,349596,11918,9,9,1,8,0.8889,0.7778,0.833,8,3,3,1.0
1092288,25421,13474,21296,9,9,1,8,0.8889,0.7778,0.833,8,3,3,1.0
1115883,25381,25384,26382,5,5,1,4,0.8,0.6,0.833,4,3,3,1.0
1202279,18218,18255,36400,5,5,1,4,0.8,0.6,0.833,4,3,3,1.0
1298072,7742,7693,51992,5,5,1,4,0.8,0.6,0.833,4,3,3,1.0
1034187,294076,309758,8914,9,9,2,7,0.7778,0.5556,0.833,8,3,3,1.0
1034188,294076,309758,8914,9,9,2,7,0.7778,0.5556,0.833,8,3,3,1.0
1059182,375500,375499,12830,12,12,1,11,0.9167,0.8333,0.818,11,3,3,1.0
1180891,26413,16379,30601,12,12,1,7,0.5833,0.5,0.818,11,3,3,1.0
1181210,16378,16379,30601,12,12,1,7,0.5833,0.5,0.818,11,3,3,1.0
1227729,8112,22990,3683,8,8,1,7,0.875,0.75,0.81,7,3,3,1.0
1033564,350075,349900,8919,8,8,1,7,0.875,0.75,0.81,7,3,3,1.0
1040942,34530,23353,10324,8,8,1,7,0.875,0.75,0.81,7,3,3,1.0
1042947,237757,237755,10720,8,8,1,7,0.875,0.75,0.81,7,3,3,1.0
1091065,18320,18357,20890,8,8,1,7,0.875,0.75,0.81,7,3,3,1.0
1124384,2431,2452,22499,8,8,1,7,0.875,0.75,0.81,7,3,3,1.0
1227891,23426,23362,44460,8,8,1,6,0.75,0.625,0.81,7,3,3,1.0
1114527,365212,345275,1920,12,12,1,10,0.8333,0.75,0.788,11,3,3,1.0
1039152,265622,265623,7447,13,13,2,11,0.8462,0.6923,0.778,12,3,3,1.0
1046778,265622,265623,7447,13,13,2,11,0.8462,0.6923,0.778,12,3,3,1.0
1150375,25711,14337,25632,4,4,1,3,0.75,0.5,0.778,3,3,3,1.0
1001986,,383756,762,11,10,0,10,1.0,1.0,0.767,10,3,3,1.0
1022901,11012,11017,3285,9,9,1,8,0.8889,0.7778,0.75,8,3,3,1.0
1113784,14298,25736,19226,9,9,1,8,0.8889,0.7778,0.75,8,3,3,1.0
1001786,19782,227,635,6,6,1,5,0.8333,0.6667,0.733,5,3,3,1.0
1285856,8973,9097,47558,6,6,1,5,0.8333,0.6667,0.733,5,3,3,1.0
1142968,123507,24149,31529,8,8,1,7,0.875,0.75,0.714,7,3,3,1.0
1276944,20314,20328,46747,8,8,2,6,0.75,0.5,0.714,7,3,3,1.0
1276941,20314,20328,46747,8,8,2,6,0.75,0.5,0.714,7,3,3,1.0
1128856,11940,11955,12263,10,10,1,9,0.9,0.8,0.704,9,3,3,1.0
1209502,10226,15032,22488,10,10,1,7,0.7,0.6,0.704,9,3,3,1.0
