BADGE,CURRENT_TRANSFORMER,RECOMMENDED_TRANSFORMER,CLUSTER,CLUSTER_SIZE,MAPPED_PEERS,CURRENT_VOTES,MAJORITY_VOTES,MAJORITY_SHARE,CONFIDENCE_GAP,PEER_STABILITY,PEERS_CONSIDERED,TIMES_RECOMMENDED,BADGE_N_RUNS,RECOMMENDATION_STABILITY,BADGE_SPID,BADGE_ADDRESS,BADGE_CITY,GIS_BADGE_LAT,GIS_BADGE_LON,BADGE_FEEDERID,BADGE_POINT_X,BADGE_POINT_Y,MODEL_BADGE_LAT,MODEL_BADGE_LON,MODEL_VS_GIS_LATLON_DISTANCE_M,LATLON_DISCREPANCY,CURRENT_TX_STRUCTNO,CURRENT_TX_LID,CURRENT_TX_FEEDERID,CURRENT_TX_SUBTYPE,CURRENT_TX_VAULTCD,CURRENT_TX_LAT,CURRENT_TX_LON,CURRENT_TX_KVA,RECOMMENDED_TX_STRUCTNO,RECOMMENDED_TX_LID,RECOMMENDED_TX_FEEDERID,RECOMMENDED_TX_SUBTYPE,RECOMMENDED_TX_VAULTCD,RECOMMENDED_TX_LAT,RECOMMENDED_TX_LON,RECOMMENDED_TX_KVA,DISTANCE_BADGE_TO_CURRENT_M,DISTANCE_BADGE_TO_RECOMMENDED_M,RECOMMENDATION_TYPE
1054068,,390898,167,21,19,0,19,1.0,1.0,1.0,20,3,3,1.0,8762078793,"8546 N POWERS BLVD, CONST TRLR",COLO SPGS,38.9551498,-104.726784,,-104.726784,38.9551498,39.025484,-104.82518,11553.5,True,,,,,,,,,PD108279,PD108279,12FH-12,UG Transformer Bank,CSN-12,39.02524968,-104.8251273,50,,11532.5,new_assignment
1054071,,390898,167,21,19,0,19,1.0,1.0,1.0,20,3,3,1.0,5673699583,80 FAR BLUE PT APT 203,COLO SPGS,39.02542283,-104.8250794,12FH-12,-104.8250794,39.02542283,39.025484,-104.82518,11.0,False,,,,,,,,,PD108279,PD108279,12FH-12,UG Transformer Bank,CSN-12,39.02524968,-104.8251273,50,,19.7,new_assignment
1135838,,396222,22276,12,11,0,11,1.0,1.0,1.0,11,3,3,1.0,7236101806,,,38.91130033,-104.6557607,,-104.6557607,38.91130033,38.911239,-104.655751,6.9,False,,,,,,,,,UG129014,UG129014,12FR-32,UG Transformer Bank,RBLR51A-3,38.91139184,-104.6553258,50,,39.0,new_assignment
1265551,,376736,6720,11,10,0,10,1.0,1.0,1.0,10,3,3,1.0,4166850431,,,38.87560552,-104.6804524,,-104.6804524,38.87560552,38.875544,-104.680443,6.9,False,,,,,,,,,PD106115,PD106115,12CL-11,UG Transformer Bank,RSAND-28,38.87555888,-104.6808598,50,,35.6,new_assignment
1257374,,6059,29890,11,10,0,10,1.0,1.0,1.0,10,3,3,1.0,1508140258,,,38.96177299,-104.7609574,,-104.7609574,38.96177299,38.961601,-104.760949,19.1,False,,,,,,,,,PD16146,PD016146,13BG-3,UG Transformer Bank,RSFD-129,38.96144049,-104.7614206,25,,54.5,new_assignment
1257558,,23110,45881,11,10,0,10,1.0,1.0,1.0,10,3,3,1.0,2651299725,,,38.92584104,-104.7607768,,-104.7607768,38.92584104,38.925835,-104.760767,1.1,False,,,,,,,,,PD1182,PD001182,12AP-1,UG Transformer Bank,RGB-10,38.92555431,-104.7609503,25,,35.2,new_assignment
1256910,,344290,13258,10,9,0,9,1.0,1.0,1.0,9,3,3,1.0,4244152326,,,38.93419101,-104.6621331,,-104.6621331,38.93419101,38.934129,-104.662123,7.0,False,,,,,,,,,PD104159,PD104159,12ST-22,UG Transformer Bank,RBLR-321,38.93443687,-104.6620865,50,,27.6,new_assignment
1257657,,153917,14515,10,9,0,9,1.0,1.0,1.0,9,3,3,1.0,9928421215,,,39.01247227,-104.7946005,,-104.7946005,39.01247227,39.012411,-104.794591,6.9,False,,,,,,,,,PD17377,PD017377,12NG-21,UG Transformer Bank,RSCMC-33,39.01258615,-104.7944583,25,,17.6,new_assignment
1257372,,79965,2980,9,8,0,8,1.0,1.0,1.0,8,3,3,1.0,1997847705,,,38.89684681,-104.6937926,,-104.6937926,38.89684681,38.896813,-104.693783,3.9,False,,,,,,,,,PD20343,PD020343,12ST-3,UG Transformer Bank,RNRG-84,38.89664641,-104.6939075,50,,24.4,new_assignment
1257371,,444305,3171,10,8,0,8,1.0,1.0,1.0,9,3,3,1.0,7832515353,,,38.93919088,-104.6839942,,-104.6839942,38.93919088,38.939129,-104.683984,6.9,False,,,,,,,,,PD109665,PD109665,12FR-31,UG Transformer Bank,RCWH-11,38.93911926,-104.6838522,25,,14.6,new_assignment
1257369,,444305,3171,10,8,0,8,1.0,1.0,1.0,9,3,3,1.0,7837803183,,,38.93906252,-104.683648,,-104.683648,38.93906252,38.939001,-104.683638,6.9,False,,,,,,,,,PD109665,PD109665,12FR-31,UG Transformer Bank,RCWH-11,38.93911926,-104.6838522,25,,18.8,new_assignment
1030513,,2516,8119,9,8,0,8,1.0,1.0,1.0,8,3,3,1.0,8533266972,"9246 GRAND CORDERA PKWY, CLUBHOUSE",COLO SPGS,38.9647082,-104.7355703,,-104.7355703,38.9647082,38.851009,-104.834033,15245.5,True,,,,,,,,,OH24904,OH024904,12FT-4,OH Transformer Bank,,38.85143057,-104.8343555,25,,15222.3,new_assignment
1257379,,430001,14931,9,8,0,8,1.0,1.0,1.0,8,3,3,1.0,5280647019,,,38.91260551,-104.6581676,,-104.6581676,38.91260551,38.912544,-104.658158,6.9,False,,,,,,,,,PD108793,PD108793,12FR-32,UG Transformer Bank,RBLR53B-5,38.91293811,-104.6579001,25,,43.6,new_assignment
1257453,,27371,17515,9,8,0,8,1.0,1.0,1.0,8,3,3,1.0,1803659038,,,38.76122827,-104.7318434,,-104.7318434,38.76122827,38.761222,-104.731833,1.1,False,,,,,,,,,PD7883,PD007883,12BY-34,UG Transformer Bank,RPRR-36,38.76127481,-104.7313947,25,,39.2,new_assignment
1115523,,3004,26333,9,8,0,8,1.0,1.0,1.0,8,3,3,1.0,9480124245,2427 E WILLAMETTE AVE,COLO SPGS,38.84058769,-104.7845495,13RI-1,-104.7845495,38.84058769,38.840581,-104.784539,1.2,False,,,,,,,,,OH15305,OH015305,13RI-1,OH Transformer Bank,,38.84044109,-104.784137,50,,39.3,new_assignment
1232493,,473122,26767,9,8,0,8,1.0,1.0,1.0,8,3,3,1.0,6236475757,3053 KNOXVILLE PT,COLO SPGS,38.78824063,-104.7307119,12JW-1,-104.7307119,38.78824063,38.788235,-104.730699,1.3,False,,,,,,,,,PD109965,PD109965,12JW-1,UG Transformer Bank,RSBR-12,38.78818423,-104.731689,50,,84.9,new_assignment
1257363,,24763,3519,8,7,0,7,1.0,1.0,1.0,7,3,3,1.0,665881257,,,38.88622023,-104.7248217,,-104.7248217,38.88622023,38.886214,-104.724812,1.1,False,,,,,,,,,PD5120,PD005120,13PR-3,UG Transformer Bank,RCC-7,38.88646083,-104.7245425,25,,36.1,new_assignment
1112173,,506653,4286,8,7,0,7,1.0,1.0,1.0,7,3,3,1.0,7632846625,"2510 ARLINGTON DR, HSEMTR",COLO SPGS,38.81114681,-104.7785931,,-104.7785931,38.81114681,38.87995,-104.711202,9622.5,True,,,,,,,,,PD110828,PD110828,13PR-4,UG Transformer Bank,RGS5-11,38.87960435,-104.7113851,50,,9582.4,new_assignment
1145044,,477906,9039,8,7,0,7,1.0,1.0,1.0,7,3,3,1.0,745237554,3131 GREENWAY CREEK VW,COLO SPGS,38.87563401,-104.7135727,,-104.7135727,38.87563401,38.917715,-104.662725,6423.3,True,,,,,,,,,PD110540,PD110540,12FR-32,UG Transformer Bank,RBLR38-8,38.91732355,-104.6624145,50,,6410.2,new_assignment
1232465,,525844,10033,8,7,0,7,1.0,1.0,1.0,7,3,3,1.0,9610393437,10221 SPRY ST,COLO SPGS,38.97847543,-104.7148518,12BG-23,-104.7148518,38.97847543,38.978502,-104.714842,3.1,False,,,,,,,,,PD110783,PD110783,12BG-23,UG Transformer Bank,RTWR2-9,38.97854847,-104.7151081,25,,23.6,new_assignment
1257649,,161599,15209,8,7,0,7,1.0,1.0,1.0,7,3,3,1.0,3773381405,,,39.02494509,-104.8007152,,-104.8007152,39.02494509,39.024883,-104.800704,7.0,False,,,,,,,,,PD21681,PD021681,12FH-11,UG Transformer Bank,RFH26-26,39.02528123,-104.800643,50,,37.9,new_assignment
1082158,,20106,19184,8,7,0,7,1.0,1.0,1.0,7,3,3,1.0,3669337448,770 CANA GRV UNIT 101,COLO SPGS,38.81748189,-104.75053,,-104.75053,38.81748189,38.868048,-104.791712,6658.5,True,,,,,,,,,OH9851,OH009851,12PJ-1,OH Transformer Bank,,38.86813997,-104.7913304,25,,6649.5,new_assignment
1232497,,444308,22687,8,7,0,7,1.0,1.0,1.0,7,3,3,1.0,4166762975,7311 CORNICE PT,COLO SPGS,38.93820196,-104.6840843,,-104.6840843,38.93820196,38.938197,-104.684069,1.4,False,,,,,,,,,PD109667,PD109667,12FR-31,UG Transformer Bank,RCWH-13,38.93841438,-104.6842845,50,,29.3,new_assignment
1232503,,536187,22715,10,7,0,7,1.0,1.0,1.0,9,3,3,1.0,2499337392,5132 DEVERS CT,COLO SPGS,38.7572832,-104.6664412,12HZ-13,-104.6664412,38.7572832,38.757252,-104.666429,3.6,False,,,,,,,,,PD110648,PD110648,12HZ-13,UG Transformer Bank,RBH1-22,38.75691615,-104.6662337,50,,44.6,new_assignment
1232964,,536187,22715,10,7,0,7,1.0,1.0,1.0,9,3,3,1.0,6308202913,5144 DEVERS CT,COLO SPGS,38.7571035,-104.6665103,12HZ-13,-104.6665103,38.7571035,38.757069,-104.6665,3.9,False,,,,,,,,,PD110648,PD110648,12HZ-13,UG Transformer Bank,RBH1-22,38.75691615,-104.6662337,50,,31.8,new_assignment
1232555,,536187,22715,10,7,0,7,1.0,1.0,1.0,9,3,3,1.0,3573338061,5133 DEVERS CT,COLO SPGS,38.75737077,-104.6661552,12HZ-13,-104.6661552,38.75737077,38.75734,-104.666185,4.3,False,,,,,,,,,PD110648,PD110648,12HZ-13,UG Transformer Bank,RBH1-22,38.75691615,-104.6662337,50,,51.0,new_assignment
1132422,,54370,30044,8,7,0,7,1.0,1.0,1.0,7,3,3,1.0,7914551161,,,38.90218686,-104.7920103,12C-3,-104.7920103,38.90218686,38.902152,-104.792,4.0,False,,,,,,,,,PD20374,PD020374,12C-3,UG Transformer Bank,RHCP-2,38.90198315,-104.79165,25,,38.5,new_assignment
1209985,,3278,36075,8,7,0,7,1.0,1.0,1.0,7,3,3,1.0,6752827002,126 N CHESTNUT ST,COLO SPGS,38.83664959,-104.8361923,,-104.8361923,38.83664959,38.836616,-104.836183,3.8,False,,,,,,,,,OH26874,OH026874,12FT-4,OH Transformer Bank,,38.83654193,-104.8364708,25,,26.9,new_assignment
1000795,,383756,175,7,6,0,6,1.0,1.0,1.0,6,3,3,1.0,1932509278,8040 W US HIGHWAY 24,,38.89630943,-104.9703803,,-104.9703803,38.89630943,38.962594,-104.756474,19917.0,True,,,,,,,,,PD21737,PD021737,13BG-3,UG Transformer Bank,CPAB-3,38.96272599,-104.7564088,50,,19927.7,new_assignment
1008085,,6229,2611,7,6,0,6,1.0,1.0,1.0,6,3,3,1.0,7118179109,8343 OLD EXCHANGE DR,COLO SPGS,38.95574915,-104.7597446,13CW-11,-104.7597446,38.95574915,38.955736,-104.759656,7.8,False,,,,,,,,,PD15652,PD015652,13CW-11,UG Transformer Bank,RCP2-40,38.95612056,-104.7601133,25,,52.2,new_assignment
1232532,,506639,2781,7,6,0,6,1.0,1.0,1.0,6,3,3,1.0,2769477031,7851 DESERT WRANGLER DR,COLO SPGS,38.94532697,-104.6579118,12FR-32,-104.6579118,38.94532697,38.945405,-104.657921,8.7,False,,,,,,,,,PD110636,PD110636,12FR-32,UG Transformer Bank,RP1-5,38.94513915,-104.6582137,25,,33.4,new_assignment
1013016,,194556,3784,7,6,0,6,1.0,1.0,1.0,6,3,3,1.0,6760398701,"3997 RADIANT DR, CELL POLE",COLO SPGS,38.86795214,-104.7546063,13RI-2,-104.7546063,38.86795214,38.929091,-104.675714,9634.7,True,,,,,,,,,PD22399,PD022399,12ST-22,UG Transformer Bank,RBLR-143,38.92930879,-104.6755123,25,,9664.2,new_assignment
1037179,,384088,4578,7,6,0,6,1.0,1.0,1.0,6,3,3,1.0,1521452699,8755 SCARBOROUGH DR,COLO SPGS,38.9570014,-104.7383173,,-104.7383173,38.9570014,38.978713,-104.733024,2457.2,True,,,,,,,,,PD108046,PD108046,12KC-42,UG Transformer Bank,RC6-21,38.978972,-104.7330952,50,,2484.4,new_assignment
1031540,,85727,8395,7,6,0,6,1.0,1.0,1.0,6,3,3,1.0,1380684780,1133 NORWOOD AVE,COLO SPGS,38.79939587,-104.8074868,13HK-2,-104.8074868,38.79939587,38.799422,-104.807477,3.0,False,,,,,,,,,OH28726,OH028726,13HK-2,OH Transformer Bank,,38.79917251,-104.8069795,25,,50.5,new_assignment
1127228,,530639,8962,7,6,0,6,1.0,1.0,1.0,6,3,3,1.0,5650533313,"3685 VERDE DR, ELEC",COLO SPGS,38.81085487,-104.7605516,,-104.7605516,38.81085487,38.977788,-104.710689,19057.1,True,,,,,,,,,PD110845,PD110845,12BG-23,UG Transformer Bank,REWR4-5,38.97801969,-104.7107344,25,,19081.3,new_assignment
1045709,,23142,11509,7,6,0,6,1.0,1.0,1.0,6,3,3,1.0,7641986816,1560 OWL RIDGE DR,COLO SPGS,38.92548429,-104.8541783,12OV-2,-104.8541783,38.92548429,38.925494,-104.854171,1.3,False,,,,,,,,,PD8945,PD008945,12OV-2,UG Transformer Bank,RVSF-46,38.92530789,-104.8542316,25,,20.1,new_assignment
1281577,,449046,12983,7,6,0,6,1.0,1.0,1.0,6,3,3,1.0,9801062059,10759 SPALDING VW,COLO SPGS,38.98707491,-104.7897292,,-104.7897292,38.98707491,38.987068,-104.789719,1.2,False,,,,,,,,,PD109481,PD109481,12KC-14,UG Transformer Bank,RVR14-14,38.98703984,-104.7898528,25,,11.4,new_assignment
1088265,,487549,19474,8,6,0,6,1.0,1.0,1.0,7,3,3,1.0,8527349469,9361 TWIN SISTERS DR,COLO SPGS,38.91833794,-104.6526897,,-104.6526897,38.91833794,38.918331,-104.652679,1.2,False,,,,,,,,,PD110030,PD110030,12FR-32,UG Transformer Bank,RBLR57-12,38.91854142,-104.6527708,50,,23.7,new_assignment
1225733,,487549,19474,8,6,0,6,1.0,1.0,1.0,7,3,3,1.0,9003432810,9349 TWIN SISTERS DR,COLO SPGS,38.91833517,-104.6528975,,-104.6528975,38.91833517,38.918328,-104.652887,1.2,False,,,,,,,,,PD110030,PD110030,12FR-32,UG Transformer Bank,RBLR57-12,38.91854142,-104.6527708,50,,25.4,new_assignment
1257422,,17101,21626,7,6,0,6,1.0,1.0,1.0,6,3,3,1.0,4030774019,,,38.80197921,-104.7476949,,-104.7476949,38.80197921,38.801973,-104.747685,1.1,False,,,,,,,,,UG32282,UG032282,13PV-4,UG Transformer Bank,RPPP-131,38.80185695,-104.7477411,25,,14.2,new_assignment
1097208,,536190,22694,8,6,0,6,1.0,1.0,1.0,7,3,3,1.0,2228832468,5396 DEVERS CT,COLO SPGS,38.75466802,-104.665874,12HZ-13,-104.665874,38.75466802,38.754631,-104.665864,4.2,False,,,,,,,,,PD110652,PD110652,12HZ-13,UG Transformer Bank,RBH1-19,38.75490331,-104.6657127,50,,29.7,new_assignment
1097145,,536190,22694,8,6,0,6,1.0,1.0,1.0,7,3,3,1.0,9573119575,5348 DEVERS CT,COLO SPGS,38.75504329,-104.665886,12HZ-13,-104.665886,38.75504329,38.755014,-104.665876,3.4,False,,,,,,,,,PD110652,PD110652,12HZ-13,UG Transformer Bank,RBH1-19,38.75490331,-104.6657127,50,,21.6,new_assignment
1179888,,477901,22705,7,6,0,6,1.0,1.0,1.0,6,3,3,1.0,2057562035,5753 MIRELAND VW,COLO SPGS,38.91562519,-104.6622865,12FR-32,-104.6622865,38.91562519,38.915591,-104.662283,3.8,False,,,,,,,,,PD110535,PD110535,12FR-32,UG Transformer Bank,RBLR38-2,38.9155203,-104.6624153,25,,16.1,new_assignment
1232533,,389930,22738,7,6,0,6,1.0,1.0,1.0,6,3,3,1.0,9964991550,9711 FEATHERGRASS DR,COLO SPGS,38.93486352,-104.6492483,12FR-32,-104.6492483,38.93486352,38.934827,-104.649239,4.1,False,,,,,,,,,PD107727,PD107727,12FR-32,UG Transformer Bank,RBLR42-9,38.93481641,-104.6488752,50,,32.7,new_assignment
1257693,,177915,25022,7,6,0,6,1.0,1.0,1.0,6,3,3,1.0,836151987,,,38.77310953,-104.7781229,,-104.7781229,38.77310953,38.773103,-104.778113,1.1,False,,,,,,,,,OH18019,OH018019,12BY-31,OH Transformer Bank,,38.77277861,-104.777503,25,,65.1,new_assignment
1275777,,349965,28518,7,6,0,6,1.0,1.0,1.0,6,3,3,1.0,1132052365,,,38.82986307,-104.8492129,,-104.8492129,38.82986307,38.829829,-104.849203,3.9,False,,,,,,,,,PD104749,PD104749,13FV-2,UG Transformer Bank,RGHM-105,38.83003608,-104.8496101,50,,39.4,new_assignment
1232538,,536367,31753,7,6,0,6,1.0,1.0,1.0,6,3,3,1.0,2584830947,1189 REDFISH PT,COLO SPGS,38.87113487,-104.8484798,12FT-1,-104.8484798,38.87113487,38.871142,-104.848498,1.8,False,,,,,,,,,PD109560,PD109560,12FT-1,UG Transformer Bank,RPMC-14,38.87109811,-104.8478769,50,,52.4,new_assignment
1143192,,20157,32363,7,6,0,6,1.0,1.0,1.0,6,3,3,1.0,9982815548,"2333 N LOGAN AVE, GARAGE",COLO SPGS,38.86575332,-104.7971277,12PJ-1,-104.7971277,38.86575332,38.865803,-104.797128,5.5,False,,,,,,,,,OH9912,OH009912,12PJ-1,OH Transformer Bank,,38.86536949,-104.7968759,25,,47.9,new_assignment
1265550,,384443,2360,6,5,0,5,1.0,1.0,1.0,5,3,3,1.0,104716469,,,38.97700692,-104.7261842,,-104.7261842,38.97700692,38.977,-104.726174,1.2,False,,,,,,,,,PD108056,PD108056,12BG-23,UG Transformer Bank,RHWR-13,38.97727801,-104.7258522,25,,41.6,new_assignment
1044086,,535970,3622,6,5,0,5,1.0,1.0,1.0,5,3,3,1.0,3934973164,"1330 W KIOWA ST, HSEMTR2",COLO SPGS,38.8399134,-104.8450471,,-104.8450471,38.8399134,38.947246,-104.71566,16365.5,True,,,,,,,,,PD110294,PD110294,12BG-22,UG Transformer Bank,RTUT-13,38.94721981,-104.7158508,50,,16352.1,new_assignment
1285307,,378461,4677,6,5,0,5,1.0,1.0,1.0,5,3,3,1.0,5106833009,1126 NORWOOD AVE,COLO SPGS,38.79977519,-104.8082485,,-104.8082485,38.79977519,38.93971,-104.744335,16514.6,True,,,,,,,,,PD107210,PD107210,12BG-21,UG Transformer Bank,RTCC-4,38.93958744,-104.7443822,25,,16500.4,new_assignment
1232979,,384663,5042,6,5,0,5,1.0,1.0,1.0,5,3,3,1.0,2797189562,8522 NOREEN FALLS DR,COLO SPGS,38.95526888,-104.7140902,12BG-22,-104.7140902,38.95526888,38.955235,-104.714083,3.8,False,,,,,,,,,PD107886,PD107886,12BG-22,UG Transformer Bank,RWWR13-8,38.95532739,-104.7138069,25,,25.3,new_assignment
1152875,,7010,8451,6,5,0,5,1.0,1.0,1.0,5,3,3,1.0,8730485549,823 E MORENO AVE,COLO SPGS,38.82475947,-104.8096948,,-104.8096948,38.82475947,38.94358,-104.759145,13917.9,True,,,,,,,,,PD839,PD000839,13CW-1,UG Transformer Bank,RMMB-4,38.9436032,-104.7590474,25,,13923.0,new_assignment
1125482,,444304,9552,6,5,0,5,1.0,1.0,1.0,5,3,3,1.0,9195559217,7380 CORNICE PT,COLO SPGS,38.93971986,-104.6836659,,-104.6836659,38.93971986,38.939689,-104.683615,5.6,False,,,,,,,,,PD109663,PD109663,12FR-31,UG Transformer Bank,RCWH-9,38.93975065,-104.6835052,25,,14.3,new_assignment
1037817,,13491,9840,6,5,0,5,1.0,1.0,1.0,5,3,3,1.0,6920643127,4409 ARGYLL CIR,COLO SPGS,38.86658149,-104.7449226,13RI-9,-104.7449226,38.86658149,38.866617,-104.74491,4.1,False,,,,,,,,,UG11178,UG011178,13RI-9,UG Transformer Bank,RBW-17,38.86714012,-104.7448977,25,,62.2,new_assignment
1137848,,139208,10986,6,5,0,5,1.0,1.0,1.0,5,3,3,1.0,1808942762,7583 MANISTIQUE DR,COLO SPGS,38.91604127,-104.6854951,12ST-2,-104.6854951,38.91604127,38.916034,-104.685485,1.2,False,,,,,,,,,PD17717,PD017717,12ST-2,UG Transformer Bank,RSRH-22,38.91617881,-104.6856044,25,,18.0,new_assignment
1232529,,506690,13062,6,5,0,5,1.0,1.0,1.0,5,3,3,1.0,4291711567,9120 COAL CART LN,COLO SPGS,38.94521829,-104.6567803,12FR-32,-104.6567803,38.94521829,38.945295,-104.656777,8.5,False,,,,,,,,,PD110756,PD110756,12FR-32,UG Transformer Bank,REP1-11,38.94510454,-104.6564248,25,,33.2,new_assignment
1059721,,4744,13891,6,5,0,5,1.0,1.0,1.0,5,3,3,1.0,1212681613,"6415 TEMPLETON GAP DL, TEMP",COLO SPGS,38.92575742,-104.7229875,,-104.7229875,38.92575742,38.798892,-104.845736,17662.2,True,,,,,,,,,OH27980,OH027980,12SP-35,OH Transformer Bank,,38.79893446,-104.8464025,25,,17693.2,new_assignment
1137183,,3488,19308,6,5,0,5,1.0,1.0,1.0,5,3,3,1.0,6289973317,3928 E PIKES PEAK AVE,COLO SPGS,38.83228589,-104.7537186,13KE-62,-104.7537186,38.83228589,38.83228,-104.753709,1.1,False,,,,,,,,,OH19253,OH019253,13KE-62,OH Transformer Bank,,38.83251858,-104.7547632,25,,94.1,new_assignment
1278656,,16010,19797,6,5,0,5,1.0,1.0,1.0,5,3,3,1.0,2649321213,629 GOLDEN EAGLE DR,COLO SPGS,38.82238581,-104.7403128,,-104.7403128,38.82238581,38.82238,-104.740303,1.1,False,,,,,,,,,PD10660,PD010660,13PV-4,UG Transformer Bank,RVSC-59,38.82198746,-104.7404724,25,,46.4,new_assignment
1090429,,20961,20599,6,5,0,5,1.0,1.0,1.0,5,3,3,1.0,1780397582,875 VAPOR TRL,COLO SPGS,38.82057616,-104.7236105,,-104.7236105,38.82057616,38.844399,-104.847521,11055.1,True,,,,,,,,,OH24494,OH024494,13Y-1,OH Transformer Bank,,38.84454151,-104.847696,25,,11073.6,new_assignment
1232488,,536372,22690,6,5,0,5,1.0,1.0,1.0,5,3,3,1.0,7296488711,1164 SMILEY CREEK PT,COLO SPGS,38.87002354,-104.8477582,12FT-1,-104.8477582,38.87002354,38.869987,-104.847748,4.2,False,,,,,,,,,PD109563,PD109563,12FT-1,UG Transformer Bank,RPMC-22,38.86983885,-104.8478287,25,,21.4,new_assignment
1232467,,497070,26787,6,5,0,5,1.0,1.0,1.0,5,3,3,1.0,7738248583,10650 WOLF LAKE DR,COLO SPGS,38.9811321,-104.7200314,12BG-23,-104.7200314,38.9811321,38.981127,-104.719986,4.0,False,,,,,,,,,PD110508,PD110508,12BG-23,UG Transformer Bank,RHWR-61,38.9808325,-104.7199086,25,,35.0,new_assignment
1257655,,3369,31015,6,5,0,5,1.0,1.0,1.0,5,3,3,1.0,8723371451,,,38.83426071,-104.7692718,,-104.7692718,38.83426071,38.834254,-104.769262,1.1,False,,,,,,,,,OH17672,OH017672,12AR-1,OH Transformer Bank,,38.83468018,-104.7691162,25,,48.6,new_assignment
1257361,,640,46334,6,5,0,5,1.0,1.0,1.0,5,3,3,1.0,8656302834,,,38.90093261,-104.749958,,-104.749958,38.90093261,38.900926,-104.749948,1.1,False,,,,,,,,,OH4138,OH004138,12AP-4,OH Transformer Bank,,38.90077597,-104.7502958,25,,34.0,new_assignment
1232961,,535978,46462,7,5,0,5,1.0,1.0,1.0,6,3,3,1.0,6322399250,7785 RUSTIC TRAIL LOOP,COLO SPGS,38.94512594,-104.7153706,12BG-22,-104.7153706,38.94512594,38.945144,-104.71536,2.2,False,,,,,,,,,PD110308,PD110308,12BG-22,UG Transformer Bank,RTUT-23,38.94507194,-104.7152583,25,,11.4,new_assignment
1232942,,535978,46462,7,5,0,5,1.0,1.0,1.0,6,3,3,1.0,7764453690,7761 RUSTIC TRAIL LOOP,COLO SPGS,38.94549133,-104.7153681,12BG-22,-104.7153681,38.94549133,38.945483,-104.71536,1.2,False,,,,,,,,,PD110308,PD110308,12BG-22,UG Transformer Bank,RTUT-23,38.94507194,-104.7152583,25,,47.6,new_assignment
1257706,,23720,12773,5,4,0,4,1.0,1.0,1.0,4,3,3,1.0,8028798981,,,38.91410078,-104.8689174,,-104.8689174,38.91410078,38.914094,-104.868907,1.2,False,,,,,,,,,PD12372,PD012372,12WR-2,UG Transformer Bank,RMOS-150,38.91408469,-104.8692588,25,,29.6,new_assignment
1066542,,4753,15193,5,4,0,4,1.0,1.0,1.0,4,3,3,1.0,9101521158,10660 WHITE DIAMOND PT,COLO SPGS,38.98470736,-104.795925,,-104.795925,38.98470736,38.79865,-104.811,20729.7,True,,,,,,,,,OH28696,OH028696,13HK-2,OH Transformer Bank,,38.79843106,-104.8117457,25,,20758.2,new_assignment
1097161,,537121,16117,6,4,0,4,1.0,1.0,1.0,5,3,3,1.0,1599491502,9242 ORO CITY LOOP,COLO SPGS,38.91641829,-104.656037,12FR-32,-104.656037,38.91641829,38.916381,-104.656027,4.2,False,,,,,,,,,PD111065,PD111065,12FR-32,UG Transformer Bank,RBLR56-7,38.91624357,-104.6556914,25,,35.7,new_assignment
1233002,,537121,16117,6,4,0,4,1.0,1.0,1.0,5,3,3,1.0,4921472534,9238 ORO CITY LOOP,COLO SPGS,38.91617149,-104.6560236,12FR-32,-104.6560236,38.91617149,38.916163,-104.656015,1.2,False,,,,,,,,,PD111065,PD111065,12FR-32,UG Transformer Bank,RBLR56-7,38.91624357,-104.6556914,25,,29.8,new_assignment
1247846,,14575,21056,5,4,0,4,1.0,1.0,1.0,4,3,3,1.0,4849659950,850 MARLSTONE PL,COLO SPGS,38.84970719,-104.8420426,,-104.8420426,38.84970719,38.849701,-104.842033,1.1,False,,,,,,,,,PD9612,PD009612,13Y-1,UG Transformer Bank,RMG-8,38.84977067,-104.8423595,25,,28.3,new_assignment
1232993,,536699,22546,6,4,0,4,1.0,1.0,1.0,5,3,3,1.0,1942633368,1337 VERDE DR,COLO SPGS,38.81223314,-104.7721614,13HK-1,-104.7721614,38.81223314,38.812255,-104.772151,2.6,False,,,,,,,,,,PD023013,,,RSHTA-2,38.81237286,-104.7722064,25,,16.0,new_assignment
1096654,,536699,22546,6,4,0,4,1.0,1.0,1.0,5,3,3,1.0,4065157487,1329 VERDE DR,COLO SPGS,38.81244036,-104.7725371,13HK-1,-104.7725371,38.81244036,38.812463,-104.772532,2.6,False,,,,,,,,,,PD023013,,,RSHTA-2,38.81237286,-104.7722064,25,,29.6,new_assignment
1135830,,2641,31232,5,4,0,4,1.0,1.0,1.0,4,3,3,1.0,4511794821,,,38.84754749,-104.7652302,,-104.7652302,38.84754749,38.847514,-104.76522,3.8,False,,,,,,,,,OH3345,OH003345,13RI-1,OH Transformer Bank,,38.84775013,-104.7649577,25,,32.6,new_assignment
1150133,,21399,32951,5,4,0,4,1.0,1.0,1.0,4,3,3,1.0,4839560634,3018 GREENWOOD CIR,COLO SPGS,38.82892405,-104.7723621,,-104.7723621,38.82892405,38.828918,-104.772352,1.1,False,,,,,,,,,OH19195,OH019195,12AR-1,OH Transformer Bank,,38.82901546,-104.7717198,25,,56.6,new_assignment
1257426,,20603,38215,5,4,0,4,1.0,1.0,1.0,4,3,3,1.0,5410142303,,,38.85281916,-104.8559625,,-104.8559625,38.85281916,38.852813,-104.855952,1.1,False,,,,,,,,,OH33439,OH033439,13Y-1,OH Transformer Bank,,38.85294025,-104.8564982,25,,48.3,new_assignment
1187454,,3296,39995,5,4,0,4,1.0,1.0,1.0,4,3,3,1.0,7064884202,424 W KIOWA ST,COLO SPGS,38.83581827,-104.8337144,,-104.8337144,38.83581827,38.835897,-104.833701,8.8,False,,,,,,,,,OH26479,OH026479,12FT-4,OH Transformer Bank,,38.83639222,-104.8337664,37.5,,64.0,new_assignment
1240541,,536734,46566,6,4,0,4,1.0,1.0,1.0,5,3,3,1.0,3501024424,"31 NOYER CT, HSEMTR",COLO SPGS,38.8051113,-104.8280045,12SP-35,-104.8280045,38.8051113,38.805183,-104.827991,8.1,False,,,,,,,,,PD111684,PD111684,12SP-35,UG Transformer Bank,CNCD-1,38.80522944,-104.8279071,100,,15.6,new_assignment
1299377,,536734,46566,6,4,0,4,1.0,1.0,1.0,5,3,3,1.0,9196894406,1931 WOODBURN ST,COLO SPGS,38.80535083,-104.8279608,12SP-35,-104.8279608,38.80535083,38.805366,-104.827904,5.2,False,,,,,,,,,PD111684,PD111684,12SP-35,UG Transformer Bank,CNCD-1,38.80522944,-104.8279071,100,,14.3,new_assignment
1093931,18332,18361,21568,19,19,1,18,0.9474,0.8947,1.0,18,3,3,1.0,9508197940,"3830 PATRICK DR, HSEMTR",COLO SPGS,38.78260505,-104.7557547,13KE-73,-104.7557547,38.78260505,38.78238,-104.756116,40.1,False,PD7441,PD007441,13KE-73,UG Transformer Bank,CHC-7,38.78267554,-104.7557168,100,PD7440,PD007440,13KE-73,UG Transformer Bank,CHC-9,38.78223151,-104.7560198,100,8.5,47.5,same_feeder_ambiguous
1093870,18361,18332,21853,18,18,1,17,0.9444,0.8889,1.0,17,3,3,1.0,6183475938,"3820 PATRICK DR, HSEMTR",COLO SPGS,38.78225542,-104.7560934,13KE-73,-104.7560934,38.78225542,38.782536,-104.755808,39.8,False,PD7440,PD007440,13KE-73,UG Transformer Bank,CHC-9,38.78223151,-104.7560198,100,PD7441,PD007441,13KE-73,UG Transformer Bank,CHC-7,38.78267554,-104.7557168,100,6.9,57.0,same_feeder_ambiguous
1111512,25725,25720,25344,18,18,1,17,0.9444,0.8889,1.0,17,3,3,1.0,2690792167,"1320 POTTER DR, HSE 4",COLO SPGS,38.85178254,-104.7535672,13RI-11,-104.7535672,38.85178254,38.851639,-104.753604,16.3,False,UG4127,UG004127,13RI-11,UG Transformer Bank,ACDR-5,38.85177021,-104.7534305,37.5,UG4131,UG004131,13RI-11,UG Transformer Bank,ACDR-1,38.85195172,-104.7532526,37.5,11.9,33.1,same_feeder_ambiguous
1116688,14342,25725,25940,18,18,1,17,0.9444,0.8889,1.0,17,3,3,1.0,2540392273,"1320 POTTER DR, HSE 5",COLO SPGS,38.8517217,-104.753245,13RI-11,-104.753245,38.8517217,38.85189,-104.753422,24.2,False,UG4128,UG004128,13RI-11,UG Transformer Bank,ACDR-4,38.85170834,-104.7529587,37.5,UG4127,UG004127,13RI-11,UG Transformer Bank,ACDR-5,38.85177021,-104.7534305,37.5,24.8,16.9,same_feeder_ambiguous
1116256,14318,14342,1124,17,17,1,16,0.9412,0.8824,1.0,16,3,3,1.0,1171970626,"1320 POTTER DR, HSE 3",COLO SPGS,38.8517958,-104.7530227,13RI-11,-104.7530227,38.8517958,38.851518,-104.753051,31.0,False,UG4130,UG004130,13RI-11,UG Transformer Bank,ACDR-2,38.85186091,-104.7529608,37.5,UG4128,UG004128,13RI-11,UG Transformer Bank,ACDR-4,38.85170834,-104.7529587,37.5,9.0,11.2,same_feeder_ambiguous
1080154,15897,15893,1144,17,17,1,16,0.9412,0.8824,1.0,16,3,3,1.0,5109349732,4122 APOLLO VILLAGE CIR APT C,COLO SPGS,38.82485721,-104.7521159,12PV-2,-104.7521159,38.82485721,38.824919,-104.751621,43.4,False,UG11898,UG011898,12PV-2,UG Transformer Bank,AAPV-3,38.82479611,-104.7520854,50,UG11899,UG011899,12PV-2,UG Transformer Bank,AAPV-6,38.82492104,-104.7514998,50,7.3,53.8,same_feeder_ambiguous
1121136,19423,3567,12187,16,16,1,15,0.9375,0.875,1.0,15,3,3,1.0,4064533163,"496 CARDIFF CIR, CELL POLE",COLO SPGS,38.7615881,-104.8208942,12JL-2,-104.8208942,38.7615881,38.830562,-104.772113,8757.5,True,PD11922,PD011922,12JL-2,UG Transformer Bank,RBBE-2,38.76193611,-104.8210728,25,OH16204,OH016204,12AR-1,OH Transformer Bank,,38.830619,-104.7736938,50,41.7,8697.8,cross_feeder_likely_gis_error
1113152,25813,14647,25758,14,14,1,13,0.9286,0.8571,1.0,13,3,3,1.0,1248123830,5102 GALLEY RD LOT 429AW,COLO SPGS,38.84892328,-104.7377773,13PV-3,-104.7377773,38.84892328,38.848958,-104.737764,4.0,False,UG5060,UG005060,13PV-3,UG Transformer Bank,MCP-18,38.84909732,-104.7373356,25,UG5059,UG005059,13PV-3,UG Transformer Bank,MCP-17,38.8484891,-104.7374311,25,42.9,56.8,same_feeder_ambiguous
1287801,370272,370271,46237,14,14,1,13,0.9286,0.8571,1.0,13,3,3,1.0,3629880188,5392 SILVERSTONE TER,COLO SPGS,38.90931856,-104.8648927,12WR-2,-104.8648927,38.90931856,38.909284,-104.864882,4.0,False,PD105050,PD105050,12WR-2,UG Transformer Bank,RTFV-5,38.90911463,-104.8645502,50,PD105049,PD105049,12WR-2,UG Transformer Bank,RTFV-4,38.90982814,-104.8645477,50,37.3,64.0,same_feeder_ambiguous
1233000,,506645,23487,8,7,0,6,0.8571,0.8571,1.0,7,3,3,1.0,2740748894,6324 SEASONS BAY DR,COLO SPGS,38.88125365,-104.7114279,13PR-4,-104.7114279,38.88125365,38.88124,-104.711416,1.8,False,,,,,,,,,PD110833,PD110833,13PR-4,UG Transformer Bank,RGS5-3,38.88121585,-104.7117818,50,,30.9,new_assignment
1000727,221438,5576,59,13,13,1,12,0.9231,0.8462,1.0,12,3,3,1.0,1864154672,10410 S STATE HIGHWAY 115 LOT 10,COLO SPGS,38.6795455,-104.8501639,12JL-1,-104.8501639,38.6795455,38.679576,-104.850109,5.8,False,OH52454,OH052454,12JL-1,OH Transformer Bank,,38.67967012,-104.8497273,50,OH42111,OH042111,12JL-1,OH Transformer Bank,,38.67977846,-104.849524,50,40.4,61.3,same_feeder_ambiguous
1008326,24698,24718,1724,13,13,1,12,0.9231,0.8462,1.0,12,3,3,1.0,3333625678,6560 RANGE OVERLOOK HTS,COLO SPGS,38.88775022,-104.7089102,12ST-3,-104.7089102,38.88775022,38.887765,-104.708935,2.7,False,PD13405,PD013405,12ST-3,UG Transformer Bank,RCOT-5,38.88800146,-104.7086188,25,PD13404,PD013404,12ST-3,UG Transformer Bank,RCOT-4,38.88755799,-104.7087752,50,37.6,24.4,same_feeder_ambiguous
1035302,286723,286724,3220,13,13,1,12,0.9231,0.8462,1.0,12,3,3,1.0,2213970551,7862 WAGONWOOD PL,COLO SPGS,38.94574253,-104.6861721,,-104.6861721,38.94574253,38.945736,-104.686162,1.1,False,PD102312,PD102312,12FR-31,UG Transformer Bank,RFM-193,38.94607488,-104.6859694,50,PD102314,PD102314,12FR-31,UG Transformer Bank,RFM-194,38.94523387,-104.6861045,50,40.9,56.9,same_feeder_ambiguous
1043269,156167,129268,7393,13,13,1,12,0.9231,0.8462,1.0,12,3,3,1.0,6161207832,"4903 HAPPY MEADOWS TRL, SPKG",COLO SPGS,38.96875352,-104.7346763,13BG-4,-104.7346763,38.96875352,38.968747,-104.734666,1.1,False,PD17436,PD017436,13BG-4,UG Transformer Bank,RC1-37,38.96864716,-104.7328979,25,PD21507,PD021507,13BG-4,UG Transformer Bank,RC1-19,38.96796467,-104.7355225,50,154.2,114.2,same_feeder_ambiguous
1032627,345249,345246,8701,13,13,1,12,0.9231,0.8462,1.0,12,3,3,1.0,9473133498,"7207 BLACK SPRUCE HTS, SPKG",COLO SPGS,38.94320215,-104.6927185,,-104.6927185,38.94320215,38.943195,-104.692708,1.2,False,PD104511,PD104511,12FR-31,UG Transformer Bank,RPFM-11,38.94335104,-104.6925327,50,PD104514,PD104514,12FR-31,UG Transformer Bank,RPFM-10,38.94302455,-104.6921805,50,23.1,50.5,same_feeder_ambiguous
1075914,273278,282235,17736,13,13,1,12,0.9231,0.8462,1.0,12,3,3,1.0,4843769533,6161 SAN MATEO DR,COLO SPGS,38.76022333,-104.7102206,12HZ-12,-104.7102206,38.76022333,38.760217,-104.71021,1.2,False,PD101488,PD101488,12HZ-12,UG Transformer Bank,RPS-102,38.76088045,-104.7105316,25,PD101981,PD101981,12HZ-12,UG Transformer Bank,RPS-109,38.7601227,-104.7095466,50,77.9,59.5,same_feeder_ambiguous
1076628,284155,282241,17900,13,13,1,12,0.9231,0.8462,1.0,12,3,3,1.0,4491801667,6269 SAN MATEO DR,COLO SPGS,38.76121081,-104.7071318,12HZ-12,-104.7071318,38.76121081,38.761177,-104.707122,3.9,False,PD102402,PD102402,12HZ-12,UG Transformer Bank,RPS-115,38.76182459,-104.7069597,50,PD101980,PD101980,12HZ-12,UG Transformer Bank,RPS-108,38.76071664,-104.7080484,50,69.9,96.6,same_feeder_ambiguous
1178651,21210,21186,22437,13,13,1,12,0.9231,0.8462,1.0,12,3,3,1.0,4663555866,1180 W BIJOU ST,COLO SPGS,38.83875754,-104.8419208,13Y-1,-104.8419208,38.83875754,38.8389,-104.842014,17.8,False,OH27039,OH027039,13Y-1,OH Transformer Bank,,38.83821137,-104.8414955,50,OH27025,OH027025,13Y-1,OH Transformer Bank,,38.83909321,-104.8430617,50,71.0,105.6,same_feeder_ambiguous
1287212,4636,4618,49934,13,13,1,12,0.9231,0.8462,1.0,12,3,3,1.0,7092287556,816 W CHEYENNE RD,COLO SPGS,38.80145562,-104.841867,12SP-35,-104.841867,38.80145562,38.801483,-104.841857,3.2,False,OH27515,OH027515,12SP-35,OH Transformer Bank,,38.80185009,-104.8412876,25,OH27517,OH027517,12SP-35,OH Transformer Bank,,38.8022532,-104.8412967,50,66.7,101.5,same_feeder_ambiguous
1007399,24891,24882,2385,12,12,1,11,0.9167,0.8333,1.0,11,3,3,1.0,6510862497,6565 PACKSADDLE CT,COLO SPGS,38.88335783,-104.7051434,12CL-11,-104.7051434,38.88335783,38.883368,-104.705136,1.3,False,PD8478,PD008478,12CL-11,UG Transformer Bank,RCSR-110,38.88342575,-104.704818,25,PD8477,PD008477,12CL-11,UG Transformer Bank,RCSR-109,38.88363751,-104.7053778,50,29.2,37.1,same_feeder_ambiguous
1131849,345084,20786,4954,12,12,1,11,0.9167,0.8333,1.0,11,3,3,1.0,2117373632,"3118 GALLEY RD, TELMTR",COLO SPGS,38.84737173,-104.7726173,13RI-1,-104.7726173,38.84737173,38.847308,-104.771367,108.5,True,PD104447,PD104447,13RI-1,UG Transformer Bank,CPP-24,38.84730912,-104.772609,25,OH14700,OH014700,13RI-1,OH Transformer Bank,,38.84796255,-104.7711309,25,7.0,144.5,same_feeder_ambiguous
1090506,1307,1332,13700,12,12,1,11,0.9167,0.8333,1.0,11,3,3,1.0,5299721695,"3101 CHAMBERS WAY, CHAPEL",COLO SPGS,38.87201139,-104.8701818,13FV-1,-104.8701818,38.87201139,38.872005,-104.870172,1.1,False,OH30093,OH030093,13FV-1,OH Transformer Bank,,38.87183337,-104.868458,15,OH30956,OH030956,13FV-1,OH Transformer Bank,,38.87092281,-104.8700037,25,150.5,122.0,same_feeder_ambiguous
1066886,376834,376833,14949,12,12,1,11,0.9167,0.8333,1.0,11,3,3,1.0,997470025,1845 SPRING WATER PT,COLO SPGS,38.98806141,-104.7926243,12KC-33,-104.7926243,38.98806141,38.988055,-104.792614,1.1,False,PD105646,PD105646,12KC-33,UG Transformer Bank,RPVR-9,38.9878193,-104.7927075,50,PD105645,PD105645,12KC-33,UG Transformer Bank,RPVR-8,38.98801105,-104.7924228,50,27.9,18.3,same_feeder_ambiguous
1188497,3217,3178,16240,12,12,1,11,0.9167,0.8333,1.0,11,3,3,1.0,4763251188,716 W BIJOU ST,COLO SPGS,38.83770037,-104.8379847,12FT-4,-104.8379847,38.83770037,38.837899,-104.83796,22.2,False,OH25933,OH025933,12FT-4,OH Transformer Bank,,38.83753249,-104.838404,25,OH25926,OH025926,12FT-4,OH Transformer Bank,,38.83817824,-104.8378836,25,40.8,53.9,same_feeder_ambiguous
1301788,6754,22426,17338,12,12,1,11,0.9167,0.8333,1.0,11,3,3,1.0,4417753161,2004 SILKWOOD DR,COLO SPGS,38.94737601,-104.7894199,13CW-3,-104.7894199,38.94737601,38.947406,-104.789411,3.4,False,PD3847,PD003847,13CW-3,UG Transformer Bank,RSCA-4,38.94790862,-104.7891454,25,PD3848,PD003848,13CW-3,UG Transformer Bank,RSCA-5,38.94732745,-104.7888806,25,63.8,46.9,same_feeder_ambiguous
1145065,25814,25784,24427,12,12,1,11,0.9167,0.8333,1.0,11,3,3,1.0,5892026055,5102 GALLEY RD LOT 211A,COLO SPGS,38.84931998,-104.7367887,13PV-3,-104.7367887,38.84931998,38.849363,-104.736777,4.9,False,UG5071,UG005071,13PV-3,UG Transformer Bank,MCP-20,38.84905958,-104.7366972,25,UG5072,UG005072,13PV-3,UG Transformer Bank,MCP-21,38.84948578,-104.7361301,25,30.0,59.9,same_feeder_ambiguous
1186812,26106,26118,29216,12,12,1,11,0.9167,0.8333,1.0,11,3,3,1.0,5859441173,1025 GARNER ST LOT 13D,COLO SPGS,38.83275492,-104.8461109,12SP-34,-104.8461109,38.83275492,38.832747,-104.846104,1.1,False,PD10011,PD010011,12SP-34,UG Transformer Bank,MA1-12,38.83287034,-104.8462441,25,PD10010,PD010010,12SP-34,UG Transformer Bank,MA1-13,38.83250453,-104.8460229,25,17.3,28.9,same_feeder_ambiguous
1187401,365119,365120,36081,12,12,1,11,0.9167,0.8333,1.0,11,3,3,1.0,47404650,"113 MAYFLOWER PARK PL, SPKG",COLO SPGS,38.83207956,-104.8531145,13FV-2,-104.8531145,38.83207956,38.832758,-104.852598,87.7,False,PD105438,PD105438,13FV-2,UG Transformer Bank,RGHM-114,38.83207105,-104.8530249,50,PD105437,PD105437,13FV-2,UG Transformer Bank,RGHM-115,38.83238111,-104.8531909,50,7.8,34.2,same_feeder_ambiguous
1270187,10991,10968,44300,12,12,1,11,0.9167,0.8333,1.0,11,3,3,1.0,5507423608,4540 SPRING CANYON HTS APT 208,COLO SPGS,38.89707142,-104.8690343,13IP-3,-104.8690343,38.89707142,38.897585,-104.86988,92.8,False,PD10502,PD010502,13IP-3,UG Transformer Bank,CSCH-7,38.8972779,-104.8691379,100,PD10422,PD010422,13IP-3,UG Transformer Bank,CSCH-6,38.89729573,-104.8697237,50,24.6,64.7,same_feeder_ambiguous
1303966,22424,22401,53187,12,12,1,11,0.9167,0.8333,1.0,11,3,3,1.0,7042006969,8025 LEXINGTON PARK DR,COLO SPGS,38.94742392,-104.7700026,13CW-11,-104.7700026,38.94742392,38.947413,-104.769965,3.5,False,PD3739,PD003739,13CW-11,UG Transformer Bank,RLPT-3,38.94725864,-104.7703201,50,PD3740,PD003740,13CW-11,UG Transformer Bank,RLPT-4,38.94767817,-104.7702269,50,33.0,34.3,same_feeder_ambiguous
1007408,10755,24394,918,11,11,1,10,0.9091,0.8182,1.0,10,3,3,1.0,6080818182,4630 DOUBLE LASSO CT,COLO SPGS,38.89825198,-104.7155344,12ST-1,-104.7155344,38.89825198,38.898214,-104.715515,4.5,False,PD13016,PD013016,12ST-21,UG Transformer Bank,RSH23-12,38.89852069,-104.7156006,25,PD13015,PD013015,12ST-21,UG Transformer Bank,RSH23-13,38.89811295,-104.7150299,25,30.4,46.3,same_feeder_ambiguous
1011409,6657,6551,1335,11,11,1,10,0.9091,0.8182,1.0,10,3,3,1.0,6177163715,"8232 N POWERS BLVD, VMS SIGN",COLO SPGS,38.94972037,-104.7208925,12BG-21,-104.7208925,38.94972037,38.950738,-104.721397,121.3,True,PD14688,PD014688,12BG-21,UG Transformer Bank,RF-144,38.94892968,-104.7217343,25,PD11982,PD011982,13BG-3,UG Transformer Bank,RF-160,38.95061834,-104.7230002,25,114.1,207.8,cross_feeder_likely_gis_error
1020546,9204,9212,3372,11,11,1,10,0.9091,0.8182,1.0,10,3,3,1.0,6220336261,3840 SOFT BREEZE WAY,COLO SPGS,38.91742767,-104.7555396,12AP-3,-104.7555396,38.91742767,38.917464,-104.755526,4.2,False,PD2439,PD002439,12AP-3,UG Transformer Bank,RN-2,38.91739246,-104.756123,25,PD2438,PD002438,12AP-3,UG Transformer Bank,RN-1,38.91728805,-104.7551253,25,50.6,39.1,same_feeder_ambiguous
1054417,365058,365056,3954,11,11,1,10,0.9091,0.8182,1.0,10,3,3,1.0,8654719197,7126 COMPASS BEND DR,COLO SPGS,38.93490079,-104.6540887,12FR-32,-104.6540887,38.93490079,38.934894,-104.654078,1.2,False,PD105248,PD105248,12FR-32,UG Transformer Bank,RBLR-437,38.93496456,-104.6533986,25,PD105243,PD105243,12FR-32,UG Transformer Bank,RBLR-436,38.93454238,-104.6538576,50,60.1,44.6,same_feeder_ambiguous
1275390,390509,390508,4449,11,11,1,10,0.9091,0.8182,1.0,10,3,3,1.0,4566845442,"11769 BLACK CREEK DR, LIGHT",COLO SPGS,39.00136748,-104.7883003,12FH-13,-104.7883003,39.00136748,39.001413,-104.788292,5.1,False,PD108081,PD108081,12FH-13,UG Transformer Bank,RFHP-25,39.00110425,-104.7888805,25,PD108080,PD108080,12FH-13,UG Transformer Bank,RFHP-23,39.00136592,-104.7874356,50,58.1,74.7,same_feeder_ambiguous
1035783,306237,319035,6187,11,11,1,10,0.9091,0.8182,1.0,10,3,3,1.0,4531260238,7604 DRY WILLOW WAY,COLO SPGS,38.94597146,-104.6889634,,-104.6889634,38.94597146,38.945937,-104.688953,3.9,False,PD102893,PD102893,12FR-31,UG Transformer Bank,RFM-221,38.94608117,-104.6891638,50,PD124607,PD124607,12FR-31,UG Transformer Bank,RFM-226,38.94556027,-104.6886966,50,21.2,51.2,same_feeder_ambiguous
1029649,370383,370384,6193,11,11,1,10,0.9091,0.8182,1.0,10,3,3,1.0,9205643195,6848 CUMBRE VISTA WAY,COLO SPGS,38.94701036,-104.7056728,12BG-22,-104.7056728,38.94701036,38.947004,-104.705662,1.2,False,PD105563,PD105563,12BG-22,UG Transformer Bank,RCVS-71,38.9466562,-104.7060271,25,PD105562,PD105562,12BG-22,UG Transformer Bank,RCVS-70,38.94748313,-104.7059583,50,49.9,58.1,same_feeder_ambiguous
1029681,370384,370382,6205,11,11,1,10,0.9091,0.8182,1.0,10,3,3,1.0,2963835061,6787 CUMBRE VISTA WAY,COLO SPGS,38.94781569,-104.7063255,12BG-22,-104.7063255,38.94781569,38.947809,-104.706315,1.2,False,PD105562,PD105562,12BG-22,UG Transformer Bank,RCVS-70,38.94748313,-104.7059583,50,PD105561,PD105561,12BG-22,UG Transformer Bank,RCVS-69,38.94833434,-104.7059397,50,48.7,66.6,same_feeder_ambiguous
1095085,420288,420286,6785,11,11,1,10,0.9091,0.8182,1.0,10,3,3,1.0,3244321766,9058 STRATH PT,COLO SPGS,38.91681189,-104.6607889,12FR-32,-104.6607889,38.91681189,38.916805,-104.660739,4.4,False,PD109011,PD109011,12FR-32,UG Transformer Bank,RBLR37-5,38.91684315,-104.6604812,50,PD109008,PD109008,12FR-32,UG Transformer Bank,RBLR37-3,38.91694396,-104.6612623,50,26.8,43.5,same_feeder_ambiguous
1038122,148481,148482,7667,11,11,1,10,0.9091,0.8182,1.0,10,3,3,1.0,7404274700,4842 TURQUOISE LAKE CT,COLO SPGS,38.97403174,-104.7379606,12KC-42,-104.7379606,38.97403174,38.974024,-104.73795,1.3,False,PD17668,PD017668,12KC-42,UG Transformer Bank,RC2-6,38.97372457,-104.7384916,50,PD17669,PD017669,12KC-42,UG Transformer Bank,RC2-5,38.97373197,-104.7374381,50,57.2,56.1,same_feeder_ambiguous
1034753,292159,292158,9182,11,11,1,10,0.9091,0.8182,1.0,10,3,3,1.0,4803652832,8117 MOCKORANGE HTS,COLO SPGS,38.94946849,-104.6920043,,-104.6920043,38.94946849,38.949434,-104.691994,3.9,False,PD102604,PD102604,12FR-31,UG Transformer Bank,RFM-204,38.94968026,-104.6921757,50,PD102603,PD102603,12FR-31,UG Transformer Bank,RFM-205,38.94910313,-104.6921523,50,27.8,42.6,same_feeder_ambiguous
1039174,226242,130540,10134,11,11,1,10,0.9091,0.8182,1.0,10,3,3,1.0,7973449931,"9585 GRAND LAWN CIR, SPKG",COLO SPGS,38.97074115,-104.7319097,13BG-4,-104.7319097,38.97074115,38.970734,-104.731899,1.2,False,PD22880,PD022880,13BG-4,UG Transformer Bank,RC1-67,38.9699947,-104.7314445,50,PD21842,PD021842,13BG-4,UG Transformer Bank,RC1-4,38.97018351,-104.7330031,50,92.2,113.0,same_feeder_ambiguous
1064940,22551,6965,10466,11,11,1,10,0.9091,0.8182,1.0,10,3,3,1.0,523512337,"7714 SCARBOROUGH DR, CV",COLO SPGS,38.94419235,-104.7334696,12BG-21,-104.7334696,38.94419235,38.944156,-104.733851,33.2,False,PD15145,PD015145,12BG-21,UG Transformer Bank,RFS-21,38.94438173,-104.7340642,25,PD15146,PD015146,13BG-3,UG Transformer Bank,RF-67,38.94411866,-104.733025,25,55.6,39.3,cross_feeder_likely_gis_error
1056506,375989,375990,12921,11,11,1,10,0.9091,0.8182,1.0,10,3,3,1.0,2443231430,6346 KILDARE DR,COLO SPGS,38.92392454,-104.6552492,12FR-32,-104.6552492,38.92392454,38.923918,-104.655239,1.1,False,PD106235,PD106235,12FR-32,UG Transformer Bank,RBL30-5,38.92373106,-104.6550343,50,PD106234,PD106234,12FR-32,UG Transformer Bank,RBL30-4,38.92422636,-104.6550352,50,28.4,38.3,same_feeder_ambiguous
1089484,349715,349714,18320,11,11,1,10,0.9091,0.8182,1.0,10,3,3,1.0,8306584521,7092 BOREAL DR,COLO SPGS,38.84451293,-104.6948411,12CL-12,-104.6948411,38.84451293,38.844506,-104.694831,1.2,False,PD104844,PD104844,12CL-12,UG Transformer Bank,RMBC-11,38.84423996,-104.695321,50,PD104846,PD104846,12CL-12,UG Transformer Bank,RMBC-10,38.84424266,-104.6942667,50,51.5,58.1,same_feeder_ambiguous
1112354,25725,25732,25548,11,11,1,10,0.9091,0.8182,1.0,10,3,3,1.0,6153894203,"1320 POTTER DR, HSE 2",COLO SPGS,38.85175812,-104.7535648,13RI-11,-104.7535648,38.85175812,38.851637,-104.753304,26.3,False,UG4127,UG004127,13RI-11,UG Transformer Bank,ACDR-5,38.85177021,-104.7534305,37.5,UG4129,UG004129,13RI-11,UG Transformer Bank,ACDR-3,38.85150119,-104.7528436,25,11.7,68.7,same_feeder_ambiguous
1125045,13473,13455,27901,11,11,1,10,0.9091,0.8182,1.0,10,3,3,1.0,8197121006,"2558 PLUMTREE GRV, GARAGE",COLO SPGS,38.86862107,-104.8390534,12FT-4,-104.8390534,38.86862107,38.868592,-104.83906,3.3,False,PD10827,PD010827,12FT-4,UG Transformer Bank,RWSTH-1,38.86848436,-104.8386877,25,PD10828,PD010828,12FT-4,UG Transformer Bank,RWSTH-2,38.86866611,-104.838728,25,35.1,28.6,same_feeder_ambiguous
1176845,20763,20774,28428,11,11,1,10,0.9091,0.8182,1.0,10,3,3,1.0,9213228994,2316 W PLATTE AVE,COLO SPGS,38.8486228,-104.8574794,13Y-1,-104.8574794,38.8486228,38.848651,-104.857464,3.4,False,OH24957,OH024957,13Y-1,OH Transformer Bank,,38.84915117,-104.8576572,25,OH24962,OH024962,13Y-1,OH Transformer Bank,,38.84885205,-104.8571725,25,60.7,36.8,same_feeder_ambiguous
1157251,359665,359664,30188,11,11,1,10,0.9091,0.8182,1.0,10,3,3,1.0,7697197397,1669 DERBYSHIRE ST,COLO SPGS,38.80881688,-104.7901054,12EG-1,-104.7901054,38.80881688,38.808819,-104.790141,3.1,False,PD105026,PD105026,12EG-1,UG Transformer Bank,RBV-59,38.80844639,-104.7901166,50,PD105025,PD105025,12EG-1,UG Transformer Bank,RBV-58,38.80882201,-104.7906512,50,41.2,47.3,same_feeder_ambiguous
1207997,930,928,31709,11,11,1,10,0.9091,0.8182,1.0,10,3,3,1.0,1652319658,3821 PANORAMA RD,COLO SPGS,38.88819101,-104.7994332,12C-2,-104.7994332,38.88819101,38.888203,-104.798372,91.9,False,OH8505,OH008505,12C-2,OH Transformer Bank,,38.88828538,-104.7991837,25,OH7778,OH007778,12C-2,OH Transformer Bank,,38.88849686,-104.7972666,25,24.0,190.6,same_feeder_ambiguous
1159319,102363,102058,34686,11,11,1,10,0.9091,0.8182,1.0,10,3,3,1.0,2769534647,2182 SAINT JAMES DR,COLO SPGS,38.80476776,-104.7837932,13HK-2,-104.7837932,38.80476776,38.804706,-104.783783,6.9,False,PD17321,PD017321,13HK-2,UG Transformer Bank,RSC-85,38.8049279,-104.7837692,25,PD17320,PD017320,13HK-2,UG Transformer Bank,RSC-86,38.80480742,-104.7839441,50,17.9,13.8,same_feeder_ambiguous
1216206,26575,26568,43956,11,11,1,10,0.9091,0.8182,1.0,10,3,3,1.0,9862280298,"1755 PRESIDENTIAL HTS, HSEMTR",COLO SPGS,38.80553242,-104.8548778,12SP-34,-104.8548778,38.80553242,38.805483,-104.854056,71.4,False,PD14619,PD014619,12SP-34,UG Transformer Bank,CJCM-18,38.8055135,-104.8550912,100,PD14617,PD014617,12SP-34,UG Transformer Bank,CJCM-16,38.8060735,-104.8538195,100,18.6,109.7,same_feeder_ambiguous
1265876,23051,23031,46187,11,11,1,10,0.9091,0.8182,1.0,10,3,3,1.0,124963189,"2852 DUBLIN BLVD, HSEMTR",COLO SPGS,38.92716694,-104.7735736,13CW-4,-104.7735736,38.92716694,38.927153,-104.773635,5.5,False,PD3661,PD003661,13CW-4,UG Transformer Bank,ACWT-4,38.92692503,-104.7731734,100,PD3660,PD003660,13CW-4,UG Transformer Bank,ACWT-6,38.92746159,-104.7735627,100,43.8,32.8,same_feeder_ambiguous
1302567,6811,22462,52905,11,11,1,10,0.9091,0.8182,1.0,10,3,3,1.0,447410128,"2718 MIRAGE DR, SPKG",COLO SPGS,38.94697633,-104.7752277,13CW-11,-104.7752277,38.94697633,38.946884,-104.775224,10.3,False,PD2823,PD002823,13CW-11,UG Transformer Bank,CDG-4,38.94685572,-104.7752892,25,PD2822,PD002822,13CW-11,UG Transformer Bank,CDG-5,38.94663097,-104.7755971,50,14.4,50.0,same_feeder_ambiguous
1005541,280,294,513,10,10,1,9,0.9,0.8,1.0,9,3,3,1.0,6922037336,6920 HOWARD ST,GN MTN FLS,38.93386824,-105.0168478,12GM-4,-105.0168478,38.93386824,38.933987,-105.016858,13.2,False,OH49143,OH049143,12GM-4,OH Transformer Bank,,38.93429571,-105.0169705,75,OH50070,OH050070,12GM-4,OH Transformer Bank,,38.93321318,-105.0163112,25,48.7,86.4,same_feeder_ambiguous
1004143,13223,13202,1413,10,10,1,9,0.9,0.8,1.0,9,3,3,1.0,8508481851,6532 CHANTILLY PL,COLO SPGS,38.87144629,-104.7091567,13PR-4,-104.7091567,38.87144629,38.871474,-104.709146,3.2,False,PD3222,PD003222,13PR-4,UG Transformer Bank,RCHN-42,38.87103174,-104.7086623,25,PD3210,PD003210,13PR-4,UG Transformer Bank,RCHN-35,38.87131547,-104.7099834,25,62.9,73.0,same_feeder_ambiguous
1005016,9915,9967,1643,10,10,1,9,0.9,0.8,1.0,9,3,3,1.0,2956321867,5215 LADYSLIPPER CT,COLO SPGS,38.90732295,-104.6928518,12ST-21,-104.6928518,38.90732295,38.90733,-104.692925,6.4,False,PD14819,PD014819,12ST-1,UG Transformer Bank,RSHR-306,38.90773456,-104.6929158,25,PD14820,PD014820,12ST-1,UG Transformer Bank,RSHR-305,38.90706821,-104.6930471,50,46.1,33.0,same_feeder_ambiguous
1025480,33260,33259,1744,10,10,1,9,0.9,0.8,1.0,9,3,3,1.0,3671125395,"7198 SAND CREST VW, SPKG",COLO SPGS,38.93503084,-104.7394103,13BG-1,-104.7394103,38.93503084,38.934951,-104.739347,10.4,False,PD14210,PD014210,13BG-1,UG Transformer Bank,RCN-177,38.93496489,-104.7393179,50,PD14212,PD014212,13BG-1,UG Transformer Bank,RCN-176,38.93513168,-104.7387371,50,10.8,59.3,same_feeder_ambiguous
1010846,11453,11362,3197,10,10,1,9,0.9,0.8,1.0,9,3,3,1.0,1619712505,4135 ROUND HILL DR,COLO SPGS,38.89080134,-104.6997185,12ST-3,-104.6997185,38.89080134,38.89083,-104.699704,3.4,False,PD16476,PD016476,12ST-3,UG Transformer Bank,RGC-31,38.89032507,-104.6995586,25,PD16477,PD016477,12ST-3,UG Transformer Bank,RGC-32,38.89116422,-104.6992374,50,54.7,58.0,same_feeder_ambiguous
1011664,16197,16233,3558,10,10,1,9,0.9,0.8,1.0,9,3,3,1.0,6772353030,"950 DAWN BREAK LOOP, SPKG",COLO SPGS,38.81879297,-104.7670692,13HK-1,-104.7670692,38.81879297,38.818787,-104.767059,1.1,False,PD6134,PD006134,13HK-1,UG Transformer Bank,RWSU-4,38.81893146,-104.7670389,50,PD6136,PD006136,13HK-1,UG Transformer Bank,RWSU-2,38.81841749,-104.7666868,50,15.6,53.3,same_feeder_ambiguous
1011822,377665,377666,3619,10,10,1,9,0.9,0.8,1.0,9,3,3,1.0,8793765684,4445 KAOLIN CT,COLO SPGS,38.89958672,-104.6773987,12ST-23,-104.6773987,38.89958672,38.899446,-104.677331,16.7,False,PD106999,PD106999,12ST-23,UG Transformer Bank,REMV-81,38.89974798,-104.6777258,25,PD107000,PD107000,12ST-23,UG Transformer Bank,REMV-80,38.89935154,-104.6777036,25,33.5,37.1,same_feeder_ambiguous
1048290,74203,65251,4063,10,10,1,9,0.9,0.8,1.0,9,3,3,1.0,10775721,6652 CONIFER RIDGE DR,COLO SPGS,38.92304941,-104.7003201,12ST-21,-104.7003201,38.92304941,38.92382,-104.699908,92.8,False,PD16761,PD016761,12ST-1,UG Transformer Bank,RRV-464,38.92344028,-104.7005596,25,PD16615,PD016615,12ST-1,UG Transformer Bank,RRV-426,38.92301729,-104.7008954,25,48.1,49.9,same_feeder_ambiguous
1014182,384035,384036,4192,10,10,1,9,0.9,0.8,1.0,9,3,3,1.0,3838342643,2255 CABERNET CT,COLO SPGS,39.00571465,-104.7854712,12FH-13,-104.7854712,39.00571465,39.005711,-104.785458,1.2,False,PD107894,PD107894,12FH-13,UG Transformer Bank,RFHP-20,39.00554475,-104.7861569,25,PD107895,PD107895,12FH-13,UG Transformer Bank,RFHP-21,39.00640459,-104.7852253,50,62.2,79.6,same_feeder_ambiguous
1096135,375313,375310,5028,10,10,1,9,0.9,0.8,1.0,9,3,3,1.0,2074536796,4361 HANGING LAKE CIR,COLO SPGS,38.9832544,-104.7448518,12KC-44,-104.7448518,38.9832544,38.983244,-104.744883,2.9,False,PD105843,PD105843,12KC-44,UG Transformer Bank,RC52-11,38.98301842,-104.7437934,50,PD105842,PD105842,12KC-44,UG Transformer Bank,RC52-10,38.98277436,-104.745255,25,95.2,63.7,same_feeder_ambiguous
1022685,370382,370381,6198,10,10,1,9,0.9,0.8,1.0,9,3,3,1.0,6421989380,6708 CUMBRE VISTA WAY,COLO SPGS,38.9489861,-104.7057093,12BG-22,-104.7057093,38.9489861,38.948979,-104.705699,1.2,False,PD105561,PD105561,12BG-22,UG Transformer Bank,RCVS-69,38.94833434,-104.7059397,50,PD105558,PD105558,12BG-22,UG Transformer Bank,RCVS-68,38.9493139,-104.7059198,50,75.2,40.7,same_feeder_ambiguous
1030714,271036,271037,7417,10,10,1,9,0.9,0.8,1.0,9,3,3,1.0,6132618338,9064 KENNEBEC PASS TRL,COLO SPGS,38.96343682,-104.72955,13BG-4,-104.72955,38.96343682,38.963403,-104.72954,3.9,False,PD101575,PD101575,13BG-4,UG Transformer Bank,RC1-81,38.96362308,-104.7291807,50,PD101574,PD101574,13BG-4,UG Transformer Bank,RC1-80,38.96307269,-104.7291804,50,38.1,51.6,same_feeder_ambiguous
1056582,376047,376048,7657,10,10,1,9,0.9,0.8,1.0,9,3,3,1.0,6780149444,4183 PARKWOOD TRL,COLO SPGS,38.93571976,-104.7501359,13CW-1,-104.7501359,38.93571976,38.935713,-104.750125,1.2,False,PD105974,PD105974,13CW-1,UG Transformer Bank,RMCC-16,38.93587806,-104.7499369,25,PD105970,PD105970,13CW-1,UG Transformer Bank,RMCC-17,38.93580558,-104.7503249,50,24.6,18.9,same_feeder_ambiguous
1034721,292162,292159,9177,10,10,1,9,0.9,0.8,1.0,9,3,3,1.0,5972508961,8177 MOCKORANGE HTS,COLO SPGS,38.95004606,-104.6919748,,-104.6919748,38.95004606,38.950012,-104.691965,3.9,False,PD102605,PD102605,12FR-31,UG Transformer Bank,RFM-202,38.95022258,-104.6921534,50,PD102604,PD102604,12FR-31,UG Transformer Bank,RFM-204,38.94968026,-104.6921757,50,25.0,44.2,same_feeder_ambiguous
1035517,55648,55647,9344,10,10,1,9,0.9,0.8,1.0,9,3,3,1.0,4919831392,6583 HANNAH ROSE RD,COLO SPGS,38.91674614,-104.7021178,12ST-1,-104.7021178,38.91674614,38.916739,-104.702107,1.2,False,PD20389,PD020389,12ST-21,UG Transformer Bank,RRV-318,38.91695912,-104.7026857,25,PD20390,PD020390,12ST-21,UG Transformer Bank,RRV-319,38.91683873,-104.7016496,25,54.5,41.8,same_feeder_ambiguous
1036995,271038,265621,9671,10,10,1,9,0.9,0.8,1.0,9,3,3,1.0,1857915303,"5230 KENOSHA PASS CT, SPKG",COLO SPGS,38.96284937,-104.7302811,13BG-4,-104.7302811,38.96284937,38.962843,-104.730271,1.1,False,PD101572,PD101572,13BG-4,UG Transformer Bank,RC1-78,38.96246145,-104.7301358,50,PD101353,PD101353,13BG-4,UG Transformer Bank,RC1-75,38.96347458,-104.7305192,50,44.9,72.5,same_feeder_ambiguous
1060487,370188,370187,12275,10,10,1,9,0.9,0.8,1.0,9,3,3,1.0,4032475878,1026 NATIVE DANCER TER,COLO SPGS,39.00685842,-104.8099836,12KC-13,-104.8099836,39.00685842,39.006824,-104.809973,3.9,False,PD105665,PD105665,12KC-13,UG Transformer Bank,RTF4A-3,39.00674001,-104.8091928,50,PD105583,PD105583,12KC-13,UG Transformer Bank,RTF4A-2,39.00640771,-104.8102966,25,69.6,56.9,same_feeder_ambiguous
1079334,16151,16123,14027,10,10,1,9,0.9,0.8,1.0,9,3,3,1.0,4725164865,4345 EARLYVIEW CT,COLO SPGS,38.81945031,-104.7463291,12PV-2,-104.7463291,38.81945031,38.819478,-104.746309,3.5,False,PD8948,PD008948,12PV-2,UG Transformer Bank,RTRA-16,38.81951522,-104.7468865,25,PD9635,PD009635,12PV-2,UG Transformer Bank,RTRA-17,38.81988972,-104.7461866,25,48.8,50.4,same_feeder_ambiguous
1060759,383565,383564,14227,10,10,1,9,0.9,0.8,1.0,9,3,3,1.0,5785493998,"2219 SILVER CREEK DR, SPKG",COLO SPGS,39.00248982,-104.7852978,12FH-13,-104.7852978,39.00248982,39.002483,-104.785287,1.2,False,PD107467,PD107467,12FH-13,UG Transformer Bank,RFHP-10,39.00287791,-104.7847767,50,PD107468,PD107468,12FH-13,UG Transformer Bank,RFHP-11,39.00233735,-104.78614,25,62.4,74.7,same_feeder_ambiguous
1061804,343533,343532,14484,10,10,1,9,0.9,0.8,1.0,9,3,3,1.0,1282181330,1248 COUNT FLEET CT,COLO SPGS,39.00477141,-104.8042602,12KC-13,-104.8042602,39.00477141,39.004737,-104.80425,3.9,False,PD104184,PD104184,12KC-13,UG Transformer Bank,RTFRM-30,39.00424775,-104.8046164,50,PD104183,PD104183,12KC-13,UG Transformer Bank,RTFRM-31,39.00445106,-104.8037964,50,65.9,53.6,same_feeder_ambiguous
1080758,35164,95971,18706,10,10,1,9,0.9,0.8,1.0,9,3,3,1.0,1536354458,"698 BOSQUE VISTA PT, LIGHTS",COLO SPGS,38.82305763,-104.7488646,12PV-2,-104.7488646,38.82305763,38.822927,-104.749187,31.5,False,PD19849,PD019849,12PV-2,UG Transformer Bank,RCIMA-7,38.82343339,-104.7487896,50,PD21146,PD021146,12PV-2,UG Transformer Bank,CCIMA-8,38.8227387,-104.7488754,50,42.3,35.5,same_feeder_ambiguous
1269226,396,52763,19436,10,10,1,9,0.9,0.8,1.0,9,3,3,1.0,5823880969,6392 TURRET DR,COLO SPGS,38.92416608,-104.8007226,12WN-2,-104.8007226,38.92416608,38.924196,-104.800711,3.5,False,OH7321,OH007321,12WN-2,OH Transformer Bank,,38.92351821,-104.8009357,25,OH7135,OH007135,12WN-2,OH Transformer Bank,,38.92479415,-104.8009012,25,74.4,71.5,same_feeder_ambiguous
1114171,14569,14535,24559,10,10,1,9,0.9,0.8,1.0,9,3,3,1.0,1395029947,1095 WESTERN DR LOT 107,COLO SPGS,38.84899917,-104.6946652,12CL-13,-104.6946652,38.84899917,38.849029,-104.694668,3.3,False,UG5768,UG005768,12CL-13,UG Transformer Bank,MCH-20,38.84889426,-104.6948387,25,UG5767,UG005767,12CL-13,UG Transformer Bank,MCH-21,38.8492648,-104.6943698,25,19.0,39.1,same_feeder_ambiguous
1207205,1846,1815,27345,10,10,1,9,0.9,0.8,1.0,9,3,3,1.0,1006036706,2014 EAGLE VIEW DR,COLO SPGS,38.86065158,-104.7887415,12PJ-1,-104.7887415,38.86065158,38.860719,-104.788715,7.8,False,OH11641,OH011641,12PJ-1,OH Transformer Bank,,38.86063302,-104.7888767,15,OH11639,OH011639,12PJ-1,OH Transformer Bank,,38.86118736,-104.7888746,25,11.9,60.7,same_feeder_ambiguous
1304023,22626,7050,30476,10,10,1,9,0.9,0.8,1.0,9,3,3,1.0,8159077239,7599 RED MOUNTAIN DR,COLO SPGS,38.94258362,-104.7878656,13CW-1,-104.7878656,38.94258362,38.942609,-104.787859,2.9,False,PD3276,PD003276,13CW-1,UG Transformer Bank,RBGT-53,38.9422237,-104.7878131,25,PD3265,PD003265,13CW-1,UG Transformer Bank,RBGT-51,38.94309528,-104.7881665,25,40.3,62.6,same_feeder_ambiguous
1179149,20262,1769,30623,10,10,1,9,0.9,0.8,1.0,9,3,3,1.0,4776735769,827 VALLEY RD,COLO SPGS,38.8622507,-104.8695272,13FV-1,-104.8695272,38.8622507,38.862286,-104.869505,4.4,False,OH30163,OH030163,13FV-1,OH Transformer Bank,,38.8625323,-104.8701232,25,OH30160,OH030160,13FV-1,OH Transformer Bank,,38.86233371,-104.8689868,25,60.4,47.7,same_feeder_ambiguous
1145057,14487,14481,31563,10,10,1,9,0.9,0.8,1.0,9,3,3,1.0,3819501204,5102 GALLEY RD LOT 236A,COLO SPGS,38.84993693,-104.7346592,13PV-3,-104.7346592,38.84993693,38.849975,-104.734647,4.4,False,UG5066,UG005066,13PV-3,UG Transformer Bank,MCP-27,38.85005233,-104.7350847,25,UG5052,UG005052,13PV-3,UG Transformer Bank,MCP-30,38.85011089,-104.7336922,25,39.0,85.9,same_feeder_ambiguous
1276470,93728,93727,31891,10,10,1,9,0.9,0.8,1.0,9,3,3,1.0,1225384660,"1971 LA BELLEZZA GRV, E MTR",COLO SPGS,38.94743758,-104.8655933,12OV-1,-104.8655933,38.94743758,38.947516,-104.865878,26.1,False,PD17335,PD017335,12OV-1,UG Transformer Bank,RLBP-7,38.94724953,-104.8655801,25,PD17334,PD017334,12OV-1,UG Transformer Bank,RLBP-6,38.94726566,-104.8650646,50,20.9,49.6,same_feeder_ambiguous
1189188,4310,4297,36337,10,10,1,9,0.9,0.8,1.0,9,3,3,1.0,2504145353,518 KINNIKINNIK DR,COLO SPGS,38.81140087,-104.8364372,13S-15,-104.8364372,38.81140087,38.811273,-104.836345,16.3,False,OH28460,OH028460,13S-15,OH Transformer Bank,,38.81125174,-104.8372872,25,OH28496,OH028496,12SP-35,OH Transformer Bank,,38.81147053,-104.8356978,25,75.5,64.5,cross_feeder_likely_gis_error
1201098,12002,24865,40765,10,10,1,9,0.9,0.8,1.0,9,3,3,1.0,5770119495,"3480 QUEEN ANNE WAY, SPKG",COLO SPGS,38.88459721,-104.7632893,12CD-2,-104.7632893,38.88459721,38.884591,-104.763279,1.1,False,PD3409,PD003409,12CD-2,UG Transformer Bank,RVV-3,38.88519356,-104.7627647,100,PD3410,PD003410,12CD-2,UG Transformer Bank,RVV-13,38.88408402,-104.7633746,50,80.4,57.5,same_feeder_ambiguous
1216562,11157,82208,44056,10,10,1,9,0.9,0.8,1.0,9,3,3,1.0,1603643911,5216 MOUNTAIN PEAK PT,COLO SPGS,38.89404117,-104.7280566,12AP-2,-104.7280566,38.89404117,38.895099,-104.730599,249.5,True,UG9525,UG009525,12AP-2,UG Transformer Bank,RTHS-76,38.89436351,-104.7286567,15,PD19508,PD019508,12AP-2,UG Transformer Bank,RPVV-7,38.89497677,-104.7301758,75,63.1,210.9,same_feeder_ambiguous
1275629,23470,9007,44113,10,10,1,9,0.9,0.8,1.0,9,3,3,1.0,5084024030,"6161 LEHMAN DR, PHONE EQUIP",COLO SPGS,38.91971157,-104.790471,13CW-2,-104.790471,38.91971157,38.919702,-104.790487,1.7,False,PD1879,PD001879,13CW-2,UG Transformer Bank,CE-1,38.91968596,-104.7902853,75,PD1880,PD001880,13CW-10,UG Transformer Bank,RE-117,38.91957776,-104.7906743,25,16.3,23.0,cross_feeder_likely_gis_error
1277241,22552,93723,49424,10,10,1,9,0.9,0.8,1.0,9,3,3,1.0,3308712837,1826 LA BELLEZZA GRV,COLO SPGS,38.94460995,-104.8606213,12OV-1,-104.8606213,38.94460995,38.945565,-104.861977,158.2,True,PD12853,PD012853,12OV-1,UG Transformer Bank,RTVP-4,38.94503181,-104.8605799,25,PD17330,PD017330,12OV-1,UG Transformer Bank,RLBP-2,38.9454804,-104.8619397,50,47.0,149.6,same_feeder_ambiguous
1307893,20503,20484,49855,10,10,1,9,0.9,0.8,1.0,9,3,3,1.0,5959859942,727 DUCLO AVE,MANITOU,38.85623738,-104.9159956,12HY-1,-104.9159956,38.85623738,38.856238,-104.915993,0.2,False,OH45934,OH045934,12HY-1,OH Transformer Bank,,38.85597748,-104.9163436,25,OH48101,OH048101,12HY-1,OH Transformer Bank,,38.85630696,-104.9166016,25,41.8,53.0,same_feeder_ambiguous
1300735,22426,6716,52587,10,10,1,9,0.9,0.8,1.0,9,3,3,1.0,9198395,"2078 SILKWOOD DR, SPKG",COLO SPGS,38.94715194,-104.7887374,13CW-3,-104.7887374,38.94715194,38.946997,-104.788614,20.3,False,PD3848,PD003848,13CW-3,UG Transformer Bank,RSCA-5,38.94732745,-104.7888806,25,PD3846,PD003846,13CW-3,UG Transformer Bank,RSCA-3,38.94841863,-104.7887388,25,23.1,140.8,same_feeder_ambiguous
1000738,,375316,135,6,5,0,4,0.8,0.8,1.0,5,3,3,1.0,3472140800,,,38.9194179,-104.6591237,12FR-32,-104.6591237,38.9194179,38.919411,-104.659113,1.2,False,,,,,,,,,PD105969,PD105969,12FR-32,UG Transformer Bank,RBLR-505,38.91975231,-104.6585898,50,,59.3,new_assignment
1257360,,111662,32250,7,5,0,4,0.8,0.8,1.0,6,3,3,1.0,1179701603,,,38.88984539,-104.8100554,,-104.8100554,38.88984539,38.889839,-104.810045,1.1,False,,,,,,,,,OH9011,OH009011,12C-2,OH Transformer Bank,,38.89044237,-104.810375,25,,71.9,new_assignment
1257421,,111662,32250,7,5,0,4,0.8,0.8,1.0,6,3,3,1.0,1466809520,,,38.88985319,-104.8105826,,-104.8105826,38.88985319,38.889847,-104.810573,1.1,False,,,,,,,,,OH9011,OH009011,12C-2,OH Transformer Bank,,38.89044237,-104.810375,25,,67.9,new_assignment
1001688,327,322,556,9,9,1,8,0.8889,0.7778,1.0,8,3,3,1.0,2687782902,6701 PARK AVE,GN MTN FLS,38.93086683,-105.0137418,12GM-4,-105.0137418,38.93086683,38.930721,-105.013613,19.7,False,OH50026,OH050026,12GM-4,OH Transformer Bank,,38.9305599,-105.013844,25,OH50045,OH050045,12GM-4,OH Transformer Bank,,38.93105916,-105.0128659,25,35.3,78.7,same_feeder_ambiguous
1025106,10616,10636,1198,9,9,1,8,0.8889,0.7778,1.0,8,3,3,1.0,4743121373,4821 ARDLEY DR,COLO SPGS,38.90012115,-104.7112875,12ST-1,-104.7112875,38.90012115,38.900081,-104.711303,4.7,False,PD15130,PD015130,12ST-21,UG Transformer Bank,RSHR-190,38.89988076,-104.7111969,25,PD15129,PD015129,12ST-21,UG Transformer Bank,RSHR-189,38.89983216,-104.7116061,25,27.9,42.3,same_feeder_ambiguous
1133034,46684,8437,1344,9,9,1,8,0.8889,0.7778,1.0,8,3,3,1.0,8007035853,"6213 WHETSTONE DR, PHONE EQUIP",COLO SPGS,38.92892055,-104.7353411,12BG-24,-104.7353411,38.92892055,38.924131,-104.736262,538.5,True,PD20299,PD020299,12BG-24,UG Transformer Bank,GSL-582,38.92898815,-104.7353134,10,PD14965,PD014965,12AP-3,UG Transformer Bank,RAC-8,38.9247255,-104.7360657,25,7.9,470.7,cross_feeder_likely_gis_error
1004226,12680,12713,1394,9,9,1,8,0.8889,0.7778,1.0,8,3,3,1.0,2575495950,"3210 BANKSIDE DR, SPKG",COLO SPGS,38.87716929,-104.6987957,12CL-11,-104.6987957,38.87716929,38.877224,-104.699158,31.9,False,PD11931,PD011931,12CL-11,UG Transformer Bank,CPR-1,38.87765725,-104.6985692,15,PD10314,PD010314,12CL-11,UG Transformer Bank,RC-3,38.87720532,-104.6982673,25,57.7,45.9,same_feeder_ambiguous
1004441,9224,23592,1544,9,9,1,8,0.8889,0.7778,1.0,8,3,3,1.0,9477263435,5987 MAROON MESA DR,COLO SPGS,38.91693619,-104.745745,12AP-3,-104.745745,38.91693619,38.916868,-104.745689,9.0,False,PD14558,PD014558,12AP-3,UG Transformer Bank,RVM-53,38.91717735,-104.7456899,25,PD14557,PD014557,12AP-3,UG Transformer Bank,RVM-50,38.91661214,-104.7455983,25,27.2,38.2,same_feeder_ambiguous
1025076,10149,10140,1765,9,9,1,8,0.8889,0.7778,1.0,8,3,3,1.0,3387296869,6320 NATURITA TRL,COLO SPGS,38.90485906,-104.7098997,12ST-4,-104.7098997,38.90485906,38.904894,-104.709889,4.0,False,PD10521,PD010521,12ST-4,UG Transformer Bank,RSHR-178,38.90471338,-104.710249,25,PD10516,PD010516,12ST-4,UG Transformer Bank,RSHR-171,38.90497573,-104.7093013,25,34.3,53.4,same_feeder_ambiguous
1005587,11328,11397,1915,9,9,1,8,0.8889,0.7778,1.0,8,3,3,1.0,5281128490,4260 HICKORY HOLLOW DR,COLO SPGS,38.89118001,-104.7005355,12ST-3,-104.7005355,38.89118001,38.891123,-104.700539,6.3,False,PD16488,PD016488,12ST-3,UG Transformer Bank,RGC-34,38.89159214,-104.7003296,50,PD16487,PD016487,12ST-3,UG Transformer Bank,RGC-33,38.89089233,-104.7002571,25,49.2,40.0,same_feeder_ambiguous
1132829,391420,391422,2279,9,9,1,8,0.8889,0.7778,1.0,8,3,3,1.0,6936740505,,,38.79005994,-104.7316515,12JW-1,-104.7316515,38.79005994,38.789998,-104.731642,6.9,False,PD108449,PD108449,12JW-1,UG Transformer Bank,RSVV-7,38.78991345,-104.7314551,50,PD108451,PD108451,12JW-1,UG Transformer Bank,RSVV-9,38.78929459,-104.7308761,50,23.6,108.4,same_feeder_ambiguous
1010560,88606,88607,3020,9,9,1,8,0.8889,0.7778,1.0,8,3,3,1.0,774655955,4619 CROW CREEK DR,COLO SPGS,38.89697795,-104.6914365,12ST-3,-104.6914365,38.89697795,38.896971,-104.691426,1.2,False,PD20681,PD020681,12ST-3,UG Transformer Bank,RNRG-92,38.89712091,-104.6911464,25,PD20680,PD020680,12ST-3,UG Transformer Bank,RNRG-91,38.89716612,-104.6918812,25,29.7,43.8,same_feeder_ambiguous
1059258,375499,375314,3632,9,9,1,8,0.8889,0.7778,1.0,8,3,3,1.0,232788890,5889 CARRICK LN,COLO SPGS,38.91724814,-104.6566999,12FR-32,-104.6566999,38.91724814,38.917215,-104.656696,3.7,False,PD106282,PD106282,12FR-32,UG Transformer Bank,RBL34-1,38.91776877,-104.6566299,50,PD105983,PD105983,12FR-32,UG Transformer Bank,RBLR-508,38.91731485,-104.6572945,25,58.2,52.0,same_feeder_ambiguous
1039475,378395,378400,4218,9,9,1,8,0.8889,0.7778,1.0,8,3,3,1.0,8636291128,8904 WOLF VALLEY DR,COLO SPGS,38.96072964,-104.7071121,13BG-2,-104.7071121,38.96072964,38.960751,-104.707098,2.7,False,PD107417,PD107417,13BG-2,UG Transformer Bank,RRC1-3,38.96097091,-104.7075324,10,PD107422,PD107422,13BG-2,UG Transformer Bank,RRC1-13,38.96118747,-104.7066823,50,45.2,63.0,same_feeder_ambiguous
1058778,375981,375980,4643,9,9,1,8,0.8889,0.7778,1.0,8,3,3,1.0,9060022716,6224 ASHMORE LN,COLO SPGS,38.92150148,-104.6544779,12FR-32,-104.6544779,38.92150148,38.921508,-104.654535,5.0,False,PD106225,PD106225,12FR-32,UG Transformer Bank,RBL33-7,38.92115565,-104.6545508,25,PD106226,PD106226,12FR-32,UG Transformer Bank,RBL33-8,38.92176834,-104.6541412,50,39.0,41.6,same_feeder_ambiguous
1018997,22934,22944,5231,9,9,1,8,0.8889,0.7778,1.0,8,3,3,1.0,6100196618,6826 BECKNELL DR,COLO SPGS,38.92989429,-104.7360422,12BG-24,-104.7360422,38.92989429,38.929918,-104.736016,3.5,False,PD13456,PD013456,12BG-24,UG Transformer Bank,RWT-112,38.93040426,-104.7364262,25,PD13614,PD013614,12BG-24,UG Transformer Bank,RWT-85,38.92985179,-104.7355049,25,65.7,46.7,same_feeder_ambiguous
1132984,8836,8852,5524,9,9,1,8,0.8889,0.7778,1.0,8,3,3,1.0,5728120286,"6317 GEMFIELD DR, PHONE EQUIPMENT",COLO SPGS,38.92107189,-104.7498223,12AP-3,-104.7498223,38.92107189,38.920993,-104.749876,9.9,False,PD8627,PD008627,12AP-3,UG Transformer Bank,RVM-9,38.92108468,-104.7493037,25,PD7383,PD007383,12AP-3,UG Transformer Bank,RVM-14,38.92076642,-104.750272,25,44.9,51.6,same_feeder_ambiguous
1021591,6587,6600,5890,9,9,1,8,0.8889,0.7778,1.0,8,3,3,1.0,2371428739,8029 RADCLIFF DR,COLO SPGS,38.94997601,-104.7226728,12BG-21,-104.7226728,38.94997601,38.950024,-104.722637,6.2,False,PD14789,PD014789,12BG-21,UG Transformer Bank,RF-145,38.94995018,-104.7223439,25,PD14790,PD014790,12BG-21,UG Transformer Bank,RF-146,38.94978277,-104.7228325,25,28.6,25.5,same_feeder_ambiguous
1024392,10994,11012,6247,9,9,1,8,0.8889,0.7778,1.0,8,3,3,1.0,9674738542,5224 SOLAR RIDGE DR,COLO SPGS,38.89625653,-104.7300282,12AP-2,-104.7300282,38.89625653,38.896298,-104.73,5.2,False,PD4387,PD004387,12AP-2,UG Transformer Bank,RSRS-6,38.8960641,-104.7301565,25,PD4388,PD004388,12AP-2,UG Transformer Bank,RSRS-7,38.89591929,-104.7297565,50,24.1,44.3,same_feeder_ambiguous
1023211,8818,23313,6329,9,9,1,8,0.8889,0.7778,1.0,8,3,3,1.0,1547120930,6191 WHIRLWIND DR,COLO SPGS,38.92142982,-104.7340021,12AP-3,-104.7340021,38.92142982,38.921465,-104.733992,4.0,False,PD11772,PD011772,12AP-3,UG Transformer Bank,RAM-42,38.92103725,-104.7347013,25,PD11767,PD011767,12AP-3,UG Transformer Bank,RAM-35,38.92139911,-104.733701,25,74.6,26.3,same_feeder_ambiguous
1024053,23997,23979,6546,9,9,1,8,0.8889,0.7778,1.0,8,3,3,1.0,2855554418,"5100 LEWISIA PT, LIGHTS",COLO SPGS,38.90608434,-104.7358909,12AP-4,-104.7358909,38.90608434,38.906079,-104.735793,8.5,False,PD5074,PD005074,12AP-4,UG Transformer Bank,ROF-117,38.90591298,-104.7357686,25,PD5075,PD005075,12AP-4,UG Transformer Bank,ROF-116,38.90612808,-104.7361603,25,21.8,23.8,same_feeder_ambiguous
1032209,287998,287997,7310,9,9,1,8,0.8889,0.7778,1.0,8,3,3,1.0,6956667706,8671 DRY NEEDLE PL,COLO SPGS,38.95326961,-104.6944026,,-104.6944026,38.95326961,38.953235,-104.694392,4.0,False,PD102434,PD102434,12FR-31,UG Transformer Bank,RTBF-15,38.95363322,-104.6943478,25,PD102432,PD102432,12FR-31,UG Transformer Bank,RTBF-13,38.95282118,-104.6948011,25,40.7,60.6,same_feeder_ambiguous
1132978,7670,7641,7371,9,9,1,8,0.8889,0.7778,1.0,8,3,3,1.0,6913685897,"3532 WOODLAND HILLS DR, PHONE EQUIPMENT",COLO SPGS,38.93240857,-104.7562946,13CW-1,-104.7562946,38.93240857,38.932837,-104.761612,462.4,True,PD248,PD000248,13CW-1,UG Transformer Bank,RWHV-56,38.93293951,-104.7563714,25,PD260,PD000260,13CW-4,UG Transformer Bank,RWHV-65,38.93325204,-104.7611524,25,59.4,430.5,cross_feeder_likely_gis_error
1037296,22551,6894,7422,9,9,1,8,0.8889,0.7778,1.0,8,3,3,1.0,9590953246,7840 MANSTON DR,COLO SPGS,38.94480991,-104.7342954,12BG-21,-104.7342954,38.94480991,38.944841,-104.734252,5.1,False,PD15145,PD015145,12BG-21,UG Transformer Bank,RFS-21,38.94438173,-104.7340642,25,PD15144,PD015144,12BG-21,UG Transformer Bank,RFS-20,38.94512315,-104.7340236,25,51.6,42.0,same_feeder_ambiguous
1030156,6227,6181,7482,9,9,1,8,0.8889,0.7778,1.0,8,3,3,1.0,6087100173,8985 ESTEBURY CIR,COLO SPGS,38.95665659,-104.7436075,13BG-4,-104.7436075,38.95665659,38.956693,-104.743616,4.1,False,PD1009,PD001009,13BG-4,UG Transformer Bank,RGV-104,38.95612901,-104.743027,25,PD980,PD000980,13BG-4,UG Transformer Bank,RGV-91,38.95747925,-104.7439518,25,77.2,96.2,same_feeder_ambiguous
1028989,261755,261450,7730,9,9,1,8,0.8889,0.7778,1.0,8,3,3,1.0,3669004298,5253 FRASER VALLEY LN,COLO SPGS,38.97514664,-104.7300045,13BG-4,-104.7300045,38.97514664,38.97514,-104.729994,1.2,False,PD101110,PD101110,13BG-4,UG Transformer Bank,RC2C-5,38.97523351,-104.7307083,50,PD101111,PD101111,13BG-4,UG Transformer Bank,RC2C-6,38.97541045,-104.7296696,50,61.6,41.2,same_feeder_ambiguous
1030314,170237,170238,8077,9,9,1,8,0.8889,0.7778,1.0,8,3,3,1.0,3124913734,"6213 COWPOKE RD, SPKG",COLO SPGS,38.95108941,-104.7113821,12BG-22,-104.7113821,38.95108941,38.951082,-104.711372,1.2,False,PD16958,PD016958,12BG-22,UG Transformer Bank,RCVS-35,38.95085675,-104.7109936,25,PD16959,PD016959,12BG-22,UG Transformer Bank,RCVS-34,38.9505512,-104.7115744,25,42.4,62.1,same_feeder_ambiguous
1037994,6431,6381,8518,9,9,1,8,0.8889,0.7778,1.0,8,3,3,1.0,7754561212,8326 SCARBOROUGH DR,COLO SPGS,38.95265191,-104.7326405,13BG-3,-104.7326405,38.95265191,38.952662,-104.732616,2.4,False,PD1497,PD001497,13BG-3,UG Transformer Bank,RF-40,38.9523603,-104.732332,25,PD1476,PD001476,13BG-3,UG Transformer Bank,RF-41,38.95301736,-104.7325705,25,42.0,41.1,same_feeder_ambiguous
1032340,343565,343567,8631,9,9,1,8,0.8889,0.7778,1.0,8,3,3,1.0,35247860,4552 ASHER HTS APT 401,COLO SPGS,38.89841879,-104.7204169,12AP-2,-104.7204169,38.89841879,38.898432,-104.720496,7.0,False,PD103918,PD103918,12AP-2,UG Transformer Bank,CEAPT-26,38.89857045,-104.7204114,50,PD103915,PD103915,12AP-2,UG Transformer Bank,CEAPT-28,38.89856126,-104.7210043,50,16.9,53.2,same_feeder_ambiguous
1034515,7779,7777,9126,9,9,1,8,0.8889,0.7778,1.0,8,3,3,1.0,1948668526,3350 HAZELWOOD CT,COLO SPGS,38.93220861,-104.7633734,13CW-4,-104.7633734,38.93220861,38.932197,-104.763348,2.5,False,PD355,PD000355,13CW-4,UG Transformer Bank,RWHV-35,38.93192896,-104.7636729,25,PD354,PD000354,13CW-4,UG Transformer Bank,RWHV-34,38.9319693,-104.7631591,25,40.5,32.4,same_feeder_ambiguous
1038770,9650,9678,10041,9,9,1,8,0.8889,0.7778,1.0,8,3,3,1.0,5451599606,6471 CACHE DR,COLO SPGS,38.91082269,-104.7088829,12ST-1,-104.7088829,38.91082269,38.910845,-104.708932,4.9,False,PD13237,PD013237,12ST-21,UG Transformer Bank,RRV-65,38.91107499,-104.7085689,25,PD16363,PD016363,12ST-21,UG Transformer Bank,RRV-100,38.91076451,-104.7096023,50,39.1,62.6,same_feeder_ambiguous
1039816,23622,23608,10171,9,9,1,8,0.8889,0.7778,1.0,8,3,3,1.0,2185694608,5832 HUERFANO DR,COLO SPGS,38.91549129,-104.7072765,12ST-1,-104.7072765,38.91549129,38.915486,-104.707122,13.4,False,PD13109,PD013109,12ST-21,UG Transformer Bank,RRV-49,38.91545172,-104.7074131,50,PD12274,PD012274,12ST-21,UG Transformer Bank,RRV-70,38.91587463,-104.7066794,25,12.6,67.0,same_feeder_ambiguous
1039608,375060,375061,10254,9,9,1,8,0.8889,0.7778,1.0,8,3,3,1.0,2441266428,6423 KNAPP DR,COLO SPGS,38.97533956,-104.718173,12BG-23,-104.718173,38.97533956,38.975333,-104.718163,1.1,False,PD105825,PD105825,12BG-23,UG Transformer Bank,RWRN-67,38.97513436,-104.7186596,50,PD105824,PD105824,12BG-23,UG Transformer Bank,RWRN-68,38.97574416,-104.7179854,50,47.9,47.8,same_feeder_ambiguous
1054945,146880,146882,10531,9,9,1,8,0.8889,0.7778,1.0,8,3,3,1.0,8235900424,"6361 WIND RIVER PT, SPKG",COLO SPGS,38.92296817,-104.685082,12ST-2,-104.685082,38.92296817,38.922804,-104.685122,18.6,False,PD17519,PD017519,12ST-2,UG Transformer Bank,RIR-274,38.92244996,-104.6854383,25,PD17518,PD017518,12ST-2,UG Transformer Bank,RIR-276,38.92330245,-104.6852591,50,65.3,40.2,same_feeder_ambiguous
1044203,343808,343807,11244,9,9,1,8,0.8889,0.7778,1.0,8,3,3,1.0,3603415682,5835 THURBER DR,COLO SPGS,38.96779431,-104.7237619,12BG-23,-104.7237619,38.96779431,38.967787,-104.723751,1.2,False,PD104158,PD104158,12BG-23,UG Transformer Bank,RVWR-197,38.968115,-104.723404,50,PD104157,PD104157,12BG-23,UG Transformer Bank,RVWR-196,38.96774918,-104.7242903,50,47.2,46.0,same_feeder_ambiguous
1056716,343316,343315,11259,9,9,1,8,0.8889,0.7778,1.0,8,3,3,1.0,5131900473,7447 CAT TAIL CREEK DR,COLO SPGS,38.93095659,-104.6927595,13BG-2,-104.6927595,38.93095659,38.93095,-104.692749,1.2,False,PD103472,PD103472,12FR-31,UG Transformer Bank,RQB-43,38.9312861,-104.6925706,50,PD103469,PD103469,12FR-31,UG Transformer Bank,RQB-44,38.93060174,-104.6925627,50,40.1,43.0,same_feeder_ambiguous
1045563,8972,8941,11474,9,9,1,8,0.8889,0.7778,1.0,8,3,3,1.0,8877168384,6167 MIRAMONT ST,COLO SPGS,38.91979957,-104.7119543,12BG-24,-104.7119543,38.91979957,38.91982,-104.711949,2.3,False,PD13487,PD013487,12BG-24,UG Transformer Bank,RRV-120,38.91929821,-104.7122535,50,PD13486,PD013486,12BG-24,UG Transformer Bank,RRV-121,38.91972505,-104.7126186,50,61.5,58.1,same_feeder_ambiguous
1047114,344339,344340,11748,9,9,1,8,0.8889,0.7778,1.0,8,3,3,1.0,2460571893,4748 ASHER HTS APT 407,COLO SPGS,38.90041965,-104.7221806,12AP-2,-104.7221806,38.90041965,38.900428,-104.722169,1.4,False,PD103821,PD103821,12AP-2,UG Transformer Bank,CEAPT-15,38.90047774,-104.7219837,50,PD103820,PD103820,12AP-2,UG Transformer Bank,CEAPT-14,38.90032423,-104.7219776,50,18.2,20.5,same_feeder_ambiguous
1047383,292161,292162,11793,9,9,1,8,0.8889,0.7778,1.0,8,3,3,1.0,4467884737,8291 POTENTILLA GRV,COLO SPGS,38.95044844,-104.6920084,,-104.6920084,38.95044844,38.950414,-104.691998,3.9,False,PD102606,PD102606,12FR-31,UG Transformer Bank,RFM-203,38.95068309,-104.692052,50,PD102605,PD102605,12FR-31,UG Transformer Bank,RFM-202,38.95022258,-104.6921534,50,26.4,28.1,same_feeder_ambiguous
1053440,345244,345245,11910,9,9,1,8,0.8889,0.7778,1.0,8,3,3,1.0,9895365391,6796 BACKCOUNTRY LOOP,COLO SPGS,38.9283441,-104.6554406,12FR-32,-104.6554406,38.9283441,38.928337,-104.65543,1.2,False,PD104744,PD104744,12FR-32,UG Transformer Bank,RBLR-364,38.92853532,-104.655701,25,PD104743,PD104743,12FR-32,UG Transformer Bank,RBLR-365,38.92853509,-104.6550716,50,31.0,38.3,same_feeder_ambiguous
1121115,295677,179523,12214,9,9,1,8,0.8889,0.7778,1.0,8,3,3,1.0,9463588138,"6008 BRADLEY RD, PHONE EQUIP",COLO SPGS,38.75924951,-104.7168032,12HZ-12,-104.7168032,38.75924951,38.759295,-104.71677,5.8,False,PD102767,PD102767,12HZ-12,UG Transformer Bank,CSWD-7,38.75970835,-104.7170759,300,PD21788,PD021788,12HZ-12,UG Transformer Bank,RPS-40,38.75967017,-104.7162226,25,56.2,68.7,same_feeder_ambiguous
1201933,11955,11957,12256,9,9,1,8,0.8889,0.7778,1.0,8,3,3,1.0,6445260715,5255 WHIP TRL,COLO SPGS,38.88561946,-104.7323681,13PR-3,-104.7323681,38.88561946,38.885629,-104.73236,1.3,False,PD7768,PD007768,13PR-3,UG Transformer Bank,RTHS-165,38.88549905,-104.7328804,25,PD7769,PD007769,13PR-3,UG Transformer Bank,RTHS-164,38.88533438,-104.7320581,25,46.3,41.5,same_feeder_ambiguous
1072904,235844,235847,12519,9,9,1,8,0.8889,0.7778,1.0,8,3,3,1.0,2639496628,,,38.83002866,-104.7000543,12CL-13,-104.7000543,38.83002866,38.829967,-104.700044,6.9,False,PD100266,PD100266,12CL-13,UG Transformer Bank,CTVC-109,38.83024448,-104.7002854,25,PD100269,PD100269,12CL-13,UG Transformer Bank,CTVC-112,38.82956308,-104.6994658,25,31.3,72.7,same_feeder_ambiguous
1056106,178557,185916,12849,9,9,1,8,0.8889,0.7778,1.0,8,3,3,1.0,7535294943,"7966 SILVER BIRCH DR, E MTR",COLO SPGS,38.93135549,-104.6805262,12ST-22,-104.6805262,38.93135549,38.931349,-104.680516,1.1,False,PD22309,PD022309,12ST-22,UG Transformer Bank,RBLR-21,38.93097171,-104.6803457,25,PD22731,PD022731,12ST-22,UG Transformer Bank,RBLR-30,38.93192068,-104.6800865,50,45.4,73.5,same_feeder_ambiguous
1057063,175356,172500,13029,9,9,1,8,0.8889,0.7778,1.0,8,3,3,1.0,5550374713,"7803 VISTA CERRO AVE, E MTR",COLO SPGS,38.93427498,-104.6823156,12ST-22,-104.6823156,38.93427498,38.934268,-104.682305,1.2,False,PD21661,PD021661,12ST-22,UG Transformer Bank,GSL-897,38.9346064,-104.6819068,10,PD21423,PD021423,12ST-22,UG Transformer Bank,RBLR-5,38.93397342,-104.6820161,50,51.1,42.4,same_feeder_ambiguous
1068607,5877,5873,13342,9,9,1,8,0.8889,0.7778,1.0,8,3,3,1.0,7257953450,"2339 SPANISH OAK TER, SPKG",COLO SPGS,38.97246876,-104.7830991,12KC-44,-104.7830991,38.97246876,38.974033,-104.781415,226.8,True,PD15628,PD015628,12KC-44,UG Transformer Bank,RPCGC-25,38.97237466,-104.7836812,25,PD15629,PD015629,12KC-44,UG Transformer Bank,RPCGC-24,38.97287502,-104.7825656,50,51.4,64.6,same_feeder_ambiguous
1063164,343680,375307,14214,9,9,1,8,0.8889,0.7778,1.0,8,3,3,1.0,34090774,2073 ZENATO CT,COLO SPGS,39.00709189,-104.7847895,12FH-13,-104.7847895,39.00709189,39.007058,-104.784779,3.9,False,PD104109,PD104109,12FH-13,UG Transformer Bank,RFH3C-5,39.00730467,-104.7852299,50,PD105940,PD105940,12FH-13,UG Transformer Bank,RFH3C-7,39.00721103,-104.7844634,25,44.8,31.1,same_feeder_ambiguous
1060743,267521,267520,14220,9,9,1,8,0.8889,0.7778,1.0,8,3,3,1.0,5691171196,884 DESCHUTES DR,COLO SPGS,39.01097955,-104.8114522,12NG-22,-104.8114522,39.01097955,39.010973,-104.811442,1.1,False,PD101169,PD101169,12NG-22,UG Transformer Bank,RSTN2-28,39.01075228,-104.8109977,50,PD101171,PD101171,12NG-22,UG Transformer Bank,RSTN2-30,39.0106695,-104.8118373,50,46.7,47.9,same_feeder_ambiguous
1061603,344131,344130,14429,9,9,1,8,0.8889,0.7778,1.0,8,3,3,1.0,7551472424,11258 COLD CREEK VW,COLO SPGS,38.99587738,-104.7900488,12KC-13,-104.7900488,38.99587738,38.995871,-104.790038,1.2,False,PD104223,PD104223,12KC-13,UG Transformer Bank,RRNC-13,38.99547987,-104.789904,50,PD104222,PD104222,12KC-13,UG Transformer Bank,RRNC-12,38.99618707,-104.7898936,50,45.9,37.0,same_feeder_ambiguous
1069930,19143,19107,15973,9,9,1,8,0.8889,0.7778,1.0,8,3,3,1.0,8349959442,4455 WITCHES HOLLOW LN,COLO SPGS,38.76840156,-104.7449853,13KE-71,-104.7449853,38.76840156,38.768435,-104.74497,3.9,False,PD7258,PD007258,13KE-71,UG Transformer Bank,RBRA-58,38.76808739,-104.7451669,25,PD7259,PD007259,13KE-71,UG Transformer Bank,RBRA-59,38.76863611,-104.7451687,25,38.3,30.5,same_feeder_ambiguous
1079095,5431,5428,16122,9,9,1,8,0.8889,0.7778,1.0,8,3,3,1.0,7224500440,"202 MAIN ST, TELMTR",COLO SPGS,38.75198387,-104.7432783,12BY-34,-104.7432783,38.75198387,38.75154,-104.744223,95.6,False,OH21428,OH021428,12BY-34,OH Transformer Bank,,38.75198893,-104.7431967,15,OH21422,OH021422,12BY-34,OH Transformer Bank,,38.75252507,-104.7435056,25,7.1,63.3,same_feeder_ambiguous
1282485,27349,19389,16312,9,9,1,8,0.8889,0.7778,1.0,8,3,3,1.0,8831690504,640 ROBINGLEN CT,COLO SPGS,38.76321789,-104.8174875,12JL-1,-104.8174875,38.76321789,38.763246,-104.817467,3.6,False,PD12486,PD012486,12JL-1,UG Transformer Bank,RBMG-10,38.76293902,-104.8174273,25,PD12485,PD012485,12JL-1,UG Transformer Bank,RBMG-9,38.7633121,-104.8179756,25,31.4,43.6,same_feeder_ambiguous
1071231,27374,27382,16362,9,9,1,8,0.8889,0.7778,1.0,8,3,3,1.0,4824732286,4875 GOULET WAY,COLO SPGS,38.76082787,-104.7324849,13KE-71,-104.7324849,38.76082787,38.760859,-104.732475,3.6,False,PD7882,PD007882,13KE-71,UG Transformer Bank,RPRR-39,38.76120796,-104.7324382,25,PD7881,PD007881,13KE-71,UG Transformer Bank,RPRR-28,38.76060426,-104.7326405,25,42.5,28.3,same_feeder_ambiguous
1267665,10188,10180,17320,9,9,1,8,0.8889,0.7778,1.0,8,3,3,1.0,1060532176,2550 RAMSGATE TER,COLO SPGS,38.90512502,-104.875501,13IP-3,-104.875501,38.90512502,38.905197,-104.87544,9.6,False,PD1467,PD001467,13IP-3,UG Transformer Bank,VRMS-12,38.9053887,-104.8758914,25,PD1466,PD001466,13IP-3,UG Transformer Bank,VRMS-10,38.9054638,-104.8750667,25,44.7,53.2,same_feeder_ambiguous
1077739,19283,19275,17916,9,9,1,8,0.8889,0.7778,1.0,8,3,3,1.0,3334511503,5240 RONDO WAY,COLO SPGS,38.76598553,-104.7302728,13KE-71,-104.7302728,38.76598553,38.765976,-104.73033,5.1,False,PD16036,PD016036,13KE-71,UG Transformer Bank,RWMMS-5,38.76564902,-104.7307668,50,PD16035,PD016035,13KE-71,UG Transformer Bank,RWMMS-4,38.76581806,-104.729928,50,56.9,35.2,same_feeder_ambiguous
1076760,145602,130227,17926,9,9,1,8,0.8889,0.7778,1.0,8,3,3,1.0,2909121615,"3414 LUCKY LINDY LN, SPKG",COLO SPGS,38.77942328,-104.7306435,13KE-71,-104.7306435,38.77942328,38.779441,-104.730547,8.6,False,PD17636,PD017636,13KE-71,UG Transformer Bank,RBS-32,38.77970374,-104.7312887,25,PD16834,PD016834,13KE-71,UG Transformer Bank,RBS-26,38.77874925,-104.7309058,25,64.0,78.3,same_feeder_ambiguous
1077597,19304,19305,17990,9,9,1,8,0.8889,0.7778,1.0,8,3,3,1.0,1296019335,5379 SPARROW HAWK WAY,COLO SPGS,38.76467338,-104.7278607,13KE-71,-104.7278607,38.76467338,38.764681,-104.727795,5.8,False,PD15443,PD015443,13KE-71,UG Transformer Bank,RWMMS-28,38.76501043,-104.7282206,25,PD15442,PD015442,13KE-71,UG Transformer Bank,RWMMS-27,38.76500497,-104.7274517,50,48.8,51.2,same_feeder_ambiguous
1077938,145609,145917,18193,9,9,1,8,0.8889,0.7778,1.0,8,3,3,1.0,6686494635,5497 BARNSTORMERS AVE,COLO SPGS,38.7804461,-104.7347542,13KE-71,-104.7347542,38.7804461,38.780439,-104.734744,1.2,False,PD17642,PD017642,13KE-71,UG Transformer Bank,RBS-38,38.78044388,-104.7339985,25,PD17645,PD017645,13KE-71,UG Transformer Bank,RBS-41,38.78003583,-104.7351505,50,65.5,57.1,same_feeder_ambiguous
1121134,18314,18342,18400,9,9,1,8,0.8889,0.7778,1.0,8,3,3,1.0,7201701153,"3419 POST OAK DR, PHONE EQUIP",COLO SPGS,38.78255032,-104.7410256,13KE-73,-104.7410256,38.78255032,38.782544,-104.741015,1.2,False,PD7454,PD007454,13KE-73,UG Transformer Bank,RPST-12,38.78273036,-104.7403749,25,PD7453,PD007453,13KE-73,UG Transformer Bank,RPST-17,38.78235204,-104.7412211,50,59.8,27.8,same_feeder_ambiguous
1089109,14423,14385,20132,9,9,1,8,0.8889,0.7778,1.0,8,3,3,1.0,280369520,"1323 SOARING EAGLE DR, LIGHTS",COLO SPGS,38.85066758,-104.7025587,12PF-5,-104.7025587,38.85066758,38.850775,-104.702455,14.9,False,PD2803,PD002803,12PF-5,UG Transformer Bank,RCN-173,38.85055238,-104.7028787,50,PD2804,PD002804,12PF-5,UG Transformer Bank,RCN-171,38.85090006,-104.7022994,25,30.5,34.2,same_feeder_ambiguous
1103138,26456,26464,21117,9,9,1,8,0.8889,0.7778,1.0,8,3,3,1.0,6475325364,4545 JET WING CIR W,COLO SPGS,38.81345383,-104.7432335,13PV-4,-104.7432335,38.81345383,38.813468,-104.743142,8.1,False,PD6154,PD006154,13PV-4,UG Transformer Bank,RHZ-54,38.81366154,-104.7432698,25,PD6155,PD006155,13PV-4,UG Transformer Bank,RHZ-53,38.81342036,-104.742934,50,23.3,26.2,same_feeder_ambiguous
1121063,13060,13138,21668,9,9,1,8,0.8889,0.7778,1.0,8,3,3,1.0,9247566969,"2848 N MURRAY BLVD, PHONE EQUIP",COLO SPGS,38.87332562,-104.7483351,13RI-2,-104.7483351,38.87332562,38.873115,-104.748024,35.7,False,PD12645,PD012645,13RI-2,UG Transformer Bank,RSTT-4,38.87333405,-104.7484066,25,PD12646,PD012646,13RI-2,UG Transformer Bank,RSTT-5,38.87251421,-104.7484266,25,6.3,90.6,same_feeder_ambiguous
1119059,10750,429852,22448,9,9,1,8,0.8889,0.7778,1.0,8,3,3,1.0,1624623009,9218 TUNGSTEN HTS,COLO SPGS,38.91447626,-104.6567729,12FR-32,-104.6567729,38.91447626,38.9145,-104.656758,2.9,False,PD14980,PD014980,12RM-4,UG Transformer Bank,CCCOM-2,38.89939374,-104.8509771,10,PD108849,PD108849,12FR-32,UG Transformer Bank,RBLR54-7,38.91433933,-104.6567251,50,16887.6,15.8,cross_feeder_likely_gis_error
1115718,25583,13942,26362,9,9,1,8,0.8889,0.7778,1.0,8,3,3,1.0,1775849986,1708 SAWYER WAY BLDG 14,COLO SPGS,38.85751465,-104.7452898,13RI-11,-104.7452898,38.85751465,38.858237,-104.746373,123.5,True,UG4603,UG004603,13RI-11,UG Transformer Bank,AFF-14,38.85767848,-104.7453277,50,UG8587,UG008587,13RI-11,UG Transformer Bank,AFF-15,38.85801351,-104.7459437,25,18.5,79.3,same_feeder_ambiguous
1115748,13942,25577,26366,9,9,1,8,0.8889,0.7778,1.0,8,3,3,1.0,188068673,1708 SAWYER WAY BLDG 15,COLO SPGS,38.85806972,-104.745961,13RI-11,-104.745961,38.85806972,38.857877,-104.746398,43.5,False,UG8587,UG008587,13RI-11,UG Transformer Bank,AFF-15,38.85801351,-104.7459437,25,UG8590,UG008590,13RI-11,UG Transformer Bank,AFF-16,38.85782672,-104.7459434,25,6.4,27.1,same_feeder_ambiguous
1123978,12282,12286,26948,9,9,1,8,0.8889,0.7778,1.0,8,3,3,1.0,2639387623,3524 N CASCADE AVE LOT 16,COLO SPGS,38.88265123,-104.8239016,13NP-4,-104.8239016,38.88265123,38.882676,-104.823891,2.9,False,UG10957,UG010957,13NP-4,UG Transformer Bank,MSH-7,38.88267519,-104.8241842,25,UG10958,UG010958,13NP-4,UG Transformer Bank,MSH-8,38.88269628,-104.8235273,25,24.6,32.8,same_feeder_ambiguous
1225238,23812,9816,30959,9,9,1,8,0.8889,0.7778,1.0,8,3,3,1.0,2288731785,5485 WITTENBERG CT,COLO SPGS,38.91006904,-104.7949275,12C-3,-104.7949275,38.91006904,38.909979,-104.794931,10.0,False,PD15868,PD015868,12C-3,UG Transformer Bank,RUB-28,38.91086798,-104.7948613,25,PD13657,PD013657,12C-3,UG Transformer Bank,RUB-29,38.90968239,-104.7954593,75,89.0,63.0,same_feeder_ambiguous
1210075,1503,1498,31326,9,9,1,8,0.8889,0.7778,1.0,8,3,3,1.0,2584058334,2906 DRAKESTONE DR,COLO SPGS,38.86582249,-104.7747785,13RI-2,-104.7747785,38.86582249,38.865893,-104.774709,9.9,False,OH10141,OH010141,13RI-2,OH Transformer Bank,,38.86624605,-104.7750923,45,OH10137,OH010137,13RI-2,OH Transformer Bank,,38.86633449,-104.7745213,25,54.4,61.1,same_feeder_ambiguous
1189766,4538,4532,31663,9,9,1,8,0.8889,0.7778,1.0,8,3,3,1.0,4666961634,1804 FENMOOR PL,COLO SPGS,38.80526327,-104.8349666,12SP-35,-104.8349666,38.80526327,38.805295,-104.835025,6.2,False,OH29406,OH029406,12SP-35,OH Transformer Bank,,38.80490995,-104.8346188,25,OH27306,OH027306,12SP-35,OH Transformer Bank,,38.80517696,-104.8358639,25,49.5,78.3,same_feeder_ambiguous
1232460,,473127,31766,11,9,0,7,0.7778,0.7778,1.0,10,3,3,1.0,2334065957,3061 KNOXVILLE PT,COLO SPGS,38.78818203,-104.730718,12JW-1,-104.730718,38.78818203,38.78818,-104.730704,1.2,False,,,,,,,,,PD109970,PD109970,12AP-2,UG Transformer Bank,RSBR-18,38.78814559,-104.7308395,50,,11.3,new_assignment
1232539,,473127,31766,11,9,0,7,0.7778,0.7778,1.0,10,3,3,1.0,6651904010,3093 KNOXVILLE PT,COLO SPGS,38.7879318,-104.7307244,12JW-1,-104.7307244,38.7879318,38.787929,-104.730717,0.7,False,,,,,,,,,PD109970,PD109970,12AP-2,UG Transformer Bank,RSBR-18,38.78814559,-104.7308395,50,,25.8,new_assignment
1143027,24946,24926,32276,9,9,1,8,0.8889,0.7778,1.0,8,3,3,1.0,1178826144,"3534 VAN TEYLINGEN DR, HSEMTR8",COLO SPGS,38.88273823,-104.7639043,12CD-2,-104.7639043,38.88273823,38.882814,-104.763998,11.7,False,UG4570,UG004570,12CD-2,UG Transformer Bank,AN-10,38.88265986,-104.7637479,37.5,UG4573,UG004573,12CD-2,UG Transformer Bank,AN-16,38.88325511,-104.763309,37.5,16.1,77.2,same_feeder_ambiguous
1147453,83806,2512,33316,9,9,1,8,0.8889,0.7778,1.0,8,3,3,1.0,6262195722,1328 MCARTHUR AVE,COLO SPGS,38.85133114,-104.7847243,13RI-12,-104.7847243,38.85133114,38.851365,-104.784707,4.1,False,OH13860,OH013860,13RI-12,OH Transformer Bank,,38.85201815,-104.7851696,37.5,OH13864,OH013864,13RI-12,OH Transformer Bank,,38.85116621,-104.7851516,37.5,85.6,41.3,same_feeder_ambiguous
1153112,12154,12163,34125,9,9,1,8,0.8889,0.7778,1.0,8,3,3,1.0,3766758993,"3579 ORO BLANCO DR, PHONE EQUIP",COLO SPGS,38.88364204,-104.7385084,13RI-9,-104.7385084,38.88364204,38.883635,-104.738498,1.2,False,PD8347,PD008347,13RI-9,UG Transformer Bank,GSL-341,38.88348899,-104.7383589,25,UG7131,UG007131,13RI-9,UG Transformer Bank,RPS-1,38.88333977,-104.738377,50,21.4,35.5,same_feeder_ambiguous
1157830,17404,17344,34644,9,9,1,8,0.8889,0.7778,1.0,8,3,3,1.0,7708312693,2840 S CIRCLE DR LOT 320,COLO SPGS,38.79760186,-104.7913176,13HK-2,-104.7913176,38.79760186,38.797621,-104.791282,3.7,False,UG10817,UG010817,13HK-2,UG Transformer Bank,MGV-13,38.79706371,-104.79129,37.5,UG10312,UG010312,13HK-2,UG Transformer Bank,MGV-11,38.79799596,-104.7916062,25,59.9,50.5,same_feeder_ambiguous
1155299,146556,146557,34682,9,9,1,8,0.8889,0.7778,1.0,8,3,3,1.0,5954908404,2481 ELLINGWOOD DR,COLO SPGS,38.81054532,-104.7826165,13HK-2,-104.7826165,38.81054532,38.810538,-104.782606,1.2,False,PD17513,PD017513,13HK-2,UG Transformer Bank,RSC-121,38.81045261,-104.7829391,25,PD17512,PD017512,13HK-2,UG Transformer Bank,RSC-120,38.81049242,-104.7825926,25,29.8,6.2,same_feeder_ambiguous
1210293,11163,11180,35221,9,9,1,8,0.8889,0.7778,1.0,8,3,3,1.0,1012648627,2440 ROYAL PALM DR,COLO SPGS,38.89476587,-104.7864142,12C-3,-104.7864142,38.89476587,38.894801,-104.786404,4.0,False,PD8541,PD008541,12C-3,UG Transformer Bank,RDT-27,38.89471421,-104.7857544,15,PD8551,PD008551,12C-3,UG Transformer Bank,RDT-28,38.89444181,-104.7863611,25,57.4,36.3,same_feeder_ambiguous
1179303,1352,1384,37560,9,9,1,8,0.8889,0.7778,1.0,8,3,3,1.0,7061704151,1319 PIKE DR,COLO SPGS,38.86979362,-104.8706603,13FV-1,-104.8706603,38.86979362,38.869822,-104.870661,3.2,False,OH30991,OH030991,13FV-1,OH Transformer Bank,,38.87035635,-104.8707553,25,OH30959,OH030959,13FV-1,OH Transformer Bank,,38.86955331,-104.8704449,25,63.1,32.6,same_feeder_ambiguous
1205875,10725,10709,40870,9,9,1,8,0.8889,0.7778,1.0,8,3,3,1.0,2352907621,"2410 HAMLET LN, HSEMTR0",COLO SPGS,38.89932486,-104.7819575,13CW-12,-104.7819575,38.89932486,38.899288,-104.781867,8.8,False,PD3593,PD003593,13CW-12,UG Transformer Bank,RGR-3,38.89932703,-104.7816886,25,PD3561,PD003561,13CW-12,UG Transformer Bank,RGR-6,38.89951236,-104.7806639,25,23.3,113.9,same_feeder_ambiguous
1268998,11433,11420,47894,9,9,1,8,0.8889,0.7778,1.0,8,3,3,1.0,1082738106,"1218 DARBY ST, SPKG",COLO SPGS,38.89152738,-104.8433501,13HL-1,-104.8433501,38.89152738,38.891472,-104.843373,6.5,False,UG93,UG000093,13HL-1,UG Transformer Bank,RHP-21,38.89126398,-104.8431124,50,UG95,UG000095,13HL-1,UG Transformer Bank,RHP-22,38.89139504,-104.8437358,50,35.8,36.5,same_feeder_ambiguous
1277226,79004,93724,49425,9,9,1,8,0.8889,0.7778,1.0,8,3,3,1.0,3485039672,1850 LA BELLEZZA GRV,COLO SPGS,38.94193789,-104.8628643,12OV-1,-104.8628643,38.94193789,38.945934,-104.862542,445.2,True,PD21270,PD021270,12OV-1,UG Transformer Bank,RSAP-11,38.94181128,-104.8631927,50,PD17331,PD017331,12OV-1,UG Transformer Bank,RLBP-3,38.94585902,-104.8629253,50,31.7,436.0,same_feeder_ambiguous
1282517,19321,19334,50863,9,9,1,8,0.8889,0.7778,1.0,8,3,3,1.0,6220207866,4431 SONGGLEN CIR,COLO SPGS,38.76544503,-104.8148401,12JL-1,-104.8148401,38.76544503,38.765472,-104.814841,3.0,False,PD12913,PD012913,12JL-1,UG Transformer Bank,REBG-3,38.76531312,-104.8152719,25,PD12912,PD012912,12JL-1,UG Transformer Bank,REBG-4,38.76522969,-104.8145612,25,40.2,34.0,same_feeder_ambiguous
1303499,22294,22290,52737,9,9,1,8,0.8889,0.7778,1.0,8,3,3,1.0,1804641564,3496 PLANTATION GRV,COLO SPGS,38.95217065,-104.7596685,13CW-11,-104.7596685,38.95217065,38.952246,-104.759803,14.3,False,PD16268,PD016268,13CW-11,UG Transformer Bank,RCCP-23,38.95191424,-104.7596215,25,PD16267,PD016267,13CW-11,UG Transformer Bank,RCCP-24,38.95218809,-104.7601558,25,28.8,42.2,same_feeder_ambiguous
1014037,1027,1018,4525,16,16,1,13,0.8125,0.75,1.0,15,3,3,1.0,8027803809,3600 N CASCADE AVE LOT 55,COLO SPGS,38.88386479,-104.8243167,13NP-4,-104.8243167,38.88386479,38.883883,-104.824329,2.3,False,OH9399,OH009399,13NP-4,OH Transformer Bank,,38.88386135,-104.8238991,50,OH9394,OH009394,13NP-4,OH Transformer Bank,,38.88404338,-104.8238762,25,36.1,43.0,same_feeder_ambiguous
1073716,1019,1018,4525,16,16,1,13,0.8125,0.75,1.0,15,3,3,1.0,8720691483,3600 N CASCADE AVE LOT 30,COLO SPGS,38.88400695,-104.8234112,13NP-4,-104.8234112,38.88400695,38.884001,-104.823401,1.1,False,OH9393,OH009393,13NP-4,OH Transformer Bank,,38.88404293,-104.8232819,25,OH9394,OH009394,13NP-4,OH Transformer Bank,,38.88404338,-104.8238762,25,11.9,40.5,same_feeder_ambiguous
1099390,13803,1018,4525,16,16,1,13,0.8125,0.75,1.0,15,3,3,1.0,7830798856,1905 N ACADEMY BLVD UNIT C103,COLO SPGS,38.86079722,-104.7564922,13RI-9,-104.7564922,38.86079722,38.883877,-104.82424,6401.9,True,UG1554,UG001554,13RI-9,UG Transformer Bank,CABC-1,38.86066231,-104.7564042,50,OH9394,OH009394,13NP-4,OH Transformer Bank,,38.88404338,-104.8238762,25,16.8,6380.5,cross_feeder_likely_gis_error
1005526,351,347,465,8,8,1,7,0.875,0.75,1.0,7,3,3,1.0,3685210720,10395 ASPEN ST,GN MTN FLS,38.92950604,-105.0115266,12GM-4,-105.0115266,38.92950604,38.929025,-105.01222,80.4,False,OH50136,OH050136,12GM-4,OH Transformer Bank,,38.92914923,-105.0108404,25,OH50151,OH050151,12GM-4,OH Transformer Bank,,38.92969077,-105.0126137,25,71.4,96.3,same_feeder_ambiguous
1002522,56923,24178,1035,8,8,1,7,0.875,0.75,1.0,7,3,3,1.0,7991485124,"5009 DESERT VARNISH DR, SPKG",COLO SPGS,38.90252561,-104.686148,12ST-21,-104.686148,38.90252561,38.902789,-104.685903,36.2,False,PD20229,PD020229,12ST-1,UG Transformer Bank,GSL-646,38.90268599,-104.6860938,10,PD14048,PD014048,12ST-1,UG Transformer Bank,RWWSH-11,38.90243409,-104.6868706,25,18.4,63.4,same_feeder_ambiguous
1005076,11956,24827,1183,8,8,1,7,0.875,0.75,1.0,7,3,3,1.0,4228431090,3835 PONY TRACKS DR,COLO SPGS,38.88487882,-104.7055873,12CL-11,-104.7055873,38.88487882,38.884914,-104.705577,4.0,False,PD7573,PD007573,12CL-11,UG Transformer Bank,RCSR-81,38.88520837,-104.7062512,25,PD8572,PD008572,12CL-11,UG Transformer Bank,RCSR-116,38.88488676,-104.7046735,25,68.2,79.1,same_feeder_ambiguous
1025329,25283,12911,1308,8,8,1,7,0.875,0.75,1.0,7,3,3,1.0,3551602758,3125 RICHMOND DR,COLO SPGS,38.87465519,-104.7051718,12CL-11,-104.7051718,38.87465519,38.874678,-104.70515,3.2,False,PD3309,PD003309,12CL-11,UG Transformer Bank,RCHN-71,38.87449197,-104.705421,25,PD3310,PD003310,12CL-11,UG Transformer Bank,RCHN-72,38.87484853,-104.7051086,25,28.2,22.2,same_feeder_ambiguous
1004836,9983,23915,1683,8,8,1,7,0.875,0.75,1.0,7,3,3,1.0,1244568793,6015 EMMA LN,COLO SPGS,38.90717663,-104.7065679,12ST-4,-104.7065679,38.90717663,38.907208,-104.706547,3.9,False,PD2913,PD002913,12ST-4,UG Transformer Bank,RSHR-108,38.90702679,-104.7063111,25,PD2912,PD002912,12ST-4,UG Transformer Bank,RSHR-109,38.90725725,-104.7062089,25,27.8,32.3,same_feeder_ambiguous
1119481,396227,430002,1718,8,8,1,7,0.875,0.75,1.0,7,3,3,1.0,4548835458,5712 DAKAN LOOP,COLO SPGS,38.91355441,-104.6577467,12FR-32,-104.6577467,38.91355441,38.91357,-104.657738,1.9,False,UG129228,UG129228,12FR-32,UG Transformer Bank,RBLR51B-5,38.91216739,-104.6557595,50,PD108792,PD108792,12FR-32,UG Transformer Bank,RBLR53B-6,38.91339592,-104.6576908,50,231.0,18.3,same_feeder_ambiguous
1008113,10026,9978,1729,8,8,1,7,0.875,0.75,1.0,7,3,3,1.0,2554904308,5126 HORSE CARRIAGE RD,COLO SPGS,38.90664765,-104.6941681,12ST-21,-104.6941681,38.90664765,38.906678,-104.694136,4.4,False,PD16061,PD016061,12ST-1,UG Transformer Bank,RSHR-282,38.90624188,-104.6938204,25,PD16062,PD016062,12ST-1,UG Transformer Bank,RSHR-281,38.90696345,-104.6938324,25,54.2,45.6,same_feeder_ambiguous
1005401,148183,143045,1835,8,8,1,7,0.875,0.75,1.0,7,3,3,1.0,9786007969,"5377 PALOMINO RANCH PT, MAIL KIOSK",COLO SPGS,38.90803375,-104.71515,12ST-1,-104.71515,38.90803375,38.907989,-104.715153,5.0,False,PD17608,PD017608,12ST-21,UG Transformer Bank,CPRT-11,38.90794933,-104.7151743,100,PD107754,PD107754,12ST-21,UG Transformer Bank,RPRP-41,38.90838559,-104.7151832,25,9.6,39.2,same_feeder_ambiguous
1006685,23950,23909,2113,8,8,1,7,0.875,0.75,1.0,7,3,3,1.0,7276086925,6050 DESOTO DR,COLO SPGS,38.9069198,-104.7069962,12ST-4,-104.7069962,38.9069198,38.906931,-104.707006,1.5,False,PD8248,PD008248,12ST-4,UG Transformer Bank,RSHR-110,38.90660147,-104.7071737,25,PD2915,PD002915,12ST-4,UG Transformer Bank,RSHR-112,38.90740095,-104.7072167,25,38.6,56.8,same_feeder_ambiguous
1007797,24101,24086,2347,8,8,1,7,0.875,0.75,1.0,7,3,3,1.0,9073071782,6220 FLAT IRON CT,COLO SPGS,38.90368544,-104.7057934,12ST-4,-104.7057934,38.90368544,38.903694,-104.705786,1.1,False,PD7364,PD007364,12ST-4,UG Transformer Bank,RSHR-71,38.90354676,-104.7053208,25,PD2860,PD002860,12ST-4,UG Transformer Bank,RSHR-66,38.90402935,-104.7062635,25,43.7,55.8,same_feeder_ambiguous
1025254,12705,25132,2428,8,8,1,7,0.875,0.75,1.0,7,3,3,1.0,1696391944,3155 OX CART DR,COLO SPGS,38.87778157,-104.7058327,13PR-4,-104.7058327,38.87778157,38.877791,-104.705825,1.2,False,PD2742,PD002742,13PR-4,UG Transformer Bank,RCSR-30,38.87735776,-104.7058764,25,PD8709,PD008709,13PR-4,UG Transformer Bank,RCSR-78,38.87780705,-104.7064182,25,47.3,50.8,same_feeder_ambiguous
1010066,35170,24581,2762,8,8,1,7,0.875,0.75,1.0,7,3,3,1.0,9710804648,4213 KNOLLVALE DR,COLO SPGS,38.89180835,-104.6944163,12ST-23,-104.6944163,38.89180835,38.891784,-104.694411,2.7,False,PD19977,PD019977,12ST-23,UG Transformer Bank,RNRG-40,38.89217047,-104.6944327,25,PD13834,PD013834,12ST-23,UG Transformer Bank,RGC-71,38.89147347,-104.6948104,25,40.3,50.5,same_feeder_ambiguous
1008888,11377,11313,2777,8,8,1,7,0.875,0.75,1.0,7,3,3,1.0,2014580025,4211 TEE SHOT DR,COLO SPGS,38.89154739,-104.7034448,12ST-3,-104.7034448,38.89154739,38.891578,-104.703436,3.5,False,PD13139,PD013139,12ST-3,UG Transformer Bank,RGC-7,38.89109053,-104.7036933,25,PD13140,PD013140,12ST-3,UG Transformer Bank,RGC-6,38.89187404,-104.7039287,50,55.2,55.4,same_feeder_ambiguous
1023258,145275,235200,3299,8,8,1,7,0.875,0.75,1.0,7,3,3,1.0,3978204229,5114 BALSAM ST,COLO SPGS,38.92430728,-104.7313418,12AP-1,-104.7313418,38.92430728,38.924245,-104.731331,7.0,False,PD17505,PD017505,12AP-1,UG Transformer Bank,RTAB-2,38.92405359,-104.7310662,25,PD100299,PD100299,12AP-1,UG Transformer Bank,RTAB-4,38.92405123,-104.7319525,25,36.9,60.0,same_feeder_ambiguous
1026604,184639,184637,3493,8,8,1,7,0.875,0.75,1.0,7,3,3,1.0,7115430166,7558 CRESTONE PEAK TRL,COLO SPGS,38.94520768,-104.7098535,12BG-22,-104.7098535,38.94520768,38.945201,-104.709843,1.2,False,PD22088,PD022088,12BG-22,UG Transformer Bank,RWV2-1,38.94570174,-104.7100783,25,PD22086,PD022086,12BG-22,UG Transformer Bank,RWV2-3,38.94497527,-104.7102366,25,58.3,42.0,same_feeder_ambiguous
1054402,364609,364608,3593,8,8,1,7,0.875,0.75,1.0,7,3,3,1.0,7515960515,7167 FAUNA GLEN DR,COLO SPGS,38.93495795,-104.6560097,12FR-32,-104.6560097,38.93495795,38.934951,-104.655999,1.2,False,PD105222,PD105222,12FR-32,UG Transformer Bank,RBLR-419,38.9352737,-104.6561891,50,PD105223,PD105223,12FR-32,UG Transformer Bank,RBLR-420,38.93475554,-104.6565842,50,38.4,54.6,same_feeder_ambiguous
1014251,370396,370397,3617,8,8,1,7,0.875,0.75,1.0,7,3,3,1.0,1921055169,6383 LOCHSIDE VW,COLO SPGS,38.92512731,-104.6615054,12FR-32,-104.6615054,38.92512731,38.92512,-104.661495,1.2,False,PD105783,PD105783,12FR-32,UG Transformer Bank,RBLR-459,38.92544648,-104.6620539,25,PD105779,PD105779,12FR-32,UG Transformer Bank,RBLR-460,38.92459651,-104.6617195,50,59.3,61.9,same_feeder_ambiguous
1011891,184644,184645,3652,8,8,1,7,0.875,0.75,1.0,7,3,3,1.0,8083288892,7978 MOUNT HURON TRL,COLO SPGS,38.94797832,-104.7094998,12BG-22,-104.7094998,38.94797832,38.947994,-104.709451,4.6,False,PD22095,PD022095,12BG-22,UG Transformer Bank,RCVS-42,38.94750041,-104.7093667,50,PD22096,PD022096,12BG-22,UG Transformer Bank,RCVS-41,38.94844804,-104.7091793,50,54.4,59.1,same_feeder_ambiguous
1045720,375670,375672,3955,8,8,1,7,0.875,0.75,1.0,7,3,3,1.0,9538656968,9413 CASHEL TRL,COLO SPGS,38.92557505,-104.6546933,12FR-32,-104.6546933,38.92557505,38.925566,-104.65468,1.5,False,PD106175,PD106175,12FR-32,UG Transformer Bank,RBLR-522,38.92571579,-104.6551966,50,PD106174,PD106174,12FR-32,UG Transformer Bank,RBLR-519,38.92571617,-104.654479,50,46.3,24.3,same_feeder_ambiguous
1132993,278401,168318,4094,8,8,1,7,0.875,0.75,1.0,7,3,3,1.0,5551427490,"7796 COWPOKE RD, PHONE EQUIP",COLO SPGS,38.94938268,-104.6944358,,-104.6944358,38.94938268,38.949362,-104.694314,10.8,False,PD101925,PD101925,12FR-31,UG Transformer Bank,RTBF-7,38.9499719,-104.6947249,50,PD17215,PD017215,12FR-31,UG Transformer Bank,RFM-46,38.94918149,-104.6952798,25,70.1,76.3,same_feeder_ambiguous
1013186,375723,23402,4135,8,8,1,7,0.875,0.75,1.0,7,3,3,1.0,9416649501,"5922 RANGEWOOD DR, PHONE EQUIPMENT",COLO SPGS,38.92050782,-104.7374131,12AP-3,-104.7374131,38.92050782,38.920606,-104.737089,30.1,False,PD106214,PD106214,12AP-3,UG Transformer Bank,GSL-1043,38.9206763,-104.7373091,10,PD7351,PD007351,12AP-3,UG Transformer Bank,RAM-2,38.92039848,-104.7368356,25,20.8,51.4,same_feeder_ambiguous
1270148,1870,378268,4190,8,8,1,7,0.875,0.75,1.0,7,3,3,1.0,6917880406,111 BECKERS LN,MANITOU,38.86086474,-104.8921617,13FV-1,-104.8921617,38.86086474,38.860597,-104.892042,31.5,False,OH31363,OH031363,13FV-1,OH Transformer Bank,,38.86081213,-104.8918647,15,PD107023,PD107023,13FV-1,UG Transformer Bank,RTMT-1,38.86052464,-104.8919023,50,26.4,44.0,same_feeder_ambiguous
1014975,370401,370402,4620,8,8,1,7,0.875,0.75,1.0,7,3,3,1.0,8366437411,6332 MELVICK PT,COLO SPGS,38.92474427,-104.6609472,12FR-32,-104.6609472,38.92474427,38.924737,-104.660937,1.2,False,PD105778,PD105778,12FR-32,UG Transformer Bank,RBLR-453,38.92456242,-104.6607321,50,PD105777,PD105777,12FR-32,UG Transformer Bank,RBLR-452,38.92497603,-104.6608073,50,27.5,28.5,same_feeder_ambiguous
1023514,7558,7575,4749,8,8,1,7,0.875,0.75,1.0,7,3,3,1.0,104083428,6949 CABRIOLET DR,COLO SPGS,38.93381219,-104.7259157,12BG-24,-104.7259157,38.93381219,38.933762,-104.725911,5.6,False,PD14430,PD014430,12BG-24,UG Transformer Bank,RWT-129,38.93408433,-104.7258889,25,PD14431,PD014431,12BG-24,UG Transformer Bank,RWT-128,38.93380937,-104.7264357,25,30.3,45.0,same_feeder_ambiguous
1121804,24987,12390,4803,8,8,1,7,0.875,0.75,1.0,7,3,3,1.0,3731542080,3405 SINTON RD LOT 190,COLO SPGS,38.88166694,-104.8318802,13HL-1,-104.8318802,38.88166694,38.881704,-104.831863,4.4,False,UG598,UG000598,13HL-1,UG Transformer Bank,MHTP-30,38.88188378,-104.8323131,15,UG599,UG000599,13HL-1,UG Transformer Bank,MHTP-29,38.88175666,-104.8316236,25,44.6,24.3,same_feeder_ambiguous
1125432,1342,1326,4922,8,8,1,7,0.875,0.75,1.0,7,3,3,1.0,1934525285,402 W HARRISON ST,COLO SPGS,38.87025565,-104.8284845,12FT-3,-104.8284845,38.87025565,38.87028,-104.828476,2.8,False,OH1829,OH001829,12FT-3,OH Transformer Bank,,38.87036463,-104.8288755,45,OH1826,OH001826,12FT-3,OH Transformer Bank,,38.87087686,-104.8288764,25,36.0,77.0,same_feeder_ambiguous
1135976,195839,263050,4963,8,8,1,7,0.875,0.75,1.0,7,3,3,1.0,9896811313,"6759 SANDYFORD LN, PHONE EQUIP",COLO SPGS,38.92832176,-104.7073291,12ST-21,-104.7073291,38.92832176,38.92833,-104.707286,3.8,False,PD22262,PD022262,12ST-1,UG Transformer Bank,RDN-5,38.92788072,-104.7071299,25,PD101204,PD101204,12ST-1,UG Transformer Bank,RDN-9,38.92866266,-104.7074917,25,52.0,40.4,same_feeder_ambiguous
1019294,8134,22966,5177,8,8,1,7,0.875,0.75,1.0,7,3,3,1.0,6176274699,6731 SNOWY RANGE DR,COLO SPGS,38.92819697,-104.7366411,12BG-24,-104.7366411,38.92819697,38.928193,-104.736629,1.1,False,PD15774,PD015774,12BG-24,UG Transformer Bank,RAC-28,38.92778778,-104.736955,25,PD12391,PD012391,12BG-24,UG Transformer Bank,RAC-25,38.92865817,-104.7362772,25,53.0,60.2,same_feeder_ambiguous
1019164,36137,36138,5258,8,8,1,7,0.875,0.75,1.0,7,3,3,1.0,6759515248,5647 SUNSHADE PT,COLO SPGS,38.9223507,-104.7208448,12AP-1,-104.7208448,38.9223507,38.922344,-104.720834,1.2,False,PD19793,PD019793,12AP-1,UG Transformer Bank,RSDV-10,38.92243107,-104.7212083,25,PD19794,PD019794,12AP-1,UG Transformer Bank,RSDV-11,38.92249639,-104.720757,25,32.7,17.9,same_feeder_ambiguous
1019684,23453,23449,5399,8,8,1,7,0.875,0.75,1.0,7,3,3,1.0,4127111904,4820 SETON PL,COLO SPGS,38.92003373,-104.7403358,12AP-3,-104.7403358,38.92003373,38.919966,-104.740335,7.5,False,PD8843,PD008843,12AP-3,UG Transformer Bank,RDR-23,38.91969636,-104.7409629,25,PD8844,PD008844,12AP-3,UG Transformer Bank,RDR-24,38.91966553,-104.7400738,25,66.0,46.8,same_feeder_ambiguous
1020669,9073,9027,5654,8,8,1,7,0.875,0.75,1.0,7,3,3,1.0,2725341189,5790 CORINTH DR,COLO SPGS,38.91865751,-104.7309392,12AP-3,-104.7309392,38.91865751,38.918777,-104.731061,17.0,False,PD10299,PD010299,12AP-3,UG Transformer Bank,RSDS-130,38.91861938,-104.7307197,25,PD10298,PD010298,12AP-3,UG Transformer Bank,RSDS-129,38.91899651,-104.7311145,25,19.5,40.6,same_feeder_ambiguous
1027124,9809,9808,5674,8,8,1,7,0.875,0.75,1.0,7,3,3,1.0,3750631585,5155 EROS WAY,COLO SPGS,38.90922142,-104.7310676,12AP-4,-104.7310676,38.90922142,38.909238,-104.731059,2.0,False,PD4697,PD004697,12AP-4,UG Transformer Bank,RSW-23,38.9093789,-104.7314941,50,PD4696,PD004696,12AP-4,UG Transformer Bank,RSW-24,38.9093774,-104.7309519,25,40.8,20.0,same_feeder_ambiguous
1227439,23252,23245,5719,8,8,1,7,0.875,0.75,1.0,7,3,3,1.0,7830107349,3615 MOUNTAINSIDE DR,COLO SPGS,38.92284614,-104.7604115,12AP-3,-104.7604115,38.92284614,38.922866,-104.760394,2.7,False,PD2337,PD002337,12AP-3,UG Transformer Bank,RN-66,38.92262859,-104.7607301,25,PD2335,PD002335,12AP-3,UG Transformer Bank,RN-62,38.92281027,-104.7598374,25,36.7,49.8,same_feeder_ambiguous
1022790,449229,449228,6225,8,8,1,7,0.875,0.75,1.0,7,3,3,1.0,7163321598,5031 AMAZONITE DR,COLO SPGS,38.90048299,-104.6743116,12ST-23,-104.6743116,38.90048299,38.90048,-104.674304,0.7,False,PD110040,PD110040,12ST-23,UG Transformer Bank,REM8-3,38.90041767,-104.6737507,50,PD110039,PD110039,12ST-23,UG Transformer Bank,REM8-2,38.90034218,-104.6746095,25,49.1,30.2,same_feeder_ambiguous
1023903,23967,23956,6347,8,8,1,7,0.875,0.75,1.0,7,3,3,1.0,9913462307,5118 WINDGATE CT,COLO SPGS,38.90640544,-104.7326776,12AP-4,-104.7326776,38.90640544,38.906437,-104.732647,4.4,False,PD4384,PD004384,12AP-4,UG Transformer Bank,ROF-70,38.90635236,-104.7321783,25,PD4385,PD004385,12AP-4,UG Transformer Bank,ROF-69,38.90671109,-104.7316234,25,43.6,97.3,same_feeder_ambiguous
1042104,344491,391375,7027,8,8,1,7,0.875,0.75,1.0,7,3,3,1.0,4239151105,"3686 GREENWAYS MAIN BLVD, MAIL KIOSK",COLO SPGS,38.88250818,-104.7139965,13PR-4,-104.7139965,38.88250818,38.88252,-104.713993,1.3,False,PD103840,PD103840,13PR-4,UG Transformer Bank,CCSR-6,38.88206548,-104.7141553,150,PD108723,PD108723,12ST-24,UG Transformer Bank,RGSC-30,38.88200384,-104.713405,50,51.1,75.9,cross_feeder_likely_gis_error
1040672,22392,22423,7397,8,8,1,7,0.875,0.75,1.0,7,3,3,1.0,4931751186,4965 BRADDOCK DR,COLO SPGS,38.94755128,-104.7352937,12BG-21,-104.7352937,38.94755128,38.947518,-104.735256,4.9,False,PD7990,PD007990,12BG-21,UG Transformer Bank,RFS-10,38.94784553,-104.7347875,25,PD15138,PD015138,12BG-21,UG Transformer Bank,RFS-24,38.94714743,-104.7347584,25,54.7,64.5,same_feeder_ambiguous
1028549,22870,7761,7515,8,8,1,7,0.875,0.75,1.0,7,3,3,1.0,8325111668,"6871 RANGEWOOD DR, CV",COLO SPGS,38.93252212,-104.753807,13CW-1,-104.753807,38.93252212,38.932527,-104.753757,4.4,False,PD14185,PD014185,13CW-1,UG Transformer Bank,GSL-544,38.93226443,-104.7537262,10,PD8053,PD008053,13CW-1,UG Transformer Bank,RCWD-13,38.93210007,-104.7532239,25,29.5,68.9,same_feeder_ambiguous
1034849,7483,7514,8198,8,8,1,7,0.875,0.75,1.0,7,3,3,1.0,7440383791,6806 DREAM WEAVER DR,COLO SPGS,38.93497461,-104.7422831,13BG-1,-104.7422831,38.93497461,38.934871,-104.742216,12.9,False,PD15483,PD015483,13BG-1,UG Transformer Bank,RNW-35,38.93495324,-104.7424671,25,PD15484,PD015484,13BG-1,UG Transformer Bank,RNW-37,38.93466265,-104.7418222,25,16.1,52.8,same_feeder_ambiguous
1041457,6408,6372,8486,8,8,1,7,0.875,0.75,1.0,7,3,3,1.0,6158187856,8345 PEPPERRIDGE DR,COLO SPGS,38.95304853,-104.748507,13BG-3,-104.748507,38.95304853,38.953069,-104.748506,2.3,False,PD1291,PD001291,13BG-3,UG Transformer Bank,VRM-37,38.95278509,-104.7488582,25,PD1290,PD001290,13BG-3,UG Transformer Bank,VRM-36,38.95327307,-104.7488551,25,42.2,39.1,same_feeder_ambiguous
1032520,344459,344462,8679,8,8,1,7,0.875,0.75,1.0,7,3,3,1.0,7130688055,4397 CAPTAIN JACK LN,COLO SPGS,38.98228299,-104.7492491,12KC-44,-104.7492491,38.98228299,38.982276,-104.749239,1.2,False,PD104469,PD104469,12KC-44,UG Transformer Bank,RC4-1,38.98193739,-104.749467,25,PD104472,PD104472,12KC-44,UG Transformer Bank,RC4-4,38.98280501,-104.7499389,50,42.8,83.2,same_feeder_ambiguous
1302594,449044,449045,8703,8,8,1,7,0.875,0.75,1.0,7,3,3,1.0,1837934739,10778 SPALDING VW,COLO SPGS,38.98727846,-104.790428,12KC-14,-104.790428,38.98727846,38.987271,-104.790414,1.5,False,PD109480,PD109480,12KC-14,UG Transformer Bank,RVR14-13,38.98728598,-104.7901295,25,PD109479,PD109479,12KC-14,UG Transformer Bank,RVR14-12,38.98754345,-104.7904035,50,25.8,29.5,same_feeder_ambiguous
1032790,370316,370315,8741,8,8,1,7,0.875,0.75,1.0,7,3,3,1.0,907526200,3215 RED CAVERN RD,COLO SPGS,38.99392936,-104.7725203,12KC-12,-104.7725203,38.99392936,38.993923,-104.77251,1.1,False,PD105427,PD105427,12KC-12,UG Transformer Bank,RNF7-12,38.9935179,-104.7721819,50,PD105428,PD105428,12KC-12,UG Transformer Bank,RNF7-13,38.99416265,-104.7721657,25,54.3,40.2,same_feeder_ambiguous
1034362,159048,159049,9088,8,8,1,7,0.875,0.75,1.0,7,3,3,1.0,5474198331,5830 LEON YOUNG DR,COLO SPGS,38.96750529,-104.7233203,12BG-23,-104.7233203,38.96750529,38.967546,-104.723354,5.4,False,PD16911,PD016911,12BG-23,UG Transformer Bank,RVWR-82,38.96710756,-104.7236403,25,PD16910,PD016910,12BG-23,UG Transformer Bank,RVWR-83,38.96740763,-104.7228816,50,52.2,39.5,same_feeder_ambiguous
1034905,22377,22393,9214,8,8,1,7,0.875,0.75,1.0,7,3,3,1.0,7437534017,8045 POTOMAC DR,COLO SPGS,38.94801696,-104.7317652,13BG-3,-104.7317652,38.94801696,38.948052,-104.731755,4.0,False,PD2396,PD002396,13BG-3,UG Transformer Bank,RF-52,38.94843525,-104.7319767,25,PD2397,PD002397,13BG-3,UG Transformer Bank,RF-53,38.94771509,-104.7319776,25,50.0,38.3,same_feeder_ambiguous
1036093,6565,6523,9468,8,8,1,7,0.875,0.75,1.0,7,3,3,1.0,7788028857,8157 TELEGRAPH DR,COLO SPGS,38.9508495,-104.7304413,13BG-3,-104.7304413,38.9508495,38.950879,-104.730432,3.4,False,PD2378,PD002378,13BG-3,UG Transformer Bank,RF-34,38.95046334,-104.730742,25,PD2379,PD002379,13BG-3,UG Transformer Bank,RF-35,38.95102747,-104.7306955,25,50.2,29.6,same_feeder_ambiguous
1037142,23585,9300,9697,8,8,1,7,0.875,0.75,1.0,7,3,3,1.0,7541920587,5787 UNCOMPAHGRE ST,COLO SPGS,38.91612247,-104.7114134,12ST-1,-104.7114134,38.91612247,38.916097,-104.711432,3.3,False,PD15551,PD015551,12ST-21,UG Transformer Bank,RRV-30,38.91652306,-104.7114576,50,PD15425,PD015425,12ST-21,UG Transformer Bank,RRV-28,38.91587525,-104.7115726,25,44.7,30.7,same_feeder_ambiguous
1038670,9248,9198,10019,8,8,1,7,0.875,0.75,1.0,7,3,3,1.0,8529560219,6239 LA PLATA PEAK DR,COLO SPGS,38.91684748,-104.714912,12ST-1,-104.714912,38.91684748,38.91687,-104.714956,4.6,False,PD13225,PD013225,12ST-21,UG Transformer Bank,RRV-82,38.91662865,-104.714908,25,PD13725,PD013725,12ST-21,UG Transformer Bank,RRV-112,38.91715428,-104.7147208,50,24.3,37.9,same_feeder_ambiguous
1041827,7825,7870,10726,8,8,1,7,0.875,0.75,1.0,7,3,3,1.0,917569218,4259 RED DESERT PL,COLO SPGS,38.9310764,-104.7499984,13BG-1,-104.7499984,38.9310764,38.931032,-104.749922,8.2,False,PD13114,PD013114,13BG-1,UG Transformer Bank,RNW-56,38.93139726,-104.7499406,50,PD13115,PD013115,13BG-1,UG Transformer Bank,RNW-55,38.93094496,-104.7495406,25,36.0,42.2,same_feeder_ambiguous
1056174,265930,266235,11376,8,8,1,7,0.875,0.75,1.0,7,3,3,1.0,6480526377,6722 SILVER STAR LN,COLO SPGS,38.92931198,-104.6903942,12ST-22,-104.6903942,38.92931198,38.929278,-104.690384,3.9,False,PD101409,PD101409,12ST-22,UG Transformer Bank,RIRN-3,38.92880793,-104.6904268,25,PD101410,PD101410,12ST-22,UG Transformer Bank,RIRN-4,38.92926851,-104.6898352,50,56.1,48.6,same_feeder_ambiguous
1057413,14138,20530,13106,8,8,1,7,0.875,0.75,1.0,7,3,3,1.0,3044759072,"1506 MCARTHUR AVE, PHONE EQUIP",COLO SPGS,38.85438844,-104.7849832,12PJ-2,-104.7849832,38.85438844,38.854443,-104.784979,6.1,False,PD10535,PD010535,12PJ-2,UG Transformer Bank,CPPK-4,38.85495351,-104.7855872,150,OH11967,OH011967,12PJ-2,OH Transformer Bank,,38.85454991,-104.7842897,50,81.8,62.7,same_feeder_ambiguous
1059836,22069,22066,13356,8,8,1,7,0.875,0.75,1.0,7,3,3,1.0,1761420153,2527 WILLOW GLEN DR,COLO SPGS,38.97228821,-104.7796016,12KC-11,-104.7796016,38.97228821,38.972282,-104.779591,1.1,False,PD15880,PD015880,12KC-11,UG Transformer Bank,RPCGC-18,38.97198352,-104.7793367,25,PD14989,PD014989,12KC-11,UG Transformer Bank,RPCGC-20,38.97275162,-104.7798142,50,40.9,54.7,same_feeder_ambiguous
1061976,21998,21995,13530,8,8,1,7,0.875,0.75,1.0,7,3,3,1.0,1455923514,1890 QUEENS CANYON CT,COLO SPGS,39.00958145,-104.7950993,12NG-21,-104.7950993,39.00958145,39.009582,-104.795053,4.0,False,PD16491,PD016491,12NG-21,UG Transformer Bank,RTNG-41,39.00915236,-104.7944656,50,PD16492,PD016492,12NG-21,UG Transformer Bank,RTNG-40,39.00936895,-104.7954567,25,72.6,38.9,same_feeder_ambiguous
1060037,26242,26240,13810,8,8,1,7,0.875,0.75,1.0,7,3,3,1.0,4590781623,4177 VERNAL CIR,COLO SPGS,38.82446035,-104.7359991,13PV-4,-104.7359991,38.82446035,38.824435,-104.736031,3.9,False,PD7663,PD007663,13PV-4,UG Transformer Bank,RVSC-15,38.82461278,-104.7355368,25,PD7662,PD007662,13PV-4,UG Transformer Bank,RVSC-14,38.82463536,-104.73634,25,43.5,35.4,same_feeder_ambiguous
1059849,94047,3371,13952,8,8,1,7,0.875,0.75,1.0,7,3,3,1.0,5262979564,"124 STANFORD ST, PHONE EQUIP",COLO SPGS,38.83524038,-104.764639,12AR-2,-104.764639,38.83524038,38.835233,-104.764602,3.3,False,OH19238,OH019238,12AR-2,OH Transformer Bank,,38.83543942,-104.7653898,25,OH19231,OH019231,12AR-2,OH Transformer Bank,,38.83463103,-104.7658962,25,68.7,128.3,same_feeder_ambiguous
1083674,26240,26239,13998,8,8,1,7,0.875,0.75,1.0,7,3,3,1.0,139026665,4161 VERNAL CIR,COLO SPGS,38.82447234,-104.7368173,13PV-4,-104.7368173,38.82447234,38.824482,-104.73681,1.2,False,PD7662,PD007662,13PV-4,UG Transformer Bank,RVSC-14,38.82463536,-104.73634,25,PD7661,PD007661,13PV-4,UG Transformer Bank,RVSC-13,38.82468639,-104.7370939,25,45.1,33.8,same_feeder_ambiguous
1060208,15921,15922,14073,8,8,1,7,0.875,0.75,1.0,7,3,3,1.0,4604799696,523 WELSH CIR,COLO SPGS,38.82409559,-104.7455176,12PV-2,-104.7455176,38.82409559,38.824105,-104.74551,1.2,False,PD8224,PD008224,12PV-2,UG Transformer Bank,RTRA-22,38.82435505,-104.7452936,25,PD8225,PD008225,12PV-2,UG Transformer Bank,RTRA-23,38.82435667,-104.7458308,25,34.8,39.7,same_feeder_ambiguous
1061408,20666,181759,14383,8,8,1,7,0.875,0.75,1.0,7,3,3,1.0,7338230945,"2506 W SAINT VRAIN ST, B",COLO SPGS,38.85165578,-104.8586865,13Y-1,-104.8586865,38.85165578,38.851649,-104.858676,1.2,False,OH33247,OH033247,13Y-1,OH Transformer Bank,,38.85173374,-104.8582572,25,OH33244,OH033244,13Y-1,OH Transformer Bank,,38.85197016,-104.8587346,15,38.2,35.2,same_feeder_ambiguous
1068313,384031,383573,15594,8,8,1,7,0.875,0.75,1.0,7,3,3,1.0,9643521397,"11903 HAWK STONE DR, SPKG",COLO SPGS,39.00653234,-104.783801,12FH-13,-104.783801,39.00653234,39.006508,-104.783679,10.9,False,PD107889,PD107889,12FH-13,UG Transformer Bank,RFHP-14,39.00584416,-104.7843827,50,PD107470,PD107470,12FH-13,UG Transformer Bank,RFHP-2,39.00541974,-104.7833529,25,91.6,129.6,same_feeder_ambiguous
1070185,19111,19110,15805,8,8,1,7,0.875,0.75,1.0,7,3,3,1.0,6567457344,4160 SHELBE CT,COLO SPGS,38.76899999,-104.7506635,13KE-73,-104.7506635,38.76899999,38.768956,-104.750673,5.0,False,PD15626,PD015626,13KE-73,UG Transformer Bank,RBRA-76,38.76859455,-104.7502489,25,PD15025,PD015025,13KE-73,UG Transformer Bank,RBRA-77,38.76860899,-104.7509453,50,57.7,49.9,same_feeder_ambiguous
1074807,264003,264004,15994,8,8,1,7,0.875,0.75,1.0,7,3,3,1.0,173334778,4029 CREEK LEGEND VW,COLO SPGS,38.76233283,-104.7523467,12BY-33,-104.7523467,38.76233283,38.762299,-104.752337,3.9,False,PD23804,PD023804,12BY-33,UG Transformer Bank,RSC-137,38.76260536,-104.752328,25,PD23805,PD023805,12BY-33,UG Transformer Bank,RSC-138,38.76228161,-104.7528969,25,30.3,48.0,same_feeder_ambiguous
1079891,26311,26310,16948,8,8,1,7,0.875,0.75,1.0,7,3,3,1.0,9993906068,4218 GRASSY CT,COLO SPGS,38.8217134,-104.7483831,12PV-2,-104.7483831,38.8217134,38.821723,-104.748375,1.3,False,PD8871,PD008871,12PV-2,UG Transformer Bank,RTRA-42,38.82145946,-104.7487761,25,PD8870,PD008870,12PV-2,UG Transformer Bank,RTRA-41,38.82144169,-104.748157,25,44.2,36.0,same_feeder_ambiguous
1098110,20395,2005,17200,8,8,1,7,0.875,0.75,1.0,7,3,3,1.0,2787809283,1826 YUMA ST,COLO SPGS,38.8578852,-104.7767355,13RI-12,-104.7767355,38.8578852,38.858031,-104.777334,54.3,False,OH11518,OH011518,13RI-12,OH Transformer Bank,,38.85748035,-104.7766053,15,OH11303,OH011303,13RI-12,OH Transformer Bank,,38.8581391,-104.7778338,25,46.4,99.2,same_feeder_ambiguous
1075156,27407,27411,17544,8,8,1,7,0.875,0.75,1.0,7,3,3,1.0,3329729907,5045 HARRINGTON DR,COLO SPGS,38.75817443,-104.7305101,12BY-34,-104.7305101,38.75817443,38.758196,-104.730492,2.9,False,PD7781,PD007781,12BY-34,UG Transformer Bank,RFVR-45,38.75812158,-104.730851,25,PD7649,PD007649,12BY-34,UG Transformer Bank,RFVR-44,38.75786525,-104.730138,25,30.1,47.1,same_feeder_ambiguous
1078092,27043,27054,18218,8,8,1,7,0.875,0.75,1.0,7,3,3,1.0,1808167568,3205 TAIL SPIN DR,COLO SPGS,38.78542578,-104.7329996,12JW-1,-104.7329996,38.78542578,38.785418,-104.732989,1.3,False,PD14492,PD014492,12JW-1,UG Transformer Bank,RSO-14,38.78575042,-104.7330799,50,PD14493,PD014493,12JW-1,UG Transformer Bank,RSO-16,38.78537556,-104.7335673,25,36.8,49.5,same_feeder_ambiguous
1078103,145605,145606,18228,8,8,1,7,0.875,0.75,1.0,7,3,3,1.0,5843096887,3530 RED BARON DR,COLO SPGS,38.77983221,-104.732535,13KE-71,-104.732535,38.77983221,38.779825,-104.732525,1.2,False,PD17638,PD017638,13KE-71,UG Transformer Bank,RBS-34,38.78033761,-104.7325243,25,PD17637,PD017637,13KE-71,UG Transformer Bank,RBS-33,38.77958501,-104.7322583,25,56.2,36.5,same_feeder_ambiguous
1093244,18022,26992,18564,8,8,1,7,0.875,0.75,1.0,7,3,3,1.0,1523670946,4317 MOONBEAM DR,COLO SPGS,38.78756393,-104.7485564,13KE-73,-104.7485564,38.78756393,38.787589,-104.748551,2.8,False,UG13126,UG013126,13KE-73,UG Transformer Bank,RPH-11,38.78758346,-104.7483196,15,UG13131,UG013131,13KE-73,UG Transformer Bank,RPH-10,38.78757906,-104.748832,15,20.6,23.9,same_feeder_ambiguous
1083430,27286,27279,19663,8,8,1,7,0.875,0.75,1.0,7,3,3,1.0,2734516889,1533 S CANOE CREEK DR,COLO SPGS,38.76899442,-104.802088,12BY-32,-104.802088,38.76899442,38.769004,-104.80208,1.3,False,PD12723,PD012723,12BY-32,UG Transformer Bank,RCHM-91,38.76896571,-104.8015543,25,PD12724,PD012724,12BY-32,UG Transformer Bank,RCHM-92,38.76937841,-104.8022091,25,46.4,44.0,same_feeder_ambiguous
1089627,14360,14339,19813,8,8,1,7,0.875,0.75,1.0,7,3,3,1.0,7643665188,"1210 SOARING EAGLE DR, SPKG",COLO SPGS,38.85115995,-104.7044036,12PF-5,-104.7044036,38.85115995,38.851154,-104.704394,1.1,False,PD2632,PD002632,12PF-5,UG Transformer Bank,RCN-160,38.85117481,-104.7042975,25,PD2631,PD002631,12PF-5,UG Transformer Bank,RCN-149,38.85141245,-104.7046157,25,9.3,33.6,same_feeder_ambiguous
1088661,14558,14744,20156,8,8,1,7,0.875,0.75,1.0,7,3,3,1.0,283158331,1095 WESTERN DR LOT 11,COLO SPGS,38.84941967,-104.6958277,12CL-13,-104.6958277,38.84941967,38.847048,-104.695402,266.3,True,UG5772,UG005772,12CL-13,UG Transformer Bank,MCH-42,38.84903729,-104.6960035,25,UG5753,UG005753,12CL-13,UG Transformer Bank,MCH-11,38.84707288,-104.6952867,25,45.2,265.1,same_feeder_ambiguous
1093365,18338,18374,21087,8,8,1,7,0.875,0.75,1.0,7,3,3,1.0,341747427,3455 COLONY HILLS LN,COLO SPGS,38.78240781,-104.7536293,13KE-73,-104.7536293,38.78240781,38.782437,-104.753628,3.2,False,UG14588,UG014588,13KE-73,UG Transformer Bank,RCHS-3,38.782581,-104.7539752,25,UG14586,UG014586,13KE-73,UG Transformer Bank,RCHS-4,38.78212666,-104.7534526,25,35.6,34.8,same_feeder_ambiguous
1186217,19239,27317,21346,8,8,1,7,0.875,0.75,1.0,7,3,3,1.0,3422710174,230 CHATHAM DR,COLO SPGS,38.76692267,-104.8244311,13SR-1,-104.8244311,38.76692267,38.766957,-104.824422,3.9,False,PD12621,PD012621,13SR-1,UG Transformer Bank,RBBP-35,38.76711548,-104.8247382,50,PD12620,PD012620,13SR-1,UG Transformer Bank,RBBP-39,38.76676282,-104.8243476,50,34.2,19.2,same_feeder_ambiguous
1096000,390699,396060,22153,8,8,1,7,0.875,0.75,1.0,7,3,3,1.0,2800972026,1258 ALMAGRE HTS,COLO SPGS,38.88286605,-104.8511889,12FT-1,-104.8511889,38.88286605,38.882858,-104.85121,2.0,False,PD108349,PD108349,12FT-1,UG Transformer Bank,RRR-8,38.88262459,-104.8511868,25,UG128697,UG128697,12FT-1,UG Transformer Bank,RRR-17,38.88263963,-104.8503563,25,26.8,76.3,same_feeder_ambiguous
1132492,391359,391357,22261,8,8,1,7,0.875,0.75,1.0,7,3,3,1.0,8315878761,"3016 VIRGA LOOP, STLITE",COLO SPGS,38.87683317,-104.8523203,12FT-1,-104.8523203,38.87683317,38.876818,-104.852292,3.0,False,PD108939,PD108939,12FT-1,UG Transformer Bank,RRRP-7,38.87697055,-104.8523311,25,PD108941,PD108941,12FT-1,UG Transformer Bank,RRRP-5,38.87607243,-104.8516246,25,15.3,103.8,same_feeder_ambiguous
1199153,12380,12375,22563,8,8,1,7,0.875,0.75,1.0,7,3,3,1.0,2146180086,5726 HERMIT PASS DR,COLO SPGS,38.88124793,-104.7218611,13PR-3,-104.7218611,38.88124793,38.881267,-104.721787,6.8,False,PD5236,PD005236,13PR-3,UG Transformer Bank,RCC-58,38.88111261,-104.7216564,25,PD5237,PD005237,13PR-3,UG Transformer Bank,RCC-59,38.88117779,-104.7221891,25,23.2,29.4,same_feeder_ambiguous
1101192,37734,37733,23422,8,8,1,7,0.875,0.75,1.0,7,3,3,1.0,9850870968,3673 VENICE GRV,COLO SPGS,38.81924584,-104.7618736,13KE-62,-104.7618736,38.81924584,38.819239,-104.761863,1.2,False,PD19909,PD019909,13KE-62,UG Transformer Bank,RSUN-8,38.81936895,-104.7618062,25,PD19908,PD019908,13KE-62,UG Transformer Bank,RSUN-7,38.81931077,-104.762083,25,14.9,19.5,same_feeder_ambiguous
1102271,16923,16961,23679,8,8,1,7,0.875,0.75,1.0,7,3,3,1.0,4886576372,1923 COPPER CREEK DR,COLO SPGS,38.80451604,-104.7774394,13KE-72,-104.7774394,38.80451604,38.804489,-104.777454,3.3,False,PD6744,PD006744,13KE-72,UG Transformer Bank,RCCR-3,38.80476103,-104.7773632,25,PD6351,PD006351,13KE-72,UG Transformer Bank,RCCR-2,38.80431999,-104.7777301,25,28.0,33.3,same_feeder_ambiguous
1116653,13710,13656,25713,8,8,1,7,0.875,0.75,1.0,7,3,3,1.0,7456007337,2120 CRYSTAL RIVER DR,COLO SPGS,38.86250056,-104.7272945,12PR-1,-104.7272945,38.86250056,38.862522,-104.72727,3.2,False,PD3446,PD003446,12PR-1,UG Transformer Bank,RVL-183,38.86208045,-104.7270717,25,PD3996,PD003996,12PR-1,UG Transformer Bank,RVL-191,38.86320127,-104.7272734,25,50.5,77.9,same_feeder_ambiguous
1147446,2833,20942,25860,8,8,1,7,0.875,0.75,1.0,7,3,3,1.0,607336554,2612 1/2 E DALE ST,COLO SPGS,38.84381138,-104.779435,13RI-1,-104.779435,38.84381138,38.843827,-104.779398,3.6,False,OH14353,OH014353,13RI-1,OH Transformer Bank,,38.84351356,-104.779395,25,OH14329,OH014329,13RI-1,OH Transformer Bank,,38.8443488,-104.779401,50,33.3,59.8,same_feeder_ambiguous
1114013,25505,25508,25991,8,8,1,7,0.875,0.75,1.0,7,3,3,1.0,4777169987,2030 DEVON ST,COLO SPGS,38.86292141,-104.7515429,13RI-9,-104.7515429,38.86292141,38.862922,-104.751567,2.1,False,UG10949,UG010949,13RI-9,UG Transformer Bank,RNH-24,38.86321341,-104.7518205,25,UG10948,UG010948,13RI-9,UG Transformer Bank,RNH-23,38.86262594,-104.7518818,25,40.4,44.1,same_feeder_ambiguous
1154281,2408,473020,26694,8,8,1,7,0.875,0.75,1.0,7,3,3,1.0,1343505267,8940 KITSON PT,COLO SPGS,38.91473817,-104.6612762,12FR-32,-104.6612762,38.91473817,38.914731,-104.661266,1.2,False,OH11945,OH011945,13RI-12,OH Transformer Bank,,38.85318358,-104.783842,25,PD109041,PD109041,12FR-32,UG Transformer Bank,RBLR37-15,38.91415707,-104.6621236,25,12625.2,97.7,cross_feeder_likely_gis_error
1119131,425115,429851,26703,8,8,1,7,0.875,0.75,1.0,7,3,3,1.0,1369353953,5748 DAKAN LOOP,COLO SPGS,38.91432674,-104.6574205,12FR-32,-104.6574205,38.91432674,38.91432,-104.657412,1.1,False,PD108044,PD108044,12KC-42,UG Transformer Bank,RBLR54-10,38.91462691,-104.6570031,25,PD108843,PD108843,12FR-32,UG Transformer Bank,RBLR54-5,38.91402426,-104.6573893,25,49.2,33.7,same_feeder_ambiguous
1142982,25513,155515,27258,8,8,1,7,0.875,0.75,1.0,7,3,3,1.0,884066652,"1998 N ACADEMY BLVD, PHONE EQUIP",COLO SPGS,38.86174807,-104.7576031,13RI-2,-104.7576031,38.86174807,38.861717,-104.757679,7.4,False,PD16346,PD016346,13RI-2,UG Transformer Bank,CCOC-2,38.86252798,-104.757639,150,PD16899,PD016899,13RI-2,UG Transformer Bank,RCT-11,38.86287901,-104.7584787,25,86.8,146.8,same_feeder_ambiguous
1123169,12869,12870,27459,8,8,1,7,0.875,0.75,1.0,7,3,3,1.0,6234649187,3100 WOOD AVE LOT F5,COLO SPGS,38.87585132,-104.8249982,13NP-2,-104.8249982,38.87585132,38.875886,-104.824988,4.0,False,PD4342,PD004342,13NP-2,UG Transformer Bank,MNW-11,38.87608672,-104.8247134,25,PD4341,PD004341,13NP-2,UG Transformer Bank,MNW-10,38.87609924,-104.8251239,25,36.0,29.6,same_feeder_ambiguous
1206755,14373,25723,28303,8,8,1,7,0.875,0.75,1.0,7,3,3,1.0,5127180490,937 COLUMBINE AVE,COLO SPGS,38.8522284,-104.850864,13Y-1,-104.850864,38.8522284,38.85226,-104.850856,3.6,False,PD9771,PD009771,13Y-1,UG Transformer Bank,RBRK-5,38.8519184,-104.8511746,25,PD9772,PD009772,13Y-1,UG Transformer Bank,RBRK-4,38.8524695,-104.851184,25,43.7,38.6,same_feeder_ambiguous
1127612,21407,21400,28687,8,8,1,7,0.875,0.75,1.0,7,3,3,1.0,630335044,122 TULANE ST,COLO SPGS,38.8288926,-104.763571,12EG-2,-104.763571,38.8288926,38.82892,-104.763559,3.2,False,OH20930,OH020930,12EG-2,OH Transformer Bank,,38.82863198,-104.7635057,25,OH20928,OH020928,12EG-2,OH Transformer Bank,,38.82891217,-104.764223,25,29.5,56.5,same_feeder_ambiguous
1154340,17363,17409,28891,8,8,1,7,0.875,0.75,1.0,7,3,3,1.0,2219768593,2840 S CIRCLE DR LOT 510,COLO SPGS,38.79720408,-104.7898383,13HK-2,-104.7898383,38.79720408,38.797235,-104.789818,3.9,False,UG10326,UG010326,13HK-2,UG Transformer Bank,MGV-23,38.79764284,-104.7901877,25,UG10324,UG010324,13HK-2,UG Transformer Bank,MGV-24,38.79696669,-104.7897342,25,57.4,27.9,same_feeder_ambiguous
1299023,7285,7306,29179,8,8,1,7,0.875,0.75,1.0,7,3,3,1.0,2878811367,1930 CHATEAU POINT CT,COLO SPGS,38.93878552,-104.8660748,12OV-2,-104.8660748,38.93878552,38.938816,-104.866078,3.4,False,PD528,PD000528,12OV-2,UG Transformer Bank,RHUP-17,38.93909092,-104.8656942,25,PD529,PD000529,12OV-2,UG Transformer Bank,RHUP-18,38.93873801,-104.8663374,50,47.3,23.3,same_feeder_ambiguous
1283075,7359,7373,29192,8,8,1,7,0.875,0.75,1.0,7,3,3,1.0,3762870547,7370 JULYNN RD,COLO SPGS,38.93742968,-104.8765307,12OV-2,-104.8765307,38.93742968,38.937438,-104.876591,5.3,False,PD5490,PD005490,12OV-2,UG Transformer Bank,RLOS-45,38.93771671,-104.8762799,25,PD5489,PD005489,12OV-2,UG Transformer Bank,RLOS-44,38.93737421,-104.8761653,25,38.6,32.2,same_feeder_ambiguous
1282871,153292,2112,29589,8,8,1,7,0.875,0.75,1.0,7,3,3,1.0,5262983066,740 MANITOU AVE,MANITOU,38.85754148,-104.9156769,12HY-1,-104.9156769,38.85754148,38.857657,-104.915854,20.0,False,UG28166,UG028166,12HY-1,UG Transformer Bank,CMAR-23,38.85742161,-104.9154078,50,OH45876,OH045876,12HY-1,OH Transformer Bank,,38.85773681,-104.9153549,100,26.8,35.3,same_feeder_ambiguous
1303867,6910,6890,30774,8,8,1,7,0.875,0.75,1.0,7,3,3,1.0,9993831527,2920 RHAPSODY DR,COLO SPGS,38.94503747,-104.7715124,13CW-11,-104.7715124,38.94503747,38.945041,-104.771485,2.4,False,PD4510,PD004510,13CW-11,UG Transformer Bank,RBGT-114,38.9451747,-104.7716633,25,PD3944,PD003944,13CW-11,UG Transformer Bank,RBGT-113,38.94557322,-104.771171,25,20.1,66.5,same_feeder_ambiguous
1136190,8501,8681,31344,8,8,1,7,0.875,0.75,1.0,7,3,3,1.0,1930275132,"2090 TYRONE DR, JCTBX",COLO SPGS,38.92432937,-104.8659468,12OV-2,-104.8659468,38.92432937,38.924301,-104.8659,5.1,False,PD1965,PD001965,12OV-2,UG Transformer Bank,RMOS-87,38.92491266,-104.866259,25,PD900,PD000900,12WR-2,UG Transformer Bank,RMOS-6,38.92317731,-104.8659063,50,70.3,128.2,cross_feeder_likely_gis_error
1298458,21703,4923,31735,8,8,1,7,0.875,0.75,1.0,7,3,3,1.0,8539324286,2020 RIDGEWAY AVE,COLO SPGS,38.79214017,-104.8632356,13BR-3,-104.8632356,38.79214017,38.792134,-104.863226,1.1,False,OH29328,OH029328,13BR-3,OH Transformer Bank,,38.7923206,-104.8626426,25,OH28991,OH028991,13BR-3,OH Transformer Bank,,38.79185094,-104.8632986,25,55.2,32.6,same_feeder_ambiguous
1152942,19438,27362,34026,8,8,1,7,0.875,0.75,1.0,7,3,3,1.0,8712575844,"4649 STONE MANOR HTS, CV",COLO SPGS,38.76183298,-104.8417768,12JL-2,-104.8417768,38.76183298,38.761977,-104.841735,16.4,False,PD15779,PD015779,12JL-2,UG Transformer Bank,RBRR-33,38.76118113,-104.8415964,25,PD14629,PD014629,12JL-2,UG Transformer Bank,RBRR-22,38.76240541,-104.8416766,50,74.2,64.2,same_feeder_ambiguous
1156715,84768,20436,34910,8,8,1,7,0.875,0.75,1.0,7,3,3,1.0,5656438962,2546 MOUNT VERNON ST,COLO SPGS,38.85573875,-104.7822047,12PJ-2,-104.7822047,38.85573875,38.856135,-104.782104,44.9,False,OH12235,OH012235,12PJ-2,OH Transformer Bank,,38.85560426,-104.7820834,25,OH33968,OH033968,12PJ-2,OH Transformer Bank,,38.85649425,-104.7817845,25,18.3,91.5,same_feeder_ambiguous
1187329,26227,26204,36083,8,8,1,7,0.875,0.75,1.0,7,3,3,1.0,6675342122,435 GOLD CLAIM TER,COLO SPGS,38.82614095,-104.8529081,13FV-2,-104.8529081,38.82614095,38.826208,-104.852951,8.3,False,PD16366,PD016366,13FV-2,UG Transformer Bank,RCHMS-9,38.82597236,-104.8537517,50,PD16365,PD016365,13FV-2,UG Transformer Bank,RCHMS-8,38.82675244,-104.8525515,50,75.4,74.7,same_feeder_ambiguous
1208547,13393,13431,36850,8,8,1,7,0.875,0.75,1.0,7,3,3,1.0,4643064362,2522 FARRAGUT CIR,COLO SPGS,38.8689032,-104.8022314,12PJ-1,-104.8022314,38.8689032,38.868936,-104.802207,4.2,False,UG11279,UG011279,12PJ-1,UG Transformer Bank,RTG-3,38.86942381,-104.8021763,25,UG11390,UG011390,12PJ-1,UG Transformer Bank,RTG-2,38.86883287,-104.8028614,25,58.1,55.1,same_feeder_ambiguous
1221052,12580,12578,36888,8,8,1,7,0.875,0.75,1.0,7,3,3,1.0,8093128431,1550 SAUSALITO DR,COLO SPGS,38.87981276,-104.7986491,13NP-3,-104.7986491,38.87981276,38.879845,-104.798643,3.6,False,PD6899,PD006899,13NP-3,UG Transformer Bank,RCV-12,38.87959229,-104.7990556,25,PD6401,PD006401,13NP-3,UG Transformer Bank,RCV-11,38.8795856,-104.7984475,25,42.9,30.7,same_feeder_ambiguous
1206100,25808,25819,38099,8,8,1,7,0.875,0.75,1.0,7,3,3,1.0,5578797808,1620 GATEHOUSE CIR N APT 104,COLO SPGS,38.84988815,-104.8456507,13Y-1,-104.8456507,38.84988815,38.849831,-104.845228,37.2,False,PD9792,PD009792,13Y-1,UG Transformer Bank,VAK-19,38.84995783,-104.845449,100,PD9774,PD009774,13Y-1,UG Transformer Bank,VAK-9,38.84957695,-104.8455119,100,19.1,36.6,same_feeder_ambiguous
1183710,26015,2943,39232,8,8,1,7,0.875,0.75,1.0,7,3,3,1.0,885748010,527 N TEJON ST,COLO SPGS,38.84201841,-104.8227989,12FT-2,-104.8227989,38.84201841,38.842028,-104.822733,5.8,False,PD8251,PD008251,12FT-2,UG Transformer Bank,CJEC-1,38.84195377,-104.8229052,75,OH22401,OH022401,12FT-2,OH Transformer Bank,,38.84170624,-104.8221301,75,11.7,67.5,same_feeder_ambiguous
1190628,4456,4463,39621,8,8,1,7,0.875,0.75,1.0,7,3,3,1.0,6195367187,215 LACLEDE CT,COLO SPGS,38.80779571,-104.832046,12SP-35,-104.832046,38.80779571,38.807236,-104.832887,95.8,False,OH27377,OH027377,12SP-35,OH Transformer Bank,,38.80767507,-104.8319123,25,OH27381,OH027381,12SP-35,OH Transformer Bank,,38.80741634,-104.832513,25,17.7,58.5,same_feeder_ambiguous
1197147,11212,11190,41009,8,8,1,7,0.875,0.75,1.0,7,3,3,1.0,6381979421,415 EDGEWOOD DR,COLO SPGS,38.89423498,-104.810738,13NP-1,-104.810738,38.89423498,38.894269,-104.810736,3.8,False,UG11210,UG011210,13NP-1,UG Transformer Bank,RCS-11,38.89403064,-104.8111096,25,UG11211,UG011211,13NP-1,UG Transformer Bank,RCS-10,38.89420767,-104.8101943,50,39.4,47.2,same_feeder_ambiguous
1211057,24533,11168,41080,8,8,1,7,0.875,0.75,1.0,7,3,3,1.0,1643261723,407 LOCUST DR,COLO SPGS,38.89480843,-104.8115694,13NP-1,-104.8115694,38.89480843,38.894834,-104.811569,2.8,False,UG11149,UG011149,13NP-1,UG Transformer Bank,RCS-13,38.8945684,-104.8118571,25,UG11208,UG011208,13NP-1,UG Transformer Bank,RCS-14,38.89468268,-104.8111151,25,36.5,41.7,same_feeder_ambiguous
1227244,9183,9164,41198,8,8,1,7,0.875,0.75,1.0,7,3,3,1.0,7856386222,3590 SUMMER BREEZE DR,COLO SPGS,38.91765366,-104.7593692,12AP-3,-104.7593692,38.91765366,38.917686,-104.759423,5.9,False,UG1895,UG001895,12AP-3,UG Transformer Bank,RN-10,38.91756759,-104.7594545,25,PD2448,PD002448,12AP-3,UG Transformer Bank,RN-15,38.91783814,-104.759728,25,12.1,37.2,same_feeder_ambiguous
1198914,9544,9598,41542,8,8,1,7,0.875,0.75,1.0,7,3,3,1.0,9745578184,5513 SADDLE ROCK TRL,COLO SPGS,38.91231308,-104.7558923,13CW-12,-104.7558923,38.91231308,38.912339,-104.755884,3.0,False,UG827,UG000827,13CW-12,UG Transformer Bank,RSR-35,38.91261326,-104.7561589,50,UG828,UG000828,13CW-12,UG Transformer Bank,RSR-34,38.9119751,-104.755927,25,40.6,37.7,same_feeder_ambiguous
1210400,13487,25423,43208,8,8,1,7,0.875,0.75,1.0,7,3,3,1.0,5967827783,2416 SAN CARLOS CIR,COLO SPGS,38.86779324,-104.7748,13RI-2,-104.7748,38.86779324,38.867826,-104.774791,3.7,False,UG10180,UG010180,13RI-2,UG Transformer Bank,RSL-1,38.86736035,-104.7749828,25,UG10181,UG010181,13RI-2,UG Transformer Bank,RSL-2,38.86805944,-104.7749391,25,50.7,32.0,same_feeder_ambiguous
1223022,11180,11192,43453,8,8,1,7,0.875,0.75,1.0,7,3,3,1.0,8251986276,2390 ROYAL PALM DR,COLO SPGS,38.89440708,-104.7870325,12C-3,-104.7870325,38.89440708,38.894518,-104.787094,13.4,False,PD8551,PD008551,12C-3,UG Transformer Bank,RDT-28,38.89444181,-104.7863611,25,PD10473,PD010473,12C-3,UG Transformer Bank,RDT-29,38.89410522,-104.7872117,25,58.2,37.0,same_feeder_ambiguous
1219898,18564,18543,44708,8,8,1,7,0.875,0.75,1.0,7,3,3,1.0,1742478714,556 KEARNEY AVE S,COLO SPGS,38.77812111,-104.789194,12BY-31,-104.789194,38.77812111,38.778236,-104.789204,12.8,False,PD11523,PD011523,12BY-31,UG Transformer Bank,RWMM-6,38.77782584,-104.789565,25,PD11524,PD011524,12BY-31,UG Transformer Bank,RWMM-5,38.7782323,-104.7886735,25,46.0,46.8,same_feeder_ambiguous
1227480,23228,23262,45953,8,8,1,7,0.875,0.75,1.0,7,3,3,1.0,7094312378,6310 MONTARBOR DR,COLO SPGS,38.92267809,-104.7646104,12AP-3,-104.7646104,38.92267809,38.9227,-104.764599,2.6,False,PD2423,PD002423,12AP-3,UG Transformer Bank,RN-32,38.92304605,-104.7644634,25,PD2422,PD002422,12AP-3,UG Transformer Bank,RN-31,38.92237444,-104.7644062,25,42.8,38.1,same_feeder_ambiguous
1285887,9398,9369,47187,8,8,1,7,0.875,0.75,1.0,7,3,3,1.0,8724723941,"5695 WILSON RD, SPKG",COLO SPGS,38.91570233,-104.8736086,13IP-3,-104.8736086,38.91570233,38.915663,-104.873613,4.4,False,PD13652,PD013652,13IP-3,UG Transformer Bank,RMSV-14,38.91543065,-104.8745986,50,PD12736,PD012736,12WR-2,UG Transformer Bank,RMOS-144,38.91581408,-104.8730758,50,90.8,47.7,cross_feeder_likely_gis_error
1267984,78049,78047,47663,8,8,1,7,0.875,0.75,1.0,7,3,3,1.0,7516797235,4022 STAR VW,COLO SPGS,38.89042954,-104.8470197,13HL-2,-104.8470197,38.89042954,38.890422,-104.847009,1.2,False,PD21258,PD021258,13HL-2,UG Transformer Bank,RCVT-14,38.89067186,-104.8471918,25,PD21256,PD021256,13HL-2,UG Transformer Bank,RCVT-12,38.89058022,-104.847426,25,30.8,39.0,same_feeder_ambiguous
1268625,11587,11596,47715,8,8,1,7,0.875,0.75,1.0,7,3,3,1.0,6964339082,1560 CHESHAM CIR,COLO SPGS,38.88931489,-104.8526392,13HL-1,-104.8526392,38.88931489,38.889325,-104.852631,1.3,False,PD2239,PD002239,13HL-1,UG Transformer Bank,RCG-2,38.88958746,-104.8522171,25,PD2240,PD002240,13HL-1,UG Transformer Bank,RCG-3,38.88954231,-104.8529186,25,47.5,35.0,same_feeder_ambiguous
1272316,11371,11348,47822,8,8,1,7,0.875,0.75,1.0,7,3,3,1.0,6125987177,1105 TULIP PL,COLO SPGS,38.8922727,-104.8450846,13HL-1,-104.8450846,38.8922727,38.8923,-104.845061,3.7,False,UG69,UG000069,13HL-1,UG Transformer Bank,RHP-7,38.89195489,-104.8453926,37.5,UG56,UG000056,13HL-1,UG Transformer Bank,RHP-3,38.89226671,-104.8445104,25,44.3,49.7,same_feeder_ambiguous
1301538,6101,6173,48541,8,8,1,7,0.875,0.75,1.0,7,3,3,1.0,1236719811,"8697 SUMMERSET DR, SPKG",COLO SPGS,38.95938139,-104.7773777,12KC-11,-104.7773777,38.95938139,38.958859,-104.777298,58.5,False,PD5551,PD005551,12KC-11,UG Transformer Bank,RSFD-23,38.95982024,-104.7769852,25,PD3783,PD003783,13CW-3,UG Transformer Bank,RWAB-34,38.9579337,-104.7769847,25,59.4,164.5,cross_feeder_likely_gis_error
1278064,2112,2085,49535,8,8,1,7,0.875,0.75,1.0,7,3,3,1.0,7297861632,119 LOVERS LN APT A,MANITOU,38.85799365,-104.9146926,12HY-1,-104.9146926,38.85799365,38.858018,-104.914737,4.7,False,OH45876,OH045876,12HY-1,OH Transformer Bank,,38.85773681,-104.9153549,100,OH48310,OH048310,12HY-1,OH Transformer Bank,,38.85816552,-104.9151607,25,64.1,44.8,same_feeder_ambiguous
1302587,6568,6564,49910,8,8,1,7,0.875,0.75,1.0,7,3,3,1.0,6502360736,3150 SOARING BIRD CIR,COLO SPGS,38.95077526,-104.7700595,13CW-11,-104.7700595,38.95077526,38.950787,-104.770042,2.0,False,PD3732,PD003732,13CW-11,UG Transformer Bank,RCFT-7,38.9505564,-104.7699633,25,PD14880,PD014880,13CW-11,UG Transformer Bank,RCFT-8,38.95071191,-104.7704025,25,25.7,30.5,same_feeder_ambiguous
1297867,7642,22847,51958,8,8,1,7,0.875,0.75,1.0,7,3,3,1.0,9576566855,7105 GREY FEATHER CT,COLO SPGS,38.9337952,-104.8704677,12OV-2,-104.8704677,38.9337952,38.933795,-104.870451,1.4,False,PD486,PD000486,12OV-2,UG Transformer Bank,ROV-22,38.93395199,-104.8708506,25,PD485,PD000485,12OV-2,UG Transformer Bank,ROV-23,38.93365235,-104.8697774,25,37.4,61.8,same_feeder_ambiguous
1300010,17014,26609,52132,8,8,1,7,0.875,0.75,1.0,7,3,3,1.0,9990794789,1875 PRESIDENTIAL HTS APT 1127,COLO SPGS,38.80339919,-104.8540403,12SP-34,-104.8540403,38.80339919,38.803502,-104.853499,48.3,False,PD14623,PD014623,12SP-34,UG Transformer Bank,CJCM-3,38.80352294,-104.8540583,50,PD14612,PD014612,12SP-34,UG Transformer Bank,CJCM-9,38.80369953,-104.8527687,75,13.8,115.1,same_feeder_ambiguous
1078423,,10123,18290,5,4,0,3,0.75,0.75,1.0,4,3,3,1.0,1217136597,5017 CRESTWOOD DR,COLO SPGS,38.9048144,-104.7636419,,-104.7636419,38.9048144,38.904808,-104.763631,1.2,False,,,,,,,,,UG4012,UG004012,13CW-12,UG Transformer Bank,RVG-138,38.90542295,-104.7628116,25,,98.7,new_assignment
1132264,,19395,21250,5,4,0,3,0.75,0.75,1.0,4,3,3,1.0,2797804709,,,38.76312625,-104.8370662,,-104.8370662,38.76312625,38.763119,-104.837056,1.2,False,,,,,,,,,PD14635,PD014635,12JL-2,UG Transformer Bank,RBRR-29,38.76322937,-104.8376067,25,,48.2,new_assignment
1112474,14625,25871,1123,15,15,1,12,0.8,0.7333,1.0,14,3,3,1.0,9071470733,"5102 GALLEY RD, PRKLTS",COLO SPGS,38.84864388,-104.7356069,13PV-3,-104.7356069,38.84864388,38.848554,-104.735685,12.1,False,UG5045,UG005045,13PV-3,UG Transformer Bank,MCP-4,38.84866131,-104.7356912,37.5,UG5067,UG005067,13PV-3,UG Transformer Bank,MCP-9,38.84765256,-104.7355091,25,7.6,110.6,same_feeder_ambiguous
1029839,278084,278085,7946,11,11,1,9,0.8182,0.7273,1.0,10,3,3,1.0,5087351518,4604 PORTILLO PL,COLO SPGS,38.97634514,-104.7421298,12KC-42,-104.7421298,38.97634514,38.976338,-104.742119,1.2,False,PD101995,PD101995,12KC-44,UG Transformer Bank,RC3-3,38.97658238,-104.7415664,50,PD101996,PD101996,12KC-44,UG Transformer Bank,RC3-4,38.97655352,-104.7428118,50,55.4,63.3,same_feeder_ambiguous
1029873,278086,278085,7946,11,11,1,9,0.8182,0.7273,1.0,10,3,3,1.0,1138478059,4683 PORTILLO PL,COLO SPGS,38.97688248,-104.7433013,12KC-42,-104.7433013,38.97688248,38.976876,-104.743291,1.1,False,PD101997,PD101997,12KC-44,UG Transformer Bank,RC3-5,38.9766556,-104.7436542,50,PD101996,PD101996,12KC-44,UG Transformer Bank,RC3-4,38.97655352,-104.7428118,50,39.6,55.9,same_feeder_ambiguous
1035436,344337,343441,9315,14,14,2,12,0.8571,0.7143,1.0,13,3,3,1.0,3005362211,4771 ROMAN CANDLE PT APT 306,COLO SPGS,38.90034619,-104.721346,12AP-2,-104.721346,38.90034619,38.899837,-104.721455,57.4,False,PD103823,PD103823,12AP-2,UG Transformer Bank,CEAPT-17,38.90049533,-104.721379,50,PD103767,PD103767,12AP-2,UG Transformer Bank,CEAPT-10,38.89999302,-104.7213818,50,16.8,39.4,same_feeder_ambiguous
1035435,344337,343441,9315,14,14,2,12,0.8571,0.7143,1.0,13,3,3,1.0,2103728172,4771 ROMAN CANDLE PT APT 305,COLO SPGS,38.90031873,-104.7213463,12AP-2,-104.7213463,38.90031873,38.899837,-104.721455,54.4,False,PD103823,PD103823,12AP-2,UG Transformer Bank,CEAPT-17,38.90049533,-104.721379,50,PD103767,PD103767,12AP-2,UG Transformer Bank,CEAPT-10,38.89999302,-104.7213818,50,19.8,36.3,same_feeder_ambiguous
1012979,13395,13414,51,7,7,1,6,0.8571,0.7143,1.0,6,3,3,1.0,3577143163,"1383 PIROS DR, TRF SG",COLO SPGS,38.86813814,-104.7076076,12CL-11,-104.7076076,38.86813814,38.868241,-104.70794,31.0,False,PD7761,PD007761,12CL-11,UG Transformer Bank,RCHN-82,38.86865823,-104.7076796,50,PD3392,PD003392,13PR-4,UG Transformer Bank,RCHN-2,38.86846003,-104.7083465,25,58.2,73.3,cross_feeder_likely_gis_error
1000803,236,19796,181,7,7,1,6,0.8571,0.7143,1.0,6,3,3,1.0,4269494559,11115 MIDLAND AVE,GN MTN FLS,38.93647905,-105.0264245,12GM-4,-105.0264245,38.93647905,38.936446,-105.026258,14.9,False,OH49399,OH049399,12GM-4,OH Transformer Bank,,38.9368927,-105.0261027,15,OH49172,OH049172,12GM-4,OH Transformer Bank,,38.93471123,-105.0269114,15,53.8,201.0,same_feeder_ambiguous
1009259,359723,359732,255,7,7,1,6,0.8571,0.7143,1.0,6,3,3,1.0,7097162242,4394 PRAIRIE AGATE DR,COLO SPGS,38.89581567,-104.6753083,12ST-23,-104.6753083,38.89581567,38.895809,-104.675298,1.2,False,PD104785,PD104785,12ST-23,UG Transformer Bank,REMV-34,38.89555432,-104.6751395,25,PD104781,PD104781,12ST-23,UG Transformer Bank,REMV-32,38.89586078,-104.6758034,50,32.5,43.1,same_feeder_ambiguous
1000970,10502,24265,269,7,7,1,6,0.8571,0.7143,1.0,6,3,3,1.0,9889060547,4725 FINDON PL,COLO SPGS,38.90106008,-104.7129387,12ST-1,-104.7129387,38.90106008,38.901031,-104.712933,3.3,False,PD15215,PD015215,12ST-21,UG Transformer Bank,RSHR-213,38.90110986,-104.7133707,25,PD14669,PD014669,12ST-21,UG Transformer Bank,RSHR-216,38.90100968,-104.7127313,25,37.8,18.8,same_feeder_ambiguous
1001938,157,205,383,7,7,1,6,0.8571,0.7143,1.0,6,3,3,1.0,915872956,10620 GRAND VIEW AVE,GN MTN FLS,38.9378196,-105.0170597,12GM-4,-105.0170597,38.9378196,38.937854,-105.017049,3.9,False,OH49123,OH049123,12GM-4,OH Transformer Bank,,38.93966955,-105.0169827,25,OH49108,OH049108,12GM-4,OH Transformer Bank,,38.93760613,-105.0164783,15,205.8,55.6,same_feeder_ambiguous
1127600,178568,272956,735,7,7,1,6,0.8571,0.7143,1.0,6,3,3,1.0,1962309946,"44 NORTH GATE BLVD, SMITH CREEK LIFT STATION",COLO SPGS,39.03047659,-104.8261655,12FH-12,-104.8261655,39.03047659,39.030508,-104.826167,3.5,False,PD22314,PD022314,12FH-12,UG Transformer Bank,CMVS-1,39.03062348,-104.8261936,25,PD101642,PD101642,12FH-12,UG Transformer Bank,RMORN-1,39.03179107,-104.8257158,50,16.5,151.2,same_feeder_ambiguous
1027818,8288,8252,898,7,7,1,6,0.8571,0.7143,1.0,6,3,3,1.0,285644029,6610 WHEREABOUT CT,COLO SPGS,38.92648556,-104.7260352,12AP-1,-104.7260352,38.92648556,38.926416,-104.725998,8.4,False,PD15412,PD015412,12AP-1,UG Transformer Bank,RSU-51,38.9262352,-104.7259592,10,PD15413,PD015413,12AP-1,UG Transformer Bank,RSU-52,38.92658517,-104.7258787,25,28.6,17.5,same_feeder_ambiguous
1099283,370422,17063,969,7,7,1,6,0.8571,0.7143,1.0,6,3,3,1.0,9143821850,"2143 S CHELTON RD, CELLSITE",COLO SPGS,38.80345139,-104.7426606,13KE-64,-104.7426606,38.80345139,38.803379,-104.742648,8.1,False,PD106016,PD106016,13KE-64,UG Transformer Bank,CVW-5,38.8033316,-104.7426954,25,UG13499,UG013499,13KE-64,UG Transformer Bank,RB-30,38.80226985,-104.7427903,25,13.7,131.9,same_feeder_ambiguous
1005893,19701,19692,1238,7,7,1,6,0.8571,0.7143,1.0,6,3,3,1.0,8437988483,8160 PIUTE RD LOT A14,COLO SPGS,38.71401798,-104.8243878,12JL-1,-104.8243878,38.71401798,38.714048,-104.824377,3.5,False,UG20977,UG020977,12JL-1,UG Transformer Bank,MLM-1,38.71373951,-104.8243599,37.5,UG20978,UG020978,12JL-1,UG Transformer Bank,MLM-2,38.71435048,-104.824144,25,31.1,42.6,same_feeder_ambiguous
1004359,13274,13311,1356,7,7,1,6,0.8571,0.7143,1.0,6,3,3,1.0,1796064780,"2669 FREDRICKSBURG DR, SPKG",COLO SPGS,38.87052302,-104.7084539,13PR-4,-104.7084539,38.87052302,38.870504,-104.708493,4.0,False,PD3223,PD003223,13PR-4,UG Transformer Bank,RCHN-40,38.87043197,-104.7086786,25,PD3224,PD003224,13PR-4,UG Transformer Bank,RCHN-39,38.86984597,-104.7086737,25,21.9,77.7,same_feeder_ambiguous
1072451,132141,132140,1638,7,7,1,6,0.8571,0.7143,1.0,6,3,3,1.0,9360943247,,,38.90817503,-104.685162,12ST-23,-104.685162,38.90817503,38.908168,-104.685152,1.2,False,PD21552,PD021552,12ST-23,UG Transformer Bank,REVE-47,38.90819334,-104.685155,75,PD21553,PD021553,12ST-23,UG Transformer Bank,REVE-48,38.90819453,-104.6841714,25,2.1,85.7,same_feeder_ambiguous
1055107,7510,7465,1780,7,7,1,6,0.8571,0.7143,1.0,6,3,3,1.0,2237124449,5844 BUTTERFIELD DR,COLO SPGS,38.93504408,-104.7289913,13BG-1,-104.7289913,38.93504408,38.935037,-104.728926,5.7,False,PD13887,PD013887,13BG-1,UG Transformer Bank,RWT-75,38.93460228,-104.7291556,50,PD16179,PD016179,13BG-1,UG Transformer Bank,RWT-33,38.935236,-104.7289627,25,51.1,21.5,same_feeder_ambiguous
1010338,10837,24388,1798,7,7,1,6,0.8571,0.7143,1.0,6,3,3,1.0,9171168585,6850 ASHLEY DR,COLO SPGS,38.89762513,-104.7026702,12ST-4,-104.7026702,38.89762513,38.897652,-104.702657,3.2,False,PD16631,PD016631,12ST-4,UG Transformer Bank,RSHR-10,38.89750632,-104.7031772,25,PD3014,PD003014,12ST-4,UG Transformer Bank,RSHR-12,38.89818755,-104.7025382,25,45.8,63.6,same_feeder_ambiguous
1006530,9766,9768,1837,7,7,1,6,0.8571,0.7143,1.0,6,3,3,1.0,2820714395,5955 FAXON CT,COLO SPGS,38.90952026,-104.7060034,12ST-4,-104.7060034,38.90952026,38.909555,-104.705993,4.0,False,PD7676,PD007676,12ST-4,UG Transformer Bank,RSHR-155,38.90962546,-104.7056554,25,PD7675,PD007675,12ST-4,UG Transformer Bank,RSHR-156,38.90959221,-104.7061957,25,32.3,18.5,same_feeder_ambiguous
1005565,24917,24886,1902,7,7,1,6,0.8571,0.7143,1.0,6,3,3,1.0,3842411152,7164 BONNIE BRAE LN,COLO SPGS,38.88303391,-104.692767,12CL-11,-104.692767,38.88303391,38.883035,-104.692693,6.4,False,PD15892,PD015892,12CL-11,UG Transformer Bank,RRSR-15,38.88289022,-104.6923795,25,PD16076,PD016076,12CL-11,UG Transformer Bank,RRSR-35,38.88333541,-104.6921775,25,37.2,61.1,same_feeder_ambiguous
1148232,25871,25840,2009,7,7,1,6,0.8571,0.7143,1.0,6,3,3,1.0,4312220065,5102 GALLEY RD LOT 129A,COLO SPGS,38.84738177,-104.7355615,13PV-3,-104.7355615,38.84738177,38.848109,-104.736876,139.6,True,UG5067,UG005067,13PV-3,UG Transformer Bank,MCP-9,38.84765256,-104.7355091,25,UG5070,UG005070,13PV-3,UG Transformer Bank,MCP-15,38.84835377,-104.7366921,25,30.5,145.8,same_feeder_ambiguous
1014398,405742,425118,2172,7,7,1,6,0.8571,0.7143,1.0,6,3,3,1.0,8248237188,"9213 BRODHEAD ST, PHONE EQUIP",COLO SPGS,38.91530816,-104.6562697,12FR-32,-104.6562697,38.91530816,38.915486,-104.656436,24.5,False,PD108846,PD108846,12FR-32,UG Transformer Bank,RBLR54-15,38.91509231,-104.6558964,25,PD108845,PD108845,12FR-32,UG Transformer Bank,RBLR54-14,38.9152644,-104.656576,25,40.2,26.9,same_feeder_ambiguous
1014643,129261,129264,2305,7,7,1,6,0.8571,0.7143,1.0,6,3,3,1.0,410062894,"5297 HAPPY MEADOWS TRL, SPKG",COLO SPGS,38.9663087,-104.7326548,13BG-4,-104.7326548,38.9663087,38.966302,-104.732644,1.2,False,PD21514,PD021514,13BG-4,UG Transformer Bank,RC1-29,38.96602934,-104.7335731,50,PD21510,PD021510,13BG-4,UG Transformer Bank,RC1-24,38.96744091,-104.7338211,50,85.3,161.3,same_feeder_ambiguous
1226885,23030,23047,2502,7,7,1,6,0.8571,0.7143,1.0,6,3,3,1.0,194547388,6960 SPROUL LN,COLO SPGS,38.92713869,-104.7804448,13CW-10,-104.7804448,38.92713869,38.92717,-104.78044,3.5,False,PD4499,PD004499,13CW-10,UG Transformer Bank,RCK-14,38.92750146,-104.7805029,25,PD4500,PD004500,13CW-10,UG Transformer Bank,RCK-15,38.92705294,-104.7807018,25,40.7,24.2,same_feeder_ambiguous
1008719,139848,139846,2735,7,7,1,6,0.8571,0.7143,1.0,6,3,3,1.0,7125701948,,,38.88761669,-104.6974529,12ST-3,-104.6974529,38.88761669,38.887498,-104.697586,17.5,False,PD17128,PD017128,12ST-3,UG Transformer Bank,RFT-13,38.88762383,-104.6972214,25,PD17129,PD017129,12ST-3,UG Transformer Bank,RFT-11,38.88756631,-104.6976933,25,20.1,21.5,same_feeder_ambiguous
1012911,11732,11740,2757,7,7,1,6,0.8571,0.7143,1.0,6,3,3,1.0,8346157138,"3806 RANGE DR, PHONE",COLO SPGS,38.88683187,-104.6935431,12ST-23,-104.6935431,38.88683187,38.886825,-104.693533,1.2,False,PD14368,PD014368,12ST-23,UG Transformer Bank,RNRG-6,38.88717783,-104.6930896,50,PD14362,PD014362,12ST-23,UG Transformer Bank,RNRG-2,38.88708459,-104.6917246,25,55.0,159.9,same_feeder_ambiguous
1010176,10916,24468,2896,7,7,1,6,0.8571,0.7143,1.0,6,3,3,1.0,6165268688,6599 ANNANHILL PL,COLO SPGS,38.89640057,-104.7048461,12ST-3,-104.7048461,38.89640057,38.896408,-104.704884,3.4,False,PD13553,PD013553,12ST-3,UG Transformer Bank,RGCH-8,38.89672811,-104.7048969,25,PD13554,PD013554,12ST-3,UG Transformer Bank,RGCH-9,38.89623405,-104.7054829,25,36.7,58.1,same_feeder_ambiguous
1047397,184648,170236,3241,7,7,1,6,0.8571,0.7143,1.0,6,3,3,1.0,5007538718,"6332 CUMBRE VISTA WAY, SPKG",COLO SPGS,38.95095724,-104.7096846,12BG-22,-104.7096846,38.95095724,38.950966,-104.709678,1.1,False,PD22726,PD022726,12BG-22,UG Transformer Bank,RCVS-38,38.95092656,-104.7088563,25,PD16957,PD016957,12BG-22,UG Transformer Bank,RCVS-36,38.95094252,-104.710288,25,71.7,52.2,same_feeder_ambiguous
1011407,10930,24459,3403,7,7,1,6,0.8571,0.7143,1.0,6,3,3,1.0,2786231847,"4402 IRON HORSE TRL, TRF SG",COLO SPGS,38.89646556,-104.7339342,12AP-2,-104.7339342,38.89646556,38.896049,-104.733873,46.6,False,PD12304,PD012304,12AP-2,UG Transformer Bank,GSL-574,38.89677936,-104.736552,25,PD4041,PD004041,12AP-2,UG Transformer Bank,RCP-33,38.89670114,-104.7338726,25,229.2,26.7,same_feeder_ambiguous
1011576,66531,66530,3504,7,7,1,6,0.8571,0.7143,1.0,6,3,3,1.0,2719716361,6311 BALANCE CIR,COLO SPGS,38.92341423,-104.7043467,12ST-21,-104.7043467,38.92341423,38.923406,-104.704336,1.3,False,PD20639,PD020639,12ST-1,UG Transformer Bank,RRV-433,38.92305651,-104.7045244,75,PD20638,PD020638,12ST-1,UG Transformer Bank,RRV-434,38.92358208,-104.7048032,75,42.6,43.7,same_feeder_ambiguous
1097379,377867,377857,3889,7,7,1,6,0.8571,0.7143,1.0,6,3,3,1.0,9157644494,4732 HORSE GULCH LOOP,COLO SPGS,38.98254627,-104.7385126,12KC-44,-104.7385126,38.98254627,38.982505,-104.738498,4.8,False,PD106954,PD106954,12KC-44,UG Transformer Bank,RC54-5,38.98276412,-104.7387923,25,PD106945,PD106945,12KC-44,UG Transformer Bank,RC54-4,38.98214056,-104.7387065,25,34.2,48.1,same_feeder_ambiguous
1013173,7419,22742,4125,7,7,1,6,0.8571,0.7143,1.0,6,3,3,1.0,9153151565,"7201 DURYEA DR, PHONE",COLO SPGS,38.93564979,-104.7280163,13BG-1,-104.7280163,38.93564979,38.93554,-104.727909,15.3,False,PD16187,PD016187,13BG-1,UG Transformer Bank,RWT-38,38.93589803,-104.7284351,25,PD16192,PD016192,13BG-1,UG Transformer Bank,RWT-43,38.93590932,-104.7275499,25,45.5,49.6,same_feeder_ambiguous
1013177,38079,68771,4128,7,7,1,6,0.8571,0.7143,1.0,6,3,3,1.0,9581602188,"6474 WINDOM PEAK BLVD, PHONE EQUIP",COLO SPGS,38.91986558,-104.70569,12BG-24,-104.70569,38.91986558,38.919939,-104.704829,74.9,False,PD20066,PD020066,12BG-24,UG Transformer Bank,RRV-225,38.91982162,-104.7043793,25,PD16588,PD016588,12ST-1,UG Transformer Bank,RRV-410,38.92038316,-104.7057623,25,113.5,57.9,cross_feeder_likely_gis_error
1015390,350091,350092,4191,7,7,1,6,0.8571,0.7143,1.0,6,3,3,1.0,5960223984,3150 SPIRIT WIND HTS,COLO SPGS,38.87678816,-104.8671921,12FT-1,-104.8671921,38.87678816,38.876781,-104.867182,1.2,False,PD104212,PD104212,12FT-1,UG Transformer Bank,RGGC-1,38.8774272,-104.8671401,50,PD104229,PD104229,12FT-1,UG Transformer Bank,RGGC-2,38.87692001,-104.8669216,50,71.2,27.6,same_feeder_ambiguous
1014181,390373,390374,4233,7,7,1,6,0.8571,0.7143,1.0,6,3,3,1.0,4322762686,5021 CANYON WREN LN,COLO SPGS,38.83286988,-104.7379964,13PV-4,-104.7379964,38.83286988,38.832887,-104.738038,4.1,False,PD108195,PD108195,13PV-4,UG Transformer Bank,RPPH-29,38.83281565,-104.7383874,25,PD108197,PD108197,13PV-4,UG Transformer Bank,RPPH-30,38.83319931,-104.7383612,50,34.4,48.4,same_feeder_ambiguous
1013554,389921,389920,4248,7,7,1,6,0.8571,0.7143,1.0,6,3,3,1.0,1023521493,3998 IVY HILL DR,COLO SPGS,38.88988099,-104.7094831,12ST-3,-104.7094831,38.88988099,38.889858,-104.709442,4.4,False,PD108217,PD108217,12ST-3,UG Transformer Bank,RGW1-7,38.89043975,-104.709245,25,PD108216,PD108216,12ST-3,UG Transformer Bank,RGW1-6,38.89025095,-104.709325,25,65.5,43.4,same_feeder_ambiguous
1014796,389917,389916,4496,7,7,1,6,0.8571,0.7143,1.0,6,3,3,1.0,5875006035,3854 IVY HILL DR,COLO SPGS,38.88765702,-104.7101518,12ST-3,-104.7101518,38.88765702,38.887632,-104.710087,6.3,False,PD108213,PD108213,12ST-3,UG Transformer Bank,RGW1-3,38.88789792,-104.7097572,50,PD108212,PD108212,12ST-3,UG Transformer Bank,RGW1-2,38.88737987,-104.710077,25,43.4,31.5,same_feeder_ambiguous
1155813,536072,112634,4885,7,7,1,6,0.8571,0.7143,1.0,6,3,3,1.0,5243457630,"10903 RHINESTONE DR, SPKG",COLO SPGS,38.98671136,-104.7742325,12KC-44,-104.7742325,38.98671136,38.986927,-104.774128,25.6,False,PD109749,PD109749,12KC-44,UG Transformer Bank,CBR6-1,38.98670998,-104.7743786,10,PD17046,PD017046,12KC-44,UG Transformer Bank,RBRKC-14,38.98672831,-104.7723334,25,12.6,164.2,same_feeder_ambiguous
1018945,22924,7782,5217,7,7,1,6,0.8571,0.7143,1.0,6,3,3,1.0,9679758386,"5407 SAND HILL DR, SPKG",COLO SPGS,38.93051237,-104.728195,12BG-24,-104.728195,38.93051237,38.930597,-104.728125,11.2,False,PD16151,PD016151,12BG-24,UG Transformer Bank,GSL-518,38.93056361,-104.7283259,10,PD13330,PD013330,12BG-24,UG Transformer Bank,RWT-48,38.93164401,-104.727273,50,12.7,149.0,same_feeder_ambiguous
1059175,9340,9287,5331,7,7,1,6,0.8571,0.7143,1.0,6,3,3,1.0,1329989752,5850 DRIFTER ST,COLO SPGS,38.91582238,-104.7380615,12AP-3,-104.7380615,38.91582238,38.915857,-104.738051,4.0,False,PD10697,PD010697,12AP-3,UG Transformer Bank,RDR-60,38.9155649,-104.7378647,50,PD10698,PD010698,12AP-3,UG Transformer Bank,RDR-61,38.91615761,-104.7378405,25,33.3,41.9,same_feeder_ambiguous
1023636,158080,158079,5642,7,7,1,6,0.8571,0.7143,1.0,6,3,3,1.0,7036599033,5332 FOSSIL BUTTE DR,COLO SPGS,38.92570132,-104.7299957,12BG-24,-104.7299957,38.92570132,38.925694,-104.729985,1.2,False,PD21708,PD021708,12BG-24,UG Transformer Bank,RAC-48,38.92548491,-104.7296183,25,PD21707,PD021707,12BG-24,UG Transformer Bank,RAC-47,38.92535722,-104.7303097,25,40.6,46.9,same_feeder_ambiguous
1027073,8757,8708,5686,7,7,1,6,0.8571,0.7143,1.0,6,3,3,1.0,3010805594,5988 CORINTH DR,COLO SPGS,38.92145274,-104.7321438,12AP-3,-104.7321438,38.92145274,38.921629,-104.732134,19.6,False,PD10092,PD010092,12AP-3,UG Transformer Bank,RSDS-137,38.92145338,-104.7319355,25,PD10091,PD010091,12AP-3,UG Transformer Bank,RSDS-136,38.92194494,-104.7319284,25,18.0,57.8,same_feeder_ambiguous
1024549,9032,23468,5724,7,7,1,6,0.8571,0.7143,1.0,6,3,3,1.0,7902115884,5802 SANTANA DR,COLO SPGS,38.91915027,-104.7281919,12AP-3,-104.7281919,38.91915027,38.919175,-104.728178,3.0,False,PD7638,PD007638,12AP-3,UG Transformer Bank,RSDS-63,38.91902645,-104.7279628,25,PD7641,PD007641,12AP-3,UG Transformer Bank,RSDS-67,38.91945894,-104.7284525,25,24.1,41.1,same_feeder_ambiguous
1027635,22789,7534,5828,7,7,1,6,0.8571,0.7143,1.0,6,3,3,1.0,3861245100,4944 BUTTERFIELD DR,COLO SPGS,38.93409163,-104.7366989,13BG-1,-104.7366989,38.93409163,38.934128,-104.736699,4.0,False,PD11861,PD011861,13BG-1,UG Transformer Bank,RWT-8,38.93434851,-104.7371286,25,PD11862,PD011862,13BG-1,UG Transformer Bank,RWT-9,38.93436438,-104.736276,25,46.9,47.5,same_feeder_ambiguous
1040531,6504,6477,6072,7,7,1,6,0.8571,0.7143,1.0,6,3,3,1.0,804652220,8260 CHANCELLOR DR,COLO SPGS,38.95160842,-104.7372826,12BG-21,-104.7372826,38.95160842,38.951635,-104.737271,3.1,False,PD1543,PD001543,12BG-21,UG Transformer Bank,VRF-23,38.95140182,-104.7371354,25,PD1542,PD001542,12BG-21,UG Transformer Bank,VRF-24,38.9518078,-104.7371194,25,26.3,26.3,same_feeder_ambiguous
1040649,390639,390643,6207,7,7,1,6,0.8571,0.7143,1.0,6,3,3,1.0,847248813,7762 TUTTLE VW,COLO SPGS,38.94495486,-104.7144599,12BG-22,-104.7144599,38.94495486,38.944948,-104.714451,1.1,False,PD107479,PD107479,12BG-22,UG Transformer Bank,RTCV-11,38.94525319,-104.7142864,25,PD107480,PD107480,12BG-22,UG Transformer Bank,RTCV-16,38.9446955,-104.7142956,25,36.4,32.1,same_feeder_ambiguous
1023985,10115,10184,6516,7,7,1,6,0.8571,0.7143,1.0,6,3,3,1.0,3198863983,5015 HORSESHOE BEND ST,COLO SPGS,38.9046164,-104.7343197,12AP-4,-104.7343197,38.9046164,38.904644,-104.734314,3.1,False,UG6993,UG006993,12AP-4,UG Transformer Bank,ROF-22,38.9051736,-104.7343381,25,UG7000,UG007000,12AP-4,UG Transformer Bank,ROF-21,38.90460394,-104.7349942,25,62.0,58.4,same_feeder_ambiguous
1024210,10859,24430,6582,7,7,1,6,0.8571,0.7143,1.0,6,3,3,1.0,5059435391,4622 EXCALIBUR CT,COLO SPGS,38.89741732,-104.7359294,12AP-2,-104.7359294,38.89741732,38.897426,-104.735912,1.8,False,PD4679,PD004679,12AP-2,UG Transformer Bank,RCP-21,38.89751926,-104.7361536,25,PD9646,PD009646,12AP-2,UG Transformer Bank,RCP-20,38.89743126,-104.7356671,25,22.5,22.8,same_feeder_ambiguous
1024259,10397,10400,6602,7,7,1,6,0.8571,0.7143,1.0,6,3,3,1.0,8060771215,5245 OLD FARM CIR W,COLO SPGS,38.90231884,-104.7303632,12AP-4,-104.7303632,38.90231884,38.902391,-104.730353,8.1,False,UG7018,UG007018,12AP-4,UG Transformer Bank,ROF-50,38.90235553,-104.73093,25,UG7021,UG007021,12AP-4,UG Transformer Bank,ROF-55,38.90227045,-104.7302617,25,49.2,10.3,same_feeder_ambiguous
1029825,6961,6960,7289,7,7,1,6,0.8571,0.7143,1.0,6,3,3,1.0,3272779355,4730 FALLS CHURCH RD,COLO SPGS,38.94406056,-104.7393587,12BG-21,-104.7393587,38.94406056,38.944103,-104.739275,8.6,False,PD12004,PD012004,12BG-21,UG Transformer Bank,RRF-19,38.94429066,-104.7398218,25,PD12005,PD012005,12BG-21,UG Transformer Bank,RRF-20,38.94425977,-104.7389799,25,47.5,39.5,same_feeder_ambiguous
1032749,6246,6260,7401,7,7,1,6,0.8571,0.7143,1.0,6,3,3,1.0,2117770020,3845 CLOUD DR,COLO SPGS,38.95583661,-104.7555997,13BG-3,-104.7555997,38.95583661,38.955836,-104.755602,0.2,False,PD588,PD000588,13BG-3,UG Transformer Bank,VRKP-56,38.95598098,-104.7559413,25,PD620,PD000620,13BG-3,UG Transformer Bank,VRKP-55,38.95555942,-104.7551537,25,33.6,49.4,same_feeder_ambiguous
1035820,326398,326396,7487,7,7,1,6,0.8571,0.7143,1.0,6,3,3,1.0,6448595980,8309 MISTY MOON DR,COLO SPGS,38.95245935,-104.7029686,12BG-22,-104.7029686,38.95245935,38.952453,-104.702958,1.2,False,PD103203,PD103203,12BG-22,UG Transformer Bank,RRWF-8,38.95261205,-104.7036245,50,PD103204,PD103204,12BG-22,UG Transformer Bank,RRWF-7,38.95259695,-104.7024647,25,59.2,46.2,same_feeder_ambiguous
1081570,13887,13880,7547,7,7,1,6,0.8571,0.7143,1.0,6,3,3,1.0,2315196226,6385 OKEECHOBEE PL,COLO SPGS,38.85870405,-104.7086259,12CL-13,-104.7086259,38.85870405,38.858739,-104.708597,4.6,False,UG4851,UG004851,12CL-13,UG Transformer Bank,RW-63,38.85815391,-104.709329,25,UG4856,UG004856,12CL-13,UG Transformer Bank,RW-64,38.85847445,-104.7083333,25,86.3,36.0,same_feeder_ambiguous
1063504,370574,370573,7605,7,7,1,6,0.8571,0.7143,1.0,6,3,3,1.0,4198131695,10107 KENTWOOD DR,COLO SPGS,38.97489736,-104.7204834,12BG-23,-104.7204834,38.97489736,38.97489,-104.720471,1.3,False,PD105661,PD105661,12BG-23,UG Transformer Bank,RWRN-59,38.97504599,-104.7202075,25,PD105659,PD105659,12BG-23,UG Transformer Bank,RWRN-57,38.97510694,-104.7212069,50,29.0,66.7,same_feeder_ambiguous
1036722,158075,159044,7725,7,7,1,6,0.8571,0.7143,1.0,6,3,3,1.0,4173063193,"4991 RAINBOW GULCH TRL, SPKG",COLO SPGS,38.97574148,-104.7340686,12KC-42,-104.7340686,38.97574148,38.975735,-104.734058,1.2,False,PD16903,PD016903,12KC-42,UG Transformer Bank,RC2B-5,38.97583144,-104.7345815,50,PD16922,PD016922,12KC-42,UG Transformer Bank,RC2B-10,38.97664292,-104.7342315,50,45.5,101.2,same_feeder_ambiguous
1042033,22799,7498,7901,7,7,1,6,0.8571,0.7143,1.0,6,3,3,1.0,586837556,7050 CHURCHWOOD CIR,COLO SPGS,38.93433873,-104.7608034,13CW-4,-104.7608034,38.93433873,38.934375,-104.760722,8.1,False,UG1296,UG001296,13CW-4,UG Transformer Bank,RWHV-66,38.9341677,-104.7607858,25,UG1231,UG001231,13CW-4,UG Transformer Bank,RWHV-67,38.9349139,-104.7603636,25,19.1,74.4,same_feeder_ambiguous
1038263,7623,7584,8125,7,7,1,6,0.8571,0.7143,1.0,6,3,3,1.0,9369744886,6955 BARRIMORE DR,COLO SPGS,38.93367179,-104.7523527,13CW-1,-104.7523527,38.93367179,38.933682,-104.752345,1.3,False,PD8052,PD008052,13CW-1,UG Transformer Bank,RCWD-9,38.93344234,-104.7528503,25,PD8051,PD008051,13CW-1,UG Transformer Bank,RCWD-8,38.93393829,-104.7522448,25,50.0,31.1,same_feeder_ambiguous
1133033,156167,130542,8258,7,7,1,6,0.8571,0.7143,1.0,6,3,3,1.0,9528714875,"4983 HAPPY MEADOWS TRL, PHONE EQUIP",COLO SPGS,38.96890013,-104.73348,13BG-4,-104.73348,38.96890013,38.968858,-104.733524,6.0,False,PD17436,PD017436,13BG-4,UG Transformer Bank,RC1-37,38.96864716,-104.7328979,25,PD21846,PD021846,13BG-4,UG Transformer Bank,RC1-6,38.96945582,-104.7342328,50,57.7,89.7,same_feeder_ambiguous
1031262,283200,283199,8322,7,7,1,6,0.8571,0.7143,1.0,6,3,3,1.0,4945279599,"4527 OUTLOOK RIDGE TRL, MAIL KIOSK",COLO SPGS,38.97857095,-104.7407793,12KC-42,-104.7407793,38.97857095,38.978451,-104.740738,13.8,False,PD102058,PD102058,12KC-44,UG Transformer Bank,RC3-9,38.97885712,-104.7411961,75,PD102059,PD102059,12KC-44,UG Transformer Bank,RC3-10,38.97847553,-104.7400073,50,48.1,67.6,same_feeder_ambiguous
1041818,7773,7723,8443,7,7,1,6,0.8571,0.7143,1.0,6,3,3,1.0,7934456655,6562 MANY MOON DR,COLO SPGS,38.9320374,-104.7493044,13BG-1,-104.7493044,38.9320374,38.932077,-104.749369,7.1,False,PD16243,PD016243,13BG-1,UG Transformer Bank,RNW-58,38.93188409,-104.7490701,25,PD16242,PD016242,13BG-1,UG Transformer Bank,RNW-59,38.9323122,-104.7492985,50,26.5,30.6,same_feeder_ambiguous
1036043,6480,6453,8540,7,7,1,6,0.8571,0.7143,1.0,6,3,3,1.0,1311889728,8236 TELEGRAPH DR,COLO SPGS,38.95171886,-104.7313518,13BG-3,-104.7313518,38.95171886,38.951743,-104.731352,2.7,False,PD7491,PD007491,13BG-3,UG Transformer Bank,RF-36,38.95169066,-104.7309462,25,PD1500,PD001500,13BG-3,UG Transformer Bank,RF-37,38.95202423,-104.7310719,25,35.2,41.7,same_feeder_ambiguous
1032661,287998,313597,8648,7,7,1,6,0.8571,0.7143,1.0,6,3,3,1.0,5611452918,8418 CREEK BRUSH DR,COLO SPGS,38.95376631,-104.694615,,-104.694615,38.95376631,38.953759,-104.694605,1.2,False,PD102434,PD102434,12FR-31,UG Transformer Bank,RTBF-15,38.95363322,-104.6943478,25,PD103031,PD103031,12FR-31,UG Transformer Bank,RTBF-37,38.9541087,-104.6943424,25,27.4,44.8,same_feeder_ambiguous
1040772,22516,6911,8764,7,7,1,6,0.8571,0.7143,1.0,6,3,3,1.0,3843663686,7803 POTOMAC DR,COLO SPGS,38.94496674,-104.7325058,13BG-3,-104.7325058,38.94496674,38.945002,-104.732495,4.0,False,PD5902,PD005902,13BG-3,UG Transformer Bank,RF-64,38.94515181,-104.7322219,25,PD5901,PD005901,13BG-3,UG Transformer Bank,RF-68,38.94489461,-104.7330811,25,32.0,50.4,same_feeder_ambiguous
1033024,22498,6859,8798,7,7,1,6,0.8571,0.7143,1.0,6,3,3,1.0,1778299700,7845 CHIMNEY TER,COLO SPGS,38.94594652,-104.7597655,13CW-1,-104.7597655,38.94594652,38.945973,-104.759755,3.1,False,PD655,PD000655,13CW-1,UG Transformer Bank,RMMB-14,38.94585457,-104.7599983,25,PD656,PD000656,13CW-1,UG Transformer Bank,RMMB-15,38.94608295,-104.7596095,25,22.6,20.3,same_feeder_ambiguous
1034520,7732,7713,8803,7,7,1,6,0.8571,0.7143,1.0,6,3,3,1.0,3249679172,3625 HAZELWOOD CT,COLO SPGS,38.93222744,-104.7604845,13CW-4,-104.7604845,38.93222744,38.93226,-104.760477,3.7,False,PD281,PD000281,13CW-4,UG Transformer Bank,RWHV-31,38.93237375,-104.7609023,25,PD280,PD000280,13CW-4,UG Transformer Bank,RWHV-64,38.93250961,-104.7602914,25,39.6,35.5,same_feeder_ambiguous
1033550,349773,349776,8918,7,7,1,6,0.8571,0.7143,1.0,6,3,3,1.0,8526148679,3286 GOLDEN MEADOW WAY,COLO SPGS,38.99272044,-104.7650089,12KC-12,-104.7650089,38.99272044,38.992714,-104.764998,1.2,False,PD104600,PD104600,12KC-12,UG Transformer Bank,RNFB-28,38.9922455,-104.7654954,25,PD104601,PD104601,12KC-12,UG Transformer Bank,RNFB-29,38.99289917,-104.7642792,25,67.5,66.1,same_feeder_ambiguous
1034555,7759,7740,9127,7,7,1,6,0.8571,0.7143,1.0,6,3,3,1.0,6957561474,3455 HAZELWOOD CT,COLO SPGS,38.93210238,-104.7621333,13CW-4,-104.7621333,38.93210238,38.932126,-104.76212,2.9,False,PD347,PD000347,13CW-4,UG Transformer Bank,RWHV-33,38.93213647,-104.7625522,25,PD345,PD000345,13CW-4,UG Transformer Bank,RWHV-32,38.93226501,-104.7619313,25,36.4,25.1,same_feeder_ambiguous
1064947,22215,6186,9157,7,7,1,6,0.8571,0.7143,1.0,6,3,3,1.0,9395253942,"4147 ZURICH DR, SPKG",COLO SPGS,38.95683124,-104.7498788,13BG-3,-104.7498788,38.95683124,38.956866,-104.749868,4.0,False,PD12975,PD012975,13BG-3,UG Transformer Bank,GSL-398,38.95661938,-104.7493343,25,PD939,PD000939,13BG-3,UG Transformer Bank,RGV-32,38.95729656,-104.7496388,25,52.6,55.7,same_feeder_ambiguous
1044549,6726,6763,9242,7,7,1,6,0.8571,0.7143,1.0,6,3,3,1.0,4834547487,7937 FRENCH RD,COLO SPGS,38.94762967,-104.7280131,12BG-21,-104.7280131,38.94762967,38.947665,-104.728003,4.0,False,PD7579,PD007579,12BG-21,UG Transformer Bank,RF-99,38.94803021,-104.7283969,25,PD7580,PD007580,12BG-21,UG Transformer Bank,RF-100,38.94744313,-104.7282846,25,55.5,31.3,same_feeder_ambiguous
1035203,292157,292156,9282,7,7,1,6,0.8571,0.7143,1.0,6,3,3,1.0,7188628493,8082 POTENTILLA GRV,COLO SPGS,38.94884567,-104.6932392,,-104.6932392,38.94884567,38.948839,-104.693229,1.2,False,PD102608,PD102608,12FR-31,UG Transformer Bank,RFM-199,38.94931043,-104.6931207,50,PD102602,PD102602,12FR-31,UG Transformer Bank,RFM-198,38.94882168,-104.69276,50,52.7,41.5,same_feeder_ambiguous
1035593,376893,376892,9360,7,7,1,6,0.8571,0.7143,1.0,6,3,3,1.0,7593041781,11159 FOSSIL DUST DR,COLO SPGS,38.99383914,-104.7670273,12KC-12,-104.7670273,38.99383914,38.993832,-104.767017,1.2,False,PD106523,PD106523,12KC-12,UG Transformer Bank,RNF6-15,38.99403592,-104.7673642,25,PD106524,PD106524,12KC-12,UG Transformer Bank,RNF6-16,38.99360928,-104.7673689,25,36.4,39.0,same_feeder_ambiguous
1038244,375004,375005,9666,7,7,1,6,0.8571,0.7143,1.0,6,3,3,1.0,4845273682,11163 CRISP AIR DR,COLO SPGS,38.99388168,-104.7699725,12KC-12,-104.7699725,38.99388168,38.993875,-104.769962,1.2,False,PD105904,PD105904,12KC-12,UG Transformer Bank,RNF7-27,38.99421129,-104.7701787,25,PD105905,PD105905,12KC-12,UG Transformer Bank,RNF7-30,38.99366215,-104.7701857,25,40.8,30.6,same_feeder_ambiguous
1037027,226242,256640,9675,7,7,1,6,0.8571,0.7143,1.0,6,3,3,1.0,8046092488,5179 MONARCH CREST WAY,COLO SPGS,38.97012336,-104.7308604,13BG-4,-104.7308604,38.97012336,38.970117,-104.73085,1.1,False,PD22880,PD022880,13BG-4,UG Transformer Bank,RC1-67,38.9699947,-104.7314445,50,PD100859,PD100859,13BG-4,UG Transformer Bank,RC1-68,38.97044772,-104.7305385,50,52.5,45.6,same_feeder_ambiguous
1053650,22561,22550,9812,7,7,1,6,0.8571,0.7143,1.0,6,3,3,1.0,8112628913,7730 MONTANE DR,COLO SPGS,38.94444998,-104.7530654,12BG-21,-104.7530654,38.94444998,38.944481,-104.753042,4.0,False,PD2586,PD002586,12BG-21,UG Transformer Bank,VRR-16,38.94419478,-104.7527306,25,PD2587,PD002587,12BG-21,UG Transformer Bank,VRR-15,38.94443296,-104.7525428,25,40.5,45.2,same_feeder_ambiguous
1038005,6552,6510,9867,7,7,1,6,0.8571,0.7143,1.0,6,3,3,1.0,3269592517,8205 SCARBOROUGH DR,COLO SPGS,38.9511356,-104.7315007,13BG-3,-104.7315007,38.9511356,38.951149,-104.731488,1.9,False,PD2400,PD002400,13BG-3,UG Transformer Bank,RF-31,38.95069974,-104.7317061,25,PD1499,PD001499,13BG-3,UG Transformer Bank,RF-30,38.95134181,-104.7319499,25,51.6,45.1,same_feeder_ambiguous
1039327,9538,9537,10194,7,7,1,6,0.8571,0.7143,1.0,6,3,3,1.0,9113682924,5436 VERMILLION BLUFFS DR,COLO SPGS,38.9120153,-104.7104246,12ST-1,-104.7104246,38.9120153,38.912042,-104.71039,4.2,False,PD15904,PD015904,12ST-21,UG Transformer Bank,RRV-2,38.91234851,-104.7108991,25,PD15905,PD015905,12ST-21,UG Transformer Bank,RRV-3,38.91237612,-104.7102035,25,55.3,44.4,same_feeder_ambiguous
1039566,9206,9192,10242,7,7,1,6,0.8571,0.7143,1.0,6,3,3,1.0,6503574108,5870 DOLORES ST,COLO SPGS,38.91739516,-104.7086459,12ST-1,-104.7086459,38.91739516,38.917337,-104.708681,7.1,False,PD11853,PD011853,12ST-21,UG Transformer Bank,RRV-73,38.91702977,-104.70802,50,PD11854,PD011854,12ST-21,UG Transformer Bank,RRV-74,38.91715359,-104.7092115,50,67.7,55.8,same_feeder_ambiguous
1042231,118715,118714,10711,7,7,1,6,0.8571,0.7143,1.0,6,3,3,1.0,7553066315,7534 WRANGLER RIDGE DR,COLO SPGS,38.92083261,-104.6867495,12ST-2,-104.6867495,38.92083261,38.920825,-104.686739,1.2,False,PD21157,PD021157,12ST-2,UG Transformer Bank,RIR-195,38.92054907,-104.6871349,25,PD22000,PD022000,12ST-2,UG Transformer Bank,RIR-193,38.92034176,-104.6864653,50,45.9,59.9,same_feeder_ambiguous
1041985,375407,370511,10763,7,7,1,6,0.8571,0.7143,1.0,6,3,3,1.0,2732726036,8939 BACKGAMMON DR,COLO SPGS,38.96008253,-104.7039944,13BG-2,-104.7039944,38.96008253,38.960076,-104.703984,1.2,False,PD105989,PD105989,13BG-2,UG Transformer Bank,RWRE-61,38.96045029,-104.7041427,25,PD105415,PD105415,13BG-2,UG Transformer Bank,RWRE-46,38.9598689,-104.7044438,25,42.9,45.5,same_feeder_ambiguous
1042059,375410,375406,10766,7,7,1,6,0.8571,0.7143,1.0,6,3,3,1.0,5668351979,6546 WOLF GULCH DR,COLO SPGS,38.96090164,-104.7038988,13BG-2,-104.7038988,38.96090164,38.960894,-104.70389,1.1,False,PD105988,PD105988,13BG-2,UG Transformer Bank,RWRE-60,38.96053271,-104.7036423,25,PD105990,PD105990,13BG-2,UG Transformer Bank,RWRE-58,38.96101193,-104.7045633,25,46.6,58.7,same_feeder_ambiguous
1281513,21716,487548,10910,7,7,1,6,0.8571,0.7143,1.0,6,3,3,1.0,185692332,"24100 GOLD CAMP RD, MTR 6",GN MTN FLS,38.78934877,-105.0156959,7HY-3,-105.0156959,38.78934877,38.918315,-104.652058,34600.1,True,OH49881,OH049881,7HY-3,OH Transformer Bank,,38.78935643,-105.015248,15,PD110029,PD110029,12FR-32,UG Transformer Bank,RBLR57-13,38.91854008,-104.6522912,50,38.8,34592.1,cross_feeder_likely_gis_error
1048010,40608,40606,10978,7,7,1,6,0.8571,0.7143,1.0,6,3,3,1.0,2361680147,5592 WYATT EARP WAY,COLO SPGS,38.91352652,-104.6979271,12ST-2,-104.6979271,38.91352652,38.913519,-104.697917,1.2,False,PD19865,PD019865,12ST-2,UG Transformer Bank,RIR-60,38.91375818,-104.6980965,50,PD19860,PD019860,12ST-2,UG Transformer Bank,RIR-66,38.91346625,-104.6975041,25,29.6,37.2,same_feeder_ambiguous
1058465,350255,350254,11385,7,7,1,6,0.8571,0.7143,1.0,6,3,3,1.0,6692000240,6858 SEDGEROCK LN,COLO SPGS,38.92913445,-104.6543764,12FR-32,-104.6543764,38.92913445,38.929068,-104.654347,7.8,False,PD104836,PD104836,12FR-32,UG Transformer Bank,RBLR-379,38.92947708,-104.6542541,50,PD104837,PD104837,12FR-32,UG Transformer Bank,RBLR-380,38.92939592,-104.6550101,50,39.5,62.0,same_feeder_ambiguous
1048132,90207,90208,11689,7,7,1,6,0.8571,0.7143,1.0,6,3,3,1.0,1296581926,"5537 CASSINA DR, LIGHTS",COLO SPGS,38.91262728,-104.685525,12ST-2,-104.685525,38.91262728,38.912619,-104.685515,1.3,False,PD20691,PD020691,12ST-2,UG Transformer Bank,RIR-136,38.91288283,-104.6856226,25,PD20692,PD020692,12ST-2,UG Transformer Bank,RIR-137,38.91236748,-104.6856128,25,29.6,29.9,same_feeder_ambiguous
1047043,342716,340480,11731,7,7,1,6,0.8571,0.7143,1.0,6,3,3,1.0,2708785642,6371 STONEFLY DR,COLO SPGS,38.95163124,-104.7093516,12BG-22,-104.7093516,38.95163124,38.951624,-104.709341,1.2,False,PD103402,PD103402,12BG-22,UG Transformer Bank,RRWF-29,38.95180483,-104.7098438,50,PD103401,PD103401,12BG-22,UG Transformer Bank,RRWF-28,38.9518142,-104.7088637,50,46.7,46.8,same_feeder_ambiguous
1060281,192316,323837,11945,7,7,1,6,0.8571,0.7143,1.0,6,3,3,1.0,3887127816,"8455 VISTA DEL PICO BLVD, LIGHTS",COLO SPGS,38.93526943,-104.6720948,12ST-22,-104.6720948,38.93526943,38.934179,-104.670949,156.6,True,PD22822,PD022822,12ST-22,UG Transformer Bank,RBLR-96,38.93526957,-104.6724864,50,PD103296,PD103296,12ST-22,UG Transformer Bank,RBLR-266,38.93345908,-104.6705192,50,33.9,243.1,same_feeder_ambiguous
1226729,23430,23461,12038,7,7,1,6,0.8571,0.7143,1.0,6,3,3,1.0,1016976741,6161 CRANBERRY LN,COLO SPGS,38.91978358,-104.7541518,12AP-3,-104.7541518,38.91978358,38.919793,-104.754144,1.2,False,PD1371,PD001371,12AP-3,UG Transformer Bank,RN-111,38.92006671,-104.7540301,25,PD1370,PD001370,12AP-3,UG Transformer Bank,RN-112,38.9196107,-104.7544493,50,33.2,32.1,same_feeder_ambiguous
1082229,14063,14027,12203,7,7,1,6,0.8571,0.7143,1.0,6,3,3,1.0,4020530191,1620 TAHLEQUAH DR,COLO SPGS,38.8558419,-104.7014571,12CL-13,-104.7014571,38.8558419,38.855884,-104.701428,5.3,False,UG5175,UG005175,12CL-13,UG Transformer Bank,RW-30,38.8552156,-104.7019483,15,UG5174,UG005174,12CL-13,UG Transformer Bank,RW-31,38.85624329,-104.7010954,25,81.6,54.5,same_feeder_ambiguous
1308889,22084,5953,12218,7,7,1,6,0.8571,0.7143,1.0,6,3,3,1.0,7681092368,3413 VERBENA CIR,COLO SPGS,38.96673792,-104.7617793,12KC-31,-104.7617793,38.96673792,38.966719,-104.761908,11.3,False,PD16326,PD016326,12KC-31,UG Transformer Bank,RPC15-4,38.96679942,-104.7616603,50,PD13313,PD013313,12KC-31,UG Transformer Bank,RPC15-3,38.96681916,-104.7620554,50,12.4,25.5,same_feeder_ambiguous
1057656,344283,344284,13156,7,7,1,6,0.8571,0.7143,1.0,6,3,3,1.0,6515260070,7432 LEWIS CLARK TRL,COLO SPGS,38.93627645,-104.6620091,12ST-22,-104.6620091,38.93627645,38.93627,-104.661999,1.1,False,PD104165,PD104165,12ST-22,UG Transformer Bank,RBLR-328,38.93602509,-104.6618183,25,PD104162,PD104162,12ST-22,UG Transformer Bank,RBLR-329,38.93668853,-104.6618219,50,32.5,48.6,same_feeder_ambiguous
1057696,283838,283837,13169,7,7,1,6,0.8571,0.7143,1.0,6,3,3,1.0,9741550103,7135 HORIZON WOOD LN,COLO SPGS,38.93584978,-104.6659485,12ST-22,-104.6659485,38.93584978,38.935843,-104.665938,1.2,False,PD101955,PD101955,12ST-22,UG Transformer Bank,RBLR-211,38.93600056,-104.6655274,50,PD101950,PD101950,12ST-22,UG Transformer Bank,RBLR-204,38.93583852,-104.6664192,50,40.1,40.7,same_feeder_ambiguous
1058507,344543,343236,13283,7,7,1,6,0.8571,0.7143,1.0,6,3,3,1.0,3441550751,7951 BARRAPORT DR,COLO SPGS,38.94913494,-104.6735606,12FR-31,-104.6735606,38.94913494,38.949101,-104.67355,3.9,False,PD104520,PD104520,12FR-31,UG Transformer Bank,RSM-47,38.94948159,-104.6737557,25,PD103599,PD103599,12FR-31,UG Transformer Bank,RSM-38,38.94874999,-104.6737707,25,42.1,46.5,same_feeder_ambiguous
1171398,11844,11843,13350,7,7,1,6,0.8571,0.7143,1.0,6,3,3,1.0,2966507793,120 WINTERS DR LOT 23,COLO SPGS,38.8870029,-104.8211983,13NP-1,-104.8211983,38.8870029,38.887034,-104.821203,3.5,False,UG11430,UG011430,13NP-1,UG Transformer Bank,MPT-2,38.88701784,-104.8206377,25,UG11431,UG011431,13NP-1,UG Transformer Bank,MPT-3,38.88698797,-104.8218479,25,48.5,56.2,same_feeder_ambiguous
1066788,119660,119661,13413,7,7,1,6,0.8571,0.7143,1.0,6,3,3,1.0,3268816374,13873 WINDY OAKS RD,COLO SPGS,39.03166197,-104.7893029,12FH-14,-104.7893029,39.03166197,39.031655,-104.789292,1.2,False,PD19656,PD019656,12FH-14,UG Transformer Bank,RFH9-20,39.03183443,-104.78972,25,PD19657,PD019657,12FH-14,UG Transformer Bank,RFH9-19,39.03128859,-104.7892867,50,40.8,41.5,same_feeder_ambiguous
1063072,110702,110701,13441,7,7,1,6,0.8571,0.7143,1.0,6,3,3,1.0,1969589652,"11802 BLACK MAPLE LN, SPKG",COLO SPGS,38.99817851,-104.7944651,12KC-13,-104.7944651,38.99817851,38.998171,-104.794455,1.2,False,PD17024,PD017024,12KC-13,UG Transformer Bank,RWAN-10,38.99843014,-104.794312,25,PD17020,PD017020,12KC-13,UG Transformer Bank,RWAN-9,38.99838917,-104.7948314,25,31.0,39.4,same_feeder_ambiguous
1058997,5687,5689,13447,7,7,1,6,0.8571,0.7143,1.0,6,3,3,1.0,1637757318,12589 HIGHLAND OAKS PL,COLO SPGS,39.01417942,-104.8043203,12NG-21,-104.8043203,39.01417942,39.014173,-104.80431,1.1,False,PD15404,PD015404,12NG-21,UG Transformer Bank,RMC-11,39.01445361,-104.8048514,25,PD15403,PD015403,12NG-21,UG Transformer Bank,RMC-10,39.01378969,-104.8046534,50,55.1,52.0,same_feeder_ambiguous
1062027,5705,5709,13486,7,7,1,6,0.8571,0.7143,1.0,6,3,3,1.0,6896757173,12328 MOUNT BALDY DR,COLO SPGS,39.00931635,-104.7965338,12NG-21,-104.7965338,39.00931635,39.009172,-104.796736,23.7,False,PD13076,PD013076,12NG-21,UG Transformer Bank,RTNG-33,39.00979486,-104.7966353,25,PD13175,PD013175,12NG-21,UG Transformer Bank,RTNG-31,39.00893859,-104.795862,25,53.9,71.7,same_feeder_ambiguous
1059222,15003,15043,13583,7,7,1,6,0.8571,0.7143,1.0,6,3,3,1.0,9488737204,483 CRYSTAL HILLS BLVD,MANITOU,38.84339596,-104.8956883,13FV-4,-104.8956883,38.84339596,38.843346,-104.895754,8.0,False,UG20390,UG020390,13FV-4,UG Transformer Bank,RCH-55,38.84392598,-104.895486,25,UG20764,UG020764,13FV-4,UG Transformer Bank,RCH-65,38.84313034,-104.8961692,37.5,61.5,51.1,same_feeder_ambiguous
1186871,47004,75492,13709,7,7,1,6,0.8571,0.7143,1.0,6,3,3,1.0,7738204056,344 PYRITE TER,COLO SPGS,38.82710764,-104.8503326,12SP-34,-104.8503326,38.82710764,38.8271,-104.850322,1.3,False,PD19950,PD019950,12SP-34,UG Transformer Bank,RCHMS-32,38.82663696,-104.8508204,25,PD21246,PD021246,12SP-34,UG Transformer Bank,RCHMS-34,38.82726493,-104.8500258,50,67.3,31.8,same_feeder_ambiguous
1155450,18933,18959,13906,7,7,1,6,0.8571,0.7143,1.0,6,3,3,1.0,3601770006,"3375 GLENARM RD, PMPHSE",COLO SPGS,38.77155926,-104.7654069,12BY-33,-104.7654069,38.77155926,38.770338,-104.764745,147.4,True,UG14999,UG014999,12BY-33,UG Transformer Bank,MLDM-1,38.7714289,-104.7658545,25,UG14351,UG014351,12BY-33,UG Transformer Bank,MLDM-2,38.77107495,-104.7652351,25,41.4,55.9,same_feeder_ambiguous
1090193,15595,15578,14021,7,7,1,6,0.8571,0.7143,1.0,6,3,3,1.0,1305755430,4641 EASTCREST CIR W,COLO SPGS,38.83073659,-104.7424665,12PV-2,-104.7424665,38.83073659,38.830764,-104.742459,3.1,False,PD6585,PD006585,12PV-2,UG Transformer Bank,REC-9,38.83088395,-104.74308,25,PD6584,PD006584,12PV-2,UG Transformer Bank,REC-10,38.83119329,-104.7423862,25,55.6,51.3,same_feeder_ambiguous
1090420,26089,26087,14099,7,7,1,6,0.8571,0.7143,1.0,6,3,3,1.0,2074896107,25 STOVEL CIR,COLO SPGS,38.83355241,-104.7427582,12PV-2,-104.7427582,38.83355241,38.83355,-104.742849,7.9,False,PD6579,PD006579,12PV-2,UG Transformer Bank,RKR-3,38.83322924,-104.7427566,50,PD6578,PD006578,12PV-2,UG Transformer Bank,RKR-4,38.83337624,-104.7433029,50,35.9,51.1,same_feeder_ambiguous
1061126,293758,344470,14317,7,7,1,6,0.8571,0.7143,1.0,6,3,3,1.0,9351242539,12835 PENSADOR DR,COLO SPGS,39.01208064,-104.79322,12FH-13,-104.79322,39.01208064,39.012046,-104.793226,3.9,False,PD102390,PD102390,12FH-13,UG Transformer Bank,RFH5M-25,39.0117482,-104.7929722,50,PD104459,PD104459,12FH-13,UG Transformer Bank,RFH5M-41,39.01244297,-104.7930551,50,42.7,42.7,same_feeder_ambiguous
1065393,344124,344123,14752,7,7,1,6,0.8571,0.7143,1.0,6,3,3,1.0,7435178837,11467 RILL PT,COLO SPGS,38.99506726,-104.7892774,12KC-13,-104.7892774,38.99506726,38.995033,-104.789267,3.9,False,PD104221,PD104221,12KC-13,UG Transformer Bank,RRNC-4,38.99515368,-104.7897227,50,PD104224,PD104224,12KC-13,UG Transformer Bank,RRNC-3,38.99543669,-104.7891908,50,39.7,41.8,same_feeder_ambiguous
1063211,370222,370224,14766,7,7,1,6,0.8571,0.7143,1.0,6,3,3,1.0,4985968756,"12106 RIDGELINE DR, SPKG",COLO SPGS,39.00762876,-104.7902944,12FH-13,-104.7902944,39.00762876,39.007589,-104.790267,5.0,False,PD105141,PD105141,12FH-13,UG Transformer Bank,RFLY-5,39.00733897,-104.7912839,50,PD105142,PD105142,12FH-13,UG Transformer Bank,RFLY-6,39.0084688,-104.7902231,50,91.4,93.6,same_feeder_ambiguous
1068352,280958,280957,14952,7,7,1,6,0.8571,0.7143,1.0,6,3,3,1.0,2695231166,12630 CHIANTI CT,COLO SPGS,39.01469829,-104.7878232,12FH-13,-104.7878232,39.01469829,39.014691,-104.787813,1.2,False,PD102039,PD102039,12FH-13,UG Transformer Bank,RFH5M-2,39.01502224,-104.7880789,50,PD102038,PD102038,12FH-13,UG Transformer Bank,RFH5M-1,39.01470242,-104.7872297,50,42.3,51.3,same_feeder_ambiguous
1123127,20017,12867,15024,7,7,1,6,0.8571,0.7143,1.0,6,3,3,1.0,4151195400,3100 WOOD AVE LOT F17,COLO SPGS,38.87670492,-104.8266661,12FT-3,-104.8266661,38.87670492,38.875908,-104.823755,267.1,True,OH2738,OH002738,12FT-3,OH Transformer Bank,,38.87606031,-104.826391,45,PD4344,PD004344,13NP-2,UG Transformer Bank,MNW-13,38.87611911,-104.823892,25,75.5,248.8,cross_feeder_likely_gis_error
1068133,5762,5763,15124,7,7,1,6,0.8571,0.7143,1.0,6,3,3,1.0,7011519871,10420 MARBLE CREEK CIR,COLO SPGS,38.98302176,-104.7818076,12KC-42,-104.7818076,38.98302176,38.982993,-104.781794,3.4,False,PD8863,PD008863,12KC-42,UG Transformer Bank,RCE-26,38.98307665,-104.7825017,25,PD8861,PD008861,12KC-42,UG Transformer Bank,RCE-24,38.98265551,-104.7816314,25,60.3,43.5,same_feeder_ambiguous
1066401,166076,166077,15151,7,7,1,6,0.8571,0.7143,1.0,6,3,3,1.0,3028129480,1149 CRYSTAL BASIN DR,COLO SPGS,39.02466658,-104.8058764,12FH-12,-104.8058764,39.02466658,39.024659,-104.805865,1.3,False,PD17203,PD017203,12FH-12,UG Transformer Bank,RFH26-6,39.02487686,-104.8064039,50,PD17204,PD017204,12FH-12,UG Transformer Bank,RFH26-7,39.02502706,-104.805691,50,51.2,43.2,same_feeder_ambiguous
1067733,171835,273280,15467,7,7,1,6,0.8571,0.7143,1.0,6,3,3,1.0,3281389519,219 COYOTE WILLOW DR,COLO SPGS,39.02990501,-104.8121975,12FH-14,-104.8121975,39.02990501,39.029898,-104.812187,1.2,False,PD16969,PD016969,12FH-14,UG Transformer Bank,RNE-7,39.02955308,-104.8125701,25,PD101544,PD101544,12FH-14,UG Transformer Bank,RNE-13,39.02953112,-104.8115267,50,50.7,71.3,same_feeder_ambiguous
1077622,18974,19010,15495,7,7,1,6,0.8571,0.7143,1.0,6,3,3,1.0,597912769,5015 DURASNO DR,COLO SPGS,38.77011083,-104.7330884,13KE-71,-104.7330884,38.77011083,38.770142,-104.733091,3.5,False,PD7828,PD007828,13KE-71,UG Transformer Bank,VRCVE-27,38.77059786,-104.7338472,25,PD7824,PD007824,13KE-71,UG Transformer Bank,VRCVE-31,38.7700791,-104.7322099,50,85.2,76.2,same_feeder_ambiguous
1068319,364956,364955,15587,7,7,1,6,0.8571,0.7143,1.0,6,3,3,1.0,2079905685,10441 KELOWNA VW,COLO SPGS,38.98359623,-104.7757529,12KC-42,-104.7757529,38.98359623,38.983562,-104.775743,3.9,False,PD105253,PD105253,12KC-42,UG Transformer Bank,RBR5-6,38.9835719,-104.7760754,50,PD105255,PD105255,12KC-42,UG Transformer Bank,RBR5-7,38.98317045,-104.7753896,25,28.0,56.8,same_feeder_ambiguous
1121062,19426,21806,15631,7,7,1,6,0.8571,0.7143,1.0,6,3,3,1.0,8549976329,"356 AZTEC DR, PHONE EQUIP",COLO SPGS,38.76111618,-104.7382479,13KE-71,-104.7382479,38.76111618,38.761109,-104.738237,1.2,False,PD15991,PD015991,13KE-71,UG Transformer Bank,CUSWEST-2,38.76132197,-104.738068,300,OH23922,OH023922,13KE-71,OH Transformer Bank,,38.76197799,-104.7372758,50,27.7,127.6,same_feeder_ambiguous
1076101,27414,27408,15720,7,7,1,6,0.8571,0.7143,1.0,6,3,3,1.0,2443903985,5731 PREMINGER DR,COLO SPGS,38.75781034,-104.7240955,12BY-34,-104.7240955,38.75781034,38.757836,-104.724084,3.0,False,PD15320,PD015320,12BY-34,UG Transformer Bank,RFVR-65,38.75760751,-104.7244502,25,PD15321,PD015321,12BY-34,UG Transformer Bank,RFVR-64,38.75808712,-104.7241785,25,38.1,31.6,same_feeder_ambiguous
1069841,19297,19303,15783,7,7,1,6,0.8571,0.7143,1.0,6,3,3,1.0,6297913693,4870 HENNINGS DR,COLO SPGS,38.76510346,-104.745858,13KE-73,-104.745858,38.76510346,38.765108,-104.745868,1.0,False,PD7269,PD007269,13KE-73,UG Transformer Bank,RBRA-37,38.76544996,-104.7462763,25,PD7270,PD007270,13KE-73,UG Transformer Bank,RBRA-38,38.76497363,-104.7466803,50,52.9,72.7,same_feeder_ambiguous
1069859,19297,19282,15787,7,7,1,6,0.8571,0.7143,1.0,6,3,3,1.0,3936184023,4610 DOOLEY WAY,COLO SPGS,38.76575113,-104.7459007,13KE-73,-104.7459007,38.76575113,38.765775,-104.745889,2.8,False,PD7269,PD007269,13KE-73,UG Transformer Bank,RBRA-37,38.76544996,-104.7462763,25,PD7280,PD007280,13KE-73,UG Transformer Bank,RBRA-36,38.76585987,-104.7462805,25,46.7,35.1,same_feeder_ambiguous
1222120,4728,21656,16220,7,7,1,6,0.8571,0.7143,1.0,6,3,3,1.0,8373080029,1011 FLORENCE AVE,COLO SPGS,38.79902204,-104.8168745,13HK-2,-104.8168745,38.79902204,38.799051,-104.816869,3.3,False,OH40276,OH040276,13HK-2,OH Transformer Bank,,38.79910791,-104.8170577,15,OH40222,OH040222,13HK-2,OH Transformer Bank,,38.79844894,-104.8161382,15,18.5,90.2,same_feeder_ambiguous
1079881,26321,26325,16310,7,7,1,6,0.8571,0.7143,1.0,6,3,3,1.0,5554811697,4175 SOLARFACE CT,COLO SPGS,38.82080369,-104.7496584,12PV-2,-104.7496584,38.82080369,38.820814,-104.749651,1.3,False,PD7980,PD007980,12PV-2,UG Transformer Bank,RTRA-52,38.82115,-104.7498709,25,PD7981,PD007981,12PV-2,UG Transformer Bank,RTRA-51,38.82081021,-104.749371,25,42.7,24.9,same_feeder_ambiguous
1184982,19146,19094,17159,7,7,1,6,0.8571,0.7143,1.0,6,3,3,1.0,9761551098,120 SALISBURY CT,COLO SPGS,38.76876934,-104.8282252,13SR-1,-104.8282252,38.76876934,38.768795,-104.828199,3.6,False,PD13914,PD013914,13SR-1,UG Transformer Bank,RPEN-9,38.76856839,-104.8281128,25,PD11732,PD011732,13SR-1,UG Transformer Bank,RPEN-7,38.76940512,-104.8277626,25,24.4,81.3,same_feeder_ambiguous
1207438,11733,24737,17334,7,7,1,6,0.8571,0.7143,1.0,6,3,3,1.0,9386175778,3785 MASTERS DR,COLO SPGS,38.88752047,-104.7828501,12C-2,-104.7828501,38.88752047,38.887562,-104.782833,4.8,False,PD5479,PD005479,12C-2,UG Transformer Bank,RSTA-3,38.88766206,-104.7831514,25,PD5478,PD005478,12C-2,UG Transformer Bank,RSTA-2,38.88752344,-104.7824861,25,30.5,31.5,same_feeder_ambiguous
1077951,129905,129908,18187,7,7,1,6,0.8571,0.7143,1.0,6,3,3,1.0,7619847636,3652 SPITFIRE DR,COLO SPGS,38.77741246,-104.7337685,13KE-71,-104.7337685,38.77741246,38.777405,-104.733757,1.3,False,PD21521,PD021521,13KE-71,UG Transformer Bank,RBS-12,38.77695195,-104.7335459,25,PD21523,PD021523,13KE-71,UG Transformer Bank,RBS-15,38.77771703,-104.7333431,25,54.7,50.1,same_feeder_ambiguous
1079224,378177,378176,18331,7,7,1,6,0.8571,0.7143,1.0,6,3,3,1.0,6691787266,1047 TYRE HTS,COLO SPGS,38.81626297,-104.7504714,13KE-61,-104.7504714,38.81626297,38.816229,-104.750455,4.0,False,PD107412,PD107412,13KE-61,UG Transformer Bank,RCH-142,38.81617544,-104.7506541,50,PD107411,PD107411,13KE-61,UG Transformer Bank,RCH-141,38.81645842,-104.7504223,25,18.6,22.1,same_feeder_ambiguous
1079832,26327,26329,18613,7,7,1,6,0.8571,0.7143,1.0,6,3,3,1.0,6021609933,4245 SOLARFACE CT,COLO SPGS,38.82045718,-104.7483758,12PV-2,-104.7483758,38.82045718,38.820451,-104.748419,3.8,False,PD7982,PD007982,12PV-2,UG Transformer Bank,RTRA-50,38.82066315,-104.748663,25,PD7983,PD007983,12PV-2,UG Transformer Bank,RTRA-48,38.82048778,-104.7480072,25,33.8,32.1,same_feeder_ambiguous
1082268,15942,15943,19235,7,7,1,6,0.8571,0.7143,1.0,6,3,3,1.0,9976367138,4171 BRUSH CREEK RD,COLO SPGS,38.82365462,-104.7359256,13PV-4,-104.7359256,38.82365462,38.823665,-104.735918,1.3,False,PD7656,PD007656,13PV-4,UG Transformer Bank,RVSC-6,38.82387497,-104.7364168,25,PD7657,PD007657,13PV-4,UG Transformer Bank,RVSC-5,38.82382366,-104.7355675,25,49.1,36.3,same_feeder_ambiguous
1082290,16920,26582,19243,7,7,1,6,0.8571,0.7143,1.0,6,3,3,1.0,264458355,2834 CARMEL CIR,COLO SPGS,38.8050741,-104.7752585,13KE-72,-104.7752585,38.8050741,38.805133,-104.775266,6.6,False,UG10457,UG010457,13KE-72,UG Transformer Bank,RPPP-39,38.80492954,-104.7750298,25,UG10456,UG010456,13KE-72,UG Transformer Bank,RPPP-40,38.80516291,-104.7753931,25,25.5,15.3,same_feeder_ambiguous
1082968,27003,27020,19481,7,7,1,6,0.8571,0.7143,1.0,6,3,3,1.0,773603507,3348 APOGEE VW,COLO SPGS,38.78739518,-104.7987465,12BY-32,-104.7987465,38.78739518,38.787441,-104.798854,10.6,False,PD15815,PD015815,12BY-32,UG Transformer Bank,CCQ-10,38.78744175,-104.7984106,50,PD15816,PD015816,12BY-32,UG Transformer Bank,CCQ-7,38.78700612,-104.7990024,25,29.6,48.6,same_feeder_ambiguous
1109471,15841,15827,19503,7,7,1,6,0.8571,0.7143,1.0,6,3,3,1.0,8450042527,5150 AIRPORT RD LOT B76,COLO SPGS,38.82615051,-104.7308137,13PV-4,-104.7308137,38.82615051,38.826143,-104.730831,1.7,False,UG12675,UG012675,13PV-4,UG Transformer Bank,MGA-14,38.82601434,-104.7309207,25,UG12676,UG012676,13PV-4,UG Transformer Bank,MGA-15,38.82624213,-104.7309064,25,17.8,13.0,same_feeder_ambiguous
1157398,2178,20439,19582,7,7,1,6,0.8571,0.7143,1.0,6,3,3,1.0,7384190511,2514 MOUNT VERNON ST,COLO SPGS,38.85612076,-104.7839442,12PJ-2,-104.7839442,38.85612076,38.856147,-104.783933,3.1,False,OH33974,OH033974,12PJ-2,OH Transformer Bank,,38.8565263,-104.7843514,25,OH33971,OH033971,12PJ-2,OH Transformer Bank,,38.85634055,-104.7833986,25,57.2,53.2,same_feeder_ambiguous
1174419,19089,19088,19661,7,7,1,6,0.8571,0.7143,1.0,6,3,3,1.0,4014062535,1560 LIMELIGHT CT,COLO SPGS,38.76962236,-104.8002547,12BY-32,-104.8002547,38.76962236,38.769632,-104.800247,1.3,False,PD12718,PD012718,12BY-32,UG Transformer Bank,RCHM-84,38.76939883,-104.8007664,25,PD12719,PD012719,12BY-32,UG Transformer Bank,RCHM-83,38.76938619,-104.7999458,25,50.9,37.5,same_feeder_ambiguous
1083679,14353,14325,19732,7,7,1,6,0.8571,0.7143,1.0,6,3,3,1.0,6164575981,6635 PROUD EAGLE CT,COLO SPGS,38.85130858,-104.70228,12PF-5,-104.70228,38.85130858,38.851346,-104.70379,130.8,True,PD2805,PD002805,12PF-5,UG Transformer Bank,RCN-170,38.85122664,-104.7021044,50,PD2634,PD002634,12PF-5,UG Transformer Bank,RCN-163,38.8514802,-104.703867,25,17.7,138.7,same_feeder_ambiguous
1084029,16869,16861,19834,7,7,1,6,0.8571,0.7143,1.0,6,3,3,1.0,1564083685,4229 HALSTEAD CIR,,38.80614107,-104.7486554,13PV-4,-104.7486554,38.80614107,38.806189,-104.748944,25.6,False,PD6087,PD006087,13PV-4,UG Transformer Bank,RH-37,38.80591559,-104.7482763,25,PD6212,PD006212,13PV-4,UG Transformer Bank,RH-41,38.80593345,-104.7492785,25,41.3,58.7,same_feeder_ambiguous
1084101,13537,13541,19865,7,7,1,6,0.8571,0.7143,1.0,6,3,3,1.0,8676953328,2380 CALISTOGA DR,COLO SPGS,38.86605303,-104.7046464,12CL-11,-104.7046464,38.86605303,38.866082,-104.704641,3.3,False,PD3378,PD003378,12CL-11,UG Transformer Bank,RCHO-44,38.86599975,-104.7045074,25,PD3382,PD003382,12CL-11,UG Transformer Bank,RCHO-43,38.86591451,-104.7052692,25,13.4,56.1,same_feeder_ambiguous
1088993,14303,14384,20085,7,7,1,6,0.8571,0.7143,1.0,6,3,3,1.0,3480623502,1365 NOKOMIS DR,COLO SPGS,38.85132176,-104.7077197,12PF-5,-104.7077197,38.85132176,38.851357,-104.707708,4.0,False,UG5504,UG005504,12PF-5,UG Transformer Bank,RCN-65,38.85187823,-104.7072577,25,UG5505,UG005505,12PF-5,UG Transformer Bank,RCN-64,38.85083684,-104.7073059,25,73.7,64.7,same_feeder_ambiguous
1088709,14708,14733,20170,7,7,1,6,0.8571,0.7143,1.0,6,3,3,1.0,5774467612,1095 WESTERN DR LOT 119,COLO SPGS,38.84717679,-104.6958713,12CL-13,-104.6958713,38.84717679,38.847226,-104.695891,5.7,False,UG5762,UG005762,12CL-13,UG Transformer Bank,MCH-18,38.84751657,-104.6956934,25,UG5760,UG005760,12CL-13,UG Transformer Bank,MCH-17,38.84703158,-104.6961793,25,40.8,31.2,same_feeder_ambiguous
1088795,349710,349711,20183,7,7,1,6,0.8571,0.7143,1.0,6,3,3,1.0,1288917006,7231 PREBLE DR,COLO SPGS,38.84555399,-104.6924704,12CL-12,-104.6924704,38.84555399,38.845547,-104.69246,1.2,False,PD104826,PD104826,12CL-12,UG Transformer Bank,RMBC-1,38.84579328,-104.6922996,50,PD104827,PD104827,12CL-12,UG Transformer Bank,RMBC-4,38.84551879,-104.6927945,50,30.4,28.3,same_feeder_ambiguous
1145300,15976,15987,20417,7,7,1,6,0.8571,0.7143,1.0,6,3,3,1.0,9329177408,"3314 VALLEY HI AVE, POOL",COLO SPGS,38.82317952,-104.7668229,12EG-2,-104.7668229,38.82317952,38.822956,-104.766559,33.8,False,UG12195,UG012195,12EG-2,UG Transformer Bank,ALS-4,38.82319745,-104.766283,15,UG12196,UG012196,12EG-2,UG Transformer Bank,ALS-3,38.82302614,-104.7674849,25,46.8,59.8,same_feeder_ambiguous
1167133,18538,18604,20450,7,7,1,6,0.8571,0.7143,1.0,6,3,3,1.0,5569671133,220 LAUREL OAK CT,COLO SPGS,38.7781577,-104.8333289,13BR-2,-104.8333289,38.7781577,38.778193,-104.833319,4.0,False,PD11326,PD011326,13BR-2,UG Transformer Bank,ROBP-5,38.77855751,-104.8340176,25,PD11324,PD011324,12JL-2,UG Transformer Bank,ROBP-8,38.77730225,-104.8321953,50,74.4,136.8,cross_feeder_likely_gis_error
1105947,15397,15417,20454,7,7,1,6,0.8571,0.7143,1.0,6,3,3,1.0,1971156478,205 N MURRAY BLVD LOT 110,COLO SPGS,38.83459088,-104.7403062,12PV-2,-104.7403062,38.83459088,38.834518,-104.74045,14.9,False,UG11982,UG011982,12PV-2,UG Transformer Bank,ME-14,38.8347513,-104.7401669,25,UG11987,UG011987,12PV-2,UG Transformer Bank,ME-44,38.83447204,-104.7408221,25,21.5,46.6,same_feeder_ambiguous
1090491,26691,26684,20625,7,7,1,6,0.8571,0.7143,1.0,6,3,3,1.0,6002798240,4785 DOVER DR,COLO SPGS,38.79980483,-104.7394154,13KE-64,-104.7394154,38.79980483,38.799836,-104.739389,4.2,False,UG15349,UG015349,13KE-64,UG Transformer Bank,RB-5,38.79938929,-104.7395726,25,UG15342,UG015342,13KE-64,UG Transformer Bank,RB-10,38.79965672,-104.7390007,25,48.2,39.5,same_feeder_ambiguous
1220516,17999,17992,20645,7,7,1,6,0.8571,0.7143,1.0,6,3,3,1.0,6089650298,668 LA BOURGADE PT,COLO SPGS,38.78878916,-104.8134926,13SG-3,-104.8134926,38.78878916,38.788706,-104.813385,13.1,False,PD11140,PD011140,13SG-3,UG Transformer Bank,RMJB-90,38.78855015,-104.8136794,25,PD11139,PD011139,13SG-3,UG Transformer Bank,RMJB-89,38.78863691,-104.8130682,25,31.1,40.5,same_feeder_ambiguous
1220508,26970,17999,20648,7,7,1,6,0.8571,0.7143,1.0,6,3,3,1.0,9324128383,643 LA BOURGADE PT,COLO SPGS,38.78823892,-104.8141657,13SG-3,-104.8141657,38.78823892,38.788271,-104.814095,7.1,False,PD11141,PD011141,13SG-3,UG Transformer Bank,RMJB-91,38.78857987,-104.8144392,25,PD11140,PD011140,13SG-3,UG Transformer Bank,RMJB-90,38.78855015,-104.8136794,25,44.7,54.5,same_feeder_ambiguous
1091074,18352,18328,20894,7,7,1,6,0.8571,0.7143,1.0,6,3,3,1.0,1598310138,3467 FOXRIDGE DR,COLO SPGS,38.7824589,-104.7443985,13KE-73,-104.7443985,38.7824589,38.782488,-104.744382,3.5,False,PD7416,PD007416,13KE-73,UG Transformer Bank,RFH-30,38.78215574,-104.7443246,25,PD7417,PD007417,13KE-73,UG Transformer Bank,RFH-31,38.78255292,-104.7446844,25,34.3,26.9,same_feeder_ambiguous
1092652,18357,18320,20902,7,7,1,6,0.8571,0.7143,1.0,6,3,3,1.0,4272024025,4560 SUNNYHILL DR,COLO SPGS,38.78263257,-104.7434728,13KE-73,-104.7434728,38.78263257,38.782664,-104.74346,3.7,False,PD7422,PD007422,13KE-73,UG Transformer Bank,RFH-36,38.78227046,-104.743488,25,PD7421,PD007421,13KE-73,UG Transformer Bank,RFH-35,38.78271988,-104.7439391,25,40.3,41.6,same_feeder_ambiguous
1091348,13566,13550,21014,7,7,1,6,0.8571,0.7143,1.0,6,3,3,1.0,5809574498,6355 MONTERO CIR,COLO SPGS,38.86556705,-104.7094616,13PR-4,-104.7094616,38.86556705,38.865609,-104.709404,6.8,False,PD10075,PD010075,13PR-4,UG Transformer Bank,RCHO-75,38.86540209,-104.7091734,25,PD10074,PD010074,13PR-4,UG Transformer Bank,RCHO-74,38.86581321,-104.7091723,25,31.0,37.1,same_feeder_ambiguous
1092159,18219,18302,21079,7,7,1,6,0.8571,0.7143,1.0,6,3,3,1.0,7465455490,4065 COLONY HILLS CIR,COLO SPGS,38.78451617,-104.7528804,13KE-73,-104.7528804,38.78451617,38.783082,-104.75252,162.5,True,UG14573,UG014573,13KE-73,UG Transformer Bank,RCHS-14,38.78409418,-104.7531681,25,UG14569,UG014569,13KE-73,UG Transformer Bank,RCHS-6,38.78298318,-104.7526251,25,53.1,171.9,same_feeder_ambiguous
1186343,19553,19558,21408,7,7,1,6,0.8571,0.7143,1.0,6,3,3,1.0,265780725,5086 BROADMOOR BLUFFS DR,COLO SPGS,38.75657127,-104.8291917,12JL-2,-104.8291917,38.75657127,38.7566,-104.829171,3.7,False,PD11903,PD011903,12JL-2,UG Transformer Bank,RMO-13,38.75690121,-104.8296561,25,PD11905,PD011905,12JL-2,UG Transformer Bank,RMO-6,38.75682389,-104.828518,25,54.5,64.8,same_feeder_ambiguous
1092617,26866,17780,21482,7,7,1,6,0.8571,0.7143,1.0,6,3,3,1.0,8467635894,"2765 JULEP DR, MOBILE",COLO SPGS,38.79184132,-104.7338306,13KE-64,-104.7338306,38.79184132,38.791874,-104.733825,3.7,False,PD6903,PD006903,13KE-64,UG Transformer Bank,RMPS-52,38.79209339,-104.7339187,25,PD5748,PD005748,13KE-64,UG Transformer Bank,RMPS-53,38.79176302,-104.7340377,25,29.1,19.9,same_feeder_ambiguous
1093636,17595,17614,21759,7,7,1,6,0.8571,0.7143,1.0,6,3,3,1.0,7964278857,"2594 SWALE RUN, MOBILE",COLO SPGS,38.79419676,-104.7313775,13KE-64,-104.7313775,38.79419676,38.79423,-104.731417,5.0,False,PD6940,PD006940,13KE-64,UG Transformer Bank,RMPS-5,38.79437052,-104.7311647,25,PD8020,PD008020,13KE-64,UG Transformer Bank,RMPS-6,38.79404648,-104.7311862,25,26.7,23.5,same_feeder_ambiguous
1099208,17555,26755,21767,7,7,1,6,0.8571,0.7143,1.0,6,3,3,1.0,9759426174,2535 FAULKNER DR,COLO SPGS,38.79560387,-104.7539048,13KE-61,-104.7539048,38.79560387,38.795634,-104.753888,3.7,False,UG15392,UG015392,13KE-61,UG Transformer Bank,RSB-4,38.79507611,-104.7540112,25,UG15393,UG015393,13KE-61,UG Transformer Bank,RSB-3,38.79591393,-104.7533964,25,59.4,55.9,same_feeder_ambiguous
1137506,11928,11940,22330,7,7,1,6,0.8571,0.7143,1.0,6,3,3,1.0,2761159643,5345 WHIP TRL,COLO SPGS,38.88597213,-104.7338471,13PR-3,-104.7338471,38.88597213,38.885982,-104.733839,1.3,False,PD7766,PD007766,13PR-3,UG Transformer Bank,RTHS-167,38.88583048,-104.7343867,25,PD7767,PD007767,13PR-3,UG Transformer Bank,RTHS-166,38.88566173,-104.7336333,25,49.3,39.2,same_feeder_ambiguous
1096827,396077,396078,22370,7,7,1,6,0.8571,0.7143,1.0,6,3,3,1.0,9004636711,8052 GOLDENRAY PL,COLO SPGS,38.94970212,-104.6803658,12FR-31,-104.6803658,38.94970212,38.949706,-104.680332,3.0,False,PD108315,PD108315,12FR-31,UG Transformer Bank,RAM1-5,38.94941975,-104.680085,25,PD108316,PD108316,12FR-31,UG Transformer Bank,RAM1-6,38.94990684,-104.6801537,25,39.7,29.2,same_feeder_ambiguous
1096567,391361,391360,22376,7,7,1,6,0.8571,0.7143,1.0,6,3,3,1.0,6970560216,3068 VIRGA LOOP,COLO SPGS,38.8777805,-104.8522662,12FT-1,-104.8522662,38.8777805,38.877781,-104.852259,0.6,False,PD108937,PD108937,12FT-1,UG Transformer Bank,RRRP-9,38.87759645,-104.8518089,25,PD108938,PD108938,12FT-1,UG Transformer Bank,RRRP-8,38.8773759,-104.8523083,25,44.6,45.1,same_feeder_ambiguous
1118612,396082,396084,22471,7,7,1,6,0.8571,0.7143,1.0,6,3,3,1.0,272187758,8070 YELLOWLEAF PL,COLO SPGS,38.95058723,-104.6793459,12FR-31,-104.6793459,38.95058723,38.950546,-104.679332,4.7,False,PD108320,PD108320,12FR-31,UG Transformer Bank,RAM1-10,38.95097748,-104.6789825,50,PD108321,PD108321,12FR-31,UG Transformer Bank,RAM1-12,38.94986964,-104.6791338,50,53.6,81.9,same_feeder_ambiguous
1099261,71649,71653,22965,7,7,1,6,0.8571,0.7143,1.0,6,3,3,1.0,4638899514,1403 FLYCATCHER LN,COLO SPGS,38.81140166,-104.7350103,13PV-4,-104.7350103,38.81140166,38.811388,-104.73514,11.3,False,PD20601,PD020601,13PV-4,UG Transformer Bank,RCP-40,38.81159447,-104.7349994,25,PD20604,PD020604,13PV-4,UG Transformer Bank,RCP-37,38.81085748,-104.7349882,25,21.5,60.5,same_feeder_ambiguous
1101528,16640,506645,23487,8,7,1,6,0.8571,0.7143,1.0,7,3,3,1.0,4347822562,6330 SEASONS BAY DR,COLO SPGS,38.88127498,-104.7113212,13PR-4,-104.7113212,38.88127498,38.881241,-104.711311,3.9,False,UG14801,UG014801,13PV-4,UG Transformer Bank,RPPPA-3,38.81067716,-104.7360084,25,PD110833,PD110833,13PR-4,UG Transformer Bank,RGS5-3,38.88121585,-104.7117818,50,8136.0,40.4,cross_feeder_likely_gis_error
1103101,26601,16999,23819,7,7,1,6,0.8571,0.7143,1.0,6,3,3,1.0,1982959408,2038 COPPER CREEK DR,COLO SPGS,38.803664,-104.7785548,13KE-72,-104.7785548,38.803664,38.803569,-104.77859,11.0,False,PD6748,PD006748,13KE-72,UG Transformer Bank,RCCR-8,38.80377157,-104.778841,25,PD6749,PD006749,13KE-72,UG Transformer Bank,RCCR-9,38.80377389,-104.7781405,25,27.5,37.9,same_feeder_ambiguous
1104365,16913,59483,24103,7,7,1,6,0.8571,0.7143,1.0,6,3,3,1.0,3534949509,1853 SARATOGA DR,COLO SPGS,38.80514781,-104.7765972,13KE-72,-104.7765972,38.80514781,38.805148,-104.776604,0.6,False,UG10454,UG010454,13KE-72,UG Transformer Bank,RPPP-42,38.80529043,-104.776167,25,UG10453,UG010453,13KE-72,UG Transformer Bank,RPPP-43,38.80502127,-104.7763597,25,40.5,24.9,same_feeder_ambiguous
1114077,13646,25495,25394,7,7,1,6,0.8571,0.7143,1.0,6,3,3,1.0,5204003283,2123 BRYANT AVE,COLO SPGS,38.86363996,-104.7525821,13RI-9,-104.7525821,38.86363996,38.863678,-104.752596,4.4,False,UG8556,UG008556,13RI-9,UG Transformer Bank,RNH-15,38.8637877,-104.7520692,25,UG8555,UG008555,13RI-9,UG Transformer Bank,RNH-16,38.86378077,-104.7528976,25,47.3,31.5,same_feeder_ambiguous
1112940,14531,25816,25582,7,7,1,6,0.8571,0.7143,1.0,6,3,3,1.0,5936600826,1115 MARTIN DR,COLO SPGS,38.8495167,-104.7418903,12PR-1,-104.7418903,38.8495167,38.849495,-104.74194,4.9,False,UG4246,UG004246,12PR-1,UG Transformer Bank,RAE-13,38.8496548,-104.7414304,25,UG4241,UG004241,12PR-1,UG Transformer Bank,RAE-12,38.84904905,-104.742081,25,42.7,54.6,same_feeder_ambiguous
1112860,19284,19325,25704,7,7,1,6,0.8571,0.7143,1.0,6,3,3,1.0,8323649627,4530 STAR RANCH RD,COLO SPGS,38.76612292,-104.8327896,13SR-1,-104.8327896,38.76612292,38.766074,-104.832805,5.6,False,PD11739,PD011739,13SR-1,UG Transformer Bank,RPEN-14,38.76627395,-104.8318644,50,PD11741,PD011741,13SR-1,UG Transformer Bank,RPEN-16,38.76538346,-104.8331321,50,82.0,87.4,same_feeder_ambiguous
1114277,14082,25621,26054,7,7,1,6,0.8571,0.7143,1.0,6,3,3,1.0,5779822379,1549 SANDERSON AVE,COLO SPGS,38.85561884,-104.7334549,13RI-11,-104.7334549,38.85561884,38.855649,-104.733438,3.7,False,UG4657,UG004657,13RI-11,UG Transformer Bank,RRH4-15,38.85523391,-104.733845,25,UG4658,UG004658,13RI-11,UG Transformer Bank,RRH4-14,38.85529038,-104.7329567,25,54.5,56.5,same_feeder_ambiguous
1142777,12991,13035,26232,7,7,1,6,0.8571,0.7143,1.0,6,3,3,1.0,364020705,"5208 ESCAPARDO WAY, CV",COLO SPGS,38.87381383,-104.7320068,12PR-2,-104.7320068,38.87381383,38.873855,-104.732001,4.6,False,UG11564,UG011564,12PR-2,UG Transformer Bank,RVL-123,38.87397091,-104.7324322,37.5,UG11560,UG011560,12PR-2,UG Transformer Bank,RVL-122,38.87354839,-104.731695,15,40.8,40.0,same_feeder_ambiguous
1248307,4557,4541,26655,7,7,1,6,0.8571,0.7143,1.0,6,3,3,1.0,2301174522,"1905 MANOR LN, WRECK",COLO SPGS,38.80451744,-104.8307485,12SP-35,-104.8307485,38.80451744,38.804511,-104.830738,1.2,False,OH29690,OH029690,12SP-35,OH Transformer Bank,,38.80439823,-104.8316923,10,OH41470,OH041470,12SP-35,OH Transformer Bank,,38.8047647,-104.8300423,25,82.9,67.1,same_feeder_ambiguous
1119690,425116,425117,26658,7,7,1,6,0.8571,0.7143,1.0,6,3,3,1.0,8696464665,5849 DAKAN LOOP,COLO SPGS,38.91484768,-104.6558931,12FR-32,-104.6558931,38.91484768,38.914784,-104.655903,7.1,False,PD108851,PD108851,12FR-32,UG Transformer Bank,RBLR54-12,38.91476751,-104.65622,50,PD108852,PD108852,12FR-32,UG Transformer Bank,RBLR54-13,38.91462736,-104.6558764,25,29.7,24.5,same_feeder_ambiguous
1121489,535612,1044,26968,7,7,1,6,0.8571,0.7143,1.0,6,3,3,1.0,2583071767,3410 N EL PASO ST LOT A4,COLO SPGS,38.88293601,-104.8142444,13NP-1,-104.8142444,38.88293601,38.882981,-104.81424,5.0,False,OH7374,OH007374,13NP-1,OH Transformer Bank,,38.88306755,-104.8145394,50,OH7369,OH007369,13NP-1,OH Transformer Bank,,38.88307546,-104.8136594,50,29.4,53.0,same_feeder_ambiguous
1123722,11884,24781,27059,7,7,1,6,0.8571,0.7143,1.0,6,3,3,1.0,301064766,120 WINTERS DR LOT 35,COLO SPGS,38.886312,-104.8210453,13NP-1,-104.8210453,38.886312,38.886347,-104.821035,4.0,False,UG11429,UG011429,13NP-1,UG Transformer Bank,MPT-9,38.88665485,-104.8210232,25,UG11436,UG011436,13NP-1,UG Transformer Bank,MPT-7,38.88656733,-104.8215171,25,38.2,49.7,same_feeder_ambiguous
1121787,24781,24770,27064,7,7,1,6,0.8571,0.7143,1.0,6,3,3,1.0,2962194774,120 WINTERS DR LOT 42,COLO SPGS,38.88665875,-104.8217204,13NP-1,-104.8217204,38.88665875,38.886659,-104.821825,9.1,False,UG11436,UG011436,13NP-1,UG Transformer Bank,MPT-7,38.88656733,-104.8215171,25,UG11432,UG011432,13NP-1,UG Transformer Bank,MPT-8,38.88682521,-104.821679,25,20.3,18.9,same_feeder_ambiguous
1171159,1074,1087,27091,7,7,1,6,0.8571,0.7143,1.0,6,3,3,1.0,5619153125,3308 N ARCADIA ST,COLO SPGS,38.88101723,-104.8097565,13NP-3,-104.8097565,38.88101723,38.881047,-104.809741,3.6,False,OH5034,OH005034,13NP-3,OH Transformer Bank,,38.88128225,-104.8101018,25,OH5037,OH005037,13NP-3,OH Transformer Bank,,38.88028606,-104.8101207,25,42.0,87.2,same_feeder_ambiguous
1122344,25105,25096,27200,7,7,1,6,0.8571,0.7143,1.0,6,3,3,1.0,9163320004,3405 SINTON RD LOT 80,COLO SPGS,38.87918619,-104.8324403,13HL-1,-104.8324403,38.87918619,38.879218,-104.832423,3.8,False,UG671,UG000671,13HL-1,UG Transformer Bank,MHTP-38,38.87932935,-104.8320122,25,UG734,UG000734,13HL-1,UG Transformer Bank,MHTP-37,38.87941666,-104.832639,25,40.3,30.9,same_feeder_ambiguous
1127056,20017,12868,27437,7,7,1,6,0.8571,0.7143,1.0,6,3,3,1.0,1136041992,3100 WOOD AVE LOT G12,COLO SPGS,38.87670515,-104.8267055,12FT-3,-104.8267055,38.87670515,38.876142,-104.824279,219.2,True,OH2738,OH002738,12FT-3,OH Transformer Bank,,38.87606031,-104.826391,45,PD4343,PD004343,13NP-2,UG Transformer Bank,MNW-12,38.87609112,-104.8243071,25,76.7,218.6,cross_feeder_likely_gis_error
1302245,1358,1378,27565,7,7,1,6,0.8571,0.7143,1.0,6,3,3,1.0,9402462629,411 W HARRISON ST,COLO SPGS,38.86985349,-104.8288573,12FT-3,-104.8288573,38.86985349,38.869879,-104.828846,3.0,False,OH1831,OH001831,12FT-3,OH Transformer Bank,,38.87002116,-104.8288841,15,OH1835,OH001835,12FT-3,OH Transformer Bank,,38.86945925,-104.8288834,50,18.8,43.9,same_feeder_ambiguous
1123790,12073,12046,27582,7,7,1,6,0.8571,0.7143,1.0,6,3,3,1.0,8464888983,3750 N CASCADE AVE LOT C51,COLO SPGS,38.88494732,-104.8229504,13NP-4,-104.8229504,38.88494732,38.884941,-104.822935,1.5,False,UG11250,UG011250,13NP-4,UG Transformer Bank,MEA-1,38.88481923,-104.8230955,25,UG11249,UG011249,13NP-4,UG Transformer Bank,MEA-8,38.88519696,-104.8231539,25,19.0,32.9,same_feeder_ambiguous
1163998,13000,13028,27715,7,7,1,6,0.8571,0.7143,1.0,6,3,3,1.0,3632897342,2910 SAGE ST BLDG 6,COLO SPGS,38.87448583,-104.8391913,12FT-3,-104.8391913,38.87448583,38.874437,-104.838901,25.7,False,UG3980,UG003980,12FT-3,UG Transformer Bank,AMV-5,38.87451331,-104.8391184,25,UG3982,UG003982,12FT-3,UG Transformer Bank,AMV-7,38.87420501,-104.8392137,25,7.0,31.3,same_feeder_ambiguous
1205608,1420,1418,27940,7,7,1,6,0.8571,0.7143,1.0,6,3,3,1.0,5188176221,"2511 COOPER AVE, CV",COLO SPGS,38.86840155,-104.8349153,12FT-4,-104.8349153,38.86840155,38.868191,-104.834767,26.7,False,OH2050,OH002050,12FT-4,OH Transformer Bank,,38.8683161,-104.8344458,25,OH2048,OH002048,12FT-4,OH Transformer Bank,,38.86837819,-104.8353601,25,41.7,38.6,same_feeder_ambiguous
1125885,1854,1835,28086,7,7,1,6,0.8571,0.7143,1.0,6,3,3,1.0,2873247043,1903 EL PARQUE ST,COLO SPGS,38.86096155,-104.8268149,12FT-2,-104.8268149,38.86096155,38.861,-104.8268,4.5,False,OH2424,OH002424,12FT-2,OH Transformer Bank,,38.86063642,-104.8265828,15,OH2959,OH002959,12FT-2,OH Transformer Bank,,38.86102569,-104.8264513,25,41.4,32.3,same_feeder_ambiguous
1305079,22092,5965,28490,7,7,1,6,0.8571,0.7143,1.0,6,3,3,1.0,2337960298,9220 DUNHILL CT,COLO SPGS,38.96549368,-104.7811741,12KC-11,-104.7811741,38.96549368,38.965542,-104.781225,6.9,False,PD10322,PD010322,12KC-11,UG Transformer Bank,RSFD-107,38.96532681,-104.7809108,15,PD10324,PD010324,12KC-11,UG Transformer Bank,RSFD-108,38.96577293,-104.7809832,50,29.4,35.2,same_feeder_ambiguous
1286232,20421,20440,28713,7,7,1,6,0.8571,0.7143,1.0,6,3,3,1.0,8743284228,"3702 W COLORADO AVE, HOUSE",COLO SPGS,38.85691784,-104.885083,13FV-1,-104.885083,38.85691784,38.856881,-104.88506,4.6,False,OH31396,OH031396,13FV-1,OH Transformer Bank,,38.85747456,-104.8849933,167.5,OH31392,OH031392,13FV-1,OH Transformer Bank,,38.85703833,-104.8842863,37.5,62.4,70.3,same_feeder_ambiguous
1299493,26924,17897,28787,7,7,1,6,0.8571,0.7143,1.0,6,3,3,1.0,2920247497,3003 SPRINGMEADOW DR,COLO SPGS,38.791001,-104.8289412,13SG-2,-104.8289412,38.791001,38.791004,-104.828922,1.7,False,UG19990,UG019990,13SG-2,UG Transformer Bank,RBR-1,38.790711,-104.8285973,25,UG16294,UG016294,13SG-2,UG Transformer Bank,RBMS-1,38.79042108,-104.8266938,25,43.9,205.2,same_feeder_ambiguous
1127791,396123,1925,28804,7,7,1,6,0.8571,0.7143,1.0,6,3,3,1.0,2495204717,3334 W BIJOU ST,COLO SPGS,38.85932896,-104.8759996,13FV-1,-104.8759996,38.85932896,38.859359,-104.875987,3.5,False,OH29925,OH029925,13FV-1,OH Transformer Bank,,38.85948891,-104.8757085,15,OH29927,OH029927,13FV-1,OH Transformer Bank,,38.85993116,-104.8764354,25,30.8,76.9,same_feeder_ambiguous
1286627,22622,22618,29035,7,7,1,6,0.8571,0.7143,1.0,6,3,3,1.0,9361682626,7960 ORCHARD PATH RD,COLO SPGS,38.94258643,-104.8669123,12OV-1,-104.8669123,38.94258643,38.942611,-104.866859,5.4,False,PD10445,PD010445,12OV-1,UG Transformer Bank,RRLP-9,38.94283555,-104.8658813,25,PD10449,PD010449,12OV-1,UG Transformer Bank,RRLP-10,38.94310801,-104.8672765,25,93.4,66.0,same_feeder_ambiguous
1270836,9255,104285,29095,7,7,1,6,0.8571,0.7143,1.0,6,3,3,1.0,2280206415,2985 ROCHE DR S,COLO SPGS,38.91685947,-104.7720334,13CW-4,-104.7720334,38.91685947,38.916886,-104.772019,3.2,False,UG3845,UG003845,13CW-4,UG Transformer Bank,RVW-191,38.91691998,-104.7713263,25,UG3841,UG003841,13CW-4,UG Transformer Bank,RVW-179,38.91641203,-104.7724971,25,61.5,63.9,same_feeder_ambiguous
1229664,11157,11197,29315,7,7,1,6,0.8571,0.7143,1.0,6,3,3,1.0,9823062010,5314 CRACKER BARREL CIR,COLO SPGS,38.89409055,-104.7279587,12AP-2,-104.7279587,38.89409055,38.8941,-104.727951,1.2,False,UG9525,UG009525,12AP-2,UG Transformer Bank,RTHS-76,38.89436351,-104.7286567,15,UG9524,UG009524,12AP-2,UG Transformer Bank,RTHS-77,38.89358792,-104.7274285,15,67.6,72.3,same_feeder_ambiguous
1189254,4006,4018,29394,7,7,1,6,0.8571,0.7143,1.0,6,3,3,1.0,9105903953,229 E MILL ST,COLO SPGS,38.81923884,-104.8211848,12SF-16,-104.8211848,38.81923884,38.819263,-104.821174,2.8,False,OH26952,OH026952,12SF-16,OH Transformer Bank,,38.81932685,-104.8207454,25,OH26978,OH026978,12SF-16,OH Transformer Bank,,38.81902557,-104.8214195,25,39.3,31.2,same_feeder_ambiguous
1143839,25824,25865,29511,7,7,1,6,0.8571,0.7143,1.0,6,3,3,1.0,1344235811,1111 LEHMBERG BLVD,COLO SPGS,38.84811678,-104.7313979,13PV-3,-104.7313979,38.84811678,38.84811,-104.731388,1.1,False,UG5091,UG005091,13PV-3,UG Transformer Bank,RRH5-28,38.84849642,-104.7309051,25,UG5092,UG005092,13PV-3,UG Transformer Bank,RRH5-29,38.84768365,-104.7313152,25,60.0,48.7,same_feeder_ambiguous
1217928,11574,11631,29524,7,7,1,6,0.8571,0.7143,1.0,6,3,3,1.0,826663498,4793 ARTISTIC CIR,COLO SPGS,38.88897947,-104.7391191,13RI-4,-104.7391191,38.88897947,38.88864,-104.73909,37.8,False,UG8449,UG008449,13RI-4,UG Transformer Bank,RHHS-8,38.88911307,-104.7391426,25,UG8447,UG008447,13RI-4,UG Transformer Bank,RHHS-7,38.88836952,-104.7392659,25,15.0,69.0,same_feeder_ambiguous
1132028,19573,27442,29807,7,7,1,6,0.8571,0.7143,1.0,6,3,3,1.0,3147249405,"6291 FARTHING DR, PHONE EQUIP",COLO SPGS,38.75627596,-104.8150314,12JL-1,-104.8150314,38.75627596,38.756238,-104.815008,4.7,False,PD12413,PD012413,12JL-1,UG Transformer Bank,RRBG-13,38.75566486,-104.8148545,25,PD11784,PD011784,12JL-1,UG Transformer Bank,RRBG-58,38.75593825,-104.8155847,15,69.7,60.9,same_feeder_ambiguous
1205748,281284,282249,30010,7,7,1,6,0.8571,0.7143,1.0,6,3,3,1.0,4826525375,"4300 W ANTELOPE DR, STLITE",COLO SPGS,38.99013621,-104.871362,12AS-12,-104.871362,38.99013621,38.990129,-104.871352,1.2,False,PD101862,PD101862,12AS-12,UG Transformer Bank,RAFDV-27,38.99000447,-104.8706661,50,PD102087,PD102087,12AS-12,UG Transformer Bank,RAFDV-81,38.98995173,-104.8722931,25,61.9,83.0,same_feeder_ambiguous
1282001,16936,16952,30175,7,7,1,6,0.8571,0.7143,1.0,6,3,3,1.0,7247491398,885 OXFORD LN,COLO SPGS,38.80551833,-104.8449383,12SP-35,-104.8449383,38.80551833,38.805439,-104.843707,107.1,True,PD12860,PD012860,12SP-35,UG Transformer Bank,RWS-9,38.8049704,-104.8449429,25,PD12859,PD012859,12SP-35,UG Transformer Bank,RWS-8,38.80473641,-104.8439493,25,60.9,122.1,same_feeder_ambiguous
1133502,6037,22138,30510,7,7,1,6,0.8571,0.7143,1.0,6,3,3,1.0,9913247324,"8985 LEXINGTON DR, PHONE EQUIP",COLO SPGS,38.96200165,-104.7710964,12KC-11,-104.7710964,38.96200165,38.961965,-104.771083,4.2,False,PD10578,PD010578,12KC-11,UG Transformer Bank,GSL-387,38.96224095,-104.7713771,25,PD7913,PD007913,12KC-11,UG Transformer Bank,RSFD-65,38.96161969,-104.7700965,25,36.0,96.3,same_feeder_ambiguous
1199291,9863,9818,31037,7,7,1,6,0.8571,0.7143,1.0,6,3,3,1.0,9134471852,3440 ARMONIA CIR,COLO SPGS,38.90913082,-104.762432,12WN-23,-104.762432,38.90913082,38.909165,-104.762433,3.8,False,UG919,UG000919,12WN-23,UG Transformer Bank,RVW-45,38.90898384,-104.7621583,25,UG918,UG000918,12WN-23,UG Transformer Bank,RVW-46,38.90942388,-104.7621008,25,28.8,43.4,same_feeder_ambiguous
1136057,18753,18739,31296,7,7,1,6,0.8571,0.7143,1.0,6,3,3,1.0,6709986622,"98 COBBLESTONE DR, PHONE EQUIP",COLO SPGS,38.77463934,-104.8216673,13SR-1,-104.8216673,38.77463934,38.774633,-104.821657,1.1,False,UG15904,UG015904,13SR-1,UG Transformer Bank,ATC-24,38.77457061,-104.8220066,25,UG15448,UG015448,13SR-1,UG Transformer Bank,ATC-23,38.77489724,-104.821555,25,30.4,30.3,same_feeder_ambiguous
1136699,27217,27216,31509,7,7,1,6,0.8571,0.7143,1.0,6,3,3,1.0,7749431749,1208 SAMUEL PT,COLO SPGS,38.77396929,-104.8097817,13SR-1,-104.8097817,38.77396929,38.77398,-104.809777,1.3,False,PD11266,PD011266,13SR-1,UG Transformer Bank,RCA-17,38.77409759,-104.8098032,50,PD11265,PD011265,13SR-1,UG Transformer Bank,RCA-16,38.77409842,-104.8104826,25,14.4,62.4,same_feeder_ambiguous
1137838,27365,27366,31779,7,7,1,6,0.8571,0.7143,1.0,6,3,3,1.0,9823324856,745 MAROONGLEN CT,COLO SPGS,38.76175562,-104.8149836,12JL-1,-104.8149836,38.76175562,38.761766,-104.814976,1.3,False,PD12492,PD012492,12JL-1,UG Transformer Bank,RBMG-21,38.76219972,-104.8155699,25,PD12491,PD012491,12JL-1,UG Transformer Bank,RBMG-20,38.76214233,-104.8145631,25,70.9,56.4,same_feeder_ambiguous
1306808,4561,21606,31790,7,7,1,6,0.8571,0.7143,1.0,6,3,3,1.0,1456679816,1102 SKYWAY BLVD,COLO SPGS,38.80419797,-104.8488344,13S-14,-104.8488344,38.80419797,38.804228,-104.848826,3.4,False,OH29158,OH029158,13S-14,OH Transformer Bank,,38.80433298,-104.8493509,25,OH29155,OH029155,13S-14,OH Transformer Bank,,38.80456068,-104.8481911,25,47.2,68.8,same_feeder_ambiguous
1222133,12250,24957,31899,7,7,1,6,0.8571,0.7143,1.0,6,3,3,1.0,3107551726,"5040 SUNSUITE TRL, GARAGE",COLO SPGS,38.88252627,-104.7343158,13RI-9,-104.7343158,38.88252627,38.882426,-104.734286,11.4,False,PD5200,PD005200,13RI-9,UG Transformer Bank,RPS-30,38.88247574,-104.7341377,100,PD5188,PD005188,13RI-9,UG Transformer Bank,RPS-29,38.88240608,-104.7348525,100,16.4,48.3,same_feeder_ambiguous
1142909,25058,25098,32187,7,7,1,6,0.8571,0.7143,1.0,6,3,3,1.0,7335584684,"3330 TEMPLETON GAP RD, HSE 2",COLO SPGS,38.87954607,-104.7935481,12C-2,-104.7935481,38.87954607,38.879245,-104.793524,33.5,False,UG11022,UG011022,12C-2,UG Transformer Bank,AOC-4,38.87970046,-104.7935114,15,UG11015,UG011015,12C-2,UG Transformer Bank,AOC-9,38.87912534,-104.7948158,37.5,17.5,119.3,same_feeder_ambiguous
1142979,344515,24253,32236,7,7,1,6,0.8571,0.7143,1.0,6,3,3,1.0,6479884222,,,38.90164806,-104.7803531,13CW-12,-104.7803531,38.90164806,38.901668,-104.780416,5.9,False,,,,,,,,,UG6633,UG006633,13CW-12,UG Transformer Bank,RGRE-54,38.90181309,-104.7802972,25,,19.0,unknown_feeder
1147251,2364,81243,32881,7,7,1,6,0.8571,0.7143,1.0,6,3,3,1.0,4929037489,2934 MARION DR,COLO SPGS,38.85357999,-104.7750647,13RI-12,-104.7750647,38.85357999,38.853485,-104.774934,15.5,False,OH11742,OH011742,13RI-12,OH Transformer Bank,,38.85368517,-104.7753042,25,OH11729,OH011729,13RI-12,OH Transformer Bank,,38.85388667,-104.7751954,25,23.8,35.9,same_feeder_ambiguous
1227299,24242,24251,34266,7,7,1,6,0.8571,0.7143,1.0,6,3,3,1.0,3793832373,4705 MEADOWLAND BLVD,COLO SPGS,38.90210479,-104.7555389,13RI-4,-104.7555389,38.90210479,38.902132,-104.75553,3.1,False,UG1667,UG001667,13RI-4,UG Transformer Bank,RVG-120,38.90211098,-104.7560608,25,UG1645,UG001645,13RI-4,UG Transformer Bank,RVG-119,38.90168919,-104.7554396,25,45.2,47.0,same_feeder_ambiguous
1164858,3595,316475,34626,7,7,1,6,0.8571,0.7143,1.0,6,3,3,1.0,4613670013,839 E CUCHARRAS ST,COLO SPGS,38.83014049,-104.8089536,12SF-14,-104.8089536,38.83014049,38.830222,-104.808961,9.1,False,OH16782,OH016782,12SF-14,OH Transformer Bank,,38.83004033,-104.8088992,25,OH16793,OH016793,12SF-14,OH Transformer Bank,,38.83003646,-104.8096237,15,12.1,59.2,same_feeder_ambiguous
1184861,18887,18924,36248,7,7,1,6,0.8571,0.7143,1.0,6,3,3,1.0,2344473515,"4262 STAR VISTA CT, SPKG",COLO SPGS,38.77233685,-104.823479,13SR-1,-104.823479,38.77233685,38.771736,-104.823667,68.8,False,PD11177,PD011177,13SR-1,UG Transformer Bank,GSL-76,38.77247437,-104.8226668,25,PD13034,PD013034,13SR-1,UG Transformer Bank,RPEN-27,38.77194297,-104.8229236,25,72.1,65.1,same_feeder_ambiguous
1170482,24378,24393,37116,7,7,1,6,0.8571,0.7143,1.0,6,3,3,1.0,3074855007,2903 FLINTRIDGE PL,COLO SPGS,38.89916414,-104.7719634,12CD-1,-104.7719634,38.89916414,38.898638,-104.772872,98.0,False,UG6752,UG006752,12CD-1,UG Transformer Bank,RGRE-12,38.89896012,-104.7723601,37.5,UG6670,UG006670,12CD-1,UG Transformer Bank,RRC-30,38.89844634,-104.7733326,25,41.1,142.9,same_feeder_ambiguous
1175982,20667,243842,37882,7,7,1,6,0.8571,0.7143,1.0,6,3,3,1.0,1334488287,2720 W BIJOU ST,COLO SPGS,38.85167221,-104.8644004,13FV-3,-104.8644004,38.85167221,38.851701,-104.864383,3.5,False,OH30623,OH030623,13FV-3,OH Transformer Bank,,38.85165526,-104.863917,25,OH030625,OH030625,13FV-3,OH Transformer Bank,,38.85196538,-104.8643123,25,41.9,33.5,same_feeder_ambiguous
1178570,20431,271680,38616,7,7,1,6,0.8571,0.7143,1.0,6,3,3,1.0,9325315748,3326 W PIKES PEAK AVE,COLO SPGS,38.85757103,-104.8772665,13FV-1,-104.8772665,38.85757103,38.8576,-104.877249,3.6,False,OH29861,OH029861,13FV-1,OH Transformer Bank,,38.85716153,-104.8759786,30,PD101405,PD101405,13FV-1,UG Transformer Bank,CRRA-1,38.85787434,-104.8770961,50,120.5,36.8,same_feeder_ambiguous
1184440,3113,3121,38891,7,7,1,6,0.8571,0.7143,1.0,6,3,3,1.0,3835122698,402 COOPER AVE,COLO SPGS,38.83923942,-104.8350896,12FT-4,-104.8350896,38.83923942,38.839264,-104.835081,2.8,False,OH46404,OH046404,12FT-4,OH Transformer Bank,,38.83929936,-104.83544,25,OH26065,OH026065,12FT-4,OH Transformer Bank,,38.83901366,-104.8346104,25,31.1,48.5,same_feeder_ambiguous
1185133,19119,19185,39250,7,7,1,6,0.8571,0.7143,1.0,6,3,3,1.0,8244430915,"4450 STAR RANCH RD, GAR+SP",COLO SPGS,38.76808452,-104.8297861,13SR-1,-104.8297861,38.76808452,38.768093,-104.829851,5.7,False,PD11733,PD011733,13SR-1,UG Transformer Bank,RPEN-8,38.76892652,-104.8288669,50,PD11735,PD011735,13SR-1,UG Transformer Bank,RPEN-10,38.76791986,-104.8287799,50,122.9,89.1,same_feeder_ambiguous
1219570,3968,3979,39356,7,7,1,6,0.8571,0.7143,1.0,6,3,3,1.0,9209622663,34 W MILL ST,COLO SPGS,38.82012393,-104.8276612,12SP-35,-104.8276612,38.82012393,38.820151,-104.827652,3.1,False,OH23670,OH023670,12SP-35,OH Transformer Bank,,38.82042917,-104.8287998,25,OH23661,OH023661,12SP-35,OH Transformer Bank,,38.81999349,-104.8274063,25,104.3,26.4,same_feeder_ambiguous
1185046,19657,19658,39571,7,7,1,6,0.8571,0.7143,1.0,6,3,3,1.0,3758177645,396 DARLINGTON WAY,COLO SPGS,38.74494893,-104.8343014,12JL-2,-104.8343014,38.74494893,38.744895,-104.83434,6.9,False,PD16043,PD016043,12JL-2,UG Transformer Bank,RGOB-43,38.74452299,-104.8335902,50,PD16042,PD016042,12JL-2,UG Transformer Bank,RGOB-44,38.744357,-104.8344432,50,77.8,67.0,same_feeder_ambiguous
1185893,19574,19576,39743,7,7,1,6,0.8571,0.7143,1.0,6,3,3,1.0,794628193,85 STANWELL ST,COLO SPGS,38.75576568,-104.8349948,12JL-2,-104.8349948,38.75576568,38.755926,-104.833764,108.2,True,PD12079,PD012079,12JL-2,UG Transformer Bank,RBBP-88,38.75558382,-104.8349766,75,PD12080,PD012080,12JL-2,UG Transformer Bank,RBBP-89,38.75549707,-104.8337449,50,20.3,112.4,same_feeder_ambiguous
1189785,4444,4431,39838,7,7,1,6,0.8571,0.7143,1.0,6,3,3,1.0,5520467413,1659 APACHE TRL,COLO SPGS,38.80835508,-104.8364433,12SP-35,-104.8364433,38.80835508,38.80839,-104.836439,3.9,False,OH51383,OH051383,12SP-35,OH Transformer Bank,,38.80814312,-104.8362927,25,OH28352,OH028352,12SP-35,OH Transformer Bank,,38.80852346,-104.8363147,25,26.9,21.8,same_feeder_ambiguous
1219839,236157,236158,40513,7,7,1,6,0.8571,0.7143,1.0,6,3,3,1.0,8911011431,150 MILLSTREAM TER,COLO SPGS,38.83074417,-104.8544615,13FV-2,-104.8544615,38.83074417,38.830288,-104.854303,52.5,False,PD100274,PD100274,13FV-2,UG Transformer Bank,RGHM-51,38.83082494,-104.8543065,25,PD100275,PD100275,13FV-2,UG Transformer Bank,RGHM-52,38.83031972,-104.8545372,25,16.2,47.7,same_feeder_ambiguous
1198181,11390,11360,41432,7,7,1,6,0.8571,0.7143,1.0,6,3,3,1.0,4133876567,5136 PONY SOLDIER DR,COLO SPGS,38.89099388,-104.7311585,12AP-2,-104.7311585,38.89099388,38.891022,-104.731137,3.6,False,UG9683,UG009683,12AP-2,UG Transformer Bank,RTHS-65,38.89121357,-104.7306641,25,UG9684,UG009684,12AP-2,UG Transformer Bank,RTHS-64,38.89141854,-104.7316036,25,49.3,60.9,same_feeder_ambiguous
1198453,9547,23697,41529,7,7,1,6,0.8571,0.7143,1.0,6,3,3,1.0,3426111852,5550 PARAPET CT,COLO SPGS,38.91306249,-104.7510382,13CW-12,-104.7510382,38.91306249,38.913093,-104.751026,3.6,False,UG1457,UG001457,13CW-12,UG Transformer Bank,RSR-54,38.91254508,-104.7505654,25,UG1353,UG001353,13CW-12,UG Transformer Bank,RSR-55,38.91375323,-104.7509374,25,70.6,77.3,same_feeder_ambiguous
1198646,12374,12380,41538,7,7,1,6,0.8571,0.7143,1.0,6,3,3,1.0,4523359436,5750 HERMIT PASS DR,COLO SPGS,38.88119213,-104.7213459,13PR-3,-104.7213459,38.88119213,38.881259,-104.721249,11.2,False,UG9052,UG009052,13PR-3,UG Transformer Bank,RCC-57,38.88118921,-104.7208904,50,PD5236,PD005236,13PR-3,UG Transformer Bank,RCC-58,38.88111261,-104.7216564,25,39.4,28.3,same_feeder_ambiguous
1199590,25079,12596,41632,7,7,1,6,0.8571,0.7143,1.0,6,3,3,1.0,762112581,6328 GUNSHOT PASS DR,COLO SPGS,38.87862159,-104.7222101,13PR-3,-104.7222101,38.87862159,38.878534,-104.722102,13.5,False,PD4786,PD004786,13PR-3,UG Transformer Bank,RCC-70,38.87885805,-104.7217965,25,PD4788,PD004788,13PR-3,UG Transformer Bank,RCC-71,38.87886202,-104.72239,25,44.4,30.9,same_feeder_ambiguous
1199709,10006,23941,41907,7,7,1,6,0.8571,0.7143,1.0,6,3,3,1.0,703005862,5255 DEL PAZ DR,COLO SPGS,38.9073078,-104.7734119,12WN-23,-104.7734119,38.9073078,38.907023,-104.773036,45.4,False,UG6718,UG006718,12WN-23,UG Transformer Bank,RVW-62,38.90706984,-104.7738507,25,UG7456,UG007456,12WN-23,UG Transformer Bank,RVW-60,38.90718164,-104.7724264,25,46.3,86.4,same_feeder_ambiguous
1199824,24957,24964,41914,7,7,1,6,0.8571,0.7143,1.0,6,3,3,1.0,9137778007,"5006 SUNSUITE TRL, GARAGE",COLO SPGS,38.88212537,-104.7347337,13RI-9,-104.7347337,38.88212537,38.88212,-104.735094,31.2,False,PD5188,PD005188,13RI-9,UG Transformer Bank,RPS-29,38.88240608,-104.7348525,100,PD5187,PD005187,13RI-9,UG Transformer Bank,RPS-28,38.88200584,-104.7357095,50,32.9,85.5,same_feeder_ambiguous
1216105,279077,279355,42847,7,7,1,6,0.8571,0.7143,1.0,6,3,3,1.0,3711546853,"4513 E JUNIPER DR, STLITE",COLO SPGS,38.98747365,-104.8617371,12AS-11,-104.8617371,38.98747365,38.987467,-104.861727,1.1,False,PD101867,PD101867,12AS-11,UG Transformer Bank,RAFDV-35,38.98785395,-104.8612307,25,PD101880,PD101880,12AS-11,UG Transformer Bank,RAFDV-56,38.98711281,-104.8622034,50,60.9,56.9,same_feeder_ambiguous
1210471,25313,25303,43703,7,7,1,6,0.8571,0.7143,1.0,6,3,3,1.0,2677267067,2939 COUNTRY CLUB DR,COLO SPGS,38.87375784,-104.7842399,13NP-3,-104.7842399,38.87375784,38.873785,-104.784242,3.0,False,UG11304,UG011304,13NP-3,UG Transformer Bank,RCCS-8,38.87391882,-104.7832501,25,PD6415,PD006415,13NP-3,UG Transformer Bank,RCCS-9,38.8742571,-104.7844967,25,87.5,59.8,same_feeder_ambiguous
1216110,279080,279079,43903,7,7,1,6,0.8571,0.7143,1.0,6,3,3,1.0,6960874910,"4510 E JUNIPER DR, STLITE",COLO SPGS,38.98639607,-104.8607396,12AS-11,-104.8607396,38.98639607,38.986389,-104.860729,1.2,False,PD101871,PD101871,12AS-11,UG Transformer Bank,RAFDV-41,38.9863634,-104.8614064,50,PD101869,PD101869,12AS-11,UG Transformer Bank,RAFDV-38,38.98692783,-104.8604352,50,57.7,64.7,same_feeder_ambiguous
1218843,11457,11525,44374,7,7,1,6,0.8571,0.7143,1.0,6,3,3,1.0,5260871526,4675 PORTRAIT PL,COLO SPGS,38.89041961,-104.7410351,13RI-4,-104.7410351,38.89041961,38.890075,-104.741016,38.4,False,UG8985,UG008985,13RI-4,UG Transformer Bank,RHHS-12,38.89056928,-104.7410421,15,UG8962,UG008962,13RI-4,UG Transformer Bank,RHHS-11,38.88987292,-104.7409528,25,16.7,61.2,same_feeder_ambiguous
1218487,11743,11722,44473,7,7,1,6,0.8571,0.7143,1.0,6,3,3,1.0,1548394317,"4839 PACER LN, SPKG",COLO SPGS,38.88749549,-104.737542,12AP-2,-104.737542,38.88749549,38.887503,-104.737389,13.3,False,PD2685,PD002685,12AP-2,UG Transformer Bank,RCVT-5,38.8874005,-104.7375599,75,PD2684,PD002684,12AP-2,UG Transformer Bank,RCVT-6,38.88757395,-104.7374892,75,10.7,9.8,same_feeder_ambiguous
1219445,18717,18724,44629,7,7,1,6,0.8571,0.7143,1.0,6,3,3,1.0,2811115064,"812 LONDON GREEN WAY, STLITE",COLO SPGS,38.77513666,-104.8115431,13SR-1,-104.8115431,38.77513666,38.775174,-104.811517,4.7,False,PD11148,PD011148,13SR-1,UG Transformer Bank,RCA-2,38.77504455,-104.8115889,25,PD11149,PD011149,13SR-1,UG Transformer Bank,RCA-6,38.77504251,-104.812206,25,11.0,58.4,same_feeder_ambiguous
1225777,91487,91488,45584,7,7,1,6,0.8571,0.7143,1.0,6,3,3,1.0,6687376706,6588 BETHESDA PT UNIT B,COLO SPGS,38.92836199,-104.7957061,13CW-10,-104.7957061,38.92836199,38.928465,-104.795662,12.1,False,PD20855,PD020855,13CW-10,UG Transformer Bank,RCCC-6,38.92822066,-104.7957047,50,PD20856,PD020856,13CW-10,UG Transformer Bank,RCCC-7,38.92855656,-104.7958747,50,15.7,26.1,same_feeder_ambiguous
1287609,9870,9857,45735,7,7,1,6,0.8571,0.7143,1.0,6,3,3,1.0,4802442620,1350 GOLDEN HILLS RD,COLO SPGS,38.90913718,-104.83729,12WR-1,-104.83729,38.90913718,38.909147,-104.837282,1.3,False,PD1511,PD001511,12WR-1,UG Transformer Bank,RPC-77,38.90922173,-104.836427,25,PD1512,PD001512,12WR-1,UG Transformer Bank,RPC-67,38.90944553,-104.8378269,50,75.3,57.7,same_feeder_ambiguous
1228624,23009,8225,45787,7,7,1,6,0.8571,0.7143,1.0,6,3,3,1.0,9206646880,2930 MAVERICK DR,COLO SPGS,38.92781622,-104.7720386,13CW-4,-104.7720386,38.92781622,38.927846,-104.772023,3.6,False,PD3706,PD003706,13CW-4,UG Transformer Bank,RD-26,38.92801816,-104.7727532,50,PD3708,PD003708,13CW-4,UG Transformer Bank,RD-25,38.92704766,-104.7723922,25,65.8,90.8,same_feeder_ambiguous
1227147,8899,8950,45801,7,7,1,6,0.8571,0.7143,1.0,6,3,3,1.0,7763242837,6210 EAGLES NEST DR,COLO SPGS,38.92012901,-104.7784491,13CW-2,-104.7784491,38.92012901,38.920164,-104.778447,3.9,False,UG6366,UG006366,13CW-2,UG Transformer Bank,RVW-367,38.92051096,-104.7790801,25,UG6367,UG006367,13CW-2,UG Transformer Bank,RVW-348,38.92001152,-104.7788732,25,69.2,38.9,same_feeder_ambiguous
1228162,23637,23618,46090,7,7,1,6,0.8571,0.7143,1.0,6,3,3,1.0,2832338927,2660 LYNCREST DR,COLO SPGS,38.91550293,-104.7803053,13CW-2,-104.7803053,38.91550293,38.915476,-104.780365,6.0,False,PD4242,PD004242,13CW-2,UG Transformer Bank,CLCP-1,38.91550414,-104.7801412,25,PD5867,PD005867,13CW-2,UG Transformer Bank,RVW-428,38.91604006,-104.7804132,25,14.2,60.5,same_feeder_ambiguous
1266472,10169,24057,47252,7,7,1,6,0.8571,0.7143,1.0,6,3,3,1.0,1349191110,1612 PINON GLEN CIR,COLO SPGS,38.90558048,-104.8558791,12RM-4,-104.8558791,38.90558048,38.905574,-104.855869,1.1,False,PD15067,PD015067,12RM-4,UG Transformer Bank,RPNV-103,38.90549224,-104.856339,25,PD13244,PD013244,12RM-4,UG Transformer Bank,RPNV-119,38.90548532,-104.8552455,50,41.0,55.8,same_feeder_ambiguous
1277636,1785,20265,48096,7,7,1,6,0.8571,0.7143,1.0,6,3,3,1.0,8583541984,17 NARROWS RD,MANITOU,38.86221729,-104.9174948,12HY-1,-104.9174948,38.86221729,38.862307,-104.917501,10.0,False,OH48324,OH048324,12HY-1,OH Transformer Bank,,38.86233814,-104.9167902,50,OH48330,OH048330,12HY-1,OH Transformer Bank,,38.8628083,-104.9177908,25,62.5,70.5,same_feeder_ambiguous
1272753,23386,23359,48459,7,7,1,6,0.8571,0.7143,1.0,6,3,3,1.0,7702558614,"6105 PINE HILL DR, LIGHTS",COLO SPGS,38.92095532,-104.7925274,13CW-2,-104.7925274,38.92095532,38.920993,-104.792588,6.7,False,PD1892,PD001892,13CW-2,UG Transformer Bank,RE-127,38.9209073,-104.7924762,50,PD1894,PD001894,13CW-2,UG Transformer Bank,RE-124,38.9213014,-104.7927384,25,6.9,42.6,same_feeder_ambiguous
1286089,9249,23588,48696,7,7,1,6,0.8571,0.7143,1.0,6,3,3,1.0,9830266156,"5793 WILSON RD, PHONE EQUIP",COLO SPGS,38.91757438,-104.8739653,12WR-2,-104.8739653,38.91757438,38.917626,-104.873857,11.0,False,PD5970,PD005970,12WR-2,UG Transformer Bank,RMOS-131,38.91761809,-104.8733778,25,PD13149,PD013149,12WR-2,UG Transformer Bank,RTVI-1,38.91744149,-104.8743092,25,51.1,33.2,same_feeder_ambiguous
1274081,9643,9606,48736,7,7,1,6,0.8571,0.7143,1.0,6,3,3,1.0,4651799708,2035 BUTTERNUT TRL,COLO SPGS,38.91216461,-104.8629252,12WR-2,-104.8629252,38.91216461,38.912209,-104.862852,8.0,False,PD8829,PD008829,12WR-2,UG Transformer Bank,RPNV-77,38.91207445,-104.8625264,25,PD8837,PD008837,12WR-2,UG Transformer Bank,RPNV-73,38.91257757,-104.8627604,25,35.9,48.1,same_feeder_ambiguous
1276039,6536,6512,49014,7,7,1,6,0.8571,0.7143,1.0,6,3,3,1.0,4411147520,3360 BLODGETT DR,COLO SPGS,38.95171917,-104.8856427,12OV-1,-104.8856427,38.95171917,38.951729,-104.885635,1.3,False,PD5976,PD005976,12OV-1,UG Transformer Bank,RPG-119,38.95189742,-104.8849897,25,PD5975,PD005975,12OV-1,UG Transformer Bank,RPG-120,38.95215514,-104.8865407,25,59.8,91.5,same_feeder_ambiguous
1276081,7422,7463,49029,7,7,1,6,0.8571,0.7143,1.0,6,3,3,1.0,8490493500,2635 HANOVERTOWN DR,COLO SPGS,38.93648139,-104.8773439,12OV-2,-104.8773439,38.93648139,38.935813,-104.877056,78.4,False,PD427,PD000427,12OV-2,UG Transformer Bank,RLOS-14,38.93672495,-104.8772009,25,PD426,PD000426,12OV-2,UG Transformer Bank,RLOS-7,38.93612682,-104.8769056,25,29.8,54.7,same_feeder_ambiguous
1279849,22694,7249,49064,7,7,1,6,0.8571,0.7143,1.0,6,3,3,1.0,800517176,7580 JULYNN RD,COLO SPGS,38.93988488,-104.8772152,12OV-2,-104.8772152,38.93988488,38.939846,-104.877037,16.0,False,PD7786,PD007786,12OV-2,UG Transformer Bank,RLOS-49,38.93960467,-104.876971,25,PD8049,PD008049,12OV-2,UG Transformer Bank,RLOS-51,38.9401321,-104.8766702,50,37.6,54.6,same_feeder_ambiguous
1306900,8558,8565,49589,7,7,1,6,0.8571,0.7143,1.0,6,3,3,1.0,4015184509,1455 BEAR CLOUD DR,COLO SPGS,38.92395582,-104.8528735,12OV-2,-104.8528735,38.92395582,38.923966,-104.852866,1.3,False,PD8675,PD008675,12OV-2,UG Transformer Bank,RVSF-6,38.92429552,-104.85332,25,PD8676,PD008676,12OV-2,UG Transformer Bank,RVSF-5,38.92425689,-104.8525083,25,54.0,46.0,same_feeder_ambiguous
1297559,91811,4638,50052,7,7,1,6,0.8571,0.7143,1.0,6,3,3,1.0,4758429296,"1225 LA VETA WAY, CV",COLO SPGS,38.80207055,-104.8530662,13S-14,-104.8530662,38.80207055,38.802085,-104.853077,1.9,False,OH45798,OH045798,13S-14,OH Transformer Bank,,38.80219447,-104.8534755,15,OH31888,OH031888,13S-14,OH Transformer Bank,,38.80183534,-104.8525302,25,38.1,53.3,same_feeder_ambiguous
1279649,7455,7452,50072,7,7,1,6,0.8571,0.7143,1.0,6,3,3,1.0,9245845901,7265 ASPEN GLEN LN,COLO SPGS,38.93592674,-104.8733875,12OV-2,-104.8733875,38.93592674,38.935959,-104.873382,3.6,False,PD446,PD000446,12OV-2,UG Transformer Bank,ROV-42,38.93618652,-104.8737592,25,PD445,PD000445,12OV-2,UG Transformer Bank,ROV-41,38.9362167,-104.8730091,25,43.2,45.9,same_feeder_ambiguous
1298510,22694,7299,50203,7,7,1,6,0.8571,0.7143,1.0,6,3,3,1.0,989962886,7525 JULYNN RD,COLO SPGS,38.93917169,-104.8767432,12OV-2,-104.8767432,38.93917169,38.939182,-104.876735,1.3,False,PD7786,PD007786,12OV-2,UG Transformer Bank,RLOS-49,38.93960467,-104.876971,25,PD7785,PD007785,12OV-2,UG Transformer Bank,RLOS-48,38.93899087,-104.8770002,25,52.0,30.0,same_feeder_ambiguous
1280430,4957,4963,50302,7,7,1,6,0.8571,0.7143,1.0,6,3,3,1.0,4771098751,4485 CANONWOOD RD,COLO SPGS,38.7880453,-104.9103094,13BR-3,-104.9103094,38.7880453,38.788012,-104.910334,4.3,False,OH46205,OH046205,13BR-3,OH Transformer Bank,,38.78835629,-104.9099316,25,OH46203,OH046203,13BR-3,OH Transformer Bank,,38.78766567,-104.9108677,25,47.6,64.2,same_feeder_ambiguous
1282451,19381,19380,50866,7,7,1,6,0.8571,0.7143,1.0,6,3,3,1.0,6676786191,4463 SPICEGLEN DR,COLO SPGS,38.76381829,-104.8151985,12JL-1,-104.8151985,38.76381829,38.763812,-104.815189,1.1,False,PD11989,PD011989,12JL-1,UG Transformer Bank,REBG-11,38.76358965,-104.8154848,25,PD11990,PD011990,12JL-1,UG Transformer Bank,REBG-10,38.76358662,-104.8148653,25,35.5,38.7,same_feeder_ambiguous
1282963,187516,207677,50962,7,7,1,6,0.8571,0.7143,1.0,6,3,3,1.0,2716682874,941 MANITOU AVE,MANITOU,38.85875185,-104.9186479,12HY-1,-104.9186479,38.85875185,38.858855,-104.918892,24.0,False,UG27493,UG027493,12HY-1,UG Transformer Bank,CMAR-39,38.85876979,-104.9184942,75,PD22531,PD022531,12HY-1,UG Transformer Bank,CMAR-44,38.85893911,-104.9192706,75,13.5,57.8,same_feeder_ambiguous
1287878,9857,9802,51096,7,7,1,6,0.8571,0.7143,1.0,6,3,3,1.0,2633702627,1275 GOLDEN HILLS RD,COLO SPGS,38.91018319,-104.8383747,12WR-1,-104.8383747,38.91018319,38.910176,-104.838364,1.2,False,PD1512,PD001512,12WR-1,UG Transformer Bank,RPC-67,38.90944553,-104.8378269,50,PD1513,PD001513,12WR-1,UG Transformer Bank,RPC-66,38.91012616,-104.8390008,50,94.7,54.5,same_feeder_ambiguous
1298281,7455,7489,51231,7,7,1,6,0.8571,0.7143,1.0,6,3,3,1.0,6923094682,7245 ASPEN GLEN LN,COLO SPGS,38.93591536,-104.8736315,12OV-2,-104.8736315,38.93591536,38.935949,-104.873622,3.8,False,PD446,PD000446,12OV-2,UG Transformer Bank,ROV-42,38.93618652,-104.8737592,25,PD447,PD000447,12OV-2,UG Transformer Bank,ROV-43,38.93574192,-104.8740587,25,32.1,41.7,same_feeder_ambiguous
1286637,22394,22382,51269,7,7,1,6,0.8571,0.7143,1.0,6,3,3,1.0,7660690318,8130 SAWBACK TRL,COLO SPGS,38.9487689,-104.8836257,12OV-1,-104.8836257,38.9487689,38.948779,-104.883618,1.3,False,PD7480,PD007480,12OV-1,UG Transformer Bank,RPG-115,38.94868442,-104.882814,25,PD7479,PD007479,12OV-1,UG Transformer Bank,RPG-114,38.94910742,-104.8841311,25,70.8,57.7,same_feeder_ambiguous
1288164,9771,9659,51495,7,7,1,6,0.8571,0.7143,1.0,6,3,3,1.0,6670193664,5475 CHAMBREY CT,COLO SPGS,38.91106679,-104.8697081,13IP-3,-104.8697081,38.91106679,38.911051,-104.869717,1.9,False,PD1231,PD001231,13IP-3,UG Transformer Bank,VRMS-52,38.9105623,-104.8698743,25,PD2060,PD002060,13IP-3,UG Transformer Bank,RMSV-7,38.91191074,-104.8706113,25,57.9,122.1,same_feeder_ambiguous
1288563,22628,22634,51583,7,7,1,6,0.8571,0.7143,1.0,6,3,3,1.0,7489008990,1350 CASSON CT,COLO SPGS,38.94265298,-104.8538644,12WN-24,-104.8538644,38.94265298,38.942656,-104.853821,3.8,False,PD352,PD000352,12WN-24,UG Transformer Bank,RWRV-10,38.94251507,-104.8542942,50,PD349,PD000349,12WN-24,UG Transformer Bank,RWRV-8,38.94244129,-104.8534264,25,40.2,44.6,same_feeder_ambiguous
1309319,7477,7468,52031,7,7,1,6,0.8571,0.7143,1.0,6,3,3,1.0,5455592619,7260 RISING MOON DR,COLO SPGS,38.93574498,-104.8706598,12OV-2,-104.8706598,38.93574498,38.935767,-104.870658,2.5,False,PD440,PD000440,12OV-2,UG Transformer Bank,ROV-11,38.93596407,-104.870196,25,PD439,PD000439,12OV-2,UG Transformer Bank,ROV-12,38.93602696,-104.8708413,25,46.9,35.1,same_feeder_ambiguous
1298315,7452,7490,52032,7,7,1,6,0.8571,0.7143,1.0,6,3,3,1.0,1140602689,7325 ASPEN GLEN LN,COLO SPGS,38.93591104,-104.8729612,12OV-2,-104.8729612,38.93591104,38.935939,-104.872952,3.2,False,PD445,PD000445,12OV-2,UG Transformer Bank,ROV-41,38.9362167,-104.8730091,25,PD444,PD000444,12OV-2,UG Transformer Bank,ROV-40,38.93570854,-104.8725478,25,34.2,42.3,same_feeder_ambiguous
1309260,27441,19551,52147,7,7,1,6,0.8571,0.7143,1.0,6,3,3,1.0,2589065557,4165 DANCEGLEN DR,COLO SPGS,38.75617245,-104.812341,12JL-1,-104.812341,38.75617245,38.756179,-104.812204,11.9,False,PD12410,PD012410,12JL-1,UG Transformer Bank,RRBG-8,38.75602738,-104.8127731,15,PD12409,PD012409,12JL-1,UG Transformer Bank,RRBG-7,38.75641191,-104.8127776,25,40.8,46.3,same_feeder_ambiguous
1311330,6005,5992,52472,7,7,1,6,0.8571,0.7143,1.0,6,3,3,1.0,547827645,2755 DRISTOL DR,COLO SPGS,38.96402326,-104.7715156,12KC-11,-104.7715156,38.96402326,38.964058,-104.771505,4.0,False,PD9684,PD009684,12KC-11,UG Transformer Bank,RSFD-100,38.96349472,-104.7716227,50,PD9682,PD009682,12KC-11,UG Transformer Bank,RSFD-102,38.96453644,-104.771373,25,59.5,58.4,same_feeder_ambiguous
1300154,8764,8775,52473,7,7,1,6,0.8571,0.7143,1.0,6,3,3,1.0,8679665392,6125 WILSON RD,COLO SPGS,38.92262839,-104.8783964,12WR-2,-104.8783964,38.92262839,38.922653,-104.878381,3.0,False,PD10482,PD010482,12WR-2,UG Transformer Bank,RMOS-55,38.92241356,-104.8793717,25,PD797,PD000797,12WR-2,UG Transformer Bank,RMOS-54,38.92236366,-104.8777281,25,87.7,64.9,same_feeder_ambiguous
1304219,6351,6322,52772,7,7,1,6,0.8571,0.7143,1.0,6,3,3,1.0,7926279027,2370 MARSTON HTS,COLO SPGS,38.95365625,-104.7759323,13CW-11,-104.7759323,38.95365625,38.953684,-104.775905,3.9,False,PD12652,PD012652,13CW-11,UG Transformer Bank,RPES-21,38.95371442,-104.7763719,25,PD12651,PD012651,13CW-11,UG Transformer Bank,RPES-22,38.95404901,-104.7759995,25,38.6,44.1,same_feeder_ambiguous
1303636,92774,92773,53140,7,7,1,6,0.8571,0.7143,1.0,6,3,3,1.0,1236729717,8174 REGIMENT CT,COLO SPGS,38.95087055,-104.7866275,13CW-3,-104.7866275,38.95087055,38.950864,-104.786617,1.2,False,PD21126,PD021126,13CW-3,UG Transformer Bank,RSR1-2,38.95090755,-104.7861298,50,PD21225,PD021225,13CW-3,UG Transformer Bank,RSR1-3,38.95102848,-104.7868838,50,43.2,28.3,same_feeder_ambiguous
1310666,22126,6042,53216,7,7,1,6,0.8571,0.7143,1.0,6,3,3,1.0,2461628531,3602 SHADY ROCK DR,COLO SPGS,38.96229801,-104.7605281,13BG-3,-104.7605281,38.96229801,38.962291,-104.760518,1.2,False,PD16147,PD016147,13BG-3,UG Transformer Bank,RSFD-130,38.96203018,-104.7609697,25,PD16148,PD016148,13BG-3,UG Transformer Bank,RSFD-132,38.96199678,-104.7596887,25,48.4,79.9,same_feeder_ambiguous
1309970,8335,8374,53468,7,7,1,6,0.8571,0.7143,1.0,6,3,3,1.0,7810832590,6545 RED FEATHER DR,COLO SPGS,38.92612176,-104.8410347,12WN-22,-104.8410347,38.92612176,38.926121,-104.841038,0.3,False,UG2156,UG002156,12WN-22,UG Transformer Bank,RCOM-93,38.92645446,-104.8416388,25,UG2155,UG002155,12WN-22,UG Transformer Bank,RCOM-92,38.92594201,-104.8416345,25,64.0,55.6,same_feeder_ambiguous
1306084,23058,23074,53495,7,7,1,6,0.8571,0.7143,1.0,6,3,3,1.0,5488366766,"1715 SMOKE RIDGE DR, SPKG E",COLO SPGS,38.92691099,-104.8584112,12OV-2,-104.8584112,38.92691099,38.926973,-104.858402,6.9,False,PD5465,PD005465,12OV-2,UG Transformer Bank,RVSF-13,38.92725116,-104.8585667,25,PD5466,PD005466,12OV-2,UG Transformer Bank,RVSF-18,38.92690754,-104.8579347,25,40.1,41.2,same_feeder_ambiguous
1310319,6087,6093,54226,7,7,1,6,0.8571,0.7143,1.0,6,3,3,1.0,2272140460,8870 APRIL DR,COLO SPGS,38.96040364,-104.7581424,13BG-3,-104.7581424,38.96040364,38.960373,-104.758199,6.0,False,PD574,PD000574,13BG-3,UG Transformer Bank,RGV-114,38.96057854,-104.7581851,25,PD585,PD000585,13BG-3,UG Transformer Bank,RGV-113,38.96033438,-104.7578049,25,19.8,30.2,same_feeder_ambiguous
1310995,22130,6040,54280,7,7,1,6,0.8571,0.7143,1.0,6,3,3,1.0,4206735496,2765 HEATHROW DR,COLO SPGS,38.96189433,-104.7726649,12KC-11,-104.7726649,38.96189433,38.961904,-104.772657,1.3,False,PD8504,PD008504,12KC-11,UG Transformer Bank,RSFD-72,38.96201035,-104.7731362,25,PD8196,PD008196,12KC-11,UG Transformer Bank,RSFD-98,38.96207204,-104.7722827,25,42.7,38.5,same_feeder_ambiguous
1220762,19073,19068,44824,10,10,1,8,0.8,0.7,1.0,9,3,3,1.0,7552640037,4280 PEBBLE RIDGE CIR APT 117,COLO SPGS,38.7696155,-104.8112874,13SR-1,-104.8112874,38.7696155,38.769633,-104.811433,12.8,False,PD12193,PD012193,13SR-1,UG Transformer Bank,CCR-9,38.76962343,-104.8111959,75,PD12192,PD012192,13SR-1,UG Transformer Bank,CCR-8,38.76969873,-104.811687,75,8.0,35.9,same_feeder_ambiguous
1220643,19038,19068,44824,10,10,1,8,0.8,0.7,1.0,9,3,3,1.0,5193238413,4260 PEBBLE RIDGE CIR APT 107,COLO SPGS,38.77000569,-104.8119205,13SR-1,-104.8119205,38.77000569,38.770039,-104.811911,3.8,False,PD12190,PD012190,13SR-1,UG Transformer Bank,CCR-7,38.77030108,-104.8119192,100,PD12192,PD012192,13SR-1,UG Transformer Bank,CCR-8,38.76969873,-104.811687,75,32.8,39.7,same_feeder_ambiguous
1286124,2085,152955,49613,10,10,1,8,0.8,0.7,1.0,9,3,3,1.0,1213066910,"119 LOVERS LN, HSEMTR",MANITOU,38.85799503,-104.9147463,12HY-1,-104.9147463,38.85799503,38.858018,-104.914737,2.7,False,OH48310,OH048310,12HY-1,OH Transformer Bank,,38.85816552,-104.9151607,25,UG28159,UG028159,12HY-1,UG Transformer Bank,CMAR-24,38.85747174,-104.9139728,75,40.6,88.7,same_feeder_ambiguous
1278062,2112,152955,49613,10,10,1,8,0.8,0.7,1.0,9,3,3,1.0,4565707445,"708 MANITOU AVE, PRKLTS",MANITOU,38.85786419,-104.9145134,12HY-1,-104.9145134,38.85786419,38.857732,-104.914774,26.9,False,OH45876,OH045876,12HY-1,OH Transformer Bank,,38.85773681,-104.9153549,100,UG28159,UG028159,12HY-1,UG Transformer Bank,CMAR-24,38.85747174,-104.9139728,75,74.2,64.0,same_feeder_ambiguous
1132927,310079,343406,3953,13,13,2,11,0.8462,0.6923,1.0,12,3,3,1.0,9722847547,,,38.93289081,-104.6834336,12ST-22,-104.6834336,38.93289081,38.932829,-104.683424,6.9,False,PD102974,PD102974,12ST-22,UG Transformer Bank,RIRN-41,38.93268041,-104.6837888,25,PD103928,PD103928,12ST-22,UG Transformer Bank,RIRN-51,38.93341328,-104.6838,50,38.6,66.2,same_feeder_ambiguous
1250651,310079,343406,3953,13,13,2,11,0.8462,0.6923,1.0,12,3,3,1.0,9720706420,7107 ISSAQUAH DR,COLO SPGS,38.9328359,-104.6834343,12ST-22,-104.6834343,38.9328359,38.932829,-104.683424,1.2,False,PD102974,PD102974,12ST-22,UG Transformer Bank,RIRN-41,38.93268041,-104.6837888,25,PD103928,PD103928,12ST-22,UG Transformer Bank,RIRN-51,38.93341328,-104.6838,50,35.2,71.6,same_feeder_ambiguous
1158399,3869,3906,31575,13,13,2,11,0.8462,0.6923,1.0,12,3,3,1.0,9652695590,613 S UNION BLVD,COLO SPGS,38.82277062,-104.7940723,12EG-2,-104.7940723,38.82277062,38.822797,-104.794062,3.1,False,OH18975,OH018975,12EG-2,OH Transformer Bank,,38.8231222,-104.793726,25,OH18995,OH018995,12EG-2,OH Transformer Bank,,38.82196335,-104.7937619,15,49.3,93.7,same_feeder_ambiguous
1158383,3869,3906,31575,13,13,2,11,0.8462,0.6923,1.0,12,3,3,1.0,5538365689,610 MANITOBA DR,COLO SPGS,38.82292109,-104.7936406,12EG-2,-104.7936406,38.82292109,38.822953,-104.793627,3.7,False,OH18975,OH018975,12EG-2,OH Transformer Bank,,38.8231222,-104.793726,25,OH18995,OH018995,12EG-2,OH Transformer Bank,,38.82196335,-104.7937619,15,23.6,107.0,same_feeder_ambiguous
1112499,14701,25871,1123,15,15,2,12,0.8,0.6667,1.0,14,3,3,1.0,9617791767,5102 GALLEY RD LOT 110B,COLO SPGS,38.84771527,-104.7359433,13PV-3,-104.7359433,38.84771527,38.84774,-104.735911,3.9,False,UG5068,UG005068,13PV-3,UG Transformer Bank,MCP-8,38.84784282,-104.7362088,25,UG5067,UG005067,13PV-3,UG Transformer Bank,MCP-9,38.84765256,-104.7355091,25,27.0,38.2,same_feeder_ambiguous
1148201,14701,25871,1123,15,15,2,12,0.8,0.6667,1.0,14,3,3,1.0,1592279356,5102 GALLEY RD LOT 113A,COLO SPGS,38.84748359,-104.7359888,13PV-3,-104.7359888,38.84748359,38.847508,-104.735974,3.0,False,UG5068,UG005068,13PV-3,UG Transformer Bank,MCP-8,38.84784282,-104.7362088,25,UG5067,UG005067,13PV-3,UG Transformer Bank,MCP-9,38.84765256,-104.7355091,25,44.3,45.6,same_feeder_ambiguous
1084339,294400,294399,17336,12,12,2,10,0.8333,0.6667,1.0,11,3,3,1.0,3889032863,6420 MARILEE WAY,COLO SPGS,38.76556748,-104.7066681,12HZ-12,-104.7066681,38.76556748,38.765561,-104.706658,1.1,False,PD102494,PD102494,12HZ-12,UG Transformer Bank,RPS-120,38.76542485,-104.7062003,25,PD102493,PD102493,12HZ-12,UG Transformer Bank,RPS-119,38.76542191,-104.7071513,25,43.5,44.9,same_feeder_ambiguous
1075104,294400,294399,17336,12,12,2,10,0.8333,0.6667,1.0,11,3,3,1.0,3889032819,,,38.76562239,-104.7066674,12HZ-12,-104.7066674,38.76562239,38.765561,-104.706658,6.9,False,PD102494,PD102494,12HZ-12,UG Transformer Bank,RPS-120,38.76542485,-104.7062003,25,PD102493,PD102493,12HZ-12,UG Transformer Bank,RPS-119,38.76542191,-104.7071513,25,46.1,47.5,same_feeder_ambiguous
1249988,23153,23143,30113,12,12,2,10,0.8333,0.6667,1.0,11,3,3,1.0,4103776672,6320 FALL RIVER DR,COLO SPGS,38.92431704,-104.7624035,13CW-12,-104.7624035,38.92431704,38.924311,-104.76243,2.4,False,PD1102,PD001102,13CW-12,UG Transformer Bank,RN-43,38.92441523,-104.7621544,50,PD1101,PD001101,13CW-12,UG Transformer Bank,RN-44,38.92470027,-104.7629458,25,24.2,63.4,same_feeder_ambiguous
1135854,23153,23143,30113,12,12,2,10,0.8333,0.6667,1.0,11,3,3,1.0,4104635660,,,38.92431713,-104.7624399,13CW-12,-104.7624399,38.92431713,38.924311,-104.76243,1.1,False,PD1102,PD001102,13CW-12,UG Transformer Bank,RN-43,38.92441523,-104.7621544,50,PD1101,PD001101,13CW-12,UG Transformer Bank,RN-44,38.92470027,-104.7629458,25,27.0,61.1,same_feeder_ambiguous
1223758,27256,27249,36744,12,12,2,10,0.8333,0.6667,1.0,11,3,3,1.0,6593179835,1412 COOLCREST DR,COLO SPGS,38.77137865,-104.8024119,12BY-32,-104.8024119,38.77137865,38.771389,-104.802404,1.3,False,PD12679,PD012679,12BY-32,UG Transformer Bank,RCHM-78,38.77102454,-104.8023744,25,PD12678,PD012678,12BY-32,UG Transformer Bank,RCHM-79,38.77133256,-104.8029842,25,39.5,49.9,same_feeder_ambiguous
1174425,27256,27249,36744,12,12,2,10,0.8333,0.6667,1.0,11,3,3,1.0,6593170162,,,38.7714223,-104.8024138,12BY-32,-104.8024138,38.7714223,38.771389,-104.802404,3.8,False,PD12679,PD012679,12BY-32,UG Transformer Bank,RCHM-78,38.77102454,-104.8023744,25,PD12678,PD012678,12BY-32,UG Transformer Bank,RCHM-79,38.77133256,-104.8029842,25,44.4,50.4,same_feeder_ambiguous
1001401,302,323,408,9,9,1,7,0.7778,0.6667,1.0,8,3,3,1.0,3884298138,6770 BOULDER ST,GN MTN FLS,38.93143895,-105.0165912,12GM-4,-105.0165912,38.93143895,38.931316,-105.017003,38.2,False,OH40622,OH040622,12GM-4,OH Transformer Bank,,38.93275731,-105.0165555,37,OH51182,OH051182,12GM-4,OH Transformer Bank,,38.93086244,-105.0172114,25,146.6,83.6,same_feeder_ambiguous
1001998,320,323,408,9,9,1,7,0.7778,0.6667,1.0,8,3,3,1.0,2169943660,6755 GARFIELD AVE,GN MTN FLS,38.9306842,-105.015956,12GM-4,-105.015956,38.9306842,38.930953,-105.016132,33.5,False,OH50017,OH050017,12GM-4,OH Transformer Bank,,38.93094287,-105.0154885,25,OH51182,OH051182,12GM-4,OH Transformer Bank,,38.93086244,-105.0172114,25,49.6,110.4,same_feeder_ambiguous
1137771,473123,473127,31766,11,9,1,7,0.7778,0.6667,1.0,10,3,3,1.0,662478612,3068 TARPON HTS,COLO SPGS,38.78829407,-104.7317989,12JW-1,-104.7317989,38.78829407,38.788286,-104.731788,1.3,False,PD109966,PD109966,12JW-1,UG Transformer Bank,RSBR-13,38.78836863,-104.7316534,25,PD109970,PD109970,12AP-2,UG Transformer Bank,RSBR-18,38.78814559,-104.7308395,50,15.1,84.8,same_feeder_ambiguous
1137778,473122,473127,31766,11,9,1,7,0.7778,0.6667,1.0,10,3,3,1.0,9934549711,3092 TARPON HTS,COLO SPGS,38.78803698,-104.7318114,12JW-1,-104.7318114,38.78803698,38.78803,-104.731801,1.2,False,PD109965,PD109965,12JW-1,UG Transformer Bank,RSBR-12,38.78818423,-104.731689,50,PD109970,PD109970,12AP-2,UG Transformer Bank,RSBR-18,38.78814559,-104.7308395,50,19.5,85.1,same_feeder_ambiguous
1146024,14724,25873,33017,9,9,1,7,0.7778,0.6667,1.0,8,3,3,1.0,6993786024,5102 GALLEY RD LOT 552AE,COLO SPGS,38.84730044,-104.7339245,13PV-3,-104.7339245,38.84730044,38.847335,-104.733912,4.0,False,UG5078,UG005078,13PV-3,UG Transformer Bank,MCP-34,38.84755497,-104.7333467,25,UG5077,UG005077,13PV-3,UG Transformer Bank,MCP-13,38.84754242,-104.7340922,37.5,57.5,30.6,same_feeder_ambiguous
1146055,25813,25873,33017,9,9,1,7,0.7778,0.6667,1.0,8,3,3,1.0,2408935003,5102 GALLEY RD LOT 340A,COLO SPGS,38.84751838,-104.7342144,13PV-3,-104.7342144,38.84751838,38.847556,-104.734201,4.3,False,UG5060,UG005060,13PV-3,UG Transformer Bank,MCP-18,38.84909732,-104.7373356,25,UG5077,UG005077,13PV-3,UG Transformer Bank,MCP-13,38.84754242,-104.7340922,37.5,322.3,10.9,same_feeder_ambiguous
1158516,17241,17203,35194,9,9,1,7,0.7778,0.6667,1.0,8,3,3,1.0,266282973,,,38.79982015,-104.7922727,13HK-2,-104.7922727,38.79982015,38.79985,-104.792254,3.7,False,UG10310,UG010310,13HK-2,UG Transformer Bank,MGV-9,38.7994845,-104.7922563,25,UG10309,UG010309,13HK-2,UG Transformer Bank,MGV-8,38.80013274,-104.7925344,25,37.3,41.5,same_feeder_ambiguous
1237748,17247,17203,35194,9,9,1,7,0.7778,0.6667,1.0,8,3,3,1.0,3665664810,2840 S CIRCLE DR LOT 249,COLO SPGS,38.79957664,-104.7927586,13HK-2,-104.7927586,38.79957664,38.799525,-104.7928,6.8,False,UG10314,UG010314,13HK-2,UG Transformer Bank,MGV-6,38.79940291,-104.7928596,25,UG10309,UG010309,13HK-2,UG Transformer Bank,MGV-8,38.80013274,-104.7925344,25,21.2,64.8,same_feeder_ambiguous
1186373,19561,19566,39830,9,9,1,7,0.7778,0.6667,1.0,8,3,3,1.0,3677256109,12 JESSANA HTS,COLO SPGS,38.75617692,-104.8317797,12JL-2,-104.8317797,38.75617692,38.756172,-104.831773,0.8,False,PD12090,PD012090,12JL-2,UG Transformer Bank,RBO-7,38.75654954,-104.8320576,25,PD11908,PD011908,12JL-2,UG Transformer Bank,RMO-4,38.75620807,-104.8309578,50,47.9,71.4,same_feeder_ambiguous
1186332,27437,19566,39830,9,9,1,7,0.7778,0.6667,1.0,8,3,3,1.0,8679244895,72 JESSANA HTS,COLO SPGS,38.75602889,-104.8303582,12JL-2,-104.8303582,38.75602889,38.755951,-104.830292,10.4,False,PD11907,PD011907,12JL-2,UG Transformer Bank,RMO-3,38.75650817,-104.830481,25,PD11908,PD011908,12JL-2,UG Transformer Bank,RMO-4,38.75620807,-104.8309578,50,54.3,55.7,same_feeder_ambiguous
1304323,19707,19702,151,6,6,1,5,0.8333,0.6667,1.0,5,3,3,1.0,5355666205,8160 PIUTE RD LOT A142,COLO SPGS,38.71356188,-104.8269268,12JL-1,-104.8269268,38.71356188,38.713595,-104.826916,3.8,False,UG20987,UG020987,12JL-1,UG Transformer Bank,MLM-34,38.71366942,-104.8270241,25,UG20988,UG020988,12JL-1,UG Transformer Bank,MLM-33,38.71372023,-104.8267043,50,14.6,26.1,same_feeder_ambiguous
1003705,19681,19683,170,6,6,1,5,0.8333,0.6667,1.0,5,3,3,1.0,3029528967,8160 PIUTE RD LOT C210,COLO SPGS,38.71491531,-104.8260414,12JL-1,-104.8260414,38.71491531,38.714922,-104.82609,4.3,False,UG20983,UG020983,12JL-1,UG Transformer Bank,MLM-20,38.71525572,-104.8258496,50,UG20984,UG020984,12JL-1,UG Transformer Bank,MLM-19,38.71517542,-104.8267578,25,41.3,68.6,same_feeder_ambiguous
1003659,302,298,192,6,6,1,5,0.8333,0.6667,1.0,5,3,3,1.0,482180560,6830 HOWARD ST,GN MTN FLS,38.93283997,-105.0156609,12GM-4,-105.0156609,38.93283997,38.932876,-105.015629,4.9,False,OH40622,OH040622,12GM-4,OH Transformer Bank,,38.93275731,-105.0165555,37,OH50064,OH050064,12GM-4,OH Transformer Bank,,38.93306751,-105.0151891,25,77.9,48.0,same_feeder_ambiguous
1000836,19677,19676,198,6,6,1,5,0.8333,0.6667,1.0,5,3,3,1.0,3401034395,8160 PIUTE RD LOT A50,COLO SPGS,38.71563791,-104.8260098,12JL-1,-104.8260098,38.71563791,38.71567,-104.825997,3.7,False,UG20981,UG020981,12JL-1,UG Transformer Bank,MLM-5,38.71572105,-104.8254922,25,UG20982,UG020982,12JL-1,UG Transformer Bank,MLM-6,38.71576203,-104.8263405,25,45.8,31.8,same_feeder_ambiguous
1001991,19820,356,466,6,6,1,5,0.8333,0.6667,1.0,5,3,3,1.0,8177145141,6680 SPRUCE AVE,GN MTN FLS,38.92846198,-105.0121947,12GM-4,-105.0121947,38.92846198,38.928523,-105.012504,27.6,False,OH50160,OH050160,12GM-4,OH Transformer Bank,,38.92849573,-105.0117688,50,OH50157,OH050157,12GM-4,OH Transformer Bank,,38.92904734,-105.0127078,15,37.0,78.8,same_feeder_ambiguous
1001780,230,255,470,6,6,1,5,0.8333,0.6667,1.0,5,3,3,1.0,8014962544,7095 IONA AVE,GN MTN FLS,38.93675937,-105.0227396,12GM-4,-105.0227396,38.93675937,38.936968,-105.022748,23.2,False,OH49063,OH049063,12GM-4,OH Transformer Bank,,38.93688326,-105.0226229,15,OH49059,OH049059,12GM-4,OH Transformer Bank,,38.93559718,-105.0226166,15,17.1,129.7,same_feeder_ambiguous
1001794,157,185,558,6,6,1,5,0.8333,0.6667,1.0,5,3,3,1.0,6848345748,10855 ORA ST,GN MTN FLS,38.93852415,-105.0162048,12GM-4,-105.0162048,38.93852415,38.938622,-105.020711,389.9,True,OH49123,OH049123,12GM-4,OH Transformer Bank,,38.93966955,-105.0169827,25,OH49198,OH049198,12GM-4,OH Transformer Bank,,38.93862173,-105.0198997,50,144.0,319.8,same_feeder_ambiguous
1001578,9403,19852,563,6,6,1,5,0.8333,0.6667,1.0,5,3,3,1.0,6852076311,9250 SHOSHONE RD,CASCADE,38.91621093,-104.9908262,12GM-4,-104.9908262,38.91621093,38.916221,-104.990818,1.3,False,UG21757,UG021757,12GM-4,UG Transformer Bank,RPKE-1,38.91594949,-104.9904028,25,OH50638,OH050638,12GM-4,OH Transformer Bank,,38.91614018,-104.992173,25,46.8,116.8,same_feeder_ambiguous
1001881,84773,385,572,6,6,1,5,0.8333,0.6667,1.0,5,3,3,1.0,5367959278,10140 MOUNTAIN RD,CASCADE,38.9260179,-105.0078097,12GM-4,-105.0078097,38.9260179,38.926023,-105.007742,5.9,False,OH50188,OH050188,12GM-4,OH Transformer Bank,,38.92639962,-105.0076435,15,OH50189,OH050189,12GM-4,OH Transformer Bank,,38.9261157,-105.0072599,25,44.8,48.8,same_feeder_ambiguous
1008891,11667,24729,582,6,6,1,5,0.8333,0.6667,1.0,5,3,3,1.0,9654304185,3904 RANCH BLUFF CT,COLO SPGS,38.88740119,-104.6938632,12ST-23,-104.6938632,38.88740119,38.887394,-104.693853,1.2,False,PD14365,PD014365,12ST-23,UG Transformer Bank,RNRG-7,38.88777791,-104.6933856,25,PD14367,PD014367,12ST-23,UG Transformer Bank,RNRG-8,38.8871735,-104.6941254,50,58.9,34.0,same_feeder_ambiguous
1011260,30683,30685,801,6,6,1,5,0.8333,0.6667,1.0,5,3,3,1.0,6817805678,5010 CHIPITA PINES DR,CASCADE,38.90592464,-104.9763152,12HY-2,-104.9763152,38.90592464,38.905918,-104.976305,1.2,False,PD14235,PD014235,12HY-2,UG Transformer Bank,RPPME-20,38.90583269,-104.9757193,25,PD14236,PD014236,12HY-2,UG Transformer Bank,RPPME-2,38.90627801,-104.9754083,50,52.6,87.8,same_feeder_ambiguous
1039913,8889,8911,868,6,6,1,5,0.8333,0.6667,1.0,5,3,3,1.0,55708315,6138 ROCKVILLE DR,COLO SPGS,38.91985808,-104.7167346,12BG-24,-104.7167346,38.91985808,38.919832,-104.716817,7.7,False,PD13747,PD013747,12BG-24,UG Transformer Bank,RRV-210,38.9202,-104.7166014,50,PD13748,PD013748,12BG-24,UG Transformer Bank,RRV-209,38.91997141,-104.7164284,50,39.7,29.3,same_feeder_ambiguous
1095444,391393,391390,916,6,6,1,5,0.8333,0.6667,1.0,5,3,3,1.0,1993512417,3689 LEVY PARK DR,COLO SPGS,38.88449466,-104.7110257,12ST-24,-104.7110257,38.88449466,38.884489,-104.711015,1.1,False,PD108800,PD108800,12ST-24,UG Transformer Bank,RGSC-45,38.88479586,-104.711205,25,PD108799,PD108799,12ST-24,UG Transformer Bank,RGSC-41,38.88431358,-104.7110893,25,36.9,20.9,same_feeder_ambiguous
1002612,24265,10453,1052,6,6,1,5,0.8333,0.6667,1.0,5,3,3,1.0,6811362502,4930 ARDLEY DR,COLO SPGS,38.90127632,-104.7127441,12ST-1,-104.7127441,38.90127632,38.901277,-104.7127,3.8,False,PD14669,PD014669,12ST-21,UG Transformer Bank,RSHR-216,38.90100968,-104.7127313,25,PD14668,PD014668,12ST-21,UG Transformer Bank,RSHR-217,38.90153353,-104.7126081,25,29.7,30.9,same_feeder_ambiguous
1002678,17682,17646,1118,6,6,1,5,0.8333,0.6667,1.0,5,3,3,1.0,1645385186,"2656 MASON WAY, MOBILE",COLO SPGS,38.79346545,-104.7340451,13KE-64,-104.7340451,38.79346545,38.79349,-104.734035,2.9,False,PD5709,PD005709,13KE-64,UG Transformer Bank,RMPS-50,38.79324877,-104.7337811,25,PD5710,PD005710,13KE-64,UG Transformer Bank,RMPS-32,38.79370682,-104.7337571,25,33.2,36.7,same_feeder_ambiguous
1115276,25596,25593,1122,6,6,1,5,0.8333,0.6667,1.0,5,3,3,1.0,8477986750,1625 N MURRAY BLVD APT 155,COLO SPGS,38.85657734,-104.7469318,13RI-11,-104.7469318,38.85657734,38.857154,-104.746323,83.0,False,UG4618,UG004618,13RI-11,UG Transformer Bank,AFF-8,38.85671294,-104.7471417,25,UG2664,UG002664,13RI-11,UG Transformer Bank,AFF-9,38.85698368,-104.7464722,25,23.6,60.2,same_feeder_ambiguous
1003688,19685,19695,1225,6,6,1,5,0.8333,0.6667,1.0,5,3,3,1.0,7579834132,8160 PIUTE RD LOT B189,COLO SPGS,38.71441156,-104.8253239,12JL-1,-104.8253239,38.71441156,38.714406,-104.825336,1.2,False,UG21050,UG021050,12JL-1,UG Transformer Bank,MLM-22,38.71467121,-104.824956,25,UG21049,UG021049,12JL-1,UG Transformer Bank,MLM-23,38.71412045,-104.8253394,25,43.0,32.4,same_feeder_ambiguous
1231809,19702,19693,1229,6,6,1,5,0.8333,0.6667,1.0,5,3,3,1.0,3881570512,8160 PIUTE RD LOT C226,COLO SPGS,38.71415447,-104.8266216,12JL-1,-104.8266216,38.71415447,38.71418,-104.826659,4.3,False,UG20988,UG020988,12JL-1,UG Transformer Bank,MLM-33,38.71372023,-104.8267043,50,UG20986,UG020986,12JL-1,UG Transformer Bank,MLM-32,38.71423803,-104.8263129,25,48.8,28.3,same_feeder_ambiguous
1003634,19695,19697,1241,6,6,1,5,0.8333,0.6667,1.0,5,3,3,1.0,2063583141,8160 PIUTE RD LOT B183,COLO SPGS,38.71422744,-104.8256443,12JL-1,-104.8256443,38.71422744,38.714131,-104.825566,12.7,False,UG21049,UG021049,12JL-1,UG Transformer Bank,MLM-23,38.71412045,-104.8253394,25,UG21048,UG021048,12JL-1,UG Transformer Bank,MLM-30,38.71398402,-104.8256515,25,29.0,27.1,same_feeder_ambiguous
1003753,19708,19706,1261,6,6,1,5,0.8333,0.6667,1.0,5,3,3,1.0,3195531411,8160 PIUTE RD LOT A165,COLO SPGS,38.71339689,-104.8257294,12JL-1,-104.8257294,38.71339689,38.713425,-104.825738,3.2,False,UG21046,UG021046,12JL-1,UG Transformer Bank,MLM-28,38.71328771,-104.8259102,25,UG21047,UG021047,12JL-1,UG Transformer Bank,MLM-29,38.71367624,-104.8259317,50,19.8,35.7,same_feeder_ambiguous
1003795,19679,19684,1290,6,6,1,5,0.8333,0.6667,1.0,5,3,3,1.0,7878137044,8160 PIUTE RD LOT A64,COLO SPGS,38.71520814,-104.8274218,12JL-1,-104.8274218,38.71520814,38.715241,-104.827418,3.7,False,UG20989,UG020989,12JL-1,UG Transformer Bank,MLM-7,38.71562633,-104.8272997,25,UG20990,UG020990,12JL-1,UG Transformer Bank,MLM-8,38.71514442,-104.8277473,25,47.7,29.1,same_feeder_ambiguous
1004245,13370,13341,1370,6,6,1,5,0.8333,0.6667,1.0,5,3,3,1.0,5401169693,6590 BISMARK RD,COLO SPGS,38.86915838,-104.7050955,13PR-4,-104.7050955,38.86915838,38.869162,-104.705066,2.6,False,PD3237,PD003237,13PR-4,UG Transformer Bank,RCHN-18,38.86904798,-104.7061733,25,PD3238,PD003238,13PR-4,UG Transformer Bank,RCHN-22,38.86945866,-104.7047686,25,94.1,43.8,same_feeder_ambiguous
1025449,24846,24837,1426,6,6,1,5,0.8333,0.6667,1.0,5,3,3,1.0,2219220715,3555 COWHAND DR,COLO SPGS,38.88450107,-104.7046151,12CL-11,-104.7046151,38.88450107,38.884465,-104.704654,5.2,False,PD8473,PD008473,12CL-11,UG Transformer Bank,RCSR-107,38.88417771,-104.7042731,15,PD8472,PD008472,12CL-11,UG Transformer Bank,RCSR-115,38.8843677,-104.7049645,25,46.6,33.7,same_feeder_ambiguous
1004281,22789,7486,1475,6,6,1,5,0.8333,0.6667,1.0,5,3,3,1.0,6468280956,4847 BUTTERFIELD DR,COLO SPGS,38.93471679,-104.7370641,13BG-1,-104.7370641,38.93471679,38.934773,-104.737106,7.2,False,PD11861,PD011861,13BG-1,UG Transformer Bank,RWT-8,38.93434851,-104.7371286,25,PD11868,PD011868,13BG-1,UG Transformer Bank,RWT-4,38.93495815,-104.7367349,25,41.3,39.1,same_feeder_ambiguous
1021421,25390,13249,1513,6,6,1,5,0.8333,0.6667,1.0,5,3,3,1.0,2685822428,1245 PIROS DR,COLO SPGS,38.87041303,-104.7074924,13PR-4,-104.7074924,38.87041303,38.870444,-104.707483,3.5,False,PD3230,PD003230,13PR-4,UG Transformer Bank,RCHN-10,38.87003911,-104.7074925,25,PD3231,PD003231,13PR-4,UG Transformer Bank,RCHN-41,38.87075023,-104.7079768,25,41.6,56.3,same_feeder_ambiguous
1004581,23048,23066,1573,6,6,1,5,0.8333,0.6667,1.0,5,3,3,1.0,5205334778,5095 HAWK SPRINGS DR,COLO SPGS,38.92667777,-104.7323102,12AP-1,-104.7323102,38.92667777,38.926252,-104.732181,48.6,False,PD14586,PD014586,12AP-1,UG Transformer Bank,RSU-16,38.92673482,-104.7320847,25,PD14585,PD014585,12AP-1,UG Transformer Bank,RSU-15,38.92627286,-104.7315574,25,20.5,79.2,same_feeder_ambiguous
1005143,6657,6656,1768,6,6,1,5,0.8333,0.6667,1.0,5,3,3,1.0,9850595567,5742 STABLE CT,COLO SPGS,38.94927562,-104.7221788,12BG-21,-104.7221788,38.94927562,38.949249,-104.722182,3.0,False,PD14688,PD014688,12BG-21,UG Transformer Bank,RF-144,38.94892968,-104.7217343,25,PD14687,PD014687,12BG-21,UG Transformer Bank,RF-143,38.94894064,-104.7225695,25,54.4,50.3,same_feeder_ambiguous
1006545,9651,9637,1836,6,6,1,5,0.8333,0.6667,1.0,5,3,3,1.0,3237852688,6165 PLOWSHARE CT,COLO SPGS,38.91097652,-104.7040596,12ST-4,-104.7040596,38.91097652,38.911011,-104.704049,3.9,False,PD7682,PD007682,12ST-4,UG Transformer Bank,RSHR-163,38.91101382,-104.7044599,25,PD7683,PD007683,12ST-4,UG Transformer Bank,RSHR-164,38.91116598,-104.7039217,25,34.9,24.2,same_feeder_ambiguous
1008477,24691,11715,1846,6,6,1,5,0.8333,0.6667,1.0,5,3,3,1.0,7337802187,3831 SPRINGS RANCH DR,COLO SPGS,38.88769454,-104.6952664,12ST-23,-104.6952664,38.88769454,38.887718,-104.695336,6.6,False,PD14369,PD014369,12ST-23,UG Transformer Bank,RNRG-10,38.88806694,-104.6954663,10,PD14370,PD014370,12ST-23,UG Transformer Bank,RNRG-11,38.88737474,-104.6954986,25,44.9,40.8,same_feeder_ambiguous
1303089,5146,5165,2002,6,6,1,5,0.8333,0.6667,1.0,5,3,3,1.0,4242298010,1311 FOREST RD,COLO SPGS,38.77064971,-104.7713802,12BY-31,-104.7713802,38.77064971,38.770643,-104.77137,1.2,False,OH18445,OH018445,12BY-31,OH Transformer Bank,,38.77096533,-104.7714274,15,OH17655,OH017655,12BY-31,OH Transformer Bank,,38.76989867,-104.7712649,25,35.3,84.1,same_feeder_ambiguous
1009014,24254,10571,2141,6,6,1,5,0.8333,0.6667,1.0,5,3,3,1.0,528253774,4762 ARDLEY DR,COLO SPGS,38.90073865,-104.7102577,12ST-1,-104.7102577,38.90073865,38.900774,-104.710247,4.0,False,PD15134,PD015134,12ST-21,UG Transformer Bank,RSHR-198,38.90140978,-104.7103183,25,PD15131,PD015131,12ST-21,UG Transformer Bank,RSHR-191,38.90042433,-104.710478,25,74.8,39.8,same_feeder_ambiguous
1006359,10593,10532,2150,6,6,1,5,0.8333,0.6667,1.0,5,3,3,1.0,327298117,4689 SKYWRITER CIR,COLO SPGS,38.90053384,-104.7156283,12ST-1,-104.7156283,38.90053384,38.900581,-104.715553,8.4,False,PD15328,PD015328,12ST-21,UG Transformer Bank,RSH23-5,38.90020751,-104.7154608,25,PD14855,PD014855,12ST-21,UG Transformer Bank,RSH23-8,38.9007803,-104.7159458,25,39.1,38.8,same_feeder_ambiguous
1021215,12214,12271,2265,6,6,1,5,0.8333,0.6667,1.0,5,3,3,1.0,5988198505,3382 HEATHER GLEN DR,COLO SPGS,38.88224302,-104.7001727,12CL-11,-104.7001727,38.88224302,38.88227,-104.700108,6.4,False,PD15162,PD015162,12CL-11,UG Transformer Bank,RHSR-14,38.88252915,-104.7002909,40,PD15095,PD015095,12CL-11,UG Transformer Bank,RHSR-19,38.88205561,-104.6998487,25,33.4,34.9,same_feeder_ambiguous
1025619,10416,10336,2342,6,6,1,5,0.8333,0.6667,1.0,5,3,3,1.0,5465739491,4947 LAREDO RIDGE DR,COLO SPGS,38.90240337,-104.7175362,12ST-24,-104.7175362,38.90240337,38.902418,-104.717601,5.8,False,PD16155,PD016155,12ST-24,UG Transformer Bank,RSHR-312,38.90209209,-104.7178215,50,PD16153,PD016153,12ST-24,UG Transformer Bank,RSHR-310,38.90286922,-104.7178145,50,42.5,57.1,same_feeder_ambiguous
1257381,63655,3533,2402,6,6,1,5,0.8333,0.6667,1.0,5,3,3,1.0,8066949981,"3703 E PIKES PEAK AVE, PHONE EQUIP",COLO SPGS,38.83187434,-104.7619843,12EG-2,-104.7619843,38.83187434,38.83213,-104.762406,46.3,False,OH19407,OH019407,12EG-2,OH Transformer Bank,,38.83170834,-104.7621795,25,OH19408,OH019408,12EG-2,OH Transformer Bank,,38.83133776,-104.7621582,15,25.0,61.5,same_feeder_ambiguous
1008361,145599,145600,2671,6,6,1,5,0.8333,0.6667,1.0,5,3,3,1.0,3576364299,8028 STEWARD LN,COLO SPGS,38.90527304,-104.6839485,12ST-23,-104.6839485,38.90527304,38.905265,-104.683938,1.3,False,PD17629,PD017629,12ST-23,UG Transformer Bank,REVE-52,38.90501103,-104.6843785,25,PD17630,PD017630,12ST-23,UG Transformer Bank,REVE-53,38.90499455,-104.6835643,25,47.3,45.4,same_feeder_ambiguous
1010385,49568,35177,2963,6,6,1,5,0.8333,0.6667,1.0,5,3,3,1.0,1321176734,4245 POPLAR BROOK DR,COLO SPGS,38.89209706,-104.6910638,12ST-23,-104.6910638,38.89209706,38.892082,-104.690957,9.4,False,PD20505,PD020505,12ST-23,UG Transformer Bank,RNRG-50,38.89237719,-104.6913226,25,PD19903,PD019903,12ST-23,UG Transformer Bank,RNRG-47,38.89172767,-104.6913894,25,38.4,49.8,same_feeder_ambiguous
1010609,79969,79968,3145,6,6,1,5,0.8333,0.6667,1.0,5,3,3,1.0,7181618836,4658 CROW CREEK DR,COLO SPGS,38.89638058,-104.6907529,12ST-3,-104.6907529,38.89638058,38.896374,-104.690742,1.2,False,PD20339,PD020339,12ST-3,UG Transformer Bank,RNRG-80,38.89625344,-104.6911446,25,PD20340,PD020340,12ST-3,UG Transformer Bank,RNRG-85,38.8967671,-104.690928,25,36.7,45.6,same_feeder_ambiguous
1027467,24072,24044,3282,6,6,1,5,0.8333,0.6667,1.0,5,3,3,1.0,2337135325,5043 OLD MILL RD,COLO SPGS,38.90442701,-104.7261382,12AP-4,-104.7261382,38.90442701,38.904457,-104.72612,3.7,False,PD5380,PD005380,12AP-4,UG Transformer Bank,ROF-89,38.90431648,-104.7266729,25,PD5379,PD005379,12AP-4,UG Transformer Bank,ROF-88,38.90492602,-104.7261659,25,47.9,55.5,same_feeder_ambiguous
1054104,88287,88286,3449,6,6,1,5,0.8333,0.6667,1.0,5,3,3,1.0,9297475938,6920 SUNGOLD DR,COLO SPGS,38.9326859,-104.7220756,12BG-24,-104.7220756,38.9326859,38.932679,-104.722065,1.2,False,PD20825,PD020825,12BG-24,UG Transformer Bank,RBP-52,38.93316779,-104.7216577,50,PD20676,PD020676,12BG-24,UG Transformer Bank,RBP-51,38.93233603,-104.7217701,50,64.6,47.0,same_feeder_ambiguous
1057375,344286,344287,3472,6,6,1,5,0.8333,0.6667,1.0,5,3,3,1.0,7973422464,7431 RIM BLUFF LN,COLO SPGS,38.93611576,-104.6624959,12ST-22,-104.6624959,38.93611576,38.936109,-104.662485,1.2,False,PD104161,PD104161,12ST-22,UG Transformer Bank,RBLR-324,38.93570394,-104.6628343,50,PD104167,PD104167,12ST-22,UG Transformer Bank,RBLR-325,38.93618161,-104.6628743,25,54.3,33.5,same_feeder_ambiguous
1011673,6780,6741,3563,6,6,1,5,0.8333,0.6667,1.0,5,3,3,1.0,4588223708,"7640 POTOMAC DR, SPKG",COLO SPGS,38.9476701,-104.7245722,12BG-21,-104.7245722,38.9476701,38.946976,-104.72444,78.0,False,PD8180,PD008180,12BG-21,UG Transformer Bank,RF-114,38.94714816,-104.7257203,25,PD8448,PD008448,12BG-21,UG Transformer Bank,RF-118,38.94758569,-104.7248944,25,115.0,29.4,same_feeder_ambiguous
1053916,22886,7845,3569,6,6,1,5,0.8333,0.6667,1.0,5,3,3,1.0,4255752617,5013 SAND HILL DR,COLO SPGS,38.93136591,-104.7337003,12BG-24,-104.7337003,38.93136591,38.931359,-104.73369,1.2,False,PD14478,PD014478,12BG-24,UG Transformer Bank,RWT-146,38.93157055,-104.7332863,25,PD13470,PD013470,12BG-24,UG Transformer Bank,RWT-107,38.93105157,-104.7338223,25,42.4,36.5,same_feeder_ambiguous
1011863,376717,376718,3614,6,6,1,5,0.8333,0.6667,1.0,5,3,3,1.0,5213927874,3231 NAMIB DR,COLO SPGS,38.87888375,-104.6807376,12ST-23,-104.6807376,38.87888375,38.878881,-104.68073,0.7,False,PD106123,PD106123,12ST-23,UG Transformer Bank,RSAND-24,38.87839238,-104.6808215,50,PD106124,PD106124,12ST-23,UG Transformer Bank,RSAND-23,38.8787189,-104.681223,50,55.1,45.8,same_feeder_ambiguous
1036357,22540,22526,3664,6,6,1,5,0.8333,0.6667,1.0,5,3,3,1.0,1782306383,3815 STEPPE TER,COLO SPGS,38.94480657,-104.7536829,12BG-21,-104.7536829,38.94480657,38.94484,-104.753685,3.7,False,PD2580,PD002580,12BG-21,UG Transformer Bank,VRR-7,38.94478585,-104.7541284,25,PD2583,PD002583,12BG-21,UG Transformer Bank,VRR-8,38.94521101,-104.7537596,25,38.6,45.5,same_feeder_ambiguous
1012844,6909,6970,3887,6,6,1,5,0.8333,0.6667,1.0,5,3,3,1.0,4089478632,"7789 HAVENWOOD DR, TERMINAL",COLO SPGS,38.94516482,-104.7455332,12BG-21,-104.7455332,38.94516482,38.945223,-104.745516,6.6,False,PD13853,PD013853,12BG-21,UG Transformer Bank,RWOB-3,38.94505577,-104.7446875,25,PD2562,PD002562,12BG-21,UG Transformer Bank,VRW-20,38.94415973,-104.745691,25,74.1,112.6,same_feeder_ambiguous
1013049,349835,11249,4038,6,6,1,5,0.8333,0.6667,1.0,5,3,3,1.0,1366657631,"5376 CRACKER BARREL CIR, CELLSITE",COLO SPGS,38.89061529,-104.7262982,12AP-2,-104.7262982,38.89061529,38.892271,-104.727606,216.1,True,PD104740,PD104740,12AP-2,UG Transformer Bank,CTMCS-1,38.89038719,-104.7267477,50,UG9511,UG009511,12AP-2,UG Transformer Bank,RTHS-78,38.89291645,-104.7286307,25,46.4,325.9,same_feeder_ambiguous
1144593,2896,21025,4206,6,6,1,5,0.8333,0.6667,1.0,5,3,3,1.0,4066772473,716 EAST HILLS RD,COLO SPGS,38.84251638,-104.7833996,13RI-1,-104.7833996,38.84251638,38.842449,-104.782899,44.0,False,OH14239,OH014239,13RI-1,OH Transformer Bank,,38.84245136,-104.7836733,25,OH14238,OH014238,13RI-1,OH Transformer Bank,,38.84236289,-104.782786,25,24.8,55.8,same_feeder_ambiguous
1059113,383807,383787,4352,6,6,1,5,0.8333,0.6667,1.0,5,3,3,1.0,5287466361,"5971 TORRISDALE VW, SPKG",COLO SPGS,38.92001554,-104.661156,12FR-32,-104.661156,38.92001554,38.920009,-104.661146,1.1,False,PD107365,PD107365,12FR-32,UG Transformer Bank,RBLR29-6,38.91982653,-104.6604795,50,PD107384,PD107384,12FR-32,UG Transformer Bank,RBLR28-1,38.92042367,-104.6603581,25,62.2,82.6,same_feeder_ambiguous
1060012,378462,378464,4413,6,6,1,5,0.8333,0.6667,1.0,5,3,3,1.0,3524083229,"4478 PEAK CREST VW, LIGHTS",COLO SPGS,38.93950454,-104.7451552,12BG-21,-104.7451552,38.93950454,38.939324,-104.745178,20.2,False,PD107212,PD107212,12BG-21,UG Transformer Bank,RTCC-5,38.93956546,-104.7451568,25,PD107214,PD107214,12BG-21,UG Transformer Bank,RTCC-7,38.93921959,-104.7449769,25,6.8,35.2,same_feeder_ambiguous
1137774,537132,537131,4627,6,6,1,5,0.8333,0.6667,1.0,5,3,3,1.0,128665564,6544 MIRO LN,COLO SPGS,38.9794059,-104.717255,12BG-23,-104.717255,38.9794059,38.979381,-104.717243,3.0,False,PD110905,PD110905,12BG-23,UG Transformer Bank,RHWR-69,38.97935267,-104.7168831,25,PD110904,PD110904,12BG-23,UG Transformer Bank,RHWR-68,38.97904324,-104.7176561,50,32.7,53.2,same_feeder_ambiguous
1102845,16841,16828,4722,6,6,1,5,0.8333,0.6667,1.0,5,3,3,1.0,7191336439,3575 IRONWOOD PL,COLO SPGS,38.8070179,-104.761083,13KE-63,-104.761083,38.8070179,38.807047,-104.761057,3.9,False,UG12904,UG012904,13KE-63,UG Transformer Bank,RPPP-47,38.80655122,-104.7606926,15,UG12905,UG012905,13KE-63,UG Transformer Bank,RPPP-46,38.80667582,-104.7613997,25,61.9,46.9,same_feeder_ambiguous
1040401,237119,237120,4757,6,6,1,5,0.8333,0.6667,1.0,5,3,3,1.0,1789068698,7778 DESERT WIND DR,COLO SPGS,38.92163476,-104.6839443,12ST-2,-104.6839443,38.92163476,38.921628,-104.683934,1.2,False,PD100380,PD100380,12ST-2,UG Transformer Bank,RIR-300,38.92142475,-104.6842723,50,PD100381,PD100381,12ST-2,UG Transformer Bank,RIR-301,38.92138308,-104.6836043,50,36.7,40.6,same_feeder_ambiguous
1124193,932,942,4820,6,6,1,5,0.8333,0.6667,1.0,5,3,3,1.0,6320830173,"3841 N CASCADE AVE, 35LITE",COLO SPGS,38.88822351,-104.82141,13NP-4,-104.82141,38.88822351,38.888303,-104.821777,33.0,False,OH8369,OH008369,13NP-4,OH Transformer Bank,,38.88833001,-104.8215736,50,OH7453,OH007453,13NP-4,OH Transformer Bank,,38.88805406,-104.8214835,50,18.5,19.9,same_feeder_ambiguous
1059542,384084,384085,4866,6,6,1,5,0.8333,0.6667,1.0,5,3,3,1.0,7047909543,"10533 GRAND LAWN CIR, SPKG",COLO SPGS,38.97956795,-104.7337023,12KC-42,-104.7337023,38.97956795,38.979457,-104.733125,51.4,False,PD108042,PD108042,12KC-42,UG Transformer Bank,RC6-16,38.97980532,-104.7343416,25,PD108043,PD108043,12KC-42,UG Transformer Bank,RC6-17,38.97980797,-104.7334401,25,61.2,35.0,same_feeder_ambiguous
1266032,338235,9495,4883,6,6,1,5,0.8333,0.6667,1.0,5,3,3,1.0,3781299016,"2807 VICKERS DR, TELMTR",COLO SPGS,38.91393224,-104.7745936,12WN-23,-104.7745936,38.91393224,38.913755,-104.775015,41.4,False,PD103219,PD103219,12WN-23,UG Transformer Bank,CVV-1,38.91391048,-104.7746729,50,UG3927,UG003927,12WN-23,UG Transformer Bank,RVW-99,38.91346971,-104.7739841,25,7.3,73.7,same_feeder_ambiguous
1158259,17307,17357,4899,6,6,1,5,0.8333,0.6667,1.0,5,3,3,1.0,2588381463,2840 S CIRCLE DR LOT 720,COLO SPGS,38.79823543,-104.7889855,13HK-2,-104.7889855,38.79823543,38.798266,-104.788965,3.8,False,UG11698,UG011698,13HK-2,UG Transformer Bank,MGV-30,38.79847626,-104.7893928,25,UG11697,UG011697,13HK-2,UG Transformer Bank,MGV-31,38.79777529,-104.7890035,25,44.3,51.2,same_feeder_ambiguous
1019066,175995,175996,5246,6,6,1,5,0.8333,0.6667,1.0,5,3,3,1.0,5414865882,5641 SHAMROCK HTS,COLO SPGS,38.92798806,-104.7249825,12AP-1,-104.7249825,38.92798806,38.927981,-104.724971,1.3,False,PD17795,PD017795,12AP-1,UG Transformer Bank,RDTT-18,38.92831029,-104.7248928,50,PD17794,PD017794,12AP-1,UG Transformer Bank,RDTT-16,38.92789182,-104.7252074,50,36.7,22.2,same_feeder_ambiguous
1275787,23513,23512,5500,6,6,1,5,0.8333,0.6667,1.0,5,3,3,1.0,1317315813,6084 NORTHWIND DR,COLO SPGS,38.91896368,-104.7590149,12AP-3,-104.7590149,38.91896368,38.91897,-104.758975,3.5,False,PD2408,PD002408,12AP-3,UG Transformer Bank,RN-13,38.91866087,-104.7588035,25,PD2403,PD002403,12AP-3,UG Transformer Bank,RN-14,38.91869615,-104.7578641,25,38.3,103.9,same_feeder_ambiguous
1023650,23134,8466,5546,6,6,1,5,0.8333,0.6667,1.0,5,3,3,1.0,5909738044,4960 DRY STONE DR,COLO SPGS,38.92478763,-104.7346361,12AP-3,-104.7346361,38.92478763,38.92476,-104.734561,7.2,False,PD14964,PD014964,12AP-3,UG Transformer Bank,RAC-7,38.92476721,-104.7352507,25,PD14963,PD014963,12AP-3,UG Transformer Bank,RAC-6,38.92439258,-104.7347225,25,53.2,44.6,same_feeder_ambiguous
1020353,8923,9019,5589,6,6,1,5,0.8333,0.6667,1.0,5,3,3,1.0,5696487220,6215 MAROON MESA DR,COLO SPGS,38.91951853,-104.747609,12AP-3,-104.747609,38.91951853,38.919419,-104.747556,12.0,False,PD9717,PD009717,12AP-3,UG Transformer Bank,RVM-29,38.9198432,-104.7476833,25,PD9713,PD009713,12AP-3,UG Transformer Bank,RVM-30,38.9190771,-104.7478582,25,36.7,53.6,same_feeder_ambiguous
1020879,23690,23710,5590,6,6,1,5,0.8333,0.6667,1.0,5,3,3,1.0,4031873640,4645 PARAMOUNT PL,COLO SPGS,38.913468,-104.7414207,13CW-12,-104.7414207,38.913468,38.913392,-104.741332,11.4,False,PD12364,PD012364,13CW-12,UG Transformer Bank,RDR-68,38.91400847,-104.7418005,25,PD12363,PD012363,13CW-12,UG Transformer Bank,RDR-67,38.9135906,-104.740912,25,68.5,46.1,same_feeder_ambiguous
1026304,13088,13016,5859,6,6,1,5,0.8333,0.6667,1.0,5,3,3,1.0,7502315729,1130 PIROS DR,COLO SPGS,38.87306268,-104.7070876,13PR-4,-104.7070876,38.87306268,38.873084,-104.707067,3.0,False,PD3203,PD003203,13PR-4,UG Transformer Bank,RCSR-8,38.8726742,-104.7072508,25,PD3343,PD003343,13PR-4,UG Transformer Bank,RCSR-9,38.87349759,-104.7072598,25,45.4,50.6,same_feeder_ambiguous
1021570,7478,7427,5884,6,6,1,5,0.8333,0.6667,1.0,5,3,3,1.0,9201208218,7256 PRAIRIE WIND DR,COLO SPGS,38.9353831,-104.7304521,13BG-1,-104.7304521,38.9353831,38.935409,-104.730344,9.8,False,PD16177,PD016177,13BG-1,UG Transformer Bank,RWT-31,38.93507309,-104.7299262,25,PD16176,PD016176,13BG-1,UG Transformer Bank,RWT-29,38.93575265,-104.7304475,25,57.1,41.1,same_feeder_ambiguous
1021672,13223,13211,5914,6,6,1,5,0.8333,0.6667,1.0,5,3,3,1.0,3479437768,6565 CHANTILLY PL,COLO SPGS,38.87098903,-104.7083711,13PR-4,-104.7083711,38.87098903,38.871024,-104.708361,4.0,False,PD3222,PD003222,13PR-4,UG Transformer Bank,RCHN-42,38.87103174,-104.7086623,25,PD3209,PD003209,13PR-4,UG Transformer Bank,RCHN-43,38.87117462,-104.7081696,25,25.7,27.0,same_feeder_ambiguous
1021778,36133,36134,5933,6,6,1,5,0.8333,0.6667,1.0,5,3,3,1.0,2443542100,6465 BARREL RACE DR,COLO SPGS,38.92326488,-104.7443434,12AP-3,-104.7443434,38.92326488,38.923257,-104.744333,1.3,False,PD14067,PD014067,12AP-3,UG Transformer Bank,RNW-111,38.922798,-104.7440953,50,PD14066,PD014066,12AP-3,UG Transformer Bank,RNW-110,38.92322487,-104.7448561,50,56.2,44.6,same_feeder_ambiguous
1035418,24329,10654,5943,6,6,1,5,0.8333,0.6667,1.0,5,3,3,1.0,5850287573,5065 CHICKWEED DR,COLO SPGS,38.90001342,-104.7339344,12AP-2,-104.7339344,38.90001342,38.900038,-104.733927,2.8,False,UG9891,UG009891,12AP-2,UG Transformer Bank,RRIS-15,38.89981819,-104.7344242,25,UG9908,UG009908,12AP-2,UG Transformer Bank,RRIS-14,38.89976371,-104.7334432,25,47.6,50.8,same_feeder_ambiguous
1021870,11987,24777,5955,6,6,1,5,0.8333,0.6667,1.0,5,3,3,1.0,4299577922,7246 BONNIE BRAE LN,COLO SPGS,38.88518758,-104.6925669,12ST-3,-104.6925669,38.88518758,38.885243,-104.692545,6.4,False,PD16353,PD016353,12ST-3,UG Transformer Bank,RRSR-48,38.88479388,-104.6919286,50,PD16352,PD016352,12ST-3,UG Transformer Bank,RRSR-46,38.88572019,-104.6927418,50,70.5,61.1,same_feeder_ambiguous
1021985,10120,10158,5985,6,6,1,5,0.8333,0.6667,1.0,5,3,3,1.0,781306108,5081 HARVEST RD,COLO SPGS,38.90502848,-104.7331111,12AP-4,-104.7331111,38.90502848,38.905059,-104.733113,3.4,False,UG7392,UG007392,12AP-4,UG Transformer Bank,ROF-26,38.90525486,-104.7326823,25,UG7393,UG007393,12AP-4,UG Transformer Bank,ROF-25,38.90479411,-104.7333176,25,44.8,31.6,same_feeder_ambiguous
1046179,173130,173122,6287,6,6,1,5,0.8333,0.6667,1.0,5,3,3,1.0,5237263424,7820 SMOKEWOOD DR,COLO SPGS,38.94542983,-104.6940297,,-104.6940297,38.94542983,38.945423,-104.694019,1.2,False,PD17787,PD017787,12FR-31,UG Transformer Bank,RFM-119,38.94487211,-104.6939977,25,PD17780,PD017780,12FR-31,UG Transformer Bank,RFM-111,38.94564558,-104.6936202,25,62.1,42.8,same_feeder_ambiguous
1185358,19545,19569,6370,6,6,1,5,0.8333,0.6667,1.0,5,3,3,1.0,4207924001,115 BRIGHAM CT,COLO SPGS,38.75675538,-104.834997,12JL-2,-104.834997,38.75675538,38.756765,-104.834989,1.3,False,PD12082,PD012082,12JL-2,UG Transformer Bank,RBBP-85,38.75723804,-104.8354293,25,PD12081,PD012081,12JL-2,UG Transformer Bank,RBBP-86,38.75618384,-104.8344971,25,65.5,76.9,same_feeder_ambiguous
1081322,13820,13833,6390,6,6,1,5,0.8333,0.6667,1.0,5,3,3,1.0,7192962147,"1890 TUSKEGEE PL, W TANK",COLO SPGS,38.85963623,-104.711767,12CL-13,-104.711767,38.85963623,38.859325,-104.711887,36.1,False,UG4838,UG004838,12CL-13,UG Transformer Bank,UCWT-1,38.85962358,-104.7109982,25,UG4849,UG004849,12CL-13,UG Transformer Bank,RW-47,38.85929464,-104.7105808,25,66.6,109.5,same_feeder_ambiguous
1023528,23402,8927,6408,6,6,1,5,0.8333,0.6667,1.0,5,3,3,1.0,4047282242,6160 WHEATGRASS DR,COLO SPGS,38.91993556,-104.7373548,12AP-3,-104.7373548,38.91993556,38.919886,-104.737452,10.1,False,PD7351,PD007351,12AP-3,UG Transformer Bank,RAM-2,38.92039848,-104.7368356,25,PD8000,PD008000,12AP-3,UG Transformer Bank,RAM-3,38.91984619,-104.7369023,25,68.3,40.4,same_feeder_ambiguous
1093836,17861,17860,6557,6,6,1,5,0.8333,0.6667,1.0,5,3,3,1.0,7409929195,"5041 ELDON DR S, MOBILE",COLO SPGS,38.79040914,-104.7344568,13KE-64,-104.7344568,38.79040914,38.790403,-104.734447,1.1,False,PD5745,PD005745,13KE-64,UG Transformer Bank,RMPS-49,38.79049592,-104.7340851,25,PD5744,PD005744,13KE-64,UG Transformer Bank,RMPS-48,38.79055001,-104.7347886,25,33.6,32.7,same_feeder_ambiguous
1024652,8665,8663,6685,6,6,1,5,0.8333,0.6667,1.0,5,3,3,1.0,1828514609,5360 LUSTER DR,COLO SPGS,38.92276022,-104.723281,12AP-1,-104.723281,38.92276022,38.922716,-104.723213,7.7,False,PD16226,PD016226,12AP-1,UG Transformer Bank,RSDV-1,38.92247985,-104.723819,25,PD16227,PD016227,12AP-1,UG Transformer Bank,RSDV-2,38.92249619,-104.7228733,25,56.0,45.9,same_feeder_ambiguous
1024794,16877,4497,6719,6,6,1,5,0.8333,0.6667,1.0,5,3,3,1.0,9920729057,"107 1/2 W CHEYENNE RD, CELLSITE",COLO SPGS,38.80611791,-104.829078,12SP-35,-104.829078,38.80611791,38.806001,-104.829069,13.0,False,PD11560,PD011560,12SP-35,UG Transformer Bank,AET-1,38.80618389,-104.829166,150,OH29673,OH029673,12SP-35,OH Transformer Bank,,38.80635361,-104.8296862,25,10.6,58.9,same_feeder_ambiguous
1035092,6790,22519,7054,6,6,1,5,0.8333,0.6667,1.0,5,3,3,1.0,4775946238,"3761 MEADOW RIDGE DR, SPKG",COLO SPGS,38.94638656,-104.756811,13CW-11,-104.756811,38.94638656,38.94643,-104.756584,20.2,False,PD658,PD000658,13CW-11,UG Transformer Bank,SAA9-2,38.94708322,-104.7562294,300,PD706,PD000706,13CW-11,UG Transformer Bank,RMMB-25,38.94537506,-104.7575595,25,92.4,129.8,same_feeder_ambiguous
1028538,8717,23274,7076,6,6,1,5,0.8333,0.6667,1.0,5,3,3,1.0,3570447530,"6005 SANTANA DR, CV",COLO SPGS,38.92189069,-104.7297081,12AP-1,-104.7297081,38.92189069,38.922037,-104.730017,31.3,False,PD5796,PD005796,12AP-1,UG Transformer Bank,RSDS-79,38.92205318,-104.7302125,25,PD5994,PD005994,12AP-1,UG Transformer Bank,RSDS-78,38.92203836,-104.7293522,25,47.2,34.9,same_feeder_ambiguous
1053661,24416,24396,7137,6,6,1,5,0.8333,0.6667,1.0,5,3,3,1.0,4007099574,5160 MAYWEED CT,COLO SPGS,38.89784606,-104.7312529,12AP-2,-104.7312529,38.89784606,38.897887,-104.731246,4.6,False,UG9920,UG009920,12AP-2,UG Transformer Bank,RRIS-39,38.89766811,-104.7309392,25,UG9916,UG009916,12AP-2,UG Transformer Bank,RRIS-38,38.89814949,-104.7316234,25,33.6,46.5,same_feeder_ambiguous
1132992,246730,247035,7246,6,6,1,5,0.8333,0.6667,1.0,5,3,3,1.0,7859380317,"7703 FOREST VALLEY LOOP, PHONE EQUIP",COLO SPGS,38.94439224,-104.6989018,,-104.6989018,38.94439224,38.944233,-104.69857,33.7,False,PD100360,PD100360,12FR-31,UG Transformer Bank,RFM-152,38.94441981,-104.699172,50,PD100359,PD100359,12FR-31,UG Transformer Bank,RFM-151,38.94470706,-104.6987183,50,23.6,38.4,same_feeder_ambiguous
1029970,6382,6433,7331,6,6,1,5,0.8333,0.6667,1.0,5,3,3,1.0,5054724776,8335 CHANCELLOR DR,COLO SPGS,38.95261516,-104.7367232,13BG-3,-104.7367232,38.95261516,38.952519,-104.736757,11.1,False,PD1545,PD001545,13BG-3,UG Transformer Bank,RF-3,38.95301698,-104.7367904,25,PD1544,PD001544,13BG-3,UG Transformer Bank,RF-4,38.95232283,-104.7368966,25,45.1,35.8,same_feeder_ambiguous
1028564,375244,17083,7530,6,6,1,5,0.8333,0.6667,1.0,5,3,3,1.0,6159761038,"2180 JET WING DR, CV",COLO SPGS,38.80287156,-104.748073,13PV-4,-104.748073,38.80287156,38.802914,-104.748009,7.3,False,PD104587,PD104587,13PV-4,UG Transformer Bank,CMW-9,38.80356332,-104.7469494,25,UG13059,UG013059,13PV-4,UG Transformer Bank,RPPP-132,38.80207625,-104.7480004,25,124.1,88.7,same_feeder_ambiguous
1028584,26566,16888,7549,6,6,1,5,0.8333,0.6667,1.0,5,3,3,1.0,8877152613,"1850 S CHELTON RD, CV",COLO SPGS,38.80586412,-104.7611646,13KE-63,-104.7611646,38.80586412,38.805809,-104.761028,13.3,False,PD6916,PD006916,13KE-63,UG Transformer Bank,RPPP-148,38.80601332,-104.760968,25,UG12917,UG012917,13KE-63,UG Transformer Bank,RPPP-23,38.80552525,-104.7620611,25,23.8,86.3,same_feeder_ambiguous
1028606,17769,26894,7568,6,6,1,5,0.8333,0.6667,1.0,5,3,3,1.0,6742937666,"2805 JET WING DR, CV",COLO SPGS,38.79208468,-104.7532755,13KE-61,-104.7532755,38.79208468,38.792015,-104.753078,18.8,False,PD5458,PD005458,13KE-61,UG Transformer Bank,CABC-1,38.79216468,-104.7532915,25,UG13852,UG013852,13KE-73,UG Transformer Bank,RSB-35,38.79132503,-104.7530361,25,9.0,87.0,cross_feeder_likely_gis_error
1080041,279680,26274,7577,6,6,1,5,0.8333,0.6667,1.0,5,3,3,1.0,6293959364,"601 CRESTLINE DR, SPKG",COLO SPGS,38.82299017,-104.7441972,12PV-2,-104.7441972,38.82299017,38.82265,-104.743859,47.8,False,PD101607,PD101607,12PV-2,UG Transformer Bank,CCC-21,38.82325304,-104.7441442,100,PD8228,PD008228,12PV-2,UG Transformer Bank,RTRA-21,38.82361361,-104.7446245,25,29.6,78.6,same_feeder_ambiguous
1029495,7629,7628,7703,6,6,1,5,0.8333,0.6667,1.0,5,3,3,1.0,7648608010,4533 BRIDLE PASS DR,COLO SPGS,38.93293505,-104.7444075,13BG-1,-104.7444075,38.93293505,38.932997,-104.744384,7.2,False,PD13169,PD013169,13BG-1,UG Transformer Bank,RNW-48,38.93331058,-104.7449474,25,PD13168,PD013168,13BG-1,UG Transformer Bank,RNW-49,38.93332894,-104.744204,25,62.6,47.2,same_feeder_ambiguous
1039194,7417,7402,7788,6,6,1,5,0.8333,0.6667,1.0,5,3,3,1.0,8458580757,4765 BRIDLE PASS DR,COLO SPGS,38.93619089,-104.7430268,13BG-1,-104.7430268,38.93619089,38.936211,-104.743114,7.9,False,PD15470,PD015470,13BG-1,UG Transformer Bank,RNW-25,38.93603394,-104.7428652,25,PD15469,PD015469,13BG-1,UG Transformer Bank,RNW-23,38.93621239,-104.7435319,25,22.4,43.8,same_feeder_ambiguous
1068248,22420,6818,8062,6,6,1,5,0.8333,0.6667,1.0,5,3,3,1.0,1372926828,7990 RANGEWOOD DR,COLO SPGS,38.94727986,-104.7532593,13CW-11,-104.7532593,38.94727986,38.947277,-104.753183,6.6,False,PD2169,PD002169,13CW-11,UG Transformer Bank,GSL-240,38.94724206,-104.7533409,25,PD2104,PD002104,12BG-21,UG Transformer Bank,VRR-11,38.94661823,-104.7523053,25,8.2,110.5,cross_feeder_likely_gis_error
1044507,7162,22635,8478,6,6,1,5,0.8333,0.6667,1.0,5,3,3,1.0,5873597574,"7505 RANGEWOOD DR, TELMTR",COLO SPGS,38.94105017,-104.7557059,12BG-21,-104.7557059,38.94105017,38.941797,-104.755678,83.1,False,PD853,PD000853,12BG-21,UG Transformer Bank,VRST-14,38.9415183,-104.7554009,25,PD858,PD000858,12BG-21,UG Transformer Bank,VRST-2,38.94174689,-104.7554766,25,58.4,80.0,same_feeder_ambiguous
1136206,11033,24470,8624,6,6,1,5,0.8333,0.6667,1.0,5,3,3,1.0,850824429,"4971 BARNES RD, CELLSITE",COLO SPGS,38.8956615,-104.7350154,12AP-2,-104.7350154,38.8956615,38.895655,-104.735005,1.2,False,PD4946,PD004946,12AP-2,UG Transformer Bank,CEC-1,38.89565722,-104.7352184,75,PD4043,PD004043,12AP-2,UG Transformer Bank,RSRS-1,38.89640166,-104.7329839,50,17.6,194.1,same_feeder_ambiguous
1044005,6446,6496,8673,6,6,1,5,0.8333,0.6667,1.0,5,3,3,1.0,4547924064,8231 HORN RUN RD,COLO SPGS,38.95170828,-104.7287334,12BG-21,-104.7287334,38.95170828,38.951718,-104.728726,1.3,False,PD8453,PD008453,12BG-21,UG Transformer Bank,RF-108,38.95199064,-104.7291556,25,PD8454,PD008454,12BG-21,UG Transformer Bank,RF-109,38.95147484,-104.7289427,25,48.2,31.6,same_feeder_ambiguous
1032886,6867,22469,8718,6,6,1,5,0.8333,0.6667,1.0,5,3,3,1.0,4325667553,7950 HENSLOW CT,COLO SPGS,38.94629141,-104.7460762,12BG-21,-104.7460762,38.94629141,38.946301,-104.746068,1.3,False,PD5779,PD005779,12BG-21,UG Transformer Bank,RHVW-5,38.94579935,-104.7459309,25,PD5778,PD005778,12BG-21,UG Transformer Bank,RHVW-6,38.94630931,-104.7459189,25,56.1,13.7,same_feeder_ambiguous
1041499,22435,22475,8769,6,6,1,5,0.8333,0.6667,1.0,5,3,3,1.0,2196662463,5119 VIENNA WAY,COLO SPGS,38.94629508,-104.7329275,13BG-3,-104.7329275,38.94629508,38.94633,-104.732917,4.0,False,PD4548,PD004548,13BG-3,UG Transformer Bank,RF-71,38.94673048,-104.7328339,25,PD4549,PD004549,13BG-3,UG Transformer Bank,RF-70,38.94617981,-104.7327987,25,49.1,17.0,same_feeder_ambiguous
1033223,341120,343394,8854,6,6,1,5,0.8333,0.6667,1.0,5,3,3,1.0,1377417574,10797 HIDDEN BROOK CIR,COLO SPGS,38.99004248,-104.7616049,12KC-12,-104.7616049,38.99004248,38.990036,-104.761594,1.2,False,PD103896,PD103896,12KC-12,UG Transformer Bank,RNF3-2,38.99056918,-104.7612159,50,PD103993,PD103993,12KC-12,UG Transformer Bank,RNF3-9,38.98960592,-104.7611552,50,67.5,62.2,same_feeder_ambiguous
1033222,285128,285129,8855,6,6,1,5,0.8333,0.6667,1.0,5,3,3,1.0,8630098268,10088 EDGEMONT RANCH LN,COLO SPGS,38.97919295,-104.746351,12KC-44,-104.746351,38.97919295,38.979186,-104.746341,1.2,False,PD102298,PD102298,12KC-44,UG Transformer Bank,RC3B-7,38.97870881,-104.7465294,50,PD102299,PD102299,12KC-44,UG Transformer Bank,RC3B-6,38.97949344,-104.7456782,50,56.0,67.1,same_feeder_ambiguous
1033282,291199,294077,8868,6,6,1,5,0.8333,0.6667,1.0,5,3,3,1.0,310478767,10520 THUNDER MOUNTAIN AVE,COLO SPGS,38.98409651,-104.757289,12KC-12,-104.757289,38.98409651,38.985114,-104.75999,259.4,True,PD102625,PD102625,12KC-12,UG Transformer Bank,RNFB1-2,38.98520497,-104.7578508,50,PD102626,PD102626,12KC-12,UG Transformer Bank,RNFB1-3,38.98619565,-104.7598551,50,132.5,322.0,same_feeder_ambiguous
1044551,6763,6726,8971,6,6,1,5,0.8333,0.6667,1.0,5,3,3,1.0,8638541135,7938 FRENCH RD,COLO SPGS,38.9476773,-104.7285189,12BG-21,-104.7285189,38.9476773,38.947712,-104.728508,4.0,False,PD7580,PD007580,12BG-21,UG Transformer Bank,RF-100,38.94744313,-104.7282846,25,PD7579,PD007579,12BG-21,UG Transformer Bank,RF-99,38.94803021,-104.7283969,25,33.0,40.6,same_feeder_ambiguous
1277925,20388,2033,8996,6,6,1,5,0.8333,0.6667,1.0,5,3,3,1.0,6551624416,130 RUXTON AVE,MANITOU,38.85866897,-104.9218516,12HY-1,-104.9218516,38.85866897,38.858668,-104.921639,18.4,False,OH48134,OH048134,12HY-1,OH Transformer Bank,,38.85857213,-104.922675,50,OH48123,OH048123,12HY-1,OH Transformer Bank,,38.8586866,-104.9212369,50,72.1,53.3,same_feeder_ambiguous
1034360,159047,159048,9096,6,6,1,5,0.8333,0.6667,1.0,5,3,3,1.0,3497151199,5788 LEON YOUNG DR,COLO SPGS,38.96731115,-104.7239686,12BG-23,-104.7239686,38.96731115,38.967304,-104.723866,8.9,False,PD16913,PD016913,12BG-23,UG Transformer Bank,RVWR-87,38.96696316,-104.7239795,25,PD16911,PD016911,12BG-23,UG Transformer Bank,RVWR-82,38.96710756,-104.7236403,25,38.7,36.3,same_feeder_ambiguous
1133006,22142,22143,9280,6,6,1,5,0.8333,0.6667,1.0,5,3,3,1.0,5617022143,"8908 BRAINARD DR, PHONE EQUIP",COLO SPGS,38.9610084,-104.7452597,12KC-31,-104.7452597,38.9610084,38.960985,-104.745294,3.9,False,PD15728,PD015728,12KC-31,UG Transformer Bank,RGV-219,38.96137033,-104.746217,50,PD11591,PD011591,12KC-31,UG Transformer Bank,RGV-179,38.96127921,-104.7445999,25,92.0,64.5,same_feeder_ambiguous
1047486,292160,292157,9284,6,6,1,5,0.8333,0.6667,1.0,5,3,3,1.0,969507039,8152 POTENTILLA GRV,COLO SPGS,38.94945398,-104.6935481,,-104.6935481,38.94945398,38.949447,-104.693538,1.2,False,PD102607,PD102607,12FR-31,UG Transformer Bank,RFM-200,38.94984117,-104.6928354,50,PD102608,PD102608,12FR-31,UG Transformer Bank,RFM-199,38.94931043,-104.6931207,50,75.2,40.3,same_feeder_ambiguous
1035839,458703,458701,9404,6,6,1,5,0.8333,0.6667,1.0,5,3,3,1.0,9986343258,"8541 BRADLEY RD, SIGN",COLO SPGS,38.76047494,-104.6695751,12HZ-13,-104.6695751,38.76047494,38.760469,-104.669597,2.0,False,PD109166,PD109166,12HZ-13,UG Transformer Bank,RBH2-12,38.76035714,-104.6690909,25,PD109165,PD109165,12HZ-13,UG Transformer Bank,RBH2-9,38.76124688,-104.6684195,25,44.0,131.9,same_feeder_ambiguous
1041316,7835,22910,9584,6,6,1,5,0.8333,0.6667,1.0,5,3,3,1.0,5366282972,3215 WOODLAND HILLS DR,COLO SPGS,38.93123793,-104.766846,13CW-4,-104.766846,38.93123793,38.931259,-104.766844,2.3,False,PD372,PD000372,13CW-4,UG Transformer Bank,SWHM-1,38.93135141,-104.7666663,25,PD5794,PD005794,13CW-4,UG Transformer Bank,RCGT-2,38.93083706,-104.7665858,25,20.0,49.9,same_feeder_ambiguous
1143711,3134,535916,9623,6,6,1,5,0.8333,0.6667,1.0,5,3,3,1.0,5313442698,2194 KEARA HTS,COLO SPGS,38.91485842,-104.8681009,12WR-2,-104.8681009,38.91485842,38.914824,-104.868091,3.9,False,OH15351,OH015351,12AR-1,OH Transformer Bank,,38.83862782,-104.7887928,50,PD110685,PD110685,12WR-2,UG Transformer Bank,RTFV-17,38.9147345,-104.8679979,25,10907.9,16.4,cross_feeder_likely_gis_error
1038052,148480,148479,9644,6,6,1,5,0.8333,0.6667,1.0,5,3,3,1.0,8438048847,4840 STEAMBOAT LAKE CT,COLO SPGS,38.97326823,-104.737465,12KC-42,-104.737465,38.97326823,38.973261,-104.737455,1.2,False,PD17670,PD017670,12KC-42,UG Transformer Bank,RC2-3,38.97295948,-104.7379502,50,PD17671,PD017671,12KC-42,UG Transformer Bank,RC2-2,38.97306977,-104.7367765,50,54.2,63.5,same_feeder_ambiguous
1037959,6730,6770,9868,6,6,1,5,0.8333,0.6667,1.0,5,3,3,1.0,3630191460,7929 FERNCLIFF DR,COLO SPGS,38.94758927,-104.7299967,12BG-21,-104.7299967,38.94758927,38.947624,-104.729986,4.0,False,PD8811,PD008811,12BG-21,UG Transformer Bank,RF-95,38.94795397,-104.7302665,25,PD8812,PD008812,12BG-21,UG Transformer Bank,RF-96,38.94737408,-104.7302017,25,46.8,29.8,same_feeder_ambiguous
1041470,6510,6475,9874,6,6,1,5,0.8333,0.6667,1.0,5,3,3,1.0,9601144709,8245 SCARBOROUGH DR,COLO SPGS,38.95171588,-104.7317115,13BG-3,-104.7317115,38.95171588,38.951743,-104.731697,3.3,False,PD1499,PD001499,13BG-3,UG Transformer Bank,RF-30,38.95134181,-104.7319499,25,PD1498,PD001498,13BG-3,UG Transformer Bank,RF-39,38.95179663,-104.7321198,25,46.4,36.4,same_feeder_ambiguous
1144724,13137,13124,9891,6,6,1,5,0.8333,0.6667,1.0,5,3,3,1.0,1889842972,5406 ALTEZA DR,COLO SPGS,38.87252818,-104.7284428,12PR-2,-104.7284428,38.87252818,38.872567,-104.728424,4.6,False,UG11185,UG011185,12PR-2,UG Transformer Bank,RVL-114,38.87237018,-104.7282279,25,UG11552,UG011552,12PR-2,UG Transformer Bank,RVL-99,38.87250891,-104.7287741,37.5,25.6,28.8,same_feeder_ambiguous
1038452,345055,354828,9977,6,6,1,5,0.8333,0.6667,1.0,5,3,3,1.0,6563389790,8085 DE ANZA PEAK TRL,COLO SPGS,38.94891629,-104.7067278,12BG-22,-104.7067278,38.94891629,38.948909,-104.706717,1.2,False,PD104590,PD104590,12BG-22,UG Transformer Bank,RCVS-54,38.94942768,-104.7071097,50,PD105038,PD105038,12BG-22,UG Transformer Bank,RCVS-65,38.94854656,-104.7071237,50,65.8,53.5,same_feeder_ambiguous
1041935,20855,20827,10755,6,6,1,5,0.8333,0.6667,1.0,5,3,3,1.0,8022236617,2302 W KIOWA ST,COLO SPGS,38.84695845,-104.8583759,13FV-3,-104.8583759,38.84695845,38.846991,-104.858318,6.2,False,OH30542,OH030542,13FV-3,OH Transformer Bank,,38.84671459,-104.8573379,25,OH30546,OH030546,13FV-3,OH Transformer Bank,,38.84741317,-104.8584699,25,93.9,51.2,same_feeder_ambiguous
1042083,376559,376558,10785,6,6,1,5,0.8333,0.6667,1.0,5,3,3,1.0,9926724748,6686 WOLF GULCH DR,COLO SPGS,38.96020753,-104.7013324,13BG-2,-104.7013324,38.96020753,38.960201,-104.701322,1.2,False,PD106516,PD106516,13BG-2,UG Transformer Bank,RWRE-63,38.96011713,-104.7020565,50,PD106517,PD106517,13BG-2,UG Transformer Bank,RWRE-64,38.95963552,-104.7014036,25,63.4,63.9,same_feeder_ambiguous
1042454,148182,148180,10851,6,6,1,5,0.8333,0.6667,1.0,5,3,3,1.0,9880037347,"7146 INDIAN RIVER DR, SPKG",COLO SPGS,38.92318599,-104.6907825,12ST-22,-104.6907825,38.92318599,38.923127,-104.691055,24.5,False,PD17533,PD017533,12ST-22,UG Transformer Bank,RIR-255,38.92290392,-104.6904414,25,PD17535,PD017535,12ST-22,UG Transformer Bank,RIR-252,38.9233294,-104.6907892,25,43.1,16.0,same_feeder_ambiguous
1042716,22316,6547,10895,6,6,1,5,0.8333,0.6667,1.0,5,3,3,1.0,5964122165,5010 HERNDON CIR,COLO SPGS,38.9506566,-104.7342666,13BG-3,-104.7342666,38.9506566,38.950688,-104.73426,3.5,False,PD2373,PD002373,13BG-3,UG Transformer Bank,RF-9,38.95083916,-104.734913,25,PD2374,PD002374,13BG-3,UG Transformer Bank,RF-10,38.95081179,-104.7338133,25,59.5,42.8,same_feeder_ambiguous
1065843,119663,119665,11167,6,6,1,5,0.8333,0.6667,1.0,5,3,3,1.0,7345102841,"13762 LAZY CREEK RD, SPKG1",COLO SPGS,39.03033356,-104.7879924,12FH-14,-104.7879924,39.03033356,39.030329,-104.787561,37.3,False,PD19659,PD019659,12FH-14,UG Transformer Bank,RFH9-17,39.03073001,-104.7881214,50,PD19661,PD019661,12FH-14,UG Transformer Bank,RFH9-15,39.03082924,-104.7874674,25,45.5,71.4,same_feeder_ambiguous
1044783,170236,170237,11335,6,6,1,5,0.8333,0.6667,1.0,5,3,3,1.0,469908241,6278 CUMBRE VISTA WAY,COLO SPGS,38.95104877,-104.7107818,12BG-22,-104.7107818,38.95104877,38.951042,-104.71077,1.3,False,PD16957,PD016957,12BG-22,UG Transformer Bank,RCVS-36,38.95094252,-104.710288,25,PD16958,PD016958,12BG-22,UG Transformer Bank,RCVS-35,38.95085675,-104.7109936,25,44.3,28.1,same_feeder_ambiguous
1044965,148807,148804,11362,6,6,1,5,0.8333,0.6667,1.0,5,3,3,1.0,9666962024,6017 CUMBRE VISTA WAY,COLO SPGS,38.94852077,-104.7137863,12BG-22,-104.7137863,38.94852077,38.948514,-104.713776,1.2,False,PD17619,PD017619,12BG-22,UG Transformer Bank,RCVS-11,38.94869037,-104.7141513,25,PD17618,PD017618,12BG-22,UG Transformer Bank,RCVS-12,38.94825267,-104.7141614,25,36.8,44.1,same_feeder_ambiguous
1045994,328315,328316,11563,6,6,1,5,0.8333,0.6667,1.0,5,3,3,1.0,7170891924,6752 DANCING WIND DR,COLO SPGS,38.92976831,-104.6849076,12ST-22,-104.6849076,38.92976831,38.929761,-104.684897,1.2,False,PD103488,PD103488,12ST-22,UG Transformer Bank,RIRN-45,38.92952335,-104.6847011,50,PD103489,PD103489,12ST-22,UG Transformer Bank,RIRN-44,38.93001857,-104.6846974,50,32.6,33.2,same_feeder_ambiguous
1046605,343195,350008,11678,6,6,1,5,0.8333,0.6667,1.0,5,3,3,1.0,289902415,"6104 RADIANT SKY LN, SPKG",COLO SPGS,38.97222332,-104.7210139,12BG-23,-104.7210139,38.97222332,38.972216,-104.721003,1.2,False,PD103703,PD103703,12BG-23,UG Transformer Bank,GSL-1001,38.97244112,-104.7206367,10,PD104755,PD104755,12BG-23,UG Transformer Bank,RWRN-18,38.97257354,-104.7222836,25,40.6,116.5,same_feeder_ambiguous
1046808,167998,167999,11706,6,6,1,5,0.8333,0.6667,1.0,5,3,3,1.0,3513570131,6153 REVELSTOKE DR,COLO SPGS,38.96831693,-104.7177453,12BG-23,-104.7177453,38.96831693,38.96831,-104.717735,1.2,False,PD16928,PD016928,12BG-23,UG Transformer Bank,RVWR-100,38.96858725,-104.7175218,25,PD16927,PD016927,12BG-23,UG Transformer Bank,RVWR-99,38.96851156,-104.7183348,25,35.7,55.4,same_feeder_ambiguous
1047832,506731,410539,11876,6,6,1,5,0.8333,0.6667,1.0,5,3,3,1.0,6984219208,"7887 COWPOKE RD, SPKG",COLO SPGS,38.94832534,-104.6807207,12FR-31,-104.6807207,38.94832534,38.948266,-104.680926,18.9,False,PD110935,PD110935,12FR-31,UG Transformer Bank,CWMDI-1,38.94833138,-104.6807,10,PD108590,PD108590,12FR-31,UG Transformer Bank,RAM2-10,38.94861089,-104.6820513,25,1.9,119.4,same_feeder_ambiguous
1056430,201607,201608,11984,6,6,1,5,0.8333,0.6667,1.0,5,3,3,1.0,5363606117,8249 LONGLEAF LN,COLO SPGS,38.92730566,-104.6751299,12ST-22,-104.6751299,38.92730566,38.927299,-104.675119,1.2,False,PD22416,PD022416,12ST-22,UG Transformer Bank,RBLR-120,38.92759197,-104.674968,25,PD22418,PD022418,12ST-22,UG Transformer Bank,RBLR-121,38.92715822,-104.6748043,25,34.8,32.6,same_feeder_ambiguous
1048361,91168,91171,11997,6,6,1,5,0.8333,0.6667,1.0,5,3,3,1.0,7610589325,6555 SILVERWIND CIR,COLO SPGS,38.92751739,-104.700265,12ST-2,-104.700265,38.92751739,38.927511,-104.700255,1.1,False,PD21209,PD021209,12ST-2,UG Transformer Bank,RGH-40,38.92769917,-104.7006339,25,PD21208,PD021208,12ST-2,UG Transformer Bank,RGH-44,38.92708521,-104.7002741,25,37.8,48.1,same_feeder_ambiguous
1126025,14450,14389,12163,6,6,1,5,0.8333,0.6667,1.0,5,3,3,1.0,8763909003,1214 E HIGH POINT LN,COLO SPGS,38.85141109,-104.8376359,13Y-1,-104.8376359,38.85141109,38.85144,-104.837626,3.3,False,UG15124,UG015124,13Y-1,UG Transformer Bank,RHG-11,38.85109107,-104.8370426,25,UG15125,UG015125,13Y-1,UG Transformer Bank,RHG-10,38.85171316,-104.8372956,25,62.5,44.7,same_feeder_ambiguous
1128504,22658,22597,12210,6,6,1,5,0.8333,0.6667,1.0,5,3,3,1.0,2797930356,2247 GREEN RUSH PL,COLO SPGS,38.94265761,-104.8697587,12OV-1,-104.8697587,38.94265761,38.942329,-104.869764,36.5,False,PD14745,PD014745,12OV-1,UG Transformer Bank,RTHP-10,38.94190359,-104.8695847,50,PD14744,PD014744,12OV-1,UG Transformer Bank,RTHP-7,38.94374232,-104.8698816,50,85.2,121.1,same_feeder_ambiguous
1054647,349595,349598,12710,6,6,1,5,0.8333,0.6667,1.0,5,3,3,1.0,6747796459,6676 BACKCOUNTRY LOOP,COLO SPGS,38.92930828,-104.6527364,12FR-32,-104.6527364,38.92930828,38.929301,-104.652726,1.2,False,PD104818,PD104818,12FR-32,UG Transformer Bank,RBLR-373,38.92906736,-104.6531,25,PD104817,PD104817,12FR-32,UG Transformer Bank,RBLR-374,38.92965047,-104.6528565,25,41.3,39.4,same_feeder_ambiguous
1054765,143039,143038,12732,6,6,1,5,0.8333,0.6667,1.0,5,3,3,1.0,2697573007,6054 LEON YOUNG DR,COLO SPGS,38.96888161,-104.7200587,12BG-23,-104.7200587,38.96888161,38.968874,-104.720048,1.3,False,PD17587,PD017587,12BG-23,UG Transformer Bank,RVWR-74,38.96874374,-104.719637,25,PD17586,PD017586,12BG-23,UG Transformer Bank,RVWR-73,38.96851395,-104.7201784,25,39.5,42.2,same_feeder_ambiguous
1089891,14442,14490,12748,6,6,1,5,0.8333,0.6667,1.0,5,3,3,1.0,7817940716,1245 PETERSON RD,COLO SPGS,38.85008262,-104.6986187,12CL-13,-104.6986187,38.85008262,38.850113,-104.6986,3.7,False,UG5727,UG005727,12CL-13,UG Transformer Bank,RCN-90,38.85031353,-104.6979816,25,UG5728,UG005728,12CL-13,UG Transformer Bank,RCN-89,38.84977991,-104.6984453,25,60.9,36.9,same_feeder_ambiguous
1102513,26474,26481,13103,6,6,1,5,0.8333,0.6667,1.0,5,3,3,1.0,9994292436,4690 JET WING CIR W,COLO SPGS,38.81302977,-104.7409679,13PV-4,-104.7409679,38.81302977,38.812991,-104.741002,5.2,False,PD5502,PD005502,13PV-4,UG Transformer Bank,RHZ-49,38.81292757,-104.7414266,25,PD5503,PD005503,13PV-4,UG Transformer Bank,RHZ-48,38.81258004,-104.7408188,50,41.3,51.6,same_feeder_ambiguous
1066708,247045,247044,13444,6,6,1,5,0.8333,0.6667,1.0,5,3,3,1.0,4865860666,2168 BENT CREEK DR,COLO SPGS,39.02506106,-104.7877763,12FH-12,-104.7877763,39.02506106,39.025054,-104.787766,1.2,False,PD100614,PD100614,12FH-12,UG Transformer Bank,RVER1-1,39.0247424,-104.7879785,25,PD100616,PD100616,12FH-12,UG Transformer Bank,RVER1-3,39.02543434,-104.7884189,25,39.5,69.3,same_feeder_ambiguous
1063050,375107,375106,13504,6,6,1,5,0.8333,0.6667,1.0,5,3,3,1.0,5111120391,634 THIMBLEBERRY PT,COLO SPGS,39.0122037,-104.8156748,12NG-22,-104.8156748,39.0122037,39.012197,-104.815664,1.2,False,PD105349,PD105349,12NG-22,UG Transformer Bank,RVNG-2,39.01206712,-104.8156168,25,PD105348,PD105348,12NG-22,UG Transformer Bank,RVNG-1,39.01208197,-104.8159905,25,16.0,30.5,same_feeder_ambiguous
1067270,118723,118722,13528,6,6,1,5,0.8333,0.6667,1.0,5,3,3,1.0,1228731431,13688 HONEY RUN WAY,COLO SPGS,39.03057873,-104.782491,12FH-14,-104.782491,39.03057873,39.030571,-104.782481,1.2,False,PD21170,PD021170,12FH-14,UG Transformer Bank,RFH9-4,39.03030324,-104.7831475,100,PD21169,PD021169,12FH-14,UG Transformer Bank,RFH9-5,39.03147003,-104.7834731,25,64.5,130.5,same_feeder_ambiguous
1059150,375314,375315,13542,6,6,1,5,0.8333,0.6667,1.0,5,3,3,1.0,360468070,5847 CARRICK LN,COLO SPGS,38.91736052,-104.6577925,12FR-32,-104.6577925,38.91736052,38.917316,-104.657811,5.2,False,PD105983,PD105983,12FR-32,UG Transformer Bank,RBLR-508,38.91731485,-104.6572945,25,PD105982,PD105982,12FR-32,UG Transformer Bank,RBLR-507,38.91767093,-104.6582011,25,43.4,49.4,same_feeder_ambiguous
1059237,26592,16937,13588,6,6,1,5,0.8333,0.6667,1.0,5,3,3,1.0,5725871080,1870 PEPPERWOOD PL,COLO SPGS,38.80445124,-104.7644891,13KE-63,-104.7644891,38.80445124,38.804482,-104.764462,4.1,False,UG12947,UG012947,13KE-63,UG Transformer Bank,RPPP-21,38.80429299,-104.7638268,25,UG12940,UG012940,13KE-63,UG Transformer Bank,RPPP-14,38.80451887,-104.7649243,25,60.0,38.5,same_feeder_ambiguous
1079797,26310,26311,13626,6,6,1,5,0.8333,0.6667,1.0,5,3,3,1.0,3760194002,4235 GRASSY CT,COLO SPGS,38.82124167,-104.7485462,12PV-2,-104.7485462,38.82124167,38.821252,-104.748539,1.3,False,PD8870,PD008870,12PV-2,UG Transformer Bank,RTRA-41,38.82144169,-104.748157,25,PD8871,PD008871,12PV-2,UG Transformer Bank,RTRA-42,38.82145946,-104.7487761,25,40.4,31.4,same_feeder_ambiguous
1146612,3108,343932,13654,6,6,1,5,0.8333,0.6667,1.0,5,3,3,1.0,1525713789,2380 E BOULDER ST,COLO SPGS,38.83849854,-104.7835984,13RI-1,-104.7835984,38.83849854,38.838531,-104.783587,3.7,False,OH15888,OH015888,13RI-1,OH Transformer Bank,,38.83901761,-104.7833397,150,OH15889,OH015889,13RI-1,OH Transformer Bank,,38.83904588,-104.7836688,50,61.9,61.2,same_feeder_ambiguous
1059442,12105,12188,13707,6,6,1,5,0.8333,0.6667,1.0,5,3,3,1.0,9460376162,5128 LYDA LN,COLO SPGS,38.88457611,-104.8677361,12FT-1,-104.8677361,38.88457611,38.884603,-104.86758,13.8,False,PD1986,PD001986,12FT-1,UG Transformer Bank,RKC-114,38.88481001,-104.8673139,25,UG3716,UG003716,12FT-1,UG Transformer Bank,RKC-4,38.88391916,-104.8674346,50,44.9,77.6,same_feeder_ambiguous
1210478,25307,25292,13794,6,6,1,5,0.8333,0.6667,1.0,5,3,3,1.0,1459436257,2926 HIGHLAND DR,COLO SPGS,38.87450908,-104.782354,13NP-3,-104.782354,38.87450908,38.874561,-104.782371,6.0,False,UG11312,UG011312,13NP-3,UG Transformer Bank,RHH-3,38.87410737,-104.7820494,25,UG11260,UG011260,13NP-3,UG Transformer Bank,RCCS-15,38.87454082,-104.7828924,25,51.9,46.7,same_feeder_ambiguous
1091862,17524,17540,13894,6,6,1,5,0.8333,0.6667,1.0,5,3,3,1.0,6185244932,4746 MONICA DR,COLO SPGS,38.79526846,-104.7400421,13KE-64,-104.7400421,38.79526846,38.795299,-104.740032,3.5,False,UG12975,UG012975,13KE-64,UG Transformer Bank,RSB-127,38.79539723,-104.740072,25,UG12974,UG012974,13KE-64,UG Transformer Bank,RSB-128,38.79516526,-104.7397956,25,14.6,24.2,same_feeder_ambiguous
1089381,15541,15540,14093,6,6,1,5,0.8333,0.6667,1.0,5,3,3,1.0,3817329487,4718 WILDE PL,COLO SPGS,38.83186343,-104.7402601,12PV-2,-104.7402601,38.83186343,38.83189,-104.740249,3.1,False,UG12052,UG012052,12PV-2,UG Transformer Bank,RES-82,38.8319936,-104.7397293,25,UG12053,UG012053,12PV-2,UG Transformer Bank,RES-83,38.8319752,-104.7404587,25,48.2,21.2,same_feeder_ambiguous
1061321,370342,370341,14182,6,6,1,5,0.8333,0.6667,1.0,5,3,3,1.0,2815741645,11914 ALYDAR LOOP,COLO SPGS,39.00397033,-104.8161767,12KC-13,-104.8161767,39.00397033,39.003961,-104.816287,9.6,False,PD105541,PD105541,12KC-13,UG Transformer Bank,RTF5-6,39.00392616,-104.8148271,25,PD105540,PD105540,12KC-13,UG Transformer Bank,RTF5-7,39.00393685,-104.8155716,25,116.7,52.4,same_feeder_ambiguous
1060802,87334,87333,14234,6,6,1,5,0.8333,0.6667,1.0,5,3,3,1.0,8770449815,1421 FIELDWOOD CT,COLO SPGS,39.01155666,-104.8001075,12NG-21,-104.8001075,39.01155666,39.01155,-104.800097,1.2,False,PD20970,PD020970,12NG-21,UG Transformer Bank,RSCMC-2,39.01185909,-104.7997069,50,PD20969,PD020969,12NG-21,UG Transformer Bank,RSCMC-3,39.01162849,-104.8008245,50,48.3,62.5,same_feeder_ambiguous
1248134,18920,18904,14347,6,6,1,5,0.8333,0.6667,1.0,5,3,3,1.0,7530579071,3115 GLENARM RD LOT 6,COLO SPGS,38.77183065,-104.7689601,12BY-33,-104.7689601,38.77183065,38.771861,-104.768943,3.7,False,UG14993,UG014993,12BY-33,UG Transformer Bank,MGM-1,38.77174367,-104.7685379,15,UG14994,UG014994,12BY-33,UG Transformer Bank,MGM-7,38.77203132,-104.7692904,25,37.9,36.3,same_feeder_ambiguous
1065360,123180,122872,14934,6,6,1,5,0.8333,0.6667,1.0,5,3,3,1.0,7802956106,13726 LAZY CREEK RD,COLO SPGS,39.03047056,-104.7849919,12FH-14,-104.7849919,39.03047056,39.030259,-104.784979,23.6,False,PD21475,PD021475,12FH-14,UG Transformer Bank,RFH9-9,39.03035293,-104.7845013,50,PD21578,PD021578,12FH-14,UG Transformer Bank,RFH9-11,39.03061006,-104.7857515,25,44.3,67.4,same_feeder_ambiguous
1066900,133741,5660,15027,6,6,1,5,0.8333,0.6667,1.0,5,3,3,1.0,9826457050,"696 NORTH GATE BLVD, COMTWR",COLO SPGS,39.02750547,-104.8174867,12NG-21,-104.8174867,39.02750547,39.027425,-104.817381,12.8,False,PD19535,PD019535,12NG-21,UG Transformer Bank,GSL-851,39.02703428,-104.8167599,10,PD13378,PD013378,12FH-14,UG Transformer Bank,RNGH-5,39.02801198,-104.8183702,25,81.8,94.8,cross_feeder_likely_gis_error
1067210,128635,128642,15142,6,6,1,5,0.8333,0.6667,1.0,5,3,3,1.0,9510340293,"2719 CINNABAR RD, SPKG",COLO SPGS,39.03337237,-104.7771156,12FH-14,-104.7771156,39.03337237,39.034005,-104.780062,264.0,True,PD21833,PD021833,12FH-14,UG Transformer Bank,RFH7-15,39.03296732,-104.7772775,25,PD21870,PD021870,12FH-14,UG Transformer Bank,RFH7-23,39.03373969,-104.7801005,25,47.2,261.0,same_feeder_ambiguous
1066399,275841,275844,15153,6,6,1,5,0.8333,0.6667,1.0,5,3,3,1.0,3193351726,1917 REDBANK DR,COLO SPGS,39.02762044,-104.7918864,12FH-12,-104.7918864,39.02762044,39.027614,-104.791876,1.1,False,PD101797,PD101797,12FH-12,UG Transformer Bank,RFH632-47,39.02743692,-104.7924038,25,PD101795,PD101795,12FH-12,UG Transformer Bank,RFH632-44,39.0280557,-104.7914671,25,49.1,60.5,same_feeder_ambiguous
1067144,128630,128622,15203,6,6,1,5,0.8333,0.6667,1.0,5,3,3,1.0,2915304281,2446 LEDGEWOOD DR,COLO SPGS,39.03234567,-104.7797505,12FH-14,-104.7797505,39.03234567,39.032359,-104.779647,9.1,False,PD21869,PD021869,12FH-14,UG Transformer Bank,RFH7-29,39.03279644,-104.7797778,25,PD21861,PD021861,12FH-14,UG Transformer Bank,RFH7-8,39.03210922,-104.7797122,50,50.2,26.5,same_feeder_ambiguous
1068901,164798,161603,15237,6,6,1,5,0.8333,0.6667,1.0,5,3,3,1.0,5727895113,"13496 CRANE CANYON LOOP, E MTR",COLO SPGS,39.02689668,-104.8037654,12FH-12,-104.8037654,39.02689668,39.026949,-104.804396,54.8,False,PD21911,PD021911,12FH-12,UG Transformer Bank,RFH26-21,39.02649873,-104.8044916,25,PD21677,PD021677,12FH-11,UG Transformer Bank,RFH26-30,39.02657976,-104.8032767,25,76.8,55.0,cross_feeder_likely_gis_error
1237778,156485,156484,15288,6,6,1,5,0.8333,0.6667,1.0,5,3,3,1.0,3050858899,11664 WILDWOOD RIDGE DR,COLO SPGS,39.00175654,-104.7964038,12KC-13,-104.7964038,39.00175654,39.00175,-104.796392,1.3,False,PD17417,PD017417,12KC-13,UG Transformer Bank,RWRN-3,39.00187733,-104.7961206,25,PD17416,PD017416,12KC-13,UG Transformer Bank,RWRN-4,39.00188387,-104.7967191,25,27.9,30.7,same_feeder_ambiguous
1067608,115181,115182,15436,6,6,1,5,0.8333,0.6667,1.0,5,3,3,1.0,1790459713,"3626 TUSCANNA GRV, SPKG",COLO SPGS,38.97443722,-104.7617081,12KC-44,-104.7617081,38.97443722,38.974277,-104.761674,18.1,False,PD21958,PD021958,12KC-44,UG Transformer Bank,RPC36-8,38.97399856,-104.7618663,25,PD021959,PD021959,12KC-44,UG Transformer Bank,RPC36-7,38.97411635,-104.7612314,25,50.7,54.5,same_feeder_ambiguous
1068328,364958,364957,15599,6,6,1,5,0.8333,0.6667,1.0,5,3,3,1.0,5415156614,10507 KELOWNA VW,COLO SPGS,38.98349957,-104.7774913,12KC-42,-104.7774913,38.98349957,38.983465,-104.777481,3.9,False,PD105251,PD105251,12KC-42,UG Transformer Bank,RBR5-3,38.98328749,-104.7773089,25,PD105252,PD105252,12KC-42,UG Transformer Bank,RBR5-5,38.98376615,-104.7772225,50,28.4,37.7,same_feeder_ambiguous
1070505,5291,5303,15668,6,6,1,5,0.8333,0.6667,1.0,5,3,3,1.0,906192680,1608 ROSEMONT DR,COLO SPGS,38.76273079,-104.7380744,13KE-71,-104.7380744,38.76273079,38.762763,-104.738061,3.8,False,OH23935,OH023935,13KE-71,OH Transformer Bank,,38.7627316,-104.7382063,25,OH23937,OH023937,13KE-71,OH Transformer Bank,,38.76205766,-104.7382178,25,11.4,75.9,same_feeder_ambiguous
1069944,19227,27310,15755,6,6,1,5,0.8333,0.6667,1.0,5,3,3,1.0,1687922599,4774 WITCHES HOLLOW LN,COLO SPGS,38.76663017,-104.7417662,13KE-71,-104.7417662,38.76663017,38.76669,-104.741749,6.8,False,PD8129,PD008129,13KE-71,UG Transformer Bank,RBRA-70,38.76681628,-104.7422256,25,PD8130,PD008130,13KE-71,UG Transformer Bank,RBRA-69,38.76682005,-104.7414303,25,44.9,36.0,same_feeder_ambiguous
1081694,19172,19144,15908,6,6,1,5,0.8333,0.6667,1.0,5,3,3,1.0,2578289032,5160 BRADLEY CIR,COLO SPGS,38.767644,-104.7325951,13KE-71,-104.7325951,38.767644,38.767719,-104.732517,10.7,False,PD7325,PD007325,13KE-71,UG Transformer Bank,RPRR-54,38.76750677,-104.7322853,25,PD7313,PD007313,13KE-71,UG Transformer Bank,RPRR-53,38.76793757,-104.7326484,25,30.9,33.0,same_feeder_ambiguous
1078466,19311,19292,15945,6,6,1,5,0.8333,0.6667,1.0,5,3,3,1.0,2826956395,4602 CASSIDY ST,COLO SPGS,38.76525705,-104.7501383,13KE-73,-104.7501383,38.76525705,38.76529,-104.750132,3.7,False,PD7055,PD007055,13KE-73,UG Transformer Bank,RBRA-20,38.76505431,-104.7497841,25,PD7054,PD007054,13KE-73,UG Transformer Bank,RBRA-19,38.76551473,-104.7501982,25,38.1,29.1,same_feeder_ambiguous
1069997,264001,264002,15980,6,6,1,5,0.8333,0.6667,1.0,5,3,3,1.0,215276894,4077 CREEK LEGEND VW,COLO SPGS,38.76297771,-104.7512195,12BY-33,-104.7512195,38.76297771,38.762943,-104.751209,4.0,False,PD23802,PD023802,12BY-33,UG Transformer Bank,RSC-135,38.76324898,-104.7511913,25,PD23803,PD023803,12BY-33,UG Transformer Bank,RSC-136,38.762929,-104.7517617,25,30.3,47.3,same_feeder_ambiguous
1095592,5314,5284,16179,6,6,1,5,0.8333,0.6667,1.0,5,3,3,1.0,8413363007,1504 MAIN ST,COLO SPGS,38.7619482,-104.7390875,12BY-34,-104.7390875,38.7619482,38.761981,-104.739074,3.8,False,OH22390,OH022390,12BY-34,OH Transformer Bank,,38.76147783,-104.7392395,25,OH22383,OH022383,12BY-34,OH Transformer Bank,,38.76288646,-104.7392166,50,53.9,104.9,same_feeder_ambiguous
1070869,14608,14574,16189,6,6,1,5,0.8333,0.6667,1.0,5,3,3,1.0,1719270542,5520 BRANDING IRON CT,COLO SPGS,38.84869109,-104.7247687,12PV-1,-104.7247687,38.84869109,38.848721,-104.724753,3.6,False,UG5306,UG005306,12PV-1,UG Transformer Bank,RRH7-32,38.84871347,-104.7244668,25,UG5307,UG005307,12PV-1,UG Transformer Bank,RRH7-33,38.84907257,-104.7246936,25,26.3,42.9,same_feeder_ambiguous
1104408,16972,16950,16270,6,6,1,5,0.8333,0.6667,1.0,5,3,3,1.0,9200952067,2825 CARMEL CIR,COLO SPGS,38.8045617,-104.7756344,13KE-72,-104.7756344,38.8045617,38.804612,-104.775652,5.8,False,UG10461,UG010461,13KE-72,UG Transformer Bank,RPPP-37,38.8041391,-104.7754708,25,UG10462,UG010462,13KE-72,UG Transformer Bank,RPPP-36,38.80444529,-104.7758939,25,49.1,25.9,same_feeder_ambiguous
1075217,35493,35490,16388,6,6,1,5,0.8333,0.6667,1.0,5,3,3,1.0,7809582516,4473 WINDMILL CREEK WAY,COLO SPGS,38.76722286,-104.7332961,13KE-71,-104.7332961,38.76722286,38.767215,-104.733286,1.2,False,PD13841,PD013841,13KE-71,UG Transformer Bank,RWC-5,38.76683948,-104.7335045,25,PD13839,PD013839,13KE-71,UG Transformer Bank,RWC-3,38.76733583,-104.7338143,25,46.3,46.7,same_feeder_ambiguous
1071383,19292,19272,16408,6,6,1,5,0.8333,0.6667,1.0,5,3,3,1.0,3154200909,4542 CASSIDY ST,COLO SPGS,38.76570259,-104.7505504,13KE-73,-104.7505504,38.76570259,38.765735,-104.750548,3.6,False,PD7054,PD007054,13KE-73,UG Transformer Bank,RBRA-19,38.76551473,-104.7501982,25,PD7053,PD007053,13KE-73,UG Transformer Bank,RBRA-8,38.76606347,-104.7507587,25,37.0,44.0,same_feeder_ambiguous
1175161,24825,24807,16420,6,6,1,5,0.8333,0.6667,1.0,5,3,3,1.0,1663435239,1032 HILL CIR,COLO SPGS,38.88584616,-104.8564419,12FT-1,-104.8564419,38.88584616,38.885841,-104.856438,0.7,False,PD1972,PD001972,12FT-1,UG Transformer Bank,RKC-51,38.885771,-104.8560719,25,PD1973,PD001973,12FT-1,UG Transformer Bank,RKC-50,38.88616893,-104.8563114,25,33.1,37.6,same_feeder_ambiguous
1133395,24214,5381,16422,6,6,1,5,0.8333,0.6667,1.0,5,3,3,1.0,9799741678,,,38.7572351,-104.748274,12BY-34,-104.748274,38.7572351,38.757196,-104.748264,4.4,False,UG6744,UG006744,12CD-1,UG Transformer Bank,RGRE-1,38.90240471,-104.7712277,15,OH23537,OH023537,12BY-34,OH Transformer Bank,,38.75699407,-104.7483889,25,16264.1,28.6,cross_feeder_likely_gis_error
1077548,19172,19181,16423,6,6,1,5,0.8333,0.6667,1.0,5,3,3,1.0,5121740321,5215 BRADLEY CIR,COLO SPGS,38.76743654,-104.7319088,13KE-71,-104.7319088,38.76743654,38.767434,-104.731898,1.0,False,PD7325,PD007325,13KE-71,UG Transformer Bank,RPRR-54,38.76750677,-104.7322853,25,PD7326,PD007326,13KE-71,UG Transformer Bank,RPRR-78,38.76737373,-104.7316459,25,33.6,23.8,same_feeder_ambiguous
1121113,54048,35484,16440,6,6,1,5,0.8333,0.6667,1.0,5,3,3,1.0,182608204,"4808 HARRIER RIDGE DR, PHONE EQUIP",COLO SPGS,38.78434075,-104.7375499,12JW-1,-104.7375499,38.78434075,38.784334,-104.737539,1.2,False,PD20175,PD020175,12JW-1,UG Transformer Bank,CHS14-1,38.78455685,-104.7376645,500,PD13959,PD013959,12JW-1,UG Transformer Bank,RSO-40,38.78446777,-104.736771,25,26.0,69.0,same_feeder_ambiguous
1072319,364860,429979,16569,6,6,1,5,0.8333,0.6667,1.0,5,3,3,1.0,4021692671,"3187 MONTELUNA GRV, SPKG",COLO SPGS,38.87879311,-104.7142917,13PR-4,-104.7142917,38.87879311,38.878813,-104.714299,2.3,False,PD104431,PD104431,13PR-4,UG Transformer Bank,CESA-11,38.87878843,-104.7140591,50,PD109499,PD109499,13PR-4,UG Transformer Bank,RGSC-56,38.87861716,-104.7144679,25,20.1,24.8,same_feeder_ambiguous
1179080,25468,13592,16627,6,6,1,5,0.8333,0.6667,1.0,5,3,3,1.0,3216512192,"1000 FONTMORE RD, CLUB HOUSE",COLO SPGS,38.86570542,-104.8646456,13FV-1,-104.8646456,38.86570542,38.86573,-104.86469,4.7,False,UG3905,UG003905,13FV-1,UG Transformer Bank,AVS-3,38.86587355,-104.8642348,25,UG3915,UG003915,13FV-1,UG Transformer Bank,AVS-13,38.86583171,-104.8651116,25,40.2,42.7,same_feeder_ambiguous
1179078,13531,25461,16876,6,6,1,5,0.8333,0.6667,1.0,5,3,3,1.0,7780146875,"1000 FONTMORE RD, GATE HOUSE",COLO SPGS,38.86667754,-104.8639085,13FV-1,-104.8639085,38.86667754,38.86573,-104.86469,125.2,True,PD2084,PD002084,13FV-1,UG Transformer Bank,AVS-22,38.86700089,-104.8639255,25,UG3904,UG003904,13FV-1,UG Transformer Bank,AVS-2,38.86635705,-104.8643296,25,36.0,51.0,same_feeder_ambiguous
1281114,15004,25966,17018,6,6,1,5,0.8333,0.6667,1.0,5,3,3,1.0,8533102083,7 KREG LN,MANITOU,38.84432155,-104.89702,13FV-4,-104.89702,38.84432155,38.844356,-104.897006,4.0,False,UG20765,UG020765,13FV-4,UG Transformer Bank,RCH-81,38.84394406,-104.8967142,50,UG20766,UG020766,13FV-4,UG Transformer Bank,RCH-80,38.84464548,-104.8964694,25,49.6,59.8,same_feeder_ambiguous
1289253,7237,7206,17130,6,6,1,5,0.8333,0.6667,1.0,5,3,3,1.0,554586247,7527 FAIRBRANCH CT,COLO SPGS,38.94101065,-104.8675792,12OV-1,-104.8675792,38.94101065,38.940763,-104.867458,29.5,False,PD14740,PD014740,12OV-1,UG Transformer Bank,RTHP-3,38.94061932,-104.8672808,50,PD14741,PD014741,12OV-1,UG Transformer Bank,RTHP-5,38.94142101,-104.8674168,50,50.6,47.7,same_feeder_ambiguous
1074789,13969,14055,17478,6,6,1,5,0.8333,0.6667,1.0,5,3,3,1.0,910176514,"5858 PALMER PARK BLVD, TRF SG",COLO SPGS,38.85737361,-104.718372,12PR-1,-104.718372,38.85737361,38.855766,-104.718148,179.8,True,PD3500,PD003500,12PR-1,UG Transformer Bank,RPPB-1,38.85737091,-104.718449,25,PD16297,PD016297,12PR-1,UG Transformer Bank,CPHA-1,38.85579687,-104.7165616,25,6.7,235.2,same_feeder_ambiguous
1077093,19547,27431,17546,6,6,1,5,0.8333,0.6667,1.0,5,3,3,1.0,8807332377,5145 WILHELM DR,COLO SPGS,38.75646044,-104.732287,12BY-34,-104.732287,38.75646044,38.756474,-104.73229,1.5,False,PD8979,PD008979,12BY-34,UG Transformer Bank,RFVR-46,38.75665068,-104.7326946,15,PD8980,PD008980,12BY-34,UG Transformer Bank,RFVR-47,38.75664747,-104.7317339,15,41.2,52.3,same_feeder_ambiguous
1075194,35494,35492,17559,6,6,1,5,0.8333,0.6667,1.0,5,3,3,1.0,9444507792,"4533 WINDMILL CREEK WAY, SPKG",COLO SPGS,38.76609984,-104.7329234,13KE-71,-104.7329234,38.76609984,38.766093,-104.732913,1.2,False,PD13843,PD013843,13KE-71,UG Transformer Bank,RWC-7,38.76593392,-104.7327568,25,PD13842,PD013842,13KE-71,UG Transformer Bank,RWC-6,38.76644339,-104.733251,25,23.4,47.6,same_feeder_ambiguous
1075731,27404,27413,17697,6,6,1,5,0.8333,0.6667,1.0,5,3,3,1.0,2234072611,895 STARGATE DR,COLO SPGS,38.75782964,-104.7226776,12BY-34,-104.7226776,38.75782964,38.757795,-104.722701,4.4,False,PD10985,PD010985,12BY-34,UG Transformer Bank,RFVR-73,38.758218,-104.722867,25,PD10986,PD010986,12BY-34,UG Transformer Bank,RFVR-72,38.7576243,-104.7232582,25,46.2,55.3,same_feeder_ambiguous
1077335,284158,284157,17774,6,6,1,5,0.8333,0.6667,1.0,5,3,3,1.0,3271996434,6353 SAN MATEO DR,COLO SPGS,38.76296665,-104.7056035,12HZ-12,-104.7056035,38.76296665,38.762932,-104.705593,4.0,False,PD102404,PD102404,12HZ-12,UG Transformer Bank,RPS-117,38.76367571,-104.7055286,50,PD102403,PD102403,12HZ-12,UG Transformer Bank,RPS-116,38.76274477,-104.7062683,50,79.1,62.7,same_feeder_ambiguous
1077372,19250,19276,17830,6,6,1,5,0.8333,0.6667,1.0,5,3,3,1.0,108248147,4463 FENCER RD,COLO SPGS,38.76603306,-104.726432,13KE-71,-104.726432,38.76603306,38.766025,-104.726422,1.2,False,PD15438,PD015438,13KE-71,UG Transformer Bank,RWMMS-19,38.76641087,-104.7266788,25,PD15437,PD015437,13KE-71,UG Transformer Bank,RWMMS-25,38.76582144,-104.7266142,25,47.1,28.3,same_feeder_ambiguous
1076678,284157,284155,17901,6,6,1,5,0.8333,0.6667,1.0,5,3,3,1.0,1556872399,6311 SAN MATEO DR,COLO SPGS,38.76202691,-104.7062738,12HZ-12,-104.7062738,38.76202691,38.76202,-104.706263,1.2,False,PD102403,PD102403,12HZ-12,UG Transformer Bank,RPS-116,38.76274477,-104.7062683,50,PD102402,PD102402,12HZ-12,UG Transformer Bank,RPS-115,38.76182459,-104.7069597,50,79.8,63.6,same_feeder_ambiguous
1078243,18038,18081,18254,6,6,1,5,0.8333,0.6667,1.0,5,3,3,1.0,1836987215,4886 HAWK MEADOW DR,COLO SPGS,38.78688156,-104.7338495,12JW-1,-104.7338495,38.78688156,38.78682,-104.733853,6.9,False,PD14354,PD014354,12JW-1,UG Transformer Bank,RSO-3,38.78717349,-104.734093,25,PD14353,PD014353,12JW-1,UG Transformer Bank,RSO-2,38.78655366,-104.733892,25,38.7,36.6,same_feeder_ambiguous
1078583,18782,18732,18322,6,6,1,5,0.8333,0.6667,1.0,5,3,3,1.0,6347436331,3935 SINNES LN,COLO SPGS,38.77404996,-104.7327086,13KE-71,-104.7327086,38.77404996,38.774081,-104.732694,3.7,False,PD7855,PD007855,13KE-71,UG Transformer Bank,VRCVE-12,38.77363674,-104.7330052,25,PD7854,PD007854,13KE-71,UG Transformer Bank,VRCVE-11,38.77449192,-104.7330972,25,52.7,59.6,same_feeder_ambiguous
1099551,26361,26356,18379,6,6,1,5,0.8333,0.6667,1.0,5,3,3,1.0,2926276500,"980 BRANT HOLLOW CT, SPKG",COLO SPGS,38.81871229,-104.7294837,12PF-5,-104.7294837,38.81871229,38.818866,-104.729649,22.3,False,PD6842,PD006842,12PF-5,UG Transformer Bank,ABH-4,38.8185354,-104.7293188,25,PD6844,PD006844,12PF-5,UG Transformer Bank,ABH-2,38.81900483,-104.7294862,25,24.3,32.5,same_feeder_ambiguous
1089721,129899,129903,18458,6,6,1,5,0.8333,0.6667,1.0,5,3,3,1.0,9985506585,"3780 ALLGOOD DR, SPKG",COLO SPGS,38.7757718,-104.7327348,13KE-71,-104.7327348,38.7757718,38.775861,-104.732916,18.6,False,PD21515,PD021515,13KE-71,UG Transformer Bank,RBS-8,38.77539159,-104.7328365,25,PD21519,PD021519,13KE-71,UG Transformer Bank,RBS-10,38.77641358,-104.7331076,25,43.2,78.3,same_feeder_ambiguous
1081079,95978,95976,18527,6,6,1,5,0.8333,0.6667,1.0,5,3,3,1.0,2642122157,771 CIMA VISTA PT,COLO SPGS,38.82341952,-104.7482821,12PV-2,-104.7482821,38.82341952,38.823446,-104.748138,12.8,False,PD21176,PD021176,12PV-2,UG Transformer Bank,CCIMA-1,38.82360613,-104.7481136,25,PD21177,PD021177,12PV-2,UG Transformer Bank,CCIMA-3,38.82305746,-104.7480323,25,25.4,45.7,same_feeder_ambiguous
1083918,35166,96296,18535,6,6,1,5,0.8333,0.6667,1.0,5,3,3,1.0,1594268918,"823 CIMA VISTA PT, LIGHTS",COLO SPGS,38.82415844,-104.7484053,12PV-2,-104.7484053,38.82415844,38.823991,-104.748122,30.8,False,PD19847,PD019847,12PV-2,UG Transformer Bank,RCIMA-8,38.82398646,-104.748195,25,PD19848,PD019848,12PV-2,UG Transformer Bank,RCIMA-9,38.82398572,-104.7478373,25,26.4,52.8,same_feeder_ambiguous
1079712,17287,17317,18586,6,6,1,5,0.8333,0.6667,1.0,5,3,3,1.0,228147310,2335 JET WING DR,COLO SPGS,38.79837832,-104.7538168,13KE-61,-104.7538168,38.79837832,38.798304,-104.753828,8.3,False,UG13471,UG013471,13KE-61,UG Transformer Bank,RSB-72,38.79857349,-104.7539229,25,UG13469,UG013469,13KE-61,UG Transformer Bank,RSB-67,38.79813773,-104.7534388,25,23.6,42.3,same_feeder_ambiguous
1079837,26310,16066,18610,6,6,1,5,0.8333,0.6667,1.0,5,3,3,1.0,9750392334,4250 GRASSY CT,COLO SPGS,38.82136353,-104.7476381,12PV-2,-104.7476381,38.82136353,38.821373,-104.74763,1.3,False,PD8870,PD008870,12PV-2,UG Transformer Bank,RTRA-41,38.82144169,-104.748157,25,PD8869,PD008869,12PV-2,UG Transformer Bank,RTRA-40,38.82105894,-104.7473574,25,45.8,41.7,same_feeder_ambiguous
1079834,26325,26327,18615,6,6,1,5,0.8333,0.6667,1.0,5,3,3,1.0,5074457767,4215 SOLARFACE CT,COLO SPGS,38.82057121,-104.7490196,12PV-2,-104.7490196,38.82057121,38.820501,-104.748957,9.5,False,PD7981,PD007981,12PV-2,UG Transformer Bank,RTRA-51,38.82081021,-104.749371,25,PD7982,PD007982,12PV-2,UG Transformer Bank,RTRA-50,38.82066315,-104.748663,25,40.4,32.5,same_feeder_ambiguous
1081723,27176,18557,18666,6,6,1,5,0.8333,0.6667,1.0,5,3,3,1.0,6866182347,818 SAN ANTONIO PL,COLO SPGS,38.77801132,-104.8131685,13SG-3,-104.8131685,38.77801132,38.77803,-104.813116,5.0,False,UG20833,UG020833,13SG-3,UG Transformer Bank,RGT-17,38.7776928,-104.8133597,25,UG20832,UG020832,13SG-3,UG Transformer Bank,RGT-18,38.77813177,-104.8127064,25,39.1,42.2,same_feeder_ambiguous
1110763,15480,15444,18672,6,6,1,5,0.8333,0.6667,1.0,5,3,3,1.0,5904530447,205 N MURRAY BLVD LOT 130,COLO SPGS,38.83335909,-104.7408155,12PV-2,-104.7408155,38.83335909,38.833954,-104.740203,84.8,False,UG11983,UG011983,12PV-2,UG Transformer Bank,ME-40,38.83325136,-104.741027,25,UG11981,UG011981,12PV-2,UG Transformer Bank,ME-43,38.83400149,-104.7405002,25,21.9,76.5,same_feeder_ambiguous
1137103,13963,13994,18731,6,6,1,5,0.8333,0.6667,1.0,5,3,3,1.0,1663056810,6485 PALMER PARK BLVD,COLO SPGS,38.85719963,-104.7069017,12CL-13,-104.7069017,38.85719963,38.857232,-104.706885,3.9,False,UG5247,UG005247,12CL-13,UG Transformer Bank,RW-17,38.85735228,-104.7072281,25,UG5245,UG005245,12CL-13,UG Transformer Bank,RW-18,38.85685388,-104.7070423,25,33.0,40.3,same_feeder_ambiguous
1082691,14119,14150,18735,6,6,1,5,0.8333,0.6667,1.0,5,3,3,1.0,5664335042,1540 HATHAWAY DR,COLO SPGS,38.85432798,-104.706102,12CL-13,-104.706102,38.85432798,38.854363,-104.706101,3.9,False,UG5172,UG005172,12CL-13,UG Transformer Bank,RW-12,38.85465916,-104.7062365,15,UG5258,UG005258,12CL-13,UG Transformer Bank,RW-13,38.85401121,-104.706265,25,38.6,37.9,same_feeder_ambiguous
1082011,14867,14922,18878,6,6,1,5,0.8333,0.6667,1.0,5,3,3,1.0,6397836012,6750 DALE RD,COLO SPGS,38.84575647,-104.706362,12PF-5,-104.706362,38.84575647,38.844816,-104.706682,108.2,True,UG5549,UG005549,12PF-5,UG Transformer Bank,RCN-5,38.84570528,-104.7066459,25,UG5548,UG005548,12PF-5,UG Transformer Bank,RCN-7,38.84485446,-104.7067114,25,25.2,104.8,same_feeder_ambiguous
1152427,260481,3261,18960,6,6,1,5,0.8333,0.6667,1.0,5,3,3,1.0,4910839234,"323 N CIRCLE DR, TRF SG",COLO SPGS,38.83587027,-104.7756699,12AR-1,-104.7756699,38.83587027,38.835859,-104.77571,3.7,False,OH17119,OH017119,12AR-1,OH Transformer Bank,,38.83625492,-104.7757828,15,OH16483,OH016483,12AR-1,OH Transformer Bank,,38.83625952,-104.7772146,50,43.9,140.6,same_feeder_ambiguous
1099362,15864,15846,18965,6,6,1,5,0.8333,0.6667,1.0,5,3,3,1.0,9246221056,5150 AIRPORT RD LOT F208,COLO SPGS,38.82584883,-104.7335804,13PV-4,-104.7335804,38.82584883,38.825884,-104.73357,4.0,False,UG12686,UG012686,13PV-4,UG Transformer Bank,MGA-41,38.82562536,-104.7332852,25,UG12687,UG012687,13PV-4,UG Transformer Bank,MGA-40,38.82596957,-104.7332934,25,35.7,28.3,same_feeder_ambiguous
1082319,15778,15796,19007,6,6,1,5,0.8333,0.6667,1.0,5,3,3,1.0,5102495431,5150 AIRPORT RD LOT F226,COLO SPGS,38.82696451,-104.7336692,13PV-4,-104.7336692,38.82696451,38.826927,-104.733558,10.5,False,UG12695,UG012695,13PV-4,UG Transformer Bank,MGA-37,38.82706725,-104.7333113,25,UG12696,UG012696,13PV-4,UG Transformer Bank,MGA-38,38.82683407,-104.7332959,25,33.0,35.4,same_feeder_ambiguous
1137067,15839,15826,19048,6,6,1,5,0.8333,0.6667,1.0,5,3,3,1.0,8690436008,5150 AIRPORT RD LOT E174,COLO SPGS,38.82614348,-104.7328347,13PV-4,-104.7328347,38.82614348,38.826178,-104.732824,3.9,False,UG12682,UG012682,13PV-4,UG Transformer Bank,MGA-28,38.82606233,-104.7325527,25,UG12683,UG012683,13PV-4,UG Transformer Bank,MGA-29,38.8262766,-104.7325588,25,26.0,28.1,same_feeder_ambiguous
1082102,15764,15784,19057,6,6,1,5,0.8333,0.6667,1.0,5,3,3,1.0,6085908024,5150 AIRPORT RD LOT C124,COLO SPGS,38.82719294,-104.7311937,13PV-4,-104.7311937,38.82719294,38.827151,-104.731166,5.2,False,UG12458,UG012458,13PV-4,UG Transformer Bank,MGA-18,38.82730713,-104.7309067,25,UG12459,UG012459,13PV-4,UG Transformer Bank,MGA-17,38.82695367,-104.7309037,25,27.9,36.6,same_feeder_ambiguous
1082001,15828,15847,19122,6,6,1,5,0.8333,0.6667,1.0,5,3,3,1.0,4018973338,5150 AIRPORT RD LOT A14,COLO SPGS,38.82604941,-104.7300216,13PV-4,-104.7300216,38.82604941,38.826037,-104.730095,6.5,False,UG12671,UG012671,13PV-4,UG Transformer Bank,MGA-7,38.82623736,-104.730187,25,UG12668,UG012668,13PV-4,UG Transformer Bank,MGA-6,38.82593036,-104.7301785,25,25.3,19.0,same_feeder_ambiguous
1202111,26990,27003,19191,6,6,1,5,0.8333,0.6667,1.0,5,3,3,1.0,4060806681,"3235 APOGEE VW, HSEMTR",COLO SPGS,38.78764557,-104.7978954,12BY-32,-104.7978954,38.78764557,38.787613,-104.798005,10.2,False,PD15814,PD015814,12BY-32,UG Transformer Bank,CCQ-11,38.78782007,-104.7980901,25,PD15815,PD015815,12BY-32,UG Transformer Bank,CCQ-10,38.78744175,-104.7984106,50,25.7,50.1,same_feeder_ambiguous
1149888,14277,14343,19199,6,6,1,5,0.8333,0.6667,1.0,5,3,3,1.0,3476197224,1333 LEHMBERG BLVD,COLO SPGS,38.85240019,-104.7314117,12PR-1,-104.7314117,38.85240019,38.852439,-104.731402,4.4,False,UG4732,UG004732,12PR-1,UG Transformer Bank,RRH5-12,38.85241215,-104.7308042,25,UG5122,UG005122,12PR-1,UG Transformer Bank,RRH5-13,38.85182503,-104.7315184,25,52.6,64.6,same_feeder_ambiguous
1082326,15789,15829,19261,6,6,1,5,0.8333,0.6667,1.0,5,3,3,1.0,6994061407,5150 AIRPORT RD LOT F221,COLO SPGS,38.8265306,-104.7339496,13PV-4,-104.7339496,38.8265306,38.826524,-104.73394,1.1,False,UG12690,UG012690,13PV-4,UG Transformer Bank,MGA-44,38.82691849,-104.7340263,25,UG12692,UG012692,13PV-4,UG Transformer Bank,MGA-43,38.8262395,-104.7340277,25,43.6,33.1,same_feeder_ambiguous
1105978,15462,15454,19313,6,6,1,5,0.8333,0.6667,1.0,5,3,3,1.0,9297071852,205 N MURRAY BLVD LOT 124,COLO SPGS,38.83390061,-104.7410016,12PV-2,-104.7410016,38.83390061,38.833969,-104.740859,14.5,False,UG11984,UG011984,12PV-2,UG Transformer Bank,ME-39,38.83371073,-104.740975,25,UG11986,UG011986,12PV-2,UG Transformer Bank,ME-38,38.8338856,-104.7406538,25,21.2,30.2,same_feeder_ambiguous
1092716,27028,18074,19320,6,6,1,5,0.8333,0.6667,1.0,5,3,3,1.0,6962774194,3145 BRIDGEWATER DR,COLO SPGS,38.78627754,-104.7404842,13KE-71,-104.7404842,38.78627754,38.786502,-104.740418,25.6,False,PD7466,PD007466,13KE-71,UG Transformer Bank,RPST-32,38.7863064,-104.7406007,25,PD5671,PD005671,13KE-71,UG Transformer Bank,RPST-33,38.78664832,-104.7408249,50,10.6,50.7,same_feeder_ambiguous
1133690,14137,14176,19335,6,6,1,5,0.8333,0.6667,1.0,5,3,3,1.0,5453672576,"6549 OMAHA BLVD, PHONE EQUIP",COLO SPGS,38.8536612,-104.7057489,12CL-13,-104.7057489,38.8536612,38.853654,-104.705691,5.1,False,UG16064,UG016064,12CL-13,UG Transformer Bank,RW-45,38.85435077,-104.7053974,25,PD8102,PD008102,12PF-5,UG Transformer Bank,RW-77,38.85357178,-104.7044767,25,82.5,110.6,cross_feeder_likely_gis_error
1082712,15759,15785,19379,6,6,1,5,0.8333,0.6667,1.0,5,3,3,1.0,7346866608,4715 CLINEBELL LN,COLO SPGS,38.82724687,-104.7406056,12PV-2,-104.7406056,38.82724687,38.82724,-104.740595,1.2,False,PD12136,PD012136,12PV-2,UG Transformer Bank,RMCS-11,38.82746035,-104.7412514,25,PD12138,PD012138,12PV-2,UG Transformer Bank,RMCS-9,38.82698846,-104.7412761,25,60.8,64.8,same_feeder_ambiguous
1287643,9848,9949,19400,6,6,1,5,0.8333,0.6667,1.0,5,3,3,1.0,8198303881,5290 SEVENOAKS DR,COLO SPGS,38.90874678,-104.8570507,12WR-2,-104.8570507,38.90874678,38.908757,-104.857043,1.3,False,PD8094,PD008094,12WR-2,UG Transformer Bank,RPNV-80,38.90934624,-104.8571668,25,PD8096,PD008096,12WR-2,UG Transformer Bank,RPNV-83,38.9083115,-104.8564991,25,67.4,68.0,same_feeder_ambiguous
1210281,12880,12825,19423,6,6,1,5,0.8333,0.6667,1.0,5,3,3,1.0,1924210190,3118 LEES LN,COLO SPGS,38.87595466,-104.7850977,13NP-3,-104.7850977,38.87595466,38.875988,-104.785091,3.8,False,UG10994,UG010994,13NP-3,UG Transformer Bank,RCCS-12,38.87570333,-104.7857736,25,UG10995,UG010995,13NP-3,UG Transformer Bank,RCCS-13,38.87640308,-104.7854193,25,64.8,57.1,same_feeder_ambiguous
1083023,18095,27020,19486,6,6,1,5,0.8333,0.6667,1.0,5,3,3,1.0,7905788216,1502 COURTYARD HTS,COLO SPGS,38.7868908,-104.7987458,12BY-32,-104.7987458,38.7868908,38.787039,-104.7995,67.4,False,PD15817,PD015817,12BY-32,UG Transformer Bank,CCQ-8,38.7868822,-104.7989909,25,PD15816,PD015816,12BY-32,UG Transformer Bank,CCQ-7,38.78700612,-104.7990024,25,21.3,25.7,same_feeder_ambiguous
1202112,18068,26990,19498,6,6,1,5,0.8333,0.6667,1.0,5,3,3,1.0,3929139483,"3223 ATRIUM PT, HSEMTR",COLO SPGS,38.78681585,-104.797249,12BY-32,-104.797249,38.78681585,38.786794,-104.797352,9.3,False,PD14798,PD014798,12BY-32,UG Transformer Bank,CCQ-5,38.78699575,-104.7974617,50,PD15814,PD015814,12BY-32,UG Transformer Bank,CCQ-11,38.78782007,-104.7980901,25,27.2,133.4,same_feeder_ambiguous
1113818,14476,25785,19606,6,6,1,5,0.8333,0.6667,1.0,5,3,3,1.0,511045801,1095 WESTERN DR LOT 309,COLO SPGS,38.8494769,-104.6973397,12CL-13,-104.6973397,38.8494769,38.849504,-104.697345,3.0,False,UG5782,UG005782,12CL-13,UG Transformer Bank,MCH-30,38.8499279,-104.6970187,25,UG5783,UG005783,12CL-13,UG Transformer Bank,MCH-29,38.84922188,-104.6975782,25,57.3,35.1,same_feeder_ambiguous
1083324,25785,25832,19615,6,6,1,5,0.8333,0.6667,1.0,5,3,3,1.0,6956018696,1095 WESTERN DR LOT 315,COLO SPGS,38.84867544,-104.6974953,12CL-13,-104.6974953,38.84867544,38.848704,-104.697465,4.1,False,UG5783,UG005783,12CL-13,UG Transformer Bank,MCH-29,38.84922188,-104.6975782,25,UG5784,UG005784,12CL-13,UG Transformer Bank,MCH-28,38.84841738,-104.6972553,25,61.2,35.4,same_feeder_ambiguous
1174731,27272,19050,19654,6,6,1,5,0.8333,0.6667,1.0,5,3,3,1.0,9067656986,1354 NUTWOOD DR,COLO SPGS,38.77032634,-104.8038106,12BY-32,-104.8038106,38.77032634,38.770318,-104.803728,7.2,False,PD12694,PD012694,12BY-32,UG Transformer Bank,RCHM-101,38.76997525,-104.8042237,25,PD12695,PD012695,12BY-32,UG Transformer Bank,RCHM-100,38.77003835,-104.8036441,25,53.0,35.1,same_feeder_ambiguous
1174451,19075,19089,19657,6,6,1,5,0.8333,0.6667,1.0,5,3,3,1.0,4644175500,1529 LIMELIGHT CT,COLO SPGS,38.76923402,-104.8012081,12BY-32,-104.8012081,38.76923402,38.769248,-104.801134,6.6,False,PD12717,PD012717,12BY-32,UG Transformer Bank,RCHM-85,38.76949611,-104.8012515,25,PD12718,PD012718,12BY-32,UG Transformer Bank,RCHM-84,38.76939883,-104.8007664,25,29.4,42.5,same_feeder_ambiguous
1088120,16033,16015,19982,6,6,1,5,0.8333,0.6667,1.0,5,3,3,1.0,6734971013,4272 COOLWATER DR,COLO SPGS,38.82150954,-104.7350614,13PV-4,-104.7350614,38.82150954,38.821503,-104.735119,5.0,False,PD15863,PD015863,13PV-4,UG Transformer Bank,RVSC-65,38.82156928,-104.7357673,25,PD15864,PD015864,13PV-4,UG Transformer Bank,RVSC-64,38.82205885,-104.7354198,25,61.5,68.5,same_feeder_ambiguous
1091277,14417,14419,20027,6,6,1,5,0.8333,0.6667,1.0,5,3,3,1.0,2266113498,1274 CHIRICAHUA DR,COLO SPGS,38.8505203,-104.6998717,12CL-13,-104.6998717,38.8505203,38.850545,-104.699859,3.0,False,UG5738,UG005738,12CL-13,UG Transformer Bank,RCN-103,38.85065055,-104.6992898,25,UG5633,UG005633,12CL-13,UG Transformer Bank,RCN-100,38.85056326,-104.7003343,25,52.4,40.3,same_feeder_ambiguous
1111508,378251,246722,20275,6,6,1,5,0.8333,0.6667,1.0,5,3,3,1.0,4062481741,"5536 E PIKES PEAK AVE, GARAGE",COLO SPGS,38.83177582,-104.7263231,12PF-5,-104.7263231,38.83177582,38.831807,-104.726311,3.6,False,OH68496,OH068496,12PF-5,OH Transformer Bank,,38.83192286,-104.7260897,25,OH019632,OH019632,12PF-5,OH Transformer Bank,,38.83145447,-104.7264408,25,26.0,37.2,same_feeder_ambiguous
1089253,14577,14599,20308,6,6,1,5,0.8333,0.6667,1.0,5,3,3,1.0,9971888326,1219 KACHINA DR,COLO SPGS,38.84889352,-104.7047868,12PF-5,-104.7047868,38.84889352,38.848926,-104.704816,4.4,False,UG5607,UG005607,12PF-5,UG Transformer Bank,AGT-10,38.84893307,-104.7044261,25,UG5608,UG005608,12PF-5,UG Transformer Bank,AGT-11,38.84868046,-104.7046087,25,31.5,28.3,same_feeder_ambiguous
1112442,14413,14374,20355,6,6,1,5,0.8333,0.6667,1.0,5,3,3,1.0,3878258074,1095 WESTERN DR LOT 283,COLO SPGS,38.85066901,-104.6943986,12CL-13,-104.6943986,38.85066901,38.850724,-104.694445,7.3,False,UG5779,UG005779,12CL-13,UG Transformer Bank,MCH-35,38.85058999,-104.6948342,25,UG5778,UG005778,12CL-13,UG Transformer Bank,MCH-36,38.85096875,-104.6939891,25,38.7,48.7,same_feeder_ambiguous
1090587,15328,15332,20468,6,6,1,5,0.8333,0.6667,1.0,5,3,3,1.0,2303379498,205 N MURRAY BLVD LOT 209,COLO SPGS,38.83665337,-104.7428436,12PV-2,-104.7428436,38.83665337,38.836657,-104.74288,3.2,False,UG10881,UG010881,12PV-2,UG Transformer Bank,ME-61,38.83644672,-104.7425691,25,UG10880,UG010880,12PV-2,UG Transformer Bank,ME-62,38.83638347,-104.7431645,25,33.1,40.9,same_feeder_ambiguous
1090703,15368,15385,20570,6,6,1,5,0.8333,0.6667,1.0,5,3,3,1.0,1483163167,205 N MURRAY BLVD LOT 265,COLO SPGS,38.83518979,-104.7415489,12PV-2,-104.7415489,38.83518979,38.835109,-104.741578,9.3,False,UG11993,UG011993,12PV-2,UG Transformer Bank,ME-46,38.83530799,-104.7414737,25,UG11829,UG011829,12PV-2,UG Transformer Bank,ME-30,38.83505696,-104.7418274,25,14.7,28.3,same_feeder_ambiguous
1167917,18591,18572,20718,6,6,1,5,0.8333,0.6667,1.0,5,3,3,1.0,875758587,740 SAN BRUNO PL,COLO SPGS,38.77781429,-104.8150819,13SG-3,-104.8150819,38.77781429,38.777831,-104.815075,2.0,False,UG20829,UG020829,13SG-3,UG Transformer Bank,RGT-13,38.77745226,-104.8154704,50,PD11396,PD011396,13SG-3,UG Transformer Bank,RGT-12,38.77788345,-104.8146847,25,52.5,35.3,same_feeder_ambiguous
1275380,64283,18549,20724,6,6,1,5,0.8333,0.6667,1.0,5,3,3,1.0,2310049214,"3701 WESTMEADOW DR, TRF SG",COLO SPGS,38.77819598,-104.8112911,13SG-3,-104.8112911,38.77819598,38.777928,-104.811243,30.1,False,PD12064,PD012064,13SG-3,UG Transformer Bank,GSL-422,38.77820369,-104.8113811,10,PD11398,PD011398,13SG-3,UG Transformer Bank,RGT-4,38.7783251,-104.8130093,25,7.8,149.6,same_feeder_ambiguous
1111797,16771,16758,20823,6,6,1,5,0.8333,0.6667,1.0,5,3,3,1.0,9254245405,4441 FENTON RD,COLO SPGS,38.80821083,-104.7454775,13PV-4,-104.7454775,38.80821083,38.808237,-104.745461,3.2,False,PD5848,PD005848,13PV-4,UG Transformer Bank,RH-21,38.80777769,-104.7457565,25,PD9652,PD009652,13PV-4,UG Transformer Bank,RH-20,38.80804255,-104.7448843,75,53.9,54.7,same_feeder_ambiguous
1111932,25327,25338,20838,6,6,1,5,0.8333,0.6667,1.0,5,3,3,1.0,753713802,"2739 HEARTHWOOD LN, CLUB HOUSE",COLO SPGS,38.87270962,-104.7559702,13RI-2,-104.7559702,38.87270962,38.872738,-104.75596,3.3,False,PD2468,PD002468,13RI-2,UG Transformer Bank,AHW-15,38.87297272,-104.7560597,25,PD2467,PD002467,13RI-2,UG Transformer Bank,AHW-16,38.87250276,-104.7560801,25,30.3,24.9,same_feeder_ambiguous
1090981,18283,18250,20843,6,6,1,5,0.8333,0.6667,1.0,5,3,3,1.0,6288396255,4322 DEERFIELD HILLS RD,COLO SPGS,38.7832265,-104.7486278,13KE-73,-104.7486278,38.7832265,38.783257,-104.748616,3.5,False,UG13690,UG013690,13KE-73,UG Transformer Bank,RDH-48,38.78326942,-104.7489484,25,UG15204,UG015204,13KE-73,UG Transformer Bank,RDH-31,38.78359337,-104.748708,25,28.2,41.4,same_feeder_ambiguous
1167603,27034,27024,20886,6,6,1,5,0.8333,0.6667,1.0,5,3,3,1.0,9533559201,3137 BLUE MOUNTAIN WAY,COLO SPGS,38.78692646,-104.8133315,13SG-3,-104.8133315,38.78692646,38.786964,-104.813325,4.2,False,UG20627,UG020627,13SG-3,UG Transformer Bank,RMJB-18,38.78659378,-104.8131755,25,UG15635,UG015635,13SG-3,UG Transformer Bank,RMJB-19,38.78691703,-104.8129266,25,39.4,35.1,same_feeder_ambiguous
1188353,19586,19601,21212,6,6,1,5,0.8333,0.6667,1.0,5,3,3,1.0,8122714510,5446 JARMAN ST,COLO SPGS,38.75435055,-104.8356585,12JL-2,-104.8356585,38.75435055,38.754385,-104.835648,3.9,False,PD12074,PD012074,12JL-2,UG Transformer Bank,RBO-34,38.75474803,-104.8356857,50,PD12075,PD012075,12JL-2,UG Transformer Bank,RBO-32,38.75379131,-104.8363541,25,44.3,86.6,same_feeder_ambiguous
1092185,18364,18319,21319,6,6,1,5,0.8333,0.6667,1.0,5,3,3,1.0,7512359167,3455 BRIARKNOLL DR,COLO SPGS,38.78241638,-104.742565,13KE-73,-104.742565,38.78241638,38.782441,-104.742558,2.8,False,PD7423,PD007423,13KE-73,UG Transformer Bank,RFH-39,38.782128,-104.7427546,25,PD7424,PD007424,13KE-73,UG Transformer Bank,RFH-38,38.7827341,-104.742751,25,36.0,38.8,same_feeder_ambiguous
1186430,19259,19260,21329,6,6,1,5,0.8333,0.6667,1.0,5,3,3,1.0,1838416568,330 BRANDYWINE DR,COLO SPGS,38.76742791,-104.8271202,13SR-1,-104.8271202,38.76742791,38.767458,-104.827114,3.4,False,PD11747,PD011747,13SR-1,UG Transformer Bank,RBBP-37,38.76688604,-104.8268616,50,PD11748,PD011748,13SR-1,UG Transformer Bank,RBBP-38,38.7668696,-104.8281069,50,64.3,105.7,same_feeder_ambiguous
1186162,19226,19259,21330,6,6,1,5,0.8333,0.6667,1.0,5,3,3,1.0,1501521679,345 BRANDYWINE DR,COLO SPGS,38.76687169,-104.826295,13SR-1,-104.826295,38.76687169,38.766904,-104.826281,3.8,False,PD12622,PD012622,13SR-1,UG Transformer Bank,RBBP-36,38.76733816,-104.8254908,50,PD11747,PD011747,13SR-1,UG Transformer Bank,RBBP-37,38.76688604,-104.8268616,50,86.9,49.1,same_feeder_ambiguous
1102915,26362,26363,21391,6,6,1,5,0.8333,0.6667,1.0,5,3,3,1.0,9418645779,4985 IVOR DR,COLO SPGS,38.81864948,-104.7350012,13PV-4,-104.7350012,38.81864948,38.818678,-104.734997,3.2,False,UG13522,UG013522,13PV-4,UG Transformer Bank,RPPPA-90,38.81845327,-104.7353606,25,UG12899,UG012899,13PV-4,UG Transformer Bank,RPPPA-89,38.81849595,-104.7344261,25,38.0,52.7,same_feeder_ambiguous
1185724,19559,19538,21412,6,6,1,5,0.8333,0.6667,1.0,5,3,3,1.0,7688088695,30 STANWELL ST,COLO SPGS,38.75710566,-104.8330249,12JL-2,-104.8330249,38.75710566,38.757137,-104.83302,3.5,False,PD12077,PD012077,12JL-2,UG Transformer Bank,RBO-5,38.756794,-104.8329621,25,PD12076,PD012076,12JL-2,UG Transformer Bank,RBO-4,38.75751513,-104.8327487,25,35.1,51.4,same_feeder_ambiguous
1153883,2251,425292,21421,6,6,1,5,0.8333,0.6667,1.0,5,3,3,1.0,3247126148,1528 TWEED ST,COLO SPGS,38.85542777,-104.7915932,12PJ-2,-104.7915932,38.85542777,38.85546,-104.791591,3.6,False,OH11906,OH011906,12PJ-2,OH Transformer Bank,,38.85529975,-104.7918877,50,OH11907,OH011907,12PJ-2,OH Transformer Bank,,38.85493374,-104.7919804,50,29.2,64.4,same_feeder_ambiguous
1092578,25251,25263,21473,6,6,1,5,0.8333,0.6667,1.0,5,3,3,1.0,5193635344,3010 WANDERING CT,COLO SPGS,38.87531414,-104.7380617,13PR-3,-104.7380617,38.87531414,38.87534,-104.738055,2.9,False,UG8347,UG008347,13PR-3,UG Transformer Bank,RT-13,38.87529174,-104.7386468,25,UG8344,UG008344,13PR-3,UG Transformer Bank,RRT-22,38.87523973,-104.7374622,25,50.7,52.6,same_feeder_ambiguous
1185275,19642,19640,21515,6,6,1,5,0.8333,0.6667,1.0,5,3,3,1.0,118268677,5740 DALTRY LN,COLO SPGS,38.74743185,-104.8324108,12JL-2,-104.8324108,38.74743185,38.747449,-104.832396,2.3,False,PD12465,PD012465,12JL-2,UG Transformer Bank,RGOB-27,38.74749729,-104.8328751,25,PD12466,PD012466,12JL-2,UG Transformer Bank,RGOB-28,38.74777068,-104.8320447,25,40.9,49.3,same_feeder_ambiguous
1100624,17143,17120,21635,6,6,1,5,0.8333,0.6667,1.0,5,3,3,1.0,6987865783,4320 GATEWOOD DR,COLO SPGS,38.80086544,-104.7486289,13PV-4,-104.7486289,38.80086544,38.800897,-104.748633,3.5,False,UG13061,UG013061,13PV-4,UG Transformer Bank,RPPP-128,38.80097192,-104.7482237,25,UG13062,UG013062,13PV-4,UG Transformer Bank,RPPP-127,38.8013152,-104.7485302,25,37.1,50.7,same_feeder_ambiguous
1093261,17562,17544,21675,6,6,1,5,0.8333,0.6667,1.0,5,3,3,1.0,17851368,"5168 LAUREL WREATH DR, MOBILE",COLO SPGS,38.7951041,-104.7340506,13KE-64,-104.7340506,38.7951041,38.795135,-104.734053,3.4,False,PD5704,PD005704,13KE-64,UG Transformer Bank,RMPS-27,38.79480754,-104.7340693,25,PD5705,PD005705,13KE-64,UG Transformer Bank,RMPS-26,38.79506548,-104.7335652,25,33.0,42.3,same_feeder_ambiguous
1093360,19284,19253,21711,6,6,1,5,0.8333,0.6667,1.0,5,3,3,1.0,6522725703,4495 STAR RANCH RD,COLO SPGS,38.7664778,-104.8313009,13SR-1,-104.8313009,38.7664778,38.766488,-104.831293,1.3,False,PD11739,PD011739,13SR-1,UG Transformer Bank,RPEN-14,38.76627395,-104.8318644,50,PD11737,PD011737,13SR-1,UG Transformer Bank,RPEN-12,38.76706024,-104.8300509,25,53.9,126.3,same_feeder_ambiguous
1093736,17852,17815,21809,6,6,1,5,0.8333,0.6667,1.0,5,3,3,1.0,4129338949,"2830 TRAVERSE CT, MOBILE",COLO SPGS,38.79106069,-104.7313763,13KE-64,-104.7313763,38.79106069,38.791091,-104.73135,4.1,False,PD5737,PD005737,13KE-64,UG Transformer Bank,RMPS-74,38.7907541,-104.7310714,25,PD5738,PD005738,13KE-64,UG Transformer Bank,RMPS-73,38.79124033,-104.7311982,25,43.1,25.2,same_feeder_ambiguous
1102089,16532,16575,21810,6,6,1,5,0.8333,0.6667,1.0,5,3,3,1.0,4304195981,1326 SORRENTO DR,COLO SPGS,38.81345063,-104.769795,13HK-1,-104.769795,38.81345063,38.813481,-104.769762,4.4,False,PD11223,PD011223,13HK-1,UG Transformer Bank,RCY-22,38.81392855,-104.7697402,25,UG10105,UG010105,13KE-63,UG Transformer Bank,RCY-4,38.81321075,-104.7698846,50,53.4,27.8,cross_feeder_likely_gis_error
1093797,17686,17660,21813,6,6,1,5,0.8333,0.6667,1.0,5,3,3,1.0,7003391958,"2658 PREAKNESS WAY, MOBILE",COLO SPGS,38.79337379,-104.7325981,13KE-64,-104.7325981,38.79337379,38.793398,-104.732588,2.8,False,PD8021,PD008021,13KE-64,UG Transformer Bank,RMPS-16,38.79319111,-104.7323362,25,PD5724,PD005724,13KE-64,UG Transformer Bank,RMPS-15,38.79354118,-104.7323223,25,30.5,30.3,same_feeder_ambiguous
1099631,17843,17861,21859,6,6,1,5,0.8333,0.6667,1.0,5,3,3,1.0,5227064149,"2876 MASON WAY, FLAG LIGHTS",COLO SPGS,38.7906114,-104.7334668,13KE-64,-104.7334668,38.7906114,38.790605,-104.733456,1.2,False,PD5732,PD005732,13KE-64,UG Transformer Bank,RMPS-61,38.79084479,-104.7332912,25,PD5745,PD005745,13KE-64,UG Transformer Bank,RMPS-49,38.79049592,-104.7340851,25,30.1,55.1,same_feeder_ambiguous
1094722,26722,26718,22074,6,6,1,5,0.8333,0.6667,1.0,5,3,3,1.0,6362398335,4825 ASTROZON BLVD LOT D272,COLO SPGS,38.79770138,-104.7339421,13KE-64,-104.7339421,38.79770138,38.797806,-104.733856,13.8,False,UG14858,UG014858,13KE-64,UG Transformer Bank,MWM-32,38.79760739,-104.7341758,25,UG14857,UG014857,13KE-64,UG Transformer Bank,MWM-31,38.79795604,-104.7337998,25,22.8,30.9,same_feeder_ambiguous
1101345,26723,17394,22083,6,6,1,5,0.8333,0.6667,1.0,5,3,3,1.0,9141476321,4825 ASTROZON BLVD LOT D261,COLO SPGS,38.79712622,-104.7340099,13KE-64,-104.7340099,38.79712622,38.797237,-104.733918,14.7,False,UG13030,UG013030,13KE-64,UG Transformer Bank,MWM-40,38.79752104,-104.7335099,25,UG13029,UG013029,13KE-64,UG Transformer Bank,MWM-39,38.7968972,-104.7342,25,61.7,30.3,same_feeder_ambiguous
1176535,11468,11490,22129,6,6,1,5,0.8333,0.6667,1.0,5,3,3,1.0,2658957643,4165 RESERVE PT,COLO SPGS,38.89108438,-104.8660322,13IP-3,-104.8660322,38.89108438,38.891078,-104.866022,1.1,False,PD14131,PD014131,13IP-3,UG Transformer Bank,RKC-181,38.8910548,-104.8665428,75,PD14130,PD014130,13IP-3,UG Transformer Bank,RKC-182,38.89074546,-104.8655863,50,44.3,53.9,same_feeder_ambiguous
1095114,375025,120939,22131,6,6,1,5,0.8333,0.6667,1.0,5,3,3,1.0,9119120106,122 CRYSTAL VALLEY RD,MANITOU,38.85382279,-104.8879148,13FV-4,-104.8879148,38.85382279,38.853789,-104.887905,3.9,False,PD105941,PD105941,13FV-4,UG Transformer Bank,RCHE-8,38.85381301,-104.8875869,10,PD20582,PD020582,13FV-4,UG Transformer Bank,RCHE-2,38.85315247,-104.8877883,25,28.4,75.3,same_feeder_ambiguous
1110144,14092,14057,22157,6,6,1,5,0.8333,0.6667,1.0,5,3,3,1.0,1193071702,4410 LYLE CIR,COLO SPGS,38.85549696,-104.7455421,13RI-11,-104.7455421,38.85549696,38.855524,-104.745532,3.1,False,UG4601,UG004601,13RI-11,UG Transformer Bank,RNP-3,38.85535261,-104.7460175,25,UG4602,UG004602,13RI-11,UG Transformer Bank,RNP-6,38.85592465,-104.7454461,25,44.2,48.3,same_feeder_ambiguous
1096145,391439,391437,22444,6,6,1,5,0.8333,0.6667,1.0,5,3,3,1.0,4872192966,3718 VANDERS GRV,COLO SPGS,38.88605303,-104.7059473,12CL-11,-104.7059473,38.88605303,38.885475,-104.705886,64.5,False,PD108399,PD108399,12CL-11,UG Transformer Bank,RVPT-4,38.88615191,-104.7057775,167,PD108397,PD108397,12CL-11,UG Transformer Bank,RVPT-2,38.88552271,-104.705787,100,18.4,60.6,same_feeder_ambiguous
1137801,706882,378465,22540,6,6,1,5,0.8333,0.6667,1.0,5,3,3,1.0,8991355844,4525 PEAK CREST VW,COLO SPGS,38.93924202,-104.7445127,12BG-21,-104.7445127,38.93924202,38.939235,-104.744502,1.2,False,,,,,,,,,PD107213,PD107213,12BG-21,UG Transformer Bank,RTCC-8,38.93940733,-104.7443823,25,,21.6,unknown_feeder
1183770,280966,24453,22543,6,6,1,5,0.8333,0.6667,1.0,5,3,3,1.0,9612047883,"4388 MONTEBELLO DR, CV",COLO SPGS,38.89653106,-104.7549707,13RI-4,-104.7549707,38.89653106,38.896443,-104.754755,21.1,False,PD2900,PD002900,13RI-4,UG Transformer Bank,AMG-3,38.89646124,-104.7549773,100,UG2062,UG002062,13RI-4,UG Transformer Bank,RVG-63,38.8969321,-104.7550423,25,7.8,45.0,same_feeder_ambiguous
1097185,9673,9664,22706,6,6,1,5,0.8333,0.6667,1.0,5,3,3,1.0,1462651511,3175 CORTINA DR,COLO SPGS,38.9115163,-104.7684854,12WN-23,-104.7684854,38.9115163,38.911543,-104.768472,3.2,False,UG940,UG000940,12WN-23,UG Transformer Bank,RVW-66,38.91128312,-104.7681221,25,UG22038,UG022038,12WN-23,UG Transformer Bank,RVW-75,38.9112826,-104.7691597,25,40.7,63.9,same_feeder_ambiguous
1282527,26634,26660,22974,6,6,1,5,0.8333,0.6667,1.0,5,3,3,1.0,4572335015,2120 WOODBURN ST,COLO SPGS,38.80219898,-104.8284337,13SG-2,-104.8284337,38.80219898,38.802233,-104.828421,3.9,False,UG15827,UG015827,13SG-2,UG Transformer Bank,RBT-4,38.8024795,-104.8285175,25,UG20675,UG020675,13SG-2,UG Transformer Bank,RBT-3,38.8016698,-104.8285074,25,32.0,59.2,same_feeder_ambiguous
1099829,17314,17315,23102,6,6,1,5,0.8333,0.6667,1.0,5,3,3,1.0,1589853690,4825 ASTROZON BLVD LOT A3,COLO SPGS,38.79824154,-104.7317038,13KE-64,-104.7317038,38.79824154,38.798274,-104.731699,3.6,False,UG14887,UG014887,13KE-64,UG Transformer Bank,MWM-60,38.79806898,-104.7321145,25,UG14851,UG014851,13KE-64,UG Transformer Bank,MWM-59,38.79805173,-104.7314556,25,40.4,30.1,same_feeder_ambiguous
1121104,26497,26510,23115,6,6,1,5,0.8333,0.6667,1.0,5,3,3,1.0,6044582016,"1488 JET WING DR, PHONE EQUIP",COLO SPGS,38.81110971,-104.7397475,13PV-4,-104.7397475,38.81110971,38.811107,-104.739711,3.2,False,PD5507,PD005507,13PV-4,UG Transformer Bank,RHZ-32,38.81151333,-104.7397977,25,PD5512,PD005512,13PV-4,UG Transformer Bank,RHZ-43,38.81044859,-104.7406958,25,45.1,110.3,same_feeder_ambiguous
1106050,26713,26727,23146,6,6,1,5,0.8333,0.6667,1.0,5,3,3,1.0,5193241267,4825 ASTROZON BLVD LOT E290,COLO SPGS,38.79790448,-104.7326276,13KE-64,-104.7326276,38.79790448,38.79761,-104.732906,40.7,False,UG14854,UG014854,13KE-64,UG Transformer Bank,MWM-42,38.79811792,-104.7327063,25,UG13028,UG013028,13KE-64,UG Transformer Bank,MWM-43,38.7975161,-104.733103,25,24.7,59.7,same_feeder_ambiguous
1100260,16655,16644,23193,6,6,1,5,0.8333,0.6667,1.0,5,3,3,1.0,4238696771,3460 VERDE DR,COLO SPGS,38.81088668,-104.7648444,13KE-63,-104.7648444,38.81088668,38.810912,-104.764834,3.0,False,UG12804,UG012804,13KE-63,UG Transformer Bank,RPPP-72,38.81057382,-104.7652682,25,UG12805,UG012805,13KE-63,UG Transformer Bank,RPPP-73,38.81095234,-104.7645047,25,50.6,30.3,same_feeder_ambiguous
1103076,17188,17225,23229,6,6,1,5,0.8333,0.6667,1.0,5,3,3,1.0,5288341960,3655 EL MORRO RD LOT 22,COLO SPGS,38.80018037,-104.7625513,13KE-63,-104.7625513,38.80018037,38.80021,-104.762551,3.3,False,UG13393,UG013393,13KE-63,UG Transformer Bank,MPPV-6,38.8002425,-104.7623421,25,UG13399,UG013399,13KE-63,UG Transformer Bank,MPPV-28,38.79950348,-104.7625881,15,19.4,75.3,same_feeder_ambiguous
1121103,17027,17056,23278,6,6,1,5,0.8333,0.6667,1.0,5,3,3,1.0,6328190071,"2049 JET WING DR, PHONE EQUIPMENT",COLO SPGS,38.80334376,-104.7467917,13PV-4,-104.7467917,38.80334376,38.803247,-104.746807,10.8,False,UG13284,UG013284,13PV-4,UG Transformer Bank,RPPP-140,38.80305974,-104.7464556,25,UG13058,UG013058,13PV-4,UG Transformer Bank,RPPP-133,38.80256693,-104.7472285,37.5,43.0,94.3,same_feeder_ambiguous
1103408,16697,16682,23400,6,6,1,5,0.8333,0.6667,1.0,5,3,3,1.0,9623110172,3535 MOSSWOOD LN,COLO SPGS,38.80989571,-104.7624382,13KE-63,-104.7624382,38.80989571,38.809925,-104.762416,3.8,False,UG12777,UG012777,13KE-63,UG Transformer Bank,RPPP-64,38.80955888,-104.7625752,25,UG12776,UG012776,13KE-63,UG Transformer Bank,RPPP-65,38.80979527,-104.7619786,25,39.3,41.4,same_feeder_ambiguous
1111866,16679,16663,23412,6,6,1,5,0.8333,0.6667,1.0,5,3,3,1.0,8517356230,3630 BRIDGEWOOD LN,COLO SPGS,38.80985534,-104.760702,13KE-63,-104.760702,38.80985534,38.809882,-104.760693,3.1,False,UG12775,UG012775,13KE-63,UG Transformer Bank,RPPP-66,38.81008995,-104.7601261,25,UG12774,UG012774,13KE-63,UG Transformer Bank,RPPP-67,38.81037321,-104.7608414,25,56.3,58.8,same_feeder_ambiguous
1101902,17843,17819,23575,6,6,1,5,0.8333,0.6667,1.0,5,3,3,1.0,7933864369,"2851 MASON WAY, MOBILE",COLO SPGS,38.79094972,-104.7331299,13KE-64,-104.7331299,38.79094972,38.790985,-104.73312,4.0,False,PD5732,PD005732,13KE-64,UG Transformer Bank,RMPS-61,38.79084479,-104.7332912,25,PD5731,PD005731,13KE-64,UG Transformer Bank,RMPS-60,38.79117383,-104.7332709,25,18.2,27.8,same_feeder_ambiguous
1109401,17225,26696,23826,6,6,1,5,0.8333,0.6667,1.0,5,3,3,1.0,5616482658,3655 EL MORRO RD LOT 163,COLO SPGS,38.79950309,-104.7626731,13KE-63,-104.7626731,38.79950309,38.799489,-104.762675,1.6,False,UG13399,UG013399,13KE-63,UG Transformer Bank,MPPV-28,38.79950348,-104.7625881,15,UG13396,UG013396,13KE-63,UG Transformer Bank,MPPV-27,38.79935894,-104.7622882,25,7.4,37.0,same_feeder_ambiguous
1103194,26474,26475,23842,6,6,1,5,0.8333,0.6667,1.0,5,3,3,1.0,64031905,1315 RIDE LN,COLO SPGS,38.81289806,-104.7415979,13PV-4,-104.7415979,38.81289806,38.812922,-104.74159,2.7,False,PD5502,PD005502,13PV-4,UG Transformer Bank,RHZ-49,38.81292757,-104.7414266,25,PD6157,PD006157,13PV-4,UG Transformer Bank,RHZ-51,38.81292263,-104.7420588,25,15.2,40.0,same_feeder_ambiguous
1103290,14697,14679,23868,6,6,1,5,0.8333,0.6667,1.0,5,3,3,1.0,4243400203,1095 WESTERN DR LOT 142,COLO SPGS,38.84766169,-104.6966379,12CL-13,-104.6966379,38.84766169,38.847697,-104.696627,4.0,False,UG5764,UG005764,12CL-13,UG Transformer Bank,MCH-26,38.84760759,-104.6969214,25,UG5763,UG005763,12CL-13,UG Transformer Bank,MCH-27,38.84783227,-104.6965055,25,25.3,22.2,same_feeder_ambiguous
1110186,17345,17349,23964,6,6,1,5,0.8333,0.6667,1.0,5,3,3,1.0,8137857324,4825 ASTROZON BLVD LOT A73,COLO SPGS,38.79778207,-104.7381417,13KE-64,-104.7381417,38.79778207,38.797736,-104.738237,9.7,False,UG15325,UG015325,13KE-64,UG Transformer Bank,MWM-9,38.79764583,-104.7379084,25,UG15324,UG015324,13KE-64,UG Transformer Bank,MWM-10,38.79756917,-104.7382927,37.5,25.3,27.0,same_feeder_ambiguous
1111378,17414,17423,23968,6,6,1,5,0.8333,0.6667,1.0,5,3,3,1.0,1682098575,4825 ASTROZON BLVD LOT A115,COLO SPGS,38.79634531,-104.7403521,13KE-64,-104.7403521,38.79634531,38.79644,-104.739944,36.9,False,UG12988,UG012988,13KE-64,UG Transformer Bank,MWM-2,38.79666224,-104.740528,25,UG12985,UG012985,13KE-64,UG Transformer Bank,MWM-4,38.79648536,-104.7397995,25,38.4,50.4,same_feeder_ambiguous
1103675,26724,17414,23969,6,6,1,5,0.8333,0.6667,1.0,5,3,3,1.0,5763281724,4825 ASTROZON BLVD LOT A103,COLO SPGS,38.79717331,-104.7404309,13KE-64,-104.7404309,38.79717331,38.797201,-104.740399,4.1,False,UG15322,UG015322,13KE-64,UG Transformer Bank,MWM-1,38.7975587,-104.7404867,25,UG12988,UG012988,13KE-64,UG Transformer Bank,MWM-2,38.79666224,-104.740528,25,43.1,57.4,same_feeder_ambiguous
1104482,25655,14166,24143,6,6,1,5,0.8333,0.6667,1.0,5,3,3,1.0,2446206766,1095 WESTERN DR LOT 527,COLO SPGS,38.85341476,-104.6924596,12CL-13,-104.6924596,38.85341476,38.853444,-104.692439,3.7,False,UG5218,UG005218,12CL-13,UG Transformer Bank,MCH-59,38.85347858,-104.6927425,25,UG5191,UG005191,12CL-13,UG Transformer Bank,MCH-58,38.85353197,-104.6918683,25,25.5,52.8,same_feeder_ambiguous
1121065,396191,13276,24258,6,6,1,5,0.8333,0.6667,1.0,5,3,3,1.0,6759310103,"2503 AVONDALE DR, PHONE EQUIP",COLO SPGS,38.87040167,-104.7384021,13RI-9,-104.7384021,38.87040167,38.870386,-104.738274,11.2,False,PD109688,PD109688,13RI-9,UG Transformer Bank,CTWR-1,38.87042498,-104.7385329,167,UG8875,UG008875,13PR-3,UG Transformer Bank,RTB-1,38.87058439,-104.7394153,37.5,11.6,90.0,cross_feeder_likely_gis_error
1109321,17373,17346,24306,6,6,1,5,0.8333,0.6667,1.0,5,3,3,1.0,7681499760,3655 EL MORRO RD LOT 73,COLO SPGS,38.79770356,-104.7615752,13KE-63,-104.7615752,38.79770356,38.797779,-104.761244,29.9,False,UG13162,UG013162,13KE-63,UG Transformer Bank,MPPV-20,38.79733192,-104.7615111,25,UG13156,UG013156,13KE-63,UG Transformer Bank,MPPV-18,38.7977725,-104.7611525,25,41.7,37.4,same_feeder_ambiguous
1133342,15533,15504,24468,6,6,1,5,0.8333,0.6667,1.0,5,3,3,1.0,1418360584,"4777 E PIKES PEAK AVE, PHONE EQUIP",COLO SPGS,38.83248177,-104.7390606,12PV-2,-104.7390606,38.83248177,38.832426,-104.739099,7.0,False,UG12051,UG012051,12PV-2,UG Transformer Bank,RES-81,38.83207324,-104.7390823,15,UG11995,UG011995,12PV-2,UG Transformer Bank,ME-18,38.83280716,-104.739727,25,45.5,68.1,same_feeder_ambiguous
1138160,17387,17368,24480,6,6,1,5,0.8333,0.6667,1.0,5,3,3,1.0,1584937437,4825 ASTROZON BLVD LOT A102,COLO SPGS,38.79721274,-104.7399958,13KE-64,-104.7399958,38.79721274,38.79724,-104.739965,4.0,False,UG12986,UG012986,13KE-64,UG Transformer Bank,MWM-3,38.79696919,-104.7396944,25,UG12987,UG012987,13KE-64,UG Transformer Bank,MWM-12,38.79722454,-104.7393533,25,37.6,55.7,same_feeder_ambiguous
1171203,4545,4535,24496,6,6,1,5,0.8333,0.6667,1.0,5,3,3,1.0,2002552354,"1904 CAPULIN DR, CV",COLO SPGS,38.8049723,-104.7712407,13KE-72,-104.7712407,38.8049723,38.804866,-104.771183,12.8,False,OH17525,OH017525,13KE-72,OH Transformer Bank,,38.80436057,-104.7713307,25,OH17520,OH017520,13KE-72,OH Transformer Bank,,38.80468312,-104.770369,25,68.5,82.1,same_feeder_ambiguous
1187314,15779,15809,24690,6,6,1,5,0.8333,0.6667,1.0,5,3,3,1.0,2647084510,"1945 GILTSHIRE DR, RECBLD",COLO SPGS,38.82754886,-104.8582969,13FV-2,-104.8582969,38.82754886,38.82744,-104.857641,58.1,False,PD11061,PD011061,13FV-2,UG Transformer Bank,CGOH-4,38.82757894,-104.8583955,50,PD11060,PD011060,13FV-2,UG Transformer Bank,CGOH-8,38.82729559,-104.8580103,75,9.2,37.5,same_feeder_ambiguous
1108931,17321,17303,24804,6,6,1,5,0.8333,0.6667,1.0,5,3,3,1.0,9725925855,3655 EL MORRO RD LOT 62,COLO SPGS,38.79792361,-104.7617054,13KE-63,-104.7617054,38.79792361,38.79811,-104.761376,35.3,False,UG13161,UG013161,13KE-63,UG Transformer Bank,MPPV-21,38.79814307,-104.76174,37.5,UG13152,UG013152,13KE-63,UG Transformer Bank,MPPV-22,38.79840071,-104.7611517,25,24.6,71.5,same_feeder_ambiguous
1108944,17373,17321,24808,6,6,1,5,0.8333,0.6667,1.0,5,3,3,1.0,4248712865,3655 EL MORRO RD LOT 74,COLO SPGS,38.79759158,-104.7616253,13KE-63,-104.7616253,38.79759158,38.797683,-104.761645,10.3,False,UG13162,UG013162,13KE-63,UG Transformer Bank,MPPV-20,38.79733192,-104.7615111,25,UG13161,UG013161,13KE-63,UG Transformer Bank,MPPV-21,38.79814307,-104.76174,37.5,30.5,62.1,same_feeder_ambiguous
1112142,27104,27102,24851,6,6,1,5,0.8333,0.6667,1.0,5,3,3,1.0,1891951736,3280 S ACADEMY BLVD LOT 103,COLO SPGS,38.78376863,-104.7593146,13KE-73,-104.7593146,38.78376863,38.783778,-104.759401,7.6,False,UG13780,UG013780,13KE-73,UG Transformer Bank,MLL-41,38.78384341,-104.7596932,25,UG13779,UG013779,13KE-73,UG Transformer Bank,MLL-42,38.78389919,-104.7590314,25,33.9,28.5,same_feeder_ambiguous
1109117,14792,14802,24857,6,6,1,5,0.8333,0.6667,1.0,5,3,3,1.0,8067840328,1095 WESTERN DR LOT 154,COLO SPGS,38.84629121,-104.6949975,12CL-13,-104.6949975,38.84629121,38.846345,-104.695006,6.0,False,UG5722,UG005722,12CL-13,UG Transformer Bank,MCH-3,38.84639876,-104.6939899,25,UG5721,UG005721,12CL-13,UG Transformer Bank,MCH-2,38.84630199,-104.695068,25,88.1,6.2,same_feeder_ambiguous
1110386,18191,18184,24870,6,6,1,5,0.8333,0.6667,1.0,5,3,3,1.0,5615649542,3280 S ACADEMY BLVD LOT 94,COLO SPGS,38.78448434,-104.758588,13KE-73,-104.758588,38.78448434,38.784508,-104.758578,2.8,False,UG13783,UG013783,13KE-73,UG Transformer Bank,MLL-38,38.7842372,-104.7587133,25,UG13784,UG013784,13KE-73,UG Transformer Bank,MLL-35,38.78457173,-104.7586764,25,29.5,12.4,same_feeder_ambiguous
1109475,15869,15859,24929,6,6,1,5,0.8333,0.6667,1.0,5,3,3,1.0,4270416971,5150 AIRPORT RD LOT B66,COLO SPGS,38.82557228,-104.7308476,13PV-4,-104.7308476,38.82557228,38.825596,-104.730837,2.8,False,UG12673,UG012673,13PV-4,UG Transformer Bank,MGA-12,38.82546106,-104.7309446,25,UG12674,UG012674,13PV-4,UG Transformer Bank,MGA-13,38.82567951,-104.7309244,25,15.0,13.7,same_feeder_ambiguous
1109814,18812,18825,24999,6,6,1,5,0.8333,0.6667,1.0,5,3,3,1.0,306540012,3990 S US HIGHWAY 85-87 LOT 23,COLO SPGS,38.77352849,-104.7686026,12BY-33,-104.7686026,38.77352849,38.773532,-104.768706,9.0,False,UG14989,UG014989,12BY-33,UG Transformer Bank,MEC-1,38.77340939,-104.7681311,50,UG14990,UG014990,12BY-33,UG Transformer Bank,MEC-2,38.77315546,-104.7682817,37.5,43.0,49.9,same_feeder_ambiguous
1111613,13767,13758,25005,6,6,1,5,0.8333,0.6667,1.0,5,3,3,1.0,4862769824,3860 CONSTITUTION AVE,COLO SPGS,38.86128385,-104.7554891,13RI-9,-104.7554891,38.86128385,38.861292,-104.755522,3.0,False,UG4455,UG004455,13RI-9,UG Transformer Bank,AGS-1,38.86101372,-104.7558498,50,UG11117,UG011117,13RI-9,UG Transformer Bank,AGS-17,38.86132812,-104.7552942,37.5,43.3,17.6,same_feeder_ambiguous
1114763,25412,25413,25093,6,6,1,5,0.8333,0.6667,1.0,5,3,3,1.0,6706211057,3830 MAIZELAND RD,COLO SPGS,38.86882797,-104.7557581,13RI-2,-104.7557581,38.86882797,38.868751,-104.75513,55.0,False,PD4558,PD004558,13RI-2,UG Transformer Bank,CMMS-2,38.86868649,-104.7557427,100,PD4557,PD004557,13RI-2,UG Transformer Bank,CMMS-1,38.86868813,-104.7561731,100,15.8,39.1,same_feeder_ambiguous
1112869,12781,25221,25098,6,6,1,5,0.8333,0.6667,1.0,5,3,3,1.0,5327618321,4880 WINDWARD CIR,COLO SPGS,38.87614912,-104.7367673,13PR-3,-104.7367673,38.87614912,38.876178,-104.736744,3.8,False,UG16663,UG016663,13PR-3,UG Transformer Bank,RRT-35,38.87646762,-104.7370126,25,UG8342,UG008342,13PR-3,UG Transformer Bank,RRT-34,38.87606256,-104.7363386,25,41.3,38.3,same_feeder_ambiguous
1112140,18270,18266,25115,6,6,1,5,0.8333,0.6667,1.0,5,3,3,1.0,4034311509,3280 S ACADEMY BLVD LOT 71,COLO SPGS,38.78354422,-104.7594431,13KE-73,-104.7594431,38.78354422,38.783488,-104.759436,6.3,False,UG13769,UG013769,13KE-73,UG Transformer Bank,MLL-43,38.78338162,-104.7592894,15,UG13772,UG013772,13KE-73,UG Transformer Bank,MLL-15,38.78342564,-104.759917,25,22.5,43.1,same_feeder_ambiguous
1142784,18173,18235,25123,6,6,1,5,0.8333,0.6667,1.0,5,3,3,1.0,440670893,"3280 S ACADEMY BLVD, CV",COLO SPGS,38.7848686,-104.7597677,13KE-73,-104.7597677,38.7848686,38.783747,-104.76188,221.5,True,UG13794,UG013794,13KE-73,UG Transformer Bank,MLL-40,38.78478523,-104.7597796,37.5,UG13781,UG013781,13KE-73,UG Transformer Bank,MLL-16,38.78389876,-104.7601337,25,9.3,112.4,same_feeder_ambiguous
1111977,13479,13444,25151,6,6,1,5,0.8333,0.6667,1.0,5,3,3,1.0,2542636390,4746 VISTA VIEW LN,COLO SPGS,38.86762885,-104.7402011,13RI-9,-104.7402011,38.86762885,38.867657,-104.740179,3.7,False,UG10907,UG010907,13RI-9,UG Transformer Bank,RVHS-3,38.86731608,-104.7403949,25,UG10906,UG010906,13RI-9,UG Transformer Bank,RBW-1,38.86800583,-104.7399773,25,38.6,46.2,same_feeder_ambiguous
1110544,17399,17427,25159,6,6,1,5,0.8333,0.6667,1.0,5,3,3,1.0,339497870,4825 ASTROZON BLVD LOT C246,COLO SPGS,38.79659392,-104.7350468,13KE-64,-104.7350468,38.79659392,38.796447,-104.734957,18.1,False,UG13000,UG013000,13KE-64,UG Transformer Bank,MWM-35,38.79679544,-104.7352368,25,UG13033,UG013033,13KE-64,UG Transformer Bank,MWM-38,38.7964518,-104.7349478,25,27.8,18.0,same_feeder_ambiguous
1110672,18113,18100,25175,6,6,1,5,0.8333,0.6667,1.0,5,3,3,1.0,3849173744,3280 S ACADEMY BLVD LOT 30,COLO SPGS,38.78615154,-104.7618758,13KE-73,-104.7618758,38.78615154,38.786317,-104.761788,19.9,False,UG14968,UG014968,13KE-73,UG Transformer Bank,MLL-6,38.78604538,-104.7619909,25,UG14965,UG014965,13KE-73,UG Transformer Bank,MLL-1,38.78635459,-104.7613001,25,15.5,54.8,same_feeder_ambiguous
1112420,18125,27046,25177,6,6,1,5,0.8333,0.6667,1.0,5,3,3,1.0,4699032524,3280 S ACADEMY BLVD LOT 176,COLO SPGS,38.78579748,-104.7605824,13KE-73,-104.7605824,38.78579748,38.785796,-104.760536,4.0,False,UG13800,UG013800,13KE-73,UG Transformer Bank,MLL-4,38.78584489,-104.7608236,25,UG13799,UG013799,13KE-73,UG Transformer Bank,MLL-3,38.78585422,-104.7603606,25,21.6,20.2,same_feeder_ambiguous
1110689,18118,18122,25183,6,6,1,5,0.8333,0.6667,1.0,5,3,3,1.0,9853584672,3280 S ACADEMY BLVD LOT 147,COLO SPGS,38.78609477,-104.7594343,13KE-73,-104.7594343,38.78609477,38.786067,-104.759467,4.2,False,UG14975,UG014975,13KE-73,UG Transformer Bank,MLL-26,38.78592888,-104.7592378,25,UG14971,UG014971,13KE-73,UG Transformer Bank,MLL-27,38.78584594,-104.7596732,25,25.1,34.6,same_feeder_ambiguous
1114587,13143,13164,25200,6,6,1,5,0.8333,0.6667,1.0,5,3,3,1.0,700680887,2764 ORO BLANCO DR,COLO SPGS,38.87215945,-104.7374824,12PR-2,-104.7374824,38.87215945,38.872189,-104.737463,3.7,False,UG8517,UG008517,12PR-2,UG Transformer Bank,RVL-38,38.87235385,-104.7375378,25,UG8900,UG008900,12PR-2,UG Transformer Bank,RVL-37,38.8720871,-104.7378446,25,22.1,32.4,same_feeder_ambiguous
1138780,13803,13785,25373,6,6,1,5,0.8333,0.6667,1.0,5,3,3,1.0,1451020298,"1905 N ACADEMY BLVD, HSEMTR",COLO SPGS,38.86071974,-104.7564989,13RI-9,-104.7564989,38.86071974,38.860745,-104.756599,9.1,False,UG1554,UG001554,13RI-9,UG Transformer Bank,CABC-1,38.86066231,-104.7564042,50,UG4456,UG004456,13RI-9,UG Transformer Bank,AGS-2,38.86090171,-104.755669,50,10.4,74.7,same_feeder_ambiguous
1111943,25830,14601,25436,6,6,1,5,0.8333,0.6667,1.0,5,3,3,1.0,1209139194,1095 WESTERN DR LOT 214,COLO SPGS,38.84827792,-104.6959279,12CL-13,-104.6959279,38.84827792,38.848308,-104.695912,3.6,False,UG5786,UG005786,12CL-13,UG Transformer Bank,MCH-39,38.84842669,-104.6961099,25,UG5773,UG005773,12CL-13,UG Transformer Bank,MCH-40,38.84857739,-104.6965774,25,22.8,65.4,same_feeder_ambiguous
1112389,18235,27105,25473,6,6,1,5,0.8333,0.6667,1.0,5,3,3,1.0,6822250609,3280 S ACADEMY BLVD LOT 195,COLO SPGS,38.78401575,-104.7604787,13KE-73,-104.7604787,38.78401575,38.784045,-104.760468,3.4,False,UG13781,UG013781,13KE-73,UG Transformer Bank,MLL-16,38.78389876,-104.7601337,25,UG13787,UG013787,13KE-73,UG Transformer Bank,MLL-17,38.78384114,-104.7606435,25,32.6,24.1,same_feeder_ambiguous
1112157,18226,27081,25483,6,6,1,5,0.8333,0.6667,1.0,5,3,3,1.0,8188640437,3280 S ACADEMY BLVD LOT 47,COLO SPGS,38.78431164,-104.7618237,13KE-73,-104.7618237,38.78431164,38.784406,-104.761922,13.5,False,UG13789,UG013789,13KE-73,UG Transformer Bank,MLL-12,38.78400678,-104.7619842,25,UG13790,UG013790,13KE-73,UG Transformer Bank,MLL-11,38.78473967,-104.7620309,25,36.6,50.9,same_feeder_ambiguous
1121091,13025,13048,25511,6,6,1,5,0.8333,0.6667,1.0,5,3,3,1.0,3240136307,"4193 S CAREFREE CIR, PHONE EQUIP",COLO SPGS,38.8738989,-104.7488117,13RI-2,-104.7488117,38.8738989,38.874253,-104.749769,91.7,False,PD12644,PD012644,13RI-2,UG Transformer Bank,RSTT-3,38.87363015,-104.7488558,25,UG8493,UG008493,13RI-3,UG Transformer Bank,RVS-32,38.87355736,-104.750423,25,30.1,144.6,cross_feeder_likely_gis_error
1145045,25312,13111,25514,6,6,1,5,0.8333,0.6667,1.0,5,3,3,1.0,2012575626,2825 SERENDIPITY CIR E,COLO SPGS,38.87323211,-104.7520035,13RI-3,-104.7520035,38.87323211,38.873262,-104.751988,3.6,False,UG8498,UG008498,13RI-3,UG Transformer Bank,RVS-13,38.87387968,-104.7520146,25,UG8492,UG008492,13RI-2,UG Transformer Bank,RVS-19,38.87283447,-104.7511933,25,72.0,82.9,cross_feeder_likely_gis_error
1113095,13288,13332,25781,6,6,1,5,0.8333,0.6667,1.0,5,3,3,1.0,1071808777,2666 CIBOLA DR,COLO SPGS,38.8697549,-104.7265087,12PR-2,-104.7265087,38.8697549,38.869787,-104.726499,3.7,False,UG8534,UG008534,12PR-2,UG Transformer Bank,RVL-72,38.87030933,-104.7265599,50,UG8533,UG008533,12PR-2,UG Transformer Bank,RVL-73,38.86971913,-104.7259706,25,61.8,46.8,same_feeder_ambiguous
1113182,14196,14404,25809,6,6,1,5,0.8333,0.6667,1.0,5,3,3,1.0,9963587132,1307 DOYLE PL,COLO SPGS,38.85319414,-104.7306244,12PR-1,-104.7306244,38.85319414,38.850942,-104.729996,256.3,True,UG4730,UG004730,12PR-1,UG Transformer Bank,RRH5-11,38.85340592,-104.7308397,25,UG5125,UG005125,12PR-1,UG Transformer Bank,RRH5-16,38.85096372,-104.7296564,25,30.0,261.8,same_feeder_ambiguous
1142846,25210,25233,25910,6,6,1,5,0.8333,0.6667,1.0,5,3,3,1.0,1308302247,"3915 S CAREFREE CIR, CV",COLO SPGS,38.87622053,-104.7544233,13RI-3,-104.7544233,38.87622053,38.876329,-104.754514,14.4,False,UG8703,UG008703,13RI-3,UG Transformer Bank,AKB-2,38.87629852,-104.7547703,37.5,UG8749,UG008749,13RI-3,UG Transformer Bank,RVS-5,38.87591193,-104.7544231,25,31.3,34.3,same_feeder_ambiguous
1150174,25401,13418,26001,6,6,1,5,0.8333,0.6667,1.0,5,3,3,1.0,7975971542,"2529 N MURRAY BLVD, LIGHTS",COLO SPGS,38.86940003,-104.7462924,13RI-3,-104.7462924,38.86940003,38.869394,-104.746282,1.1,False,PD4570,PD004570,13RI-3,UG Transformer Bank,CRC-1,38.86918666,-104.74632,100,UG11156,UG011156,13RI-9,UG Transformer Bank,RBW-28,38.86846347,-104.746811,50,23.8,113.4,cross_feeder_likely_gis_error
1114568,13103,13117,26115,6,6,1,5,0.8333,0.6667,1.0,5,3,3,1.0,9129447321,2790 NOGAL CT,COLO SPGS,38.87274261,-104.7235407,12PR-2,-104.7235407,38.87274261,38.872769,-104.723529,3.1,False,UG8540,UG008540,12PR-2,UG Transformer Bank,RVL-90,38.87276682,-104.7234514,15,UG8541,UG008541,12PR-2,UG Transformer Bank,RVL-91,38.87249161,-104.7241498,25,8.2,59.7,same_feeder_ambiguous
1115321,50858,50857,26282,6,6,1,5,0.8333,0.6667,1.0,5,3,3,1.0,1605495990,"5546 TIMELESS VW, SPKG",COLO SPGS,38.85696479,-104.7262501,12PR-1,-104.7262501,38.85696479,38.857413,-104.726225,49.9,False,PD20172,PD020172,12PR-1,UG Transformer Bank,RSTH-1,38.85704146,-104.7263471,25,PD20171,PD020171,12PR-1,UG Transformer Bank,RSTH-2,38.85732568,-104.726255,25,12.0,40.1,same_feeder_ambiguous
1121075,13691,13676,26490,6,6,1,5,0.8333,0.6667,1.0,5,3,3,1.0,80725433,"5521 DAWNRIDGE DR, PHONE EQUIP",COLO SPGS,38.86263724,-104.725491,12PR-1,-104.725491,38.86263724,38.86263,-104.725481,1.2,False,PD3452,PD003452,12PR-1,UG Transformer Bank,RHC-9,38.86239732,-104.7249651,25,PD15766,PD015766,12PR-1,UG Transformer Bank,RVL-181,38.86280003,-104.7262295,25,52.8,66.5,same_feeder_ambiguous
1119310,425117,425116,26578,6,6,1,5,0.8333,0.6667,1.0,5,3,3,1.0,9702833407,9261 PRIMERO PT,COLO SPGS,38.91459623,-104.6561908,12FR-32,-104.6561908,38.91459623,38.914556,-104.65618,4.6,False,PD108852,PD108852,12FR-32,UG Transformer Bank,RBLR54-13,38.91462736,-104.6558764,25,PD108851,PD108851,12FR-32,UG Transformer Bank,RBLR54-12,38.91476751,-104.65622,50,27.4,19.2,same_feeder_ambiguous
1286008,17915,17887,26601,6,6,1,5,0.8333,0.6667,1.0,5,3,3,1.0,1763721070,"225 W CHEYENNE MOUNTAIN BLVD, PHONE EQUIP",COLO SPGS,38.79092419,-104.8341688,13SG-2,-104.8341688,38.79092419,38.791014,-104.834048,14.5,False,PD11813,PD011813,13SG-2,UG Transformer Bank,CATV-1,38.79023701,-104.8337831,25,UG16290,UG016290,13SG-2,UG Transformer Bank,RSPL-5,38.79079373,-104.8347592,25,83.4,53.2,same_feeder_ambiguous
1246081,405742,410573,26701,6,6,1,5,0.8333,0.6667,1.0,5,3,3,1.0,7658579616,"5788 MAMMOTH LN, SPKG",COLO SPGS,38.91526783,-104.655422,12FR-32,-104.655422,38.91526783,38.915261,-104.655412,1.2,False,PD108846,PD108846,12FR-32,UG Transformer Bank,RBLR54-15,38.91509231,-104.6558964,25,UG129251,UG129251,12FR-32,UG Transformer Bank,RBLR52-3,38.91512354,-104.6550497,25,45.4,36.0,same_feeder_ambiguous
1121122,27124,27126,26901,6,6,1,5,0.8333,0.6667,1.0,5,3,3,1.0,2459959369,"620 BAYFIELD DR, PHONE EQUIP",COLO SPGS,38.78272537,-104.8146897,13SG-3,-104.8146897,38.78272537,38.782628,-104.814795,14.2,False,UG20850,UG020850,13SG-3,UG Transformer Bank,RMJB-69,38.78259969,-104.8143667,25,PD11886,PD011886,13SG-3,UG Transformer Bank,RMJB-81,38.78237363,-104.8138495,25,31.3,82.7,same_feeder_ambiguous
1220928,12542,25051,27199,6,6,1,5,0.8333,0.6667,1.0,5,3,3,1.0,3842416989,3405 SINTON RD LOT 58,COLO SPGS,38.87997566,-104.8326597,13HL-1,-104.8326597,38.87997566,38.88002,-104.832645,5.1,False,UG725,UG000725,13HL-1,UG Transformer Bank,MHTP-7,38.88018205,-104.8328693,25,UG673,UG000673,13HL-1,UG Transformer Bank,MHTP-5,38.88002025,-104.8323701,25,29.3,25.6,same_feeder_ambiguous
1127065,20017,12869,27460,6,6,1,5,0.8333,0.6667,1.0,5,3,3,1.0,2307502237,3100 WOOD AVE LOT G7,COLO SPGS,38.87670538,-104.8267449,12FT-3,-104.8267449,38.87670538,38.876145,-104.824771,181.9,True,OH2738,OH002738,12FT-3,OH Transformer Bank,,38.87606031,-104.826391,45,PD4342,PD004342,13NP-2,UG Transformer Bank,MNW-11,38.87608672,-104.8247134,25,78.0,188.8,cross_feeder_likely_gis_error
1123342,13520,13539,27525,6,6,1,5,0.8333,0.6667,1.0,5,3,3,1.0,3909409638,2362 WOOD AVE,COLO SPGS,38.86693075,-104.8265722,12FT-3,-104.8265722,38.86693075,38.866963,-104.826577,3.6,False,UG4035,UG004035,12FT-3,UG Transformer Bank,CSCC-5,38.86688511,-104.826802,50,UG4033,UG004033,12FT-3,UG Transformer Bank,CSCC-7,38.86677087,-104.8260187,25,20.5,51.1,same_feeder_ambiguous
1126002,14340,14395,28120,6,6,1,5,0.8333,0.6667,1.0,5,3,3,1.0,1860150982,1225 W HIGH POINT LN,COLO SPGS,38.85180617,-104.8394641,13Y-1,-104.8394641,38.85180617,38.851841,-104.839453,4.0,False,UG4076,UG004076,13Y-1,UG Transformer Bank,RHG-5,38.85224011,-104.839409,25,UG15128,UG015128,13Y-1,UG Transformer Bank,RHG-6,38.85157234,-104.8397896,25,48.5,38.3,same_feeder_ambiguous
1126463,20989,21013,28270,6,6,1,5,0.8333,0.6667,1.0,5,3,3,1.0,5357565788,315 N 16TH ST,COLO SPGS,38.84345143,-104.8458503,13Y-1,-104.8458503,38.84345143,38.843481,-104.845832,3.7,False,OH25215,OH025215,13Y-1,OH Transformer Bank,,38.84369914,-104.8457646,15,OH24481,OH024481,13Y-1,OH Transformer Bank,,38.8430613,-104.8454215,25,28.5,57.1,same_feeder_ambiguous
1127353,8076,23019,28554,6,6,1,5,0.8333,0.6667,1.0,5,3,3,1.0,4547319778,6585 SPROUL LN,COLO SPGS,38.92740751,-104.7813291,13CW-10,-104.7813291,38.92740751,38.92747,-104.781368,7.7,False,PD4490,PD004490,13CW-10,UG Transformer Bank,RCK-18,38.92858462,-104.7816763,25,PD4492,PD004492,13CW-10,UG Transformer Bank,RCK-5,38.9277431,-104.7822285,25,134.3,86.3,same_feeder_ambiguous
1266875,9518,9542,28566,6,6,1,5,0.8333,0.6667,1.0,5,3,3,1.0,9210094466,5613 ORO GRANDE DR,COLO SPGS,38.91269458,-104.7830353,12WN-23,-104.7830353,38.91269458,38.912735,-104.782988,6.1,False,UG3757,UG003757,12WN-23,UG Transformer Bank,RVW-238,38.91302351,-104.7827171,25,UG7895,UG007895,12WN-23,UG Transformer Bank,RVW-237,38.9127872,-104.7832877,25,45.8,24.1,same_feeder_ambiguous
1223193,24342,24359,28765,6,6,1,5,0.8333,0.6667,1.0,5,3,3,1.0,2233237163,4714 SHADOWGLEN LN,COLO SPGS,38.89932108,-104.7645361,13RI-4,-104.7645361,38.89932108,38.89935,-104.764527,3.3,False,UG2143,UG002143,13RI-4,UG Transformer Bank,RSG-34,38.89959165,-104.764482,15,UG2142,UG002142,13RI-4,UG Transformer Bank,RSG-35,38.89928126,-104.7647916,25,30.4,22.5,same_feeder_ambiguous
1301084,7012,22594,28799,6,6,1,5,0.8333,0.6667,1.0,5,3,3,1.0,8059170787,7652 SAFARI CIR,COLO SPGS,38.94325906,-104.7704998,13CW-11,-104.7704998,38.94325906,38.943288,-104.770474,3.9,False,PD3933,PD003933,13CW-11,UG Transformer Bank,RBGT-105B,38.94358146,-104.7705355,25,PD3929,PD003929,13CW-11,UG Transformer Bank,RBGT-5,38.94323963,-104.770115,25,36.0,33.3,same_feeder_ambiguous
1185642,19652,19649,28917,6,6,1,5,0.8333,0.6667,1.0,5,3,3,1.0,588647761,5905 DALTRY LN,COLO SPGS,38.7457598,-104.8334672,12JL-2,-104.8334672,38.7457598,38.745782,-104.833458,2.6,False,PD12461,PD012461,12JL-2,UG Transformer Bank,RGOB-36,38.74575436,-104.8342764,50,PD12462,PD012462,12JL-2,UG Transformer Bank,RGOB-31,38.7461869,-104.8327774,25,70.2,76.4,same_feeder_ambiguous
1148412,2005,20395,28920,6,6,1,5,0.8333,0.6667,1.0,5,3,3,1.0,8150462865,1821 YUMA ST,COLO SPGS,38.85806634,-104.7773791,13RI-12,-104.7773791,38.85806634,38.8579,-104.776705,61.2,False,OH11303,OH011303,13RI-12,OH Transformer Bank,,38.8581391,-104.7778338,25,OH11518,OH011518,13RI-12,OH Transformer Bank,,38.85748035,-104.7766053,15,40.2,93.5,same_feeder_ambiguous
1128252,10797,10774,28944,6,6,1,5,0.8333,0.6667,1.0,5,3,3,1.0,1029443846,4945 MARK DABLING BLVD LOT 177,COLO SPGS,38.89883707,-104.8222901,12WN-3,-104.8222901,38.89883707,38.898883,-104.822207,8.8,False,UG3602,UG003602,12WN-3,UG Transformer Bank,MCM-19,38.89872971,-104.8225454,25,UG3603,UG003603,12WN-3,UG Transformer Bank,MCM-25,38.89893785,-104.8220268,25,25.1,25.4,same_feeder_ambiguous
1268077,23169,23160,29016,6,6,1,5,0.8333,0.6667,1.0,5,3,3,1.0,4797697858,6385 PEAK VISTA CIR,COLO SPGS,38.92429823,-104.7820583,13CW-2,-104.7820583,38.92429823,38.924308,-104.782051,1.3,False,PD13599,PD013599,13CW-2,UG Transformer Bank,RPVD-5,38.92423362,-104.7822579,25,PD4479,PD004479,13CW-2,UG Transformer Bank,RPVD-4,38.92449986,-104.7819243,25,18.7,25.2,same_feeder_ambiguous
1168813,27287,27286,29022,6,6,1,5,0.8333,0.6667,1.0,5,3,3,1.0,8881122315,1565 S CANOE CREEK DR,COLO SPGS,38.76858697,-104.8014267,12BY-32,-104.8014267,38.76858697,38.768626,-104.801443,4.6,False,PD12722,PD012722,12BY-32,UG Transformer Bank,RCHM-90,38.76881237,-104.8010822,25,PD12723,PD012723,12BY-32,UG Transformer Bank,RCHM-91,38.76896571,-104.8015543,25,39.0,43.5,same_feeder_ambiguous
1289594,9869,9890,29076,6,6,1,5,0.8333,0.6667,1.0,5,3,3,1.0,1668375206,715 POPES VALLEY DR,COLO SPGS,38.90894189,-104.8406007,12WR-1,-104.8406007,38.90894189,38.908965,-104.840581,3.1,False,PD1400,PD001400,12WR-1,UG Transformer Bank,RPC-60,38.90926089,-104.8419003,50,PD1401,PD001401,12WR-1,UG Transformer Bank,RPC-61,38.9089491,-104.8403496,50,117.9,21.7,same_feeder_ambiguous
1306785,6178,6197,29154,6,6,1,5,0.8333,0.6667,1.0,5,3,3,1.0,2220378832,2361 THORNHILL DR,COLO SPGS,38.95746679,-104.7811649,13CW-3,-104.7811649,38.95746679,38.957465,-104.781088,6.7,False,PD3795,PD003795,13CW-3,UG Transformer Bank,RWAB-20,38.95774095,-104.781327,25,PD3794,PD003794,13CW-3,UG Transformer Bank,RWAB-19,38.95730505,-104.7807004,50,33.6,44.0,same_feeder_ambiguous
1128631,6716,6754,29156,6,6,1,5,0.8333,0.6667,1.0,5,3,3,1.0,8450861339,2044 SILKWOOD DR,COLO SPGS,38.94812422,-104.7894617,13CW-3,-104.7894617,38.94812422,38.948126,-104.789445,1.5,False,PD3846,PD003846,13CW-3,UG Transformer Bank,RSCA-3,38.94841863,-104.7887388,25,PD3847,PD003847,13CW-3,UG Transformer Bank,RSCA-4,38.94790862,-104.7891454,25,70.6,36.4,same_feeder_ambiguous
1128831,15630,15603,29262,6,6,1,5,0.8333,0.6667,1.0,5,3,3,1.0,4881815695,"2355 BRITTANIA RD, STLITE",COLO SPGS,38.8313089,-104.8612578,13FV-2,-104.8612578,38.8313089,38.83111,-104.861275,22.2,False,PD11246,PD011246,13FV-2,UG Transformer Bank,RBCD-3,38.83092754,-104.8608878,25,PD10121,PD010121,13FV-2,UG Transformer Bank,RBCD-5,38.83148988,-104.8616653,25,53.2,40.6,same_feeder_ambiguous
1200914,11038,24511,29298,6,6,1,5,0.8333,0.6667,1.0,5,3,3,1.0,935996728,4506 HOPEFUL WAY,COLO SPGS,38.89557319,-104.7459503,13RI-9,-104.7459503,38.89557319,38.895604,-104.745944,3.5,False,UG8810,UG008810,13RI-9,UG Transformer Bank,RDV-4,38.89573486,-104.7463593,15,UG8811,UG008811,13RI-9,UG Transformer Bank,RDV-5,38.89515073,-104.746034,15,39.7,47.5,same_feeder_ambiguous
1128961,9805,9867,29318,6,6,1,5,0.8333,0.6667,1.0,5,3,3,1.0,4515426994,"965 HAVERHILL PL, SPKG",COLO SPGS,38.90945636,-104.8438561,12WR-1,-104.8438561,38.90945636,38.909694,-104.843704,29.5,False,PD14878,PD014878,12WR-1,UG Transformer Bank,RPC-68,38.90999221,-104.8438081,50,PD1392,PD001392,12WR-1,UG Transformer Bank,RPC-56,38.90920704,-104.8444876,50,59.7,61.3,same_feeder_ambiguous
1247641,312316,21783,29506,6,6,1,5,0.8333,0.6667,1.0,5,3,3,1.0,2715738272,202 LOOMIS AVE,COLO SPGS,38.77226347,-104.7984911,13SR-2,-104.7984911,38.77226347,38.772418,-104.798379,19.7,False,PD103133,PD103133,13SR-2,UG Transformer Bank,CVER-3,38.77238507,-104.7984981,25,OH40090,OH040090,13SR-2,OH Transformer Bank,,38.77112155,-104.7987891,25,13.5,129.6,same_feeder_ambiguous
1196589,9975,23924,29592,6,6,1,5,0.8333,0.6667,1.0,5,3,3,1.0,1849955558,5230 SADDLE DR,COLO SPGS,38.90734496,-104.7860902,12WN-23,-104.7860902,38.90734496,38.907367,-104.786089,2.5,False,UG7252,UG007252,12WN-23,UG Transformer Bank,RGRE-84,38.90747178,-104.7863522,25,UG7249,UG007249,12WN-23,UG Transformer Bank,RGRE-82,38.90749735,-104.7858578,25,26.7,26.3,same_feeder_ambiguous
1132177,22827,22848,29914,6,6,1,5,0.8333,0.6667,1.0,5,3,3,1.0,9589313422,"2328 SWEET WATER CT, PHONE EQUIP",COLO SPGS,38.93384711,-104.8722806,12OV-2,-104.8722806,38.93384711,38.93384,-104.87227,1.2,False,PD466,PD000466,12OV-2,UG Transformer Bank,ROV-47,38.93410822,-104.8729038,25,PD468,PD000468,12OV-2,UG Transformer Bank,ROV-49,38.93366225,-104.87297,25,61.2,63.1,same_feeder_ambiguous
1132754,150730,150727,30152,6,6,1,5,0.8333,0.6667,1.0,5,3,3,1.0,9919173718,"3644 CHERRY PLUM DR, SPKG",COLO SPGS,38.96851376,-104.7604462,12KC-31,-104.7604462,38.96851376,38.96858,-104.760434,7.4,False,PD17354,PD017354,12KC-31,UG Transformer Bank,RPC18-4,38.96846233,-104.759779,25,PD17351,PD017351,12KC-31,UG Transformer Bank,RPC18-1,38.96956269,-104.7616608,25,58.0,156.9,same_feeder_ambiguous
1247844,,136956,30216,7,6,0,4,0.6667,0.6667,1.0,6,3,3,1.0,3994603899,"4497 MARCONI HTS, TEMP ELEC",COLO SPGS,38.89721137,-104.7970412,,-104.7970412,38.89721137,38.897205,-104.797031,1.1,False,,,,,,,,,PD21612,PD021612,12C-3,UG Transformer Bank,CUWT-5,38.89671603,-104.7971333,100,,55.7,new_assignment
1309895,6096,6102,30777,6,6,1,5,0.8333,0.6667,1.0,5,3,3,1.0,697523324,9450 MELBOURNE DR,COLO SPGS,38.95973097,-104.7681143,12KC-11,-104.7681143,38.95973097,38.95975,-104.768105,2.3,False,PD8001,PD008001,12KC-11,UG Transformer Bank,RSFD-43,38.96005333,-104.7678576,25,PD8005,PD008005,12KC-11,UG Transformer Bank,RSFD-38,38.95985576,-104.7686409,25,42.2,47.6,same_feeder_ambiguous
1134939,10049,10018,30990,6,6,1,5,0.8333,0.6667,1.0,5,3,3,1.0,3442864477,5130 HEARTHSTONE LN,COLO SPGS,38.90695872,-104.8749942,13IP-3,-104.8749942,38.90695872,38.90746,-104.875549,73.6,False,PD1465,PD001465,13IP-3,UG Transformer Bank,VRMS-26,38.90699638,-104.8748197,25,PD1463,PD001463,13IP-3,UG Transformer Bank,VRMS-21,38.90751122,-104.8749681,25,15.7,61.5,same_feeder_ambiguous
1209374,25303,12942,31064,6,6,1,5,0.8333,0.6667,1.0,5,3,3,1.0,2745152113,3011 COUNTRY CLUB DR,COLO SPGS,38.87427469,-104.7855637,13NP-3,-104.7855637,38.87427469,38.874308,-104.785562,3.7,False,PD6415,PD006415,13NP-3,UG Transformer Bank,RCCS-9,38.8742571,-104.7844967,25,UG10981,UG010981,13NP-3,UG Transformer Bank,RCCS-10,38.87479189,-104.7857579,25,92.4,59.9,same_feeder_ambiguous
1135988,11963,10230,31266,6,6,1,5,0.8333,0.6667,1.0,5,3,3,1.0,1957532226,,,38.88585946,-104.8482078,13HL-1,-104.8482078,38.88585946,38.904583,-104.790993,5371.4,True,PD83,PD000083,13HL-1,UG Transformer Bank,RHPW-73,38.88611406,-104.8477676,25,PD14938,PD014938,12C-3,UG Transformer Bank,RUB-46,38.90444899,-104.7907464,25,47.5,5385.4,cross_feeder_likely_gis_error
1146041,14643,14724,31289,6,6,1,5,0.8333,0.6667,1.0,5,3,3,1.0,1471648275,5102 GALLEY RD LOT 326A,COLO SPGS,38.84807332,-104.7336475,13PV-3,-104.7336475,38.84807332,38.848111,-104.733643,4.2,False,UG5054,UG005054,13PV-3,UG Transformer Bank,MCP-33,38.84850936,-104.7333991,25,UG5078,UG005078,13PV-3,UG Transformer Bank,MCP-34,38.84755497,-104.7333467,25,53.0,63.3,same_feeder_ambiguous
1143129,66225,54371,31427,6,6,1,5,0.8333,0.6667,1.0,5,3,3,1.0,1887759091,,,38.90247033,-104.7914192,12C-3,-104.7914192,38.90247033,38.902448,-104.791484,6.1,False,OH7790,OH007790,12C-2,OH Transformer Bank,,38.88954236,-104.7960863,25,PD20358,PD020358,12C-3,UG Transformer Bank,RHCP-1,38.9023504,-104.7913161,25,1493.2,16.0,cross_feeder_likely_gis_error
1268289,17068,17092,31558,6,6,1,5,0.8333,0.6667,1.0,5,3,3,1.0,9993229526,25 SOMMERLYN RD,COLO SPGS,38.80272544,-104.8271727,13SG-2,-104.8271727,38.80272544,38.802741,-104.827011,14.1,False,UG15837,UG015837,13SG-2,UG Transformer Bank,ABP-10,38.80268401,-104.8270567,25,UG15830,UG015830,13SG-2,UG Transformer Bank,RBP-1,38.80239091,-104.8278008,25,11.1,65.9,same_feeder_ambiguous
1149303,14183,25697,31584,6,6,1,5,0.8333,0.6667,1.0,5,3,3,1.0,5088934804,1329 WOOTEN RD,COLO SPGS,38.85311866,-104.7377216,13PV-3,-104.7377216,38.85311866,38.853154,-104.737697,4.5,False,UG5075,UG005075,13PV-3,UG Transformer Bank,RAE-59,38.85364782,-104.7372006,25,UG5037,UG005037,13PV-3,UG Transformer Bank,RAE-58,38.85259664,-104.7376858,25,74.1,58.1,same_feeder_ambiguous
1267816,11739,11774,31586,6,6,1,5,0.8333,0.6667,1.0,5,3,3,1.0,8257240262,1160 VONDELPARK DR,COLO SPGS,38.88813133,-104.8416668,13HL-1,-104.8416668,38.88813133,38.888164,-104.84167,3.6,False,UG102,UG000102,13HL-1,UG Transformer Bank,RHPW-8,38.88807259,-104.8421903,25,UG103,UG000103,13HL-1,UG Transformer Bank,RHPW-7,38.88775566,-104.8418776,25,45.8,45.6,same_feeder_ambiguous
1266762,2198,136958,31594,6,6,1,5,0.8333,0.6667,1.0,5,3,3,1.0,5328789950,13 CRYSTAL PARK RD,MANITOU,38.85631144,-104.8981368,12HY-1,-104.8981368,38.85631144,38.856303,-104.898179,3.8,False,OH44521,OH044521,12HY-1,OH Transformer Bank,,38.85669092,-104.8980993,150,PD17087,PD017087,12HY-1,UG Transformer Bank,RCLT-3,38.85603856,-104.8980729,50,42.3,30.8,same_feeder_ambiguous
1288167,9759,9707,31614,6,6,1,5,0.8333,0.6667,1.0,5,3,3,1.0,9043182280,5506 WILSON RD,COLO SPGS,38.91056609,-104.8712737,13IP-3,-104.8712737,38.91056609,38.910532,-104.871264,3.9,False,PD2046,PD002046,13IP-3,UG Transformer Bank,RMSV-3,38.9107489,-104.8707017,25,PD2045,PD002045,13IP-3,UG Transformer Bank,RMSV-4,38.91141989,-104.8717106,25,53.5,102.2,same_feeder_ambiguous
1277198,4572,4597,31880,6,6,1,5,0.8333,0.6667,1.0,5,3,3,1.0,207979931,4 ALSACE WAY,COLO SPGS,38.80346255,-104.8351153,12SP-35,-104.8351153,38.80346255,38.803496,-104.835168,5.9,False,OH29445,OH029445,12SP-35,OH Transformer Bank,,38.80379661,-104.8357963,50,OH29468,OH029468,12SP-35,OH Transformer Bank,,38.80301047,-104.8346528,40,69.7,64.3,same_feeder_ambiguous
1143017,10259,24105,32269,6,6,1,5,0.8333,0.6667,1.0,5,3,3,1.0,4357980488,"2451 MONTEBELLO CT W, PHONE EQUIP",COLO SPGS,38.90445771,-104.7859181,13CW-12,-104.7859181,38.90445771,38.904512,-104.785848,8.6,False,UG7232,UG007232,13CW-12,UG Transformer Bank,RGRE-64,38.9041384,-104.7855471,15,UG7231,UG007231,13CW-12,UG Transformer Bank,RGRE-63,38.90406077,-104.7845299,25,47.9,128.0,same_feeder_ambiguous
1143402,26288,15933,32403,6,6,1,5,0.8333,0.6667,1.0,5,3,3,1.0,9773175288,422 S CHELTON RD,COLO SPGS,38.82348785,-104.7685465,12EG-2,-104.7685465,38.82348785,38.823617,-104.768477,15.6,False,UG12191,UG012191,12EG-2,UG Transformer Bank,RVHI-3,38.8230034,-104.7688695,25,UG12192,UG012192,12EG-2,UG Transformer Bank,RVHI-2,38.82401786,-104.7686203,25,60.7,59.3,same_feeder_ambiguous
1146487,26068,21273,33113,6,6,1,5,0.8333,0.6667,1.0,5,3,3,1.0,3522583694,"3375 CHELTON LOOP S, LIGHTS",COLO SPGS,38.83686238,-104.7654829,12AR-2,-104.7654829,38.83686238,38.836861,-104.765472,1.0,False,PD4895,PD004895,12AR-2,UG Transformer Bank,CC24S-13,38.836834,-104.765155,300,OH18782,OH018782,12AR-2,OH Transformer Bank,,38.83612084,-104.7659111,25,28.6,90.4,same_feeder_ambiguous
1148355,20436,84768,33467,6,6,1,5,0.8333,0.6667,1.0,5,3,3,1.0,5708485777,2547 MOUNT VERNON ST,COLO SPGS,38.85611816,-104.7821132,12PJ-2,-104.7821132,38.85611816,38.855764,-104.782193,40.0,False,OH33968,OH033968,12PJ-2,OH Transformer Bank,,38.85649425,-104.7817845,25,OH12235,OH012235,12PJ-2,OH Transformer Bank,,38.85560426,-104.7820834,25,50.6,57.2,same_feeder_ambiguous
1152845,7392,22740,33964,6,6,1,5,0.8333,0.6667,1.0,5,3,3,1.0,5554737387,"1715 OAK HILLS DR, CV",COLO SPGS,38.93709423,-104.8625929,12OV-2,-104.8625929,38.93709423,38.936915,-104.862369,27.8,False,PD543,PD000543,12OV-2,UG Transformer Bank,RHUP-7,38.93709002,-104.86308,25,PD546,PD000546,12OV-2,UG Transformer Bank,RHUP-4,38.93682785,-104.861825,25,42.1,72.7,same_feeder_ambiguous
1153262,10460,10419,34183,6,6,1,5,0.8333,0.6667,1.0,5,3,3,1.0,6720443146,"4849 SONATA DR, HSEMTR",COLO SPGS,38.90209308,-104.7648879,13CW-12,-104.7648879,38.90209308,38.902117,-104.764876,2.9,False,UG22072,UG022072,13CW-12,UG Transformer Bank,RVG-160,38.90206864,-104.7647779,15,UG3963,UG003963,13CW-12,UG Transformer Bank,RVG-153,38.90237779,-104.7648979,25,9.9,31.7,same_feeder_ambiguous
1159398,102364,102365,34357,6,6,1,5,0.8333,0.6667,1.0,5,3,3,1.0,6479938268,2225 SAINT JAMES DR,COLO SPGS,38.80386288,-104.7846573,13HK-2,-104.7846573,38.80386288,38.803856,-104.784647,1.2,False,PD17324,PD017324,13HK-2,UG Transformer Bank,RSC-92,38.80350876,-104.7849761,25,PD17325,PD017325,13HK-2,UG Transformer Bank,RSC-91,38.80378816,-104.7844798,25,48.1,17.5,same_feeder_ambiguous
1154809,2034,2042,34487,6,6,1,5,0.8333,0.6667,1.0,5,3,3,1.0,9452577544,2519 E LA SALLE ST,COLO SPGS,38.85815918,-104.7836054,12PJ-2,-104.7836054,38.85815918,38.858182,-104.783583,3.2,False,OH12178,OH012178,12PJ-2,OH Transformer Bank,,38.85790224,-104.7830105,15,OH11656,OH011656,12PJ-2,OH Transformer Bank,,38.85789992,-104.7840046,25,58.9,45.0,same_feeder_ambiguous
1203055,26989,18033,35130,6,6,1,5,0.8333,0.6667,1.0,5,3,3,1.0,8941464256,825 SHRINE VW,COLO SPGS,38.78782841,-104.812168,13SG-3,-104.812168,38.78782841,38.787796,-104.812108,6.3,False,PD11137,PD011137,13SG-3,UG Transformer Bank,RMJB-84,38.78811234,-104.8124878,25,PD12113,PD012113,13SG-3,UG Transformer Bank,RMJB-85,38.7878863,-104.811753,25,42.0,36.5,same_feeder_ambiguous
1164518,189756,189755,35158,6,6,1,5,0.8333,0.6667,1.0,5,3,3,1.0,287462608,522 E RIO GRANDE ST UNIT 102,COLO SPGS,38.82443335,-104.8146563,12SF-14,-104.8146563,38.82443335,38.82449,-104.815027,32.7,False,PD17973,PD017973,12SF-14,UG Transformer Bank,CRGV-11,38.82465997,-104.8147001,50,PD17974,PD017974,12SF-14,UG Transformer Bank,CRGV-10,38.82465046,-104.8150899,25,25.5,44.7,same_feeder_ambiguous
1175286,25486,25499,35210,6,6,1,5,0.8333,0.6667,1.0,5,3,3,1.0,6286150875,18 FRIENDSHIP LN,COLO SPGS,38.86487056,-104.8587974,13Y-1,-104.8587974,38.86487056,38.864899,-104.858799,3.2,False,UG3864,UG003864,13Y-1,UG Transformer Bank,RGGM-2,38.8653961,-104.8591647,25,UG3863,UG003863,13Y-1,UG Transformer Bank,RGGM-3,38.86437919,-104.8591826,25,66.5,64.0,same_feeder_ambiguous
1220252,19051,19090,35681,6,6,1,5,0.8333,0.6667,1.0,5,3,3,1.0,6026317348,4437 MILLBURN DR,COLO SPGS,38.7693186,-104.7909558,13SR-2,-104.7909558,38.7693186,38.76935,-104.790961,3.5,False,UG20620,UG020620,13SR-2,UG Transformer Bank,RSSS-25,38.76980406,-104.7910186,25,UG20619,UG020619,13SR-2,UG Transformer Bank,RSSS-34,38.76928554,-104.790356,25,54.3,52.1,same_feeder_ambiguous
1164802,3757,3796,35777,6,6,1,5,0.8333,0.6667,1.0,5,3,3,1.0,7779759423,1126 1/2 E MORENO AVE,COLO SPGS,38.8253527,-104.8030465,12SF-15,-104.8030465,38.8253527,38.8253,-104.803008,6.7,False,OH17323,OH017323,12SF-15,OH Transformer Bank,,38.82578867,-104.8036568,25,OH17315,OH017315,12SF-15,OH Transformer Bank,,38.8252798,-104.8027598,25,71.7,26.1,same_feeder_ambiguous
1165765,3398,265927,35976,6,6,1,5,0.8333,0.6667,1.0,5,3,3,1.0,187400027,"507 E KIOWA ST, GARAGE2",COLO SPGS,38.83451247,-104.8149692,12PL-2,-104.8149692,38.83451247,38.834506,-104.814959,1.1,False,OH22653,OH022653,12PL-2,OH Transformer Bank,,38.834435,-104.8152023,45,PD101006,PD101006,12PL-2,UG Transformer Bank,CEKS-1,38.83487934,-104.8152209,75,22.0,46.3,same_feeder_ambiguous
1167023,18824,18807,36253,6,6,1,5,0.8333,0.6667,1.0,5,3,3,1.0,6326133947,4114 SAN FELICE PT,COLO SPGS,38.77342081,-104.8239165,13BR-2,-104.8239165,38.77342081,38.773446,-104.823922,2.8,False,PD11163,PD011163,13BR-2,UG Transformer Bank,RBV-15,38.77349948,-104.8247388,25,PD11164,PD011164,13BR-2,UG Transformer Bank,RBV-16,38.77378001,-104.8241187,25,71.8,43.6,same_feeder_ambiguous
1167203,19622,38406,36312,6,6,1,5,0.8333,0.6667,1.0,5,3,3,1.0,3891461423,151 KIRKSTONE LN,COLO SPGS,38.75176238,-104.8354115,12JL-2,-104.8354115,38.75176238,38.751756,-104.835401,1.2,False,PD12440,PD012440,12JL-2,UG Transformer Bank,RGOB-16,38.75158456,-104.8352326,25,PD20009,PD020009,12JL-2,UG Transformer Bank,RGOB-70,38.75158219,-104.8358029,25,25.1,39.4,same_feeder_ambiguous
1168263,27211,27204,36544,6,6,1,5,0.8333,0.6667,1.0,5,3,3,1.0,7950753886,3934 RED CEDAR DR,COLO SPGS,38.77443633,-104.8048069,12BY-32,-104.8048069,38.77443633,38.77446,-104.804799,2.7,False,PD11279,PD011279,12BY-32,UG Transformer Bank,RCHM-18,38.77444105,-104.8044098,25,PD11278,PD011278,12BY-32,UG Transformer Bank,RCHM-16,38.77495194,-104.8049849,25,34.4,59.4,same_feeder_ambiguous
1174476,19116,27287,36614,6,6,1,5,0.8333,0.6667,1.0,5,3,3,1.0,2239369221,1619 S CANOE CREEK DR,COLO SPGS,38.76855044,-104.8006709,12BY-32,-104.8006709,38.76855044,38.76856,-104.800663,1.3,False,PD12721,PD012721,12BY-32,UG Transformer Bank,RCHM-89,38.76881468,-104.8002181,25,PD12722,PD012722,12BY-32,UG Transformer Bank,RCHM-90,38.76881237,-104.8010822,25,49.0,46.0,same_feeder_ambiguous
1168598,19182,19200,36632,6,6,1,5,0.8333,0.6667,1.0,5,3,3,1.0,2729177325,1964 CHAMBERLIN S,COLO SPGS,38.76738971,-104.790454,13SR-2,-104.790454,38.76738971,38.767351,-104.790416,5.4,False,UG20553,UG020553,13SR-2,UG Transformer Bank,RSSS-19,38.76772167,-104.7911274,25,UG20563,UG020563,13SR-2,UG Transformer Bank,RSSS-37,38.76756811,-104.7902584,25,69.1,26.1,same_feeder_ambiguous
1202425,27019,27032,36675,6,6,1,5,0.8333,0.6667,1.0,5,3,3,1.0,1991761044,689 RED CLIFF RD,COLO SPGS,38.78691689,-104.815096,13SG-3,-104.815096,38.78691689,38.786911,-104.815086,1.1,False,PD22003,PD022003,13SG-3,UG Transformer Bank,RMJB-96,38.78724049,-104.8162221,25,UG21190,UG021190,13SG-3,UG Transformer Bank,RMJB-5,38.7866542,-104.8154193,25,104.0,40.5,same_feeder_ambiguous
1208332,12086,12121,36966,6,6,1,5,0.8333,0.6667,1.0,5,3,3,1.0,7212618795,3570 MUIRFIELD DR,COLO SPGS,38.88431181,-104.7857416,12C-2,-104.7857416,38.88431181,38.884311,-104.785668,6.4,False,PD5496,PD005496,12C-2,UG Transformer Bank,RSTA-14,38.88449175,-104.7860826,25,PD6251,PD006251,12C-2,UG Transformer Bank,RSTA-17,38.88419036,-104.7854151,25,35.7,31.3,same_feeder_ambiguous
1209013,24228,10484,37034,6,6,1,5,0.8333,0.6667,1.0,5,3,3,1.0,9747325454,4945 MARK DABLING BLVD LOT 93,COLO SPGS,38.90218594,-104.8240627,12WN-3,-104.8240627,38.90218594,38.902207,-104.824062,2.3,False,UG3485,UG003485,12WN-3,UG Transformer Bank,MCM-2,38.90253164,-104.8240701,25,UG3575,UG003575,12WN-3,UG Transformer Bank,MCM-1,38.9020238,-104.8242178,25,38.4,22.5,same_feeder_ambiguous
1221739,10799,10888,37118,6,6,1,5,0.8333,0.6667,1.0,5,3,3,1.0,5175675994,2714 NORTHCREST DR,COLO SPGS,38.89765768,-104.7745527,12C-2,-104.7745527,38.89765768,38.897691,-104.774555,3.7,False,UG6665,UG006665,12C-2,UG Transformer Bank,RRC-34,38.89842912,-104.774719,25,UG14093,UG014093,12C-2,UG Transformer Bank,RRC-33,38.89749162,-104.7739548,25,87.0,54.9,same_feeder_ambiguous
1196276,24378,10685,37125,6,6,1,5,0.8333,0.6667,1.0,5,3,3,1.0,28087711,2906 FLINTRIDGE SQ,COLO SPGS,38.898804,-104.7724727,12CD-1,-104.7724727,38.898804,38.899503,-104.771598,108.5,True,UG6752,UG006752,12CD-1,UG Transformer Bank,RGRE-12,38.89896012,-104.7723601,37.5,UG6731,UG006731,12CD-1,UG Transformer Bank,RGRE-15,38.89970267,-104.7713813,25,19.9,137.5,same_feeder_ambiguous
1209105,11463,11455,37189,6,6,1,5,0.8333,0.6667,1.0,5,3,3,1.0,5715631310,2050 RIMWOOD DR,COLO SPGS,38.89108344,-104.7887747,12C-2,-104.7887747,38.89108344,38.891111,-104.788773,3.1,False,PD5311,PD005311,12C-2,UG Transformer Bank,RUP-10,38.89086347,-104.7894316,25,PD5310,PD005310,12C-2,UG Transformer Bank,RUP-9,38.89093344,-104.7882101,25,61.9,51.6,same_feeder_ambiguous
1174002,16210,16237,37402,6,6,1,5,0.8333,0.6667,1.0,5,3,3,1.0,3476028403,"3168 ORION DR, CV",COLO SPGS,38.81890088,-104.8788742,12SP-34,-104.8788742,38.81890088,38.818886,-104.87883,4.2,False,PD10871,PD010871,12SP-34,UG Transformer Bank,RSP-112,38.81935647,-104.8784128,50,PD10870,PD010870,12SP-34,UG Transformer Bank,RSP-110,38.81899927,-104.8795073,50,64.5,55.9,same_feeder_ambiguous
1179834,15445,15412,37588,6,6,1,5,0.8333,0.6667,1.0,5,3,3,1.0,8604426213,2410 BUSCH AVE LOT 17,COLO SPGS,38.83500537,-104.8671615,13FV-2,-104.8671615,38.83500537,38.835028,-104.867114,4.8,False,PD10135,PD010135,13FV-2,UG Transformer Bank,MAGP-6,38.83469658,-104.8673183,25,PD10136,PD010136,13FV-2,UG Transformer Bank,MAGP-7,38.8352182,-104.8673175,25,36.9,27.3,same_feeder_ambiguous
1175148,24851,24868,37623,6,6,1,5,0.8333,0.6667,1.0,5,3,3,1.0,377965886,1114 HILL CIR,COLO SPGS,38.8847637,-104.8554377,12FT-1,-104.8554377,38.8847637,38.884742,-104.855465,3.4,False,PD1998,PD001998,12FT-1,UG Transformer Bank,RKC-52,38.88505023,-104.8554913,25,PD1999,PD001999,12FT-1,UG Transformer Bank,RKC-53,38.88469042,-104.8548952,25,32.2,47.7,same_feeder_ambiguous
1178735,123189,123188,37769,6,6,1,5,0.8333,0.6667,1.0,5,3,3,1.0,1451013453,2402 MESA CREST GRV,COLO SPGS,38.86540499,-104.8523793,13Y-1,-104.8523793,38.86540499,38.865397,-104.852369,1.3,False,PD21034,PD021034,13Y-1,UG Transformer Bank,RIMF-4,38.86519329,-104.8524516,25,PD21033,PD021033,13Y-1,UG Transformer Bank,RIMF-3,38.86547986,-104.8529101,25,24.4,46.7,same_feeder_ambiguous
1206847,25834,25861,38073,6,6,1,5,0.8333,0.6667,1.0,5,3,3,1.0,9367508530,2602 W PIKES PEAK AVE,COLO SPGS,38.84904545,-104.8635534,13FV-3,-104.8635534,38.84904545,38.849024,-104.863335,19.1,False,PD10599,PD010599,13FV-3,UG Transformer Bank,RGW-4,38.84937103,-104.8642888,25,PD10600,PD010600,13FV-3,UG Transformer Bank,RGW-3,38.84873293,-104.8632473,25,73.3,43.7,same_feeder_ambiguous
1188756,20929,20938,38881,6,6,1,5,0.8333,0.6667,1.0,5,3,3,1.0,4215254741,2701 ROBINSON ST LOT C4,COLO SPGS,38.84500635,-104.8710839,13FV-4,-104.8710839,38.84500635,38.845047,-104.871072,4.6,False,OH31242,OH031242,13FV-4,OH Transformer Bank,,38.84514913,-104.8713716,25,OH31243,OH031243,13FV-4,OH Transformer Bank,,38.84483343,-104.870977,25,29.5,21.3,same_feeder_ambiguous
1180485,15630,15635,39013,6,6,1,5,0.8333,0.6667,1.0,5,3,3,1.0,8469725918,2337 BRITTANIA RD,COLO SPGS,38.83114575,-104.8611814,13FV-2,-104.8611814,38.83114575,38.831045,-104.861098,13.3,False,PD11246,PD011246,13FV-2,UG Transformer Bank,RBCD-3,38.83092754,-104.8608878,25,PD11245,PD011245,13FV-2,UG Transformer Bank,RBCD-4,38.8308315,-104.8616689,25,35.1,54.8,same_feeder_ambiguous
1180700,121579,121580,39059,6,6,1,5,0.8333,0.6667,1.0,5,3,3,1.0,8095859710,"307 MOUNTAIN SPIRIT PT, E MTR",COLO SPGS,38.82969895,-104.865539,13FV-2,-104.865539,38.82969895,38.829594,-104.865822,27.2,False,PD20587,PD020587,13FV-2,UG Transformer Bank,RBCT-2,38.82973726,-104.865421,50,PD20586,PD020586,13FV-2,UG Transformer Bank,RBCT-4,38.82965948,-104.8660479,25,11.1,44.3,same_feeder_ambiguous
1180811,16524,16462,39096,6,6,1,5,0.8333,0.6667,1.0,5,3,3,1.0,5811115743,735 POLARIS DR,COLO SPGS,38.81518298,-104.867099,12SP-34,-104.867099,38.81518298,38.815218,-104.867084,4.1,False,UG19822,UG019822,12SP-34,UG Transformer Bank,RSP-13,38.814642,-104.8663601,25,UG19820,UG019820,12SP-34,UG Transformer Bank,RSP-12,38.81540944,-104.8667143,25,87.8,41.8,same_feeder_ambiguous
1186338,19558,19565,39468,6,6,1,5,0.8333,0.6667,1.0,5,3,3,1.0,8596658319,5057 BROADMOOR BLUFFS DR,COLO SPGS,38.75634462,-104.8285187,12JL-2,-104.8285187,38.75634462,38.756377,-104.828495,4.1,False,PD11905,PD011905,12JL-2,UG Transformer Bank,RMO-6,38.75682389,-104.828518,25,PD15100,PD015100,12JL-2,UG Transformer Bank,RMO-5,38.75631358,-104.8294194,25,53.3,78.2,same_feeder_ambiguous
1184713,19613,19618,39495,6,6,1,5,0.8333,0.6667,1.0,5,3,3,1.0,8058071709,120 ELLSWORTH ST,COLO SPGS,38.75302757,-104.8366921,12JL-2,-104.8366921,38.75302757,38.752874,-104.836646,17.5,False,PD12427,PD012427,12JL-2,UG Transformer Bank,RBO-21,38.75294165,-104.8372428,25,PD12426,PD012426,12JL-2,UG Transformer Bank,RBO-20,38.75256268,-104.8363036,25,48.7,61.7,same_feeder_ambiguous
1185035,19648,19646,39568,6,6,1,5,0.8333,0.6667,1.0,5,3,3,1.0,1556252090,5815 DALTRY LN,COLO SPGS,38.74666214,-104.8315179,12JL-2,-104.8315179,38.74666214,38.746672,-104.831518,1.1,False,PD12463,PD012463,12JL-2,UG Transformer Bank,RGOB-92,38.74646752,-104.8319657,25,PD12464,PD012464,12JL-2,UG Transformer Bank,RGOB-29,38.74710395,-104.8315956,50,44.5,49.6,same_feeder_ambiguous
1188374,19268,19207,39659,6,6,1,5,0.8333,0.6667,1.0,5,3,3,1.0,9309510388,245 IVYBROOK LN,COLO SPGS,38.76734315,-104.8335168,12JL-2,-104.8335168,38.76734315,38.767322,-104.833498,2.9,False,PD11537,PD011537,12JL-2,UG Transformer Bank,RBHL-28,38.76673821,-104.8334077,25,PD11538,PD011538,12JL-2,UG Transformer Bank,RBHL-27,38.76775005,-104.8332102,25,67.9,52.5,same_feeder_ambiguous
1190741,47004,47005,39936,6,6,1,5,0.8333,0.6667,1.0,5,3,3,1.0,5790888559,1618 W COSTILLA ST,COLO SPGS,38.82641958,-104.8506072,12SP-34,-104.8506072,38.82641958,38.826413,-104.850596,1.2,False,PD19950,PD019950,12SP-34,UG Transformer Bank,RCHMS-32,38.82663696,-104.8508204,25,PD19933,PD019933,12SP-34,UG Transformer Bank,RCHMS-30,38.82621914,-104.8507124,50,30.4,24.1,same_feeder_ambiguous
1190074,21254,21233,40418,6,6,1,5,0.8333,0.6667,1.0,5,3,3,1.0,1540479362,"1108 W PIKES PEAK AVE, GARAGE",COLO SPGS,38.83697447,-104.842268,13FV-3,-104.842268,38.83697447,38.836981,-104.842254,1.4,False,OH30800,OH030800,13FV-3,OH Transformer Bank,,38.83711786,-104.8420424,25,OH30797,OH030797,13FV-3,OH Transformer Bank,,38.83745252,-104.8426008,37.5,25.2,60.5,same_feeder_ambiguous
1191110,18914,18894,40567,6,6,1,5,0.8333,0.6667,1.0,5,3,3,1.0,1185078078,345 OAKHURST LN,COLO SPGS,38.7719661,-104.8334155,12JL-2,-104.8334155,38.7719661,38.771955,-104.83343,1.8,False,UG19550,UG019550,12JL-2,UG Transformer Bank,ROHP-2,38.77212479,-104.834356,25,UG19549,UG019549,12JL-2,UG Transformer Bank,ROHP-1,38.77241236,-104.8334717,50,83.4,49.9,same_feeder_ambiguous
1210820,10539,10621,40803,6,6,1,5,0.8333,0.6667,1.0,5,3,3,1.0,2474276426,4514 RANCH CIR,COLO SPGS,38.90066349,-104.7719437,12CD-1,-104.7719437,38.90066349,38.900695,-104.771912,4.4,False,UG6758,UG006758,12CD-1,UG Transformer Bank,RGRE-8,38.90114355,-104.7723668,50,UG6727,UG006727,12CD-1,UG Transformer Bank,RGRE-10,38.90033186,-104.7725872,25,64.7,66.8,same_feeder_ambiguous
1221789,24219,10368,40896,6,6,1,5,0.8333,0.6667,1.0,5,3,3,1.0,2528318864,4905 GARDEN TRL,COLO SPGS,38.9024093,-104.7821304,13CW-12,-104.7821304,38.9024093,38.902442,-104.782135,3.7,False,UG6802,UG006802,13CW-12,UG Transformer Bank,RGRE-53,38.90234722,-104.7815988,25,UG10094,UG010094,13CW-12,UG Transformer Bank,RGRE-50,38.9029464,-104.7821122,25,46.5,59.7,same_feeder_ambiguous
1197548,8718,8644,41202,6,6,1,5,0.8333,0.6667,1.0,5,3,3,1.0,3557292890,6755 LANGE CIR,COLO SPGS,38.92263029,-104.7660738,13CW-12,-104.7660738,38.92263029,38.922673,-104.766052,5.1,False,UG628,UG000628,13CW-12,UG Transformer Bank,RVW-416,38.92220908,-104.7665072,25,UG627,UG000627,13CW-12,UG Transformer Bank,RVW-415,38.92293184,-104.7665555,25,60.0,53.5,same_feeder_ambiguous
1197993,11250,11223,41364,6,6,1,5,0.8333,0.6667,1.0,5,3,3,1.0,8581935811,4245 ORO BLANCO DR,COLO SPGS,38.89315567,-104.7379231,12AP-2,-104.7379231,38.89315567,38.893186,-104.737917,3.4,False,UG9601,UG009601,12AP-2,UG Transformer Bank,RTHS-12,38.89298072,-104.7376775,25,UG9602,UG009602,12AP-2,UG Transformer Bank,RTHS-13,38.89334461,-104.7374024,25,28.8,49.7,same_feeder_ambiguous
1198015,10346,10377,41387,6,6,1,5,0.8333,0.6667,1.0,5,3,3,1.0,44813873,4930 MONTEBELLO DR,COLO SPGS,38.90287395,-104.7549999,13RI-4,-104.7549999,38.90287395,38.902894,-104.754969,3.5,False,UG2024,UG002024,13RI-4,UG Transformer Bank,RVG-171,38.9030203,-104.7549017,15,UG1668,UG001668,13RI-4,UG Transformer Bank,RVG-165,38.90279456,-104.7551704,25,18.4,17.2,same_feeder_ambiguous
1200199,12769,12779,41396,6,6,1,5,0.8333,0.6667,1.0,5,3,3,1.0,6535110388,3157 ENCHANTED CIR W,COLO SPGS,38.87715652,-104.7432521,13RI-9,-104.7432521,38.87715652,38.877183,-104.74324,3.1,False,UG8790,UG008790,13RI-9,UG Transformer Bank,RRT-17,38.87679785,-104.7433088,25,UG8789,UG008789,13RI-9,UG Transformer Bank,RRT-16,38.87669947,-104.7431202,15,40.2,52.1,same_feeder_ambiguous
1198289,24233,10506,41467,6,6,1,5,0.8333,0.6667,1.0,5,3,3,1.0,5784619072,4716 HACKAMORE DR N,COLO SPGS,38.90169982,-104.7587429,13CW-12,-104.7587429,38.90169982,38.901733,-104.758726,4.0,False,UG1684,UG001684,13CW-12,UG Transformer Bank,RVG-143,38.90219804,-104.7590637,25,UG1556,UG001556,13CW-12,UG Transformer Bank,RVG-144,38.90145635,-104.7593649,25,62.0,60.2,same_feeder_ambiguous
1228554,10660,10591,41514,6,6,1,5,0.8333,0.6667,1.0,5,3,3,1.0,8123768542,4643 EL CAMINO DR,COLO SPGS,38.89994998,-104.7631454,13RI-4,-104.7631454,38.89994998,38.899985,-104.763156,4.0,False,UG2476,UG002476,13RI-4,UG Transformer Bank,RVG-25,38.89986802,-104.7625238,50,UG2475,UG002475,13RI-4,UG Transformer Bank,RVG-24,38.90047049,-104.7632378,25,54.6,58.4,same_feeder_ambiguous
1218528,11784,11849,41536,6,6,1,5,0.8333,0.6667,1.0,5,3,3,1.0,192997344,"4950 CASTLEDOWN RD, CLUB HOUSE",COLO SPGS,38.8870516,-104.7367903,13PR-3,-104.7367903,38.8870516,38.887101,-104.736735,7.3,False,PD2693,PD002693,13PR-3,UG Transformer Bank,RCTH-8,38.88698227,-104.7367971,25,PD2696,PD002696,13PR-3,UG Transformer Bank,RCTH-3,38.88640598,-104.7354239,25,7.7,138.3,same_feeder_ambiguous
1201301,11975,11968,41577,6,6,1,5,0.8333,0.6667,1.0,5,3,3,1.0,1547029320,4290 NONCHALANT CIR N,COLO SPGS,38.88508628,-104.7477874,13RI-3,-104.7477874,38.88508628,38.885271,-104.747926,23.8,False,UG9740,UG009740,13RI-3,UG Transformer Bank,RWR-3,38.88538613,-104.7475036,25,UG9737,UG009737,13RI-3,UG Transformer Bank,RWR-2,38.88543374,-104.7480972,25,41.4,47.0,same_feeder_ambiguous
1266087,12314,12374,41595,6,6,1,5,0.8333,0.6667,1.0,5,3,3,1.0,7885936537,"6019 GUNSHOT PASS DR, PHONE EQUIP",COLO SPGS,38.88155433,-104.7207983,13PR-3,-104.7207983,38.88155433,38.881496,-104.720803,6.5,False,PD5234,PD005234,13PR-3,UG Transformer Bank,RCC-40,38.88179478,-104.7211251,25,UG9052,UG009052,13PR-3,UG Transformer Bank,RCC-57,38.88118921,-104.7208904,50,38.9,41.4,same_feeder_ambiguous
1222305,12572,12530,41644,6,6,1,5,0.8333,0.6667,1.0,5,3,3,1.0,9619542814,6194 GUNSHOT PASS DR,COLO SPGS,38.87943489,-104.720485,13PR-3,-104.720485,38.87943489,38.879396,-104.720485,4.3,False,PD4785,PD004785,13PR-3,UG Transformer Bank,RCC-68,38.87909286,-104.7208651,25,PD4793,PD004793,13PR-3,UG Transformer Bank,RCC-64,38.87954499,-104.7209522,50,50.3,42.3,same_feeder_ambiguous
1306860,12625,12622,41669,6,6,1,5,0.8333,0.6667,1.0,5,3,3,1.0,2230995230,3254 TEARDROP CIR,COLO SPGS,38.87853033,-104.7318399,13RI-9,-104.7318399,38.87853033,38.878556,-104.731829,3.0,False,UG9039,UG009039,13RI-9,UG Transformer Bank,RVVH-19,38.87862002,-104.7322852,25,UG9038,UG009038,13RI-9,UG Transformer Bank,RVVH-20,38.87872493,-104.731543,25,39.8,33.6,same_feeder_ambiguous
1217401,10075,10161,41706,6,6,1,5,0.8333,0.6667,1.0,5,3,3,1.0,8542227719,5012 VILLA CIR,COLO SPGS,38.90557408,-104.7679862,13CW-12,-104.7679862,38.90557408,38.905284,-104.768277,40.9,False,UG4061,UG004061,13CW-12,UG Transformer Bank,RVW-9,38.90601978,-104.7678701,25,UG1659,UG001659,13CW-12,UG Transformer Bank,RVW-5,38.90501897,-104.7681865,25,50.6,64.1,same_feeder_ambiguous
1222322,10178,10131,41717,6,6,1,5,0.8333,0.6667,1.0,5,3,3,1.0,9142755270,4923 VILLA CIR,COLO SPGS,38.90485776,-104.7671194,13CW-12,-104.7671194,38.90485776,38.904894,-104.767136,4.3,False,UG1657,UG001657,13CW-12,UG Transformer Bank,RVW-7,38.90484916,-104.7664441,25,UG1656,UG001656,13CW-12,UG Transformer Bank,RVW-8,38.90531935,-104.7675448,25,58.4,63.2,same_feeder_ambiguous
1218262,11552,11501,41738,6,6,1,5,0.8333,0.6667,1.0,5,3,3,1.0,7169306222,4945 CRIMSON CIR S,COLO SPGS,38.88970285,-104.7358419,13PR-3,-104.7358419,38.88970285,38.889734,-104.735825,3.8,False,UG8952,UG008952,13PR-3,UG Transformer Bank,RTHS-53,38.88935443,-104.7359171,25,UG8960,UG008960,12AP-2,UG Transformer Bank,RTHS-4,38.8899452,-104.7353651,25,39.3,49.3,cross_feeder_likely_gis_error
1199222,12167,12169,41759,6,6,1,5,0.8333,0.6667,1.0,5,3,3,1.0,908985309,5750 GUNSHOT PASS DR,COLO SPGS,38.88346331,-104.7212606,13PR-3,-104.7212606,38.88346331,38.883436,-104.721337,7.3,False,PD5229,PD005229,13PR-3,UG Transformer Bank,RCC-34,38.88322264,-104.721107,25,PD8015,PD008015,13PR-3,UG Transformer Bank,RCC-33,38.88321672,-104.7217799,25,29.9,52.7,same_feeder_ambiguous
1218725,11860,11832,41794,6,6,1,5,0.8333,0.6667,1.0,5,3,3,1.0,7629819077,4710 N CAREFREE CIR,COLO SPGS,38.8862352,-104.7397227,13RI-4,-104.7397227,38.8862352,38.88617,-104.739548,16.8,False,PD4938,PD004938,13RI-4,UG Transformer Bank,RCW-50,38.88627504,-104.7393025,25,PD4940,PD004940,13RI-4,UG Transformer Bank,RCW-40,38.88659731,-104.7390767,25,36.6,68.9,same_feeder_ambiguous
1200873,12341,24992,42000,6,6,1,5,0.8333,0.6667,1.0,5,3,3,1.0,4974154755,4710 DEBONAIR CIR,COLO SPGS,38.88143635,-104.7398172,13RI-9,-104.7398172,38.88143635,38.881467,-104.73987,5.7,False,UG9156,UG009156,13RI-9,UG Transformer Bank,RCW-21,38.88172588,-104.7396765,25,UG9160,UG009160,13RI-9,UG Transformer Bank,RCW-22,38.88134973,-104.7394043,25,34.4,37.0,same_feeder_ambiguous
1221803,12306,12356,42014,6,6,1,5,0.8333,0.6667,1.0,5,3,3,1.0,5067113700,"4703 DAYBREAK CIR, GAR A",COLO SPGS,38.88180421,-104.7383676,13RI-9,-104.7383676,38.88180421,38.88196,-104.738421,17.9,False,PD5198,PD005198,13RI-9,UG Transformer Bank,RPS-22,38.8819754,-104.7383737,50,PD5183,PD005183,13RI-9,UG Transformer Bank,RPS-23,38.88154468,-104.7379765,50,19.0,44.5,same_feeder_ambiguous
1226176,9411,9357,42196,6,6,1,5,0.8333,0.6667,1.0,5,3,3,1.0,9920106280,5740 DEL PAZ DR,COLO SPGS,38.91513821,-104.7707705,13CW-4,-104.7707705,38.91513821,38.915162,-104.770747,3.3,False,UG6574,UG006574,13CW-4,UG Transformer Bank,RVW-151,38.91469091,-104.7710003,25,UG6573,UG006573,13CW-4,UG Transformer Bank,RVW-203,38.91546492,-104.7706196,25,53.6,38.6,same_feeder_ambiguous
1201478,10809,10766,42332,6,6,1,5,0.8333,0.6667,1.0,5,3,3,1.0,3372413919,4004 MEADOWLAND BLVD,COLO SPGS,38.8983409,-104.76106,13RI-4,-104.76106,38.8983409,38.898368,-104.761043,3.4,False,UG1591,UG001591,13RI-4,UG Transformer Bank,RVG-3,38.89823255,-104.7614474,25,UG1592,UG001592,13RI-4,UG Transformer Bank,RVG-15,38.89869374,-104.7607335,25,35.6,48.3,same_feeder_ambiguous
1201852,23556,23548,42415,6,6,1,5,0.8333,0.6667,1.0,5,3,3,1.0,678236112,5934 WOLF CREEK PL,COLO SPGS,38.91767427,-104.766004,13CW-4,-104.766004,38.91767427,38.917699,-104.76599,3.0,False,UG799,UG000799,13CW-4,UG Transformer Bank,RVW-254,38.91761864,-104.7665114,50,UG798,UG000798,13CW-4,UG Transformer Bank,RVW-258,38.91775633,-104.7657349,25,44.3,25.0,same_feeder_ambiguous
1203321,19178,19175,42656,6,6,1,5,0.8333,0.6667,1.0,5,3,3,1.0,3589831284,1625 GUMWOOD DR,COLO SPGS,38.76777093,-104.7999214,13SR-2,-104.7999214,38.76777093,38.767811,-104.799908,4.6,False,PD13086,PD013086,13SR-2,UG Transformer Bank,RCHM-131,38.76786449,-104.7993103,25,PD12517,PD012517,13SR-2,UG Transformer Bank,RCHM-115,38.76793697,-104.8004218,25,54.0,47.1,same_feeder_ambiguous
1204979,20448,2188,42692,6,6,1,5,0.8333,0.6667,1.0,5,3,3,1.0,8457884850,"923 PROSPECT PL, REMSTA",MANITOU,38.85703932,-104.9192423,12HY-1,-104.9192423,38.85703932,38.857073,-104.919261,4.1,False,OH45951,OH045951,12HY-1,OH Transformer Bank,,38.85707323,-104.9188923,10,OH45954,OH045954,12HY-1,OH Transformer Bank,,38.85695976,-104.9201786,25,30.5,81.6,same_feeder_ambiguous
1207659,10511,10548,43163,6,6,1,5,0.8333,0.6667,1.0,5,3,3,1.0,5072717526,4945 MARK DABLING BLVD LOT 78,COLO SPGS,38.90138551,-104.8227883,12WN-3,-104.8227883,38.90138551,38.901417,-104.82278,3.6,False,UG3577,UG003577,12WN-3,UG Transformer Bank,MCM-4,38.90172601,-104.8230096,15,UG3524,UG003524,12WN-3,UG Transformer Bank,MCM-33,38.90126727,-104.8223909,25,42.4,36.8,same_feeder_ambiguous
1208954,647,10551,43341,6,6,1,5,0.8333,0.6667,1.0,5,3,3,1.0,7740676067,4945 MARK DABLING BLVD LOT 106,COLO SPGS,38.90021402,-104.8239286,12WN-3,-104.8239286,38.90021402,38.901226,-104.823676,114.6,True,OH1496,OH001496,12WN-3,OH Transformer Bank,,38.90034736,-104.8248173,62.5,UG3527,UG003527,12WN-3,UG Transformer Bank,MCM-6,38.90132638,-104.823857,25,78.3,123.8,same_feeder_ambiguous
1208981,10601,10562,43342,6,6,1,5,0.8333,0.6667,1.0,5,3,3,1.0,8012516839,4945 MARK DABLING BLVD LOT 112,COLO SPGS,38.90101517,-104.8233939,12WN-3,-104.8233939,38.90101517,38.901021,-104.823341,4.6,False,UG3526,UG003526,12WN-3,UG Transformer Bank,MCM-7,38.9008318,-104.8233708,25,UG3525,UG003525,12WN-3,UG Transformer Bank,MCM-8,38.9011895,-104.8231085,25,20.5,31.4,same_feeder_ambiguous
1208604,24786,24800,43394,6,6,1,5,0.8333,0.6667,1.0,5,3,3,1.0,6298289377,2340 SAWGRASS CT,COLO SPGS,38.88626367,-104.7832074,12C-2,-104.7832074,38.88626367,38.886303,-104.783156,6.2,False,PD5483,PD005483,12C-2,UG Transformer Bank,RSTA-8,38.88621907,-104.7836979,25,PD5484,PD005484,12C-2,UG Transformer Bank,RSTA-7,38.88590533,-104.7831114,25,42.7,40.7,same_feeder_ambiguous
1208614,11136,11163,43398,6,6,1,5,0.8333,0.6667,1.0,5,3,3,1.0,5081881149,2485 DAMON DR,COLO SPGS,38.89488684,-104.7858795,12C-3,-104.7858795,38.89488684,38.894924,-104.785832,5.8,False,UG7695,UG007695,12C-3,UG Transformer Bank,RDT-22,38.8949565,-104.7858192,15,PD8541,PD008541,12C-3,UG Transformer Bank,RDT-27,38.89471421,-104.7857544,15,9.3,22.0,same_feeder_ambiguous
1209038,10640,10609,43475,6,6,1,5,0.8333,0.6667,1.0,5,3,3,1.0,8201683170,4945 MARK DABLING BLVD LOT 130,COLO SPGS,38.90057982,-104.8230207,12WN-3,-104.8230207,38.90057982,38.900542,-104.822447,49.8,False,UG3596,UG003596,12WN-3,UG Transformer Bank,MCM-14,38.90041102,-104.822982,25,UG3520,UG003520,12WN-3,UG Transformer Bank,MCM-32,38.90068475,-104.8225297,25,19.1,44.1,same_feeder_ambiguous
1211001,12666,12689,43796,6,6,1,5,0.8333,0.6667,1.0,5,3,3,1.0,4143941388,3263 TEMPLETON GAP RD,COLO SPGS,38.87824507,-104.7932631,12C-2,-104.7932631,38.87824507,38.87828,-104.793253,4.0,False,PD9626,PD009626,12C-2,UG Transformer Bank,RFVF-3,38.87855506,-104.7931072,15,PD9624,PD009624,12C-2,UG Transformer Bank,RFVF-2,38.87816716,-104.7935823,25,37.0,29.0,same_feeder_ambiguous
1216308,10667,10747,44001,6,6,1,5,0.8333,0.6667,1.0,5,3,3,1.0,8796058000,4672 MONTEBELLO DR,COLO SPGS,38.89916963,-104.7530871,13RI-4,-104.7530871,38.89916963,38.899196,-104.753071,3.2,False,UG2052,UG002052,13RI-4,UG Transformer Bank,RVG-99,38.89968604,-104.7535039,25,UG2053,UG002053,13RI-4,UG Transformer Bank,RVG-98,38.89881915,-104.7531928,25,67.8,40.0,same_feeder_ambiguous
1225256,24554,11272,44099,6,6,1,5,0.8333,0.6667,1.0,5,3,3,1.0,6785822766,4874 SPLITRAIL PL,COLO SPGS,38.89270045,-104.7365492,12AP-2,-104.7365492,38.89270045,38.892728,-104.736537,3.2,False,UG9770,UG009770,12AP-2,UG Transformer Bank,RTHS-17,38.89299972,-104.736724,25,UG9771,UG009771,12AP-2,UG Transformer Bank,RTHS-18,38.89267415,-104.7362736,25,36.6,24.0,same_feeder_ambiguous
1222570,10747,10820,44106,6,6,1,5,0.8333,0.6667,1.0,5,3,3,1.0,2818351070,4634 MONTEBELLO DR,COLO SPGS,38.89843924,-104.753075,13RI-4,-104.753075,38.89843924,38.898474,-104.753074,3.9,False,UG2053,UG002053,13RI-4,UG Transformer Bank,RVG-98,38.89881915,-104.7531928,25,UG2071,UG002071,13RI-4,UG Transformer Bank,RVG-85,38.89814458,-104.7533108,25,43.5,38.6,same_feeder_ambiguous
1222836,8213,8123,44272,6,6,1,5,0.8333,0.6667,1.0,5,3,3,1.0,9398396225,6645 APRICOT LN,COLO SPGS,38.92743269,-104.7603619,12AP-1,-104.7603619,38.92743269,38.927443,-104.760418,5.0,False,PD9623,PD009623,12AP-1,UG Transformer Bank,RGB-60,38.92720745,-104.7605648,25,PD8824,PD008824,12AP-1,UG Transformer Bank,RGB-59,38.92770653,-104.7609793,25,30.6,61.5,same_feeder_ambiguous
1218019,11631,11574,44294,6,6,1,5,0.8333,0.6667,1.0,5,3,3,1.0,8218464193,4792 ARTISTIC CIR,COLO SPGS,38.88860639,-104.7390985,13RI-4,-104.7390985,38.88860639,38.888996,-104.739096,43.3,False,UG8447,UG008447,13RI-4,UG Transformer Bank,RHHS-7,38.88836952,-104.7392659,25,UG8449,UG008449,13RI-4,UG Transformer Bank,RHHS-8,38.88911307,-104.7391426,25,30.1,56.5,same_feeder_ambiguous
1219073,24741,24746,44420,6,6,1,5,0.8333,0.6667,1.0,5,3,3,1.0,3487421256,5582 WILKERSON PASS DR,COLO SPGS,38.88728358,-104.7243227,13PR-3,-104.7243227,38.88728358,38.88731,-104.724316,3.0,False,PD5122,PD005122,13PR-3,UG Transformer Bank,RCC-5,38.88711996,-104.7249466,25,PD5123,PD005123,13PR-3,UG Transformer Bank,RCC-4,38.88699164,-104.7240454,25,57.0,40.4,same_feeder_ambiguous
1220978,25096,12601,44859,6,6,1,5,0.8333,0.6667,1.0,5,3,3,1.0,3458505669,3405 SINTON RD LOT 72,COLO SPGS,38.87967569,-104.8328142,13HL-1,-104.8328142,38.87967569,38.879714,-104.832805,4.3,False,UG734,UG000734,13HL-1,UG Transformer Bank,MHTP-37,38.87941666,-104.832639,25,UG735,UG000735,13HL-1,UG Transformer Bank,MHTP-36,38.8794649,-104.8331691,25,32.6,38.6,same_feeder_ambiguous
1222124,24740,11671,45073,6,6,1,5,0.8333,0.6667,1.0,5,3,3,1.0,4710293461,3974 CORAL PT,COLO SPGS,38.88788204,-104.7624473,12CD-1,-104.7624473,38.88788204,38.887892,-104.76244,1.3,False,PD8221,PD008221,12CD-1,UG Transformer Bank,RSAG-6,38.88738998,-104.7627647,25,PD8217,PD008217,12CD-1,UG Transformer Bank,RSAG-2,38.88821704,-104.7626273,25,61.2,40.4,same_feeder_ambiguous
1225412,147840,96298,45479,6,6,1,5,0.8333,0.6667,1.0,5,3,3,1.0,7629672023,4729 FARMINGDALE DR,COLO SPGS,38.90953855,-104.7388703,12AP-1,-104.7388703,38.90953855,38.909503,-104.73886,4.1,False,PD17663,PD017663,12AP-1,UG Transformer Bank,RAHT-25,38.90971252,-104.7398462,25,PD16722,PD016722,12AP-1,UG Transformer Bank,RAHT-14,38.9096914,-104.7381898,25,86.6,61.3,same_feeder_ambiguous
1279777,7520,22784,45702,6,6,1,5,0.8333,0.6667,1.0,5,3,3,1.0,3964928679,2634 FRONT ROYAL DR,COLO SPGS,38.93553626,-104.8768146,12OV-2,-104.8768146,38.93553626,38.935568,-104.876803,3.7,False,PD514,PD000514,12OV-2,UG Transformer Bank,RLOS-2,38.93537218,-104.8763458,25,PD515,PD000515,12OV-2,UG Transformer Bank,RLOS-3,38.93529741,-104.8770031,25,44.5,31.2,same_feeder_ambiguous
1275655,9578,9581,45747,6,6,1,5,0.8333,0.6667,1.0,5,3,3,1.0,791833832,"5507 DUNBAR CT, HSEMTR",COLO SPGS,38.91217746,-104.7926513,12WN-23,-104.7926513,38.91217746,38.912172,-104.792684,2.9,False,PD4170,PD004170,12WN-23,UG Transformer Bank,REP-18,38.91242238,-104.7928651,50,PD4169,PD004169,12WN-23,UG Transformer Bank,REP-17,38.91239899,-104.7922978,50,32.9,39.3,same_feeder_ambiguous
1227110,9944,23921,45882,6,6,1,5,0.8333,0.6667,1.0,5,3,3,1.0,6320928493,"2705 EL CAPITAN DR, SPKG",COLO SPGS,38.90765853,-104.7765926,12WN-23,-104.7765926,38.90765853,38.907655,-104.776595,0.4,False,UG4170,UG004170,12WN-23,UG Transformer Bank,RVW-91,38.90775483,-104.7759726,25,UG6719,UG006719,12WN-23,UG Transformer Bank,RVW-93,38.90744329,-104.7772363,25,54.7,60.6,same_feeder_ambiguous
1227550,23148,23177,45951,6,6,1,5,0.8333,0.6667,1.0,5,3,3,1.0,7072851807,6430 MONTARBOR DR,COLO SPGS,38.92419839,-104.7651797,13CW-12,-104.7651797,38.92419839,38.924228,-104.765162,3.6,False,PD1094,PD001094,13CW-12,UG Transformer Bank,RN-47,38.92464661,-104.765353,25,PD1095,PD001095,13CW-12,UG Transformer Bank,RN-38,38.92396394,-104.7648065,25,52.0,41.5,same_feeder_ambiguous
1228581,9859,23845,46169,6,6,1,5,0.8333,0.6667,1.0,5,3,3,1.0,9034524785,5308 BORREGO DR,COLO SPGS,38.90921153,-104.752947,13RI-4,-104.752947,38.90921153,38.909244,-104.752941,3.6,False,UG1362,UG001362,13RI-4,UG Transformer Bank,RVG-77,38.9089689,-104.7526224,25,UG1365,UG001365,13RI-4,UG Transformer Bank,RVG-121,38.90937884,-104.7533194,25,38.9,37.2,same_feeder_ambiguous
1281233,4943,4940,46671,6,6,1,5,0.8333,0.6667,1.0,5,3,3,1.0,3613116046,1646 MESA AVE,COLO SPGS,38.78987325,-104.8583271,13BR-2,-104.8583271,38.78987325,38.789903,-104.858319,3.4,False,OH7536,OH007536,13BR-2,OH Transformer Bank,,38.79022871,-104.8587129,25,OH7540,OH007540,13BR-2,OH Transformer Bank,,38.79037651,-104.857949,25,51.8,64.8,same_feeder_ambiguous
1269695,9058,9112,46672,6,6,1,5,0.8333,0.6667,1.0,5,3,3,1.0,3890672319,6070 LITTLE JOHNNY DR,COLO SPGS,38.9190806,-104.7800607,13CW-2,-104.7800607,38.9190806,38.918517,-104.778914,117.3,True,UG6377,UG006377,13CW-2,UG Transformer Bank,RVW-305,38.91897615,-104.7798913,25,UG6826,UG006826,13CW-2,UG Transformer Bank,RVW-300,38.91849362,-104.7785612,25,18.7,145.2,same_feeder_ambiguous
1270271,23698,9452,47135,6,6,1,5,0.8333,0.6667,1.0,5,3,3,1.0,774565100,1725 COLGATE DR,COLO SPGS,38.9139964,-104.7959195,12WN-23,-104.7959195,38.9139964,38.914045,-104.795949,6.0,False,PD12228,PD012228,12WN-23,UG Transformer Bank,RUB-4,38.91400362,-104.7951877,25,PD12227,PD012227,12WN-23,UG Transformer Bank,RUB-5,38.91424,-104.7967034,50,63.3,73.0,same_feeder_ambiguous
1287366,9676,9569,47160,6,6,1,5,0.8333,0.6667,1.0,5,3,3,1.0,9888903628,5560 WILSON RD,COLO SPGS,38.91240152,-104.8723961,13IP-3,-104.8723961,38.91240152,38.91243,-104.872378,3.5,False,PD2044,PD002044,13IP-3,UG Transformer Bank,RMSV-5,38.91207169,-104.8720677,25,PD2043,PD002043,13IP-3,UG Transformer Bank,RMSV-6,38.91297812,-104.8723278,25,46.4,64.4,same_feeder_ambiguous
1269574,11705,11714,47174,6,6,1,5,0.8333,0.6667,1.0,5,3,3,1.0,3456505861,1364 VONDELPARK DR,COLO SPGS,38.88834572,-104.8487561,13HL-1,-104.8487561,38.88834572,38.888314,-104.848745,3.7,False,UG173,UG000173,13HL-1,UG Transformer Bank,THP-3,38.8884291,-104.8485952,15,PD70,PD000070,13HL-1,UG Transformer Bank,RHPW-65,38.88832839,-104.8491197,25,16.7,31.5,same_feeder_ambiguous
1269662,10270,10265,47230,6,6,1,5,0.8333,0.6667,1.0,5,3,3,1.0,5437936509,5010 VISTA DEL SOL PT,COLO SPGS,38.904241,-104.8301492,12WR-1,-104.8301492,38.904241,38.904259,-104.830127,2.8,False,PD8576,PD008576,12WR-1,UG Transformer Bank,RSC-22,38.90441944,-104.8305548,25,PD10344,PD010344,12WR-1,UG Transformer Bank,RSC-25,38.90449154,-104.8297446,25,40.3,44.7,same_feeder_ambiguous
1271544,9015,8921,47316,6,6,1,5,0.8333,0.6667,1.0,5,3,3,1.0,9802232200,969 PULPIT ROCK CIR N,COLO SPGS,38.92001583,-104.8090098,12WN-2,-104.8090098,38.92001583,38.920049,-104.809004,3.7,False,UG6896,UG006896,12WN-2,UG Transformer Bank,RPRP-30,38.91962294,-104.8084955,25,UG6897,UG006897,12WN-2,UG Transformer Bank,RPRP-29,38.92050681,-104.8087516,25,62.4,59.0,same_feeder_ambiguous
1267743,24055,10261,47593,6,6,1,5,0.8333,0.6667,1.0,5,3,3,1.0,3596290228,"5022 CLIFF POINT CIR W, TELMTR",COLO SPGS,38.90495711,-104.8493555,12WR-1,-104.8493555,38.90495711,38.905028,-104.849278,10.3,False,PD100686,PD100686,12WR-1,UG Transformer Bank,RPC-109,38.90553441,-104.8490161,75,PD1700,PD001700,12WR-1,UG Transformer Bank,RPC-31,38.90450514,-104.8493501,25,70.6,50.3,same_feeder_ambiguous
1268416,23020,8073,47633,6,6,1,5,0.8333,0.6667,1.0,5,3,3,1.0,3097533420,"6601 PALACE DR, PUMP",COLO SPGS,38.92792713,-104.7968272,13CW-10,-104.7968272,38.92792713,38.927946,-104.7968,3.2,False,UG3156,UG003156,13CW-10,UG Transformer Bank,AYA-7,38.92793748,-104.7967322,25,UG3160,UG003160,13CW-10,UG Transformer Bank,AYA-4,38.92872567,-104.7968125,25,8.3,88.8,same_feeder_ambiguous
1271925,23578,23586,47645,6,6,1,5,0.8333,0.6667,1.0,5,3,3,1.0,7762316701,2490 LYNCREST DR,COLO SPGS,38.91731513,-104.7820849,13CW-2,-104.7820849,38.91731513,38.917325,-104.782077,1.3,False,PD5864,PD005864,13CW-2,UG Transformer Bank,RVW-424,38.91720208,-104.7825471,25,PD5865,PD005865,13CW-2,UG Transformer Bank,RVW-425,38.91697335,-104.7817759,25,41.9,46.5,same_feeder_ambiguous
1269572,11705,11718,47694,6,6,1,5,0.8333,0.6667,1.0,5,3,3,1.0,8581694195,1348 VONDELPARK DR,COLO SPGS,38.88831729,-104.8484149,13HL-1,-104.8484149,38.88831729,38.888301,-104.848437,2.6,False,UG173,UG000173,13HL-1,UG Transformer Bank,THP-3,38.8884291,-104.8485952,15,PD69,PD000069,13HL-1,UG Transformer Bank,RHPW-76,38.88830128,-104.8482506,25,20.0,14.3,same_feeder_ambiguous
1268253,8774,8692,47730,6,6,1,5,0.8333,0.6667,1.0,5,3,3,1.0,893062125,6270 LEMONWOOD DR,COLO SPGS,38.92191648,-104.7985961,13CW-10,-104.7985961,38.92191648,38.921949,-104.798606,3.7,False,UG7800,UG007800,13CW-10,UG Transformer Bank,RE-26,38.92191502,-104.7977269,25,UG7273,UG007273,13CW-10,UG Transformer Bank,RE-19,38.92254917,-104.7981657,15,75.2,79.6,same_feeder_ambiguous
1271536,11866,11815,47907,6,6,1,5,0.8333,0.6667,1.0,5,3,3,1.0,2526766606,1375 AMSTEL DR,COLO SPGS,38.88716962,-104.8492301,13HL-1,-104.8492301,38.88716962,38.887198,-104.849215,3.4,False,PD81,PD000081,13HL-1,UG Transformer Bank,RHPW-67,38.88695653,-104.8486819,25,PD80,PD000080,13HL-1,UG Transformer Bank,RHPW-66,38.88735253,-104.8489019,25,53.0,34.9,same_feeder_ambiguous
1271134,23630,23617,47924,6,6,1,5,0.8333,0.6667,1.0,5,3,3,1.0,5941091723,5840 CLIFFSIDE TER,COLO SPGS,38.91557447,-104.7999609,13CW-10,-104.7999609,38.91557447,38.915584,-104.799953,1.3,False,PD4463,PD004463,13CW-10,UG Transformer Bank,RE-143,38.91583676,-104.7994896,25,PD4464,PD004464,13CW-10,UG Transformer Bank,RE-144,38.91619226,-104.7997894,25,50.1,70.3,same_feeder_ambiguous
1270483,8165,23018,47930,6,6,1,5,0.8333,0.6667,1.0,5,3,3,1.0,736352962,6771 SNOWBIRD DR,COLO SPGS,38.92788842,-104.7879247,13CW-10,-104.7879247,38.92788842,38.927916,-104.787914,3.2,False,UG3609,UG003609,13CW-10,UG Transformer Bank,RQM-30,38.92783361,-104.7887585,25,UG3563,UG003563,13CW-10,UG Transformer Bank,RQM-33,38.92779518,-104.7875947,25,72.4,30.4,same_feeder_ambiguous
1270777,14612,14688,48111,6,6,1,5,0.8333,0.6667,1.0,5,3,3,1.0,4064412192,306 CLARKSLEY RD,MANITOU,38.84921078,-104.892737,13FV-4,-104.892737,38.84921078,38.849244,-104.892733,3.7,False,UG20856,UG020856,13FV-4,UG Transformer Bank,RCH-23,38.8496749,-104.8932186,50,UG20857,UG020857,13FV-4,UG Transformer Bank,RCH-24,38.84888709,-104.8930781,25,66.4,46.6,same_feeder_ambiguous
1277471,9400,9365,48248,6,6,1,5,0.8333,0.6667,1.0,5,3,3,1.0,6992429243,1925 ATHERTON WAY,COLO SPGS,38.91591604,-104.8605512,12WR-2,-104.8605512,38.91591604,38.915806,-104.860406,17.5,False,PD1287,PD001287,12WR-2,UG Transformer Bank,RPNV-35,38.91538013,-104.8607132,25,PD1311,PD001311,12WR-2,UG Transformer Bank,RPNV-42,38.91588264,-104.859724,25,61.2,71.7,same_feeder_ambiguous
1270739,25875,14669,48280,6,6,1,5,0.8333,0.6667,1.0,5,3,3,1.0,9020119732,33 SANDRA LN,MANITOU,38.84868898,-104.894408,13FV-4,-104.894408,38.84868898,38.848723,-104.894385,4.3,False,UG20938,UG020938,13FV-4,UG Transformer Bank,RCH-71,38.84841725,-104.8951867,25,UG20937,UG020937,13FV-4,UG Transformer Bank,RCH-43,38.8491351,-104.8947253,25,73.9,56.7,same_feeder_ambiguous
1273120,14774,25875,48289,6,6,1,5,0.8333,0.6667,1.0,5,3,3,1.0,443840477,41 SANDRA LN,MANITOU,38.84794072,-104.8952748,13FV-4,-104.8952748,38.84794072,38.847972,-104.895246,4.3,False,UG20939,UG020939,13FV-4,UG Transformer Bank,RCH-72,38.8478859,-104.8959859,25,UG20938,UG020938,13FV-4,UG Transformer Bank,RCH-71,38.84841725,-104.8951867,25,61.9,53.5,same_feeder_ambiguous
1271816,23615,23626,48328,6,6,1,5,0.8333,0.6667,1.0,5,3,3,1.0,3785052319,5823 SPURWOOD CT,COLO SPGS,38.91614984,-104.7950596,13CW-10,-104.7950596,38.91614984,38.916138,-104.795071,1.6,False,UG7589,UG007589,13CW-10,UG Transformer Bank,RE-86,38.9162062,-104.7956069,25,UG7590,UG007590,13CW-10,UG Transformer Bank,RE-87,38.91592566,-104.7944041,25,47.8,61.9,same_feeder_ambiguous
1271331,25666,25687,48378,6,6,1,5,0.8333,0.6667,1.0,5,3,3,1.0,4920242427,133 PALISADE CIR,MANITOU,38.8538716,-104.8898246,13FV-4,-104.8898246,38.8538716,38.853863,-104.88984,1.6,False,UG20326,UG020326,13FV-4,UG Transformer Bank,RCH-17,38.85447457,-104.8900551,25,UG20327,UG020327,13FV-4,UG Transformer Bank,RCH-18,38.85381625,-104.8903134,25,70.0,42.8,same_feeder_ambiguous
1272271,12038,11998,48524,6,6,1,5,0.8333,0.6667,1.0,5,3,3,1.0,3497912973,1356 WINDMILL AVE,COLO SPGS,38.88559182,-104.8484613,13HL-1,-104.8484613,38.88559182,38.885622,-104.848454,3.4,False,PD191,PD000191,13HL-1,UG Transformer Bank,RHPW-72,38.88532854,-104.847923,25,PD192,PD000192,13HL-1,UG Transformer Bank,RHPW-69,38.88572669,-104.8489759,25,55.0,47.0,same_feeder_ambiguous
1273682,25650,25648,48756,6,6,1,5,0.8333,0.6667,1.0,5,3,3,1.0,6667263648,"3710 RED CANON PL, GARAGE",COLO SPGS,38.8550466,-104.8849152,13FV-4,-104.8849152,38.8550466,38.85492,-104.884828,16.0,False,UG20364,UG020364,13FV-4,UG Transformer Bank,RHS-1,38.85486744,-104.884989,25,UG20365,UG020365,13FV-4,UG Transformer Bank,RHS-2,38.85497858,-104.885576,50,20.9,57.7,same_feeder_ambiguous
1288325,10268,10163,48835,6,6,1,5,0.8333,0.6667,1.0,5,3,3,1.0,3833835867,5145 GRANBY CIR,COLO SPGS,38.9050265,-104.8691407,13IP-3,-104.8691407,38.9050265,38.905061,-104.86914,3.8,False,PD1456,PD001456,13IP-3,UG Transformer Bank,VRMS-37,38.90456636,-104.8687945,25,PD1455,PD001455,13IP-3,UG Transformer Bank,VRMS-36,38.90557671,-104.8691372,25,59.3,61.2,same_feeder_ambiguous
1281151,25969,14965,49602,6,6,1,5,0.8333,0.6667,1.0,5,3,3,1.0,5197134759,518 CRYSTAL HILLS BLVD,MANITOU,38.8446548,-104.8974129,13FV-4,-104.8974129,38.8446548,38.844687,-104.897399,3.8,False,UG20754,UG020754,13FV-4,UG Transformer Bank,RCH-78,38.84439591,-104.8979819,25,UG20755,UG020755,13FV-4,UG Transformer Bank,RCH-77,38.84495507,-104.8977788,25,57.1,46.0,same_feeder_ambiguous
1278039,14965,25947,49609,6,6,1,5,0.8333,0.6667,1.0,5,3,3,1.0,2907745125,541 CRYSTAL HILLS BLVD,MANITOU,38.84530386,-104.8975112,13FV-4,-104.8975112,38.84530386,38.845336,-104.8975,3.7,False,UG20755,UG020755,13FV-4,UG Transformer Bank,RCH-77,38.84495507,-104.8977788,25,UG20752,UG020752,13FV-4,UG Transformer Bank,RCH-75,38.84567588,-104.8972211,25,45.2,48.4,same_feeder_ambiguous
1298184,95007,95006,49749,6,6,1,5,0.8333,0.6667,1.0,5,3,3,1.0,8654689480,"2926 CARRIAGE MANOR PT, SPKG",COLO SPGS,38.79033558,-104.8484966,13SG-2,-104.8484966,38.79033558,38.790278,-104.848691,18.0,False,UG28869,UG028869,13SG-2,UG Transformer Bank,RBC-23,38.79021273,-104.8482489,50,UG28870,UG028870,13SG-2,UG Transformer Bank,RBC-22,38.79057376,-104.8483903,50,25.4,28.0,same_feeder_ambiguous
1278845,7215,7213,49832,6,6,1,5,0.8333,0.6667,1.0,5,3,3,1.0,3117525031,7685 CALLOWAY CT,COLO SPGS,38.94093479,-104.8404438,12WN-24,-104.8404438,38.94093479,38.940946,-104.840483,3.6,False,PD6648,PD006648,12WN-24,UG Transformer Bank,RWRD-10,38.94092843,-104.8403613,25,PD7650,PD007650,12WN-24,UG Transformer Bank,RW-78,38.94090127,-104.8406747,25,7.2,20.3,same_feeder_ambiguous
1279541,17800,17790,50036,6,6,1,5,0.8333,0.6667,1.0,5,3,3,1.0,4162649038,126 MIRAMAR DR,COLO SPGS,38.79238419,-104.8287655,13SG-2,-104.8287655,38.79238419,38.792443,-104.828768,6.5,False,PD11807,PD011807,13SG-2,UG Transformer Bank,ASLV-4,38.79213577,-104.8291021,25,PD11806,PD011806,13SG-2,UG Transformer Bank,ASLV-5,38.7922643,-104.82844,25,40.2,31.2,same_feeder_ambiguous
1279629,16539,16542,50064,6,6,1,5,0.8333,0.6667,1.0,5,3,3,1.0,1931062309,1099 BEACON HILL WAY,COLO SPGS,38.81391402,-104.8486445,13S-14,-104.8486445,38.81391402,38.81392,-104.848637,0.9,False,PD10020,PD010020,13S-14,UG Transformer Bank,RPO-8,38.814279,-104.8481797,50,PD10021,PD010021,13S-14,UG Transformer Bank,RPO-5,38.81419416,-104.849206,25,57.2,57.8,same_feeder_ambiguous
1282780,19464,19475,50118,6,6,1,5,0.8333,0.6667,1.0,5,3,3,1.0,4279960494,710 YARDGLEN CT,COLO SPGS,38.76030581,-104.8179439,12JL-1,-104.8179439,38.76030581,38.76012,-104.81788,21.4,False,PD12418,PD012418,12JL-1,UG Transformer Bank,RRBG-32,38.76023805,-104.8183637,25,PD12417,PD012417,12JL-1,UG Transformer Bank,RRBG-31,38.75974384,-104.817996,25,37.2,62.7,same_feeder_ambiguous
1280184,4635,26630,50214,6,6,1,5,0.8333,0.6667,1.0,5,3,3,1.0,8698910920,916 CHEYENNE BLVD,COLO SPGS,38.80226976,-104.8439454,12SP-35,-104.8439454,38.80226976,38.802303,-104.843943,3.7,False,OH25639,OH025639,12SP-35,OH Transformer Bank,,38.80188832,-104.8437733,50,PD19580,PD019580,12SP-35,UG Transformer Bank,RCBS-1,38.80264321,-104.8439196,25,45.0,41.6,same_feeder_ambiguous
1280178,18107,18072,50224,6,6,1,5,0.8333,0.6667,1.0,5,3,3,1.0,3432997906,120 SIERRA VISTA DR,COLO SPGS,38.78689468,-104.8300295,13SG-2,-104.8300295,38.78689468,38.786826,-104.83017,14.4,False,PD11340,PD011340,13SG-2,UG Transformer Bank,RBR-10,38.78658712,-104.8289434,25,UG19986,UG019986,13SG-2,UG Transformer Bank,RBR-7,38.78718151,-104.8306209,50,100.2,60.4,same_feeder_ambiguous
1299051,22283,6468,50253,6,6,1,5,0.8333,0.6667,1.0,5,3,3,1.0,6970752512,"3492 W WOODMEN RD, SPKG",COLO SPGS,38.95332334,-104.8815445,12OV-1,-104.8815445,38.95332334,38.95323,-104.881525,10.5,False,PD15941,PD015941,12OV-1,UG Transformer Bank,CMSP-1,38.9532649,-104.8816431,10,PD7408,PD007408,12OV-1,UG Transformer Bank,RPG-106,38.9527769,-104.882417,25,10.7,96.9,same_feeder_ambiguous
1297561,22751,7423,50328,6,6,1,5,0.8333,0.6667,1.0,5,3,3,1.0,2892362199,"1610 OAK HILLS DR, SPKG",COLO SPGS,38.9364976,-104.8599076,12OV-2,-104.8599076,38.9364976,38.936491,-104.859898,1.1,False,PD100262,PD100262,12OV-2,UG Transformer Bank,RHUP-37,38.93636378,-104.8600379,25,PD556,PD000556,12OV-2,UG Transformer Bank,RHUP-1,38.93660895,-104.859624,25,18.7,27.5,same_feeder_ambiguous
1280531,22773,22788,50355,6,6,1,5,0.8333,0.6667,1.0,5,3,3,1.0,2007585827,2150 OAK HILLS DR,COLO SPGS,38.93524708,-104.8651485,12OV-2,-104.8651485,38.93524708,38.935275,-104.865143,3.1,False,PD536,PD000536,12OV-2,UG Transformer Bank,RHUP-30,38.93554342,-104.8655549,25,PD590,PD000590,12OV-2,UG Transformer Bank,RHUP-31,38.9351555,-104.8644894,25,48.2,57.9,same_feeder_ambiguous
1280554,7401,7392,50359,6,6,1,5,0.8333,0.6667,1.0,5,3,3,1.0,2587940809,1745 OAK HILLS DR,COLO SPGS,38.93684942,-104.8635912,12OV-2,-104.8635912,38.93684942,38.936845,-104.863587,0.6,False,PD542,PD000542,12OV-2,UG Transformer Bank,RHUP-8,38.93699009,-104.8639752,25,PD543,PD000543,12OV-2,UG Transformer Bank,RHUP-7,38.93709002,-104.86308,25,36.7,51.7,same_feeder_ambiguous
1282004,16952,16936,50738,6,6,1,5,0.8333,0.6667,1.0,5,3,3,1.0,9840339575,875 OXFORD LN,COLO SPGS,38.80549178,-104.8438196,12SP-35,-104.8438196,38.80549178,38.805463,-104.844815,86.3,False,PD12859,PD012859,12SP-35,UG Transformer Bank,RWS-8,38.80473641,-104.8439493,25,PD12860,PD012860,12SP-35,UG Transformer Bank,RWS-9,38.8049704,-104.8449429,25,84.7,113.3,same_feeder_ambiguous
1298781,19551,19536,50907,6,6,1,5,0.8333,0.6667,1.0,5,3,3,1.0,5642032691,4130 DANCEGLEN DR,COLO SPGS,38.7568273,-104.8129564,12JL-1,-104.8129564,38.7568273,38.756822,-104.812961,0.7,False,PD12409,PD012409,12JL-1,UG Transformer Bank,RRBG-7,38.75641191,-104.8127776,25,PD12408,PD012408,12JL-1,UG Transformer Bank,RRBG-6,38.75713538,-104.8128216,25,48.7,36.2,same_feeder_ambiguous
1288982,10030,10073,51081,6,6,1,5,0.8333,0.6667,1.0,5,3,3,1.0,1111583931,2695 STONERIDGE DR,COLO SPGS,38.90706196,-104.8729363,13IP-3,-104.8729363,38.90706196,38.906985,-104.872877,10.0,False,PD1432,PD001432,13IP-3,UG Transformer Bank,VRMS-25,38.90730243,-104.8739347,25,PD1430,PD001430,13IP-3,UG Transformer Bank,VRMS-15,38.9066816,-104.8733434,25,90.4,55.0,same_feeder_ambiguous
1287260,718,299516,51392,6,6,1,5,0.8333,0.6667,1.0,5,3,3,1.0,4358345782,4413 FORREST HILL RD APT 7,COLO SPGS,38.89568629,-104.8441194,13HL-1,-104.8441194,38.89568629,38.895941,-104.844323,33.4,False,OH29,OH000029,13HL-1,OH Transformer Bank,,38.89578274,-104.8439573,50,OH28,OH000028,13HL-1,OH Transformer Bank,,38.89615318,-104.8438636,50,17.7,56.4,same_feeder_ambiguous
1288762,6749,22394,51621,6,6,1,5,0.8333,0.6667,1.0,5,3,3,1.0,7437945418,2955 NEEDLECONE LN,COLO SPGS,38.9484681,-104.8821862,12OV-1,-104.8821862,38.9484681,38.948485,-104.882179,2.0,False,PD7481,PD007481,12OV-1,UG Transformer Bank,RPG-117,38.94847895,-104.8807376,25,PD7480,PD007480,12OV-1,UG Transformer Bank,RPG-115,38.94868442,-104.882814,25,125.3,59.4,same_feeder_ambiguous
1288804,7278,7261,51637,6,6,1,5,0.8333,0.6667,1.0,5,3,3,1.0,9581203606,1520 MOUNT WOODMEN CT,COLO SPGS,38.93975013,-104.8568302,12OV-2,-104.8568302,38.93975013,38.939776,-104.856831,2.9,False,UG1058,UG001058,12OV-2,UG Transformer Bank,RMWE-32,38.93939454,-104.8572146,25,UG1056,UG001056,12OV-2,UG Transformer Bank,RMWE-31,38.93978911,-104.8557347,25,51.7,94.8,same_feeder_ambiguous
1288928,365035,18485,51651,6,6,1,5,0.8333,0.6667,1.0,5,3,3,1.0,4571783296,"1740 OLD STAGE RD, CABIN",COLO SPGS,38.77935347,-104.860381,13BR-3,-104.860381,38.77935347,38.779392,-104.86036,4.7,False,OH41154,OH041154,13BR-3,OH Transformer Bank,,38.77954814,-104.8592829,15,UG15980,UG015980,13BR-3,UG Transformer Bank,RBH-18,38.77977933,-104.8604242,25,97.6,47.5,same_feeder_ambiguous
1297507,19161,27307,51816,6,6,1,5,0.8333,0.6667,1.0,5,3,3,1.0,9334400709,"4435 STONE MANOR HTS, CV",COLO SPGS,38.76841224,-104.8489345,13BR-2,-104.8489345,38.76841224,38.768943,-104.848668,63.4,False,PD10161,PD010161,13BR-2,UG Transformer Bank,RBRR-6,38.76837832,-104.849008,100,PD10176,PD010176,13BR-2,UG Transformer Bank,RBRR-11,38.76782662,-104.8492571,50,7.4,70.9,same_feeder_ambiguous
1311757,6067,6081,52157,6,6,1,5,0.8333,0.6667,1.0,5,3,3,1.0,7806351004,3745 COTTAGE DR,COLO SPGS,38.96075857,-104.7572149,13BG-3,-104.7572149,38.96075857,38.960762,-104.757121,8.1,False,PD8432,PD008432,13BG-3,UG Transformer Bank,RGV-169,38.9610801,-104.7573378,25,PD572,PD000572,13BG-3,UG Transformer Bank,RGV-118,38.96062001,-104.7567586,25,37.3,42.4,same_feeder_ambiguous
1298953,7986,8012,52171,6,6,1,5,0.8333,0.6667,1.0,5,3,3,1.0,9827612783,485 ALLEGHENY DR,COLO SPGS,38.92969681,-104.8366064,12WN-22,-104.8366064,38.92969681,38.92969,-104.836544,5.5,False,UG1743,UG001743,12WN-22,UG Transformer Bank,RCOM-14,38.92984753,-104.8370282,15,UG2239,UG002239,12WN-22,UG Transformer Bank,RCOM-13,38.92951698,-104.8364628,25,40.2,23.5,same_feeder_ambiguous
1299124,16533,16512,52183,6,6,1,5,0.8333,0.6667,1.0,5,3,3,1.0,9357998977,1189 BEACON HILL WAY,COLO SPGS,38.81466692,-104.849919,13S-14,-104.849919,38.81466692,38.814681,-104.84991,1.7,False,PD10022,PD010022,13S-14,UG Transformer Bank,RPO-6,38.81441488,-104.8495923,25,PD10023,PD010023,13S-14,UG Transformer Bank,RPO-7,38.81476398,-104.8491963,50,39.8,63.5,same_feeder_ambiguous
1299171,5953,5955,52209,6,6,1,5,0.8333,0.6667,1.0,5,3,3,1.0,5613918387,3260 SAND FLOWER DR,COLO SPGS,38.9670234,-104.7626267,12KC-31,-104.7626267,38.9670234,38.966977,-104.762646,5.4,False,PD13313,PD013313,12KC-31,UG Transformer Bank,RPC15-3,38.96681916,-104.7620554,50,PD13314,PD013314,12KC-31,UG Transformer Bank,RPC15-2,38.96667033,-104.762871,50,54.4,44.6,same_feeder_ambiguous
1299841,18344,18384,52375,6,6,1,5,0.8333,0.6667,1.0,5,3,3,1.0,6525110808,9 CHASE LN,COLO SPGS,38.78325131,-104.8550388,13BR-2,-104.8550388,38.78325131,38.783264,-104.854865,15.1,False,UG19501,UG019501,13BR-2,UG Transformer Bank,RBH-12,38.78304851,-104.8556439,25,UG19502,UG019502,13BR-2,UG Transformer Bank,RBH-11,38.78258298,-104.8548554,25,57.1,76.0,same_feeder_ambiguous
1309207,18353,27131,52430,6,6,1,5,0.8333,0.6667,1.0,5,3,3,1.0,9193227382,16 LEAMING RD,COLO SPGS,38.7822388,-104.8627519,13BR-3,-104.8627519,38.7822388,38.782275,-104.862795,5.5,False,UG15985,UG015985,13BR-3,UG Transformer Bank,RBH-1,38.78293936,-104.8628621,25,UG15984,UG015984,13BR-3,UG Transformer Bank,RBH-2,38.78239792,-104.8620326,25,78.5,64.8,same_feeder_ambiguous
1300137,6014,6003,52466,6,6,1,5,0.8333,0.6667,1.0,5,3,3,1.0,6953199934,8940 THORNCREEK DR,COLO SPGS,38.96347521,-104.7707876,12KC-11,-104.7707876,38.96347521,38.96351,-104.770777,4.0,False,PD8459,PD008459,12KC-11,UG Transformer Bank,RSFD-84,38.96307739,-104.770102,25,PD10192,PD010192,12KC-11,UG Transformer Bank,RSFD-106,38.96383052,-104.7704701,25,74.0,48.1,same_feeder_ambiguous
1305626,22714,7301,52486,6,6,1,5,0.8333,0.6667,1.0,5,3,3,1.0,1322927591,510 BUCKEYE DR,COLO SPGS,38.93846342,-104.836808,12WN-24,-104.836808,38.93846342,38.938498,-104.836814,3.9,False,UG1509,UG001509,12WN-24,UG Transformer Bank,RDS-17,38.93812396,-104.8365964,15,UG1510,UG001510,12WN-24,UG Transformer Bank,RDS-18,38.93868317,-104.8364163,25,41.9,41.8,same_feeder_ambiguous
1301874,6287,6286,52837,6,6,1,5,0.8333,0.6667,1.0,5,3,3,1.0,8014404260,2643 MARSTON HTS,COLO SPGS,38.95485893,-104.7772448,13CW-11,-104.7772448,38.95485893,38.954894,-104.777234,4.0,False,PD7691,PD007691,13CW-11,UG Transformer Bank,RPES-14,38.95503011,-104.7775085,25,PD7692,PD007692,13CW-11,UG Transformer Bank,RPES-13,38.95501299,-104.7767261,25,29.7,48.0,same_feeder_ambiguous
1303219,7287,7290,53067,6,6,1,5,0.8333,0.6667,1.0,5,3,3,1.0,2619666621,7433 LIBERTY BELL DR,COLO SPGS,38.9382931,-104.7644224,13CW-1,-104.7644224,38.9382931,38.938319,-104.764407,3.2,False,PD180,PD000180,13CW-1,UG Transformer Bank,RLB-7,38.9384701,-104.7640937,25,PD179,PD000179,13CW-1,UG Transformer Bank,RLB-8,38.93843574,-104.7647792,25,34.6,34.7,same_feeder_ambiguous
1303185,22395,22410,53068,6,6,1,5,0.8333,0.6667,1.0,5,3,3,1.0,5440260616,7975 LEXINGTON PARK DR,COLO SPGS,38.9475459,-104.7696036,13CW-11,-104.7696036,38.9475459,38.947546,-104.769622,1.6,False,UG6299,UG006299,13CW-11,UG Transformer Bank,RLPT-5,38.94782746,-104.7695716,25,PD3701,PD003701,13CW-11,UG Transformer Bank,RLPT-6,38.947483,-104.7694532,50,31.4,14.8,same_feeder_ambiguous
1304030,247,7505,53191,6,6,1,5,0.8333,0.6667,1.0,5,3,3,1.0,1775866439,1270 BERGLIND RD,COLO SPGS,38.93493264,-104.8017267,12WN-4,-104.8017267,38.93493264,38.934966,-104.801714,3.9,False,OH4076,OH004076,12WN-4,OH Transformer Bank,,38.93513366,-104.8021244,25,PD14655,PD014655,12WN-4,UG Transformer Bank,RBV-1,38.93521877,-104.8009637,25,41.0,73.3,same_feeder_ambiguous
1304079,7694,22872,53201,6,6,1,5,0.8333,0.6667,1.0,5,3,3,1.0,3169044440,"2586 WHITCOMB CT, SPKG",COLO SPGS,38.93273091,-104.7786996,13CW-4,-104.7786996,38.93273091,38.932725,-104.77869,1.1,False,UG14464,UG014464,13CW-4,UG Transformer Bank,RCWC-1,38.93284203,-104.7792757,25,PD1924,PD001924,13CW-4,UG Transformer Bank,RCWC-5,38.93231598,-104.7793476,25,51.3,72.6,same_feeder_ambiguous
1304815,22545,22536,53327,6,6,1,5,0.8333,0.6667,1.0,5,3,3,1.0,9201828534,3150 MIRAGE DR,COLO SPGS,38.94502906,-104.7655519,13CW-11,-104.7655519,38.94502906,38.945058,-104.765544,3.3,False,PD458,PD000458,13CW-11,UG Transformer Bank,RBGT-138,38.94470283,-104.7654696,25,PD457,PD000457,13CW-11,UG Transformer Bank,RBGT-137,38.94497403,-104.7660451,25,37.0,43.1,same_feeder_ambiguous
1305617,5906,22074,53442,6,6,1,5,0.8333,0.6667,1.0,5,3,3,1.0,220288765,9534 PINEBROOK WAY,COLO SPGS,38.9696865,-104.7644631,12KC-31,-104.7644631,38.9696865,38.969731,-104.764531,7.7,False,PD15428,PD015428,12KC-31,UG Transformer Bank,RPC13-7,38.96941721,-104.7639056,25,PD14927,PD014927,12KC-31,UG Transformer Bank,RPC13-5,38.96952949,-104.7650137,25,56.7,50.7,same_feeder_ambiguous
1308769,8988,9033,53649,6,6,1,5,0.8333,0.6667,1.0,5,3,3,1.0,9691581795,6210 URSA LN,COLO SPGS,38.91989961,-104.8349628,12WN-22,-104.8349628,38.91989961,38.919894,-104.834888,6.5,False,PD1114,PD001114,12WN-22,UG Transformer Bank,RSAR-7,38.91992074,-104.8353242,25,PD1113,PD001113,12WN-22,UG Transformer Bank,RSAR-8,38.91958224,-104.8346448,25,31.4,44.7,same_feeder_ambiguous
1307309,5906,22076,53749,6,6,1,5,0.8333,0.6667,1.0,5,3,3,1.0,9464936945,9545 PINON PINE CIR,COLO SPGS,38.96916467,-104.764307,12KC-31,-104.764307,38.96916467,38.969194,-104.764297,3.4,False,PD15428,PD015428,12KC-31,UG Transformer Bank,RPC13-7,38.96941721,-104.7639056,25,PD14928,PD014928,12KC-31,UG Transformer Bank,RPC13-6,38.9688384,-104.7649272,25,44.6,64.7,same_feeder_ambiguous
1308102,5936,22082,53808,6,6,1,5,0.8333,0.6667,1.0,5,3,3,1.0,3856606010,3280 GREENMOOR CT,COLO SPGS,38.96806326,-104.7652877,12KC-31,-104.7652877,38.96806326,38.968012,-104.765247,6.7,False,PD13041,PD013041,12KC-31,UG Transformer Bank,RPC12-2,38.96768986,-104.7657789,25,PD13040,PD013040,12KC-31,UG Transformer Bank,RPC12-3,38.96757388,-104.7649603,50,59.4,61.3,same_feeder_ambiguous
1309824,8583,23232,53825,6,6,1,5,0.8333,0.6667,1.0,5,3,3,1.0,1356451093,2610 ROSSMERE ST,COLO SPGS,38.92408317,-104.877395,12WR-2,-104.877395,38.92408317,38.923957,-104.877387,14.0,False,PD40,PD000040,12WR-2,UG Transformer Bank,RMOS-76,38.92425898,-104.8768196,25,PD39,PD000039,12WR-2,UG Transformer Bank,RMOS-75,38.9236508,-104.8781097,50,53.5,78.3,same_feeder_ambiguous
1308991,9039,59175,54014,6,6,1,5,0.8333,0.6667,1.0,5,3,3,1.0,1982636896,6530 PERFECT VW,COLO SPGS,38.91896359,-104.8367635,12WN-22,-104.8367635,38.91896359,38.919263,-104.831734,436.4,True,UG2491,UG002491,12WN-22,UG Transformer Bank,RSAR-2,38.91949298,-104.8370017,25,PD20303,PD020303,12WN-22,UG Transformer Bank,RRAR-3,38.91915741,-104.8317376,25,62.4,435.3,same_feeder_ambiguous
1311102,9033,9038,54181,6,6,1,5,0.8333,0.6667,1.0,5,3,3,1.0,3019255162,6255 URSA LN,COLO SPGS,38.91924818,-104.8346783,12WN-22,-104.8346783,38.91924818,38.919203,-104.834613,7.6,False,PD1113,PD001113,12WN-22,UG Transformer Bank,RSAR-8,38.91958224,-104.8346448,25,PD8583,PD008583,12WN-22,UG Transformer Bank,RSAR-19,38.91955965,-104.8340614,25,37.3,63.6,same_feeder_ambiguous
1310006,7829,7793,54182,6,6,1,5,0.8333,0.6667,1.0,5,3,3,1.0,3223793708,6973 GAYLE LYN LN,COLO SPGS,38.93197543,-104.8212937,12WN-24,-104.8212937,38.93197543,38.931972,-104.821255,3.4,False,PD719,PD000719,12WN-24,UG Transformer Bank,RWMT-6,38.93178221,-104.8208833,25,PD718,PD000718,12WN-24,UG Transformer Bank,RWMT-5,38.93212562,-104.8211481,25,41.5,20.9,same_feeder_ambiguous
1257575,,4328,24039,18,17,0,11,0.6471,0.6471,1.0,17,3,3,1.0,6064947715,,,38.80973244,-104.7742815,,-104.7742815,38.80973244,38.809726,-104.774272,1.1,False,,,,,,,,,OH18378,OH018378,13HK-1,OH Transformer Bank,,38.81025012,-104.7740149,25,,62.0,new_assignment
1013503,9047,23438,3302,11,11,2,9,0.8182,0.6364,1.0,10,3,3,1.0,8502808499,,,38.9192856,-104.7484642,12AP-3,-104.7484642,38.9192856,38.919318,-104.7485,4.8,False,PD10531,PD010531,12AP-3,UG Transformer Bank,RVM-39,38.91883707,-104.7485678,25,PD10532,PD010532,12AP-3,UG Transformer Bank,RVM-36,38.91988462,-104.7485258,25,50.7,66.8,same_feeder_ambiguous
1135550,9047,23438,3302,11,11,2,9,0.8182,0.6364,1.0,10,3,3,1.0,8503120279,6203 SOARING DR,COLO SPGS,38.91928285,-104.7485106,12AP-3,-104.7485106,38.91928285,38.919318,-104.7485,4.0,False,PD10531,PD010531,12AP-3,UG Transformer Bank,RVM-39,38.91883707,-104.7485678,25,PD10532,PD010532,12AP-3,UG Transformer Bank,RVM-36,38.91988462,-104.7485258,25,49.8,66.9,same_feeder_ambiguous
1048992,23284,23285,5677,11,11,2,9,0.8182,0.6364,1.0,10,3,3,1.0,9287431000,5170 PARADOX DR,COLO SPGS,38.92207548,-104.7262486,12AP-1,-104.7262486,38.92207548,38.922084,-104.726161,7.6,False,PD2784,PD002784,12AP-1,UG Transformer Bank,RSDS-45,38.92183673,-104.726445,25,PD2783,PD002783,12AP-1,UG Transformer Bank,RSDS-44,38.92184215,-104.7256622,25,31.5,57.0,same_feeder_ambiguous
1020748,23284,23285,5677,11,11,2,9,0.8182,0.6364,1.0,10,3,3,1.0,9287431099,,,38.92210928,-104.7262499,12AP-1,-104.7262499,38.92210928,38.922084,-104.726161,8.2,False,PD2784,PD002784,12AP-1,UG Transformer Bank,RSDS-45,38.92183673,-104.726445,25,PD2783,PD002783,12AP-1,UG Transformer Bank,RSDS-44,38.92184215,-104.7256622,25,34.7,58.9,same_feeder_ambiguous
1073470,7657,7600,9500,11,11,2,9,0.8182,0.6364,1.0,10,3,3,1.0,9666565734,,,38.93382415,-104.7579996,13CW-4,-104.7579996,38.93382415,38.933818,-104.75799,1.1,False,PD259,PD000259,13CW-4,UG Transformer Bank,RWHV-77,38.93306139,-104.7582105,50,PD258,PD000258,13CW-4,UG Transformer Bank,RWHV-76,38.93381617,-104.7586018,25,86.8,52.1,same_feeder_ambiguous
1119974,7657,7600,9500,11,11,2,9,0.8182,0.6364,1.0,10,3,3,1.0,9666564787,3730 CRANSWOOD WAY,COLO SPGS,38.9337857,-104.7579983,13CW-4,-104.7579983,38.9337857,38.933818,-104.75799,3.7,False,PD259,PD000259,13CW-4,UG Transformer Bank,RWHV-77,38.93306139,-104.7582105,50,PD258,PD000258,13CW-4,UG Transformer Bank,RWHV-76,38.93381617,-104.7586018,25,82.6,52.3,same_feeder_ambiguous
1278305,2033,207678,10906,11,11,2,9,0.8182,0.6364,1.0,10,3,3,1.0,4219150774,"22 RUXTON AVE, PWR",MANITOU,38.85880367,-104.9205078,12HY-1,-104.9205078,38.85880367,38.858833,-104.920483,3.9,False,OH48123,OH048123,12HY-1,OH Transformer Bank,,38.8586866,-104.9212369,50,UG26957,UG026957,12HY-1,UG Transformer Bank,CMAR-43,38.85902359,-104.9200545,25,64.5,46.2,same_feeder_ambiguous
1278306,2033,207678,10906,11,11,2,9,0.8182,0.6364,1.0,10,3,3,1.0,2194339959,20 RUXTON AVE,MANITOU,38.85880343,-104.9204611,12HY-1,-104.9204611,38.85880343,38.85889,-104.920463,9.6,False,OH48123,OH048123,12HY-1,OH Transformer Bank,,38.8586866,-104.9212369,50,UG26957,UG026957,12HY-1,UG Transformer Bank,CMAR-43,38.85902359,-104.9200545,25,68.4,42.9,same_feeder_ambiguous
1251048,290235,280961,10929,11,11,2,9,0.8182,0.6364,1.0,10,3,3,1.0,7733605559,7294 TAHOE RIM DR,COLO SPGS,38.93715886,-104.6703527,12ST-22,-104.6703527,38.93715886,38.937121,-104.670305,5.9,False,PD101944,PD101944,12ST-22,UG Transformer Bank,RBLR-200,38.93675787,-104.6705097,50,PD101945,PD101945,12ST-22,UG Transformer Bank,RBLR-201,38.93654232,-104.6693254,50,46.6,112.2,same_feeder_ambiguous
1136700,290235,280961,10929,11,11,2,9,0.8182,0.6364,1.0,10,3,3,1.0,7735769626,,,38.93715488,-104.6703148,12ST-22,-104.6703148,38.93715488,38.937121,-104.670305,3.9,False,PD101944,PD101944,12ST-22,UG Transformer Bank,RBLR-200,38.93675787,-104.6705097,50,PD101945,PD101945,12ST-22,UG Transformer Bank,RBLR-201,38.93654232,-104.6693254,50,47.3,109.4,same_feeder_ambiguous
1134982,13387,13421,11923,11,11,2,9,0.8182,0.6364,1.0,10,3,3,1.0,3057486840,2550 BRADY DR,COLO SPGS,38.86893636,-104.7299583,13RI-9,-104.7299583,38.86893636,38.86893,-104.72991,4.2,False,UG11584,UG011584,13RI-9,UG Transformer Bank,RVL-18,38.86908853,-104.7306125,25,UG11594,UG011594,13RI-9,UG Transformer Bank,RVL-64,38.86844876,-104.7300626,25,59.1,55.0,same_feeder_ambiguous
1127523,13387,13421,11923,11,11,2,9,0.8182,0.6364,1.0,10,3,3,1.0,3053687023,,,38.8689365,-104.7299196,13RI-9,-104.7299196,38.8689365,38.86893,-104.72991,1.1,False,UG11584,UG011584,13RI-9,UG Transformer Bank,RVL-18,38.86908853,-104.7306125,25,UG11594,UG011594,13RI-9,UG Transformer Bank,RVL-64,38.86844876,-104.7300626,25,62.3,55.6,same_feeder_ambiguous
1135306,15911,26227,19446,11,11,2,9,0.8182,0.6364,1.0,10,3,3,1.0,6433591436,465 GOLD CLAIM TER,COLO SPGS,38.82558863,-104.8535408,13FV-2,-104.8535408,38.82558863,38.825597,-104.853573,2.9,False,PD16367,PD016367,13FV-2,UG Transformer Bank,RCHMS-10,38.82517419,-104.8541266,50,PD16366,PD016366,13FV-2,UG Transformer Bank,RCHMS-9,38.82597236,-104.8537517,50,68.5,46.4,same_feeder_ambiguous
1082838,15911,26227,19446,11,11,2,9,0.8182,0.6364,1.0,10,3,3,1.0,6433596242,,,38.82560545,-104.853583,13FV-2,-104.853583,38.82560545,38.825597,-104.853573,1.3,False,PD16367,PD016367,13FV-2,UG Transformer Bank,RCHMS-10,38.82517419,-104.8541266,50,PD16366,PD016366,13FV-2,UG Transformer Bank,RCHMS-9,38.82597236,-104.8537517,50,67.2,43.3,same_feeder_ambiguous
1131341,13549,13546,20200,11,11,2,9,0.8182,0.6364,1.0,10,3,3,1.0,7463963820,6470 MOHICAN DR,COLO SPGS,38.86606596,-104.7072806,13PR-4,-104.7072806,38.86606596,38.866101,-104.70727,4.0,False,PD3389,PD003389,13PR-4,UG Transformer Bank,RCHO-58,38.86585836,-104.7077264,25,PD3390,PD003390,13PR-4,UG Transformer Bank,RCHO-57,38.86589825,-104.7070379,25,45.0,28.1,same_feeder_ambiguous
1132943,13549,13546,20200,11,11,2,9,0.8182,0.6364,1.0,10,3,3,1.0,7464803081,,,38.86610715,-104.7072801,13PR-4,-104.7072801,38.86610715,38.866101,-104.70727,1.1,False,PD3389,PD003389,13PR-4,UG Transformer Bank,RCHO-58,38.86585836,-104.7077264,25,PD3390,PD003390,13PR-4,UG Transformer Bank,RCHO-57,38.86589825,-104.7070379,25,47.5,31.3,same_feeder_ambiguous
1145040,25784,14525,24428,11,11,2,9,0.8182,0.6364,1.0,10,3,3,1.0,9338588051,5102 GALLEY RD LOT 227A,COLO SPGS,38.84981268,-104.7357883,13PV-3,-104.7357883,38.84981268,38.849847,-104.73577,4.1,False,UG5072,UG005072,13PV-3,UG Transformer Bank,MCP-21,38.84948578,-104.7361301,25,UG5073,UG005073,13PV-3,UG Transformer Bank,MCP-22,38.84960907,-104.7354169,25,46.9,39.3,same_feeder_ambiguous
1145039,25784,14525,24428,11,11,2,9,0.8182,0.6364,1.0,10,3,3,1.0,2373025669,5102 GALLEY RD LOT 225A,COLO SPGS,38.8498076,-104.7359313,13PV-3,-104.7359313,38.8498076,38.849838,-104.735918,3.6,False,UG5072,UG005072,13PV-3,UG Transformer Bank,MCP-21,38.84948578,-104.7361301,25,UG5073,UG005073,13PV-3,UG Transformer Bank,MCP-22,38.84960907,-104.7354169,25,39.7,49.7,same_feeder_ambiguous
1005474,341,320,410,8,8,1,6,0.75,0.625,1.0,7,3,3,1.0,1415488859,6725 PARK AVE,GN MTN FLS,38.93011723,-105.0160707,12GM-4,-105.0160707,38.93011723,38.930971,-105.014516,164.6,True,OH50021,OH050021,12GM-4,OH Transformer Bank,,38.92995952,-105.0157284,25,OH50017,OH050017,12GM-4,OH Transformer Bank,,38.93094287,-105.0154885,25,34.4,104.7,same_feeder_ambiguous
1005918,327,320,410,8,8,1,6,0.75,0.625,1.0,7,3,3,1.0,6853211198,,,38.93003574,-105.0152134,12GM-4,-105.0152134,38.93003574,38.930116,-105.015323,13.0,False,OH50026,OH050026,12GM-4,OH Transformer Bank,,38.9305599,-105.013844,25,OH50017,OH050017,12GM-4,OH Transformer Bank,,38.93094287,-105.0154885,25,132.0,103.6,same_feeder_ambiguous
1007367,13242,13287,1374,8,8,1,6,0.75,0.625,1.0,7,3,3,1.0,5201876178,2730 CHARLOTTESVILLE DR,COLO SPGS,38.87056645,-104.7066218,13PR-4,-104.7066218,38.87056645,38.870529,-104.706574,5.9,False,PD3227,PD003227,13PR-4,UG Transformer Bank,RCHN-14,38.87083997,-104.7062444,25,PD3226,PD003226,13PR-4,UG Transformer Bank,RCHN-15,38.87023792,-104.7062784,25,44.6,47.1,same_feeder_ambiguous
1004024,13318,13287,1374,8,8,1,6,0.75,0.625,1.0,7,3,3,1.0,3526886430,6510 LEESBURG RD,COLO SPGS,38.86984259,-104.7061924,13PR-4,-104.7061924,38.86984259,38.86991,-104.706225,8.0,False,PD3239,PD003239,13PR-4,UG Transformer Bank,RCHN-20,38.86970533,-104.7057252,25,PD3226,PD003226,13PR-4,UG Transformer Bank,RCHN-15,38.87023792,-104.7062784,25,43.2,44.6,same_feeder_ambiguous
1012707,8915,9118,3781,8,8,1,6,0.75,0.625,1.0,7,3,3,1.0,9909796967,,,38.92014983,-104.7129078,12BG-24,-104.7129078,38.92014983,38.920194,-104.712905,4.9,False,PD13608,PD013608,12BG-24,UG Transformer Bank,RRV-123,38.91992686,-104.7132082,50,PD13604,PD013604,12BG-24,UG Transformer Bank,RRV-117,38.91799126,-104.7118564,50,35.9,256.7,same_feeder_ambiguous
1073490,8972,9118,3781,8,8,1,6,0.75,0.625,1.0,7,3,3,1.0,944853321,,,38.91924238,-104.7125363,12BG-24,-104.7125363,38.91924238,38.919203,-104.712448,8.8,False,PD13487,PD013487,12BG-24,UG Transformer Bank,RRV-120,38.91929821,-104.7122535,50,PD13604,PD013604,12BG-24,UG Transformer Bank,RRV-117,38.91799126,-104.7118564,50,25.2,151.0,same_feeder_ambiguous
1088697,14744,14763,20168,8,8,1,6,0.75,0.625,1.0,7,3,3,1.0,5504263998,1095 WESTERN DR LOT 203,COLO SPGS,38.84694245,-104.6948355,12CL-13,-104.6948355,38.84694245,38.846975,-104.694861,4.2,False,UG5753,UG005753,12CL-13,UG Transformer Bank,MCH-11,38.84707288,-104.6952867,25,UG5749,UG005749,12CL-13,UG Transformer Bank,MCH-10,38.84687323,-104.6941809,25,41.7,57.2,same_feeder_ambiguous
1109282,14719,14763,20168,8,8,1,6,0.75,0.625,1.0,7,3,3,1.0,8489912601,1095 WESTERN DR LOT 376,COLO SPGS,38.84699791,-104.6942925,12CL-13,-104.6942925,38.84699791,38.847027,-104.694283,3.3,False,UG5752,UG005752,12CL-13,UG Transformer Bank,MCH-13,38.84755482,-104.6946568,25,UG5749,UG005749,12CL-13,UG Transformer Bank,MCH-10,38.84687323,-104.6941809,25,69.5,16.9,same_feeder_ambiguous
1127634,9262,23579,28699,8,8,1,6,0.75,0.625,1.0,7,3,3,1.0,4275713395,5775 REGAL VIEW RD,COLO SPGS,38.91754075,-104.8709393,12WR-2,-104.8709393,38.91754075,38.917539,-104.870909,2.6,False,PD5973,PD005973,12WR-2,UG Transformer Bank,RMOS-134,38.91741065,-104.8714186,25,PD5972,PD005972,12WR-2,UG Transformer Bank,RMOS-133,38.91761986,-104.8705621,25,43.9,33.8,same_feeder_ambiguous
1267394,9235,23579,28699,8,8,1,6,0.75,0.625,1.0,7,3,3,1.0,3723805467,5760 REGAL VIEW RD,COLO SPGS,38.91809249,-104.8714807,12WR-2,-104.8714807,38.91809249,38.918143,-104.871424,7.5,False,PD5971,PD005971,12WR-2,UG Transformer Bank,RMOS-132,38.91780709,-104.8721568,25,PD5972,PD005972,12WR-2,UG Transformer Bank,RMOS-133,38.91761986,-104.8705621,25,66.5,95.3,same_feeder_ambiguous
1272085,9237,9284,30942,8,8,1,6,0.75,0.625,1.0,7,3,3,1.0,146884291,1810 VICKERS DR,COLO SPGS,38.9171611,-104.7939172,13CW-10,-104.7939172,38.9171611,38.917096,-104.793882,7.9,False,UG7599,UG007599,13CW-10,UG Transformer Bank,RE-40,38.91728105,-104.7946464,50,UG7584,UG007584,13CW-10,UG Transformer Bank,RE-74,38.91658819,-104.7943625,25,64.5,74.4,same_feeder_ambiguous
1285872,19847,9284,30942,8,8,1,6,0.75,0.625,1.0,7,3,3,1.0,7086753634,"1810 VICKERS DR, CV",COLO SPGS,38.91680313,-104.7935957,13CW-10,-104.7935957,38.91680313,38.916826,-104.79371,10.2,False,OH4676,OH004676,13CW-10,OH Transformer Bank,,38.91719974,-104.7936204,15,UG7584,UG007584,13CW-10,UG Transformer Bank,RE-74,38.91658819,-104.7943625,25,44.2,70.5,same_feeder_ambiguous
1187331,15916,26226,36036,8,8,1,6,0.75,0.625,1.0,7,3,3,1.0,8322478430,472 SILVER MINE DR,COLO SPGS,38.82563932,-104.8551064,13FV-2,-104.8551064,38.82563932,38.825673,-104.855012,9.0,False,PD16368,PD016368,13FV-2,UG Transformer Bank,RCHMS-11,38.8251085,-104.8550155,25,PD16369,PD016369,13FV-2,UG Transformer Bank,RCHMS-12,38.82604214,-104.8547019,50,59.5,56.9,same_feeder_ambiguous
1166065,26212,26226,36036,8,8,1,6,0.75,0.625,1.0,7,3,3,1.0,9350701882,440 SILVER MINE DR,COLO SPGS,38.82632893,-104.8547125,13FV-2,-104.8547125,38.82632893,38.826268,-104.854641,9.2,False,PD16370,PD016370,13FV-2,UG Transformer Bank,RCHMS-13,38.82653705,-104.8542085,25,PD16369,PD016369,13FV-2,UG Transformer Bank,RCHMS-12,38.82604214,-104.8547019,50,49.4,31.9,same_feeder_ambiguous
1278206,9180,9119,48238,8,8,1,6,0.75,0.625,1.0,7,3,3,1.0,1895712164,5956 WISTERIA DR,COLO SPGS,38.91847243,-104.8631478,12WR-2,-104.8631478,38.91847243,38.9185,-104.863137,3.2,False,PD1278,PD001278,12WR-2,UG Transformer Bank,RWL-11,38.91819195,-104.8629991,25,PD882,PD000882,12WR-2,UG Transformer Bank,RWL-10,38.91895102,-104.8630025,25,33.7,54.7,same_feeder_ambiguous
1280209,9057,9119,48238,8,8,1,6,0.75,0.625,1.0,7,3,3,1.0,4637374004,6032 WISTERIA DR,COLO SPGS,38.91939188,-104.8631197,12WR-2,-104.8631197,38.91939188,38.919363,-104.863141,3.7,False,PD881,PD000881,12WR-2,UG Transformer Bank,RWL-8,38.91952352,-104.8628293,25,PD882,PD000882,12WR-2,UG Transformer Bank,RWL-10,38.91895102,-104.8630025,25,29.1,50.1,same_feeder_ambiguous
1303414,6860,22457,53069,8,8,1,6,0.75,0.625,1.0,7,3,3,1.0,8570816094,7885 CHINOOK CT,COLO SPGS,38.94634799,-104.7723518,13CW-11,-104.7723518,38.94634799,38.946379,-104.772347,3.5,False,PD3743,PD003743,13CW-11,UG Transformer Bank,RBGT-116,38.94603466,-104.7721316,25,PD3748,PD003748,13CW-11,UG Transformer Bank,RBGT-122,38.94660109,-104.7722348,25,39.7,29.9,same_feeder_ambiguous
1303186,22428,22457,53069,8,8,1,6,0.75,0.625,1.0,7,3,3,1.0,6263728544,"2804 BOXWOOD PL, SPKG",COLO SPGS,38.94702578,-104.7719073,13CW-11,-104.7719073,38.94702578,38.947052,-104.771875,4.0,False,UG5679,UG005679,13CW-11,UG Transformer Bank,RBGT-151,38.94719649,-104.771773,25,PD3748,PD003748,13CW-11,UG Transformer Bank,RBGT-122,38.94660109,-104.7722348,25,22.3,55.1,same_feeder_ambiguous
1031288,283200,283197,3856,15,15,3,12,0.8,0.6,1.0,14,3,3,1.0,4123001795,,,38.97851902,-104.7413994,12KC-42,-104.7413994,38.97851902,38.978548,-104.741386,3.4,False,PD102058,PD102058,12KC-44,UG Transformer Bank,RC3-9,38.97885712,-104.7411961,75,PD102057,PD102057,12KC-44,UG Transformer Bank,RC3-8,38.97893087,-104.7427643,75,41.5,126.6,same_feeder_ambiguous
1056101,283200,283197,3856,15,15,3,12,0.8,0.6,1.0,14,3,3,1.0,4456109467,4488 OUTLOOK RIDGE TRL,COLO SPGS,38.97907247,-104.7414,12KC-42,-104.7414,38.97907247,38.979066,-104.74139,1.1,False,PD102058,PD102058,12KC-44,UG Transformer Bank,RC3-9,38.97885712,-104.7411961,75,PD102057,PD102057,12KC-44,UG Transformer Bank,RC3-8,38.97893087,-104.7427643,75,29.7,119.0,same_feeder_ambiguous
1031261,283200,283197,3856,15,15,3,12,0.8,0.6,1.0,14,3,3,1.0,4456109484,,,38.97912739,-104.7413995,12KC-42,-104.7413995,38.97912739,38.979066,-104.74139,6.9,False,PD102058,PD102058,12KC-44,UG Transformer Bank,RC3-9,38.97885712,-104.7411961,75,PD102057,PD102057,12KC-44,UG Transformer Bank,RC3-8,38.97893087,-104.7427643,75,34.8,120.0,same_feeder_ambiguous
1169525,12614,12548,36867,15,15,3,12,0.8,0.6,1.0,14,3,3,1.0,2537529680,3303 N HANCOCK AVE LOT 64,COLO SPGS,38.87971027,-104.8021222,12C-2,-104.8021222,38.87971027,38.879738,-104.802105,3.4,False,UG10979,UG010979,12C-2,UG Transformer Bank,MHM-7,38.87921502,-104.8022119,50,UG10978,UG010978,12C-2,UG Transformer Bank,MHM-8,38.87990665,-104.8022625,50,55.6,25.0,same_feeder_ambiguous
1196941,12614,12548,36867,15,15,3,12,0.8,0.6,1.0,14,3,3,1.0,6921549387,3303 N HANCOCK AVE LOT 65,COLO SPGS,38.87961557,-104.8020923,12C-2,-104.8020923,38.87961557,38.879645,-104.802096,3.3,False,UG10979,UG010979,12C-2,UG Transformer Bank,MHM-7,38.87921502,-104.8022119,50,UG10978,UG010978,12C-2,UG Transformer Bank,MHM-8,38.87990665,-104.8022625,50,45.7,35.6,same_feeder_ambiguous
1210974,12614,12548,36867,15,15,3,12,0.8,0.6,1.0,14,3,3,1.0,9078832366,3303 N HANCOCK AVE LOT 66,COLO SPGS,38.87950328,-104.8020938,12C-2,-104.8020938,38.87950328,38.879529,-104.802098,2.9,False,UG10979,UG010979,12C-2,UG Transformer Bank,MHM-7,38.87921502,-104.8022119,50,UG10978,UG010978,12C-2,UG Transformer Bank,MHM-8,38.87990665,-104.8022625,50,33.6,47.2,same_feeder_ambiguous
1132807,11378,11446,3687,10,10,2,8,0.8,0.6,1.0,9,3,3,1.0,5898889255,,,38.89074603,-104.7333153,12AP-2,-104.7333153,38.89074603,38.89074,-104.733305,1.1,False,UG10052,UG010052,12AP-2,UG Transformer Bank,RTHS-35,38.8912657,-104.7334807,25,UG9696,UG009696,12AP-2,UG Transformer Bank,RTHS-36,38.89055026,-104.7336543,25,59.5,36.5,same_feeder_ambiguous
1249844,11378,11446,3687,10,10,2,8,0.8,0.6,1.0,9,3,3,1.0,5898771594,4060 IRON HORSE TRL,COLO SPGS,38.89074761,-104.7333519,12AP-2,-104.7333519,38.89074761,38.89074,-104.733305,4.1,False,UG10052,UG010052,12AP-2,UG Transformer Bank,RTHS-35,38.8912657,-104.7334807,25,UG9696,UG009696,12AP-2,UG Transformer Bank,RTHS-36,38.89055026,-104.7336543,25,58.7,34.2,same_feeder_ambiguous
1227521,8880,23376,11927,10,10,2,8,0.8,0.6,1.0,9,3,3,1.0,8666239133,6116 MONTARBOR DR,COLO SPGS,38.92053865,-104.7624919,12AP-3,-104.7624919,38.92053865,38.920571,-104.762482,3.7,False,PD2418,PD002418,12AP-3,UG Transformer Bank,RN-27,38.92066348,-104.7620586,25,PD2419,PD002419,12AP-3,UG Transformer Bank,RN-28,38.92084282,-104.7634544,50,40.0,89.9,same_feeder_ambiguous
1227519,8880,23376,11927,10,10,2,8,0.8,0.6,1.0,9,3,3,1.0,7838566692,6124 MONTARBOR DR,COLO SPGS,38.92051716,-104.7627171,12AP-3,-104.7627171,38.92051716,38.920547,-104.762706,3.5,False,PD2418,PD002418,12AP-3,UG Transformer Bank,RN-27,38.92066348,-104.7620586,25,PD2419,PD002419,12AP-3,UG Transformer Bank,RN-28,38.92084282,-104.7634544,50,59.2,73.3,same_feeder_ambiguous
1255978,319359,343989,12887,10,10,2,8,0.8,0.6,1.0,9,3,3,1.0,5284163502,,,38.93381577,-104.6959781,13BG-2,-104.6959781,38.93381577,38.933781,-104.695968,4.0,False,PD102927,PD102927,12FR-31,UG Transformer Bank,RQB-15,38.93348074,-104.6963409,50,PD103430,PD103430,12FR-31,UG Transformer Bank,RQB-32,38.93357541,-104.6940241,50,48.7,171.1,same_feeder_ambiguous
1265509,319359,343989,12887,10,10,2,8,0.8,0.6,1.0,9,3,3,1.0,5281573162,7017 THORN BRUSH WAY,COLO SPGS,38.93381601,-104.6960129,13BG-2,-104.6960129,38.93381601,38.933781,-104.695968,5.5,False,PD102927,PD102927,12FR-31,UG Transformer Bank,RQB-15,38.93348074,-104.6963409,50,PD103430,PD103430,12FR-31,UG Transformer Bank,RQB-32,38.93357541,-104.6940241,50,46.8,174.1,same_feeder_ambiguous
1062759,5669,5665,14707,10,10,2,8,0.8,0.6,1.0,9,3,3,1.0,3305674459,1128 BELLA SPRINGS VW APT 237,COLO SPGS,39.01919474,-104.8100632,12NG-2,-104.8100632,39.01919474,39.019158,-104.809966,9.3,False,PD16130,PD016130,12NG-2,UG Transformer Bank,ABSN-9,39.01898805,-104.8099608,50,PD16129,PD016129,12NG-2,UG Transformer Bank,ABSN-10,39.01925351,-104.8095319,50,24.6,46.4,same_feeder_ambiguous
1062824,5669,5665,14707,10,10,2,8,0.8,0.6,1.0,9,3,3,1.0,4420917025,1128 BELLA SPRINGS VW APT 228,COLO SPGS,39.01923094,-104.8099201,12NG-2,-104.8099201,39.01923094,39.019158,-104.809966,9.0,False,PD16130,PD016130,12NG-2,UG Transformer Bank,ABSN-9,39.01898805,-104.8099608,50,PD16129,PD016129,12NG-2,UG Transformer Bank,ABSN-10,39.01925351,-104.8095319,50,27.2,33.6,same_feeder_ambiguous
1109251,14618,14684,16191,10,10,2,8,0.8,0.6,1.0,9,3,3,1.0,1878771390,1095 WESTERN DR LOT 192,COLO SPGS,38.84774928,-104.6937073,12CL-13,-104.6937073,38.84774928,38.84776,-104.693695,1.6,False,UG5746,UG005746,12CL-13,UG Transformer Bank,MCH-8,38.84842236,-104.6935233,25,UG5747,UG005747,12CL-13,UG Transformer Bank,MCH-9,38.84772256,-104.6937776,25,76.5,6.8,same_feeder_ambiguous
1104511,14618,14684,16191,10,10,2,8,0.8,0.6,1.0,9,3,3,1.0,3137829907,1095 WESTERN DR LOT 381,COLO SPGS,38.84785976,-104.6939949,12CL-13,-104.6939949,38.84785976,38.847887,-104.693982,3.2,False,UG5746,UG005746,12CL-13,UG Transformer Bank,MCH-8,38.84842236,-104.6935233,25,UG5747,UG005747,12CL-13,UG Transformer Bank,MCH-9,38.84772256,-104.6937776,25,74.7,24.2,same_feeder_ambiguous
1073112,254716,254717,16641,10,10,2,8,0.8,0.6,1.0,9,3,3,1.0,8367614981,7003 MINOT LN,COLO SPGS,38.82633839,-104.699104,12CL-13,-104.699104,38.82633839,38.826332,-104.699094,1.1,False,PD100518,PD100518,12CL-13,UG Transformer Bank,CTVC-156,38.82623524,-104.6993469,25,PD100519,PD100519,12CL-13,UG Transformer Bank,CTVC-157,38.82675886,-104.698966,25,24.0,48.3,same_feeder_ambiguous
1133308,254716,254717,16641,10,10,2,8,0.8,0.6,1.0,9,3,3,1.0,8367614960,,,38.82636585,-104.6991037,12CL-13,-104.6991037,38.82636585,38.826332,-104.699094,3.9,False,PD100518,PD100518,12CL-13,UG Transformer Bank,CTVC-156,38.82623524,-104.6993469,25,PD100519,PD100519,12CL-13,UG Transformer Bank,CTVC-157,38.82675886,-104.698966,25,25.6,45.3,same_feeder_ambiguous
1088940,14225,14240,20222,10,10,2,8,0.8,0.6,1.0,9,3,3,1.0,4186187839,,,38.85314465,-104.7042338,12PF-5,-104.7042338,38.85314465,38.853138,-104.704224,1.1,False,PD3543,PD003543,12PF-5,UG Transformer Bank,RCN-143,38.85296682,-104.703767,25,PD3542,PD003542,12PF-5,UG Transformer Bank,RCN-144,38.85280495,-104.7044773,25,45.0,43.3,same_feeder_ambiguous
1106561,14225,14240,20222,10,10,2,8,0.8,0.6,1.0,9,3,3,1.0,4186189003,6626 NOBLE ST,COLO SPGS,38.85310984,-104.7042313,12PF-5,-104.7042313,38.85310984,38.853138,-104.704224,3.2,False,PD3543,PD003543,12PF-5,UG Transformer Bank,RCN-143,38.85296682,-104.703767,25,PD3542,PD003542,12PF-5,UG Transformer Bank,RCN-144,38.85280495,-104.7044773,25,43.2,40.0,same_feeder_ambiguous
1103113,140795,140490,23836,10,10,2,8,0.8,0.6,1.0,9,3,3,1.0,6735736884,655 HAILEY GLENN VW,COLO SPGS,38.82205465,-104.7282938,12PF-5,-104.7282938,38.82205465,38.822048,-104.728283,1.2,False,PD17565,PD017565,12PF-5,UG Transformer Bank,RBH-77,38.82183264,-104.728376,25,PD17566,PD017566,12PF-5,UG Transformer Bank,RBH-78,38.82192315,-104.7285611,25,25.7,27.4,same_feeder_ambiguous
1103111,140795,140490,23836,10,10,2,8,0.8,0.6,1.0,9,3,3,1.0,3808225932,659 HAILEY GLENN VW,COLO SPGS,38.82205401,-104.7282205,12PF-5,-104.7282205,38.82205401,38.822046,-104.72821,1.3,False,PD17565,PD017565,12PF-5,UG Transformer Bank,RBH-77,38.82183264,-104.728376,25,PD17566,PD017566,12PF-5,UG Transformer Bank,RBH-78,38.82192315,-104.7285611,25,28.1,32.9,same_feeder_ambiguous
1123980,12261,12263,27585,10,10,2,8,0.8,0.6,1.0,9,3,3,1.0,6049178475,3524 N CASCADE AVE LOT 19,COLO SPGS,38.88294209,-104.8240916,13NP-4,-104.8240916,38.88294209,38.882979,-104.824078,4.3,False,UG10955,UG010955,13NP-4,UG Transformer Bank,MSH-1,38.88296869,-104.8237554,25,UG10956,UG010956,13NP-4,UG Transformer Bank,MSH-2,38.88298383,-104.8247452,25,29.3,56.8,same_feeder_ambiguous
1123909,12261,12263,27585,10,10,2,8,0.8,0.6,1.0,9,3,3,1.0,4943607497,3524 N CASCADE AVE LOT 21,COLO SPGS,38.88288567,-104.8242439,13NP-4,-104.8242439,38.88288567,38.882935,-104.824237,5.5,False,UG10955,UG010955,13NP-4,UG Transformer Bank,MSH-1,38.88296869,-104.8237554,25,UG10956,UG010956,13NP-4,UG Transformer Bank,MSH-2,38.88298383,-104.8247452,25,43.3,44.7,same_feeder_ambiguous
1175221,24784,24745,28291,10,10,1,7,0.7,0.6,1.0,9,3,3,1.0,4002651030,3830 CAMELS VW,COLO SPGS,38.88716133,-104.8669772,13IP-3,-104.8669772,38.88716133,38.887245,-104.86689,12.0,False,PD8904,PD008904,13IP-3,UG Transformer Bank,RKC-133,38.88674124,-104.8666643,50,PD8903,PD008903,13IP-3,UG Transformer Bank,RKC-132,38.88771813,-104.8665307,50,54.0,73.0,same_feeder_ambiguous
1179936,25101,12657,38883,10,10,2,8,0.8,0.6,1.0,9,3,3,1.0,2468405366,2655 ALDER PT,COLO SPGS,38.87917897,-104.8613185,12FT-1,-104.8613185,38.87917897,38.879089,-104.861339,10.2,False,PD15379,PD015379,12FT-1,UG Transformer Bank,RKC-173,38.87954833,-104.861865,25,PD8375,PD008375,12FT-1,UG Transformer Bank,RKC-127,38.87917767,-104.8609726,50,62.6,29.9,same_feeder_ambiguous
1179919,25101,12657,38883,10,10,2,8,0.8,0.6,1.0,9,3,3,1.0,3441114451,2665 ALDER PT,COLO SPGS,38.87914816,-104.8615295,12FT-1,-104.8615295,38.87914816,38.879201,-104.861485,7.0,False,PD15379,PD015379,12FT-1,UG Transformer Bank,RKC-173,38.87954833,-104.861865,25,PD8375,PD008375,12FT-1,UG Transformer Bank,RKC-127,38.87917767,-104.8609726,50,53.1,48.3,same_feeder_ambiguous
1199327,9523,9496,41805,10,10,2,8,0.8,0.6,1.0,9,3,3,1.0,2604072718,5535 CHUKAR TRL,COLO SPGS,38.9128891,-104.7491967,13CW-12,-104.7491967,38.9128891,38.912983,-104.749161,10.9,False,PD2908,PD002908,13CW-12,UG Transformer Bank,RSR-58,38.91269168,-104.7494247,25,PD2388,PD002388,13CW-12,UG Transformer Bank,RSR-59,38.91326141,-104.7492077,25,29.5,41.4,same_feeder_ambiguous
1199601,9523,9496,41805,10,10,2,8,0.8,0.6,1.0,9,3,3,1.0,3935491307,5540 CHUKAR TRL,COLO SPGS,38.91295805,-104.7497353,13CW-12,-104.7497353,38.91295805,38.912959,-104.74975,1.3,False,PD2908,PD002908,13CW-12,UG Transformer Bank,RSR-58,38.91269168,-104.7494247,25,PD2388,PD002388,13CW-12,UG Transformer Bank,RSR-59,38.91326141,-104.7492077,25,40.0,56.8,same_feeder_ambiguous
1286165,375012,4594,49128,10,10,1,7,0.7,0.6,1.0,9,3,3,1.0,9431415521,"42 SOMMERLYN RD, PHONE EQUIP",COLO SPGS,38.80300657,-104.8281109,13SG-2,-104.8281109,38.80300657,38.802972,-104.828101,3.9,False,PD105769,PD105769,13SG-2,UG Transformer Bank,ROTH-1,38.80304623,-104.8278396,25,OH41023,OH041023,13SG-2,OH Transformer Bank,,38.80304938,-104.8266181,50,23.9,129.4,same_feeder_ambiguous
1281999,17014,26609,50115,10,10,2,8,0.8,0.6,1.0,9,3,3,1.0,2188554200,1875 PRESIDENTIAL HTS APT 1125,COLO SPGS,38.80342634,-104.8540591,12SP-34,-104.8540591,38.80342634,38.803502,-104.853499,49.3,False,PD14623,PD014623,12SP-34,UG Transformer Bank,CJCM-3,38.80352294,-104.8540583,50,PD14612,PD014612,12SP-34,UG Transformer Bank,CJCM-9,38.80369953,-104.8527687,75,10.7,115.9,same_feeder_ambiguous
1288860,17014,26609,50115,10,10,2,8,0.8,0.6,1.0,9,3,3,1.0,509986637,1875 PRESIDENTIAL HTS APT 1128,COLO SPGS,38.80337205,-104.8540214,12SP-34,-104.8540214,38.80337205,38.803502,-104.853499,47.5,False,PD14623,PD014623,12SP-34,UG Transformer Bank,CJCM-3,38.80352294,-104.8540583,50,PD14612,PD014612,12SP-34,UG Transformer Bank,CJCM-9,38.80369953,-104.8527687,75,17.1,114.5,same_feeder_ambiguous
1014291,375317,375316,135,6,5,1,4,0.8,0.6,1.0,5,3,3,1.0,800266973,5944 CALLAN DR,COLO SPGS,38.91926765,-104.6591903,12FR-32,-104.6591903,38.91926765,38.919261,-104.65918,1.2,False,PD105973,PD105973,12FR-32,UG Transformer Bank,RBLR-504,38.91838337,-104.659013,25,PD105969,PD105969,12FR-32,UG Transformer Bank,RBLR-505,38.91975231,-104.6585898,50,99.5,74.9,same_feeder_ambiguous
1000779,19840,426,163,5,5,1,4,0.8,0.6,1.0,4,3,3,1.0,5728245912,9620 ESCONDIDO RD,CASCADE,38.91937481,-104.9994012,12GM-2,-104.9994012,38.91937481,38.919016,-104.999391,39.9,False,OH49766,OH049766,12GM-2,OH Transformer Bank,,38.91993801,-105.0004556,15,OH50293,OH050293,12GM-2,OH Transformer Bank,,38.92029205,-104.9987816,25,110.6,115.2,same_feeder_ambiguous
1001153,74844,19767,367,5,5,1,4,0.8,0.6,1.0,4,3,3,1.0,8849161061,"10551 W US HIGHWAY 24, VMS",COLO SPGS,38.93937009,-105.0128272,12GM-4,-105.0128272,38.93937009,38.939,-105.01324,54.5,False,OH49537,OH049537,12GM-4,OH Transformer Bank,,38.93871246,-105.0123098,15,OH49535,OH049535,12GM-4,OH Transformer Bank,,38.93993514,-105.0140898,25,85.7,126.0,same_feeder_ambiguous
1080713,19801,279,411,5,5,1,4,0.8,0.6,1.0,4,3,3,1.0,806452995,11035 HONDO AVE,GN MTN FLS,38.93400814,-105.0243767,12GM-4,-105.0243767,38.93400814,38.933961,-105.023939,38.2,False,OH48979,OH048979,12GM-4,OH Transformer Bank,,38.93436408,-105.0247688,15,OH48983,OH048983,12GM-4,OH Transformer Bank,,38.93433926,-105.0232054,25,52.1,107.8,same_feeder_ambiguous
1001266,19821,19820,417,5,5,1,4,0.8,0.6,1.0,4,3,3,1.0,7845189969,6660 SPRUCE AVE,GN MTN FLS,38.92774074,-105.0113296,12GM-4,-105.0113296,38.92774074,38.92843,-105.012032,97.8,False,OH50162,OH050162,12GM-4,OH Transformer Bank,,38.92821946,-105.0113945,15,OH50160,OH050160,12GM-4,OH Transformer Bank,,38.92849573,-105.0117688,50,53.5,92.1,same_feeder_ambiguous
1013491,290,284,439,5,5,1,4,0.8,0.6,1.0,4,3,3,1.0,3264332489,10785 HONDO AVE,GN MTN FLS,38.93413168,-105.0193155,12GM-4,-105.0193155,38.93413168,38.934132,-105.019403,7.6,False,OH48999,OH048999,12GM-4,OH Transformer Bank,,38.93377009,-105.0194789,25,OH48994,OH048994,12GM-4,OH Transformer Bank,,38.93419743,-105.0200536,25,42.6,64.3,same_feeder_ambiguous
1001409,232,244,469,5,5,1,4,0.8,0.6,1.0,4,3,3,1.0,3507711378,11020 FALLS AVE,GN MTN FLS,38.93673595,-105.0232318,12GM-4,-105.0232318,38.93673595,38.936711,-105.02329,5.7,False,OH49041,OH049041,12GM-4,OH Transformer Bank,,38.93668488,-105.0236538,15,OH49044,OH049044,12GM-4,OH Transformer Bank,,38.93626765,-105.0246172,15,36.9,130.7,same_feeder_ambiguous
1002078,489,490,491,5,5,1,4,0.8,0.6,1.0,4,3,3,1.0,1614293923,8610 CHIPITA PARK RD,CASCADE,38.91223589,-104.9798505,12GM-4,-104.9798505,38.91223589,38.912275,-104.979834,4.6,False,OH46122,OH046122,12GM-4,OH Transformer Bank,,38.91266962,-104.9799735,15,OH46124,OH046124,12GM-4,OH Transformer Bank,,38.9124244,-104.9794691,25,49.4,39.1,same_feeder_ambiguous
1001764,7721,274,649,5,5,1,4,0.8,0.6,1.0,4,3,3,1.0,3935310513,10552 UTE PASS AVE,GN MTN FLS,38.93377266,-105.0145573,12GM-4,-105.0145573,38.93377266,38.933814,-105.014811,22.4,False,PD14593,PD014593,12GM-4,UG Transformer Bank,RGMF-5,38.93381901,-105.0146166,25,OH50107,OH050107,12GM-4,OH Transformer Bank,,38.93462143,-105.014889,50,7.3,98.6,same_feeder_ambiguous
1003697,455,19855,707,5,5,1,4,0.8,0.6,1.0,4,3,3,1.0,5642470627,9025 PICABO RD,CASCADE,38.91638954,-104.9876599,12GM-4,-104.9876599,38.91638954,38.916399,-104.987652,1.3,False,OH50752,OH050752,12GM-4,OH Transformer Bank,,38.91724774,-104.986976,15,OH50741,OH050741,12GM-4,OH Transformer Bank,,38.91555427,-104.9873308,15,112.3,97.1,same_feeder_ambiguous
1001891,268,238,708,5,5,1,4,0.8,0.6,1.0,4,3,3,1.0,8579492574,7060 OAK ST,GN MTN FLS,38.93549677,-105.0151782,12GM-4,-105.0151782,38.93549677,38.935571,-105.015228,9.3,False,OH50097,OH050097,12GM-4,OH Transformer Bank,,38.93518925,-105.0152344,50,OH49082,OH049082,12GM-4,OH Transformer Bank,,38.93650671,-105.0161446,15,34.5,140.0,same_feeder_ambiguous
1011969,542683,462,764,5,5,1,4,0.8,0.6,1.0,4,3,3,1.0,4947889021,8855 W US HIGHWAY 24,CASCADE,38.9178234,-104.9847902,12HY-2,-104.9847902,38.9178234,38.917789,-104.98478,3.9,False,PD111278,PD111278,12HY-2,UG Transformer Bank,CLDC-1,38.91757462,-104.9845725,300,OH50810,OH050810,12HY-2,OH Transformer Bank,,38.91667268,-104.9834847,100,33.5,170.7,same_feeder_ambiguous
1003577,19694,19698,1217,5,5,1,4,0.8,0.6,1.0,4,3,3,1.0,1766438543,8160 PIUTE RD LOT A87,COLO SPGS,38.7140273,-104.828329,12JL-1,-104.828329,38.7140273,38.714061,-104.828327,3.8,False,UG20993,UG020993,12JL-1,UG Transformer Bank,MLM-16,38.71413623,-104.8279678,25,UG15781,UG015781,12JL-1,UG Transformer Bank,MLM-15,38.71390786,-104.8288822,50,33.6,49.8,same_feeder_ambiguous
1099225,16181,26368,1428,5,5,1,4,0.8,0.6,1.0,4,3,3,1.0,611699127,"950 NOLTE DR W, SPKG",COLO SPGS,38.81883508,-104.7371545,13PV-4,-104.7371545,38.81883508,38.818822,-104.737189,3.3,False,PD5516,PD005516,13PV-4,UG Transformer Bank,RTM-6,38.81901132,-104.7375799,25,UG13517,UG013517,13PV-4,UG Transformer Bank,RPPPA-66,38.81775929,-104.7380438,25,41.7,142.3,same_feeder_ambiguous
1009033,24071,24088,1912,5,5,1,4,0.8,0.6,1.0,4,3,3,1.0,5878587770,5021 COPEN DR,COLO SPGS,38.90427282,-104.710597,12ST-4,-104.710597,38.90427282,38.904211,-104.710631,7.5,False,PD15206,PD015206,12ST-4,UG Transformer Bank,RSHR-252,38.9042441,-104.710967,25,PD12647,PD012647,12ST-4,UG Transformer Bank,RSHR-239,38.90395594,-104.7106117,25,32.2,35.3,same_feeder_ambiguous
1010376,24240,10491,2936,5,5,1,4,0.8,0.6,1.0,4,3,3,1.0,5696692990,7150 HILLBECK DR,COLO SPGS,38.9015029,-104.692735,12ST-21,-104.692735,38.9015029,38.901419,-104.69277,9.8,False,PD8144,PD008144,12ST-1,UG Transformer Bank,RSHR-145,38.90157515,-104.6926205,25,PD8147,PD008147,12ST-1,UG Transformer Bank,RSHR-151,38.90119424,-104.6932569,25,12.8,56.7,same_feeder_ambiguous
1011865,376718,376717,3643,5,5,1,4,0.8,0.6,1.0,4,3,3,1.0,6607159690,3241 NAMIB DR,COLO SPGS,38.87885922,-104.6809772,12ST-23,-104.6809772,38.87885922,38.878871,-104.680946,3.0,False,PD106124,PD106124,12ST-23,UG Transformer Bank,RSAND-23,38.8787189,-104.681223,50,PD106123,PD106123,12ST-23,UG Transformer Bank,RSAND-24,38.87839238,-104.6808215,50,26.4,53.6,same_feeder_ambiguous
1057321,343987,343986,3785,5,5,1,4,0.8,0.6,1.0,4,3,3,1.0,3307734961,,,38.93469513,-104.6591314,12FR-32,-104.6591314,38.93469513,38.934686,-104.659082,4.4,False,PD104132,PD104132,12FR-32,UG Transformer Bank,RBLR-320,38.9347977,-104.6587856,50,PD104131,PD104131,12FR-32,UG Transformer Bank,RBLR-319,38.93532955,-104.6583828,50,32.0,95.8,same_feeder_ambiguous
1014137,18644,18679,4581,5,5,1,4,0.8,0.6,1.0,4,3,3,1.0,6658120950,5740 ALTURAS DR,COLO SPGS,38.77576429,-104.7261614,13KE-71,-104.7261614,38.77576429,38.775736,-104.726057,9.6,False,PD7474,PD007474,13KE-71,UG Transformer Bank,VRCVE-101,38.77598511,-104.7264258,25,PD7475,PD007475,13KE-71,UG Transformer Bank,VRCVE-100,38.77535178,-104.7256273,25,33.6,65.2,same_feeder_ambiguous
1014919,15860,15875,4932,5,5,1,4,0.8,0.6,1.0,4,3,3,1.0,1692163156,5150 AIRPORT RD LOT B65,COLO SPGS,38.82554766,-104.7304115,13PV-4,-104.7304115,38.82554766,38.825541,-104.730455,3.8,False,UG12667,UG012667,13PV-4,UG Transformer Bank,MGA-5,38.8256699,-104.7301753,25,UG12672,UG012672,13PV-4,UG Transformer Bank,MGA-4,38.82534104,-104.7301951,25,24.6,29.7,same_feeder_ambiguous
1015253,376521,376522,5056,5,5,1,4,0.8,0.6,1.0,4,3,3,1.0,3514262104,4930 BOWLING GREEN LN,COLO SPGS,38.90245842,-104.7883545,12C-3,-104.7883545,38.90245842,38.902452,-104.788344,1.2,False,PD105998,PD105998,12C-3,UG Transformer Bank,RUB4-28,38.90265369,-104.7885834,50,PD105999,PD105999,12C-3,UG Transformer Bank,RUB4-26,38.90276715,-104.7873734,50,29.4,91.6,same_feeder_ambiguous
1018860,7591,22820,5188,5,5,1,4,0.8,0.6,1.0,4,3,3,1.0,2461594708,5173 PIONEER MESA DR,COLO SPGS,38.93349845,-104.731229,13BG-1,-104.731229,38.93349845,38.933481,-104.73128,4.8,False,PD13889,PD013889,13BG-1,UG Transformer Bank,RWT-67,38.93376332,-104.7308449,25,PD16173,PD016173,13BG-1,UG Transformer Bank,RWT-66,38.93337931,-104.7318227,25,44.4,53.0,same_feeder_ambiguous
1133017,60769,261117,5201,5,5,1,4,0.8,0.6,1.0,4,3,3,1.0,153821832,"6003 PRAIRIE SCHOONER DR, PHONE EQUIPMENT",COLO SPGS,38.93479312,-104.7211092,12BG-24,-104.7211092,38.93479312,38.93477,-104.721236,11.3,False,PD20308,PD020308,12BG-24,UG Transformer Bank,CBP-10,38.93476374,-104.7212187,10,PD101056,PD101056,12BG-24,UG Transformer Bank,RBP-56,38.93423803,-104.7210679,25,10.0,61.8,same_feeder_ambiguous
1020028,8614,8562,5255,5,5,1,4,0.8,0.6,1.0,4,3,3,1.0,5134886335,6042 OAKWOOD BLVD,COLO SPGS,38.92340106,-104.7248279,12AP-1,-104.7248279,38.92340106,38.923382,-104.724728,8.9,False,PD8326,PD008326,12AP-1,UG Transformer Bank,RSDS-94,38.92295309,-104.7244368,25,PD7968,PD007968,12AP-1,UG Transformer Bank,RSDS-95,38.92356762,-104.7246585,25,60.2,23.6,same_feeder_ambiguous
1020701,9107,9177,5354,5,5,1,4,0.8,0.6,1.0,4,3,3,1.0,7870396515,6124 SOARING DR,COLO SPGS,38.91775868,-104.7482826,12AP-3,-104.7482826,38.91775868,38.917794,-104.748272,4.0,False,PD10530,PD010530,12AP-3,UG Transformer Bank,RVM-40,38.91821755,-104.7481037,25,PD10529,PD010529,12AP-3,UG Transformer Bank,RVM-41,38.91774543,-104.7478369,25,53.3,38.6,same_feeder_ambiguous
1020183,114862,114863,5391,5,5,1,4,0.8,0.6,1.0,4,3,3,1.0,2550627609,"5610 CUSHING GRV, IRRIG+LIGHTS",COLO SPGS,38.95680439,-104.7235652,12BG-23,-104.7235652,38.95680439,38.956798,-104.723555,1.1,False,PD21445,PD021445,12BG-23,UG Transformer Bank,RWR-109,38.95703045,-104.7238279,25,PD21446,PD021446,12BG-23,UG Transformer Bank,RWR-110,38.95686254,-104.7233123,10,33.9,22.8,same_feeder_ambiguous
1019997,8788,23263,5480,5,5,1,4,0.8,0.6,1.0,4,3,3,1.0,470601723,3680 POINT OF THE ROCKS DR,COLO SPGS,38.92194563,-104.7598748,12AP-3,-104.7598748,38.92194563,38.921977,-104.759852,4.0,False,PD2339,PD002339,12AP-3,UG Transformer Bank,RN-64,38.92152884,-104.7603957,25,PD2334,PD002334,12AP-3,UG Transformer Bank,RN-63,38.9223747,-104.7596221,25,64.6,52.5,same_feeder_ambiguous
1020629,23541,23527,5634,5,5,1,4,0.8,0.6,1.0,4,3,3,1.0,3753085803,5975 DRIFTER ST,COLO SPGS,38.91806186,-104.7372256,12AP-3,-104.7372256,38.91806186,38.918083,-104.737138,7.9,False,PD10810,PD010810,12AP-3,UG Transformer Bank,RDR-54,38.91792411,-104.7378177,25,PD10811,PD010811,12AP-3,UG Transformer Bank,RDR-55,38.91829888,-104.7376375,15,53.5,44.3,same_feeder_ambiguous
1020624,23527,23541,5643,5,5,1,4,0.8,0.6,1.0,4,3,3,1.0,6433809069,5970 DRIFTER ST,COLO SPGS,38.91818442,-104.7380548,12AP-3,-104.7380548,38.91818442,38.918178,-104.738045,1.1,False,PD10811,PD010811,12AP-3,UG Transformer Bank,RDR-55,38.91829888,-104.7376375,15,PD10810,PD010810,12AP-3,UG Transformer Bank,RDR-54,38.91792411,-104.7378177,25,38.3,35.5,same_feeder_ambiguous
1027254,23496,9059,5645,5,5,1,4,0.8,0.6,1.0,4,3,3,1.0,351273157,4905 SETON PL,COLO SPGS,38.91877614,-104.7389895,12AP-3,-104.7389895,38.91877614,38.918662,-104.739042,13.5,False,PD8993,PD008993,12AP-3,UG Transformer Bank,RDR-32,38.9188552,-104.7387261,25,PD8992,PD008992,12AP-3,UG Transformer Bank,RDR-30,38.91889155,-104.7396969,25,24.4,62.5,same_feeder_ambiguous
1023775,8702,8705,6467,5,5,1,4,0.8,0.6,1.0,4,3,3,1.0,8756656758,6155 DAYLIGHT PT,COLO SPGS,38.92207944,-104.721711,12AP-1,-104.721711,38.92207944,38.922114,-104.721701,3.9,False,PD8694,PD008694,12AP-1,UG Transformer Bank,RSDS-73,38.92194675,-104.7217199,25,PD8693,PD008693,12AP-1,UG Transformer Bank,RSDS-72,38.9216734,-104.7214315,25,14.8,51.2,same_feeder_ambiguous
1024554,24061,10130,6553,5,5,1,4,0.8,0.6,1.0,4,3,3,1.0,1344314031,4801 OLD FARM DR,COLO SPGS,38.90517069,-104.7355963,12AP-4,-104.7355963,38.90517069,38.905161,-104.735533,5.6,False,PD4356,PD004356,12AP-4,UG Transformer Bank,ROF-64,38.90461262,-104.7363424,25,UG6998,UG006998,12AP-4,UG Transformer Bank,ROF-18,38.90523847,-104.7350871,15,89.5,44.7,same_feeder_ambiguous
1026857,23832,23844,7062,5,5,1,4,0.8,0.6,1.0,4,3,3,1.0,28498001,5378 SILO RDG,COLO SPGS,38.90952908,-104.7283975,12AP-4,-104.7283975,38.90952908,38.909629,-104.728368,11.4,False,PD4669,PD004669,12AP-4,UG Transformer Bank,ROF-107,38.90967354,-104.727647,25,PD4038,PD004038,12AP-4,UG Transformer Bank,ROF-106,38.90925291,-104.7284838,25,66.9,31.6,same_feeder_ambiguous
1027660,23184,23213,7228,5,5,1,4,0.8,0.6,1.0,4,3,3,1.0,9764999450,3810 DOLPHIN CIR,COLO SPGS,38.92343866,-104.7551391,12AP-3,-104.7551391,38.92343866,38.923357,-104.755009,14.5,False,UG3015,UG003015,12AP-3,UG Transformer Bank,RNVS-3,38.92376535,-104.7551451,25,PD2768,PD002768,12AP-3,UG Transformer Bank,RNVS-13,38.92323874,-104.7547345,25,36.3,41.5,same_feeder_ambiguous
1030350,343094,343093,8084,5,5,1,4,0.8,0.6,1.0,4,3,3,1.0,2114125140,"9317 WOLF LAKE DR, SPKG",COLO SPGS,38.96708366,-104.7137745,13BG-2,-104.7137745,38.96708366,38.967006,-104.713794,8.8,False,PD103887,PD103887,13BG-2,UG Transformer Bank,RLWR-2,38.96762328,-104.7135443,25,PD103888,PD103888,13BG-2,UG Transformer Bank,RLWR-3,38.96661393,-104.7133985,25,63.2,61.5,same_feeder_ambiguous
1045348,6151,6128,8506,5,5,1,4,0.8,0.6,1.0,4,3,3,1.0,5202595909,8872 KALMAR DR,COLO SPGS,38.95836497,-104.7486595,13BG-3,-104.7486595,38.95836497,38.958393,-104.748648,3.3,False,PD1376,PD001376,13BG-3,UG Transformer Bank,RGV-47,38.95810618,-104.7482763,50,PD959,PD000959,13BG-3,UG Transformer Bank,RGV-46,38.95867406,-104.7483298,25,43.9,44.7,same_feeder_ambiguous
1036299,6297,22246,8516,5,5,1,4,0.8,0.6,1.0,4,3,3,1.0,185304591,4065 THUNDERCLOUD DR,COLO SPGS,38.95459033,-104.7537232,13BG-3,-104.7537232,38.95459033,38.954575,-104.751528,189.8,True,PD1202,PD001202,13BG-3,UG Transformer Bank,VRKP-46,38.9543837,-104.7543856,25,PD1214,PD001214,13BG-3,UG Transformer Bank,VRKP-33,38.95452793,-104.7519415,25,61.7,154.2,same_feeder_ambiguous
1031985,6469,22305,8552,5,5,1,4,0.8,0.6,1.0,4,3,3,1.0,6529506600,8455 CANDLEFLOWER CIR,COLO SPGS,38.95164798,-104.7453038,13BG-3,-104.7453038,38.95164798,38.951677,-104.745293,3.4,False,PD1060,PD001060,13BG-3,UG Transformer Bank,VRM-81,38.95191316,-104.7458539,25,PD1056,PD001056,13BG-3,UG Transformer Bank,VRM-79,38.95120611,-104.7451626,25,56.0,50.6,same_feeder_ambiguous
1133894,9112,9058,9086,5,5,1,4,0.8,0.6,1.0,4,3,3,1.0,6527680000,6070 MACH 1 DR,COLO SPGS,38.91848975,-104.7789792,13CW-2,-104.7789792,38.91848975,38.91903,-104.780008,107.4,True,UG6826,UG006826,13CW-2,UG Transformer Bank,RVW-300,38.91849362,-104.7785612,25,UG6377,UG006377,13CW-2,UG Transformer Bank,RVW-305,38.91897615,-104.7798913,25,36.2,95.7,same_feeder_ambiguous
1063497,172475,172169,9250,5,5,1,4,0.8,0.6,1.0,4,3,3,1.0,4584952019,2373 RAINBOWS END PT,COLO SPGS,39.02522357,-104.7809969,12FH-12,-104.7809969,39.02522357,39.025216,-104.780986,1.3,False,PD16989,PD016989,12FH-12,UG Transformer Bank,RFH632-13,39.02556774,-104.7816321,25,PD16991,PD016991,12FH-12,UG Transformer Bank,RFH632-11,39.02477795,-104.7806646,50,66.9,57.3,same_feeder_ambiguous
1036015,6734,22373,9442,5,5,1,4,0.8,0.6,1.0,4,3,3,1.0,2806359001,8035 CHANCELLOR DR,COLO SPGS,38.94823892,-104.7384297,12BG-21,-104.7384297,38.94823892,38.948274,-104.738419,4.0,False,PD2367,PD002367,12BG-21,UG Transformer Bank,RRF-1,38.94785277,-104.7385574,25,PD2368,PD002368,12BG-21,UG Transformer Bank,VRF-39,38.94872592,-104.738413,25,44.3,54.2,same_feeder_ambiguous
1041327,7859,7872,9592,5,5,1,4,0.8,0.6,1.0,4,3,3,1.0,5307881423,3327 CHESTNUT GLEN LN,COLO SPGS,38.93088454,-104.7648943,13CW-4,-104.7648943,38.93088454,38.930919,-104.764884,3.9,False,PD10361,PD010361,13CW-4,UG Transformer Bank,RCGT-8,38.93110811,-104.7645015,15,PD10360,PD010360,13CW-4,UG Transformer Bank,RCGT-7,38.93092917,-104.7651875,15,42.1,25.8,same_feeder_ambiguous
1040187,71325,71326,10400,5,5,1,4,0.8,0.6,1.0,4,3,3,1.0,1909299035,6217 CALICO PATCH HTS,COLO SPGS,38.92426621,-104.7119535,12ST-21,-104.7119535,38.92426621,38.924258,-104.711943,1.3,False,PD20611,PD020611,12ST-1,UG Transformer Bank,RRV-469,38.92446183,-104.7115004,25,PD20612,PD020612,12ST-1,UG Transformer Bank,RRV-470,38.9244559,-104.7122153,50,44.8,30.9,same_feeder_ambiguous
1045845,69092,53090,10494,5,5,1,4,0.8,0.6,1.0,4,3,3,1.0,1251260921,6557 ALIBI CIR,COLO SPGS,38.92550855,-104.7075624,12ST-21,-104.7075624,38.92550855,38.925502,-104.707552,1.2,False,PD19568,PD019568,12ST-1,UG Transformer Bank,RRV-420,38.92538387,-104.707128,25,PD20191,PD020191,12ST-1,UG Transformer Bank,RRV-334,38.92535231,-104.707839,25,40.1,29.6,same_feeder_ambiguous
1197008,12017,12078,10677,5,5,1,4,0.8,0.6,1.0,4,3,3,1.0,1380879706,3756 SCOTT LN,COLO SPGS,38.8850206,-104.8046928,13NP-1,-104.8046928,38.8850206,38.885014,-104.804682,1.2,False,PD13002,PD013002,13NP-1,UG Transformer Bank,RSVE-11,38.88528872,-104.8049563,50,PD13004,PD013004,13NP-1,UG Transformer Bank,RSVE-9,38.88467877,-104.8042051,25,37.5,56.8,same_feeder_ambiguous
1044709,139202,139203,10741,5,5,1,4,0.8,0.6,1.0,4,3,3,1.0,7165222734,5818 ADAMANTS DR,COLO SPGS,38.96571895,-104.7221054,12BG-23,-104.7221054,38.96571895,38.965712,-104.722095,1.2,False,PD17706,PD017706,12BG-23,UG Transformer Bank,RVWR-49,38.96549103,-104.721927,25,PD17705,PD017705,12BG-23,UG Transformer Bank,RVWR-51,38.96613437,-104.7219734,25,29.7,47.6,same_feeder_ambiguous
1043483,276801,279038,11091,5,5,1,4,0.8,0.6,1.0,4,3,3,1.0,8356925880,6951 DANCING WIND DR,COLO SPGS,38.93174421,-104.6856527,12ST-22,-104.6856527,38.93174421,38.93171,-104.685643,3.9,False,PD101788,PD101788,12ST-22,UG Transformer Bank,RIRN-18,38.93177334,-104.6861476,25,PD101817,PD101817,12ST-22,UG Transformer Bank,RIRN-23,38.93136607,-104.6854077,25,42.9,47.1,same_feeder_ambiguous
1044028,22432,22391,11215,5,5,1,4,0.8,0.6,1.0,4,3,3,1.0,1628274552,7958 VECTRA DR,COLO SPGS,38.94737671,-104.7357323,12BG-21,-104.7357323,38.94737671,38.947412,-104.735722,4.0,False,PD15139,PD015139,12BG-21,UG Transformer Bank,RFS-27,38.94697914,-104.7359516,25,PD7989,PD007989,12BG-21,UG Transformer Bank,RFS-8,38.94767931,-104.7359051,15,48.1,36.8,same_feeder_ambiguous
1044311,110068,110067,11258,5,5,1,4,0.8,0.6,1.0,4,3,3,1.0,1267656591,7055 FLOWERING ALMOND DR,COLO SPGS,38.92732362,-104.6954552,12ST-2,-104.6954552,38.92732362,38.927413,-104.695308,16.2,False,PD17008,PD017008,12ST-2,UG Transformer Bank,RRV26-26,38.92704606,-104.6957402,50,PD17009,PD017009,12ST-2,UG Transformer Bank,RRV26-27,38.92767302,-104.6955498,25,39.5,39.7,same_feeder_ambiguous
1046611,350009,350005,11684,5,5,1,4,0.8,0.6,1.0,4,3,3,1.0,2079292293,6027 GRIFFIN DR,COLO SPGS,38.97277798,-104.723687,12BG-23,-104.723687,38.97277798,38.972794,-104.723684,1.8,False,PD104756,PD104756,12BG-23,UG Transformer Bank,RWRN-19,38.97284872,-104.723095,25,PD104760,PD104760,12BG-23,UG Transformer Bank,RWRN-21,38.97270762,-104.7240559,25,51.8,32.8,same_feeder_ambiguous
1181208,15982,15965,12221,5,5,1,4,0.8,0.6,1.0,4,3,3,1.0,6904087647,3090 ELECTRA DR,COLO SPGS,38.82434206,-104.8782433,12SP-34,-104.8782433,38.82434206,38.824371,-104.878235,3.3,False,PD11207,PD011207,12SP-34,UG Transformer Bank,RSP-95,38.82372156,-104.8778645,50,PD11208,PD011208,12SP-34,UG Transformer Bank,RSP-94,38.82402042,-104.8789758,25,76.4,72.8,same_feeder_ambiguous
1220555,18082,18058,12251,5,5,1,4,0.8,0.6,1.0,4,3,3,1.0,9912968487,890 RED MESA DR,COLO SPGS,38.78703632,-104.811358,13SG-3,-104.811358,38.78703632,38.787121,-104.811294,10.9,False,UG15506,UG015506,13SG-3,UG Transformer Bank,RMJB-28,38.78704955,-104.8107711,25,UG15507,UG015507,13SG-3,UG Transformer Bank,RMJB-21,38.78731306,-104.8114508,25,50.9,31.8,same_feeder_ambiguous
1053442,350252,350253,12546,5,5,1,4,0.8,0.6,1.0,4,3,3,1.0,7745903370,6938 SEDGEROCK LN,COLO SPGS,38.92998921,-104.6562124,12FR-32,-104.6562124,38.92998921,38.929982,-104.656202,1.2,False,PD104913,PD104913,12FR-32,UG Transformer Bank,RBLR-403,38.93034071,-104.6559063,50,PD104840,PD104840,12FR-32,UG Transformer Bank,RBLR-381,38.92981057,-104.655641,25,47.2,53.3,same_feeder_ambiguous
1069219,5838,22054,13347,5,5,1,4,0.8,0.6,1.0,4,3,3,1.0,511066355,9990 THORNYDALE DR,COLO SPGS,38.97711335,-104.7825783,12KC-44,-104.7825783,38.97711335,38.977123,-104.782571,1.2,False,PD8109,PD008109,12KC-44,UG Transformer Bank,RKV-16,38.97708875,-104.7828929,25,PD8110,PD008110,12KC-44,UG Transformer Bank,RKV-17,38.97700241,-104.7821199,25,27.3,41.5,same_feeder_ambiguous
1068354,74524,5787,13478,5,5,1,4,0.8,0.6,1.0,4,3,3,1.0,7538852557,"10267 CLOVERCREST DR, SPKG",COLO SPGS,38.98124696,-104.7688763,12KC-44,-104.7688763,38.98124696,38.981034,-104.768771,25.4,False,PD16774,PD016774,12KC-44,UG Transformer Bank,GSL-760,38.98134583,-104.7691103,10,PD13505,PD013505,12KC-44,UG Transformer Bank,RPC9-13,38.98098651,-104.7691094,25,23.0,35.3,same_feeder_ambiguous
1059061,5714,5718,13487,5,5,1,4,0.8,0.6,1.0,4,3,3,1.0,4972029072,12147 MOUNT BALDY DR,COLO SPGS,39.00728277,-104.796889,12NG-21,-104.796889,39.00728277,39.007222,-104.796891,6.8,False,PD11658,PD011658,12NG-21,UG Transformer Bank,RTNG-19,39.0075039,-104.7967501,25,PD11657,PD011657,12NG-21,UG Transformer Bank,RTNG-18,39.00717813,-104.7973582,15,27.4,42.2,same_feeder_ambiguous
1096902,23113,8491,13610,5,5,1,4,0.8,0.6,1.0,4,3,3,1.0,4475700181,"2805 DUBLIN BLVD, SPKG",COLO SPGS,38.92557924,-104.7740167,13CW-4,-104.7740167,38.92557924,38.925591,-104.774125,9.5,False,PD3697,PD003697,13CW-4,UG Transformer Bank,CDU-11,38.92554947,-104.7739265,75,UG6479,UG006479,13CW-4,UG Transformer Bank,RVW-409,38.9244833,-104.774048,25,8.5,121.9,same_feeder_ambiguous
1059462,17130,26664,13724,5,5,1,4,0.8,0.6,1.0,4,3,3,1.0,1123435525,1037 MOUNT WERNER CIR,COLO SPGS,38.80134617,-104.8133009,13HK-2,-104.8133009,38.80134617,38.801378,-104.813297,3.6,False,PD21892,PD021892,13HK-2,UG Transformer Bank,RPMS-21,38.80170912,-104.8131865,25,UG19203,UG019203,13HK-2,UG Transformer Bank,RPMS-4,38.80127725,-104.812978,25,41.6,29.0,same_feeder_ambiguous
1126398,2467,2530,13781,5,5,1,4,0.8,0.6,1.0,4,3,3,1.0,2886349498,810 E SAN MIGUEL ST,COLO SPGS,38.85192513,-104.8094768,12PL-1,-104.8094768,38.85192513,38.851815,-104.809467,12.3,False,OH12757,OH012757,12PJ-2,OH Transformer Bank,,38.85241896,-104.8094058,25,OH12763,OH012763,12PL-1,OH Transformer Bank,,38.85099776,-104.8094951,75,55.3,103.1,cross_feeder_likely_gis_error
1069145,5853,5860,13947,5,5,1,4,0.8,0.6,1.0,4,3,3,1.0,4176144011,2889 GLEN ARBOR DR,COLO SPGS,38.97461216,-104.7739997,12KC-44,-104.7739997,38.97461216,38.974682,-104.774036,8.4,False,PD15644,PD015644,12KC-44,UG Transformer Bank,RPCGC-32,38.97507572,-104.773713,25,PD15643,PD015643,12KC-44,UG Transformer Bank,RPCGC-30,38.97458868,-104.7744805,25,57.2,41.6,same_feeder_ambiguous
1068658,119660,122861,15065,5,5,1,4,0.8,0.6,1.0,4,3,3,1.0,7710684816,"1901 OAKSTONE WAY, SPKG",COLO SPGS,39.03173509,-104.7901561,12FH-14,-104.7901561,39.03173509,39.03173,-104.790243,7.5,False,PD19656,PD019656,12FH-14,UG Transformer Bank,RFH9-20,39.03183443,-104.78972,25,PD21467,PD021467,12FH-14,UG Transformer Bank,RFH9-38,39.03271898,-104.7900885,25,39.3,109.6,same_feeder_ambiguous
1067786,171836,171835,15148,5,5,1,4,0.8,0.6,1.0,4,3,3,1.0,4270263752,262 COYOTE WILLOW DR,COLO SPGS,39.02935934,-104.8129141,12FH-14,-104.8129141,39.02935934,39.029353,-104.812904,1.1,False,PD16968,PD016968,12FH-14,UG Transformer Bank,RNE-6,39.02958306,-104.8132812,50,PD16969,PD016969,12FH-14,UG Transformer Bank,RNE-7,39.02955308,-104.8125701,25,40.3,36.7,same_feeder_ambiguous
1068869,265919,265920,15183,5,5,1,4,0.8,0.6,1.0,4,3,3,1.0,8623493865,13631 STONY HILL PT,COLO SPGS,39.02881295,-104.7886425,12FH-12,-104.7886425,39.02881295,39.028806,-104.788632,1.2,False,PD101376,PD101376,12FH-12,UG Transformer Bank,RFH632-38,39.02929903,-104.7892105,25,PD101375,PD101375,12FH-12,UG Transformer Bank,RFH632-37,39.02840504,-104.7888505,25,73.0,48.8,same_feeder_ambiguous
1070106,199042,199043,15398,5,5,1,4,0.8,0.6,1.0,4,3,3,1.0,3738466095,4267 PERRYVILLE PT,COLO SPGS,38.76938343,-104.7422615,13KE-71,-104.7422615,38.76938343,38.769377,-104.742251,1.2,False,PD22279,PD022279,13KE-71,UG Transformer Bank,RBRA-93,38.76901182,-104.742175,25,PD22278,PD022278,13KE-71,UG Transformer Bank,RBRA-94,38.76993116,-104.74235,50,42.0,61.4,same_feeder_ambiguous
1067506,114868,114867,15401,5,5,1,4,0.8,0.6,1.0,4,3,3,1.0,8089306792,934 COYOTE WILLOW DR,COLO SPGS,39.03408771,-104.8105499,12FH-14,-104.8105499,39.03408771,39.03421,-104.810497,14.3,False,PD17241,PD017241,12FH-14,UG Transformer Bank,RNGH-59,39.03358684,-104.8106553,25,PD17242,PD017242,12FH-14,UG Transformer Bank,RNGH-60,39.03397211,-104.8111146,25,56.4,50.4,same_feeder_ambiguous
1068100,5773,5772,15551,5,5,1,4,0.8,0.6,1.0,4,3,3,1.0,4767825900,2735 STONE CREEK RD,COLO SPGS,38.98200531,-104.7794857,12KC-42,-104.7794857,38.98200531,38.982015,-104.779478,1.3,False,PD8522,PD008522,12KC-42,UG Transformer Bank,RCE-21,38.98214171,-104.7801275,25,PD8523,PD008523,12KC-42,UG Transformer Bank,RCE-41,38.9822713,-104.7791781,25,57.5,39.8,same_feeder_ambiguous
1127174,39015,39011,15646,5,5,1,4,0.8,0.6,1.0,4,3,3,1.0,4725914802,"3204 SILVER PINE TRL, SPKG",COLO SPGS,38.98159158,-104.7687003,12KC-44,-104.7687003,38.98159158,38.981999,-104.768544,47.3,False,PD19745,PD019745,12KC-44,UG Transformer Bank,RPC28-7,38.98178806,-104.7681456,50,PD19746,PD019746,12KC-44,UG Transformer Bank,RPC28-6,38.98168337,-104.7674817,25,52.7,105.8,same_feeder_ambiguous
1069762,119024,119025,15930,5,5,1,4,0.8,0.6,1.0,4,3,3,1.0,415760939,1915 BRIDLE OAKS LN,COLO SPGS,39.0151085,-104.7964496,12NG-21,-104.7964496,39.0151085,39.015101,-104.796439,1.2,False,PD21878,PD021878,12NG-21,UG Transformer Bank,RSCMC-22,39.01569249,-104.7965659,25,PD21877,PD021877,12NG-21,UG Transformer Bank,RSCMC-21,39.01475862,-104.797038,25,65.7,64.0,same_feeder_ambiguous
1127860,5271,5301,15984,5,5,1,4,0.8,0.6,1.0,4,3,3,1.0,1587548184,"312 LETA DR, GARAGE",COLO SPGS,38.76317637,-104.745475,12BY-34,-104.745475,38.76317637,38.763161,-104.745429,4.3,False,OH21203,OH021203,12BY-34,OH Transformer Bank,,38.76368663,-104.7451432,25,OH21240,OH021240,12BY-34,OH Transformer Bank,,38.76236525,-104.7460399,25,63.6,102.6,same_feeder_ambiguous
1187034,259527,330875,16783,5,5,1,4,0.8,0.6,1.0,4,3,3,1.0,3978458162,"915 N NEVADA AVE, RESTROOMS",COLO SPGS,38.84716701,-104.8204417,13Y-2,-104.8204417,38.84716701,38.847003,-104.820585,22.1,False,PD100928,PD100928,13Y-2,UG Transformer Bank,CCSCC-1,38.84661447,-104.8203816,45,PD103340,PD103340,13Y-2,UG Transformer Bank,SCCEC-5,38.84773766,-104.8203962,50,61.7,63.6,same_feeder_ambiguous
1073248,349965,332797,16901,5,5,1,4,0.8,0.6,1.0,4,3,3,1.0,1325682490,,,38.82981466,-104.8494694,13FV-2,-104.8494694,38.82981466,38.829737,-104.849677,19.9,False,PD104749,PD104749,13FV-2,UG Transformer Bank,RGHM-105,38.83003608,-104.8496101,50,PD103521,PD103521,13FV-2,UG Transformer Bank,RGHM-92,38.82931901,-104.8510357,50,27.5,146.4,same_feeder_ambiguous
1125556,2484,370319,16930,5,5,1,4,0.8,0.6,1.0,4,3,3,1.0,591401937,1328 N CHESTNUT ST,COLO SPGS,38.8527295,-104.8360273,12FT-4,-104.8360273,38.8527295,38.852723,-104.836017,1.1,False,OH24913,OH024913,12FT-4,OH Transformer Bank,,38.85229599,-104.8356206,25,PD105816,PD105816,12FT-4,UG Transformer Bank,RCR-12,38.85314423,-104.835882,25,59.7,47.8,same_feeder_ambiguous
1073590,9342,9383,17075,5,5,1,4,0.8,0.6,1.0,4,3,3,1.0,3429015661,"2610 CHUCKWAGON RD, CELLSITE",COLO SPGS,38.91573414,-104.875749,13IP-3,-104.875749,38.91573414,38.915682,-104.875844,10.1,False,PD10374,PD010374,13IP-3,UG Transformer Bank,GSL-291,38.9160555,-104.875798,25,PD14713,PD014713,13IP-3,UG Transformer Bank,CTHH-2,38.91564035,-104.8762094,25,36.0,41.2,same_feeder_ambiguous
1221426,24491,11091,17097,5,5,1,4,0.8,0.6,1.0,4,3,3,1.0,5514745731,4348 HOPEFUL WAY,COLO SPGS,38.89554804,-104.7477207,13RI-9,-104.7477207,38.89554804,38.895577,-104.747707,3.4,False,UG8804,UG008804,13RI-9,UG Transformer Bank,RDV-3,38.89572411,-104.7472709,15,UG8805,UG008805,13RI-9,UG Transformer Bank,RDV-2,38.89530588,-104.7475952,15,43.6,29.0,same_feeder_ambiguous
1079122,18742,18766,17748,5,5,1,4,0.8,0.6,1.0,4,3,3,1.0,2138588144,3930 REMPLE CT,COLO SPGS,38.77409603,-104.7354809,13KE-71,-104.7354809,38.77409603,38.774042,-104.73546,6.3,False,PD7850,PD007850,13KE-71,UG Transformer Bank,VRCVE-3,38.77433201,-104.7351868,25,PD7808,PD007808,13KE-71,UG Transformer Bank,VRCVE-4,38.77394539,-104.7351501,25,36.6,33.2,same_feeder_ambiguous
1077972,19294,19289,18044,5,5,1,4,0.8,0.6,1.0,4,3,3,1.0,1860179806,4702 SEBRING DR,COLO SPGS,38.76536952,-104.7254355,13KE-71,-104.7254355,38.76536952,38.765389,-104.725513,7.1,False,PD13702,PD013702,13KE-71,UG Transformer Bank,RWMMS-46,38.76537278,-104.7258406,25,PD13705,PD013705,13KE-71,UG Transformer Bank,RWMMS-42,38.76555147,-104.7249289,25,35.1,48.4,same_feeder_ambiguous
1077500,18273,27119,18104,5,5,1,4,0.8,0.6,1.0,4,3,3,1.0,4658023674,3395 KIRKWOOD DR,COLO SPGS,38.78290141,-104.7392708,13KE-73,-104.7392708,38.78290141,38.782925,-104.739254,3.0,False,PD7457,PD007457,13KE-73,UG Transformer Bank,RPST-10,38.78328767,-104.7396036,25,PD7455,PD007455,13KE-73,UG Transformer Bank,RPST-11,38.78272268,-104.739587,25,51.7,33.9,same_feeder_ambiguous
1083587,26149,15607,18302,5,5,1,4,0.8,0.6,1.0,4,3,3,1.0,5498494156,4122 CHANNING PL,COLO SPGS,38.83028254,-104.7493984,12PV-2,-104.7493984,38.83028254,38.830317,-104.749388,3.9,False,UG12567,UG012567,12PV-2,UG Transformer Bank,RES-14,38.82972176,-104.749452,25,UG12022,UG012022,12PV-2,UG Transformer Bank,RES-8,38.83070292,-104.7495737,25,62.5,49.1,same_feeder_ambiguous
1081628,18817,18782,18327,5,5,1,4,0.8,0.6,1.0,4,3,3,1.0,8458315344,4015 SINNES LN,COLO SPGS,38.77346693,-104.7326564,13KE-71,-104.7326564,38.77346693,38.773497,-104.732649,3.4,False,PD7856,PD007856,13KE-71,UG Transformer Bank,VRCVE-13,38.77317498,-104.7328334,25,PD7855,PD007855,13KE-71,UG Transformer Bank,VRCVE-12,38.77363674,-104.7330052,25,35.9,35.6,same_feeder_ambiguous
1080225,95968,95969,18710,5,5,1,4,0.8,0.6,1.0,4,3,3,1.0,3106177390,"753 BOSQUE VISTA PT, LIGHTS",COLO SPGS,38.82228513,-104.7492883,12PV-2,-104.7492883,38.82228513,38.821984,-104.749341,33.8,False,PD21180,PD021180,12PV-2,UG Transformer Bank,CCIMA-11,38.82221529,-104.7492626,25,PD21145,PD021145,12PV-2,UG Transformer Bank,CCIMA-10,38.82232421,-104.749134,25,8.1,14.1,same_feeder_ambiguous
1080908,13900,13907,18877,5,5,1,4,0.8,0.6,1.0,4,3,3,1.0,3574054310,6611 PAHOKEE CT APT B,COLO SPGS,38.85799079,-104.7049656,12CL-13,-104.7049656,38.85799079,38.857991,-104.704994,2.5,False,UG4864,UG004864,12CL-13,UG Transformer Bank,RW-66,38.85851834,-104.7048338,37.5,UG4863,UG004863,12CL-13,UG Transformer Bank,RW-67,38.85831227,-104.7043152,37.5,59.8,66.7,same_feeder_ambiguous
1082040,15780,15756,19060,5,5,1,4,0.8,0.6,1.0,4,3,3,1.0,8305535276,5150 AIRPORT RD LOT E190,COLO SPGS,38.82717775,-104.7329152,13PV-4,-104.7329152,38.82717775,38.827194,-104.732823,8.2,False,UG12698,UG012698,13PV-4,UG Transformer Bank,MGA-31,38.82704839,-104.7325683,25,UG12699,UG012699,13PV-4,UG Transformer Bank,MGA-32,38.8273691,-104.7325411,25,33.3,38.8,same_feeder_ambiguous
1083901,26283,26275,19068,5,5,1,4,0.8,0.6,1.0,4,3,3,1.0,4245675285,636 GREENSCAPE LN,COLO SPGS,38.82319372,-104.7423072,13PV-4,-104.7423072,38.82319372,38.823229,-104.742297,4.0,False,PD10657,PD010657,13PV-4,UG Transformer Bank,RVSC-37,38.82261678,-104.7423018,25,PD10654,PD010654,13PV-4,UG Transformer Bank,RVSC-36,38.82347206,-104.7420176,15,64.2,39.8,same_feeder_ambiguous
1188408,18970,18956,19101,5,5,1,4,0.8,0.6,1.0,4,3,3,1.0,4373133478,4125 LITTLE CROWN LN,COLO SPGS,38.77117128,-104.8144067,12JL-1,-104.8144067,38.77117128,38.771159,-104.814398,1.6,False,PD12606,PD012606,12JL-1,UG Transformer Bank,RCCV-10,38.77115144,-104.8145099,25,PD12605,PD012605,12JL-1,UG Transformer Bank,RCCV-9,38.77146428,-104.8144246,25,9.2,32.6,same_feeder_ambiguous
1082395,33247,33246,19288,5,5,1,4,0.8,0.6,1.0,4,3,3,1.0,4745987596,"307 ELLERS GRV, GARAGES",COLO SPGS,38.82719127,-104.7343656,13PV-4,-104.7343656,38.82719127,38.82723,-104.734225,12.9,False,PD19798,PD019798,13PV-4,UG Transformer Bank,CSCCC-12,38.82736651,-104.7345234,50,PD19797,PD019797,13PV-4,UG Transformer Bank,CSCCC-13,38.82759284,-104.7348129,50,23.8,59.1,same_feeder_ambiguous
1082537,14178,14179,19332,5,5,1,4,0.8,0.6,1.0,4,3,3,1.0,3092989576,6745 OMAHA BLVD,COLO SPGS,38.85377604,-104.7024734,12CL-13,-104.7024734,38.85377604,38.853804,-104.70246,3.3,False,UG5146,UG005146,12CL-13,UG Transformer Bank,RW-28,38.85352988,-104.703124,15,UG19049,UG019049,12CL-13,UG Transformer Bank,RW-27,38.85361676,-104.7018048,25,62.6,60.5,same_feeder_ambiguous
1089530,14293,14294,19593,5,5,1,4,0.8,0.6,1.0,4,3,3,1.0,3109988744,6740 CHIPPEWA RD,COLO SPGS,38.8519686,-104.701916,12PF-5,-104.701916,38.8519686,38.85199,-104.701906,2.5,False,PD2626,PD002626,12PF-5,UG Transformer Bank,RCN-127,38.85187575,-104.7007768,25,PD2627,PD002627,12PF-5,UG Transformer Bank,RCN-126,38.85187738,-104.7022757,25,99.2,32.8,same_feeder_ambiguous
1090350,14454,14544,20045,5,5,1,4,0.8,0.6,1.0,4,3,3,1.0,1836338095,1226 CHIRICAHUA DR,COLO SPGS,38.84960462,-104.7013321,12CL-13,-104.7013321,38.84960462,38.849635,-104.701319,3.6,False,UG5634,UG005634,12CL-13,UG Transformer Bank,RCN-68,38.85012493,-104.7012452,25,UG5638,UG005638,12CL-13,UG Transformer Bank,RCN-59,38.84928942,-104.7015526,25,58.3,39.9,same_feeder_ambiguous
1088365,14347,14407,20063,5,5,1,4,0.8,0.6,1.0,4,3,3,1.0,4033042553,1339 HATHAWAY DR,COLO SPGS,38.85090113,-104.7066507,12PF-5,-104.7066507,38.85090113,38.850931,-104.706641,3.4,False,UG5622,UG005622,12PF-5,UG Transformer Bank,RCN-112,38.85143554,-104.7062345,25,UG5624,UG005624,12PF-5,UG Transformer Bank,RCN-109,38.85070529,-104.7061254,25,69.5,50.4,same_feeder_ambiguous
1089156,14527,31349,20280,5,5,1,4,0.8,0.6,1.0,4,3,3,1.0,1712764296,"1180 CREE DR, SPKG",COLO SPGS,38.8494117,-104.704196,12PF-5,-104.704196,38.8494117,38.849467,-104.70437,16.3,False,PD21710,PD021710,12PF-5,UG Transformer Bank,AGT-5,38.84950352,-104.7038465,25,PD19991,PD019991,12PF-5,UG Transformer Bank,AGT-18,38.84942868,-104.7045742,25,31.9,32.8,same_feeder_ambiguous
1188254,19566,27437,20448,5,5,1,4,0.8,0.6,1.0,4,3,3,1.0,2826865202,50 MAHOGANY LN,COLO SPGS,38.75661682,-104.8308491,12JL-2,-104.8308491,38.75661682,38.756634,-104.830848,1.9,False,PD11908,PD011908,12JL-2,UG Transformer Bank,RMO-4,38.75620807,-104.8309578,50,PD11907,PD011907,12JL-2,UG Transformer Bank,RMO-3,38.75650817,-104.830481,25,46.4,34.1,same_feeder_ambiguous
1130672,14720,14803,20465,5,5,1,4,0.8,0.6,1.0,4,3,3,1.0,8045636125,"1050 WESTERN DR, PHONE EQUIP",COLO SPGS,38.84686165,-104.7016625,12CL-13,-104.7016625,38.84686165,38.846895,-104.701658,3.7,False,UG5613,UG005613,12CL-13,UG Transformer Bank,RCN-52,38.8472856,-104.7017786,25,PD2618,PD002618,12CL-13,UG Transformer Bank,RCSQ-3,38.84635555,-104.7010959,25,48.2,74.7,same_feeder_ambiguous
1116667,13106,13160,20683,5,5,1,4,0.8,0.6,1.0,4,3,3,1.0,823398217,2830 ENCHANTED CIR W,COLO SPGS,38.87231846,-104.7391236,13PR-3,-104.7391236,38.87231846,38.872312,-104.739114,1.1,False,UG8503,UG008503,13PR-3,UG Transformer Bank,RT-4,38.87284357,-104.7392764,25,UG10061,UG010061,12PR-2,UG Transformer Bank,RVL-45,38.8720893,-104.7385681,15,59.9,54.4,cross_feeder_likely_gis_error
1113708,14126,14091,20784,5,5,1,4,0.8,0.6,1.0,4,3,3,1.0,2144469834,1530 KENLAND CT,COLO SPGS,38.85505538,-104.7307259,13RI-11,-104.7307259,38.85505538,38.855051,-104.730692,3.0,False,UG4766,UG004766,13RI-11,UG Transformer Bank,RRH4-1,38.85483151,-104.7308801,25,UG4767,UG004767,13RI-11,UG Transformer Bank,RRH4-2,38.85523333,-104.7308879,25,28.2,24.3,same_feeder_ambiguous
1091970,19624,19627,21216,5,5,1,4,0.8,0.6,1.0,4,3,3,1.0,6454779537,30 LAMBRIG WAY,COLO SPGS,38.75079162,-104.8318162,12JL-2,-104.8318162,38.75079162,38.750716,-104.83182,8.4,False,PD13644,PD013644,12JL-2,UG Transformer Bank,RGOB-13,38.75107833,-104.8314918,25,PD12445,PD012445,12JL-2,UG Transformer Bank,RGOB-12,38.75056232,-104.8321471,50,42.5,38.4,same_feeder_ambiguous
1111576,25411,25420,21343,5,5,1,4,0.8,0.6,1.0,4,3,3,1.0,4479486937,4055 MAIZELAND RD,COLO SPGS,38.86835284,-104.7524597,13RI-9,-104.7524597,38.86835284,38.868363,-104.752452,1.3,False,UG9094,UG009094,13RI-9,UG Transformer Bank,RMM-6,38.86873276,-104.7519548,15,UG9089,UG009089,13RI-9,UG Transformer Bank,RMM-5,38.8680838,-104.7522169,15,60.8,36.6,same_feeder_ambiguous
1092367,26925,26923,21381,5,5,1,4,0.8,0.6,1.0,4,3,3,1.0,6302120472,2915 WYATT ST,COLO SPGS,38.79015334,-104.749588,13KE-64,-104.749588,38.79015334,38.790128,-104.749048,46.9,False,UG13872,UG013872,13KE-64,UG Transformer Bank,RSB-85,38.79023853,-104.749694,15,UG13560,UG013560,13KE-64,UG Transformer Bank,RSB-86,38.79028194,-104.7487538,25,13.2,73.7,same_feeder_ambiguous
1145231,15950,15976,21577,5,5,1,4,0.8,0.6,1.0,4,3,3,1.0,8989389316,"404 VALLEY HI CIR, GARAGE",COLO SPGS,38.82340673,-104.7666223,12EG-2,-104.7666223,38.82340673,38.823375,-104.76663,3.6,False,UG12194,UG012194,12EG-2,UG Transformer Bank,ALS-5,38.82363478,-104.7666371,15,UG12195,UG012195,12EG-2,UG Transformer Bank,ALS-4,38.82319745,-104.766283,15,25.4,37.5,same_feeder_ambiguous
1100118,17509,17486,21738,5,5,1,4,0.8,0.6,1.0,4,3,3,1.0,4873053000,4229 MORLEY DR,COLO SPGS,38.79550084,-104.7491606,13KE-73,-104.7491606,38.79550084,38.795437,-104.749152,7.1,False,UG15084,UG015084,13KE-73,UG Transformer Bank,RPPP-76,38.79553988,-104.7486518,25,UG20415,UG020415,13KE-73,UG Transformer Bank,RSB-27,38.79557778,-104.7490523,25,44.3,12.7,same_feeder_ambiguous
1094164,18174,18290,21914,5,5,1,4,0.8,0.6,1.0,4,3,3,1.0,2041815419,4072 COLONY HILLS CIR,COLO SPGS,38.7849378,-104.7530866,13KE-73,-104.7530866,38.7849378,38.782962,-104.75196,240.4,True,UG14575,UG014575,13KE-73,UG Transformer Bank,RCHS-13,38.78484281,-104.7536459,25,UG14570,UG014570,13KE-73,UG Transformer Bank,RCHS-17,38.7832291,-104.7518682,15,49.6,217.4,same_feeder_ambiguous
1094718,26718,26709,22073,5,5,1,4,0.8,0.6,1.0,4,3,3,1.0,1111801440,4825 ASTROZON BLVD LOT D278,COLO SPGS,38.79795608,-104.7336873,13KE-64,-104.7336873,38.79795608,38.798088,-104.733581,17.3,False,UG14857,UG014857,13KE-64,UG Transformer Bank,MWM-31,38.79795604,-104.7337998,25,UG14855,UG014855,13KE-64,UG Transformer Bank,MWM-30,38.79832334,-104.7336149,25,9.7,41.3,same_feeder_ambiguous
1095731,190079,19285,22354,5,5,1,4,0.8,0.6,1.0,4,3,3,1.0,7866748059,4547 PALISADES PARK VW UNIT A,COLO SPGS,38.76637774,-104.8167897,12JL-1,-104.8167897,38.76637774,38.766371,-104.816779,1.2,False,PD22361,PD022361,12JL-1,UG Transformer Bank,CPP-20,38.76635156,-104.8167513,300,PD14018,PD014018,12JL-1,UG Transformer Bank,RBMP-16,38.76616592,-104.8184842,25,4.4,148.8,same_feeder_ambiguous
1096912,18556,18570,22655,5,5,1,4,0.8,0.6,1.0,4,3,3,1.0,3874487920,610 SAN GABRIEL PL,COLO SPGS,38.77806192,-104.8160585,13SG-3,-104.8160585,38.77806192,38.778097,-104.816046,4.0,False,PD11391,PD011391,13SG-3,UG Transformer Bank,RGT-41,38.77816459,-104.8155376,25,PD11392,PD011392,13SG-3,UG Transformer Bank,RGT-40,38.7778911,-104.8155737,25,46.6,46.1,same_feeder_ambiguous
1232554,,535484,22688,7,5,0,3,0.6,0.6,1.0,6,3,3,1.0,2369805418,9352 BRODHEAD ST,COLO SPGS,38.91604942,-104.6548538,12FR-32,-104.6548538,38.91604942,38.916013,-104.65484,4.2,False,,,,,,,,,PD110946,PD110946,12FR-32,UG Transformer Bank,RBLR55-5,38.91615064,-104.6548495,25,,11.3,new_assignment
1097125,,535484,22688,7,5,0,3,0.6,0.6,1.0,6,3,3,1.0,7569807614,9302 BRODHEAD ST,COLO SPGS,38.91593215,-104.6553129,12FR-32,-104.6553129,38.91593215,38.915903,-104.655306,3.3,False,,,,,,,,,PD110946,PD110946,12FR-32,UG Transformer Bank,RBLR55-5,38.91615064,-104.6548495,25,,46.9,new_assignment
1113662,26727,26713,23045,5,5,1,4,0.8,0.6,1.0,4,3,3,1.0,1037574869,4825 ASTROZON BLVD LOT E288,COLO SPGS,38.7978468,-104.7327235,13KE-64,-104.7327235,38.7978468,38.797795,-104.73279,8.1,False,UG13028,UG013028,13KE-64,UG Transformer Bank,MWM-43,38.7975161,-104.733103,25,UG14854,UG014854,13KE-64,UG Transformer Bank,MWM-42,38.79811792,-104.7327063,25,49.3,30.2,same_feeder_ambiguous
1106095,17328,26724,23147,5,5,1,4,0.8,0.6,1.0,4,3,3,1.0,1347445442,4825 ASTROZON BLVD LOT A95,COLO SPGS,38.79771461,-104.7397082,13KE-64,-104.7397082,38.79771461,38.797655,-104.740153,39.1,False,UG15321,UG015321,13KE-64,UG Transformer Bank,MWM-13,38.79791789,-104.739374,25,UG15322,UG015322,13KE-64,UG Transformer Bank,MWM-1,38.7975587,-104.7404867,25,36.7,69.7,same_feeder_ambiguous
1110681,16993,245115,23854,5,5,1,4,0.8,0.6,1.0,4,3,3,1.0,8225501336,1970 SARATOGA DR,COLO SPGS,38.80385202,-104.7759447,13KE-72,-104.7759447,38.80385202,38.803839,-104.77591,3.3,False,UG10451,UG010451,13KE-72,UG Transformer Bank,RPPP-35,38.80391597,-104.7764138,15,UG27990,UG027990,13KE-72,UG Transformer Bank,RPPP-31,38.80361614,-104.7761606,15,41.3,32.2,same_feeder_ambiguous
1106382,16644,16637,23901,5,5,1,4,0.8,0.6,1.0,4,3,3,1.0,8058501732,3518 VERDE DR,COLO SPGS,38.81086201,-104.7636253,13KE-63,-104.7636253,38.81086201,38.81089,-104.763618,3.2,False,UG12805,UG012805,13KE-63,UG Transformer Bank,RPPP-73,38.81095234,-104.7645047,25,UG12806,UG012806,13KE-63,UG Transformer Bank,RPPP-74,38.81110938,-104.763073,25,76.9,55.2,same_feeder_ambiguous
1103840,26364,16171,23989,5,5,1,4,0.8,0.6,1.0,4,3,3,1.0,8535312856,"3435 EARLY SUN DR, REMOTE",COLO SPGS,38.81862576,-104.7631013,13KE-62,-104.7631013,38.81862576,38.819134,-104.763093,56.5,False,PD16112,PD016112,13KE-62,UG Transformer Bank,GSL-504,38.81844767,-104.7632525,25,PD6131,PD006131,13KE-62,UG Transformer Bank,VRSUN-18,38.81924658,-104.7630259,25,23.7,69.3,same_feeder_ambiguous
1105037,17346,17347,24308,5,5,1,4,0.8,0.6,1.0,4,3,3,1.0,1431580242,3655 EL MORRO RD LOT 68,COLO SPGS,38.79790309,-104.7608942,13KE-63,-104.7608942,38.79790309,38.797969,-104.760876,7.5,False,UG13156,UG013156,13KE-63,UG Transformer Bank,MPPV-18,38.7977725,-104.7611525,25,UG13155,UG013155,13KE-63,UG Transformer Bank,MPPV-17,38.7977552,-104.7606818,25,26.7,24.7,same_feeder_ambiguous
1108909,17298,17250,24314,5,5,1,4,0.8,0.6,1.0,4,3,3,1.0,5196706991,3655 EL MORRO RD LOT 104,COLO SPGS,38.79882904,-104.7609206,13KE-63,-104.7609206,38.79882904,38.798822,-104.760885,3.2,False,UG13153,UG013153,13KE-63,UG Transformer Bank,MPPV-15,38.79847122,-104.7607201,25,UG13159,UG013159,13KE-63,UG Transformer Bank,MPPV-14,38.79917097,-104.7607196,25,43.4,41.8,same_feeder_ambiguous
1171455,1168,84778,24705,5,5,1,4,0.8,0.6,1.0,4,3,3,1.0,9817194477,3111 N EL PASO ST,COLO SPGS,38.87710557,-104.812459,13NP-3,-104.812459,38.87710557,38.87713,-104.812447,2.9,False,OH4736,OH004736,13NP-3,OH Transformer Bank,,38.87655137,-104.8126469,15,OH4747,OH004747,13NP-3,OH Transformer Bank,,38.87570731,-104.8126666,50,63.7,156.5,same_feeder_ambiguous
1108975,17298,17266,24801,5,5,1,4,0.8,0.6,1.0,4,3,3,1.0,1068246488,3655 EL MORRO RD LOT 99,COLO SPGS,38.79848843,-104.7604641,13KE-63,-104.7604641,38.79848843,38.798755,-104.760323,32.1,False,UG13153,UG013153,13KE-63,UG Transformer Bank,MPPV-15,38.79847122,-104.7607201,25,UG13164,UG013164,13KE-63,UG Transformer Bank,MPPV-12,38.79888874,-104.7599516,25,22.3,62.9,same_feeder_ambiguous
1108995,5095,18812,24820,5,5,1,4,0.8,0.6,1.0,4,3,3,1.0,2635271729,3990 S US HIGHWAY 85-87 LOT 35,COLO SPGS,38.77341707,-104.7677011,12BY-33,-104.7677011,38.77341707,38.773448,-104.767683,3.8,False,OH21463,OH021463,12BY-33,OH Transformer Bank,,38.77356486,-104.7677373,45,UG14989,UG014989,12BY-33,UG Transformer Bank,MEC-1,38.77340939,-104.7681311,50,16.7,37.3,same_feeder_ambiguous
1109874,18695,27199,25013,5,5,1,4,0.8,0.6,1.0,4,3,3,1.0,3765220856,2595 WOODDALE RD LOT 22,COLO SPGS,38.77515682,-104.7800882,12BY-31,-104.7800882,38.77515682,38.77521,-104.779983,10.9,False,UG10379,UG010379,12BY-31,UG Transformer Bank,MSMP-7,38.77540385,-104.7802935,15,UG10378,UG010378,12BY-31,UG Transformer Bank,MSMP-8,38.77506397,-104.7796781,25,32.7,37.0,same_feeder_ambiguous
1110546,17427,17425,25160,5,5,1,4,0.8,0.6,1.0,4,3,3,1.0,1835217744,4825 ASTROZON BLVD LOT C239,COLO SPGS,38.79638924,-104.735407,13KE-64,-104.735407,38.79638924,38.796348,-104.735516,10.5,False,UG13033,UG013033,13KE-64,UG Transformer Bank,MWM-38,38.7964518,-104.7349478,25,UG12998,UG012998,13KE-64,UG Transformer Bank,MWM-37,38.79642415,-104.7357372,25,40.4,28.9,same_feeder_ambiguous
1113620,27029,27030,25188,5,5,1,4,0.8,0.6,1.0,4,3,3,1.0,4434397007,3280 S ACADEMY BLVD LOT 13,COLO SPGS,38.78633426,-104.7594083,13KE-73,-104.7594083,38.78633426,38.786364,-104.759379,4.2,False,UG14956,UG014956,13KE-73,UG Transformer Bank,MLL-29,38.78641779,-104.758833,15,UG14961,UG014961,13KE-73,UG Transformer Bank,MLL-28,38.78638151,-104.7595653,25,50.7,14.6,same_feeder_ambiguous
1111930,18954,18915,25443,5,5,1,4,0.8,0.6,1.0,4,3,3,1.0,6447544055,3115 GLENARM RD LOT 19,COLO SPGS,38.77170036,-104.7673055,12BY-33,-104.7673055,38.77170036,38.771728,-104.767314,3.2,False,UG14998,UG014998,12BY-33,UG Transformer Bank,MGM-3,38.77118889,-104.7669108,15,UG14996,UG014996,12BY-33,UG Transformer Bank,MGM-4,38.77178774,-104.7675657,25,66.4,24.6,same_feeder_ambiguous
1112294,13442,13432,25535,5,5,1,4,0.8,0.6,1.0,4,3,3,1.0,2395416046,4205 DUNCAN CT,COLO SPGS,38.86810936,-104.7493062,13RI-9,-104.7493062,38.86810936,38.868131,-104.749294,2.6,False,UG8569,UG008569,13RI-9,UG Transformer Bank,RMM-3,38.86809616,-104.7486569,15,UG8570,UG008570,13RI-9,UG Transformer Bank,RMM-4,38.86840412,-104.748694,15,56.2,62.3,same_feeder_ambiguous
1116632,13080,25298,25697,5,5,1,4,0.8,0.6,1.0,4,3,3,1.0,6717573070,2924 ENCHANTED CIR W,COLO SPGS,38.87369994,-104.7412125,13PR-3,-104.7412125,38.87369994,38.873732,-104.741211,3.6,False,UG8870,UG008870,13PR-3,UG Transformer Bank,RT-3,38.87304957,-104.7406051,25,UG8374,UG008374,13PR-3,UG Transformer Bank,RT-2,38.87407842,-104.7416965,25,89.4,59.4,same_feeder_ambiguous
1113364,275196,3055,25864,5,5,1,4,0.8,0.6,1.0,4,3,3,1.0,2313233623,421 EAST HILLS RD,COLO SPGS,38.84006588,-104.7825223,13RI-1,-104.7825223,38.84006588,38.840024,-104.782473,6.3,False,OH15848,OH015848,13RI-1,OH Transformer Bank,,38.84058923,-104.7826894,15,OH15877,OH015877,13RI-1,OH Transformer Bank,,38.8397295,-104.7823,25,60.0,42.1,same_feeder_ambiguous
1130843,13634,25473,25882,5,5,1,4,0.8,0.6,1.0,4,3,3,1.0,1422592230,2118 GREENWICH CIR W,COLO SPGS,38.8646386,-104.7514406,13RI-9,-104.7514406,38.8646386,38.864673,-104.75143,3.9,False,UG8554,UG008554,13RI-9,UG Transformer Bank,RNH-25,38.86419732,-104.75173,25,UG8559,UG008559,13RI-9,UG Transformer Bank,RNH-26,38.86490135,-104.751559,25,55.1,31.0,same_feeder_ambiguous
1113602,25434,13513,25915,5,5,1,4,0.8,0.6,1.0,4,3,3,1.0,4875210382,4205 BRIGADOON LN,COLO SPGS,38.86675174,-104.7491372,13RI-9,-104.7491372,38.86675174,38.866782,-104.749131,3.4,False,UG9079,UG009079,13RI-9,UG Transformer Bank,RMM-9,38.86699221,-104.7496889,15,UG9080,UG009080,13RI-9,UG Transformer Bank,RMM-1,38.86689648,-104.7485276,15,54.7,55.2,same_feeder_ambiguous
1116304,25828,14677,25951,5,5,1,4,0.8,0.6,1.0,4,3,3,1.0,3221484032,1020 LUTHERAN WAY,COLO SPGS,38.84836268,-104.7390473,13PV-3,-104.7390473,38.84836268,38.848182,-104.73921,24.5,False,PD3102,PD003102,13PV-3,UG Transformer Bank,RPPL-3,38.84842297,-104.7389276,25,PD3103,PD003103,13PV-3,UG Transformer Bank,RPPL-7,38.84809761,-104.7396468,25,12.3,59.7,same_feeder_ambiguous
1114669,25596,25599,26062,5,5,1,4,0.8,0.6,1.0,4,3,3,1.0,6346673372,1625 N MURRAY BLVD APT 225,COLO SPGS,38.85656182,-104.7469539,13RI-11,-104.7469539,38.85656182,38.85652,-104.747262,27.1,False,UG4618,UG004618,13RI-11,UG Transformer Bank,AFF-8,38.85671294,-104.7471417,25,UG4611,UG004611,13RI-11,UG Transformer Bank,AFF-6,38.85655373,-104.7473354,25,23.4,33.0,same_feeder_ambiguous
1114487,25190,25229,26092,5,5,1,4,0.8,0.6,1.0,4,3,3,1.0,1747469860,3035 TEARDROP CIR,COLO SPGS,38.87619667,-104.7313421,13PR-3,-104.7313421,38.87619667,38.8762,-104.731322,1.8,False,UG9029,UG009029,13PR-3,UG Transformer Bank,RVVH-3,38.87666613,-104.7315293,25,UG9018,UG009018,13PR-3,UG Transformer Bank,RVVH-4,38.87588943,-104.7314401,25,54.7,35.2,same_feeder_ambiguous
1116130,12919,13004,26440,5,5,1,4,0.8,0.6,1.0,4,3,3,1.0,7898107390,5457 ALTEZA DR,COLO SPGS,38.87409738,-104.727098,12PR-2,-104.727098,38.87409738,38.8741,-104.72699,9.4,False,UG9062,UG009062,12PR-2,UG Transformer Bank,RVL-152,38.87476558,-104.7270969,25,UG11181,UG011181,12PR-2,UG Transformer Bank,RVL-149,38.87376255,-104.7274044,25,74.3,45.7,same_feeder_ambiguous
1197868,11329,11320,26600,5,5,1,4,0.8,0.6,1.0,4,3,3,1.0,1079567822,5310 SODBUSTER TRL,COLO SPGS,38.89162517,-104.7287595,12AP-2,-104.7287595,38.89162517,38.891652,-104.72875,3.1,False,UG9691,UG009691,12AP-2,UG Transformer Bank,RTHS-79,38.89182664,-104.7284517,25,UG9679,UG009679,12AP-2,UG Transformer Bank,RTHS-80,38.89196408,-104.7290453,25,34.8,45.1,same_feeder_ambiguous
1120954,68124,25165,26869,5,5,1,4,0.8,0.6,1.0,4,3,3,1.0,4094387815,"5450 S CAREFREE CIR, TRF SG",COLO SPGS,38.87698598,-104.7276357,13RI-9,-104.7276357,38.87698598,38.876995,-104.727623,1.5,False,PD20706,PD020706,13RI-9,UG Transformer Bank,GSL-711,38.87708073,-104.7274197,10,UG9020,UG009020,13RI-9,UG Transformer Bank,RVL-137,38.87749772,-104.7285356,15,21.5,96.5,same_feeder_ambiguous
1122609,24967,24972,27075,5,5,1,4,0.8,0.6,1.0,4,3,3,1.0,5194554870,3405 SINTON RD LOT 137,COLO SPGS,38.8823204,-104.8319094,13HL-1,-104.8319094,38.8823204,38.882313,-104.8319,1.2,False,UG559,UG000559,13HL-1,UG Transformer Bank,MHTP-32,38.8825444,-104.8324021,15,UG600,UG000600,13HL-1,UG Transformer Bank,MHTP-28,38.8823729,-104.8315073,15,49.4,35.3,same_feeder_ambiguous
1122112,1822,20266,27108,5,5,1,4,0.8,0.6,1.0,4,3,3,1.0,2202368323,2011 WINSTON RD,COLO SPGS,38.86148428,-104.774344,13RI-2,-104.774344,38.86148428,38.861511,-104.774336,3.1,False,OH12118,OH012118,13RI-2,OH Transformer Bank,,38.8610014,-104.7742355,50,OH12115,OH012115,13RI-2,OH Transformer Bank,,38.86191761,-104.7742226,25,54.5,49.3,same_feeder_ambiguous
1197330,25003,25099,27202,5,5,1,4,0.8,0.6,1.0,4,3,3,1.0,6046741245,3405 SINTON RD LOT 24,COLO SPGS,38.88138704,-104.8341769,13HL-1,-104.8341769,38.88138704,38.879247,-104.834662,241.6,True,UG556,UG000556,13HL-1,UG Transformer Bank,MHTP-35,38.88142276,-104.8341405,25,UG728,UG000728,13HL-1,UG Transformer Bank,MHTP-16,38.87932607,-104.83486,25,5.1,236.7,same_feeder_ambiguous
1123658,24750,24730,27228,5,5,1,4,0.8,0.6,1.0,4,3,3,1.0,1583985548,3750 N CASCADE AVE LOT F89,COLO SPGS,38.88768871,-104.8236695,13NP-4,-104.8236695,38.88768871,38.887729,-104.823684,4.7,False,UG11425,UG011425,13NP-4,UG Transformer Bank,MEA-17,38.88737593,-104.8237124,25,UG11424,UG011424,13NP-4,UG Transformer Bank,MEA-16,38.88787766,-104.8237275,25,35.0,21.6,same_feeder_ambiguous
1123493,12378,12429,27559,5,5,1,4,0.8,0.6,1.0,4,3,3,1.0,8552131701,85 SUNFLOWER RD LOT 205,COLO SPGS,38.88149489,-104.8274559,13NP-4,-104.8274559,38.88149489,38.881239,-104.827545,29.5,False,PD15088,PD015088,13NP-4,UG Transformer Bank,MMC-11,38.88183833,-104.8278311,50,PD15080,PD015080,13NP-4,UG Transformer Bank,MMC-3,38.88118942,-104.8271167,15,50.1,44.9,same_feeder_ambiguous
1125614,13000,13070,27620,5,5,1,4,0.8,0.6,1.0,4,3,3,1.0,4133856100,2910 SAGE ST BLDG 4,COLO SPGS,38.87453545,-104.8391911,12FT-3,-104.8391911,38.87453545,38.874379,-104.839437,27.5,False,UG3980,UG003980,12FT-3,UG Transformer Bank,AMV-5,38.87451331,-104.8391184,25,UG3984,UG003984,12FT-3,UG Transformer Bank,AMV-9,38.87380329,-104.83919,15,6.8,81.4,same_feeder_ambiguous
1125853,56304,1071,27629,5,5,1,4,0.8,0.6,1.0,4,3,3,1.0,9017259453,75 SUNFLOWER RD,COLO SPGS,38.88159589,-104.8263847,13NP-4,-104.8263847,38.88159589,38.881617,-104.826376,2.5,False,PD20675,PD020675,13NP-4,UG Transformer Bank,CTOPS-1,38.88147554,-104.8265384,75,OH2702,OH002702,13NP-4,OH Transformer Bank,,38.88131543,-104.8258744,50,18.9,54.1,same_feeder_ambiguous
1124094,937,932,27705,5,5,1,4,0.8,0.6,1.0,4,3,3,1.0,3029156206,"3841 N CASCADE AVE, LNDRY",COLO SPGS,38.888177,-104.8206883,13NP-4,-104.8206883,38.888177,38.888193,-104.821417,63.1,False,OH8375,OH008375,13NP-4,OH Transformer Bank,,38.88816172,-104.8204947,25,OH8369,OH008369,13NP-4,OH Transformer Bank,,38.88833001,-104.8215736,50,16.8,78.5,same_feeder_ambiguous
1158564,24764,11892,27714,5,5,1,4,0.8,0.6,1.0,4,3,3,1.0,6348564132,3750 N CASCADE AVE LOT F71,COLO SPGS,38.88672661,-104.8236394,13NP-4,-104.8236394,38.88672661,38.88673,-104.823768,11.1,False,UG11426,UG011426,13NP-4,UG Transformer Bank,MEA-18,38.88694223,-104.8237572,25,UG11427,UG011427,13NP-4,UG Transformer Bank,MEA-19,38.88657931,-104.8237839,25,26.1,20.6,same_feeder_ambiguous
1125447,1087,1074,28003,5,5,1,4,0.8,0.6,1.0,4,3,3,1.0,1587232670,3307 N PROSPECT ST,COLO SPGS,38.88099963,-104.8102404,13NP-3,-104.8102404,38.88099963,38.881034,-104.810237,3.8,False,OH5037,OH005037,13NP-3,OH Transformer Bank,,38.88028606,-104.8101207,25,OH5034,OH005034,13NP-3,OH Transformer Bank,,38.88128225,-104.8101018,25,80.0,33.6,same_feeder_ambiguous
1152856,359627,1094,28005,5,5,1,4,0.8,0.6,1.0,4,3,3,1.0,1731245137,,,38.87882926,-104.8126283,13NP-3,-104.8126283,38.87882926,38.879055,-104.812343,35.2,False,OH9170,OH009170,13NP-3,OH Transformer Bank,,38.8786205,-104.8126139,1,OH4924,OH004924,13NP-3,OH Transformer Bank,,38.87990504,-104.8108599,75,23.2,194.3,same_feeder_ambiguous
1299187,4599,4651,28052,5,5,1,4,0.8,0.6,1.0,4,3,3,1.0,2806162576,944 CHEYENNE BLVD,COLO SPGS,38.80213172,-104.8458809,13S-14,-104.8458809,38.80213172,38.802125,-104.84587,1.2,False,OH27859,OH027859,13S-14,OH Transformer Bank,,38.80299574,-104.8463983,25,OH25623,OH025623,12SP-35,OH Transformer Bank,,38.80130894,-104.8450923,50,106.0,114.2,cross_feeder_likely_gis_error
1126170,1402,1370,28195,5,5,1,4,0.8,0.6,1.0,4,3,3,1.0,6742402980,2532 N TEJON ST,COLO SPGS,38.86925193,-104.8220193,13NP-2,-104.8220193,38.86925193,38.869278,-104.822017,2.9,False,OH6240,OH006240,13NP-2,OH Transformer Bank,,38.86884739,-104.8226434,25,OH5417,OH005417,13NP-2,OH Transformer Bank,,38.86941491,-104.8225783,25,70.3,51.7,same_feeder_ambiguous
1126805,25860,14692,28363,5,5,1,4,0.8,0.6,1.0,4,3,3,1.0,4832316677,"1554 GATEHOUSE CIR S, LIGHTS",COLO SPGS,38.84851927,-104.8437641,13Y-1,-104.8437641,38.84851927,38.848513,-104.843754,1.1,False,PD9783,PD009783,13Y-1,UG Transformer Bank,VAK-1,38.84861198,-104.8436947,167.5,PD9782,PD009782,13Y-1,UG Transformer Bank,VAK-2,38.84859184,-104.843898,75,11.9,14.1,same_feeder_ambiguous
1180896,271687,3436,28367,5,5,1,4,0.8,0.6,1.0,4,3,3,1.0,6079044611,2195 BUSCH AVE,COLO SPGS,38.83406002,-104.8614032,13FV-2,-104.8614032,38.83406002,38.834053,-104.861393,1.2,False,PD101620,PD101620,13FV-2,UG Transformer Bank,CMMJ-3,38.83397826,-104.8611044,150,OH26156,OH026156,13FV-2,OH Transformer Bank,,38.83417033,-104.8623277,100,27.4,81.0,same_feeder_ambiguous
1128258,20948,2791,28410,5,5,1,4,0.8,0.6,1.0,4,3,3,1.0,7661559425,2319 W CUCHARRAS ST,COLO SPGS,38.84501586,-104.8614218,13FV-3,-104.8614218,38.84501586,38.845045,-104.861404,3.6,False,OH30451,OH030451,13FV-3,OH Transformer Bank,,38.84471474,-104.8612485,25,OH30449,OH030449,13FV-3,OH Transformer Bank,,38.84491942,-104.8615978,25,36.7,18.6,same_feeder_ambiguous
1225794,9185,9193,28603,5,5,1,4,0.8,0.6,1.0,4,3,3,1.0,404970435,2750 MAROON BELLS AVE,COLO SPGS,38.91795527,-104.7765345,13CW-2,-104.7765345,38.91795527,38.917982,-104.776525,3.1,False,UG3639,UG003639,13CW-2,UG Transformer Bank,RVW-295,38.91768009,-104.7762455,25,UG3638,UG003638,13CW-2,UG Transformer Bank,RVW-294,38.91764779,-104.7769585,25,39.5,50.1,same_feeder_ambiguous
1218412,12204,12239,28864,5,5,1,4,0.8,0.6,1.0,4,3,3,1.0,351323881,5511 GUNSHOT PASS DR,COLO SPGS,38.88263484,-104.7254064,13PR-3,-104.7254064,38.88263484,38.882668,-104.725403,3.7,False,PD4782,PD004782,13PR-3,UG Transformer Bank,RCC-26,38.88285339,-104.7253484,25,PD5220,PD005220,13PR-3,UG Transformer Bank,RCC-27,38.88258438,-104.7257937,25,24.8,34.0,same_feeder_ambiguous
1306218,4950,4948,28923,5,5,1,4,0.8,0.6,1.0,4,3,3,1.0,180690169,1925 PINE GROVE AVE,COLO SPGS,38.78962086,-104.861282,13BR-2,-104.861282,38.78962086,38.789649,-104.861265,3.5,False,OH7523,OH007523,13BR-2,OH Transformer Bank,,38.78944564,-104.8615754,25,OH7526,OH007526,13BR-2,OH Transformer Bank,,38.78968763,-104.8609545,25,32.0,29.3,same_feeder_ambiguous
1272097,14669,14598,28937,5,5,1,4,0.8,0.6,1.0,4,3,3,1.0,3382508269,25 SANDRA LN,MANITOU,38.84950551,-104.8942027,13FV-4,-104.8942027,38.84950551,38.849531,-104.894193,3.0,False,UG20937,UG020937,13FV-4,UG Transformer Bank,RCH-43,38.8491351,-104.8947253,25,UG20936,UG020936,13FV-4,UG Transformer Bank,RCH-42,38.84976256,-104.8945886,25,61.2,44.0,same_feeder_ambiguous
1288276,370269,370270,29369,5,5,1,4,0.8,0.6,1.0,4,3,3,1.0,6477096141,5522 SILVERSTONE TER,COLO SPGS,38.91098986,-104.8650325,12WR-2,-104.8650325,38.91098986,38.910983,-104.865022,1.2,False,PD105047,PD105047,12WR-2,UG Transformer Bank,RTFV-2,38.91140166,-104.8648095,50,PD105048,PD105048,12WR-2,UG Transformer Bank,RTFV-3,38.91044472,-104.8645513,50,49.7,73.5,same_feeder_ambiguous
1276529,14722,14755,29469,5,5,1,4,0.8,0.6,1.0,4,3,3,1.0,2678777510,313 CRYSTAL HILLS BLVD,MANITOU,38.84843736,-104.8910945,13FV-4,-104.8910945,38.84843736,38.848474,-104.891065,4.8,False,UG20932,UG020932,13FV-4,UG Transformer Bank,RCH-29,38.84855685,-104.8910845,25,UG20930,UG020930,13FV-4,UG Transformer Bank,RCH-32,38.84817418,-104.8913224,25,13.3,35.3,same_feeder_ambiguous
1268324,8790,8835,29573,5,5,1,4,0.8,0.6,1.0,4,3,3,1.0,2849074566,1440 ROCK RIDGE CT,COLO SPGS,38.92170888,-104.8010068,13CW-10,-104.8010068,38.92170888,38.92174,-104.800995,3.6,False,UG7821,UG007821,13CW-10,UG Transformer Bank,RE-62,38.92180726,-104.8014331,25,UG7819,UG007819,13CW-10,UG Transformer Bank,RE-61,38.92138133,-104.8004512,25,38.5,60.3,same_feeder_ambiguous
1301842,22621,7041,29927,5,5,1,4,0.8,0.6,1.0,4,3,3,1.0,8810550143,7646 STAMPEDE DR,COLO SPGS,38.94267232,-104.7858058,13CW-1,-104.7858058,38.94267232,38.942719,-104.785846,6.2,False,PD3266,PD003266,13CW-1,UG Transformer Bank,RBGT-32,38.94237592,-104.7863238,25,PD1927,PD001927,13CW-1,UG Transformer Bank,RBGT-34A,38.9432515,-104.7860899,25,55.6,68.9,same_feeder_ambiguous
1133207,282563,282562,30007,5,5,1,4,0.8,0.6,1.0,4,3,3,1.0,8226639888,"4203 W MULEDEER DR, STLITE",COLO SPGS,38.98905013,-104.8754743,12AS-12,-104.8754743,38.98905013,38.989043,-104.875464,1.2,False,PD102096,PD102096,12AS-12,UG Transformer Bank,RAFDV-94,38.98892146,-104.8746867,25,PD102094,PD102094,12AS-12,UG Transformer Bank,RAFDV-91,38.98829312,-104.8746965,25,69.6,107.7,same_feeder_ambiguous
1132747,325436,9429,30148,5,5,1,4,0.8,0.6,1.0,4,3,3,1.0,534688134,"2822 VICKERS DR, TELMTR",COLO SPGS,38.91427989,-104.7741644,13CW-4,-104.7741644,38.91427989,38.91416,-104.774668,45.6,False,PD103579,PD103579,13CW-4,UG Transformer Bank,CCST-6,38.91427095,-104.774069,10,UG3846,UG003846,13CW-4,UG Transformer Bank,RVW-147,38.91450859,-104.7739171,15,8.3,33.2,same_feeder_ambiguous
1309692,7490,7538,30372,5,5,1,4,0.8,0.6,1.0,4,3,3,1.0,7883055650,7355 ASPEN GLEN LN,COLO SPGS,38.93548106,-104.8729286,12OV-2,-104.8729286,38.93548106,38.935506,-104.87291,3.2,False,PD444,PD000444,12OV-2,UG Transformer Bank,ROV-40,38.93570854,-104.8725478,25,PD463,PD000463,12OV-2,UG Transformer Bank,ROV-39,38.93519253,-104.8726138,25,41.5,42.1,same_feeder_ambiguous
1311683,22896,22900,30472,5,5,1,4,0.8,0.6,1.0,4,3,3,1.0,2493975236,1621 E WOODMEN RD APT 86,COLO SPGS,38.93167036,-104.7947302,13CW-10,-104.7947302,38.93167036,38.931599,-104.794575,15.6,False,UG6280,UG006280,13CW-10,UG Transformer Bank,ABM-4,38.93163931,-104.7945689,37.5,UG6279,UG006279,13CW-10,UG Transformer Bank,ABM-3,38.93155911,-104.7944564,37.5,14.4,26.7,same_feeder_ambiguous
1304098,210,209,30505,5,5,1,4,0.8,0.6,1.0,4,3,3,1.0,1098035520,"1288 VENHORST RD, ELEC",COLO SPGS,38.9362511,-104.8015363,12WN-4,-104.8015363,38.9362511,38.936244,-104.801526,1.2,False,OH4066,OH004066,12WN-4,OH Transformer Bank,,38.93629565,-104.8017164,25,OH4065,OH004065,12WN-4,OH Transformer Bank,,38.9363108,-104.8009452,15,16.3,51.6,same_feeder_ambiguous
1288267,1718,1695,30686,5,5,1,4,0.8,0.6,1.0,4,3,3,1.0,2276714215,612 COLUMBIA CT,COLO SPGS,38.86389408,-104.8839882,13FV-1,-104.8839882,38.86389408,38.863947,-104.883974,6.0,False,OH31473,OH031473,13FV-1,OH Transformer Bank,,38.86341333,-104.8839569,25,OH31442,OH031442,13FV-1,OH Transformer Bank,,38.86373955,-104.884622,25,53.5,57.5,same_feeder_ambiguous
1225420,8995,8962,30996,5,5,1,4,0.8,0.6,1.0,4,3,3,1.0,8109643791,6029 POWDER KEG PL,COLO SPGS,38.91942454,-104.7817872,13CW-2,-104.7817872,38.91942454,38.919457,-104.781757,4.5,False,UG6359,UG006359,13CW-2,UG Transformer Bank,RVW-285,38.91954534,-104.7824327,25,UG6358,UG006358,13CW-2,UG Transformer Bank,RVW-286,38.91985818,-104.7818588,25,57.4,48.6,same_feeder_ambiguous
1298125,22963,22942,31249,5,5,1,4,0.8,0.6,1.0,4,3,3,1.0,1033203924,1880 ANASAZI CT,COLO SPGS,38.93005813,-104.8615961,12OV-2,-104.8615961,38.93005813,38.930084,-104.861598,2.9,False,PD8080,PD008080,12OV-2,UG Transformer Bank,RASF-4,38.92962673,-104.8610607,25,PD7537,PD007537,12OV-2,UG Transformer Bank,RASF-2,38.93060499,-104.8616774,25,66.7,61.2,same_feeder_ambiguous
1197927,11171,24538,31283,5,5,1,4,0.8,0.6,1.0,4,3,3,1.0,9019245771,4850 N SPLENDID CIR,COLO SPGS,38.89413823,-104.7371351,12AP-2,-104.7371351,38.89413823,38.89402,-104.737291,18.8,False,UG9595,UG009595,12AP-2,UG Transformer Bank,RTHS-15,38.89418602,-104.7375918,25,UG9598,UG009598,12AP-2,UG Transformer Bank,RTHS-16,38.89379398,-104.7365377,15,39.9,64.3,same_feeder_ambiguous
1150414,3598,3603,31775,5,5,1,4,0.8,0.6,1.0,4,3,3,1.0,880681479,3007 HUDSON ST,COLO SPGS,38.83006706,-104.7725696,12AR-1,-104.7725696,38.83006706,38.830101,-104.772566,3.8,False,OH16962,OH016962,12AR-1,OH Transformer Bank,,38.8298461,-104.7717804,25,OH16965,OH016965,12AR-1,OH Transformer Bank,,38.82974845,-104.7730247,50,72.6,53.0,same_feeder_ambiguous
1308529,8982,8897,31817,5,5,1,4,0.8,0.6,1.0,4,3,3,1.0,7392513195,2040 WICKES RD,COLO SPGS,38.9204517,-104.8655436,12WR-2,-104.8655436,38.9204517,38.92047,-104.865538,2.1,False,PD903,PD000903,12WR-2,UG Transformer Bank,RMOS-13,38.92015807,-104.8659364,50,PD896,PD000896,12WR-2,UG Transformer Bank,RMOS-3,38.92101797,-104.8648973,50,47.1,84.2,same_feeder_ambiguous
1142997,878,111662,32250,7,5,1,4,0.8,0.6,1.0,6,3,3,1.0,4796680399,"502 MOUNT VIEW LN, PHONE EQUIPMENT",COLO SPGS,38.88967036,-104.8124521,13NP-1,-104.8124521,38.88967036,38.88967,-104.811829,53.9,False,OH7031,OH007031,13NP-1,OH Transformer Bank,,38.89033747,-104.8124771,25,OH9011,OH009011,12C-2,OH Transformer Bank,,38.89044237,-104.810375,25,74.2,199.2,cross_feeder_likely_gis_error
1144359,370335,370334,32630,5,5,1,4,0.8,0.6,1.0,4,3,3,1.0,613449422,844 TECHNOLOGY CT,COLO SPGS,38.84323394,-104.7253803,12PF-5,-104.7253803,38.84323394,38.843227,-104.72537,1.2,False,PD105466,PD105466,12PF-5,UG Transformer Bank,RPPK-10,38.84348786,-104.7256495,50,PD105468,PD105468,12PF-5,UG Transformer Bank,RPPK-9,38.84364348,-104.7248221,50,36.6,66.4,same_feeder_ambiguous
1144903,14217,14174,32746,5,5,1,4,0.8,0.6,1.0,4,3,3,1.0,4390325837,1412 BARLOW CIR,COLO SPGS,38.85359817,-104.7365808,13PV-3,-104.7365808,38.85359817,38.853626,-104.736565,3.4,False,UG4920,UG004920,13PV-3,UG Transformer Bank,RRH5-2,38.85309022,-104.7365688,25,UG4921,UG004921,13PV-3,UG Transformer Bank,RRH5-1,38.85377996,-104.7362783,25,56.5,33.1,same_feeder_ambiguous
1146021,25873,14724,33014,5,5,1,4,0.8,0.6,1.0,4,3,3,1.0,2168331241,"5102 GALLEY RD, STLITE2",COLO SPGS,38.84705752,-104.73396,13PV-3,-104.73396,38.84705752,38.847051,-104.73395,1.1,False,UG5077,UG005077,13PV-3,UG Transformer Bank,MCP-13,38.84754242,-104.7340922,37.5,UG5078,UG005078,13PV-3,UG Transformer Bank,MCP-34,38.84755497,-104.7333467,25,55.1,76.7,same_feeder_ambiguous
1153105,23944,9928,34120,5,5,1,4,0.8,0.6,1.0,4,3,3,1.0,3841877822,"5285 SADDLE DR, PHONE EQUIP",COLO SPGS,38.90739669,-104.7852206,12WN-23,-104.7852206,38.90739669,38.907433,-104.785167,6.1,False,PD15590,PD015590,12WN-23,UG Transformer Bank,CMPC-8,38.90720572,-104.7845595,300,UG7721,UG007721,12WN-23,UG Transformer Bank,RGRE-81,38.90817227,-104.7853804,25,61.0,87.3,same_feeder_ambiguous
1165191,17357,17403,34893,5,5,1,4,0.8,0.6,1.0,4,3,3,1.0,9955314010,2840 S CIRCLE DR LOT 710,COLO SPGS,38.79754062,-104.7886707,13HK-2,-104.7886707,38.79754062,38.797572,-104.788651,3.9,False,UG11697,UG011697,13HK-2,UG Transformer Bank,MGV-31,38.79777529,-104.7890035,25,UG10322,UG010322,13HK-2,UG Transformer Bank,MGV-32,38.79705576,-104.7887021,25,38.9,54.0,same_feeder_ambiguous
1167071,18924,27247,36272,5,5,1,4,0.8,0.6,1.0,4,3,3,1.0,9438092561,4260 STAR VISTA CT,COLO SPGS,38.77175072,-104.823468,13SR-1,-104.823468,38.77175072,38.771743,-104.823458,1.2,False,PD13034,PD013034,13SR-1,UG Transformer Bank,RPEN-27,38.77194297,-104.8229236,25,PD13033,PD013033,13SR-1,UG Transformer Bank,RPEN-28,38.77157852,-104.8230543,25,51.8,40.7,same_feeder_ambiguous
1167441,18664,18696,36276,5,5,1,4,0.8,0.6,1.0,4,3,3,1.0,1131501846,3692 STAR RANCH RD,COLO SPGS,38.77609118,-104.8171149,13SR-1,-104.8171149,38.77609118,38.776348,-104.816129,90.1,False,PD12941,PD012941,13SR-1,UG Transformer Bank,GSL-408,38.77626789,-104.8161714,25,UG15907,UG015907,13SR-1,UG Transformer Bank,ATC-1,38.77561983,-104.817704,25,84.1,73.2,same_feeder_ambiguous
1185643,19652,19647,36288,5,5,1,4,0.8,0.6,1.0,4,3,3,1.0,4428623060,5910 DALTRY LN,COLO SPGS,38.74620927,-104.833785,12JL-2,-104.833785,38.74620927,38.746232,-104.83365,12.0,False,PD12461,PD012461,12JL-2,UG Transformer Bank,RGOB-36,38.74575436,-104.8342764,50,PD12459,PD012459,12JL-2,UG Transformer Bank,RGOB-34,38.74669622,-104.8336354,25,66.1,55.7,same_feeder_ambiguous
1167735,27181,18609,36317,5,5,1,4,0.8,0.6,1.0,4,3,3,1.0,8521397638,"336 COBBLESTONE DR, LIGHTS",COLO SPGS,38.77688483,-104.8197245,13SR-1,-104.8197245,38.77688483,38.776883,-104.819762,3.3,False,UG20801,UG020801,13SR-1,UG Transformer Bank,ATC-10,38.77679096,-104.8198084,15,UG20249,UG020249,13SR-1,UG Transformer Bank,ATC-9,38.7770756,-104.8195374,15,12.7,26.7,same_feeder_ambiguous
1185641,19647,19648,36327,5,5,1,4,0.8,0.6,1.0,4,3,3,1.0,6420310807,5840 DALTRY LN,COLO SPGS,38.74689447,-104.8328513,12JL-2,-104.8328513,38.74689447,38.746824,-104.832715,14.2,False,PD12459,PD012459,12JL-2,UG Transformer Bank,RGOB-34,38.74669622,-104.8336354,25,PD12463,PD012463,12JL-2,UG Transformer Bank,RGOB-92,38.74646752,-104.8319657,25,71.5,90.3,same_feeder_ambiguous
1210369,1560,1606,36959,5,5,1,4,0.8,0.6,1.0,4,3,3,1.0,3141569072,3607 ALPINE PL,COLO SPGS,38.86530537,-104.7613123,13RI-2,-104.7613123,38.86530537,38.865339,-104.761281,4.6,False,OH8528,OH008528,13RI-2,OH Transformer Bank,,38.86539779,-104.7608056,15,OH8539,OH008539,13RI-2,OH Transformer Bank,,38.86459405,-104.7612733,25,45.1,79.2,same_feeder_ambiguous
1196036,11419,11428,37085,5,5,1,4,0.8,0.6,1.0,4,3,3,1.0,4156228012,2704 FLINTRIDGE DR,COLO SPGS,38.89070341,-104.7751768,12C-2,-104.7751768,38.89070341,38.890734,-104.775163,3.6,False,UG7054,UG007054,12C-2,UG Transformer Bank,RRC-2,38.89108726,-104.7749067,25,UG7053,UG007053,12C-2,UG Transformer Bank,RGO-24,38.89099103,-104.7754144,25,48.7,38.0,same_feeder_ambiguous
1170425,24644,11493,37091,5,5,1,4,0.8,0.6,1.0,4,3,3,1.0,6297286645,2511 FLINTRIDGE DR,COLO SPGS,38.89024421,-104.7790444,12C-2,-104.7790444,38.89024421,38.890271,-104.779035,3.1,False,UG7506,UG007506,12C-2,UG Transformer Bank,RGO-15,38.89012354,-104.7796536,15,UG7507,UG007507,12C-2,UG Transformer Bank,RGO-16,38.89034144,-104.7786656,25,54.4,34.5,same_feeder_ambiguous
1196585,23920,9975,37178,5,5,1,4,0.8,0.6,1.0,4,3,3,1.0,1810945298,2170 SADDLE PL,COLO SPGS,38.90746497,-104.7867385,12WN-23,-104.7867385,38.90746497,38.90744,-104.786726,3.0,False,UG7715,UG007715,12WN-23,UG Transformer Bank,RGRE-85,38.90777991,-104.786986,25,UG7252,UG007252,12WN-23,UG Transformer Bank,RGRE-84,38.90747178,-104.7863522,25,41.0,33.4,same_feeder_ambiguous
1170807,24105,24174,37218,5,5,1,4,0.8,0.6,1.0,4,3,3,1.0,1541206866,4940 BROWN VALLEY LN,COLO SPGS,38.90361975,-104.7843534,13CW-12,-104.7843534,38.90361975,38.903648,-104.784335,3.5,False,UG7231,UG007231,13CW-12,UG Transformer Bank,RGRE-63,38.90406077,-104.7845299,25,UG7230,UG007230,13CW-12,UG Transformer Bank,RGRE-62,38.90314786,-104.7845096,15,51.4,54.2,same_feeder_ambiguous
1173572,18132,18133,37360,5,5,1,4,0.8,0.6,1.0,4,3,3,1.0,922005536,95 BRIARCREST PL,COLO SPGS,38.78557948,-104.8253408,13SG-2,-104.8253408,38.78557948,38.785673,-104.825423,12.6,False,PD11360,PD011360,13SG-2,UG Transformer Bank,RBR-13,38.785999,-104.8261044,25,PD11359,PD011359,13SG-2,UG Transformer Bank,RBR-14,38.78604088,-104.8248742,50,81.0,65.3,same_feeder_ambiguous
1188065,25246,12933,37571,5,5,1,4,0.8,0.6,1.0,4,3,3,1.0,267546834,3075 ROCKBROOK LN,COLO SPGS,38.8759673,-104.8605305,12FT-1,-104.8605305,38.8759673,38.875989,-104.860521,2.5,False,UG3752,UG003752,12FT-1,UG Transformer Bank,RKC-13,38.87630091,-104.8602975,37.5,UG3753,UG003753,12FT-1,UG Transformer Bank,RKC-12,38.87542842,-104.8602866,25,42.2,63.5,same_feeder_ambiguous
1180329,12441,12398,37918,5,5,1,4,0.8,0.6,1.0,4,3,3,1.0,6783948426,3260 CAMELS RIDGE LN,COLO SPGS,38.88150767,-104.8529951,12FT-1,-104.8529951,38.88150767,38.881481,-104.853001,3.0,False,PD190,PD000190,12FT-1,UG Transformer Bank,RKC-67,38.88119768,-104.8525731,50,PD10622,PD010622,12FT-1,UG Transformer Bank,RKC-60,38.88196622,-104.8530477,25,50.2,51.2,same_feeder_ambiguous
1177913,2096,2128,38293,5,5,1,4,0.8,0.6,1.0,4,3,3,1.0,2176124851,3415 W KIOWA ST APT C,COLO SPGS,38.85758916,-104.8795218,13FV-1,-104.8795218,38.85758916,38.857663,-104.879514,8.2,False,OH29872,OH029872,13FV-1,OH Transformer Bank,,38.85784372,-104.879243,15,OH29875,OH029875,13FV-1,OH Transformer Bank,,38.85731974,-104.8794524,15,37.2,30.6,same_feeder_ambiguous
1179826,15428,15438,38493,5,5,1,4,0.8,0.6,1.0,4,3,3,1.0,2515780905,2410 BUSCH AVE LOT 29,COLO SPGS,38.83486329,-104.8667113,13FV-2,-104.8667113,38.83486329,38.834887,-104.866701,2.8,False,PD10138,PD010138,13FV-2,UG Transformer Bank,MAGP-3,38.83493531,-104.8665801,25,PD10140,PD010140,13FV-2,UG Transformer Bank,MAGP-4,38.83475175,-104.8665818,25,13.9,16.7,same_feeder_ambiguous
1178155,20343,20366,38500,5,5,1,4,0.8,0.6,1.0,4,3,3,1.0,9469594930,2577 ROYALTY CT,COLO SPGS,38.8592529,-104.8580681,13Y-1,-104.8580681,38.8592529,38.859282,-104.858055,3.4,False,OH24584,OH024584,13Y-1,OH Transformer Bank,,38.85973026,-104.858224,15,OH24582,OH024582,13Y-1,OH Transformer Bank,,38.85904546,-104.8583085,25,54.8,31.1,same_feeder_ambiguous
1179041,2193,2138,38690,5,5,1,4,0.8,0.6,1.0,4,3,3,1.0,2462243618,3116 W PLATTE AVE,COLO SPGS,38.8565907,-104.8699187,13FV-1,-104.8699187,38.8565907,38.857009,-104.86949,59.5,False,OH30197,OH030197,13FV-1,OH Transformer Bank,,38.85656646,-104.8702254,15,OH30127,OH030127,13FV-1,OH Transformer Bank,,38.85709932,-104.8691599,25,26.7,86.7,same_feeder_ambiguous
1178998,13847,13875,38697,5,5,1,4,0.8,0.6,1.0,4,3,3,1.0,5506769787,210 YALE AVE,COLO SPGS,38.8602085,-104.8787418,13FV-1,-104.8787418,38.8602085,38.860146,-104.878791,8.2,False,UG21146,UG021146,13FV-1,UG Transformer Bank,RRR-2,38.86014731,-104.8790782,50,UG21144,UG021144,13FV-1,UG Transformer Bank,RRR-1,38.85964114,-104.8788509,25,29.9,63.8,same_feeder_ambiguous
1179157,1678,1617,38735,5,5,1,4,0.8,0.6,1.0,4,3,3,1.0,3667379132,1062 VALLEY RD,COLO SPGS,38.86420483,-104.8732,13FV-1,-104.8732,38.86420483,38.864237,-104.873177,4.1,False,OH30241,OH030241,13FV-1,OH Transformer Bank,,38.86387593,-104.8728799,15,OH30237,OH030237,13FV-1,OH Transformer Bank,,38.86492847,-104.8730376,15,45.9,81.7,same_feeder_ambiguous
1180831,15649,26140,38987,5,5,1,4,0.8,0.6,1.0,4,3,3,1.0,2908926383,2445 WHEATON DR,COLO SPGS,38.83059654,-104.8621896,13FV-2,-104.8621896,38.83059654,38.830606,-104.862182,1.2,False,PD11243,PD011243,13FV-2,UG Transformer Bank,RBCD-8,38.83057612,-104.8625793,25,PD11244,PD011244,13FV-2,UG Transformer Bank,RBCD-7,38.83092419,-104.8622126,25,33.8,36.5,same_feeder_ambiguous
1184786,18975,18980,39230,5,5,1,4,0.8,0.6,1.0,4,3,3,1.0,6375525646,190 HAVERSHAM DR,COLO SPGS,38.77176599,-104.8317396,12JL-2,-104.8317396,38.77176599,38.771912,-104.831604,20.0,False,PD11528,PD011528,12JL-2,UG Transformer Bank,RBHL-19,38.77123763,-104.8322497,25,PD11533,PD011533,12JL-2,UG Transformer Bank,RBHL-6,38.77119629,-104.8310885,25,73.5,84.8,same_feeder_ambiguous
1185013,19094,19146,39453,5,5,1,4,0.8,0.6,1.0,4,3,3,1.0,2775900789,125 SALISBURY CT,COLO SPGS,38.76961528,-104.8282431,13SR-1,-104.8282431,38.76961528,38.769647,-104.828213,4.4,False,PD11732,PD011732,13SR-1,UG Transformer Bank,RPEN-7,38.76940512,-104.8277626,25,PD13914,PD013914,13SR-1,UG Transformer Bank,RPEN-9,38.76856839,-104.8281128,25,47.8,117.0,same_feeder_ambiguous
1185477,19402,19417,39657,5,5,1,4,0.8,0.6,1.0,4,3,3,1.0,2440945313,25 BECKWITH DR,COLO SPGS,38.76230774,-104.8327944,12JL-2,-104.8327944,38.76230774,38.762338,-104.832779,3.6,False,PD15975,PD015975,12JL-2,UG Transformer Bank,RBBP-47,38.76299354,-104.8326627,50,PD12333,PD012333,12JL-2,UG Transformer Bank,RBBP-48,38.76227794,-104.8334563,25,77.1,57.5,same_feeder_ambiguous
1185700,19425,19414,39691,5,5,1,4,0.8,0.6,1.0,4,3,3,1.0,527739577,20 LOWICK DR,COLO SPGS,38.7620528,-104.8305743,12JL-2,-104.8305743,38.7620528,38.762087,-104.83058,3.8,False,PD12340,PD012340,12JL-2,UG Transformer Bank,RBBP-51,38.76191168,-104.8300553,25,PD12339,PD012339,12JL-2,UG Transformer Bank,RBBP-50,38.76253781,-104.8299942,25,47.7,73.7,same_feeder_ambiguous
1188389,19588,19600,39739,5,5,1,4,0.8,0.6,1.0,4,3,3,1.0,8152879028,5335 JARMAN ST,COLO SPGS,38.75410566,-104.8336985,12JL-2,-104.8336985,38.75410566,38.754141,-104.833682,4.2,False,PD12092,PD012092,12JL-2,UG Transformer Bank,RBO-12,38.75453966,-104.8334056,25,PD12432,PD012432,12JL-2,UG Transformer Bank,RBO-14,38.75384447,-104.8340678,25,54.5,43.2,same_feeder_ambiguous
1189189,4297,4310,39826,5,5,1,4,0.8,0.6,1.0,4,3,3,1.0,8228478311,518 KINNIKINNIK DR REAR,COLO SPGS,38.81124598,-104.8363036,12SP-35,-104.8363036,38.81124598,38.811273,-104.836345,4.7,False,OH28496,OH028496,12SP-35,OH Transformer Bank,,38.81147053,-104.8356978,25,OH28460,OH028460,13S-15,OH Transformer Bank,,38.81125174,-104.8372872,25,58.1,85.2,cross_feeder_likely_gis_error
1188143,,3220,40096,6,5,0,3,0.6,0.6,1.0,5,3,3,1.0,6635065713,620 W BIJOU ST UPPR,COLO SPGS,38.83714645,-104.8367738,,-104.8367738,38.83714645,38.837184,-104.836761,4.3,False,,,,,,,,,OH25904,OH025904,12FT-4,OH Transformer Bank,,38.83746354,-104.8370917,15,,44.7,new_assignment
1219522,3979,4008,40423,5,5,1,4,0.8,0.6,1.0,4,3,3,1.0,8767877816,21 W MILL ST,COLO SPGS,38.81978043,-104.8272125,12SP-35,-104.8272125,38.81978043,38.819807,-104.827202,3.1,False,OH23661,OH023661,12SP-35,OH Transformer Bank,,38.81999349,-104.8274063,25,OH28106,OH028106,12SP-35,OH Transformer Bank,,38.81932807,-104.8270377,60,29.0,52.5,same_feeder_ambiguous
1289415,22704,22714,40700,5,5,1,4,0.8,0.6,1.0,4,3,3,1.0,9983275686,515 BUCKEYE DR,COLO SPGS,38.93846956,-104.8374627,12WN-24,-104.8374627,38.93846956,38.938501,-104.837437,4.1,False,UG1508,UG001508,12WN-24,UG Transformer Bank,RDS-20,38.93880329,-104.8372027,15,UG1509,UG001509,12WN-24,UG Transformer Bank,RDS-17,38.93812396,-104.8365964,15,43.4,84.2,same_feeder_ambiguous
1297490,6110,6101,40738,5,5,1,4,0.8,0.6,1.0,4,3,3,1.0,1793337710,"8801 SUMMERSET DR, SPKG",COLO SPGS,38.95945481,-104.7777506,12KC-11,-104.7777506,38.95945481,38.959349,-104.777809,12.8,False,PD5559,PD005559,12KC-11,UG Transformer Bank,RSFD-2,38.95975611,-104.7783138,25,PD5551,PD005551,12KC-11,UG Transformer Bank,RSFD-23,38.95982024,-104.7769852,25,59.1,77.7,same_feeder_ambiguous
1196912,11254,11292,41042,5,5,1,4,0.8,0.6,1.0,4,3,3,1.0,3989498451,4102 STANTON ST,COLO SPGS,38.89304803,-104.8082252,12C-2,-104.8082252,38.89304803,38.893083,-104.808215,4.0,False,UG11218,UG011218,12C-2,UG Transformer Bank,RCS-6,38.89333261,-104.8083447,25,UG11219,UG011219,12C-2,UG Transformer Bank,RCS-21,38.892868,-104.8084853,15,33.3,30.1,same_feeder_ambiguous
1207817,24904,12186,41089,5,5,1,4,0.8,0.6,1.0,4,3,3,1.0,1255974141,3605 CATALPA DR,COLO SPGS,38.88356279,-104.7917743,12C-2,-104.7917743,38.88356279,38.883591,-104.79177,3.2,False,PD10212,PD010212,12C-2,UG Transformer Bank,RTGS-19,38.88362509,-104.7914281,25,PD4985,PD004985,12C-2,UG Transformer Bank,RTGS-16,38.88347176,-104.7921342,25,30.8,32.8,same_feeder_ambiguous
1197922,24341,24350,41350,5,5,1,4,0.8,0.6,1.0,4,3,3,1.0,3309997534,"4642 WINEWOOD VILLAGE DR, LIGHTS",COLO SPGS,38.89925752,-104.7394524,12AP-4,-104.7394524,38.89925752,38.899264,-104.739431,2.0,False,UG9540,UG009540,12AP-4,UG Transformer Bank,RTS-25,38.89946298,-104.7393594,25,UG9541,UG009541,12AP-4,UG Transformer Bank,RTS-26,38.89917765,-104.7391013,15,24.2,31.7,same_feeder_ambiguous
1229607,11221,11253,41413,5,5,1,4,0.8,0.6,1.0,4,3,3,1.0,9677826613,5015 N SPLENDID CIR,COLO SPGS,38.89351313,-104.7358133,12AP-2,-104.7358133,38.89351313,38.893217,-104.733857,172.5,True,UG9768,UG009768,12AP-2,UG Transformer Bank,RTHS-28,38.89341365,-104.7354202,25,UG9685,UG009685,12AP-2,UG Transformer Bank,RTHS-41,38.89297364,-104.7335143,25,35.8,207.8,same_feeder_ambiguous
1265727,24977,12240,41533,5,5,1,4,0.8,0.6,1.0,4,3,3,1.0,9965967049,"4326 TEETER TOTTER CIR, CV",COLO SPGS,38.88248124,-104.747701,13RI-3,-104.747701,38.88248124,38.882292,-104.747607,22.6,False,UG8088,UG008088,13RI-3,UG Transformer Bank,RPV-11,38.88174787,-104.7476974,25,UG8989,UG008989,13RI-3,UG Transformer Bank,RWR-21,38.88265781,-104.7482142,25,81.5,48.6,same_feeder_ambiguous
1199669,23941,10006,41896,5,5,1,4,0.8,0.6,1.0,4,3,3,1.0,5246829719,5250 DEL PAZ DR,COLO SPGS,38.90702825,-104.7730563,12WN-23,-104.7730563,38.90702825,38.90733,-104.773431,46.7,False,UG7456,UG007456,12WN-23,UG Transformer Bank,RVW-60,38.90718164,-104.7724264,25,UG6718,UG006718,12WN-23,UG Transformer Bank,RVW-62,38.90706984,-104.7738507,25,57.1,68.9,same_feeder_ambiguous
1200313,12370,12287,42052,5,5,1,4,0.8,0.6,1.0,4,3,3,1.0,3420100065,3440 WHIMSICAL CT,COLO SPGS,38.8816895,-104.7291779,13RI-9,-104.7291779,38.8816895,38.881693,-104.729167,1.0,False,UG8226,UG008226,13RI-9,UG Transformer Bank,RVVH-46,38.88137671,-104.729474,25,UG8215,UG008215,13RI-9,UG Transformer Bank,RVL-143,38.88211224,-104.7290691,25,43.2,47.9,same_feeder_ambiguous
1205552,12192,12241,42271,5,5,1,4,0.8,0.6,1.0,4,3,3,1.0,2938600502,"3535 MERRIMENT WAY, CV",COLO SPGS,38.88290496,-104.7420059,13RI-9,-104.7420059,38.88290496,38.882939,-104.741996,3.9,False,UG8776,UG008776,13RI-9,UG Transformer Bank,RCW-6,38.88306363,-104.7416499,25,UG8781,UG008781,13RI-9,UG Transformer Bank,RCW-11,38.88269479,-104.7422039,25,35.5,29.0,same_feeder_ambiguous
1201625,11534,24645,42371,5,5,1,4,0.8,0.6,1.0,4,3,3,1.0,4016973831,4445 BLISSFUL CIR S,COLO SPGS,38.88990684,-104.7450188,13RI-9,-104.7450188,38.88990684,38.889935,-104.745015,3.1,False,UG9134,UG009134,13RI-9,UG Transformer Bank,RNR-51,38.88966834,-104.7454735,25,UG9981,UG009981,13RI-9,UG Transformer Bank,RNR-52,38.88984862,-104.7445743,25,47.5,39.0,same_feeder_ambiguous
1202489,18121,18106,42478,5,5,1,4,0.8,0.6,1.0,4,3,3,1.0,3621394263,925 RED MESA DR,COLO SPGS,38.78645569,-104.8110045,13SG-3,-104.8110045,38.78645569,38.786485,-104.810996,3.3,False,UG19711,UG019711,13SG-3,UG Transformer Bank,RMJB-26,38.78615471,-104.8108775,25,UG19712,UG019712,13SG-3,UG Transformer Bank,RMJB-27,38.78642871,-104.8114407,25,35.2,37.9,same_feeder_ambiguous
1202828,19048,18997,42572,5,5,1,4,0.8,0.6,1.0,4,3,3,1.0,1825619548,4365 PEBBLE RIDGE CIR APT 176,COLO SPGS,38.77025472,-104.8111394,13SR-1,-104.8111394,38.77025472,38.770466,-104.811196,24.0,False,PD12195,PD012195,13SR-1,UG Transformer Bank,CCR-19,38.77010073,-104.8109694,75,PD12198,PD012198,13SR-1,UG Transformer Bank,CCR-13,38.77078199,-104.8112063,50,22.6,58.9,same_feeder_ambiguous
1205500,13839,1875,42719,5,5,1,4,0.8,0.6,1.0,4,3,3,1.0,6773060621,"3720 CONSTITUTION AVE, CV",COLO SPGS,38.8597004,-104.7585718,13RI-2,-104.7585718,38.8597004,38.85979,-104.758513,11.2,False,PD2504,PD002504,13RI-2,UG Transformer Bank,CMFC-1,38.85967773,-104.7584341,50,OH3864,OH003864,13RI-2,OH Transformer Bank,,38.85994447,-104.758666,25,12.2,28.3,same_feeder_ambiguous
1208644,77083,599,43405,5,5,1,4,0.8,0.6,1.0,4,3,3,1.0,2216833152,4864 EAGLE ROCK CIR,COLO SPGS,38.90215227,-104.8070541,12C-4,-104.8070541,38.90215227,38.902144,-104.807044,1.3,False,PD20879,PD020879,12C-4,UG Transformer Bank,RMAR-2,38.90241396,-104.8066486,25,OH7338,OH007338,12C-4,OH Transformer Bank,,38.90347092,-104.8057476,25,45.6,185.2,same_feeder_ambiguous
1208973,10609,10483,43471,5,5,1,4,0.8,0.6,1.0,4,3,3,1.0,6407885500,4945 MARK DABLING BLVD LOT 87,COLO SPGS,38.90045108,-104.822494,12WN-3,-104.822494,38.90045108,38.902359,-104.823537,230.6,True,UG3520,UG003520,12WN-3,UG Transformer Bank,MCM-32,38.90068475,-104.8225297,25,UG3576,UG003576,12WN-3,UG Transformer Bank,MCM-3,38.90215262,-104.8234967,25,26.2,208.2,same_feeder_ambiguous
1216111,280637,280635,43909,5,5,1,4,0.8,0.6,1.0,4,3,3,1.0,660905555,"4409 E BIGHORN DR, STLITE",COLO SPGS,38.98802801,-104.8638629,12AS-12,-104.8638629,38.98802801,38.988021,-104.863852,1.2,False,PD101845,PD101845,12AS-12,UG Transformer Bank,RAFDV-7,38.98789087,-104.8643828,25,PD101843,PD101843,12AS-12,UG Transformer Bank,RAFDV-4,38.98870513,-104.8645457,50,47.5,95.7,same_feeder_ambiguous
1277286,16359,26401,43959,5,5,1,4,0.8,0.6,1.0,4,3,3,1.0,4352503173,1706 HERCULES DR,COLO SPGS,38.81704466,-104.8520925,13S-14,-104.8520925,38.81704466,38.817025,-104.852211,10.5,False,PD10013,PD010013,13S-14,UG Transformer Bank,RSP-67,38.81691822,-104.851426,25,UG15552,UG015552,13S-14,UG Transformer Bank,RSP-5,38.81660728,-104.8526609,25,59.4,69.2,same_feeder_ambiguous
1218646,11566,11506,44015,5,5,1,4,0.8,0.6,1.0,4,3,3,1.0,9209345631,4910 CRIMSON CIR S,COLO SPGS,38.8894104,-104.7364794,13PR-3,-104.7364794,38.8894104,38.889799,-104.736663,46.0,False,UG8951,UG008951,13PR-3,UG Transformer Bank,RTHS-52,38.88918051,-104.7365269,25,UG8961,UG008961,12AP-2,UG Transformer Bank,RTHS-3,38.88989778,-104.7365943,25,25.9,55.1,cross_feeder_likely_gis_error
1217727,24486,24483,44163,5,5,1,4,0.8,0.6,1.0,4,3,3,1.0,9249437995,3719 MESA GRANDE DR,COLO SPGS,38.89607829,-104.757502,13RI-4,-104.757502,38.89607829,38.896105,-104.757493,3.1,False,UG8178,UG008178,13RI-4,UG Transformer Bank,RVG-8,38.89592243,-104.75804,15,UG8180,UG008180,13RI-4,UG Transformer Bank,RVG-35,38.89604338,-104.7571468,25,49.7,31.0,same_feeder_ambiguous
1265862,281275,280970,44171,5,5,1,4,0.8,0.6,1.0,4,3,3,1.0,1974329737,"4402 MONTEBELLO DR, HSEMTR4",COLO SPGS,38.8962107,-104.7533955,13RI-4,-104.7533955,38.8962107,38.896154,-104.753536,13.7,False,PD5278,PD005278,13RI-4,UG Transformer Bank,AMG-9,38.89619242,-104.7536198,75,PD2898,PD002898,13RI-4,UG Transformer Bank,AMG-8,38.89656103,-104.7533814,75,19.5,39.0,same_feeder_ambiguous
1219072,24746,11771,44421,5,5,1,4,0.8,0.6,1.0,4,3,3,1.0,2432419401,5610 WILKERSON PASS DR,COLO SPGS,38.8872536,-104.7235677,13PR-3,-104.7235677,38.8872536,38.887282,-104.723567,3.2,False,PD5123,PD005123,13PR-3,UG Transformer Bank,RCC-4,38.88699164,-104.7240454,25,PD5124,PD005124,13PR-3,UG Transformer Bank,RCC-3,38.88706114,-104.7230881,25,50.6,46.7,same_feeder_ambiguous
1272515,23730,23738,44507,5,5,1,4,0.8,0.6,1.0,4,3,3,1.0,1802687711,5571 ORO GRANDE DR,COLO SPGS,38.91326188,-104.7811259,12WN-23,-104.7811259,38.91326188,38.913291,-104.781111,3.5,False,UG3740,UG003740,12WN-23,UG Transformer Bank,RVW-224,38.91340862,-104.7814146,15,UG3739,UG003739,12WN-23,UG Transformer Bank,RVW-223,38.91319029,-104.7805763,25,29.8,48.2,same_feeder_ambiguous
1226697,23130,8492,45499,5,5,1,4,0.8,0.6,1.0,4,3,3,1.0,8915481213,2945 BANJO DR,COLO SPGS,38.92469823,-104.7727134,13CW-4,-104.7727134,38.92469823,38.924729,-104.772731,3.7,False,PD3692,PD003692,13CW-4,UG Transformer Bank,RD-1,38.92514175,-104.7723992,25,UG6480,UG006480,13CW-4,UG Transformer Bank,RVW-410,38.92448304,-104.772567,25,56.3,27.1,same_feeder_ambiguous
1229584,10324,24100,46363,5,5,1,4,0.8,0.6,1.0,4,3,3,1.0,8253646191,4670 CENTAURI RD,COLO SPGS,38.90429164,-104.8665233,13IP-3,-104.8665233,38.90429164,38.904325,-104.866507,4.0,False,PD5470,PD005470,13IP-3,UG Transformer Bank,RMOS-125,38.90396709,-104.8661441,25,PD5475,PD005475,13IP-3,UG Transformer Bank,RMOS-124,38.90456728,-104.8669209,25,48.8,46.1,same_feeder_ambiguous
1289332,216,7368,46405,5,5,1,4,0.8,0.6,1.0,4,3,3,1.0,538582714,75 WOODMEN CT,COLO SPGS,38.93656297,-104.823812,12WN-24,-104.823812,38.93656297,38.936587,-104.823803,2.8,False,OH1085,OH001085,12WN-24,OH Transformer Bank,,38.93625034,-104.8237113,5,PD690,PD000690,12WN-24,UG Transformer Bank,RWM-4,38.93732441,-104.8250357,25,35.8,135.5,same_feeder_ambiguous
1271967,9139,9162,47154,5,5,1,4,0.8,0.6,1.0,4,3,3,1.0,8217374956,6060 APPLEWOOD RIDGE CIR,COLO SPGS,38.91815133,-104.7960776,13CW-10,-104.7960776,38.91815133,38.918188,-104.796116,5.3,False,UG7602,UG007602,13CW-10,UG Transformer Bank,RE-36,38.91838046,-104.7961705,25,UG7601,UG007601,13CW-10,UG Transformer Bank,RE-38,38.9180699,-104.7959716,25,26.7,12.9,same_feeder_ambiguous
1266373,103,22676,47221,5,5,1,4,0.8,0.6,1.0,4,3,3,1.0,7417958004,1924 FULLER RD,COLO SPGS,38.94004055,-104.7897267,13CW-10,-104.7897267,38.94004055,38.940003,-104.789683,5.6,False,OH6407,OH006407,13CW-10,OH Transformer Bank,,38.94023728,-104.790022,15,PD3727,PD003727,13CW-1,UG Transformer Bank,RBGT-21,38.94035606,-104.7897121,25,33.6,35.1,cross_feeder_likely_gis_error
1267787,8531,8590,47609,5,5,1,4,0.8,0.6,1.0,4,3,3,1.0,6025843243,1238 BRITTANY CIR,COLO SPGS,38.92395885,-104.8038915,12WN-2,-104.8038915,38.92395885,38.92399,-104.803881,3.6,False,UG7792,UG007792,12WN-2,UG Transformer Bank,RPRS-5,38.92423716,-104.8040212,25,UG7189,UG007189,12WN-2,UG Transformer Bank,RPRS-6,38.92380259,-104.8045008,25,32.9,55.5,same_feeder_ambiguous
1275704,378668,23853,47650,5,5,1,4,0.8,0.6,1.0,4,3,3,1.0,4716832841,"5340 N UNION BLVD, HSEMTR",COLO SPGS,38.9092106,-104.7757403,12WN-23,-104.7757403,38.9092106,38.909125,-104.776013,25.4,False,PD106922,PD106922,12WN-23,UG Transformer Bank,RTV-7,38.90900804,-104.775634,50,UG6692,UG006692,12WN-23,UG Transformer Bank,RVW-141,38.90941922,-104.7762278,15,24.3,48.1,same_feeder_ambiguous
1268267,8610,8643,47723,5,5,1,4,0.8,0.6,1.0,4,3,3,1.0,1841783718,6325 YVONNE WAY,COLO SPGS,38.9233344,-104.8069461,12WN-2,-104.8069461,38.9233344,38.923366,-104.806941,3.5,False,UG20413,UG020413,12WN-2,UG Transformer Bank,RPRS-16,38.92352155,-104.8075073,25,UG6912,UG006912,12WN-2,UG Transformer Bank,RPRS-17,38.92312088,-104.8074437,25,52.8,49.2,same_feeder_ambiguous
1268675,23873,9858,47818,5,5,1,4,0.8,0.6,1.0,4,3,3,1.0,6144810011,5325 FLATROCK PL,COLO SPGS,38.90897843,-104.8495993,12WR-1,-104.8495993,38.90897843,38.909018,-104.849576,4.8,False,PD13902,PD013902,12WR-1,UG Transformer Bank,RPC-94,38.90916659,-104.8501227,50,PD7602,PD007602,12WR-1,UG Transformer Bank,RPC-93,38.9094734,-104.8499181,25,49.9,61.6,same_feeder_ambiguous
1271232,14870,14917,48122,5,5,1,4,0.8,0.6,1.0,4,3,3,1.0,6568860324,336 SUTHERLAND PL,MANITOU,38.84620019,-104.8952745,13FV-4,-104.8952745,38.84620019,38.846153,-104.895212,7.5,False,UG20946,UG020946,13FV-4,UG Transformer Bank,RCH-38,38.84680099,-104.8952146,25,UG20948,UG020948,13FV-4,UG Transformer Bank,RCH-49,38.8459997,-104.8948106,25,67.0,45.9,same_feeder_ambiguous
1274157,9982,9933,48246,5,5,1,4,0.8,0.6,1.0,4,3,3,1.0,7259665925,5301 PINON VALLEY RD,COLO SPGS,38.90822523,-104.8583991,12RM-4,-104.8583991,38.90822523,38.908256,-104.858393,3.5,False,PD1658,PD001658,12RM-4,UG Transformer Bank,RPNV-17,38.907866,-104.8582589,25,PD1348,PD001348,12RM-4,UG Transformer Bank,RPNV-18,38.90850836,-104.858642,25,41.7,37.9,same_feeder_ambiguous
1277036,25687,14310,48380,5,5,1,4,0.8,0.6,1.0,4,3,3,1.0,4990485460,141 PALISADE CIR,MANITOU,38.85294382,-104.8901251,13FV-4,-104.8901251,38.85294382,38.852965,-104.890078,4.7,False,UG20327,UG020327,13FV-4,UG Transformer Bank,RCH-18,38.85381625,-104.8903134,25,UG20349,UG020349,13FV-4,UG Transformer Bank,RCH-19,38.85282997,-104.8905294,25,98.4,37.2,same_feeder_ambiguous
1271852,23379,8908,48468,5,5,1,4,0.8,0.6,1.0,4,3,3,1.0,9736292285,"6113 LITTLE PINE CIR, LIGHTS",COLO SPGS,38.92053493,-104.7930951,13CW-2,-104.7930951,38.92053493,38.920518,-104.793038,5.3,False,PD1895,PD001895,13CW-2,UG Transformer Bank,RE-123,38.92097492,-104.7929173,50,UG7855,UG007855,13CW-2,UG Transformer Bank,RE-122,38.92045462,-104.7929407,25,51.3,16.1,same_feeder_ambiguous
1272155,25569,13891,48491,5,5,1,4,0.8,0.6,1.0,4,3,3,1.0,3114840729,50 EL PASO BLVD,MANITOU,38.85961966,-104.890399,13FV-1,-104.890399,38.85961966,38.859641,-104.890357,4.3,False,UG20851,UG020851,13FV-1,UG Transformer Bank,RGGVC-2,38.85944395,-104.8904924,25,UG20950,UG020950,13FV-1,UG Transformer Bank,RGGVC-1,38.85941776,-104.8897399,25,21.1,61.3,same_feeder_ambiguous
1278764,1914,85409,48667,5,5,1,4,0.8,0.6,1.0,4,3,3,1.0,135134849,202 IRON RD,MANITOU,38.86050767,-104.9225516,12HY-1,-104.9225516,38.86050767,38.86054,-104.922548,3.6,False,OH48156,OH048156,12HY-1,OH Transformer Bank,,38.86031032,-104.9234986,25,OH48158,OH048158,12HY-1,OH Transformer Bank,,38.86060307,-104.9237122,25,84.9,101.0,same_feeder_ambiguous
1287300,23959,23951,48742,5,5,1,4,0.8,0.6,1.0,4,3,3,1.0,7639963338,1225 WENTWOOD DR,COLO SPGS,38.90722092,-104.8504084,12WR-1,-104.8504084,38.90722092,38.907235,-104.850383,2.7,False,PD6634,PD006634,12WR-1,UG Transformer Bank,RPC-85,38.90726986,-104.850056,25,PD6633,PD006633,12WR-1,UG Transformer Bank,RPC-86,38.90751149,-104.850429,25,31.0,32.4,same_feeder_ambiguous
1276011,26847,17719,49000,5,5,1,4,0.8,0.6,1.0,4,3,3,1.0,1101111878,1025 SERABELLA GRV,COLO SPGS,38.7929104,-104.807775,13HK-2,-104.807775,38.7929104,38.792973,-104.807829,8.4,False,PD11630,PD011630,13HK-2,UG Transformer Bank,RDP-3,38.79298963,-104.8070477,25,PD11631,PD011631,13HK-2,UG Transformer Bank,RDP-8,38.79324463,-104.8078558,25,63.6,37.8,same_feeder_ambiguous
1280110,135660,4885,49011,5,5,1,4,0.8,0.6,1.0,4,3,3,1.0,3364330732,1523 WINFIELD AVE,COLO SPGS,38.79459908,-104.8497584,13BR-3,-104.8497584,38.79459908,38.793605,-104.85403,386.4,True,OH46627,OH046627,13BR-3,OH Transformer Bank,,38.79453743,-104.8500032,40,OH41890,OH041890,13BR-3,OH Transformer Bank,,38.79391508,-104.8541428,50,22.3,387.5,same_feeder_ambiguous
1278058,25969,25982,49126,5,5,1,4,0.8,0.6,1.0,4,3,3,1.0,717153497,512 CRYSTAL HILLS BLVD,MANITOU,38.84402269,-104.897521,13FV-4,-104.897521,38.84402269,38.84402,-104.897517,0.5,False,UG20754,UG020754,13FV-4,UG Transformer Bank,RCH-78,38.84439591,-104.8979819,25,UG20757,UG020757,13FV-4,UG Transformer Bank,RCH-79,38.8437377,-104.8979145,25,57.6,46.5,same_feeder_ambiguous
1276888,192007,2081,49319,5,5,1,4,0.8,0.6,1.0,4,3,3,1.0,7487554562,108 CANON AVE LOWR,MANITOU,38.85799834,-104.9162497,12HY-1,-104.9162497,38.85799834,38.858208,-104.916309,23.9,False,OH48299,OH048299,12HY-1,OH Transformer Bank,,38.8580721,-104.9164909,75,OH48304,OH048304,12HY-1,OH Transformer Bank,,38.85800882,-104.9160574,65,22.4,16.7,same_feeder_ambiguous
1282909,2081,192007,49321,5,5,1,4,0.8,0.6,1.0,4,3,3,1.0,9736743892,116 CANON AVE,MANITOU,38.85836115,-104.9164554,12HY-1,-104.9164554,38.85836115,38.858208,-104.916309,21.2,False,OH48304,OH048304,12HY-1,OH Transformer Bank,,38.85800882,-104.9160574,65,OH48299,OH048299,12HY-1,OH Transformer Bank,,38.8580721,-104.9164909,75,52.2,32.3,same_feeder_ambiguous
1276895,20422,20408,49326,5,5,1,4,0.8,0.6,1.0,4,3,3,1.0,3901809840,919 OSAGE AVE,MANITOU,38.85752563,-104.9186683,12HY-1,-104.9186683,38.85752563,38.857554,-104.918655,3.4,False,OH45986,OH045986,12HY-1,OH Transformer Bank,,38.85761242,-104.9182496,25,OH45977,OH045977,12HY-1,OH Transformer Bank,,38.85790849,-104.9189228,50,37.5,47.9,same_feeder_ambiguous
1277355,20480,20503,49457,5,5,1,4,0.8,0.6,1.0,4,3,3,1.0,2123557273,808 PROSPECT PL,MANITOU,38.85579392,-104.9157599,12HY-1,-104.9157599,38.85579392,38.855817,-104.91575,2.7,False,OH48105,OH048105,12HY-1,OH Transformer Bank,,38.85649383,-104.9159326,25,OH45934,OH045934,12HY-1,OH Transformer Bank,,38.85597748,-104.9163436,25,79.3,54.5,same_feeder_ambiguous
1278182,4498,4503,49642,5,5,1,4,0.8,0.6,1.0,4,3,3,1.0,6654352768,15 E CHEYENNE RD,COLO SPGS,38.80643525,-104.8261833,13SG-2,-104.8261833,38.80643525,38.806354,-104.826345,16.7,False,OH40312,OH040312,13SG-2,OH Transformer Bank,,38.80629865,-104.8254399,15,OH41458,OH041458,13SG-2,OH Transformer Bank,,38.80622842,-104.8263793,40,66.2,28.6,same_feeder_ambiguous
1307215,2299,2321,49694,5,5,1,4,0.8,0.6,1.0,4,3,3,1.0,1095249348,"535 RUXTON AVE, REST/MEETING",MANITOU,38.85546163,-104.9324118,12HY-1,-104.9324118,38.85546163,38.855281,-104.932821,40.7,False,OH44734,OH044734,12HY-1,OH Transformer Bank,,38.85556287,-104.9325944,150,OH44710,OH044710,12HY-1,OH Transformer Bank,,38.8552334,-104.9330808,15,19.4,63.2,same_feeder_ambiguous
1279203,4721,4676,49923,5,5,1,4,0.8,0.6,1.0,4,3,3,1.0,1696765369,1097 CHEYENNE BLVD,COLO SPGS,38.80024983,-104.8472956,12SP-35,-104.8472956,38.80024983,38.800331,-104.847301,9.0,False,OH27824,OH027824,12SP-35,OH Transformer Bank,,38.79946803,-104.847327,50,OH25614,OH025614,12SP-35,OH Transformer Bank,,38.80067199,-104.8480491,25,87.0,80.4,same_feeder_ambiguous
1299617,195214,21639,50056,5,5,1,4,0.8,0.6,1.0,4,3,3,1.0,2848266725,303 ALSACE WAY,COLO SPGS,38.7997141,-104.8344789,13SG-2,-104.8344789,38.7997141,38.799545,-104.834929,43.3,False,OH29535,OH029535,13SG-2,OH Transformer Bank,,38.79991604,-104.8341016,25,OH29524,OH029524,13SG-2,OH Transformer Bank,,38.80010196,-104.8353185,50,39.7,84.6,same_feeder_ambiguous
1282613,27429,27422,50097,5,5,1,4,0.8,0.6,1.0,4,3,3,1.0,9864621304,5165 BRISCOGLEN DR,COLO SPGS,38.75734128,-104.8155012,12JL-1,-104.8155012,38.75734128,38.757353,-104.815398,9.0,False,PD12414,PD012414,12JL-1,UG Transformer Bank,RRBG-27,38.75753259,-104.8161231,25,PD11925,PD011925,12JL-1,UG Transformer Bank,RRBG-25,38.75785445,-104.8149603,25,58.0,73.9,same_feeder_ambiguous
1280638,7364,22716,50377,5,5,1,4,0.8,0.6,1.0,4,3,3,1.0,8481126088,2670 VIDALIA TER,COLO SPGS,38.9377495,-104.8792364,12OV-2,-104.8792364,38.9377495,38.937768,-104.879233,2.1,False,PD419,PD000419,12OV-2,UG Transformer Bank,RLOS-24,38.93764459,-104.8789444,25,PD412,PD000412,12OV-2,UG Transformer Bank,RLOS-26,38.93814653,-104.8794027,25,27.8,46.4,same_feeder_ambiguous
1280714,10991,10968,50389,5,5,1,4,0.8,0.6,1.0,4,3,3,1.0,2959613917,4540 SPRING CANYON HTS APT 206,COLO SPGS,38.89707318,-104.8690711,13IP-3,-104.8690711,38.89707318,38.897585,-104.86988,90.2,False,PD10502,PD010502,13IP-3,UG Transformer Bank,CSCH-7,38.8972779,-104.8691379,100,PD10422,PD010422,13IP-3,UG Transformer Bank,CSCH-6,38.89729573,-104.8697237,50,23.5,61.7,same_feeder_ambiguous
1300501,7494,7556,50423,5,5,1,4,0.8,0.6,1.0,4,3,3,1.0,3872718142,7135 OAK HILLS LN,COLO SPGS,38.93539809,-104.8514733,12WN-22,-104.8514733,38.93539809,38.935435,-104.851484,4.2,False,UG1222,UG001222,12WN-22,UG Transformer Bank,ROH-11,38.935526,-104.8520257,15,UG1415,UG001415,12WN-22,UG Transformer Bank,ROH-10,38.93494054,-104.8516199,25,49.9,52.4,same_feeder_ambiguous
1297579,4893,4882,50462,5,5,1,4,0.8,0.6,1.0,4,3,3,1.0,6039121733,"19 2ND ST, CV",COLO SPGS,38.79320606,-104.8457572,13SG-2,-104.8457572,38.79320606,38.792728,-104.845466,58.8,False,OH41841,OH041841,13SG-2,OH Transformer Bank,,38.79343774,-104.845271,25,OH42063,OH042063,13SG-2,OH Transformer Bank,,38.79400864,-104.8454737,50,49.4,92.6,same_feeder_ambiguous
1282042,16738,16725,50744,5,5,1,4,0.8,0.6,1.0,4,3,3,1.0,2318206336,1608 S 8TH ST,COLO SPGS,38.80920414,-104.8416873,12SP-35,-104.8416873,38.80920414,38.809472,-104.841482,34.7,False,PD15639,PD015639,12SP-35,UG Transformer Bank,CADM-1,38.80909094,-104.8416916,45,PD12148,PD012148,12SP-35,UG Transformer Bank,CADM-2,38.80939826,-104.8415124,50,12.6,26.4,same_feeder_ambiguous
1282068,8418,8348,50756,5,5,1,4,0.8,0.6,1.0,4,3,3,1.0,204633321,490 ANACONDA DR,COLO SPGS,38.92600721,-104.8374093,12WN-22,-104.8374093,38.92600721,38.926038,-104.837411,3.4,False,PD1016,PD001016,12WN-22,UG Transformer Bank,RTR-23,38.92559777,-104.8373988,25,UG2274,UG002274,12WN-22,UG Transformer Bank,RSIL-2,38.92627395,-104.8373225,15,45.5,30.6,same_feeder_ambiguous
1282405,7730,7727,50851,5,5,1,4,0.8,0.6,1.0,4,3,3,1.0,2091210481,1440 CEDAR RIDGE LN,COLO SPGS,38.93328009,-104.8562555,12OV-2,-104.8562555,38.93328009,38.933306,-104.856233,3.5,False,UG1105,UG001105,12OV-2,UG Transformer Bank,ROH-25,38.93294238,-104.856591,25,UG1106,UG001106,12OV-2,UG Transformer Bank,ROH-26,38.9329683,-104.8555587,25,47.5,69.5,same_feeder_ambiguous
1297698,26639,17100,50881,5,5,1,4,0.8,0.6,1.0,4,3,3,1.0,2650230980,"2021 GLENHILL RD, SPKG",COLO SPGS,38.8022001,-104.823253,13SG-2,-104.823253,38.8022001,38.802091,-104.82325,12.1,False,UG19217,UG019217,13SG-2,UG Transformer Bank,AOBRT-4,38.80227411,-104.8236752,50,UG19229,UG019229,13SG-2,UG Transformer Bank,AOBRT-2,38.80229319,-104.8228493,25,37.5,36.5,same_feeder_ambiguous
1287469,23912,9993,51425,5,5,1,4,0.8,0.6,1.0,4,3,3,1.0,9172328072,5240 LANAGAN ST,COLO SPGS,38.90867624,-104.8777549,13IP-3,-104.8777549,38.90867624,38.908698,-104.877741,2.7,False,PD1258,PD001258,13IP-3,UG Transformer Bank,VRMS-78,38.9084353,-104.87729,25,PD1460,PD001460,13IP-3,UG Transformer Bank,VRMS-79,38.90780837,-104.8781823,25,48.3,103.3,same_feeder_ambiguous
1299008,6705,22399,52182,5,5,1,4,0.8,0.6,1.0,4,3,3,1.0,1417914589,7655 THUNDERBIRD LN,COLO SPGS,38.94877825,-104.8248313,12WN-24,-104.8248313,38.94877825,38.948806,-104.824808,3.7,False,UG900,UG000900,12WN-24,UG Transformer Bank,RTE-8,38.94881819,-104.8255972,15,UG927,UG000927,12WN-24,UG Transformer Bank,RTE-7,38.94825776,-104.8246795,25,66.4,59.3,same_feeder_ambiguous
1299323,26634,17099,52241,5,5,1,4,0.8,0.6,1.0,4,3,3,1.0,223220176,17 NEWPORT CIR,COLO SPGS,38.80211133,-104.8288176,13SG-2,-104.8288176,38.80211133,38.802144,-104.828806,3.8,False,UG15827,UG015827,13SG-2,UG Transformer Bank,RBT-4,38.8024795,-104.8285175,25,UG15824,UG015824,13SG-2,UG Transformer Bank,RBT-6,38.80238346,-104.8292559,25,48.5,48.6,same_feeder_ambiguous
1300381,7684,22841,52508,5,5,1,4,0.8,0.6,1.0,4,3,3,1.0,5861255992,2160 GOLDEN BARREL CT,COLO SPGS,38.93346353,-104.8684136,12OV-2,-104.8684136,38.93346353,38.933486,-104.868397,2.9,False,PD479,PD000479,12OV-2,UG Transformer Bank,ROV-35,38.93337918,-104.868085,25,PD477,PD000477,12OV-2,UG Transformer Bank,ROV-5,38.93377077,-104.8685077,25,29.9,35.1,same_feeder_ambiguous
1307746,7910,7861,52516,5,5,1,4,0.8,0.6,1.0,4,3,3,1.0,7851139036,6890 DELMONICO DR,COLO SPGS,38.9313109,-104.8339161,12WN-24,-104.8339161,38.9313109,38.931346,-104.833902,4.1,False,UG1736,UG001736,12WN-24,UG Transformer Bank,RCOM-7,38.93091184,-104.8341003,15,UG1729,UG001729,12WN-24,UG Transformer Bank,RCOM-2,38.93152824,-104.83346,25,47.1,46.3,same_feeder_ambiguous
1308215,6834,6898,52664,5,5,1,4,0.8,0.6,1.0,4,3,3,1.0,8622744457,"7855 N UNION BLVD, SPKG",COLO SPGS,38.9465706,-104.7730919,13CW-11,-104.7730919,38.9465706,38.946527,-104.773134,6.1,False,PD3747,PD003747,13CW-11,UG Transformer Bank,RBGT-121,38.94650024,-104.7731011,15,PD3853,PD003853,13CW-11,UG Transformer Bank,RBGT-120,38.94539795,-104.7737657,15,7.9,142.8,same_feeder_ambiguous
1302688,6367,6362,52743,5,5,1,4,0.8,0.6,1.0,4,3,3,1.0,4411161177,8329 TWINBERRY PT,COLO SPGS,38.95341629,-104.7750033,13CW-11,-104.7750033,38.95341629,38.953426,-104.774996,1.3,False,PD7696,PD007696,13CW-11,UG Transformer Bank,RPES-8,38.95351134,-104.7752545,25,PD7697,PD007697,13CW-11,UG Transformer Bank,RPES-7,38.95357575,-104.7748335,25,24.2,23.0,same_feeder_ambiguous
1302066,7803,7841,52821,5,5,1,4,0.8,0.6,1.0,4,3,3,1.0,453413510,"2525 WHITCOMB CT, CLUB HOUSE",COLO SPGS,38.93162969,-104.7803238,13CW-4,-104.7803238,38.93162969,38.931662,-104.780306,3.9,False,PD4145,PD004145,13CW-4,UG Transformer Bank,RCWC-10,38.93178985,-104.7804383,25,PD8939,PD008939,13CW-4,UG Transformer Bank,RCWC-15,38.93141011,-104.7809829,25,20.4,62.0,same_feeder_ambiguous
1304196,22136,6063,53233,5,5,1,4,0.8,0.6,1.0,4,3,3,1.0,1273372816,8940 APRIL DR,COLO SPGS,38.96143885,-104.7583448,13BG-3,-104.7583448,38.96143885,38.961451,-104.758391,4.2,False,PD8431,PD008431,13BG-3,UG Transformer Bank,RGV-172,38.96165913,-104.7577341,15,PD8430,PD008430,13BG-3,UG Transformer Bank,RGV-170,38.96119461,-104.7586314,25,58.2,36.8,same_feeder_ambiguous
1310718,6729,6747,53331,5,5,1,4,0.8,0.6,1.0,4,3,3,1.0,6879992376,2175 BRENT CIR,COLO SPGS,38.94803675,-104.7866532,13CW-3,-104.7866532,38.94803675,38.948052,-104.786645,1.8,False,PD5918,PD005918,13CW-3,UG Transformer Bank,RSCA-23,38.94840243,-104.7873088,25,PD5920,PD005920,13CW-3,UG Transformer Bank,RSCA-25,38.9479201,-104.7864345,25,69.8,22.9,same_feeder_ambiguous
1306896,22919,7925,53433,5,5,1,4,0.8,0.6,1.0,4,3,3,1.0,3424301787,565 BLACKHAWK CT,COLO SPGS,38.93106912,-104.8377861,12WN-22,-104.8377861,38.93106912,38.9311,-104.837761,4.1,False,UG1747,UG001747,12WN-22,UG Transformer Bank,RCOM-19,38.93128972,-104.8382156,15,UG1746,UG001746,12WN-22,UG Transformer Bank,RCOM-18,38.93068972,-104.8377957,25,44.5,42.2,same_feeder_ambiguous
1250236,6638,6684,8891,14,14,3,11,0.7857,0.5714,1.0,13,3,3,1.0,3802613193,8015 PINOAK CT,COLO SPGS,38.94946427,-104.7451762,12BG-21,-104.7451762,38.94946427,38.949458,-104.745128,4.2,False,PD1595,PD001595,12BG-21,UG Transformer Bank,VRM-66,38.94944471,-104.7456164,50,PD1568,PD001568,12BG-21,UG Transformer Bank,VRM-64,38.94870144,-104.7465383,50,38.1,145.2,same_feeder_ambiguous
1132416,6638,6684,8891,14,14,3,11,0.7857,0.5714,1.0,13,3,3,1.0,3809533034,,,38.94946417,-104.7451382,12BG-21,-104.7451382,38.94946417,38.949458,-104.745128,1.1,False,PD1595,PD001595,12BG-21,UG Transformer Bank,VRM-66,38.94944471,-104.7456164,50,PD1568,PD001568,12BG-21,UG Transformer Bank,VRM-64,38.94870144,-104.7465383,50,41.4,147.8,same_feeder_ambiguous
1036261,6638,6684,8891,14,14,3,11,0.7857,0.5714,1.0,13,3,3,1.0,7217158087,,,38.94929488,-104.7457902,12BG-21,-104.7457902,38.94929488,38.949325,-104.745758,4.4,False,PD1595,PD001595,12BG-21,UG Transformer Bank,VRM-66,38.94944471,-104.7456164,50,PD1568,PD001568,12BG-21,UG Transformer Bank,VRM-64,38.94870144,-104.7465383,50,22.4,92.4,same_feeder_ambiguous
1052645,343755,20713,12252,14,14,3,11,0.7857,0.5714,1.0,13,3,3,1.0,6328624,1326 WYNKOOP DR,COLO SPGS,38.85152821,-104.7650525,13RI-12,-104.7650525,38.85152821,38.851487,-104.76504,4.7,False,OH3330,OH003330,13RI-12,OH Transformer Bank,,38.85170475,-104.7652937,25,OH3326,OH003326,13RI-12,OH Transformer Bank,,38.85033366,-104.7659627,50,28.7,154.5,same_feeder_ambiguous
1156699,343755,20713,12252,14,14,3,11,0.7857,0.5714,1.0,13,3,3,1.0,1338382711,1327 N CHELTON RD,COLO SPGS,38.85159462,-104.7654826,13RI-12,-104.7654826,38.85159462,38.851627,-104.765467,3.8,False,OH3330,OH003330,13RI-12,OH Transformer Bank,,38.85170475,-104.7652937,25,OH3326,OH003326,13RI-12,OH Transformer Bank,,38.85033366,-104.7659627,50,20.4,146.2,same_feeder_ambiguous
1073278,343755,20713,12252,14,14,3,11,0.7857,0.5714,1.0,13,3,3,1.0,6324247,,,38.8514936,-104.76505,13RI-12,-104.76505,38.8514936,38.851487,-104.76504,1.1,False,OH3330,OH003330,13RI-12,OH Transformer Bank,,38.85170475,-104.7652937,25,OH3326,OH003326,13RI-12,OH Transformer Bank,,38.85033366,-104.7659627,50,31.6,151.3,same_feeder_ambiguous
1000808,19816,346,148,7,7,1,5,0.7143,0.5714,1.0,6,3,3,1.0,2794487788,10490 MOUNTAIN AVE,GN MTN FLS,38.93053022,-105.013929,12GM-4,-105.013929,38.93053022,38.930543,-105.013928,1.4,False,OH50027,OH050027,12GM-4,OH Transformer Bank,,38.93043392,-105.0137031,75,OH50035,OH050035,12GM-4,OH Transformer Bank,,38.92977815,-105.0145302,37.5,22.3,98.5,same_feeder_ambiguous
1000810,334,346,148,7,7,1,5,0.7143,0.5714,1.0,6,3,3,1.0,6207760530,10500 MOUNTAIN AVE,GN MTN FLS,38.9304221,-105.0141964,12GM-4,-105.0141964,38.9304221,38.930413,-105.014184,1.5,False,OH50040,OH050040,12GM-4,OH Transformer Bank,,38.93037772,-105.0140091,15,OH50035,OH050035,12GM-4,OH Transformer Bank,,38.92977815,-105.0145302,37.5,16.9,77.2,same_feeder_ambiguous
1004067,12481,12506,1390,7,7,1,5,0.7143,0.5714,1.0,6,3,3,1.0,6603613043,3320 MACGREGOR DR,COLO SPGS,38.87952196,-104.7005594,12CL-11,-104.7005594,38.87952196,38.879511,-104.700431,11.2,False,PD11753,PD011753,12CL-11,UG Transformer Bank,RHSR-5,38.87999223,-104.7007424,25,PD11752,PD011752,12CL-11,UG Transformer Bank,RHSR-6,38.8796296,-104.7001487,25,54.6,37.5,same_feeder_ambiguous
1005794,12471,12506,1390,7,7,1,5,0.7143,0.5714,1.0,6,3,3,1.0,7372541161,3303 MACGREGOR DR,COLO SPGS,38.87993606,-104.6994944,12CL-11,-104.6994944,38.87993606,38.879819,-104.699509,13.1,False,PD15098,PD015098,12CL-11,UG Transformer Bank,RHSR-22,38.87998894,-104.699391,10,PD11752,PD011752,12CL-11,UG Transformer Bank,RHSR-6,38.8796296,-104.7001487,25,10.7,66.1,same_feeder_ambiguous
1038187,6709,6745,9915,7,7,1,5,0.7143,0.5714,1.0,6,3,3,1.0,2712315434,8450 AVENS CIR,COLO SPGS,38.94788616,-104.7483645,13BG-3,-104.7483645,38.94788616,38.947891,-104.748338,2.4,False,PD2107,PD002107,13BG-3,UG Transformer Bank,VRM-11,38.94831509,-104.7487988,25,PD2106,PD002106,13BG-3,UG Transformer Bank,VRM-10,38.94776187,-104.7491365,50,60.7,68.2,same_feeder_ambiguous
1038238,6712,6745,9915,7,7,1,5,0.7143,0.5714,1.0,6,3,3,1.0,544887335,8485 AVENS CIR,COLO SPGS,38.94788408,-104.7493175,13BG-3,-104.7493175,38.94788408,38.947873,-104.749301,1.9,False,PD2111,PD002111,13BG-3,UG Transformer Bank,VRM-9,38.94820836,-104.7496103,25,PD2106,PD002106,13BG-3,UG Transformer Bank,VRM-10,38.94776187,-104.7491365,50,44.1,20.7,same_feeder_ambiguous
1057691,283837,283836,13170,7,7,1,5,0.7143,0.5714,1.0,6,3,3,1.0,723637913,7146 HORIZON WOOD LN,COLO SPGS,38.93618259,-104.6665988,12ST-22,-104.6665988,38.93618259,38.936176,-104.666588,1.2,False,PD101950,PD101950,12ST-22,UG Transformer Bank,RBLR-204,38.93583852,-104.6664192,50,PD101951,PD101951,12ST-22,UG Transformer Bank,RBLR-206,38.93658006,-104.6663969,50,41.3,47.5,same_feeder_ambiguous
1057701,285120,283836,13170,7,7,1,5,0.7143,0.5714,1.0,6,3,3,1.0,5932717309,7196 HORIZON WOOD LN,COLO SPGS,38.93702434,-104.666429,12ST-22,-104.666429,38.93702434,38.937018,-104.666419,1.1,False,PD101952,PD101952,12ST-22,UG Transformer Bank,RBLR-207,38.93687424,-104.6658608,50,PD101951,PD101951,12ST-22,UG Transformer Bank,RBLR-206,38.93658006,-104.6663969,50,51.9,49.5,same_feeder_ambiguous
1209030,10551,10640,13842,7,7,1,5,0.7143,0.5714,1.0,6,3,3,1.0,2117240848,4945 MARK DABLING BLVD LOT 124,COLO SPGS,38.90124105,-104.8236824,12WN-3,-104.8236824,38.90124105,38.900588,-104.823019,92.6,False,UG3527,UG003527,12WN-3,UG Transformer Bank,MCM-6,38.90132638,-104.823857,25,UG3596,UG003596,12WN-3,UG Transformer Bank,MCM-14,38.90041102,-104.822982,25,17.8,110.4,same_feeder_ambiguous
1169921,10609,10640,13842,7,7,1,5,0.7143,0.5714,1.0,6,3,3,1.0,7325344675,4945 MARK DABLING BLVD LOT 126,COLO SPGS,38.90071746,-104.8227451,12WN-3,-104.8227451,38.90071746,38.900762,-104.8228,6.9,False,UG3520,UG003520,12WN-3,UG Transformer Bank,MCM-32,38.90068475,-104.8225297,25,UG3596,UG003596,12WN-3,UG Transformer Bank,MCM-14,38.90041102,-104.822982,25,19.0,39.8,same_feeder_ambiguous
1068904,376844,377006,15254,7,7,1,5,0.7143,0.5714,1.0,6,3,3,1.0,5207517388,"1820 SILVERSMITH RD, SPKG",COLO SPGS,39.02534612,-104.7935254,12FH-11,-104.7935254,39.02534612,39.025339,-104.793515,1.2,False,PD106875,PD106875,12FH-11,UG Transformer Bank,CIRC-1,39.02511283,-104.7939421,10,PD106019,PD106019,12FH-11,UG Transformer Bank,CSTCR-1,39.02504544,-104.794182,50,44.4,65.8,same_feeder_ambiguous
1068902,377291,377006,15254,7,7,1,5,0.7143,0.5714,1.0,6,3,3,1.0,565302226,"13420 SILVER ROSE LN, N RESTROOMS",COLO SPGS,39.02579572,-104.7961574,12FH-11,-104.7961574,39.02579572,39.026186,-104.793985,192.6,True,PD106678,PD106678,12FH-11,UG Transformer Bank,CFHG-1,39.02573156,-104.7961438,10,PD106019,PD106019,12FH-11,UG Transformer Bank,CSTCR-1,39.02504544,-104.794182,50,7.2,189.9,same_feeder_ambiguous
1224948,10639,10644,16199,7,7,1,5,0.7143,0.5714,1.0,6,3,3,1.0,3733652986,"4719 FLINTRIDGE DR, HSEMTR0",COLO SPGS,38.90016963,-104.7682331,13RI-4,-104.7682331,38.90016963,38.900124,-104.767296,81.3,False,PD2948,PD002948,13RI-4,UG Transformer Bank,CSGS-3,38.90010393,-104.7684185,100,PD2949,PD002949,13RI-4,UG Transformer Bank,CSGS-2,38.90000815,-104.7672724,100,17.6,85.1,same_feeder_ambiguous
1170151,10678,10644,16199,7,7,1,5,0.7143,0.5714,1.0,6,3,3,1.0,2510595079,4707 FLINTRIDGE DR,COLO SPGS,38.89992371,-104.7688091,12CD-1,-104.7688091,38.89992371,38.899862,-104.768795,7.0,False,UG2139,UG002139,12CD-1,UG Transformer Bank,RSG-16,38.89974165,-104.7682064,25,PD2949,PD002949,13RI-4,UG Transformer Bank,CSGS-2,38.90000815,-104.7672724,100,55.9,133.3,cross_feeder_likely_gis_error
1081520,13980,13983,18996,7,7,1,5,0.7143,0.5714,1.0,6,3,3,1.0,5194992684,6690 PAWNEE CIR,COLO SPGS,38.85694882,-104.7032343,12CL-13,-104.7032343,38.85694882,38.856981,-104.703224,3.7,False,UG5236,UG005236,12CL-13,UG Transformer Bank,RW-36,38.85709653,-104.7029073,25,UG16065,UG016065,12CL-13,UG Transformer Bank,RW-35,38.85706656,-104.7035486,25,32.7,30.2,same_feeder_ambiguous
1081523,13981,13983,18996,7,7,1,5,0.7143,0.5714,1.0,6,3,3,1.0,7219233139,6650 PAWNEE CIR,COLO SPGS,38.85698972,-104.7040544,12CL-13,-104.7040544,38.85698972,38.857018,-104.704037,3.5,False,UG5237,UG005237,12CL-13,UG Transformer Bank,RW-37,38.85715257,-104.7043717,25,UG16065,UG016065,12CL-13,UG Transformer Bank,RW-35,38.85706656,-104.7035486,25,32.9,44.6,same_feeder_ambiguous
1105066,17373,26697,24312,7,7,1,5,0.7143,0.5714,1.0,6,3,3,1.0,2062312363,"3655 EL MORRO RD, STORAGE",COLO SPGS,38.79734227,-104.7612906,13KE-63,-104.7612906,38.79734227,38.79937,-104.761133,225.9,True,UG13162,UG013162,13KE-63,UG Transformer Bank,MPPV-20,38.79733192,-104.7615111,25,UG13166,UG013166,13KE-63,UG Transformer Bank,MPPV-10,38.79934108,-104.7598035,25,19.1,256.9,same_feeder_ambiguous
1108971,26689,26697,24312,7,7,1,5,0.7143,0.5714,1.0,6,3,3,1.0,1267637664,3655 EL MORRO RD LOT 132,COLO SPGS,38.79945634,-104.7602402,13KE-63,-104.7602402,38.79945634,38.799489,-104.760223,3.9,False,UG13167,UG013167,13KE-63,UG Transformer Bank,MPPV-9,38.79966131,-104.7606656,25,UG13166,UG013166,13KE-63,UG Transformer Bank,MPPV-10,38.79934108,-104.7598035,25,43.3,40.0,same_feeder_ambiguous
1181085,16596,16629,29061,7,7,1,5,0.7143,0.5714,1.0,6,3,3,1.0,6578764404,2955 PEGASUS DR,COLO SPGS,38.81229663,-104.8705488,13S-14,-104.8705488,38.81229663,38.81218,-104.870518,13.2,False,PD10876,PD010876,13S-14,UG Transformer Bank,RSKH-26,38.81280312,-104.870658,25,PD10885,PD010885,13S-14,UG Transformer Bank,RSKH-1,38.81192429,-104.870098,25,57.1,56.9,same_feeder_ambiguous
1188439,16645,16629,29061,7,7,1,5,0.7143,0.5714,1.0,6,3,3,1.0,2134210388,1405 WHIMSY VW,COLO SPGS,38.81185459,-104.8694711,13S-14,-104.8694711,38.81185459,38.811864,-104.869463,1.3,False,PD10886,PD010886,13S-14,UG Transformer Bank,RSKH-2,38.81156739,-104.8697023,25,PD10885,PD010885,13S-14,UG Transformer Bank,RSKH-1,38.81192429,-104.870098,25,37.7,54.9,same_feeder_ambiguous
1128625,7424,7337,29153,7,7,1,5,0.7143,0.5714,1.0,6,3,3,1.0,7560766957,1570 BIG VALLEY DR,COLO SPGS,38.93734209,-104.8584499,12OV-2,-104.8584499,38.93734209,38.937393,-104.858453,5.7,False,PD559,PD000559,12OV-2,UG Transformer Bank,RMWE-35,38.93659414,-104.8581329,25,UG1047,UG001047,12OV-2,UG Transformer Bank,RMWE-30,38.93791353,-104.8579197,25,87.6,78.4,same_feeder_ambiguous
1300624,7310,7337,29153,7,7,1,5,0.7143,0.5714,1.0,6,3,3,1.0,5868486370,1540 BIG VALLEY DR,COLO SPGS,38.93822923,-104.8579075,12OV-2,-104.8579075,38.93822923,38.938261,-104.857885,4.0,False,UG1050,UG001050,12OV-2,UG Transformer Bank,RMWE-29,38.93853773,-104.8569445,25,UG1047,UG001047,12OV-2,UG Transformer Bank,RMWE-30,38.93791353,-104.8579197,25,90.1,35.1,same_feeder_ambiguous
1221897,24813,12006,43639,7,7,1,5,0.7143,0.5714,1.0,6,3,3,1.0,9228846974,4040 HAVEN LN,COLO SPGS,38.88518943,-104.7524844,13RI-9,-104.7524844,38.88518943,38.885218,-104.752473,3.3,False,UG9950,UG009950,13RI-9,UG Transformer Bank,RNR-14,38.88540045,-104.7520259,25,UG8992,UG008992,13RI-9,UG Transformer Bank,RNR-15,38.885073,-104.752999,25,46.1,46.4,same_feeder_ambiguous
1221518,24795,12006,43639,7,7,1,5,0.7143,0.5714,1.0,6,3,3,1.0,5064742504,3535 HAVEN CIR,COLO SPGS,38.88571064,-104.7533335,13RI-9,-104.7533335,38.88571064,38.885387,-104.753064,42.9,False,UG9949,UG009949,13RI-9,UG Transformer Bank,RNR-16,38.88589012,-104.7531351,25,UG8992,UG008992,13RI-9,UG Transformer Bank,RNR-15,38.885073,-104.752999,25,26.3,76.6,same_feeder_ambiguous
1270037,9962,9903,45524,7,7,1,5,0.7143,0.5714,1.0,6,3,3,1.0,2121613730,5271 CLIFF POINT CIR W,COLO SPGS,38.90835544,-104.8478338,12WR-1,-104.8478338,38.90835544,38.908389,-104.847824,3.8,False,PD1420,PD001420,12WR-1,UG Transformer Bank,RPC-40,38.9081319,-104.8480117,50,PD1417,PD001417,12WR-1,UG Transformer Bank,RPC-45,38.90888654,-104.8478349,50,29.2,59.1,same_feeder_ambiguous
1225537,9923,9903,45524,7,7,1,5,0.7143,0.5714,1.0,6,3,3,1.0,3354741084,5281 CLIFF POINT CIR W,COLO SPGS,38.90840764,-104.8481564,12WR-1,-104.8481564,38.90840764,38.90844,-104.848136,4.0,False,PD1419,PD001419,12WR-1,UG Transformer Bank,RPC-41,38.90866505,-104.8488122,50,PD1417,PD001417,12WR-1,UG Transformer Bank,RPC-45,38.90888654,-104.8478349,50,63.6,60.1,same_feeder_ambiguous
1289595,25489,13590,45706,7,7,1,5,0.7143,0.5714,1.0,6,3,3,1.0,1776446716,3715 SAINTS CT,COLO SPGS,38.86514855,-104.8854427,13FV-1,-104.8854427,38.86514855,38.865176,-104.885443,3.1,False,UG20454,UG020454,13FV-1,UG Transformer Bank,RGE-1,38.86516025,-104.8852689,50,UG20453,UG020453,13FV-1,UG Transformer Bank,RGE-5,38.86589315,-104.8857318,50,15.1,86.5,same_feeder_ambiguous
1273508,13597,13590,45706,7,7,1,5,0.7143,0.5714,1.0,6,3,3,1.0,2096459222,3755 SAINTS CT,COLO SPGS,38.8657039,-104.8863781,13FV-1,-104.8863781,38.8657039,38.865696,-104.886371,1.1,False,UG20452,UG020452,13FV-1,UG Transformer Bank,RGE-4,38.86580019,-104.88621,50,UG20453,UG020453,13FV-1,UG Transformer Bank,RGE-5,38.86589315,-104.8857318,50,18.1,59.8,same_feeder_ambiguous
1226768,8307,23086,45814,7,7,1,5,0.7143,0.5714,1.0,6,3,3,1.0,3109404227,1314 DUBLIN BLVD,COLO SPGS,38.92671444,-104.8019336,12WN-2,-104.8019336,38.92671444,38.926742,-104.801931,3.1,False,UG5296,UG005296,12WN-2,UG Transformer Bank,RE-72,38.92651155,-104.8017367,25,UG5298,UG005298,12WN-2,UG Transformer Bank,RE-2,38.92631539,-104.8014704,25,28.3,59.8,same_feeder_ambiguous
1266292,8320,23086,45814,7,7,1,5,0.7143,0.5714,1.0,6,3,3,1.0,1685613947,1318 DUBLIN BLVD,COLO SPGS,38.92635697,-104.801999,12WN-2,-104.801999,38.92635697,38.926394,-104.801978,4.5,False,UG5297,UG005297,12WN-2,UG Transformer Bank,RE-73,38.92638959,-104.8020574,25,UG5298,UG005298,12WN-2,UG Transformer Bank,RE-2,38.92631539,-104.8014704,25,6.2,46.0,same_feeder_ambiguous
1276241,7299,7330,49080,7,7,1,5,0.7143,0.5714,1.0,6,3,3,1.0,445122829,7435 JULYNN RD,COLO SPGS,38.93862105,-104.876471,12OV-2,-104.876471,38.93862105,38.93862,-104.876504,2.9,False,PD7785,PD007785,12OV-2,UG Transformer Bank,RLOS-48,38.93899087,-104.8770002,25,PD7784,PD007784,12OV-2,UG Transformer Bank,RLOS-46,38.93833185,-104.8768038,25,61.5,43.2,same_feeder_ambiguous
1283036,7319,7330,49080,7,7,1,5,0.7143,0.5714,1.0,6,3,3,1.0,6605523474,7440 JULYNN RD,COLO SPGS,38.93850141,-104.8770209,12OV-2,-104.8770209,38.93850141,38.938511,-104.877013,1.3,False,PD10213,PD010213,12OV-2,UG Transformer Bank,RLOS-47,38.93851022,-104.8775219,25,PD7784,PD007784,12OV-2,UG Transformer Bank,RLOS-46,38.93833185,-104.8768038,25,43.3,26.6,same_feeder_ambiguous
1276921,17721,26838,49332,7,7,1,5,0.7143,0.5714,1.0,6,3,3,1.0,5153288847,2670 SPRING GROVE TER,COLO SPGS,38.79301252,-104.826358,13SG-3,-104.826358,38.79301252,38.792993,-104.826406,4.7,False,UG19472,UG019472,13SG-3,UG Transformer Bank,ASGT-9,38.79335755,-104.826079,25,UG19034,UG019034,13SG-3,UG Transformer Bank,ASGT-10,38.79332886,-104.8266512,37.5,45.3,43.4,same_feeder_ambiguous
1276924,17712,26838,49332,7,7,1,5,0.7143,0.5714,1.0,6,3,3,1.0,80322532,"10 SPRING GROVE WAY, GATE HOUSE",COLO SPGS,38.79257775,-104.8273613,13SG-3,-104.8273613,38.79257775,38.792569,-104.827364,1.0,False,UG19041,UG019041,13SG-3,UG Transformer Bank,GSL-940,38.7935203,-104.8277162,15,UG19034,UG019034,13SG-3,UG Transformer Bank,ASGT-10,38.79332886,-104.8266512,37.5,109.2,103.7,same_feeder_ambiguous
1297619,5974,5954,51862,7,7,1,5,0.7143,0.5714,1.0,6,3,3,1.0,7679629180,"9297 LEXINGTON DR, SPKG",COLO SPGS,38.96519142,-104.7757374,12KC-11,-104.7757374,38.96519142,38.967058,-104.776787,226.5,True,PD10317,PD010317,12KC-11,UG Transformer Bank,SAA2-7,38.96519215,-104.7761676,1000,PD10624,PD010624,12KC-11,UG Transformer Bank,RSFD-123,38.96680934,-104.7762033,25,37.2,184.4,same_feeder_ambiguous
1305131,5950,5954,51862,7,7,1,5,0.7143,0.5714,1.0,6,3,3,1.0,1850439133,"2761 BRIARGATE PKWY, REG PIT",COLO SPGS,38.96700976,-104.7767399,12KC-11,-104.7767399,38.96700976,38.967212,-104.7767,22.8,False,PD10629,PD010629,12KC-11,UG Transformer Bank,RSFD-124,38.96698444,-104.7768467,25,PD10624,PD010624,12KC-11,UG Transformer Bank,RSFD-123,38.96680934,-104.7762033,25,9.7,51.5,same_feeder_ambiguous
1307213,4744,4721,1711,16,16,2,11,0.6875,0.5625,1.0,15,3,3,1.0,4380393123,101 HULDA LN,COLO SPGS,38.79913547,-104.8470569,12SP-35,-104.8470569,38.79913547,38.79918,-104.847112,6.9,False,OH27980,OH027980,12SP-35,OH Transformer Bank,,38.79893446,-104.8464025,25,OH27824,OH027824,12SP-35,OH Transformer Bank,,38.79946803,-104.847327,50,61.0,43.8,same_feeder_ambiguous
1307212,4744,4721,1711,16,16,2,11,0.6875,0.5625,1.0,15,3,3,1.0,8774556247,103 HULDA LN,COLO SPGS,38.79911023,-104.8470605,12SP-35,-104.8470605,38.79911023,38.79918,-104.847112,9.0,False,OH27980,OH027980,12SP-35,OH Transformer Bank,,38.79893446,-104.8464025,25,OH27824,OH027824,12SP-35,OH Transformer Bank,,38.79946803,-104.847327,50,60.3,46.0,same_feeder_ambiguous
1035968,6734,22373,3229,9,9,2,7,0.7778,0.5556,1.0,8,3,3,1.0,769144472,,,38.94835565,-104.7390053,12BG-21,-104.7390053,38.94835565,38.94838,-104.738963,4.6,False,PD2367,PD002367,12BG-21,UG Transformer Bank,RRF-1,38.94785277,-104.7385574,25,PD2368,PD002368,12BG-21,UG Transformer Bank,VRF-39,38.94872592,-104.738413,25,68.0,65.7,same_feeder_ambiguous
1028002,6734,22373,3229,9,9,2,7,0.7778,0.5556,1.0,8,3,3,1.0,769145632,8030 CHANCELLOR DR,COLO SPGS,38.94835522,-104.7389654,12BG-21,-104.7389654,38.94835522,38.94838,-104.738963,2.8,False,PD2367,PD002367,12BG-21,UG Transformer Bank,RRF-1,38.94785277,-104.7385574,25,PD2368,PD002368,12BG-21,UG Transformer Bank,VRF-39,38.94872592,-104.738413,25,66.1,63.1,same_feeder_ambiguous
1146822,2947,2916,4565,9,9,2,7,0.7778,0.5556,1.0,8,3,3,1.0,5822158669,624 SUNSET RD,COLO SPGS,38.84171365,-104.7889995,12AR-1,-104.7889995,38.84171365,38.841804,-104.789252,24.1,False,OH15326,OH015326,12AR-1,OH Transformer Bank,,38.84148215,-104.7893011,50,OH15141,OH015141,12AR-1,OH Transformer Bank,,38.84205902,-104.7893617,50,36.7,49.6,same_feeder_ambiguous
1146835,2947,2916,4565,9,9,2,7,0.7778,0.5556,1.0,8,3,3,1.0,153528658,626 SUNSET RD,COLO SPGS,38.84166678,-104.7892142,12AR-1,-104.7892142,38.84166678,38.841695,-104.789204,3.3,False,OH15326,OH015326,12AR-1,OH Transformer Bank,,38.84148215,-104.7893011,50,OH15141,OH015141,12AR-1,OH Transformer Bank,,38.84205902,-104.7893617,50,21.9,45.4,same_feeder_ambiguous
1026635,344336,344337,6162,9,9,2,7,0.7778,0.5556,1.0,8,3,3,1.0,221903557,4441 ASHER HTS APT 108,COLO SPGS,38.90037506,-104.7210519,12AP-2,-104.7210519,38.90037506,38.900351,-104.721468,36.1,False,PD103824,PD103824,12AP-2,UG Transformer Bank,CEAPT-18,38.90045564,-104.7209401,50,PD103823,PD103823,12AP-2,UG Transformer Bank,CEAPT-17,38.90049533,-104.721379,50,13.2,31.3,same_feeder_ambiguous
1026662,344336,344337,6162,9,9,2,7,0.7778,0.5556,1.0,8,3,3,1.0,3881954171,4441 ASHER HTS APT 107,COLO SPGS,38.90034761,-104.7210522,12AP-2,-104.7210522,38.90034761,38.900351,-104.721468,36.0,False,PD103824,PD103824,12AP-2,UG Transformer Bank,CEAPT-18,38.90045564,-104.7209401,50,PD103823,PD103823,12AP-2,UG Transformer Bank,CEAPT-17,38.90049533,-104.721379,50,15.4,32.7,same_feeder_ambiguous
1068991,19143,19166,6632,9,9,1,6,0.6667,0.5556,1.0,8,3,3,1.0,2222626595,4495 WITCHES HOLLOW LN,COLO SPGS,38.7679175,-104.745063,13KE-71,-104.745063,38.7679175,38.767858,-104.74499,9.2,False,PD7258,PD007258,13KE-71,UG Transformer Bank,RBRA-58,38.76808739,-104.7451669,25,PD7257,PD007257,13KE-71,UG Transformer Bank,RBRA-57,38.76767617,-104.7451607,25,20.9,28.1,same_feeder_ambiguous
1044614,22837,7603,7665,9,9,2,7,0.7778,0.5556,1.0,8,3,3,1.0,1566439392,,,38.93321817,-104.7426486,13BG-1,-104.7426486,38.93321817,38.933272,-104.742674,6.4,False,PD13097,PD013097,13BG-1,UG Transformer Bank,RNW-53,38.93311176,-104.7431281,25,PD15740,PD015740,13BG-1,UG Transformer Bank,RNW-46,38.93365154,-104.7431094,25,43.1,62.5,same_feeder_ambiguous
1048929,22837,7603,7665,9,9,2,7,0.7778,0.5556,1.0,8,3,3,1.0,1566436456,6671 CABIN CREEK DR,COLO SPGS,38.93321828,-104.74269,13BG-1,-104.74269,38.93321828,38.933272,-104.742674,6.1,False,PD13097,PD013097,13BG-1,UG Transformer Bank,RNW-53,38.93311176,-104.7431281,25,PD15740,PD015740,13BG-1,UG Transformer Bank,RNW-46,38.93365154,-104.7431094,25,39.7,60.3,same_feeder_ambiguous
1044959,344337,343441,9316,9,9,2,7,0.7778,0.5556,1.0,8,3,3,1.0,509408859,4771 ROMAN CANDLE PT APT 307,COLO SPGS,38.90037364,-104.7213457,12AP-2,-104.7213457,38.90037364,38.899837,-104.721455,60.4,False,PD103823,PD103823,12AP-2,UG Transformer Bank,CEAPT-17,38.90049533,-104.721379,50,PD103767,PD103767,12AP-2,UG Transformer Bank,CEAPT-10,38.89999302,-104.7213818,50,13.8,42.4,same_feeder_ambiguous
1044960,344337,343441,9316,9,9,2,7,0.7778,0.5556,1.0,8,3,3,1.0,6936826927,4771 ROMAN CANDLE PT APT 308,COLO SPGS,38.9004011,-104.7213454,12AP-2,-104.7213454,38.9004011,38.899837,-104.721455,63.4,False,PD103823,PD103823,12AP-2,UG Transformer Bank,CEAPT-17,38.90049533,-104.721379,50,PD103767,PD103767,12AP-2,UG Transformer Bank,CEAPT-10,38.89999302,-104.7213818,50,10.9,45.5,same_feeder_ambiguous
1090807,116779,116781,11855,9,9,2,7,0.7778,0.5556,1.0,8,3,3,1.0,8995956075,2749 TUMBLEWOOD GRV,COLO SPGS,38.80233746,-104.7767145,13HK-1,-104.7767145,38.80233746,38.802323,-104.776641,6.6,False,PD21453,PD021453,13HK-1,UG Transformer Bank,RSC-106,38.80245069,-104.7772596,25,PD17249,PD017249,13HK-1,UG Transformer Bank,RSC-108,38.80242202,-104.7763974,25,48.9,29.0,same_feeder_ambiguous
1100225,116779,116781,11855,9,9,2,7,0.7778,0.5556,1.0,8,3,3,1.0,6258262642,2741 TUMBLEWOOD GRV,COLO SPGS,38.80233201,-104.7767975,13HK-1,-104.7767975,38.80233201,38.802325,-104.776787,1.2,False,PD21453,PD021453,13HK-1,UG Transformer Bank,RSC-106,38.80245069,-104.7772596,25,PD17249,PD017249,13HK-1,UG Transformer Bank,RSC-108,38.80242202,-104.7763974,25,42.2,36.1,same_feeder_ambiguous
1057931,349867,349853,11911,9,9,2,7,0.7778,0.5556,1.0,8,3,3,1.0,9933511884,9402 TIMBERLAKE LOOP,COLO SPGS,38.92772407,-104.6533372,12FR-32,-104.6533372,38.92772407,38.92769,-104.653327,3.9,False,PD104868,PD104868,12FR-32,UG Transformer Bank,RBLR-394,38.92745483,-104.6536783,25,PD104873,PD104873,12FR-32,UG Transformer Bank,RBLR-395,38.92791834,-104.6535998,50,42.0,31.3,same_feeder_ambiguous
1057930,349867,349853,11911,9,9,2,7,0.7778,0.5556,1.0,8,3,3,1.0,3462965153,9408 TIMBERLAKE LOOP,COLO SPGS,38.92773559,-104.6535452,12FR-32,-104.6535452,38.92773559,38.927701,-104.653535,3.9,False,PD104868,PD104868,12FR-32,UG Transformer Bank,RBLR-394,38.92745483,-104.6536783,25,PD104873,PD104873,12FR-32,UG Transformer Bank,RBLR-395,38.92791834,-104.6535998,50,33.3,20.9,same_feeder_ambiguous
1138508,172493,172492,12886,9,9,1,6,0.6667,0.5556,1.0,8,3,3,1.0,3883815381,,,38.93048926,-104.6770698,12ST-22,-104.6770698,38.93048926,38.930455,-104.67706,3.9,False,PD17000,PD017000,12ST-22,UG Transformer Bank,RBLR-59,38.93062444,-104.6771928,50,PD16998,PD016998,12ST-22,UG Transformer Bank,RBLR-60,38.93136414,-104.6772237,25,18.4,98.2,same_feeder_ambiguous
1070271,5257,188801,16053,9,9,2,7,0.7778,0.5556,1.0,8,3,3,1.0,694409347,349 EVERETT DR,COLO SPGS,38.76460785,-104.7411436,12BY-34,-104.7411436,38.76460785,38.764637,-104.741151,3.3,False,OH21164,OH021164,12BY-34,OH Transformer Bank,,38.76466206,-104.7408371,50,OH22378,OH022378,12BY-34,OH Transformer Bank,,38.76362386,-104.7403207,25,27.2,130.6,same_feeder_ambiguous
1088989,5257,188801,16053,9,9,2,7,0.7778,0.5556,1.0,8,3,3,1.0,5623423774,552 ROSE DR,COLO SPGS,38.76477612,-104.7407894,12BY-34,-104.7407894,38.76477612,38.76481,-104.74079,3.8,False,OH21164,OH021164,12BY-34,OH Transformer Bank,,38.76466206,-104.7408371,50,OH22378,OH022378,12BY-34,OH Transformer Bank,,38.76362386,-104.7403207,25,13.3,134.4,same_feeder_ambiguous
1088209,14716,14674,20005,9,9,1,6,0.6667,0.5556,1.0,8,3,3,1.0,3335459511,1075 VALLEY ST,COLO SPGS,38.84728318,-104.7134196,12PR-1,-104.7134196,38.84728318,38.847276,-104.713409,1.2,False,PD12506,PD012506,12PR-1,UG Transformer Bank,CCI-68,38.84757487,-104.7136496,15,UG5345,UG005345,12PR-1,UG Transformer Bank,CCI-47,38.84798148,-104.7144065,50,38.1,115.5,same_feeder_ambiguous
1130673,210564,14674,20005,9,9,1,6,0.6667,0.5556,1.0,8,3,3,1.0,4028741880,"1081 FORD ST, PHONE EQUIP",COLO SPGS,38.84745253,-104.7117395,12PR-1,-104.7117395,38.84745253,38.847406,-104.711727,5.3,False,PD23150,PD023150,12PR-1,UG Transformer Bank,CQWST-9,38.84693024,-104.7117945,10,UG5345,UG005345,12PR-1,UG Transformer Bank,CCI-47,38.84798148,-104.7144065,50,58.3,238.3,same_feeder_ambiguous
1091502,14585,14674,20005,9,9,1,6,0.6667,0.5556,1.0,8,3,3,1.0,6902452775,6250 SENECA RD,COLO SPGS,38.84868743,-104.7114061,12PR-1,-104.7114061,38.84868743,38.848722,-104.711396,3.9,False,UG5416,UG005416,12PR-1,UG Transformer Bank,CCI-3,38.84889622,-104.7116768,25,UG5345,UG005345,12PR-1,UG Transformer Bank,CCI-47,38.84798148,-104.7144065,50,33.0,271.4,same_feeder_ambiguous
1202208,17992,26968,23817,9,9,1,6,0.6667,0.5556,1.0,8,3,3,1.0,4035674170,810 LOMA PT,COLO SPGS,38.78858623,-104.8126761,13SG-3,-104.8126761,38.78858623,38.788628,-104.812616,7.0,False,PD11139,PD011139,13SG-3,UG Transformer Bank,RMJB-89,38.78863691,-104.8130682,25,PD11138,PD011138,13SG-3,UG Transformer Bank,RMJB-87,38.78860743,-104.8124282,25,34.4,21.6,same_feeder_ambiguous
1123711,12104,12160,27601,9,9,2,7,0.7778,0.5556,1.0,8,3,3,1.0,8887852562,85 SUNFLOWER RD LOT 249,COLO SPGS,38.88408198,-104.8273822,13NP-4,-104.8273822,38.88408198,38.883951,-104.827498,17.7,False,PD15094,PD015094,13NP-4,UG Transformer Bank,MMC-19,38.88462191,-104.8276518,50,PD15093,PD015093,13NP-4,UG Transformer Bank,MMC-18,38.88393451,-104.8276752,50,64.4,30.2,same_feeder_ambiguous
1123673,12104,12160,27601,9,9,2,7,0.7778,0.5556,1.0,8,3,3,1.0,8733130296,85 SUNFLOWER RD LOT 251,COLO SPGS,38.88422991,-104.8274008,13NP-4,-104.8274008,38.88422991,38.884076,-104.827499,19.1,False,PD15094,PD015094,13NP-4,UG Transformer Bank,MMC-19,38.88462191,-104.8276518,50,PD15093,PD015093,13NP-4,UG Transformer Bank,MMC-18,38.88393451,-104.8276752,50,48.7,40.5,same_feeder_ambiguous
1206262,25699,25698,28173,9,9,2,7,0.7778,0.5556,1.0,8,3,3,1.0,8306504987,1825 LANDIS CT,COLO SPGS,38.85286446,-104.8489199,13Y-1,-104.8489199,38.85286446,38.852812,-104.848947,6.3,False,PD8878,PD008878,13Y-1,UG Transformer Bank,RGK-3,38.85315801,-104.8489663,50,PD2184,PD002184,13Y-1,UG Transformer Bank,RGK-2,38.85312726,-104.8492189,75,32.9,39.0,same_feeder_ambiguous
1206261,25699,25698,28173,9,9,2,7,0.7778,0.5556,1.0,8,3,3,1.0,8203800393,1827 LANDIS CT,COLO SPGS,38.85286346,-104.8489583,13Y-1,-104.8489583,38.85286346,38.852812,-104.848947,5.8,False,PD8878,PD008878,13Y-1,UG Transformer Bank,RGK-3,38.85315801,-104.8489663,50,PD2184,PD002184,13Y-1,UG Transformer Bank,RGK-2,38.85312726,-104.8492189,75,32.8,37.0,same_feeder_ambiguous
1134539,6786,22409,29497,9,9,2,7,0.7778,0.5556,1.0,8,3,3,1.0,9194454170,1908 SILKWOOD DR,COLO SPGS,38.94731187,-104.7874964,13CW-3,-104.7874964,38.94731187,38.94734,-104.787486,3.3,False,PD3849,PD003849,13CW-3,UG Transformer Bank,RSCA-6,38.94733661,-104.7879361,25,PD3845,PD003845,13CW-3,UG Transformer Bank,RSCA-9,38.947547,-104.787309,25,38.1,30.8,same_feeder_ambiguous
1136444,6786,22409,29497,9,9,2,7,0.7778,0.5556,1.0,8,3,3,1.0,9194459728,,,38.94734641,-104.787496,13CW-3,-104.787496,38.94734641,38.94734,-104.787486,1.1,False,PD3849,PD003849,13CW-3,UG Transformer Bank,RSCA-6,38.94733661,-104.7879361,25,PD3845,PD003845,13CW-3,UG Transformer Bank,RSCA-9,38.947547,-104.787309,25,38.1,27.6,same_feeder_ambiguous
1282228,19512,19506,31154,9,9,2,7,0.7778,0.5556,1.0,8,3,3,1.0,8457944006,5080 KETTLEGLEN CT,COLO SPGS,38.75839029,-104.8169975,12JL-1,-104.8169975,38.75839029,38.758297,-104.817104,13.9,False,PD12416,PD012416,12JL-1,UG Transformer Bank,RRBG-30,38.7584041,-104.8176102,50,PD12415,PD012415,12JL-1,UG Transformer Bank,RRBG-29,38.75856957,-104.816767,25,53.1,28.2,same_feeder_ambiguous
1282268,19512,19506,31154,9,9,2,7,0.7778,0.5556,1.0,8,3,3,1.0,6123205405,5070 KETTLEGLEN CT,COLO SPGS,38.75854019,-104.8172313,12JL-1,-104.8172313,38.75854019,38.758556,-104.81743,17.3,False,PD12416,PD012416,12JL-1,UG Transformer Bank,RRBG-30,38.7584041,-104.8176102,50,PD12415,PD012415,12JL-1,UG Transformer Bank,RRBG-29,38.75856957,-104.816767,25,36.2,40.4,same_feeder_ambiguous
1286002,26765,17535,43948,9,9,2,7,0.7778,0.5556,1.0,8,3,3,1.0,285332,"2529 WOODSIDE LN, HSEMTR",COLO SPGS,38.79609905,-104.8209068,13SG-2,-104.8209068,38.79609905,38.796115,-104.820875,3.3,False,UG19131,UG019131,13SG-2,UG Transformer Bank,AWR-7,38.79601741,-104.8208968,25,UG19130,UG019130,13SG-2,UG Transformer Bank,AWR-6,38.79575238,-104.8206202,50,9.1,45.9,same_feeder_ambiguous
1279507,26765,17535,43948,9,9,2,7,0.7778,0.5556,1.0,8,3,3,1.0,1809141874,2529 WOODSIDE LN APT 4,COLO SPGS,38.79617198,-104.8209061,13SG-2,-104.8209061,38.79617198,38.796115,-104.820875,6.9,False,UG19131,UG019131,13SG-2,UG Transformer Bank,AWR-7,38.79601741,-104.8208968,25,UG19130,UG019130,13SG-2,UG Transformer Bank,AWR-6,38.79575238,-104.8206202,50,17.2,52.8,same_feeder_ambiguous
1220681,19068,19038,44812,9,9,1,6,0.6667,0.5556,1.0,8,3,3,1.0,3883616146,4240 PEBBLE RIDGE CIR APT 82,COLO SPGS,38.76977389,-104.8118127,13SR-1,-104.8118127,38.76977389,38.770039,-104.811911,30.7,False,PD12192,PD012192,13SR-1,UG Transformer Bank,CCR-8,38.76969873,-104.811687,75,PD12190,PD012190,13SR-1,UG Transformer Bank,CCR-7,38.77030108,-104.8119192,100,13.7,59.3,same_feeder_ambiguous
1228247,8507,8526,46105,9,9,2,7,0.7778,0.5556,1.0,8,3,3,1.0,4044384112,3221 HEARTHRIDGE CIR,COLO SPGS,38.9239324,-104.7665928,13CW-12,-104.7665928,38.9239324,38.923966,-104.766587,3.8,False,PD8537,PD008537,13CW-12,UG Transformer Bank,CDFC-7,38.92418945,-104.7664989,50,PD8535,PD008535,13CW-12,UG Transformer Bank,CDFC-8,38.92401308,-104.7668592,25,29.7,24.7,same_feeder_ambiguous
1228248,8507,8526,46105,9,9,2,7,0.7778,0.5556,1.0,8,3,3,1.0,8240910217,3223 HEARTHRIDGE CIR,COLO SPGS,38.92394432,-104.766522,13CW-12,-104.766522,38.92394432,38.923975,-104.766527,3.4,False,PD8537,PD008537,13CW-12,UG Transformer Bank,CDFC-7,38.92418945,-104.7664989,50,PD8535,PD008535,13CW-12,UG Transformer Bank,CDFC-8,38.92401308,-104.7668592,25,27.3,30.2,same_feeder_ambiguous
1266297,9398,9428,46543,9,9,2,7,0.7778,0.5556,1.0,8,3,3,1.0,1293723856,2545 VANTAGE RIDGE CT,COLO SPGS,38.9148948,-104.8745094,13IP-3,-104.8745094,38.9148948,38.914888,-104.874499,1.2,False,PD13652,PD013652,13IP-3,UG Transformer Bank,RMSV-14,38.91543065,-104.8745986,50,PD10057,PD010057,13IP-3,UG Transformer Bank,RMSV-13,38.91504185,-104.874045,50,60.1,43.4,same_feeder_ambiguous
1266295,9398,9428,46543,9,9,2,7,0.7778,0.5556,1.0,8,3,3,1.0,8151052720,2525 VANTAGE RIDGE CT,COLO SPGS,38.91512806,-104.8744568,13IP-3,-104.8744568,38.91512806,38.915159,-104.874426,4.4,False,PD13652,PD013652,13IP-3,UG Transformer Bank,RMSV-14,38.91543065,-104.8745986,50,PD10057,PD010057,13IP-3,UG Transformer Bank,RMSV-13,38.91504185,-104.874045,50,35.8,36.9,same_feeder_ambiguous
1272227,4669,17155,48517,9,9,2,7,0.7778,0.5556,1.0,8,3,3,1.0,7117623142,1128 MONTROSE AVE,COLO SPGS,38.80045384,-104.8082178,13HK-2,-104.8082178,38.80045384,38.800468,-104.808205,1.9,False,OH29737,OH029737,13HK-2,OH Transformer Bank,,38.80056094,-104.8082591,25,PD14605,PD014605,13HK-2,UG Transformer Bank,RPMS-18,38.80115411,-104.8082013,25,12.4,77.9,same_feeder_ambiguous
1272228,4669,17155,48517,9,9,2,7,0.7778,0.5556,1.0,8,3,3,1.0,9515811602,1126 MONTROSE AVE,COLO SPGS,38.80043302,-104.8083994,13HK-2,-104.8083994,38.80043302,38.800464,-104.808396,3.5,False,OH29737,OH029737,13HK-2,OH Transformer Bank,,38.80056094,-104.8082591,25,PD14605,PD014605,13HK-2,UG Transformer Bank,RPMS-18,38.80115411,-104.8082013,25,18.7,82.0,same_feeder_ambiguous
1288129,9322,23604,51482,9,9,2,7,0.7778,0.5556,1.0,8,3,3,1.0,3675289155,5848 VIA VERONA VW,COLO SPGS,38.91687843,-104.8752742,12WR-2,-104.8752742,38.91687843,38.916837,-104.8752,7.9,False,PD16229,PD016229,12WR-2,UG Transformer Bank,RTVI-3,38.91659748,-104.8750099,50,PD13150,PD013150,12WR-2,UG Transformer Bank,RTVI-2,38.91704715,-104.8747617,50,38.7,48.1,same_feeder_ambiguous
1288130,9322,23604,51482,9,9,2,7,0.7778,0.5556,1.0,8,3,3,1.0,8613794794,5856 VIA VERONA VW,COLO SPGS,38.91699395,-104.875211,12WR-2,-104.875211,38.91699395,38.916955,-104.875124,8.7,False,PD16229,PD016229,12WR-2,UG Transformer Bank,RTVI-3,38.91659748,-104.8750099,50,PD13150,PD013150,12WR-2,UG Transformer Bank,RTVI-2,38.91704715,-104.8747617,50,47.4,39.3,same_feeder_ambiguous
1102160,89567,17109,4729,11,11,1,7,0.6364,0.5455,1.0,10,3,3,1.0,5802000347,1925 AEROPLAZA DR,COLO SPGS,38.80324434,-104.7348256,13KE-64,-104.7348256,38.80324434,38.803238,-104.734815,1.2,False,PD19523,PD019523,13KE-64,UG Transformer Bank,CAGM-1,38.80308874,-104.7347977,25,PD5523,PD005523,13KE-64,UG Transformer Bank,RHZ-12,38.80150203,-104.7351298,75,17.5,195.5,same_feeder_ambiguous
1093146,88613,17109,4729,11,11,1,7,0.6364,0.5455,1.0,10,3,3,1.0,7053093873,2042 AEROTECH DR,COLO SPGS,38.8013021,-104.733162,13KE-64,-104.733162,38.8013021,38.801167,-104.733241,16.5,False,PD19520,PD019520,13KE-64,UG Transformer Bank,CTP-4,38.80122683,-104.7330963,25,PD5523,PD005523,13KE-64,UG Transformer Bank,RHZ-12,38.80150203,-104.7351298,75,10.1,172.0,same_feeder_ambiguous
1149985,14705,25838,25800,11,11,1,7,0.6364,0.5455,1.0,10,3,3,1.0,99425195,5102 GALLEY RD LOT 410AW,COLO SPGS,38.84783014,-104.7379314,13PV-3,-104.7379314,38.84783014,38.84787,-104.737916,4.6,False,UG5058,UG005058,13PV-3,UG Transformer Bank,MCP-16,38.84783675,-104.7375452,25,UG5062,UG005062,13PV-3,UG Transformer Bank,MCP-28,38.84841876,-104.7382949,25,33.5,72.6,same_feeder_ambiguous
1054677,345360,345359,4102,13,13,2,9,0.6923,0.5385,1.0,12,3,3,1.0,1678759405,,,38.92719894,-104.657101,12FR-32,-104.657101,38.92719894,38.927137,-104.657091,6.9,False,PD104685,PD104685,12FR-32,UG Transformer Bank,RBLR-357,38.92713991,-104.6575143,50,PD104686,PD104686,12FR-32,UG Transformer Bank,RBLR-358,38.92759519,-104.657499,50,36.3,55.9,same_feeder_ambiguous
1065076,345360,345359,4102,13,13,2,9,0.6923,0.5385,1.0,12,3,3,1.0,1678759412,6574 GOLDEN BRIAR LN,COLO SPGS,38.92714403,-104.6571016,12FR-32,-104.6571016,38.92714403,38.927137,-104.657091,1.2,False,PD104685,PD104685,12FR-32,UG Transformer Bank,RBLR-357,38.92713991,-104.6575143,50,PD104686,PD104686,12FR-32,UG Transformer Bank,RBLR-358,38.92759519,-104.657499,50,35.7,60.8,same_feeder_ambiguous
1065075,345362,345359,4102,13,13,2,9,0.6923,0.5385,1.0,12,3,3,1.0,1435342794,6688 GOLDEN BRIAR LN,COLO SPGS,38.92722643,-104.6589056,12FR-32,-104.6589056,38.92722643,38.92722,-104.658895,1.2,False,PD104683,PD104683,12FR-32,UG Transformer Bank,RBLR-355,38.9270939,-104.6587237,50,PD104686,PD104686,12FR-32,UG Transformer Bank,RBLR-358,38.92759519,-104.657499,50,21.6,128.4,same_feeder_ambiguous
1054641,345362,345359,4102,13,13,2,9,0.6923,0.5385,1.0,12,3,3,1.0,1435342729,,,38.92728134,-104.658905,12FR-32,-104.658905,38.92728134,38.92722,-104.658895,6.9,False,PD104683,PD104683,12FR-32,UG Transformer Bank,RBLR-355,38.9270939,-104.6587237,50,PD104686,PD104686,12FR-32,UG Transformer Bank,RBLR-358,38.92759519,-104.657499,50,26.1,126.5,same_feeder_ambiguous
1299555,21708,4929,49966,17,17,4,13,0.7647,0.5294,1.0,16,3,3,1.0,9699191584,2015 OAK WAY,COLO SPGS,38.79116696,-104.862688,13BR-3,-104.862688,38.79116696,38.7912,-104.86268,3.7,False,OH29342,OH029342,13BR-3,OH Transformer Bank,,38.79121484,-104.862939,15,OH29000,OH029000,13BR-3,OH Transformer Bank,,38.79147124,-104.8615732,15,22.4,102.4,same_feeder_ambiguous
1299543,21708,4929,49966,17,17,4,13,0.7647,0.5294,1.0,16,3,3,1.0,4691823703,2012 OAK WAY,COLO SPGS,38.79143502,-104.8626511,13BR-3,-104.8626511,38.79143502,38.791455,-104.862639,2.5,False,OH29342,OH029342,13BR-3,OH Transformer Bank,,38.79121484,-104.862939,15,OH29000,OH029000,13BR-3,OH Transformer Bank,,38.79147124,-104.8615732,15,35.0,93.5,same_feeder_ambiguous
1299545,21708,4929,49966,17,17,4,13,0.7647,0.5294,1.0,16,3,3,1.0,4561389734,2009 OAK WAY,COLO SPGS,38.79111555,-104.8624077,13BR-3,-104.8624077,38.79111555,38.791142,-104.862394,3.2,False,OH29342,OH029342,13BR-3,OH Transformer Bank,,38.79121484,-104.862939,15,OH29000,OH029000,13BR-3,OH Transformer Bank,,38.79147124,-104.8615732,15,47.4,82.4,same_feeder_ambiguous
1299556,21708,4929,49966,17,17,4,13,0.7647,0.5294,1.0,16,3,3,1.0,6366576176,2017 OAK WAY,COLO SPGS,38.79112525,-104.862686,13BR-3,-104.862686,38.79112525,38.7912,-104.86268,8.3,False,OH29342,OH029342,13BR-3,OH Transformer Bank,,38.79121484,-104.862939,15,OH29000,OH029000,13BR-3,OH Transformer Bank,,38.79147124,-104.8615732,15,24.1,103.8,same_feeder_ambiguous
1307210,4746,4721,1711,16,16,3,11,0.6875,0.5,1.0,15,3,3,1.0,5270751845,102 HULDA LN,COLO SPGS,38.79908373,-104.8474573,12SP-35,-104.8474573,38.79908373,38.799117,-104.84745,3.8,False,OH27976,OH027976,12SP-35,OH Transformer Bank,,38.79887889,-104.8471701,25,OH27824,OH027824,12SP-35,OH Transformer Bank,,38.79946803,-104.847327,50,33.7,44.2,same_feeder_ambiguous
1004925,4746,4721,1711,16,16,3,11,0.6875,0.5,1.0,15,3,3,1.0,5568572729,102 1/2 HULDA LN,COLO SPGS,38.7990853,-104.847431,12SP-35,-104.847431,38.7990853,38.799117,-104.84745,3.9,False,OH27976,OH027976,12SP-35,OH Transformer Bank,,38.79887889,-104.8471701,25,OH27824,OH027824,12SP-35,OH Transformer Bank,,38.79946803,-104.847327,50,32.2,43.5,same_feeder_ambiguous
1307211,4746,4721,1711,16,16,3,11,0.6875,0.5,1.0,15,3,3,1.0,4838192473,104 HULDA LN,COLO SPGS,38.79881602,-104.8474037,12SP-35,-104.8474037,38.79881602,38.798846,-104.847397,3.4,False,OH27976,OH027976,12SP-35,OH Transformer Bank,,38.79887889,-104.8471701,25,OH27824,OH027824,12SP-35,OH Transformer Bank,,38.79946803,-104.847327,50,21.4,72.8,same_feeder_ambiguous
1110163,21779,5145,25018,16,16,4,12,0.75,0.5,1.0,15,3,3,1.0,8374111800,1127 MAXWELL ST,COLO SPGS,38.77229372,-104.7770096,12BY-31,-104.7770096,38.77229372,38.772285,-104.776985,2.3,False,OH52166,OH052166,12BY-31,OH Transformer Bank,,38.77250902,-104.7769278,50,OH17701,OH017701,12BY-31,OH Transformer Bank,,38.77127016,-104.7758508,50,25.0,151.8,same_feeder_ambiguous
1111197,21779,5145,25018,16,16,4,12,0.75,0.5,1.0,15,3,3,1.0,4334855568,1123 MAXWELL ST,COLO SPGS,38.77249628,-104.7773809,12BY-31,-104.7773809,38.77249628,38.772526,-104.777384,3.3,False,OH52166,OH052166,12BY-31,OH Transformer Bank,,38.77250902,-104.7769278,50,OH17701,OH017701,12BY-31,OH Transformer Bank,,38.77127016,-104.7758508,50,39.3,190.2,same_feeder_ambiguous
1111199,21779,5145,25018,16,16,4,12,0.75,0.5,1.0,15,3,3,1.0,4790470919,1125 MAXWELL ST,COLO SPGS,38.77237541,-104.7771879,12BY-31,-104.7771879,38.77237541,38.772406,-104.777192,3.4,False,OH52166,OH052166,12BY-31,OH Transformer Bank,,38.77250902,-104.7769278,50,OH17701,OH017701,12BY-31,OH Transformer Bank,,38.77127016,-104.7758508,50,27.0,168.9,same_feeder_ambiguous
1111196,21779,5145,25018,16,16,4,12,0.75,0.5,1.0,15,3,3,1.0,6102443891,1119 MAXWELL ST,COLO SPGS,38.7727283,-104.7771141,12BY-31,-104.7771141,38.7727283,38.77276,-104.777088,4.2,False,OH52166,OH052166,12BY-31,OH Transformer Bank,,38.77250902,-104.7769278,50,OH17701,OH017701,12BY-31,OH Transformer Bank,,38.77127016,-104.7758508,50,29.2,195.7,same_feeder_ambiguous
1233016,,535788,26053,15,14,0,7,0.5,0.5,1.0,14,3,3,1.0,6983969710,705 BELLEZA VW,COLO SPGS,38.87110475,-104.8409021,12FT-1,-104.8409021,38.87110475,38.871075,-104.84089,3.5,False,,,,,,,,,PD110058,PD110058,12FT-1,UG Transformer Bank,RCNN-6,38.87136738,-104.8410413,25,,31.6,new_assignment
1088792,349711,349710,11767,12,12,3,9,0.75,0.5,1.0,11,3,3,1.0,7267266652,7220 PREBLE DR,COLO SPGS,38.84577487,-104.6929758,12CL-12,-104.6929758,38.84577487,38.845741,-104.692966,3.9,False,PD104827,PD104827,12CL-12,UG Transformer Bank,RMBC-4,38.84551879,-104.6927945,50,PD104826,PD104826,12CL-12,UG Transformer Bank,RMBC-1,38.84579328,-104.6922996,50,32.5,58.6,same_feeder_ambiguous
1074042,349711,349710,11767,12,12,3,9,0.75,0.5,1.0,11,3,3,1.0,3070784509,,,38.84588522,-104.692823,12CL-12,-104.692823,38.84588522,38.845823,-104.692813,7.0,False,PD104827,PD104827,12CL-12,UG Transformer Bank,RMBC-4,38.84551879,-104.6927945,50,PD104826,PD104826,12CL-12,UG Transformer Bank,RMBC-1,38.84579328,-104.6922996,50,40.8,46.5,same_feeder_ambiguous
1052301,349711,349710,11767,12,12,3,9,0.75,0.5,1.0,11,3,3,1.0,3070784526,7232 PREBLE DR,COLO SPGS,38.8458303,-104.6928237,12CL-12,-104.6928237,38.8458303,38.845823,-104.692813,1.2,False,PD104827,PD104827,12CL-12,UG Transformer Bank,RMBC-4,38.84551879,-104.6927945,50,PD104826,PD104826,12CL-12,UG Transformer Bank,RMBC-1,38.84579328,-104.6922996,50,34.7,45.6,same_feeder_ambiguous
1158701,3804,3812,28991,12,12,3,9,0.75,0.5,1.0,11,3,3,1.0,4277981229,2416 BANDELIER DR,COLO SPGS,38.82460807,-104.784719,12EG-2,-104.784719,38.82460807,38.8246,-104.784758,3.5,False,OH18697,OH018697,12EG-2,OH Transformer Bank,,38.82485606,-104.7843667,25,OH18689,OH018689,12EG-2,OH Transformer Bank,,38.82458949,-104.7852409,25,41.1,45.3,same_feeder_ambiguous
1159673,3804,3812,28991,12,12,3,9,0.75,0.5,1.0,11,3,3,1.0,1816531100,2415 AIRPORT RD,COLO SPGS,38.82498407,-104.7849109,12EG-2,-104.7849109,38.82498407,38.824989,-104.784914,0.6,False,OH18697,OH018697,12EG-2,OH Transformer Bank,,38.82485606,-104.7843667,25,OH18689,OH018689,12EG-2,OH Transformer Bank,,38.82458949,-104.7852409,25,49.2,52.4,same_feeder_ambiguous
1165235,3804,3812,28991,12,12,3,9,0.75,0.5,1.0,11,3,3,1.0,7727848751,2419 AIRPORT RD,COLO SPGS,38.82502818,-104.7847024,12EG-2,-104.7847024,38.82502818,38.825057,-104.784689,3.4,False,OH18697,OH018697,12EG-2,OH Transformer Bank,,38.82485606,-104.7843667,25,OH18689,OH018689,12EG-2,OH Transformer Bank,,38.82458949,-104.7852409,25,34.8,67.5,same_feeder_ambiguous
1126562,11660,24745,28291,10,10,2,7,0.7,0.5,1.0,9,3,3,1.0,4472719671,3825 HILL CIR,COLO SPGS,38.8886848,-104.8647532,13IP-3,-104.8647532,38.8886848,38.88872,-104.864743,4.0,False,PD8912,PD008912,13IP-3,UG Transformer Bank,RKC-129,38.88887836,-104.8645672,25,PD8903,PD008903,13IP-3,UG Transformer Bank,RKC-132,38.88771813,-104.8665307,50,26.9,187.7,same_feeder_ambiguous
1176575,11660,24745,28291,10,10,2,7,0.7,0.5,1.0,9,3,3,1.0,5062176008,3835 HILL CIR,COLO SPGS,38.88871135,-104.8643337,13IP-3,-104.8643337,38.88871135,38.888721,-104.864326,1.3,False,PD8912,PD008912,13IP-3,UG Transformer Bank,RKC-129,38.88887836,-104.8645672,25,PD8903,PD008903,13IP-3,UG Transformer Bank,RKC-132,38.88771813,-104.8665307,50,27.4,219.9,same_feeder_ambiguous
1282416,4580,4594,49128,10,10,2,7,0.7,0.5,1.0,9,3,3,1.0,6254478700,6 SOMMERLYN RD,COLO SPGS,38.8032011,-104.8248694,13SG-2,-104.8248694,38.8032011,38.803208,-104.825864,86.2,False,OH40492,OH040492,13SG-2,OH Transformer Bank,,38.80354756,-104.8248757,25,OH41023,OH041023,13SG-2,OH Transformer Bank,,38.80304938,-104.8266181,50,38.5,152.5,same_feeder_ambiguous
1282239,4580,4594,49128,10,10,2,7,0.7,0.5,1.0,9,3,3,1.0,1827689841,20 SOMMERLYN RD,COLO SPGS,38.80317894,-104.8253391,13SG-2,-104.8253391,38.80317894,38.803187,-104.826327,85.6,False,OH40492,OH040492,13SG-2,OH Transformer Bank,,38.80354756,-104.8248757,25,OH41023,OH041023,13SG-2,OH Transformer Bank,,38.80304938,-104.8266181,50,57.4,111.8,same_feeder_ambiguous
1001373,244,232,468,8,8,1,5,0.625,0.5,1.0,7,3,3,1.0,4979443462,10980 COTTAGE ST,GN MTN FLS,38.93660473,-105.0242385,12GM-4,-105.0242385,38.93660473,38.936574,-105.024125,10.4,False,OH49044,OH049044,12GM-4,OH Transformer Bank,,38.93626765,-105.0246172,15,OH49041,OH049041,12GM-4,OH Transformer Bank,,38.93668488,-105.0236538,15,49.8,51.4,same_feeder_ambiguous
1005220,109106,109104,1686,8,8,2,6,0.75,0.5,1.0,7,3,3,1.0,8308377485,4763 KERRY LYNN VW,COLO SPGS,38.90160499,-104.6970091,12ST-3,-104.6970091,38.90160499,38.901598,-104.696999,1.2,False,PD16823,PD016823,12ST-3,UG Transformer Bank,RVM1-4,38.90166715,-104.6971769,25,PD16822,PD016822,12ST-3,UG Transformer Bank,RVM1-3,38.90131882,-104.6971769,25,16.1,35.0,same_feeder_ambiguous
1005219,109106,109104,1686,8,8,2,6,0.75,0.5,1.0,7,3,3,1.0,2396881838,4761 KERRY LYNN VW,COLO SPGS,38.90159074,-104.6969299,12ST-3,-104.6969299,38.90159074,38.901584,-104.696919,1.2,False,PD16823,PD016823,12ST-3,UG Transformer Bank,RVM1-4,38.90166715,-104.6971769,25,PD16822,PD016822,12ST-3,UG Transformer Bank,RVM1-3,38.90131882,-104.6971769,25,23.0,37.0,same_feeder_ambiguous
1006203,11852,11897,1834,8,8,2,6,0.75,0.5,1.0,7,3,3,1.0,4498760160,6410 SHOWHORSE CT,COLO SPGS,38.88611935,-104.7086401,12CL-11,-104.7086401,38.88611935,38.886129,-104.708632,1.3,False,PD8719,PD008719,12CL-11,UG Transformer Bank,RCSR-97,38.88633819,-104.7083297,25,PD8637,PD008637,12CL-11,UG Transformer Bank,RCSR-92,38.88585165,-104.7081835,25,36.2,49.5,same_feeder_ambiguous
1006204,11852,11897,1834,8,8,2,6,0.75,0.5,1.0,7,3,3,1.0,5350594674,6416 SHOWHORSE CT,COLO SPGS,38.88621069,-104.7083301,12CL-11,-104.7083301,38.88621069,38.886074,-104.708322,15.2,False,PD8719,PD008719,12CL-11,UG Transformer Bank,RCSR-97,38.88633819,-104.7083297,25,PD8637,PD008637,12CL-11,UG Transformer Bank,RCSR-92,38.88585165,-104.7081835,25,14.2,41.9,same_feeder_ambiguous
1145619,2853,2870,3079,8,8,2,6,0.75,0.5,1.0,7,3,3,1.0,6837288390,720 BONFOY AVE FRNT,COLO SPGS,38.84302849,-104.79324,12PL-2,-104.79324,38.84302849,38.843049,-104.793223,2.7,False,OH69653,OH069653,12PL-2,OH Transformer Bank,,38.84296254,-104.7934276,75,OH14569,OH014569,12PL-2,OH Transformer Bank,,38.84276728,-104.7936711,45,17.8,47.3,same_feeder_ambiguous
1145648,2853,2870,3079,8,8,2,6,0.75,0.5,1.0,7,3,3,1.0,9860551685,720 BONFOY AVE REAR,COLO SPGS,38.84306852,-104.7934715,12PL-2,-104.7934715,38.84306852,38.843049,-104.793223,21.6,False,OH69653,OH069653,12PL-2,OH Transformer Bank,,38.84296254,-104.7934276,75,OH14569,OH014569,12PL-2,OH Transformer Bank,,38.84276728,-104.7936711,45,12.4,37.7,same_feeder_ambiguous
1046974,65249,40616,3833,8,8,1,5,0.625,0.5,1.0,7,3,3,1.0,5097623689,"6582 SHIMMERING CREEK DR, SPKG",COLO SPGS,38.92158825,-104.7014501,12ST-21,-104.7014501,38.92158825,38.921573,-104.701391,5.4,False,PD16613,PD016613,12ST-1,UG Transformer Bank,RRV-428,38.92193674,-104.7018873,25,PD19759,PD019759,12BG-24,UG Transformer Bank,RRV-242,38.92060575,-104.7009388,25,54.1,117.9,cross_feeder_likely_gis_error
1012976,336002,336000,3977,8,8,2,6,0.75,0.5,1.0,7,3,3,1.0,2622534953,,,38.92764806,-104.6651906,12ST-22,-104.6651906,38.92764806,38.927674,-104.665182,3.0,False,PD103508,PD103508,12ST-22,UG Transformer Bank,RBLR-289,38.92788023,-104.6647213,50,PD103510,PD103510,12ST-22,UG Transformer Bank,RBLR-287,38.92783862,-104.6659039,50,48.1,65.2,same_feeder_ambiguous
1052489,336002,336000,3977,8,8,2,6,0.75,0.5,1.0,7,3,3,1.0,2622534930,8738 TRANQUIL KNOLL LN,COLO SPGS,38.92768088,-104.6651926,12ST-22,-104.6651926,38.92768088,38.927674,-104.665182,1.2,False,PD103508,PD103508,12ST-22,UG Transformer Bank,RBLR-289,38.92788023,-104.6647213,50,PD103510,PD103510,12ST-22,UG Transformer Bank,RBLR-287,38.92783862,-104.6659039,50,46.4,64.0,same_feeder_ambiguous
1184700,27451,19622,4012,8,8,1,5,0.625,0.5,1.0,7,3,3,1.0,9545487598,5425 BROADMOOR BLUFFS DR,COLO SPGS,38.75223267,-104.8330556,12JL-2,-104.8330556,38.75223267,38.752157,-104.833081,8.7,False,PD12423,PD012423,12JL-2,UG Transformer Bank,RBO-17,38.75302389,-104.8331608,25,PD12440,PD012440,12JL-2,UG Transformer Bank,RGOB-16,38.75158456,-104.8352326,25,88.5,202.1,same_feeder_ambiguous
1128556,23898,23883,7160,8,8,2,6,0.75,0.5,1.0,7,3,3,1.0,1920737067,5309 WINDGATE CT,COLO SPGS,38.90827157,-104.7338869,12AP-4,-104.7338869,38.90827157,38.908291,-104.733881,2.2,False,PD4031,PD004031,12AP-4,UG Transformer Bank,RSW-12,38.9078188,-104.7336952,25,PD4022,PD004022,12AP-4,UG Transformer Bank,RSW-11,38.90826336,-104.7345035,25,53.0,53.4,same_feeder_ambiguous
1027549,23898,23883,7160,8,8,2,6,0.75,0.5,1.0,7,3,3,1.0,5153590542,5283 WINDGATE CT,COLO SPGS,38.90818963,-104.7337436,12AP-4,-104.7337436,38.90818963,38.908209,-104.733741,2.2,False,PD4031,PD004031,12AP-4,UG Transformer Bank,RSW-12,38.9078188,-104.7336952,25,PD4022,PD004022,12AP-4,UG Transformer Bank,RSW-11,38.90826336,-104.7345035,25,41.4,66.3,same_feeder_ambiguous
1047425,10857,10822,11797,8,8,2,6,0.75,0.5,1.0,7,3,3,1.0,3651309144,4845 BLUESTEM DR,COLO SPGS,38.89780933,-104.7377646,12AP-2,-104.7377646,38.89780933,38.897801,-104.737754,1.3,False,PD4680,PD004680,12AP-2,UG Transformer Bank,RCP-7,38.8975635,-104.7376369,50,UG9878,UG009878,12AP-2,UG Transformer Bank,RCP-8,38.89792727,-104.7376341,50,29.5,17.3,same_feeder_ambiguous
1047426,10857,10822,11797,8,8,2,6,0.75,0.5,1.0,7,3,3,1.0,6218601732,4847 BLUESTEM DR,COLO SPGS,38.89774252,-104.7377571,12AP-2,-104.7377571,38.89774252,38.897737,-104.737753,0.7,False,PD4680,PD004680,12AP-2,UG Transformer Bank,RCP-7,38.8975635,-104.7376369,50,UG9878,UG009878,12AP-2,UG Transformer Bank,RCP-8,38.89792727,-104.7376341,50,22.5,23.1,same_feeder_ambiguous
1119698,370224,370222,14304,8,8,2,6,0.75,0.5,1.0,7,3,3,1.0,7378320641,1902 WALNUT CREEK CT,COLO SPGS,39.00828532,-104.7908333,12FH-13,-104.7908333,39.00828532,39.008251,-104.790823,3.9,False,PD105142,PD105142,12FH-13,UG Transformer Bank,RFLY-6,39.0084688,-104.7902231,50,PD105141,PD105141,12FH-13,UG Transformer Bank,RFLY-5,39.00733897,-104.7912839,50,56.5,112.2,same_feeder_ambiguous
1063214,370224,370222,14304,8,8,2,6,0.75,0.5,1.0,7,3,3,1.0,4160274115,1896 WALNUT CREEK CT,COLO SPGS,39.00811108,-104.790997,12FH-13,-104.790997,39.00811108,39.008104,-104.790987,1.2,False,PD105142,PD105142,12FH-13,UG Transformer Bank,RFLY-6,39.0084688,-104.7902231,50,PD105141,PD105141,12FH-13,UG Transformer Bank,RFLY-5,39.00733897,-104.7912839,50,77.8,89.4,same_feeder_ambiguous
1078700,19160,19163,15743,8,8,1,5,0.625,0.5,1.0,7,3,3,1.0,5546974776,4913 WITCHES HOLLOW LN,COLO SPGS,38.76739003,-104.7417893,13KE-71,-104.7417893,38.76739003,38.767378,-104.741721,6.1,False,PD8132,PD008132,13KE-71,UG Transformer Bank,RBRA-67,38.76769423,-104.7422036,25,PD8131,PD008131,13KE-71,UG Transformer Bank,RBRA-68,38.76769898,-104.7414243,25,49.3,46.7,same_feeder_ambiguous
1302662,6478,6509,17004,8,8,2,6,0.75,0.5,1.0,7,3,3,1.0,6892292760,3010 CLIPPER DR,COLO SPGS,38.95153694,-104.7708247,13CW-11,-104.7708247,38.95153694,38.95155,-104.770866,3.9,False,PD3160,PD003160,13CW-11,UG Transformer Bank,RWB-15,38.95199784,-104.7706954,25,PD3161,PD003161,13CW-11,UG Transformer Bank,RWB-14,38.95156099,-104.7701934,25,52.5,54.7,same_feeder_ambiguous
1138048,6478,6509,17004,8,8,2,6,0.75,0.5,1.0,7,3,3,1.0,458203978,8252 BRIGANTINE DR,COLO SPGS,38.95168377,-104.7705891,13CW-11,-104.7705891,38.95168377,38.951711,-104.770571,3.4,False,PD3160,PD003160,13CW-11,UG Transformer Bank,RWB-15,38.95199784,-104.7706954,25,PD3161,PD003161,13CW-11,UG Transformer Bank,RWB-14,38.95156099,-104.7701934,25,36.1,36.8,same_feeder_ambiguous
1153889,2478,2384,19591,8,8,2,6,0.75,0.5,1.0,7,3,3,1.0,2689090459,1325 DELAWARE DR,COLO SPGS,38.85240532,-104.7591348,13RI-12,-104.7591348,38.85240532,38.852433,-104.75913,3.1,False,OH3180,OH003180,13RI-12,OH Transformer Bank,,38.85183169,-104.7589813,25,OH3917,OH003917,13RI-12,OH Transformer Bank,,38.85329019,-104.7588148,25,65.2,102.2,same_feeder_ambiguous
1153887,2478,2384,19591,8,8,2,6,0.75,0.5,1.0,7,3,3,1.0,3447595563,1329 DELAWARE DR,COLO SPGS,38.85260655,-104.7591578,13RI-12,-104.7591578,38.85260655,38.852636,-104.759146,3.4,False,OH3180,OH003180,13RI-12,OH Transformer Bank,,38.85183169,-104.7589813,25,OH3917,OH003917,13RI-12,OH Transformer Bank,,38.85329019,-104.7588148,25,87.5,81.6,same_feeder_ambiguous
1168799,27268,27272,19653,8,8,1,5,0.625,0.5,1.0,7,3,3,1.0,4956003933,1329 NUTWOOD DR,COLO SPGS,38.7698359,-104.8045515,12BY-32,-104.8045515,38.7698359,38.769891,-104.804569,6.3,False,PD12693,PD012693,12BY-32,UG Transformer Bank,RCHM-102,38.77016191,-104.804836,25,PD12694,PD012694,12BY-32,UG Transformer Bank,RCHM-101,38.76997525,-104.8042237,25,43.8,32.4,same_feeder_ambiguous
1138408,26928,26920,20918,8,8,2,6,0.75,0.5,1.0,7,3,3,1.0,9474863359,2930 MONICA DR W,COLO SPGS,38.7899437,-104.7474488,13KE-64,-104.7474488,38.7899437,38.789974,-104.747438,3.5,False,UG13559,UG013559,13KE-64,UG Transformer Bank,RSB-88,38.79014369,-104.7477424,50,UG13557,UG013557,13KE-64,UG Transformer Bank,RSB-87,38.79049597,-104.7483279,50,33.8,97.9,same_feeder_ambiguous
1146378,26928,26920,20918,8,8,2,6,0.75,0.5,1.0,7,3,3,1.0,2448937178,2904 MONICA DR W,COLO SPGS,38.79001656,-104.7479093,13KE-64,-104.7479093,38.79001656,38.790045,-104.747897,3.3,False,UG13559,UG013559,13KE-64,UG Transformer Bank,RSB-88,38.79014369,-104.7477424,50,UG13557,UG013557,13KE-64,UG Transformer Bank,RSB-87,38.79049597,-104.7483279,50,20.2,64.5,same_feeder_ambiguous
1145398,2580,2572,21418,8,8,2,6,0.75,0.5,1.0,7,3,3,1.0,625736320,1215 ARIZONA SUN GRV,COLO SPGS,38.84926493,-104.7912249,12PJ-2,-104.7912249,38.84926493,38.849231,-104.791262,5.0,False,OH13922,OH013922,12PJ-2,OH Transformer Bank,,38.84937553,-104.7907241,50,OH13194,OH013194,12PJ-2,OH Transformer Bank,,38.84979753,-104.7913367,50,45.1,60.0,same_feeder_ambiguous
1145404,2580,2572,21418,8,8,2,6,0.75,0.5,1.0,7,3,3,1.0,2031321260,1235 ARIZONA SUN GRV,COLO SPGS,38.84945122,-104.7912559,12PJ-2,-104.7912559,38.84945122,38.849457,-104.791208,4.2,False,OH13922,OH013922,12PJ-2,OH Transformer Bank,,38.84937553,-104.7907241,50,OH13194,OH013194,12PJ-2,OH Transformer Bank,,38.84979753,-104.7913367,50,46.8,39.1,same_feeder_ambiguous
1110155,17039,17037,23196,8,8,2,6,0.75,0.5,1.0,7,3,3,1.0,6385437328,1940 S CHELTON RD APT F130,COLO SPGS,38.80317268,-104.7540325,13KE-62,-104.7540325,38.80317268,38.804506,-104.752843,180.6,True,PD8171,PD008171,13KE-62,UG Transformer Bank,CGVA-17,38.803066,-104.7542103,50,PD8172,PD008172,13KE-62,UG Transformer Bank,CGVA-16,38.80304162,-104.7536049,25,19.4,39.8,same_feeder_ambiguous
1110152,17039,17037,23196,8,8,2,6,0.75,0.5,1.0,7,3,3,1.0,7621646902,1940 S CHELTON RD APT F128,COLO SPGS,38.80313116,-104.7539803,13KE-62,-104.7539803,38.80313116,38.804506,-104.752843,181.9,True,PD8171,PD008171,13KE-62,UG Transformer Bank,CGVA-17,38.803066,-104.7542103,50,PD8172,PD008172,13KE-62,UG Transformer Bank,CGVA-16,38.80304162,-104.7536049,25,21.2,34.0,same_feeder_ambiguous
1103142,26464,26470,23245,8,8,1,5,0.625,0.5,1.0,7,3,3,1.0,,,,,,,,,38.813232,-104.742596,,False,PD6155,PD006155,13PV-4,UG Transformer Bank,RHZ-53,38.81342036,-104.742934,50,PD6156,PD006156,13PV-4,UG Transformer Bank,RHZ-52,38.81317866,-104.7421579,25,,,same_feeder_ambiguous
1100427,26474,26470,23245,8,8,1,5,0.625,0.5,1.0,7,3,3,1.0,4337615982,4630 JET WING CIR W,COLO SPGS,38.81339698,-104.7418241,13PV-4,-104.7418241,38.81339698,38.813428,-104.741804,3.9,False,PD5502,PD005502,13PV-4,UG Transformer Bank,RHZ-49,38.81292757,-104.7414266,25,PD6156,PD006156,13PV-4,UG Transformer Bank,RHZ-52,38.81317866,-104.7421579,25,62.5,37.8,same_feeder_ambiguous
1103169,26475,26470,23245,8,8,1,5,0.625,0.5,1.0,7,3,3,1.0,8995383359,1302 RIDE LN,COLO SPGS,38.81308437,-104.7420289,13PV-4,-104.7420289,38.81308437,38.813116,-104.742022,3.6,False,PD6157,PD006157,13PV-4,UG Transformer Bank,RHZ-51,38.81292263,-104.7420588,25,PD6156,PD006156,13PV-4,UG Transformer Bank,RHZ-52,38.81317866,-104.7421579,25,18.2,15.3,same_feeder_ambiguous
1113565,18959,18973,25225,8,8,2,6,0.75,0.5,1.0,7,3,3,1.0,6238835386,3375 GLENARM RD LOT 21,COLO SPGS,38.77101476,-104.7649781,12BY-33,-104.7649781,38.77101476,38.771016,-104.764838,12.1,False,UG14351,UG014351,12BY-33,UG Transformer Bank,MLDM-2,38.77107495,-104.7652351,25,UG15000,UG015000,12BY-33,UG Transformer Bank,MLDM-3,38.77074968,-104.7646733,25,23.3,39.6,same_feeder_ambiguous
1113567,18959,18973,25225,8,8,2,6,0.75,0.5,1.0,7,3,3,1.0,5551160060,3375 GLENARM RD LOT 20,COLO SPGS,38.7711266,-104.7648161,12BY-33,-104.7648161,38.7711266,38.771133,-104.764947,11.4,False,UG14351,UG014351,12BY-33,UG Transformer Bank,MLDM-2,38.77107495,-104.7652351,25,UG15000,UG015000,12BY-33,UG Transformer Bank,MLDM-3,38.77074968,-104.7646733,25,36.8,43.7,same_feeder_ambiguous
1121642,20719,25806,27026,8,8,1,5,0.625,0.5,1.0,7,3,3,1.0,2984959005,2707 W KIOWA ST,COLO SPGS,38.85034119,-104.8647402,13FV-3,-104.8647402,38.85034119,38.850415,-104.864866,13.6,False,OH30372,OH030372,13FV-3,OH Transformer Bank,,38.85054076,-104.8655318,50,PD10553,PD010553,13FV-3,UG Transformer Bank,RGW-1,38.85004243,-104.863795,25,72.1,88.3,same_feeder_ambiguous
1123906,12263,12262,27550,8,8,2,6,0.75,0.5,1.0,7,3,3,1.0,3249426995,3524 N CASCADE AVE LOT 37,COLO SPGS,38.88292711,-104.8254661,13NP-4,-104.8254661,38.88292711,38.882961,-104.825462,3.8,False,UG10956,UG010956,13NP-4,UG Transformer Bank,MSH-2,38.88298383,-104.8247452,25,UG609,UG000609,13NP-4,UG Transformer Bank,MSH-3,38.88300041,-104.825566,25,62.7,11.9,same_feeder_ambiguous
1123908,12263,12262,27550,8,8,2,6,0.75,0.5,1.0,7,3,3,1.0,778637055,3524 N CASCADE AVE LOT 36,COLO SPGS,38.88293224,-104.8253368,13NP-4,-104.8253368,38.88293224,38.882969,-104.825331,4.1,False,UG10956,UG010956,13NP-4,UG Transformer Bank,MSH-2,38.88298383,-104.8247452,25,UG609,UG000609,13NP-4,UG Transformer Bank,MSH-3,38.88300041,-104.825566,25,51.5,21.2,same_feeder_ambiguous
1171392,20056,20061,28020,8,8,2,6,0.75,0.5,1.0,7,3,3,1.0,504860561,2842 ILLINOIS AVE,COLO SPGS,38.87176416,-104.8048365,12PJ-1,-104.8048365,38.87176416,38.871785,-104.804816,2.9,False,OH6045,OH006045,12PJ-1,OH Transformer Bank,,38.87138409,-104.8060463,37.5,OH6033,OH006033,12PJ-1,OH Transformer Bank,,38.87080688,-104.8050468,50,112.9,108.0,same_feeder_ambiguous
1125559,20056,20061,28020,8,8,2,6,0.75,0.5,1.0,7,3,3,1.0,8360030481,2835 PENNSYLVANIA AVE,COLO SPGS,38.87175609,-104.8053514,12PJ-1,-104.8053514,38.87175609,38.871792,-104.805348,4.0,False,OH6045,OH006045,12PJ-1,OH Transformer Bank,,38.87138409,-104.8060463,37.5,OH6033,OH006033,12PJ-1,OH Transformer Bank,,38.87080688,-104.8050468,50,73.0,108.8,same_feeder_ambiguous
1127462,3102,3106,28617,8,8,2,6,0.75,0.5,1.0,7,3,3,1.0,316274694,2338 E BOULDER ST,COLO SPGS,38.83858836,-104.7855535,13RI-1,-104.7855535,38.83858836,38.838621,-104.785537,3.9,False,OH15957,OH015957,13RI-1,OH Transformer Bank,,38.83907553,-104.785385,25,OH15990,OH015990,13RI-1,OH Transformer Bank,,38.8390427,-104.7859984,50,56.1,63.5,same_feeder_ambiguous
1146625,3102,3106,28617,8,8,2,6,0.75,0.5,1.0,7,3,3,1.0,8558369414,2334 E BOULDER ST,COLO SPGS,38.83873236,-104.7856453,13RI-1,-104.7856453,38.83873236,38.838614,-104.785693,13.8,False,OH15957,OH015957,13RI-1,OH Transformer Bank,,38.83907553,-104.785385,25,OH15990,OH015990,13RI-1,OH Transformer Bank,,38.8390427,-104.7859984,50,44.3,46.1,same_feeder_ambiguous
1289334,7479,7366,31514,8,8,1,5,0.625,0.5,1.0,7,3,3,1.0,4446845550,150 E WOODMEN RD,COLO SPGS,38.93571659,-104.8233444,12WN-24,-104.8233444,38.93571659,38.935714,-104.823328,1.4,False,PD691,PD000691,12WN-24,UG Transformer Bank,RFW-1,38.93559102,-104.8236201,25,PD673,PD000673,12WN-24,UG Transformer Bank,RWM-3,38.93734208,-104.8256637,25,27.6,270.0,same_feeder_ambiguous
1277911,530652,530651,31756,8,8,2,6,0.75,0.5,1.0,7,3,3,1.0,4340324051,888 SOLUM GRV,COLO SPGS,38.84463365,-104.6912925,12CL-12,-104.6912925,38.84463365,38.844626,-104.691282,1.2,False,PD109203,PD109203,12CL-12,UG Transformer Bank,RMBP-10,38.84435992,-104.690865,25,PD109202,PD109202,12CL-12,UG Transformer Bank,RMBP-9,38.844591,-104.6911024,25,47.9,17.1,same_feeder_ambiguous
1307503,530652,530651,31756,8,8,2,6,0.75,0.5,1.0,7,3,3,1.0,9536989691,868 SOLUM GRV,COLO SPGS,38.84449648,-104.6911742,12CL-12,-104.6911742,38.84449648,38.844494,-104.691162,1.1,False,PD109203,PD109203,12CL-12,UG Transformer Bank,RMBP-10,38.84435992,-104.690865,25,PD109202,PD109202,12CL-12,UG Transformer Bank,RMBP-9,38.844591,-104.6911024,25,30.8,12.2,same_feeder_ambiguous
1304253,6182,6158,32014,8,8,2,6,0.75,0.5,1.0,7,3,3,1.0,8660843491,2690 NORWICH DR,COLO SPGS,38.95765166,-104.7792251,13CW-3,-104.7792251,38.95765166,38.957679,-104.779218,3.1,False,PD3793,PD003793,13CW-3,UG Transformer Bank,RWAB-29,38.95768149,-104.7796575,25,PD3771,PD003771,13CW-3,UG Transformer Bank,RWAB-30,38.95826246,-104.7795485,25,37.5,73.4,same_feeder_ambiguous
1304250,6182,6158,32014,8,8,2,6,0.75,0.5,1.0,7,3,3,1.0,845347632,2680 NORWICH DR,COLO SPGS,38.95785737,-104.7793249,13CW-3,-104.7793249,38.95785737,38.957888,-104.779318,3.5,False,PD3793,PD003793,13CW-3,UG Transformer Bank,RWAB-29,38.95768149,-104.7796575,25,PD3771,PD003771,13CW-3,UG Transformer Bank,RWAB-30,38.95826246,-104.7795485,25,34.8,49.0,same_feeder_ambiguous
1142398,14843,2661,32076,8,8,1,5,0.625,0.5,1.0,7,3,3,1.0,6958723501,"925 N LOGAN AVE, CELLSITE",COLO SPGS,38.84669356,-104.7982088,12PJ-2,-104.7982088,38.84669356,38.846682,-104.798195,1.8,False,PD8847,PD008847,12PJ-2,UG Transformer Bank,CDRC-3,38.84669895,-104.7980026,150,OH13471,OH013471,12PJ-2,OH Transformer Bank,,38.84742203,-104.797438,50,17.9,105.0,same_feeder_ambiguous
1280296,4553,21604,32165,8,8,2,6,0.75,0.5,1.0,7,3,3,1.0,7086044756,1784 S 8TH ST,COLO SPGS,38.80484513,-104.8414438,12SP-35,-104.8414438,38.80484513,38.804853,-104.841448,0.9,False,OH27854,OH027854,12SP-35,OH Transformer Bank,,38.80443746,-104.8419705,15,OH27852,OH027852,12SP-35,OH Transformer Bank,,38.805181,-104.8419271,25,64.3,56.1,same_feeder_ambiguous
1287202,4553,21604,32165,8,8,2,6,0.75,0.5,1.0,7,3,3,1.0,8400307841,209 WOLFE AVE,COLO SPGS,38.80475693,-104.8425849,12SP-35,-104.8425849,38.80475693,38.804786,-104.842575,3.3,False,OH27854,OH027854,12SP-35,OH Transformer Bank,,38.80443746,-104.8419705,15,OH27852,OH027852,12SP-35,OH Transformer Bank,,38.805181,-104.8419271,25,64.0,74.0,same_feeder_ambiguous
1148621,3049,21135,32686,8,8,2,6,0.75,0.5,1.0,7,3,3,1.0,2882955793,501 BENNETT AVE,COLO SPGS,38.83982448,-104.7802085,13RI-1,-104.7802085,38.83982448,38.83985,-104.780194,3.1,False,OH15853,OH015853,13RI-1,OH Transformer Bank,,38.83973385,-104.7798539,37.5,OH15851,OH015851,13RI-1,OH Transformer Bank,,38.83993495,-104.7799659,50,32.3,24.3,same_feeder_ambiguous
1154465,3049,21135,32686,8,8,2,6,0.75,0.5,1.0,7,3,3,1.0,3657611842,"2508 E PLATTE AVE, BLDG E",COLO SPGS,38.83926675,-104.7803566,13RI-1,-104.7803566,38.83926675,38.839269,-104.780394,3.2,False,OH15853,OH015853,13RI-1,OH Transformer Bank,,38.83973385,-104.7798539,37.5,OH15851,OH015851,13RI-1,OH Transformer Bank,,38.83993495,-104.7799659,50,67.8,81.6,same_feeder_ambiguous
1145389,2580,2572,32854,8,8,2,6,0.75,0.5,1.0,7,3,3,1.0,5649232966,1250 ARIZONA SUN GRV,COLO SPGS,38.84953134,-104.7907848,12PJ-2,-104.7907848,38.84953134,38.849555,-104.790781,2.7,False,OH13922,OH013922,12PJ-2,OH Transformer Bank,,38.84937553,-104.7907241,50,OH13194,OH013194,12PJ-2,OH Transformer Bank,,38.84979753,-104.7913367,50,18.1,56.2,same_feeder_ambiguous
1145399,2580,2572,32854,8,8,2,6,0.75,0.5,1.0,7,3,3,1.0,2047968097,1218 IOWA AVE,COLO SPGS,38.84978,-104.7904151,12PJ-2,-104.7904151,38.84978,38.849756,-104.790355,5.8,False,OH13922,OH013922,12PJ-2,OH Transformer Bank,,38.84937553,-104.7907241,50,OH13194,OH013194,12PJ-2,OH Transformer Bank,,38.84979753,-104.7913367,50,52.3,79.8,same_feeder_ambiguous
1164598,21747,21743,35759,8,8,2,6,0.75,0.5,1.0,7,3,3,1.0,3531792450,401 CRESTRIDGE AVE,COLO SPGS,38.78059707,-104.7939908,13SR-2,-104.7939908,38.78059707,38.780625,-104.793999,3.2,False,OH41221,OH041221,13SR-2,OH Transformer Bank,,38.78068198,-104.7929781,25,OH41216,OH041216,13SR-2,OH Transformer Bank,,38.78132878,-104.7936015,25,88.3,88.1,same_feeder_ambiguous
1203242,21747,21743,35759,8,8,2,6,0.75,0.5,1.0,7,3,3,1.0,1304625662,313 CHAMBERLIN AVE,COLO SPGS,38.78083167,-104.7939906,13SR-2,-104.7939906,38.78083167,38.780866,-104.793983,3.9,False,OH41221,OH041221,13SR-2,OH Transformer Bank,,38.78068198,-104.7929781,25,OH41216,OH041216,13SR-2,OH Transformer Bank,,38.78132878,-104.7936015,25,89.3,64.8,same_feeder_ambiguous
1186604,273916,273917,36771,8,8,2,6,0.75,0.5,1.0,7,3,3,1.0,3556453491,1751 PORTLAND GOLD DR,COLO SPGS,38.83039761,-104.8584115,13FV-2,-104.8584115,38.83039761,38.830159,-104.858339,27.3,False,PD101649,PD101649,13FV-2,UG Transformer Bank,RGHM-63,38.83108613,-104.8586727,50,PD101648,PD101648,13FV-2,UG Transformer Bank,RGHM-62,38.82975791,-104.8582948,50,79.8,71.8,same_feeder_ambiguous
1186602,273916,273917,36771,8,8,2,6,0.75,0.5,1.0,7,3,3,1.0,6236404577,1759 PORTLAND GOLD DR,COLO SPGS,38.83051426,-104.8584188,13FV-2,-104.8584188,38.83051426,38.830307,-104.858383,23.3,False,PD101649,PD101649,13FV-2,UG Transformer Bank,RGHM-63,38.83108613,-104.8586727,50,PD101648,PD101648,13FV-2,UG Transformer Bank,RGHM-62,38.82975791,-104.8582948,50,67.3,84.8,same_feeder_ambiguous
1169308,162238,162239,36814,8,8,2,6,0.75,0.5,1.0,7,3,3,1.0,7958012340,1554 LEWIS RIDGE VW,COLO SPGS,38.87313283,-104.7991056,12PJ-1,-104.7991056,38.87313283,38.873126,-104.799095,1.2,False,PD21695,PD021695,12PJ-1,UG Transformer Bank,CMAC-7,38.87305729,-104.7983725,25,PD21698,PD021698,12PJ-1,UG Transformer Bank,CMAC-8,38.87287474,-104.7995981,25,64.0,51.4,same_feeder_ambiguous
1169310,162238,162239,36814,8,8,2,6,0.75,0.5,1.0,7,3,3,1.0,4880892329,1564 LEWIS RIDGE VW,COLO SPGS,38.87313158,-104.7988993,12PJ-1,-104.7988993,38.87313158,38.873125,-104.798889,1.2,False,PD21695,PD021695,12PJ-1,UG Transformer Bank,CMAC-7,38.87305729,-104.7983725,25,PD21698,PD021698,12PJ-1,UG Transformer Bank,CMAC-8,38.87287474,-104.7995981,25,46.3,66.9,same_feeder_ambiguous
1185084,19410,19390,39576,8,8,2,6,0.75,0.5,1.0,7,3,3,1.0,7258751041,523 CROSSWIND PT,COLO SPGS,38.76296776,-104.8204563,12JL-1,-104.8204563,38.76296776,38.763002,-104.820445,3.9,False,PD16320,PD016320,12JL-1,UG Transformer Bank,REE-6,38.76261121,-104.8201038,25,PD16319,PD016319,12JL-1,UG Transformer Bank,REE-5,38.76330001,-104.8202022,25,50.1,43.0,same_feeder_ambiguous
1185083,19410,19390,39576,8,8,2,6,0.75,0.5,1.0,7,3,3,1.0,7778133932,511 CROSSWIND PT,COLO SPGS,38.76298583,-104.8206166,12JL-1,-104.8206166,38.76298583,38.76302,-104.820606,3.9,False,PD16320,PD016320,12JL-1,UG Transformer Bank,REE-6,38.76261121,-104.8201038,25,PD16319,PD016319,12JL-1,UG Transformer Bank,REE-5,38.76330001,-104.8202022,25,60.9,50.1,same_feeder_ambiguous
1234463,,285756,40834,9,8,0,4,0.5,0.5,1.0,8,3,3,1.0,551069580,"4625 STANTON RD, TEMP",COLO SPGS,38.89668088,-104.7978135,,-104.7978135,38.89668088,38.896647,-104.797804,3.9,False,,,,,,,,,PD101777,PD101777,12C-3,UG Transformer Bank,CCUC-4,38.89667963,-104.7983229,100,,44.1,new_assignment
1273695,2011,20381,43099,8,8,2,6,0.75,0.5,1.0,7,3,3,1.0,9681201406,15 EL PASO BLVD LOT 46,MANITOU,38.8578063,-104.8881017,13FV-1,-104.8881017,38.8578063,38.858475,-104.888163,74.5,False,OH31331,OH031331,13FV-1,OH Transformer Bank,,38.85861003,-104.8879238,25,OH31330,OH031330,13FV-1,OH Transformer Bank,,38.858628,-104.8884554,50,90.7,96.4,same_feeder_ambiguous
1273712,2011,20381,43099,8,8,2,6,0.75,0.5,1.0,7,3,3,1.0,7478926010,15 EL PASO BLVD LOT 47,MANITOU,38.85789318,-104.8880899,13FV-1,-104.8880899,38.85789318,38.858477,-104.888349,68.7,False,OH31331,OH031331,13FV-1,OH Transformer Bank,,38.85861003,-104.8879238,25,OH31330,OH031330,13FV-1,OH Transformer Bank,,38.858628,-104.8884554,50,81.0,87.6,same_feeder_ambiguous
1209678,165116,165117,43606,8,8,2,6,0.75,0.5,1.0,7,3,3,1.0,4589135132,4143 PARK HAVEN VW,COLO SPGS,38.89135421,-104.7513603,12AP-4,-104.7513603,38.89135421,38.891347,-104.75135,1.2,False,PD17927,PD017927,12AP-4,UG Transformer Bank,RPH-50,38.89118697,-104.7517139,25,PD17926,PD017926,12AP-4,UG Transformer Bank,RPH-49,38.89168454,-104.7511228,25,35.8,42.1,same_feeder_ambiguous
1221246,165116,165117,43606,8,8,2,6,0.75,0.5,1.0,7,3,3,1.0,2663763176,4139 PARK HAVEN VW,COLO SPGS,38.89130071,-104.7514404,12AP-4,-104.7514404,38.89130071,38.891294,-104.75143,1.2,False,PD17927,PD017927,12AP-4,UG Transformer Bank,RPH-50,38.89118697,-104.7517139,25,PD17926,PD017926,12AP-4,UG Transformer Bank,RPH-49,38.89168454,-104.7511228,25,26.8,50.8,same_feeder_ambiguous
1273069,25690,25668,48118,8,8,2,6,0.75,0.5,1.0,7,3,3,1.0,7539955992,3713 W HIGH ST,COLO SPGS,38.85396729,-104.8853899,13FV-4,-104.8853899,38.85396729,38.853996,-104.885391,3.2,False,UG20362,UG020362,13FV-4,UG Transformer Bank,RHS-8,38.85373489,-104.8849354,25,UG20370,UG020370,13FV-4,UG Transformer Bank,RHS-6,38.85426389,-104.8853131,25,47.1,33.6,same_feeder_ambiguous
1270742,25690,25668,48118,8,8,2,6,0.75,0.5,1.0,7,3,3,1.0,5914999298,3707 W HIGH ST,COLO SPGS,38.85395544,-104.8850712,13FV-4,-104.8850712,38.85395544,38.853965,-104.885135,5.6,False,UG20362,UG020362,13FV-4,UG Transformer Bank,RHS-8,38.85373489,-104.8849354,25,UG20370,UG020370,13FV-4,UG Transformer Bank,RHS-6,38.85426389,-104.8853131,25,27.2,40.2,same_feeder_ambiguous
1289024,10228,10203,48810,8,8,2,6,0.75,0.5,1.0,7,3,3,1.0,7675329002,5130 GREENLEAF DR,COLO SPGS,38.90486111,-104.8556862,12RM-4,-104.8556862,38.90486111,38.904874,-104.855561,10.9,False,PD13296,PD013296,12RM-4,UG Transformer Bank,RPNV-122,38.90483858,-104.8552374,10,PD13245,PD013245,12RM-4,UG Transformer Bank,RPNV-121,38.9050771,-104.8554197,50,38.9,33.3,same_feeder_ambiguous
1288488,10228,10203,48810,8,8,2,6,0.75,0.5,1.0,7,3,3,1.0,4216979733,5120 GREENLEAF DR,COLO SPGS,38.90479394,-104.8556351,12RM-4,-104.8556351,38.90479394,38.904742,-104.855559,8.8,False,PD13296,PD013296,12RM-4,UG Transformer Bank,RPNV-122,38.90483858,-104.8552374,10,PD13245,PD013245,12RM-4,UG Transformer Bank,RPNV-121,38.9050771,-104.8554197,50,34.8,36.6,same_feeder_ambiguous
1276063,17719,26847,48991,8,8,2,6,0.75,0.5,1.0,7,3,3,1.0,9124158052,1060 SERABELLA GRV,COLO SPGS,38.79330728,-104.8071768,13HK-2,-104.8071768,38.79330728,38.793271,-104.807139,5.2,False,PD11631,PD011631,13HK-2,UG Transformer Bank,RDP-8,38.79324463,-104.8078558,25,PD11630,PD011630,13HK-2,UG Transformer Bank,RDP-3,38.79298963,-104.8070477,25,59.3,37.1,same_feeder_ambiguous
1276010,17719,26847,48991,8,8,2,6,0.75,0.5,1.0,7,3,3,1.0,9233725407,1050 SERABELLA GRV,COLO SPGS,38.79333645,-104.8074296,13HK-2,-104.8074296,38.79333645,38.793329,-104.807419,1.2,False,PD11631,PD011631,13HK-2,UG Transformer Bank,RDP-8,38.79324463,-104.8078558,25,PD11630,PD011630,13HK-2,UG Transformer Bank,RDP-3,38.79298963,-104.8070477,25,38.3,50.8,same_feeder_ambiguous
1306609,17790,26856,48993,8,8,2,6,0.75,0.5,1.0,7,3,3,1.0,6047508838,116 MIRAMAR DR,COLO SPGS,38.79271744,-104.8284571,13SG-2,-104.8284571,38.79271744,38.792757,-104.828476,4.7,False,PD11806,PD011806,13SG-2,UG Transformer Bank,ASLV-5,38.7922643,-104.82844,25,PD11805,PD011805,13SG-2,UG Transformer Bank,ASLV-6,38.79279739,-104.8281032,25,50.4,31.9,same_feeder_ambiguous
1306608,17790,26856,48993,8,8,2,6,0.75,0.5,1.0,7,3,3,1.0,2611237781,114 MIRAMAR DR,COLO SPGS,38.79267319,-104.8282726,13SG-2,-104.8282726,38.79267319,38.792688,-104.828266,1.7,False,PD11806,PD011806,13SG-2,UG Transformer Bank,ASLV-5,38.7922643,-104.82844,25,PD11805,PD011805,13SG-2,UG Transformer Bank,ASLV-6,38.79279739,-104.8281032,25,47.7,20.2,same_feeder_ambiguous
1287046,7757,7760,49119,8,8,1,5,0.625,0.5,1.0,7,3,3,1.0,8530664906,2158 AUSTRIAN WAY,COLO SPGS,38.93283788,-104.8642825,12OV-2,-104.8642825,38.93283788,38.932779,-104.864252,7.1,False,PD609,PD000609,12OV-2,UG Transformer Bank,RPVT-8,38.93266405,-104.8641127,75,PD608,PD000608,12OV-2,UG Transformer Bank,RPVT-7,38.93262013,-104.8644976,75,24.3,30.5,same_feeder_ambiguous
1299069,7851,7806,49875,8,8,2,6,0.75,0.5,1.0,7,3,3,1.0,1121595932,6926 YELLOWPINE DR,COLO SPGS,38.93179348,-104.8645737,12OV-2,-104.8645737,38.93179348,38.931768,-104.864535,4.4,False,PD603,PD000603,12OV-2,UG Transformer Bank,RPVT-14,38.93175737,-104.8644445,50,PD605,PD000605,12OV-2,UG Transformer Bank,RPVT-12,38.93226781,-104.8648013,50,11.9,56.3,same_feeder_ambiguous
1299068,7851,7806,49875,8,8,2,6,0.75,0.5,1.0,7,3,3,1.0,1884883815,6934 YELLOWPINE DR,COLO SPGS,38.93185681,-104.8646094,12OV-2,-104.8646094,38.93185681,38.931844,-104.864579,3.0,False,PD603,PD000603,12OV-2,UG Transformer Bank,RPVT-14,38.93175737,-104.8644445,50,PD605,PD000605,12OV-2,UG Transformer Bank,RPVT-12,38.93226781,-104.8648013,50,18.0,48.6,same_feeder_ambiguous
1307279,8821,8914,51344,8,8,2,6,0.75,0.5,1.0,7,3,3,1.0,2013267531,6215 TROUT CREEK CT,COLO SPGS,38.92152817,-104.8284003,12WN-22,-104.8284003,38.92152817,38.921559,-104.828389,3.6,False,PD1086,PD001086,12WN-22,UG Transformer Bank,RTR-11,38.92163863,-104.8282852,50,PD1083,PD001083,12WN-22,UG Transformer Bank,RTR-8,38.92062113,-104.8286455,25,15.8,103.1,same_feeder_ambiguous
1309116,8821,8914,51344,8,8,2,6,0.75,0.5,1.0,7,3,3,1.0,4635732520,6225 TROUT CREEK CT,COLO SPGS,38.92153473,-104.828083,12WN-22,-104.828083,38.92153473,38.921561,-104.828079,2.9,False,PD1086,PD001086,12WN-22,UG Transformer Bank,RTR-11,38.92163863,-104.8282852,50,PD1083,PD001083,12WN-22,UG Transformer Bank,RTR-8,38.92062113,-104.8286455,25,21.0,112.6,same_feeder_ambiguous
1311373,6020,6005,54326,8,8,2,6,0.75,0.5,1.0,7,3,3,1.0,7150325945,2835 DRISTOL DR,COLO SPGS,38.9633046,-104.7711221,12KC-11,-104.7711221,38.9633046,38.963339,-104.771112,3.9,False,PD8460,PD008460,12KC-11,UG Transformer Bank,RSFD-89,38.96291332,-104.7712257,25,PD9684,PD009684,12KC-11,UG Transformer Bank,RSFD-100,38.96349472,-104.7716227,50,44.4,48.2,same_feeder_ambiguous
1311332,6020,6005,54326,8,8,2,6,0.75,0.5,1.0,7,3,3,1.0,3839773036,2825 DRISTOL DR,COLO SPGS,38.9634295,-104.7712846,12KC-11,-104.7712846,38.9634295,38.963464,-104.771274,3.9,False,PD8460,PD008460,12KC-11,UG Transformer Bank,RSFD-89,38.96291332,-104.7712257,25,PD9684,PD009684,12KC-11,UG Transformer Bank,RSFD-100,38.96349472,-104.7716227,50,57.6,30.1,same_feeder_ambiguous
1000685,5580,221438,72,6,6,1,4,0.6667,0.5,1.0,5,3,3,1.0,8147652864,10410 S STATE HIGHWAY 115 LOT 21,COLO SPGS,38.67895434,-104.8488252,12JL-1,-104.8488252,38.67895434,38.678821,-104.848833,14.8,False,OH42108,OH042108,12JL-1,OH Transformer Bank,,38.67910677,-104.8492617,25,OH52454,OH052454,12JL-1,OH Transformer Bank,,38.67967012,-104.8497273,50,41.5,111.7,same_feeder_ambiguous
1000666,5576,221438,72,6,6,1,4,0.6667,0.5,1.0,5,3,3,1.0,3354142384,10410 S STATE HIGHWAY 115 LOT 19,COLO SPGS,38.67903049,-104.8496489,12JL-1,-104.8496489,38.67903049,38.679065,-104.849639,3.9,False,OH42111,OH042111,12JL-1,OH Transformer Bank,,38.67977846,-104.849524,50,OH52454,OH052454,12JL-1,OH Transformer Bank,,38.67967012,-104.8497273,50,83.9,71.4,same_feeder_ambiguous
1130669,375100,11796,1182,6,6,1,4,0.6667,0.5,1.0,5,3,3,1.0,1170857842,"3768 TUTT BLVD, CELL TOWER",COLO SPGS,38.88707811,-104.7151058,12ST-24,-104.7151058,38.88707811,38.887071,-104.715095,1.2,False,PD105962,PD105962,12ST-24,UG Transformer Bank,CATT-8,38.88708226,-104.7152168,50,PD12013,PD012013,12ST-24,UG Transformer Bank,CUSWEST-1,38.88668619,-104.7150558,25,9.6,43.8,same_feeder_ambiguous
1009969,11777,11796,1182,6,6,1,4,0.6667,0.5,1.0,5,3,3,1.0,3401690142,3748 TUTT BLVD,COLO SPGS,38.88696887,-104.7140454,12ST-24,-104.7140454,38.88696887,38.886962,-104.714035,1.2,False,PD9633,PD009633,12ST-24,UG Transformer Bank,CUTT-1,38.88700504,-104.714544,45,PD12013,PD012013,12ST-24,UG Transformer Bank,CUSWEST-1,38.88668619,-104.7150558,25,43.3,92.9,same_feeder_ambiguous
1003820,19681,19682,1237,6,6,1,4,0.6667,0.5,1.0,5,3,3,1.0,1613620684,8160 PIUTE RD LOT B199,COLO SPGS,38.71512763,-104.8260749,12JL-1,-104.8260749,38.71512763,38.715111,-104.825096,85.0,False,UG20983,UG020983,12JL-1,UG Transformer Bank,MLM-20,38.71525572,-104.8258496,50,UG20976,UG020976,12JL-1,UG Transformer Bank,MLM-21,38.71517111,-104.8248841,50,24.2,103.4,same_feeder_ambiguous
1003615,19685,19682,1237,6,6,1,4,0.6667,0.5,1.0,5,3,3,1.0,6845973741,8160 PIUTE RD LOT A27,COLO SPGS,38.71482809,-104.8247528,12JL-1,-104.8247528,38.71482809,38.714853,-104.824742,2.9,False,UG21050,UG021050,12JL-1,UG Transformer Bank,MLM-22,38.71467121,-104.824956,25,UG20976,UG020976,12JL-1,UG Transformer Bank,MLM-21,38.71517111,-104.8248841,50,24.8,39.8,same_feeder_ambiguous
1003707,19705,19703,1255,6,6,1,4,0.6667,0.5,1.0,5,3,3,1.0,1146329172,8160 PIUTE RD LOT A135,COLO SPGS,38.71357482,-104.8279525,12JL-1,-104.8279525,38.71357482,38.713606,-104.827942,3.6,False,UG21004,UG021004,12JL-1,UG Transformer Bank,MLM-35,38.71369982,-104.8277672,25,UG21000,UG021000,12JL-1,UG Transformer Bank,MLM-36,38.71369058,-104.82842,25,21.3,42.6,same_feeder_ambiguous
1003779,19704,19703,1255,6,6,1,4,0.6667,0.5,1.0,5,3,3,1.0,9345801458,8160 PIUTE RD LOT A129,COLO SPGS,38.71362022,-104.8287832,12JL-1,-104.8287832,38.71362022,38.713654,-104.828773,3.9,False,UG20996,UG020996,12JL-1,UG Transformer Bank,MLM-37,38.71370879,-104.8293168,25,UG21000,UG021000,12JL-1,UG Transformer Bank,MLM-36,38.71369058,-104.82842,25,47.3,32.5,same_feeder_ambiguous
1081055,384699,5172,3748,6,6,1,4,0.6667,0.5,1.0,5,3,3,1.0,290299764,4597 S US HIGHWAY 85-87,COLO SPGS,38.76520551,-104.7574113,12BY-33,-104.7574113,38.76520551,38.767914,-104.759878,369.4,True,PD107007,PD107007,12BY-33,UG Transformer Bank,CLLS-1,38.76511979,-104.7573251,50,OH19333,OH019333,12BY-33,OH Transformer Bank,,38.7694047,-104.7632465,15,12.1,688.4,same_feeder_ambiguous
1098535,5176,5172,3748,6,6,1,4,0.6667,0.5,1.0,5,3,3,1.0,1243095389,"4390 S US HIGHWAY 85-87, TRF SG",COLO SPGS,38.76918179,-104.7624525,12BY-33,-104.7624525,38.76918179,38.768563,-104.761679,96.1,False,OH019331,OH019331,12BY-33,OH Transformer Bank,,38.76900053,-104.7628169,75,OH19333,OH019333,12BY-33,OH Transformer Bank,,38.7694047,-104.7632465,15,37.5,73.2,same_feeder_ambiguous
1023546,23452,9032,5730,6,6,1,4,0.6667,0.5,1.0,5,3,3,1.0,4113111936,,,38.91919089,-104.7276005,12AP-3,-104.7276005,38.91919089,38.919157,-104.727591,3.9,False,PD7639,PD007639,12AP-3,UG Transformer Bank,RSDS-65,38.91962189,-104.7276702,25,PD7638,PD007638,12AP-3,UG Transformer Bank,RSDS-63,38.91902645,-104.7279628,25,48.3,36.3,same_feeder_ambiguous
1024483,9053,9032,5730,6,6,1,4,0.6667,0.5,1.0,5,3,3,1.0,1892997134,5127 RUSHFORD PL,COLO SPGS,38.91876279,-104.7280481,12AP-3,-104.7280481,38.91876279,38.918791,-104.728039,3.2,False,PD5855,PD005855,12AP-3,UG Transformer Bank,RSDS-50,38.91877927,-104.7283543,25,PD7638,PD007638,12AP-3,UG Transformer Bank,RSDS-63,38.91902645,-104.7279628,25,26.6,30.2,same_feeder_ambiguous
1023831,7679,7733,6486,6,6,1,4,0.6667,0.5,1.0,5,3,3,1.0,6611636166,"697 E WOODMEN RD, RAMP MTR",COLO SPGS,38.93311264,-104.8139628,12WN-4,-104.8139628,38.93311264,38.933106,-104.813952,1.2,False,PD14284,PD014284,12WN-4,UG Transformer Bank,GSL-519,38.9332083,-104.8140798,25,PD14289,PD014289,12WN-4,UG Transformer Bank,GSL-520,38.93263854,-104.8141093,25,14.7,54.2,same_feeder_ambiguous
1306056,7555,7733,6486,6,6,1,4,0.6667,0.5,1.0,5,3,3,1.0,3084741268,"7065 COMMERCE CENTER DR, SIGN",COLO SPGS,38.93457661,-104.8137094,12WN-4,-104.8137094,38.93457661,38.934267,-104.813975,41.4,False,PD7949,PD007949,12WN-4,UG Transformer Bank,CGR-6,38.93461981,-104.8135988,300,PD14289,PD014289,12WN-4,UG Transformer Bank,GSL-520,38.93263854,-104.8141093,25,10.7,218.3,same_feeder_ambiguous
1233029,,501855,7004,7,6,0,3,0.5,0.5,1.0,6,3,3,1.0,1480685357,13518 PRIDE MOUNTAIN DR,COLO SPGS,39.02350825,-104.795975,12FH-11,-104.795975,39.02350825,39.023503,-104.795963,1.2,False,,,,,,,,,PD110429,PD110429,12FH-11,UG Transformer Bank,RFHM-23,39.02318341,-104.7950554,50,,87.3,new_assignment
1032017,370358,370350,7505,6,6,1,4,0.6667,0.5,1.0,5,3,3,1.0,5417441144,4361 HORSE GULCH LOOP,COLO SPGS,38.98150685,-104.7448303,12KC-44,-104.7448303,38.98150685,38.9815,-104.74482,1.2,False,PD105795,PD105795,12KC-44,UG Transformer Bank,RC52-3,38.9818466,-104.7451522,25,PD105796,PD105796,12KC-44,UG Transformer Bank,RC52-4,38.98155439,-104.7443409,25,46.9,42.6,same_feeder_ambiguous
1028536,375309,370350,7505,6,6,1,4,0.6667,0.5,1.0,5,3,3,1.0,5482953380,"4426 HORSE GULCH LOOP, MAIL KIOSK",COLO SPGS,38.98162687,-104.7439634,12KC-44,-104.7439634,38.98162687,38.981719,-104.744165,20.2,False,PD105846,PD105846,12KC-44,UG Transformer Bank,RC52-16,38.98233247,-104.7438792,50,PD105796,PD105796,12KC-44,UG Transformer Bank,RC52-4,38.98155439,-104.7443409,25,78.8,33.6,same_feeder_ambiguous
1115078,13603,180797,11844,6,6,1,4,0.6667,0.5,1.0,5,3,3,1.0,3754351000,2350 N POWERS FRONTAGE RD OFC,COLO SPGS,38.86450676,-104.7209245,12PR-1,-104.7209245,38.86450676,38.864567,-104.720983,8.4,False,PD3984,PD003984,12PR-1,UG Transformer Bank,CBM-1,38.86469521,-104.7206471,50,PD23237,PD023237,12PR-1,UG Transformer Bank,CBM-9,38.86414843,-104.7213306,50,31.9,53.1,same_feeder_ambiguous
1047657,1789,180797,11844,6,6,1,4,0.6667,0.5,1.0,5,3,3,1.0,2485579629,"2020 N POWERS BLVD, SIGN",COLO SPGS,38.86142219,-104.7205112,12PR-1,-104.7205112,38.86142219,38.863884,-104.720611,273.9,True,OH6538,OH006538,12PR-1,OH Transformer Bank,,38.86113979,-104.7205377,15,PD23237,PD023237,12PR-1,UG Transformer Bank,CBM-9,38.86414843,-104.7213306,50,31.5,311.3,same_feeder_ambiguous
1076466,19208,19225,16427,6,6,1,4,0.6667,0.5,1.0,5,3,3,1.0,6340358725,5279 WATER DIPPER RD,COLO SPGS,38.76667352,-104.7295742,13KE-71,-104.7295742,38.76667352,38.766694,-104.72957,2.3,False,PD7319,PD007319,13KE-71,UG Transformer Bank,RPRR-88,38.76713561,-104.7296344,25,PD7320,PD007320,13KE-71,UG Transformer Bank,RPRR-87,38.76683106,-104.7299504,25,51.6,37.0,same_feeder_ambiguous
1076464,19231,19225,16427,6,6,1,4,0.6667,0.5,1.0,5,3,3,1.0,4422544415,5265 WATER DIPPER RD,COLO SPGS,38.7665616,-104.7301879,13KE-71,-104.7301879,38.7665616,38.76659,-104.730174,3.4,False,PD7321,PD007321,13KE-71,UG Transformer Bank,RPRR-86,38.76669771,-104.730528,25,PD7320,PD007320,13KE-71,UG Transformer Bank,RPRR-87,38.76683106,-104.7299504,25,33.1,36.4,same_feeder_ambiguous
1082027,15796,15778,19131,6,6,1,4,0.6667,0.5,1.0,5,3,3,1.0,6888473116,5150 AIRPORT RD LOT E187,COLO SPGS,38.82697356,-104.7332007,13PV-4,-104.7332007,38.82697356,38.826997,-104.73319,2.8,False,UG12696,UG012696,13PV-4,UG Transformer Bank,MGA-38,38.82683407,-104.7332959,25,UG12695,UG012695,13PV-4,UG Transformer Bank,MGA-37,38.82706725,-104.7333113,25,17.6,14.2,same_feeder_ambiguous
1102857,15750,15778,19131,6,6,1,4,0.6667,0.5,1.0,5,3,3,1.0,1489570476,5150 AIRPORT RD LOT E193,COLO SPGS,38.82731978,-104.7331406,13PV-4,-104.7331406,38.82731978,38.827326,-104.733209,6.0,False,UG12694,UG012694,13PV-4,UG Transformer Bank,MGA-36,38.82748105,-104.7332949,25,UG12695,UG012695,13PV-4,UG Transformer Bank,MGA-37,38.82706725,-104.7333113,25,22.4,31.7,same_feeder_ambiguous
1179794,350097,345003,22506,6,6,1,4,0.6667,0.5,1.0,5,3,3,1.0,1988569834,"3253 SUN MOUNTAIN VW, LIGHTS",COLO SPGS,38.8774767,-104.8661241,12FT-1,-104.8661241,38.8774767,38.877901,-104.867112,97.7,False,PD104219,PD104219,12FT-1,UG Transformer Bank,RGGC-10,38.87742472,-104.8660253,50,PD104173,PD104173,12FT-1,UG Transformer Bank,CGGC-19,38.87804857,-104.8672283,25,10.3,114.8,same_feeder_ambiguous
1097466,344363,345003,22506,6,6,1,4,0.6667,0.5,1.0,5,3,3,1.0,6020813570,3252 SUN MOUNTAIN VW,COLO SPGS,38.87557802,-104.8666357,12FT-1,-104.8666357,38.87557802,38.878146,-104.867573,296.9,True,PD104366,PD104366,12FT-1,UG Transformer Bank,RGV-279,38.87538843,-104.8670314,50,PD104173,PD104173,12FT-1,UG Transformer Bank,CGGC-19,38.87804857,-104.8672283,25,40.2,279.5,same_feeder_ambiguous
1103062,17186,17172,23811,6,6,1,4,0.6667,0.5,1.0,5,3,3,1.0,1002951976,3655 EL MORRO RD LOT 7,COLO SPGS,38.80057297,-104.7614304,13KE-63,-104.7614304,38.80057297,38.800511,-104.761482,8.2,False,UG13392,UG013392,13KE-63,UG Transformer Bank,MPPV-3,38.80028006,-104.7613462,25,PD6186,PD006186,13KE-63,UG Transformer Bank,MPPV-4,38.80055162,-104.7618758,25,33.4,38.7,same_feeder_ambiguous
1103097,17180,17172,23811,6,6,1,4,0.6667,0.5,1.0,5,3,3,1.0,2006486527,3655 EL MORRO RD LOT 147,COLO SPGS,38.8002924,-104.7617311,13KE-63,-104.7617311,38.8002924,38.800227,-104.76172,7.3,False,PD6187,PD006187,13KE-63,UG Transformer Bank,MPPV-5,38.80037072,-104.762074,25,PD6186,PD006186,13KE-63,UG Transformer Bank,MPPV-4,38.80055162,-104.7618758,25,31.0,31.4,same_feeder_ambiguous
1110701,14416,14391,25174,6,6,1,4,0.6667,0.5,1.0,5,3,3,1.0,5128486940,1095 WESTERN DR LOT 467,COLO SPGS,38.85080004,-104.6914774,12CL-13,-104.6914774,38.85080004,38.850835,-104.691467,4.0,False,UG5906,UG005906,12CL-13,UG Transformer Bank,MCH-60,38.85054823,-104.6921607,25,UG5909,UG005909,12CL-13,UG Transformer Bank,MCH-61,38.85081365,-104.6911086,25,65.5,32.0,same_feeder_ambiguous
1112435,14431,14391,25174,6,6,1,4,0.6667,0.5,1.0,5,3,3,1.0,8769878381,1095 WESTERN DR LOT 88,COLO SPGS,38.85058563,-104.6913056,12CL-13,-104.6913056,38.85058563,38.850616,-104.691302,3.4,False,UG5910,UG005910,12CL-13,UG Transformer Bank,MCH-24,38.85039528,-104.6920862,37.5,UG5909,UG005909,12CL-13,UG Transformer Bank,MCH-61,38.85081365,-104.6911086,25,70.8,30.6,same_feeder_ambiguous
1122629,25018,25013,27313,6,6,1,4,0.6667,0.5,1.0,5,3,3,1.0,1832910587,3405 SINTON RD LOT 218,COLO SPGS,38.88096108,-104.832616,13HL-1,-104.832616,38.88096108,38.880992,-104.832597,3.8,False,UG561,UG000561,13HL-1,UG Transformer Bank,MHTP-43,38.88112689,-104.8332784,25,UG606,UG000606,13HL-1,UG Transformer Bank,MHTP-42,38.88084072,-104.832366,25,60.2,25.4,same_feeder_ambiguous
1122693,25024,25013,27313,6,6,1,4,0.6667,0.5,1.0,5,3,3,1.0,4204627483,3405 SINTON RD LOT 232,COLO SPGS,38.88062771,-104.8322714,13HL-1,-104.8322714,38.88062771,38.880661,-104.832244,4.4,False,UG605,UG000605,13HL-1,UG Transformer Bank,MHTP-39,38.88066845,-104.8319417,25,UG606,UG000606,13HL-1,UG Transformer Bank,MHTP-42,38.88084072,-104.832366,25,28.9,25.1,same_feeder_ambiguous
1275616,12163,24945,28695,6,6,1,4,0.6667,0.5,1.0,5,3,3,1.0,8563278835,"3531 ORO BLANCO DR, CV",COLO SPGS,38.88270829,-104.7384851,13RI-9,-104.7384851,38.88270829,38.882702,-104.738475,1.1,False,UG7131,UG007131,13RI-9,UG Transformer Bank,RPS-1,38.88333977,-104.738377,50,UG7132,UG007132,13RI-9,UG Transformer Bank,RPS-16,38.88249666,-104.7383938,25,70.8,24.8,same_feeder_ambiguous
1265884,12020,24945,28695,6,6,1,4,0.6667,0.5,1.0,5,3,3,1.0,3165445412,"3510 ORO BLANCO DR, PHONE EQUIP",COLO SPGS,38.88479807,-104.740055,13RI-9,-104.740055,38.88479807,38.88228,-104.738467,311.9,True,PD5181,PD005181,13RI-9,UG Transformer Bank,CTCS-2,38.88479242,-104.739969,300,UG7132,UG007132,13RI-9,UG Transformer Bank,RPS-16,38.88249666,-104.7383938,25,7.5,293.5,same_feeder_ambiguous
1282750,19587,19575,29371,6,6,1,4,0.6667,0.5,1.0,5,3,3,1.0,644531730,5401 CAMPGLEN DR,COLO SPGS,38.75505173,-104.8134637,12JL-1,-104.8134637,38.75505173,38.755105,-104.813362,10.6,False,PD11790,PD011790,12JL-1,UG Transformer Bank,RRBG-50,38.75459572,-104.8136274,50,PD12411,PD012411,12JL-1,UG Transformer Bank,RRBG-10,38.75542657,-104.8134108,25,52.7,41.9,same_feeder_ambiguous
1282790,19582,19575,29371,6,6,1,4,0.6667,0.5,1.0,5,3,3,1.0,6472607814,5404 BACKGLEN DR,COLO SPGS,38.75520828,-104.8129833,12JL-1,-104.8129833,38.75520828,38.755269,-104.812948,7.4,False,PD15055,PD015055,12JL-1,UG Transformer Bank,RRBG-45,38.75501295,-104.8124682,25,PD12411,PD012411,12JL-1,UG Transformer Bank,RRBG-10,38.75542657,-104.8134108,25,49.7,44.3,same_feeder_ambiguous
1133548,8044,8065,30543,6,6,1,4,0.6667,0.5,1.0,5,3,3,1.0,8755878612,"6721 DELMONICO DR, PHONE EQUIP",COLO SPGS,38.92888866,-104.8306383,12WN-24,-104.8306383,38.92888866,38.928884,-104.830626,1.2,False,UG2405,UG002405,12WN-24,UG Transformer Bank,CRBS-2,38.92943571,-104.8294263,15,UG2232,UG002232,12WN-22,UG Transformer Bank,ARF-24,38.92897783,-104.8329783,25,121.2,202.7,cross_feeder_likely_gis_error
1216177,8128,8065,30543,6,6,1,4,0.6667,0.5,1.0,5,3,3,1.0,533603966,"6683 DELMONICO DR, PHONE EQUIP",COLO SPGS,38.92847153,-104.8305205,12WN-22,-104.8305205,38.92847153,38.928448,-104.83055,3.7,False,PD1051,PD001051,12WN-22,UG Transformer Bank,CRD-1,38.92843227,-104.8302555,75,UG2232,UG002232,12WN-22,UG Transformer Bank,ARF-24,38.92897783,-104.8329783,25,23.3,219.9,same_feeder_ambiguous
1137190,8091,8149,31630,6,6,1,4,0.6667,0.5,1.0,5,3,3,1.0,6317101238,6810 JOINER RD,COLO SPGS,38.92881489,-104.867422,12OV-2,-104.867422,38.92881489,38.92888,-104.867341,10.1,False,PD8671,PD008671,12OV-2,UG Transformer Bank,RMOS-111,38.92907281,-104.8671584,25,PD8669,PD008669,12OV-2,UG Transformer Bank,RMOS-109,38.92849241,-104.8673808,25,36.6,36.0,same_feeder_ambiguous
1306522,8124,8149,31630,6,6,1,4,0.6667,0.5,1.0,5,3,3,1.0,4573102171,2250 WYNBURY CT,COLO SPGS,38.92875752,-104.8677203,12OV-2,-104.8677203,38.92875752,38.928777,-104.867704,2.6,False,PD8670,PD008670,12OV-2,UG Transformer Bank,RMOS-110,38.92874728,-104.8681564,25,PD8669,PD008669,12OV-2,UG Transformer Bank,RMOS-109,38.92849241,-104.8673808,25,37.7,41.6,same_feeder_ambiguous
1170055,24840,11999,36970,6,6,1,4,0.6667,0.5,1.0,5,3,3,1.0,5421782302,2310 CADDIE CT,COLO SPGS,38.88531832,-104.7848102,12C-2,-104.7848102,38.88531832,38.885331,-104.784838,2.8,False,PD5495,PD005495,12C-2,UG Transformer Bank,RSTA-12,38.88486314,-104.7843443,25,PD5494,PD005494,12C-2,UG Transformer Bank,RSTA-13,38.88535052,-104.7853411,25,64.7,46.1,same_feeder_ambiguous
1208290,24787,11999,36970,6,6,1,4,0.6667,0.5,1.0,5,3,3,1.0,1884968562,3650 MASTERS DR,COLO SPGS,38.88575888,-104.7850554,12C-2,-104.7850554,38.88575888,38.885778,-104.785073,2.6,False,PD5491,PD005491,12C-2,UG Transformer Bank,RSTA-9,38.88621607,-104.7845656,15,PD5494,PD005494,12C-2,UG Transformer Bank,RSTA-13,38.88535052,-104.7853411,25,66.2,51.7,same_feeder_ambiguous
1186445,19612,27451,39626,6,6,1,4,0.6667,0.5,1.0,5,3,3,1.0,3946098196,25 ELLSWORTH ST,COLO SPGS,38.75279152,-104.8338009,12JL-2,-104.8338009,38.75279152,38.752815,-104.833779,3.2,False,PD12424,PD012424,12JL-2,UG Transformer Bank,RBO-18,38.75300925,-104.8347764,25,PD12423,PD012423,12JL-2,UG Transformer Bank,RBO-17,38.75302389,-104.8331608,25,88.0,61.2,same_feeder_ambiguous
1188399,19620,27451,39626,6,6,1,4,0.6667,0.5,1.0,5,3,3,1.0,9386739005,5420 BROADMOOR BLUFFS DR,COLO SPGS,38.75236246,-104.8338575,12JL-2,-104.8338575,38.75236246,38.752372,-104.83385,1.2,False,PD12437,PD012437,12JL-2,UG Transformer Bank,RGOB-2,38.75194425,-104.8334305,25,PD12423,PD012423,12JL-2,UG Transformer Bank,RBO-17,38.75302389,-104.8331608,25,59.4,95.2,same_feeder_ambiguous
1200415,12130,12180,42103,6,6,1,4,0.6667,0.5,1.0,5,3,3,1.0,9362212004,"4288 HAMMOCK DR N, LIGHTS",COLO SPGS,38.88361787,-104.7465531,13RI-3,-104.7465531,38.88361787,38.883893,-104.747178,62.1,False,UG8098,UG008098,13RI-3,UG Transformer Bank,RPV-8,38.88382853,-104.7460505,25,UG8099,UG008099,13RI-3,UG Transformer Bank,RWR-15,38.88322846,-104.7469603,25,49.4,55.8,same_feeder_ambiguous
1221717,12208,12180,42103,6,6,1,4,0.6667,0.5,1.0,5,3,3,1.0,9269355839,4372 TEETER TOTTER CIR,COLO SPGS,38.8832074,-104.74651,13RI-3,-104.74651,38.8832074,38.88324,-104.746494,3.9,False,UG8100,UG008100,13RI-3,UG Transformer Bank,RPV-10,38.88293553,-104.7468485,15,UG8099,UG008099,13RI-3,UG Transformer Bank,RWR-15,38.88322846,-104.7469603,25,42.1,39.0,same_feeder_ambiguous
1271265,14281,14323,48134,6,6,1,4,0.6667,0.5,1.0,5,3,3,1.0,7932638307,138 CRYSTAL HILLS BLVD,MANITOU,38.85296058,-104.8896362,13FV-4,-104.8896362,38.85296058,38.852996,-104.889626,4.0,False,UG21764,UG021764,13FV-4,UG Transformer Bank,RCH-15,38.85329348,-104.8890253,25,UG19274,UG019274,13FV-4,UG Transformer Bank,RCH-16,38.85262768,-104.8893071,25,64.6,46.7,same_feeder_ambiguous
1271263,14381,14323,48134,6,6,1,4,0.6667,0.5,1.0,5,3,3,1.0,3141796104,201 CRYSTAL HILLS BLVD,MANITOU,38.85227558,-104.8893377,13FV-4,-104.8893377,38.85227558,38.852309,-104.889334,3.7,False,UG20348,UG020348,13FV-4,UG Transformer Bank,RCH-20,38.85204372,-104.889969,25,UG19274,UG019274,13FV-4,UG Transformer Bank,RCH-16,38.85262768,-104.8893071,25,60.4,39.2,same_feeder_ambiguous
1301463,6503,6485,48200,6,6,1,4,0.6667,0.5,1.0,5,3,3,1.0,2081777370,3045 NAVIGATION DR,COLO SPGS,38.9515268,-104.7679181,13CW-11,-104.7679181,38.9515268,38.951548,-104.767895,3.1,False,PD758,PD000758,13CW-11,UG Transformer Bank,RWB-10,38.95156941,-104.7683447,25,PD759,PD000759,13CW-11,UG Transformer Bank,RWB-8,38.95189932,-104.7673886,25,37.2,61.7,same_feeder_ambiguous
1310328,22301,6485,48200,6,6,1,4,0.6667,0.5,1.0,5,3,3,1.0,1075051131,8150 HELM CT,COLO SPGS,38.95191914,-104.7666715,13CW-11,-104.7666715,38.95191914,38.951953,-104.76667,3.8,False,PD760,PD000760,13CW-11,UG Transformer Bank,RWB-5,38.95166864,-104.7660711,25,PD759,PD000759,13CW-11,UG Transformer Bank,RWB-8,38.95189932,-104.7673886,25,58.9,62.0,same_feeder_ambiguous
1271225,14493,14441,48349,6,6,1,4,0.6667,0.5,1.0,5,3,3,1.0,3040562331,24 MOUNTAIN VIEW RD,MANITOU,38.85093906,-104.8918884,13FV-4,-104.8918884,38.85093906,38.850969,-104.891878,3.4,False,UG20377,UG020377,13FV-4,UG Transformer Bank,RCH-7,38.85088972,-104.892666,25,UG20343,UG020343,13FV-4,UG Transformer Bank,RCH-6,38.85149606,-104.8922296,25,67.6,68.6,same_feeder_ambiguous
1271245,14366,14441,48349,6,6,1,4,0.6667,0.5,1.0,5,3,3,1.0,7810791026,18 MOUNTAIN VIEW RD,MANITOU,38.85173615,-104.8922194,13FV-4,-104.8922194,38.85173615,38.851764,-104.892231,3.3,False,UG20350,UG020350,13FV-4,UG Transformer Bank,RCH-4,38.85190864,-104.8926912,25,UG20343,UG020343,13FV-4,UG Transformer Bank,RCH-6,38.85149606,-104.8922296,25,45.1,26.7,same_feeder_ambiguous
1274342,9890,9965,48907,6,6,1,4,0.6667,0.5,1.0,5,3,3,1.0,3769846398,625 POPES VALLEY DR,COLO SPGS,38.90841763,-104.8394909,12WR-1,-104.8394909,38.90841763,38.908422,-104.839478,1.2,False,PD1401,PD001401,12WR-1,UG Transformer Bank,RPC-61,38.9089491,-104.8403496,50,PD1403,PD001403,12WR-1,UG Transformer Bank,RPC-72,38.90791953,-104.8397564,50,94.9,60.0,same_feeder_ambiguous
1289590,23930,9965,48907,6,6,1,4,0.6667,0.5,1.0,5,3,3,1.0,8467948872,5345 GERMAINE CT,COLO SPGS,38.90779479,-104.8388438,12WR-1,-104.8388438,38.90779479,38.907941,-104.838772,17.4,False,PD1514,PD001514,12WR-1,UG Transformer Bank,RPC-74,38.90777053,-104.8378647,50,PD1403,PD001403,12WR-1,UG Transformer Bank,RPC-72,38.90791953,-104.8397564,50,84.8,80.2,same_feeder_ambiguous
1297699,18056,18052,49004,6,6,1,4,0.6667,0.5,1.0,5,3,3,1.0,3920343233,"3123 BROADMOOR VALLEY RD, CV",COLO SPGS,38.787282,-104.8241354,13SG-3,-104.8241354,38.787282,38.787242,-104.824132,4.5,False,PD11125,PD011125,13SG-3,UG Transformer Bank,AVP-7,38.78739527,-104.8240874,25,PD11123,PD011123,13SG-3,UG Transformer Bank,AVP-3,38.78750336,-104.8229675,50,13.3,104.2,same_feeder_ambiguous
1281162,18036,18052,49004,6,6,1,4,0.6667,0.5,1.0,5,3,3,1.0,3297359825,"3115 BROADMOOR VALLEY RD, GRDHSE",COLO SPGS,38.78771135,-104.8246515,13SG-3,-104.8246515,38.78771135,38.787697,-104.824682,3.1,False,PD11126,PD011126,13SG-3,UG Transformer Bank,AVP-8,38.78779705,-104.8247607,25,PD11123,PD011123,13SG-3,UG Transformer Bank,AVP-3,38.78750336,-104.8229675,50,13.4,147.8,same_feeder_ambiguous
1282722,27377,19416,50922,6,6,1,4,0.6667,0.5,1.0,5,3,3,1.0,5571677586,4605 BROADMOOR BLUFFS DR,COLO SPGS,38.76160064,-104.818617,12JL-1,-104.818617,38.76160064,38.761681,-104.818507,13.1,False,PD12420,PD012420,12JL-1,UG Transformer Bank,RRBG-35,38.76131127,-104.8190703,25,PD12493,PD012493,12JL-1,UG Transformer Bank,RBMG-15,38.76225169,-104.8181385,25,50.8,83.4,same_feeder_ambiguous
1282697,27367,19416,50922,6,6,1,4,0.6667,0.5,1.0,5,3,3,1.0,5582530704,630 MAROONGLEN CT,COLO SPGS,38.762565,-104.8178526,12JL-1,-104.8178526,38.762565,38.762583,-104.817844,2.1,False,PD12494,PD012494,12JL-1,UG Transformer Bank,RBMG-14,38.76214638,-104.8174284,25,PD12493,PD012493,12JL-1,UG Transformer Bank,RBMG-15,38.76225169,-104.8181385,25,59.3,42.8,same_feeder_ambiguous
1287152,7976,8118,51376,6,6,1,4,0.6667,0.5,1.0,5,3,3,1.0,8770562763,6850 OAK VALLEY DR,COLO SPGS,38.93031561,-104.8570003,12OV-2,-104.8570003,38.93031561,38.930176,-104.857029,15.7,False,UG1091,UG001091,12OV-2,UG Transformer Bank,FHUP-13,38.93012762,-104.8565925,15,PD834,PD000834,12OV-2,UG Transformer Bank,RNF-10,38.92865752,-104.8560841,50,41.0,200.7,same_feeder_ambiguous
1300557,8081,8118,51376,6,6,1,4,0.6667,0.5,1.0,5,3,3,1.0,4185371176,6755 NORTHRIM LN,COLO SPGS,38.92901786,-104.855926,12OV-2,-104.855926,38.92901786,38.929018,-104.85593,0.3,False,PD833,PD000833,12OV-2,UG Transformer Bank,RNF-7,38.92900666,-104.8551574,50,PD834,PD000834,12OV-2,UG Transformer Bank,RNF-10,38.92865752,-104.8560841,50,66.5,42.3,same_feeder_ambiguous
1297569,7502,7573,51846,6,6,1,4,0.6667,0.5,1.0,5,3,3,1.0,411952793,"7060 OAK VALLEY DR, CV",COLO SPGS,38.9352506,-104.8597738,12OV-2,-104.8597738,38.9352506,38.935244,-104.859764,1.1,False,PD540,PD000540,12OV-2,UG Transformer Bank,ROH-62,38.93548945,-104.8603568,25,PD581,PD000581,12OV-2,UG Transformer Bank,ROH-59,38.93470239,-104.8595134,25,57.0,65.0,same_feeder_ambiguous
1297926,7652,7573,51846,6,6,1,4,0.6667,0.5,1.0,5,3,3,1.0,7845893698,7018 OAK VALLEY DR,COLO SPGS,38.93425517,-104.8597998,12OV-2,-104.8597998,38.93425517,38.934312,-104.859713,9.8,False,PD584,PD000584,12OV-2,UG Transformer Bank,ROH-58,38.93377819,-104.8595038,25,PD581,PD000581,12OV-2,UG Transformer Bank,ROH-59,38.93470239,-104.8595134,25,58.9,55.6,same_feeder_ambiguous
1000661,5558,453995,92,4,4,1,3,0.75,0.5,1.0,3,3,3,1.0,3591964996,1125 GLENROCK DR,COLO SPGS,38.6868335,-104.8479507,12JL-1,-104.8479507,38.6868335,38.686872,-104.847918,5.1,False,OH42423,OH042423,12JL-1,OH Transformer Bank,,38.68685399,-104.8482985,25,UG21005,UG021005,12JL-1,UG Transformer Bank,RGLEN-1,38.68657508,-104.8493235,50,30.3,122.6,same_feeder_ambiguous
1000832,19676,19679,197,4,4,1,3,0.75,0.5,1.0,3,3,3,1.0,3858030946,8160 PIUTE RD LOT A58,COLO SPGS,38.71562822,-104.8270323,12JL-1,-104.8270323,38.71562822,38.715609,-104.82701,2.9,False,UG20982,UG020982,12JL-1,UG Transformer Bank,MLM-6,38.71576203,-104.8263405,25,UG20989,UG020989,12JL-1,UG Transformer Bank,MLM-7,38.71562633,-104.8272997,25,61.8,23.2,same_feeder_ambiguous
1000893,83807,5465,214,4,4,1,3,0.75,0.5,1.0,3,3,3,1.0,29784339,620 PINE OAKS LN,COLO SPGS,38.71889837,-104.836662,12JL-1,-104.836662,38.71889837,38.719098,-104.836988,36.0,False,OH44652,OH044652,12JL-1,OH Transformer Bank,,38.71896896,-104.8370227,10,OH40438,OH040438,12JL-1,OH Transformer Bank,,38.71970944,-104.8351826,25,32.3,156.9,same_feeder_ambiguous
1006651,30364,24109,227,4,4,1,3,0.75,0.5,1.0,3,3,3,1.0,5853472499,"6307 BLAZING STAR DR, SPKG",COLO SPGS,38.90386411,-104.7046772,12ST-4,-104.7046772,38.90386411,38.903899,-104.704667,4.0,False,PD19764,PD019764,12ST-4,UG Transformer Bank,RSHR-350,38.90388829,-104.7047543,25,PD2873,PD002873,12ST-4,UG Transformer Bank,RSHR-72,38.90345214,-104.7051376,25,7.2,60.7,same_feeder_ambiguous
1001049,219,218,302,4,4,1,3,0.75,0.5,1.0,3,3,3,1.0,7805984344,11240 BELVIDERE AVE,GN MTN FLS,38.93714471,-105.0291539,12GM-4,-105.0291539,38.93714471,38.937139,-105.029148,0.8,False,OH49385,OH049385,12GM-4,OH Transformer Bank,,38.93709694,-105.0287937,25,OH49386,OH049386,12GM-4,OH Transformer Bank,,38.93713089,-105.0282141,15,31.6,81.3,same_feeder_ambiguous
1002666,19835,418,365,4,4,1,3,0.75,0.5,1.0,3,3,3,1.0,2729760551,9755 FOUNTAIN RD,CASCADE,38.92155248,-104.9989298,12GM-4,-104.9989298,38.92155248,38.921459,-104.998933,10.4,False,OH50518,OH050518,12GM-4,OH Transformer Bank,,38.9218279,-104.9983885,25,OH49239,OH049239,12GM-2,OH Transformer Bank,,38.92094509,-104.9993208,25,56.0,75.5,cross_feeder_likely_gis_error
1001293,279,282,414,4,4,1,3,0.75,0.5,1.0,3,3,3,1.0,2022958607,10935 HONDO AVE,GN MTN FLS,38.9340024,-105.0225493,12GM-4,-105.0225493,38.9340024,38.934075,-105.02238,16.7,False,OH48983,OH048983,12GM-4,OH Transformer Bank,,38.93433926,-105.0232054,25,OH48991,OH048991,12GM-4,OH Transformer Bank,,38.93424728,-105.0214276,25,68.0,100.8,same_feeder_ambiguous
1001462,19819,19823,418,4,4,1,3,0.75,0.5,1.0,3,3,3,1.0,3570888630,10265 MOUNTAIN RD,CASCADE,38.92880691,-105.0092623,12GM-4,-105.0092623,38.92880691,38.92801,-105.00917,89.0,False,OH50172,OH050172,12GM-4,OH Transformer Bank,,38.92855069,-105.0096648,25,OH50169,OH050169,12GM-4,OH Transformer Bank,,38.92773225,-105.0101728,37.5,45.0,143.1,same_feeder_ambiguous
1001282,279,19794,423,4,4,1,3,0.75,0.5,1.0,3,3,3,1.0,9254507867,11015 IONA AVE,GN MTN FLS,38.93459121,-105.0226745,12GM-4,-105.0226745,38.93459121,38.934865,-105.022778,31.7,False,OH48983,OH048983,12GM-4,OH Transformer Bank,,38.93433926,-105.0232054,25,OH49054,OH049054,12GM-4,OH Transformer Bank,,38.93524708,-105.0221611,25,53.8,85.4,same_feeder_ambiguous
1001928,446,438,471,4,4,1,3,0.75,0.5,1.0,3,3,3,1.0,8252224812,5840 IRIQUOIS TRL,CASCADE,38.91811964,-104.9961103,12GM-4,-104.9961103,38.91811964,38.917725,-104.995497,68.9,False,OH50460,OH050460,12GM-4,OH Transformer Bank,,38.9182108,-104.9957367,25,OH50457,OH050457,12GM-4,OH Transformer Bank,,38.91849512,-104.9967444,25,33.9,68.9,same_feeder_ambiguous
1001748,227,212,641,4,4,1,3,0.75,0.5,1.0,3,3,3,1.0,7064626045,10940 BELVIDERE AVE,GN MTN FLS,38.93712957,-105.022072,12GM-4,-105.022072,38.93712957,38.936911,-105.022129,24.8,False,OH49066,OH049066,12GM-4,OH Transformer Bank,,38.93687626,-105.0219724,25,OH49183,OH049183,12GM-4,OH Transformer Bank,,38.93737922,-105.0214797,50,29.5,58.3,same_feeder_ambiguous
1001888,274,268,648,4,4,1,3,0.75,0.5,1.0,3,3,3,1.0,4655858289,10560 UTE PASS AVE,GN MTN FLS,38.93461536,-105.0150416,12GM-4,-105.0150416,38.93461536,38.934711,-105.015125,12.9,False,OH50107,OH050107,12GM-4,OH Transformer Bank,,38.93462143,-105.014889,50,OH50097,OH050097,12GM-4,OH Transformer Bank,,38.93518925,-105.0152344,50,13.2,66.0,same_feeder_ambiguous
1280975,530,529,768,4,4,1,3,0.75,0.5,1.0,3,3,3,1.0,7840896811,8238 W US HIGHWAY 24,CASCADE,38.90922676,-104.9716797,12HY-2,-104.9716797,38.90922676,38.909193,-104.97167,3.8,False,OH49011,OH049011,12HY-2,OH Transformer Bank,,38.90915746,-104.971226,25,OH49002,OH049002,12HY-2,OH Transformer Bank,,38.90945857,-104.9720291,25,40.0,39.7,same_feeder_ambiguous
1002507,24383,10783,1028,4,4,1,3,0.75,0.5,1.0,3,3,3,1.0,4183032652,6145 HOLSTER CT,COLO SPGS,38.89837892,-104.7131554,12ST-1,-104.7131554,38.89837892,38.898358,-104.713055,9.0,False,PD13010,PD013010,12ST-21,UG Transformer Bank,RSH23-22,38.89843862,-104.7134788,25,PD13018,PD013018,12ST-21,UG Transformer Bank,RSH23-21,38.89827663,-104.7128275,25,28.8,30.6,same_feeder_ambiguous
1007358,10404,10453,1053,4,4,1,3,0.75,0.5,1.0,3,3,3,1.0,8043934871,4961 ARDLEY DR,COLO SPGS,38.90188585,-104.7122397,12ST-1,-104.7122397,38.90188585,38.901931,-104.712269,5.6,False,PD15214,PD015214,12ST-21,UG Transformer Bank,RSHR-251,38.90214441,-104.7119612,25,PD14668,PD014668,12ST-21,UG Transformer Bank,RSHR-217,38.90153353,-104.7126081,25,37.5,50.5,same_feeder_ambiguous
1003609,19710,19711,1235,4,4,1,3,0.75,0.5,1.0,3,3,3,1.0,1945389684,8160 PIUTE RD LOT A160,COLO SPGS,38.71289512,-104.825594,12JL-1,-104.825594,38.71289512,38.712927,-104.825594,3.5,False,UG21042,UG021042,12JL-1,UG Transformer Bank,MLM-24,38.71292872,-104.8253086,25,UG21043,UG021043,12JL-1,UG Transformer Bank,MLM-25,38.71266147,-104.8257649,15,25.0,29.9,same_feeder_ambiguous
1003823,19686,19689,1253,4,4,1,3,0.75,0.5,1.0,3,3,3,1.0,3979114384,8160 PIUTE RD LOT A91,COLO SPGS,38.71432812,-104.828769,12JL-1,-104.828769,38.71432812,38.714411,-104.828597,17.5,False,UG20994,UG020994,12JL-1,UG Transformer Bank,MLM-9,38.71467976,-104.8284714,25,UG20995,UG020995,12JL-1,UG Transformer Bank,MLM-10,38.71460369,-104.829058,15,46.9,39.6,same_feeder_ambiguous
1003710,19711,27471,1271,4,4,1,3,0.75,0.5,1.0,3,3,3,1.0,4971789552,8160 PIUTE RD LOT A155,COLO SPGS,38.71265439,-104.8260738,12JL-1,-104.8260738,38.71265439,38.712684,-104.826054,3.7,False,UG21043,UG021043,12JL-1,UG Transformer Bank,MLM-25,38.71266147,-104.8257649,15,UG21045,UG021045,12JL-1,UG Transformer Bank,MLM-26,38.71266276,-104.8263659,15,26.8,25.4,same_feeder_ambiguous
1119488,25509,13678,1479,4,4,1,3,0.75,0.5,1.0,3,3,3,1.0,5054592445,370 VIA LINDA VISTA,MANITOU,38.8638631,-104.8881034,13FV-1,-104.8881034,38.8638631,38.863856,-104.888093,1.2,False,UG20352,UG020352,13FV-1,UG Transformer Bank,RGGE-12,38.86340335,-104.8880455,15,UG21025,UG021025,13FV-1,UG Transformer Bank,RGGE-13,38.86372604,-104.8875911,25,51.4,46.9,same_feeder_ambiguous
1004420,133432,133434,1533,4,4,1,3,0.75,0.5,1.0,3,3,3,1.0,6299528451,8696 ECKBERG HTS,COLO SPGS,38.95600865,-104.7234562,12BG-23,-104.7234562,38.95600865,38.956434,-104.723489,47.4,False,PD19533,PD019533,12BG-23,UG Transformer Bank,RWR-125,38.95617584,-104.7239623,50,PD19534,PD019534,12BG-23,UG Transformer Bank,RWR-127,38.95652223,-104.7233897,10,47.5,57.4,same_feeder_ambiguous
1007811,645,658,2530,4,4,1,3,0.75,0.5,1.0,3,3,3,1.0,3487660463,4680 MARIPOSA LN,CASCADE,38.90089895,-104.967076,12HY-2,-104.967076,38.90089895,38.900766,-104.967685,54.7,False,OH49455,OH049455,12HY-2,OH Transformer Bank,,38.90110464,-104.9676794,15,OH49594,OH049594,12HY-2,OH Transformer Bank,,38.90028395,-104.9680493,15,57.0,108.5,same_feeder_ambiguous
1007841,681,689,2558,4,4,1,3,0.75,0.5,1.0,3,3,3,1.0,7448114043,4546 HAGERMAN AVE,CASCADE,38.89852619,-104.970488,12HY-2,-104.970488,38.89852619,38.898526,-104.970487,0.1,False,OH49463,OH049463,12HY-2,OH Transformer Bank,,38.89885743,-104.9704741,15,OH49460,OH049460,12HY-2,OH Transformer Bank,,38.8981123,-104.9701059,50,36.9,56.7,same_feeder_ambiguous
1128761,131184,131185,2948,4,4,1,3,0.75,0.5,1.0,3,3,3,1.0,2185190310,"4763 FALCONS HOOD PT, SPKG",COLO SPGS,38.90032944,-104.6894407,12ST-3,-104.6894407,38.90032944,38.900323,-104.68943,1.2,False,PD21101,PD021101,12ST-3,UG Transformer Bank,RFR-3,38.89999862,-104.6899206,25,PD21850,PD021850,12ST-3,UG Transformer Bank,RFR-4,38.90049433,-104.6896779,10,55.5,27.5,same_feeder_ambiguous
1014562,5413,5416,3999,4,4,1,3,0.75,0.5,1.0,3,3,3,1.0,2713234920,"527 WIDEFIELD DR, CELLSITE",COLO SPGS,38.75470703,-104.730424,12BY-34,-104.730424,38.75470703,38.7547,-104.730414,1.2,False,OH21658,OH021658,12BY-34,OH Transformer Bank,,38.75468376,-104.7303403,45,OH21661,OH021661,12BY-34,OH Transformer Bank,,38.75427982,-104.7309912,50,7.7,68.4,same_feeder_ambiguous
1013029,3933,3916,4019,4,4,1,3,0.75,0.5,1.0,3,3,3,1.0,6796545791,"1430 E FOUNTAIN BLVD, HSEMTR",COLO SPGS,38.82152525,-104.7987234,12SF-15,-104.7987234,38.82152525,38.821545,-104.798645,7.1,False,OH17372,OH017372,12SF-15,OH Transformer Bank,,38.82141754,-104.7991435,50,OH22273,OH022273,12SF-15,OH Transformer Bank,,38.82171853,-104.7990049,50,38.3,32.5,same_feeder_ambiguous
1023961,24382,10715,4755,4,4,1,3,0.75,0.5,1.0,3,3,3,1.0,8839445850,4617 CHICORY CT,COLO SPGS,38.89900683,-104.729136,12AP-2,-104.729136,38.89900683,38.899035,-104.729116,3.6,False,UG9914,UG009914,12AP-2,UG Transformer Bank,RRIS-53,38.89847824,-104.7290946,25,UG9913,UG009913,12AP-2,UG Transformer Bank,RRIS-52,38.8991166,-104.7287519,25,58.9,35.4,same_feeder_ambiguous
1195013,19961,913,5138,4,4,1,3,0.75,0.5,1.0,3,3,3,1.0,9160498809,3940 N NEVADA AVE,COLO SPGS,38.89009741,-104.8195733,13NP-1,-104.8195733,38.89009741,38.890129,-104.819565,3.6,False,OH8345,OH008345,13NP-1,OH Transformer Bank,,38.89020431,-104.8195027,50,OH44947,OH044947,13NP-1,OH Transformer Bank,,38.88947827,-104.8196375,50,13.4,69.1,same_feeder_ambiguous
1027256,9059,23496,5250,4,4,1,3,0.75,0.5,1.0,3,3,3,1.0,2173819496,4905 TETON PL,COLO SPGS,38.91874985,-104.7395395,12AP-3,-104.7395395,38.91874985,38.91876,-104.739532,1.3,False,PD8992,PD008992,12AP-3,UG Transformer Bank,RDR-30,38.91889155,-104.7396969,25,PD8993,PD008993,12AP-3,UG Transformer Bank,RDR-32,38.9188552,-104.7387261,25,20.8,71.3,same_feeder_ambiguous
1020592,9287,9241,5344,4,4,1,3,0.75,0.5,1.0,3,3,3,1.0,4333015315,5890 DRIFTER ST,COLO SPGS,38.91649738,-104.7381263,12AP-3,-104.7381263,38.91649738,38.916533,-104.738035,8.8,False,PD10698,PD010698,12AP-3,UG Transformer Bank,RDR-61,38.91615761,-104.7378405,25,PD10902,PD010902,12AP-3,UG Transformer Bank,RDR-51,38.9170326,-104.7378298,25,45.2,64.8,same_feeder_ambiguous
1046155,24406,24411,6143,4,4,1,3,0.75,0.5,1.0,3,3,3,1.0,4617265388,4660 EXCALIBUR CT,COLO SPGS,38.89777185,-104.7368308,12AP-2,-104.7368308,38.89777185,38.897765,-104.736821,1.1,False,PD4681,PD004681,12AP-2,UG Transformer Bank,RCP-11,38.89795439,-104.7369788,25,PD4682,PD004682,12AP-2,UG Transformer Bank,RCP-12,38.89779393,-104.7369798,25,24.0,13.1,same_feeder_ambiguous
1028620,17661,17563,7581,4,4,1,3,0.75,0.5,1.0,3,3,3,1.0,7083498981,"2601 S CHELTON RD, CV",COLO SPGS,38.79396855,-104.7422361,13KE-64,-104.7422361,38.79396855,38.793958,-104.742183,4.7,False,UG12980,UG012980,13KE-64,UG Transformer Bank,RSB-113,38.79359243,-104.7419236,25,UG15074,UG015074,13KE-64,UG Transformer Bank,RSB-134,38.79472626,-104.7422103,25,49.8,84.3,same_feeder_ambiguous
1033287,294077,291199,7700,4,4,1,3,0.75,0.5,1.0,3,3,3,1.0,9855380211,10509 FOREST CREEK DR,COLO SPGS,38.98571305,-104.7598679,12KC-12,-104.7598679,38.98571305,38.984427,-104.758771,171.6,True,PD102626,PD102626,12KC-12,UG Transformer Bank,RNFB1-3,38.98619565,-104.7598551,50,PD102625,PD102625,12KC-12,UG Transformer Bank,RNFB1-2,38.98520497,-104.7578508,50,53.7,183.3,same_feeder_ambiguous
1029678,6199,6219,7889,4,4,1,3,0.75,0.5,1.0,3,3,3,1.0,209312868,8778 ESTEBURY CIR,COLO SPGS,38.95679061,-104.7412309,13BG-4,-104.7412309,38.95679061,38.956679,-104.741187,13.0,False,PD963,PD000963,13BG-4,UG Transformer Bank,RGV-101,38.95700448,-104.7410303,25,PD1007,PD001007,13BG-4,UG Transformer Bank,RGV-102,38.95635209,-104.7412629,25,29.4,48.8,same_feeder_ambiguous
1035239,6028,22111,9295,4,4,1,3,0.75,0.5,1.0,3,3,3,1.0,8496827491,4652 KASHMIRE DR,COLO SPGS,38.96280734,-104.7416721,13BG-4,-104.7416721,38.96280734,38.962785,-104.741577,8.6,False,PD11701,PD011701,13BG-4,UG Transformer Bank,RGV-187,38.96253281,-104.7414909,25,PD11775,PD011775,13BG-4,UG Transformer Bank,RGV-188,38.96300675,-104.7410875,15,34.3,55.2,same_feeder_ambiguous
1036968,375008,375007,9660,4,4,1,3,0.75,0.5,1.0,3,3,3,1.0,600997720,11035 CRISP AIR DR,COLO SPGS,38.9918257,-104.7692769,12KC-12,-104.7692769,38.9918257,38.991819,-104.769266,1.2,False,PD105908,PD105908,12KC-12,UG Transformer Bank,RNF7-34,38.99155445,-104.7693021,25,PD105907,PD105907,12KC-12,UG Transformer Bank,RNF7-33,38.99235952,-104.7700115,50,30.2,86.9,same_feeder_ambiguous
1074302,6771,6742,9923,4,4,1,3,0.75,0.5,1.0,3,3,3,1.0,6092069545,"7901 RANGEWOOD DR, TRF SG",COLO SPGS,38.94731793,-104.7528284,13BG-3,-104.7528284,38.94731793,38.947338,-104.752833,2.3,False,PD2150,PD002150,13BG-3,UG Transformer Bank,GSL-241,38.94742241,-104.7527575,25,PD2115,PD002115,13BG-3,UG Transformer Bank,VRM-4,38.94782526,-104.7517941,50,13.1,105.7,same_feeder_ambiguous
1042508,343708,343709,10451,4,4,1,3,0.75,0.5,1.0,3,3,3,1.0,9984709161,6023 JORIE RD,COLO SPGS,38.91770633,-104.6817132,12ST-2,-104.6817132,38.91770633,38.9177,-104.681703,1.1,False,PD103637,PD103637,12ST-2,UG Transformer Bank,RMVP-38,38.91805839,-104.6818144,50,PD103641,PD103641,12ST-2,UG Transformer Bank,RMVP-39,38.91758289,-104.6819758,25,40.1,26.5,same_feeder_ambiguous
1136930,181763,171839,13198,4,4,1,3,0.75,0.5,1.0,3,3,3,1.0,442215871,7103 MOUNTAIN SPRUCE DR,COLO SPGS,38.93578398,-104.6801825,12ST-22,-104.6801825,38.93578398,38.935777,-104.680172,1.2,False,PD22436,PD022436,12ST-22,UG Transformer Bank,RBLR-35,38.93612335,-104.6800326,50,PD16970,PD016970,12ST-22,UG Transformer Bank,RBLR-33,38.93533708,-104.6806239,50,39.9,62.7,same_feeder_ambiguous
1175682,13542,25425,13210,4,4,1,3,0.75,0.5,1.0,3,3,3,1.0,4506340384,1151 CENOTAPH CIR,COLO SPGS,38.86741726,-104.8591258,13Y-1,-104.8591258,38.86741726,38.867383,-104.859246,11.1,False,UG3865,UG003865,13Y-1,UG Transformer Bank,RGGM-1,38.86682015,-104.859172,25,UG3866,UG003866,13Y-1,UG Transformer Bank,RMV-5,38.86843966,-104.8591451,15,66.5,113.7,same_feeder_ambiguous
1115807,13608,13637,13649,4,4,1,3,0.75,0.5,1.0,3,3,3,1.0,7396701429,2215 BULA DR,COLO SPGS,38.86418788,-104.7248168,12PR-1,-104.7248168,38.86418788,38.864218,-104.724807,3.5,False,PD3993,PD003993,12PR-1,UG Transformer Bank,RHC-28,38.86469207,-104.7249682,25,UG8637,UG008637,12PR-1,UG Transformer Bank,RHC-29,38.86396345,-104.7248652,25,57.6,25.3,same_feeder_ambiguous
1308018,8274,8236,13950,4,4,1,3,0.75,0.5,1.0,3,3,3,1.0,6632971196,762 GREY EAGLE CIR S,COLO SPGS,38.92732188,-104.8418546,12WN-22,-104.8418546,38.92732188,38.927346,-104.841841,2.9,False,UG2157,UG002157,12WN-22,UG Transformer Bank,RCOM-94,38.92706915,-104.8423406,25,UG2158,UG002158,12WN-22,UG Transformer Bank,RCOM-78,38.92731485,-104.8416451,15,50.6,18.1,same_feeder_ambiguous
1061722,344779,344972,14465,4,4,1,3,0.75,0.5,1.0,3,3,3,1.0,3732796346,11914 RED BULLET LN,COLO SPGS,39.00391243,-104.8100017,12KC-13,-104.8100017,39.00391243,39.003906,-104.809991,1.2,False,PD104528,PD104528,12KC-13,UG Transformer Bank,RTFRM-34,39.00399899,-104.8095992,25,PD104624,PD104624,12KC-13,UG Transformer Bank,RTF43-3,39.00394052,-104.8104926,50,36.1,42.5,same_feeder_ambiguous
1065867,247050,247355,15053,4,4,1,3,0.75,0.5,1.0,3,3,3,1.0,8985029593,1075 DIAMOND RIM DR,COLO SPGS,39.02336488,-104.8089553,12FH-12,-104.8089553,39.02336488,39.023358,-104.808945,1.2,False,PD100602,PD100602,12FH-12,UG Transformer Bank,RGHN-32,39.02351267,-104.8092545,50,PD100603,PD100603,12FH-12,UG Transformer Bank,RGHN-33,39.02346294,-104.8085852,25,30.6,33.8,same_feeder_ambiguous
1066736,247045,247043,15138,4,4,1,3,0.75,0.5,1.0,3,3,3,1.0,867678691,2139 BENT CREEK DR,COLO SPGS,39.02490736,-104.7886633,12FH-12,-104.7886633,39.02490736,39.024901,-104.788653,1.1,False,PD100614,PD100614,12FH-12,UG Transformer Bank,RVER1-1,39.0247424,-104.7879785,25,PD100615,PD100615,12FH-12,UG Transformer Bank,RVER1-2,39.02534831,-104.7887103,25,61.9,49.2,same_feeder_ambiguous
1067749,39337,39335,15475,4,4,1,3,0.75,0.5,1.0,3,3,3,1.0,8139033080,"10294 PONDEROSA PINE WAY, SPKG",COLO SPGS,38.98107743,-104.7613011,12KC-44,-104.7613011,38.98107743,38.981524,-104.762082,83.8,False,PD20019,PD020019,12KC-44,UG Transformer Bank,RPC29-15,38.98049449,-104.761377,25,PD20025,PD020025,12KC-44,UG Transformer Bank,RPC29-9,38.98096841,-104.7625148,50,65.2,105.6,same_feeder_ambiguous
1076022,18843,18858,16153,4,4,1,3,0.75,0.5,1.0,3,3,3,1.0,9955406082,5055 MANZANA DR,COLO SPGS,38.77225618,-104.7328478,13KE-71,-104.7328478,38.77225618,38.772285,-104.732834,3.4,False,PD7845,PD007845,13KE-71,UG Transformer Bank,VRCVE-14,38.77256444,-104.7328515,75,PD7831,PD007831,13KE-71,UG Transformer Bank,VRCVE-15,38.77237774,-104.7322896,25,34.3,50.2,same_feeder_ambiguous
1072926,259527,149118,16758,4,4,1,3,0.75,0.5,1.0,3,3,3,1.0,1047849414,"120 E CACHE LA POUDRE ST, PHONE EQUIP",COLO SPGS,38.84659643,-104.8220592,13Y-2,-104.8220592,38.84659643,38.846595,-104.822119,5.2,False,PD100928,PD100928,13Y-2,UG Transformer Bank,CCSCC-1,38.84661447,-104.8203816,45,PD17850,PD017850,13Y-2,UG Transformer Bank,GSL-810,38.84687814,-104.8238826,25,145.3,161.0,same_feeder_ambiguous
1074036,3335,3380,17315,4,4,1,3,0.75,0.5,1.0,3,3,3,1.0,9469105797,"151 N CIRCLE DR, PHONE EQUIP",COLO SPGS,38.83552169,-104.7756268,12AR-1,-104.7756268,38.83552169,38.835323,-104.775724,23.6,False,OH15720,OH015720,12AR-1,OH Transformer Bank,,38.83528586,-104.774824,25,OH15739,OH015739,12AR-1,OH Transformer Bank,,38.83443758,-104.7752422,75,74.3,125.1,same_feeder_ambiguous
1075750,27361,27352,17704,4,4,1,3,0.75,0.5,1.0,3,3,3,1.0,5540303018,5120 ALMONT AVE,COLO SPGS,38.76211158,-104.7322782,12BY-34,-104.7322782,38.76211158,38.762143,-104.732278,3.5,False,PD7884,PD007884,12BY-34,UG Transformer Bank,RPRR-38,38.76174245,-104.7320521,25,PD7885,PD007885,12BY-34,UG Transformer Bank,RPRR-29,38.76213333,-104.7324716,25,45.5,16.9,same_feeder_ambiguous
1136555,10106,10123,18290,5,4,1,3,0.75,0.5,1.0,4,3,3,1.0,9092731590,"5067 FLINTRIDGE DR, PHONE EQUIP",COLO SPGS,38.90555135,-104.763572,13CW-12,-104.763572,38.90555135,38.905545,-104.763561,1.2,False,UG4062,UG004062,13CW-12,UG Transformer Bank,RVG-172,38.90548305,-104.7629926,50,UG4012,UG004012,13CW-12,UG Transformer Bank,RVG-138,38.90542295,-104.7628116,25,50.7,67.3,same_feeder_ambiguous
1078628,18565,18623,18315,4,4,1,3,0.75,0.5,1.0,3,3,3,1.0,5681034566,3815 CRESTA LOMA PL,COLO SPGS,38.7769897,-104.7252961,13KE-71,-104.7252961,38.7769897,38.77688,-104.725267,12.5,False,UG13639,UG013639,13KE-71,UG Transformer Bank,RCVE-16,38.77738626,-104.724662,25,UG13641,UG013641,13KE-71,UG Transformer Bank,RCVE-11,38.77635291,-104.7258878,37.5,70.5,87.4,same_feeder_ambiguous
1093115,17769,26859,18417,4,4,1,3,0.75,0.5,1.0,3,3,3,1.0,6160473362,2775 JET WING DR,COLO SPGS,38.79219525,-104.75382,13KE-61,-104.75382,38.79219525,38.792228,-104.753812,3.7,False,PD5458,PD005458,13KE-61,UG Transformer Bank,CABC-1,38.79216468,-104.7532915,25,UG14769,UG014769,13KE-61,UG Transformer Bank,RSB-48,38.79233341,-104.7538225,15,45.9,15.4,same_feeder_ambiguous
1091847,17518,17524,18439,4,4,1,3,0.75,0.5,1.0,3,3,3,1.0,3002281216,4742 MONICA DR,COLO SPGS,38.79529571,-104.7403202,13KE-64,-104.7403202,38.79529571,38.795327,-104.740317,3.5,False,UG12976,UG012976,13KE-64,UG Transformer Bank,RSB-126,38.79541942,-104.7405474,25,UG12975,UG012975,13KE-64,UG Transformer Bank,RSB-127,38.79539723,-104.740072,25,24.0,24.3,same_feeder_ambiguous
1090029,14083,14023,18591,4,4,1,3,0.75,0.5,1.0,3,3,3,1.0,1319004961,1640 HIAWATHA DR,COLO SPGS,38.85573164,-104.7096144,12CL-13,-104.7096144,38.85573164,38.85576,-104.709615,3.2,False,UG5248,UG005248,12CL-13,UG Transformer Bank,RW-4,38.8552677,-104.7099819,15,UG5241,UG005241,12CL-13,UG Transformer Bank,RW-23,38.85638013,-104.7097702,15,60.6,73.4,same_feeder_ambiguous
1081528,13984,13998,18998,4,4,1,3,0.75,0.5,1.0,3,3,3,1.0,5336867096,6361 PALMER PARK BLVD,COLO SPGS,38.85726781,-104.7095378,12CL-13,-104.7095378,38.85726781,38.857292,-104.709523,3.0,False,UG5239,UG005239,12CL-13,UG Transformer Bank,RW-25,38.85707097,-104.7090909,15,UG5240,UG005240,12CL-13,UG Transformer Bank,RW-24,38.85684373,-104.7097897,25,44.5,52.0,same_feeder_ambiguous
1081778,15751,15742,19059,4,4,1,3,0.75,0.5,1.0,3,3,3,1.0,7336357669,5150 AIRPORT RD LOT D159,COLO SPGS,38.82767862,-104.732035,13PV-4,-104.732035,38.82767862,38.827673,-104.732082,4.1,False,UG12454,UG012454,13PV-4,UG Transformer Bank,MGA-22,38.82746177,-104.731785,25,UG12700,UG012700,13PV-4,UG Transformer Bank,MGA-33,38.82763429,-104.732556,25,32.4,45.4,same_feeder_ambiguous
1087787,13861,1917,19923,4,4,1,3,0.75,0.5,1.0,3,3,3,1.0,4379853161,"101 BECKERS LN, CV",MANITOU,38.86001388,-104.8917563,13FV-1,-104.8917563,38.86001388,38.860003,-104.891759,1.2,False,PD15726,PD015726,13FV-1,UG Transformer Bank,CBLM-2,38.8600263,-104.8918452,45,OH31348,OH031348,13FV-1,OH Transformer Bank,,38.86008054,-104.8921429,15,7.8,34.3,same_feeder_ambiguous
1108667,17494,26746,20190,4,4,1,3,0.75,0.5,1.0,3,3,3,1.0,8059478046,2545 CARMEL DR,COLO SPGS,38.79585712,-104.7751354,13HK-1,-104.7751354,38.79585712,38.795703,-104.775026,19.6,False,UG10411,UG010411,13HK-1,UG Transformer Bank,CSIP-14,38.79592014,-104.7752905,25,PD6953,PD006953,13HK-1,UG Transformer Bank,CSIP-96,38.79626998,-104.7746321,75,15.2,63.3,same_feeder_ambiguous
1089823,14148,14083,20429,4,4,1,3,0.75,0.5,1.0,3,3,3,1.0,3839431162,1570 HIAWATHA DR,COLO SPGS,38.85491618,-104.7101993,12CL-13,-104.7101993,38.85491618,38.854949,-104.71016,5.0,False,UG5249,UG005249,12CL-13,UG Transformer Bank,RW-1,38.85413729,-104.710522,25,UG5248,UG005248,12CL-13,UG Transformer Bank,RW-4,38.8552677,-104.7099819,15,91.0,43.4,same_feeder_ambiguous
1116403,13110,13173,20657,4,4,1,3,0.75,0.5,1.0,3,3,3,1.0,1203835617,5085 ESCAPARDO WAY,COLO SPGS,38.87247509,-104.7333054,12PR-2,-104.7333054,38.87247509,38.872499,-104.733288,3.1,False,UG11569,UG011569,12PR-2,UG Transformer Bank,RVL-27,38.87273182,-104.7325479,25,UG11568,UG011568,12PR-2,UG Transformer Bank,RVL-31,38.8719349,-104.7336376,25,71.5,66.6,same_feeder_ambiguous
1116126,12920,12910,20748,4,4,1,3,0.75,0.5,1.0,3,3,3,1.0,2781645493,5492 ALTEZA DR,COLO SPGS,38.87482192,-104.7257792,12PR-2,-104.7257792,38.87482192,38.874773,-104.725737,6.6,False,PD5248,PD005248,12PR-2,UG Transformer Bank,RVL-177,38.87482394,-104.7252114,25,UG9061,UG009061,12PR-2,UG Transformer Bank,RVL-153,38.87490793,-104.7262198,25,49.2,39.3,same_feeder_ambiguous
1113711,14078,14070,20783,4,4,1,3,0.75,0.5,1.0,3,3,3,1.0,1757286915,1545 KENLAND CT,COLO SPGS,38.85526895,-104.7300754,13RI-11,-104.7300754,38.85526895,38.855308,-104.73006,4.5,False,UG4770,UG004770,13RI-11,UG Transformer Bank,RKN-1,38.85524617,-104.7297565,25,PD14566,PD014566,13RI-11,UG Transformer Bank,RKN-2,38.85555772,-104.7299085,15,27.7,35.2,same_feeder_ambiguous
1202165,18412,18415,21007,4,4,1,3,0.75,0.5,1.0,3,3,3,1.0,8939990936,935 BAYFIELD DR,COLO SPGS,38.7813645,-104.8104913,13SG-3,-104.8104913,38.7813645,38.781398,-104.81047,4.2,False,PD10763,PD010763,13SG-3,UG Transformer Bank,RMJB-76,38.78154848,-104.8110976,25,PD10764,PD010764,13SG-3,UG Transformer Bank,RMJB-75,38.78144332,-104.8098727,25,56.4,54.3,same_feeder_ambiguous
1091518,27466,27465,21057,4,4,1,3,0.75,0.5,1.0,3,3,3,1.0,5950896866,450 PAISLEY DR,COLO SPGS,38.74205209,-104.8362431,12JL-2,-104.8362431,38.74205209,38.742085,-104.83621,4.7,False,PD14102,PD014102,12JL-2,UG Transformer Bank,RGOB-64,38.7416429,-104.8363354,25,PD16376,PD016376,12JL-2,UG Transformer Bank,RGOB-52,38.74208137,-104.8357739,25,46.2,40.8,same_feeder_ambiguous
1186188,19319,19353,21246,4,4,1,3,0.75,0.5,1.0,3,3,3,1.0,5657189003,4650 BRADFORD HTS,COLO SPGS,38.76518057,-104.8354264,13SR-1,-104.8354264,38.76518057,38.765199,-104.83542,2.1,False,PD11742,PD011742,13SR-1,UG Transformer Bank,RPEN-20,38.7654508,-104.8343614,75,PD12331,PD012331,13SR-1,UG Transformer Bank,RPEN-21,38.7646486,-104.8359559,50,97.1,74.9,same_feeder_ambiguous
1186058,19397,19395,21250,5,4,1,3,0.75,0.5,1.0,4,3,3,1.0,2655219194,4695 STONE MANOR HTS,COLO SPGS,38.7635434,-104.8386375,12JL-2,-104.8386375,38.7635434,38.763709,-104.83856,19.6,False,PD13896,PD013896,12JL-2,UG Transformer Bank,RBRR-27,38.76317364,-104.8389552,50,PD14635,PD014635,12JL-2,UG Transformer Bank,RBRR-29,38.76322937,-104.8376067,25,49.5,96.0,same_feeder_ambiguous
1092844,26251,26268,21566,4,4,1,3,0.75,0.5,1.0,3,3,3,1.0,3538622991,441 VALLEY HI CIR,COLO SPGS,38.82435551,-104.7665344,12EG-2,-104.7665344,38.82435551,38.82439,-104.766524,3.9,False,PD5981,PD005981,12EG-2,UG Transformer Bank,RVH2-11,38.8245596,-104.7658745,25,PD5980,PD005980,12EG-2,UG Transformer Bank,RVH2-10,38.82382174,-104.7664653,25,61.5,59.7,same_feeder_ambiguous
1093093,17120,17143,21636,4,4,1,3,0.75,0.5,1.0,3,3,3,1.0,6209914951,2170 BAINBRIDGE RD,COLO SPGS,38.80116639,-104.7482502,13PV-4,-104.7482502,38.80116639,38.801199,-104.748246,3.6,False,UG13062,UG013062,13PV-4,UG Transformer Bank,RPPP-127,38.8013152,-104.7485302,25,UG13061,UG013061,13PV-4,UG Transformer Bank,RPPP-128,38.80097192,-104.7482237,25,29.4,21.7,same_feeder_ambiguous
1154732,16930,16946,21904,4,4,1,3,0.75,0.5,1.0,3,3,3,1.0,6356048043,4542 LANCASTER DR,COLO SPGS,38.804176,-104.7441955,13KE-64,-104.7441955,38.804176,38.804211,-104.744185,4.0,False,PD6070,PD006070,13KE-64,UG Transformer Bank,RH-12,38.80447763,-104.7440437,25,PD6072,PD006072,13KE-64,UG Transformer Bank,RH-13,38.80426263,-104.7446946,25,36.0,44.3,same_feeder_ambiguous
1111762,18290,18234,21913,4,4,1,3,0.75,0.5,1.0,3,3,3,1.0,6758374663,4060 COLONY HILLS CIR,COLO SPGS,38.78342243,-104.7522056,13KE-73,-104.7522056,38.78342243,38.783453,-104.752201,3.4,False,UG14570,UG014570,13KE-73,UG Transformer Bank,RCHS-17,38.7832291,-104.7518682,15,UG14571,UG014571,13KE-73,UG Transformer Bank,RCHS-16,38.78384021,-104.7521789,25,36.3,46.5,same_feeder_ambiguous
1180641,26317,16064,22315,4,4,1,3,0.75,0.5,1.0,3,3,3,1.0,1176223400,2602 ORION DR,COLO SPGS,38.82190979,-104.8667607,12SP-34,-104.8667607,38.82190979,38.821942,-104.866756,3.6,False,UG19163,UG019163,12SP-34,UG Transformer Bank,RSP-44,38.82179855,-104.8659177,25,UG21894,UG021894,12SP-34,UG Transformer Bank,RSP-45,38.82184831,-104.8676519,25,74.1,77.5,same_feeder_ambiguous
1095805,2409,20549,22375,4,4,1,3,0.75,0.5,1.0,3,3,3,1.0,9210211526,339 PLAINVIEW PL,MANITOU,38.85425525,-104.9017285,12HY-1,-104.9017285,38.85425525,38.854248,-104.901718,1.2,False,OH42237,OH042237,12HY-1,OH Transformer Bank,,38.85380733,-104.9020361,15,OH42230,OH042230,12HY-1,OH Transformer Bank,,38.85465345,-104.9013955,37.5,56.5,52.8,same_feeder_ambiguous
1189729,4391,4411,22933,4,4,1,3,0.75,0.5,1.0,3,3,3,1.0,3078670159,17 W RAMONA AVE,COLO SPGS,38.80949685,-104.8285772,12SP-35,-104.8285772,38.80949685,38.809524,-104.828569,3.1,False,OH28591,OH028591,12SP-35,OH Transformer Bank,,38.80953575,-104.828689,50,OH28586,OH028586,12SP-35,OH Transformer Bank,,38.80911093,-104.828817,15,10.6,47.7,same_feeder_ambiguous
1100317,16998,16962,23209,4,4,1,3,0.75,0.5,1.0,3,3,3,1.0,6433528214,1940 S CHELTON RD APT J246,COLO SPGS,38.80406237,-104.7529284,13KE-62,-104.7529284,38.80406237,38.804506,-104.752843,49.9,False,PD8174,PD008174,13KE-62,UG Transformer Bank,CGVA-14,38.80386093,-104.753026,25,PD8167,PD008167,13KE-62,UG Transformer Bank,CGVA-13,38.80445896,-104.7527558,50,23.9,46.6,same_feeder_ambiguous
1154796,26696,17225,23228,4,4,1,3,0.75,0.5,1.0,3,3,3,1.0,5045791757,3655 EL MORRO RD LOT 154,COLO SPGS,38.7996414,-104.7622845,13KE-63,-104.7622845,38.7996414,38.799652,-104.762266,2.0,False,UG13396,UG013396,13KE-63,UG Transformer Bank,MPPV-27,38.79935894,-104.7622882,25,UG13399,UG013399,13KE-63,UG Transformer Bank,MPPV-28,38.79950348,-104.7625881,15,31.4,30.5,same_feeder_ambiguous
1276496,13930,13965,23506,4,4,1,3,0.75,0.5,1.0,3,3,3,1.0,118314529,309 ROCKLEDGE LN,MANITOU,38.85867665,-104.8998086,13FV-1,-104.8998086,38.85867665,38.858707,-104.899818,3.5,False,UG20717,UG020717,13FV-1,UG Transformer Bank,RRL-4,38.85917877,-104.9000456,25,UG20715,UG020715,13FV-1,UG Transformer Bank,RRL-1,38.85851279,-104.8994332,25,59.5,37.3,same_feeder_ambiguous
1103078,26662,26670,23825,4,4,1,3,0.75,0.5,1.0,3,3,3,1.0,1465450484,3655 EL MORRO RD LOT 8,COLO SPGS,38.80087001,-104.7613498,13KE-63,-104.7613498,38.80087001,38.800825,-104.761241,10.7,False,UG13391,UG013391,13KE-63,UG Transformer Bank,MPPV-1,38.8009889,-104.7615281,15,UG13390,UG013390,13KE-63,UG Transformer Bank,MPPV-2,38.8007334,-104.761033,15,20.3,31.4,same_feeder_ambiguous
1106452,26696,17239,23827,4,4,1,3,0.75,0.5,1.0,3,3,3,1.0,4787022436,3655 EL MORRO RD LOT 45,COLO SPGS,38.79925057,-104.7622052,13KE-63,-104.7622052,38.79925057,38.799179,-104.762069,14.2,False,UG13396,UG013396,13KE-63,UG Transformer Bank,MPPV-27,38.79935894,-104.7622882,25,UG13398,UG013398,13KE-63,UG Transformer Bank,MPPV-26,38.79931194,-104.7618363,25,14.0,32.7,same_feeder_ambiguous
1105738,1676,1679,24476,4,4,1,3,0.75,0.5,1.0,3,3,3,1.0,3550557715,,,38.86343673,-104.7373266,13RI-9,-104.7373266,38.86343673,38.86343,-104.737317,1.1,False,OH6313,OH006313,13RI-9,OH Transformer Bank,,38.86315325,-104.7377789,10,OH6315,OH006315,13RI-9,OH Transformer Bank,,38.86304071,-104.7371898,15,50.3,45.6,same_feeder_ambiguous
1110968,4990,4980,24593,4,4,1,3,0.75,0.5,1.0,3,3,3,1.0,4140695437,2865 E LAS VEGAS ST,COLO SPGS,38.78358572,-104.7750726,12BY-33,-104.7750726,38.78358572,38.784051,-104.775244,53.8,False,OH68057,OH068057,12BY-33,OH Transformer Bank,,38.78361041,-104.774393,25,OH17788,OH017788,12BY-33,OH Transformer Bank,,38.78461251,-104.7749219,25,59.0,114.9,same_feeder_ambiguous
1109901,15799,15783,24818,4,4,1,3,0.75,0.5,1.0,3,3,3,1.0,3781353015,5150 AIRPORT RD LOT A29,COLO SPGS,38.82685998,-104.7300672,13PV-4,-104.7300672,38.82685998,38.826883,-104.730057,2.7,False,UG12461,UG012461,13PV-4,UG Transformer Bank,MGA-8,38.82677211,-104.7301753,25,UG12462,UG012462,13PV-4,UG Transformer Bank,MGA-9,38.82698126,-104.7301552,25,13.5,15.5,same_feeder_ambiguous
1135863,40931,5041,24922,4,4,1,3,0.75,0.5,1.0,3,3,3,1.0,924684813,"3963 S US HIGHWAY 85-87, TRF SG",COLO SPGS,38.77720809,-104.7723323,12BY-33,-104.7723323,38.77720809,38.777476,-104.770663,147.7,True,PD20405,PD020405,12BY-33,UG Transformer Bank,CH85-4,38.77700125,-104.7731824,25,OH17966,OH017966,12BY-33,OH Transformer Bank,,38.77738532,-104.7715817,25,77.2,68.0,same_feeder_ambiguous
1116996,13128,13105,25000,4,4,1,3,0.75,0.5,1.0,3,3,3,1.0,4835636063,5413 ALTEZA DR,COLO SPGS,38.87269197,-104.7278454,12PR-2,-104.7278454,38.87269197,38.872762,-104.727867,8.0,False,UG11199,UG011199,12PR-2,UG Transformer Bank,RVL-117,38.87246124,-104.7276445,25,UG11180,UG011180,12PR-2,UG Transformer Bank,RVL-118,38.87279859,-104.7273852,25,31.0,41.6,same_feeder_ambiguous
1112395,18183,18181,25558,4,4,1,3,0.75,0.5,1.0,3,3,3,1.0,146585649,3280 S ACADEMY BLVD LOT 255,COLO SPGS,38.784763,-104.7604906,13KE-73,-104.7604906,38.784763,38.784795,-104.76048,3.7,False,UG13796,UG013796,13KE-73,UG Transformer Bank,MLL-21,38.78457443,-104.7602822,25,UG13795,UG013795,13KE-73,UG Transformer Bank,MLL-22,38.78460297,-104.7605402,15,27.7,18.3,same_feeder_ambiguous
1112927,12969,13008,25723,4,4,1,3,0.75,0.5,1.0,3,3,3,1.0,3418427613,4840 SANTIAGO WAY,COLO SPGS,38.87387926,-104.7384396,12PR-2,-104.7384396,38.87387926,38.873914,-104.738429,4.0,False,UG8455,UG008455,12PR-2,UG Transformer Bank,RVL-48,38.87429476,-104.738516,15,UG8895,UG008895,12PR-2,UG Transformer Bank,RVL-47,38.87378927,-104.7385167,15,46.7,12.0,same_feeder_ambiguous
1116110,13064,13100,25808,4,4,1,3,0.75,0.5,1.0,3,3,3,1.0,6673557358,2825 INSPIRATION DR,COLO SPGS,38.87306279,-104.7299912,12PR-2,-104.7299912,38.87306279,38.873092,-104.72998,3.4,False,UG11557,UG011557,12PR-2,UG Transformer Bank,RVL-96,38.87316209,-104.7301947,15,UG11554,UG011554,12PR-2,UG Transformer Bank,RVL-97,38.87287334,-104.7298158,15,20.8,26.0,same_feeder_ambiguous
1149716,234557,3194,25848,4,4,1,3,0.75,0.5,1.0,3,3,3,1.0,1837720011,303 ARRAWANNA ST,COLO SPGS,38.83663081,-104.7714823,12AR-1,-104.7714823,38.83663081,38.836571,-104.771553,9.0,False,OH61356,OH061356,12AR-1,OH Transformer Bank,,38.83654418,-104.7711581,25,,,,,,,,,29.7,,unknown_feeder
1113837,18239,18271,25962,4,4,1,3,0.75,0.5,1.0,3,3,3,1.0,9216923324,4243 DEERFIELD HILLS RD,COLO SPGS,38.78347043,-104.7497057,13KE-73,-104.7497057,38.78347043,38.7835,-104.7497,3.3,False,UG14567,UG014567,13KE-73,UG Transformer Bank,RDH-17,38.78363091,-104.7495997,25,UG27991,UG027991,13KE-73,UG Transformer Bank,RDH-19,38.78336666,-104.7495286,15,20.1,19.2,same_feeder_ambiguous
1114755,13372,25408,26085,4,4,1,3,0.75,0.5,1.0,3,3,3,1.0,1933416607,4245 MCPHERSON AVE,COLO SPGS,38.8686285,-104.7495752,13RI-9,-104.7495752,38.8686285,38.868662,-104.749591,4.0,False,UG8464,UG008464,13RI-9,UG Transformer Bank,RMM-17,38.86942594,-104.7497419,15,UG8465,UG008465,13RI-9,UG Transformer Bank,RMM-18,38.86892107,-104.7489736,15,89.8,61.4,same_feeder_ambiguous
1115927,14051,14015,26400,4,4,1,3,0.75,0.5,1.0,3,3,3,1.0,1303573177,1603 ROBIDOUX CIR,COLO SPGS,38.85614788,-104.7335027,13RI-11,-104.7335027,38.85614788,38.856181,-104.733511,3.8,False,UG4659,UG004659,13RI-11,UG Transformer Bank,RRH4-17,38.85602257,-104.7338062,25,UG4660,UG004660,13RI-11,UG Transformer Bank,RRH4-45,38.85670134,-104.7326657,25,29.7,95.1,same_feeder_ambiguous
1118846,473035,473039,26584,4,4,1,3,0.75,0.5,1.0,3,3,3,1.0,7385317524,7455 MEDANO PASS VW,COLO SPGS,38.9397922,-104.7034893,13BG-2,-104.7034893,38.9397922,38.939791,-104.703493,0.3,False,UG129320,UG129320,12FR-31,UG Transformer Bank,RABF-3,38.93931974,-104.7034166,50,UG129323,UG129323,12FR-31,UG Transformer Bank,RABF-6,38.94027382,-104.703478,50,52.9,53.6,same_feeder_ambiguous
1118945,473035,473036,26670,4,4,1,3,0.75,0.5,1.0,3,3,3,1.0,7081310411,6637 WHITE LODGE PT,COLO SPGS,38.93922354,-104.7031848,13BG-2,-104.7031848,38.93922354,38.939224,-104.703179,0.5,False,UG129320,UG129320,12FR-31,UG Transformer Bank,RABF-3,38.93931974,-104.7034166,50,UG129321,UG129321,12FR-31,UG Transformer Bank,RABF-4,38.93933294,-104.7028742,50,22.7,29.5,same_feeder_ambiguous
1120609,26931,21707,26843,4,4,1,3,0.75,0.5,1.0,3,3,3,1.0,3221194393,"21 BROADMOOR AVE, TRINON",COLO SPGS,38.79043734,-104.8404088,13SG-2,-104.8404088,38.79043734,38.790585,-104.840543,20.1,False,PD12026,PD012026,13SG-2,UG Transformer Bank,SCG-13,38.78999598,-104.8402115,150,OH42571,OH042571,13SG-2,OH Transformer Bank,,38.79131901,-104.8397391,75,52.0,113.9,same_feeder_ambiguous
1163984,11844,11884,27061,4,4,1,3,0.75,0.5,1.0,3,3,3,1.0,6817149457,"120 WINTERS DR, HSEMTR",COLO SPGS,38.88695506,-104.820685,13NP-1,-104.820685,38.88695506,38.886096,-104.820859,96.7,False,UG11430,UG011430,13NP-1,UG Transformer Bank,MPT-2,38.88701784,-104.8206377,25,UG11429,UG011429,13NP-1,UG Transformer Bank,MPT-9,38.88665485,-104.8210232,25,8.1,44.4,same_feeder_ambiguous
1122390,1374,1391,27261,4,4,1,3,0.75,0.5,1.0,3,3,3,1.0,4502514322,318 W VAN BUREN ST,COLO SPGS,38.86922362,-104.8278813,12FT-3,-104.8278813,38.86922362,38.86921,-104.827918,3.5,False,OH1873,OH001873,12FT-3,OH Transformer Bank,,38.86945952,-104.8277273,25,OH1943,OH001943,12FT-3,OH Transformer Bank,,38.86911277,-104.8277152,15,29.4,18.9,same_feeder_ambiguous
1143139,12207,19989,27643,4,4,1,3,0.75,0.5,1.0,3,3,3,1.0,8675061866,"3526 N CASCADE AVE, HSEMTR",COLO SPGS,38.8832082,-104.825573,13NP-4,-104.825573,38.8832082,38.883242,-104.82556,3.9,False,UG610,UG000610,13NP-4,UG Transformer Bank,MSGL-1,38.88341638,-104.8256153,50,OH2707,OH002707,13NP-4,OH Transformer Bank,,38.88429631,-104.8256301,25,23.4,121.1,same_feeder_ambiguous
1206624,20978,25972,28356,4,4,1,3,0.75,0.5,1.0,3,3,3,1.0,5276482272,450 SPRING ST,COLO SPGS,38.84413425,-104.8431843,13Y-1,-104.8431843,38.84413425,38.844132,-104.843177,0.7,False,OH24471,OH024471,13Y-1,OH Transformer Bank,,38.84403348,-104.8429902,15,PD15579,PD015579,13Y-1,UG Transformer Bank,RBSO-2,38.84390439,-104.8429743,25,20.2,31.4,same_feeder_ambiguous
1127611,20432,20386,28686,4,4,1,3,0.75,0.5,1.0,3,3,3,1.0,3063543899,632 CROWN RIDGE DR,COLO SPGS,38.8573459,-104.8617567,13Y-1,-104.8617567,38.8573459,38.85737,-104.861755,2.7,False,OH24305,OH024305,13Y-1,OH Transformer Bank,,38.85700257,-104.8624013,50,OH33514,OH033514,13Y-1,OH Transformer Bank,,38.85840074,-104.8621427,25,67.6,122.0,same_feeder_ambiguous
1216875,24381,10720,28752,4,4,1,3,0.75,0.5,1.0,3,3,3,1.0,2060679887,4616 EL CAMINO DR,COLO SPGS,38.89886718,-104.7626023,13RI-4,-104.7626023,38.89886718,38.898899,-104.762603,3.5,False,UG2478,UG002478,13RI-4,UG Transformer Bank,RVG-16,38.89847102,-104.7624505,25,UG2479,UG002479,13RI-4,UG Transformer Bank,RVG-17,38.89913948,-104.7632099,25,46.0,60.7,same_feeder_ambiguous
1185281,19634,27454,28984,4,4,1,3,0.75,0.5,1.0,3,3,3,1.0,6222672201,70 RAVENGLASS WAY,COLO SPGS,38.74946783,-104.83247,12JL-2,-104.83247,38.74946783,38.749494,-104.83246,3.0,False,PD12454,PD012454,12JL-2,UG Transformer Bank,RGOB-7,38.74908823,-104.8322628,25,PD12448,PD012448,12JL-2,UG Transformer Bank,RGOB-5,38.74996969,-104.8326984,25,45.9,59.2,same_feeder_ambiguous
1304968,330238,330239,29107,4,4,1,3,0.75,0.5,1.0,3,3,3,1.0,4465928846,2706 BLUEBELL HILL DR,COLO SPGS,38.93542998,-104.7743014,13CW-10,-104.7743014,38.93542998,38.935341,-104.774422,14.4,False,PD103132,PD103132,13CW-10,UG Transformer Bank,RCE-53,38.93495876,-104.7738405,25,PD103134,PD103134,13CW-10,UG Transformer Bank,RCE-51,38.93634799,-104.7738442,25,65.8,109.5,same_feeder_ambiguous
1171473,1094,20001,29571,4,4,1,3,0.75,0.5,1.0,3,3,3,1.0,1071967059,720 4TH ST LOT 24,COLO SPGS,38.87937169,-104.8115191,13NP-3,-104.8115191,38.87937169,38.87993,-104.811746,65.1,False,OH4924,OH004924,13NP-3,OH Transformer Bank,,38.87990504,-104.8108599,75,OH4727,OH004727,13NP-3,OH Transformer Bank,,38.87977926,-104.8120844,50,82.3,66.7,same_feeder_ambiguous
1131094,21653,21657,29586,4,4,1,3,0.75,0.5,1.0,3,3,3,1.0,5185510700,2419 BYERS AVE,COLO SPGS,38.79805614,-104.8134792,13HK-2,-104.8134792,38.79805614,38.79805,-104.813469,1.1,False,OH40280,OH040280,13HK-2,OH Transformer Bank,,38.79847021,-104.8130831,15,OH40279,OH040279,13HK-2,OH Transformer Bank,,38.79829358,-104.8138783,50,57.4,43.5,same_feeder_ambiguous
1136226,145278,131510,29966,4,4,1,3,0.75,0.5,1.0,3,3,3,1.0,6733464489,"2906 BLODGETT MOUNTAIN HTS STE 110, CELLSITE",COLO SPGS,38.94259858,-104.8798769,12OV-2,-104.8798769,38.94259858,38.942094,-104.8756,374.1,True,PD17820,PD017820,12OV-2,UG Transformer Bank,CBRC-7,38.94259027,-104.8799942,50,PD16840,PD016840,12OV-2,UG Transformer Bank,RCGS-1,38.94270858,-104.875492,50,10.2,379.4,same_feeder_ambiguous
1220295,18457,18471,30054,4,4,1,3,0.75,0.5,1.0,3,3,3,1.0,703998006,3657 SAN PEDRO PL,COLO SPGS,38.77972975,-104.8064288,13SG-3,-104.8064288,38.77972975,38.779759,-104.806435,3.3,False,UG20071,UG020071,13SG-3,UG Transformer Bank,RGT-28,38.78000767,-104.8061493,50,PD12289,PD012289,13SG-3,UG Transformer Bank,RGT-29,38.77979014,-104.806184,25,39.3,22.3,same_feeder_ambiguous
1269344,8879,8895,30962,4,4,1,3,0.75,0.5,1.0,3,3,3,1.0,7210545200,1033 GARLOCK LN,COLO SPGS,38.92098461,-104.8047336,12WN-2,-104.8047336,38.92098461,38.921011,-104.804735,2.9,False,UG6923,UG006923,12WN-2,UG Transformer Bank,RPRS-34,38.92086432,-104.8041764,15,UG6922,UG006922,12WN-2,UG Transformer Bank,RPRS-33,38.92077622,-104.8053201,15,50.0,55.8,same_feeder_ambiguous
1136210,19907,734,31359,4,4,1,3,0.75,0.5,1.0,3,3,3,1.0,6930918798,"4382 N ACADEMY BLVD, TELMTR",COLO SPGS,38.89497228,-104.7592437,13RI-4,-104.7592437,38.89497228,38.894746,-104.759502,33.7,False,OH3626,OH003626,13RI-4,OH Transformer Bank,,38.89691809,-104.7612871,25,OH8679,OH008679,12CD-1,OH Transformer Bank,,38.89490803,-104.7606044,25,279.4,118.0,cross_feeder_likely_gis_error
1273533,23951,23959,31555,4,4,1,3,0.75,0.5,1.0,3,3,3,1.0,5278854447,1220 WENTWOOD DR,COLO SPGS,38.90760827,-104.849855,12WR-1,-104.849855,38.90760827,38.907631,-104.849862,2.6,False,PD6633,PD006633,12WR-1,UG Transformer Bank,RPC-86,38.90751149,-104.850429,25,PD6634,PD006634,12WR-1,UG Transformer Bank,RPC-85,38.90726986,-104.850056,25,50.8,41.5,same_feeder_ambiguous
1223180,25797,14487,31741,4,4,1,3,0.75,0.5,1.0,3,3,3,1.0,2790901818,"5102 GALLEY RD, RV STORAGE",COLO SPGS,38.84940127,-104.7381742,13PV-3,-104.7381742,38.84940127,38.849278,-104.735913,196.3,True,UG5032,UG005032,13PV-3,UG Transformer Bank,MCP-35,38.84940534,-104.7382959,25,UG5066,UG005066,13PV-3,UG Transformer Bank,MCP-27,38.85005233,-104.7350847,25,10.5,277.2,same_feeder_ambiguous
1220965,20028,20030,31814,4,4,1,3,0.75,0.5,1.0,3,3,3,1.0,9457668460,1308 E FILLMORE ST,COLO SPGS,38.87422878,-104.8026573,13NP-3,-104.8026573,38.87422878,38.87417,-104.802669,6.6,False,OH5885,OH005885,13NP-3,OH Transformer Bank,,38.87447063,-104.8023388,25,OH5883,OH005883,13NP-3,OH Transformer Bank,,38.87430607,-104.8027998,75,38.5,15.0,same_feeder_ambiguous
1196247,11282,11319,31827,4,4,1,3,0.75,0.5,1.0,3,3,3,1.0,4573339208,2759 FLINTRIDGE CIR,COLO SPGS,38.89267136,-104.7714993,12C-2,-104.7714993,38.89267136,38.892701,-104.771433,6.6,False,UG7062,UG007062,12C-2,UG Transformer Bank,RRC-43,38.89275466,-104.7708326,15,UG7061,UG007061,12C-2,UG Transformer Bank,RRC-42,38.8921826,-104.7718028,15,58.4,60.4,same_feeder_ambiguous
1278674,2157,2200,31981,4,4,1,3,0.75,0.5,1.0,3,3,3,1.0,1568409448,19 FOUNTAIN PL,MANITOU,38.8567735,-104.9095264,12HY-1,-104.9095264,38.8567735,38.856849,-104.909389,14.6,False,OH44564,OH044564,12HY-1,OH Transformer Bank,,38.85711163,-104.9098617,150,OH42220,OH042220,12HY-1,OH Transformer Bank,,38.85662801,-104.9096039,15,47.5,17.5,same_feeder_ambiguous
1142951,73245,11966,32215,4,4,1,3,0.75,0.5,1.0,3,3,3,1.0,9955664455,"3802 HALF TURN RD, PHONE EQUIPMENT",COLO SPGS,38.88628094,-104.7566519,13RI-3,-104.7566519,38.88628094,38.886336,-104.756241,36.1,False,PD16552,PD016552,13RI-3,UG Transformer Bank,FABVS-14,38.88595163,-104.7566713,10,PD8727,PD008727,13RI-3,UG Transformer Bank,ACDS-6,38.88557663,-104.756215,25,36.7,87.0,same_feeder_ambiguous
1149585,3455,3406,32505,4,4,1,3,0.75,0.5,1.0,3,3,3,1.0,7503011742,18 N CHELTON RD,COLO SPGS,38.83354934,-104.7666575,12AR-1,-104.7666575,38.83354934,38.833579,-104.766647,3.4,False,OH17689,OH017689,12AR-1,OH Transformer Bank,,38.83313409,-104.7669659,50,OH17691,OH017691,12AR-1,OH Transformer Bank,,38.83401436,-104.7670308,25,53.3,61.0,same_feeder_ambiguous
1149430,3055,275196,32669,4,4,1,3,0.75,0.5,1.0,3,3,3,1.0,107648372,2504 E SAINT VRAIN ST,COLO SPGS,38.83962985,-104.7824407,13RI-1,-104.7824407,38.83962985,38.839993,-104.782419,40.4,False,OH15877,OH015877,13RI-1,OH Transformer Bank,,38.8397295,-104.7823,25,OH15848,OH015848,13RI-1,OH Transformer Bank,,38.84058923,-104.7826894,15,16.5,108.8,same_feeder_ambiguous
1144536,178567,238075,32670,4,4,1,3,0.75,0.5,1.0,3,3,3,1.0,7500746076,3733 E PIKES PEAK AVE,COLO SPGS,38.83137848,-104.7604209,13KE-62,-104.7604209,38.83137848,38.83155,-104.760621,25.8,False,PD22315,PD022315,13KE-62,UG Transformer Bank,COLMO-1,38.83173571,-104.760489,25,PD100397,PD100397,13KE-62,UG Transformer Bank,CAR-8,38.83174489,-104.7610421,50,40.2,67.5,same_feeder_ambiguous
1145061,25762,25765,32789,4,4,1,3,0.75,0.5,1.0,3,3,3,1.0,171494220,5102 GALLEY RD LOT 464AW,COLO SPGS,38.85010653,-104.7363351,13PV-3,-104.7363351,38.85010653,38.850141,-104.736335,3.8,False,UG5064,UG005064,13PV-3,UG Transformer Bank,MCP-25,38.85020681,-104.7369324,25,UG5065,UG005065,13PV-3,UG Transformer Bank,MCP-26,38.85011552,-104.7358522,25,52.9,41.8,same_feeder_ambiguous
1154741,20391,20394,34596,4,4,1,3,0.75,0.5,1.0,3,3,3,1.0,2693384088,1732 HAPPINESS DR,COLO SPGS,38.85825468,-104.770976,13RI-12,-104.770976,38.85825468,38.858285,-104.770968,3.4,False,OH11410,OH011410,13RI-12,OH Transformer Bank,,38.85774691,-104.7712574,25,OH11421,OH011421,13RI-12,OH Transformer Bank,,38.85759518,-104.7702145,50,61.5,98.6,same_feeder_ambiguous
1163827,20476,2309,35491,4,4,1,3,0.75,0.5,1.0,3,3,3,1.0,5103590639,"2735 KING ST, PHONE EQUIP",COLO SPGS,38.85550023,-104.8616516,13Y-1,-104.8616516,38.85550023,38.855061,-104.861901,53.4,False,OH24332,OH024332,13Y-1,OH Transformer Bank,,38.85652983,-104.8612354,25,OH24252,OH024252,13Y-1,OH Transformer Bank,,38.85516162,-104.8618641,15,120.0,41.9,same_feeder_ambiguous
1177661,2210,365414,35583,4,4,1,3,0.75,0.5,1.0,3,3,3,1.0,6474196315,3410 W COLORADO AVE,COLO SPGS,38.85595078,-104.8786789,13FV-1,-104.8786789,38.85595078,38.855979,-104.878667,3.3,False,OH29888,OH029888,13FV-1,OH Transformer Bank,,38.85632916,-104.8793873,75,PD103392,PD103392,13FV-1,UG Transformer Bank,CWAP-21,38.85576339,-104.879189,50,74.4,48.8,same_feeder_ambiguous
1165472,17247,17241,35772,4,4,1,3,0.75,0.5,1.0,3,3,3,1.0,3849982275,2840 S CIRCLE DR LOT 247,COLO SPGS,38.79943888,-104.7926932,13HK-2,-104.7926932,38.79943888,38.7994,-104.792726,5.2,False,UG10314,UG010314,13HK-2,UG Transformer Bank,MGV-6,38.79940291,-104.7928596,25,UG10310,UG010310,13HK-2,UG Transformer Bank,MGV-9,38.7994845,-104.7922563,25,15.0,38.2,same_feeder_ambiguous
1219185,18849,18813,36346,4,4,1,3,0.75,0.5,1.0,3,3,3,1.0,7471154868,4108 SAN FELICE PT,COLO SPGS,38.7735557,-104.8235691,13BR-2,-104.8235691,38.7735557,38.773463,-104.823418,16.7,False,PD11168,PD011168,13BR-2,UG Transformer Bank,RBV-18,38.77324502,-104.8235277,25,PD11166,PD011166,13BR-2,UG Transformer Bank,RBV-19,38.77373849,-104.8233766,25,34.7,26.3,same_feeder_ambiguous
1167374,18684,18671,36347,4,4,1,3,0.75,0.5,1.0,3,3,3,1.0,2075094194,"298 COBBLESTONE DR, RECBLD",COLO SPGS,38.77582104,-104.8203009,13SR-1,-104.8203009,38.77582104,38.775798,-104.820446,12.8,False,UG15914,UG015914,13SR-1,UG Transformer Bank,ATC-17,38.77588444,-104.8201922,15,UG20804,UG020804,13SR-1,UG Transformer Bank,ATC-19,38.77611183,-104.8204302,25,11.8,34.2,same_feeder_ambiguous
1220810,19068,19038,36579,4,4,1,3,0.75,0.5,1.0,3,3,3,1.0,8087328914,4250 PEBBLE RIDGE CIR APT 93,COLO SPGS,38.76980755,-104.8118212,13SR-1,-104.8118212,38.76980755,38.770039,-104.811911,26.9,False,PD12192,PD012192,13SR-1,UG Transformer Bank,CCR-8,38.76969873,-104.811687,75,PD12190,PD012190,13SR-1,UG Transformer Bank,CCR-7,38.77030108,-104.8119192,100,16.8,55.5,same_feeder_ambiguous
1183657,4274,4318,37408,4,4,1,3,0.75,0.5,1.0,3,3,3,1.0,2193401642,307 MAY DR,COLO SPGS,38.81115884,-104.8202121,13SG-2,-104.8202121,38.81115884,38.81117,-104.819896,27.4,False,OH28035,OH028035,13SG-2,OH Transformer Bank,,38.8118251,-104.8202392,10,OH28047,OH028047,12SP-35,OH Transformer Bank,,38.81099484,-104.8197019,25,74.1,47.8,cross_feeder_likely_gis_error
1174724,18498,18511,37512,4,4,1,3,0.75,0.5,1.0,3,3,3,1.0,6390343662,1217 EASTMEADOW DR,COLO SPGS,38.77885052,-104.8057539,12BY-32,-104.8057539,38.77885052,38.778863,-104.80566,8.3,False,UG20128,UG020128,12BY-32,UG Transformer Bank,FCHM-27,38.77916611,-104.8059916,15,PD10776,PD010776,12BY-32,UG Transformer Bank,RCHM-69,38.77880329,-104.8053236,25,40.7,37.7,same_feeder_ambiguous
1175947,20981,20975,37539,4,4,1,3,0.75,0.5,1.0,3,3,3,1.0,8062199148,2014 W PIKES PEAK AVE,COLO SPGS,38.84384413,-104.855031,13FV-3,-104.855031,38.84384413,38.843873,-104.855033,3.2,False,OH30571,OH030571,13FV-3,OH Transformer Bank,,38.84399685,-104.8547974,45,OH30570,OH030570,13FV-3,OH Transformer Bank,,38.84413741,-104.8549221,25,26.4,33.9,same_feeder_ambiguous
1175195,26417,16378,37641,4,4,1,3,0.75,0.5,1.0,3,3,3,1.0,7689160780,3380 ORION DR,COLO SPGS,38.81641884,-104.8785935,12SP-34,-104.8785935,38.81641884,38.816417,-104.87858,1.2,False,PD10861,PD010861,12SP-34,UG Transformer Bank,RSP-118,38.81606047,-104.8790931,25,PD10863,PD010863,12SP-34,UG Transformer Bank,RSP-131,38.8167167,-104.8785716,25,58.8,33.2,same_feeder_ambiguous
1175622,174719,123189,37770,4,4,1,3,0.75,0.5,1.0,3,3,3,1.0,5270126467,2509 MESA CREST GRV,COLO SPGS,38.86636544,-104.8514854,13Y-1,-104.8514854,38.86636544,38.866317,-104.851418,7.9,False,PD21659,PD021659,13Y-1,UG Transformer Bank,RIMF-7,38.86636712,-104.851584,25,PD21034,PD021034,13Y-1,UG Transformer Bank,RIMF-4,38.86519329,-104.8524516,25,8.5,154.9,same_feeder_ambiguous
1175757,12399,12357,37802,4,4,1,3,0.75,0.5,1.0,3,3,3,1.0,2339513455,1250 HILL CIR,COLO SPGS,38.88187907,-104.8523253,12FT-1,-104.8523253,38.88187907,38.881883,-104.852266,5.2,False,PD187,PD000187,12FT-1,UG Transformer Bank,RKC-71,38.88182188,-104.8519303,50,PD186,PD000186,12FT-1,UG Transformer Bank,RKC-57,38.88226018,-104.8522369,25,34.8,43.1,same_feeder_ambiguous
1183802,73895,73894,38403,4,4,1,3,0.75,0.5,1.0,3,3,3,1.0,2413024068,"3215 W PIKES PEAK AVE, SPKG",COLO SPGS,38.85601424,-104.8756449,13FV-1,-104.8756449,38.85601424,38.856046,-104.875715,7.0,False,PD20832,PD020832,13FV-1,UG Transformer Bank,CTVT-1,38.85594834,-104.8756988,25,PD20831,PD020831,13FV-1,UG Transformer Bank,CTVT-2,38.85617702,-104.8761351,25,8.7,46.1,same_feeder_ambiguous
1178632,3140,3173,38416,4,4,1,3,0.75,0.5,1.0,3,3,3,1.0,1053107168,1005 S 25TH ST,COLO SPGS,38.83930918,-104.8683051,13FV-2,-104.8683051,38.83930918,38.839336,-104.868278,3.8,False,OH69486,OH069486,13FV-2,OH Transformer Bank,,38.83905374,-104.868166,15,OH24812,OH024812,13FV-2,OH Transformer Bank,,38.83844818,-104.8684781,25,30.9,96.9,same_feeder_ambiguous
1181256,16044,16092,38598,4,4,1,3,0.75,0.5,1.0,3,3,3,1.0,7240924427,501 VISTA GRANDE DR,COLO SPGS,38.82174924,-104.8747264,12SP-34,-104.8747264,38.82174924,38.821773,-104.874684,4.5,False,PD11227,PD011227,12SP-34,UG Transformer Bank,RSP-72,38.82219212,-104.8745016,25,PD11232,PD011232,12SP-34,UG Transformer Bank,RSP-126,38.82123371,-104.8749282,25,53.0,59.9,same_feeder_ambiguous
1179315,1497,1464,38756,4,4,1,3,0.75,0.5,1.0,3,3,3,1.0,7339705609,1106 N 31ST ST,COLO SPGS,38.86704004,-104.8688144,13FV-1,-104.8688144,38.86704004,38.867067,-104.868804,3.1,False,OH30970,OH030970,13FV-1,OH Transformer Bank,,38.86687786,-104.8690198,25,OH30971,OH030971,13FV-1,OH Transformer Bank,,38.86753454,-104.8691179,25,25.3,60.9,same_feeder_ambiguous
1180368,26140,15649,38986,4,4,1,3,0.75,0.5,1.0,3,3,3,1.0,6691146152,2430 WHEATON DR,COLO SPGS,38.83077192,-104.8626023,13FV-2,-104.8626023,38.83077192,38.830801,-104.862533,6.8,False,PD11244,PD011244,13FV-2,UG Transformer Bank,RBCD-7,38.83092419,-104.8622126,25,PD11243,PD011243,13FV-2,UG Transformer Bank,RBCD-8,38.83057612,-104.8625793,25,37.8,21.9,same_feeder_ambiguous
1181114,26303,16025,39157,4,4,1,3,0.75,0.5,1.0,3,3,3,1.0,7023541519,3228 ELECTRA DR S,COLO SPGS,38.82288262,-104.8794856,12SP-34,-104.8794856,38.82288262,38.822903,-104.879464,2.9,False,PD11220,PD011220,12SP-34,UG Transformer Bank,RSP-86,38.82268895,-104.8785825,50,PD11224,PD011224,12SP-34,UG Transformer Bank,RSP-89,38.82267639,-104.8798528,25,81.1,39.2,same_feeder_ambiguous
1185066,18705,18770,39574,4,4,1,3,0.75,0.5,1.0,3,3,3,1.0,8116732622,130 HUNTINGTON PL,COLO SPGS,38.77501207,-104.8297978,12JL-2,-104.8297978,38.77501207,38.775087,-104.829935,14.5,False,UG20198,UG020198,12JL-2,UG Transformer Bank,RRP-1,38.77554337,-104.8306783,15,PD11727,PD011727,12JL-2,UG Transformer Bank,RRP-12,38.77443332,-104.8293994,50,96.5,73.0,same_feeder_ambiguous
1185352,27453,38407,39593,4,4,1,3,0.75,0.5,1.0,3,3,3,1.0,7415518416,95 KIRKSTONE LN,COLO SPGS,38.75060167,-104.8358076,12JL-2,-104.8358076,38.75060167,38.750594,-104.835797,1.3,False,PD12442,PD012442,12JL-2,UG Transformer Bank,RGOB-18,38.75079512,-104.8355806,25,PD20010,PD020010,12JL-2,UG Transformer Bank,RGOB-68,38.75095057,-104.8361221,25,29.2,47.4,same_feeder_ambiguous
1188653,3192,3259,40090,4,4,1,3,0.75,0.5,1.0,3,3,3,1.0,7384758006,133 WILLIAMS ST,COLO SPGS,38.83789498,-104.8394899,13Y-1,-104.8394899,38.83789498,38.837877,-104.839505,2.4,False,OH27046,OH027046,13Y-1,OH Transformer Bank,,38.83795579,-104.8402613,50,OH30816,OH030816,13FV-3,OH Transformer Bank,,38.83659648,-104.8395478,25,67.2,144.5,cross_feeder_likely_gis_error
1207682,12416,12485,41093,4,4,1,3,0.75,0.5,1.0,3,3,3,1.0,6939985563,"3303 N HANCOCK AVE, CLUB HOUSE",COLO SPGS,38.88137057,-104.8025393,12C-2,-104.8025393,38.88137057,38.879951,-104.802648,158.1,True,UG11003,UG011003,12C-2,UG Transformer Bank,MHM-1,38.88123317,-104.8021152,25,UG11006,UG011006,12C-2,UG Transformer Bank,MHM-3,38.88058303,-104.8028788,25,39.8,92.4,same_feeder_ambiguous
1197869,11427,11429,41330,4,4,1,3,0.75,0.5,1.0,3,3,3,1.0,5826727899,5325 SODBUSTER TRL,COLO SPGS,38.89111733,-104.7284997,12AP-2,-104.7284997,38.89111733,38.891148,-104.728485,3.6,False,UG9680,UG009680,12AP-2,UG Transformer Bank,RTHS-69,38.89076333,-104.7283398,25,UG9681,UG009681,12AP-2,UG Transformer Bank,RTHS-68,38.8907563,-104.7287002,15,41.7,43.7,same_feeder_ambiguous
1223227,12734,25149,41343,4,4,1,3,0.75,0.5,1.0,3,3,3,1.0,7408237105,"3165 WHILEAWAY CIR E, LIGHTS",COLO SPGS,38.87758968,-104.7485792,13RI-3,-104.7485792,38.87758968,38.877614,-104.748909,28.7,False,UG8725,UG008725,13RI-3,UG Transformer Bank,RVS-51,38.87723487,-104.7482153,25,UG8738,UG008738,13RI-3,UG Transformer Bank,RVS-39,38.87797473,-104.7490216,15,50.5,57.4,same_feeder_ambiguous
1197985,595,85730,41375,4,4,1,3,0.75,0.5,1.0,3,3,3,1.0,2349516586,4915 TOPAZ DR,COLO SPGS,38.90285619,-104.7509293,12AP-4,-104.7509293,38.90285619,38.902887,-104.750924,3.5,False,OH3258,OH003258,12AP-4,OH Transformer Bank,,38.90327663,-104.7502922,15,OH3262,OH003262,12AP-4,OH Transformer Bank,,38.9019893,-104.750306,25,72.3,110.5,same_feeder_ambiguous
1229182,11525,11457,41471,4,4,1,3,0.75,0.5,1.0,3,3,3,1.0,6914872514,4680 PORTRAIT PL,COLO SPGS,38.89004692,-104.7410083,13RI-4,-104.7410083,38.89004692,38.890483,-104.741039,48.6,False,UG8962,UG008962,13RI-4,UG Transformer Bank,RHHS-11,38.88987292,-104.7409528,25,UG8985,UG008985,13RI-4,UG Transformer Bank,RHHS-12,38.89056928,-104.7410421,15,19.9,58.2,same_feeder_ambiguous
1248302,85730,19891,41485,4,4,1,3,0.75,0.5,1.0,3,3,3,1.0,9756409237,4850 DIAMOND DR,COLO SPGS,38.90176192,-104.7499668,12AP-4,-104.7499668,38.90176192,38.901756,-104.749957,1.1,False,OH3262,OH003262,12AP-4,OH Transformer Bank,,38.9019893,-104.750306,25,OH4140,OH004140,12AP-4,OH Transformer Bank,,38.90134121,-104.7503228,25,38.7,56.0,same_feeder_ambiguous
1226241,23269,8780,41903,4,4,1,3,0.75,0.5,1.0,3,3,3,1.0,2013560605,3055 PURGATORY DR,COLO SPGS,38.92206126,-104.7697488,13CW-4,-104.7697488,38.92206126,38.922096,-104.769749,3.9,False,UG7277,UG007277,13CW-4,UG Transformer Bank,RVW-401,38.9223048,-104.7704593,37.5,UG7280,UG007280,13CW-4,UG Transformer Bank,RVW-321,38.92170967,-104.7697053,25,67.2,39.3,same_feeder_ambiguous
1217936,24733,24717,41963,4,4,1,3,0.75,0.5,1.0,3,3,3,1.0,1740290507,"4202 N CAREFREE CIR, SPKG",COLO SPGS,38.88670817,-104.7435199,13RI-4,-104.7435199,38.88670817,38.886671,-104.74371,17.0,False,UG9977,UG009977,13RI-4,UG Transformer Bank,RHHS-1,38.88731234,-104.7431905,25,UG9150,UG009150,13RI-9,UG Transformer Bank,RNR-44,38.88781326,-104.7433976,25,73.0,123.3,cross_feeder_likely_gis_error
1201634,12294,24968,42181,4,4,1,3,0.75,0.5,1.0,3,3,3,1.0,3218008564,3365 KNOLL LN APT 248,COLO SPGS,38.88229228,-104.7617649,12CD-2,-104.7617649,38.88229228,38.882272,-104.761745,2.8,False,PD2662,PD002662,12CD-2,UG Transformer Bank,ARPA-3,38.88218765,-104.7619857,50,PD3415,PD003415,12CD-2,UG Transformer Bank,ARPA-5,38.88212208,-104.7627607,75,22.4,88.2,same_feeder_ambiguous
1203534,7976,8028,42677,4,4,1,3,0.75,0.5,1.0,3,3,3,1.0,1307713041,1530 ALLEGHENY DR,COLO SPGS,38.92967363,-104.8567545,12OV-2,-104.8567545,38.92967363,38.929667,-104.856744,1.2,False,UG1091,UG001091,12OV-2,UG Transformer Bank,FHUP-13,38.93012762,-104.8565925,15,PD832,PD000832,12OV-2,UG Transformer Bank,ROH-53,38.92953381,-104.8554043,25,52.4,117.8,same_feeder_ambiguous
1208671,20150,20141,43131,4,4,1,3,0.75,0.5,1.0,3,3,3,1.0,9378254614,2630 SUMMIT DR,COLO SPGS,38.86592616,-104.777899,13RI-12,-104.777899,38.86592616,38.865943,-104.777871,3.1,False,OH10018,OH010018,13RI-12,OH Transformer Bank,,38.86565945,-104.7775292,15,OH9974,OH009974,13RI-12,OH Transformer Bank,,38.86626921,-104.7781037,25,43.6,42.1,same_feeder_ambiguous
1210981,12473,12547,43548,4,4,1,3,0.75,0.5,1.0,3,3,3,1.0,5993333603,3303 N HANCOCK AVE LOT 90,COLO SPGS,38.88052565,-104.801746,12C-2,-104.801746,38.88052565,38.880561,-104.801736,4.0,False,UG11005,UG011005,12C-2,UG Transformer Bank,MHM-11,38.88054836,-104.8016849,25,UG10977,UG010977,12C-2,UG Transformer Bank,MHM-10,38.87987387,-104.8016943,25,5.9,72.6,same_feeder_ambiguous
1216268,11676,11674,43966,4,4,1,3,0.75,0.5,1.0,3,3,3,1.0,6486794753,5330 BUNK HOUSE LN,COLO SPGS,38.88784353,-104.7289748,13PR-3,-104.7289748,38.88784353,38.887868,-104.728958,3.1,False,UG10073,UG010073,13PR-3,UG Transformer Bank,RTHS-138,38.88796251,-104.7284634,25,UG9795,UG009795,13PR-3,UG Transformer Bank,RTHS-139,38.88797875,-104.7293346,50,46.2,34.6,same_feeder_ambiguous
1217584,24026,10124,44178,4,4,1,3,0.75,0.5,1.0,3,3,3,1.0,5866469838,5025 HACKAMORE CT,COLO SPGS,38.90531912,-104.76141,13CW-12,-104.76141,38.90531912,38.905343,-104.761392,3.1,False,UG1698,UG001698,13CW-12,UG Transformer Bank,RVG-181,38.9054223,-104.7612124,25,UG1758,UG001758,13CW-12,UG Transformer Bank,RVG-136,38.90544608,-104.7615959,25,20.6,21.4,same_feeder_ambiguous
1218201,12077,12124,44231,4,4,1,3,0.75,0.5,1.0,3,3,3,1.0,2276721915,5355 SMOKEHOUSE LN,COLO SPGS,38.8840863,-104.7285772,13PR-3,-104.7285772,38.8840863,38.884121,-104.728555,4.3,False,UG8209,UG008209,13PR-3,UG Transformer Bank,RTHS-109,38.88420387,-104.7293261,25,UG8208,UG008208,13PR-3,UG Transformer Bank,RTHS-107,38.88372742,-104.7282829,25,66.1,47.3,same_feeder_ambiguous
1220628,27254,19013,44822,4,4,1,3,0.75,0.5,1.0,3,3,3,1.0,71968620,4220 PEBBLE RIDGE CIR APT 57,COLO SPGS,38.77075048,-104.8121602,13SR-1,-104.8121602,38.77075048,38.77077,-104.812147,2.5,False,PD13659,PD013659,13SR-1,UG Transformer Bank,CCR-5,38.77105658,-104.8122217,75,PD12188,PD012188,13SR-1,UG Transformer Bank,CCR-6,38.77058615,-104.8119565,50,34.5,25.4,same_feeder_ambiguous
1221947,12213,12148,45032,4,4,1,3,0.75,0.5,1.0,3,3,3,1.0,5985442071,3550 E DAVID LN,COLO SPGS,38.88334647,-104.7656355,13RI-2,-104.7656355,38.88334647,38.883374,-104.76563,3.1,False,UG7398,UG007398,13RI-2,UG Transformer Bank,RGS-28,38.88310321,-104.7655656,15,UG7397,UG007397,13RI-2,UG Transformer Bank,RGS-25,38.88375577,-104.7657279,15,27.7,46.2,same_feeder_ambiguous
1225430,9614,9700,45488,4,4,1,3,0.75,0.5,1.0,3,3,3,1.0,4956710537,5513 FIESTA LN,COLO SPGS,38.91163129,-104.7771603,12WN-23,-104.7771603,38.91163129,38.911291,-104.7772,38.0,False,UG6676,UG006676,12WN-23,UG Transformer Bank,RVW-162,38.9120543,-104.7768951,15,UG6679,UG006679,12WN-23,UG Transformer Bank,RVW-161,38.91101797,-104.7769039,15,52.3,71.7,same_feeder_ambiguous
1226848,2485,2488,45834,4,4,1,3,0.75,0.5,1.0,3,3,3,1.0,5073333630,21 EAGLE AVE,MANITOU,38.85245271,-104.9144415,12HY-1,-104.9144415,38.85245271,38.852376,-104.914537,11.9,False,OH40556,OH040556,12HY-1,OH Transformer Bank,,38.8527066,-104.9137361,15,OH40544,OH040544,12HY-1,OH Transformer Bank,,38.85260654,-104.9151098,50,67.3,60.3,same_feeder_ambiguous
1308660,23421,23332,46682,4,4,1,3,0.75,0.5,1.0,3,3,3,1.0,1201809424,6255 ASHTON PARK PL,COLO SPGS,38.92110397,-104.8687191,12WR-2,-104.8687191,38.92110397,38.921141,-104.868694,4.7,False,PD768,PD000768,12WR-2,UG Transformer Bank,RMOS-30,38.92085794,-104.869468,25,PD769,PD000769,12WR-2,UG Transformer Bank,RMOS-29,38.92203184,-104.8684853,50,70.3,105.1,same_feeder_ambiguous
1266220,23897,23867,47162,4,4,1,3,0.75,0.5,1.0,3,3,3,1.0,9352678547,1465 GOLDEN HILLS RD,COLO SPGS,38.90886612,-104.8326979,12WR-1,-104.8326979,38.90886612,38.90886,-104.832688,1.1,False,PD7902,PD007902,12WR-1,UG Transformer Bank,RPC-100,38.90848832,-104.8325395,25,PD16291,PD016291,12WR-1,UG Transformer Bank,RPC-102,38.90924787,-104.8329029,25,44.2,46.0,same_feeder_ambiguous
1266253,12536,12575,47170,4,4,1,3,0.75,0.5,1.0,3,3,3,1.0,2045300830,3225 BLACK CANYON RD,COLO SPGS,38.88021737,-104.8988013,13FV-1,-104.8988013,38.88021737,38.88006,-104.89878,17.6,False,PD15113,PD015113,13FV-1,UG Transformer Bank,RCHRC-3,38.88055861,-104.8986275,50,PD15126,PD015126,13FV-1,UG Transformer Bank,RCHRC-2,38.8801449,-104.8998272,50,40.8,89.2,same_feeder_ambiguous
1271496,24654,11503,47329,4,4,1,3,0.75,0.5,1.0,3,3,3,1.0,4912624704,1459 CHESHAM CIR,COLO SPGS,38.89037993,-104.8553705,13HL-1,-104.8553705,38.89037993,38.890391,-104.855417,4.2,False,PD8237,PD008237,13HL-1,UG Transformer Bank,RCG-26,38.89015507,-104.8553816,15,PD8238,PD008238,13HL-1,UG Transformer Bank,RCG-28,38.8904879,-104.855744,25,25.0,34.5,same_feeder_ambiguous
1268325,8835,8882,47365,4,4,1,3,0.75,0.5,1.0,3,3,3,1.0,3388071880,1449 ROCK RIDGE CT,COLO SPGS,38.921201,-104.8007332,13CW-10,-104.8007332,38.921201,38.92123,-104.800741,3.3,False,UG7819,UG007819,13CW-10,UG Transformer Bank,RE-61,38.92138133,-104.8004512,25,UG7820,UG007820,13CW-10,UG Transformer Bank,RE-63,38.9208452,-104.800902,25,31.6,42.2,same_feeder_ambiguous
1268753,8727,8837,47793,4,4,1,3,0.75,0.5,1.0,3,3,3,1.0,3474233046,1145 GARLOCK LN,COLO SPGS,38.92158875,-104.8053701,12WN-2,-104.8053701,38.92158875,38.921623,-104.805343,4.5,False,UG6917,UG006917,12WN-2,UG Transformer Bank,RPRS-10,38.92229721,-104.8056072,25,UG6924,UG006924,12WN-2,UG Transformer Bank,RPRS-26,38.92144902,-104.805767,15,81.4,37.7,same_feeder_ambiguous
1270374,14986,14962,48187,4,4,1,3,0.75,0.5,1.0,3,3,3,1.0,5563697242,465 CRYSTAL HILLS BLVD,MANITOU,38.84465929,-104.8948028,13FV-4,-104.8948028,38.84465929,38.844695,-104.894797,4.0,False,UG20398,UG020398,13FV-4,UG Transformer Bank,RCH-54,38.84445512,-104.8950065,15,UG20395,UG020395,13FV-4,UG Transformer Bank,RCH-51,38.84496939,-104.8947114,25,28.8,35.4,same_feeder_ambiguous
1276306,14917,14960,48278,4,4,1,3,0.75,0.5,1.0,3,3,3,1.0,781351651,454 CRYSTAL HILLS BLVD,MANITOU,38.84551345,-104.8950614,13FV-4,-104.8950614,38.84551345,38.845546,-104.895069,3.7,False,UG20948,UG020948,13FV-4,UG Transformer Bank,RCH-49,38.8459997,-104.8948106,25,UG20394,UG020394,13FV-4,UG Transformer Bank,RCH-52,38.84506187,-104.8948583,15,58.3,53.2,same_feeder_ambiguous
1278130,21599,21595,48301,4,4,1,3,0.75,0.5,1.0,3,3,3,1.0,8139092817,1925 MOUNT WASHINGTON AVE,COLO SPGS,38.80565599,-104.8253292,13SG-2,-104.8253292,38.80565599,38.805682,-104.825319,3.0,False,OH40304,OH040304,13SG-2,OH Transformer Bank,,38.80545539,-104.8249097,25,OH40306,OH040306,13SG-2,OH Transformer Bank,,38.80574554,-104.8249019,25,42.6,38.3,same_feeder_ambiguous
1272291,12111,12064,48527,4,4,1,3,0.75,0.5,1.0,3,3,3,1.0,5982034383,1130 VALKENBURG DR,COLO SPGS,38.88508917,-104.8435388,13HL-1,-104.8435388,38.88508917,38.885122,-104.843559,4.0,False,UG440,UG000440,13HL-1,UG Transformer Bank,RHPW-42,38.88468079,-104.8435966,25,UG437,UG000437,13HL-1,UG Transformer Bank,RHPW-43,38.88515708,-104.8441112,25,45.7,50.1,same_feeder_ambiguous
1273692,376206,2011,48769,4,4,1,3,0.75,0.5,1.0,3,3,3,1.0,2106055571,15 EL PASO BLVD UNIT A,MANITOU,38.8586018,-104.8880099,13FV-1,-104.8880099,38.8586018,38.858623,-104.887846,14.4,False,PD106504,PD106504,13FV-1,UG Transformer Bank,CCSUPS-2,38.85511262,-104.877474,750,OH31331,OH031331,13FV-1,OH Transformer Bank,,38.85861003,-104.8879238,25,991.4,7.5,same_feeder_ambiguous
1274091,9386,9367,48850,4,4,1,3,0.75,0.5,1.0,3,3,3,1.0,2406197319,1985 ATHERTON WAY,COLO SPGS,38.91571933,-104.8620229,12WR-2,-104.8620229,38.91571933,38.915742,-104.861989,3.9,False,PD7341,PD007341,12WR-2,UG Transformer Bank,RPNV-59,38.91552836,-104.862325,25,PD10801,PD010801,12WR-2,UG Transformer Bank,RPNV-58,38.91589191,-104.8617182,25,33.7,32.6,same_feeder_ambiguous
1276696,7632,7598,49244,4,4,1,3,0.75,0.5,1.0,3,3,3,1.0,5328655596,101 RAVEN HILLS CT,COLO SPGS,38.93411159,-104.8272825,12WN-24,-104.8272825,38.93411159,38.93414,-104.827274,3.2,False,UG1618,UG001618,12WN-24,UG Transformer Bank,RRAH-20,38.93380948,-104.8271586,15,UG1611,UG001611,12WN-24,UG Transformer Bank,RRAH-18,38.93422267,-104.8278526,15,35.3,50.8,same_feeder_ambiguous
1298227,17897,17889,49333,4,4,1,3,0.75,0.5,1.0,3,3,3,1.0,7614947075,2920 SHOREHAM CIR,COLO SPGS,38.79033299,-104.8259696,13SG-2,-104.8259696,38.79033299,38.79037,-104.825931,5.3,False,UG16294,UG016294,13SG-2,UG Transformer Bank,RBMS-1,38.79042108,-104.8266938,25,UG19489,UG019489,13SG-2,UG Transformer Bank,RBMS-2,38.79067054,-104.8258796,50,63.5,38.3,same_feeder_ambiguous
1278097,6916,6883,49627,4,4,1,3,0.75,0.5,1.0,3,3,3,1.0,3952776613,7785 FAWN MEADOW VW,COLO SPGS,38.94604041,-104.8599822,12OV-1,-104.8599822,38.94604041,38.946037,-104.860077,8.2,False,PD12855,PD012855,12OV-1,UG Transformer Bank,RTVP-7,38.94571958,-104.860175,25,PD12856,PD012856,12OV-1,UG Transformer Bank,RTVP-8,38.94631684,-104.859758,25,39.4,36.3,same_feeder_ambiguous
1282459,4503,4498,49652,4,4,1,3,0.75,0.5,1.0,3,3,3,1.0,6840429192,23 E CHEYENNE RD,COLO SPGS,38.8061549,-104.826045,13SG-2,-104.826045,38.8061549,38.80618,-104.826035,2.9,False,OH41458,OH041458,13SG-2,OH Transformer Bank,,38.80622842,-104.8263793,40,OH40312,OH040312,13SG-2,OH Transformer Bank,,38.80629865,-104.8254399,15,30.1,54.8,same_feeder_ambiguous
1278177,4503,4519,49654,4,4,1,3,0.75,0.5,1.0,3,3,3,1.0,1095806298,1909 CASCADE LN,COLO SPGS,38.80583128,-104.8263823,13SG-2,-104.8263823,38.80583128,38.8058,-104.826557,15.5,False,OH41458,OH041458,13SG-2,OH Transformer Bank,,38.80622842,-104.8263793,40,OH29799,OH029799,13SG-2,OH Transformer Bank,,38.80548572,-104.8267762,75,44.2,51.4,same_feeder_ambiguous
1286128,20277,20274,49750,4,4,1,3,0.75,0.5,1.0,3,3,3,1.0,8098590193,"17 MINNEHAHA AVE, HSEMTR",MANITOU,38.86246718,-104.923073,12HY-1,-104.923073,38.86246718,38.862492,-104.923066,2.8,False,OH48203,OH048203,12HY-1,OH Transformer Bank,,38.86223954,-104.9225888,25,OH48207,OH048207,12HY-1,OH Transformer Bank,,38.86241638,-104.9232781,25,49.0,18.6,same_feeder_ambiguous
1279004,281918,20466,49865,4,4,1,3,0.75,0.5,1.0,3,3,3,1.0,4379291154,11 OTOE PL,MANITOU,38.85710844,-104.9164622,12HY-1,-104.9164622,38.85710844,38.857138,-104.916451,3.4,False,UG124021,UG124021,12HY-1,UG Transformer Bank,CMAR-49,38.85731367,-104.916584,50,OH45997,OH045997,12HY-1,OH Transformer Bank,,38.85671855,-104.9166077,25,25.1,45.1,same_feeder_ambiguous
1288629,7867,7853,49909,4,4,1,3,0.75,0.5,1.0,3,3,3,1.0,1689472564,676 BLACKHAWK DR,COLO SPGS,38.9317197,-104.8413767,12WN-22,-104.8413767,38.9317197,38.931752,-104.841343,4.6,False,UG1332,UG001332,12WN-22,UG Transformer Bank,RCOM-35,38.93134304,-104.8417968,25,UG1327,UG001327,12WN-22,UG Transformer Bank,RCOM-32,38.93159136,-104.840786,15,55.4,53.0,same_feeder_ambiguous
1281361,26895,26885,50576,4,4,1,3,0.75,0.5,1.0,3,3,3,1.0,7099746654,2760 FOX GROVE CT,COLO SPGS,38.79188697,-104.8243246,13SG-3,-104.8243246,38.79188697,38.791914,-104.824345,3.5,False,PD11112,PD011112,13SG-3,UG Transformer Bank,RBMT-4,38.79172538,-104.8241812,25,PD11111,PD011111,13SG-3,UG Transformer Bank,RBMT-3,38.79205726,-104.8239376,25,21.8,38.5,same_feeder_ambiguous
1282616,19506,27429,50904,4,4,1,3,0.75,0.5,1.0,3,3,3,1.0,7137211671,5095 KETTLEGLEN CT,COLO SPGS,38.75792198,-104.8164242,12JL-1,-104.8164242,38.75792198,38.757822,-104.816398,11.3,False,PD12415,PD012415,12JL-1,UG Transformer Bank,RRBG-29,38.75856957,-104.816767,25,PD12414,PD012414,12JL-1,UG Transformer Bank,RRBG-27,38.75753259,-104.8161231,25,77.9,50.6,same_feeder_ambiguous
1283256,7415,22745,51024,4,4,1,3,0.75,0.5,1.0,3,3,3,1.0,7142490313,370 BUCKEYE DR,COLO SPGS,38.93640774,-104.8339258,12WN-24,-104.8339258,38.93640774,38.936439,-104.833916,3.6,False,UG1518,UG001518,12WN-24,UG Transformer Bank,RDS-11,38.93666694,-104.8339481,50,UG1517,UG001517,12WN-24,UG Transformer Bank,RDS-10,38.9363959,-104.8341395,15,28.9,18.5,same_feeder_ambiguous
1306571,22905,22888,51367,4,4,1,3,0.75,0.5,1.0,3,3,3,1.0,1566407596,2037 AUSTRIAN WAY,COLO SPGS,38.9321855,-104.8628956,12OV-2,-104.8628956,38.9321855,38.932202,-104.862872,2.7,False,PD595,PD000595,12OV-2,UG Transformer Bank,RPVT-5,38.93173061,-104.8628276,75,PD614,PD000614,12OV-2,UG Transformer Bank,RPVT-10,38.93231078,-104.8626507,50,50.9,25.4,same_feeder_ambiguous
1287165,22622,45087,51373,4,4,1,3,0.75,0.5,1.0,3,3,3,1.0,1218414242,7684 SOLITUDE LN,COLO SPGS,38.94258549,-104.8669507,12OV-1,-104.8669507,38.94258549,38.942191,-104.860366,571.2,True,PD10445,PD010445,12OV-1,UG Transformer Bank,RRLP-9,38.94283555,-104.8658813,25,PD20300,PD020300,12OV-1,UG Transformer Bank,RSAP-3,38.9420973,-104.8602602,25,96.6,581.2,same_feeder_ambiguous
1299336,27002,27000,52247,4,4,1,3,0.75,0.5,1.0,3,3,3,1.0,2511404502,3207 SPRINGRIDGE DR,COLO SPGS,38.7881834,-104.8326389,13SG-2,-104.8326389,38.7881834,38.788204,-104.832619,2.9,False,UG20406,UG020406,13SG-2,UG Transformer Bank,RSPR-12,38.78794085,-104.8320351,25,UG20405,UG020405,13SG-2,UG Transformer Bank,RSPR-23,38.78793185,-104.8330434,25,58.9,44.9,same_feeder_ambiguous
1299804,18401,18344,52377,4,4,1,3,0.75,0.5,1.0,3,3,3,1.0,3819207842,8 CHASE LN,COLO SPGS,38.78275438,-104.8560111,13BR-2,-104.8560111,38.78275438,38.782778,-104.855994,3.0,False,PD11501,PD011501,13BR-2,UG Transformer Bank,RBH-38,38.78213811,-104.8554698,15,UG19501,UG019501,13BR-2,UG Transformer Bank,RBH-12,38.78304851,-104.8556439,25,83.0,45.6,same_feeder_ambiguous
1300113,7980,7968,52461,4,4,1,3,0.75,0.5,1.0,3,3,3,1.0,4044462447,1140 ALLEGHENY DR,COLO SPGS,38.93016468,-104.8485206,12OV-2,-104.8485206,38.93016468,38.930158,-104.84851,1.2,False,UG1442,UG001442,12OV-2,UG Transformer Bank,ROH-34,38.92992744,-104.8490149,25,UG1443,UG001443,12WN-22,UG Transformer Bank,RCOM-69,38.93000778,-104.8480234,15,50.2,46.4,cross_feeder_likely_gis_error
1300961,6512,6528,52562,4,4,1,3,0.75,0.5,1.0,3,3,3,1.0,5464889854,3320 BLODGETT DR,COLO SPGS,38.95204919,-104.8872467,12OV-1,-104.8872467,38.95204919,38.952228,-104.887223,20.0,False,PD5975,PD005975,12OV-1,UG Transformer Bank,RPG-120,38.95215514,-104.8865407,25,PD8496,PD008496,12OV-1,UG Transformer Bank,RPG-130,38.95192882,-104.8876399,25,62.2,36.5,same_feeder_ambiguous
1304090,7893,7918,52567,4,4,1,3,0.75,0.5,1.0,3,3,3,1.0,8266519953,6814 BOYSENBERRY WAY,COLO SPGS,38.93049659,-104.7831513,13CW-10,-104.7831513,38.93049659,38.930526,-104.783177,4.0,False,UG6273,UG006273,13CW-10,UG Transformer Bank,RBK-24,38.93079573,-104.7836405,15,UG6347,UG006347,13CW-10,UG Transformer Bank,RBK-23,38.93050631,-104.7826796,15,53.8,40.8,same_feeder_ambiguous
1303496,6336,6313,52873,4,4,1,3,0.75,0.5,1.0,3,3,3,1.0,6468913417,2713 MARSTON HTS,COLO SPGS,38.95420551,-104.7748229,13CW-11,-104.7748229,38.95420551,38.95412,-104.774489,30.4,False,PD7698,PD007698,13CW-11,UG Transformer Bank,RPES-6,38.95394986,-104.7746405,25,PD7789,PD007789,13CW-11,UG Transformer Bank,RPES-5,38.95425455,-104.7745097,25,32.5,27.6,same_feeder_ambiguous
1302158,2014,2079,52901,4,4,1,3,0.75,0.5,1.0,3,3,3,1.0,1332602097,"404 MANITOU AVE, PMPHSE",MANITOU,38.85840155,-104.9045001,13FV-1,-104.9045001,38.85840155,38.857993,-104.904768,51.0,False,OH42171,OH042171,13FV-1,OH Transformer Bank,,38.85861359,-104.9045566,75,OH42175,OH042175,13FV-1,OH Transformer Bank,,38.8581798,-104.9063443,15,24.1,161.6,same_feeder_ambiguous
1304407,37117,37118,53264,4,4,1,3,0.75,0.5,1.0,3,3,3,1.0,5002257959,2743 THRUSH GRV,COLO SPGS,38.94751201,-104.7738491,13CW-11,-104.7738491,38.94751201,38.947505,-104.773839,1.2,False,PD14204,PD014204,13CW-11,UG Transformer Bank,RTGR-9,38.94763549,-104.7739096,50,PD14205,PD014205,13CW-11,UG Transformer Bank,RTGR-10,38.94749686,-104.7731205,50,14.7,63.0,same_feeder_ambiguous
1304510,7891,7877,53283,4,4,1,3,0.75,0.5,1.0,3,3,3,1.0,1478576515,6875 DAUNTLESS CT,COLO SPGS,38.93101228,-104.8220264,12WN-24,-104.8220264,38.93101228,38.931046,-104.822028,3.8,False,UG1905,UG001905,12WN-24,UG Transformer Bank,RRAH-51,38.93097848,-104.8221623,15,UG1904,UG001904,12WN-24,UG Transformer Bank,RRAH-5,38.93121182,-104.8215404,25,12.3,47.5,same_feeder_ambiguous
1305794,8380,8321,53465,4,4,1,3,0.75,0.5,1.0,3,3,3,1.0,4467999868,695 GREY EAGLE CIR S,COLO SPGS,38.92593162,-104.8399929,12WN-22,-104.8399929,38.92593162,38.925963,-104.839969,4.1,False,UG2150,UG002150,12WN-22,UG Transformer Bank,RCOM-73,38.92590837,-104.8403914,15,UG2161,UG002161,12WN-22,UG Transformer Bank,RCOM-75,38.92651489,-104.8396728,50,34.6,70.5,same_feeder_ambiguous
1307755,7717,7734,53668,4,4,1,3,0.75,0.5,1.0,3,3,3,1.0,8473956659,6951 BLACKHAWK PL,COLO SPGS,38.93266522,-104.8394138,12WN-24,-104.8394138,38.93266522,38.932691,-104.839392,3.4,False,UG1406,UG001406,12WN-24,UG Transformer Bank,RDS-44,38.9330221,-104.8387549,15,UG1323,UG001323,12WN-22,UG Transformer Bank,RCOM-29,38.9327534,-104.8400439,15,69.4,55.4,cross_feeder_likely_gis_error
1309083,8555,8587,53916,4,4,1,3,0.75,0.5,1.0,3,3,3,1.0,3837757615,2330 COURTNEY DR,COLO SPGS,38.92473438,-104.870418,12WR-2,-104.870418,38.92473438,38.924762,-104.870404,3.3,False,PD738,PD000738,12WR-2,UG Transformer Bank,RMOS-21,38.92445258,-104.8695847,50,PD763,PD000763,12WR-2,UG Transformer Bank,RMOS-20,38.92415718,-104.8702756,50,78.6,65.4,same_feeder_ambiguous
1308562,58,63,53978,4,4,1,3,0.75,0.5,1.0,3,3,3,1.0,1384512468,7616 THUNDERBIRD LN,COLO SPGS,38.94572981,-104.8218152,12WN-24,-104.8218152,38.94572981,38.945828,-104.821939,15.3,False,OH948,OH000948,12WN-24,OH Transformer Bank,,38.94593934,-104.8212602,15,OH949,OH000949,12WN-24,OH Transformer Bank,,38.94520611,-104.8217675,25,53.4,58.4,same_feeder_ambiguous
1309235,8012,7991,54082,4,4,1,3,0.75,0.5,1.0,3,3,3,1.0,583014698,405 ALLEGHENY DR,COLO SPGS,38.92923482,-104.8358815,12WN-22,-104.8358815,38.92923482,38.929265,-104.835876,3.4,False,UG2239,UG002239,12WN-22,UG Transformer Bank,RCOM-13,38.92951698,-104.8364628,25,UG2238,UG002238,12WN-24,UG Transformer Bank,RCOM-12,38.9296982,-104.8350137,15,59.3,91.0,cross_feeder_likely_gis_error
1309358,23508,23447,54094,4,4,1,3,0.75,0.5,1.0,3,3,3,1.0,4093888694,2770 ROSSMERE ST,COLO SPGS,38.91969507,-104.8808378,12WR-2,-104.8808378,38.91969507,38.919708,-104.880825,1.8,False,PD1988,PD001988,12WR-2,UG Transformer Bank,RMOS-95,38.91946148,-104.8799078,50,PD802,PD000802,12WR-2,UG Transformer Bank,RMOS-60,38.92051705,-104.8805256,25,84.5,95.3,same_feeder_ambiguous
1022741,344333,344334,6196,14,14,1,13,0.9286,0.8571,0.974,13,3,3,1.0,6120726101,4497 ASHER HTS APT 306,COLO SPGS,38.89972498,-104.7206036,12AP-2,-104.7206036,38.89972498,38.89984,-104.720626,12.9,False,PD103827,PD103827,12AP-2,UG Transformer Bank,CEAPT-22,38.89977969,-104.7204349,50,PD103826,PD103826,12AP-2,UG Transformer Bank,CEAPT-21,38.89994456,-104.7204184,50,15.8,29.2,same_feeder_ambiguous
1115784,25577,25583,25441,13,13,1,12,0.9231,0.8462,0.972,12,3,3,1.0,5423391613,1708 SAWYER WAY BLDG 17,COLO SPGS,38.85791938,-104.7461022,13RI-11,-104.7461022,38.85791938,38.857735,-104.745566,50.8,False,UG8590,UG008590,13RI-11,UG Transformer Bank,AFF-16,38.85782672,-104.7459434,25,UG4603,UG004603,13RI-11,UG Transformer Bank,AFF-14,38.85767848,-104.7453277,50,17.2,72.2,same_feeder_ambiguous
1046094,,536892,8520,12,7,0,4,0.5714,0.5714,0.97,11,3,3,1.0,1039822402,6634 RAWHIDE RIDGE VW,COLO SPGS,38.84146809,-104.7062618,12PF-5,-104.7062618,38.84146809,38.841461,-104.706251,1.2,False,,,,,,,,,PD111015,PD111015,12PF-5,UG Transformer Bank,RTW1-3,38.84178059,-104.7054202,25,,80.7,new_assignment
1158561,,536892,8520,12,7,0,4,0.5714,0.5714,0.97,11,3,3,1.0,577770202,6694 RAWHIDE RIDGE VW,COLO SPGS,38.84167589,-104.7058307,12PF-5,-104.7058307,38.84167589,38.841668,-104.705819,1.3,False,,,,,,,,,PD111015,PD111015,12PF-5,UG Transformer Bank,RTW1-3,38.84178059,-104.7054202,25,,37.4,new_assignment
1298998,,536892,8520,12,7,0,4,0.5714,0.5714,0.97,11,3,3,1.0,2388191052,6644 RAWHIDE RIDGE VW,COLO SPGS,38.84149824,-104.7062078,12PF-5,-104.7062078,38.84149824,38.841491,-104.706197,1.2,False,,,,,,,,,PD111015,PD111015,12PF-5,UG Transformer Bank,RTW1-3,38.84178059,-104.7054202,25,,75.1,new_assignment
1031913,,536892,8520,12,7,0,4,0.5714,0.5714,0.97,11,3,3,1.0,114318553,6664 RAWHIDE RIDGE VW,COLO SPGS,38.84158233,-104.7060213,12PF-5,-104.7060213,38.84158233,38.84158,-104.70601,1.0,False,,,,,,,,,PD111015,PD111015,12PF-5,UG Transformer Bank,RTW1-3,38.84178059,-104.7054202,25,,56.5,new_assignment
1127180,,15729,18604,11,10,0,10,1.0,1.0,0.967,10,3,3,1.0,5002468451,4709 TETMAN LN,COLO SPGS,38.82793599,-104.7408834,12PV-2,-104.7408834,38.82793599,38.827928,-104.740872,1.3,False,,,,,,,,,PD13618,PD013618,12PV-2,UG Transformer Bank,RMCS-15,38.82806067,-104.7403639,25,,47.1,new_assignment
1232483,,535979,22686,11,7,0,7,1.0,1.0,0.967,10,3,3,1.0,89256941,7728 RUSTIC TRAIL LOOP,COLO SPGS,38.94605707,-104.7152813,12BG-22,-104.7152813,38.94605707,38.94605,-104.715265,1.6,False,,,,,,,,,PD110309,PD110309,12BG-22,UG Transformer Bank,RTUT-24,38.94594056,-104.7152355,50,,13.5,new_assignment
1097124,,535979,22686,11,7,0,7,1.0,1.0,0.967,10,3,3,1.0,9009899229,7716 RUSTIC TRAIL LOOP,COLO SPGS,38.94606067,-104.7154958,12BG-22,-104.7154958,38.94606067,38.946052,-104.715487,1.2,False,,,,,,,,,PD110309,PD110309,12BG-22,UG Transformer Bank,RTUT-24,38.94594056,-104.7152355,50,,26.2,new_assignment
1232507,,535979,22686,11,7,0,7,1.0,1.0,0.967,10,3,3,1.0,1666937380,7720 RUSTIC TRAIL LOOP,COLO SPGS,38.94605422,-104.7154235,12BG-22,-104.7154235,38.94605422,38.946054,-104.715415,0.7,False,,,,,,,,,PD110309,PD110309,12BG-22,UG Transformer Bank,RTUT-24,38.94594056,-104.7152355,50,,20.6,new_assignment
1233004,,535979,22686,11,7,0,7,1.0,1.0,0.967,10,3,3,1.0,1895156452,7753 RUSTIC TRAIL LOOP,COLO SPGS,38.9455952,-104.7153602,12BG-22,-104.7153602,38.9455952,38.945587,-104.715353,1.1,False,,,,,,,,,PD110309,PD110309,12BG-22,UG Transformer Bank,RTUT-24,38.94594056,-104.7152355,50,,39.9,new_assignment
1043767,7810,7832,7437,11,11,1,10,0.9091,0.8182,0.967,10,3,3,1.0,4608735849,3435 BEECHWOOD CT,COLO SPGS,38.93171953,-104.7625516,13CW-4,-104.7625516,38.93171953,38.931751,-104.762556,3.5,False,PD344,PD000344,13CW-4,UG Transformer Bank,RWHV-59,38.93157886,-104.7621137,25,PD343,PD000343,13CW-4,UG Transformer Bank,RWHV-58,38.93141865,-104.7627343,25,41.0,37.0,same_feeder_ambiguous
1133689,4003,273279,17735,11,11,1,10,0.9091,0.8182,0.967,10,3,3,1.0,1066631531,,,38.81955337,-104.8924289,13FV-2,-104.8924289,38.81955337,38.760997,-104.70978,17117.0,True,OH26444,OH026444,13FV-2,OH Transformer Bank,,38.81977369,-104.8924329,15,PD101489,PD101489,12HZ-12,UG Transformer Bank,RPS-103,38.76091788,-104.7096401,50,24.5,17131.6,cross_feeder_likely_gis_error
1265982,55978,23153,46038,11,11,1,10,0.9091,0.8182,0.967,10,3,3,1.0,1428255469,"6446 NORTHWIND DR, PHONE EQUIPMENT",COLO SPGS,38.92420111,-104.761073,12AP-1,-104.761073,38.92420111,38.924153,-104.761052,5.6,False,PD20566,PD020566,12AP-1,UG Transformer Bank,GSL-605,38.92452385,-104.7609748,10,PD1102,PD001102,13CW-12,UG Transformer Bank,RN-43,38.92441523,-104.7621544,50,36.9,96.5,cross_feeder_likely_gis_error
1153307,280967,280968,34253,19,19,1,18,0.9474,0.8947,0.963,18,3,3,1.0,5625515669,"4392 MONTEBELLO DR, HSEMTR5",COLO SPGS,38.89599081,-104.7546593,13RI-4,-104.7546593,38.89599081,38.89605,-104.754703,7.6,False,PD5280,PD005280,13RI-4,UG Transformer Bank,AMG-4,38.89609906,-104.7546377,75,PD8516,PD008516,13RI-4,UG Transformer Bank,AMG-6,38.89623662,-104.7542645,75,12.2,43.8,same_feeder_ambiguous
1035279,286726,344637,3237,9,9,1,8,0.8889,0.7778,0.958,8,3,3,1.0,3917276198,8024 HARDWOOD CIR,COLO SPGS,38.94783994,-104.6866031,,-104.6866031,38.94783994,38.947833,-104.686593,1.2,False,PD102285,PD102285,12FR-31,UG Transformer Bank,RFM-189,38.94766187,-104.6856416,50,PD104119,PD104119,12FR-31,UG Transformer Bank,RFM-232,38.94765682,-104.6877833,50,85.5,104.1,same_feeder_ambiguous
1062290,344278,344279,14587,9,9,1,8,0.8889,0.7778,0.958,8,3,3,1.0,9782664218,"1986 VOLTERRA WAY, SPKG",COLO SPGS,39.00987133,-104.7907214,12FH-13,-104.7907214,39.00987133,39.009864,-104.790711,1.2,False,PD104284,PD104284,12FH-13,UG Transformer Bank,RFH4T-5,39.00955167,-104.7904533,50,PD104283,PD104283,12FH-13,UG Transformer Bank,RFH4T-3,39.01012285,-104.7913125,50,42.4,58.2,same_feeder_ambiguous
1065577,257928,257929,14818,9,9,1,8,0.8889,0.7778,0.958,8,3,3,1.0,2017315314,12677 BAROSSA VALLEY RD,COLO SPGS,39.01645965,-104.7815643,12FH-13,-104.7815643,39.01645965,39.016453,-104.781554,1.2,False,PD100937,PD100937,12FH-13,UG Transformer Bank,RFH25-12,39.01746053,-104.782378,50,PD100938,PD100938,12FH-13,UG Transformer Bank,RFH25-13,39.01613589,-104.782089,50,131.6,57.9,same_feeder_ambiguous
1164250,3234,21246,35664,9,9,1,8,0.8889,0.7778,0.958,8,3,3,1.0,1155175062,530 E BIJOU ST,COLO SPGS,38.83699339,-104.8148237,12PL-2,-104.8148237,38.83699339,38.836903,-104.814841,10.2,False,OH22878,OH022878,12PL-2,OH Transformer Bank,,38.83700084,-104.8141108,25,OH22885,OH022885,12PL-2,OH Transformer Bank,,38.83710163,-104.8152333,25,61.8,37.5,same_feeder_ambiguous
1202639,21760,27161,36728,9,9,1,8,0.8889,0.7778,0.958,8,3,3,1.0,3662474397,534 SINTON AVE,COLO SPGS,38.77845267,-104.7899811,13SR-2,-104.7899811,38.77845267,38.778894,-104.789765,52.5,False,OH41243,OH041243,13SR-2,OH Transformer Bank,,38.77840042,-104.7907746,25,PD11521,PD011521,12BY-31,UG Transformer Bank,RWMM-8,38.77905854,-104.7894458,25,69.0,81.8,cross_feeder_likely_gis_error
1098531,,12152,22860,8,7,0,7,1.0,1.0,0.952,7,3,3,1.0,1026166424,4211 HAMMOCK DR N,COLO SPGS,38.88396844,-104.7498993,,-104.7498993,38.88396844,38.883961,-104.749889,1.2,False,,,,,,,,,UG8999,UG008999,13RI-3,UG Transformer Bank,RWR-18,38.8836131,-104.7498617,25,,39.6,new_assignment
1196646,,449042,26646,8,7,0,7,1.0,1.0,0.952,7,3,3,1.0,9835070800,10748 LEWANEE PT,COLO SPGS,38.98717688,-104.789561,12KC-14,-104.789561,38.98717688,38.987175,-104.789547,1.2,False,,,,,,,,,PD109472,PD109472,12KC-14,UG Transformer Bank,RVR14-9,38.98745609,-104.789542,50,,31.1,new_assignment
1027825,7365,7398,1046,8,8,1,7,0.875,0.75,0.952,7,3,3,1.0,4901655264,7057 GRAND PRAIRIE DR,COLO SPGS,38.93644821,-104.7262548,13BG-2,-104.7262548,38.93644821,38.936411,-104.726248,4.2,False,PD14041,PD014041,13BG-2,UG Transformer Bank,RWT-122,38.93676572,-104.7262587,25,PD13562,PD013562,13BG-2,UG Transformer Bank,RWT-119,38.93619876,-104.7261003,25,35.3,30.8,same_feeder_ambiguous
1003542,11956,11954,1196,8,8,1,7,0.875,0.75,0.952,7,3,3,1.0,3945110211,3754 PONY TRACKS DR,COLO SPGS,38.88524066,-104.7066863,12CL-11,-104.7066863,38.88524066,38.885203,-104.706675,4.3,False,PD7573,PD007573,12CL-11,UG Transformer Bank,RCSR-81,38.88520837,-104.7062512,25,PD7577,PD007577,12CL-11,UG Transformer Bank,RCSR-89,38.88518658,-104.7071175,25,37.8,37.8,same_feeder_ambiguous
1093664,17809,17835,6573,8,8,1,7,0.875,0.75,0.952,7,3,3,1.0,6571253306,"2850 SWALE RUN, MOBILE",COLO SPGS,38.79107288,-104.7319386,13KE-64,-104.7319386,38.79107288,38.791095,-104.73201,6.7,False,PD5739,PD005739,13KE-64,UG Transformer Bank,RMPS-71,38.791351,-104.7315214,25,PD5740,PD005740,13KE-64,UG Transformer Bank,RMPS-72,38.79089664,-104.7319178,25,47.6,19.7,same_feeder_ambiguous
1138100,12478,12415,29401,8,8,1,7,0.875,0.75,0.952,7,3,3,1.0,8809051035,4525 DEBONAIR CIR,COLO SPGS,38.88030142,-104.7425569,13RI-9,-104.7425569,38.88030142,38.880333,-104.742549,3.6,False,UG8086,UG008086,13RI-9,UG Transformer Bank,RCW-27,38.88021539,-104.7421865,25,UG8087,UG008087,13RI-9,UG Transformer Bank,RCW-26,38.88088055,-104.7419555,25,33.5,82.8,same_feeder_ambiguous
1280416,8761,8831,50297,8,8,1,6,0.75,0.625,0.952,7,3,3,1.0,622100167,6250 MOORFIELD AVE,COLO SPGS,38.92212665,-104.8661278,12WR-2,-104.8661278,38.92212665,38.922154,-104.866127,3.0,False,PD899,PD000899,12WR-2,UG Transformer Bank,RMOS-5,38.92241175,-104.8658473,50,PD901,PD000901,12WR-2,UG Transformer Bank,RMOS-7,38.92175667,-104.8667155,50,39.9,65.4,same_feeder_ambiguous
1198484,9564,23776,41517,15,15,1,9,0.6,0.5333,0.952,14,3,3,1.0,4548001858,5505 TEAKWOOD TER,COLO SPGS,38.91209969,-104.752942,13CW-12,-104.752942,38.91209969,38.912127,-104.75293,3.2,False,UG1360,UG001360,13CW-12,UG Transformer Bank,RSR-42,38.91238602,-104.7534343,15,UG1358,UG001358,13CW-12,UG Transformer Bank,RSR-52,38.91191586,-104.7520725,50,53.2,78.0,same_feeder_ambiguous
1281144,10785,10875,29263,8,8,2,6,0.75,0.5,0.952,7,3,3,1.0,6336421545,2915 FLINTRIDGE PL,COLO SPGS,38.89880674,-104.7718191,12CD-1,-104.7718191,38.89880674,38.898079,-104.772674,109.6,True,UG6747,UG006747,12CD-1,UG Transformer Bank,RGRE-13,38.89853338,-104.7718902,25,UG14092,UG014092,12CD-1,UG Transformer Bank,RRC-29,38.89761903,-104.7728511,25,31.0,159.4,same_feeder_ambiguous
1170521,10785,10875,29263,8,8,2,6,0.75,0.5,0.952,7,3,3,1.0,5692194697,2919 FLINTRIDGE PL,COLO SPGS,38.89870132,-104.7715396,12CD-1,-104.7715396,38.89870132,38.897882,-104.772569,127.4,True,UG6747,UG006747,12CD-1,UG Transformer Bank,RGRE-13,38.89853338,-104.7718902,25,UG14092,UG014092,12CD-1,UG Transformer Bank,RRC-29,38.89761903,-104.7728511,25,35.6,165.4,same_feeder_ambiguous
1281580,,23778,757,14,6,0,6,1.0,1.0,0.949,13,3,3,1.0,2355567852,1920 ERIN LOOP,COLO SPGS,38.91185594,-104.792884,,-104.792884,38.91185594,38.911849,-104.792874,1.2,False,,,,,,,,,PD4167,PD004167,12WN-23,UG Transformer Bank,REP-8,38.91215027,-104.7919068,75,,90.7,new_assignment
1118830,,23778,757,14,6,0,6,1.0,1.0,0.949,13,3,3,1.0,8859381566,1928 ERIN LOOP,COLO SPGS,38.91182845,-104.7925979,,-104.7925979,38.91182845,38.911822,-104.792587,1.2,False,,,,,,,,,PD4167,PD004167,12WN-23,UG Transformer Bank,REP-8,38.91215027,-104.7919068,75,,69.7,new_assignment
1311348,,23778,757,14,6,0,6,1.0,1.0,0.949,13,3,3,1.0,3137363984,1934 ERIN LOOP,COLO SPGS,38.91179921,-104.7923055,,-104.7923055,38.91179921,38.911792,-104.792295,1.2,False,,,,,,,,,PD4167,PD004167,12WN-23,UG Transformer Bank,REP-8,38.91215027,-104.7919068,75,,52.1,new_assignment
1137858,,23778,757,14,6,0,6,1.0,1.0,0.949,13,3,3,1.0,4989824826,"7696 DESERT WRANGLER DR, CONST TRLR",COLO SPGS,38.94347383,-104.6585838,,-104.6585838,38.94347383,38.911784,-104.792212,12084.4,True,,,,,,,,,PD4167,PD004167,12WN-23,UG Transformer Bank,REP-8,38.91215027,-104.7919068,75,,12047.3,new_assignment
1226760,,23778,757,14,6,0,6,1.0,1.0,0.949,13,3,3,1.0,4141998599,1916 ERIN LOOP,COLO SPGS,38.91180995,-104.7930269,,-104.7930269,38.91180995,38.911803,-104.793016,1.2,False,,,,,,,,,PD4167,PD004167,12WN-23,UG Transformer Bank,REP-8,38.91215027,-104.7919068,75,,104.0,new_assignment
1021037,,23778,757,14,6,0,6,1.0,1.0,0.949,13,3,3,1.0,2075014856,1926 ERIN LOOP,COLO SPGS,38.91183349,-104.7926826,,-104.7926826,38.91183349,38.911827,-104.792672,1.2,False,,,,,,,,,PD4167,PD004167,12WN-23,UG Transformer Bank,REP-8,38.91215027,-104.7919068,75,,75.8,new_assignment
1001980,,23778,757,14,6,0,6,1.0,1.0,0.949,13,3,3,1.0,2592504734,1932 ERIN LOOP,COLO SPGS,38.91180702,-104.792409,,-104.792409,38.91180702,38.9118,-104.792399,1.2,False,,,,,,,,,PD4167,PD004167,12WN-23,UG Transformer Bank,REP-8,38.91215027,-104.7919068,75,,57.8,new_assignment
1036845,,4768,9635,13,12,0,9,0.75,0.75,0.944,12,3,3,1.0,6584048018,9743 FEDERAL DR,COLO SPGS,38.98958086,-104.8040876,,-104.8040876,38.98958086,38.7981,-104.802542,21292.1,True,,,,,,,,,OH28672,OH028672,13HK-2,OH Transformer Bank,,38.79795502,-104.8022542,25,,21308.4,new_assignment
1006593,10102,10136,2204,7,7,1,6,0.8571,0.7143,0.944,6,3,3,1.0,5712747419,6158 DESOTO DR,COLO SPGS,38.90519218,-104.7061121,12ST-4,-104.7061121,38.90519218,38.90522,-104.706096,3.4,False,PD2866,PD002866,12ST-4,UG Transformer Bank,RSHR-101,38.90526849,-104.7065345,25,PD2868,PD002868,12ST-4,UG Transformer Bank,RSHR-102,38.90494806,-104.7062021,25,37.5,28.2,same_feeder_ambiguous
1010797,24660,11594,2744,7,7,1,6,0.8571,0.7143,0.944,6,3,3,1.0,3690735044,4061 ASCENDANT DR,COLO SPGS,38.88912145,-104.6963421,12ST-23,-104.6963421,38.88912145,38.889062,-104.696383,7.5,False,PD14110,PD014110,12ST-23,UG Transformer Bank,RGC-66,38.88903795,-104.6959795,50,PD13792,PD013792,12ST-23,UG Transformer Bank,RGC-42,38.88862213,-104.6968093,25,32.7,68.7,same_feeder_ambiguous
1165849,21246,3234,3517,7,7,1,6,0.8571,0.7143,0.944,6,3,3,1.0,7127199604,532 E BIJOU ST,COLO SPGS,38.836824,-104.8148594,12PL-2,-104.8148594,38.836824,38.836704,-104.814786,14.8,False,OH22885,OH022885,12PL-2,OH Transformer Bank,,38.83710163,-104.8152333,25,OH22878,OH022878,12PL-2,OH Transformer Bank,,38.83700084,-104.8141108,25,44.7,67.8,same_feeder_ambiguous
1088800,26160,15688,4949,7,7,1,6,0.8571,0.7143,0.944,6,3,3,1.0,4511167457,4002 SHELLEY AVE,COLO SPGS,38.8287386,-104.7537537,12PV-2,-104.7537537,38.8287386,38.828765,-104.753743,3.1,False,UG12440,UG012440,12PV-2,UG Transformer Bank,RES-33,38.82891864,-104.7535041,25,UG12439,UG012439,12PV-2,UG Transformer Bank,RES-34,38.82894828,-104.7540022,25,29.5,31.7,same_feeder_ambiguous
1027601,7929,7967,5406,7,7,1,6,0.8571,0.7143,0.944,6,3,3,1.0,4818369434,4769 SPOTTED HORSE DR,COLO SPGS,38.92951946,-104.7381363,12BG-24,-104.7381363,38.92951946,38.929554,-104.738073,6.7,False,PD15504,PD015504,12BG-24,UG Transformer Bank,RAC-33,38.93001505,-104.7384987,25,PD15505,PD015505,12BG-24,UG Transformer Bank,RAC-32,38.929461,-104.7376378,25,63.4,43.6,same_feeder_ambiguous
1025979,477903,477905,6929,7,7,1,6,0.8571,0.7143,0.944,6,3,3,1.0,3014018926,5818 MIRELAND VW,COLO SPGS,38.91680138,-104.6627675,12FR-32,-104.6627675,38.91680138,38.9168,-104.662757,0.9,False,PD110537,PD110537,12FR-32,UG Transformer Bank,RBLR38-4,38.91609887,-104.662554,25,PD110539,PD110539,12FR-32,UG Transformer Bank,RBLR38-7,38.91693157,-104.662415,25,80.3,33.8,same_feeder_ambiguous
1082115,26192,26198,14049,7,7,1,6,0.8571,0.7143,0.944,6,3,3,1.0,3057064710,4205 CROWELLS MILL SQ,COLO SPGS,38.8267533,-104.7511412,12PV-2,-104.7511412,38.8267533,38.82673,-104.751077,6.1,False,UG12429,UG012429,12PV-2,UG Transformer Bank,ATM-1,38.82699052,-104.7507395,25,UG12430,UG012430,12PV-2,UG Transformer Bank,ATM-2,38.82657538,-104.7508397,25,43.7,32.8,same_feeder_ambiguous
1080708,16191,16160,18387,7,7,1,6,0.8571,0.7143,0.944,6,3,3,1.0,4572282525,4815 TRAILMARK LOOP,COLO SPGS,38.81909307,-104.73843,13PV-4,-104.73843,38.81909307,38.819119,-104.73842,3.0,False,PD5517,PD005517,13PV-4,UG Transformer Bank,RTM-5,38.81889148,-104.7384864,25,PD6128,PD006128,13PV-4,UG Transformer Bank,RTM-4,38.81935188,-104.7388672,25,22.9,47.6,same_feeder_ambiguous
1127266,444222,444220,26663,7,7,1,6,0.8571,0.7143,0.944,6,3,3,1.0,826141847,6873 DIAMANT VW,COLO SPGS,38.97556009,-104.7084331,12BG-23,-104.7084331,38.97556009,38.975553,-104.708423,1.2,False,PD109512,PD109512,12BG-23,UG Transformer Bank,RWSM-5,38.97594399,-104.708736,50,PD109503,PD109503,12BG-23,UG Transformer Bank,RWSM-4,38.97547706,-104.7079978,25,50.1,38.7,same_feeder_ambiguous
1197486,11702,11675,41169,7,7,1,6,0.8571,0.7143,0.944,6,3,3,1.0,4044655460,5235 WAGON MASTER DR,COLO SPGS,38.88807097,-104.7305852,13PR-3,-104.7305852,38.88807097,38.888099,-104.730574,3.3,False,UG9797,UG009797,13PR-3,UG Transformer Bank,RTHS-141,38.88773483,-104.7310439,25,UG9796,UG009796,13PR-3,UG Transformer Bank,RTHS-140,38.88796224,-104.7299767,25,54.5,54.0,same_feeder_ambiguous
1217337,12622,25094,41252,7,7,1,6,0.8571,0.7143,0.944,6,3,3,1.0,8431686385,3368 TEARDROP CIR,COLO SPGS,38.87904811,-104.7310745,13RI-9,-104.7310745,38.87904811,38.879068,-104.731055,2.8,False,UG9038,UG009038,13RI-9,UG Transformer Bank,RVVH-20,38.87872493,-104.731543,25,UG9037,UG009037,13RI-9,UG Transformer Bank,RVVH-21,38.87883955,-104.7306144,25,54.2,46.1,same_feeder_ambiguous
1223489,11961,24795,43642,7,7,1,6,0.8571,0.7143,0.944,6,3,3,1.0,3502233733,3691 HAVEN CIR,COLO SPGS,38.88587434,-104.7544525,13RI-9,-104.7544525,38.88587434,38.885676,-104.753871,55.0,False,UG9942,UG009942,13RI-9,UG Transformer Bank,RNR-8,38.88554377,-104.7544208,15,UG9949,UG009949,13RI-9,UG Transformer Bank,RNR-16,38.88589012,-104.7531351,25,36.9,114.0,same_feeder_ambiguous
1267976,9881,23860,47129,7,7,1,6,0.8571,0.7143,0.944,6,3,3,1.0,3612550924,2665 TOMAH PL,COLO SPGS,38.90891564,-104.7789189,12WN-23,-104.7789189,38.90891564,38.908947,-104.778919,3.5,False,UG6723,UG006723,12WN-23,UG Transformer Bank,RVW-138,38.90870594,-104.7784262,25,UG6725,UG006725,12WN-23,UG Transformer Bank,RVW-135,38.90906427,-104.7790663,25,48.6,20.9,same_feeder_ambiguous
1308713,9010,8960,53455,7,7,1,6,0.8571,0.7143,0.944,6,3,3,1.0,9122729352,"6058 PERFECT VW, GATE",COLO SPGS,38.91989844,-104.8375965,12WN-22,-104.8375965,38.91989844,38.919899,-104.837711,9.9,False,UG2492,UG002492,12WN-22,UG Transformer Bank,RSAR-1,38.91973679,-104.837749,25,PD8594,PD008594,12WN-22,UG Transformer Bank,RSAR-9,38.92008002,-104.8373539,25,22.3,29.1,same_feeder_ambiguous
1208241,24575,11288,22663,7,7,1,5,0.7143,0.5714,0.944,6,3,3,1.0,802644494,4150 MADRONE WAY,COLO SPGS,38.89295383,-104.7939838,12C-2,-104.7939838,38.89295383,38.892972,-104.79397,2.3,False,PD5344,PD005344,12C-2,UG Transformer Bank,RUP-19,38.89245706,-104.7937027,25,UG7707,UG007707,12C-2,UG Transformer Bank,RUP-18,38.8929133,-104.7935246,25,60.4,40.0,same_feeder_ambiguous
1208553,11291,11288,22663,7,7,1,5,0.7143,0.5714,0.944,6,3,3,1.0,1707857360,1702 PALM DR,COLO SPGS,38.89305565,-104.7943434,12C-2,-104.7943434,38.89305565,38.893065,-104.794335,1.3,False,PD5346,PD005346,12C-2,UG Transformer Bank,RUP-16,38.89278102,-104.7947377,25,UG7707,UG007707,12C-2,UG Transformer Bank,RUP-18,38.8929133,-104.7935246,25,45.8,72.6,same_feeder_ambiguous
1191008,18938,27253,26900,7,7,1,5,0.7143,0.5714,0.944,6,3,3,1.0,9248290948,679 BECKET PL,COLO SPGS,38.77132328,-104.820815,13SR-1,-104.820815,38.77132328,38.771357,-104.820776,5.0,False,PD11195,PD011195,13SR-1,UG Transformer Bank,RBBP-1,38.77172346,-104.8207011,25,PD11196,PD011196,13SR-1,UG Transformer Bank,RBBP-2,38.7712059,-104.821665,25,45.6,74.8,same_feeder_ambiguous
1186404,27406,27395,39744,7,7,1,5,0.7143,0.5714,0.944,6,3,3,1.0,4038855134,5240 FARTHING DR,COLO SPGS,38.75889156,-104.8252532,12JL-2,-104.8252532,38.75889156,38.758894,-104.825231,1.9,False,PD11921,PD011921,12JL-2,UG Transformer Bank,RBBE-15,38.7587606,-104.8264492,50,PD11919,PD011919,12JL-2,UG Transformer Bank,RBBE-13,38.75980215,-104.8255179,25,104.7,103.8,same_feeder_ambiguous
1276431,4769,4768,9635,13,12,3,9,0.75,0.5,0.944,12,3,3,1.0,4200360724,1305 RICHARDS AVE,COLO SPGS,38.79807438,-104.8028221,13HK-2,-104.8028221,38.79807438,38.798106,-104.802812,3.6,False,OH28673,OH028673,13HK-2,OH Transformer Bank,,38.79785654,-104.802676,25,OH28672,OH028672,13HK-2,OH Transformer Bank,,38.79795502,-104.8022542,25,27.3,51.0,same_feeder_ambiguous
1276080,4769,4768,9635,13,12,3,9,0.75,0.5,0.944,12,3,3,1.0,6834579831,1306 PANDO AVE,COLO SPGS,38.79770044,-104.8028339,13HK-2,-104.8028339,38.79770044,38.797723,-104.802824,2.7,False,OH28673,OH028673,13HK-2,OH Transformer Bank,,38.79785654,-104.802676,25,OH28672,OH028672,13HK-2,OH Transformer Bank,,38.79795502,-104.8022542,25,22.1,57.7,same_feeder_ambiguous
1067852,118722,123514,12123,11,11,1,10,0.9091,0.8182,0.933,10,3,3,1.0,8062886010,"13671 HONEY RUN WAY, SPKG",COLO SPGS,39.03101698,-104.7831031,12FH-14,-104.7831031,39.03101698,39.031692,-104.782867,77.8,False,PD21169,PD021169,12FH-14,UG Transformer Bank,RFH9-5,39.03147003,-104.7834731,25,PD21598,PD021598,12FH-14,UG Transformer Bank,RFH9-22,39.03229421,-104.7848076,50,59.7,204.6,same_feeder_ambiguous
1197788,11112,24513,20313,11,11,1,10,0.9091,0.8182,0.933,10,3,3,1.0,2399053045,"5129 PEAK VILLA HTS, LIGHTS",COLO SPGS,38.89490991,-104.7313343,12AP-2,-104.7313343,38.89490991,38.89504,-104.731515,21.3,False,PD16121,PD016121,12AP-2,UG Transformer Bank,RPVV-5,38.89493849,-104.7312703,50,PD16122,PD016122,12AP-2,UG Transformer Bank,RPVV-6,38.89490543,-104.7316552,75,6.4,27.8,same_feeder_ambiguous
1311569,9016,8977,53422,11,11,1,10,0.9091,0.8182,0.933,10,3,3,1.0,7921209297,"209 HARGROVE CT, LIGHTS",COLO SPGS,38.91965938,-104.8249602,12WN-22,-104.8249602,38.91965938,38.919713,-104.824888,8.6,False,PD1193,PD001193,12WN-22,UG Transformer Bank,RDTO-2,38.91965413,-104.8248742,25,PD1092,PD001092,12WN-22,UG Transformer Bank,RDTO-5,38.91994447,-104.8254119,25,7.5,50.3,same_feeder_ambiguous
1047106,24227,24273,8434,6,6,1,5,0.8333,0.6667,0.933,5,3,3,1.0,2657225838,4942 TURQUOISE CIR,COLO SPGS,38.9014902,-104.7396302,12AP-4,-104.7396302,38.9014902,38.901527,-104.739608,4.5,False,UG8933,UG008933,12AP-4,UG Transformer Bank,RTS-12,38.90181997,-104.7396604,25,UG9324,UG009324,12AP-4,UG Transformer Bank,RTS-13,38.9011572,-104.739372,25,36.8,43.2,same_feeder_ambiguous
1056452,99489,99497,11998,6,6,1,5,0.8333,0.6667,0.933,5,3,3,1.0,9410330838,"6801 FICUS ST, SPKG",COLO SPGS,38.92782362,-104.6996174,12ST-2,-104.6996174,38.92782362,38.927865,-104.699643,5.1,False,PD21193,PD021193,12ST-2,UG Transformer Bank,RRV26-9,38.92768117,-104.6990181,25,PD20938,PD020938,12ST-2,UG Transformer Bank,RRV26-3,38.92814008,-104.6991467,25,54.2,53.8,same_feeder_ambiguous
1229336,11968,11975,31881,6,6,1,5,0.8333,0.6667,0.933,5,3,3,1.0,7158202222,4298 NONCHALANT CIR N,COLO SPGS,38.88528865,-104.7479316,13RI-3,-104.7479316,38.88528865,38.885119,-104.747776,23.2,False,UG9737,UG009737,13RI-3,UG Transformer Bank,RWR-2,38.88543374,-104.7480972,25,UG9740,UG009740,13RI-3,UG Transformer Bank,RWR-3,38.88538613,-104.7475036,25,21.6,38.6,same_feeder_ambiguous
1183648,15403,3372,39264,6,6,1,5,0.8333,0.6667,0.933,5,3,3,1.0,6890329527,"7 S SPRUCE ST, SIGN",COLO SPGS,38.83461146,-104.8323018,12FT-4,-104.8323018,38.83461146,38.833891,-104.832295,80.1,False,PD10147,PD010147,12FT-4,UG Transformer Bank,CWO-5,38.83513026,-104.8319351,300,OH26531,OH026531,12FT-4,OH Transformer Bank,,38.83499805,-104.8332796,75,65.9,95.0,same_feeder_ambiguous
1208073,928,930,41063,6,6,1,5,0.8333,0.6667,0.933,5,3,3,1.0,5846141598,1414 COLUMBINE RD,COLO SPGS,38.88802679,-104.798299,12C-2,-104.798299,38.88802679,38.888198,-104.799029,66.0,False,OH7778,OH007778,12C-2,OH Transformer Bank,,38.88849686,-104.7972666,25,OH8505,OH008505,12C-2,OH Transformer Bank,,38.88828538,-104.7991837,25,103.5,81.8,same_feeder_ambiguous
1186145,19636,19635,39604,6,6,1,4,0.6667,0.5,0.933,5,3,3,1.0,4398155515,45 BALMORAL WAY,COLO SPGS,38.74918241,-104.8345793,12JL-2,-104.8345793,38.74918241,38.749274,-104.834591,10.2,False,PD12451,PD012451,12JL-2,UG Transformer Bank,RGOB-22,38.74889176,-104.8351266,25,PD12456,PD012456,12JL-2,UG Transformer Bank,RGOB-19,38.74902498,-104.8341896,50,57.4,38.1,same_feeder_ambiguous
1228733,,537451,10179,10,6,0,6,1.0,1.0,0.926,9,3,3,1.0,8658909158,5370 TOPAZ DR,COLO SPGS,38.90975492,-104.7520082,12AP-4,-104.7520082,38.90975492,38.882783,-104.838881,8094.2,True,,,,,,,,,PD110146,PD110146,13HL-1,UG Transformer Bank,RELS-6,38.88283308,-104.838588,50,,8068.6,new_assignment
1039290,,537451,10179,10,6,0,6,1.0,1.0,0.926,9,3,3,1.0,4822282327,3650 EVELYN LN,COLO SPGS,38.88295642,-104.838889,,-104.838889,38.88295642,38.882943,-104.838884,1.6,False,,,,,,,,,PD110146,PD110146,13HL-1,UG Transformer Bank,RELS-6,38.88283308,-104.838588,50,,29.4,new_assignment
1225730,,537451,10179,10,6,0,6,1.0,1.0,0.926,9,3,3,1.0,8853408205,3644 EVELYN LN,COLO SPGS,38.88285102,-104.8388891,,-104.8388891,38.88285102,38.882865,-104.838884,1.6,False,,,,,,,,,PD110146,PD110146,13HL-1,UG Transformer Bank,RELS-6,38.88283308,-104.838588,50,,26.1,new_assignment
1225731,,537451,10179,10,6,0,6,1.0,1.0,0.926,9,3,3,1.0,7629879627,3632 EVELYN LN,COLO SPGS,38.88271995,-104.8388854,,-104.8388854,38.88271995,38.882706,-104.838881,1.6,False,,,,,,,,,PD110146,PD110146,13HL-1,UG Transformer Bank,RELS-6,38.88283308,-104.838588,50,,28.7,new_assignment
1024899,20857,20823,6739,10,10,1,9,0.9,0.8,0.926,9,3,3,1.0,4772668007,918 N EL PASO ST ADU,COLO SPGS,38.84693241,-104.8131583,13Y-2,-104.8131583,38.84693241,38.846926,-104.813148,1.1,False,OH12416,OH012416,13Y-2,OH Transformer Bank,,38.84659499,-104.8131928,25,OH12534,OH012534,13Y-2,OH Transformer Bank,,38.84730597,-104.8132487,15,37.6,42.3,same_feeder_ambiguous
1042677,22180,6118,10898,10,10,1,9,0.9,0.8,0.926,9,3,3,1.0,8685110775,9172 ESTEBURY CIR,COLO SPGS,38.95922875,-104.7439348,13BG-4,-104.7439348,38.95922875,38.959256,-104.74392,3.3,False,PD968,PD000968,13BG-4,UG Transformer Bank,RGV-98,38.95919139,-104.7444021,25,PD965,PD000965,13BG-4,UG Transformer Bank,RGV-96,38.95914669,-104.7433416,25,40.6,52.1,same_feeder_ambiguous
1083927,16026,16033,18605,10,10,1,9,0.9,0.8,0.926,9,3,3,1.0,9807442169,4344 COOLWATER DR,COLO SPGS,38.82130029,-104.7366423,13PV-4,-104.7366423,38.82130029,38.821241,-104.736559,9.8,False,PD15862,PD015862,13PV-4,UG Transformer Bank,RVSC-66,38.82184945,-104.7363582,25,PD15863,PD015863,13PV-4,UG Transformer Bank,RVSC-65,38.82156928,-104.7357673,25,65.8,81.5,same_feeder_ambiguous
1189994,21233,21254,40417,10,10,1,9,0.9,0.8,0.926,9,3,3,1.0,2368336795,1112 W PIKES PEAK AVE,COLO SPGS,38.83707802,-104.8424765,13FV-3,-104.8424765,38.83707802,38.837123,-104.842337,13.1,False,OH30797,OH030797,13FV-3,OH Transformer Bank,,38.83745252,-104.8426008,37.5,OH30800,OH030800,13FV-3,OH Transformer Bank,,38.83711786,-104.8420424,25,43.0,37.9,same_feeder_ambiguous
1232995,,26101,14267,10,8,0,6,0.75,0.75,0.926,9,3,3,1.0,4651091343,208 N OLYMPIAN DR,COLO SPGS,38.83320702,-104.8543564,13FV-2,-104.8543564,38.83320702,38.833192,-104.854341,2.1,False,,,,,,,,,UG16609,UG016609,13FV-2,UG Transformer Bank,AVDM-3,38.83311693,-104.8561435,25,,155.1,new_assignment
1149092,370332,370333,32642,10,10,2,8,0.8,0.6,0.926,9,3,3,1.0,6804145366,824 ENDEAVOR WAY,COLO SPGS,38.84445263,-104.7244795,12PF-5,-104.7244795,38.84445263,38.844446,-104.724469,1.2,False,PD105469,PD105469,12PF-5,UG Transformer Bank,RPPK-7,38.84448488,-104.7241658,50,PD105467,PD105467,12PF-5,UG Transformer Bank,RPPK-8,38.84409907,-104.7244433,50,27.4,39.4,same_feeder_ambiguous
1227473,23262,8763,45952,10,10,2,8,0.8,0.6,0.926,9,3,3,1.0,1954872061,6250 MONTARBOR DR,COLO SPGS,38.92197894,-104.7645205,12AP-3,-104.7645205,38.92197894,38.922007,-104.764506,3.4,False,PD2422,PD002422,12AP-3,UG Transformer Bank,RN-31,38.92237444,-104.7644062,25,PD2421,PD002421,12AP-3,UG Transformer Bank,RN-30,38.92184275,-104.7642794,25,45.1,25.8,same_feeder_ambiguous
1227472,23262,8763,45952,10,10,2,8,0.8,0.6,0.926,9,3,3,1.0,3656678068,6260 MONTARBOR DR,COLO SPGS,38.92211723,-104.7645594,12AP-3,-104.7645594,38.92211723,38.922127,-104.764552,1.3,False,PD2422,PD002422,12AP-3,UG Transformer Bank,RN-31,38.92237444,-104.7644062,25,PD2421,PD002421,12AP-3,UG Transformer Bank,RN-30,38.92184275,-104.7642794,25,31.5,39.0,same_feeder_ambiguous
1232515,537075,26101,14267,10,8,2,6,0.75,0.5,0.926,9,3,3,1.0,327785272,218 N OLYMPIAN DR,COLO SPGS,38.83314658,-104.8544339,13FV-2,-104.8544339,38.83314658,38.833195,-104.854429,5.4,False,PD110554,PD110554,13FV-2,UG Transformer Bank,RGHM-133,38.83321891,-104.8545431,50,UG16609,UG016609,13FV-2,UG Transformer Bank,AVDM-3,38.83311693,-104.8561435,25,12.4,148.1,same_feeder_ambiguous
1096059,537075,26101,14267,10,8,2,6,0.75,0.5,0.926,9,3,3,1.0,46647809,88 N RAVEN MINE DR,COLO SPGS,38.8330503,-104.8543988,13FV-2,-104.8543988,38.8330503,38.833024,-104.854364,4.2,False,PD110554,PD110554,13FV-2,UG Transformer Bank,RGHM-133,38.83321891,-104.8545431,50,UG16609,UG016609,13FV-2,UG Transformer Bank,AVDM-3,38.83311693,-104.8561435,25,22.5,151.3,same_feeder_ambiguous
1059970,,20874,13970,9,8,0,8,1.0,1.0,0.917,8,3,3,1.0,1049909335,508 N 17TH ST,COLO SPGS,38.84606693,-104.8461705,13Y-1,-104.8461705,38.84606693,38.84606,-104.84616,1.2,False,,,,,,,,,OH25305,OH025305,13Y-1,OH Transformer Bank,,38.84603099,-104.8460145,50,,14.1,new_assignment
1221587,,8218,5659,9,5,0,5,1.0,1.0,0.917,8,3,3,1.0,265305286,5311 HEANEY CT UNIT 102,COLO SPGS,38.9269766,-104.7278824,12BG-24,-104.7278824,38.9269766,38.926887,-104.727873,10.0,False,,,,,,,,,PD12000,PD012000,12BG-24,UG Transformer Bank,RSU-40,38.92691994,-104.7282334,25,,31.0,new_assignment
1221584,,8218,5659,9,5,0,5,1.0,1.0,0.917,8,3,3,1.0,4426284263,5351 HEANEY CT UNIT 102,COLO SPGS,38.9268251,-104.7275011,,-104.7275011,38.9268251,38.926736,-104.727492,9.9,False,,,,,,,,,PD12000,PD012000,12BG-24,UG Transformer Bank,RSU-40,38.92691994,-104.7282334,25,,64.2,new_assignment
1221586,,8218,5659,9,5,0,5,1.0,1.0,0.917,8,3,3,1.0,1435702233,5351 HEANEY CT UNIT 101,COLO SPGS,38.92677018,-104.7275017,12BG-24,-104.7275017,38.92677018,38.926736,-104.727492,3.9,False,,,,,,,,,PD12000,PD012000,12BG-24,UG Transformer Bank,RSU-40,38.92691994,-104.7282334,25,,65.4,new_assignment
1097190,,378639,4197,5,4,0,4,1.0,1.0,0.917,4,3,3,1.0,6977404084,208 DUSTY HILLS CT,COLO SPGS,38.93999059,-104.8245983,12WN-24,-104.8245983,38.93999059,38.939985,-104.824591,0.9,False,,,,,,,,,PD106986,PD106986,12WN-24,UG Transformer Bank,RDH-73,38.93984951,-104.8238578,50,,65.9,new_assignment
1036407,,390901,2914,21,19,0,17,0.8947,0.8947,0.917,20,3,3,1.0,6117578236,13276 SMOKEY LILAC GRV APT 104,COLO SPGS,39.02572368,-104.8247507,12FH-12,-104.8247507,39.02572368,39.025571,-104.824717,17.2,False,,,,,,,,,PD108274,PD108274,12FH-12,UG Transformer Bank,CSN-16,39.02587502,-104.8247019,50,,17.3,new_assignment
1058251,,390901,2914,21,19,0,17,0.8947,0.8947,0.917,20,3,3,1.0,9844089439,13276 SMOKEY LILAC GRV APT 210,COLO SPGS,39.02562214,-104.8246994,12FH-12,-104.8246994,39.02562214,39.025571,-104.824717,5.9,False,,,,,,,,,PD108274,PD108274,12FH-12,UG Transformer Bank,CSN-16,39.02587502,-104.8247019,50,,28.1,new_assignment
1054829,33260,33261,2857,9,9,1,8,0.8889,0.7778,0.917,8,3,3,1.0,7657064077,"7137 SAND CREST VW, LIGHTS",COLO SPGS,38.93500243,-104.7394123,13BG-1,-104.7394123,38.93500243,38.934762,-104.738977,46.2,False,PD14210,PD014210,13BG-1,UG Transformer Bank,RCN-177,38.93496489,-104.7393179,50,PD14211,PD014211,13BG-1,UG Transformer Bank,RCN-178,38.93486148,-104.7392392,50,9.2,21.7,same_feeder_ambiguous
1022466,10893,24439,6133,9,9,1,8,0.8889,0.7778,0.917,8,3,3,1.0,5805301424,"4933 BLUESTEM DR, SPKG",COLO SPGS,38.89715357,-104.7372788,12AP-2,-104.7372788,38.89715357,38.897146,-104.737272,1.0,False,UG9568,UG009568,12AP-2,UG Transformer Bank,RCP-5,38.89720902,-104.7372159,25,PD4687,PD004687,12AP-2,UG Transformer Bank,RCP-4,38.89715889,-104.737713,25,8.2,37.6,same_feeder_ambiguous
1036052,77723,77724,9457,9,9,1,8,0.8889,0.7778,0.917,8,3,3,1.0,5842163192,"4675 PASCAL CT, SPKG",COLO SPGS,38.94261997,-104.7406224,12BG-21,-104.7406224,38.94261997,38.942514,-104.740738,15.5,False,PD20892,PD020892,12BG-21,UG Transformer Bank,RWP-4,38.9432642,-104.7410439,50,PD20893,PD020893,12BG-21,UG Transformer Bank,RWP-3,38.94324452,-104.7403889,25,80.4,72.3,same_feeder_ambiguous
1082996,17486,17426,12081,9,9,1,8,0.8889,0.7778,0.917,8,3,3,1.0,7544642559,2535 PAYNE CIR E,COLO SPGS,38.79613948,-104.748823,13KE-73,-104.748823,38.79613948,38.79617,-104.748807,3.7,False,UG20415,UG020415,13KE-73,UG Transformer Bank,RSB-27,38.79557778,-104.7490523,25,UG20419,UG020419,13KE-73,UG Transformer Bank,RSB-26,38.79648245,-104.7484503,25,65.5,50.0,same_feeder_ambiguous
1067014,156475,156483,15291,9,9,1,8,0.8889,0.7778,0.917,8,3,3,1.0,2170626454,"11585 WILDWOOD RIDGE DR, SPKG",COLO SPGS,39.00293889,-104.7951633,12KC-13,-104.7951633,39.00293889,39.002882,-104.795179,6.5,False,PD17411,PD017411,12KC-13,UG Transformer Bank,RWRN-7,39.00310254,-104.7956843,50,PD17414,PD017414,12KC-13,UG Transformer Bank,RWRN-5,39.00239881,-104.7961455,50,48.6,104.0,same_feeder_ambiguous
1184589,18693,18663,15791,9,9,1,8,0.8889,0.7778,0.917,8,3,3,1.0,5256191128,"100 WOODBRIDGE DR, PUMP",COLO SPGS,38.77579685,-104.8277638,13BR-2,-104.8277638,38.77579685,38.776191,-104.827386,54.7,False,PD11434,PD011434,13BR-2,UG Transformer Bank,RWBT-8,38.77574904,-104.8277027,25,PD11421,PD011421,13BR-2,UG Transformer Bank,RWBT-5,38.7762004,-104.8265729,50,7.5,112.6,same_feeder_ambiguous
1123083,25391,13336,27417,9,9,1,8,0.8889,0.7778,0.917,8,3,3,1.0,278006931,"1439 SEASONS GRV, STLITE",COLO SPGS,38.87046857,-104.7977633,12PJ-1,-104.7977633,38.87046857,38.870384,-104.797549,20.8,False,UG11287,UG011287,12PJ-1,UG Transformer Bank,RTSP-1,38.87053734,-104.7977276,50,UG11288,UG011288,12PJ-1,UG Transformer Bank,RTSP-2,38.87019416,-104.7978034,25,8.2,30.7,same_feeder_ambiguous
1219488,21186,21156,37392,9,9,1,8,0.8889,0.7778,0.917,8,3,3,1.0,3850821814,112 N 13TH ST,COLO SPGS,38.83950874,-104.8439464,13Y-1,-104.8439464,38.83950874,38.839533,-104.843879,6.4,False,OH27025,OH027025,13Y-1,OH Transformer Bank,,38.83909321,-104.8430617,50,OH27019,OH027019,13Y-1,OH Transformer Bank,,38.83982827,-104.8443577,37.5,89.5,50.3,same_feeder_ambiguous
1298276,50216,50210,49813,9,9,1,8,0.8889,0.7778,0.917,8,3,3,1.0,1043723980,"9614 ORCHARD PARK TRL, SPKG",COLO SPGS,38.97017303,-104.7586694,12KC-31,-104.7586694,38.97017303,38.970191,-104.7587,3.3,False,PD14270,PD014270,12KC-31,UG Transformer Bank,RPC16-6,38.9693768,-104.7585266,50,PD14269,PD014269,12KC-31,UG Transformer Bank,RPC16-13,38.97052425,-104.757103,50,89.4,140.9,same_feeder_ambiguous
1097769,23822,23799,17239,9,9,2,7,0.7778,0.5556,0.917,8,3,3,1.0,9789617401,3931 ALEMEDA CIR,COLO SPGS,38.91045968,-104.7530758,13RI-4,-104.7530758,38.91045968,38.910491,-104.753068,3.5,False,UG1689,UG001689,13RI-4,UG Transformer Bank,RVG-127,38.91032014,-104.7525451,50,UG1368,UG001368,13RI-4,UG Transformer Bank,RVG-124,38.91127072,-104.7541374,25,48.5,128.7,same_feeder_ambiguous
1073862,23822,23799,17239,9,9,2,7,0.7778,0.5556,0.917,8,3,3,1.0,9789615302,,,38.91045976,-104.7531104,13RI-4,-104.7531104,38.91045976,38.910491,-104.753068,5.1,False,UG1689,UG001689,13RI-4,UG Transformer Bank,RVG-127,38.91032014,-104.7525451,50,UG1368,UG001368,13RI-4,UG Transformer Bank,RVG-124,38.91127072,-104.7541374,25,51.3,126.6,same_feeder_ambiguous
1277375,22673,7226,31246,9,9,1,6,0.6667,0.5556,0.917,8,3,3,1.0,3937004310,"7699 JULYNN RD, TELMTR",COLO SPGS,38.94138002,-104.8764607,12OV-2,-104.8764607,38.94138002,38.940878,-104.876182,60.8,False,PD8045,PD008045,12OV-2,UG Transformer Bank,RLOS-53,38.94111808,-104.8756145,25,PD8046,PD008046,12OV-2,UG Transformer Bank,RLOS-54,38.94108779,-104.8768945,25,78.8,49.6,same_feeder_ambiguous
1203002,18762,18764,42544,9,9,2,7,0.7778,0.5556,0.917,8,3,3,1.0,3972765256,917 LONDON GREEN WAY,COLO SPGS,38.77429059,-104.8124668,13SR-1,-104.8124668,38.77429059,38.774296,-104.812456,1.1,False,PD12178,PD012178,13SR-1,UG Transformer Bank,RCA-4,38.7744183,-104.8118283,50,PD12540,PD012540,13SR-1,UG Transformer Bank,RCA-9,38.77439346,-104.8128968,50,57.1,39.0,same_feeder_ambiguous
1202934,18762,18764,42544,9,9,2,7,0.7778,0.5556,0.917,8,3,3,1.0,8597012686,915 LONDON GREEN WAY,COLO SPGS,38.77429006,-104.812542,13SR-1,-104.812542,38.77429006,38.774269,-104.812534,2.4,False,PD12178,PD012178,13SR-1,UG Transformer Bank,RCA-4,38.7744183,-104.8118283,50,PD12540,PD012540,13SR-1,UG Transformer Bank,RCA-9,38.77439346,-104.8128968,50,63.5,32.8,same_feeder_ambiguous
1147525,20618,2416,19568,17,17,4,13,0.7647,0.5294,0.917,16,3,3,1.0,7244052871,1330 EDITH LN,COLO SPGS,38.85203692,-104.7732825,13RI-12,-104.7732825,38.85203692,38.852066,-104.77326,3.8,False,OH14688,OH014688,13RI-12,OH Transformer Bank,,38.85218027,-104.7736544,50,OH11758,OH011758,13RI-12,OH Transformer Bank,,38.85291943,-104.77402,50,35.9,117.1,same_feeder_ambiguous
1145193,20618,2416,19568,17,17,4,13,0.7647,0.5294,0.917,16,3,3,1.0,3850875275,1341 DIANA LN,COLO SPGS,38.85224877,-104.7736604,13RI-12,-104.7736604,38.85224877,38.85228,-104.773634,4.2,False,OH14688,OH014688,13RI-12,OH Transformer Bank,,38.85218027,-104.7736544,50,OH11758,OH011758,13RI-12,OH Transformer Bank,,38.85291943,-104.77402,50,7.6,80.8,same_feeder_ambiguous
1147522,20618,2416,19568,17,17,4,13,0.7647,0.5294,0.917,16,3,3,1.0,8268580433,1326 EDITH LN,COLO SPGS,38.85191537,-104.7734376,13RI-12,-104.7734376,38.85191537,38.851947,-104.773416,4.0,False,OH14688,OH014688,13RI-12,OH Transformer Bank,,38.85218027,-104.7736544,50,OH11758,OH011758,13RI-12,OH Transformer Bank,,38.85291943,-104.77402,50,34.9,122.5,same_feeder_ambiguous
1147530,20618,2416,19568,17,17,4,13,0.7647,0.5294,0.917,16,3,3,1.0,3084177135,1337 DIANA LN,COLO SPGS,38.85211883,-104.7738334,13RI-12,-104.7738334,38.85211883,38.85215,-104.773807,4.2,False,OH14688,OH014688,13RI-12,OH Transformer Bank,,38.85218027,-104.7736544,50,OH11758,OH011758,13RI-12,OH Transformer Bank,,38.85291943,-104.77402,50,16.9,90.5,same_feeder_ambiguous
1045642,375116,375117,11491,12,12,2,10,0.8333,0.6667,0.909,11,3,3,1.0,7568974806,9376 PORTMAR DR,COLO SPGS,38.92500124,-104.6550574,12FR-32,-104.6550574,38.92500124,38.924967,-104.655047,3.9,False,PD105890,PD105890,12FR-32,UG Transformer Bank,RBLR-475,38.92508942,-104.6553776,50,PD105891,PD105891,12FR-32,UG Transformer Bank,RBLR-476,38.9250901,-104.65484,50,29.4,21.2,same_feeder_ambiguous
1232528,,506687,26768,8,7,0,7,1.0,1.0,0.905,7,3,3,1.0,9851058255,7885 LONG CHUTE TRL,COLO SPGS,38.94492896,-104.6566543,12FR-32,-104.6566543,38.94492896,38.945017,-104.656669,9.9,False,,,,,,,,,PD110753,PD110753,12FR-32,UG Transformer Bank,REP1-8,38.94465736,-104.6565259,50,,32.2,new_assignment
1205993,2961,2920,31721,15,15,1,14,0.9333,0.8667,0.905,14,3,3,1.0,1859492069,601 N CHESTNUT ST,COLO SPGS,38.84176863,-104.8354817,12FT-4,-104.8354817,38.84176863,38.841762,-104.835472,1.1,False,OH26197,OH026197,12FT-4,OH Transformer Bank,,38.84151317,-104.8353066,25,OH25098,OH025098,12FT-4,OH Transformer Bank,,38.84239791,-104.8353517,15,32.2,70.9,same_feeder_ambiguous
1132965,12680,12656,520,8,8,1,7,0.875,0.75,0.905,7,3,3,1.0,6195619413,"2747 PONY TRACKS DR, PHONE EQUIP",COLO SPGS,38.87771754,-104.6985687,12CL-11,-104.6985687,38.87771754,38.877922,-104.697059,132.6,True,PD11931,PD011931,12CL-11,UG Transformer Bank,CPR-1,38.87765725,-104.6985692,15,PD16137,PD016137,12CL-11,UG Transformer Bank,RC-40,38.87806417,-104.6960754,25,6.7,219.2,same_feeder_ambiguous
1012954,10245,24288,2285,8,8,1,7,0.875,0.75,0.905,7,3,3,1.0,3971474042,"4752 CHARLOTTE PKWY, PHONE EQUIPMENT",COLO SPGS,38.90302517,-104.7089414,12ST-4,-104.7089414,38.90302517,38.901355,-104.709579,193.7,True,PD13669,PD013669,12ST-4,UG Transformer Bank,CWPR-2,38.90381515,-104.7082072,10,PD8306,PD008306,12ST-4,UG Transformer Bank,RSHR-140,38.90065593,-104.709204,25,108.4,264.4,same_feeder_ambiguous
1025644,12688,25174,2482,8,8,1,7,0.875,0.75,0.905,7,3,3,1.0,334429005,"7174 SEA CORAL VW, SPKG",COLO SPGS,38.87763313,-104.6962627,12CL-11,-104.6962627,38.87763313,38.877078,-104.69656,66.9,False,PD13185,PD013185,12CL-11,UG Transformer Bank,RC-37,38.87755387,-104.6960957,25,PD15593,PD015593,12CL-11,UG Transformer Bank,RC-27,38.87716571,-104.6974897,25,16.9,118.2,same_feeder_ambiguous
1008288,11349,24576,2657,8,8,1,7,0.875,0.75,0.905,7,3,3,1.0,5285665213,4155 GREENS DR,COLO SPGS,38.89132948,-104.7073338,12ST-3,-104.7073338,38.89132948,38.891323,-104.707491,13.6,False,PD14948,PD014948,12ST-3,UG Transformer Bank,RIS-13,38.89138744,-104.7079005,25,PD16330,PD016330,12ST-3,UG Transformer Bank,RIS-14,38.89179844,-104.7076402,50,49.5,58.5,same_feeder_ambiguous
1095103,390688,390689,4583,8,8,1,7,0.875,0.75,0.905,7,3,3,1.0,6456178905,6653 VISTANCIA AVE,COLO SPGS,38.89109596,-104.7043896,12ST-3,-104.7043896,38.89109596,38.891063,-104.70438,3.8,False,PD108249,PD108249,12ST-3,UG Transformer Bank,RGW2-5,38.89084613,-104.7045015,50,PD108250,PD108250,12ST-3,UG Transformer Bank,RGW2-6,38.89137612,-104.7046661,25,29.4,39.3,same_feeder_ambiguous
1074775,25510,13671,4948,8,8,1,7,0.875,0.75,0.905,7,3,3,1.0,7094847267,"2048 PETERSON RD, FLASHR",COLO SPGS,38.86246105,-104.7020919,12CL-11,-104.7020919,38.86246105,38.861741,-104.701975,80.7,False,PD3522,PD003522,12CL-11,UG Transformer Bank,RCHO-4,38.86223099,-104.7027133,25,PD3523,PD003523,12CL-11,UG Transformer Bank,RCHO-5,38.86275809,-104.7027458,25,59.6,65.5,same_feeder_ambiguous
1094294,16860,16909,21939,8,8,1,7,0.875,0.75,0.905,7,3,3,1.0,9798478965,1840 DOHERTY RD,COLO SPGS,38.80556045,-104.7465682,13PV-4,-104.7465682,38.80556045,38.805592,-104.746558,3.6,False,PD6054,PD006054,13PV-4,UG Transformer Bank,RH-30,38.8059416,-104.746395,25,PD6055,PD006055,13PV-4,UG Transformer Bank,RH-29,38.80513391,-104.7461463,25,45.0,59.9,same_feeder_ambiguous
1200535,24398,10873,22582,8,8,1,7,0.875,0.75,0.905,7,3,3,1.0,5669879418,4539 LA CRESTA DR,COLO SPGS,38.89772501,-104.7595285,13RI-4,-104.7595285,38.89772501,38.897638,-104.759381,16.0,False,UG1594,UG001594,13RI-4,UG Transformer Bank,RVG-12,38.89824684,-104.7598098,25,UG1593,UG001593,13RI-4,UG Transformer Bank,RVG-13,38.89746513,-104.7589803,25,62.9,55.5,same_feeder_ambiguous
1099523,13025,13076,23033,8,8,1,7,0.875,0.75,0.905,7,3,3,1.0,7183592277,2835 STONEWALL HTS,COLO SPGS,38.87344684,-104.7490445,13RI-2,-104.7490445,38.87344684,38.873441,-104.749035,1.0,False,PD12644,PD012644,13RI-2,UG Transformer Bank,RSTT-3,38.87363015,-104.7488558,25,PD12643,PD012643,13RI-2,UG Transformer Bank,RSTT-2,38.87314479,-104.749386,50,26.1,44.7,same_feeder_ambiguous
1167629,18153,27049,36422,8,8,1,6,0.75,0.625,0.905,7,3,3,1.0,2935812544,850 E CHEYENNE MOUNTAIN BLVD,COLO SPGS,38.78569261,-104.8122452,13SG-3,-104.8122452,38.78569261,38.785722,-104.812239,3.3,False,UG19716,UG019716,13SG-3,UG Transformer Bank,RMJB-25,38.78552404,-104.811747,25,UG20626,UG020626,13SG-3,UG Transformer Bank,RMJB-23,38.78609204,-104.8126148,25,47.1,54.8,same_feeder_ambiguous
1167631,27061,27049,36422,8,8,1,6,0.75,0.625,0.905,7,3,3,1.0,4575161466,840 E CHEYENNE MOUNTAIN BLVD,COLO SPGS,38.78564212,-104.8125045,13SG-3,-104.8125045,38.78564212,38.785676,-104.812492,3.9,False,UG21199,UG021199,13SG-3,UG Transformer Bank,RMJB-24,38.78570131,-104.8128655,25,UG20626,UG020626,13SG-3,UG Transformer Bank,RMJB-23,38.78609204,-104.8126148,25,32.0,50.9,same_feeder_ambiguous
1026068,24035,24062,2064,8,8,1,5,0.625,0.5,0.905,7,3,3,1.0,9376542781,6395 BLAZING STAR DR,COLO SPGS,38.90458037,-104.7039533,12ST-4,-104.7039533,38.90458037,38.90459,-104.703946,1.2,False,PD2878,PD002878,12ST-4,UG Transformer Bank,RSHR-117,38.9049104,-104.7038833,25,PD2876,PD002876,12ST-4,UG Transformer Bank,RSHR-115,38.90442174,-104.7042885,25,37.2,33.9,same_feeder_ambiguous
1218811,19212,19213,21331,8,8,2,6,0.75,0.5,0.905,7,3,3,1.0,7852766870,485 BRANDYWINE DR,COLO SPGS,38.76721047,-104.8230669,13SR-1,-104.8230669,38.76721047,38.767459,-104.823071,27.6,False,PD12624,PD012624,13SR-1,UG Transformer Bank,RBBP-32,38.76761082,-104.8229486,50,PD12623,PD012623,13SR-1,UG Transformer Bank,RBBP-33,38.76757469,-104.8236896,50,45.7,67.5,same_feeder_ambiguous
1109075,26584,16913,24104,8,8,2,6,0.75,0.5,0.905,7,3,3,1.0,4775168872,1815 MONTEREY RD,COLO SPGS,38.80551044,-104.7760619,13KE-72,-104.7760619,38.80551044,38.805513,-104.776052,0.9,False,UG10455,UG010455,13KE-72,UG Transformer Bank,RPPP-41,38.80512825,-104.775789,15,UG10454,UG010454,13KE-72,UG Transformer Bank,RPPP-42,38.80529043,-104.776167,25,48.6,26.1,same_feeder_ambiguous
1109074,26584,16913,24104,8,8,2,6,0.75,0.5,0.905,7,3,3,1.0,3966166924,1809 MONTEREY RD,COLO SPGS,38.80560487,-104.7760386,13KE-72,-104.7760386,38.80560487,38.80561,-104.776021,1.6,False,UG10455,UG010455,13KE-72,UG Transformer Bank,RPPP-41,38.80512825,-104.775789,15,UG10454,UG010454,13KE-72,UG Transformer Bank,RPPP-42,38.80529043,-104.776167,25,57.2,36.7,same_feeder_ambiguous
1220940,12542,12534,27331,8,8,2,6,0.75,0.5,0.905,7,3,3,1.0,2446779551,3405 SINTON RD LOT 62,COLO SPGS,38.87990765,-104.8332823,13HL-1,-104.8332823,38.87990765,38.879935,-104.833272,3.2,False,UG725,UG000725,13HL-1,UG Transformer Bank,MHTP-7,38.88018205,-104.8328693,25,UG563,UG000563,13HL-1,UG Transformer Bank,MHTP-10,38.88022664,-104.8335179,65,47.0,40.9,same_feeder_ambiguous
1125280,12542,12534,27331,8,8,2,6,0.75,0.5,0.905,7,3,3,1.0,3291031229,3405 SINTON RD LOT 61,COLO SPGS,38.87997732,-104.8331344,13HL-1,-104.8331344,38.87997732,38.880011,-104.833122,3.9,False,UG725,UG000725,13HL-1,UG Transformer Bank,MHTP-7,38.88018205,-104.8328693,25,UG563,UG000563,13HL-1,UG Transformer Bank,MHTP-10,38.88022664,-104.8335179,65,32.3,43.2,same_feeder_ambiguous
1123181,12834,20017,27466,8,8,1,5,0.625,0.5,0.905,7,3,3,1.0,1504979924,3100 WOOD AVE LOT H7,COLO SPGS,38.87628202,-104.8249053,13NP-2,-104.8249053,38.87628202,38.876293,-104.824786,10.4,False,PD4348,PD004348,13NP-2,UG Transformer Bank,MNW-3,38.87648296,-104.8248825,25,OH2738,OH002738,12FT-3,OH Transformer Bank,,38.87606031,-104.826391,45,22.4,131.0,cross_feeder_likely_gis_error
1183659,14699,14616,35589,8,8,2,6,0.75,0.5,0.905,7,3,3,1.0,6649382631,"1029 N NEVADA AVE, SPKG",COLO SPGS,38.84890632,-104.8203707,13Y-2,-104.8203707,38.84890632,38.848941,-104.82036,4.0,False,PD11941,PD011941,13Y-2,UG Transformer Bank,SCCEC-1,38.84847804,-104.8199136,75,PD14888,PD014888,13Y-2,UG Transformer Bank,RCCEC-2,38.84925142,-104.8194058,50,61.9,91.9,same_feeder_ambiguous
1184444,14699,14616,35589,8,8,2,6,0.75,0.5,0.905,7,3,3,1.0,9334282482,223 E SAN RAFAEL ST,COLO SPGS,38.84883777,-104.819723,13Y-2,-104.819723,38.84883777,38.849004,-104.819578,22.3,False,PD11941,PD011941,13Y-2,UG Transformer Bank,SCCEC-1,38.84847804,-104.8199136,75,PD14888,PD014888,13Y-2,UG Transformer Bank,RCCEC-2,38.84925142,-104.8194058,50,43.3,53.6,same_feeder_ambiguous
1011710,375502,375501,3588,14,14,1,13,0.9286,0.8571,0.897,13,3,3,1.0,8310846444,5935 LONGFORD WAY,COLO SPGS,38.91838992,-104.6571088,12FR-32,-104.6571088,38.91838992,38.918356,-104.657099,3.9,False,PD106285,PD106285,12FR-32,UG Transformer Bank,RBL34-4,38.91895014,-104.6571887,50,PD106286,PD106286,12FR-32,UG Transformer Bank,RBLR34-5,38.91814674,-104.6577275,50,62.7,60.0,same_feeder_ambiguous
1232949,,537134,26772,7,5,0,5,1.0,1.0,0.889,6,3,3,1.0,1109976561,6553 GAGOSIAN LN,COLO SPGS,38.98007126,-104.7165225,12BG-23,-104.7165225,38.98007126,38.980038,-104.716516,3.7,False,,,,,,,,,PD110908,PD110908,12BG-23,UG Transformer Bank,RHWR-73,38.98023627,-104.7172222,25,,63.2,new_assignment
1302977,,390531,4855,7,4,0,4,1.0,1.0,0.889,6,3,3,1.0,5646293718,6356 LAUD PT,COLO SPGS,38.96222721,-104.7079106,,-104.7079106,38.96222721,38.962193,-104.7079,3.9,False,,,,,,,,,PD108380,PD108380,13BG-2,UG Transformer Bank,RRC3-10,38.96197856,-104.7078136,50,,28.9,new_assignment
1020775,9027,8974,5668,10,10,1,9,0.9,0.8,0.889,9,3,3,1.0,5804379078,5840 CORINTH DR,COLO SPGS,38.91903909,-104.7313429,12AP-3,-104.7313429,38.91903909,38.919158,-104.731473,17.4,False,PD10298,PD010298,12AP-3,UG Transformer Bank,RSDS-129,38.91899651,-104.7311145,25,PD10297,PD010297,12AP-3,UG Transformer Bank,RSDS-128,38.91938541,-104.731468,25,20.3,40.0,same_feeder_ambiguous
1097193,,391152,22483,7,5,0,4,0.8,0.8,0.889,6,3,3,1.0,1613364441,2419 ANTICA CT,COLO SPGS,39.01149258,-104.7826618,12FH-13,-104.7826618,39.01149258,39.011495,-104.782652,0.9,False,,,,,,,,,UG129042,UG129042,12FH-13,UG Transformer Bank,RFHT-9,39.01147499,-104.7828291,25,,14.6,new_assignment
1003804,19691,19694,179,7,7,1,6,0.8571,0.7143,0.889,6,3,3,1.0,9987757318,8160 PIUTE RD LOT A78,COLO SPGS,38.71433311,-104.8277169,12JL-1,-104.8277169,38.71433311,38.714363,-104.827713,3.3,False,UG20992,UG020992,12JL-1,UG Transformer Bank,MLM-17,38.71438131,-104.8275678,50,UG20993,UG020993,12JL-1,UG Transformer Bank,MLM-16,38.71413623,-104.8279678,25,14.0,30.9,same_feeder_ambiguous
1093324,17670,17644,1154,7,7,1,6,0.8571,0.7143,0.889,6,3,3,1.0,7864061079,"5026 DERBY DR, MOBILE",COLO SPGS,38.79360352,-104.7347527,13KE-64,-104.7347527,38.79360352,38.793627,-104.734742,2.8,False,PD5708,PD005708,13KE-64,UG Transformer Bank,RMPS-41,38.79342952,-104.7346336,50,PD5706,PD005706,13KE-64,UG Transformer Bank,RMPS-40,38.79375907,-104.7346143,25,21.9,21.0,same_feeder_ambiguous
1003612,19695,19685,1227,7,7,1,6,0.8571,0.7143,0.889,6,3,3,1.0,5661532169,8160 PIUTE RD LOT A23,COLO SPGS,38.71406566,-104.8252973,12JL-1,-104.8252973,38.71406566,38.714638,-104.824786,77.6,False,UG21049,UG021049,12JL-1,UG Transformer Bank,MLM-23,38.71412045,-104.8253394,25,UG21050,UG021050,12JL-1,UG Transformer Bank,MLM-22,38.71467121,-104.824956,25,7.1,73.6,same_feeder_ambiguous
1029861,278085,278086,7952,7,7,1,6,0.8571,0.7143,0.889,6,3,3,1.0,6977092724,4664 PORTILLO PL,COLO SPGS,38.97634871,-104.7432505,12KC-42,-104.7432505,38.97634871,38.976342,-104.74324,1.2,False,PD101996,PD101996,12KC-44,UG Transformer Bank,RC3-4,38.97655352,-104.7428118,50,PD101997,PD101997,12KC-44,UG Transformer Bank,RC3-5,38.9766556,-104.7436542,50,44.2,48.8,same_feeder_ambiguous
1033813,109419,109114,8959,7,7,1,6,0.8571,0.7143,0.889,6,3,3,1.0,7679164206,"4579 SCARLET DR, LIGHTS",COLO SPGS,38.95330316,-104.7403646,13BG-3,-104.7403646,38.95330316,38.953316,-104.740308,5.1,False,PD21357,PD021357,13BG-3,UG Transformer Bank,RHS-13,38.95375951,-104.7403763,25,PD21358,PD021358,13BG-3,UG Transformer Bank,RHS-12,38.95340313,-104.740158,25,50.8,21.0,same_feeder_ambiguous
1081247,26260,26253,14072,7,7,1,6,0.8571,0.7143,0.889,6,3,3,1.0,7377834268,556 WELSH CIR,COLO SPGS,38.82437169,-104.7467521,12PV-2,-104.7467521,38.82437169,38.824382,-104.746744,1.3,False,PD8227,PD008227,12PV-2,UG Transformer Bank,RTRA-25,38.82413398,-104.7469147,25,PD8226,PD008226,12PV-2,UG Transformer Bank,RTRA-24,38.82434408,-104.7464803,25,30.0,23.7,same_feeder_ambiguous
1065967,128624,128625,15056,7,7,1,6,0.8571,0.7143,0.889,6,3,3,1.0,3148459934,"2334 CINNABAR RD, SPKG",COLO SPGS,39.03285815,-104.7831489,12FH-14,-104.7831489,39.03285815,39.032949,-104.783143,10.1,False,PD21859,PD021859,12FH-14,UG Transformer Bank,RFH7-25,39.0324336,-104.7826296,50,PD21858,PD021858,12FH-14,UG Transformer Bank,RFH7-26,39.03293473,-104.7835993,25,65.1,39.8,same_feeder_ambiguous
1277325,1785,1820,23523,7,7,1,6,0.8571,0.7143,0.889,6,3,3,1.0,3450032688,527 CANON AVE,MANITOU,38.86205828,-104.9168062,12HY-1,-104.9168062,38.86205828,38.862084,-104.916795,3.0,False,OH48324,OH048324,12HY-1,OH Transformer Bank,,38.86233814,-104.9167902,50,OH48319,OH048319,12HY-1,OH Transformer Bank,,38.86186474,-104.9167883,50,31.1,21.6,same_feeder_ambiguous
1142805,14125,25615,26219,7,7,1,6,0.8571,0.7143,0.889,6,3,3,1.0,6698817096,"1521 WOOTEN RD, CV",COLO SPGS,38.85488693,-104.7369326,13RI-11,-104.7369326,38.85488693,38.854853,-104.73666,23.9,False,UG4881,UG004881,13RI-11,UG Transformer Bank,RRH4-19,38.85476899,-104.7366158,25,UG4748,UG004748,13RI-11,UG Transformer Bank,RRH4-22,38.85536438,-104.7375338,25,30.4,74.4,same_feeder_ambiguous
1175048,143999,143998,37589,7,7,1,6,0.8571,0.7143,0.889,6,3,3,1.0,7570962022,1274 ETHEREAL CIR,COLO SPGS,38.8593157,-104.8508502,13Y-1,-104.8508502,38.8593157,38.859309,-104.85084,1.2,False,PD17600,PD017600,13Y-1,UG Transformer Bank,RALT-4,38.85944847,-104.850714,25,PD17626,PD017626,13Y-1,UG Transformer Bank,RALT-3,38.85920059,-104.8505691,25,18.9,27.5,same_feeder_ambiguous
1175511,13459,25417,37729,7,7,1,6,0.8571,0.7143,0.889,6,3,3,1.0,9906952241,1975 PASEO DEL ORO,COLO SPGS,38.8688271,-104.8635119,12FT-1,-104.8635119,38.8688271,38.868847,-104.863508,2.2,False,PD2075,PD002075,12FT-1,UG Transformer Bank,RLPS-4,38.86850638,-104.8633879,50,PD2074,PD002074,12FT-1,UG Transformer Bank,RLPS-3,38.86901188,-104.8633787,50,37.2,23.6,same_feeder_ambiguous
1225828,8040,23010,45490,7,7,1,6,0.8571,0.7143,0.889,6,3,3,1.0,7353077075,6866 SPROUL LN,COLO SPGS,38.9282836,-104.7802793,13CW-10,-104.7802793,38.9282836,38.928293,-104.780272,1.2,False,PD4497,PD004497,13CW-10,UG Transformer Bank,RCK-11,38.92901711,-104.7804933,25,PD4498,PD004498,13CW-10,UG Transformer Bank,RCK-13,38.92800391,-104.7805013,25,83.6,36.6,same_feeder_ambiguous
1273312,11600,11562,47690,7,7,1,6,0.8571,0.7143,0.889,6,3,3,1.0,7218995655,1203 GLEN HAVEN PT,COLO SPGS,38.8894957,-104.8506147,13HL-1,-104.8506147,38.8894957,38.889485,-104.850548,5.9,False,PD8933,PD008933,13HL-1,UG Transformer Bank,RCG-23,38.88959396,-104.8508848,25,PD8934,PD008934,13HL-1,UG Transformer Bank,RCG-24,38.8898749,-104.8509084,25,25.8,49.2,same_feeder_ambiguous
1282696,19370,27337,50909,7,7,1,6,0.8571,0.7143,0.889,6,3,3,1.0,6325551650,635 FERNGLEN CT,COLO SPGS,38.7637016,-104.8177542,12JL-1,-104.8177542,38.7637016,38.763717,-104.817741,2.1,False,PD12484,PD012484,12JL-1,UG Transformer Bank,RBMG-8,38.76388367,-104.81809,25,PD12483,PD012483,12JL-1,UG Transformer Bank,RBMG-7,38.76399167,-104.8175983,25,35.5,35.0,same_feeder_ambiguous
1310314,6044,49250,53381,7,7,1,6,0.8571,0.7143,0.889,6,3,3,1.0,6237567134,9120 MELBOURNE DR,COLO SPGS,38.9625681,-104.7692271,12KC-11,-104.7692271,38.9625681,38.96256,-104.769242,1.6,False,PD7912,PD007912,12KC-11,UG Transformer Bank,RSFD-66,38.96204595,-104.7697203,25,PD7702,PD007702,12KC-11,UG Transformer Bank,RSFD-76,38.96240046,-104.7689694,25,72.0,29.1,same_feeder_ambiguous
1013819,,453917,760,7,5,0,3,0.6,0.6,0.889,6,3,3,1.0,1959782114,2708 CRAMER HTS,COLO SPGS,38.87128554,-104.8500289,12FT-1,-104.8500289,38.87128554,38.871251,-104.850019,3.9,False,,,,,,,,,PD109533,PD109533,12FT-1,UG Transformer Bank,RPMC-4,38.87167563,-104.850306,25,,49.6,new_assignment
1133253,391151,391152,22483,7,5,1,4,0.8,0.6,0.889,6,3,3,1.0,3494089833,"2022 VENETO WAY, MAIL KIOSK",COLO SPGS,39.01031876,-104.7832502,12FH-13,-104.7832502,39.01031876,39.010344,-104.783293,4.6,False,UG129040,UG129040,12FH-13,UG Transformer Bank,RFHT-6,39.01049202,-104.7822861,50,UG129042,UG129042,12FH-13,UG Transformer Bank,RFHT-9,39.01147499,-104.7828291,25,85.5,133.6,same_feeder_ambiguous
1206445,2918,20994,31918,7,7,1,5,0.7143,0.5714,0.889,6,3,3,1.0,2742776404,212 S 21ST ST,COLO SPGS,38.84268039,-104.8583381,13FV-3,-104.8583381,38.84268039,38.842628,-104.85828,7.7,False,OH31011,OH031011,13FV-3,OH Transformer Bank,,38.84239877,-104.8580574,100,OH30456,OH030456,13FV-3,OH Transformer Bank,,38.84365344,-104.8594912,40,39.6,147.2,same_feeder_ambiguous
1281684,4979,27080,45315,7,7,1,5,0.7143,0.5714,0.889,6,3,3,1.0,2603130967,8 WEST POINT RD,COLO SPGS,38.78565238,-104.8625256,13BR-3,-104.8625256,38.78565238,38.785662,-104.862518,1.3,False,OH41088,OH041088,13BR-3,OH Transformer Bank,,38.78527932,-104.8636733,25,PD11564,PD011564,13BR-3,UG Transformer Bank,RKT-3,38.78534838,-104.8615256,75,107.8,93.0,same_feeder_ambiguous
1124725,1755,20257,27859,4,4,1,3,0.75,0.5,0.889,3,3,3,1.0,4953066616,911 W JEFFERSON ST,COLO SPGS,38.86260233,-104.839382,12FT-4,-104.839382,38.86260233,38.862637,-104.839372,4.0,False,OH2283,OH002283,12FT-4,OH Transformer Bank,,38.86251543,-104.8390947,10,OH2927,OH002927,12FT-4,OH Transformer Bank,,38.86247262,-104.8400212,15,26.7,57.2,same_feeder_ambiguous
1188850,4462,4479,40152,4,4,1,3,0.75,0.5,0.889,3,3,3,1.0,1189210108,113 CHEYENNE BLVD,COLO SPGS,38.80754346,-104.8296843,12SP-35,-104.8296843,38.80754346,38.807567,-104.829793,9.8,False,OH29660,OH029660,12SP-35,OH Transformer Bank,,38.80735408,-104.8296327,40,OH29653,OH029653,12SP-35,OH Transformer Bank,,38.80690149,-104.8305366,25,21.5,102.7,same_feeder_ambiguous
1233033,,415422,15516,12,7,0,4,0.5714,0.5714,0.879,11,3,3,1.0,377805458,9428 ROSEATE VW,COLO SPGS,38.96639209,-104.710257,13BG-2,-104.710257,38.96639209,38.966389,-104.710243,1.3,False,,,,,,,,,PD109366,PD109366,13BG-2,UG Transformer Bank,RRTD-5,38.96702967,-104.7101758,50,,71.2,new_assignment
1232955,,415422,15516,12,7,0,4,0.5714,0.5714,0.879,11,3,3,1.0,2293248542,9420 ROSEATE VW,COLO SPGS,38.96630552,-104.7101444,13BG-2,-104.7101444,38.96630552,38.966297,-104.710136,1.2,False,,,,,,,,,PD109366,PD109366,13BG-2,UG Transformer Bank,RRTD-5,38.96702967,-104.7101758,50,,80.6,new_assignment
1096703,,415422,15516,12,7,0,4,0.5714,0.5714,0.879,11,3,3,1.0,3070915785,9404 ROSEATE VW,COLO SPGS,38.96614168,-104.7099545,13BG-2,-104.7099545,38.96614168,38.966138,-104.709943,1.1,False,,,,,,,,,PD109366,PD109366,13BG-2,UG Transformer Bank,RRTD-5,38.96702967,-104.7101758,50,,100.6,new_assignment
1123073,13336,25391,27418,9,9,1,8,0.8889,0.7778,0.875,8,3,3,1.0,5219231219,1425 SEASONS GRV,COLO SPGS,38.87031406,-104.7971438,12PJ-1,-104.7971438,38.87031406,38.870315,-104.797158,1.2,False,UG11288,UG011288,12PJ-1,UG Transformer Bank,RTSP-2,38.87019416,-104.7978034,25,UG11287,UG011287,12PJ-1,UG Transformer Bank,RTSP-1,38.87053734,-104.7977276,50,58.6,56.3,same_feeder_ambiguous
1000526,,1517,4,11,10,0,10,1.0,1.0,0.867,10,3,3,1.0,9708787358,217 S WEBER ST APT 9,,38.82971874,-104.8195143,,-104.8195143,38.82971874,38.865583,-104.837926,4294.9,True,,,,,,,,,OH1984,OH001984,12FT-4,OH Transformer Bank,,38.86633315,-104.8384549,50,,4389.3,new_assignment
1109514,,536226,12954,6,4,0,4,1.0,1.0,0.867,5,3,3,1.0,7955046135,7846 TUSCAN SUN CT,COLO SPGS,38.94599261,-104.6839762,12FR-31,-104.6839762,38.94599261,38.945961,-104.684005,4.3,False,,,,,,,,,PD109554,PD109554,12FR-31,UG Transformer Bank,RAMS-13,38.94590281,-104.6838215,25,,16.7,new_assignment
1126397,2530,2467,27316,11,11,1,10,0.9091,0.8182,0.867,10,3,3,1.0,9096657736,802 E SAN MIGUEL ST,COLO SPGS,38.85179531,-104.809807,12PL-1,-104.809807,38.85179531,38.851823,-104.809789,3.5,False,OH12763,OH012763,12PL-1,OH Transformer Bank,,38.85099776,-104.8094951,75,OH12757,OH012757,12PJ-2,OH Transformer Bank,,38.85241896,-104.8094058,25,92.7,77.6,cross_feeder_likely_gis_error
1109953,27199,27192,4928,6,6,1,5,0.8333,0.6667,0.867,5,3,3,1.0,9893001300,2595 WOODDALE RD LOT 27,COLO SPGS,38.7750684,-104.7796322,12BY-31,-104.7796322,38.7750684,38.775404,-104.779389,42.9,False,UG10378,UG010378,12BY-31,UG Transformer Bank,MSMP-8,38.77506397,-104.7796781,25,UG10380,UG010380,12BY-31,UG Transformer Bank,MSMP-6,38.77557837,-104.7795074,25,4.0,57.7,same_feeder_ambiguous
1187689,3084,3113,39951,6,6,1,5,0.8333,0.6667,0.867,5,3,3,1.0,4328378213,406 COOPER AVE,COLO SPGS,38.83935818,-104.8350972,12FT-4,-104.8350972,38.83935818,38.839386,-104.835088,3.2,False,OH26058,OH026058,12FT-4,OH Transformer Bank,,38.83958301,-104.8353629,25,OH46404,OH046404,12FT-4,OH Transformer Bank,,38.83929936,-104.83544,25,34.0,30.4,same_feeder_ambiguous
1286318,9891,9815,48802,6,6,1,5,0.8333,0.6667,0.867,5,3,3,1.0,4352373956,"5411 PINON VALLEY RD, PHONE EQUIPMENT",COLO SPGS,38.90958666,-104.859425,12RM-4,-104.859425,38.90958666,38.909724,-104.858895,48.3,False,PD1349,PD001349,12RM-4,UG Transformer Bank,RPNV-14,38.9090568,-104.8594364,25,PD1343,PD001343,12WR-2,UG Transformer Bank,RPNV-55,38.91001674,-104.8598075,25,58.9,58.2,cross_feeder_likely_gis_error
1289307,17834,17849,50091,6,6,1,5,0.8333,0.6667,0.867,5,3,3,1.0,7579621640,"2961 TENDERFOOT HILL ST, SPKG",COLO SPGS,38.79133233,-104.8123271,13SG-2,-104.8123271,38.79133233,38.791331,-104.812426,8.6,False,PD11094,PD011094,13SG-2,UG Transformer Bank,RCMT-4,38.79138491,-104.8131292,25,PD11626,PD011626,13SG-2,UG Transformer Bank,RCMT-3,38.79127714,-104.8120911,25,69.8,21.4,same_feeder_ambiguous
1310394,100765,100766,53360,6,6,1,5,0.8333,0.6667,0.867,5,3,3,1.0,6290161575,"2421 PINE VALLEY VW, SPKG",COLO SPGS,38.96949661,-104.7820683,12KC-11,-104.7820683,38.96949661,38.969239,-104.782087,28.7,False,PD21004,PD021004,12KC-11,UG Transformer Bank,RWPC-2,38.96958005,-104.7825195,50,PD21003,PD021003,12KC-11,UG Transformer Bank,RWPC-4,38.9695583,-104.7810874,50,40.1,85.1,same_feeder_ambiguous
1134141,384796,384797,4359,11,11,2,9,0.8182,0.6364,0.867,10,3,3,1.0,4771109205,9654 LONE OAK LN,COLO SPGS,38.93449307,-104.6501773,12FR-32,-104.6501773,38.93449307,38.934474,-104.650131,4.5,False,PD107959,PD107959,12FR-32,UG Transformer Bank,RBLRB-2,38.93431215,-104.649769,50,PD107960,PD107960,12FR-32,UG Transformer Bank,RBLRB-3,38.93436553,-104.6505832,50,40.6,37.9,same_feeder_ambiguous
1062681,281923,281924,14693,6,5,1,4,0.8,0.6,0.867,5,3,3,1.0,7119535929,12934 CUPCAKE HTS,COLO SPGS,39.02076294,-104.7864547,12FH-12,-104.7864547,39.02076294,39.020679,-104.785597,74.7,False,PD102171,PD102171,12FH-12,UG Transformer Bank,RFH12-23,39.02092491,-104.7863376,50,PD102172,PD102172,12FH-12,UG Transformer Bank,RFH12-24,39.02041851,-104.7855879,25,20.7,84.1,same_feeder_ambiguous
1089682,47027,1800,13788,16,16,2,10,0.625,0.5,0.867,15,3,3,1.0,7230101343,"2006 PATRICIAN WAY, CV",COLO SPGS,38.86065158,-104.7761561,13RI-12,-104.7761561,38.86065158,38.860737,-104.776239,11.9,False,PD20535,PD020535,13RI-12,UG Transformer Bank,CWHSC-1,38.86074825,-104.7789309,25,OH11562,OH011562,13RI-12,OH Transformer Bank,,38.86129523,-104.7764444,75,240.5,75.8,same_feeder_ambiguous
1205564,47027,1800,13788,16,16,2,10,0.625,0.5,0.867,15,3,3,1.0,5001489674,"2020 PATRICIAN WAY, SPKGDM",COLO SPGS,38.86074238,-104.7788311,13RI-12,-104.7788311,38.86074238,38.860874,-104.777532,113.4,True,PD20535,PD020535,13RI-12,UG Transformer Bank,CWHSC-1,38.86074825,-104.7789309,25,OH11562,OH011562,13RI-12,OH Transformer Bank,,38.86129523,-104.7764444,75,8.7,215.6,same_feeder_ambiguous
1267906,8976,8949,2745,6,6,1,4,0.6667,0.5,0.867,5,3,3,1.0,5310953348,6085 TWIN ROCK CT,COLO SPGS,38.91995275,-104.7993586,13CW-10,-104.7993586,38.91995275,38.919988,-104.799356,3.9,False,UG7812,UG007812,13CW-10,UG Transformer Bank,RE-54,38.91987453,-104.7996025,25,UG7811,UG007811,13CW-10,UG Transformer Bank,RE-29,38.92013575,-104.7991765,25,22.8,25.7,same_feeder_ambiguous
1267905,9014,8949,2745,6,6,1,4,0.6667,0.5,0.867,5,3,3,1.0,6116893123,6115 LEMONWOOD DR,COLO SPGS,38.91969633,-104.7990337,13CW-10,-104.7990337,38.91969633,38.91973,-104.799032,3.7,False,UG7808,UG007808,13CW-10,UG Transformer Bank,RE-32,38.91937758,-104.7979867,25,UG7811,UG007811,13CW-10,UG Transformer Bank,RE-29,38.92013575,-104.7991765,25,97.3,50.4,same_feeder_ambiguous
1020099,23639,9317,5519,8,8,2,6,0.75,0.5,0.857,7,3,3,1.0,3500148554,5636 ALTITUDE DR,COLO SPGS,38.91552463,-104.737147,12AP-3,-104.737147,38.91552463,38.915553,-104.737119,4.0,False,PD15888,PD015888,12AP-3,UG Transformer Bank,RDR-71,38.91528297,-104.736922,25,PD15887,PD015887,12AP-3,UG Transformer Bank,RDR-70,38.91580862,-104.7369066,25,33.2,37.8,same_feeder_ambiguous
1027851,23639,9317,5519,8,8,2,6,0.75,0.5,0.857,7,3,3,1.0,50476132,5647 ALTITUDE DR,COLO SPGS,38.91548969,-104.7364713,12AP-3,-104.7364713,38.91548969,38.91552,-104.736519,5.3,False,PD15888,PD015888,12AP-3,UG Transformer Bank,RDR-71,38.91528297,-104.736922,25,PD15887,PD015887,12AP-3,UG Transformer Bank,RDR-70,38.91580862,-104.7369066,25,45.3,51.7,same_feeder_ambiguous
1303911,7120,7190,46866,10,10,1,9,0.9,0.8,0.852,9,3,3,1.0,6526366762,1864 WHITEHORN DR W,COLO SPGS,38.94180916,-104.792496,13CW-1,-104.792496,38.94180916,38.941839,-104.792487,3.4,False,PD2842,PD002842,13CW-1,UG Transformer Bank,RBGT-60,38.94220667,-104.7927185,25,PD2841,PD002841,13CW-1,UG Transformer Bank,RBGT-58,38.94126624,-104.7927236,25,48.2,63.5,same_feeder_ambiguous
1005593,1019,345275,1920,12,12,1,10,0.8333,0.75,0.848,11,3,3,1.0,1662486906,3600 N CASCADE AVE LOT 40,COLO SPGS,38.88392413,-104.8228538,13NP-4,-104.8228538,38.88392413,38.884019,-104.82285,10.6,False,OH9393,OH009393,13NP-4,OH Transformer Bank,,38.88404293,-104.8232819,25,OH9398,OH009398,13NP-4,OH Transformer Bank,,38.88381581,-104.8233746,25,39.3,46.7,same_feeder_ambiguous
1048004,349595,349596,11918,9,9,1,8,0.8889,0.7778,0.833,8,3,3,1.0,4948301020,6706 BACKCOUNTRY LOOP,COLO SPGS,38.92886171,-104.6529416,12FR-32,-104.6529416,38.92886171,38.928827,-104.652931,4.0,False,PD104818,PD104818,12FR-32,UG Transformer Bank,RBLR-373,38.92906736,-104.6531,25,PD104816,PD104816,12FR-32,UG Transformer Bank,RBLR-372,38.92861566,-104.6533006,25,26.7,41.4,same_feeder_ambiguous
1092288,25421,13474,21296,9,9,1,8,0.8889,0.7778,0.833,8,3,3,1.0,7084839220,2480 DUFFIELD DR,COLO SPGS,38.86774296,-104.7104324,13PR-4,-104.7104324,38.86774296,38.867759,-104.710347,7.6,False,PD11948,PD011948,13PR-4,UG Transformer Bank,RCHO-92,38.86776659,-104.709564,50,PD11947,PD011947,13PR-4,UG Transformer Bank,RCHO-93,38.86726938,-104.7099718,25,75.2,66.1,same_feeder_ambiguous
1115883,25381,25384,26382,5,5,1,4,0.8,0.6,0.833,4,3,3,1.0,4070291006,4255 LOCH LOMOND LN,COLO SPGS,38.87075154,-104.7487182,13RI-9,-104.7487182,38.87075154,38.870781,-104.748702,3.6,False,UG8296,UG008296,13RI-9,UG Transformer Bank,RMM-24,38.87068736,-104.748278,15,UG8471,UG008471,13RI-9,UG Transformer Bank,RMM-23,38.87066265,-104.7487276,25,38.8,9.9,same_feeder_ambiguous
1202279,18218,18255,36400,5,5,1,4,0.8,0.6,0.833,4,3,3,1.0,2175054318,3275 BLUE MOUNTAIN WAY,COLO SPGS,38.78434848,-104.8154137,13SG-3,-104.8154137,38.78434848,38.784385,-104.815414,4.1,False,UG20838,UG020838,13SG-3,UG Transformer Bank,RMJB-52,38.78442664,-104.8147955,25,UG20843,UG020843,13SG-3,UG Transformer Bank,RMJB-58,38.78398093,-104.8154251,25,54.3,40.9,same_feeder_ambiguous
1298072,7742,7693,51992,5,5,1,4,0.8,0.6,0.833,4,3,3,1.0,4365611327,7105 DARK HORSE PL,COLO SPGS,38.93299793,-104.8440824,12WN-22,-104.8440824,38.93299793,38.933023,-104.844073,2.9,False,UG1387,UG001387,12WN-22,UG Transformer Bank,RCOM-49,38.93270084,-104.8440736,25,UG1386,UG001386,12WN-22,UG Transformer Bank,RCOM-54,38.93319301,-104.843724,25,33.0,37.8,same_feeder_ambiguous
1034187,294076,309758,8914,9,9,2,7,0.7778,0.5556,0.833,8,3,3,1.0,5790989931,10816 ECHO CANYON DR,COLO SPGS,38.98794359,-104.7600305,12KC-12,-104.7600305,38.98794359,38.987909,-104.76002,4.0,False,PD102627,PD102627,12KC-12,UG Transformer Bank,RNFB1-4,38.9871548,-104.7598466,50,PD103047,PD103047,12KC-12,UG Transformer Bank,RNFB2-2,38.98811288,-104.7598303,50,89.1,25.6,same_feeder_ambiguous
1034188,294076,309758,8914,9,9,2,7,0.7778,0.5556,0.833,8,3,3,1.0,9480646318,10804 ECHO CANYON DR,COLO SPGS,38.98777921,-104.760089,12KC-12,-104.760089,38.98777921,38.987771,-104.760022,5.9,False,PD102627,PD102627,12KC-12,UG Transformer Bank,RNFB1-4,38.9871548,-104.7598466,50,PD103047,PD103047,12KC-12,UG Transformer Bank,RNFB2-2,38.98811288,-104.7598303,50,72.5,43.3,same_feeder_ambiguous
1059182,375500,375499,12830,12,12,1,11,0.9167,0.8333,0.818,11,3,3,1.0,3087751506,5926 CARRICK LN,COLO SPGS,38.91825102,-104.6567521,12FR-32,-104.6567521,38.91825102,38.918244,-104.656742,1.2,False,PD106283,PD106283,12FR-32,UG Transformer Bank,RBL34-2,38.91842646,-104.6561872,50,PD106282,PD106282,12FR-32,UG Transformer Bank,RBL34-1,38.91776877,-104.6566299,50,52.6,54.7,same_feeder_ambiguous
1180891,26413,16379,30601,12,12,1,7,0.5833,0.5,0.818,11,3,3,1.0,5123554852,3340 ORION DR,COLO SPGS,38.81670164,-104.8811157,12SP-34,-104.8811157,38.81670164,38.816695,-104.881106,1.1,False,PD15935,PD015935,12SP-34,UG Transformer Bank,RSP-139,38.81633196,-104.8810256,10,PD10864,PD010864,12SP-34,UG Transformer Bank,RSP-115,38.81672436,-104.8801138,75,41.8,86.8,same_feeder_ambiguous
1181210,16378,16379,30601,12,12,1,7,0.5833,0.5,0.818,11,3,3,1.0,6302514991,3375 ORION DR,COLO SPGS,38.81701698,-104.8793864,12SP-34,-104.8793864,38.81701698,38.816814,-104.879369,22.6,False,PD10863,PD010863,12SP-34,UG Transformer Bank,RSP-131,38.8167167,-104.8785716,25,PD10864,PD010864,12SP-34,UG Transformer Bank,RSP-115,38.81672436,-104.8801138,75,78.1,70.9,same_feeder_ambiguous
1227729,8112,22990,3683,8,8,1,7,0.875,0.75,0.81,7,3,3,1.0,1303085741,3655 ARBORVIEW CT,COLO SPGS,38.92785224,-104.7601048,12AP-1,-104.7601048,38.92785224,38.927862,-104.760097,1.3,False,PD8820,PD008820,12AP-1,UG Transformer Bank,RGB-55,38.92805727,-104.75962,50,PD8819,PD008819,12AP-1,UG Transformer Bank,RGB-56,38.92816716,-104.7603918,25,47.7,42.9,same_feeder_ambiguous
1033564,350075,349900,8919,8,8,1,7,0.875,0.75,0.81,7,3,3,1.0,3729736736,3285 BRIGHT MOON DR,COLO SPGS,38.99297333,-104.765235,12KC-12,-104.765235,38.99297333,38.992966,-104.765224,1.3,False,PD104606,PD104606,12KC-12,UG Transformer Bank,RNFB-31,38.99346931,-104.7647736,25,PD104605,PD104605,12KC-12,UG Transformer Bank,RNFB-30,38.99281687,-104.7659917,25,68.1,67.7,same_feeder_ambiguous
1040942,34530,23353,10324,8,8,1,7,0.875,0.75,0.81,7,3,3,1.0,8271389090,"6052 MORSE BLUFF DR, SPKG",COLO SPGS,38.92127241,-104.7160024,12BG-24,-104.7160024,38.92127241,38.921266,-104.715992,1.1,False,PD14230,PD014230,12BG-24,UG Transformer Bank,RRV-253,38.92162519,-104.7157806,25,PD13746,PD013746,12BG-24,UG Transformer Bank,RRV-211,38.92084122,-104.7165125,25,43.7,65.2,same_feeder_ambiguous
1042947,237757,237755,10720,8,8,1,7,0.875,0.75,0.81,7,3,3,1.0,7311610662,"7687 RENEGADE HILL DR, SPKG",COLO SPGS,38.91962412,-104.6841153,12ST-2,-104.6841153,38.91962412,38.919617,-104.684105,1.2,False,PD100377,PD100377,12ST-2,UG Transformer Bank,RIR-296,38.91982244,-104.6843577,50,PD100375,PD100375,12ST-2,UG Transformer Bank,RIR-294,38.9189366,-104.6840162,50,30.4,76.9,same_feeder_ambiguous
1091065,18320,18357,20890,8,8,1,7,0.875,0.75,0.81,7,3,3,1.0,1058210567,4555 SUNNYHILL DR,COLO SPGS,38.78237391,-104.7438798,13KE-73,-104.7438798,38.78237391,38.782402,-104.743867,3.3,False,PD7421,PD007421,13KE-73,UG Transformer Bank,RFH-35,38.78271988,-104.7439391,25,PD7422,PD007422,13KE-73,UG Transformer Bank,RFH-36,38.78227046,-104.743488,25,38.8,35.9,same_feeder_ambiguous
1124384,2431,2452,22499,8,8,1,7,0.875,0.75,0.81,7,3,3,1.0,4070344527,1319 COOPER AVE,COLO SPGS,38.85290979,-104.8346444,12FT-4,-104.8346444,38.85290979,38.852938,-104.834634,3.3,False,OH2542,OH002542,12FT-4,OH Transformer Bank,,38.85312962,-104.8343602,25,OH25148,OH025148,12FT-4,OH Transformer Bank,,38.85280234,-104.8339239,25,34.7,63.5,same_feeder_ambiguous
1227891,23426,23362,44460,8,8,1,6,0.75,0.625,0.81,7,3,3,1.0,3734129752,6060 RANGELAND PL,COLO SPGS,38.92046115,-104.7590898,12AP-3,-104.7590898,38.92046115,38.920451,-104.759061,2.7,False,PD10496,PD010496,12AP-3,UG Transformer Bank,RN-132,38.92007543,-104.7588744,25,PD10495,PD010495,12AP-3,UG Transformer Bank,RN-133,38.92072025,-104.7588772,25,46.8,34.2,same_feeder_ambiguous
1114527,365212,345275,1920,12,12,1,10,0.8333,0.75,0.788,11,3,3,1.0,3146756702,"3199 TEARDROP CIR, BROADBAND",COLO SPGS,38.87762401,-104.7330966,13PR-3,-104.7330966,38.87762401,38.883612,-104.823355,7841.1,True,PD104570,PD104570,13PR-3,UG Transformer Bank,CMSS-2,38.87773386,-104.7339246,25,OH9398,OH009398,13NP-4,OH Transformer Bank,,38.88381581,-104.8233746,25,72.7,7844.8,cross_feeder_likely_gis_error
1039152,265622,265623,7447,13,13,2,11,0.8462,0.6923,0.778,12,3,3,1.0,5506472529,9135 ARGENTINE PASS TRL,COLO SPGS,38.96372491,-104.7313157,13BG-4,-104.7313157,38.96372491,38.963663,-104.731306,6.9,False,PD101329,PD101329,13BG-4,UG Transformer Bank,RC1-71,38.96386591,-104.7315759,50,PD101328,PD101328,13BG-4,UG Transformer Bank,RC1-70,38.96429771,-104.7311828,50,27.4,64.7,same_feeder_ambiguous
1046778,265622,265623,7447,13,13,2,11,0.8462,0.6923,0.778,12,3,3,1.0,4237453892,,,38.96407281,-104.731703,13BG-4,-104.731703,38.96407281,38.964011,-104.731693,6.9,False,PD101329,PD101329,13BG-4,UG Transformer Bank,RC1-71,38.96386591,-104.7315759,50,PD101328,PD101328,13BG-4,UG Transformer Bank,RC1-70,38.96429771,-104.7311828,50,25.5,51.5,same_feeder_ambiguous
1150375,25711,14337,25632,4,4,1,3,0.75,0.5,0.778,3,3,3,1.0,6602272518,"1341 N ACADEMY BLVD, LIGHTS",COLO SPGS,38.85230604,-104.7558456,13RI-11,-104.7558456,38.85230604,38.851974,-104.755776,37.4,False,PD8010,PD008010,13RI-11,UG Transformer Bank,SRHP-27,38.85243725,-104.7556224,150,PD2919,PD002919,13RI-11,UG Transformer Bank,SRHP-26,38.85174403,-104.7555022,75,24.2,69.2,same_feeder_ambiguous
1001986,,383756,762,11,10,0,10,1.0,1.0,0.767,10,3,3,1.0,4988626616,8435 COMMANCHE RD,,38.7098228,-104.8267694,,-104.8267694,38.7098228,38.962763,-104.756167,28782.8,True,,,,,,,,,PD21737,PD021737,13BG-3,UG Transformer Bank,CPAB-3,38.96272599,-104.7564088,50,,28774.3,new_assignment
1022901,11012,11017,3285,9,9,1,8,0.8889,0.7778,0.75,8,3,3,1.0,3990262103,5240 SOLAR RIDGE DR,COLO SPGS,38.89611673,-104.729503,12AP-2,-104.729503,38.89611673,38.89611,-104.729538,3.1,False,PD4388,PD004388,12AP-2,UG Transformer Bank,RSRS-7,38.89591929,-104.7297565,50,PD15051,PD015051,12AP-2,UG Transformer Bank,RSRS-8,38.8959474,-104.7290793,50,31.0,41.2,same_feeder_ambiguous
1113784,14298,25736,19226,9,9,1,8,0.8889,0.7778,0.75,8,3,3,1.0,9913853107,,,38.85207659,-104.7359488,13PV-3,-104.7359488,38.85207659,38.85207,-104.735939,1.1,False,UG5041,UG005041,13PV-3,UG Transformer Bank,RRH5-6,38.85206585,-104.7360764,50,PD3106,PD003106,13PV-3,UG Transformer Bank,RRH-1,38.85133154,-104.735627,25,11.1,87.4,same_feeder_ambiguous
1001786,19782,227,635,6,6,1,5,0.8333,0.6667,0.733,5,3,3,1.0,5191895476,10880 OLATHE ST,GN MTN FLS,38.93702233,-105.0212845,12GM-4,-105.0212845,38.93702233,38.93706,-105.021609,28.4,False,OH49068,OH049068,12GM-4,OH Transformer Bank,,38.93696805,-105.0209354,50,OH49066,OH049066,12GM-4,OH Transformer Bank,,38.93687626,-105.0219724,25,30.8,61.7,same_feeder_ambiguous
1285856,8973,9097,47558,6,6,1,5,0.8333,0.6667,0.733,5,3,3,1.0,3812851351,"5984 RIM RIDGE CT, CV",COLO SPGS,38.91917286,-104.7936299,13CW-10,-104.7936299,38.91917286,38.919167,-104.79362,1.1,False,UG7856,UG007856,13CW-10,UG Transformer Bank,RE-112,38.91979063,-104.7933234,25,PD8039,PD008039,13CW-10,UG Transformer Bank,RE-110,38.91888051,-104.793468,25,73.6,35.4,same_feeder_ambiguous
1142968,123507,24149,31529,8,8,1,7,0.875,0.75,0.714,7,3,3,1.0,3734075458,"5026 N ACADEMY BLVD, PHONE EQUIP",COLO SPGS,38.90381525,-104.774479,12WN-23,-104.774479,38.90381525,38.903818,-104.774476,0.4,False,PD21592,PD021592,12WN-23,UG Transformer Bank,CCOFF-1,38.90387705,-104.7751072,10,UG7470,UG007470,13CW-12,UG Transformer Bank,RGRE-34,38.90346978,-104.773845,25,54.8,67.0,cross_feeder_likely_gis_error
1276944,20314,20328,46747,8,8,2,6,0.75,0.5,0.714,7,3,3,1.0,9551194044,55 GRAND AVE,MANITOU,38.86081628,-104.9199452,12HY-1,-104.9199452,38.86081628,38.860755,-104.919936,6.9,False,OH45822,OH045822,12HY-1,OH Transformer Bank,,38.86088677,-104.9196854,25,OH45818,OH045818,12HY-1,OH Transformer Bank,,38.86040719,-104.919517,50,23.8,58.7,same_feeder_ambiguous
1276941,20314,20328,46747,8,8,2,6,0.75,0.5,0.714,7,3,3,1.0,6502739158,53 GRAND AVE,MANITOU,38.86078883,-104.9199454,12HY-1,-104.9199454,38.86078883,38.860755,-104.919936,3.8,False,OH45822,OH045822,12HY-1,OH Transformer Bank,,38.86088677,-104.9196854,25,OH45818,OH045818,12HY-1,OH Transformer Bank,,38.86040719,-104.919517,50,25.0,56.4,same_feeder_ambiguous
1128856,11940,11955,12263,10,10,1,9,0.9,0.8,0.704,9,3,3,1.0,9351242599,5305 WHIP TRL,COLO SPGS,38.88583713,-104.7330928,13PR-3,-104.7330928,38.88583713,38.885847,-104.733085,1.3,False,PD7767,PD007767,13PR-3,UG Transformer Bank,RTHS-166,38.88566173,-104.7336333,25,PD7768,PD007768,13PR-3,UG Transformer Bank,RTHS-165,38.88549905,-104.7328804,25,50.7,41.8,same_feeder_ambiguous
1209502,10226,15032,22488,10,10,1,7,0.7,0.6,0.704,9,3,3,1.0,6808744288,5000 NORTHPARK DR,COLO SPGS,38.90495888,-104.8257933,12WN-3,-104.8257933,38.90495888,38.842933,-104.84157,7030.9,True,UG3361,UG003361,12WN-3,UG Transformer Bank,FCN-46,38.90471847,-104.8258311,25,PD10642,PD010642,13Y-1,UG Transformer Bank,RLE-3,38.84309412,-104.8410887,50,26.9,7005.3,cross_feeder_likely_gis_error
