BADGE,CURRENT_TRANSFORMER,RECOMMENDED_TRANSFORMER,CLUSTER,CLUSTER_SIZE,MAPPED_PEERS,CURRENT_VOTES,MAJORITY_VOTES,MAJORITY_SHARE,CONFIDENCE_GAP,PEER_STABILITY,PEERS_CONSIDERED,TIMES_RECOMMENDED,BADGE_N_RUNS,RECOMMENDATION_STABILITY
1054068,,390898,167,21,19,0,19,1.0,1.0,1.0,20,3,3,1.0
1054071,,390898,167,21,19,0,19,1.0,1.0,1.0,20,3,3,1.0
1135838,,396222,22276,12,11,0,11,1.0,1.0,1.0,11,3,3,1.0
1265551,,376736,6720,11,10,0,10,1.0,1.0,1.0,10,3,3,1.0
1257374,,6059,29890,11,10,0,10,1.0,1.0,1.0,10,3,3,1.0
1257558,,23110,45881,11,10,0,10,1.0,1.0,1.0,10,3,3,1.0
1256910,,344290,13258,10,9,0,9,1.0,1.0,1.0,9,3,3,1.0
1257657,,153917,14515,10,9,0,9,1.0,1.0,1.0,9,3,3,1.0
1257372,,79965,2980,9,8,0,8,1.0,1.0,1.0,8,3,3,1.0
1257371,,444305,3171,10,8,0,8,1.0,1.0,1.0,9,3,3,1.0
1257369,,444305,3171,10,8,0,8,1.0,1.0,1.0,9,3,3,1.0
1030513,,2516,8119,9,8,0,8,1.0,1.0,1.0,8,3,3,1.0
1257379,,430001,14931,9,8,0,8,1.0,1.0,1.0,8,3,3,1.0
1257453,,27371,17515,9,8,0,8,1.0,1.0,1.0,8,3,3,1.0
1115523,,3004,26333,9,8,0,8,1.0,1.0,1.0,8,3,3,1.0
1232493,,473122,26767,9,8,0,8,1.0,1.0,1.0,8,3,3,1.0
1257363,,24763,3519,8,7,0,7,1.0,1.0,1.0,7,3,3,1.0
1112173,,506653,4286,8,7,0,7,1.0,1.0,1.0,7,3,3,1.0
1145044,,477906,9039,8,7,0,7,1.0,1.0,1.0,7,3,3,1.0
1232465,,525844,10033,8,7,0,7,1.0,1.0,1.0,7,3,3,1.0
1257649,,161599,15209,8,7,0,7,1.0,1.0,1.0,7,3,3,1.0
1082158,,20106,19184,8,7,0,7,1.0,1.0,1.0,7,3,3,1.0
1232497,,444308,22687,8,7,0,7,1.0,1.0,1.0,7,3,3,1.0
1232503,,536187,22715,10,7,0,7,1.0,1.0,1.0,9,3,3,1.0
1232964,,536187,22715,10,7,0,7,1.0,1.0,1.0,9,3,3,1.0
1232555,,536187,22715,10,7,0,7,1.0,1.0,1.0,9,3,3,1.0
1132422,,54370,30044,8,7,0,7,1.0,1.0,1.0,7,3,3,1.0
1209985,,3278,36075,8,7,0,7,1.0,1.0,1.0,7,3,3,1.0
1000795,,383756,175,7,6,0,6,1.0,1.0,1.0,6,3,3,1.0
1008085,,6229,2611,7,6,0,6,1.0,1.0,1.0,6,3,3,1.0
1232532,,506639,2781,7,6,0,6,1.0,1.0,1.0,6,3,3,1.0
1013016,,194556,3784,7,6,0,6,1.0,1.0,1.0,6,3,3,1.0
1037179,,384088,4578,7,6,0,6,1.0,1.0,1.0,6,3,3,1.0
1031540,,85727,8395,7,6,0,6,1.0,1.0,1.0,6,3,3,1.0
1127228,,530639,8962,7,6,0,6,1.0,1.0,1.0,6,3,3,1.0
1045709,,23142,11509,7,6,0,6,1.0,1.0,1.0,6,3,3,1.0
1281577,,449046,12983,7,6,0,6,1.0,1.0,1.0,6,3,3,1.0
1088265,,487549,19474,8,6,0,6,1.0,1.0,1.0,7,3,3,1.0
1225733,,487549,19474,8,6,0,6,1.0,1.0,1.0,7,3,3,1.0
1257422,,17101,21626,7,6,0,6,1.0,1.0,1.0,6,3,3,1.0
1097208,,536190,22694,8,6,0,6,1.0,1.0,1.0,7,3,3,1.0
1097145,,536190,22694,8,6,0,6,1.0,1.0,1.0,7,3,3,1.0
1179888,,477901,22705,7,6,0,6,1.0,1.0,1.0,6,3,3,1.0
1232533,,389930,22738,7,6,0,6,1.0,1.0,1.0,6,3,3,1.0
1257693,,177915,25022,7,6,0,6,1.0,1.0,1.0,6,3,3,1.0
1275777,,349965,28518,7,6,0,6,1.0,1.0,1.0,6,3,3,1.0
1232538,,536367,31753,7,6,0,6,1.0,1.0,1.0,6,3,3,1.0
1143192,,20157,32363,7,6,0,6,1.0,1.0,1.0,6,3,3,1.0
1265550,,384443,2360,6,5,0,5,1.0,1.0,1.0,5,3,3,1.0
1044086,,535970,3622,6,5,0,5,1.0,1.0,1.0,5,3,3,1.0
1285307,,378461,4677,6,5,0,5,1.0,1.0,1.0,5,3,3,1.0
1232979,,384663,5042,6,5,0,5,1.0,1.0,1.0,5,3,3,1.0
1152875,,7010,8451,6,5,0,5,1.0,1.0,1.0,5,3,3,1.0
1125482,,444304,9552,6,5,0,5,1.0,1.0,1.0,5,3,3,1.0
1037817,,13491,9840,6,5,0,5,1.0,1.0,1.0,5,3,3,1.0
1137848,,139208,10986,6,5,0,5,1.0,1.0,1.0,5,3,3,1.0
1232529,,506690,13062,6,5,0,5,1.0,1.0,1.0,5,3,3,1.0
1059721,,4744,13891,6,5,0,5,1.0,1.0,1.0,5,3,3,1.0
1137183,,3488,19308,6,5,0,5,1.0,1.0,1.0,5,3,3,1.0
1278656,,16010,19797,6,5,0,5,1.0,1.0,1.0,5,3,3,1.0
1090429,,20961,20599,6,5,0,5,1.0,1.0,1.0,5,3,3,1.0
1232488,,536372,22690,6,5,0,5,1.0,1.0,1.0,5,3,3,1.0
1232467,,497070,26787,6,5,0,5,1.0,1.0,1.0,5,3,3,1.0
1257655,,3369,31015,6,5,0,5,1.0,1.0,1.0,5,3,3,1.0
1257361,,640,46334,6,5,0,5,1.0,1.0,1.0,5,3,3,1.0
1232961,,535978,46462,7,5,0,5,1.0,1.0,1.0,6,3,3,1.0
1232942,,535978,46462,7,5,0,5,1.0,1.0,1.0,6,3,3,1.0
1257706,,23720,12773,5,4,0,4,1.0,1.0,1.0,4,3,3,1.0
1066542,,4753,15193,5,4,0,4,1.0,1.0,1.0,4,3,3,1.0
1097161,,537121,16117,6,4,0,4,1.0,1.0,1.0,5,3,3,1.0
1233002,,537121,16117,6,4,0,4,1.0,1.0,1.0,5,3,3,1.0
1247846,,14575,21056,5,4,0,4,1.0,1.0,1.0,4,3,3,1.0
1232993,,536699,22546,6,4,0,4,1.0,1.0,1.0,5,3,3,1.0
1096654,,536699,22546,6,4,0,4,1.0,1.0,1.0,5,3,3,1.0
1135830,,2641,31232,5,4,0,4,1.0,1.0,1.0,4,3,3,1.0
1150133,,21399,32951,5,4,0,4,1.0,1.0,1.0,4,3,3,1.0
1257426,,20603,38215,5,4,0,4,1.0,1.0,1.0,4,3,3,1.0
1187454,,3296,39995,5,4,0,4,1.0,1.0,1.0,4,3,3,1.0
1240541,,536734,46566,6,4,0,4,1.0,1.0,1.0,5,3,3,1.0
1299377,,536734,46566,6,4,0,4,1.0,1.0,1.0,5,3,3,1.0
1233026,,525843,4553,8,3,0,3,1.0,1.0,1.0,7,3,3,1.0
1014074,,525843,4553,8,3,0,3,1.0,1.0,1.0,7,3,3,1.0
1097172,,525843,4553,8,3,0,3,1.0,1.0,1.0,7,3,3,1.0
1233018,,525843,4553,8,3,0,3,1.0,1.0,1.0,7,3,3,1.0
1096704,,525843,4553,8,3,0,3,1.0,1.0,1.0,7,3,3,1.0
1020798,,1358,5695,4,3,0,3,1.0,1.0,1.0,3,3,3,1.0
1069017,,20540,15753,4,3,0,3,1.0,1.0,1.0,3,3,3,1.0
1084087,,27284,19861,4,3,0,3,1.0,1.0,1.0,3,3,3,1.0
1232476,,391276,22704,4,3,0,3,1.0,1.0,1.0,3,3,3,1.0
1232552,,535483,26769,5,3,0,3,1.0,1.0,1.0,4,3,3,1.0
1232505,,535483,26769,5,3,0,3,1.0,1.0,1.0,4,3,3,1.0
1257661,,536189,30602,6,3,0,3,1.0,1.0,1.0,5,3,3,1.0
1133665,,536189,30602,6,3,0,3,1.0,1.0,1.0,5,3,3,1.0
1257366,,536189,30602,6,3,0,3,1.0,1.0,1.0,5,3,3,1.0
1149577,,10559,33679,4,3,0,3,1.0,1.0,1.0,3,3,3,1.0
1257440,,21487,40426,4,3,0,3,1.0,1.0,1.0,3,3,3,1.0
1257626,,20302,46876,4,3,0,3,1.0,1.0,1.0,3,3,3,1.0
1280972,,428,697,3,2,0,2,1.0,1.0,1.0,2,3,3,1.0
1060426,,26961,14154,3,2,0,2,1.0,1.0,1.0,2,3,3,1.0
1130929,,62688,17406,3,2,0,2,1.0,1.0,1.0,2,3,3,1.0
1074805,,4623,17485,3,2,0,2,1.0,1.0,1.0,2,3,3,1.0
1233022,,535995,26775,3,2,0,2,1.0,1.0,1.0,2,3,3,1.0
1257430,,17057,29372,3,2,0,2,1.0,1.0,1.0,2,3,3,1.0
1233901,,873,41071,3,2,0,2,1.0,1.0,1.0,2,3,3,1.0
1232956,,391281,46465,4,2,0,2,1.0,1.0,1.0,3,3,3,1.0
1232953,,391281,46465,4,2,0,2,1.0,1.0,1.0,3,3,3,1.0
1000524,,3771,3,2,1,0,1,1.0,1.0,1.0,1,3,3,1.0
1000972,,725,271,2,1,0,1,1.0,1.0,1.0,1,3,3,1.0
1011278,,364699,880,2,1,0,1,1.0,1.0,1.0,1,3,3,1.0
1007679,,120619,2501,2,1,0,1,1.0,1.0,1.0,1,3,3,1.0
1007953,,25375,2582,2,1,0,1,1.0,1.0,1.0,1,3,3,1.0
1008423,,1697,2682,2,1,0,1,1.0,1.0,1.0,1,3,3,1.0
1012567,,3292,3734,2,1,0,1,1.0,1.0,1.0,1,3,3,1.0
1023321,,4,6357,2,1,0,1,1.0,1.0,1.0,1,3,3,1.0
1037460,,328317,9771,2,1,0,1,1.0,1.0,1.0,1,3,3,1.0
1043508,,10378,11098,2,1,0,1,1.0,1.0,1.0,1,3,3,1.0
1137991,,344171,13614,3,1,0,1,1.0,1.0,1.0,2,3,3,1.0
1137993,,344171,13614,3,1,0,1,1.0,1.0,1.0,2,3,3,1.0
1062586,,1532,14662,2,1,0,1,1.0,1.0,1.0,1,3,3,1.0
1073864,,23032,17240,2,1,0,1,1.0,1.0,1.0,1,3,3,1.0
1097547,,130219,21198,2,1,0,1,1.0,1.0,1.0,1,3,3,1.0
1257411,,11934,29720,2,1,0,1,1.0,1.0,1.0,1,3,3,1.0
1133354,,473024,30431,2,1,0,1,1.0,1.0,1.0,1,3,3,1.0
1133393,,21114,30449,2,1,0,1,1.0,1.0,1.0,1,3,3,1.0
1248301,,248004,30627,2,1,0,1,1.0,1.0,1.0,1,3,3,1.0
1142917,,11602,30823,2,1,0,1,1.0,1.0,1.0,1,3,3,1.0
1164441,,3667,35727,2,1,0,1,1.0,1.0,1.0,1,3,3,1.0
1169183,,20955,36774,2,1,0,1,1.0,1.0,1.0,1,3,3,1.0
1187889,,21516,40065,2,1,0,1,1.0,1.0,1.0,1,3,3,1.0
1257455,,14008,46492,2,1,0,1,1.0,1.0,1.0,1,3,3,1.0
1257712,,7913,46509,2,1,0,1,1.0,1.0,1.0,1,3,3,1.0
1253760,,14484,46511,2,1,0,1,1.0,1.0,1.0,1,3,3,1.0
1257447,,1086,46512,2,1,0,1,1.0,1.0,1.0,1,3,3,1.0
1257444,,24984,46522,2,1,0,1,1.0,1.0,1.0,1,3,3,1.0
1256892,,7691,46824,2,1,0,1,1.0,1.0,1.0,1,3,3,1.0
1257367,,258564,46831,2,1,0,1,1.0,1.0,1.0,1,3,3,1.0
1257370,,11985,46833,2,1,0,1,1.0,1.0,1.0,1,3,3,1.0
1257409,,22735,46837,2,1,0,1,1.0,1.0,1.0,1,3,3,1.0
1257410,,23433,46838,2,1,0,1,1.0,1.0,1.0,1,3,3,1.0
1257413,,5051,46840,2,1,0,1,1.0,1.0,1.0,1,3,3,1.0
1257414,,264325,46841,2,1,0,1,1.0,1.0,1.0,1,3,3,1.0
1257418,,27159,46842,2,1,0,1,1.0,1.0,1.0,1,3,3,1.0
1257419,,4489,46843,2,1,0,1,1.0,1.0,1.0,1,3,3,1.0
1257424,,25542,46845,2,1,0,1,1.0,1.0,1.0,1,3,3,1.0
1257443,,26678,46848,2,1,0,1,1.0,1.0,1.0,1,3,3,1.0
1257445,,16576,46849,2,1,0,1,1.0,1.0,1.0,1,3,3,1.0
1257454,,5210,46853,2,1,0,1,1.0,1.0,1.0,1,3,3,1.0
1257557,,4830,46856,2,1,0,1,1.0,1.0,1.0,1,3,3,1.0
1257569,,377629,46860,2,1,0,1,1.0,1.0,1.0,1,3,3,1.0
1257596,,476,46867,2,1,0,1,1.0,1.0,1.0,1,3,3,1.0
1257651,,6101,46881,2,1,0,1,1.0,1.0,1.0,1,3,3,1.0
1257653,,14180,46882,2,1,0,1,1.0,1.0,1.0,1,3,3,1.0
1093931,18332,18361,21568,19,19,1,18,0.9474,0.8947,1.0,18,3,3,1.0
1093870,18361,18332,21853,18,18,1,17,0.9444,0.8889,1.0,17,3,3,1.0
1111512,25725,25720,25344,18,18,1,17,0.9444,0.8889,1.0,17,3,3,1.0
1116688,14342,25725,25940,18,18,1,17,0.9444,0.8889,1.0,17,3,3,1.0
1116256,14318,14342,1124,17,17,1,16,0.9412,0.8824,1.0,16,3,3,1.0
1080154,15897,15893,1144,17,17,1,16,0.9412,0.8824,1.0,16,3,3,1.0
1121136,19423,3567,12187,16,16,1,15,0.9375,0.875,1.0,15,3,3,1.0
1113152,25813,14647,25758,14,14,1,13,0.9286,0.8571,1.0,13,3,3,1.0
1287801,370272,370271,46237,14,14,1,13,0.9286,0.8571,1.0,13,3,3,1.0
1233000,,506645,23487,8,7,0,6,0.8571,0.8571,1.0,7,3,3,1.0
1000727,221438,5576,59,13,13,1,12,0.9231,0.8462,1.0,12,3,3,1.0
1008326,24698,24718,1724,13,13,1,12,0.9231,0.8462,1.0,12,3,3,1.0
1035302,286723,286724,3220,13,13,1,12,0.9231,0.8462,1.0,12,3,3,1.0
1043269,156167,129268,7393,13,13,1,12,0.9231,0.8462,1.0,12,3,3,1.0
1032627,345249,345246,8701,13,13,1,12,0.9231,0.8462,1.0,12,3,3,1.0
1075914,273278,282235,17736,13,13,1,12,0.9231,0.8462,1.0,12,3,3,1.0
1076628,284155,282241,17900,13,13,1,12,0.9231,0.8462,1.0,12,3,3,1.0
1178651,21210,21186,22437,13,13,1,12,0.9231,0.8462,1.0,12,3,3,1.0
1287212,4636,4618,49934,13,13,1,12,0.9231,0.8462,1.0,12,3,3,1.0
1007399,24891,24882,2385,12,12,1,11,0.9167,0.8333,1.0,11,3,3,1.0
1131849,345084,20786,4954,12,12,1,11,0.9167,0.8333,1.0,11,3,3,1.0
1090506,1307,1332,13700,12,12,1,11,0.9167,0.8333,1.0,11,3,3,1.0
1066886,376834,376833,14949,12,12,1,11,0.9167,0.8333,1.0,11,3,3,1.0
1188497,3217,3178,16240,12,12,1,11,0.9167,0.8333,1.0,11,3,3,1.0
1301788,6754,22426,17338,12,12,1,11,0.9167,0.8333,1.0,11,3,3,1.0
1145065,25814,25784,24427,12,12,1,11,0.9167,0.8333,1.0,11,3,3,1.0
1186812,26106,26118,29216,12,12,1,11,0.9167,0.8333,1.0,11,3,3,1.0
1187401,365119,365120,36081,12,12,1,11,0.9167,0.8333,1.0,11,3,3,1.0
1270187,10991,10968,44300,12,12,1,11,0.9167,0.8333,1.0,11,3,3,1.0
1303966,22424,22401,53187,12,12,1,11,0.9167,0.8333,1.0,11,3,3,1.0
1007408,10755,24394,918,11,11,1,10,0.9091,0.8182,1.0,10,3,3,1.0
1011409,6657,6551,1335,11,11,1,10,0.9091,0.8182,1.0,10,3,3,1.0
1020546,9204,9212,3372,11,11,1,10,0.9091,0.8182,1.0,10,3,3,1.0
1054417,365058,365056,3954,11,11,1,10,0.9091,0.8182,1.0,10,3,3,1.0
1275390,390509,390508,4449,11,11,1,10,0.9091,0.8182,1.0,10,3,3,1.0
1035783,306237,319035,6187,11,11,1,10,0.9091,0.8182,1.0,10,3,3,1.0
1029649,370383,370384,6193,11,11,1,10,0.9091,0.8182,1.0,10,3,3,1.0
1029681,370384,370382,6205,11,11,1,10,0.9091,0.8182,1.0,10,3,3,1.0
1095085,420288,420286,6785,11,11,1,10,0.9091,0.8182,1.0,10,3,3,1.0
1038122,148481,148482,7667,11,11,1,10,0.9091,0.8182,1.0,10,3,3,1.0
1034753,292159,292158,9182,11,11,1,10,0.9091,0.8182,1.0,10,3,3,1.0
1039174,226242,130540,10134,11,11,1,10,0.9091,0.8182,1.0,10,3,3,1.0
1064940,22551,6965,10466,11,11,1,10,0.9091,0.8182,1.0,10,3,3,1.0
1056506,375989,375990,12921,11,11,1,10,0.9091,0.8182,1.0,10,3,3,1.0
1089484,349715,349714,18320,11,11,1,10,0.9091,0.8182,1.0,10,3,3,1.0
1112354,25725,25732,25548,11,11,1,10,0.9091,0.8182,1.0,10,3,3,1.0
1125045,13473,13455,27901,11,11,1,10,0.9091,0.8182,1.0,10,3,3,1.0
1176845,20763,20774,28428,11,11,1,10,0.9091,0.8182,1.0,10,3,3,1.0
1157251,359665,359664,30188,11,11,1,10,0.9091,0.8182,1.0,10,3,3,1.0
1207997,930,928,31709,11,11,1,10,0.9091,0.8182,1.0,10,3,3,1.0
1159319,102363,102058,34686,11,11,1,10,0.9091,0.8182,1.0,10,3,3,1.0
1216206,26575,26568,43956,11,11,1,10,0.9091,0.8182,1.0,10,3,3,1.0
1265876,23051,23031,46187,11,11,1,10,0.9091,0.8182,1.0,10,3,3,1.0
1302567,6811,22462,52905,11,11,1,10,0.9091,0.8182,1.0,10,3,3,1.0
1005541,280,294,513,10,10,1,9,0.9,0.8,1.0,9,3,3,1.0
1004143,13223,13202,1413,10,10,1,9,0.9,0.8,1.0,9,3,3,1.0
1005016,9915,9967,1643,10,10,1,9,0.9,0.8,1.0,9,3,3,1.0
1025480,33260,33259,1744,10,10,1,9,0.9,0.8,1.0,9,3,3,1.0
1010846,11453,11362,3197,10,10,1,9,0.9,0.8,1.0,9,3,3,1.0
1011664,16197,16233,3558,10,10,1,9,0.9,0.8,1.0,9,3,3,1.0
1011822,377665,377666,3619,10,10,1,9,0.9,0.8,1.0,9,3,3,1.0
1048290,74203,65251,4063,10,10,1,9,0.9,0.8,1.0,9,3,3,1.0
1014182,384035,384036,4192,10,10,1,9,0.9,0.8,1.0,9,3,3,1.0
1096135,375313,375310,5028,10,10,1,9,0.9,0.8,1.0,9,3,3,1.0
1022685,370382,370381,6198,10,10,1,9,0.9,0.8,1.0,9,3,3,1.0
1030714,271036,271037,7417,10,10,1,9,0.9,0.8,1.0,9,3,3,1.0
1056582,376047,376048,7657,10,10,1,9,0.9,0.8,1.0,9,3,3,1.0
1034721,292162,292159,9177,10,10,1,9,0.9,0.8,1.0,9,3,3,1.0
1035517,55648,55647,9344,10,10,1,9,0.9,0.8,1.0,9,3,3,1.0
1036995,271038,265621,9671,10,10,1,9,0.9,0.8,1.0,9,3,3,1.0
1060487,370188,370187,12275,10,10,1,9,0.9,0.8,1.0,9,3,3,1.0
1079334,16151,16123,14027,10,10,1,9,0.9,0.8,1.0,9,3,3,1.0
1060759,383565,383564,14227,10,10,1,9,0.9,0.8,1.0,9,3,3,1.0
1061804,343533,343532,14484,10,10,1,9,0.9,0.8,1.0,9,3,3,1.0
1080758,35164,95971,18706,10,10,1,9,0.9,0.8,1.0,9,3,3,1.0
1269226,396,52763,19436,10,10,1,9,0.9,0.8,1.0,9,3,3,1.0
1114171,14569,14535,24559,10,10,1,9,0.9,0.8,1.0,9,3,3,1.0
1207205,1846,1815,27345,10,10,1,9,0.9,0.8,1.0,9,3,3,1.0
1304023,22626,7050,30476,10,10,1,9,0.9,0.8,1.0,9,3,3,1.0
1179149,20262,1769,30623,10,10,1,9,0.9,0.8,1.0,9,3,3,1.0
1145057,14487,14481,31563,10,10,1,9,0.9,0.8,1.0,9,3,3,1.0
1276470,93728,93727,31891,10,10,1,9,0.9,0.8,1.0,9,3,3,1.0
1189188,4310,4297,36337,10,10,1,9,0.9,0.8,1.0,9,3,3,1.0
1201098,12002,24865,40765,10,10,1,9,0.9,0.8,1.0,9,3,3,1.0
1216562,11157,82208,44056,10,10,1,9,0.9,0.8,1.0,9,3,3,1.0
1275629,23470,9007,44113,10,10,1,9,0.9,0.8,1.0,9,3,3,1.0
1277241,22552,93723,49424,10,10,1,9,0.9,0.8,1.0,9,3,3,1.0
1307893,20503,20484,49855,10,10,1,9,0.9,0.8,1.0,9,3,3,1.0
1300735,22426,6716,52587,10,10,1,9,0.9,0.8,1.0,9,3,3,1.0
1000738,,375316,135,6,5,0,4,0.8,0.8,1.0,5,3,3,1.0
1257360,,111662,32250,7,5,0,4,0.8,0.8,1.0,6,3,3,1.0
1257421,,111662,32250,7,5,0,4,0.8,0.8,1.0,6,3,3,1.0
1001688,327,322,556,9,9,1,8,0.8889,0.7778,1.0,8,3,3,1.0
1025106,10616,10636,1198,9,9,1,8,0.8889,0.7778,1.0,8,3,3,1.0
1133034,46684,8437,1344,9,9,1,8,0.8889,0.7778,1.0,8,3,3,1.0
1004226,12680,12713,1394,9,9,1,8,0.8889,0.7778,1.0,8,3,3,1.0
1004441,9224,23592,1544,9,9,1,8,0.8889,0.7778,1.0,8,3,3,1.0
1025076,10149,10140,1765,9,9,1,8,0.8889,0.7778,1.0,8,3,3,1.0
1005587,11328,11397,1915,9,9,1,8,0.8889,0.7778,1.0,8,3,3,1.0
1132829,391420,391422,2279,9,9,1,8,0.8889,0.7778,1.0,8,3,3,1.0
1010560,88606,88607,3020,9,9,1,8,0.8889,0.7778,1.0,8,3,3,1.0
1059258,375499,375314,3632,9,9,1,8,0.8889,0.7778,1.0,8,3,3,1.0
1039475,378395,378400,4218,9,9,1,8,0.8889,0.7778,1.0,8,3,3,1.0
1058778,375981,375980,4643,9,9,1,8,0.8889,0.7778,1.0,8,3,3,1.0
1018997,22934,22944,5231,9,9,1,8,0.8889,0.7778,1.0,8,3,3,1.0
1132984,8836,8852,5524,9,9,1,8,0.8889,0.7778,1.0,8,3,3,1.0
1021591,6587,6600,5890,9,9,1,8,0.8889,0.7778,1.0,8,3,3,1.0
1024392,10994,11012,6247,9,9,1,8,0.8889,0.7778,1.0,8,3,3,1.0
1023211,8818,23313,6329,9,9,1,8,0.8889,0.7778,1.0,8,3,3,1.0
1024053,23997,23979,6546,9,9,1,8,0.8889,0.7778,1.0,8,3,3,1.0
1032209,287998,287997,7310,9,9,1,8,0.8889,0.7778,1.0,8,3,3,1.0
1132978,7670,7641,7371,9,9,1,8,0.8889,0.7778,1.0,8,3,3,1.0
1037296,22551,6894,7422,9,9,1,8,0.8889,0.7778,1.0,8,3,3,1.0
1030156,6227,6181,7482,9,9,1,8,0.8889,0.7778,1.0,8,3,3,1.0
1028989,261755,261450,7730,9,9,1,8,0.8889,0.7778,1.0,8,3,3,1.0
1030314,170237,170238,8077,9,9,1,8,0.8889,0.7778,1.0,8,3,3,1.0
1037994,6431,6381,8518,9,9,1,8,0.8889,0.7778,1.0,8,3,3,1.0
1032340,343565,343567,8631,9,9,1,8,0.8889,0.7778,1.0,8,3,3,1.0
1034515,7779,7777,9126,9,9,1,8,0.8889,0.7778,1.0,8,3,3,1.0
1038770,9650,9678,10041,9,9,1,8,0.8889,0.7778,1.0,8,3,3,1.0
1039816,23622,23608,10171,9,9,1,8,0.8889,0.7778,1.0,8,3,3,1.0
1039608,375060,375061,10254,9,9,1,8,0.8889,0.7778,1.0,8,3,3,1.0
1054945,146880,146882,10531,9,9,1,8,0.8889,0.7778,1.0,8,3,3,1.0
1044203,343808,343807,11244,9,9,1,8,0.8889,0.7778,1.0,8,3,3,1.0
1056716,343316,343315,11259,9,9,1,8,0.8889,0.7778,1.0,8,3,3,1.0
1045563,8972,8941,11474,9,9,1,8,0.8889,0.7778,1.0,8,3,3,1.0
1047114,344339,344340,11748,9,9,1,8,0.8889,0.7778,1.0,8,3,3,1.0
1047383,292161,292162,11793,9,9,1,8,0.8889,0.7778,1.0,8,3,3,1.0
1053440,345244,345245,11910,9,9,1,8,0.8889,0.7778,1.0,8,3,3,1.0
1121115,295677,179523,12214,9,9,1,8,0.8889,0.7778,1.0,8,3,3,1.0
1201933,11955,11957,12256,9,9,1,8,0.8889,0.7778,1.0,8,3,3,1.0
1072904,235844,235847,12519,9,9,1,8,0.8889,0.7778,1.0,8,3,3,1.0
1056106,178557,185916,12849,9,9,1,8,0.8889,0.7778,1.0,8,3,3,1.0
1057063,175356,172500,13029,9,9,1,8,0.8889,0.7778,1.0,8,3,3,1.0
1068607,5877,5873,13342,9,9,1,8,0.8889,0.7778,1.0,8,3,3,1.0
1063164,343680,375307,14214,9,9,1,8,0.8889,0.7778,1.0,8,3,3,1.0
1060743,267521,267520,14220,9,9,1,8,0.8889,0.7778,1.0,8,3,3,1.0
1061603,344131,344130,14429,9,9,1,8,0.8889,0.7778,1.0,8,3,3,1.0
1069930,19143,19107,15973,9,9,1,8,0.8889,0.7778,1.0,8,3,3,1.0
1079095,5431,5428,16122,9,9,1,8,0.8889,0.7778,1.0,8,3,3,1.0
1282485,27349,19389,16312,9,9,1,8,0.8889,0.7778,1.0,8,3,3,1.0
1071231,27374,27382,16362,9,9,1,8,0.8889,0.7778,1.0,8,3,3,1.0
1267665,10188,10180,17320,9,9,1,8,0.8889,0.7778,1.0,8,3,3,1.0
1077739,19283,19275,17916,9,9,1,8,0.8889,0.7778,1.0,8,3,3,1.0
1076760,145602,130227,17926,9,9,1,8,0.8889,0.7778,1.0,8,3,3,1.0
1077597,19304,19305,17990,9,9,1,8,0.8889,0.7778,1.0,8,3,3,1.0
1077938,145609,145917,18193,9,9,1,8,0.8889,0.7778,1.0,8,3,3,1.0
1121134,18314,18342,18400,9,9,1,8,0.8889,0.7778,1.0,8,3,3,1.0
1089109,14423,14385,20132,9,9,1,8,0.8889,0.7778,1.0,8,3,3,1.0
1103138,26456,26464,21117,9,9,1,8,0.8889,0.7778,1.0,8,3,3,1.0
1121063,13060,13138,21668,9,9,1,8,0.8889,0.7778,1.0,8,3,3,1.0
1119059,10750,429852,22448,9,9,1,8,0.8889,0.7778,1.0,8,3,3,1.0
1115718,25583,13942,26362,9,9,1,8,0.8889,0.7778,1.0,8,3,3,1.0
1115748,13942,25577,26366,9,9,1,8,0.8889,0.7778,1.0,8,3,3,1.0
1123978,12282,12286,26948,9,9,1,8,0.8889,0.7778,1.0,8,3,3,1.0
1225238,23812,9816,30959,9,9,1,8,0.8889,0.7778,1.0,8,3,3,1.0
1210075,1503,1498,31326,9,9,1,8,0.8889,0.7778,1.0,8,3,3,1.0
1189766,4538,4532,31663,9,9,1,8,0.8889,0.7778,1.0,8,3,3,1.0
1232460,,473127,31766,11,9,0,7,0.7778,0.7778,1.0,10,3,3,1.0
1232539,,473127,31766,11,9,0,7,0.7778,0.7778,1.0,10,3,3,1.0
1143027,24946,24926,32276,9,9,1,8,0.8889,0.7778,1.0,8,3,3,1.0
1147453,83806,2512,33316,9,9,1,8,0.8889,0.7778,1.0,8,3,3,1.0
1153112,12154,12163,34125,9,9,1,8,0.8889,0.7778,1.0,8,3,3,1.0
1157830,17404,17344,34644,9,9,1,8,0.8889,0.7778,1.0,8,3,3,1.0
1155299,146556,146557,34682,9,9,1,8,0.8889,0.7778,1.0,8,3,3,1.0
1210293,11163,11180,35221,9,9,1,8,0.8889,0.7778,1.0,8,3,3,1.0
1179303,1352,1384,37560,9,9,1,8,0.8889,0.7778,1.0,8,3,3,1.0
1205875,10725,10709,40870,9,9,1,8,0.8889,0.7778,1.0,8,3,3,1.0
1268998,11433,11420,47894,9,9,1,8,0.8889,0.7778,1.0,8,3,3,1.0
1277226,79004,93724,49425,9,9,1,8,0.8889,0.7778,1.0,8,3,3,1.0
1282517,19321,19334,50863,9,9,1,8,0.8889,0.7778,1.0,8,3,3,1.0
1303499,22294,22290,52737,9,9,1,8,0.8889,0.7778,1.0,8,3,3,1.0
1014037,1027,1018,4525,16,16,1,13,0.8125,0.75,1.0,15,3,3,1.0
1073716,1019,1018,4525,16,16,1,13,0.8125,0.75,1.0,15,3,3,1.0
1099390,13803,1018,4525,16,16,1,13,0.8125,0.75,1.0,15,3,3,1.0
1005526,351,347,465,8,8,1,7,0.875,0.75,1.0,7,3,3,1.0
1002522,56923,24178,1035,8,8,1,7,0.875,0.75,1.0,7,3,3,1.0
1005076,11956,24827,1183,8,8,1,7,0.875,0.75,1.0,7,3,3,1.0
1025329,25283,12911,1308,8,8,1,7,0.875,0.75,1.0,7,3,3,1.0
1004836,9983,23915,1683,8,8,1,7,0.875,0.75,1.0,7,3,3,1.0
1119481,396227,430002,1718,8,8,1,7,0.875,0.75,1.0,7,3,3,1.0
1008113,10026,9978,1729,8,8,1,7,0.875,0.75,1.0,7,3,3,1.0
1005401,148183,143045,1835,8,8,1,7,0.875,0.75,1.0,7,3,3,1.0
1006685,23950,23909,2113,8,8,1,7,0.875,0.75,1.0,7,3,3,1.0
1007797,24101,24086,2347,8,8,1,7,0.875,0.75,1.0,7,3,3,1.0
1025254,12705,25132,2428,8,8,1,7,0.875,0.75,1.0,7,3,3,1.0
1010066,35170,24581,2762,8,8,1,7,0.875,0.75,1.0,7,3,3,1.0
1008888,11377,11313,2777,8,8,1,7,0.875,0.75,1.0,7,3,3,1.0
1023258,145275,235200,3299,8,8,1,7,0.875,0.75,1.0,7,3,3,1.0
1026604,184639,184637,3493,8,8,1,7,0.875,0.75,1.0,7,3,3,1.0
1054402,364609,364608,3593,8,8,1,7,0.875,0.75,1.0,7,3,3,1.0
1014251,370396,370397,3617,8,8,1,7,0.875,0.75,1.0,7,3,3,1.0
1011891,184644,184645,3652,8,8,1,7,0.875,0.75,1.0,7,3,3,1.0
1045720,375670,375672,3955,8,8,1,7,0.875,0.75,1.0,7,3,3,1.0
1132993,278401,168318,4094,8,8,1,7,0.875,0.75,1.0,7,3,3,1.0
1013186,375723,23402,4135,8,8,1,7,0.875,0.75,1.0,7,3,3,1.0
1270148,1870,378268,4190,8,8,1,7,0.875,0.75,1.0,7,3,3,1.0
1014975,370401,370402,4620,8,8,1,7,0.875,0.75,1.0,7,3,3,1.0
1023514,7558,7575,4749,8,8,1,7,0.875,0.75,1.0,7,3,3,1.0
1121804,24987,12390,4803,8,8,1,7,0.875,0.75,1.0,7,3,3,1.0
1125432,1342,1326,4922,8,8,1,7,0.875,0.75,1.0,7,3,3,1.0
1135976,195839,263050,4963,8,8,1,7,0.875,0.75,1.0,7,3,3,1.0
1019294,8134,22966,5177,8,8,1,7,0.875,0.75,1.0,7,3,3,1.0
1019164,36137,36138,5258,8,8,1,7,0.875,0.75,1.0,7,3,3,1.0
1019684,23453,23449,5399,8,8,1,7,0.875,0.75,1.0,7,3,3,1.0
1020669,9073,9027,5654,8,8,1,7,0.875,0.75,1.0,7,3,3,1.0
1027124,9809,9808,5674,8,8,1,7,0.875,0.75,1.0,7,3,3,1.0
1227439,23252,23245,5719,8,8,1,7,0.875,0.75,1.0,7,3,3,1.0
1022790,449229,449228,6225,8,8,1,7,0.875,0.75,1.0,7,3,3,1.0
1023903,23967,23956,6347,8,8,1,7,0.875,0.75,1.0,7,3,3,1.0
1042104,344491,391375,7027,8,8,1,7,0.875,0.75,1.0,7,3,3,1.0
1040672,22392,22423,7397,8,8,1,7,0.875,0.75,1.0,7,3,3,1.0
1028549,22870,7761,7515,8,8,1,7,0.875,0.75,1.0,7,3,3,1.0
1034849,7483,7514,8198,8,8,1,7,0.875,0.75,1.0,7,3,3,1.0
1041457,6408,6372,8486,8,8,1,7,0.875,0.75,1.0,7,3,3,1.0
1032520,344459,344462,8679,8,8,1,7,0.875,0.75,1.0,7,3,3,1.0
1302594,449044,449045,8703,8,8,1,7,0.875,0.75,1.0,7,3,3,1.0
1032790,370316,370315,8741,8,8,1,7,0.875,0.75,1.0,7,3,3,1.0
1034362,159048,159049,9088,8,8,1,7,0.875,0.75,1.0,7,3,3,1.0
1034905,22377,22393,9214,8,8,1,7,0.875,0.75,1.0,7,3,3,1.0
1036093,6565,6523,9468,8,8,1,7,0.875,0.75,1.0,7,3,3,1.0
1037142,23585,9300,9697,8,8,1,7,0.875,0.75,1.0,7,3,3,1.0
1038670,9248,9198,10019,8,8,1,7,0.875,0.75,1.0,7,3,3,1.0
1041827,7825,7870,10726,8,8,1,7,0.875,0.75,1.0,7,3,3,1.0
1056174,265930,266235,11376,8,8,1,7,0.875,0.75,1.0,7,3,3,1.0
1057413,14138,20530,13106,8,8,1,7,0.875,0.75,1.0,7,3,3,1.0
1059836,22069,22066,13356,8,8,1,7,0.875,0.75,1.0,7,3,3,1.0
1061976,21998,21995,13530,8,8,1,7,0.875,0.75,1.0,7,3,3,1.0
1060037,26242,26240,13810,8,8,1,7,0.875,0.75,1.0,7,3,3,1.0
1059849,94047,3371,13952,8,8,1,7,0.875,0.75,1.0,7,3,3,1.0
1083674,26240,26239,13998,8,8,1,7,0.875,0.75,1.0,7,3,3,1.0
1060208,15921,15922,14073,8,8,1,7,0.875,0.75,1.0,7,3,3,1.0
1061408,20666,181759,14383,8,8,1,7,0.875,0.75,1.0,7,3,3,1.0
1068313,384031,383573,15594,8,8,1,7,0.875,0.75,1.0,7,3,3,1.0
1070185,19111,19110,15805,8,8,1,7,0.875,0.75,1.0,7,3,3,1.0
1074807,264003,264004,15994,8,8,1,7,0.875,0.75,1.0,7,3,3,1.0
1079891,26311,26310,16948,8,8,1,7,0.875,0.75,1.0,7,3,3,1.0
1098110,20395,2005,17200,8,8,1,7,0.875,0.75,1.0,7,3,3,1.0
1075156,27407,27411,17544,8,8,1,7,0.875,0.75,1.0,7,3,3,1.0
1078092,27043,27054,18218,8,8,1,7,0.875,0.75,1.0,7,3,3,1.0
1078103,145605,145606,18228,8,8,1,7,0.875,0.75,1.0,7,3,3,1.0
1093244,18022,26992,18564,8,8,1,7,0.875,0.75,1.0,7,3,3,1.0
1083430,27286,27279,19663,8,8,1,7,0.875,0.75,1.0,7,3,3,1.0
1089627,14360,14339,19813,8,8,1,7,0.875,0.75,1.0,7,3,3,1.0
1088661,14558,14744,20156,8,8,1,7,0.875,0.75,1.0,7,3,3,1.0
1093365,18338,18374,21087,8,8,1,7,0.875,0.75,1.0,7,3,3,1.0
1186217,19239,27317,21346,8,8,1,7,0.875,0.75,1.0,7,3,3,1.0
1096000,390699,396060,22153,8,8,1,7,0.875,0.75,1.0,7,3,3,1.0
1132492,391359,391357,22261,8,8,1,7,0.875,0.75,1.0,7,3,3,1.0
1199153,12380,12375,22563,8,8,1,7,0.875,0.75,1.0,7,3,3,1.0
1101192,37734,37733,23422,8,8,1,7,0.875,0.75,1.0,7,3,3,1.0
1102271,16923,16961,23679,8,8,1,7,0.875,0.75,1.0,7,3,3,1.0
1116653,13710,13656,25713,8,8,1,7,0.875,0.75,1.0,7,3,3,1.0
1147446,2833,20942,25860,8,8,1,7,0.875,0.75,1.0,7,3,3,1.0
1114013,25505,25508,25991,8,8,1,7,0.875,0.75,1.0,7,3,3,1.0
1154281,2408,473020,26694,8,8,1,7,0.875,0.75,1.0,7,3,3,1.0
1119131,425115,429851,26703,8,8,1,7,0.875,0.75,1.0,7,3,3,1.0
1142982,25513,155515,27258,8,8,1,7,0.875,0.75,1.0,7,3,3,1.0
1123169,12869,12870,27459,8,8,1,7,0.875,0.75,1.0,7,3,3,1.0
1206755,14373,25723,28303,8,8,1,7,0.875,0.75,1.0,7,3,3,1.0
1127612,21407,21400,28687,8,8,1,7,0.875,0.75,1.0,7,3,3,1.0
1154340,17363,17409,28891,8,8,1,7,0.875,0.75,1.0,7,3,3,1.0
1299023,7285,7306,29179,8,8,1,7,0.875,0.75,1.0,7,3,3,1.0
1283075,7359,7373,29192,8,8,1,7,0.875,0.75,1.0,7,3,3,1.0
1282871,153292,2112,29589,8,8,1,7,0.875,0.75,1.0,7,3,3,1.0
1303867,6910,6890,30774,8,8,1,7,0.875,0.75,1.0,7,3,3,1.0
1136190,8501,8681,31344,8,8,1,7,0.875,0.75,1.0,7,3,3,1.0
1298458,21703,4923,31735,8,8,1,7,0.875,0.75,1.0,7,3,3,1.0
1152942,19438,27362,34026,8,8,1,7,0.875,0.75,1.0,7,3,3,1.0
1156715,84768,20436,34910,8,8,1,7,0.875,0.75,1.0,7,3,3,1.0
1187329,26227,26204,36083,8,8,1,7,0.875,0.75,1.0,7,3,3,1.0
1208547,13393,13431,36850,8,8,1,7,0.875,0.75,1.0,7,3,3,1.0
1221052,12580,12578,36888,8,8,1,7,0.875,0.75,1.0,7,3,3,1.0
1206100,25808,25819,38099,8,8,1,7,0.875,0.75,1.0,7,3,3,1.0
1183710,26015,2943,39232,8,8,1,7,0.875,0.75,1.0,7,3,3,1.0
1190628,4456,4463,39621,8,8,1,7,0.875,0.75,1.0,7,3,3,1.0
1197147,11212,11190,41009,8,8,1,7,0.875,0.75,1.0,7,3,3,1.0
1211057,24533,11168,41080,8,8,1,7,0.875,0.75,1.0,7,3,3,1.0
1227244,9183,9164,41198,8,8,1,7,0.875,0.75,1.0,7,3,3,1.0
1198914,9544,9598,41542,8,8,1,7,0.875,0.75,1.0,7,3,3,1.0
1210400,13487,25423,43208,8,8,1,7,0.875,0.75,1.0,7,3,3,1.0
1223022,11180,11192,43453,8,8,1,7,0.875,0.75,1.0,7,3,3,1.0
1219898,18564,18543,44708,8,8,1,7,0.875,0.75,1.0,7,3,3,1.0
1227480,23228,23262,45953,8,8,1,7,0.875,0.75,1.0,7,3,3,1.0
1285887,9398,9369,47187,8,8,1,7,0.875,0.75,1.0,7,3,3,1.0
1267984,78049,78047,47663,8,8,1,7,0.875,0.75,1.0,7,3,3,1.0
1268625,11587,11596,47715,8,8,1,7,0.875,0.75,1.0,7,3,3,1.0
1272316,11371,11348,47822,8,8,1,7,0.875,0.75,1.0,7,3,3,1.0
1301538,6101,6173,48541,8,8,1,7,0.875,0.75,1.0,7,3,3,1.0
1278064,2112,2085,49535,8,8,1,7,0.875,0.75,1.0,7,3,3,1.0
1302587,6568,6564,49910,8,8,1,7,0.875,0.75,1.0,7,3,3,1.0
1297867,7642,22847,51958,8,8,1,7,0.875,0.75,1.0,7,3,3,1.0
1300010,17014,26609,52132,8,8,1,7,0.875,0.75,1.0,7,3,3,1.0
1078423,,10123,18290,5,4,0,3,0.75,0.75,1.0,4,3,3,1.0
1132264,,19395,21250,5,4,0,3,0.75,0.75,1.0,4,3,3,1.0
1112474,14625,25871,1123,15,15,1,12,0.8,0.7333,1.0,14,3,3,1.0
1029839,278084,278085,7946,11,11,1,9,0.8182,0.7273,1.0,10,3,3,1.0
1029873,278086,278085,7946,11,11,1,9,0.8182,0.7273,1.0,10,3,3,1.0
1035436,344337,343441,9315,14,14,2,12,0.8571,0.7143,1.0,13,3,3,1.0
1035435,344337,343441,9315,14,14,2,12,0.8571,0.7143,1.0,13,3,3,1.0
1012979,13395,13414,51,7,7,1,6,0.8571,0.7143,1.0,6,3,3,1.0
1000803,236,19796,181,7,7,1,6,0.8571,0.7143,1.0,6,3,3,1.0
1009259,359723,359732,255,7,7,1,6,0.8571,0.7143,1.0,6,3,3,1.0
1000970,10502,24265,269,7,7,1,6,0.8571,0.7143,1.0,6,3,3,1.0
1001938,157,205,383,7,7,1,6,0.8571,0.7143,1.0,6,3,3,1.0
1127600,178568,272956,735,7,7,1,6,0.8571,0.7143,1.0,6,3,3,1.0
1027818,8288,8252,898,7,7,1,6,0.8571,0.7143,1.0,6,3,3,1.0
1099283,370422,17063,969,7,7,1,6,0.8571,0.7143,1.0,6,3,3,1.0
1005893,19701,19692,1238,7,7,1,6,0.8571,0.7143,1.0,6,3,3,1.0
1004359,13274,13311,1356,7,7,1,6,0.8571,0.7143,1.0,6,3,3,1.0
1072451,132141,132140,1638,7,7,1,6,0.8571,0.7143,1.0,6,3,3,1.0
1055107,7510,7465,1780,7,7,1,6,0.8571,0.7143,1.0,6,3,3,1.0
1010338,10837,24388,1798,7,7,1,6,0.8571,0.7143,1.0,6,3,3,1.0
1006530,9766,9768,1837,7,7,1,6,0.8571,0.7143,1.0,6,3,3,1.0
1005565,24917,24886,1902,7,7,1,6,0.8571,0.7143,1.0,6,3,3,1.0
1148232,25871,25840,2009,7,7,1,6,0.8571,0.7143,1.0,6,3,3,1.0
1014398,405742,425118,2172,7,7,1,6,0.8571,0.7143,1.0,6,3,3,1.0
1014643,129261,129264,2305,7,7,1,6,0.8571,0.7143,1.0,6,3,3,1.0
1226885,23030,23047,2502,7,7,1,6,0.8571,0.7143,1.0,6,3,3,1.0
1008719,139848,139846,2735,7,7,1,6,0.8571,0.7143,1.0,6,3,3,1.0
1012911,11732,11740,2757,7,7,1,6,0.8571,0.7143,1.0,6,3,3,1.0
1010176,10916,24468,2896,7,7,1,6,0.8571,0.7143,1.0,6,3,3,1.0
1047397,184648,170236,3241,7,7,1,6,0.8571,0.7143,1.0,6,3,3,1.0
1011407,10930,24459,3403,7,7,1,6,0.8571,0.7143,1.0,6,3,3,1.0
1011576,66531,66530,3504,7,7,1,6,0.8571,0.7143,1.0,6,3,3,1.0
1097379,377867,377857,3889,7,7,1,6,0.8571,0.7143,1.0,6,3,3,1.0
1013173,7419,22742,4125,7,7,1,6,0.8571,0.7143,1.0,6,3,3,1.0
1013177,38079,68771,4128,7,7,1,6,0.8571,0.7143,1.0,6,3,3,1.0
1015390,350091,350092,4191,7,7,1,6,0.8571,0.7143,1.0,6,3,3,1.0
1014181,390373,390374,4233,7,7,1,6,0.8571,0.7143,1.0,6,3,3,1.0
1013554,389921,389920,4248,7,7,1,6,0.8571,0.7143,1.0,6,3,3,1.0
1014796,389917,389916,4496,7,7,1,6,0.8571,0.7143,1.0,6,3,3,1.0
1155813,536072,112634,4885,7,7,1,6,0.8571,0.7143,1.0,6,3,3,1.0
1018945,22924,7782,5217,7,7,1,6,0.8571,0.7143,1.0,6,3,3,1.0
1059175,9340,9287,5331,7,7,1,6,0.8571,0.7143,1.0,6,3,3,1.0
1023636,158080,158079,5642,7,7,1,6,0.8571,0.7143,1.0,6,3,3,1.0
1027073,8757,8708,5686,7,7,1,6,0.8571,0.7143,1.0,6,3,3,1.0
1024549,9032,23468,5724,7,7,1,6,0.8571,0.7143,1.0,6,3,3,1.0
1027635,22789,7534,5828,7,7,1,6,0.8571,0.7143,1.0,6,3,3,1.0
1040531,6504,6477,6072,7,7,1,6,0.8571,0.7143,1.0,6,3,3,1.0
1040649,390639,390643,6207,7,7,1,6,0.8571,0.7143,1.0,6,3,3,1.0
1023985,10115,10184,6516,7,7,1,6,0.8571,0.7143,1.0,6,3,3,1.0
1024210,10859,24430,6582,7,7,1,6,0.8571,0.7143,1.0,6,3,3,1.0
1024259,10397,10400,6602,7,7,1,6,0.8571,0.7143,1.0,6,3,3,1.0
1029825,6961,6960,7289,7,7,1,6,0.8571,0.7143,1.0,6,3,3,1.0
1032749,6246,6260,7401,7,7,1,6,0.8571,0.7143,1.0,6,3,3,1.0
1035820,326398,326396,7487,7,7,1,6,0.8571,0.7143,1.0,6,3,3,1.0
1081570,13887,13880,7547,7,7,1,6,0.8571,0.7143,1.0,6,3,3,1.0
1063504,370574,370573,7605,7,7,1,6,0.8571,0.7143,1.0,6,3,3,1.0
1036722,158075,159044,7725,7,7,1,6,0.8571,0.7143,1.0,6,3,3,1.0
1042033,22799,7498,7901,7,7,1,6,0.8571,0.7143,1.0,6,3,3,1.0
1038263,7623,7584,8125,7,7,1,6,0.8571,0.7143,1.0,6,3,3,1.0
1133033,156167,130542,8258,7,7,1,6,0.8571,0.7143,1.0,6,3,3,1.0
1031262,283200,283199,8322,7,7,1,6,0.8571,0.7143,1.0,6,3,3,1.0
1041818,7773,7723,8443,7,7,1,6,0.8571,0.7143,1.0,6,3,3,1.0
1036043,6480,6453,8540,7,7,1,6,0.8571,0.7143,1.0,6,3,3,1.0
1032661,287998,313597,8648,7,7,1,6,0.8571,0.7143,1.0,6,3,3,1.0
1040772,22516,6911,8764,7,7,1,6,0.8571,0.7143,1.0,6,3,3,1.0
1033024,22498,6859,8798,7,7,1,6,0.8571,0.7143,1.0,6,3,3,1.0
1034520,7732,7713,8803,7,7,1,6,0.8571,0.7143,1.0,6,3,3,1.0
1033550,349773,349776,8918,7,7,1,6,0.8571,0.7143,1.0,6,3,3,1.0
1034555,7759,7740,9127,7,7,1,6,0.8571,0.7143,1.0,6,3,3,1.0
1064947,22215,6186,9157,7,7,1,6,0.8571,0.7143,1.0,6,3,3,1.0
1044549,6726,6763,9242,7,7,1,6,0.8571,0.7143,1.0,6,3,3,1.0
1035203,292157,292156,9282,7,7,1,6,0.8571,0.7143,1.0,6,3,3,1.0
1035593,376893,376892,9360,7,7,1,6,0.8571,0.7143,1.0,6,3,3,1.0
1038244,375004,375005,9666,7,7,1,6,0.8571,0.7143,1.0,6,3,3,1.0
1037027,226242,256640,9675,7,7,1,6,0.8571,0.7143,1.0,6,3,3,1.0
1053650,22561,22550,9812,7,7,1,6,0.8571,0.7143,1.0,6,3,3,1.0
1038005,6552,6510,9867,7,7,1,6,0.8571,0.7143,1.0,6,3,3,1.0
1039327,9538,9537,10194,7,7,1,6,0.8571,0.7143,1.0,6,3,3,1.0
1039566,9206,9192,10242,7,7,1,6,0.8571,0.7143,1.0,6,3,3,1.0
1042231,118715,118714,10711,7,7,1,6,0.8571,0.7143,1.0,6,3,3,1.0
1041985,375407,370511,10763,7,7,1,6,0.8571,0.7143,1.0,6,3,3,1.0
1042059,375410,375406,10766,7,7,1,6,0.8571,0.7143,1.0,6,3,3,1.0
1281513,21716,487548,10910,7,7,1,6,0.8571,0.7143,1.0,6,3,3,1.0
1048010,40608,40606,10978,7,7,1,6,0.8571,0.7143,1.0,6,3,3,1.0
1058465,350255,350254,11385,7,7,1,6,0.8571,0.7143,1.0,6,3,3,1.0
1048132,90207,90208,11689,7,7,1,6,0.8571,0.7143,1.0,6,3,3,1.0
1047043,342716,340480,11731,7,7,1,6,0.8571,0.7143,1.0,6,3,3,1.0
1060281,192316,323837,11945,7,7,1,6,0.8571,0.7143,1.0,6,3,3,1.0
1226729,23430,23461,12038,7,7,1,6,0.8571,0.7143,1.0,6,3,3,1.0
1082229,14063,14027,12203,7,7,1,6,0.8571,0.7143,1.0,6,3,3,1.0
1308889,22084,5953,12218,7,7,1,6,0.8571,0.7143,1.0,6,3,3,1.0
1057656,344283,344284,13156,7,7,1,6,0.8571,0.7143,1.0,6,3,3,1.0
1057696,283838,283837,13169,7,7,1,6,0.8571,0.7143,1.0,6,3,3,1.0
1058507,344543,343236,13283,7,7,1,6,0.8571,0.7143,1.0,6,3,3,1.0
1171398,11844,11843,13350,7,7,1,6,0.8571,0.7143,1.0,6,3,3,1.0
1066788,119660,119661,13413,7,7,1,6,0.8571,0.7143,1.0,6,3,3,1.0
1063072,110702,110701,13441,7,7,1,6,0.8571,0.7143,1.0,6,3,3,1.0
1058997,5687,5689,13447,7,7,1,6,0.8571,0.7143,1.0,6,3,3,1.0
1062027,5705,5709,13486,7,7,1,6,0.8571,0.7143,1.0,6,3,3,1.0
1059222,15003,15043,13583,7,7,1,6,0.8571,0.7143,1.0,6,3,3,1.0
1186871,47004,75492,13709,7,7,1,6,0.8571,0.7143,1.0,6,3,3,1.0
1155450,18933,18959,13906,7,7,1,6,0.8571,0.7143,1.0,6,3,3,1.0
1090193,15595,15578,14021,7,7,1,6,0.8571,0.7143,1.0,6,3,3,1.0
1090420,26089,26087,14099,7,7,1,6,0.8571,0.7143,1.0,6,3,3,1.0
1061126,293758,344470,14317,7,7,1,6,0.8571,0.7143,1.0,6,3,3,1.0
1065393,344124,344123,14752,7,7,1,6,0.8571,0.7143,1.0,6,3,3,1.0
1063211,370222,370224,14766,7,7,1,6,0.8571,0.7143,1.0,6,3,3,1.0
1068352,280958,280957,14952,7,7,1,6,0.8571,0.7143,1.0,6,3,3,1.0
1123127,20017,12867,15024,7,7,1,6,0.8571,0.7143,1.0,6,3,3,1.0
1068133,5762,5763,15124,7,7,1,6,0.8571,0.7143,1.0,6,3,3,1.0
1066401,166076,166077,15151,7,7,1,6,0.8571,0.7143,1.0,6,3,3,1.0
1067733,171835,273280,15467,7,7,1,6,0.8571,0.7143,1.0,6,3,3,1.0
1077622,18974,19010,15495,7,7,1,6,0.8571,0.7143,1.0,6,3,3,1.0
1068319,364956,364955,15587,7,7,1,6,0.8571,0.7143,1.0,6,3,3,1.0
1121062,19426,21806,15631,7,7,1,6,0.8571,0.7143,1.0,6,3,3,1.0
1076101,27414,27408,15720,7,7,1,6,0.8571,0.7143,1.0,6,3,3,1.0
1069841,19297,19303,15783,7,7,1,6,0.8571,0.7143,1.0,6,3,3,1.0
1069859,19297,19282,15787,7,7,1,6,0.8571,0.7143,1.0,6,3,3,1.0
1222120,4728,21656,16220,7,7,1,6,0.8571,0.7143,1.0,6,3,3,1.0
1079881,26321,26325,16310,7,7,1,6,0.8571,0.7143,1.0,6,3,3,1.0
1184982,19146,19094,17159,7,7,1,6,0.8571,0.7143,1.0,6,3,3,1.0
1207438,11733,24737,17334,7,7,1,6,0.8571,0.7143,1.0,6,3,3,1.0
1077951,129905,129908,18187,7,7,1,6,0.8571,0.7143,1.0,6,3,3,1.0
1079224,378177,378176,18331,7,7,1,6,0.8571,0.7143,1.0,6,3,3,1.0
1079832,26327,26329,18613,7,7,1,6,0.8571,0.7143,1.0,6,3,3,1.0
1082268,15942,15943,19235,7,7,1,6,0.8571,0.7143,1.0,6,3,3,1.0
1082290,16920,26582,19243,7,7,1,6,0.8571,0.7143,1.0,6,3,3,1.0
1082968,27003,27020,19481,7,7,1,6,0.8571,0.7143,1.0,6,3,3,1.0
1109471,15841,15827,19503,7,7,1,6,0.8571,0.7143,1.0,6,3,3,1.0
1157398,2178,20439,19582,7,7,1,6,0.8571,0.7143,1.0,6,3,3,1.0
1174419,19089,19088,19661,7,7,1,6,0.8571,0.7143,1.0,6,3,3,1.0
1083679,14353,14325,19732,7,7,1,6,0.8571,0.7143,1.0,6,3,3,1.0
1084029,16869,16861,19834,7,7,1,6,0.8571,0.7143,1.0,6,3,3,1.0
1084101,13537,13541,19865,7,7,1,6,0.8571,0.7143,1.0,6,3,3,1.0
1088993,14303,14384,20085,7,7,1,6,0.8571,0.7143,1.0,6,3,3,1.0
1088709,14708,14733,20170,7,7,1,6,0.8571,0.7143,1.0,6,3,3,1.0
1088795,349710,349711,20183,7,7,1,6,0.8571,0.7143,1.0,6,3,3,1.0
1145300,15976,15987,20417,7,7,1,6,0.8571,0.7143,1.0,6,3,3,1.0
1167133,18538,18604,20450,7,7,1,6,0.8571,0.7143,1.0,6,3,3,1.0
1105947,15397,15417,20454,7,7,1,6,0.8571,0.7143,1.0,6,3,3,1.0
1090491,26691,26684,20625,7,7,1,6,0.8571,0.7143,1.0,6,3,3,1.0
1220516,17999,17992,20645,7,7,1,6,0.8571,0.7143,1.0,6,3,3,1.0
1220508,26970,17999,20648,7,7,1,6,0.8571,0.7143,1.0,6,3,3,1.0
1091074,18352,18328,20894,7,7,1,6,0.8571,0.7143,1.0,6,3,3,1.0
1092652,18357,18320,20902,7,7,1,6,0.8571,0.7143,1.0,6,3,3,1.0
1091348,13566,13550,21014,7,7,1,6,0.8571,0.7143,1.0,6,3,3,1.0
1092159,18219,18302,21079,7,7,1,6,0.8571,0.7143,1.0,6,3,3,1.0
1186343,19553,19558,21408,7,7,1,6,0.8571,0.7143,1.0,6,3,3,1.0
1092617,26866,17780,21482,7,7,1,6,0.8571,0.7143,1.0,6,3,3,1.0
1093636,17595,17614,21759,7,7,1,6,0.8571,0.7143,1.0,6,3,3,1.0
1099208,17555,26755,21767,7,7,1,6,0.8571,0.7143,1.0,6,3,3,1.0
1137506,11928,11940,22330,7,7,1,6,0.8571,0.7143,1.0,6,3,3,1.0
1096827,396077,396078,22370,7,7,1,6,0.8571,0.7143,1.0,6,3,3,1.0
1096567,391361,391360,22376,7,7,1,6,0.8571,0.7143,1.0,6,3,3,1.0
1118612,396082,396084,22471,7,7,1,6,0.8571,0.7143,1.0,6,3,3,1.0
1099261,71649,71653,22965,7,7,1,6,0.8571,0.7143,1.0,6,3,3,1.0
1101528,16640,506645,23487,8,7,1,6,0.8571,0.7143,1.0,7,3,3,1.0
1103101,26601,16999,23819,7,7,1,6,0.8571,0.7143,1.0,6,3,3,1.0
1104365,16913,59483,24103,7,7,1,6,0.8571,0.7143,1.0,6,3,3,1.0
1114077,13646,25495,25394,7,7,1,6,0.8571,0.7143,1.0,6,3,3,1.0
1112940,14531,25816,25582,7,7,1,6,0.8571,0.7143,1.0,6,3,3,1.0
1112860,19284,19325,25704,7,7,1,6,0.8571,0.7143,1.0,6,3,3,1.0
1114277,14082,25621,26054,7,7,1,6,0.8571,0.7143,1.0,6,3,3,1.0
1142777,12991,13035,26232,7,7,1,6,0.8571,0.7143,1.0,6,3,3,1.0
1248307,4557,4541,26655,7,7,1,6,0.8571,0.7143,1.0,6,3,3,1.0
1119690,425116,425117,26658,7,7,1,6,0.8571,0.7143,1.0,6,3,3,1.0
1121489,535612,1044,26968,7,7,1,6,0.8571,0.7143,1.0,6,3,3,1.0
1123722,11884,24781,27059,7,7,1,6,0.8571,0.7143,1.0,6,3,3,1.0
1121787,24781,24770,27064,7,7,1,6,0.8571,0.7143,1.0,6,3,3,1.0
1171159,1074,1087,27091,7,7,1,6,0.8571,0.7143,1.0,6,3,3,1.0
1122344,25105,25096,27200,7,7,1,6,0.8571,0.7143,1.0,6,3,3,1.0
1127056,20017,12868,27437,7,7,1,6,0.8571,0.7143,1.0,6,3,3,1.0
1302245,1358,1378,27565,7,7,1,6,0.8571,0.7143,1.0,6,3,3,1.0
1123790,12073,12046,27582,7,7,1,6,0.8571,0.7143,1.0,6,3,3,1.0
1163998,13000,13028,27715,7,7,1,6,0.8571,0.7143,1.0,6,3,3,1.0
1205608,1420,1418,27940,7,7,1,6,0.8571,0.7143,1.0,6,3,3,1.0
1125885,1854,1835,28086,7,7,1,6,0.8571,0.7143,1.0,6,3,3,1.0
1305079,22092,5965,28490,7,7,1,6,0.8571,0.7143,1.0,6,3,3,1.0
1286232,20421,20440,28713,7,7,1,6,0.8571,0.7143,1.0,6,3,3,1.0
1299493,26924,17897,28787,7,7,1,6,0.8571,0.7143,1.0,6,3,3,1.0
1127791,396123,1925,28804,7,7,1,6,0.8571,0.7143,1.0,6,3,3,1.0
1286627,22622,22618,29035,7,7,1,6,0.8571,0.7143,1.0,6,3,3,1.0
1270836,9255,104285,29095,7,7,1,6,0.8571,0.7143,1.0,6,3,3,1.0
1229664,11157,11197,29315,7,7,1,6,0.8571,0.7143,1.0,6,3,3,1.0
1189254,4006,4018,29394,7,7,1,6,0.8571,0.7143,1.0,6,3,3,1.0
1143839,25824,25865,29511,7,7,1,6,0.8571,0.7143,1.0,6,3,3,1.0
1217928,11574,11631,29524,7,7,1,6,0.8571,0.7143,1.0,6,3,3,1.0
1132028,19573,27442,29807,7,7,1,6,0.8571,0.7143,1.0,6,3,3,1.0
1205748,281284,282249,30010,7,7,1,6,0.8571,0.7143,1.0,6,3,3,1.0
1282001,16936,16952,30175,7,7,1,6,0.8571,0.7143,1.0,6,3,3,1.0
1133502,6037,22138,30510,7,7,1,6,0.8571,0.7143,1.0,6,3,3,1.0
1199291,9863,9818,31037,7,7,1,6,0.8571,0.7143,1.0,6,3,3,1.0
1136057,18753,18739,31296,7,7,1,6,0.8571,0.7143,1.0,6,3,3,1.0
1136699,27217,27216,31509,7,7,1,6,0.8571,0.7143,1.0,6,3,3,1.0
1137838,27365,27366,31779,7,7,1,6,0.8571,0.7143,1.0,6,3,3,1.0
1306808,4561,21606,31790,7,7,1,6,0.8571,0.7143,1.0,6,3,3,1.0
1222133,12250,24957,31899,7,7,1,6,0.8571,0.7143,1.0,6,3,3,1.0
1142909,25058,25098,32187,7,7,1,6,0.8571,0.7143,1.0,6,3,3,1.0
1142979,344515,24253,32236,7,7,1,6,0.8571,0.7143,1.0,6,3,3,1.0
1147251,2364,81243,32881,7,7,1,6,0.8571,0.7143,1.0,6,3,3,1.0
1227299,24242,24251,34266,7,7,1,6,0.8571,0.7143,1.0,6,3,3,1.0
1164858,3595,316475,34626,7,7,1,6,0.8571,0.7143,1.0,6,3,3,1.0
1184861,18887,18924,36248,7,7,1,6,0.8571,0.7143,1.0,6,3,3,1.0
1170482,24378,24393,37116,7,7,1,6,0.8571,0.7143,1.0,6,3,3,1.0
1175982,20667,243842,37882,7,7,1,6,0.8571,0.7143,1.0,6,3,3,1.0
1178570,20431,271680,38616,7,7,1,6,0.8571,0.7143,1.0,6,3,3,1.0
1184440,3113,3121,38891,7,7,1,6,0.8571,0.7143,1.0,6,3,3,1.0
1185133,19119,19185,39250,7,7,1,6,0.8571,0.7143,1.0,6,3,3,1.0
1219570,3968,3979,39356,7,7,1,6,0.8571,0.7143,1.0,6,3,3,1.0
1185046,19657,19658,39571,7,7,1,6,0.8571,0.7143,1.0,6,3,3,1.0
1185893,19574,19576,39743,7,7,1,6,0.8571,0.7143,1.0,6,3,3,1.0
1189785,4444,4431,39838,7,7,1,6,0.8571,0.7143,1.0,6,3,3,1.0
1219839,236157,236158,40513,7,7,1,6,0.8571,0.7143,1.0,6,3,3,1.0
1198181,11390,11360,41432,7,7,1,6,0.8571,0.7143,1.0,6,3,3,1.0
1198453,9547,23697,41529,7,7,1,6,0.8571,0.7143,1.0,6,3,3,1.0
1198646,12374,12380,41538,7,7,1,6,0.8571,0.7143,1.0,6,3,3,1.0
1199590,25079,12596,41632,7,7,1,6,0.8571,0.7143,1.0,6,3,3,1.0
1199709,10006,23941,41907,7,7,1,6,0.8571,0.7143,1.0,6,3,3,1.0
1199824,24957,24964,41914,7,7,1,6,0.8571,0.7143,1.0,6,3,3,1.0
1216105,279077,279355,42847,7,7,1,6,0.8571,0.7143,1.0,6,3,3,1.0
1210471,25313,25303,43703,7,7,1,6,0.8571,0.7143,1.0,6,3,3,1.0
1216110,279080,279079,43903,7,7,1,6,0.8571,0.7143,1.0,6,3,3,1.0
1218843,11457,11525,44374,7,7,1,6,0.8571,0.7143,1.0,6,3,3,1.0
1218487,11743,11722,44473,7,7,1,6,0.8571,0.7143,1.0,6,3,3,1.0
1219445,18717,18724,44629,7,7,1,6,0.8571,0.7143,1.0,6,3,3,1.0
1225777,91487,91488,45584,7,7,1,6,0.8571,0.7143,1.0,6,3,3,1.0
1287609,9870,9857,45735,7,7,1,6,0.8571,0.7143,1.0,6,3,3,1.0
1228624,23009,8225,45787,7,7,1,6,0.8571,0.7143,1.0,6,3,3,1.0
1227147,8899,8950,45801,7,7,1,6,0.8571,0.7143,1.0,6,3,3,1.0
1228162,23637,23618,46090,7,7,1,6,0.8571,0.7143,1.0,6,3,3,1.0
1266472,10169,24057,47252,7,7,1,6,0.8571,0.7143,1.0,6,3,3,1.0
1277636,1785,20265,48096,7,7,1,6,0.8571,0.7143,1.0,6,3,3,1.0
1272753,23386,23359,48459,7,7,1,6,0.8571,0.7143,1.0,6,3,3,1.0
1286089,9249,23588,48696,7,7,1,6,0.8571,0.7143,1.0,6,3,3,1.0
1274081,9643,9606,48736,7,7,1,6,0.8571,0.7143,1.0,6,3,3,1.0
1276039,6536,6512,49014,7,7,1,6,0.8571,0.7143,1.0,6,3,3,1.0
1276081,7422,7463,49029,7,7,1,6,0.8571,0.7143,1.0,6,3,3,1.0
1279849,22694,7249,49064,7,7,1,6,0.8571,0.7143,1.0,6,3,3,1.0
1306900,8558,8565,49589,7,7,1,6,0.8571,0.7143,1.0,6,3,3,1.0
1297559,91811,4638,50052,7,7,1,6,0.8571,0.7143,1.0,6,3,3,1.0
1279649,7455,7452,50072,7,7,1,6,0.8571,0.7143,1.0,6,3,3,1.0
1298510,22694,7299,50203,7,7,1,6,0.8571,0.7143,1.0,6,3,3,1.0
1280430,4957,4963,50302,7,7,1,6,0.8571,0.7143,1.0,6,3,3,1.0
1282451,19381,19380,50866,7,7,1,6,0.8571,0.7143,1.0,6,3,3,1.0
1282963,187516,207677,50962,7,7,1,6,0.8571,0.7143,1.0,6,3,3,1.0
1287878,9857,9802,51096,7,7,1,6,0.8571,0.7143,1.0,6,3,3,1.0
1298281,7455,7489,51231,7,7,1,6,0.8571,0.7143,1.0,6,3,3,1.0
1286637,22394,22382,51269,7,7,1,6,0.8571,0.7143,1.0,6,3,3,1.0
1288164,9771,9659,51495,7,7,1,6,0.8571,0.7143,1.0,6,3,3,1.0
1288563,22628,22634,51583,7,7,1,6,0.8571,0.7143,1.0,6,3,3,1.0
1309319,7477,7468,52031,7,7,1,6,0.8571,0.7143,1.0,6,3,3,1.0
1298315,7452,7490,52032,7,7,1,6,0.8571,0.7143,1.0,6,3,3,1.0
1309260,27441,19551,52147,7,7,1,6,0.8571,0.7143,1.0,6,3,3,1.0
1311330,6005,5992,52472,7,7,1,6,0.8571,0.7143,1.0,6,3,3,1.0
1300154,8764,8775,52473,7,7,1,6,0.8571,0.7143,1.0,6,3,3,1.0
1304219,6351,6322,52772,7,7,1,6,0.8571,0.7143,1.0,6,3,3,1.0
1303636,92774,92773,53140,7,7,1,6,0.8571,0.7143,1.0,6,3,3,1.0
1310666,22126,6042,53216,7,7,1,6,0.8571,0.7143,1.0,6,3,3,1.0
1309970,8335,8374,53468,7,7,1,6,0.8571,0.7143,1.0,6,3,3,1.0
1306084,23058,23074,53495,7,7,1,6,0.8571,0.7143,1.0,6,3,3,1.0
1310319,6087,6093,54226,7,7,1,6,0.8571,0.7143,1.0,6,3,3,1.0
1310995,22130,6040,54280,7,7,1,6,0.8571,0.7143,1.0,6,3,3,1.0
1220762,19073,19068,44824,10,10,1,8,0.8,0.7,1.0,9,3,3,1.0
1220643,19038,19068,44824,10,10,1,8,0.8,0.7,1.0,9,3,3,1.0
1286124,2085,152955,49613,10,10,1,8,0.8,0.7,1.0,9,3,3,1.0
1278062,2112,152955,49613,10,10,1,8,0.8,0.7,1.0,9,3,3,1.0
1132927,310079,343406,3953,13,13,2,11,0.8462,0.6923,1.0,12,3,3,1.0
1250651,310079,343406,3953,13,13,2,11,0.8462,0.6923,1.0,12,3,3,1.0
1158399,3869,3906,31575,13,13,2,11,0.8462,0.6923,1.0,12,3,3,1.0
1158383,3869,3906,31575,13,13,2,11,0.8462,0.6923,1.0,12,3,3,1.0
1112499,14701,25871,1123,15,15,2,12,0.8,0.6667,1.0,14,3,3,1.0
1148201,14701,25871,1123,15,15,2,12,0.8,0.6667,1.0,14,3,3,1.0
1084339,294400,294399,17336,12,12,2,10,0.8333,0.6667,1.0,11,3,3,1.0
1075104,294400,294399,17336,12,12,2,10,0.8333,0.6667,1.0,11,3,3,1.0
1249988,23153,23143,30113,12,12,2,10,0.8333,0.6667,1.0,11,3,3,1.0
1135854,23153,23143,30113,12,12,2,10,0.8333,0.6667,1.0,11,3,3,1.0
1223758,27256,27249,36744,12,12,2,10,0.8333,0.6667,1.0,11,3,3,1.0
1174425,27256,27249,36744,12,12,2,10,0.8333,0.6667,1.0,11,3,3,1.0
1001401,302,323,408,9,9,1,7,0.7778,0.6667,1.0,8,3,3,1.0
1001998,320,323,408,9,9,1,7,0.7778,0.6667,1.0,8,3,3,1.0
1137771,473123,473127,31766,11,9,1,7,0.7778,0.6667,1.0,10,3,3,1.0
1137778,473122,473127,31766,11,9,1,7,0.7778,0.6667,1.0,10,3,3,1.0
1146024,14724,25873,33017,9,9,1,7,0.7778,0.6667,1.0,8,3,3,1.0
1146055,25813,25873,33017,9,9,1,7,0.7778,0.6667,1.0,8,3,3,1.0
1158516,17241,17203,35194,9,9,1,7,0.7778,0.6667,1.0,8,3,3,1.0
1237748,17247,17203,35194,9,9,1,7,0.7778,0.6667,1.0,8,3,3,1.0
1186373,19561,19566,39830,9,9,1,7,0.7778,0.6667,1.0,8,3,3,1.0
1186332,27437,19566,39830,9,9,1,7,0.7778,0.6667,1.0,8,3,3,1.0
1304323,19707,19702,151,6,6,1,5,0.8333,0.6667,1.0,5,3,3,1.0
1003705,19681,19683,170,6,6,1,5,0.8333,0.6667,1.0,5,3,3,1.0
1003659,302,298,192,6,6,1,5,0.8333,0.6667,1.0,5,3,3,1.0
1000836,19677,19676,198,6,6,1,5,0.8333,0.6667,1.0,5,3,3,1.0
1001991,19820,356,466,6,6,1,5,0.8333,0.6667,1.0,5,3,3,1.0
1001780,230,255,470,6,6,1,5,0.8333,0.6667,1.0,5,3,3,1.0
1001794,157,185,558,6,6,1,5,0.8333,0.6667,1.0,5,3,3,1.0
1001578,9403,19852,563,6,6,1,5,0.8333,0.6667,1.0,5,3,3,1.0
1001881,84773,385,572,6,6,1,5,0.8333,0.6667,1.0,5,3,3,1.0
1008891,11667,24729,582,6,6,1,5,0.8333,0.6667,1.0,5,3,3,1.0
1011260,30683,30685,801,6,6,1,5,0.8333,0.6667,1.0,5,3,3,1.0
1039913,8889,8911,868,6,6,1,5,0.8333,0.6667,1.0,5,3,3,1.0
1095444,391393,391390,916,6,6,1,5,0.8333,0.6667,1.0,5,3,3,1.0
1002612,24265,10453,1052,6,6,1,5,0.8333,0.6667,1.0,5,3,3,1.0
1002678,17682,17646,1118,6,6,1,5,0.8333,0.6667,1.0,5,3,3,1.0
1115276,25596,25593,1122,6,6,1,5,0.8333,0.6667,1.0,5,3,3,1.0
1003688,19685,19695,1225,6,6,1,5,0.8333,0.6667,1.0,5,3,3,1.0
1231809,19702,19693,1229,6,6,1,5,0.8333,0.6667,1.0,5,3,3,1.0
1003634,19695,19697,1241,6,6,1,5,0.8333,0.6667,1.0,5,3,3,1.0
1003753,19708,19706,1261,6,6,1,5,0.8333,0.6667,1.0,5,3,3,1.0
1003795,19679,19684,1290,6,6,1,5,0.8333,0.6667,1.0,5,3,3,1.0
1004245,13370,13341,1370,6,6,1,5,0.8333,0.6667,1.0,5,3,3,1.0
1025449,24846,24837,1426,6,6,1,5,0.8333,0.6667,1.0,5,3,3,1.0
1004281,22789,7486,1475,6,6,1,5,0.8333,0.6667,1.0,5,3,3,1.0
1021421,25390,13249,1513,6,6,1,5,0.8333,0.6667,1.0,5,3,3,1.0
1004581,23048,23066,1573,6,6,1,5,0.8333,0.6667,1.0,5,3,3,1.0
1005143,6657,6656,1768,6,6,1,5,0.8333,0.6667,1.0,5,3,3,1.0
1006545,9651,9637,1836,6,6,1,5,0.8333,0.6667,1.0,5,3,3,1.0
1008477,24691,11715,1846,6,6,1,5,0.8333,0.6667,1.0,5,3,3,1.0
1303089,5146,5165,2002,6,6,1,5,0.8333,0.6667,1.0,5,3,3,1.0
1009014,24254,10571,2141,6,6,1,5,0.8333,0.6667,1.0,5,3,3,1.0
1006359,10593,10532,2150,6,6,1,5,0.8333,0.6667,1.0,5,3,3,1.0
1021215,12214,12271,2265,6,6,1,5,0.8333,0.6667,1.0,5,3,3,1.0
1025619,10416,10336,2342,6,6,1,5,0.8333,0.6667,1.0,5,3,3,1.0
1257381,63655,3533,2402,6,6,1,5,0.8333,0.6667,1.0,5,3,3,1.0
1008361,145599,145600,2671,6,6,1,5,0.8333,0.6667,1.0,5,3,3,1.0
1010385,49568,35177,2963,6,6,1,5,0.8333,0.6667,1.0,5,3,3,1.0
1010609,79969,79968,3145,6,6,1,5,0.8333,0.6667,1.0,5,3,3,1.0
1027467,24072,24044,3282,6,6,1,5,0.8333,0.6667,1.0,5,3,3,1.0
1054104,88287,88286,3449,6,6,1,5,0.8333,0.6667,1.0,5,3,3,1.0
1057375,344286,344287,3472,6,6,1,5,0.8333,0.6667,1.0,5,3,3,1.0
1011673,6780,6741,3563,6,6,1,5,0.8333,0.6667,1.0,5,3,3,1.0
1053916,22886,7845,3569,6,6,1,5,0.8333,0.6667,1.0,5,3,3,1.0
1011863,376717,376718,3614,6,6,1,5,0.8333,0.6667,1.0,5,3,3,1.0
1036357,22540,22526,3664,6,6,1,5,0.8333,0.6667,1.0,5,3,3,1.0
1012844,6909,6970,3887,6,6,1,5,0.8333,0.6667,1.0,5,3,3,1.0
1013049,349835,11249,4038,6,6,1,5,0.8333,0.6667,1.0,5,3,3,1.0
1144593,2896,21025,4206,6,6,1,5,0.8333,0.6667,1.0,5,3,3,1.0
1059113,383807,383787,4352,6,6,1,5,0.8333,0.6667,1.0,5,3,3,1.0
1060012,378462,378464,4413,6,6,1,5,0.8333,0.6667,1.0,5,3,3,1.0
1137774,537132,537131,4627,6,6,1,5,0.8333,0.6667,1.0,5,3,3,1.0
1102845,16841,16828,4722,6,6,1,5,0.8333,0.6667,1.0,5,3,3,1.0
1040401,237119,237120,4757,6,6,1,5,0.8333,0.6667,1.0,5,3,3,1.0
1124193,932,942,4820,6,6,1,5,0.8333,0.6667,1.0,5,3,3,1.0
1059542,384084,384085,4866,6,6,1,5,0.8333,0.6667,1.0,5,3,3,1.0
1266032,338235,9495,4883,6,6,1,5,0.8333,0.6667,1.0,5,3,3,1.0
1158259,17307,17357,4899,6,6,1,5,0.8333,0.6667,1.0,5,3,3,1.0
1019066,175995,175996,5246,6,6,1,5,0.8333,0.6667,1.0,5,3,3,1.0
1275787,23513,23512,5500,6,6,1,5,0.8333,0.6667,1.0,5,3,3,1.0
1023650,23134,8466,5546,6,6,1,5,0.8333,0.6667,1.0,5,3,3,1.0
1020353,8923,9019,5589,6,6,1,5,0.8333,0.6667,1.0,5,3,3,1.0
1020879,23690,23710,5590,6,6,1,5,0.8333,0.6667,1.0,5,3,3,1.0
1026304,13088,13016,5859,6,6,1,5,0.8333,0.6667,1.0,5,3,3,1.0
1021570,7478,7427,5884,6,6,1,5,0.8333,0.6667,1.0,5,3,3,1.0
1021672,13223,13211,5914,6,6,1,5,0.8333,0.6667,1.0,5,3,3,1.0
1021778,36133,36134,5933,6,6,1,5,0.8333,0.6667,1.0,5,3,3,1.0
1035418,24329,10654,5943,6,6,1,5,0.8333,0.6667,1.0,5,3,3,1.0
1021870,11987,24777,5955,6,6,1,5,0.8333,0.6667,1.0,5,3,3,1.0
1021985,10120,10158,5985,6,6,1,5,0.8333,0.6667,1.0,5,3,3,1.0
1046179,173130,173122,6287,6,6,1,5,0.8333,0.6667,1.0,5,3,3,1.0
1185358,19545,19569,6370,6,6,1,5,0.8333,0.6667,1.0,5,3,3,1.0
1081322,13820,13833,6390,6,6,1,5,0.8333,0.6667,1.0,5,3,3,1.0
1023528,23402,8927,6408,6,6,1,5,0.8333,0.6667,1.0,5,3,3,1.0
1093836,17861,17860,6557,6,6,1,5,0.8333,0.6667,1.0,5,3,3,1.0
1024652,8665,8663,6685,6,6,1,5,0.8333,0.6667,1.0,5,3,3,1.0
1024794,16877,4497,6719,6,6,1,5,0.8333,0.6667,1.0,5,3,3,1.0
1035092,6790,22519,7054,6,6,1,5,0.8333,0.6667,1.0,5,3,3,1.0
1028538,8717,23274,7076,6,6,1,5,0.8333,0.6667,1.0,5,3,3,1.0
1053661,24416,24396,7137,6,6,1,5,0.8333,0.6667,1.0,5,3,3,1.0
1132992,246730,247035,7246,6,6,1,5,0.8333,0.6667,1.0,5,3,3,1.0
1029970,6382,6433,7331,6,6,1,5,0.8333,0.6667,1.0,5,3,3,1.0
1028564,375244,17083,7530,6,6,1,5,0.8333,0.6667,1.0,5,3,3,1.0
1028584,26566,16888,7549,6,6,1,5,0.8333,0.6667,1.0,5,3,3,1.0
1028606,17769,26894,7568,6,6,1,5,0.8333,0.6667,1.0,5,3,3,1.0
1080041,279680,26274,7577,6,6,1,5,0.8333,0.6667,1.0,5,3,3,1.0
1029495,7629,7628,7703,6,6,1,5,0.8333,0.6667,1.0,5,3,3,1.0
1039194,7417,7402,7788,6,6,1,5,0.8333,0.6667,1.0,5,3,3,1.0
1068248,22420,6818,8062,6,6,1,5,0.8333,0.6667,1.0,5,3,3,1.0
1044507,7162,22635,8478,6,6,1,5,0.8333,0.6667,1.0,5,3,3,1.0
1136206,11033,24470,8624,6,6,1,5,0.8333,0.6667,1.0,5,3,3,1.0
1044005,6446,6496,8673,6,6,1,5,0.8333,0.6667,1.0,5,3,3,1.0
1032886,6867,22469,8718,6,6,1,5,0.8333,0.6667,1.0,5,3,3,1.0
1041499,22435,22475,8769,6,6,1,5,0.8333,0.6667,1.0,5,3,3,1.0
1033223,341120,343394,8854,6,6,1,5,0.8333,0.6667,1.0,5,3,3,1.0
1033222,285128,285129,8855,6,6,1,5,0.8333,0.6667,1.0,5,3,3,1.0
1033282,291199,294077,8868,6,6,1,5,0.8333,0.6667,1.0,5,3,3,1.0
1044551,6763,6726,8971,6,6,1,5,0.8333,0.6667,1.0,5,3,3,1.0
1277925,20388,2033,8996,6,6,1,5,0.8333,0.6667,1.0,5,3,3,1.0
1034360,159047,159048,9096,6,6,1,5,0.8333,0.6667,1.0,5,3,3,1.0
1133006,22142,22143,9280,6,6,1,5,0.8333,0.6667,1.0,5,3,3,1.0
1047486,292160,292157,9284,6,6,1,5,0.8333,0.6667,1.0,5,3,3,1.0
1035839,458703,458701,9404,6,6,1,5,0.8333,0.6667,1.0,5,3,3,1.0
1041316,7835,22910,9584,6,6,1,5,0.8333,0.6667,1.0,5,3,3,1.0
1143711,3134,535916,9623,6,6,1,5,0.8333,0.6667,1.0,5,3,3,1.0
1038052,148480,148479,9644,6,6,1,5,0.8333,0.6667,1.0,5,3,3,1.0
1037959,6730,6770,9868,6,6,1,5,0.8333,0.6667,1.0,5,3,3,1.0
1041470,6510,6475,9874,6,6,1,5,0.8333,0.6667,1.0,5,3,3,1.0
1144724,13137,13124,9891,6,6,1,5,0.8333,0.6667,1.0,5,3,3,1.0
1038452,345055,354828,9977,6,6,1,5,0.8333,0.6667,1.0,5,3,3,1.0
1041935,20855,20827,10755,6,6,1,5,0.8333,0.6667,1.0,5,3,3,1.0
1042083,376559,376558,10785,6,6,1,5,0.8333,0.6667,1.0,5,3,3,1.0
1042454,148182,148180,10851,6,6,1,5,0.8333,0.6667,1.0,5,3,3,1.0
1042716,22316,6547,10895,6,6,1,5,0.8333,0.6667,1.0,5,3,3,1.0
1065843,119663,119665,11167,6,6,1,5,0.8333,0.6667,1.0,5,3,3,1.0
1044783,170236,170237,11335,6,6,1,5,0.8333,0.6667,1.0,5,3,3,1.0
1044965,148807,148804,11362,6,6,1,5,0.8333,0.6667,1.0,5,3,3,1.0
1045994,328315,328316,11563,6,6,1,5,0.8333,0.6667,1.0,5,3,3,1.0
1046605,343195,350008,11678,6,6,1,5,0.8333,0.6667,1.0,5,3,3,1.0
1046808,167998,167999,11706,6,6,1,5,0.8333,0.6667,1.0,5,3,3,1.0
1047832,506731,410539,11876,6,6,1,5,0.8333,0.6667,1.0,5,3,3,1.0
1056430,201607,201608,11984,6,6,1,5,0.8333,0.6667,1.0,5,3,3,1.0
1048361,91168,91171,11997,6,6,1,5,0.8333,0.6667,1.0,5,3,3,1.0
1126025,14450,14389,12163,6,6,1,5,0.8333,0.6667,1.0,5,3,3,1.0
1128504,22658,22597,12210,6,6,1,5,0.8333,0.6667,1.0,5,3,3,1.0
1054647,349595,349598,12710,6,6,1,5,0.8333,0.6667,1.0,5,3,3,1.0
1054765,143039,143038,12732,6,6,1,5,0.8333,0.6667,1.0,5,3,3,1.0
1089891,14442,14490,12748,6,6,1,5,0.8333,0.6667,1.0,5,3,3,1.0
1102513,26474,26481,13103,6,6,1,5,0.8333,0.6667,1.0,5,3,3,1.0
1066708,247045,247044,13444,6,6,1,5,0.8333,0.6667,1.0,5,3,3,1.0
1063050,375107,375106,13504,6,6,1,5,0.8333,0.6667,1.0,5,3,3,1.0
1067270,118723,118722,13528,6,6,1,5,0.8333,0.6667,1.0,5,3,3,1.0
1059150,375314,375315,13542,6,6,1,5,0.8333,0.6667,1.0,5,3,3,1.0
1059237,26592,16937,13588,6,6,1,5,0.8333,0.6667,1.0,5,3,3,1.0
1079797,26310,26311,13626,6,6,1,5,0.8333,0.6667,1.0,5,3,3,1.0
1146612,3108,343932,13654,6,6,1,5,0.8333,0.6667,1.0,5,3,3,1.0
1059442,12105,12188,13707,6,6,1,5,0.8333,0.6667,1.0,5,3,3,1.0
1210478,25307,25292,13794,6,6,1,5,0.8333,0.6667,1.0,5,3,3,1.0
1091862,17524,17540,13894,6,6,1,5,0.8333,0.6667,1.0,5,3,3,1.0
1089381,15541,15540,14093,6,6,1,5,0.8333,0.6667,1.0,5,3,3,1.0
1061321,370342,370341,14182,6,6,1,5,0.8333,0.6667,1.0,5,3,3,1.0
1060802,87334,87333,14234,6,6,1,5,0.8333,0.6667,1.0,5,3,3,1.0
1248134,18920,18904,14347,6,6,1,5,0.8333,0.6667,1.0,5,3,3,1.0
1065360,123180,122872,14934,6,6,1,5,0.8333,0.6667,1.0,5,3,3,1.0
1066900,133741,5660,15027,6,6,1,5,0.8333,0.6667,1.0,5,3,3,1.0
1067210,128635,128642,15142,6,6,1,5,0.8333,0.6667,1.0,5,3,3,1.0
1066399,275841,275844,15153,6,6,1,5,0.8333,0.6667,1.0,5,3,3,1.0
1067144,128630,128622,15203,6,6,1,5,0.8333,0.6667,1.0,5,3,3,1.0
1068901,164798,161603,15237,6,6,1,5,0.8333,0.6667,1.0,5,3,3,1.0
1237778,156485,156484,15288,6,6,1,5,0.8333,0.6667,1.0,5,3,3,1.0
1067608,115181,115182,15436,6,6,1,5,0.8333,0.6667,1.0,5,3,3,1.0
1068328,364958,364957,15599,6,6,1,5,0.8333,0.6667,1.0,5,3,3,1.0
1070505,5291,5303,15668,6,6,1,5,0.8333,0.6667,1.0,5,3,3,1.0
1069944,19227,27310,15755,6,6,1,5,0.8333,0.6667,1.0,5,3,3,1.0
1081694,19172,19144,15908,6,6,1,5,0.8333,0.6667,1.0,5,3,3,1.0
1078466,19311,19292,15945,6,6,1,5,0.8333,0.6667,1.0,5,3,3,1.0
1069997,264001,264002,15980,6,6,1,5,0.8333,0.6667,1.0,5,3,3,1.0
1095592,5314,5284,16179,6,6,1,5,0.8333,0.6667,1.0,5,3,3,1.0
1070869,14608,14574,16189,6,6,1,5,0.8333,0.6667,1.0,5,3,3,1.0
1104408,16972,16950,16270,6,6,1,5,0.8333,0.6667,1.0,5,3,3,1.0
1075217,35493,35490,16388,6,6,1,5,0.8333,0.6667,1.0,5,3,3,1.0
1071383,19292,19272,16408,6,6,1,5,0.8333,0.6667,1.0,5,3,3,1.0
1175161,24825,24807,16420,6,6,1,5,0.8333,0.6667,1.0,5,3,3,1.0
1133395,24214,5381,16422,6,6,1,5,0.8333,0.6667,1.0,5,3,3,1.0
1077548,19172,19181,16423,6,6,1,5,0.8333,0.6667,1.0,5,3,3,1.0
1121113,54048,35484,16440,6,6,1,5,0.8333,0.6667,1.0,5,3,3,1.0
1072319,364860,429979,16569,6,6,1,5,0.8333,0.6667,1.0,5,3,3,1.0
1179080,25468,13592,16627,6,6,1,5,0.8333,0.6667,1.0,5,3,3,1.0
1179078,13531,25461,16876,6,6,1,5,0.8333,0.6667,1.0,5,3,3,1.0
1281114,15004,25966,17018,6,6,1,5,0.8333,0.6667,1.0,5,3,3,1.0
1289253,7237,7206,17130,6,6,1,5,0.8333,0.6667,1.0,5,3,3,1.0
1074789,13969,14055,17478,6,6,1,5,0.8333,0.6667,1.0,5,3,3,1.0
1077093,19547,27431,17546,6,6,1,5,0.8333,0.6667,1.0,5,3,3,1.0
1075194,35494,35492,17559,6,6,1,5,0.8333,0.6667,1.0,5,3,3,1.0
1075731,27404,27413,17697,6,6,1,5,0.8333,0.6667,1.0,5,3,3,1.0
1077335,284158,284157,17774,6,6,1,5,0.8333,0.6667,1.0,5,3,3,1.0
1077372,19250,19276,17830,6,6,1,5,0.8333,0.6667,1.0,5,3,3,1.0
1076678,284157,284155,17901,6,6,1,5,0.8333,0.6667,1.0,5,3,3,1.0
1078243,18038,18081,18254,6,6,1,5,0.8333,0.6667,1.0,5,3,3,1.0
1078583,18782,18732,18322,6,6,1,5,0.8333,0.6667,1.0,5,3,3,1.0
1099551,26361,26356,18379,6,6,1,5,0.8333,0.6667,1.0,5,3,3,1.0
1089721,129899,129903,18458,6,6,1,5,0.8333,0.6667,1.0,5,3,3,1.0
1081079,95978,95976,18527,6,6,1,5,0.8333,0.6667,1.0,5,3,3,1.0
1083918,35166,96296,18535,6,6,1,5,0.8333,0.6667,1.0,5,3,3,1.0
1079712,17287,17317,18586,6,6,1,5,0.8333,0.6667,1.0,5,3,3,1.0
1079837,26310,16066,18610,6,6,1,5,0.8333,0.6667,1.0,5,3,3,1.0
1079834,26325,26327,18615,6,6,1,5,0.8333,0.6667,1.0,5,3,3,1.0
1081723,27176,18557,18666,6,6,1,5,0.8333,0.6667,1.0,5,3,3,1.0
1110763,15480,15444,18672,6,6,1,5,0.8333,0.6667,1.0,5,3,3,1.0
1137103,13963,13994,18731,6,6,1,5,0.8333,0.6667,1.0,5,3,3,1.0
1082691,14119,14150,18735,6,6,1,5,0.8333,0.6667,1.0,5,3,3,1.0
1082011,14867,14922,18878,6,6,1,5,0.8333,0.6667,1.0,5,3,3,1.0
1152427,260481,3261,18960,6,6,1,5,0.8333,0.6667,1.0,5,3,3,1.0
1099362,15864,15846,18965,6,6,1,5,0.8333,0.6667,1.0,5,3,3,1.0
1082319,15778,15796,19007,6,6,1,5,0.8333,0.6667,1.0,5,3,3,1.0
1137067,15839,15826,19048,6,6,1,5,0.8333,0.6667,1.0,5,3,3,1.0
1082102,15764,15784,19057,6,6,1,5,0.8333,0.6667,1.0,5,3,3,1.0
1082001,15828,15847,19122,6,6,1,5,0.8333,0.6667,1.0,5,3,3,1.0
1202111,26990,27003,19191,6,6,1,5,0.8333,0.6667,1.0,5,3,3,1.0
1149888,14277,14343,19199,6,6,1,5,0.8333,0.6667,1.0,5,3,3,1.0
1082326,15789,15829,19261,6,6,1,5,0.8333,0.6667,1.0,5,3,3,1.0
1105978,15462,15454,19313,6,6,1,5,0.8333,0.6667,1.0,5,3,3,1.0
1092716,27028,18074,19320,6,6,1,5,0.8333,0.6667,1.0,5,3,3,1.0
1133690,14137,14176,19335,6,6,1,5,0.8333,0.6667,1.0,5,3,3,1.0
1082712,15759,15785,19379,6,6,1,5,0.8333,0.6667,1.0,5,3,3,1.0
1287643,9848,9949,19400,6,6,1,5,0.8333,0.6667,1.0,5,3,3,1.0
1210281,12880,12825,19423,6,6,1,5,0.8333,0.6667,1.0,5,3,3,1.0
1083023,18095,27020,19486,6,6,1,5,0.8333,0.6667,1.0,5,3,3,1.0
1202112,18068,26990,19498,6,6,1,5,0.8333,0.6667,1.0,5,3,3,1.0
1113818,14476,25785,19606,6,6,1,5,0.8333,0.6667,1.0,5,3,3,1.0
1083324,25785,25832,19615,6,6,1,5,0.8333,0.6667,1.0,5,3,3,1.0
1174731,27272,19050,19654,6,6,1,5,0.8333,0.6667,1.0,5,3,3,1.0
1174451,19075,19089,19657,6,6,1,5,0.8333,0.6667,1.0,5,3,3,1.0
1088120,16033,16015,19982,6,6,1,5,0.8333,0.6667,1.0,5,3,3,1.0
1091277,14417,14419,20027,6,6,1,5,0.8333,0.6667,1.0,5,3,3,1.0
1111508,378251,246722,20275,6,6,1,5,0.8333,0.6667,1.0,5,3,3,1.0
1089253,14577,14599,20308,6,6,1,5,0.8333,0.6667,1.0,5,3,3,1.0
1112442,14413,14374,20355,6,6,1,5,0.8333,0.6667,1.0,5,3,3,1.0
1090587,15328,15332,20468,6,6,1,5,0.8333,0.6667,1.0,5,3,3,1.0
1090703,15368,15385,20570,6,6,1,5,0.8333,0.6667,1.0,5,3,3,1.0
1167917,18591,18572,20718,6,6,1,5,0.8333,0.6667,1.0,5,3,3,1.0
1275380,64283,18549,20724,6,6,1,5,0.8333,0.6667,1.0,5,3,3,1.0
1111797,16771,16758,20823,6,6,1,5,0.8333,0.6667,1.0,5,3,3,1.0
1111932,25327,25338,20838,6,6,1,5,0.8333,0.6667,1.0,5,3,3,1.0
1090981,18283,18250,20843,6,6,1,5,0.8333,0.6667,1.0,5,3,3,1.0
1167603,27034,27024,20886,6,6,1,5,0.8333,0.6667,1.0,5,3,3,1.0
1188353,19586,19601,21212,6,6,1,5,0.8333,0.6667,1.0,5,3,3,1.0
1092185,18364,18319,21319,6,6,1,5,0.8333,0.6667,1.0,5,3,3,1.0
1186430,19259,19260,21329,6,6,1,5,0.8333,0.6667,1.0,5,3,3,1.0
1186162,19226,19259,21330,6,6,1,5,0.8333,0.6667,1.0,5,3,3,1.0
1102915,26362,26363,21391,6,6,1,5,0.8333,0.6667,1.0,5,3,3,1.0
1185724,19559,19538,21412,6,6,1,5,0.8333,0.6667,1.0,5,3,3,1.0
1153883,2251,425292,21421,6,6,1,5,0.8333,0.6667,1.0,5,3,3,1.0
1092578,25251,25263,21473,6,6,1,5,0.8333,0.6667,1.0,5,3,3,1.0
1185275,19642,19640,21515,6,6,1,5,0.8333,0.6667,1.0,5,3,3,1.0
1100624,17143,17120,21635,6,6,1,5,0.8333,0.6667,1.0,5,3,3,1.0
1093261,17562,17544,21675,6,6,1,5,0.8333,0.6667,1.0,5,3,3,1.0
1093360,19284,19253,21711,6,6,1,5,0.8333,0.6667,1.0,5,3,3,1.0
1093736,17852,17815,21809,6,6,1,5,0.8333,0.6667,1.0,5,3,3,1.0
1102089,16532,16575,21810,6,6,1,5,0.8333,0.6667,1.0,5,3,3,1.0
1093797,17686,17660,21813,6,6,1,5,0.8333,0.6667,1.0,5,3,3,1.0
1099631,17843,17861,21859,6,6,1,5,0.8333,0.6667,1.0,5,3,3,1.0
1094722,26722,26718,22074,6,6,1,5,0.8333,0.6667,1.0,5,3,3,1.0
1101345,26723,17394,22083,6,6,1,5,0.8333,0.6667,1.0,5,3,3,1.0
1176535,11468,11490,22129,6,6,1,5,0.8333,0.6667,1.0,5,3,3,1.0
1095114,375025,120939,22131,6,6,1,5,0.8333,0.6667,1.0,5,3,3,1.0
1110144,14092,14057,22157,6,6,1,5,0.8333,0.6667,1.0,5,3,3,1.0
1096145,391439,391437,22444,6,6,1,5,0.8333,0.6667,1.0,5,3,3,1.0
1137801,706882,378465,22540,6,6,1,5,0.8333,0.6667,1.0,5,3,3,1.0
1183770,280966,24453,22543,6,6,1,5,0.8333,0.6667,1.0,5,3,3,1.0
1097185,9673,9664,22706,6,6,1,5,0.8333,0.6667,1.0,5,3,3,1.0
1282527,26634,26660,22974,6,6,1,5,0.8333,0.6667,1.0,5,3,3,1.0
1099829,17314,17315,23102,6,6,1,5,0.8333,0.6667,1.0,5,3,3,1.0
1121104,26497,26510,23115,6,6,1,5,0.8333,0.6667,1.0,5,3,3,1.0
1106050,26713,26727,23146,6,6,1,5,0.8333,0.6667,1.0,5,3,3,1.0
1100260,16655,16644,23193,6,6,1,5,0.8333,0.6667,1.0,5,3,3,1.0
1103076,17188,17225,23229,6,6,1,5,0.8333,0.6667,1.0,5,3,3,1.0
1121103,17027,17056,23278,6,6,1,5,0.8333,0.6667,1.0,5,3,3,1.0
1103408,16697,16682,23400,6,6,1,5,0.8333,0.6667,1.0,5,3,3,1.0
1111866,16679,16663,23412,6,6,1,5,0.8333,0.6667,1.0,5,3,3,1.0
1101902,17843,17819,23575,6,6,1,5,0.8333,0.6667,1.0,5,3,3,1.0
1109401,17225,26696,23826,6,6,1,5,0.8333,0.6667,1.0,5,3,3,1.0
1103194,26474,26475,23842,6,6,1,5,0.8333,0.6667,1.0,5,3,3,1.0
1103290,14697,14679,23868,6,6,1,5,0.8333,0.6667,1.0,5,3,3,1.0
1110186,17345,17349,23964,6,6,1,5,0.8333,0.6667,1.0,5,3,3,1.0
1111378,17414,17423,23968,6,6,1,5,0.8333,0.6667,1.0,5,3,3,1.0
1103675,26724,17414,23969,6,6,1,5,0.8333,0.6667,1.0,5,3,3,1.0
1104482,25655,14166,24143,6,6,1,5,0.8333,0.6667,1.0,5,3,3,1.0
1121065,396191,13276,24258,6,6,1,5,0.8333,0.6667,1.0,5,3,3,1.0
1109321,17373,17346,24306,6,6,1,5,0.8333,0.6667,1.0,5,3,3,1.0
1133342,15533,15504,24468,6,6,1,5,0.8333,0.6667,1.0,5,3,3,1.0
1138160,17387,17368,24480,6,6,1,5,0.8333,0.6667,1.0,5,3,3,1.0
1171203,4545,4535,24496,6,6,1,5,0.8333,0.6667,1.0,5,3,3,1.0
1187314,15779,15809,24690,6,6,1,5,0.8333,0.6667,1.0,5,3,3,1.0
1108931,17321,17303,24804,6,6,1,5,0.8333,0.6667,1.0,5,3,3,1.0
1108944,17373,17321,24808,6,6,1,5,0.8333,0.6667,1.0,5,3,3,1.0
1112142,27104,27102,24851,6,6,1,5,0.8333,0.6667,1.0,5,3,3,1.0
1109117,14792,14802,24857,6,6,1,5,0.8333,0.6667,1.0,5,3,3,1.0
1110386,18191,18184,24870,6,6,1,5,0.8333,0.6667,1.0,5,3,3,1.0
1109475,15869,15859,24929,6,6,1,5,0.8333,0.6667,1.0,5,3,3,1.0
1109814,18812,18825,24999,6,6,1,5,0.8333,0.6667,1.0,5,3,3,1.0
1111613,13767,13758,25005,6,6,1,5,0.8333,0.6667,1.0,5,3,3,1.0
1114763,25412,25413,25093,6,6,1,5,0.8333,0.6667,1.0,5,3,3,1.0
1112869,12781,25221,25098,6,6,1,5,0.8333,0.6667,1.0,5,3,3,1.0
1112140,18270,18266,25115,6,6,1,5,0.8333,0.6667,1.0,5,3,3,1.0
1142784,18173,18235,25123,6,6,1,5,0.8333,0.6667,1.0,5,3,3,1.0
1111977,13479,13444,25151,6,6,1,5,0.8333,0.6667,1.0,5,3,3,1.0
1110544,17399,17427,25159,6,6,1,5,0.8333,0.6667,1.0,5,3,3,1.0
1110672,18113,18100,25175,6,6,1,5,0.8333,0.6667,1.0,5,3,3,1.0
1112420,18125,27046,25177,6,6,1,5,0.8333,0.6667,1.0,5,3,3,1.0
1110689,18118,18122,25183,6,6,1,5,0.8333,0.6667,1.0,5,3,3,1.0
1114587,13143,13164,25200,6,6,1,5,0.8333,0.6667,1.0,5,3,3,1.0
1138780,13803,13785,25373,6,6,1,5,0.8333,0.6667,1.0,5,3,3,1.0
1111943,25830,14601,25436,6,6,1,5,0.8333,0.6667,1.0,5,3,3,1.0
1112389,18235,27105,25473,6,6,1,5,0.8333,0.6667,1.0,5,3,3,1.0
1112157,18226,27081,25483,6,6,1,5,0.8333,0.6667,1.0,5,3,3,1.0
1121091,13025,13048,25511,6,6,1,5,0.8333,0.6667,1.0,5,3,3,1.0
1145045,25312,13111,25514,6,6,1,5,0.8333,0.6667,1.0,5,3,3,1.0
1113095,13288,13332,25781,6,6,1,5,0.8333,0.6667,1.0,5,3,3,1.0
1113182,14196,14404,25809,6,6,1,5,0.8333,0.6667,1.0,5,3,3,1.0
1142846,25210,25233,25910,6,6,1,5,0.8333,0.6667,1.0,5,3,3,1.0
1150174,25401,13418,26001,6,6,1,5,0.8333,0.6667,1.0,5,3,3,1.0
1114568,13103,13117,26115,6,6,1,5,0.8333,0.6667,1.0,5,3,3,1.0
1115321,50858,50857,26282,6,6,1,5,0.8333,0.6667,1.0,5,3,3,1.0
1121075,13691,13676,26490,6,6,1,5,0.8333,0.6667,1.0,5,3,3,1.0
1119310,425117,425116,26578,6,6,1,5,0.8333,0.6667,1.0,5,3,3,1.0
1286008,17915,17887,26601,6,6,1,5,0.8333,0.6667,1.0,5,3,3,1.0
1246081,405742,410573,26701,6,6,1,5,0.8333,0.6667,1.0,5,3,3,1.0
1121122,27124,27126,26901,6,6,1,5,0.8333,0.6667,1.0,5,3,3,1.0
1220928,12542,25051,27199,6,6,1,5,0.8333,0.6667,1.0,5,3,3,1.0
1127065,20017,12869,27460,6,6,1,5,0.8333,0.6667,1.0,5,3,3,1.0
1123342,13520,13539,27525,6,6,1,5,0.8333,0.6667,1.0,5,3,3,1.0
1126002,14340,14395,28120,6,6,1,5,0.8333,0.6667,1.0,5,3,3,1.0
1126463,20989,21013,28270,6,6,1,5,0.8333,0.6667,1.0,5,3,3,1.0
1127353,8076,23019,28554,6,6,1,5,0.8333,0.6667,1.0,5,3,3,1.0
1266875,9518,9542,28566,6,6,1,5,0.8333,0.6667,1.0,5,3,3,1.0
1223193,24342,24359,28765,6,6,1,5,0.8333,0.6667,1.0,5,3,3,1.0
1301084,7012,22594,28799,6,6,1,5,0.8333,0.6667,1.0,5,3,3,1.0
1185642,19652,19649,28917,6,6,1,5,0.8333,0.6667,1.0,5,3,3,1.0
1148412,2005,20395,28920,6,6,1,5,0.8333,0.6667,1.0,5,3,3,1.0
1128252,10797,10774,28944,6,6,1,5,0.8333,0.6667,1.0,5,3,3,1.0
1268077,23169,23160,29016,6,6,1,5,0.8333,0.6667,1.0,5,3,3,1.0
1168813,27287,27286,29022,6,6,1,5,0.8333,0.6667,1.0,5,3,3,1.0
1289594,9869,9890,29076,6,6,1,5,0.8333,0.6667,1.0,5,3,3,1.0
1306785,6178,6197,29154,6,6,1,5,0.8333,0.6667,1.0,5,3,3,1.0
1128631,6716,6754,29156,6,6,1,5,0.8333,0.6667,1.0,5,3,3,1.0
1128831,15630,15603,29262,6,6,1,5,0.8333,0.6667,1.0,5,3,3,1.0
1200914,11038,24511,29298,6,6,1,5,0.8333,0.6667,1.0,5,3,3,1.0
1128961,9805,9867,29318,6,6,1,5,0.8333,0.6667,1.0,5,3,3,1.0
1247641,312316,21783,29506,6,6,1,5,0.8333,0.6667,1.0,5,3,3,1.0
1196589,9975,23924,29592,6,6,1,5,0.8333,0.6667,1.0,5,3,3,1.0
1132177,22827,22848,29914,6,6,1,5,0.8333,0.6667,1.0,5,3,3,1.0
1132754,150730,150727,30152,6,6,1,5,0.8333,0.6667,1.0,5,3,3,1.0
1247844,,136956,30216,7,6,0,4,0.6667,0.6667,1.0,6,3,3,1.0
1309895,6096,6102,30777,6,6,1,5,0.8333,0.6667,1.0,5,3,3,1.0
1134939,10049,10018,30990,6,6,1,5,0.8333,0.6667,1.0,5,3,3,1.0
1209374,25303,12942,31064,6,6,1,5,0.8333,0.6667,1.0,5,3,3,1.0
1135988,11963,10230,31266,6,6,1,5,0.8333,0.6667,1.0,5,3,3,1.0
1146041,14643,14724,31289,6,6,1,5,0.8333,0.6667,1.0,5,3,3,1.0
1143129,66225,54371,31427,6,6,1,5,0.8333,0.6667,1.0,5,3,3,1.0
1268289,17068,17092,31558,6,6,1,5,0.8333,0.6667,1.0,5,3,3,1.0
1149303,14183,25697,31584,6,6,1,5,0.8333,0.6667,1.0,5,3,3,1.0
1267816,11739,11774,31586,6,6,1,5,0.8333,0.6667,1.0,5,3,3,1.0
1266762,2198,136958,31594,6,6,1,5,0.8333,0.6667,1.0,5,3,3,1.0
1288167,9759,9707,31614,6,6,1,5,0.8333,0.6667,1.0,5,3,3,1.0
1277198,4572,4597,31880,6,6,1,5,0.8333,0.6667,1.0,5,3,3,1.0
1143017,10259,24105,32269,6,6,1,5,0.8333,0.6667,1.0,5,3,3,1.0
1143402,26288,15933,32403,6,6,1,5,0.8333,0.6667,1.0,5,3,3,1.0
1146487,26068,21273,33113,6,6,1,5,0.8333,0.6667,1.0,5,3,3,1.0
1148355,20436,84768,33467,6,6,1,5,0.8333,0.6667,1.0,5,3,3,1.0
1152845,7392,22740,33964,6,6,1,5,0.8333,0.6667,1.0,5,3,3,1.0
1153262,10460,10419,34183,6,6,1,5,0.8333,0.6667,1.0,5,3,3,1.0
1159398,102364,102365,34357,6,6,1,5,0.8333,0.6667,1.0,5,3,3,1.0
1154809,2034,2042,34487,6,6,1,5,0.8333,0.6667,1.0,5,3,3,1.0
1203055,26989,18033,35130,6,6,1,5,0.8333,0.6667,1.0,5,3,3,1.0
1164518,189756,189755,35158,6,6,1,5,0.8333,0.6667,1.0,5,3,3,1.0
1175286,25486,25499,35210,6,6,1,5,0.8333,0.6667,1.0,5,3,3,1.0
1220252,19051,19090,35681,6,6,1,5,0.8333,0.6667,1.0,5,3,3,1.0
1164802,3757,3796,35777,6,6,1,5,0.8333,0.6667,1.0,5,3,3,1.0
1165765,3398,265927,35976,6,6,1,5,0.8333,0.6667,1.0,5,3,3,1.0
1167023,18824,18807,36253,6,6,1,5,0.8333,0.6667,1.0,5,3,3,1.0
1167203,19622,38406,36312,6,6,1,5,0.8333,0.6667,1.0,5,3,3,1.0
1168263,27211,27204,36544,6,6,1,5,0.8333,0.6667,1.0,5,3,3,1.0
1174476,19116,27287,36614,6,6,1,5,0.8333,0.6667,1.0,5,3,3,1.0
1168598,19182,19200,36632,6,6,1,5,0.8333,0.6667,1.0,5,3,3,1.0
1202425,27019,27032,36675,6,6,1,5,0.8333,0.6667,1.0,5,3,3,1.0
1208332,12086,12121,36966,6,6,1,5,0.8333,0.6667,1.0,5,3,3,1.0
1209013,24228,10484,37034,6,6,1,5,0.8333,0.6667,1.0,5,3,3,1.0
1221739,10799,10888,37118,6,6,1,5,0.8333,0.6667,1.0,5,3,3,1.0
1196276,24378,10685,37125,6,6,1,5,0.8333,0.6667,1.0,5,3,3,1.0
1209105,11463,11455,37189,6,6,1,5,0.8333,0.6667,1.0,5,3,3,1.0
1174002,16210,16237,37402,6,6,1,5,0.8333,0.6667,1.0,5,3,3,1.0
1179834,15445,15412,37588,6,6,1,5,0.8333,0.6667,1.0,5,3,3,1.0
1175148,24851,24868,37623,6,6,1,5,0.8333,0.6667,1.0,5,3,3,1.0
1178735,123189,123188,37769,6,6,1,5,0.8333,0.6667,1.0,5,3,3,1.0
1206847,25834,25861,38073,6,6,1,5,0.8333,0.6667,1.0,5,3,3,1.0
1188756,20929,20938,38881,6,6,1,5,0.8333,0.6667,1.0,5,3,3,1.0
1180485,15630,15635,39013,6,6,1,5,0.8333,0.6667,1.0,5,3,3,1.0
1180700,121579,121580,39059,6,6,1,5,0.8333,0.6667,1.0,5,3,3,1.0
1180811,16524,16462,39096,6,6,1,5,0.8333,0.6667,1.0,5,3,3,1.0
1186338,19558,19565,39468,6,6,1,5,0.8333,0.6667,1.0,5,3,3,1.0
1184713,19613,19618,39495,6,6,1,5,0.8333,0.6667,1.0,5,3,3,1.0
1185035,19648,19646,39568,6,6,1,5,0.8333,0.6667,1.0,5,3,3,1.0
1188374,19268,19207,39659,6,6,1,5,0.8333,0.6667,1.0,5,3,3,1.0
1190741,47004,47005,39936,6,6,1,5,0.8333,0.6667,1.0,5,3,3,1.0
1190074,21254,21233,40418,6,6,1,5,0.8333,0.6667,1.0,5,3,3,1.0
1191110,18914,18894,40567,6,6,1,5,0.8333,0.6667,1.0,5,3,3,1.0
1210820,10539,10621,40803,6,6,1,5,0.8333,0.6667,1.0,5,3,3,1.0
1221789,24219,10368,40896,6,6,1,5,0.8333,0.6667,1.0,5,3,3,1.0
1197548,8718,8644,41202,6,6,1,5,0.8333,0.6667,1.0,5,3,3,1.0
1197993,11250,11223,41364,6,6,1,5,0.8333,0.6667,1.0,5,3,3,1.0
1198015,10346,10377,41387,6,6,1,5,0.8333,0.6667,1.0,5,3,3,1.0
1200199,12769,12779,41396,6,6,1,5,0.8333,0.6667,1.0,5,3,3,1.0
1198289,24233,10506,41467,6,6,1,5,0.8333,0.6667,1.0,5,3,3,1.0
1228554,10660,10591,41514,6,6,1,5,0.8333,0.6667,1.0,5,3,3,1.0
1218528,11784,11849,41536,6,6,1,5,0.8333,0.6667,1.0,5,3,3,1.0
1201301,11975,11968,41577,6,6,1,5,0.8333,0.6667,1.0,5,3,3,1.0
1266087,12314,12374,41595,6,6,1,5,0.8333,0.6667,1.0,5,3,3,1.0
1222305,12572,12530,41644,6,6,1,5,0.8333,0.6667,1.0,5,3,3,1.0
1306860,12625,12622,41669,6,6,1,5,0.8333,0.6667,1.0,5,3,3,1.0
1217401,10075,10161,41706,6,6,1,5,0.8333,0.6667,1.0,5,3,3,1.0
1222322,10178,10131,41717,6,6,1,5,0.8333,0.6667,1.0,5,3,3,1.0
1218262,11552,11501,41738,6,6,1,5,0.8333,0.6667,1.0,5,3,3,1.0
1199222,12167,12169,41759,6,6,1,5,0.8333,0.6667,1.0,5,3,3,1.0
1218725,11860,11832,41794,6,6,1,5,0.8333,0.6667,1.0,5,3,3,1.0
1200873,12341,24992,42000,6,6,1,5,0.8333,0.6667,1.0,5,3,3,1.0
1221803,12306,12356,42014,6,6,1,5,0.8333,0.6667,1.0,5,3,3,1.0
1226176,9411,9357,42196,6,6,1,5,0.8333,0.6667,1.0,5,3,3,1.0
1201478,10809,10766,42332,6,6,1,5,0.8333,0.6667,1.0,5,3,3,1.0
1201852,23556,23548,42415,6,6,1,5,0.8333,0.6667,1.0,5,3,3,1.0
1203321,19178,19175,42656,6,6,1,5,0.8333,0.6667,1.0,5,3,3,1.0
1204979,20448,2188,42692,6,6,1,5,0.8333,0.6667,1.0,5,3,3,1.0
1207659,10511,10548,43163,6,6,1,5,0.8333,0.6667,1.0,5,3,3,1.0
1208954,647,10551,43341,6,6,1,5,0.8333,0.6667,1.0,5,3,3,1.0
1208981,10601,10562,43342,6,6,1,5,0.8333,0.6667,1.0,5,3,3,1.0
1208604,24786,24800,43394,6,6,1,5,0.8333,0.6667,1.0,5,3,3,1.0
1208614,11136,11163,43398,6,6,1,5,0.8333,0.6667,1.0,5,3,3,1.0
1209038,10640,10609,43475,6,6,1,5,0.8333,0.6667,1.0,5,3,3,1.0
1211001,12666,12689,43796,6,6,1,5,0.8333,0.6667,1.0,5,3,3,1.0
1216308,10667,10747,44001,6,6,1,5,0.8333,0.6667,1.0,5,3,3,1.0
1225256,24554,11272,44099,6,6,1,5,0.8333,0.6667,1.0,5,3,3,1.0
1222570,10747,10820,44106,6,6,1,5,0.8333,0.6667,1.0,5,3,3,1.0
1222836,8213,8123,44272,6,6,1,5,0.8333,0.6667,1.0,5,3,3,1.0
1218019,11631,11574,44294,6,6,1,5,0.8333,0.6667,1.0,5,3,3,1.0
1219073,24741,24746,44420,6,6,1,5,0.8333,0.6667,1.0,5,3,3,1.0
1220978,25096,12601,44859,6,6,1,5,0.8333,0.6667,1.0,5,3,3,1.0
1222124,24740,11671,45073,6,6,1,5,0.8333,0.6667,1.0,5,3,3,1.0
1225412,147840,96298,45479,6,6,1,5,0.8333,0.6667,1.0,5,3,3,1.0
1279777,7520,22784,45702,6,6,1,5,0.8333,0.6667,1.0,5,3,3,1.0
1275655,9578,9581,45747,6,6,1,5,0.8333,0.6667,1.0,5,3,3,1.0
1227110,9944,23921,45882,6,6,1,5,0.8333,0.6667,1.0,5,3,3,1.0
1227550,23148,23177,45951,6,6,1,5,0.8333,0.6667,1.0,5,3,3,1.0
1228581,9859,23845,46169,6,6,1,5,0.8333,0.6667,1.0,5,3,3,1.0
1281233,4943,4940,46671,6,6,1,5,0.8333,0.6667,1.0,5,3,3,1.0
1269695,9058,9112,46672,6,6,1,5,0.8333,0.6667,1.0,5,3,3,1.0
1270271,23698,9452,47135,6,6,1,5,0.8333,0.6667,1.0,5,3,3,1.0
1287366,9676,9569,47160,6,6,1,5,0.8333,0.6667,1.0,5,3,3,1.0
1269574,11705,11714,47174,6,6,1,5,0.8333,0.6667,1.0,5,3,3,1.0
1269662,10270,10265,47230,6,6,1,5,0.8333,0.6667,1.0,5,3,3,1.0
1271544,9015,8921,47316,6,6,1,5,0.8333,0.6667,1.0,5,3,3,1.0
1267743,24055,10261,47593,6,6,1,5,0.8333,0.6667,1.0,5,3,3,1.0
1268416,23020,8073,47633,6,6,1,5,0.8333,0.6667,1.0,5,3,3,1.0
1271925,23578,23586,47645,6,6,1,5,0.8333,0.6667,1.0,5,3,3,1.0
1269572,11705,11718,47694,6,6,1,5,0.8333,0.6667,1.0,5,3,3,1.0
1268253,8774,8692,47730,6,6,1,5,0.8333,0.6667,1.0,5,3,3,1.0
1271536,11866,11815,47907,6,6,1,5,0.8333,0.6667,1.0,5,3,3,1.0
1271134,23630,23617,47924,6,6,1,5,0.8333,0.6667,1.0,5,3,3,1.0
1270483,8165,23018,47930,6,6,1,5,0.8333,0.6667,1.0,5,3,3,1.0
1270777,14612,14688,48111,6,6,1,5,0.8333,0.6667,1.0,5,3,3,1.0
1277471,9400,9365,48248,6,6,1,5,0.8333,0.6667,1.0,5,3,3,1.0
1270739,25875,14669,48280,6,6,1,5,0.8333,0.6667,1.0,5,3,3,1.0
1273120,14774,25875,48289,6,6,1,5,0.8333,0.6667,1.0,5,3,3,1.0
1271816,23615,23626,48328,6,6,1,5,0.8333,0.6667,1.0,5,3,3,1.0
1271331,25666,25687,48378,6,6,1,5,0.8333,0.6667,1.0,5,3,3,1.0
1272271,12038,11998,48524,6,6,1,5,0.8333,0.6667,1.0,5,3,3,1.0
1273682,25650,25648,48756,6,6,1,5,0.8333,0.6667,1.0,5,3,3,1.0
1288325,10268,10163,48835,6,6,1,5,0.8333,0.6667,1.0,5,3,3,1.0
1281151,25969,14965,49602,6,6,1,5,0.8333,0.6667,1.0,5,3,3,1.0
1278039,14965,25947,49609,6,6,1,5,0.8333,0.6667,1.0,5,3,3,1.0
1298184,95007,95006,49749,6,6,1,5,0.8333,0.6667,1.0,5,3,3,1.0
1278845,7215,7213,49832,6,6,1,5,0.8333,0.6667,1.0,5,3,3,1.0
1279541,17800,17790,50036,6,6,1,5,0.8333,0.6667,1.0,5,3,3,1.0
1279629,16539,16542,50064,6,6,1,5,0.8333,0.6667,1.0,5,3,3,1.0
1282780,19464,19475,50118,6,6,1,5,0.8333,0.6667,1.0,5,3,3,1.0
1280184,4635,26630,50214,6,6,1,5,0.8333,0.6667,1.0,5,3,3,1.0
1280178,18107,18072,50224,6,6,1,5,0.8333,0.6667,1.0,5,3,3,1.0
1299051,22283,6468,50253,6,6,1,5,0.8333,0.6667,1.0,5,3,3,1.0
1297561,22751,7423,50328,6,6,1,5,0.8333,0.6667,1.0,5,3,3,1.0
1280531,22773,22788,50355,6,6,1,5,0.8333,0.6667,1.0,5,3,3,1.0
1280554,7401,7392,50359,6,6,1,5,0.8333,0.6667,1.0,5,3,3,1.0
1282004,16952,16936,50738,6,6,1,5,0.8333,0.6667,1.0,5,3,3,1.0
1298781,19551,19536,50907,6,6,1,5,0.8333,0.6667,1.0,5,3,3,1.0
1288982,10030,10073,51081,6,6,1,5,0.8333,0.6667,1.0,5,3,3,1.0
1287260,718,299516,51392,6,6,1,5,0.8333,0.6667,1.0,5,3,3,1.0
1288762,6749,22394,51621,6,6,1,5,0.8333,0.6667,1.0,5,3,3,1.0
1288804,7278,7261,51637,6,6,1,5,0.8333,0.6667,1.0,5,3,3,1.0
1288928,365035,18485,51651,6,6,1,5,0.8333,0.6667,1.0,5,3,3,1.0
1297507,19161,27307,51816,6,6,1,5,0.8333,0.6667,1.0,5,3,3,1.0
1311757,6067,6081,52157,6,6,1,5,0.8333,0.6667,1.0,5,3,3,1.0
1298953,7986,8012,52171,6,6,1,5,0.8333,0.6667,1.0,5,3,3,1.0
1299124,16533,16512,52183,6,6,1,5,0.8333,0.6667,1.0,5,3,3,1.0
1299171,5953,5955,52209,6,6,1,5,0.8333,0.6667,1.0,5,3,3,1.0
1299841,18344,18384,52375,6,6,1,5,0.8333,0.6667,1.0,5,3,3,1.0
1309207,18353,27131,52430,6,6,1,5,0.8333,0.6667,1.0,5,3,3,1.0
1300137,6014,6003,52466,6,6,1,5,0.8333,0.6667,1.0,5,3,3,1.0
1305626,22714,7301,52486,6,6,1,5,0.8333,0.6667,1.0,5,3,3,1.0
1301874,6287,6286,52837,6,6,1,5,0.8333,0.6667,1.0,5,3,3,1.0
1303219,7287,7290,53067,6,6,1,5,0.8333,0.6667,1.0,5,3,3,1.0
1303185,22395,22410,53068,6,6,1,5,0.8333,0.6667,1.0,5,3,3,1.0
1304030,247,7505,53191,6,6,1,5,0.8333,0.6667,1.0,5,3,3,1.0
1304079,7694,22872,53201,6,6,1,5,0.8333,0.6667,1.0,5,3,3,1.0
1304815,22545,22536,53327,6,6,1,5,0.8333,0.6667,1.0,5,3,3,1.0
1305617,5906,22074,53442,6,6,1,5,0.8333,0.6667,1.0,5,3,3,1.0
1308769,8988,9033,53649,6,6,1,5,0.8333,0.6667,1.0,5,3,3,1.0
1307309,5906,22076,53749,6,6,1,5,0.8333,0.6667,1.0,5,3,3,1.0
1308102,5936,22082,53808,6,6,1,5,0.8333,0.6667,1.0,5,3,3,1.0
1309824,8583,23232,53825,6,6,1,5,0.8333,0.6667,1.0,5,3,3,1.0
1308991,9039,59175,54014,6,6,1,5,0.8333,0.6667,1.0,5,3,3,1.0
1311102,9033,9038,54181,6,6,1,5,0.8333,0.6667,1.0,5,3,3,1.0
1310006,7829,7793,54182,6,6,1,5,0.8333,0.6667,1.0,5,3,3,1.0
1142375,,389963,5137,4,3,0,2,0.6667,0.6667,1.0,3,3,3,1.0
1257575,,4328,24039,18,17,0,11,0.6471,0.6471,1.0,17,3,3,1.0
1013503,9047,23438,3302,11,11,2,9,0.8182,0.6364,1.0,10,3,3,1.0
1135550,9047,23438,3302,11,11,2,9,0.8182,0.6364,1.0,10,3,3,1.0
1048992,23284,23285,5677,11,11,2,9,0.8182,0.6364,1.0,10,3,3,1.0
1020748,23284,23285,5677,11,11,2,9,0.8182,0.6364,1.0,10,3,3,1.0
1073470,7657,7600,9500,11,11,2,9,0.8182,0.6364,1.0,10,3,3,1.0
1119974,7657,7600,9500,11,11,2,9,0.8182,0.6364,1.0,10,3,3,1.0
1278305,2033,207678,10906,11,11,2,9,0.8182,0.6364,1.0,10,3,3,1.0
1278306,2033,207678,10906,11,11,2,9,0.8182,0.6364,1.0,10,3,3,1.0
1251048,290235,280961,10929,11,11,2,9,0.8182,0.6364,1.0,10,3,3,1.0
1136700,290235,280961,10929,11,11,2,9,0.8182,0.6364,1.0,10,3,3,1.0
1134982,13387,13421,11923,11,11,2,9,0.8182,0.6364,1.0,10,3,3,1.0
1127523,13387,13421,11923,11,11,2,9,0.8182,0.6364,1.0,10,3,3,1.0
1135306,15911,26227,19446,11,11,2,9,0.8182,0.6364,1.0,10,3,3,1.0
1082838,15911,26227,19446,11,11,2,9,0.8182,0.6364,1.0,10,3,3,1.0
1131341,13549,13546,20200,11,11,2,9,0.8182,0.6364,1.0,10,3,3,1.0
1132943,13549,13546,20200,11,11,2,9,0.8182,0.6364,1.0,10,3,3,1.0
1145040,25784,14525,24428,11,11,2,9,0.8182,0.6364,1.0,10,3,3,1.0
1145039,25784,14525,24428,11,11,2,9,0.8182,0.6364,1.0,10,3,3,1.0
1005474,341,320,410,8,8,1,6,0.75,0.625,1.0,7,3,3,1.0
1005918,327,320,410,8,8,1,6,0.75,0.625,1.0,7,3,3,1.0
1007367,13242,13287,1374,8,8,1,6,0.75,0.625,1.0,7,3,3,1.0
1004024,13318,13287,1374,8,8,1,6,0.75,0.625,1.0,7,3,3,1.0
1012707,8915,9118,3781,8,8,1,6,0.75,0.625,1.0,7,3,3,1.0
1073490,8972,9118,3781,8,8,1,6,0.75,0.625,1.0,7,3,3,1.0
1088697,14744,14763,20168,8,8,1,6,0.75,0.625,1.0,7,3,3,1.0
1109282,14719,14763,20168,8,8,1,6,0.75,0.625,1.0,7,3,3,1.0
1127634,9262,23579,28699,8,8,1,6,0.75,0.625,1.0,7,3,3,1.0
1267394,9235,23579,28699,8,8,1,6,0.75,0.625,1.0,7,3,3,1.0
1272085,9237,9284,30942,8,8,1,6,0.75,0.625,1.0,7,3,3,1.0
1285872,19847,9284,30942,8,8,1,6,0.75,0.625,1.0,7,3,3,1.0
1187331,15916,26226,36036,8,8,1,6,0.75,0.625,1.0,7,3,3,1.0
1166065,26212,26226,36036,8,8,1,6,0.75,0.625,1.0,7,3,3,1.0
1278206,9180,9119,48238,8,8,1,6,0.75,0.625,1.0,7,3,3,1.0
1280209,9057,9119,48238,8,8,1,6,0.75,0.625,1.0,7,3,3,1.0
1303414,6860,22457,53069,8,8,1,6,0.75,0.625,1.0,7,3,3,1.0
1303186,22428,22457,53069,8,8,1,6,0.75,0.625,1.0,7,3,3,1.0
1031288,283200,283197,3856,15,15,3,12,0.8,0.6,1.0,14,3,3,1.0
1056101,283200,283197,3856,15,15,3,12,0.8,0.6,1.0,14,3,3,1.0
1031261,283200,283197,3856,15,15,3,12,0.8,0.6,1.0,14,3,3,1.0
1169525,12614,12548,36867,15,15,3,12,0.8,0.6,1.0,14,3,3,1.0
1196941,12614,12548,36867,15,15,3,12,0.8,0.6,1.0,14,3,3,1.0
1210974,12614,12548,36867,15,15,3,12,0.8,0.6,1.0,14,3,3,1.0
1132807,11378,11446,3687,10,10,2,8,0.8,0.6,1.0,9,3,3,1.0
1249844,11378,11446,3687,10,10,2,8,0.8,0.6,1.0,9,3,3,1.0
1227521,8880,23376,11927,10,10,2,8,0.8,0.6,1.0,9,3,3,1.0
1227519,8880,23376,11927,10,10,2,8,0.8,0.6,1.0,9,3,3,1.0
1255978,319359,343989,12887,10,10,2,8,0.8,0.6,1.0,9,3,3,1.0
1265509,319359,343989,12887,10,10,2,8,0.8,0.6,1.0,9,3,3,1.0
1062759,5669,5665,14707,10,10,2,8,0.8,0.6,1.0,9,3,3,1.0
1062824,5669,5665,14707,10,10,2,8,0.8,0.6,1.0,9,3,3,1.0
1109251,14618,14684,16191,10,10,2,8,0.8,0.6,1.0,9,3,3,1.0
1104511,14618,14684,16191,10,10,2,8,0.8,0.6,1.0,9,3,3,1.0
1073112,254716,254717,16641,10,10,2,8,0.8,0.6,1.0,9,3,3,1.0
1133308,254716,254717,16641,10,10,2,8,0.8,0.6,1.0,9,3,3,1.0
1088940,14225,14240,20222,10,10,2,8,0.8,0.6,1.0,9,3,3,1.0
1106561,14225,14240,20222,10,10,2,8,0.8,0.6,1.0,9,3,3,1.0
1103113,140795,140490,23836,10,10,2,8,0.8,0.6,1.0,9,3,3,1.0
1103111,140795,140490,23836,10,10,2,8,0.8,0.6,1.0,9,3,3,1.0
1123980,12261,12263,27585,10,10,2,8,0.8,0.6,1.0,9,3,3,1.0
1123909,12261,12263,27585,10,10,2,8,0.8,0.6,1.0,9,3,3,1.0
1175221,24784,24745,28291,10,10,1,7,0.7,0.6,1.0,9,3,3,1.0
1179936,25101,12657,38883,10,10,2,8,0.8,0.6,1.0,9,3,3,1.0
1179919,25101,12657,38883,10,10,2,8,0.8,0.6,1.0,9,3,3,1.0
1199327,9523,9496,41805,10,10,2,8,0.8,0.6,1.0,9,3,3,1.0
1199601,9523,9496,41805,10,10,2,8,0.8,0.6,1.0,9,3,3,1.0
1286165,375012,4594,49128,10,10,1,7,0.7,0.6,1.0,9,3,3,1.0
1281999,17014,26609,50115,10,10,2,8,0.8,0.6,1.0,9,3,3,1.0
1288860,17014,26609,50115,10,10,2,8,0.8,0.6,1.0,9,3,3,1.0
1014291,375317,375316,135,6,5,1,4,0.8,0.6,1.0,5,3,3,1.0
1000779,19840,426,163,5,5,1,4,0.8,0.6,1.0,4,3,3,1.0
1001153,74844,19767,367,5,5,1,4,0.8,0.6,1.0,4,3,3,1.0
1080713,19801,279,411,5,5,1,4,0.8,0.6,1.0,4,3,3,1.0
1001266,19821,19820,417,5,5,1,4,0.8,0.6,1.0,4,3,3,1.0
1013491,290,284,439,5,5,1,4,0.8,0.6,1.0,4,3,3,1.0
1001409,232,244,469,5,5,1,4,0.8,0.6,1.0,4,3,3,1.0
1002078,489,490,491,5,5,1,4,0.8,0.6,1.0,4,3,3,1.0
1001764,7721,274,649,5,5,1,4,0.8,0.6,1.0,4,3,3,1.0
1003697,455,19855,707,5,5,1,4,0.8,0.6,1.0,4,3,3,1.0
1001891,268,238,708,5,5,1,4,0.8,0.6,1.0,4,3,3,1.0
1011969,542683,462,764,5,5,1,4,0.8,0.6,1.0,4,3,3,1.0
1003577,19694,19698,1217,5,5,1,4,0.8,0.6,1.0,4,3,3,1.0
1099225,16181,26368,1428,5,5,1,4,0.8,0.6,1.0,4,3,3,1.0
1009033,24071,24088,1912,5,5,1,4,0.8,0.6,1.0,4,3,3,1.0
1010376,24240,10491,2936,5,5,1,4,0.8,0.6,1.0,4,3,3,1.0
1011865,376718,376717,3643,5,5,1,4,0.8,0.6,1.0,4,3,3,1.0
1057321,343987,343986,3785,5,5,1,4,0.8,0.6,1.0,4,3,3,1.0
1014137,18644,18679,4581,5,5,1,4,0.8,0.6,1.0,4,3,3,1.0
1014919,15860,15875,4932,5,5,1,4,0.8,0.6,1.0,4,3,3,1.0
1015253,376521,376522,5056,5,5,1,4,0.8,0.6,1.0,4,3,3,1.0
1018860,7591,22820,5188,5,5,1,4,0.8,0.6,1.0,4,3,3,1.0
1133017,60769,261117,5201,5,5,1,4,0.8,0.6,1.0,4,3,3,1.0
1020028,8614,8562,5255,5,5,1,4,0.8,0.6,1.0,4,3,3,1.0
1020701,9107,9177,5354,5,5,1,4,0.8,0.6,1.0,4,3,3,1.0
1020183,114862,114863,5391,5,5,1,4,0.8,0.6,1.0,4,3,3,1.0
1019997,8788,23263,5480,5,5,1,4,0.8,0.6,1.0,4,3,3,1.0
1020629,23541,23527,5634,5,5,1,4,0.8,0.6,1.0,4,3,3,1.0
1020624,23527,23541,5643,5,5,1,4,0.8,0.6,1.0,4,3,3,1.0
1027254,23496,9059,5645,5,5,1,4,0.8,0.6,1.0,4,3,3,1.0
1023775,8702,8705,6467,5,5,1,4,0.8,0.6,1.0,4,3,3,1.0
1024554,24061,10130,6553,5,5,1,4,0.8,0.6,1.0,4,3,3,1.0
1026857,23832,23844,7062,5,5,1,4,0.8,0.6,1.0,4,3,3,1.0
1027660,23184,23213,7228,5,5,1,4,0.8,0.6,1.0,4,3,3,1.0
1030350,343094,343093,8084,5,5,1,4,0.8,0.6,1.0,4,3,3,1.0
1045348,6151,6128,8506,5,5,1,4,0.8,0.6,1.0,4,3,3,1.0
1036299,6297,22246,8516,5,5,1,4,0.8,0.6,1.0,4,3,3,1.0
1031985,6469,22305,8552,5,5,1,4,0.8,0.6,1.0,4,3,3,1.0
1133894,9112,9058,9086,5,5,1,4,0.8,0.6,1.0,4,3,3,1.0
1063497,172475,172169,9250,5,5,1,4,0.8,0.6,1.0,4,3,3,1.0
1036015,6734,22373,9442,5,5,1,4,0.8,0.6,1.0,4,3,3,1.0
1041327,7859,7872,9592,5,5,1,4,0.8,0.6,1.0,4,3,3,1.0
1040187,71325,71326,10400,5,5,1,4,0.8,0.6,1.0,4,3,3,1.0
1045845,69092,53090,10494,5,5,1,4,0.8,0.6,1.0,4,3,3,1.0
1197008,12017,12078,10677,5,5,1,4,0.8,0.6,1.0,4,3,3,1.0
1044709,139202,139203,10741,5,5,1,4,0.8,0.6,1.0,4,3,3,1.0
1043483,276801,279038,11091,5,5,1,4,0.8,0.6,1.0,4,3,3,1.0
1044028,22432,22391,11215,5,5,1,4,0.8,0.6,1.0,4,3,3,1.0
1044311,110068,110067,11258,5,5,1,4,0.8,0.6,1.0,4,3,3,1.0
1046611,350009,350005,11684,5,5,1,4,0.8,0.6,1.0,4,3,3,1.0
1181208,15982,15965,12221,5,5,1,4,0.8,0.6,1.0,4,3,3,1.0
1220555,18082,18058,12251,5,5,1,4,0.8,0.6,1.0,4,3,3,1.0
1053442,350252,350253,12546,5,5,1,4,0.8,0.6,1.0,4,3,3,1.0
1069219,5838,22054,13347,5,5,1,4,0.8,0.6,1.0,4,3,3,1.0
1068354,74524,5787,13478,5,5,1,4,0.8,0.6,1.0,4,3,3,1.0
1059061,5714,5718,13487,5,5,1,4,0.8,0.6,1.0,4,3,3,1.0
1096902,23113,8491,13610,5,5,1,4,0.8,0.6,1.0,4,3,3,1.0
1059462,17130,26664,13724,5,5,1,4,0.8,0.6,1.0,4,3,3,1.0
1126398,2467,2530,13781,5,5,1,4,0.8,0.6,1.0,4,3,3,1.0
1069145,5853,5860,13947,5,5,1,4,0.8,0.6,1.0,4,3,3,1.0
1068658,119660,122861,15065,5,5,1,4,0.8,0.6,1.0,4,3,3,1.0
1067786,171836,171835,15148,5,5,1,4,0.8,0.6,1.0,4,3,3,1.0
1068869,265919,265920,15183,5,5,1,4,0.8,0.6,1.0,4,3,3,1.0
1070106,199042,199043,15398,5,5,1,4,0.8,0.6,1.0,4,3,3,1.0
1067506,114868,114867,15401,5,5,1,4,0.8,0.6,1.0,4,3,3,1.0
1068100,5773,5772,15551,5,5,1,4,0.8,0.6,1.0,4,3,3,1.0
1127174,39015,39011,15646,5,5,1,4,0.8,0.6,1.0,4,3,3,1.0
1069762,119024,119025,15930,5,5,1,4,0.8,0.6,1.0,4,3,3,1.0
1127860,5271,5301,15984,5,5,1,4,0.8,0.6,1.0,4,3,3,1.0
1187034,259527,330875,16783,5,5,1,4,0.8,0.6,1.0,4,3,3,1.0
1073248,349965,332797,16901,5,5,1,4,0.8,0.6,1.0,4,3,3,1.0
1125556,2484,370319,16930,5,5,1,4,0.8,0.6,1.0,4,3,3,1.0
1073590,9342,9383,17075,5,5,1,4,0.8,0.6,1.0,4,3,3,1.0
1221426,24491,11091,17097,5,5,1,4,0.8,0.6,1.0,4,3,3,1.0
1079122,18742,18766,17748,5,5,1,4,0.8,0.6,1.0,4,3,3,1.0
1077972,19294,19289,18044,5,5,1,4,0.8,0.6,1.0,4,3,3,1.0
1077500,18273,27119,18104,5,5,1,4,0.8,0.6,1.0,4,3,3,1.0
1083587,26149,15607,18302,5,5,1,4,0.8,0.6,1.0,4,3,3,1.0
1081628,18817,18782,18327,5,5,1,4,0.8,0.6,1.0,4,3,3,1.0
1080225,95968,95969,18710,5,5,1,4,0.8,0.6,1.0,4,3,3,1.0
1080908,13900,13907,18877,5,5,1,4,0.8,0.6,1.0,4,3,3,1.0
1082040,15780,15756,19060,5,5,1,4,0.8,0.6,1.0,4,3,3,1.0
1083901,26283,26275,19068,5,5,1,4,0.8,0.6,1.0,4,3,3,1.0
1188408,18970,18956,19101,5,5,1,4,0.8,0.6,1.0,4,3,3,1.0
1082395,33247,33246,19288,5,5,1,4,0.8,0.6,1.0,4,3,3,1.0
1082537,14178,14179,19332,5,5,1,4,0.8,0.6,1.0,4,3,3,1.0
1089530,14293,14294,19593,5,5,1,4,0.8,0.6,1.0,4,3,3,1.0
1090350,14454,14544,20045,5,5,1,4,0.8,0.6,1.0,4,3,3,1.0
1088365,14347,14407,20063,5,5,1,4,0.8,0.6,1.0,4,3,3,1.0
1089156,14527,31349,20280,5,5,1,4,0.8,0.6,1.0,4,3,3,1.0
1188254,19566,27437,20448,5,5,1,4,0.8,0.6,1.0,4,3,3,1.0
1130672,14720,14803,20465,5,5,1,4,0.8,0.6,1.0,4,3,3,1.0
1116667,13106,13160,20683,5,5,1,4,0.8,0.6,1.0,4,3,3,1.0
1113708,14126,14091,20784,5,5,1,4,0.8,0.6,1.0,4,3,3,1.0
1091970,19624,19627,21216,5,5,1,4,0.8,0.6,1.0,4,3,3,1.0
1111576,25411,25420,21343,5,5,1,4,0.8,0.6,1.0,4,3,3,1.0
1092367,26925,26923,21381,5,5,1,4,0.8,0.6,1.0,4,3,3,1.0
1145231,15950,15976,21577,5,5,1,4,0.8,0.6,1.0,4,3,3,1.0
1100118,17509,17486,21738,5,5,1,4,0.8,0.6,1.0,4,3,3,1.0
1094164,18174,18290,21914,5,5,1,4,0.8,0.6,1.0,4,3,3,1.0
1094718,26718,26709,22073,5,5,1,4,0.8,0.6,1.0,4,3,3,1.0
1095731,190079,19285,22354,5,5,1,4,0.8,0.6,1.0,4,3,3,1.0
1096912,18556,18570,22655,5,5,1,4,0.8,0.6,1.0,4,3,3,1.0
1232554,,535484,22688,7,5,0,3,0.6,0.6,1.0,6,3,3,1.0
1097125,,535484,22688,7,5,0,3,0.6,0.6,1.0,6,3,3,1.0
1113662,26727,26713,23045,5,5,1,4,0.8,0.6,1.0,4,3,3,1.0
1106095,17328,26724,23147,5,5,1,4,0.8,0.6,1.0,4,3,3,1.0
1110681,16993,245115,23854,5,5,1,4,0.8,0.6,1.0,4,3,3,1.0
1106382,16644,16637,23901,5,5,1,4,0.8,0.6,1.0,4,3,3,1.0
1103840,26364,16171,23989,5,5,1,4,0.8,0.6,1.0,4,3,3,1.0
1105037,17346,17347,24308,5,5,1,4,0.8,0.6,1.0,4,3,3,1.0
1108909,17298,17250,24314,5,5,1,4,0.8,0.6,1.0,4,3,3,1.0
1171455,1168,84778,24705,5,5,1,4,0.8,0.6,1.0,4,3,3,1.0
1108975,17298,17266,24801,5,5,1,4,0.8,0.6,1.0,4,3,3,1.0
1108995,5095,18812,24820,5,5,1,4,0.8,0.6,1.0,4,3,3,1.0
1109874,18695,27199,25013,5,5,1,4,0.8,0.6,1.0,4,3,3,1.0
1110546,17427,17425,25160,5,5,1,4,0.8,0.6,1.0,4,3,3,1.0
1113620,27029,27030,25188,5,5,1,4,0.8,0.6,1.0,4,3,3,1.0
1111930,18954,18915,25443,5,5,1,4,0.8,0.6,1.0,4,3,3,1.0
1112294,13442,13432,25535,5,5,1,4,0.8,0.6,1.0,4,3,3,1.0
1116632,13080,25298,25697,5,5,1,4,0.8,0.6,1.0,4,3,3,1.0
1113364,275196,3055,25864,5,5,1,4,0.8,0.6,1.0,4,3,3,1.0
1130843,13634,25473,25882,5,5,1,4,0.8,0.6,1.0,4,3,3,1.0
1113602,25434,13513,25915,5,5,1,4,0.8,0.6,1.0,4,3,3,1.0
1116304,25828,14677,25951,5,5,1,4,0.8,0.6,1.0,4,3,3,1.0
1114669,25596,25599,26062,5,5,1,4,0.8,0.6,1.0,4,3,3,1.0
1114487,25190,25229,26092,5,5,1,4,0.8,0.6,1.0,4,3,3,1.0
1116130,12919,13004,26440,5,5,1,4,0.8,0.6,1.0,4,3,3,1.0
1197868,11329,11320,26600,5,5,1,4,0.8,0.6,1.0,4,3,3,1.0
1120954,68124,25165,26869,5,5,1,4,0.8,0.6,1.0,4,3,3,1.0
1122609,24967,24972,27075,5,5,1,4,0.8,0.6,1.0,4,3,3,1.0
1122112,1822,20266,27108,5,5,1,4,0.8,0.6,1.0,4,3,3,1.0
1197330,25003,25099,27202,5,5,1,4,0.8,0.6,1.0,4,3,3,1.0
1123658,24750,24730,27228,5,5,1,4,0.8,0.6,1.0,4,3,3,1.0
1123493,12378,12429,27559,5,5,1,4,0.8,0.6,1.0,4,3,3,1.0
1125614,13000,13070,27620,5,5,1,4,0.8,0.6,1.0,4,3,3,1.0
1125853,56304,1071,27629,5,5,1,4,0.8,0.6,1.0,4,3,3,1.0
1124094,937,932,27705,5,5,1,4,0.8,0.6,1.0,4,3,3,1.0
1158564,24764,11892,27714,5,5,1,4,0.8,0.6,1.0,4,3,3,1.0
1125447,1087,1074,28003,5,5,1,4,0.8,0.6,1.0,4,3,3,1.0
1152856,359627,1094,28005,5,5,1,4,0.8,0.6,1.0,4,3,3,1.0
1299187,4599,4651,28052,5,5,1,4,0.8,0.6,1.0,4,3,3,1.0
1126170,1402,1370,28195,5,5,1,4,0.8,0.6,1.0,4,3,3,1.0
1126805,25860,14692,28363,5,5,1,4,0.8,0.6,1.0,4,3,3,1.0
1180896,271687,3436,28367,5,5,1,4,0.8,0.6,1.0,4,3,3,1.0
1128258,20948,2791,28410,5,5,1,4,0.8,0.6,1.0,4,3,3,1.0
1225794,9185,9193,28603,5,5,1,4,0.8,0.6,1.0,4,3,3,1.0
1218412,12204,12239,28864,5,5,1,4,0.8,0.6,1.0,4,3,3,1.0
1306218,4950,4948,28923,5,5,1,4,0.8,0.6,1.0,4,3,3,1.0
1272097,14669,14598,28937,5,5,1,4,0.8,0.6,1.0,4,3,3,1.0
1288276,370269,370270,29369,5,5,1,4,0.8,0.6,1.0,4,3,3,1.0
1276529,14722,14755,29469,5,5,1,4,0.8,0.6,1.0,4,3,3,1.0
1268324,8790,8835,29573,5,5,1,4,0.8,0.6,1.0,4,3,3,1.0
1301842,22621,7041,29927,5,5,1,4,0.8,0.6,1.0,4,3,3,1.0
1133207,282563,282562,30007,5,5,1,4,0.8,0.6,1.0,4,3,3,1.0
1132747,325436,9429,30148,5,5,1,4,0.8,0.6,1.0,4,3,3,1.0
1309692,7490,7538,30372,5,5,1,4,0.8,0.6,1.0,4,3,3,1.0
1311683,22896,22900,30472,5,5,1,4,0.8,0.6,1.0,4,3,3,1.0
1304098,210,209,30505,5,5,1,4,0.8,0.6,1.0,4,3,3,1.0
1288267,1718,1695,30686,5,5,1,4,0.8,0.6,1.0,4,3,3,1.0
1225420,8995,8962,30996,5,5,1,4,0.8,0.6,1.0,4,3,3,1.0
1298125,22963,22942,31249,5,5,1,4,0.8,0.6,1.0,4,3,3,1.0
1197927,11171,24538,31283,5,5,1,4,0.8,0.6,1.0,4,3,3,1.0
1150414,3598,3603,31775,5,5,1,4,0.8,0.6,1.0,4,3,3,1.0
1308529,8982,8897,31817,5,5,1,4,0.8,0.6,1.0,4,3,3,1.0
1142997,878,111662,32250,7,5,1,4,0.8,0.6,1.0,6,3,3,1.0
1144359,370335,370334,32630,5,5,1,4,0.8,0.6,1.0,4,3,3,1.0
1144903,14217,14174,32746,5,5,1,4,0.8,0.6,1.0,4,3,3,1.0
1146021,25873,14724,33014,5,5,1,4,0.8,0.6,1.0,4,3,3,1.0
1153105,23944,9928,34120,5,5,1,4,0.8,0.6,1.0,4,3,3,1.0
1165191,17357,17403,34893,5,5,1,4,0.8,0.6,1.0,4,3,3,1.0
1167071,18924,27247,36272,5,5,1,4,0.8,0.6,1.0,4,3,3,1.0
1167441,18664,18696,36276,5,5,1,4,0.8,0.6,1.0,4,3,3,1.0
1185643,19652,19647,36288,5,5,1,4,0.8,0.6,1.0,4,3,3,1.0
1167735,27181,18609,36317,5,5,1,4,0.8,0.6,1.0,4,3,3,1.0
1185641,19647,19648,36327,5,5,1,4,0.8,0.6,1.0,4,3,3,1.0
1210369,1560,1606,36959,5,5,1,4,0.8,0.6,1.0,4,3,3,1.0
1196036,11419,11428,37085,5,5,1,4,0.8,0.6,1.0,4,3,3,1.0
1170425,24644,11493,37091,5,5,1,4,0.8,0.6,1.0,4,3,3,1.0
1196585,23920,9975,37178,5,5,1,4,0.8,0.6,1.0,4,3,3,1.0
1170807,24105,24174,37218,5,5,1,4,0.8,0.6,1.0,4,3,3,1.0
1173572,18132,18133,37360,5,5,1,4,0.8,0.6,1.0,4,3,3,1.0
1188065,25246,12933,37571,5,5,1,4,0.8,0.6,1.0,4,3,3,1.0
1180329,12441,12398,37918,5,5,1,4,0.8,0.6,1.0,4,3,3,1.0
1177913,2096,2128,38293,5,5,1,4,0.8,0.6,1.0,4,3,3,1.0
1179826,15428,15438,38493,5,5,1,4,0.8,0.6,1.0,4,3,3,1.0
1178155,20343,20366,38500,5,5,1,4,0.8,0.6,1.0,4,3,3,1.0
1179041,2193,2138,38690,5,5,1,4,0.8,0.6,1.0,4,3,3,1.0
1178998,13847,13875,38697,5,5,1,4,0.8,0.6,1.0,4,3,3,1.0
1179157,1678,1617,38735,5,5,1,4,0.8,0.6,1.0,4,3,3,1.0
1180831,15649,26140,38987,5,5,1,4,0.8,0.6,1.0,4,3,3,1.0
1184786,18975,18980,39230,5,5,1,4,0.8,0.6,1.0,4,3,3,1.0
1185013,19094,19146,39453,5,5,1,4,0.8,0.6,1.0,4,3,3,1.0
1185477,19402,19417,39657,5,5,1,4,0.8,0.6,1.0,4,3,3,1.0
1185700,19425,19414,39691,5,5,1,4,0.8,0.6,1.0,4,3,3,1.0
1188389,19588,19600,39739,5,5,1,4,0.8,0.6,1.0,4,3,3,1.0
1189189,4297,4310,39826,5,5,1,4,0.8,0.6,1.0,4,3,3,1.0
1188143,,3220,40096,6,5,0,3,0.6,0.6,1.0,5,3,3,1.0
1219522,3979,4008,40423,5,5,1,4,0.8,0.6,1.0,4,3,3,1.0
1289415,22704,22714,40700,5,5,1,4,0.8,0.6,1.0,4,3,3,1.0
1297490,6110,6101,40738,5,5,1,4,0.8,0.6,1.0,4,3,3,1.0
1196912,11254,11292,41042,5,5,1,4,0.8,0.6,1.0,4,3,3,1.0
1207817,24904,12186,41089,5,5,1,4,0.8,0.6,1.0,4,3,3,1.0
1197922,24341,24350,41350,5,5,1,4,0.8,0.6,1.0,4,3,3,1.0
1229607,11221,11253,41413,5,5,1,4,0.8,0.6,1.0,4,3,3,1.0
1265727,24977,12240,41533,5,5,1,4,0.8,0.6,1.0,4,3,3,1.0
1199669,23941,10006,41896,5,5,1,4,0.8,0.6,1.0,4,3,3,1.0
1200313,12370,12287,42052,5,5,1,4,0.8,0.6,1.0,4,3,3,1.0
1205552,12192,12241,42271,5,5,1,4,0.8,0.6,1.0,4,3,3,1.0
1201625,11534,24645,42371,5,5,1,4,0.8,0.6,1.0,4,3,3,1.0
1202489,18121,18106,42478,5,5,1,4,0.8,0.6,1.0,4,3,3,1.0
1202828,19048,18997,42572,5,5,1,4,0.8,0.6,1.0,4,3,3,1.0
1205500,13839,1875,42719,5,5,1,4,0.8,0.6,1.0,4,3,3,1.0
1208644,77083,599,43405,5,5,1,4,0.8,0.6,1.0,4,3,3,1.0
1208973,10609,10483,43471,5,5,1,4,0.8,0.6,1.0,4,3,3,1.0
1216111,280637,280635,43909,5,5,1,4,0.8,0.6,1.0,4,3,3,1.0
1277286,16359,26401,43959,5,5,1,4,0.8,0.6,1.0,4,3,3,1.0
1218646,11566,11506,44015,5,5,1,4,0.8,0.6,1.0,4,3,3,1.0
1217727,24486,24483,44163,5,5,1,4,0.8,0.6,1.0,4,3,3,1.0
1265862,281275,280970,44171,5,5,1,4,0.8,0.6,1.0,4,3,3,1.0
1219072,24746,11771,44421,5,5,1,4,0.8,0.6,1.0,4,3,3,1.0
1272515,23730,23738,44507,5,5,1,4,0.8,0.6,1.0,4,3,3,1.0
1226697,23130,8492,45499,5,5,1,4,0.8,0.6,1.0,4,3,3,1.0
1229584,10324,24100,46363,5,5,1,4,0.8,0.6,1.0,4,3,3,1.0
1289332,216,7368,46405,5,5,1,4,0.8,0.6,1.0,4,3,3,1.0
1271967,9139,9162,47154,5,5,1,4,0.8,0.6,1.0,4,3,3,1.0
1266373,103,22676,47221,5,5,1,4,0.8,0.6,1.0,4,3,3,1.0
1267787,8531,8590,47609,5,5,1,4,0.8,0.6,1.0,4,3,3,1.0
1275704,378668,23853,47650,5,5,1,4,0.8,0.6,1.0,4,3,3,1.0
1268267,8610,8643,47723,5,5,1,4,0.8,0.6,1.0,4,3,3,1.0
1268675,23873,9858,47818,5,5,1,4,0.8,0.6,1.0,4,3,3,1.0
1271232,14870,14917,48122,5,5,1,4,0.8,0.6,1.0,4,3,3,1.0
1274157,9982,9933,48246,5,5,1,4,0.8,0.6,1.0,4,3,3,1.0
1277036,25687,14310,48380,5,5,1,4,0.8,0.6,1.0,4,3,3,1.0
1271852,23379,8908,48468,5,5,1,4,0.8,0.6,1.0,4,3,3,1.0
1272155,25569,13891,48491,5,5,1,4,0.8,0.6,1.0,4,3,3,1.0
1278764,1914,85409,48667,5,5,1,4,0.8,0.6,1.0,4,3,3,1.0
1287300,23959,23951,48742,5,5,1,4,0.8,0.6,1.0,4,3,3,1.0
1276011,26847,17719,49000,5,5,1,4,0.8,0.6,1.0,4,3,3,1.0
1280110,135660,4885,49011,5,5,1,4,0.8,0.6,1.0,4,3,3,1.0
1278058,25969,25982,49126,5,5,1,4,0.8,0.6,1.0,4,3,3,1.0
1276888,192007,2081,49319,5,5,1,4,0.8,0.6,1.0,4,3,3,1.0
1282909,2081,192007,49321,5,5,1,4,0.8,0.6,1.0,4,3,3,1.0
1276895,20422,20408,49326,5,5,1,4,0.8,0.6,1.0,4,3,3,1.0
1277355,20480,20503,49457,5,5,1,4,0.8,0.6,1.0,4,3,3,1.0
1278182,4498,4503,49642,5,5,1,4,0.8,0.6,1.0,4,3,3,1.0
1307215,2299,2321,49694,5,5,1,4,0.8,0.6,1.0,4,3,3,1.0
1279203,4721,4676,49923,5,5,1,4,0.8,0.6,1.0,4,3,3,1.0
1299617,195214,21639,50056,5,5,1,4,0.8,0.6,1.0,4,3,3,1.0
1282613,27429,27422,50097,5,5,1,4,0.8,0.6,1.0,4,3,3,1.0
1280638,7364,22716,50377,5,5,1,4,0.8,0.6,1.0,4,3,3,1.0
1280714,10991,10968,50389,5,5,1,4,0.8,0.6,1.0,4,3,3,1.0
1300501,7494,7556,50423,5,5,1,4,0.8,0.6,1.0,4,3,3,1.0
1297579,4893,4882,50462,5,5,1,4,0.8,0.6,1.0,4,3,3,1.0
1282042,16738,16725,50744,5,5,1,4,0.8,0.6,1.0,4,3,3,1.0
1282068,8418,8348,50756,5,5,1,4,0.8,0.6,1.0,4,3,3,1.0
1282405,7730,7727,50851,5,5,1,4,0.8,0.6,1.0,4,3,3,1.0
1297698,26639,17100,50881,5,5,1,4,0.8,0.6,1.0,4,3,3,1.0
1287469,23912,9993,51425,5,5,1,4,0.8,0.6,1.0,4,3,3,1.0
1299008,6705,22399,52182,5,5,1,4,0.8,0.6,1.0,4,3,3,1.0
1299323,26634,17099,52241,5,5,1,4,0.8,0.6,1.0,4,3,3,1.0
1300381,7684,22841,52508,5,5,1,4,0.8,0.6,1.0,4,3,3,1.0
1307746,7910,7861,52516,5,5,1,4,0.8,0.6,1.0,4,3,3,1.0
1308215,6834,6898,52664,5,5,1,4,0.8,0.6,1.0,4,3,3,1.0
1302688,6367,6362,52743,5,5,1,4,0.8,0.6,1.0,4,3,3,1.0
1302066,7803,7841,52821,5,5,1,4,0.8,0.6,1.0,4,3,3,1.0
1304196,22136,6063,53233,5,5,1,4,0.8,0.6,1.0,4,3,3,1.0
1310718,6729,6747,53331,5,5,1,4,0.8,0.6,1.0,4,3,3,1.0
1306896,22919,7925,53433,5,5,1,4,0.8,0.6,1.0,4,3,3,1.0
1250236,6638,6684,8891,14,14,3,11,0.7857,0.5714,1.0,13,3,3,1.0
1132416,6638,6684,8891,14,14,3,11,0.7857,0.5714,1.0,13,3,3,1.0
1036261,6638,6684,8891,14,14,3,11,0.7857,0.5714,1.0,13,3,3,1.0
1052645,343755,20713,12252,14,14,3,11,0.7857,0.5714,1.0,13,3,3,1.0
1156699,343755,20713,12252,14,14,3,11,0.7857,0.5714,1.0,13,3,3,1.0
1073278,343755,20713,12252,14,14,3,11,0.7857,0.5714,1.0,13,3,3,1.0
1000808,19816,346,148,7,7,1,5,0.7143,0.5714,1.0,6,3,3,1.0
1000810,334,346,148,7,7,1,5,0.7143,0.5714,1.0,6,3,3,1.0
1004067,12481,12506,1390,7,7,1,5,0.7143,0.5714,1.0,6,3,3,1.0
1005794,12471,12506,1390,7,7,1,5,0.7143,0.5714,1.0,6,3,3,1.0
1038187,6709,6745,9915,7,7,1,5,0.7143,0.5714,1.0,6,3,3,1.0
1038238,6712,6745,9915,7,7,1,5,0.7143,0.5714,1.0,6,3,3,1.0
1057691,283837,283836,13170,7,7,1,5,0.7143,0.5714,1.0,6,3,3,1.0
1057701,285120,283836,13170,7,7,1,5,0.7143,0.5714,1.0,6,3,3,1.0
1209030,10551,10640,13842,7,7,1,5,0.7143,0.5714,1.0,6,3,3,1.0
1169921,10609,10640,13842,7,7,1,5,0.7143,0.5714,1.0,6,3,3,1.0
1068904,376844,377006,15254,7,7,1,5,0.7143,0.5714,1.0,6,3,3,1.0
1068902,377291,377006,15254,7,7,1,5,0.7143,0.5714,1.0,6,3,3,1.0
1224948,10639,10644,16199,7,7,1,5,0.7143,0.5714,1.0,6,3,3,1.0
1170151,10678,10644,16199,7,7,1,5,0.7143,0.5714,1.0,6,3,3,1.0
1081520,13980,13983,18996,7,7,1,5,0.7143,0.5714,1.0,6,3,3,1.0
1081523,13981,13983,18996,7,7,1,5,0.7143,0.5714,1.0,6,3,3,1.0
1105066,17373,26697,24312,7,7,1,5,0.7143,0.5714,1.0,6,3,3,1.0
1108971,26689,26697,24312,7,7,1,5,0.7143,0.5714,1.0,6,3,3,1.0
1181085,16596,16629,29061,7,7,1,5,0.7143,0.5714,1.0,6,3,3,1.0
1188439,16645,16629,29061,7,7,1,5,0.7143,0.5714,1.0,6,3,3,1.0
1128625,7424,7337,29153,7,7,1,5,0.7143,0.5714,1.0,6,3,3,1.0
1300624,7310,7337,29153,7,7,1,5,0.7143,0.5714,1.0,6,3,3,1.0
1221897,24813,12006,43639,7,7,1,5,0.7143,0.5714,1.0,6,3,3,1.0
1221518,24795,12006,43639,7,7,1,5,0.7143,0.5714,1.0,6,3,3,1.0
1270037,9962,9903,45524,7,7,1,5,0.7143,0.5714,1.0,6,3,3,1.0
1225537,9923,9903,45524,7,7,1,5,0.7143,0.5714,1.0,6,3,3,1.0
1289595,25489,13590,45706,7,7,1,5,0.7143,0.5714,1.0,6,3,3,1.0
1273508,13597,13590,45706,7,7,1,5,0.7143,0.5714,1.0,6,3,3,1.0
1226768,8307,23086,45814,7,7,1,5,0.7143,0.5714,1.0,6,3,3,1.0
1266292,8320,23086,45814,7,7,1,5,0.7143,0.5714,1.0,6,3,3,1.0
1276241,7299,7330,49080,7,7,1,5,0.7143,0.5714,1.0,6,3,3,1.0
1283036,7319,7330,49080,7,7,1,5,0.7143,0.5714,1.0,6,3,3,1.0
1276921,17721,26838,49332,7,7,1,5,0.7143,0.5714,1.0,6,3,3,1.0
1276924,17712,26838,49332,7,7,1,5,0.7143,0.5714,1.0,6,3,3,1.0
1297619,5974,5954,51862,7,7,1,5,0.7143,0.5714,1.0,6,3,3,1.0
1305131,5950,5954,51862,7,7,1,5,0.7143,0.5714,1.0,6,3,3,1.0
1307213,4744,4721,1711,16,16,2,11,0.6875,0.5625,1.0,15,3,3,1.0
1307212,4744,4721,1711,16,16,2,11,0.6875,0.5625,1.0,15,3,3,1.0
1035968,6734,22373,3229,9,9,2,7,0.7778,0.5556,1.0,8,3,3,1.0
1028002,6734,22373,3229,9,9,2,7,0.7778,0.5556,1.0,8,3,3,1.0
1146822,2947,2916,4565,9,9,2,7,0.7778,0.5556,1.0,8,3,3,1.0
1146835,2947,2916,4565,9,9,2,7,0.7778,0.5556,1.0,8,3,3,1.0
1026635,344336,344337,6162,9,9,2,7,0.7778,0.5556,1.0,8,3,3,1.0
1026662,344336,344337,6162,9,9,2,7,0.7778,0.5556,1.0,8,3,3,1.0
1068991,19143,19166,6632,9,9,1,6,0.6667,0.5556,1.0,8,3,3,1.0
1044614,22837,7603,7665,9,9,2,7,0.7778,0.5556,1.0,8,3,3,1.0
1048929,22837,7603,7665,9,9,2,7,0.7778,0.5556,1.0,8,3,3,1.0
1044959,344337,343441,9316,9,9,2,7,0.7778,0.5556,1.0,8,3,3,1.0
1044960,344337,343441,9316,9,9,2,7,0.7778,0.5556,1.0,8,3,3,1.0
1090807,116779,116781,11855,9,9,2,7,0.7778,0.5556,1.0,8,3,3,1.0
1100225,116779,116781,11855,9,9,2,7,0.7778,0.5556,1.0,8,3,3,1.0
1057931,349867,349853,11911,9,9,2,7,0.7778,0.5556,1.0,8,3,3,1.0
1057930,349867,349853,11911,9,9,2,7,0.7778,0.5556,1.0,8,3,3,1.0
1138508,172493,172492,12886,9,9,1,6,0.6667,0.5556,1.0,8,3,3,1.0
1070271,5257,188801,16053,9,9,2,7,0.7778,0.5556,1.0,8,3,3,1.0
1088989,5257,188801,16053,9,9,2,7,0.7778,0.5556,1.0,8,3,3,1.0
1088209,14716,14674,20005,9,9,1,6,0.6667,0.5556,1.0,8,3,3,1.0
1130673,210564,14674,20005,9,9,1,6,0.6667,0.5556,1.0,8,3,3,1.0
1091502,14585,14674,20005,9,9,1,6,0.6667,0.5556,1.0,8,3,3,1.0
1202208,17992,26968,23817,9,9,1,6,0.6667,0.5556,1.0,8,3,3,1.0
1123711,12104,12160,27601,9,9,2,7,0.7778,0.5556,1.0,8,3,3,1.0
1123673,12104,12160,27601,9,9,2,7,0.7778,0.5556,1.0,8,3,3,1.0
1206262,25699,25698,28173,9,9,2,7,0.7778,0.5556,1.0,8,3,3,1.0
1206261,25699,25698,28173,9,9,2,7,0.7778,0.5556,1.0,8,3,3,1.0
1134539,6786,22409,29497,9,9,2,7,0.7778,0.5556,1.0,8,3,3,1.0
1136444,6786,22409,29497,9,9,2,7,0.7778,0.5556,1.0,8,3,3,1.0
1282228,19512,19506,31154,9,9,2,7,0.7778,0.5556,1.0,8,3,3,1.0
1282268,19512,19506,31154,9,9,2,7,0.7778,0.5556,1.0,8,3,3,1.0
1286002,26765,17535,43948,9,9,2,7,0.7778,0.5556,1.0,8,3,3,1.0
1279507,26765,17535,43948,9,9,2,7,0.7778,0.5556,1.0,8,3,3,1.0
1220681,19068,19038,44812,9,9,1,6,0.6667,0.5556,1.0,8,3,3,1.0
1228247,8507,8526,46105,9,9,2,7,0.7778,0.5556,1.0,8,3,3,1.0
1228248,8507,8526,46105,9,9,2,7,0.7778,0.5556,1.0,8,3,3,1.0
1266297,9398,9428,46543,9,9,2,7,0.7778,0.5556,1.0,8,3,3,1.0
1266295,9398,9428,46543,9,9,2,7,0.7778,0.5556,1.0,8,3,3,1.0
1272227,4669,17155,48517,9,9,2,7,0.7778,0.5556,1.0,8,3,3,1.0
1272228,4669,17155,48517,9,9,2,7,0.7778,0.5556,1.0,8,3,3,1.0
1288129,9322,23604,51482,9,9,2,7,0.7778,0.5556,1.0,8,3,3,1.0
1288130,9322,23604,51482,9,9,2,7,0.7778,0.5556,1.0,8,3,3,1.0
1102160,89567,17109,4729,11,11,1,7,0.6364,0.5455,1.0,10,3,3,1.0
1093146,88613,17109,4729,11,11,1,7,0.6364,0.5455,1.0,10,3,3,1.0
1149985,14705,25838,25800,11,11,1,7,0.6364,0.5455,1.0,10,3,3,1.0
1054677,345360,345359,4102,13,13,2,9,0.6923,0.5385,1.0,12,3,3,1.0
1065076,345360,345359,4102,13,13,2,9,0.6923,0.5385,1.0,12,3,3,1.0
1065075,345362,345359,4102,13,13,2,9,0.6923,0.5385,1.0,12,3,3,1.0
1054641,345362,345359,4102,13,13,2,9,0.6923,0.5385,1.0,12,3,3,1.0
1299555,21708,4929,49966,17,17,4,13,0.7647,0.5294,1.0,16,3,3,1.0
1299543,21708,4929,49966,17,17,4,13,0.7647,0.5294,1.0,16,3,3,1.0
1299545,21708,4929,49966,17,17,4,13,0.7647,0.5294,1.0,16,3,3,1.0
1299556,21708,4929,49966,17,17,4,13,0.7647,0.5294,1.0,16,3,3,1.0
1307210,4746,4721,1711,16,16,3,11,0.6875,0.5,1.0,15,3,3,1.0
1004925,4746,4721,1711,16,16,3,11,0.6875,0.5,1.0,15,3,3,1.0
1307211,4746,4721,1711,16,16,3,11,0.6875,0.5,1.0,15,3,3,1.0
1110163,21779,5145,25018,16,16,4,12,0.75,0.5,1.0,15,3,3,1.0
1111197,21779,5145,25018,16,16,4,12,0.75,0.5,1.0,15,3,3,1.0
1111199,21779,5145,25018,16,16,4,12,0.75,0.5,1.0,15,3,3,1.0
1111196,21779,5145,25018,16,16,4,12,0.75,0.5,1.0,15,3,3,1.0
1233016,,535788,26053,15,14,0,7,0.5,0.5,1.0,14,3,3,1.0
1088792,349711,349710,11767,12,12,3,9,0.75,0.5,1.0,11,3,3,1.0
1074042,349711,349710,11767,12,12,3,9,0.75,0.5,1.0,11,3,3,1.0
1052301,349711,349710,11767,12,12,3,9,0.75,0.5,1.0,11,3,3,1.0
1158701,3804,3812,28991,12,12,3,9,0.75,0.5,1.0,11,3,3,1.0
1159673,3804,3812,28991,12,12,3,9,0.75,0.5,1.0,11,3,3,1.0
1165235,3804,3812,28991,12,12,3,9,0.75,0.5,1.0,11,3,3,1.0
1126562,11660,24745,28291,10,10,2,7,0.7,0.5,1.0,9,3,3,1.0
1176575,11660,24745,28291,10,10,2,7,0.7,0.5,1.0,9,3,3,1.0
1282416,4580,4594,49128,10,10,2,7,0.7,0.5,1.0,9,3,3,1.0
1282239,4580,4594,49128,10,10,2,7,0.7,0.5,1.0,9,3,3,1.0
1001373,244,232,468,8,8,1,5,0.625,0.5,1.0,7,3,3,1.0
1005220,109106,109104,1686,8,8,2,6,0.75,0.5,1.0,7,3,3,1.0
1005219,109106,109104,1686,8,8,2,6,0.75,0.5,1.0,7,3,3,1.0
1006203,11852,11897,1834,8,8,2,6,0.75,0.5,1.0,7,3,3,1.0
1006204,11852,11897,1834,8,8,2,6,0.75,0.5,1.0,7,3,3,1.0
1145619,2853,2870,3079,8,8,2,6,0.75,0.5,1.0,7,3,3,1.0
1145648,2853,2870,3079,8,8,2,6,0.75,0.5,1.0,7,3,3,1.0
1046974,65249,40616,3833,8,8,1,5,0.625,0.5,1.0,7,3,3,1.0
1012976,336002,336000,3977,8,8,2,6,0.75,0.5,1.0,7,3,3,1.0
1052489,336002,336000,3977,8,8,2,6,0.75,0.5,1.0,7,3,3,1.0
1184700,27451,19622,4012,8,8,1,5,0.625,0.5,1.0,7,3,3,1.0
1128556,23898,23883,7160,8,8,2,6,0.75,0.5,1.0,7,3,3,1.0
1027549,23898,23883,7160,8,8,2,6,0.75,0.5,1.0,7,3,3,1.0
1047425,10857,10822,11797,8,8,2,6,0.75,0.5,1.0,7,3,3,1.0
1047426,10857,10822,11797,8,8,2,6,0.75,0.5,1.0,7,3,3,1.0
1119698,370224,370222,14304,8,8,2,6,0.75,0.5,1.0,7,3,3,1.0
1063214,370224,370222,14304,8,8,2,6,0.75,0.5,1.0,7,3,3,1.0
1078700,19160,19163,15743,8,8,1,5,0.625,0.5,1.0,7,3,3,1.0
1302662,6478,6509,17004,8,8,2,6,0.75,0.5,1.0,7,3,3,1.0
1138048,6478,6509,17004,8,8,2,6,0.75,0.5,1.0,7,3,3,1.0
1153889,2478,2384,19591,8,8,2,6,0.75,0.5,1.0,7,3,3,1.0
1153887,2478,2384,19591,8,8,2,6,0.75,0.5,1.0,7,3,3,1.0
1168799,27268,27272,19653,8,8,1,5,0.625,0.5,1.0,7,3,3,1.0
1138408,26928,26920,20918,8,8,2,6,0.75,0.5,1.0,7,3,3,1.0
1146378,26928,26920,20918,8,8,2,6,0.75,0.5,1.0,7,3,3,1.0
1145398,2580,2572,21418,8,8,2,6,0.75,0.5,1.0,7,3,3,1.0
1145404,2580,2572,21418,8,8,2,6,0.75,0.5,1.0,7,3,3,1.0
1110155,17039,17037,23196,8,8,2,6,0.75,0.5,1.0,7,3,3,1.0
1110152,17039,17037,23196,8,8,2,6,0.75,0.5,1.0,7,3,3,1.0
1103142,26464,26470,23245,8,8,1,5,0.625,0.5,1.0,7,3,3,1.0
1100427,26474,26470,23245,8,8,1,5,0.625,0.5,1.0,7,3,3,1.0
1103169,26475,26470,23245,8,8,1,5,0.625,0.5,1.0,7,3,3,1.0
1113565,18959,18973,25225,8,8,2,6,0.75,0.5,1.0,7,3,3,1.0
1113567,18959,18973,25225,8,8,2,6,0.75,0.5,1.0,7,3,3,1.0
1121642,20719,25806,27026,8,8,1,5,0.625,0.5,1.0,7,3,3,1.0
1123906,12263,12262,27550,8,8,2,6,0.75,0.5,1.0,7,3,3,1.0
1123908,12263,12262,27550,8,8,2,6,0.75,0.5,1.0,7,3,3,1.0
1171392,20056,20061,28020,8,8,2,6,0.75,0.5,1.0,7,3,3,1.0
1125559,20056,20061,28020,8,8,2,6,0.75,0.5,1.0,7,3,3,1.0
1127462,3102,3106,28617,8,8,2,6,0.75,0.5,1.0,7,3,3,1.0
1146625,3102,3106,28617,8,8,2,6,0.75,0.5,1.0,7,3,3,1.0
1289334,7479,7366,31514,8,8,1,5,0.625,0.5,1.0,7,3,3,1.0
1277911,530652,530651,31756,8,8,2,6,0.75,0.5,1.0,7,3,3,1.0
1307503,530652,530651,31756,8,8,2,6,0.75,0.5,1.0,7,3,3,1.0
1304253,6182,6158,32014,8,8,2,6,0.75,0.5,1.0,7,3,3,1.0
1304250,6182,6158,32014,8,8,2,6,0.75,0.5,1.0,7,3,3,1.0
1142398,14843,2661,32076,8,8,1,5,0.625,0.5,1.0,7,3,3,1.0
1280296,4553,21604,32165,8,8,2,6,0.75,0.5,1.0,7,3,3,1.0
1287202,4553,21604,32165,8,8,2,6,0.75,0.5,1.0,7,3,3,1.0
1148621,3049,21135,32686,8,8,2,6,0.75,0.5,1.0,7,3,3,1.0
1154465,3049,21135,32686,8,8,2,6,0.75,0.5,1.0,7,3,3,1.0
1145389,2580,2572,32854,8,8,2,6,0.75,0.5,1.0,7,3,3,1.0
1145399,2580,2572,32854,8,8,2,6,0.75,0.5,1.0,7,3,3,1.0
1164598,21747,21743,35759,8,8,2,6,0.75,0.5,1.0,7,3,3,1.0
1203242,21747,21743,35759,8,8,2,6,0.75,0.5,1.0,7,3,3,1.0
1186604,273916,273917,36771,8,8,2,6,0.75,0.5,1.0,7,3,3,1.0
1186602,273916,273917,36771,8,8,2,6,0.75,0.5,1.0,7,3,3,1.0
1169308,162238,162239,36814,8,8,2,6,0.75,0.5,1.0,7,3,3,1.0
1169310,162238,162239,36814,8,8,2,6,0.75,0.5,1.0,7,3,3,1.0
1185084,19410,19390,39576,8,8,2,6,0.75,0.5,1.0,7,3,3,1.0
1185083,19410,19390,39576,8,8,2,6,0.75,0.5,1.0,7,3,3,1.0
1234463,,285756,40834,9,8,0,4,0.5,0.5,1.0,8,3,3,1.0
1273695,2011,20381,43099,8,8,2,6,0.75,0.5,1.0,7,3,3,1.0
1273712,2011,20381,43099,8,8,2,6,0.75,0.5,1.0,7,3,3,1.0
1209678,165116,165117,43606,8,8,2,6,0.75,0.5,1.0,7,3,3,1.0
1221246,165116,165117,43606,8,8,2,6,0.75,0.5,1.0,7,3,3,1.0
1273069,25690,25668,48118,8,8,2,6,0.75,0.5,1.0,7,3,3,1.0
1270742,25690,25668,48118,8,8,2,6,0.75,0.5,1.0,7,3,3,1.0
1289024,10228,10203,48810,8,8,2,6,0.75,0.5,1.0,7,3,3,1.0
1288488,10228,10203,48810,8,8,2,6,0.75,0.5,1.0,7,3,3,1.0
1276063,17719,26847,48991,8,8,2,6,0.75,0.5,1.0,7,3,3,1.0
1276010,17719,26847,48991,8,8,2,6,0.75,0.5,1.0,7,3,3,1.0
1306609,17790,26856,48993,8,8,2,6,0.75,0.5,1.0,7,3,3,1.0
1306608,17790,26856,48993,8,8,2,6,0.75,0.5,1.0,7,3,3,1.0
1287046,7757,7760,49119,8,8,1,5,0.625,0.5,1.0,7,3,3,1.0
1299069,7851,7806,49875,8,8,2,6,0.75,0.5,1.0,7,3,3,1.0
1299068,7851,7806,49875,8,8,2,6,0.75,0.5,1.0,7,3,3,1.0
1307279,8821,8914,51344,8,8,2,6,0.75,0.5,1.0,7,3,3,1.0
1309116,8821,8914,51344,8,8,2,6,0.75,0.5,1.0,7,3,3,1.0
1311373,6020,6005,54326,8,8,2,6,0.75,0.5,1.0,7,3,3,1.0
1311332,6020,6005,54326,8,8,2,6,0.75,0.5,1.0,7,3,3,1.0
1000685,5580,221438,72,6,6,1,4,0.6667,0.5,1.0,5,3,3,1.0
1000666,5576,221438,72,6,6,1,4,0.6667,0.5,1.0,5,3,3,1.0
1130669,375100,11796,1182,6,6,1,4,0.6667,0.5,1.0,5,3,3,1.0
1009969,11777,11796,1182,6,6,1,4,0.6667,0.5,1.0,5,3,3,1.0
1003820,19681,19682,1237,6,6,1,4,0.6667,0.5,1.0,5,3,3,1.0
1003615,19685,19682,1237,6,6,1,4,0.6667,0.5,1.0,5,3,3,1.0
1003707,19705,19703,1255,6,6,1,4,0.6667,0.5,1.0,5,3,3,1.0
1003779,19704,19703,1255,6,6,1,4,0.6667,0.5,1.0,5,3,3,1.0
1081055,384699,5172,3748,6,6,1,4,0.6667,0.5,1.0,5,3,3,1.0
1098535,5176,5172,3748,6,6,1,4,0.6667,0.5,1.0,5,3,3,1.0
1023546,23452,9032,5730,6,6,1,4,0.6667,0.5,1.0,5,3,3,1.0
1024483,9053,9032,5730,6,6,1,4,0.6667,0.5,1.0,5,3,3,1.0
1023831,7679,7733,6486,6,6,1,4,0.6667,0.5,1.0,5,3,3,1.0
1306056,7555,7733,6486,6,6,1,4,0.6667,0.5,1.0,5,3,3,1.0
1233029,,501855,7004,7,6,0,3,0.5,0.5,1.0,6,3,3,1.0
1032017,370358,370350,7505,6,6,1,4,0.6667,0.5,1.0,5,3,3,1.0
1028536,375309,370350,7505,6,6,1,4,0.6667,0.5,1.0,5,3,3,1.0
1115078,13603,180797,11844,6,6,1,4,0.6667,0.5,1.0,5,3,3,1.0
1047657,1789,180797,11844,6,6,1,4,0.6667,0.5,1.0,5,3,3,1.0
1076466,19208,19225,16427,6,6,1,4,0.6667,0.5,1.0,5,3,3,1.0
1076464,19231,19225,16427,6,6,1,4,0.6667,0.5,1.0,5,3,3,1.0
1082027,15796,15778,19131,6,6,1,4,0.6667,0.5,1.0,5,3,3,1.0
1102857,15750,15778,19131,6,6,1,4,0.6667,0.5,1.0,5,3,3,1.0
1179794,350097,345003,22506,6,6,1,4,0.6667,0.5,1.0,5,3,3,1.0
1097466,344363,345003,22506,6,6,1,4,0.6667,0.5,1.0,5,3,3,1.0
1103062,17186,17172,23811,6,6,1,4,0.6667,0.5,1.0,5,3,3,1.0
1103097,17180,17172,23811,6,6,1,4,0.6667,0.5,1.0,5,3,3,1.0
1110701,14416,14391,25174,6,6,1,4,0.6667,0.5,1.0,5,3,3,1.0
1112435,14431,14391,25174,6,6,1,4,0.6667,0.5,1.0,5,3,3,1.0
1122629,25018,25013,27313,6,6,1,4,0.6667,0.5,1.0,5,3,3,1.0
1122693,25024,25013,27313,6,6,1,4,0.6667,0.5,1.0,5,3,3,1.0
1275616,12163,24945,28695,6,6,1,4,0.6667,0.5,1.0,5,3,3,1.0
1265884,12020,24945,28695,6,6,1,4,0.6667,0.5,1.0,5,3,3,1.0
1282750,19587,19575,29371,6,6,1,4,0.6667,0.5,1.0,5,3,3,1.0
1282790,19582,19575,29371,6,6,1,4,0.6667,0.5,1.0,5,3,3,1.0
1133548,8044,8065,30543,6,6,1,4,0.6667,0.5,1.0,5,3,3,1.0
1216177,8128,8065,30543,6,6,1,4,0.6667,0.5,1.0,5,3,3,1.0
1137190,8091,8149,31630,6,6,1,4,0.6667,0.5,1.0,5,3,3,1.0
1306522,8124,8149,31630,6,6,1,4,0.6667,0.5,1.0,5,3,3,1.0
1170055,24840,11999,36970,6,6,1,4,0.6667,0.5,1.0,5,3,3,1.0
1208290,24787,11999,36970,6,6,1,4,0.6667,0.5,1.0,5,3,3,1.0
1186445,19612,27451,39626,6,6,1,4,0.6667,0.5,1.0,5,3,3,1.0
1188399,19620,27451,39626,6,6,1,4,0.6667,0.5,1.0,5,3,3,1.0
1200415,12130,12180,42103,6,6,1,4,0.6667,0.5,1.0,5,3,3,1.0
1221717,12208,12180,42103,6,6,1,4,0.6667,0.5,1.0,5,3,3,1.0
1271265,14281,14323,48134,6,6,1,4,0.6667,0.5,1.0,5,3,3,1.0
1271263,14381,14323,48134,6,6,1,4,0.6667,0.5,1.0,5,3,3,1.0
1301463,6503,6485,48200,6,6,1,4,0.6667,0.5,1.0,5,3,3,1.0
1310328,22301,6485,48200,6,6,1,4,0.6667,0.5,1.0,5,3,3,1.0
1271225,14493,14441,48349,6,6,1,4,0.6667,0.5,1.0,5,3,3,1.0
1271245,14366,14441,48349,6,6,1,4,0.6667,0.5,1.0,5,3,3,1.0
1274342,9890,9965,48907,6,6,1,4,0.6667,0.5,1.0,5,3,3,1.0
1289590,23930,9965,48907,6,6,1,4,0.6667,0.5,1.0,5,3,3,1.0
1297699,18056,18052,49004,6,6,1,4,0.6667,0.5,1.0,5,3,3,1.0
1281162,18036,18052,49004,6,6,1,4,0.6667,0.5,1.0,5,3,3,1.0
1282722,27377,19416,50922,6,6,1,4,0.6667,0.5,1.0,5,3,3,1.0
1282697,27367,19416,50922,6,6,1,4,0.6667,0.5,1.0,5,3,3,1.0
1287152,7976,8118,51376,6,6,1,4,0.6667,0.5,1.0,5,3,3,1.0
1300557,8081,8118,51376,6,6,1,4,0.6667,0.5,1.0,5,3,3,1.0
1297569,7502,7573,51846,6,6,1,4,0.6667,0.5,1.0,5,3,3,1.0
1297926,7652,7573,51846,6,6,1,4,0.6667,0.5,1.0,5,3,3,1.0
1000661,5558,453995,92,4,4,1,3,0.75,0.5,1.0,3,3,3,1.0
1000832,19676,19679,197,4,4,1,3,0.75,0.5,1.0,3,3,3,1.0
1000893,83807,5465,214,4,4,1,3,0.75,0.5,1.0,3,3,3,1.0
1006651,30364,24109,227,4,4,1,3,0.75,0.5,1.0,3,3,3,1.0
1001049,219,218,302,4,4,1,3,0.75,0.5,1.0,3,3,3,1.0
1002666,19835,418,365,4,4,1,3,0.75,0.5,1.0,3,3,3,1.0
1001293,279,282,414,4,4,1,3,0.75,0.5,1.0,3,3,3,1.0
1001462,19819,19823,418,4,4,1,3,0.75,0.5,1.0,3,3,3,1.0
1001282,279,19794,423,4,4,1,3,0.75,0.5,1.0,3,3,3,1.0
1001928,446,438,471,4,4,1,3,0.75,0.5,1.0,3,3,3,1.0
1001748,227,212,641,4,4,1,3,0.75,0.5,1.0,3,3,3,1.0
1001888,274,268,648,4,4,1,3,0.75,0.5,1.0,3,3,3,1.0
1280975,530,529,768,4,4,1,3,0.75,0.5,1.0,3,3,3,1.0
1002507,24383,10783,1028,4,4,1,3,0.75,0.5,1.0,3,3,3,1.0
1007358,10404,10453,1053,4,4,1,3,0.75,0.5,1.0,3,3,3,1.0
1003609,19710,19711,1235,4,4,1,3,0.75,0.5,1.0,3,3,3,1.0
1003823,19686,19689,1253,4,4,1,3,0.75,0.5,1.0,3,3,3,1.0
1003710,19711,27471,1271,4,4,1,3,0.75,0.5,1.0,3,3,3,1.0
1119488,25509,13678,1479,4,4,1,3,0.75,0.5,1.0,3,3,3,1.0
1004420,133432,133434,1533,4,4,1,3,0.75,0.5,1.0,3,3,3,1.0
1007811,645,658,2530,4,4,1,3,0.75,0.5,1.0,3,3,3,1.0
1007841,681,689,2558,4,4,1,3,0.75,0.5,1.0,3,3,3,1.0
1128761,131184,131185,2948,4,4,1,3,0.75,0.5,1.0,3,3,3,1.0
1014562,5413,5416,3999,4,4,1,3,0.75,0.5,1.0,3,3,3,1.0
1013029,3933,3916,4019,4,4,1,3,0.75,0.5,1.0,3,3,3,1.0
1023961,24382,10715,4755,4,4,1,3,0.75,0.5,1.0,3,3,3,1.0
1195013,19961,913,5138,4,4,1,3,0.75,0.5,1.0,3,3,3,1.0
1027256,9059,23496,5250,4,4,1,3,0.75,0.5,1.0,3,3,3,1.0
1020592,9287,9241,5344,4,4,1,3,0.75,0.5,1.0,3,3,3,1.0
1046155,24406,24411,6143,4,4,1,3,0.75,0.5,1.0,3,3,3,1.0
1028620,17661,17563,7581,4,4,1,3,0.75,0.5,1.0,3,3,3,1.0
1033287,294077,291199,7700,4,4,1,3,0.75,0.5,1.0,3,3,3,1.0
1029678,6199,6219,7889,4,4,1,3,0.75,0.5,1.0,3,3,3,1.0
1035239,6028,22111,9295,4,4,1,3,0.75,0.5,1.0,3,3,3,1.0
1036968,375008,375007,9660,4,4,1,3,0.75,0.5,1.0,3,3,3,1.0
1074302,6771,6742,9923,4,4,1,3,0.75,0.5,1.0,3,3,3,1.0
1042508,343708,343709,10451,4,4,1,3,0.75,0.5,1.0,3,3,3,1.0
1136930,181763,171839,13198,4,4,1,3,0.75,0.5,1.0,3,3,3,1.0
1175682,13542,25425,13210,4,4,1,3,0.75,0.5,1.0,3,3,3,1.0
1115807,13608,13637,13649,4,4,1,3,0.75,0.5,1.0,3,3,3,1.0
1308018,8274,8236,13950,4,4,1,3,0.75,0.5,1.0,3,3,3,1.0
1061722,344779,344972,14465,4,4,1,3,0.75,0.5,1.0,3,3,3,1.0
1065867,247050,247355,15053,4,4,1,3,0.75,0.5,1.0,3,3,3,1.0
1066736,247045,247043,15138,4,4,1,3,0.75,0.5,1.0,3,3,3,1.0
1067749,39337,39335,15475,4,4,1,3,0.75,0.5,1.0,3,3,3,1.0
1076022,18843,18858,16153,4,4,1,3,0.75,0.5,1.0,3,3,3,1.0
1072926,259527,149118,16758,4,4,1,3,0.75,0.5,1.0,3,3,3,1.0
1074036,3335,3380,17315,4,4,1,3,0.75,0.5,1.0,3,3,3,1.0
1075750,27361,27352,17704,4,4,1,3,0.75,0.5,1.0,3,3,3,1.0
1136555,10106,10123,18290,5,4,1,3,0.75,0.5,1.0,4,3,3,1.0
1078628,18565,18623,18315,4,4,1,3,0.75,0.5,1.0,3,3,3,1.0
1093115,17769,26859,18417,4,4,1,3,0.75,0.5,1.0,3,3,3,1.0
1091847,17518,17524,18439,4,4,1,3,0.75,0.5,1.0,3,3,3,1.0
1090029,14083,14023,18591,4,4,1,3,0.75,0.5,1.0,3,3,3,1.0
1081528,13984,13998,18998,4,4,1,3,0.75,0.5,1.0,3,3,3,1.0
1081778,15751,15742,19059,4,4,1,3,0.75,0.5,1.0,3,3,3,1.0
1087787,13861,1917,19923,4,4,1,3,0.75,0.5,1.0,3,3,3,1.0
1108667,17494,26746,20190,4,4,1,3,0.75,0.5,1.0,3,3,3,1.0
1089823,14148,14083,20429,4,4,1,3,0.75,0.5,1.0,3,3,3,1.0
1116403,13110,13173,20657,4,4,1,3,0.75,0.5,1.0,3,3,3,1.0
1116126,12920,12910,20748,4,4,1,3,0.75,0.5,1.0,3,3,3,1.0
1113711,14078,14070,20783,4,4,1,3,0.75,0.5,1.0,3,3,3,1.0
1202165,18412,18415,21007,4,4,1,3,0.75,0.5,1.0,3,3,3,1.0
1091518,27466,27465,21057,4,4,1,3,0.75,0.5,1.0,3,3,3,1.0
1186188,19319,19353,21246,4,4,1,3,0.75,0.5,1.0,3,3,3,1.0
1186058,19397,19395,21250,5,4,1,3,0.75,0.5,1.0,4,3,3,1.0
1092844,26251,26268,21566,4,4,1,3,0.75,0.5,1.0,3,3,3,1.0
1093093,17120,17143,21636,4,4,1,3,0.75,0.5,1.0,3,3,3,1.0
1154732,16930,16946,21904,4,4,1,3,0.75,0.5,1.0,3,3,3,1.0
1111762,18290,18234,21913,4,4,1,3,0.75,0.5,1.0,3,3,3,1.0
1180641,26317,16064,22315,4,4,1,3,0.75,0.5,1.0,3,3,3,1.0
1095805,2409,20549,22375,4,4,1,3,0.75,0.5,1.0,3,3,3,1.0
1189729,4391,4411,22933,4,4,1,3,0.75,0.5,1.0,3,3,3,1.0
1100317,16998,16962,23209,4,4,1,3,0.75,0.5,1.0,3,3,3,1.0
1154796,26696,17225,23228,4,4,1,3,0.75,0.5,1.0,3,3,3,1.0
1276496,13930,13965,23506,4,4,1,3,0.75,0.5,1.0,3,3,3,1.0
1103078,26662,26670,23825,4,4,1,3,0.75,0.5,1.0,3,3,3,1.0
1106452,26696,17239,23827,4,4,1,3,0.75,0.5,1.0,3,3,3,1.0
1105738,1676,1679,24476,4,4,1,3,0.75,0.5,1.0,3,3,3,1.0
1110968,4990,4980,24593,4,4,1,3,0.75,0.5,1.0,3,3,3,1.0
1109901,15799,15783,24818,4,4,1,3,0.75,0.5,1.0,3,3,3,1.0
1135863,40931,5041,24922,4,4,1,3,0.75,0.5,1.0,3,3,3,1.0
1116996,13128,13105,25000,4,4,1,3,0.75,0.5,1.0,3,3,3,1.0
1112395,18183,18181,25558,4,4,1,3,0.75,0.5,1.0,3,3,3,1.0
1112927,12969,13008,25723,4,4,1,3,0.75,0.5,1.0,3,3,3,1.0
1116110,13064,13100,25808,4,4,1,3,0.75,0.5,1.0,3,3,3,1.0
1149716,234557,3194,25848,4,4,1,3,0.75,0.5,1.0,3,3,3,1.0
1113837,18239,18271,25962,4,4,1,3,0.75,0.5,1.0,3,3,3,1.0
1114755,13372,25408,26085,4,4,1,3,0.75,0.5,1.0,3,3,3,1.0
1115927,14051,14015,26400,4,4,1,3,0.75,0.5,1.0,3,3,3,1.0
1118846,473035,473039,26584,4,4,1,3,0.75,0.5,1.0,3,3,3,1.0
1118945,473035,473036,26670,4,4,1,3,0.75,0.5,1.0,3,3,3,1.0
1120609,26931,21707,26843,4,4,1,3,0.75,0.5,1.0,3,3,3,1.0
1163984,11844,11884,27061,4,4,1,3,0.75,0.5,1.0,3,3,3,1.0
1122390,1374,1391,27261,4,4,1,3,0.75,0.5,1.0,3,3,3,1.0
1143139,12207,19989,27643,4,4,1,3,0.75,0.5,1.0,3,3,3,1.0
1206624,20978,25972,28356,4,4,1,3,0.75,0.5,1.0,3,3,3,1.0
1127611,20432,20386,28686,4,4,1,3,0.75,0.5,1.0,3,3,3,1.0
1216875,24381,10720,28752,4,4,1,3,0.75,0.5,1.0,3,3,3,1.0
1185281,19634,27454,28984,4,4,1,3,0.75,0.5,1.0,3,3,3,1.0
1304968,330238,330239,29107,4,4,1,3,0.75,0.5,1.0,3,3,3,1.0
1171473,1094,20001,29571,4,4,1,3,0.75,0.5,1.0,3,3,3,1.0
1131094,21653,21657,29586,4,4,1,3,0.75,0.5,1.0,3,3,3,1.0
1136226,145278,131510,29966,4,4,1,3,0.75,0.5,1.0,3,3,3,1.0
1220295,18457,18471,30054,4,4,1,3,0.75,0.5,1.0,3,3,3,1.0
1269344,8879,8895,30962,4,4,1,3,0.75,0.5,1.0,3,3,3,1.0
1136210,19907,734,31359,4,4,1,3,0.75,0.5,1.0,3,3,3,1.0
1273533,23951,23959,31555,4,4,1,3,0.75,0.5,1.0,3,3,3,1.0
1223180,25797,14487,31741,4,4,1,3,0.75,0.5,1.0,3,3,3,1.0
1220965,20028,20030,31814,4,4,1,3,0.75,0.5,1.0,3,3,3,1.0
1196247,11282,11319,31827,4,4,1,3,0.75,0.5,1.0,3,3,3,1.0
1278674,2157,2200,31981,4,4,1,3,0.75,0.5,1.0,3,3,3,1.0
1142951,73245,11966,32215,4,4,1,3,0.75,0.5,1.0,3,3,3,1.0
1149585,3455,3406,32505,4,4,1,3,0.75,0.5,1.0,3,3,3,1.0
1149430,3055,275196,32669,4,4,1,3,0.75,0.5,1.0,3,3,3,1.0
1144536,178567,238075,32670,4,4,1,3,0.75,0.5,1.0,3,3,3,1.0
1145061,25762,25765,32789,4,4,1,3,0.75,0.5,1.0,3,3,3,1.0
1154741,20391,20394,34596,4,4,1,3,0.75,0.5,1.0,3,3,3,1.0
1163827,20476,2309,35491,4,4,1,3,0.75,0.5,1.0,3,3,3,1.0
1177661,2210,365414,35583,4,4,1,3,0.75,0.5,1.0,3,3,3,1.0
1165472,17247,17241,35772,4,4,1,3,0.75,0.5,1.0,3,3,3,1.0
1219185,18849,18813,36346,4,4,1,3,0.75,0.5,1.0,3,3,3,1.0
1167374,18684,18671,36347,4,4,1,3,0.75,0.5,1.0,3,3,3,1.0
1220810,19068,19038,36579,4,4,1,3,0.75,0.5,1.0,3,3,3,1.0
1183657,4274,4318,37408,4,4,1,3,0.75,0.5,1.0,3,3,3,1.0
1174724,18498,18511,37512,4,4,1,3,0.75,0.5,1.0,3,3,3,1.0
1175947,20981,20975,37539,4,4,1,3,0.75,0.5,1.0,3,3,3,1.0
1175195,26417,16378,37641,4,4,1,3,0.75,0.5,1.0,3,3,3,1.0
1175622,174719,123189,37770,4,4,1,3,0.75,0.5,1.0,3,3,3,1.0
1175757,12399,12357,37802,4,4,1,3,0.75,0.5,1.0,3,3,3,1.0
1183802,73895,73894,38403,4,4,1,3,0.75,0.5,1.0,3,3,3,1.0
1178632,3140,3173,38416,4,4,1,3,0.75,0.5,1.0,3,3,3,1.0
1181256,16044,16092,38598,4,4,1,3,0.75,0.5,1.0,3,3,3,1.0
1179315,1497,1464,38756,4,4,1,3,0.75,0.5,1.0,3,3,3,1.0
1180368,26140,15649,38986,4,4,1,3,0.75,0.5,1.0,3,3,3,1.0
1181114,26303,16025,39157,4,4,1,3,0.75,0.5,1.0,3,3,3,1.0
1185066,18705,18770,39574,4,4,1,3,0.75,0.5,1.0,3,3,3,1.0
1185352,27453,38407,39593,4,4,1,3,0.75,0.5,1.0,3,3,3,1.0
1188653,3192,3259,40090,4,4,1,3,0.75,0.5,1.0,3,3,3,1.0
1207682,12416,12485,41093,4,4,1,3,0.75,0.5,1.0,3,3,3,1.0
1197869,11427,11429,41330,4,4,1,3,0.75,0.5,1.0,3,3,3,1.0
1223227,12734,25149,41343,4,4,1,3,0.75,0.5,1.0,3,3,3,1.0
1197985,595,85730,41375,4,4,1,3,0.75,0.5,1.0,3,3,3,1.0
1229182,11525,11457,41471,4,4,1,3,0.75,0.5,1.0,3,3,3,1.0
1248302,85730,19891,41485,4,4,1,3,0.75,0.5,1.0,3,3,3,1.0
1226241,23269,8780,41903,4,4,1,3,0.75,0.5,1.0,3,3,3,1.0
1217936,24733,24717,41963,4,4,1,3,0.75,0.5,1.0,3,3,3,1.0
1201634,12294,24968,42181,4,4,1,3,0.75,0.5,1.0,3,3,3,1.0
1203534,7976,8028,42677,4,4,1,3,0.75,0.5,1.0,3,3,3,1.0
1208671,20150,20141,43131,4,4,1,3,0.75,0.5,1.0,3,3,3,1.0
1210981,12473,12547,43548,4,4,1,3,0.75,0.5,1.0,3,3,3,1.0
1216268,11676,11674,43966,4,4,1,3,0.75,0.5,1.0,3,3,3,1.0
1217584,24026,10124,44178,4,4,1,3,0.75,0.5,1.0,3,3,3,1.0
1218201,12077,12124,44231,4,4,1,3,0.75,0.5,1.0,3,3,3,1.0
1220628,27254,19013,44822,4,4,1,3,0.75,0.5,1.0,3,3,3,1.0
1221947,12213,12148,45032,4,4,1,3,0.75,0.5,1.0,3,3,3,1.0
1225430,9614,9700,45488,4,4,1,3,0.75,0.5,1.0,3,3,3,1.0
1226848,2485,2488,45834,4,4,1,3,0.75,0.5,1.0,3,3,3,1.0
1308660,23421,23332,46682,4,4,1,3,0.75,0.5,1.0,3,3,3,1.0
1266220,23897,23867,47162,4,4,1,3,0.75,0.5,1.0,3,3,3,1.0
1266253,12536,12575,47170,4,4,1,3,0.75,0.5,1.0,3,3,3,1.0
1271496,24654,11503,47329,4,4,1,3,0.75,0.5,1.0,3,3,3,1.0
1268325,8835,8882,47365,4,4,1,3,0.75,0.5,1.0,3,3,3,1.0
1268753,8727,8837,47793,4,4,1,3,0.75,0.5,1.0,3,3,3,1.0
1270374,14986,14962,48187,4,4,1,3,0.75,0.5,1.0,3,3,3,1.0
1276306,14917,14960,48278,4,4,1,3,0.75,0.5,1.0,3,3,3,1.0
1278130,21599,21595,48301,4,4,1,3,0.75,0.5,1.0,3,3,3,1.0
1272291,12111,12064,48527,4,4,1,3,0.75,0.5,1.0,3,3,3,1.0
1273692,376206,2011,48769,4,4,1,3,0.75,0.5,1.0,3,3,3,1.0
1274091,9386,9367,48850,4,4,1,3,0.75,0.5,1.0,3,3,3,1.0
1276696,7632,7598,49244,4,4,1,3,0.75,0.5,1.0,3,3,3,1.0
1298227,17897,17889,49333,4,4,1,3,0.75,0.5,1.0,3,3,3,1.0
1278097,6916,6883,49627,4,4,1,3,0.75,0.5,1.0,3,3,3,1.0
1282459,4503,4498,49652,4,4,1,3,0.75,0.5,1.0,3,3,3,1.0
1278177,4503,4519,49654,4,4,1,3,0.75,0.5,1.0,3,3,3,1.0
1286128,20277,20274,49750,4,4,1,3,0.75,0.5,1.0,3,3,3,1.0
1279004,281918,20466,49865,4,4,1,3,0.75,0.5,1.0,3,3,3,1.0
1288629,7867,7853,49909,4,4,1,3,0.75,0.5,1.0,3,3,3,1.0
1281361,26895,26885,50576,4,4,1,3,0.75,0.5,1.0,3,3,3,1.0
1282616,19506,27429,50904,4,4,1,3,0.75,0.5,1.0,3,3,3,1.0
1283256,7415,22745,51024,4,4,1,3,0.75,0.5,1.0,3,3,3,1.0
1306571,22905,22888,51367,4,4,1,3,0.75,0.5,1.0,3,3,3,1.0
1287165,22622,45087,51373,4,4,1,3,0.75,0.5,1.0,3,3,3,1.0
1299336,27002,27000,52247,4,4,1,3,0.75,0.5,1.0,3,3,3,1.0
1299804,18401,18344,52377,4,4,1,3,0.75,0.5,1.0,3,3,3,1.0
1300113,7980,7968,52461,4,4,1,3,0.75,0.5,1.0,3,3,3,1.0
1300961,6512,6528,52562,4,4,1,3,0.75,0.5,1.0,3,3,3,1.0
1304090,7893,7918,52567,4,4,1,3,0.75,0.5,1.0,3,3,3,1.0
1303496,6336,6313,52873,4,4,1,3,0.75,0.5,1.0,3,3,3,1.0
1302158,2014,2079,52901,4,4,1,3,0.75,0.5,1.0,3,3,3,1.0
1304407,37117,37118,53264,4,4,1,3,0.75,0.5,1.0,3,3,3,1.0
1304510,7891,7877,53283,4,4,1,3,0.75,0.5,1.0,3,3,3,1.0
1305794,8380,8321,53465,4,4,1,3,0.75,0.5,1.0,3,3,3,1.0
1307755,7717,7734,53668,4,4,1,3,0.75,0.5,1.0,3,3,3,1.0
1309083,8555,8587,53916,4,4,1,3,0.75,0.5,1.0,3,3,3,1.0
1308562,58,63,53978,4,4,1,3,0.75,0.5,1.0,3,3,3,1.0
1309235,8012,7991,54082,4,4,1,3,0.75,0.5,1.0,3,3,3,1.0
1309358,23508,23447,54094,4,4,1,3,0.75,0.5,1.0,3,3,3,1.0
1150488,21445,21444,21576,15,15,1,8,0.5333,0.4667,1.0,14,3,3,1.0
1248326,,536225,10637,14,13,0,6,0.4615,0.4615,1.0,13,3,3,1.0
1157599,17430,17442,1143,11,11,3,8,0.7273,0.4545,1.0,10,3,3,1.0
1154875,17430,17442,1143,11,11,3,8,0.7273,0.4545,1.0,10,3,3,1.0
1156918,17430,17442,1143,11,11,3,8,0.7273,0.4545,1.0,10,3,3,1.0
1014507,140163,17109,4729,11,11,2,7,0.6364,0.4545,1.0,10,3,3,1.0
1093145,140163,17109,4729,11,11,2,7,0.6364,0.4545,1.0,10,3,3,1.0
1062553,21966,21968,14653,11,11,3,8,0.7273,0.4545,1.0,10,3,3,1.0
1066003,21966,21968,14653,11,11,3,8,0.7273,0.4545,1.0,10,3,3,1.0
1062567,21966,21968,14653,11,11,3,8,0.7273,0.4545,1.0,10,3,3,1.0
1066168,5672,5666,14788,11,11,3,8,0.7273,0.4545,1.0,10,3,3,1.0
1066188,5672,5666,14788,11,11,3,8,0.7273,0.4545,1.0,10,3,3,1.0
1067078,5672,5666,14788,11,11,3,8,0.7273,0.4545,1.0,10,3,3,1.0
1143905,14592,25783,25591,11,11,3,8,0.7273,0.4545,1.0,10,3,3,1.0
1128491,14592,25783,25591,11,11,3,8,0.7273,0.4545,1.0,10,3,3,1.0
1112544,14592,25783,25591,11,11,3,8,0.7273,0.4545,1.0,10,3,3,1.0
1266015,9167,9150,28464,11,11,2,7,0.6364,0.4545,1.0,10,3,3,1.0
1137078,9116,9150,28464,11,11,2,7,0.6364,0.4545,1.0,10,3,3,1.0
1134060,9116,9150,28464,11,11,2,7,0.6364,0.4545,1.0,10,3,3,1.0
1262427,9167,9150,28464,11,11,2,7,0.6364,0.4545,1.0,10,3,3,1.0
1153784,2070,2155,34393,11,11,3,8,0.7273,0.4545,1.0,10,3,3,1.0
1156168,2070,2155,34393,11,11,3,8,0.7273,0.4545,1.0,10,3,3,1.0
1156779,2070,2155,34393,11,11,3,8,0.7273,0.4545,1.0,10,3,3,1.0
1210150,17227,17254,35763,11,11,1,6,0.5455,0.4545,1.0,10,3,3,1.0
1271647,11365,11343,46182,11,11,3,8,0.7273,0.4545,1.0,10,3,3,1.0
1228614,11365,11343,46182,11,11,3,8,0.7273,0.4545,1.0,10,3,3,1.0
1271649,11365,11343,46182,11,11,3,8,0.7273,0.4545,1.0,10,3,3,1.0
1276621,13795,20323,48130,11,11,1,6,0.5455,0.4545,1.0,10,3,3,1.0
1276485,25552,20323,48130,11,11,1,6,0.5455,0.4545,1.0,10,3,3,1.0
1276486,13812,20323,48130,11,11,1,6,0.5455,0.4545,1.0,10,3,3,1.0
1074063,286088,343405,4107,20,20,2,11,0.55,0.45,1.0,19,3,3,1.0
1249892,310077,343405,4107,20,20,2,11,0.55,0.45,1.0,19,3,3,1.0
1052321,286088,343405,4107,20,20,2,11,0.55,0.45,1.0,19,3,3,1.0
1261263,310077,343405,4107,20,20,2,11,0.55,0.45,1.0,19,3,3,1.0
1226100,,391280,1267,11,9,0,4,0.4444,0.4444,1.0,10,3,3,1.0
1226101,,391280,1267,11,9,0,4,0.4444,0.4444,1.0,10,3,3,1.0
1024348,19211,19166,6632,9,9,2,6,0.6667,0.4444,1.0,8,3,3,1.0
1135530,19211,19166,6632,9,9,2,6,0.6667,0.4444,1.0,8,3,3,1.0
1119812,189440,172492,12886,9,9,2,6,0.6667,0.4444,1.0,8,3,3,1.0
1072167,189440,172492,12886,9,9,2,6,0.6667,0.4444,1.0,8,3,3,1.0
1084024,15724,26177,19476,9,9,1,5,0.5556,0.4444,1.0,8,3,3,1.0
1103043,18016,26968,23817,9,9,2,6,0.6667,0.4444,1.0,8,3,3,1.0
1202145,18016,26968,23817,9,9,2,6,0.6667,0.4444,1.0,8,3,3,1.0
1145117,14647,25813,25784,9,9,1,5,0.5556,0.4444,1.0,8,3,3,1.0
1205554,24645,11447,26613,9,9,1,5,0.5556,0.4444,1.0,8,3,3,1.0
1220540,19013,19038,44812,9,9,2,6,0.6667,0.4444,1.0,8,3,3,1.0
1220543,19013,19038,44812,9,9,2,6,0.6667,0.4444,1.0,8,3,3,1.0
1232062,16032,16022,14024,14,14,4,10,0.7143,0.4286,1.0,13,3,3,1.0
1084677,16032,16022,14024,14,14,4,10,0.7143,0.4286,1.0,13,3,3,1.0
1060095,16032,16022,14024,14,14,4,10,0.7143,0.4286,1.0,13,3,3,1.0
1131264,16032,16022,14024,14,14,4,10,0.7143,0.4286,1.0,13,3,3,1.0
1195628,270397,270395,40720,14,14,4,10,0.7143,0.4286,1.0,13,3,3,1.0
1195631,270397,270395,40720,14,14,4,10,0.7143,0.4286,1.0,13,3,3,1.0
1195630,270397,270395,40720,14,14,4,10,0.7143,0.4286,1.0,13,3,3,1.0
1195672,270397,270395,40720,14,14,4,10,0.7143,0.4286,1.0,13,3,3,1.0
1001052,242,219,301,7,7,1,4,0.5714,0.4286,1.0,6,3,3,1.0
1001054,19802,219,301,7,7,1,4,0.5714,0.4286,1.0,6,3,3,1.0
1007782,19781,219,301,7,7,1,4,0.5714,0.4286,1.0,6,3,3,1.0
1021199,8646,8669,1539,7,7,2,5,0.7143,0.4286,1.0,6,3,3,1.0
1021163,8646,8669,1539,7,7,2,5,0.7143,0.4286,1.0,6,3,3,1.0
1006428,12055,12024,2163,7,7,2,5,0.7143,0.4286,1.0,6,3,3,1.0
1006427,12055,12024,2163,7,7,2,5,0.7143,0.4286,1.0,6,3,3,1.0
1009289,350227,350226,2867,7,7,2,5,0.7143,0.4286,1.0,6,3,3,1.0
1009286,350227,350226,2867,7,7,2,5,0.7143,0.4286,1.0,6,3,3,1.0
1047083,453820,391373,2964,7,7,2,5,0.7143,0.4286,1.0,6,3,3,1.0
1127179,453820,391373,2964,7,7,2,5,0.7143,0.4286,1.0,6,3,3,1.0
1091916,19622,27452,4744,7,7,1,4,0.5714,0.4286,1.0,6,3,3,1.0
1042146,383482,383480,4869,7,7,2,5,0.7143,0.4286,1.0,6,3,3,1.0
1042136,383482,383480,4869,7,7,2,5,0.7143,0.4286,1.0,6,3,3,1.0
1306960,8422,8382,4936,7,7,2,5,0.7143,0.4286,1.0,6,3,3,1.0
1306961,8422,8382,4936,7,7,2,5,0.7143,0.4286,1.0,6,3,3,1.0
1143674,3032,26008,5134,7,7,1,4,0.5714,0.4286,1.0,6,3,3,1.0
1018907,22813,7591,5186,7,7,2,5,0.7143,0.4286,1.0,6,3,3,1.0
1018909,22813,7591,5186,7,7,2,5,0.7143,0.4286,1.0,6,3,3,1.0
1022119,24270,10495,6026,7,7,2,5,0.7143,0.4286,1.0,6,3,3,1.0
1022085,24270,10495,6026,7,7,2,5,0.7143,0.4286,1.0,6,3,3,1.0
1027183,22783,7558,6401,7,7,2,5,0.7143,0.4286,1.0,6,3,3,1.0
1053304,22783,7558,6401,7,7,2,5,0.7143,0.4286,1.0,6,3,3,1.0
1111898,5119,18929,6938,7,7,1,4,0.5714,0.4286,1.0,6,3,3,1.0
1028545,115504,86052,7511,7,7,2,5,0.7143,0.4286,1.0,6,3,3,1.0
1068112,115504,86052,7511,7,7,2,5,0.7143,0.4286,1.0,6,3,3,1.0
1029068,375308,375309,7745,7,7,2,5,0.7143,0.4286,1.0,6,3,3,1.0
1097689,375308,375309,7745,7,7,2,5,0.7143,0.4286,1.0,6,3,3,1.0
1035288,344636,306237,9303,7,7,2,5,0.7143,0.4286,1.0,6,3,3,1.0
1035328,344636,306237,9303,7,7,2,5,0.7143,0.4286,1.0,6,3,3,1.0
1043759,7815,7842,10585,7,7,2,5,0.7143,0.4286,1.0,6,3,3,1.0
1043762,7815,7842,10585,7,7,2,5,0.7143,0.4286,1.0,6,3,3,1.0
1043198,343403,286090,11006,7,7,2,5,0.7143,0.4286,1.0,6,3,3,1.0
1065059,343403,286090,11006,7,7,2,5,0.7143,0.4286,1.0,6,3,3,1.0
1044617,22837,7696,11314,7,7,2,5,0.7143,0.4286,1.0,6,3,3,1.0
1044618,22837,7696,11314,7,7,2,5,0.7143,0.4286,1.0,6,3,3,1.0
1047308,5400,21852,11779,7,7,2,5,0.7143,0.4286,1.0,6,3,3,1.0
1070618,5400,21852,11779,7,7,2,5,0.7143,0.4286,1.0,6,3,3,1.0
1062095,22009,22008,13381,7,7,2,5,0.7143,0.4286,1.0,6,3,3,1.0
1084153,22009,22008,13381,7,7,2,5,0.7143,0.4286,1.0,6,3,3,1.0
1059279,8658,23230,13606,7,7,2,5,0.7143,0.4286,1.0,6,3,3,1.0
1285858,8658,23230,13606,7,7,2,5,0.7143,0.4286,1.0,6,3,3,1.0
1060272,15478,15477,14100,7,7,2,5,0.7143,0.4286,1.0,6,3,3,1.0
1090470,15478,15477,14100,7,7,2,5,0.7143,0.4286,1.0,6,3,3,1.0
1066951,156486,156485,15289,7,7,2,5,0.7143,0.4286,1.0,6,3,3,1.0
1066949,156486,156485,15289,7,7,2,5,0.7143,0.4286,1.0,6,3,3,1.0
1134648,27347,27353,15581,7,7,2,5,0.7143,0.4286,1.0,6,3,3,1.0
1138574,27347,27353,15581,7,7,2,5,0.7143,0.4286,1.0,6,3,3,1.0
1108570,229762,229767,16645,7,7,2,5,0.7143,0.4286,1.0,6,3,3,1.0
1072494,229762,229767,16645,7,7,2,5,0.7143,0.4286,1.0,6,3,3,1.0
1073617,6916,6921,17092,7,7,2,5,0.7143,0.4286,1.0,6,3,3,1.0
1097700,6916,6921,17092,7,7,2,5,0.7143,0.4286,1.0,6,3,3,1.0
1153180,13498,13524,17317,7,7,2,5,0.7143,0.4286,1.0,6,3,3,1.0
1283460,13498,13524,17317,7,7,2,5,0.7143,0.4286,1.0,6,3,3,1.0
1076772,5243,375227,17702,7,7,2,5,0.7143,0.4286,1.0,6,3,3,1.0
1077429,5243,375227,17702,7,7,2,5,0.7143,0.4286,1.0,6,3,3,1.0
1083301,63645,101404,19185,7,7,2,5,0.7143,0.4286,1.0,6,3,3,1.0
1083300,63645,101404,19185,7,7,2,5,0.7143,0.4286,1.0,6,3,3,1.0
1089689,14410,14296,20094,7,7,1,4,0.5714,0.4286,1.0,6,3,3,1.0
1089688,14308,14296,20094,7,7,1,4,0.5714,0.4286,1.0,6,3,3,1.0
1089937,14317,14296,20094,7,7,1,4,0.5714,0.4286,1.0,6,3,3,1.0
1092029,19397,19374,21247,7,7,1,4,0.5714,0.4286,1.0,6,3,3,1.0
1093381,18145,18172,21719,7,7,2,5,0.7143,0.4286,1.0,6,3,3,1.0
1100057,18145,18172,21719,7,7,2,5,0.7143,0.4286,1.0,6,3,3,1.0
1099483,17582,17606,21724,7,7,2,5,0.7143,0.4286,1.0,6,3,3,1.0
1099475,17582,17606,21724,7,7,2,5,0.7143,0.4286,1.0,6,3,3,1.0
1096208,110384,458683,22465,7,7,2,5,0.7143,0.4286,1.0,6,3,3,1.0
1119016,110384,458683,22465,7,7,2,5,0.7143,0.4286,1.0,6,3,3,1.0
1096566,8122,8090,22534,7,7,2,5,0.7143,0.4286,1.0,6,3,3,1.0
1096620,8122,8090,22534,7,7,2,5,0.7143,0.4286,1.0,6,3,3,1.0
1250791,210882,123190,22568,7,7,2,5,0.7143,0.4286,1.0,6,3,3,1.0
1216068,210882,123190,22568,7,7,2,5,0.7143,0.4286,1.0,6,3,3,1.0
1309164,141,122,24067,7,7,1,4,0.5714,0.4286,1.0,6,3,3,1.0
1297562,132,122,24067,7,7,1,4,0.5714,0.4286,1.0,6,3,3,1.0
1136168,96,122,24067,7,7,1,4,0.5714,0.4286,1.0,6,3,3,1.0
1109280,14734,14792,24858,7,7,2,5,0.7143,0.4286,1.0,6,3,3,1.0
1109202,14734,14792,24858,7,7,2,5,0.7143,0.4286,1.0,6,3,3,1.0
1109390,86364,5212,24918,7,7,2,5,0.7143,0.4286,1.0,6,3,3,1.0
1171715,86364,5212,24918,7,7,2,5,0.7143,0.4286,1.0,6,3,3,1.0
1111245,5088,5091,24927,7,7,2,5,0.7143,0.4286,1.0,6,3,3,1.0
1111244,5088,5091,24927,7,7,2,5,0.7143,0.4286,1.0,6,3,3,1.0
1110829,5149,5154,25220,7,7,2,5,0.7143,0.4286,1.0,6,3,3,1.0
1110831,5149,5154,25220,7,7,2,5,0.7143,0.4286,1.0,6,3,3,1.0
1112147,14486,14512,25486,7,7,2,5,0.7143,0.4286,1.0,6,3,3,1.0
1114085,14486,14512,25486,7,7,2,5,0.7143,0.4286,1.0,6,3,3,1.0
1118803,444302,444301,26568,7,7,2,5,0.7143,0.4286,1.0,6,3,3,1.0
1118666,444302,444301,26568,7,7,2,5,0.7143,0.4286,1.0,6,3,3,1.0
1132427,140159,477918,26749,7,7,1,4,0.5714,0.4286,1.0,6,3,3,1.0
1128682,444224,444223,26750,7,7,1,4,0.5714,0.4286,1.0,6,3,3,1.0
1158556,12832,20017,27435,7,7,2,5,0.7143,0.4286,1.0,6,3,3,1.0
1123101,12832,20017,27435,7,7,2,5,0.7143,0.4286,1.0,6,3,3,1.0
1169346,144645,144647,27798,7,7,1,4,0.5714,0.4286,1.0,6,3,3,1.0
1136062,144646,144647,27798,7,7,1,4,0.5714,0.4286,1.0,6,3,3,1.0
1163926,144642,144647,27798,7,7,1,4,0.5714,0.4286,1.0,6,3,3,1.0
1131095,187515,246715,29587,7,7,2,5,0.7143,0.4286,1.0,6,3,3,1.0
1282877,187515,246715,29587,7,7,2,5,0.7143,0.4286,1.0,6,3,3,1.0
1311520,264965,264966,29985,7,7,2,5,0.7143,0.4286,1.0,6,3,3,1.0
1311337,264965,264966,29985,7,7,2,5,0.7143,0.4286,1.0,6,3,3,1.0
1234802,9040,9004,30238,7,7,2,5,0.7143,0.4286,1.0,6,3,3,1.0
1132967,9040,9004,30238,7,7,2,5,0.7143,0.4286,1.0,6,3,3,1.0
1133085,14761,14852,30286,7,7,2,5,0.7143,0.4286,1.0,6,3,3,1.0
1234806,14761,14852,30286,7,7,2,5,0.7143,0.4286,1.0,6,3,3,1.0
1299038,7262,7259,30464,7,7,2,5,0.7143,0.4286,1.0,6,3,3,1.0
1299041,7262,7259,30464,7,7,2,5,0.7143,0.4286,1.0,6,3,3,1.0
1232471,449046,449044,31770,7,7,2,5,0.7143,0.4286,1.0,6,3,3,1.0
1137809,449046,449044,31770,7,7,2,5,0.7143,0.4286,1.0,6,3,3,1.0
1302958,22349,6653,31890,7,7,1,4,0.5714,0.4286,1.0,6,3,3,1.0
1183895,26945,26958,36050,7,7,1,4,0.5714,0.4286,1.0,6,3,3,1.0
1184826,18832,18849,36263,7,7,2,5,0.7143,0.4286,1.0,6,3,3,1.0
1167045,18832,18849,36263,7,7,2,5,0.7143,0.4286,1.0,6,3,3,1.0
1196283,10446,10478,37210,7,7,2,5,0.7143,0.4286,1.0,6,3,3,1.0
1221839,10446,10478,37210,7,7,2,5,0.7143,0.4286,1.0,6,3,3,1.0
1185884,27451,19599,37498,7,7,1,4,0.5714,0.4286,1.0,6,3,3,1.0
1180671,12824,12915,37575,7,7,2,5,0.7143,0.4286,1.0,6,3,3,1.0
1180670,12824,12915,37575,7,7,2,5,0.7143,0.4286,1.0,6,3,3,1.0
1175083,16333,16407,37586,7,7,1,4,0.5714,0.4286,1.0,6,3,3,1.0
1180244,16568,16520,38949,7,7,1,4,0.5714,0.4286,1.0,6,3,3,1.0
1180765,16186,16137,38988,7,7,2,5,0.7143,0.4286,1.0,6,3,3,1.0
1180766,16186,16137,38988,7,7,2,5,0.7143,0.4286,1.0,6,3,3,1.0
1190427,2783,20926,40482,7,7,2,5,0.7143,0.4286,1.0,6,3,3,1.0
1190454,2783,20926,40482,7,7,2,5,0.7143,0.4286,1.0,6,3,3,1.0
1195606,258242,258236,40716,7,7,2,5,0.7143,0.4286,1.0,6,3,3,1.0
1195607,258242,258236,40716,7,7,2,5,0.7143,0.4286,1.0,6,3,3,1.0
1229501,652,663,41368,7,7,1,4,0.5714,0.4286,1.0,6,3,3,1.0
1221056,13427,13388,43084,7,7,2,5,0.7143,0.4286,1.0,6,3,3,1.0
1221109,13427,13388,43084,7,7,2,5,0.7143,0.4286,1.0,6,3,3,1.0
1209441,11158,11183,43572,7,7,2,5,0.7143,0.4286,1.0,6,3,3,1.0
1209442,11158,11183,43572,7,7,2,5,0.7143,0.4286,1.0,6,3,3,1.0
1275831,23533,9104,46086,7,7,1,4,0.5714,0.4286,1.0,6,3,3,1.0
1282220,4678,4680,47475,7,7,2,5,0.7143,0.4286,1.0,6,3,3,1.0
1280257,4678,4680,47475,7,7,2,5,0.7143,0.4286,1.0,6,3,3,1.0
1268160,8356,8362,47705,7,7,2,5,0.7143,0.4286,1.0,6,3,3,1.0
1268159,8356,8362,47705,7,7,2,5,0.7143,0.4286,1.0,6,3,3,1.0
1307651,8095,8120,48181,7,7,2,5,0.7143,0.4286,1.0,6,3,3,1.0
1308258,8095,8120,48181,7,7,2,5,0.7143,0.4286,1.0,6,3,3,1.0
1287784,9119,23532,48271,7,7,2,5,0.7143,0.4286,1.0,6,3,3,1.0
1278200,9119,23532,48271,7,7,2,5,0.7143,0.4286,1.0,6,3,3,1.0
1271261,26626,21629,48368,7,7,2,5,0.7143,0.4286,1.0,6,3,3,1.0
1306494,26626,21629,48368,7,7,2,5,0.7143,0.4286,1.0,6,3,3,1.0
1276599,20518,20537,49207,7,7,2,5,0.7143,0.4286,1.0,6,3,3,1.0
1276600,20518,20537,49207,7,7,2,5,0.7143,0.4286,1.0,6,3,3,1.0
1281343,17834,26897,49223,7,7,2,5,0.7143,0.4286,1.0,6,3,3,1.0
1276650,17834,26897,49223,7,7,2,5,0.7143,0.4286,1.0,6,3,3,1.0
1289003,25119,25122,51430,7,7,2,5,0.7143,0.4286,1.0,6,3,3,1.0
1287536,25119,25122,51430,7,7,2,5,0.7143,0.4286,1.0,6,3,3,1.0
1304351,7995,22943,53256,7,7,1,4,0.5714,0.4286,1.0,6,3,3,1.0
1217098,280965,280966,34220,31,31,9,22,0.7097,0.4194,1.0,30,3,3,1.0
1217168,280965,280966,34220,31,31,9,22,0.7097,0.4194,1.0,30,3,3,1.0
1201692,280965,280966,34220,31,31,9,22,0.7097,0.4194,1.0,30,3,3,1.0
1218140,280965,280966,34220,31,31,9,22,0.7097,0.4194,1.0,30,3,3,1.0
1217169,280965,280966,34220,31,31,9,22,0.7097,0.4194,1.0,30,3,3,1.0
1201739,280965,280966,34220,31,31,9,22,0.7097,0.4194,1.0,30,3,3,1.0
1217076,280965,280966,34220,31,31,9,22,0.7097,0.4194,1.0,30,3,3,1.0
1218142,280965,280966,34220,31,31,9,22,0.7097,0.4194,1.0,30,3,3,1.0
1217161,280965,280966,34220,31,31,9,22,0.7097,0.4194,1.0,30,3,3,1.0
1121544,20054,1318,16713,24,24,7,17,0.7083,0.4167,1.0,23,3,3,1.0
1124745,20054,1318,16713,24,24,7,17,0.7083,0.4167,1.0,23,3,3,1.0
1143020,20054,1318,16713,24,24,7,17,0.7083,0.4167,1.0,23,3,3,1.0
1125259,20054,1318,16713,24,24,7,17,0.7083,0.4167,1.0,23,3,3,1.0
1125243,20054,1318,16713,24,24,7,17,0.7083,0.4167,1.0,23,3,3,1.0
1123819,20054,1318,16713,24,24,7,17,0.7083,0.4167,1.0,23,3,3,1.0
1274508,20054,1318,16713,24,24,7,17,0.7083,0.4167,1.0,23,3,3,1.0
1006742,,111985,1040,13,12,0,5,0.4167,0.4167,1.0,12,3,3,1.0
1185223,94693,19358,21347,12,12,1,6,0.5,0.4167,1.0,11,3,3,1.0
1188180,16234,4054,28142,12,12,1,6,0.5,0.4167,1.0,11,3,3,1.0
1289009,25119,25122,47245,20,20,6,14,0.7,0.4,1.0,19,3,3,1.0
1268012,25119,25122,47245,20,20,6,14,0.7,0.4,1.0,19,3,3,1.0
1289008,25119,25122,47245,20,20,6,14,0.7,0.4,1.0,19,3,3,1.0
1289013,25119,25122,47245,20,20,6,14,0.7,0.4,1.0,19,3,3,1.0
1268635,25119,25122,47245,20,20,6,14,0.7,0.4,1.0,19,3,3,1.0
1286685,25119,25122,47245,20,20,6,14,0.7,0.4,1.0,19,3,3,1.0
1133357,13851,13766,4986,10,10,1,5,0.5,0.4,1.0,9,3,3,1.0
1056087,155836,155838,5412,10,10,3,7,0.7,0.4,1.0,9,3,3,1.0
1029045,155836,155838,5412,10,10,3,7,0.7,0.4,1.0,9,3,3,1.0
1029041,155836,155838,5412,10,10,3,7,0.7,0.4,1.0,9,3,3,1.0
1021144,9331,9281,5781,10,10,3,7,0.7,0.4,1.0,9,3,3,1.0
1021168,9331,9281,5781,10,10,3,7,0.7,0.4,1.0,9,3,3,1.0
1021169,9331,9281,5781,10,10,3,7,0.7,0.4,1.0,9,3,3,1.0
1022033,9412,9390,5996,10,10,3,7,0.7,0.4,1.0,9,3,3,1.0
1022031,9412,9390,5996,10,10,3,7,0.7,0.4,1.0,9,3,3,1.0
1022051,9412,9390,5996,10,10,3,7,0.7,0.4,1.0,9,3,3,1.0
1035511,19546,27436,9341,10,10,1,5,0.5,0.4,1.0,9,3,3,1.0
1195390,19560,27436,9341,10,10,1,5,0.5,0.4,1.0,9,3,3,1.0
1067504,5819,22051,13325,10,10,1,5,0.5,0.4,1.0,9,3,3,1.0
1186973,19439,27355,13853,10,10,1,5,0.5,0.4,1.0,9,3,3,1.0
1061343,370342,375087,14223,10,10,1,5,0.5,0.4,1.0,9,3,3,1.0
1062821,21968,21966,14721,10,10,3,7,0.7,0.4,1.0,9,3,3,1.0
1066004,21968,21966,14721,10,10,3,7,0.7,0.4,1.0,9,3,3,1.0
1066002,21968,21966,14721,10,10,3,7,0.7,0.4,1.0,9,3,3,1.0
1066185,5666,5672,15113,10,10,3,7,0.7,0.4,1.0,9,3,3,1.0
1066233,5666,5672,15113,10,10,3,7,0.7,0.4,1.0,9,3,3,1.0
1066248,5666,5672,15113,10,10,3,7,0.7,0.4,1.0,9,3,3,1.0
1066285,21961,21963,15125,10,10,3,7,0.7,0.4,1.0,9,3,3,1.0
1066267,21961,21963,15125,10,10,3,7,0.7,0.4,1.0,9,3,3,1.0
1066300,21961,21963,15125,10,10,3,7,0.7,0.4,1.0,9,3,3,1.0
1068356,22047,5817,15427,10,10,1,5,0.5,0.4,1.0,9,3,3,1.0
1231846,5431,5427,15833,10,10,3,7,0.7,0.4,1.0,9,3,3,1.0
1220625,5431,5427,15833,10,10,3,7,0.7,0.4,1.0,9,3,3,1.0
1253731,5431,5427,15833,10,10,3,7,0.7,0.4,1.0,9,3,3,1.0
1076584,5223,5227,17706,10,10,3,7,0.7,0.4,1.0,9,3,3,1.0
1075756,5223,5227,17706,10,10,3,7,0.7,0.4,1.0,9,3,3,1.0
1076729,5223,5227,17706,10,10,3,7,0.7,0.4,1.0,9,3,3,1.0
1249802,8615,8550,19413,10,10,2,6,0.6,0.4,1.0,9,3,3,1.0
1216028,8615,8550,19413,10,10,2,6,0.6,0.4,1.0,9,3,3,1.0
1250948,8556,8550,19413,10,10,2,6,0.6,0.4,1.0,9,3,3,1.0
1132074,8556,8550,19413,10,10,2,6,0.6,0.4,1.0,9,3,3,1.0
1185253,18770,18877,21177,10,10,1,5,0.5,0.4,1.0,9,3,3,1.0
1110205,17039,17037,23205,10,10,3,7,0.7,0.4,1.0,9,3,3,1.0
1112119,17039,17037,23205,10,10,3,7,0.7,0.4,1.0,9,3,3,1.0
1110154,17039,17037,23205,10,10,3,7,0.7,0.4,1.0,9,3,3,1.0
1109813,14268,14241,24223,10,10,3,7,0.7,0.4,1.0,9,3,3,1.0
1109826,14268,14241,24223,10,10,3,7,0.7,0.4,1.0,9,3,3,1.0
1109815,14268,14241,24223,10,10,3,7,0.7,0.4,1.0,9,3,3,1.0
1112531,14672,14592,25588,10,10,3,7,0.7,0.4,1.0,9,3,3,1.0
1144727,14672,14592,25588,10,10,3,7,0.7,0.4,1.0,9,3,3,1.0
1112528,14672,14592,25588,10,10,3,7,0.7,0.4,1.0,9,3,3,1.0
1149981,14880,131820,26368,10,10,1,5,0.5,0.4,1.0,9,3,3,1.0
1148735,25903,131820,26368,10,10,1,5,0.5,0.4,1.0,9,3,3,1.0
1142385,21552,21574,28973,10,10,1,5,0.5,0.4,1.0,9,3,3,1.0
1200564,9626,9660,29183,10,10,1,5,0.5,0.4,1.0,9,3,3,1.0
1228138,23540,23552,30949,10,10,1,5,0.5,0.4,1.0,9,3,3,1.0
1289578,23930,23938,31803,10,10,3,7,0.7,0.4,1.0,9,3,3,1.0
1289575,23930,23938,31803,10,10,3,7,0.7,0.4,1.0,9,3,3,1.0
1289587,23930,23938,31803,10,10,3,7,0.7,0.4,1.0,9,3,3,1.0
1164675,17241,24276,34126,10,10,1,5,0.5,0.4,1.0,9,3,3,1.0
1180931,16237,26365,36093,10,10,1,5,0.5,0.4,1.0,9,3,3,1.0
1167066,18696,18688,36243,10,10,1,5,0.5,0.4,1.0,9,3,3,1.0
1167018,27180,18688,36243,10,10,1,5,0.5,0.4,1.0,9,3,3,1.0
1279427,24767,24760,37014,10,10,1,5,0.5,0.4,1.0,9,3,3,1.0
1267948,23816,23847,45980,10,10,1,5,0.5,0.4,1.0,9,3,3,1.0
1273046,9868,9970,47184,10,10,1,5,0.5,0.4,1.0,9,3,3,1.0
1278216,9909,9970,47184,10,10,1,5,0.5,0.4,1.0,9,3,3,1.0
1273004,14108,14089,48305,10,10,2,6,0.6,0.4,1.0,9,3,3,1.0
1273003,14108,14089,48305,10,10,2,6,0.6,0.4,1.0,9,3,3,1.0
1273008,14095,14089,48305,10,10,2,6,0.6,0.4,1.0,9,3,3,1.0
1273007,14095,14089,48305,10,10,2,6,0.6,0.4,1.0,9,3,3,1.0
1310550,343950,143,50193,10,10,1,5,0.5,0.4,1.0,9,3,3,1.0
1005477,301,298,369,5,5,1,3,0.6,0.4,1.0,4,3,3,1.0
1001379,268161,298,369,5,5,1,3,0.6,0.4,1.0,4,3,3,1.0
1034654,6186,49258,9160,5,5,1,3,0.6,0.4,1.0,4,3,3,1.0
1034712,6216,49258,9160,5,5,1,3,0.6,0.4,1.0,4,3,3,1.0
1061808,13965,13970,14485,5,5,1,3,0.6,0.4,1.0,4,3,3,1.0
1280002,13925,13970,14485,5,5,1,3,0.6,0.4,1.0,4,3,3,1.0
1068149,5767,5773,15550,5,5,1,3,0.6,0.4,1.0,4,3,3,1.0
1068132,5772,5773,15550,5,5,1,3,0.6,0.4,1.0,4,3,3,1.0
1127580,14860,149116,16658,5,5,1,3,0.6,0.4,1.0,4,3,3,1.0
1072581,149117,149116,16658,5,5,1,3,0.6,0.4,1.0,4,3,3,1.0
1082141,15751,15743,19171,5,5,1,3,0.6,0.4,1.0,4,3,3,1.0
1109910,15764,15743,19171,5,5,1,3,0.6,0.4,1.0,4,3,3,1.0
1111319,18154,18129,24446,5,5,1,3,0.6,0.4,1.0,4,3,3,1.0
1111002,18116,18129,24446,5,5,1,3,0.6,0.4,1.0,4,3,3,1.0
1110692,14166,25657,25184,5,5,1,3,0.6,0.4,1.0,4,3,3,1.0
1155769,14341,25657,25184,5,5,1,3,0.6,0.4,1.0,4,3,3,1.0
1136216,20010,1147,27249,5,5,1,3,0.6,0.4,1.0,4,3,3,1.0
1205530,1092,1147,27249,5,5,1,3,0.6,0.4,1.0,4,3,3,1.0
1132166,248315,248316,29906,5,5,1,3,0.6,0.4,1.0,4,3,3,1.0
1133544,248010,248316,29906,5,5,1,3,0.6,0.4,1.0,4,3,3,1.0
1276164,7254,22693,49051,5,5,1,3,0.6,0.4,1.0,4,3,3,1.0
1276163,22697,22693,49051,5,5,1,3,0.6,0.4,1.0,4,3,3,1.0
1276693,7668,7632,49243,5,5,1,3,0.6,0.4,1.0,4,3,3,1.0
1312203,7619,7632,49243,5,5,1,3,0.6,0.4,1.0,4,3,3,1.0
1297646,22178,22170,51864,5,5,1,3,0.6,0.4,1.0,4,3,3,1.0
1310499,6085,22170,51864,5,5,1,3,0.6,0.4,1.0,4,3,3,1.0
1308251,8047,8046,53915,5,5,1,3,0.6,0.4,1.0,4,3,3,1.0
1308295,22948,8046,53915,5,5,1,3,0.6,0.4,1.0,4,3,3,1.0
1026888,9331,9320,7079,13,13,4,9,0.6923,0.3846,1.0,12,3,3,1.0
1026894,9331,9320,7079,13,13,4,9,0.6923,0.3846,1.0,12,3,3,1.0
1026897,9331,9320,7079,13,13,4,9,0.6923,0.3846,1.0,12,3,3,1.0
1026889,9331,9320,7079,13,13,4,9,0.6923,0.3846,1.0,12,3,3,1.0
1048956,22642,7102,7356,13,13,2,7,0.5385,0.3846,1.0,12,3,3,1.0
1030248,22642,7102,7356,13,13,2,7,0.5385,0.3846,1.0,12,3,3,1.0
1039775,23622,23600,10295,13,13,4,9,0.6923,0.3846,1.0,12,3,3,1.0
1039778,23622,23600,10295,13,13,4,9,0.6923,0.3846,1.0,12,3,3,1.0
1039782,23622,23600,10295,13,13,4,9,0.6923,0.3846,1.0,12,3,3,1.0
1039781,23622,23600,10295,13,13,4,9,0.6923,0.3846,1.0,12,3,3,1.0
1041290,536227,536225,10637,14,13,1,6,0.4615,0.3846,1.0,13,3,3,1.0
1109162,536230,536225,10637,14,13,1,6,0.4615,0.3846,1.0,13,3,3,1.0
1121872,1196,1177,27106,13,13,1,6,0.4615,0.3846,1.0,12,3,3,1.0
1145361,20954,2766,32856,13,13,4,9,0.6923,0.3846,1.0,12,3,3,1.0
1155765,20954,2766,32856,13,13,4,9,0.6923,0.3846,1.0,12,3,3,1.0
1145375,20954,2766,32856,13,13,4,9,0.6923,0.3846,1.0,12,3,3,1.0
1159903,20954,2766,32856,13,13,4,9,0.6923,0.3846,1.0,12,3,3,1.0
1001382,255,232,468,8,8,2,5,0.625,0.375,1.0,7,3,3,1.0
1002198,255,232,468,8,8,2,5,0.625,0.375,1.0,7,3,3,1.0
1020885,9019,8923,2383,8,8,1,4,0.5,0.375,1.0,7,3,3,1.0
1046972,40615,40616,3833,8,8,2,5,0.625,0.375,1.0,7,3,3,1.0
1046973,40615,40616,3833,8,8,2,5,0.625,0.375,1.0,7,3,3,1.0
1091919,19620,19622,4012,8,8,2,5,0.625,0.375,1.0,7,3,3,1.0
1188287,19620,19622,4012,8,8,2,5,0.625,0.375,1.0,7,3,3,1.0
1028610,17150,26672,7572,8,8,1,4,0.5,0.375,1.0,7,3,3,1.0
1028722,370587,375679,7623,8,8,1,4,0.5,0.375,1.0,7,3,3,1.0
1069023,27310,19163,15743,8,8,2,5,0.625,0.375,1.0,7,3,3,1.0
1084416,27310,19163,15743,8,8,2,5,0.625,0.375,1.0,7,3,3,1.0
1071155,5070,18587,16345,8,8,1,4,0.5,0.375,1.0,7,3,3,1.0
1083408,19050,27272,19653,8,8,2,5,0.625,0.375,1.0,7,3,3,1.0
1168993,19050,27272,19653,8,8,2,5,0.625,0.375,1.0,7,3,3,1.0
1184699,19626,19625,21204,8,8,1,4,0.5,0.375,1.0,7,3,3,1.0
1178157,2544,25806,27026,8,8,2,5,0.625,0.375,1.0,7,3,3,1.0
1178159,2544,25806,27026,8,8,2,5,0.625,0.375,1.0,7,3,3,1.0
1220905,13239,13290,27425,8,8,1,4,0.5,0.375,1.0,7,3,3,1.0
1126962,12838,20017,27504,8,8,1,4,0.5,0.375,1.0,7,3,3,1.0
1276136,7388,7366,31514,8,8,2,5,0.625,0.375,1.0,7,3,3,1.0
1289354,7388,7366,31514,8,8,2,5,0.625,0.375,1.0,7,3,3,1.0
1166300,2715,2661,32076,8,8,2,5,0.625,0.375,1.0,7,3,3,1.0
1166314,2715,2661,32076,8,8,2,5,0.625,0.375,1.0,7,3,3,1.0
1200911,24425,285756,40834,9,8,1,4,0.5,0.375,1.0,8,3,3,1.0
1196001,31333,285756,40834,9,8,1,4,0.5,0.375,1.0,8,3,3,1.0
1276330,7811,7760,49119,8,8,2,5,0.625,0.375,1.0,7,3,3,1.0
1276331,7811,7760,49119,8,8,2,5,0.625,0.375,1.0,7,3,3,1.0
1125615,1884,1930,4009,19,19,1,8,0.4211,0.3684,1.0,18,3,3,1.0
1011424,23361,9030,2386,11,11,1,5,0.4545,0.3636,1.0,10,3,3,1.0
1024063,155199,155197,6544,11,11,1,5,0.4545,0.3636,1.0,10,3,3,1.0
1106252,19269,5210,22173,11,11,2,6,0.5455,0.3636,1.0,10,3,3,1.0
1106253,19269,5210,22173,11,11,2,6,0.5455,0.3636,1.0,10,3,3,1.0
1221726,,12464,22280,12,11,0,4,0.3636,0.3636,1.0,11,3,3,1.0
1113151,25797,25838,25800,11,11,3,7,0.6364,0.3636,1.0,10,3,3,1.0
1149941,25797,25838,25800,11,11,3,7,0.6364,0.3636,1.0,10,3,3,1.0
1113149,25797,25838,25800,11,11,3,7,0.6364,0.3636,1.0,10,3,3,1.0
1272711,9234,9202,29668,11,11,1,5,0.4545,0.3636,1.0,10,3,3,1.0
1272997,14956,14831,30700,11,11,1,5,0.4545,0.3636,1.0,10,3,3,1.0
1270172,14864,14831,30700,11,11,1,5,0.4545,0.3636,1.0,10,3,3,1.0
1224532,9377,23657,41673,11,11,1,5,0.4545,0.3636,1.0,10,3,3,1.0
1272236,25530,20323,48130,11,11,2,6,0.5455,0.3636,1.0,10,3,3,1.0
1272238,25530,20323,48130,11,11,2,6,0.5455,0.3636,1.0,10,3,3,1.0
1299827,27185,27177,49110,11,11,2,6,0.5455,0.3636,1.0,10,3,3,1.0
1299828,27185,27177,49110,11,11,2,6,0.5455,0.3636,1.0,10,3,3,1.0
1068952,5885,22067,13049,14,14,2,7,0.5,0.3571,1.0,13,3,3,1.0
1057151,5885,22067,13049,14,14,2,7,0.5,0.3571,1.0,13,3,3,1.0
1191066,19212,19168,39257,14,14,2,7,0.5,0.3571,1.0,13,3,3,1.0
1191067,19212,19168,39257,14,14,2,7,0.5,0.3571,1.0,13,3,3,1.0
1297546,22454,22436,50075,14,14,1,6,0.4286,0.3571,1.0,13,3,3,1.0
1207955,13507,1486,27115,15,15,2,7,0.4667,0.3333,1.0,14,3,3,1.0
1207953,13507,1486,27115,15,15,2,7,0.4667,0.3333,1.0,14,3,3,1.0
1145233,15950,15931,32548,15,15,1,6,0.4,0.3333,1.0,14,3,3,1.0
1281727,136329,19540,42681,15,15,1,6,0.4,0.3333,1.0,14,3,3,1.0
1281732,105914,19540,42681,15,15,1,6,0.4,0.3333,1.0,14,3,3,1.0
1203542,136330,19540,42681,15,15,1,6,0.4,0.3333,1.0,14,3,3,1.0
1307677,136327,19540,42681,15,15,1,6,0.4,0.3333,1.0,14,3,3,1.0
1028882,22812,22817,7484,12,12,4,8,0.6667,0.3333,1.0,11,3,3,1.0
1031731,22812,22817,7484,12,12,4,8,0.6667,0.3333,1.0,11,3,3,1.0
1036505,22812,22817,7484,12,12,4,8,0.6667,0.3333,1.0,11,3,3,1.0
1036483,22812,22817,7484,12,12,4,8,0.6667,0.3333,1.0,11,3,3,1.0
1268718,8805,8712,13662,12,12,4,8,0.6667,0.3333,1.0,11,3,3,1.0
1272548,8805,8712,13662,12,12,4,8,0.6667,0.3333,1.0,11,3,3,1.0
1128604,8805,8712,13662,12,12,4,8,0.6667,0.3333,1.0,11,3,3,1.0
1272547,8805,8712,13662,12,12,4,8,0.6667,0.3333,1.0,11,3,3,1.0
1082477,14924,14907,18961,12,12,4,8,0.6667,0.3333,1.0,11,3,3,1.0
1082479,14924,14907,18961,12,12,4,8,0.6667,0.3333,1.0,11,3,3,1.0
1128859,14924,14907,18961,12,12,4,8,0.6667,0.3333,1.0,11,3,3,1.0
1082478,14924,14907,18961,12,12,4,8,0.6667,0.3333,1.0,11,3,3,1.0
1190515,94372,140799,22657,12,12,4,8,0.6667,0.3333,1.0,11,3,3,1.0
1190520,94372,140799,22657,12,12,4,8,0.6667,0.3333,1.0,11,3,3,1.0
1190521,94372,140799,22657,12,12,4,8,0.6667,0.3333,1.0,11,3,3,1.0
1190516,94372,140799,22657,12,12,4,8,0.6667,0.3333,1.0,11,3,3,1.0
1155017,84771,2433,33381,12,12,4,8,0.6667,0.3333,1.0,11,3,3,1.0
1157022,84771,2433,33381,12,12,4,8,0.6667,0.3333,1.0,11,3,3,1.0
1147842,84771,2433,33381,12,12,4,8,0.6667,0.3333,1.0,11,3,3,1.0
1147845,84771,2433,33381,12,12,4,8,0.6667,0.3333,1.0,11,3,3,1.0
1175068,16540,26489,37599,12,12,1,5,0.4167,0.3333,1.0,11,3,3,1.0
1277931,17058,17073,48831,12,12,4,8,0.6667,0.3333,1.0,11,3,3,1.0
1277932,17058,17073,48831,12,12,4,8,0.6667,0.3333,1.0,11,3,3,1.0
1277929,17058,17073,48831,12,12,4,8,0.6667,0.3333,1.0,11,3,3,1.0
1277930,17058,17073,48831,12,12,4,8,0.6667,0.3333,1.0,11,3,3,1.0
1300053,18437,18414,51665,12,12,1,5,0.4167,0.3333,1.0,11,3,3,1.0
1299567,27131,18414,51665,12,12,1,5,0.4167,0.3333,1.0,11,3,3,1.0
1004002,13193,13229,1364,9,9,1,4,0.4444,0.3333,1.0,8,3,3,1.0
1006314,148185,148186,1944,9,9,2,5,0.5556,0.3333,1.0,8,3,3,1.0
1059159,143046,148186,1944,9,9,2,5,0.5556,0.3333,1.0,8,3,3,1.0
1014023,143046,148186,1944,9,9,2,5,0.5556,0.3333,1.0,8,3,3,1.0
1006317,148185,148186,1944,9,9,2,5,0.5556,0.3333,1.0,8,3,3,1.0
1073771,278410,278717,3989,9,9,3,6,0.6667,0.3333,1.0,8,3,3,1.0
1012992,278410,278717,3989,9,9,3,6,0.6667,0.3333,1.0,8,3,3,1.0
1052142,278410,278717,3989,9,9,3,6,0.6667,0.3333,1.0,8,3,3,1.0
1281522,18386,18423,5244,9,9,1,4,0.4444,0.3333,1.0,8,3,3,1.0
1122185,20148,20182,6279,9,9,3,6,0.6667,0.3333,1.0,8,3,3,1.0
1022998,20148,20182,6279,9,9,3,6,0.6667,0.3333,1.0,8,3,3,1.0
1122187,20148,20182,6279,9,9,3,6,0.6667,0.3333,1.0,8,3,3,1.0
1024039,10392,10423,6540,9,9,3,6,0.6667,0.3333,1.0,8,3,3,1.0
1063502,10392,10423,6540,9,9,3,6,0.6667,0.3333,1.0,8,3,3,1.0
1055942,10392,10423,6540,9,9,3,6,0.6667,0.3333,1.0,8,3,3,1.0
1306641,18228,18264,13848,9,9,1,4,0.4444,0.3333,1.0,8,3,3,1.0
1059659,150076,18264,13848,9,9,1,4,0.4444,0.3333,1.0,8,3,3,1.0
1066322,5664,5668,15128,9,9,3,6,0.6667,0.3333,1.0,8,3,3,1.0
1066321,5664,5668,15128,9,9,3,6,0.6667,0.3333,1.0,8,3,3,1.0
1066278,5664,5668,15128,9,9,3,6,0.6667,0.3333,1.0,8,3,3,1.0
1070663,5325,5321,16137,9,9,3,6,0.6667,0.3333,1.0,8,3,3,1.0
1074956,5325,5321,16137,9,9,3,6,0.6667,0.3333,1.0,8,3,3,1.0
1084424,5325,5321,16137,9,9,3,6,0.6667,0.3333,1.0,8,3,3,1.0
1308373,23529,23508,16212,9,9,2,5,0.5556,0.3333,1.0,8,3,3,1.0
1277300,9143,23508,16212,9,9,2,5,0.5556,0.3333,1.0,8,3,3,1.0
1308403,9143,23508,16212,9,9,2,5,0.5556,0.3333,1.0,8,3,3,1.0
1308372,23529,23508,16212,9,9,2,5,0.5556,0.3333,1.0,8,3,3,1.0
1166952,20846,2716,20736,9,9,3,6,0.6667,0.3333,1.0,8,3,3,1.0
1166449,20846,2716,20736,9,9,3,6,0.6667,0.3333,1.0,8,3,3,1.0
1166475,20846,2716,20736,9,9,3,6,0.6667,0.3333,1.0,8,3,3,1.0
1093376,18204,18232,21716,9,9,2,5,0.5556,0.3333,1.0,8,3,3,1.0
1093384,18203,18232,21716,9,9,2,5,0.5556,0.3333,1.0,8,3,3,1.0
1093375,18204,18232,21716,9,9,2,5,0.5556,0.3333,1.0,8,3,3,1.0
1155934,18203,18232,21716,9,9,2,5,0.5556,0.3333,1.0,8,3,3,1.0
1191133,19643,19638,22631,9,9,3,6,0.6667,0.3333,1.0,8,3,3,1.0
1191131,19643,19638,22631,9,9,3,6,0.6667,0.3333,1.0,8,3,3,1.0
1191132,19643,19638,22631,9,9,3,6,0.6667,0.3333,1.0,8,3,3,1.0
1110984,21789,21793,24545,9,9,3,6,0.6667,0.3333,1.0,8,3,3,1.0
1128581,21789,21793,24545,9,9,3,6,0.6667,0.3333,1.0,8,3,3,1.0
1110987,21789,21793,24545,9,9,3,6,0.6667,0.3333,1.0,8,3,3,1.0
1110536,16962,16963,24579,9,9,3,6,0.6667,0.3333,1.0,8,3,3,1.0
1110539,16962,16963,24579,9,9,3,6,0.6667,0.3333,1.0,8,3,3,1.0
1110618,16962,16963,24579,9,9,3,6,0.6667,0.3333,1.0,8,3,3,1.0
1110600,16962,16963,25157,9,9,3,6,0.6667,0.3333,1.0,8,3,3,1.0
1110533,16962,16963,25157,9,9,3,6,0.6667,0.3333,1.0,8,3,3,1.0
1110599,16962,16963,25157,9,9,3,6,0.6667,0.3333,1.0,8,3,3,1.0
1171141,1065,1084,26992,9,9,3,6,0.6667,0.3333,1.0,8,3,3,1.0
1171145,1065,1084,26992,9,9,3,6,0.6667,0.3333,1.0,8,3,3,1.0
1171143,1065,1084,26992,9,9,3,6,0.6667,0.3333,1.0,8,3,3,1.0
1180952,15625,15627,29172,9,9,3,6,0.6667,0.3333,1.0,8,3,3,1.0
1166224,15625,15627,29172,9,9,3,6,0.6667,0.3333,1.0,8,3,3,1.0
1180188,15625,15627,29172,9,9,3,6,0.6667,0.3333,1.0,8,3,3,1.0
1221738,11882,11938,29444,9,9,3,6,0.6667,0.3333,1.0,8,3,3,1.0
1130757,11882,11938,29444,9,9,3,6,0.6667,0.3333,1.0,8,3,3,1.0
1221743,11882,11938,29444,9,9,3,6,0.6667,0.3333,1.0,8,3,3,1.0
1196275,10785,10724,29547,9,9,3,6,0.6667,0.3333,1.0,8,3,3,1.0
1196136,10785,10724,29547,9,9,3,6,0.6667,0.3333,1.0,8,3,3,1.0
1196134,10785,10724,29547,9,9,3,6,0.6667,0.3333,1.0,8,3,3,1.0
1202560,16932,53403,30107,9,9,1,4,0.4444,0.3333,1.0,8,3,3,1.0
1279226,7124,7142,31033,9,9,2,5,0.5556,0.3333,1.0,8,3,3,1.0
1298370,7124,7142,31033,9,9,2,5,0.5556,0.3333,1.0,8,3,3,1.0
1298371,7171,7142,31033,9,9,2,5,0.5556,0.3333,1.0,8,3,3,1.0
1298373,7171,7142,31033,9,9,2,5,0.5556,0.3333,1.0,8,3,3,1.0
1287489,23825,23866,31802,9,9,3,6,0.6667,0.3333,1.0,8,3,3,1.0
1287487,23825,23866,31802,9,9,3,6,0.6667,0.3333,1.0,8,3,3,1.0
1287488,23825,23866,31802,9,9,3,6,0.6667,0.3333,1.0,8,3,3,1.0
1187106,4999,21734,35757,9,9,3,6,0.6667,0.3333,1.0,8,3,3,1.0
1219266,4999,21734,35757,9,9,3,6,0.6667,0.3333,1.0,8,3,3,1.0
1219265,4999,21734,35757,9,9,3,6,0.6667,0.3333,1.0,8,3,3,1.0
1188264,18684,18686,36358,9,9,2,5,0.5556,0.3333,1.0,8,3,3,1.0
1184650,18706,18686,36358,9,9,2,5,0.5556,0.3333,1.0,8,3,3,1.0
1167375,18706,18686,36358,9,9,2,5,0.5556,0.3333,1.0,8,3,3,1.0
1184653,18684,18686,36358,9,9,2,5,0.5556,0.3333,1.0,8,3,3,1.0
1175000,12824,12747,37574,9,9,1,4,0.4444,0.3333,1.0,8,3,3,1.0
1202849,18997,19048,42577,9,9,3,6,0.6667,0.3333,1.0,8,3,3,1.0
1220713,18997,19048,42577,9,9,3,6,0.6667,0.3333,1.0,8,3,3,1.0
1202848,18997,19048,42577,9,9,3,6,0.6667,0.3333,1.0,8,3,3,1.0
1210649,13389,13255,43724,9,9,1,4,0.4444,0.3333,1.0,8,3,3,1.0
1289366,22686,7208,49806,9,9,3,6,0.6667,0.3333,1.0,8,3,3,1.0
1287353,22686,7208,49806,9,9,3,6,0.6667,0.3333,1.0,8,3,3,1.0
1280819,22686,7208,49806,9,9,3,6,0.6667,0.3333,1.0,8,3,3,1.0
1306398,16813,16690,50121,9,9,1,4,0.4444,0.3333,1.0,8,3,3,1.0
1288079,9994,9904,51520,9,9,2,5,0.5556,0.3333,1.0,8,3,3,1.0
1288204,9845,9904,51520,9,9,2,5,0.5556,0.3333,1.0,8,3,3,1.0
1288060,9845,9904,51520,9,9,2,5,0.5556,0.3333,1.0,8,3,3,1.0
1288081,9994,9904,51520,9,9,2,5,0.5556,0.3333,1.0,8,3,3,1.0
1306225,26606,17007,53524,9,9,3,6,0.6667,0.3333,1.0,8,3,3,1.0
1306240,26606,17007,53524,9,9,3,6,0.6667,0.3333,1.0,8,3,3,1.0
1306222,26606,17007,53524,9,9,3,6,0.6667,0.3333,1.0,8,3,3,1.0
1000649,153929,21901,88,6,6,1,3,0.5,0.3333,1.0,5,3,3,1.0
1005546,21905,21901,88,6,6,1,3,0.5,0.3333,1.0,5,3,3,1.0
1000648,153928,21901,88,6,6,1,3,0.5,0.3333,1.0,5,3,3,1.0
1003639,19696,19690,157,6,6,1,3,0.5,0.3333,1.0,5,3,3,1.0
1003813,19687,19691,178,6,6,2,4,0.6667,0.3333,1.0,5,3,3,1.0
1003603,19687,19691,178,6,6,2,4,0.6667,0.3333,1.0,5,3,3,1.0
1000886,19693,19688,225,6,6,2,4,0.6667,0.3333,1.0,5,3,3,1.0
1003747,19693,19688,225,6,6,2,4,0.6667,0.3333,1.0,5,3,3,1.0
1000990,19706,19708,279,6,6,2,4,0.6667,0.3333,1.0,5,3,3,1.0
1003821,19706,19708,279,6,6,2,4,0.6667,0.3333,1.0,5,3,3,1.0
1001018,454,441,292,6,6,1,3,0.5,0.3333,1.0,5,3,3,1.0
1001403,440,441,292,6,6,1,3,0.5,0.3333,1.0,5,3,3,1.0
1001412,433,441,292,6,6,1,3,0.5,0.3333,1.0,5,3,3,1.0
1001405,438,446,478,6,6,1,3,0.5,0.3333,1.0,5,3,3,1.0
1090503,18161,18141,1120,6,6,2,4,0.6667,0.3333,1.0,5,3,3,1.0
1091201,18161,18141,1120,6,6,2,4,0.6667,0.3333,1.0,5,3,3,1.0
1048664,23926,23936,1609,6,6,2,4,0.6667,0.3333,1.0,5,3,3,1.0
1009051,23926,23936,1609,6,6,2,4,0.6667,0.3333,1.0,5,3,3,1.0
1109836,14290,14321,2035,6,6,2,4,0.6667,0.3333,1.0,5,3,3,1.0
1005926,14290,14321,2035,6,6,2,4,0.6667,0.3333,1.0,5,3,3,1.0
1134634,383823,383824,3608,6,6,2,4,0.6667,0.3333,1.0,5,3,3,1.0
1070880,383823,383824,3608,6,6,2,4,0.6667,0.3333,1.0,5,3,3,1.0
1185592,27453,19626,3684,6,6,2,4,0.6667,0.3333,1.0,5,3,3,1.0
1185593,27453,19626,3684,6,6,2,4,0.6667,0.3333,1.0,5,3,3,1.0
1246111,69412,11873,3933,6,6,2,4,0.6667,0.3333,1.0,5,3,3,1.0
1012908,69412,11873,3933,6,6,2,4,0.6667,0.3333,1.0,5,3,3,1.0
1131993,20471,20516,4057,6,6,2,4,0.6667,0.3333,1.0,5,3,3,1.0
1013075,20471,20516,4057,6,6,2,4,0.6667,0.3333,1.0,5,3,3,1.0
1027878,7797,7852,5218,6,6,2,4,0.6667,0.3333,1.0,5,3,3,1.0
1053951,7797,7852,5218,6,6,2,4,0.6667,0.3333,1.0,5,3,3,1.0
1019787,23301,8702,5424,6,6,2,4,0.6667,0.3333,1.0,5,3,3,1.0
1019788,23301,8702,5424,6,6,2,4,0.6667,0.3333,1.0,5,3,3,1.0
1022580,10909,10942,6167,6,6,2,4,0.6667,0.3333,1.0,5,3,3,1.0
1022578,10909,10942,6167,6,6,2,4,0.6667,0.3333,1.0,5,3,3,1.0
1024239,24445,66227,6594,6,6,2,4,0.6667,0.3333,1.0,5,3,3,1.0
1024240,24445,66227,6594,6,6,2,4,0.6667,0.3333,1.0,5,3,3,1.0
1119427,501852,501855,7004,7,6,1,3,0.5,0.3333,1.0,6,3,3,1.0
1026948,9730,9732,7089,6,6,2,4,0.6667,0.3333,1.0,5,3,3,1.0
1026947,9730,9732,7089,6,6,2,4,0.6667,0.3333,1.0,5,3,3,1.0
1068321,19183,19179,7516,6,6,2,4,0.6667,0.3333,1.0,5,3,3,1.0
1068324,19183,19179,7516,6,6,2,4,0.6667,0.3333,1.0,5,3,3,1.0
1029497,7628,22837,7850,6,6,2,4,0.6667,0.3333,1.0,5,3,3,1.0
1029454,7628,22837,7850,6,6,2,4,0.6667,0.3333,1.0,5,3,3,1.0
1030631,331522,331523,8132,6,6,2,4,0.6667,0.3333,1.0,5,3,3,1.0
1030623,331522,331523,8132,6,6,2,4,0.6667,0.3333,1.0,5,3,3,1.0
1045402,6135,22208,8261,6,6,2,4,0.6667,0.3333,1.0,5,3,3,1.0
1045398,6135,22208,8261,6,6,2,4,0.6667,0.3333,1.0,5,3,3,1.0
1064943,7708,7732,9129,6,6,1,3,0.5,0.3333,1.0,5,3,3,1.0
1045392,22208,6135,9995,6,6,2,4,0.6667,0.3333,1.0,5,3,3,1.0
1045391,22208,6135,9995,6,6,2,4,0.6667,0.3333,1.0,5,3,3,1.0
1298932,463436,463437,10529,6,6,2,4,0.6667,0.3333,1.0,5,3,3,1.0
1040797,463436,463437,10529,6,6,2,4,0.6667,0.3333,1.0,5,3,3,1.0
1042649,24432,10793,10890,6,6,2,4,0.6667,0.3333,1.0,5,3,3,1.0
1196241,24432,10793,10890,6,6,2,4,0.6667,0.3333,1.0,5,3,3,1.0
1058189,377753,377752,11510,6,6,2,4,0.6667,0.3333,1.0,5,3,3,1.0
1058180,377753,377752,11510,6,6,2,4,0.6667,0.3333,1.0,5,3,3,1.0
1288234,25088,25070,11935,6,6,2,4,0.6667,0.3333,1.0,5,3,3,1.0
1288037,25088,25070,11935,6,6,2,4,0.6667,0.3333,1.0,5,3,3,1.0
1084744,99484,99485,11999,6,6,2,4,0.6667,0.3333,1.0,5,3,3,1.0
1056802,99484,99485,11999,6,6,2,4,0.6667,0.3333,1.0,5,3,3,1.0
1059366,376003,375133,13354,6,6,2,4,0.6667,0.3333,1.0,5,3,3,1.0
1058820,376003,375133,13354,6,6,2,4,0.6667,0.3333,1.0,5,3,3,1.0
1128874,10612,10560,13740,6,6,1,3,0.5,0.3333,1.0,5,3,3,1.0
1069211,5866,5858,13937,6,6,2,4,0.6667,0.3333,1.0,5,3,3,1.0
1069214,5866,5858,13937,6,6,2,4,0.6667,0.3333,1.0,5,3,3,1.0
1090732,15479,15470,14019,6,6,2,4,0.6667,0.3333,1.0,5,3,3,1.0
1060084,15479,15470,14019,6,6,2,4,0.6667,0.3333,1.0,5,3,3,1.0
1087843,15803,26199,14039,6,6,2,4,0.6667,0.3333,1.0,5,3,3,1.0
1083057,15803,26199,14039,6,6,2,4,0.6667,0.3333,1.0,5,3,3,1.0
1060143,15850,26223,14041,6,6,2,4,0.6667,0.3333,1.0,5,3,3,1.0
1089940,15850,26223,14041,6,6,2,4,0.6667,0.3333,1.0,5,3,3,1.0
1062016,5709,22011,14530,6,6,2,4,0.6667,0.3333,1.0,5,3,3,1.0
1062015,5709,22011,14530,6,6,2,4,0.6667,0.3333,1.0,5,3,3,1.0
1063402,281925,281926,14659,6,6,2,4,0.6667,0.3333,1.0,5,3,3,1.0
1062579,281925,281926,14659,6,6,2,4,0.6667,0.3333,1.0,5,3,3,1.0
1066087,172475,172170,14867,6,6,2,4,0.6667,0.3333,1.0,5,3,3,1.0
1063496,172475,172170,14867,6,6,2,4,0.6667,0.3333,1.0,5,3,3,1.0
1075728,19159,19160,15734,6,6,1,3,0.5,0.3333,1.0,5,3,3,1.0
1069040,19229,19227,15759,6,6,2,4,0.6667,0.3333,1.0,5,3,3,1.0
1069992,19229,19227,15759,6,6,2,4,0.6667,0.3333,1.0,5,3,3,1.0
1069302,19183,19170,15808,6,6,2,4,0.6667,0.3333,1.0,5,3,3,1.0
1069314,19183,19170,15808,6,6,2,4,0.6667,0.3333,1.0,5,3,3,1.0
1189830,384831,384828,16198,6,6,1,3,0.5,0.3333,1.0,5,3,3,1.0
1074133,20366,20415,16879,6,6,2,4,0.6667,0.3333,1.0,5,3,3,1.0
1119962,20366,20415,16879,6,6,2,4,0.6667,0.3333,1.0,5,3,3,1.0
1073259,6501,6451,16910,6,6,2,4,0.6667,0.3333,1.0,5,3,3,1.0
1302772,6501,6451,16910,6,6,2,4,0.6667,0.3333,1.0,5,3,3,1.0
1081302,383516,383515,17065,6,6,2,4,0.6667,0.3333,1.0,5,3,3,1.0
1081300,383516,383515,17065,6,6,2,4,0.6667,0.3333,1.0,5,3,3,1.0
1225047,23751,23763,17190,6,6,2,4,0.6667,0.3333,1.0,5,3,3,1.0
1225048,23751,23763,17190,6,6,2,4,0.6667,0.3333,1.0,5,3,3,1.0
1074022,2999,3009,17308,6,6,1,3,0.5,0.3333,1.0,5,3,3,1.0
1075835,11357,11338,17723,6,6,2,4,0.6667,0.3333,1.0,5,3,3,1.0
1208350,11357,11338,17723,6,6,2,4,0.6667,0.3333,1.0,5,3,3,1.0
1076171,243205,179527,17790,6,6,2,4,0.6667,0.3333,1.0,5,3,3,1.0
1076187,243205,179527,17790,6,6,2,4,0.6667,0.3333,1.0,5,3,3,1.0
1093164,18166,18205,18118,6,6,1,3,0.5,0.3333,1.0,5,3,3,1.0
1079485,16569,16559,18537,6,6,2,4,0.6667,0.3333,1.0,5,3,3,1.0
1090025,16569,16559,18537,6,6,2,4,0.6667,0.3333,1.0,5,3,3,1.0
1081056,13976,13982,18746,6,6,2,4,0.6667,0.3333,1.0,5,3,3,1.0
1081059,13976,13982,18746,6,6,2,4,0.6667,0.3333,1.0,5,3,3,1.0
1082293,15748,15789,19246,6,6,2,4,0.6667,0.3333,1.0,5,3,3,1.0
1082295,15748,15789,19246,6,6,2,4,0.6667,0.3333,1.0,5,3,3,1.0
1083293,14475,14504,19604,6,6,2,4,0.6667,0.3333,1.0,5,3,3,1.0
1112161,14475,14504,19604,6,6,2,4,0.6667,0.3333,1.0,5,3,3,1.0
1089917,14772,14786,20030,6,6,2,4,0.6667,0.3333,1.0,5,3,3,1.0
1089918,14772,14786,20030,6,6,2,4,0.6667,0.3333,1.0,5,3,3,1.0
1090279,26149,15648,20095,6,6,2,4,0.6667,0.3333,1.0,5,3,3,1.0
1090628,26149,15648,20095,6,6,2,4,0.6667,0.3333,1.0,5,3,3,1.0
1088629,25787,14589,20143,6,6,2,4,0.6667,0.3333,1.0,5,3,3,1.0
1089827,25787,14589,20143,6,6,2,4,0.6667,0.3333,1.0,5,3,3,1.0
1089407,14467,14486,20351,6,6,2,4,0.6667,0.3333,1.0,5,3,3,1.0
1114101,14467,14486,20351,6,6,2,4,0.6667,0.3333,1.0,5,3,3,1.0
1089412,14435,14467,20354,6,6,2,4,0.6667,0.3333,1.0,5,3,3,1.0
1089413,14435,14467,20354,6,6,2,4,0.6667,0.3333,1.0,5,3,3,1.0
1089768,18431,18451,20436,6,6,2,4,0.6667,0.3333,1.0,5,3,3,1.0
1167257,18431,18451,20436,6,6,2,4,0.6667,0.3333,1.0,5,3,3,1.0
1128391,27049,18106,20904,6,6,1,3,0.5,0.3333,1.0,5,3,3,1.0
1202567,26950,26979,21135,6,6,2,4,0.6667,0.3333,1.0,5,3,3,1.0
1091670,26950,26979,21135,6,6,2,4,0.6667,0.3333,1.0,5,3,3,1.0
1185946,19432,19417,21283,6,6,2,4,0.6667,0.3333,1.0,5,3,3,1.0
1185947,19432,19417,21283,6,6,2,4,0.6667,0.3333,1.0,5,3,3,1.0
1186409,19558,19549,21407,6,6,2,4,0.6667,0.3333,1.0,5,3,3,1.0
1186408,19558,19549,21407,6,6,2,4,0.6667,0.3333,1.0,5,3,3,1.0
1185981,19539,27426,21409,6,6,1,3,0.5,0.3333,1.0,5,3,3,1.0
1185499,19542,19521,21414,6,6,2,4,0.6667,0.3333,1.0,5,3,3,1.0
1092432,19542,19521,21414,6,6,2,4,0.6667,0.3333,1.0,5,3,3,1.0
1093656,16516,16522,21791,6,6,2,4,0.6667,0.3333,1.0,5,3,3,1.0
1093659,16516,16522,21791,6,6,2,4,0.6667,0.3333,1.0,5,3,3,1.0
1094519,375812,375816,22009,6,6,2,4,0.6667,0.3333,1.0,5,3,3,1.0
1094516,375812,375816,22009,6,6,2,4,0.6667,0.3333,1.0,5,3,3,1.0
1113158,13168,13247,22331,6,6,2,4,0.6667,0.3333,1.0,5,3,3,1.0
1112654,13168,13247,22331,6,6,2,4,0.6667,0.3333,1.0,5,3,3,1.0
1198144,10667,24320,22436,6,6,2,4,0.6667,0.3333,1.0,5,3,3,1.0
1197790,10667,24320,22436,6,6,2,4,0.6667,0.3333,1.0,5,3,3,1.0
1124104,25404,13391,22569,6,6,2,4,0.6667,0.3333,1.0,5,3,3,1.0
1124540,25404,13391,22569,6,6,2,4,0.6667,0.3333,1.0,5,3,3,1.0
1103077,17188,17180,23230,6,6,2,4,0.6667,0.3333,1.0,5,3,3,1.0
1103074,17188,17180,23230,6,6,2,4,0.6667,0.3333,1.0,5,3,3,1.0
1170520,10685,24378,23652,6,6,1,3,0.5,0.3333,1.0,5,3,3,1.0
1103071,16157,16197,23818,6,6,2,4,0.6667,0.3333,1.0,5,3,3,1.0
1103070,16157,16197,23818,6,6,2,4,0.6667,0.3333,1.0,5,3,3,1.0
1113673,26594,26601,23831,6,6,2,4,0.6667,0.3333,1.0,5,3,3,1.0
1113668,26594,26601,23831,6,6,2,4,0.6667,0.3333,1.0,5,3,3,1.0
1111891,14679,14697,23869,6,6,1,3,0.5,0.3333,1.0,5,3,3,1.0
1103617,17349,17360,23950,6,6,2,4,0.6667,0.3333,1.0,5,3,3,1.0
1103614,17349,17360,23950,6,6,2,4,0.6667,0.3333,1.0,5,3,3,1.0
1111447,5137,5155,24160,6,6,2,4,0.6667,0.3333,1.0,5,3,3,1.0
1111446,5137,5155,24160,6,6,2,4,0.6667,0.3333,1.0,5,3,3,1.0
1136723,13092,12973,24253,6,6,2,4,0.6667,0.3333,1.0,5,3,3,1.0
1104796,13092,12973,24253,6,6,2,4,0.6667,0.3333,1.0,5,3,3,1.0
1108938,17298,17322,24307,6,6,1,3,0.5,0.3333,1.0,5,3,3,1.0
1105762,5153,5160,24479,6,6,2,4,0.6667,0.3333,1.0,5,3,3,1.0
1105765,5153,5160,24479,6,6,2,4,0.6667,0.3333,1.0,5,3,3,1.0
1109882,15794,15749,24817,6,6,2,4,0.6667,0.3333,1.0,5,3,3,1.0
1109898,15794,15749,24817,6,6,2,4,0.6667,0.3333,1.0,5,3,3,1.0
1114120,13803,18827,24819,6,6,1,3,0.5,0.3333,1.0,5,3,3,1.0
1109178,18131,27069,24859,6,6,2,4,0.6667,0.3333,1.0,5,3,3,1.0
1109179,18131,27069,24859,6,6,2,4,0.6667,0.3333,1.0,5,3,3,1.0
1110432,18159,27058,25042,6,6,2,4,0.6667,0.3333,1.0,5,3,3,1.0
1110002,18159,27058,25042,6,6,2,4,0.6667,0.3333,1.0,5,3,3,1.0
1110920,18173,27089,25119,6,6,2,4,0.6667,0.3333,1.0,5,3,3,1.0
1110974,18173,27089,25119,6,6,2,4,0.6667,0.3333,1.0,5,3,3,1.0
1110573,14646,25830,25166,6,6,2,4,0.6667,0.3333,1.0,5,3,3,1.0
1111912,14646,25830,25166,6,6,2,4,0.6667,0.3333,1.0,5,3,3,1.0
1111009,27071,18183,25252,6,6,1,3,0.5,0.3333,1.0,5,3,3,1.0
1114930,12937,12936,25316,6,6,2,4,0.6667,0.3333,1.0,5,3,3,1.0
1114893,12937,12936,25316,6,6,2,4,0.6667,0.3333,1.0,5,3,3,1.0
1149742,27105,18238,25474,6,6,2,4,0.6667,0.3333,1.0,5,3,3,1.0
1112428,27105,18238,25474,6,6,2,4,0.6667,0.3333,1.0,5,3,3,1.0
1112415,18181,27091,25554,6,6,2,4,0.6667,0.3333,1.0,5,3,3,1.0
1112412,18181,27091,25554,6,6,2,4,0.6667,0.3333,1.0,5,3,3,1.0
1114167,14435,14498,25557,6,6,2,4,0.6667,0.3333,1.0,5,3,3,1.0
1112385,14435,14498,25557,6,6,2,4,0.6667,0.3333,1.0,5,3,3,1.0
1113894,14455,14415,25563,6,6,2,4,0.6667,0.3333,1.0,5,3,3,1.0
1112449,14455,14415,25563,6,6,2,4,0.6667,0.3333,1.0,5,3,3,1.0
1112458,14701,25840,25566,6,6,2,4,0.6667,0.3333,1.0,5,3,3,1.0
1112457,14701,25840,25566,6,6,2,4,0.6667,0.3333,1.0,5,3,3,1.0
1115077,13696,13672,26234,6,6,2,4,0.6667,0.3333,1.0,5,3,3,1.0
1130862,13696,13672,26234,6,6,2,4,0.6667,0.3333,1.0,5,3,3,1.0
1116169,25230,25251,26441,6,6,2,4,0.6667,0.3333,1.0,5,3,3,1.0
1121076,25230,25251,26441,6,6,2,4,0.6667,0.3333,1.0,5,3,3,1.0
1119214,473039,473040,26576,6,6,2,4,0.6667,0.3333,1.0,5,3,3,1.0
1119265,473039,473040,26576,6,6,2,4,0.6667,0.3333,1.0,5,3,3,1.0
1119326,473038,473036,26730,6,6,2,4,0.6667,0.3333,1.0,5,3,3,1.0
1119313,473038,473036,26730,6,6,2,4,0.6667,0.3333,1.0,5,3,3,1.0
1119554,477918,477919,26762,6,6,2,4,0.6667,0.3333,1.0,5,3,3,1.0
1119538,477918,477919,26762,6,6,2,4,0.6667,0.3333,1.0,5,3,3,1.0
1144942,2712,20944,26880,6,6,2,4,0.6667,0.3333,1.0,5,3,3,1.0
1144943,2712,20944,26880,6,6,2,4,0.6667,0.3333,1.0,5,3,3,1.0
1122685,25036,12458,27327,6,6,2,4,0.6667,0.3333,1.0,5,3,3,1.0
1122686,25036,12458,27327,6,6,2,4,0.6667,0.3333,1.0,5,3,3,1.0
1171342,12458,12391,27339,6,6,2,4,0.6667,0.3333,1.0,5,3,3,1.0
1122680,12458,12391,27339,6,6,2,4,0.6667,0.3333,1.0,5,3,3,1.0
1124060,53725,13371,27699,6,6,2,4,0.6667,0.3333,1.0,5,3,3,1.0
1124059,53725,13371,27699,6,6,2,4,0.6667,0.3333,1.0,5,3,3,1.0
1220926,2374,20535,28039,6,6,2,4,0.6667,0.3333,1.0,5,3,3,1.0
1125655,2374,20535,28039,6,6,2,4,0.6667,0.3333,1.0,5,3,3,1.0
1126027,14389,14329,28129,6,6,2,4,0.6667,0.3333,1.0,5,3,3,1.0
1126028,14389,14329,28129,6,6,2,4,0.6667,0.3333,1.0,5,3,3,1.0
1130991,12888,20017,28213,6,6,2,4,0.6667,0.3333,1.0,5,3,3,1.0
1127145,12888,20017,28213,6,6,2,4,0.6667,0.3333,1.0,5,3,3,1.0
1311999,9003,8896,28538,6,6,2,4,0.6667,0.3333,1.0,5,3,3,1.0
1312001,9003,8896,28538,6,6,2,4,0.6667,0.3333,1.0,5,3,3,1.0
1288627,7890,7948,28912,6,6,1,3,0.5,0.3333,1.0,5,3,3,1.0
1265819,19878,583,28946,6,6,1,3,0.5,0.3333,1.0,5,3,3,1.0
1128254,567,583,28946,6,6,1,3,0.5,0.3333,1.0,5,3,3,1.0
1228602,319995,583,28946,6,6,1,3,0.5,0.3333,1.0,5,3,3,1.0
1299527,18966,18935,29719,6,6,1,3,0.5,0.3333,1.0,5,3,3,1.0
1137064,76764,136956,30216,7,6,2,4,0.6667,0.3333,1.0,6,3,3,1.0
1196079,76764,136956,30216,7,6,2,4,0.6667,0.3333,1.0,6,3,3,1.0
1133159,260166,261118,30340,6,6,1,3,0.5,0.3333,1.0,5,3,3,1.0
1136207,22660,7071,30513,6,6,1,3,0.5,0.3333,1.0,5,3,3,1.0
1195510,271042,268155,30564,6,6,2,4,0.6667,0.3333,1.0,5,3,3,1.0
1133597,271042,268155,30564,6,6,2,4,0.6667,0.3333,1.0,5,3,3,1.0
1276814,20243,1743,31329,6,6,1,3,0.5,0.3333,1.0,5,3,3,1.0
1308734,118,116,31395,6,6,1,3,0.5,0.3333,1.0,5,3,3,1.0
1149921,25761,25762,31739,6,6,2,4,0.6667,0.3333,1.0,5,3,3,1.0
1137579,25761,25762,31739,6,6,2,4,0.6667,0.3333,1.0,5,3,3,1.0
1138001,24968,12294,31853,6,6,2,4,0.6667,0.3333,1.0,5,3,3,1.0
1224939,24968,12294,31853,6,6,2,4,0.6667,0.3333,1.0,5,3,3,1.0
1187214,15548,15519,31953,6,6,2,4,0.6667,0.3333,1.0,5,3,3,1.0
1186809,15548,15519,31953,6,6,2,4,0.6667,0.3333,1.0,5,3,3,1.0
1179975,345003,350091,32054,6,6,2,4,0.6667,0.3333,1.0,5,3,3,1.0
1179795,345003,350091,32054,6,6,2,4,0.6667,0.3333,1.0,5,3,3,1.0
1155694,1942,2058,33421,6,6,2,4,0.6667,0.3333,1.0,5,3,3,1.0
1155697,1942,2058,33421,6,6,2,4,0.6667,0.3333,1.0,5,3,3,1.0
1149601,21340,3392,33678,6,6,2,4,0.6667,0.3333,1.0,5,3,3,1.0
1159913,21340,3392,33678,6,6,2,4,0.6667,0.3333,1.0,5,3,3,1.0
1166063,16395,16400,36035,6,6,1,3,0.5,0.3333,1.0,5,3,3,1.0
1167372,18684,18703,36330,6,6,2,4,0.6667,0.3333,1.0,5,3,3,1.0
1167373,18684,18703,36330,6,6,2,4,0.6667,0.3333,1.0,5,3,3,1.0
1168379,18120,27051,36574,6,6,1,3,0.5,0.3333,1.0,5,3,3,1.0
1220960,13388,13352,36812,6,6,2,4,0.6667,0.3333,1.0,5,3,3,1.0
1221059,13388,13352,36812,6,6,2,4,0.6667,0.3333,1.0,5,3,3,1.0
1169368,162246,162237,36831,6,6,2,4,0.6667,0.3333,1.0,5,3,3,1.0
1169370,162246,162237,36831,6,6,2,4,0.6667,0.3333,1.0,5,3,3,1.0
1169998,11229,11248,36963,6,6,2,4,0.6667,0.3333,1.0,5,3,3,1.0
1169997,11229,11248,36963,6,6,2,4,0.6667,0.3333,1.0,5,3,3,1.0
1175265,24873,24897,37654,6,6,2,4,0.6667,0.3333,1.0,5,3,3,1.0
1175267,24873,24897,37654,6,6,2,4,0.6667,0.3333,1.0,5,3,3,1.0
1188783,20977,2805,38880,6,6,2,4,0.6667,0.3333,1.0,5,3,3,1.0
1179904,20977,2805,38880,6,6,2,4,0.6667,0.3333,1.0,5,3,3,1.0
1188336,19430,19445,39731,6,6,2,4,0.6667,0.3333,1.0,5,3,3,1.0
1188308,19430,19445,39731,6,6,2,4,0.6667,0.3333,1.0,5,3,3,1.0
1189309,4209,4213,40313,6,6,2,4,0.6667,0.3333,1.0,5,3,3,1.0
1189324,4209,4213,40313,6,6,2,4,0.6667,0.3333,1.0,5,3,3,1.0
1224785,276479,276478,40709,6,6,2,4,0.6667,0.3333,1.0,5,3,3,1.0
1224786,276479,276478,40709,6,6,2,4,0.6667,0.3333,1.0,5,3,3,1.0
1207177,10814,10846,41031,6,6,2,4,0.6667,0.3333,1.0,5,3,3,1.0
1196888,10814,10846,41031,6,6,2,4,0.6667,0.3333,1.0,5,3,3,1.0
1229284,11315,11332,41409,6,6,2,4,0.6667,0.3333,1.0,5,3,3,1.0
1217012,11315,11332,41409,6,6,2,4,0.6667,0.3333,1.0,5,3,3,1.0
1198229,10739,10770,41430,6,6,2,4,0.6667,0.3333,1.0,5,3,3,1.0
1198138,10739,10770,41430,6,6,2,4,0.6667,0.3333,1.0,5,3,3,1.0
1198500,12327,12395,41547,6,6,2,4,0.6667,0.3333,1.0,5,3,3,1.0
1198498,12327,12395,41547,6,6,2,4,0.6667,0.3333,1.0,5,3,3,1.0
1199871,24914,24947,41955,6,6,2,4,0.6667,0.3333,1.0,5,3,3,1.0
1201243,24914,24947,41955,6,6,2,4,0.6667,0.3333,1.0,5,3,3,1.0
1273711,20381,2011,43113,6,6,2,4,0.6667,0.3333,1.0,5,3,3,1.0
1207273,20381,2011,43113,6,6,2,4,0.6667,0.3333,1.0,5,3,3,1.0
1221943,11130,11134,45024,6,6,2,4,0.6667,0.3333,1.0,5,3,3,1.0
1221942,11130,11134,45024,6,6,2,4,0.6667,0.3333,1.0,5,3,3,1.0
1222904,10889,10858,45198,6,6,2,4,0.6667,0.3333,1.0,5,3,3,1.0
1222859,10889,10858,45198,6,6,2,4,0.6667,0.3333,1.0,5,3,3,1.0
1227417,23466,23389,45356,6,6,2,4,0.6667,0.3333,1.0,5,3,3,1.0
1227415,23466,23389,45356,6,6,2,4,0.6667,0.3333,1.0,5,3,3,1.0
1229429,10704,10675,46335,6,6,2,4,0.6667,0.3333,1.0,5,3,3,1.0
1229442,10704,10675,46335,6,6,2,4,0.6667,0.3333,1.0,5,3,3,1.0
1268729,23671,23655,47830,6,6,1,3,0.5,0.3333,1.0,5,3,3,1.0
1280310,20548,20581,48362,6,6,2,4,0.6667,0.3333,1.0,5,3,3,1.0
1280301,20548,20581,48362,6,6,2,4,0.6667,0.3333,1.0,5,3,3,1.0
1298212,14300,14333,48370,6,6,1,3,0.5,0.3333,1.0,5,3,3,1.0
1277960,14089,25625,48630,6,6,2,4,0.6667,0.3333,1.0,5,3,3,1.0
1277959,14089,25625,48630,6,6,2,4,0.6667,0.3333,1.0,5,3,3,1.0
1274001,9996,9973,48838,6,6,1,3,0.5,0.3333,1.0,5,3,3,1.0
1279006,20480,153291,49464,6,6,2,4,0.6667,0.3333,1.0,5,3,3,1.0
1279008,20480,153291,49464,6,6,2,4,0.6667,0.3333,1.0,5,3,3,1.0
1277418,25782,25805,49484,6,6,2,4,0.6667,0.3333,1.0,5,3,3,1.0
1280967,25782,25805,49484,6,6,2,4,0.6667,0.3333,1.0,5,3,3,1.0
1281227,26882,17800,50037,6,6,2,4,0.6667,0.3333,1.0,5,3,3,1.0
1299895,26882,17800,50037,6,6,2,4,0.6667,0.3333,1.0,5,3,3,1.0
1299611,18910,18897,51823,6,6,2,4,0.6667,0.3333,1.0,5,3,3,1.0
1299669,18910,18897,51823,6,6,2,4,0.6667,0.3333,1.0,5,3,3,1.0
1310692,5973,5986,52467,6,6,2,4,0.6667,0.3333,1.0,5,3,3,1.0
1305198,5973,5986,52467,6,6,2,4,0.6667,0.3333,1.0,5,3,3,1.0
1310355,6092,6096,52741,6,6,2,4,0.6667,0.3333,1.0,5,3,3,1.0
1301452,6092,6096,52741,6,6,2,4,0.6667,0.3333,1.0,5,3,3,1.0
1304242,22503,22489,52751,6,6,2,4,0.6667,0.3333,1.0,5,3,3,1.0
1301505,22503,22489,52751,6,6,2,4,0.6667,0.3333,1.0,5,3,3,1.0
1301576,22240,22244,52773,6,6,2,4,0.6667,0.3333,1.0,5,3,3,1.0
1301577,22240,22244,52773,6,6,2,4,0.6667,0.3333,1.0,5,3,3,1.0
1302929,330235,330236,53025,6,6,1,3,0.5,0.3333,1.0,5,3,3,1.0
1310354,6083,6092,53361,6,6,2,4,0.6667,0.3333,1.0,5,3,3,1.0
1310946,6083,6092,53361,6,6,2,4,0.6667,0.3333,1.0,5,3,3,1.0
1305295,7990,22954,53389,6,6,2,4,0.6667,0.3333,1.0,5,3,3,1.0
1306041,7990,22954,53389,6,6,2,4,0.6667,0.3333,1.0,5,3,3,1.0
1310855,8902,8905,54175,6,6,2,4,0.6667,0.3333,1.0,5,3,3,1.0
1310857,8902,8905,54175,6,6,2,4,0.6667,0.3333,1.0,5,3,3,1.0
1012540,15373,501900,21,3,3,1,2,0.6667,0.3333,1.0,2,3,3,1.0
1005528,19823,19819,24,3,3,1,2,0.6667,0.3333,1.0,2,3,3,1.0
1000616,5581,5579,67,3,3,1,2,0.6667,0.3333,1.0,2,3,3,1.0
1000711,399,402,122,3,3,1,2,0.6667,0.3333,1.0,2,3,3,1.0
1000841,19709,5495,202,3,3,1,2,0.6667,0.3333,1.0,2,3,3,1.0
1001919,426,19838,207,3,3,1,2,0.6667,0.3333,1.0,2,3,3,1.0
1001212,19775,281919,386,3,3,1,2,0.6667,0.3333,1.0,2,3,3,1.0
1001232,446,19848,404,3,3,1,2,0.6667,0.3333,1.0,2,3,3,1.0
1001582,399,390,566,3,3,1,2,0.6667,0.3333,1.0,2,3,3,1.0
1001664,699,697,598,3,3,1,2,0.6667,0.3333,1.0,2,3,3,1.0
1001797,209597,209598,659,3,3,1,2,0.6667,0.3333,1.0,2,3,3,1.0
1001945,294,280,681,3,3,1,2,0.6667,0.3333,1.0,2,3,3,1.0
1002164,432,427,850,3,3,1,2,0.6667,0.3333,1.0,2,3,3,1.0
1018702,69414,9681,1185,3,3,1,2,0.6667,0.3333,1.0,2,3,3,1.0
1005535,136638,5583,1195,3,3,1,2,0.6667,0.3333,1.0,2,3,3,1.0
1005480,5464,5468,1868,3,3,1,2,0.6667,0.3333,1.0,2,3,3,1.0
1005867,87003,5586,1887,3,3,1,2,0.6667,0.3333,1.0,2,3,3,1.0
1005543,5462,5461,1893,3,3,1,2,0.6667,0.3333,1.0,2,3,3,1.0
1011456,136299,11205,2075,3,3,1,2,0.6667,0.3333,1.0,2,3,3,1.0
1007316,18251,18241,2401,3,3,1,2,0.6667,0.3333,1.0,2,3,3,1.0
1037761,278079,375645,3336,3,3,1,2,0.6667,0.3333,1.0,2,3,3,1.0
1073398,201916,69409,3337,3,3,1,2,0.6667,0.3333,1.0,2,3,3,1.0
1133325,22027,331196,3885,3,3,1,2,0.6667,0.3333,1.0,2,3,3,1.0
1073971,5449,181767,4042,3,3,1,2,0.6667,0.3333,1.0,2,3,3,1.0
1013176,9478,9433,4127,3,3,1,2,0.6667,0.3333,1.0,2,3,3,1.0
1014331,453851,453852,4665,3,3,1,2,0.6667,0.3333,1.0,2,3,3,1.0
1015429,227204,227195,5082,3,3,1,2,0.6667,0.3333,1.0,2,3,3,1.0
1095175,5014,154236,5105,3,3,1,2,0.6667,0.3333,1.0,2,3,3,1.0
1273719,9946,23897,5113,3,3,1,2,0.6667,0.3333,1.0,2,3,3,1.0
1276974,283842,154239,5121,3,3,1,2,0.6667,0.3333,1.0,2,3,3,1.0
1142388,3036,389963,5137,4,3,1,2,0.6667,0.3333,1.0,3,3,3,1.0
1054087,92775,260490,5224,3,3,1,2,0.6667,0.3333,1.0,2,3,3,1.0
1020760,23286,8744,5682,3,3,1,2,0.6667,0.3333,1.0,2,3,3,1.0
1047375,340477,326399,6078,3,3,1,2,0.6667,0.3333,1.0,2,3,3,1.0
1026746,24125,10354,6660,3,3,1,2,0.6667,0.3333,1.0,2,3,3,1.0
1197353,175682,20045,6796,3,3,1,2,0.6667,0.3333,1.0,2,3,3,1.0
1277533,21623,4580,6914,3,3,1,2,0.6667,0.3333,1.0,2,3,3,1.0
1035477,341122,343392,9333,3,3,1,2,0.6667,0.3333,1.0,2,3,3,1.0
1036696,7872,7892,9591,3,3,1,2,0.6667,0.3333,1.0,2,3,3,1.0
1037140,23585,9216,9696,3,3,1,2,0.6667,0.3333,1.0,2,3,3,1.0
1136078,70685,31363,11543,3,3,1,2,0.6667,0.3333,1.0,2,3,3,1.0
1046471,376998,376999,11646,3,3,1,2,0.6667,0.3333,1.0,2,3,3,1.0
1288471,9860,9896,12288,3,3,1,2,0.6667,0.3333,1.0,2,3,3,1.0
1215687,4766,4735,12393,3,3,1,2,0.6667,0.3333,1.0,2,3,3,1.0
1220231,5027,5029,12426,3,3,1,2,0.6667,0.3333,1.0,2,3,3,1.0
1297489,23703,9474,12829,3,3,1,2,0.6667,0.3333,1.0,2,3,3,1.0
1087945,14846,20924,13624,3,3,1,2,0.6667,0.3333,1.0,2,3,3,1.0
1059408,23189,8458,13679,3,3,1,2,0.6667,0.3333,1.0,2,3,3,1.0
1063252,286076,286078,14805,3,3,1,2,0.6667,0.3333,1.0,2,3,3,1.0
1082330,13998,13984,16264,3,3,1,2,0.6667,0.3333,1.0,2,3,3,1.0
1180746,16737,140162,16614,3,3,1,2,0.6667,0.3333,1.0,2,3,3,1.0
1072807,396191,13293,16725,3,3,1,2,0.6667,0.3333,1.0,2,3,3,1.0
1180616,390722,48612,16768,3,3,1,2,0.6667,0.3333,1.0,2,3,3,1.0
1072952,242235,2851,16780,3,3,1,2,0.6667,0.3333,1.0,2,3,3,1.0
1073024,376109,364940,16814,3,3,1,2,0.6667,0.3333,1.0,2,3,3,1.0
1073559,21816,19377,17052,3,3,1,2,0.6667,0.3333,1.0,2,3,3,1.0
1073588,21523,3904,17073,3,3,1,2,0.6667,0.3333,1.0,2,3,3,1.0
1073695,375935,5978,17147,3,3,1,2,0.6667,0.3333,1.0,2,3,3,1.0
1267725,8829,23348,17192,3,3,1,2,0.6667,0.3333,1.0,2,3,3,1.0
1073803,3515,21356,17211,3,3,1,2,0.6667,0.3333,1.0,2,3,3,1.0
1074019,2843,2901,17305,3,3,1,2,0.6667,0.3333,1.0,2,3,3,1.0
1111854,16060,16080,17824,3,3,1,2,0.6667,0.3333,1.0,2,3,3,1.0
1078964,18942,5109,18407,3,3,1,2,0.6667,0.3333,1.0,2,3,3,1.0
1079304,15962,26260,18492,3,3,1,2,0.6667,0.3333,1.0,2,3,3,1.0
1081464,15379,15401,18983,3,3,1,2,0.6667,0.3333,1.0,2,3,3,1.0
1082249,15973,15983,19224,3,3,1,2,0.6667,0.3333,1.0,2,3,3,1.0
1166008,21278,21272,19289,3,3,1,2,0.6667,0.3333,1.0,2,3,3,1.0
1082566,15465,15482,19345,3,3,1,2,0.6667,0.3333,1.0,2,3,3,1.0
1288955,24994,12305,19467,3,3,1,2,0.6667,0.3333,1.0,2,3,3,1.0
1088828,15138,15203,20192,3,3,1,2,0.6667,0.3333,1.0,2,3,3,1.0
1133691,209276,53412,20338,3,3,1,2,0.6667,0.3333,1.0,2,3,3,1.0
1137986,15284,15184,20502,3,3,1,2,0.6667,0.3333,1.0,2,3,3,1.0
1110247,16582,151676,21241,3,3,1,2,0.6667,0.3333,1.0,2,3,3,1.0
1115654,25318,25326,21673,3,3,1,2,0.6667,0.3333,1.0,2,3,3,1.0
1093456,18283,18295,21740,3,3,1,2,0.6667,0.3333,1.0,2,3,3,1.0
1094584,26881,17833,21830,3,3,1,2,0.6667,0.3333,1.0,2,3,3,1.0
1098913,6307,6294,22898,3,3,1,2,0.6667,0.3333,1.0,2,3,3,1.0
1111938,5158,5173,22997,3,3,1,2,0.6667,0.3333,1.0,2,3,3,1.0
1127373,537069,537072,23060,3,3,1,2,0.6667,0.3333,1.0,2,3,3,1.0
1137755,535999,536000,23741,3,3,1,2,0.6667,0.3333,1.0,2,3,3,1.0
1105602,14015,14051,24424,3,3,1,2,0.6667,0.3333,1.0,2,3,3,1.0
1142391,272967,16902,24643,3,3,1,2,0.6667,0.3333,1.0,2,3,3,1.0
1108994,17275,17282,24816,3,3,1,2,0.6667,0.3333,1.0,2,3,3,1.0
1110241,4712,4711,24902,3,3,1,2,0.6667,0.3333,1.0,2,3,3,1.0
1111929,18929,5114,24994,3,3,1,2,0.6667,0.3333,1.0,2,3,3,1.0
1111015,14594,1593,25253,3,3,1,2,0.6667,0.3333,1.0,2,3,3,1.0
1113100,13332,13364,25782,3,3,1,2,0.6667,0.3333,1.0,2,3,3,1.0
1116156,14988,54046,26443,3,3,1,2,0.6667,0.3333,1.0,2,3,3,1.0
1120627,18694,27189,26851,3,3,1,2,0.6667,0.3333,1.0,2,3,3,1.0
1121071,3322,3337,26875,3,3,1,2,0.6667,0.3333,1.0,2,3,3,1.0
1121434,1207,20014,26965,3,3,1,2,0.6667,0.3333,1.0,2,3,3,1.0
1125093,1375,1336,27225,3,3,1,2,0.6667,0.3333,1.0,2,3,3,1.0
1126427,13801,1807,27481,3,3,1,2,0.6667,0.3333,1.0,2,3,3,1.0
1123657,11772,24731,27595,3,3,1,2,0.6667,0.3333,1.0,2,3,3,1.0
1126073,105580,20564,28149,3,3,1,2,0.6667,0.3333,1.0,2,3,3,1.0
1126081,25691,14276,28153,3,3,1,2,0.6667,0.3333,1.0,2,3,3,1.0
1126718,40933,40934,28267,3,3,1,2,0.6667,0.3333,1.0,2,3,3,1.0
1127676,196476,3551,28726,3,3,1,2,0.6667,0.3333,1.0,2,3,3,1.0
1127948,197119,3837,28884,3,3,1,2,0.6667,0.3333,1.0,2,3,3,1.0
1128487,12213,19996,29080,3,3,1,2,0.6667,0.3333,1.0,2,3,3,1.0
1128609,204,19779,29142,3,3,1,2,0.6667,0.3333,1.0,2,3,3,1.0
1130800,25500,25515,29468,3,3,1,2,0.6667,0.3333,1.0,2,3,3,1.0
1132010,258250,258249,29795,3,3,1,2,0.6667,0.3333,1.0,2,3,3,1.0
1299233,458747,172495,29946,3,3,1,2,0.6667,0.3333,1.0,2,3,3,1.0
1132714,200955,200959,30129,3,3,1,2,0.6667,0.3333,1.0,2,3,3,1.0
1195297,10302,24121,30224,3,3,1,2,0.6667,0.3333,1.0,2,3,3,1.0
1133153,14906,14956,30338,3,3,1,2,0.6667,0.3333,1.0,2,3,3,1.0
1302839,5976,22086,30419,3,3,1,2,0.6667,0.3333,1.0,2,3,3,1.0
1304641,117,118,30526,3,3,1,2,0.6667,0.3333,1.0,2,3,3,1.0
1133571,285436,285130,30550,3,3,1,2,0.6667,0.3333,1.0,2,3,3,1.0
1281594,6285,6274,30589,3,3,1,2,0.6667,0.3333,1.0,2,3,3,1.0
1278071,20376,20371,30715,3,3,1,2,0.6667,0.3333,1.0,2,3,3,1.0
1276952,3573,31005,31152,3,3,1,2,0.6667,0.3333,1.0,2,3,3,1.0
1233008,,26614,31324,5,3,0,1,0.3333,0.3333,1.0,4,3,3,1.0
1232982,,26614,31324,5,3,0,1,0.3333,0.3333,1.0,4,3,3,1.0
1136227,18008,18010,31368,3,3,1,2,0.6667,0.3333,1.0,2,3,3,1.0
1142969,10426,24192,31377,3,3,1,2,0.6667,0.3333,1.0,2,3,3,1.0
1137971,2189,20472,31838,3,3,1,2,0.6667,0.3333,1.0,2,3,3,1.0
1143093,1875,13839,32305,3,3,1,2,0.6667,0.3333,1.0,2,3,3,1.0
1272937,16959,73900,33946,3,3,1,2,0.6667,0.3333,1.0,2,3,3,1.0
1152864,15952,226244,33977,3,3,1,2,0.6667,0.3333,1.0,2,3,3,1.0
1165379,3998,3999,34973,3,3,1,2,0.6667,0.3333,1.0,2,3,3,1.0
1157614,17355,17310,35046,3,3,1,2,0.6667,0.3333,1.0,2,3,3,1.0
1164297,21124,15105,35696,3,3,1,2,0.6667,0.3333,1.0,2,3,3,1.0
1219172,19629,19633,36087,3,3,1,2,0.6667,0.3333,1.0,2,3,3,1.0
1187888,378108,378107,36090,3,3,1,2,0.6667,0.3333,1.0,2,3,3,1.0
1167368,18499,18538,36293,3,3,1,2,0.6667,0.3333,1.0,2,3,3,1.0
1169196,2668,2678,36780,3,3,1,2,0.6667,0.3333,1.0,2,3,3,1.0
1170414,11344,24567,37098,3,3,1,2,0.6667,0.3333,1.0,2,3,3,1.0
1173565,17505,17462,37357,3,3,1,2,0.6667,0.3333,1.0,2,3,3,1.0
1174008,14987,15013,37406,3,3,1,2,0.6667,0.3333,1.0,2,3,3,1.0
1265544,12696,20008,37423,3,3,1,2,0.6667,0.3333,1.0,2,3,3,1.0
1208466,11848,11840,37447,3,3,1,2,0.6667,0.3333,1.0,2,3,3,1.0
1175315,12863,12908,37674,3,3,1,2,0.6667,0.3333,1.0,2,3,3,1.0
1176210,1329,1385,37932,3,3,1,2,0.6667,0.3333,1.0,2,3,3,1.0
1177233,13999,13967,38270,3,3,1,2,0.6667,0.3333,1.0,2,3,3,1.0
1187403,4281,4301,39000,3,3,1,2,0.6667,0.3333,1.0,2,3,3,1.0
1189205,4005,4019,39823,3,3,1,2,0.6667,0.3333,1.0,2,3,3,1.0
1187219,3550,3584,39966,3,3,1,2,0.6667,0.3333,1.0,2,3,3,1.0
1216364,26123,26121,39988,3,3,1,2,0.6667,0.3333,1.0,2,3,3,1.0
1199574,24049,10113,41873,3,3,1,2,0.6667,0.3333,1.0,2,3,3,1.0
1202490,18453,18454,42516,3,3,1,2,0.6667,0.3333,1.0,2,3,3,1.0
1205679,2289,20528,42807,3,3,1,2,0.6667,0.3333,1.0,2,3,3,1.0
1223493,19907,222715,43637,3,3,1,2,0.6667,0.3333,1.0,2,3,3,1.0
1210786,1200,1234,43771,3,3,1,2,0.6667,0.3333,1.0,2,3,3,1.0
1229499,183042,654,44019,3,3,1,2,0.6667,0.3333,1.0,2,3,3,1.0
1217518,444,437,44269,3,3,1,2,0.6667,0.3333,1.0,2,3,3,1.0
1218913,11913,11868,44416,3,3,1,2,0.6667,0.3333,1.0,2,3,3,1.0
1227610,9720,9806,45013,3,3,1,2,0.6667,0.3333,1.0,2,3,3,1.0
1224857,280641,280640,45339,3,3,1,2,0.6667,0.3333,1.0,2,3,3,1.0
1300608,21,22,46595,3,3,1,2,0.6667,0.3333,1.0,2,3,3,1.0
1279081,14713,25887,46884,3,3,1,2,0.6667,0.3333,1.0,2,3,3,1.0
1265276,11004,24476,46929,3,3,1,2,0.6667,0.3333,1.0,2,3,3,1.0
1288675,1961,1804,47585,3,3,1,2,0.6667,0.3333,1.0,2,3,3,1.0
1287281,10358,10292,47779,3,3,1,2,0.6667,0.3333,1.0,2,3,3,1.0
1270923,8499,8450,47986,3,3,1,2,0.6667,0.3333,1.0,2,3,3,1.0
1289201,11548,11270,48035,3,3,1,2,0.6667,0.3333,1.0,2,3,3,1.0
1273070,25676,25670,48655,3,3,1,2,0.6667,0.3333,1.0,2,3,3,1.0
1287441,9821,23864,48743,3,3,1,2,0.6667,0.3333,1.0,2,3,3,1.0
1273707,20381,2011,48770,3,3,1,2,0.6667,0.3333,1.0,2,3,3,1.0
1279945,1920,323835,48778,3,3,1,2,0.6667,0.3333,1.0,2,3,3,1.0
1273942,24011,10168,48826,3,3,1,2,0.6667,0.3333,1.0,2,3,3,1.0
1276247,7249,22673,49034,3,3,1,2,0.6667,0.3333,1.0,2,3,3,1.0
1307907,67504,67503,49100,3,3,1,2,0.6667,0.3333,1.0,2,3,3,1.0
1281103,15043,15049,49180,3,3,1,2,0.6667,0.3333,1.0,2,3,3,1.0
1276521,25921,25905,49181,3,3,1,2,0.6667,0.3333,1.0,2,3,3,1.0
1277213,2133,20441,49398,3,3,1,2,0.6667,0.3333,1.0,2,3,3,1.0
1278045,20317,20315,49610,3,3,1,2,0.6667,0.3333,1.0,2,3,3,1.0
1278675,2157,20451,49790,3,3,1,2,0.6667,0.3333,1.0,2,3,3,1.0
1286009,4667,26671,49878,3,3,1,2,0.6667,0.3333,1.0,2,3,3,1.0
1279298,330558,17465,49950,3,3,1,2,0.6667,0.3333,1.0,2,3,3,1.0
1279638,27305,19237,50068,3,3,1,2,0.6667,0.3333,1.0,2,3,3,1.0
1280849,19,14,50324,3,3,1,2,0.6667,0.3333,1.0,2,3,3,1.0
1281241,4926,4915,50536,3,3,1,2,0.6667,0.3333,1.0,2,3,3,1.0
1282854,2045,20375,50935,3,3,1,2,0.6667,0.3333,1.0,2,3,3,1.0
1306792,6721,6697,51199,3,3,1,2,0.6667,0.3333,1.0,2,3,3,1.0
1286667,12710,12744,51283,3,3,1,2,0.6667,0.3333,1.0,2,3,3,1.0
1288297,375246,2200,51414,3,3,1,2,0.6667,0.3333,1.0,2,3,3,1.0
1287747,1550,1554,51471,3,3,1,2,0.6667,0.3333,1.0,2,3,3,1.0
1288406,13123,13181,51561,3,3,1,2,0.6667,0.3333,1.0,2,3,3,1.0
1288839,54,55,51628,3,3,1,2,0.6667,0.3333,1.0,2,3,3,1.0
1288869,21756,18481,51648,3,3,1,2,0.6667,0.3333,1.0,2,3,3,1.0
1289019,12912,25244,51686,3,3,1,2,0.6667,0.3333,1.0,2,3,3,1.0
1297860,26952,26980,51954,3,3,1,2,0.6667,0.3333,1.0,2,3,3,1.0
1298366,51,43,52056,3,3,1,2,0.6667,0.3333,1.0,2,3,3,1.0
1299422,229115,4760,52268,3,3,1,2,0.6667,0.3333,1.0,2,3,3,1.0
1299593,17954,26953,52310,3,3,1,2,0.6667,0.3333,1.0,2,3,3,1.0
1300464,7517,7524,52528,3,3,1,2,0.6667,0.3333,1.0,2,3,3,1.0
1310816,22856,50218,52632,3,3,1,2,0.6667,0.3333,1.0,2,3,3,1.0
1301305,6952,6935,52707,3,3,1,2,0.6667,0.3333,1.0,2,3,3,1.0
1304893,162,195,53340,3,3,1,2,0.6667,0.3333,1.0,2,3,3,1.0
1307062,9021,8983,53698,3,3,1,2,0.6667,0.3333,1.0,2,3,3,1.0
1307117,8168,8185,53714,3,3,1,2,0.6667,0.3333,1.0,2,3,3,1.0
1307379,20278,13730,53766,3,3,1,2,0.6667,0.3333,1.0,2,3,3,1.0
1308463,8168,8092,53953,3,3,1,2,0.6667,0.3333,1.0,2,3,3,1.0
1308487,57,62,53964,3,3,1,2,0.6667,0.3333,1.0,2,3,3,1.0
1308636,7537,7508,53996,3,3,1,2,0.6667,0.3333,1.0,2,3,3,1.0
1309159,136,121,54069,3,3,1,2,0.6667,0.3333,1.0,2,3,3,1.0
1124040,396091,1930,4009,19,19,2,8,0.4211,0.3158,1.0,18,3,3,1.0
1205014,396091,1930,4009,19,19,2,8,0.4211,0.3158,1.0,18,3,3,1.0
1287146,22622,79004,31822,16,16,1,6,0.375,0.3125,1.0,15,3,3,1.0
1298645,7323,7300,3420,13,13,3,7,0.5385,0.3077,1.0,12,3,3,1.0
1279361,7362,7300,3420,13,13,3,7,0.5385,0.3077,1.0,12,3,3,1.0
1288587,7323,7300,3420,13,13,3,7,0.5385,0.3077,1.0,12,3,3,1.0
1279364,7362,7300,3420,13,13,3,7,0.5385,0.3077,1.0,12,3,3,1.0
1298643,7323,7300,3420,13,13,3,7,0.5385,0.3077,1.0,12,3,3,1.0
1279363,7362,7300,3420,13,13,3,7,0.5385,0.3077,1.0,12,3,3,1.0
1011923,101725,101727,3680,13,13,1,5,0.3846,0.3077,1.0,12,3,3,1.0
1123029,535611,1177,27106,13,13,2,6,0.4615,0.3077,1.0,12,3,3,1.0
1137499,535611,1177,27106,13,13,2,6,0.4615,0.3077,1.0,12,3,3,1.0
1210304,1314,1263,31041,13,13,2,6,0.4615,0.3077,1.0,12,3,3,1.0
1200193,1314,1263,31041,13,13,2,6,0.4615,0.3077,1.0,12,3,3,1.0
1303953,95,22664,46523,13,13,1,5,0.3846,0.3077,1.0,12,3,3,1.0
1298837,94,22664,46523,13,13,1,5,0.3846,0.3077,1.0,12,3,3,1.0
1298774,126,22664,46523,13,13,1,5,0.3846,0.3077,1.0,12,3,3,1.0
1301936,7179,22664,46523,13,13,1,5,0.3846,0.3077,1.0,12,3,3,1.0
1043444,310078,343405,4107,20,20,5,11,0.55,0.3,1.0,19,3,3,1.0
1043465,310078,343405,4107,20,20,5,11,0.55,0.3,1.0,19,3,3,1.0
1065053,310078,343405,4107,20,20,5,11,0.55,0.3,1.0,19,3,3,1.0
1044944,310078,343405,4107,20,20,5,11,0.55,0.3,1.0,19,3,3,1.0
1043446,310078,343405,4107,20,20,5,11,0.55,0.3,1.0,19,3,3,1.0
1054784,273926,273928,12566,10,10,2,5,0.5,0.3,1.0,9,3,3,1.0
1054785,273926,273928,12566,10,10,2,5,0.5,0.3,1.0,9,3,3,1.0
1108612,345227,26789,24711,10,10,1,4,0.4,0.3,1.0,9,3,3,1.0
1266293,8379,8360,29660,10,10,1,4,0.4,0.3,1.0,9,3,3,1.0
1131243,23101,8360,29660,10,10,1,4,0.4,0.3,1.0,9,3,3,1.0
1226316,14598,14671,45705,10,10,1,4,0.4,0.3,1.0,9,3,3,1.0
1298644,7309,7294,50062,10,10,1,4,0.4,0.3,1.0,9,3,3,1.0
1304695,113,143,50193,10,10,2,5,0.5,0.3,1.0,9,3,3,1.0
1310615,144,143,50193,10,10,2,5,0.5,0.3,1.0,9,3,3,1.0
1310620,144,143,50193,10,10,2,5,0.5,0.3,1.0,9,3,3,1.0
1304694,113,143,50193,10,10,2,5,0.5,0.3,1.0,9,3,3,1.0
1104029,4321,4328,24039,18,17,6,11,0.6471,0.2941,1.0,17,3,3,1.0
1104684,4321,4328,24039,18,17,6,11,0.6471,0.2941,1.0,17,3,3,1.0
1130967,4321,4328,24039,18,17,6,11,0.6471,0.2941,1.0,17,3,3,1.0
1104685,4321,4328,24039,18,17,6,11,0.6471,0.2941,1.0,17,3,3,1.0
1112186,4321,4328,24039,18,17,6,11,0.6471,0.2941,1.0,17,3,3,1.0
1104026,4321,4328,24039,18,17,6,11,0.6471,0.2941,1.0,17,3,3,1.0
1073608,375294,375296,4085,14,14,1,5,0.3571,0.2857,1.0,13,3,3,1.0
1205680,2289,2282,24653,14,14,2,6,0.4286,0.2857,1.0,13,3,3,1.0
1205683,2289,2282,24653,14,14,2,6,0.4286,0.2857,1.0,13,3,3,1.0
1288597,535791,535788,26053,15,14,3,7,0.5,0.2857,1.0,14,3,3,1.0
1288595,535791,535788,26053,15,14,3,7,0.5,0.2857,1.0,14,3,3,1.0
1311940,535791,535788,26053,15,14,3,7,0.5,0.2857,1.0,14,3,3,1.0
1308449,8066,8108,28800,14,14,5,9,0.6429,0.2857,1.0,13,3,3,1.0
1127786,8066,8108,28800,14,14,5,9,0.6429,0.2857,1.0,13,3,3,1.0
1280511,8066,8108,28800,14,14,5,9,0.6429,0.2857,1.0,13,3,3,1.0
1308444,8066,8108,28800,14,14,5,9,0.6429,0.2857,1.0,13,3,3,1.0
1308446,8066,8108,28800,14,14,5,9,0.6429,0.2857,1.0,13,3,3,1.0
1288070,25070,25088,47209,14,14,5,9,0.6429,0.2857,1.0,13,3,3,1.0
1266335,25070,25088,47209,14,14,5,9,0.6429,0.2857,1.0,13,3,3,1.0
1288067,25070,25088,47209,14,14,5,9,0.6429,0.2857,1.0,13,3,3,1.0
1288057,25070,25088,47209,14,14,5,9,0.6429,0.2857,1.0,13,3,3,1.0
1288246,25070,25088,47209,14,14,5,9,0.6429,0.2857,1.0,13,3,3,1.0
1298557,6978,22436,50075,14,14,2,6,0.4286,0.2857,1.0,13,3,3,1.0
1279652,6978,22436,50075,14,14,2,6,0.4286,0.2857,1.0,13,3,3,1.0
1013000,5118,5138,3997,7,7,1,3,0.4286,0.2857,1.0,6,3,3,1.0
1233615,5161,5138,3997,7,7,1,3,0.4286,0.2857,1.0,6,3,3,1.0
1114533,172162,5138,3997,7,7,1,3,0.4286,0.2857,1.0,6,3,3,1.0
1133019,143357,5138,3997,7,7,1,3,0.4286,0.2857,1.0,6,3,3,1.0
1185589,19626,27452,4744,7,7,2,4,0.5714,0.2857,1.0,6,3,3,1.0
1186117,19626,27452,4744,7,7,2,4,0.5714,0.2857,1.0,6,3,3,1.0
1224525,21683,26796,5120,7,7,1,3,0.4286,0.2857,1.0,6,3,3,1.0
1015426,330558,26796,5120,7,7,1,3,0.4286,0.2857,1.0,6,3,3,1.0
1150592,2993,26008,5134,7,7,2,4,0.5714,0.2857,1.0,6,3,3,1.0
1015475,2993,26008,5134,7,7,2,4,0.5714,0.2857,1.0,6,3,3,1.0
1111899,18900,18929,6938,7,7,2,4,0.5714,0.2857,1.0,6,3,3,1.0
1128752,18900,18929,6938,7,7,2,4,0.5714,0.2857,1.0,6,3,3,1.0
1060319,15495,15478,14110,7,7,1,3,0.4286,0.2857,1.0,6,3,3,1.0
1145311,21363,15500,21184,7,7,1,3,0.4286,0.2857,1.0,6,3,3,1.0
1091855,3506,15500,21184,7,7,1,3,0.4286,0.2857,1.0,6,3,3,1.0
1166367,19394,19374,21247,7,7,2,4,0.5714,0.2857,1.0,6,3,3,1.0
1185492,19394,19374,21247,7,7,2,4,0.5714,0.2857,1.0,6,3,3,1.0
1183665,117100,4235,24674,7,7,1,3,0.4286,0.2857,1.0,6,3,3,1.0
1119493,477919,477918,26749,7,7,2,4,0.5714,0.2857,1.0,6,3,3,1.0
1119492,477919,477918,26749,7,7,2,4,0.5714,0.2857,1.0,6,3,3,1.0
1222253,444222,444223,26750,7,7,2,4,0.5714,0.2857,1.0,6,3,3,1.0
1301483,444222,444223,26750,7,7,2,4,0.5714,0.2857,1.0,6,3,3,1.0
1303083,6617,6653,31890,7,7,2,4,0.5714,0.2857,1.0,6,3,3,1.0
1306845,6617,6653,31890,7,7,2,4,0.5714,0.2857,1.0,6,3,3,1.0
1202566,26950,26958,36050,7,7,2,4,0.5714,0.2857,1.0,6,3,3,1.0
1202569,26950,26958,36050,7,7,2,4,0.5714,0.2857,1.0,6,3,3,1.0
1202209,18032,18082,36418,7,7,1,3,0.4286,0.2857,1.0,6,3,3,1.0
1174397,11655,19970,37462,7,7,1,3,0.4286,0.2857,1.0,6,3,3,1.0
1188387,27446,19599,37498,7,7,2,4,0.5714,0.2857,1.0,6,3,3,1.0
1188278,27446,19599,37498,7,7,2,4,0.5714,0.2857,1.0,6,3,3,1.0
1175078,16351,16407,37586,7,7,2,4,0.5714,0.2857,1.0,6,3,3,1.0
1175034,16351,16407,37586,7,7,2,4,0.5714,0.2857,1.0,6,3,3,1.0
1180245,26477,16520,38949,7,7,2,4,0.5714,0.2857,1.0,6,3,3,1.0
1180246,26477,16520,38949,7,7,2,4,0.5714,0.2857,1.0,6,3,3,1.0
1271077,19900,663,41368,7,7,2,4,0.5714,0.2857,1.0,6,3,3,1.0
1227930,19900,663,41368,7,7,2,4,0.5714,0.2857,1.0,6,3,3,1.0
1205503,901,11687,42721,7,7,1,3,0.4286,0.2857,1.0,6,3,3,1.0
1268114,9194,9104,46086,7,7,2,4,0.5714,0.2857,1.0,6,3,3,1.0
1271986,9194,9104,46086,7,7,2,4,0.5714,0.2857,1.0,6,3,3,1.0
1308147,7971,22943,53256,7,7,2,4,0.5714,0.2857,1.0,6,3,3,1.0
1306038,7971,22943,53256,7,7,2,4,0.5714,0.2857,1.0,6,3,3,1.0
1003781,5479,83808,1291,11,11,1,4,0.3636,0.2727,1.0,10,3,3,1.0
1007678,5478,83808,1291,11,11,1,4,0.3636,0.2727,1.0,10,3,3,1.0
1005467,5484,83808,1291,11,11,1,4,0.3636,0.2727,1.0,10,3,3,1.0
1128457,482624,482621,2421,11,11,1,4,0.3636,0.2727,1.0,10,3,3,1.0
1054463,23055,23087,5905,11,11,4,7,0.6364,0.2727,1.0,10,3,3,1.0
1054461,23055,23087,5905,11,11,4,7,0.6364,0.2727,1.0,10,3,3,1.0
1054462,23055,23087,5905,11,11,4,7,0.6364,0.2727,1.0,10,3,3,1.0
1054460,23055,23087,5905,11,11,4,7,0.6364,0.2727,1.0,10,3,3,1.0
1285325,17857,17750,6919,11,11,1,4,0.3636,0.2727,1.0,10,3,3,1.0
1297762,26860,17750,6919,11,11,1,4,0.3636,0.2727,1.0,10,3,3,1.0
1037771,6314,6308,7346,11,11,4,7,0.6364,0.2727,1.0,10,3,3,1.0
1037777,6314,6308,7346,11,11,4,7,0.6364,0.2727,1.0,10,3,3,1.0
1037775,6314,6308,7346,11,11,4,7,0.6364,0.2727,1.0,10,3,3,1.0
1037772,6314,6308,7346,11,11,4,7,0.6364,0.2727,1.0,10,3,3,1.0
1062772,5665,5669,14714,11,11,4,7,0.6364,0.2727,1.0,10,3,3,1.0
1062770,5665,5669,14714,11,11,4,7,0.6364,0.2727,1.0,10,3,3,1.0
1066036,5665,5669,14714,11,11,4,7,0.6364,0.2727,1.0,10,3,3,1.0
1066019,5665,5669,14714,11,11,4,7,0.6364,0.2727,1.0,10,3,3,1.0
1065307,21968,5667,14924,11,11,4,7,0.6364,0.2727,1.0,10,3,3,1.0
1065311,21968,5667,14924,11,11,4,7,0.6364,0.2727,1.0,10,3,3,1.0
1065312,21968,5667,14924,11,11,4,7,0.6364,0.2727,1.0,10,3,3,1.0
1065306,21968,5667,14924,11,11,4,7,0.6364,0.2727,1.0,10,3,3,1.0
1181267,16379,16464,16789,11,11,1,4,0.3636,0.2727,1.0,10,3,3,1.0
1190098,15076,15083,16796,11,11,4,7,0.6364,0.2727,1.0,10,3,3,1.0
1072998,15076,15083,16796,11,11,4,7,0.6364,0.2727,1.0,10,3,3,1.0
1190101,15076,15083,16796,11,11,4,7,0.6364,0.2727,1.0,10,3,3,1.0
1190089,15076,15083,16796,11,11,4,7,0.6364,0.2727,1.0,10,3,3,1.0
1203418,275837,283536,17280,11,11,4,7,0.6364,0.2727,1.0,10,3,3,1.0
1159371,275837,283536,17280,11,11,4,7,0.6364,0.2727,1.0,10,3,3,1.0
1159132,275837,283536,17280,11,11,4,7,0.6364,0.2727,1.0,10,3,3,1.0
1191246,275837,283536,17280,11,11,4,7,0.6364,0.2727,1.0,10,3,3,1.0
1088136,15793,33245,19295,11,11,4,7,0.6364,0.2727,1.0,10,3,3,1.0
1082413,15793,33245,19295,11,11,4,7,0.6364,0.2727,1.0,10,3,3,1.0
1088137,15793,33245,19295,11,11,4,7,0.6364,0.2727,1.0,10,3,3,1.0
1088139,15793,33245,19295,11,11,4,7,0.6364,0.2727,1.0,10,3,3,1.0
1112150,19290,5210,22173,11,11,3,6,0.5455,0.2727,1.0,10,3,3,1.0
1106219,19290,5210,22173,11,11,3,6,0.5455,0.2727,1.0,10,3,3,1.0
1106218,19290,5210,22173,11,11,3,6,0.5455,0.2727,1.0,10,3,3,1.0
1102266,4336,4322,23672,11,11,4,7,0.6364,0.2727,1.0,10,3,3,1.0
1103900,4336,4322,23672,11,11,4,7,0.6364,0.2727,1.0,10,3,3,1.0
1103899,4336,4322,23672,11,11,4,7,0.6364,0.2727,1.0,10,3,3,1.0
1102269,4336,4322,23672,11,11,4,7,0.6364,0.2727,1.0,10,3,3,1.0
1116141,13137,13099,25807,11,11,1,4,0.3636,0.2727,1.0,10,3,3,1.0
1124374,13000,13013,27762,11,11,4,7,0.6364,0.2727,1.0,10,3,3,1.0
1124373,13000,13013,27762,11,11,4,7,0.6364,0.2727,1.0,10,3,3,1.0
1124375,13000,13013,27762,11,11,4,7,0.6364,0.2727,1.0,10,3,3,1.0
1124915,13000,13013,27762,11,11,4,7,0.6364,0.2727,1.0,10,3,3,1.0
1125334,1296,1283,27825,11,11,4,7,0.6364,0.2727,1.0,10,3,3,1.0
1125336,1296,1283,27825,11,11,4,7,0.6364,0.2727,1.0,10,3,3,1.0
1125298,1296,1283,27825,11,11,4,7,0.6364,0.2727,1.0,10,3,3,1.0
1125225,1296,1283,27825,11,11,4,7,0.6364,0.2727,1.0,10,3,3,1.0
1197157,11279,11278,37273,11,11,4,7,0.6364,0.2727,1.0,10,3,3,1.0
1196747,11279,11278,37273,11,11,4,7,0.6364,0.2727,1.0,10,3,3,1.0
1196746,11279,11278,37273,11,11,4,7,0.6364,0.2727,1.0,10,3,3,1.0
1196745,11279,11278,37273,11,11,4,7,0.6364,0.2727,1.0,10,3,3,1.0
1268925,10235,10241,46662,11,11,2,5,0.4545,0.2727,1.0,10,3,3,1.0
1268924,10235,10241,46662,11,11,2,5,0.4545,0.2727,1.0,10,3,3,1.0
1266222,9801,9893,47161,11,11,1,4,0.3636,0.2727,1.0,10,3,3,1.0
1267570,314,19808,47259,11,11,4,7,0.6364,0.2727,1.0,10,3,3,1.0
1287616,314,19808,47259,11,11,4,7,0.6364,0.2727,1.0,10,3,3,1.0
1266595,314,19808,47259,11,11,4,7,0.6364,0.2727,1.0,10,3,3,1.0
1287615,314,19808,47259,11,11,4,7,0.6364,0.2727,1.0,10,3,3,1.0
1268119,158084,83804,47689,11,11,2,5,0.4545,0.2727,1.0,10,3,3,1.0
1268122,158084,83804,47689,11,11,2,5,0.4545,0.2727,1.0,10,3,3,1.0
1268245,397,389,47728,11,11,4,7,0.6364,0.2727,1.0,10,3,3,1.0
1269302,397,389,47728,11,11,4,7,0.6364,0.2727,1.0,10,3,3,1.0
1268243,397,389,47728,11,11,4,7,0.6364,0.2727,1.0,10,3,3,1.0
1269301,397,389,47728,11,11,4,7,0.6364,0.2727,1.0,10,3,3,1.0
1270974,8499,8450,47988,11,11,4,7,0.6364,0.2727,1.0,10,3,3,1.0
1271013,8499,8450,47988,11,11,4,7,0.6364,0.2727,1.0,10,3,3,1.0
1270925,8499,8450,47988,11,11,4,7,0.6364,0.2727,1.0,10,3,3,1.0
1271011,8499,8450,47988,11,11,4,7,0.6364,0.2727,1.0,10,3,3,1.0
1298731,18628,27177,49110,11,11,3,6,0.5455,0.2727,1.0,10,3,3,1.0
1298748,18628,27177,49110,11,11,3,6,0.5455,0.2727,1.0,10,3,3,1.0
1298746,18628,27177,49110,11,11,3,6,0.5455,0.2727,1.0,10,3,3,1.0
1286813,7487,7488,51311,11,11,2,5,0.4545,0.2727,1.0,10,3,3,1.0
1286790,7487,7488,51311,11,11,2,5,0.4545,0.2727,1.0,10,3,3,1.0
1257373,,375330,298,38,37,0,10,0.2703,0.2703,1.0,37,3,3,1.0
1065944,95003,144324,14777,15,15,1,5,0.3333,0.2667,1.0,14,3,3,1.0
1072452,5216,19204,15801,15,15,1,5,0.3333,0.2667,1.0,14,3,3,1.0
1071504,5230,19204,15801,15,15,1,5,0.3333,0.2667,1.0,14,3,3,1.0
1133695,116141,3981,30618,15,15,3,7,0.4667,0.2667,1.0,14,3,3,1.0
1181207,116141,3981,30618,15,15,3,7,0.4667,0.2667,1.0,14,3,3,1.0
1181206,116141,3981,30618,15,15,3,7,0.4667,0.2667,1.0,14,3,3,1.0
1279115,279996,2839,38661,15,15,1,5,0.3333,0.2667,1.0,14,3,3,1.0
1279114,251845,2839,38661,15,15,1,5,0.3333,0.2667,1.0,14,3,3,1.0
1279117,365291,2839,38661,15,15,1,5,0.3333,0.2667,1.0,14,3,3,1.0
1281731,97563,19540,42681,15,15,2,6,0.4,0.2667,1.0,14,3,3,1.0
1281728,97563,19540,42681,15,15,2,6,0.4,0.2667,1.0,14,3,3,1.0
1013013,1865,1930,4009,19,19,3,8,0.4211,0.2632,1.0,18,3,3,1.0
1127198,1865,1930,4009,19,19,3,8,0.4211,0.2632,1.0,18,3,3,1.0
1108589,1865,1930,4009,19,19,3,8,0.4211,0.2632,1.0,18,3,3,1.0
1020648,21522,3945,5647,24,24,1,7,0.2917,0.25,1.0,23,3,3,1.0
1187294,16241,3945,5647,24,24,1,7,0.2917,0.25,1.0,23,3,3,1.0
1187604,16053,3945,5647,24,24,1,7,0.2917,0.25,1.0,23,3,3,1.0
1187573,16222,3945,5647,24,24,1,7,0.2917,0.25,1.0,23,3,3,1.0
1042511,26314,3945,5647,24,24,1,7,0.2917,0.25,1.0,23,3,3,1.0
1187905,16154,3945,5647,24,24,1,7,0.2917,0.25,1.0,23,3,3,1.0
1224783,281284,281281,42838,20,20,1,6,0.3,0.25,1.0,19,3,3,1.0
1020576,9340,9436,3307,16,16,6,10,0.625,0.25,1.0,15,3,3,1.0
1020574,9340,9436,3307,16,16,6,10,0.625,0.25,1.0,15,3,3,1.0
1048980,9340,9436,3307,16,16,6,10,0.625,0.25,1.0,15,3,3,1.0
1020577,9340,9436,3307,16,16,6,10,0.625,0.25,1.0,15,3,3,1.0
1020542,9340,9436,3307,16,16,6,10,0.625,0.25,1.0,15,3,3,1.0
1020545,9340,9436,3307,16,16,6,10,0.625,0.25,1.0,15,3,3,1.0
1283129,45085,79004,31822,16,16,2,6,0.375,0.25,1.0,15,3,3,1.0
1287143,45086,79004,31822,16,16,2,6,0.375,0.25,1.0,15,3,3,1.0
1287145,45086,79004,31822,16,16,2,6,0.375,0.25,1.0,15,3,3,1.0
1283131,45085,79004,31822,16,16,2,6,0.375,0.25,1.0,15,3,3,1.0
1302441,26888,26899,49266,16,16,1,5,0.3125,0.25,1.0,15,3,3,1.0
1306294,26887,26899,49266,16,16,1,5,0.3125,0.25,1.0,15,3,3,1.0
1286175,17712,26899,49266,16,16,1,5,0.3125,0.25,1.0,15,3,3,1.0
1025657,56312,111985,1040,13,12,2,5,0.4167,0.25,1.0,12,3,3,1.0
1025656,32607,111985,1040,13,12,2,5,0.4167,0.25,1.0,12,3,3,1.0
1055696,32607,111985,1040,13,12,2,5,0.4167,0.25,1.0,12,3,3,1.0
1002933,56312,111985,1040,13,12,2,5,0.4167,0.25,1.0,12,3,3,1.0
1280853,51163,6428,13749,12,12,1,4,0.3333,0.25,1.0,11,3,3,1.0
1286865,6427,6428,13749,12,12,1,4,0.3333,0.25,1.0,11,3,3,1.0
1124098,24808,24764,27593,12,12,1,4,0.3333,0.25,1.0,11,3,3,1.0
1308486,68,76,31300,12,12,1,4,0.3333,0.25,1.0,11,3,3,1.0
1308493,487563,76,31300,12,12,1,4,0.3333,0.25,1.0,11,3,3,1.0
1308492,71,76,31300,12,12,1,4,0.3333,0.25,1.0,11,3,3,1.0
1309179,83,76,31300,12,12,1,4,0.3333,0.25,1.0,11,3,3,1.0
1174526,5021,18536,37490,12,12,1,4,0.3333,0.25,1.0,11,3,3,1.0
1180800,16596,26489,37599,12,12,2,5,0.4167,0.25,1.0,11,3,3,1.0
1180803,16596,26489,37599,12,12,2,5,0.4167,0.25,1.0,11,3,3,1.0
1196244,11219,24506,40893,12,12,2,5,0.4167,0.25,1.0,11,3,3,1.0
1210210,24571,24506,40893,12,12,2,5,0.4167,0.25,1.0,11,3,3,1.0
1210211,24571,24506,40893,12,12,2,5,0.4167,0.25,1.0,11,3,3,1.0
1208417,11219,24506,40893,12,12,2,5,0.4167,0.25,1.0,11,3,3,1.0
1288940,27144,18414,51665,12,12,2,5,0.4167,0.25,1.0,11,3,3,1.0
1299569,27144,18414,51665,12,12,2,5,0.4167,0.25,1.0,11,3,3,1.0
1096181,497035,535853,1068,8,8,3,5,0.625,0.25,1.0,7,3,3,1.0
1002598,497035,535853,1068,8,8,3,5,0.625,0.25,1.0,7,3,3,1.0
1097321,497035,535853,1068,8,8,3,5,0.625,0.25,1.0,7,3,3,1.0
1109180,14718,14708,2123,8,8,3,5,0.625,0.25,1.0,7,3,3,1.0
1109160,14718,14708,2123,8,8,3,5,0.625,0.25,1.0,7,3,3,1.0
1006259,14718,14708,2123,8,8,3,5,0.625,0.25,1.0,7,3,3,1.0
1011647,8871,8839,3546,8,8,3,5,0.625,0.25,1.0,7,3,3,1.0
1019256,8871,8839,3546,8,8,3,5,0.625,0.25,1.0,7,3,3,1.0
1019255,8871,8839,3546,8,8,3,5,0.625,0.25,1.0,7,3,3,1.0
1306274,335675,335676,5119,8,8,3,5,0.625,0.25,1.0,7,3,3,1.0
1307260,335675,335676,5119,8,8,3,5,0.625,0.25,1.0,7,3,3,1.0
1298491,335675,335676,5119,8,8,3,5,0.625,0.25,1.0,7,3,3,1.0
1302837,506644,506642,5891,8,8,3,5,0.625,0.25,1.0,7,3,3,1.0
1138704,506644,506642,5891,8,8,3,5,0.625,0.25,1.0,7,3,3,1.0
1036380,506644,506642,5891,8,8,3,5,0.625,0.25,1.0,7,3,3,1.0
1026371,12906,12922,5897,8,8,3,5,0.625,0.25,1.0,7,3,3,1.0
1026089,12906,12922,5897,8,8,3,5,0.625,0.25,1.0,7,3,3,1.0
1026114,12906,12922,5897,8,8,3,5,0.625,0.25,1.0,7,3,3,1.0
1022482,24266,10497,5995,8,8,3,5,0.625,0.25,1.0,7,3,3,1.0
1022485,24266,10497,5995,8,8,3,5,0.625,0.25,1.0,7,3,3,1.0
1022484,24266,10497,5995,8,8,3,5,0.625,0.25,1.0,7,3,3,1.0
1026668,506648,506646,7034,8,8,3,5,0.625,0.25,1.0,7,3,3,1.0
1281640,506648,506646,7034,8,8,3,5,0.625,0.25,1.0,7,3,3,1.0
1119112,506648,506646,7034,8,8,3,5,0.625,0.25,1.0,7,3,3,1.0
1033999,6566,6553,8674,8,8,3,5,0.625,0.25,1.0,7,3,3,1.0
1053604,6566,6553,8674,8,8,3,5,0.625,0.25,1.0,7,3,3,1.0
1034001,6566,6553,8674,8,8,3,5,0.625,0.25,1.0,7,3,3,1.0
1229389,9738,23851,9632,8,8,3,5,0.625,0.25,1.0,7,3,3,1.0
1228848,9738,23851,9632,8,8,3,5,0.625,0.25,1.0,7,3,3,1.0
1228847,9738,23851,9632,8,8,3,5,0.625,0.25,1.0,7,3,3,1.0
1119439,425277,425280,9637,8,8,3,5,0.625,0.25,1.0,7,3,3,1.0
1119456,425277,425280,9637,8,8,3,5,0.625,0.25,1.0,7,3,3,1.0
1119403,425277,425280,9637,8,8,3,5,0.625,0.25,1.0,7,3,3,1.0
1138754,535856,535858,11084,8,8,3,5,0.625,0.25,1.0,7,3,3,1.0
1138752,535856,535858,11084,8,8,3,5,0.625,0.25,1.0,7,3,3,1.0
1270753,535856,535858,11084,8,8,3,5,0.625,0.25,1.0,7,3,3,1.0
1135152,268802,268803,11116,8,8,2,4,0.5,0.25,1.0,7,3,3,1.0
1136790,268802,268803,11116,8,8,2,4,0.5,0.25,1.0,7,3,3,1.0
1133788,331837,268803,11116,8,8,2,4,0.5,0.25,1.0,7,3,3,1.0
1066914,331837,268803,11116,8,8,2,4,0.5,0.25,1.0,7,3,3,1.0
1043887,99496,111022,11180,8,8,3,5,0.625,0.25,1.0,7,3,3,1.0
1043890,99496,111022,11180,8,8,3,5,0.625,0.25,1.0,7,3,3,1.0
1043897,99496,111022,11180,8,8,3,5,0.625,0.25,1.0,7,3,3,1.0
1045541,150724,150718,11470,8,8,3,5,0.625,0.25,1.0,7,3,3,1.0
1045542,150724,150718,11470,8,8,3,5,0.625,0.25,1.0,7,3,3,1.0
1045539,150724,150718,11470,8,8,3,5,0.625,0.25,1.0,7,3,3,1.0
1047851,96292,96288,11881,8,8,3,5,0.625,0.25,1.0,7,3,3,1.0
1047852,96292,96288,11881,8,8,3,5,0.625,0.25,1.0,7,3,3,1.0
1047853,96292,96288,11881,8,8,3,5,0.625,0.25,1.0,7,3,3,1.0
1059509,5666,5670,13747,8,8,3,5,0.625,0.25,1.0,7,3,3,1.0
1062597,5666,5670,13747,8,8,3,5,0.625,0.25,1.0,7,3,3,1.0
1066190,5666,5670,13747,8,8,3,5,0.625,0.25,1.0,7,3,3,1.0
1069276,19220,19224,15598,8,8,3,5,0.625,0.25,1.0,7,3,3,1.0
1069311,19220,19224,15598,8,8,3,5,0.625,0.25,1.0,7,3,3,1.0
1069312,19220,19224,15598,8,8,3,5,0.625,0.25,1.0,7,3,3,1.0
1120606,13470,13539,16504,8,8,1,3,0.375,0.25,1.0,7,3,3,1.0
1221304,1471,13539,16504,8,8,1,3,0.375,0.25,1.0,7,3,3,1.0
1110547,126394,13539,16504,8,8,1,3,0.375,0.25,1.0,7,3,3,1.0
1143079,13509,13539,16504,8,8,1,3,0.375,0.25,1.0,7,3,3,1.0
1072092,13516,13539,16504,8,8,1,3,0.375,0.25,1.0,7,3,3,1.0
1081938,18956,18970,19102,8,8,3,5,0.625,0.25,1.0,7,3,3,1.0
1081957,18956,18970,19102,8,8,3,5,0.625,0.25,1.0,7,3,3,1.0
1185259,18956,18970,19102,8,8,3,5,0.625,0.25,1.0,7,3,3,1.0
1090618,13280,13244,20673,8,8,3,5,0.625,0.25,1.0,7,3,3,1.0
1131231,13280,13244,20673,8,8,3,5,0.625,0.25,1.0,7,3,3,1.0
1115166,13280,13244,20673,8,8,3,5,0.625,0.25,1.0,7,3,3,1.0
1185188,19003,19077,21713,8,8,2,4,0.5,0.25,1.0,7,3,3,1.0
1185186,19037,19077,21713,8,8,2,4,0.5,0.25,1.0,7,3,3,1.0
1186298,19037,19077,21713,8,8,2,4,0.5,0.25,1.0,7,3,3,1.0
1186275,19003,19077,21713,8,8,2,4,0.5,0.25,1.0,7,3,3,1.0
1113790,25829,14652,24972,8,8,3,5,0.625,0.25,1.0,7,3,3,1.0
1116387,25829,14652,24972,8,8,3,5,0.625,0.25,1.0,7,3,3,1.0
1116338,25829,14652,24972,8,8,3,5,0.625,0.25,1.0,7,3,3,1.0
1122169,13343,25387,27205,8,8,3,5,0.625,0.25,1.0,7,3,3,1.0
1122172,13343,25387,27205,8,8,3,5,0.625,0.25,1.0,7,3,3,1.0
1122171,13343,25387,27205,8,8,3,5,0.625,0.25,1.0,7,3,3,1.0
1220911,1031,1044,27844,8,8,3,5,0.625,0.25,1.0,7,3,3,1.0
1220909,1031,1044,27844,8,8,3,5,0.625,0.25,1.0,7,3,3,1.0
1220908,1031,1044,27844,8,8,3,5,0.625,0.25,1.0,7,3,3,1.0
1199187,9743,9749,29091,8,8,3,5,0.625,0.25,1.0,7,3,3,1.0
1138055,9743,9749,29091,8,8,3,5,0.625,0.25,1.0,7,3,3,1.0
1128501,9743,9749,29091,8,8,3,5,0.625,0.25,1.0,7,3,3,1.0
1177615,16803,16720,29596,8,8,1,3,0.375,0.25,1.0,7,3,3,1.0
1180572,16726,16720,29596,8,8,1,3,0.375,0.25,1.0,7,3,3,1.0
1181382,226247,16720,29596,8,8,1,3,0.375,0.25,1.0,7,3,3,1.0
1143048,42204,42203,30115,8,8,3,5,0.625,0.25,1.0,7,3,3,1.0
1143086,42204,42203,30115,8,8,3,5,0.625,0.25,1.0,7,3,3,1.0
1143085,42204,42203,30115,8,8,3,5,0.625,0.25,1.0,7,3,3,1.0
1312544,262720,262721,30563,8,8,1,3,0.375,0.25,1.0,7,3,3,1.0
1201405,12493,25035,34261,8,8,3,5,0.625,0.25,1.0,7,3,3,1.0
1153382,12493,25035,34261,8,8,3,5,0.625,0.25,1.0,7,3,3,1.0
1201403,12493,25035,34261,8,8,3,5,0.625,0.25,1.0,7,3,3,1.0
1219281,18680,18647,36603,8,8,3,5,0.625,0.25,1.0,7,3,3,1.0
1219280,18680,18647,36603,8,8,3,5,0.625,0.25,1.0,7,3,3,1.0
1168467,18680,18647,36603,8,8,3,5,0.625,0.25,1.0,7,3,3,1.0
1219793,21225,21215,36754,8,8,3,5,0.625,0.25,1.0,7,3,3,1.0
1219835,21225,21215,36754,8,8,3,5,0.625,0.25,1.0,7,3,3,1.0
1219794,21225,21215,36754,8,8,3,5,0.625,0.25,1.0,7,3,3,1.0
1222300,10862,285756,40834,9,8,2,4,0.5,0.25,1.0,8,3,3,1.0
1196078,10862,285756,40834,9,8,2,4,0.5,0.25,1.0,8,3,3,1.0
1208266,927,914,41061,8,8,3,5,0.625,0.25,1.0,7,3,3,1.0
1208225,927,914,41061,8,8,3,5,0.625,0.25,1.0,7,3,3,1.0
1208267,927,914,41061,8,8,3,5,0.625,0.25,1.0,7,3,3,1.0
1205764,286395,17720,42844,8,8,1,3,0.375,0.25,1.0,7,3,3,1.0
1279549,17795,17720,42844,8,8,1,3,0.375,0.25,1.0,7,3,3,1.0
1228507,22958,7994,44323,8,8,3,5,0.625,0.25,1.0,7,3,3,1.0
1267910,22958,7994,44323,8,8,3,5,0.625,0.25,1.0,7,3,3,1.0
1229215,22958,7994,44323,8,8,3,5,0.625,0.25,1.0,7,3,3,1.0
1266371,104,145,47219,8,8,2,4,0.5,0.25,1.0,7,3,3,1.0
1300915,104,145,47219,8,8,2,4,0.5,0.25,1.0,7,3,3,1.0
1266374,405771,145,47219,8,8,2,4,0.5,0.25,1.0,7,3,3,1.0
1300917,405771,145,47219,8,8,2,4,0.5,0.25,1.0,7,3,3,1.0
1273175,23306,23328,47559,8,8,3,5,0.625,0.25,1.0,7,3,3,1.0
1267605,23306,23328,47559,8,8,3,5,0.625,0.25,1.0,7,3,3,1.0
1275820,23306,23328,47559,8,8,3,5,0.625,0.25,1.0,7,3,3,1.0
1279345,4159,4136,49963,8,8,2,4,0.5,0.25,1.0,7,3,3,1.0
1299774,4118,4136,49963,8,8,2,4,0.5,0.25,1.0,7,3,3,1.0
1282394,4159,4136,49963,8,8,2,4,0.5,0.25,1.0,7,3,3,1.0
1279401,4118,4136,49963,8,8,2,4,0.5,0.25,1.0,7,3,3,1.0
1301666,22925,22911,51012,8,8,3,5,0.625,0.25,1.0,7,3,3,1.0
1298144,22925,22911,51012,8,8,3,5,0.625,0.25,1.0,7,3,3,1.0
1298142,22925,22911,51012,8,8,3,5,0.625,0.25,1.0,7,3,3,1.0
1299787,113907,18490,51800,8,8,1,3,0.375,0.25,1.0,7,3,3,1.0
1307453,151035,151036,53761,8,8,3,5,0.625,0.25,1.0,7,3,3,1.0
1307450,151035,151036,53761,8,8,3,5,0.625,0.25,1.0,7,3,3,1.0
1307451,151035,151036,53761,8,8,3,5,0.625,0.25,1.0,7,3,3,1.0
1006598,11149,11186,2206,4,4,1,2,0.5,0.25,1.0,3,3,3,1.0
1094415,439437,11186,2206,4,4,1,2,0.5,0.25,1.0,3,3,3,1.0
1071074,21720,4964,3702,4,4,1,2,0.5,0.25,1.0,3,3,3,1.0
1297711,4962,4964,3702,4,4,1,2,0.5,0.25,1.0,3,3,3,1.0
1012607,320636,6162,3749,4,4,1,2,0.5,0.25,1.0,3,3,3,1.0
1204971,22194,6162,3749,4,4,1,2,0.5,0.25,1.0,3,3,3,1.0
1090227,15648,26149,3756,4,4,1,2,0.5,0.25,1.0,3,3,3,1.0
1012625,15674,26149,3756,4,4,1,2,0.5,0.25,1.0,3,3,3,1.0
1028577,15420,15437,7542,4,4,1,2,0.5,0.25,1.0,3,3,3,1.0
1133313,15358,15437,7542,4,4,1,2,0.5,0.25,1.0,3,3,3,1.0
1036877,285127,283197,9642,4,4,1,2,0.5,0.25,1.0,3,3,3,1.0
1036878,285124,283197,9642,4,4,1,2,0.5,0.25,1.0,3,3,3,1.0
1281422,3538,40603,11858,4,4,1,2,0.5,0.25,1.0,3,3,3,1.0
1219424,3624,40603,11858,4,4,1,2,0.5,0.25,1.0,3,3,3,1.0
1062029,537436,537452,14540,4,4,1,2,0.5,0.25,1.0,3,3,3,1.0
1136837,537451,537452,14540,4,4,1,2,0.5,0.25,1.0,3,3,3,1.0
1297566,6211,6205,17146,4,4,1,2,0.5,0.25,1.0,3,3,3,1.0
1142370,22217,6205,17146,4,4,1,2,0.5,0.25,1.0,3,3,3,1.0
1074267,375820,22163,17439,4,4,1,2,0.5,0.25,1.0,3,3,3,1.0
1305876,22172,22163,17439,4,4,1,2,0.5,0.25,1.0,3,3,3,1.0
1079674,17884,26922,18574,4,4,1,2,0.5,0.25,1.0,3,3,3,1.0
1102454,26939,26922,18574,4,4,1,2,0.5,0.25,1.0,3,3,3,1.0
1090425,15036,3035,20597,4,4,1,2,0.5,0.25,1.0,3,3,3,1.0
1090427,60780,3035,20597,4,4,1,2,0.5,0.25,1.0,3,3,3,1.0
1281380,98203,98204,26765,4,4,1,2,0.5,0.25,1.0,3,3,3,1.0
1119549,94049,98204,26765,4,4,1,2,0.5,0.25,1.0,3,3,3,1.0
1155150,1969,197117,31374,4,4,1,2,0.5,0.25,1.0,3,3,3,1.0
1155191,126391,197117,31374,4,4,1,2,0.5,0.25,1.0,3,3,3,1.0
1149101,279364,13529,33598,4,4,1,2,0.5,0.25,1.0,3,3,3,1.0
1149098,13579,13529,33598,4,4,1,2,0.5,0.25,1.0,3,3,3,1.0
1151124,50205,50204,33919,4,4,1,2,0.5,0.25,1.0,3,3,3,1.0
1177376,50209,50204,33919,4,4,1,2,0.5,0.25,1.0,3,3,3,1.0
1218165,9749,60452,35463,4,4,1,2,0.5,0.25,1.0,3,3,3,1.0
1163425,9706,60452,35463,4,4,1,2,0.5,0.25,1.0,3,3,3,1.0
1178411,16156,16214,38584,4,4,1,2,0.5,0.25,1.0,3,3,3,1.0
1179378,16263,16214,38584,4,4,1,2,0.5,0.25,1.0,3,3,3,1.0
1276774,383597,82843,43921,4,4,1,2,0.5,0.25,1.0,3,3,3,1.0
1306301,21106,82843,43921,4,4,1,2,0.5,0.25,1.0,3,3,3,1.0
1274002,14402,14440,48840,4,4,1,2,0.5,0.25,1.0,3,3,3,1.0
1288534,14489,14440,48840,4,4,1,2,0.5,0.25,1.0,3,3,3,1.0
1298178,21228,21230,49282,4,4,1,2,0.5,0.25,1.0,3,3,3,1.0
1298180,21206,21230,49282,4,4,1,2,0.5,0.25,1.0,3,3,3,1.0
1277664,82204,3183,49393,4,4,1,2,0.5,0.25,1.0,3,3,3,1.0
1277662,21213,3183,49393,4,4,1,2,0.5,0.25,1.0,3,3,3,1.0
1279043,1945,207678,49872,4,4,1,2,0.5,0.25,1.0,3,3,3,1.0
1279042,255996,207678,49872,4,4,1,2,0.5,0.25,1.0,3,3,3,1.0
1298807,19536,19524,50415,4,4,1,2,0.5,0.25,1.0,3,3,3,1.0
1282297,19520,19524,50415,4,4,1,2,0.5,0.25,1.0,3,3,3,1.0
1044323,343313,287043,3912,21,21,4,9,0.4286,0.2381,1.0,20,3,3,1.0
1065002,343313,287043,3912,21,21,4,9,0.4286,0.2381,1.0,20,3,3,1.0
1065111,343313,287043,3912,21,21,4,9,0.4286,0.2381,1.0,20,3,3,1.0
1056723,343313,287043,3912,21,21,4,9,0.4286,0.2381,1.0,20,3,3,1.0
1183852,18902,19008,3993,21,21,1,6,0.2857,0.2381,1.0,20,3,3,1.0
1074016,13103,13175,17302,21,21,1,6,0.2857,0.2381,1.0,20,3,3,1.0
1142807,25357,13175,17302,21,21,1,6,0.2857,0.2381,1.0,20,3,3,1.0
1114651,13047,13175,17302,21,21,1,6,0.2857,0.2381,1.0,20,3,3,1.0
1265289,13184,13175,17302,21,21,1,6,0.2857,0.2381,1.0,20,3,3,1.0
1020402,9448,9471,3865,13,13,5,8,0.6154,0.2308,1.0,12,3,3,1.0
1020831,9448,9471,3865,13,13,5,8,0.6154,0.2308,1.0,12,3,3,1.0
1052272,9448,9471,3865,13,13,5,8,0.6154,0.2308,1.0,12,3,3,1.0
1027193,9448,9471,3865,13,13,5,8,0.6154,0.2308,1.0,12,3,3,1.0
1012816,9448,9471,3865,13,13,5,8,0.6154,0.2308,1.0,12,3,3,1.0
1228366,23509,23522,5467,13,13,5,8,0.6154,0.2308,1.0,12,3,3,1.0
1019970,23509,23522,5467,13,13,5,8,0.6154,0.2308,1.0,12,3,3,1.0
1227245,23509,23522,5467,13,13,5,8,0.6154,0.2308,1.0,12,3,3,1.0
1228718,23509,23522,5467,13,13,5,8,0.6154,0.2308,1.0,12,3,3,1.0
1228720,23509,23522,5467,13,13,5,8,0.6154,0.2308,1.0,12,3,3,1.0
1033120,7030,7102,7356,13,13,4,7,0.5385,0.2308,1.0,12,3,3,1.0
1033124,7030,7102,7356,13,13,4,7,0.5385,0.2308,1.0,12,3,3,1.0
1028211,7030,7102,7356,13,13,4,7,0.5385,0.2308,1.0,12,3,3,1.0
1028108,7030,7102,7356,13,13,4,7,0.5385,0.2308,1.0,12,3,3,1.0
1077076,27405,27403,15863,13,13,5,8,0.6154,0.2308,1.0,12,3,3,1.0
1069552,27405,27403,15863,13,13,5,8,0.6154,0.2308,1.0,12,3,3,1.0
1098568,27405,27403,15863,13,13,5,8,0.6154,0.2308,1.0,12,3,3,1.0
1250417,27405,27403,15863,13,13,5,8,0.6154,0.2308,1.0,12,3,3,1.0
1077017,27405,27403,15863,13,13,5,8,0.6154,0.2308,1.0,12,3,3,1.0
1215990,8840,8638,19415,13,13,3,6,0.4615,0.2308,1.0,12,3,3,1.0
1250552,8840,8638,19415,13,13,3,6,0.4615,0.2308,1.0,12,3,3,1.0
1136000,8840,8638,19415,13,13,3,6,0.4615,0.2308,1.0,12,3,3,1.0
1185735,38702,19623,21231,13,13,3,6,0.4615,0.2308,1.0,12,3,3,1.0
1219344,38702,19623,21231,13,13,3,6,0.4615,0.2308,1.0,12,3,3,1.0
1219345,38702,19623,21231,13,13,3,6,0.4615,0.2308,1.0,12,3,3,1.0
1110436,16971,17001,24574,13,13,3,6,0.4615,0.2308,1.0,12,3,3,1.0
1110438,16971,17001,24574,13,13,3,6,0.4615,0.2308,1.0,12,3,3,1.0
1110443,16971,17001,24574,13,13,3,6,0.4615,0.2308,1.0,12,3,3,1.0
1196145,24322,10579,29168,13,13,2,5,0.3846,0.2308,1.0,12,3,3,1.0
1196035,24322,10579,29168,13,13,2,5,0.3846,0.2308,1.0,12,3,3,1.0
1196180,10707,10579,29168,13,13,2,5,0.3846,0.2308,1.0,12,3,3,1.0
1196579,10707,10579,29168,13,13,2,5,0.3846,0.2308,1.0,12,3,3,1.0
1042256,391275,391280,1267,11,9,2,4,0.4444,0.2222,1.0,10,3,3,1.0
1011847,391275,391280,1267,11,9,2,4,0.4444,0.2222,1.0,10,3,3,1.0
1210205,1095,1101,3697,9,9,1,3,0.3333,0.2222,1.0,8,3,3,1.0
1220293,18463,18478,4152,9,9,1,3,0.3333,0.2222,1.0,8,3,3,1.0
1131450,378636,378638,4203,9,9,2,4,0.4444,0.2222,1.0,8,3,3,1.0
1096052,378636,378638,4203,9,9,2,4,0.4444,0.2222,1.0,8,3,3,1.0
1280979,18426,18423,5244,9,9,2,4,0.4444,0.2222,1.0,8,3,3,1.0
1280977,18426,18423,5244,9,9,2,4,0.4444,0.2222,1.0,8,3,3,1.0
1137880,18407,18423,5244,9,9,2,4,0.4444,0.2222,1.0,8,3,3,1.0
1281523,18407,18423,5244,9,9,2,4,0.4444,0.2222,1.0,8,3,3,1.0
1133057,6740,6667,8772,9,9,1,3,0.3333,0.2222,1.0,8,3,3,1.0
1176574,375022,375020,16904,9,9,1,3,0.3333,0.2222,1.0,8,3,3,1.0
1082895,15791,26177,19476,9,9,3,5,0.5556,0.2222,1.0,8,3,3,1.0
1082894,15791,26177,19476,9,9,3,5,0.5556,0.2222,1.0,8,3,3,1.0
1082893,15791,26177,19476,9,9,3,5,0.5556,0.2222,1.0,8,3,3,1.0
1100298,16998,17015,23202,9,9,2,4,0.4444,0.2222,1.0,8,3,3,1.0
1100279,16998,17015,23202,9,9,2,4,0.4444,0.2222,1.0,8,3,3,1.0
1110666,18146,18123,25034,9,9,2,4,0.4444,0.2222,1.0,8,3,3,1.0
1109969,18146,18123,25034,9,9,2,4,0.4444,0.2222,1.0,8,3,3,1.0
1145102,14517,25813,25784,9,9,3,5,0.5556,0.2222,1.0,8,3,3,1.0
1145109,14517,25813,25784,9,9,3,5,0.5556,0.2222,1.0,8,3,3,1.0
1145106,14517,25813,25784,9,9,3,5,0.5556,0.2222,1.0,8,3,3,1.0
1130755,11432,11447,26613,9,9,3,5,0.5556,0.2222,1.0,8,3,3,1.0
1217462,11432,11447,26613,9,9,3,5,0.5556,0.2222,1.0,8,3,3,1.0
1218513,11432,11447,26613,9,9,3,5,0.5556,0.2222,1.0,8,3,3,1.0
1220547,21759,27172,30132,9,9,1,3,0.3333,0.2222,1.0,8,3,3,1.0
1250996,27133,18373,32050,9,9,1,3,0.3333,0.2222,1.0,8,3,3,1.0
1299853,384187,18373,32050,9,9,1,3,0.3333,0.2222,1.0,8,3,3,1.0
1299749,27094,18373,32050,9,9,1,3,0.3333,0.2222,1.0,8,3,3,1.0
1299850,18347,18373,32050,9,9,1,3,0.3333,0.2222,1.0,8,3,3,1.0
1211081,10845,10847,41106,9,9,2,4,0.4444,0.2222,1.0,8,3,3,1.0
1211082,10845,10847,41106,9,9,2,4,0.4444,0.2222,1.0,8,3,3,1.0
1217546,473084,635,42426,9,9,2,4,0.4444,0.2222,1.0,8,3,3,1.0
1228609,473084,635,42426,9,9,2,4,0.4444,0.2222,1.0,8,3,3,1.0
1011458,376540,375330,298,38,37,2,10,0.2703,0.2162,1.0,37,3,3,1.0
1052861,376540,375330,298,38,37,2,10,0.2703,0.2162,1.0,37,3,3,1.0
1267874,8959,8920,13660,14,14,2,5,0.3571,0.2143,1.0,13,3,3,1.0
1267872,8959,8920,13660,14,14,2,5,0.3571,0.2143,1.0,13,3,3,1.0
1205624,2377,2282,24653,14,14,3,6,0.4286,0.2143,1.0,13,3,3,1.0
1205641,2360,2282,24653,14,14,3,6,0.4286,0.2143,1.0,13,3,3,1.0
1205625,2377,2282,24653,14,14,3,6,0.4286,0.2143,1.0,13,3,3,1.0
1205640,2360,2282,24653,14,14,3,6,0.4286,0.2143,1.0,13,3,3,1.0
1205684,2377,2282,24653,14,14,3,6,0.4286,0.2143,1.0,13,3,3,1.0
1205642,2360,2282,24653,14,14,3,6,0.4286,0.2143,1.0,13,3,3,1.0
1111527,13467,13486,25210,14,14,2,5,0.3571,0.2143,1.0,13,3,3,1.0
1111540,13467,13486,25210,14,14,2,5,0.3571,0.2143,1.0,13,3,3,1.0
1138747,535792,535788,26053,15,14,4,7,0.5,0.2143,1.0,14,3,3,1.0
1138742,535792,535788,26053,15,14,4,7,0.5,0.2143,1.0,14,3,3,1.0
1128423,535792,535788,26053,15,14,4,7,0.5,0.2143,1.0,14,3,3,1.0
1138745,535792,535788,26053,15,14,4,7,0.5,0.2143,1.0,14,3,3,1.0
1311795,8611,8504,50239,14,14,2,5,0.3571,0.2143,1.0,13,3,3,1.0
1308346,8416,8504,50239,14,14,2,5,0.3571,0.2143,1.0,13,3,3,1.0
1308358,8416,8504,50239,14,14,2,5,0.3571,0.2143,1.0,13,3,3,1.0
1280252,8611,8504,50239,14,14,2,5,0.3571,0.2143,1.0,13,3,3,1.0
1187571,16201,3945,5647,24,24,2,7,0.2917,0.2083,1.0,23,3,3,1.0
1187607,16202,3945,5647,24,24,2,7,0.2917,0.2083,1.0,23,3,3,1.0
1187024,16035,3945,5647,24,24,2,7,0.2917,0.2083,1.0,23,3,3,1.0
1187570,16201,3945,5647,24,24,2,7,0.2917,0.2083,1.0,23,3,3,1.0
1187296,16202,3945,5647,24,24,2,7,0.2917,0.2083,1.0,23,3,3,1.0
1187194,16035,3945,5647,24,24,2,7,0.2917,0.2083,1.0,23,3,3,1.0
1048349,269761,269759,4092,30,30,8,14,0.4667,0.2,1.0,29,3,3,1.0
1048346,269760,269759,4092,30,30,8,14,0.4667,0.2,1.0,29,3,3,1.0
1048344,269760,269759,4092,30,30,8,14,0.4667,0.2,1.0,29,3,3,1.0
1048350,269761,269759,4092,30,30,8,14,0.4667,0.2,1.0,29,3,3,1.0
1048414,269761,269759,4092,30,30,8,14,0.4667,0.2,1.0,29,3,3,1.0
1048343,269760,269759,4092,30,30,8,14,0.4667,0.2,1.0,29,3,3,1.0
1048325,269760,269759,4092,30,30,8,14,0.4667,0.2,1.0,29,3,3,1.0
1048347,269760,269759,4092,30,30,8,14,0.4667,0.2,1.0,29,3,3,1.0
1084737,269760,269759,4092,30,30,8,14,0.4667,0.2,1.0,29,3,3,1.0
1084736,269761,269759,4092,30,30,8,14,0.4667,0.2,1.0,29,3,3,1.0
1084735,269760,269759,4092,30,30,8,14,0.4667,0.2,1.0,29,3,3,1.0
1054976,269761,269759,4092,30,30,8,14,0.4667,0.2,1.0,29,3,3,1.0
1084745,269761,269759,4092,30,30,8,14,0.4667,0.2,1.0,29,3,3,1.0
1048345,269760,269759,4092,30,30,8,14,0.4667,0.2,1.0,29,3,3,1.0
1048412,269761,269759,4092,30,30,8,14,0.4667,0.2,1.0,29,3,3,1.0
1048348,269761,269759,4092,30,30,8,14,0.4667,0.2,1.0,29,3,3,1.0
1071559,5253,5273,16170,20,20,8,12,0.6,0.2,1.0,19,3,3,1.0
1071558,5253,5273,16170,20,20,8,12,0.6,0.2,1.0,19,3,3,1.0
1070789,5253,5273,16170,20,20,8,12,0.6,0.2,1.0,19,3,3,1.0
1071557,5253,5273,16170,20,20,8,12,0.6,0.2,1.0,19,3,3,1.0
1071562,5253,5273,16170,20,20,8,12,0.6,0.2,1.0,19,3,3,1.0
1070838,5253,5273,16170,20,20,8,12,0.6,0.2,1.0,19,3,3,1.0
1070839,5253,5273,16170,20,20,8,12,0.6,0.2,1.0,19,3,3,1.0
1070837,5253,5273,16170,20,20,8,12,0.6,0.2,1.0,19,3,3,1.0
1288468,13123,13183,23554,20,20,1,5,0.25,0.2,1.0,19,3,3,1.0
1101846,389915,13183,23554,20,20,1,5,0.25,0.2,1.0,19,3,3,1.0
1069793,144323,144324,14777,15,15,2,5,0.3333,0.2,1.0,14,3,3,1.0
1063499,144323,144324,14777,15,15,2,5,0.3333,0.2,1.0,14,3,3,1.0
1080765,3635,3682,18841,15,15,6,9,0.6,0.2,1.0,14,3,3,1.0
1157708,3635,3682,18841,15,15,6,9,0.6,0.2,1.0,14,3,3,1.0
1157706,3635,3682,18841,15,15,6,9,0.6,0.2,1.0,14,3,3,1.0
1158841,3635,3682,18841,15,15,6,9,0.6,0.2,1.0,14,3,3,1.0
1191300,3635,3682,18841,15,15,6,9,0.6,0.2,1.0,14,3,3,1.0
1157707,3635,3682,18841,15,15,6,9,0.6,0.2,1.0,14,3,3,1.0
1109890,5130,5127,23009,15,15,6,9,0.6,0.2,1.0,14,3,3,1.0
1109888,5130,5127,23009,15,15,6,9,0.6,0.2,1.0,14,3,3,1.0
1111033,5130,5127,23009,15,15,6,9,0.6,0.2,1.0,14,3,3,1.0
1111144,5130,5127,23009,15,15,6,9,0.6,0.2,1.0,14,3,3,1.0
1111028,5130,5127,23009,15,15,6,9,0.6,0.2,1.0,14,3,3,1.0
1111034,5130,5127,23009,15,15,6,9,0.6,0.2,1.0,14,3,3,1.0
1282373,4224,4313,30744,15,15,6,9,0.6,0.2,1.0,14,3,3,1.0
1298606,4224,4313,30744,15,15,6,9,0.6,0.2,1.0,14,3,3,1.0
1282374,4224,4313,30744,15,15,6,9,0.6,0.2,1.0,14,3,3,1.0
1299705,4224,4313,30744,15,15,6,9,0.6,0.2,1.0,14,3,3,1.0
1299703,4224,4313,30744,15,15,6,9,0.6,0.2,1.0,14,3,3,1.0
1299525,4224,4313,30744,15,15,6,9,0.6,0.2,1.0,14,3,3,1.0
1276504,251847,2839,38661,15,15,2,5,0.3333,0.2,1.0,14,3,3,1.0
1282830,14967,2839,38661,15,15,2,5,0.3333,0.2,1.0,14,3,3,1.0
1279132,14967,2839,38661,15,15,2,5,0.3333,0.2,1.0,14,3,3,1.0
1226315,251847,2839,38661,15,15,2,5,0.3333,0.2,1.0,14,3,3,1.0
1309206,97564,19540,42681,15,15,3,6,0.4,0.2,1.0,14,3,3,1.0
1203540,97564,19540,42681,15,15,3,6,0.4,0.2,1.0,14,3,3,1.0
1281730,97564,19540,42681,15,15,3,6,0.4,0.2,1.0,14,3,3,1.0
1001016,440,461,28,10,10,1,3,0.3,0.2,1.0,9,3,3,1.0
1000564,19848,461,28,10,10,1,3,0.3,0.2,1.0,9,3,3,1.0
1001415,433,461,28,10,10,1,3,0.3,0.2,1.0,9,3,3,1.0
1000997,443,461,28,10,10,1,3,0.3,0.2,1.0,9,3,3,1.0
1001389,438,461,28,10,10,1,3,0.3,0.2,1.0,9,3,3,1.0
1000851,19688,19678,206,10,10,2,4,0.4,0.2,1.0,9,3,3,1.0
1000864,19688,19678,206,10,10,2,4,0.4,0.2,1.0,9,3,3,1.0
1176152,365411,365412,600,10,10,1,3,0.3,0.2,1.0,9,3,3,1.0
1010677,58530,58528,1274,10,10,4,6,0.6,0.2,1.0,9,3,3,1.0
1003736,58530,58528,1274,10,10,4,6,0.6,0.2,1.0,9,3,3,1.0
1010675,58530,58528,1274,10,10,4,6,0.6,0.2,1.0,9,3,3,1.0
1010673,58530,58528,1274,10,10,4,6,0.6,0.2,1.0,9,3,3,1.0
1304205,22401,6804,2686,10,10,2,4,0.4,0.2,1.0,9,3,3,1.0
1303991,22401,6804,2686,10,10,2,4,0.4,0.2,1.0,9,3,3,1.0
1011738,12814,307837,3603,10,10,2,4,0.4,0.2,1.0,9,3,3,1.0
1175357,12814,307837,3603,10,10,2,4,0.4,0.2,1.0,9,3,3,1.0
1031085,343090,287682,3704,10,10,4,6,0.6,0.2,1.0,9,3,3,1.0
1031083,343090,287682,3704,10,10,4,6,0.6,0.2,1.0,9,3,3,1.0
1031084,343090,287682,3704,10,10,4,6,0.6,0.2,1.0,9,3,3,1.0
1031086,343090,287682,3704,10,10,4,6,0.6,0.2,1.0,9,3,3,1.0
1063205,5664,21962,4743,10,10,4,6,0.6,0.2,1.0,9,3,3,1.0
1063177,5664,21962,4743,10,10,4,6,0.6,0.2,1.0,9,3,3,1.0
1063154,5664,21962,4743,10,10,4,6,0.6,0.2,1.0,9,3,3,1.0
1063203,5664,21962,4743,10,10,4,6,0.6,0.2,1.0,9,3,3,1.0
1015393,227199,227197,5087,10,10,1,3,0.3,0.2,1.0,9,3,3,1.0
1015410,227198,227197,5087,10,10,1,3,0.3,0.2,1.0,9,3,3,1.0
1015408,227202,227197,5087,10,10,1,3,0.3,0.2,1.0,9,3,3,1.0
1135709,309760,309757,5816,10,10,4,6,0.6,0.2,1.0,9,3,3,1.0
1056028,309760,309757,5816,10,10,4,6,0.6,0.2,1.0,9,3,3,1.0
1021298,309760,309757,5816,10,10,4,6,0.6,0.2,1.0,9,3,3,1.0
1255963,309760,309757,5816,10,10,4,6,0.6,0.2,1.0,9,3,3,1.0
1041491,6549,22311,8055,10,10,4,6,0.6,0.2,1.0,9,3,3,1.0
1041454,6549,22311,8055,10,10,4,6,0.6,0.2,1.0,9,3,3,1.0
1030217,6549,22311,8055,10,10,4,6,0.6,0.2,1.0,9,3,3,1.0
1056083,6549,22311,8055,10,10,4,6,0.6,0.2,1.0,9,3,3,1.0
1066337,172164,172163,8175,10,10,4,6,0.6,0.2,1.0,9,3,3,1.0
1066077,172164,172163,8175,10,10,4,6,0.6,0.2,1.0,9,3,3,1.0
1117142,172164,172163,8175,10,10,4,6,0.6,0.2,1.0,9,3,3,1.0
1066080,172164,172163,8175,10,10,4,6,0.6,0.2,1.0,9,3,3,1.0
1186009,27432,27436,9341,10,10,3,5,0.5,0.2,1.0,9,3,3,1.0
1186008,27432,27436,9341,10,10,3,5,0.5,0.2,1.0,9,3,3,1.0
1186006,27432,27436,9341,10,10,3,5,0.5,0.2,1.0,9,3,3,1.0
1046904,9628,9595,10197,10,10,4,6,0.6,0.2,1.0,9,3,3,1.0
1046935,9628,9595,10197,10,10,4,6,0.6,0.2,1.0,9,3,3,1.0
1046930,9628,9595,10197,10,10,4,6,0.6,0.2,1.0,9,3,3,1.0
1046905,9628,9595,10197,10,10,4,6,0.6,0.2,1.0,9,3,3,1.0
1040088,48286,37418,10370,10,10,4,6,0.6,0.2,1.0,9,3,3,1.0
1040090,48286,37418,10370,10,10,4,6,0.6,0.2,1.0,9,3,3,1.0
1040089,48286,37418,10370,10,10,4,6,0.6,0.2,1.0,9,3,3,1.0
1040087,48286,37418,10370,10,10,4,6,0.6,0.2,1.0,9,3,3,1.0
1054768,273927,273928,12566,10,10,3,5,0.5,0.2,1.0,9,3,3,1.0
1053609,273927,273928,12566,10,10,3,5,0.5,0.2,1.0,9,3,3,1.0
1053588,273927,273928,12566,10,10,3,5,0.5,0.2,1.0,9,3,3,1.0
1065000,344221,344281,13155,10,10,4,6,0.6,0.2,1.0,9,3,3,1.0
1057641,344221,344281,13155,10,10,4,6,0.6,0.2,1.0,9,3,3,1.0
1064998,344221,344281,13155,10,10,4,6,0.6,0.2,1.0,9,3,3,1.0
1057638,344221,344281,13155,10,10,4,6,0.6,0.2,1.0,9,3,3,1.0
1208639,11083,11104,13657,10,10,4,6,0.6,0.2,1.0,9,3,3,1.0
1208569,11083,11104,13657,10,10,4,6,0.6,0.2,1.0,9,3,3,1.0
1208591,11083,11104,13657,10,10,4,6,0.6,0.2,1.0,9,3,3,1.0
1208571,11083,11104,13657,10,10,4,6,0.6,0.2,1.0,9,3,3,1.0
1062338,21974,5671,14602,10,10,4,6,0.6,0.2,1.0,9,3,3,1.0
1062324,21974,5671,14602,10,10,4,6,0.6,0.2,1.0,9,3,3,1.0
1062340,21974,5671,14602,10,10,4,6,0.6,0.2,1.0,9,3,3,1.0
1062323,21974,5671,14602,10,10,4,6,0.6,0.2,1.0,9,3,3,1.0
1065322,5667,21968,14608,10,10,4,6,0.6,0.2,1.0,9,3,3,1.0
1065313,5667,21968,14608,10,10,4,6,0.6,0.2,1.0,9,3,3,1.0
1062327,5667,21968,14608,10,10,4,6,0.6,0.2,1.0,9,3,3,1.0
1065324,5667,21968,14608,10,10,4,6,0.6,0.2,1.0,9,3,3,1.0
1062563,21964,5663,14655,10,10,4,6,0.6,0.2,1.0,9,3,3,1.0
1062798,21964,5663,14655,10,10,4,6,0.6,0.2,1.0,9,3,3,1.0
1066023,21964,5663,14655,10,10,4,6,0.6,0.2,1.0,9,3,3,1.0
1062565,21964,5663,14655,10,10,4,6,0.6,0.2,1.0,9,3,3,1.0
1063190,21975,21976,14783,10,10,4,6,0.6,0.2,1.0,9,3,3,1.0
1063191,21975,21976,14783,10,10,4,6,0.6,0.2,1.0,9,3,3,1.0
1067045,21975,21976,14783,10,10,4,6,0.6,0.2,1.0,9,3,3,1.0
1063144,21975,21976,14783,10,10,4,6,0.6,0.2,1.0,9,3,3,1.0
1063279,280955,280649,14821,10,10,4,6,0.6,0.2,1.0,9,3,3,1.0
1063281,280955,280649,14821,10,10,4,6,0.6,0.2,1.0,9,3,3,1.0
1063278,280955,280649,14821,10,10,4,6,0.6,0.2,1.0,9,3,3,1.0
1063280,280955,280649,14821,10,10,4,6,0.6,0.2,1.0,9,3,3,1.0
1063467,5666,5670,14856,10,10,4,6,0.6,0.2,1.0,9,3,3,1.0
1063469,5666,5670,14856,10,10,4,6,0.6,0.2,1.0,9,3,3,1.0
1066171,5666,5670,14856,10,10,4,6,0.6,0.2,1.0,9,3,3,1.0
1066169,5666,5670,14856,10,10,4,6,0.6,0.2,1.0,9,3,3,1.0
1066301,5668,5664,14984,10,10,4,6,0.6,0.2,1.0,9,3,3,1.0
1066303,5668,5664,14984,10,10,4,6,0.6,0.2,1.0,9,3,3,1.0
1066294,5668,5664,14984,10,10,4,6,0.6,0.2,1.0,9,3,3,1.0
1065565,5668,5664,14984,10,10,4,6,0.6,0.2,1.0,9,3,3,1.0
1066222,5672,5674,15110,10,10,4,6,0.6,0.2,1.0,9,3,3,1.0
1066175,5672,5674,15110,10,10,4,6,0.6,0.2,1.0,9,3,3,1.0
1066224,5672,5674,15110,10,10,4,6,0.6,0.2,1.0,9,3,3,1.0
1066221,5672,5674,15110,10,10,4,6,0.6,0.2,1.0,9,3,3,1.0
1274032,25122,25119,16211,10,10,4,6,0.6,0.2,1.0,9,3,3,1.0
1070914,25122,25119,16211,10,10,4,6,0.6,0.2,1.0,9,3,3,1.0
1274034,25122,25119,16211,10,10,4,6,0.6,0.2,1.0,9,3,3,1.0
1274033,25122,25119,16211,10,10,4,6,0.6,0.2,1.0,9,3,3,1.0
1180238,331516,283526,16851,10,10,4,6,0.6,0.2,1.0,9,3,3,1.0
1180236,331516,283526,16851,10,10,4,6,0.6,0.2,1.0,9,3,3,1.0
1180668,331516,283526,16851,10,10,4,6,0.6,0.2,1.0,9,3,3,1.0
1180295,331516,283526,16851,10,10,4,6,0.6,0.2,1.0,9,3,3,1.0
1275386,13007,439438,18718,10,10,1,3,0.3,0.2,1.0,9,3,3,1.0
1121869,1210,439438,18718,10,10,1,3,0.3,0.2,1.0,9,3,3,1.0
1136221,13258,439438,18718,10,10,1,3,0.3,0.2,1.0,9,3,3,1.0
1136187,25351,439438,18718,10,10,1,3,0.3,0.2,1.0,9,3,3,1.0
1171201,308155,439438,18718,10,10,1,3,0.3,0.2,1.0,9,3,3,1.0
1306774,4671,4662,18864,10,10,4,6,0.6,0.2,1.0,9,3,3,1.0
1287138,4671,4662,18864,10,10,4,6,0.6,0.2,1.0,9,3,3,1.0
1287011,4671,4662,18864,10,10,4,6,0.6,0.2,1.0,9,3,3,1.0
1286998,4671,4662,18864,10,10,4,6,0.6,0.2,1.0,9,3,3,1.0
1272289,10270,10237,22560,10,10,4,6,0.6,0.2,1.0,9,3,3,1.0
1272287,10270,10237,22560,10,10,4,6,0.6,0.2,1.0,9,3,3,1.0
1269628,10270,10237,22560,10,10,4,6,0.6,0.2,1.0,9,3,3,1.0
1269629,10270,10237,22560,10,10,4,6,0.6,0.2,1.0,9,3,3,1.0
1301075,22286,22270,22648,10,10,4,6,0.6,0.2,1.0,9,3,3,1.0
1301436,22286,22270,22648,10,10,4,6,0.6,0.2,1.0,9,3,3,1.0
1301074,22286,22270,22648,10,10,4,6,0.6,0.2,1.0,9,3,3,1.0
1301435,22286,22270,22648,10,10,4,6,0.6,0.2,1.0,9,3,3,1.0
1158381,252795,252796,22753,10,10,4,6,0.6,0.2,1.0,9,3,3,1.0
1158379,252795,252796,22753,10,10,4,6,0.6,0.2,1.0,9,3,3,1.0
1171256,252795,252796,22753,10,10,4,6,0.6,0.2,1.0,9,3,3,1.0
1203458,252795,252796,22753,10,10,4,6,0.6,0.2,1.0,9,3,3,1.0
1108681,17489,26789,24711,10,10,2,4,0.4,0.2,1.0,9,3,3,1.0
1108614,17489,26789,24711,10,10,2,4,0.4,0.2,1.0,9,3,3,1.0
1149978,14842,131820,26368,10,10,3,5,0.5,0.2,1.0,9,3,3,1.0
1115774,14842,131820,26368,10,10,3,5,0.5,0.2,1.0,9,3,3,1.0
1149979,14842,131820,26368,10,10,3,5,0.5,0.2,1.0,9,3,3,1.0
1124575,20076,20056,27344,10,10,4,6,0.6,0.2,1.0,9,3,3,1.0
1124555,20076,20056,27344,10,10,4,6,0.6,0.2,1.0,9,3,3,1.0
1171644,20076,20056,27344,10,10,4,6,0.6,0.2,1.0,9,3,3,1.0
1125494,20076,20056,27344,10,10,4,6,0.6,0.2,1.0,9,3,3,1.0
1126210,25556,13852,28207,10,10,4,6,0.6,0.2,1.0,9,3,3,1.0
1178053,25556,13852,28207,10,10,4,6,0.6,0.2,1.0,9,3,3,1.0
1178032,25556,13852,28207,10,10,4,6,0.6,0.2,1.0,9,3,3,1.0
1178033,25556,13852,28207,10,10,4,6,0.6,0.2,1.0,9,3,3,1.0
1266912,10188,10077,28595,10,10,4,6,0.6,0.2,1.0,9,3,3,1.0
1227016,10188,10077,28595,10,10,4,6,0.6,0.2,1.0,9,3,3,1.0
1127424,10188,10077,28595,10,10,4,6,0.6,0.2,1.0,9,3,3,1.0
1266913,10188,10077,28595,10,10,4,6,0.6,0.2,1.0,9,3,3,1.0
1143773,2748,2754,32476,10,10,2,4,0.4,0.2,1.0,9,3,3,1.0
1143771,2748,2754,32476,10,10,2,4,0.4,0.2,1.0,9,3,3,1.0
1164655,3571,3600,34075,10,10,1,3,0.3,0.2,1.0,9,3,3,1.0
1158537,343949,3600,34075,10,10,1,3,0.3,0.2,1.0,9,3,3,1.0
1153022,3537,3600,34075,10,10,1,3,0.3,0.2,1.0,9,3,3,1.0
1164652,21392,3600,34075,10,10,1,3,0.3,0.2,1.0,9,3,3,1.0
1166996,18658,18688,36243,10,10,3,5,0.5,0.2,1.0,9,3,3,1.0
1188537,18658,18688,36243,10,10,3,5,0.5,0.2,1.0,9,3,3,1.0
1167019,18658,18688,36243,10,10,3,5,0.5,0.2,1.0,9,3,3,1.0
1178144,16150,16083,38489,10,10,4,6,0.6,0.2,1.0,9,3,3,1.0
1178147,16150,16083,38489,10,10,4,6,0.6,0.2,1.0,9,3,3,1.0
1178146,16150,16083,38489,10,10,4,6,0.6,0.2,1.0,9,3,3,1.0
1177996,16150,16083,38489,10,10,4,6,0.6,0.2,1.0,9,3,3,1.0
1185476,19402,19422,39658,10,10,4,6,0.6,0.2,1.0,9,3,3,1.0
1185474,19402,19422,39658,10,10,4,6,0.6,0.2,1.0,9,3,3,1.0
1185475,19402,19422,39658,10,10,4,6,0.6,0.2,1.0,9,3,3,1.0
1185461,19402,19422,39658,10,10,4,6,0.6,0.2,1.0,9,3,3,1.0
1186456,176960,176961,39842,10,10,4,6,0.6,0.2,1.0,9,3,3,1.0
1186465,176960,176961,39842,10,10,4,6,0.6,0.2,1.0,9,3,3,1.0
1186464,176960,176961,39842,10,10,4,6,0.6,0.2,1.0,9,3,3,1.0
1186455,176960,176961,39842,10,10,4,6,0.6,0.2,1.0,9,3,3,1.0
1220040,18784,27213,42603,10,10,2,4,0.4,0.2,1.0,9,3,3,1.0
1220042,18784,27213,42603,10,10,2,4,0.4,0.2,1.0,9,3,3,1.0
1279973,14641,14671,45705,10,10,2,4,0.4,0.2,1.0,9,3,3,1.0
1277419,14641,14671,45705,10,10,2,4,0.4,0.2,1.0,9,3,3,1.0
1287932,9939,9970,47184,10,10,3,5,0.5,0.2,1.0,9,3,3,1.0
1278215,9939,9970,47184,10,10,3,5,0.5,0.2,1.0,9,3,3,1.0
1278212,9939,9970,47184,10,10,3,5,0.5,0.2,1.0,9,3,3,1.0
1269269,197115,8273,47399,10,10,1,3,0.3,0.2,1.0,9,3,3,1.0
1275712,224637,8273,47399,10,10,1,3,0.3,0.2,1.0,9,3,3,1.0
1300638,7273,7294,50062,10,10,2,4,0.4,0.2,1.0,9,3,3,1.0
1298642,7273,7294,50062,10,10,2,4,0.4,0.2,1.0,9,3,3,1.0
1298103,22935,22925,51006,10,10,4,6,0.6,0.2,1.0,9,3,3,1.0
1283186,22935,22925,51006,10,10,4,6,0.6,0.2,1.0,9,3,3,1.0
1283187,22935,22925,51006,10,10,4,6,0.6,0.2,1.0,9,3,3,1.0
1298143,22935,22925,51006,10,10,4,6,0.6,0.2,1.0,9,3,3,1.0
1299871,18417,18367,52371,10,10,1,3,0.3,0.2,1.0,9,3,3,1.0
1302202,22553,7037,52843,10,10,4,6,0.6,0.2,1.0,9,3,3,1.0
1303152,22553,7037,52843,10,10,4,6,0.6,0.2,1.0,9,3,3,1.0
1301983,22553,7037,52843,10,10,4,6,0.6,0.2,1.0,9,3,3,1.0
1302219,22553,7037,52843,10,10,4,6,0.6,0.2,1.0,9,3,3,1.0
1309142,8772,8743,54059,10,10,4,6,0.6,0.2,1.0,9,3,3,1.0
1309105,8772,8743,54059,10,10,4,6,0.6,0.2,1.0,9,3,3,1.0
1309143,8772,8743,54059,10,10,4,6,0.6,0.2,1.0,9,3,3,1.0
1309104,8772,8743,54059,10,10,4,6,0.6,0.2,1.0,9,3,3,1.0
1001623,19825,375,539,5,5,2,3,0.6,0.2,1.0,4,3,3,1.0
1001524,19825,375,539,5,5,2,3,0.6,0.2,1.0,4,3,3,1.0
1003645,19702,19707,748,5,5,2,3,0.6,0.2,1.0,4,3,3,1.0
1003644,19702,19707,748,5,5,2,3,0.6,0.2,1.0,4,3,3,1.0
1047737,282878,19925,3716,5,5,1,2,0.4,0.2,1.0,4,3,3,1.0
1031967,204797,19925,3716,5,5,1,2,0.4,0.2,1.0,4,3,3,1.0
1012555,334715,19925,3716,5,5,1,2,0.4,0.2,1.0,4,3,3,1.0
1097719,377424,377425,3866,5,5,2,3,0.6,0.2,1.0,4,3,3,1.0
1012817,377424,377425,3866,5,5,2,3,0.6,0.2,1.0,4,3,3,1.0
1129039,4577,21619,3893,5,5,2,3,0.6,0.2,1.0,4,3,3,1.0
1280138,4577,21619,3893,5,5,2,3,0.6,0.2,1.0,4,3,3,1.0
1013189,15683,15664,4138,5,5,1,2,0.4,0.2,1.0,4,3,3,1.0
1072329,26143,15664,4138,5,5,1,2,0.4,0.2,1.0,4,3,3,1.0
1080781,15663,15664,4138,5,5,1,2,0.4,0.2,1.0,4,3,3,1.0
1014877,26596,16993,4900,5,5,2,3,0.6,0.2,1.0,4,3,3,1.0
1113466,26596,16993,4900,5,5,2,3,0.6,0.2,1.0,4,3,3,1.0
1299921,27162,18561,5112,5,5,1,2,0.4,0.2,1.0,4,3,3,1.0
1299920,244165,18561,5112,5,5,1,2,0.4,0.2,1.0,4,3,3,1.0
1173558,27174,18561,5112,5,5,1,2,0.4,0.2,1.0,4,3,3,1.0
1030660,6370,22265,8157,5,5,2,3,0.6,0.2,1.0,4,3,3,1.0
1030659,6370,22265,8157,5,5,2,3,0.6,0.2,1.0,4,3,3,1.0
1042535,113586,90527,10088,5,5,2,3,0.6,0.2,1.0,4,3,3,1.0
1136666,113586,90527,10088,5,5,2,3,0.6,0.2,1.0,4,3,3,1.0
1068728,5886,5901,15696,5,5,2,3,0.6,0.2,1.0,4,3,3,1.0
1084255,5886,5901,15696,5,5,2,3,0.6,0.2,1.0,4,3,3,1.0
1074989,21830,21819,16378,5,5,2,3,0.6,0.2,1.0,4,3,3,1.0
1074990,21830,21819,16378,5,5,2,3,0.6,0.2,1.0,4,3,3,1.0
1097737,14798,14870,16943,5,5,2,3,0.6,0.2,1.0,4,3,3,1.0
1073371,14798,14870,16943,5,5,2,3,0.6,0.2,1.0,4,3,3,1.0
1119587,536765,536764,18839,5,5,2,3,0.6,0.2,1.0,4,3,3,1.0
1119605,536765,536764,18839,5,5,2,3,0.6,0.2,1.0,4,3,3,1.0
1117146,221440,2476,19061,5,5,1,2,0.4,0.2,1.0,4,3,3,1.0
1094557,18341,18336,20953,5,5,2,3,0.6,0.2,1.0,4,3,3,1.0
1094556,18341,18336,20953,5,5,2,3,0.6,0.2,1.0,4,3,3,1.0
1091662,19388,19363,21130,5,5,2,3,0.6,0.2,1.0,4,3,3,1.0
1185706,19388,19363,21130,5,5,2,3,0.6,0.2,1.0,4,3,3,1.0
1184510,19541,19525,21405,5,5,2,3,0.6,0.2,1.0,4,3,3,1.0
1281787,19541,19525,21405,5,5,2,3,0.6,0.2,1.0,4,3,3,1.0
1185982,27425,19543,21410,5,5,2,3,0.6,0.2,1.0,4,3,3,1.0
1184958,27425,19543,21410,5,5,2,3,0.6,0.2,1.0,4,3,3,1.0
1191238,17234,17274,21704,5,5,2,3,0.6,0.2,1.0,4,3,3,1.0
1155800,17234,17274,21704,5,5,2,3,0.6,0.2,1.0,4,3,3,1.0
1232516,535485,535484,22688,7,5,2,3,0.6,0.2,1.0,6,3,3,1.0
1232517,535485,535484,22688,7,5,2,3,0.6,0.2,1.0,6,3,3,1.0
1178350,214716,214715,22717,5,5,1,2,0.4,0.2,1.0,4,3,3,1.0
1288989,25308,25235,22858,5,5,1,2,0.4,0.2,1.0,4,3,3,1.0
1108928,17303,17298,24313,5,5,2,3,0.6,0.2,1.0,4,3,3,1.0
1108929,17303,17298,24313,5,5,2,3,0.6,0.2,1.0,4,3,3,1.0
1109634,5093,370430,24610,5,5,2,3,0.6,0.2,1.0,4,3,3,1.0
1109635,5093,370430,24610,5,5,2,3,0.6,0.2,1.0,4,3,3,1.0
1108946,17346,17373,24809,5,5,2,3,0.6,0.2,1.0,4,3,3,1.0
1108985,17346,17373,24809,5,5,2,3,0.6,0.2,1.0,4,3,3,1.0
1109000,17236,17219,24821,5,5,2,3,0.6,0.2,1.0,4,3,3,1.0
1109003,17236,17219,24821,5,5,2,3,0.6,0.2,1.0,4,3,3,1.0
1109262,14683,14734,24881,5,5,2,3,0.6,0.2,1.0,4,3,3,1.0
1109261,14683,14734,24881,5,5,2,3,0.6,0.2,1.0,4,3,3,1.0
1109317,13695,13715,24895,5,5,2,3,0.6,0.2,1.0,4,3,3,1.0
1109316,13695,13715,24895,5,5,2,3,0.6,0.2,1.0,4,3,3,1.0
1109828,14486,14268,24988,5,5,1,2,0.4,0.2,1.0,4,3,3,1.0
1116334,25828,14652,25354,5,5,2,3,0.6,0.2,1.0,4,3,3,1.0
1116306,25828,14652,25354,5,5,2,3,0.6,0.2,1.0,4,3,3,1.0
1112154,27113,18268,25481,5,5,2,3,0.6,0.2,1.0,4,3,3,1.0
1112155,27113,18268,25481,5,5,2,3,0.6,0.2,1.0,4,3,3,1.0
1136140,22990,8070,26817,5,5,2,3,0.6,0.2,1.0,4,3,3,1.0
1120024,22990,8070,26817,5,5,2,3,0.6,0.2,1.0,4,3,3,1.0
1198863,23673,9362,26870,5,5,1,2,0.4,0.2,1.0,4,3,3,1.0
1121458,1286,1301,26972,5,5,1,2,0.4,0.2,1.0,4,3,3,1.0
1222456,12352,359734,26983,5,5,1,2,0.4,0.2,1.0,4,3,3,1.0
1169813,1008,359734,26983,5,5,1,2,0.4,0.2,1.0,4,3,3,1.0
1121626,1059,359734,26983,5,5,1,2,0.4,0.2,1.0,4,3,3,1.0
1136214,37148,24824,27337,5,5,1,2,0.4,0.2,1.0,4,3,3,1.0
1122670,11850,24824,27337,5,5,1,2,0.4,0.2,1.0,4,3,3,1.0
1182965,24814,24824,27337,5,5,1,2,0.4,0.2,1.0,4,3,3,1.0
1178062,16146,16156,28379,5,5,1,2,0.4,0.2,1.0,4,3,3,1.0
1181148,48608,48611,28399,5,5,2,3,0.6,0.2,1.0,4,3,3,1.0
1181150,48608,48611,28399,5,5,2,3,0.6,0.2,1.0,4,3,3,1.0
1136179,349835,11329,28854,5,5,2,3,0.6,0.2,1.0,4,3,3,1.0
1136232,349835,11329,28854,5,5,2,3,0.6,0.2,1.0,4,3,3,1.0
1190181,21530,21529,29280,5,5,2,3,0.6,0.2,1.0,4,3,3,1.0
1190179,21530,21529,29280,5,5,2,3,0.6,0.2,1.0,4,3,3,1.0
1128877,8831,8761,29284,5,5,2,3,0.6,0.2,1.0,4,3,3,1.0
1250421,8831,8761,29284,5,5,2,3,0.6,0.2,1.0,4,3,3,1.0
1132073,7867,7865,29842,5,5,2,3,0.6,0.2,1.0,4,3,3,1.0
1249812,7867,7865,29842,5,5,2,3,0.6,0.2,1.0,4,3,3,1.0
1195615,258239,258244,29901,5,5,2,3,0.6,0.2,1.0,4,3,3,1.0
1132161,258239,258244,29901,5,5,2,3,0.6,0.2,1.0,4,3,3,1.0
1142755,14127,14155,30020,5,5,1,2,0.4,0.2,1.0,4,3,3,1.0
1132373,147839,14155,30020,5,5,1,2,0.4,0.2,1.0,4,3,3,1.0
1150379,14123,14155,30020,5,5,1,2,0.4,0.2,1.0,4,3,3,1.0
1144615,15692,26162,30022,5,5,2,3,0.6,0.2,1.0,4,3,3,1.0
1144583,15692,26162,30022,5,5,2,3,0.6,0.2,1.0,4,3,3,1.0
1281266,4922,21713,30647,5,5,2,3,0.6,0.2,1.0,4,3,3,1.0
1142850,4922,21713,30647,5,5,2,3,0.6,0.2,1.0,4,3,3,1.0
1247663,9069,23524,31646,5,5,2,3,0.6,0.2,1.0,4,3,3,1.0
1249997,9069,23524,31646,5,5,2,3,0.6,0.2,1.0,4,3,3,1.0
1143576,2588,2607,32425,5,5,2,3,0.6,0.2,1.0,4,3,3,1.0
1143500,2588,2607,32425,5,5,2,3,0.6,0.2,1.0,4,3,3,1.0
1153844,2335,14184,34416,5,5,2,3,0.6,0.2,1.0,4,3,3,1.0
1203270,2335,14184,34416,5,5,2,3,0.6,0.2,1.0,4,3,3,1.0
1154836,14728,20817,34467,5,5,2,3,0.6,0.2,1.0,4,3,3,1.0
1154835,14728,20817,34467,5,5,2,3,0.6,0.2,1.0,4,3,3,1.0
1164835,17247,17241,35775,5,5,2,3,0.6,0.2,1.0,4,3,3,1.0
1164833,17247,17241,35775,5,5,2,3,0.6,0.2,1.0,4,3,3,1.0
1169568,10735,10814,36879,5,5,2,3,0.6,0.2,1.0,4,3,3,1.0
1169570,10735,10814,36879,5,5,2,3,0.6,0.2,1.0,4,3,3,1.0
1170550,10745,10787,37133,5,5,2,3,0.6,0.2,1.0,4,3,3,1.0
1170551,10745,10787,37133,5,5,2,3,0.6,0.2,1.0,4,3,3,1.0
1196240,10793,24432,37139,5,5,2,3,0.6,0.2,1.0,4,3,3,1.0
1196239,10793,24432,37139,5,5,2,3,0.6,0.2,1.0,4,3,3,1.0
1281666,6371,6387,37374,5,5,2,3,0.6,0.2,1.0,4,3,3,1.0
1271429,6371,6387,37374,5,5,2,3,0.6,0.2,1.0,4,3,3,1.0
1175497,375026,1515,37549,5,5,2,3,0.6,0.2,1.0,4,3,3,1.0
1174912,375026,1515,37549,5,5,2,3,0.6,0.2,1.0,4,3,3,1.0
1175528,13478,13441,37744,5,5,2,3,0.6,0.2,1.0,4,3,3,1.0
1175529,13478,13441,37744,5,5,2,3,0.6,0.2,1.0,4,3,3,1.0
1180898,3469,3450,38914,5,5,2,3,0.6,0.2,1.0,4,3,3,1.0
1184325,3469,3450,38914,5,5,2,3,0.6,0.2,1.0,4,3,3,1.0
1188956,4511,4475,39666,5,5,2,3,0.6,0.2,1.0,4,3,3,1.0
1185512,4511,4475,39666,5,5,2,3,0.6,0.2,1.0,4,3,3,1.0
1188069,3184,3220,40096,6,5,2,3,0.6,0.2,1.0,5,3,3,1.0
1188068,3184,3220,40096,6,5,2,3,0.6,0.2,1.0,5,3,3,1.0
1195400,284160,284161,40645,5,5,2,3,0.6,0.2,1.0,4,3,3,1.0
1195401,284160,284161,40645,5,5,2,3,0.6,0.2,1.0,4,3,3,1.0
1269567,24264,10674,41228,5,5,2,3,0.6,0.2,1.0,4,3,3,1.0
1267021,24264,10674,41228,5,5,2,3,0.6,0.2,1.0,4,3,3,1.0
1222852,10830,10800,41438,5,5,2,3,0.6,0.2,1.0,4,3,3,1.0
1222903,10830,10800,41438,5,5,2,3,0.6,0.2,1.0,4,3,3,1.0
1198758,12596,12588,41637,5,5,2,3,0.6,0.2,1.0,4,3,3,1.0
1198765,12596,12588,41637,5,5,2,3,0.6,0.2,1.0,4,3,3,1.0
1199122,12700,12719,41752,5,5,2,3,0.6,0.2,1.0,4,3,3,1.0
1199123,12700,12719,41752,5,5,2,3,0.6,0.2,1.0,4,3,3,1.0
1208286,24787,24757,42264,5,5,2,3,0.6,0.2,1.0,4,3,3,1.0
1208292,24787,24757,42264,5,5,2,3,0.6,0.2,1.0,4,3,3,1.0
1202976,27213,18784,42601,5,5,2,3,0.6,0.2,1.0,4,3,3,1.0
1202957,27213,18784,42601,5,5,2,3,0.6,0.2,1.0,4,3,3,1.0
1217358,10791,24415,44235,5,5,2,3,0.6,0.2,1.0,4,3,3,1.0
1222850,10791,24415,44235,5,5,2,3,0.6,0.2,1.0,4,3,3,1.0
1282913,246715,2000,45317,5,5,1,2,0.4,0.2,1.0,4,3,3,1.0
1282914,187515,2000,45317,5,5,1,2,0.4,0.2,1.0,4,3,3,1.0
1282916,96294,2000,45317,5,5,1,2,0.4,0.2,1.0,4,3,3,1.0
1228012,23136,23148,45974,5,5,2,3,0.6,0.2,1.0,4,3,3,1.0
1228010,23136,23148,45974,5,5,2,3,0.6,0.2,1.0,4,3,3,1.0
1268584,407,404,47806,5,5,2,3,0.6,0.2,1.0,4,3,3,1.0
1268583,407,404,47806,5,5,2,3,0.6,0.2,1.0,4,3,3,1.0
1270347,14688,14767,48116,5,5,2,3,0.6,0.2,1.0,4,3,3,1.0
1270158,14688,14767,48116,5,5,2,3,0.6,0.2,1.0,4,3,3,1.0
1279028,20505,20515,48232,5,5,2,3,0.6,0.2,1.0,4,3,3,1.0
1279027,20505,20515,48232,5,5,2,3,0.6,0.2,1.0,4,3,3,1.0
1273887,23788,9643,48544,5,5,2,3,0.6,0.2,1.0,4,3,3,1.0
1272377,23788,9643,48544,5,5,2,3,0.6,0.2,1.0,4,3,3,1.0
1281511,7376,7394,48552,5,5,2,3,0.6,0.2,1.0,4,3,3,1.0
1309529,7376,7394,48552,5,5,2,3,0.6,0.2,1.0,4,3,3,1.0
1273246,325,331,48693,5,5,1,2,0.4,0.2,1.0,4,3,3,1.0
1288539,9753,9805,48750,5,5,2,3,0.6,0.2,1.0,4,3,3,1.0
1288541,9753,9805,48750,5,5,2,3,0.6,0.2,1.0,4,3,3,1.0
1300172,344173,458668,48925,5,5,1,2,0.4,0.2,1.0,4,3,3,1.0
1300195,7898,458668,48925,5,5,1,2,0.4,0.2,1.0,4,3,3,1.0
1300196,7911,458668,48925,5,5,1,2,0.4,0.2,1.0,4,3,3,1.0
1312204,7627,7619,49022,5,5,1,2,0.4,0.2,1.0,4,3,3,1.0
1277220,17204,4682,49417,5,5,1,2,0.4,0.2,1.0,4,3,3,1.0
1309691,64,19751,50073,5,5,1,2,0.4,0.2,1.0,4,3,3,1.0
1312485,19756,19751,50073,5,5,1,2,0.4,0.2,1.0,4,3,3,1.0
1279650,19746,19751,50073,5,5,1,2,0.4,0.2,1.0,4,3,3,1.0
1286807,22788,22805,50287,5,5,2,3,0.6,0.2,1.0,4,3,3,1.0
1286793,22788,22805,50287,5,5,2,3,0.6,0.2,1.0,4,3,3,1.0
1281989,7546,7621,50734,5,5,2,3,0.6,0.2,1.0,4,3,3,1.0
1298960,7546,7621,50734,5,5,2,3,0.6,0.2,1.0,4,3,3,1.0
1282260,26665,26666,50817,5,5,2,3,0.6,0.2,1.0,4,3,3,1.0
1282284,26665,26666,50817,5,5,2,3,0.6,0.2,1.0,4,3,3,1.0
1282469,19400,27349,50867,5,5,2,3,0.6,0.2,1.0,4,3,3,1.0
1282480,19400,27349,50867,5,5,2,3,0.6,0.2,1.0,4,3,3,1.0
1297891,7642,7680,51247,5,5,2,3,0.6,0.2,1.0,4,3,3,1.0
1286543,7642,7680,51247,5,5,2,3,0.6,0.2,1.0,4,3,3,1.0
1307433,151036,2189,51292,5,5,2,3,0.6,0.2,1.0,4,3,3,1.0
1307432,151036,2189,51292,5,5,2,3,0.6,0.2,1.0,4,3,3,1.0
1286909,6435,6482,51317,5,5,2,3,0.6,0.2,1.0,4,3,3,1.0
1286835,6435,6482,51317,5,5,2,3,0.6,0.2,1.0,4,3,3,1.0
1304766,125,152,53314,5,5,2,3,0.6,0.2,1.0,4,3,3,1.0
1304746,125,152,53314,5,5,2,3,0.6,0.2,1.0,4,3,3,1.0
1115105,13182,13175,17302,21,21,2,6,0.2857,0.1905,1.0,20,3,3,1.0
1115114,13182,13175,17302,21,21,2,6,0.2857,0.1905,1.0,20,3,3,1.0
1092030,27387,19420,21251,16,16,4,7,0.4375,0.1875,1.0,15,3,3,1.0
1171849,27387,19420,21251,16,16,4,7,0.4375,0.1875,1.0,15,3,3,1.0
1092031,27387,19420,21251,16,16,4,7,0.4375,0.1875,1.0,15,3,3,1.0
1291134,27387,19420,21251,16,16,4,7,0.4375,0.1875,1.0,15,3,3,1.0
1276772,26876,26899,49266,16,16,2,5,0.3125,0.1875,1.0,15,3,3,1.0
1278728,26883,26899,49266,16,16,2,5,0.3125,0.1875,1.0,15,3,3,1.0
1278726,26883,26899,49266,16,16,2,5,0.3125,0.1875,1.0,15,3,3,1.0
1306293,17863,26899,49266,16,16,2,5,0.3125,0.1875,1.0,15,3,3,1.0
1306295,26870,26899,49266,16,16,2,5,0.3125,0.1875,1.0,15,3,3,1.0
1306296,26870,26899,49266,16,16,2,5,0.3125,0.1875,1.0,15,3,3,1.0
1306291,17863,26899,49266,16,16,2,5,0.3125,0.1875,1.0,15,3,3,1.0
1276769,26876,26899,49266,16,16,2,5,0.3125,0.1875,1.0,15,3,3,1.0
1218537,515,500,35987,27,27,3,8,0.2963,0.1852,1.0,26,3,3,1.0
1228389,9694,500,35987,27,27,3,8,0.2963,0.1852,1.0,26,3,3,1.0
1218539,515,500,35987,27,27,3,8,0.2963,0.1852,1.0,26,3,3,1.0
1228385,9694,500,35987,27,27,3,8,0.2963,0.1852,1.0,26,3,3,1.0
1228382,9695,500,35987,27,27,3,8,0.2963,0.1852,1.0,26,3,3,1.0
1228384,9695,500,35987,27,27,3,8,0.2963,0.1852,1.0,26,3,3,1.0
1218536,515,500,35987,27,27,3,8,0.2963,0.1852,1.0,26,3,3,1.0
1228383,9695,500,35987,27,27,3,8,0.2963,0.1852,1.0,26,3,3,1.0
1228386,9694,500,35987,27,27,3,8,0.2963,0.1852,1.0,26,3,3,1.0
1281909,16374,16386,22771,22,22,1,5,0.2273,0.1818,1.0,21,3,3,1.0
1132002,8459,8544,29788,22,22,1,5,0.2273,0.1818,1.0,21,3,3,1.0
1307005,8428,8544,29788,22,22,1,5,0.2273,0.1818,1.0,21,3,3,1.0
1003791,5481,83808,1291,11,11,2,4,0.3636,0.1818,1.0,10,3,3,1.0
1005504,5481,83808,1291,11,11,2,4,0.3636,0.1818,1.0,10,3,3,1.0
1005469,5491,83808,1291,11,11,2,4,0.3636,0.1818,1.0,10,3,3,1.0
1005914,5491,83808,1291,11,11,2,4,0.3636,0.1818,1.0,10,3,3,1.0
1137819,482622,482621,2421,11,11,2,4,0.3636,0.1818,1.0,10,3,3,1.0
1158562,482622,482621,2421,11,11,2,4,0.3636,0.1818,1.0,10,3,3,1.0
1279385,4905,17750,6919,11,11,2,4,0.3636,0.1818,1.0,10,3,3,1.0
1298693,4905,17750,6919,11,11,2,4,0.3636,0.1818,1.0,10,3,3,1.0
1126834,26442,16464,16789,11,11,2,4,0.3636,0.1818,1.0,10,3,3,1.0
1283294,26467,16464,16789,11,11,2,4,0.3636,0.1818,1.0,10,3,3,1.0
1180618,16552,16464,16789,11,11,2,4,0.3636,0.1818,1.0,10,3,3,1.0
1072965,26467,16464,16789,11,11,2,4,0.3636,0.1818,1.0,10,3,3,1.0
1180869,26442,16464,16789,11,11,2,4,0.3636,0.1818,1.0,10,3,3,1.0
1180610,16552,16464,16789,11,11,2,4,0.3636,0.1818,1.0,10,3,3,1.0
1180084,12590,12464,22280,12,11,2,4,0.3636,0.1818,1.0,11,3,3,1.0
1166150,12590,12464,22280,12,11,2,4,0.3636,0.1818,1.0,11,3,3,1.0
1166149,377611,12464,22280,12,11,2,4,0.3636,0.1818,1.0,11,3,3,1.0
1096360,377611,12464,22280,12,11,2,4,0.3636,0.1818,1.0,11,3,3,1.0
1110249,16958,16982,23404,11,11,3,5,0.4545,0.1818,1.0,10,3,3,1.0
1105955,16995,16982,23404,11,11,3,5,0.4545,0.1818,1.0,10,3,3,1.0
1104801,16995,16982,23404,11,11,3,5,0.4545,0.1818,1.0,10,3,3,1.0
1110250,16958,16982,23404,11,11,3,5,0.4545,0.1818,1.0,10,3,3,1.0
1110251,16958,16982,23404,11,11,3,5,0.4545,0.1818,1.0,10,3,3,1.0
1105920,16995,16982,23404,11,11,3,5,0.4545,0.1818,1.0,10,3,3,1.0
1116175,13064,13099,25807,11,11,2,4,0.3636,0.1818,1.0,10,3,3,1.0
1116717,13064,13099,25807,11,11,2,4,0.3636,0.1818,1.0,10,3,3,1.0
1229225,525,518,28816,11,11,3,5,0.4545,0.1818,1.0,10,3,3,1.0
1229226,510,518,28816,11,11,3,5,0.4545,0.1818,1.0,10,3,3,1.0
1229034,510,518,28816,11,11,3,5,0.4545,0.1818,1.0,10,3,3,1.0
1229065,525,518,28816,11,11,3,5,0.4545,0.1818,1.0,10,3,3,1.0
1229224,525,518,28816,11,11,3,5,0.4545,0.1818,1.0,10,3,3,1.0
1229229,510,518,28816,11,11,3,5,0.4545,0.1818,1.0,10,3,3,1.0
1164623,17270,17254,35763,11,11,4,6,0.5455,0.1818,1.0,10,3,3,1.0
1164620,17270,17254,35763,11,11,4,6,0.5455,0.1818,1.0,10,3,3,1.0
1164621,17270,17254,35763,11,11,4,6,0.5455,0.1818,1.0,10,3,3,1.0
1164746,17270,17254,35763,11,11,4,6,0.5455,0.1818,1.0,10,3,3,1.0
1217581,512,521,44288,11,11,3,5,0.4545,0.1818,1.0,10,3,3,1.0
1228732,504,521,44288,11,11,3,5,0.4545,0.1818,1.0,10,3,3,1.0
1228741,512,521,44288,11,11,3,5,0.4545,0.1818,1.0,10,3,3,1.0
1217737,512,521,44288,11,11,3,5,0.4545,0.1818,1.0,10,3,3,1.0
1222789,504,521,44288,11,11,3,5,0.4545,0.1818,1.0,10,3,3,1.0
1222788,504,521,44288,11,11,3,5,0.4545,0.1818,1.0,10,3,3,1.0
1305230,23895,9893,47161,11,11,2,4,0.3636,0.1818,1.0,10,3,3,1.0
1288535,23895,9893,47161,11,11,2,4,0.3636,0.1818,1.0,10,3,3,1.0
1307756,7830,7807,53666,11,11,3,5,0.4545,0.1818,1.0,10,3,3,1.0
1307754,7830,7807,53666,11,11,3,5,0.4545,0.1818,1.0,10,3,3,1.0
1307757,7830,7807,53666,11,11,3,5,0.4545,0.1818,1.0,10,3,3,1.0
1306931,7763,7807,53666,11,11,3,5,0.4545,0.1818,1.0,10,3,3,1.0
1306923,7763,7807,53666,11,11,3,5,0.4545,0.1818,1.0,10,3,3,1.0
1306933,7763,7807,53666,11,11,3,5,0.4545,0.1818,1.0,10,3,3,1.0
1107879,13910,2106,10783,17,17,1,4,0.2353,0.1765,1.0,16,3,3,1.0
1156363,344060,2106,10783,17,17,1,4,0.2353,0.1765,1.0,16,3,3,1.0
1107892,13899,2106,10783,17,17,1,4,0.2353,0.1765,1.0,16,3,3,1.0
1107877,13934,2106,10783,17,17,1,4,0.2353,0.1765,1.0,16,3,3,1.0
1107878,13928,2106,10783,17,17,1,4,0.2353,0.1765,1.0,16,3,3,1.0
1156362,13937,2106,10783,17,17,1,4,0.2353,0.1765,1.0,16,3,3,1.0
1107882,13948,2106,10783,17,17,1,4,0.2353,0.1765,1.0,16,3,3,1.0
1107890,13953,2106,10783,17,17,1,4,0.2353,0.1765,1.0,16,3,3,1.0
1042080,20372,2106,10783,17,17,1,4,0.2353,0.1765,1.0,16,3,3,1.0
1107880,1985,2106,10783,17,17,1,4,0.2353,0.1765,1.0,16,3,3,1.0
1002536,111980,111985,1040,13,12,3,5,0.4167,0.1667,1.0,12,3,3,1.0
1002538,111980,111985,1040,13,12,3,5,0.4167,0.1667,1.0,12,3,3,1.0
1002539,111980,111985,1040,13,12,3,5,0.4167,0.1667,1.0,12,3,3,1.0
1167125,108151,108147,4745,12,12,1,3,0.25,0.1667,1.0,11,3,3,1.0
1097105,108150,108147,4745,12,12,1,3,0.25,0.1667,1.0,11,3,3,1.0
1041781,230401,230399,10715,12,12,5,7,0.5833,0.1667,1.0,11,3,3,1.0
1042944,230401,230399,10715,12,12,5,7,0.5833,0.1667,1.0,11,3,3,1.0
1042946,230401,230399,10715,12,12,5,7,0.5833,0.1667,1.0,11,3,3,1.0
1041770,230401,230399,10715,12,12,5,7,0.5833,0.1667,1.0,11,3,3,1.0
1042945,230401,230399,10715,12,12,5,7,0.5833,0.1667,1.0,11,3,3,1.0
1082183,13791,13845,19089,12,12,3,5,0.4167,0.1667,1.0,11,3,3,1.0
1082506,13791,13845,19089,12,12,3,5,0.4167,0.1667,1.0,11,3,3,1.0
1082181,13791,13845,19089,12,12,3,5,0.4167,0.1667,1.0,11,3,3,1.0
1087766,18725,18757,19910,12,12,5,7,0.5833,0.1667,1.0,11,3,3,1.0
1185369,18725,18757,19910,12,12,5,7,0.5833,0.1667,1.0,11,3,3,1.0
1185368,18725,18757,19910,12,12,5,7,0.5833,0.1667,1.0,11,3,3,1.0
1191040,18725,18757,19910,12,12,5,7,0.5833,0.1667,1.0,11,3,3,1.0
1185366,18725,18757,19910,12,12,5,7,0.5833,0.1667,1.0,11,3,3,1.0
1210183,25319,25307,27105,12,12,3,5,0.4167,0.1667,1.0,11,3,3,1.0
1210806,25319,25307,27105,12,12,3,5,0.4167,0.1667,1.0,11,3,3,1.0
1210184,25319,25307,27105,12,12,3,5,0.4167,0.1667,1.0,11,3,3,1.0
1273513,9891,9920,30864,12,12,5,7,0.5833,0.1667,1.0,11,3,3,1.0
1273512,9891,9920,30864,12,12,5,7,0.5833,0.1667,1.0,11,3,3,1.0
1287734,9891,9920,30864,12,12,5,7,0.5833,0.1667,1.0,11,3,3,1.0
1287733,9891,9920,30864,12,12,5,7,0.5833,0.1667,1.0,11,3,3,1.0
1273511,9891,9920,30864,12,12,5,7,0.5833,0.1667,1.0,11,3,3,1.0
1300188,78,76,31300,12,12,2,4,0.3333,0.1667,1.0,11,3,3,1.0
1309163,78,76,31300,12,12,2,4,0.3333,0.1667,1.0,11,3,3,1.0
1308503,81,76,31300,12,12,2,4,0.3333,0.1667,1.0,11,3,3,1.0
1136088,81,76,31300,12,12,2,4,0.3333,0.1667,1.0,11,3,3,1.0
1175042,3367,15445,31828,12,12,2,4,0.3333,0.1667,1.0,11,3,3,1.0
1175047,3367,15445,31828,12,12,2,4,0.3333,0.1667,1.0,11,3,3,1.0
1184645,18548,18583,36313,12,12,5,7,0.5833,0.1667,1.0,11,3,3,1.0
1184644,18548,18583,36313,12,12,5,7,0.5833,0.1667,1.0,11,3,3,1.0
1167270,18548,18583,36313,12,12,5,7,0.5833,0.1667,1.0,11,3,3,1.0
1184885,18548,18583,36313,12,12,5,7,0.5833,0.1667,1.0,11,3,3,1.0
1167271,18548,18583,36313,12,12,5,7,0.5833,0.1667,1.0,11,3,3,1.0
1195585,282555,282558,40697,12,12,5,7,0.5833,0.1667,1.0,11,3,3,1.0
1195536,282555,282558,40697,12,12,5,7,0.5833,0.1667,1.0,11,3,3,1.0
1195540,282555,282558,40697,12,12,5,7,0.5833,0.1667,1.0,11,3,3,1.0
1195586,282555,282558,40697,12,12,5,7,0.5833,0.1667,1.0,11,3,3,1.0
1195587,282555,282558,40697,12,12,5,7,0.5833,0.1667,1.0,11,3,3,1.0
1210212,24570,24506,40893,12,12,3,5,0.4167,0.1667,1.0,11,3,3,1.0
1210317,24570,24506,40893,12,12,3,5,0.4167,0.1667,1.0,11,3,3,1.0
1210209,24570,24506,40893,12,12,3,5,0.4167,0.1667,1.0,11,3,3,1.0
1205823,27324,19293,42859,12,12,2,4,0.3333,0.1667,1.0,11,3,3,1.0
1282996,27326,19293,42859,12,12,2,4,0.3333,0.1667,1.0,11,3,3,1.0
1282995,27326,19293,42859,12,12,2,4,0.3333,0.1667,1.0,11,3,3,1.0
1282993,27324,19293,42859,12,12,2,4,0.3333,0.1667,1.0,11,3,3,1.0
1281754,27323,19293,42859,12,12,2,4,0.3333,0.1667,1.0,11,3,3,1.0
1281520,19291,19293,42859,12,12,2,4,0.3333,0.1667,1.0,11,3,3,1.0
1281518,19291,19293,42859,12,12,2,4,0.3333,0.1667,1.0,11,3,3,1.0
1281755,27323,19293,42859,12,12,2,4,0.3333,0.1667,1.0,11,3,3,1.0
1288648,22802,22823,46766,12,12,3,5,0.4167,0.1667,1.0,11,3,3,1.0
1310683,22802,22823,46766,12,12,3,5,0.4167,0.1667,1.0,11,3,3,1.0
1298775,22802,22823,46766,12,12,3,5,0.4167,0.1667,1.0,11,3,3,1.0
1267048,8499,8450,47393,12,12,5,7,0.5833,0.1667,1.0,11,3,3,1.0
1270977,8499,8450,47393,12,12,5,7,0.5833,0.1667,1.0,11,3,3,1.0
1272063,8499,8450,47393,12,12,5,7,0.5833,0.1667,1.0,11,3,3,1.0
1270975,8499,8450,47393,12,12,5,7,0.5833,0.1667,1.0,11,3,3,1.0
1270978,8499,8450,47393,12,12,5,7,0.5833,0.1667,1.0,11,3,3,1.0
1300049,18421,18414,51665,12,12,3,5,0.4167,0.1667,1.0,11,3,3,1.0
1300047,18421,18414,51665,12,12,3,5,0.4167,0.1667,1.0,11,3,3,1.0
1300048,18421,18414,51665,12,12,3,5,0.4167,0.1667,1.0,11,3,3,1.0
1000775,19689,19690,157,6,6,2,3,0.5,0.1667,1.0,5,3,3,1.0
1000772,19689,19690,157,6,6,2,3,0.5,0.1667,1.0,5,3,3,1.0
1007681,430,446,478,6,6,2,3,0.5,0.1667,1.0,5,3,3,1.0
1001400,430,446,478,6,6,2,3,0.5,0.1667,1.0,5,3,3,1.0
1288975,25004,12376,5096,6,6,1,2,0.3333,0.1667,1.0,5,3,3,1.0
1015394,24973,12376,5096,6,6,1,2,0.3333,0.1667,1.0,5,3,3,1.0
1288962,12280,12376,5096,6,6,1,2,0.3333,0.1667,1.0,5,3,3,1.0
1288977,24994,12376,5096,6,6,1,2,0.3333,0.1667,1.0,5,3,3,1.0
1302794,501853,501855,7004,7,6,2,3,0.5,0.1667,1.0,6,3,3,1.0
1210106,501853,501855,7004,7,6,2,3,0.5,0.1667,1.0,6,3,3,1.0
1034560,7740,7732,9129,6,6,2,3,0.5,0.1667,1.0,5,3,3,1.0
1034562,7740,7732,9129,6,6,2,3,0.5,0.1667,1.0,5,3,3,1.0
1059491,10598,10560,13740,6,6,2,3,0.5,0.1667,1.0,5,3,3,1.0
1059847,10598,10560,13740,6,6,2,3,0.5,0.1667,1.0,5,3,3,1.0
1068988,19163,19160,15734,6,6,2,3,0.5,0.1667,1.0,5,3,3,1.0
1068986,19163,19160,15734,6,6,2,3,0.5,0.1667,1.0,5,3,3,1.0
1267480,384829,384828,16198,6,6,2,3,0.5,0.1667,1.0,5,3,3,1.0
1190534,384829,384828,16198,6,6,2,3,0.5,0.1667,1.0,5,3,3,1.0
1297621,7611,234237,17134,6,6,1,2,0.3333,0.1667,1.0,5,3,3,1.0
1073678,241595,234237,17134,6,6,1,2,0.3333,0.1667,1.0,5,3,3,1.0
1148504,2995,3009,17308,6,6,2,3,0.5,0.1667,1.0,5,3,3,1.0
1148496,2995,3009,17308,6,6,2,3,0.5,0.1667,1.0,5,3,3,1.0
1092057,18213,18205,18118,6,6,2,3,0.5,0.1667,1.0,5,3,3,1.0
1093167,18213,18205,18118,6,6,2,3,0.5,0.1667,1.0,5,3,3,1.0
1202270,18093,18106,20904,6,6,2,3,0.5,0.1667,1.0,5,3,3,1.0
1202271,18093,18106,20904,6,6,2,3,0.5,0.1667,1.0,5,3,3,1.0
1186004,19543,27426,21409,6,6,2,3,0.5,0.1667,1.0,5,3,3,1.0
1186003,19543,27426,21409,6,6,2,3,0.5,0.1667,1.0,5,3,3,1.0
1170500,24393,24378,23652,6,6,2,3,0.5,0.1667,1.0,5,3,3,1.0
1196274,24393,24378,23652,6,6,2,3,0.5,0.1667,1.0,5,3,3,1.0
1111890,25832,14697,23869,6,6,2,3,0.5,0.1667,1.0,5,3,3,1.0
1111581,25832,14697,23869,6,6,2,3,0.5,0.1667,1.0,5,3,3,1.0
1108958,17347,17322,24307,6,6,2,3,0.5,0.1667,1.0,5,3,3,1.0
1105035,17347,17322,24307,6,6,2,3,0.5,0.1667,1.0,5,3,3,1.0
1143820,18825,18827,24819,6,6,2,3,0.5,0.1667,1.0,5,3,3,1.0
1109834,18825,18827,24819,6,6,2,3,0.5,0.1667,1.0,5,3,3,1.0
1112377,27091,18183,25252,6,6,2,3,0.5,0.1667,1.0,5,3,3,1.0
1112378,27091,18183,25252,6,6,2,3,0.5,0.1667,1.0,5,3,3,1.0
1128007,7867,7948,28912,6,6,2,3,0.5,0.1667,1.0,5,3,3,1.0
1278789,7867,7948,28912,6,6,2,3,0.5,0.1667,1.0,5,3,3,1.0
1131459,19028,18935,29719,6,6,2,3,0.5,0.1667,1.0,5,3,3,1.0
1299529,19028,18935,29719,6,6,2,3,0.5,0.1667,1.0,5,3,3,1.0
1285994,262718,261118,30340,6,6,2,3,0.5,0.1667,1.0,5,3,3,1.0
1133217,262718,261118,30340,6,6,2,3,0.5,0.1667,1.0,5,3,3,1.0
1303802,22625,7071,30513,6,6,2,3,0.5,0.1667,1.0,5,3,3,1.0
1304152,22625,7071,30513,6,6,2,3,0.5,0.1667,1.0,5,3,3,1.0
1276813,415453,1743,31329,6,6,2,3,0.5,0.1667,1.0,5,3,3,1.0
1215726,415453,1743,31329,6,6,2,3,0.5,0.1667,1.0,5,3,3,1.0
1136386,115,116,31395,6,6,2,3,0.5,0.1667,1.0,5,3,3,1.0
1304656,115,116,31395,6,6,2,3,0.5,0.1667,1.0,5,3,3,1.0
1188684,16439,16400,36035,6,6,2,3,0.5,0.1667,1.0,5,3,3,1.0
1188660,16439,16400,36035,6,6,2,3,0.5,0.1667,1.0,5,3,3,1.0
1220320,18176,27051,36574,6,6,2,3,0.5,0.1667,1.0,5,3,3,1.0
1219953,18176,27051,36574,6,6,2,3,0.5,0.1667,1.0,5,3,3,1.0
1180873,4330,4248,39052,6,6,1,2,0.3333,0.1667,1.0,5,3,3,1.0
1180876,4226,4248,39052,6,6,1,2,0.3333,0.1667,1.0,5,3,3,1.0
1198141,24348,10599,41367,6,6,1,2,0.3333,0.1667,1.0,5,3,3,1.0
1227447,10631,10599,41367,6,6,1,2,0.3333,0.1667,1.0,5,3,3,1.0
1273263,9410,23655,47830,6,6,2,3,0.5,0.1667,1.0,5,3,3,1.0
1269552,9410,23655,47830,6,6,2,3,0.5,0.1667,1.0,5,3,3,1.0
1271268,14306,14333,48370,6,6,2,3,0.5,0.1667,1.0,5,3,3,1.0
1271269,14306,14333,48370,6,6,2,3,0.5,0.1667,1.0,5,3,3,1.0
1273995,9949,9973,48838,6,6,2,3,0.5,0.1667,1.0,5,3,3,1.0
1287644,9949,9973,48838,6,6,2,3,0.5,0.1667,1.0,5,3,3,1.0
1282209,26775,17478,50002,6,6,1,2,0.3333,0.1667,1.0,5,3,3,1.0
1279438,17475,17478,50002,6,6,1,2,0.3333,0.1667,1.0,5,3,3,1.0
1303538,330237,330236,53025,6,6,2,3,0.5,0.1667,1.0,5,3,3,1.0
1302922,330237,330236,53025,6,6,2,3,0.5,0.1667,1.0,5,3,3,1.0
1124753,20303,1930,4009,19,19,5,8,0.4211,0.1579,1.0,18,3,3,1.0
1124034,20303,1930,4009,19,19,5,8,0.4211,0.1579,1.0,18,3,3,1.0
1124802,20303,1930,4009,19,19,5,8,0.4211,0.1579,1.0,18,3,3,1.0
1124754,20303,1930,4009,19,19,5,8,0.4211,0.1579,1.0,18,3,3,1.0
1124755,20303,1930,4009,19,19,5,8,0.4211,0.1579,1.0,18,3,3,1.0
1185531,297924,19503,21275,26,26,1,5,0.1923,0.1538,1.0,25,3,3,1.0
1185594,19462,19503,21275,26,26,1,5,0.1923,0.1538,1.0,25,3,3,1.0
1059799,101724,101727,3680,13,13,3,5,0.3846,0.1538,1.0,12,3,3,1.0
1068010,101724,101727,3680,13,13,3,5,0.3846,0.1538,1.0,12,3,3,1.0
1069634,101724,101727,3680,13,13,3,5,0.3846,0.1538,1.0,12,3,3,1.0
1246107,8693,8638,19415,13,13,4,6,0.4615,0.1538,1.0,12,3,3,1.0
1134831,8693,8638,19415,13,13,4,6,0.4615,0.1538,1.0,12,3,3,1.0
1134436,8693,8638,19415,13,13,4,6,0.4615,0.1538,1.0,12,3,3,1.0
1082801,8693,8638,19415,13,13,4,6,0.4615,0.1538,1.0,12,3,3,1.0
1185536,38396,19623,21231,13,13,4,6,0.4615,0.1538,1.0,12,3,3,1.0
1185737,38396,19623,21231,13,13,4,6,0.4615,0.1538,1.0,12,3,3,1.0
1185736,38396,19623,21231,13,13,4,6,0.4615,0.1538,1.0,12,3,3,1.0
1185537,38396,19623,21231,13,13,4,6,0.4615,0.1538,1.0,12,3,3,1.0
1164089,377980,377979,22894,13,13,1,3,0.2308,0.1538,1.0,12,3,3,1.0
1187989,191679,377979,22894,13,13,1,3,0.2308,0.1538,1.0,12,3,3,1.0
1191065,377982,377979,22894,13,13,1,3,0.2308,0.1538,1.0,12,3,3,1.0
1239146,453996,377979,22894,13,13,1,3,0.2308,0.1538,1.0,12,3,3,1.0
1220341,383835,377979,22894,13,13,1,3,0.2308,0.1538,1.0,12,3,3,1.0
1189986,26220,377979,22894,13,13,1,3,0.2308,0.1538,1.0,12,3,3,1.0
1219599,383836,377979,22894,13,13,1,3,0.2308,0.1538,1.0,12,3,3,1.0
1107841,191678,377979,22894,13,13,1,3,0.2308,0.1538,1.0,12,3,3,1.0
1106230,26612,17001,24574,13,13,4,6,0.4615,0.1538,1.0,12,3,3,1.0
1110469,26612,17001,24574,13,13,4,6,0.4615,0.1538,1.0,12,3,3,1.0
1110468,26612,17001,24574,13,13,4,6,0.4615,0.1538,1.0,12,3,3,1.0
1110503,26612,17001,24574,13,13,4,6,0.4615,0.1538,1.0,12,3,3,1.0
1123006,1179,1177,27106,13,13,4,6,0.4615,0.1538,1.0,12,3,3,1.0
1169787,1179,1177,27106,13,13,4,6,0.4615,0.1538,1.0,12,3,3,1.0
1171526,1179,1177,27106,13,13,4,6,0.4615,0.1538,1.0,12,3,3,1.0
1171532,1179,1177,27106,13,13,4,6,0.4615,0.1538,1.0,12,3,3,1.0
1200582,11645,11632,40907,13,13,3,5,0.3846,0.1538,1.0,12,3,3,1.0
1223013,11645,11632,40907,13,13,3,5,0.3846,0.1538,1.0,12,3,3,1.0
1223015,11645,11632,40907,13,13,3,5,0.3846,0.1538,1.0,12,3,3,1.0
1003703,21911,21917,1269,20,20,1,4,0.2,0.15,1.0,19,3,3,1.0
1005551,152637,21917,1269,20,20,1,4,0.2,0.15,1.0,19,3,3,1.0
1257668,21913,21917,1269,20,20,1,4,0.2,0.15,1.0,19,3,3,1.0
1005486,58205,21917,1269,20,20,1,4,0.2,0.15,1.0,19,3,3,1.0
1288484,13037,13183,23554,20,20,2,5,0.25,0.15,1.0,19,3,3,1.0
1288470,13037,13183,23554,20,20,2,5,0.25,0.15,1.0,19,3,3,1.0
1287713,25344,13183,23554,20,20,2,5,0.25,0.15,1.0,19,3,3,1.0
1287712,25344,13183,23554,20,20,2,5,0.25,0.15,1.0,19,3,3,1.0
1227359,9696,500,35987,27,27,4,8,0.2963,0.1481,1.0,26,3,3,1.0
1222790,9696,500,35987,27,27,4,8,0.2963,0.1481,1.0,26,3,3,1.0
1228387,9696,500,35987,27,27,4,8,0.2963,0.1481,1.0,26,3,3,1.0
1222791,9696,500,35987,27,27,4,8,0.2963,0.1481,1.0,26,3,3,1.0
1148822,2795,105910,1730,14,14,6,8,0.5714,0.1429,1.0,13,3,3,1.0
1150271,2795,105910,1730,14,14,6,8,0.5714,0.1429,1.0,13,3,3,1.0
1150273,2795,105910,1730,14,14,6,8,0.5714,0.1429,1.0,13,3,3,1.0
1005004,2795,105910,1730,14,14,6,8,0.5714,0.1429,1.0,13,3,3,1.0
1128776,2795,105910,1730,14,14,6,8,0.5714,0.1429,1.0,13,3,3,1.0
1148874,2795,105910,1730,14,14,6,8,0.5714,0.1429,1.0,13,3,3,1.0
1059869,375963,375296,4085,14,14,3,5,0.3571,0.1429,1.0,13,3,3,1.0
1052232,375963,375296,4085,14,14,3,5,0.3571,0.1429,1.0,13,3,3,1.0
1072241,375963,375296,4085,14,14,3,5,0.3571,0.1429,1.0,13,3,3,1.0
1108362,207036,207035,12470,14,14,6,8,0.5714,0.1429,1.0,13,3,3,1.0
1072840,207036,207035,12470,14,14,6,8,0.5714,0.1429,1.0,13,3,3,1.0
1099001,207036,207035,12470,14,14,6,8,0.5714,0.1429,1.0,13,3,3,1.0
1072839,207036,207035,12470,14,14,6,8,0.5714,0.1429,1.0,13,3,3,1.0
1053147,207036,207035,12470,14,14,6,8,0.5714,0.1429,1.0,13,3,3,1.0
1108360,207036,207035,12470,14,14,6,8,0.5714,0.1429,1.0,13,3,3,1.0
1069369,5881,22067,13049,14,14,5,7,0.5,0.1429,1.0,13,3,3,1.0
1071022,5881,22067,13049,14,14,5,7,0.5,0.1429,1.0,13,3,3,1.0
1069368,5881,22067,13049,14,14,5,7,0.5,0.1429,1.0,13,3,3,1.0
1135221,5881,22067,13049,14,14,5,7,0.5,0.1429,1.0,13,3,3,1.0
1084256,5881,22067,13049,14,14,5,7,0.5,0.1429,1.0,13,3,3,1.0
1271073,8851,8920,13660,14,14,3,5,0.3571,0.1429,1.0,13,3,3,1.0
1271072,8851,8920,13660,14,14,3,5,0.3571,0.1429,1.0,13,3,3,1.0
1271074,8851,8920,13660,14,14,3,5,0.3571,0.1429,1.0,13,3,3,1.0
1073326,216329,216958,16855,14,14,6,8,0.5714,0.1429,1.0,13,3,3,1.0
1097827,216329,216958,16855,14,14,6,8,0.5714,0.1429,1.0,13,3,3,1.0
1098953,216329,216958,16855,14,14,6,8,0.5714,0.1429,1.0,13,3,3,1.0
1098989,216329,216958,16855,14,14,6,8,0.5714,0.1429,1.0,13,3,3,1.0
1073124,216329,216958,16855,14,14,6,8,0.5714,0.1429,1.0,13,3,3,1.0
1108316,216329,216958,16855,14,14,6,8,0.5714,0.1429,1.0,13,3,3,1.0
1111382,25411,13486,25210,14,14,3,5,0.3571,0.1429,1.0,13,3,3,1.0
1111381,25411,13486,25210,14,14,3,5,0.3571,0.1429,1.0,13,3,3,1.0
1111362,25411,13486,25210,14,14,3,5,0.3571,0.1429,1.0,13,3,3,1.0
1195559,284483,284167,29899,14,14,2,4,0.2857,0.1429,1.0,13,3,3,1.0
1132159,284476,284167,29899,14,14,2,4,0.2857,0.1429,1.0,13,3,3,1.0
1133232,284476,284167,29899,14,14,2,4,0.2857,0.1429,1.0,13,3,3,1.0
1195451,284483,284167,29899,14,14,2,4,0.2857,0.1429,1.0,13,3,3,1.0
1133233,284479,284167,29899,14,14,2,4,0.2857,0.1429,1.0,13,3,3,1.0
1133563,284479,284167,29899,14,14,2,4,0.2857,0.1429,1.0,13,3,3,1.0
1173538,7669,7408,30036,14,14,1,3,0.2143,0.1429,1.0,13,3,3,1.0
1304035,343372,7408,30036,14,14,1,3,0.2143,0.1429,1.0,13,3,3,1.0
1305255,204,7408,30036,14,14,1,3,0.2143,0.1429,1.0,13,3,3,1.0
1304018,269,7408,30036,14,14,1,3,0.2143,0.1429,1.0,13,3,3,1.0
1300714,225,7408,30036,14,14,1,3,0.2143,0.1429,1.0,13,3,3,1.0
1304019,270,7408,30036,14,14,1,3,0.2143,0.1429,1.0,13,3,3,1.0
1304036,7529,7408,30036,14,14,1,3,0.2143,0.1429,1.0,13,3,3,1.0
1184879,19239,19168,39257,14,14,5,7,0.5,0.1429,1.0,13,3,3,1.0
1185417,19239,19168,39257,14,14,5,7,0.5,0.1429,1.0,13,3,3,1.0
1186159,19239,19168,39257,14,14,5,7,0.5,0.1429,1.0,13,3,3,1.0
1183637,19239,19168,39257,14,14,5,7,0.5,0.1429,1.0,13,3,3,1.0
1185570,19239,19168,39257,14,14,5,7,0.5,0.1429,1.0,13,3,3,1.0
1273532,9923,9779,45523,14,14,6,8,0.5714,0.1429,1.0,13,3,3,1.0
1270035,9923,9779,45523,14,14,6,8,0.5714,0.1429,1.0,13,3,3,1.0
1278201,9923,9779,45523,14,14,6,8,0.5714,0.1429,1.0,13,3,3,1.0
1225536,9923,9779,45523,14,14,6,8,0.5714,0.1429,1.0,13,3,3,1.0
1289571,9923,9779,45523,14,14,6,8,0.5714,0.1429,1.0,13,3,3,1.0
1289573,9923,9779,45523,14,14,6,8,0.5714,0.1429,1.0,13,3,3,1.0
1000679,5563,5569,90,7,7,1,2,0.2857,0.1429,1.0,6,3,3,1.0
1000688,5568,5569,90,7,7,1,2,0.2857,0.1429,1.0,6,3,3,1.0
1000658,5570,5569,90,7,7,1,2,0.2857,0.1429,1.0,6,3,3,1.0
1173931,84123,264637,798,7,7,1,2,0.2857,0.1429,1.0,6,3,3,1.0
1126127,21424,264637,798,7,7,1,2,0.2857,0.1429,1.0,6,3,3,1.0
1180925,15705,264637,798,7,7,1,2,0.2857,0.1429,1.0,6,3,3,1.0
1177958,15673,264637,798,7,7,1,2,0.2857,0.1429,1.0,6,3,3,1.0
1002079,489,264637,798,7,7,1,2,0.2857,0.1429,1.0,6,3,3,1.0
1004554,133427,133428,1570,7,7,3,4,0.5714,0.1429,1.0,6,3,3,1.0
1004528,133427,133428,1570,7,7,3,4,0.5714,0.1429,1.0,6,3,3,1.0
1004555,133427,133428,1570,7,7,3,4,0.5714,0.1429,1.0,6,3,3,1.0
1130783,343164,4378,2004,7,7,3,4,0.5714,0.1429,1.0,6,3,3,1.0
1248279,343164,4378,2004,7,7,3,4,0.5714,0.1429,1.0,6,3,3,1.0
1133385,343164,4378,2004,7,7,3,4,0.5714,0.1429,1.0,6,3,3,1.0
1163463,24566,11300,3713,7,7,1,2,0.2857,0.1429,1.0,6,3,3,1.0
1150194,3648,3642,4777,7,7,3,4,0.5714,0.1429,1.0,6,3,3,1.0
1014573,3648,3642,4777,7,7,3,4,0.5714,0.1429,1.0,6,3,3,1.0
1150130,3648,3642,4777,7,7,3,4,0.5714,0.1429,1.0,6,3,3,1.0
1281056,4845,26796,5120,7,7,2,3,0.4286,0.1429,1.0,6,3,3,1.0
1216192,4845,26796,5120,7,7,2,3,0.4286,0.1429,1.0,6,3,3,1.0
1281431,18008,17986,5130,7,7,1,2,0.2857,0.1429,1.0,6,3,3,1.0
1015462,17965,17986,5130,7,7,1,2,0.2857,0.1429,1.0,6,3,3,1.0
1137937,18012,17986,5130,7,7,1,2,0.2857,0.1429,1.0,6,3,3,1.0
1019451,9271,9223,5176,7,7,3,4,0.5714,0.1429,1.0,6,3,3,1.0
1018821,9271,9223,5176,7,7,3,4,0.5714,0.1429,1.0,6,3,3,1.0
1018820,9271,9223,5176,7,7,3,4,0.5714,0.1429,1.0,6,3,3,1.0
1046195,24420,24411,6161,7,7,3,4,0.5714,0.1429,1.0,6,3,3,1.0
1046196,24420,24411,6161,7,7,3,4,0.5714,0.1429,1.0,6,3,3,1.0
1046197,24420,24411,6161,7,7,3,4,0.5714,0.1429,1.0,6,3,3,1.0
1022914,173127,258564,6252,7,7,3,4,0.5714,0.1429,1.0,6,3,3,1.0
1022916,173127,258564,6252,7,7,3,4,0.5714,0.1429,1.0,6,3,3,1.0
1022993,173127,258564,6252,7,7,3,4,0.5714,0.1429,1.0,6,3,3,1.0
1024336,24107,24054,6437,7,7,3,4,0.5714,0.1429,1.0,6,3,3,1.0
1024337,24107,24054,6437,7,7,3,4,0.5714,0.1429,1.0,6,3,3,1.0
1023602,24107,24054,6437,7,7,3,4,0.5714,0.1429,1.0,6,3,3,1.0
1023727,8705,23301,6468,7,7,3,4,0.5714,0.1429,1.0,6,3,3,1.0
1023729,8705,23301,6468,7,7,3,4,0.5714,0.1429,1.0,6,3,3,1.0
1023728,8705,23301,6468,7,7,3,4,0.5714,0.1429,1.0,6,3,3,1.0
1024071,24061,24078,6550,7,7,3,4,0.5714,0.1429,1.0,6,3,3,1.0
1024156,24061,24078,6550,7,7,3,4,0.5714,0.1429,1.0,6,3,3,1.0
1024157,24061,24078,6550,7,7,3,4,0.5714,0.1429,1.0,6,3,3,1.0
1068994,5901,5894,7519,7,7,3,4,0.5714,0.1429,1.0,6,3,3,1.0
1069025,5901,5894,7519,7,7,3,4,0.5714,0.1429,1.0,6,3,3,1.0
1059816,5901,5894,7519,7,7,3,4,0.5714,0.1429,1.0,6,3,3,1.0
1068426,22057,22053,7534,7,7,2,3,0.4286,0.1429,1.0,6,3,3,1.0
1028569,22057,22053,7534,7,7,2,3,0.4286,0.1429,1.0,6,3,3,1.0
1068425,5834,22053,7534,7,7,2,3,0.4286,0.1429,1.0,6,3,3,1.0
1068428,5834,22053,7534,7,7,2,3,0.4286,0.1429,1.0,6,3,3,1.0
1169116,26018,15056,7595,7,7,3,4,0.5714,0.1429,1.0,6,3,3,1.0
1190109,26018,15056,7595,7,7,3,4,0.5714,0.1429,1.0,6,3,3,1.0
1169132,26018,15056,7595,7,7,3,4,0.5714,0.1429,1.0,6,3,3,1.0
1169118,26025,26024,7597,7,7,3,4,0.5714,0.1429,1.0,6,3,3,1.0
1190123,26025,26024,7597,7,7,3,4,0.5714,0.1429,1.0,6,3,3,1.0
1169119,26025,26024,7597,7,7,3,4,0.5714,0.1429,1.0,6,3,3,1.0
1035398,10871,66227,9318,7,7,2,3,0.4286,0.1429,1.0,6,3,3,1.0
1035395,10871,66227,9318,7,7,2,3,0.4286,0.1429,1.0,6,3,3,1.0
1035397,10879,66227,9318,7,7,2,3,0.4286,0.1429,1.0,6,3,3,1.0
1035447,10879,66227,9318,7,7,2,3,0.4286,0.1429,1.0,6,3,3,1.0
1079761,19250,27304,12059,7,7,3,4,0.5714,0.1429,1.0,6,3,3,1.0
1077910,19250,27304,12059,7,7,3,4,0.5714,0.1429,1.0,6,3,3,1.0
1049053,19250,27304,12059,7,7,3,4,0.5714,0.1429,1.0,6,3,3,1.0
1068964,5900,5909,13046,7,7,3,4,0.5714,0.1429,1.0,6,3,3,1.0
1089762,5900,5909,13046,7,7,3,4,0.5714,0.1429,1.0,6,3,3,1.0
1068963,5900,5909,13046,7,7,3,4,0.5714,0.1429,1.0,6,3,3,1.0
1059106,15492,15503,13523,7,7,3,4,0.5714,0.1429,1.0,6,3,3,1.0
1089936,15492,15503,13523,7,7,3,4,0.5714,0.1429,1.0,6,3,3,1.0
1060111,15492,15503,13523,7,7,3,4,0.5714,0.1429,1.0,6,3,3,1.0
1068951,5887,5878,15730,7,7,3,4,0.5714,0.1429,1.0,6,3,3,1.0
1068949,5887,5878,15730,7,7,3,4,0.5714,0.1429,1.0,6,3,3,1.0
1095593,5887,5878,15730,7,7,3,4,0.5714,0.1429,1.0,6,3,3,1.0
1072461,343147,1479,16634,7,7,3,4,0.5714,0.1429,1.0,6,3,3,1.0
1125063,343147,1479,16634,7,7,3,4,0.5714,0.1429,1.0,6,3,3,1.0
1122617,343147,1479,16634,7,7,3,4,0.5714,0.1429,1.0,6,3,3,1.0
1190082,15056,26007,16820,7,7,3,4,0.5714,0.1429,1.0,6,3,3,1.0
1190084,15056,26007,16820,7,7,3,4,0.5714,0.1429,1.0,6,3,3,1.0
1190083,15056,26007,16820,7,7,3,4,0.5714,0.1429,1.0,6,3,3,1.0
1077700,19153,19208,17862,7,7,3,4,0.5714,0.1429,1.0,6,3,3,1.0
1077701,19153,19208,17862,7,7,3,4,0.5714,0.1429,1.0,6,3,3,1.0
1077702,19153,19208,17862,7,7,3,4,0.5714,0.1429,1.0,6,3,3,1.0
1079191,129906,129905,18178,7,7,3,4,0.5714,0.1429,1.0,6,3,3,1.0
1079188,129906,129905,18178,7,7,3,4,0.5714,0.1429,1.0,6,3,3,1.0
1079158,129906,129905,18178,7,7,3,4,0.5714,0.1429,1.0,6,3,3,1.0
1091593,18143,18175,18355,7,7,3,4,0.5714,0.1429,1.0,6,3,3,1.0
1091592,18143,18175,18355,7,7,3,4,0.5714,0.1429,1.0,6,3,3,1.0
1093011,18143,18175,18355,7,7,3,4,0.5714,0.1429,1.0,6,3,3,1.0
1111910,14601,14536,19597,7,7,3,4,0.5714,0.1429,1.0,6,3,3,1.0
1083314,14601,14536,19597,7,7,3,4,0.5714,0.1429,1.0,6,3,3,1.0
1112118,14601,14536,19597,7,7,3,4,0.5714,0.1429,1.0,6,3,3,1.0
1083359,27031,18095,19630,7,7,3,4,0.5714,0.1429,1.0,6,3,3,1.0
1202098,27031,18095,19630,7,7,3,4,0.5714,0.1429,1.0,6,3,3,1.0
1083358,27031,18095,19630,7,7,3,4,0.5714,0.1429,1.0,6,3,3,1.0
1115069,13102,13110,19762,7,7,3,4,0.5714,0.1429,1.0,6,3,3,1.0
1115070,13102,13110,19762,7,7,3,4,0.5714,0.1429,1.0,6,3,3,1.0
1115071,13102,13110,19762,7,7,3,4,0.5714,0.1429,1.0,6,3,3,1.0
1083981,13482,13462,19820,7,7,3,4,0.5714,0.1429,1.0,6,3,3,1.0
1083983,13482,13462,19820,7,7,3,4,0.5714,0.1429,1.0,6,3,3,1.0
1083982,13482,13462,19820,7,7,3,4,0.5714,0.1429,1.0,6,3,3,1.0
1116161,12939,12919,20734,7,7,3,4,0.5714,0.1429,1.0,6,3,3,1.0
1116162,12939,12919,20734,7,7,3,4,0.5714,0.1429,1.0,6,3,3,1.0
1155927,12939,12919,20734,7,7,3,4,0.5714,0.1429,1.0,6,3,3,1.0
1104247,27028,18117,20872,7,7,3,4,0.5714,0.1429,1.0,6,3,3,1.0
1091039,27028,18117,20872,7,7,3,4,0.5714,0.1429,1.0,6,3,3,1.0
1092791,27028,18117,20872,7,7,3,4,0.5714,0.1429,1.0,6,3,3,1.0
1184581,18778,18719,21175,7,7,3,4,0.5714,0.1429,1.0,6,3,3,1.0
1185026,18778,18719,21175,7,7,3,4,0.5714,0.1429,1.0,6,3,3,1.0
1184580,18778,18719,21175,7,7,3,4,0.5714,0.1429,1.0,6,3,3,1.0
1091903,3412,15500,21184,7,7,2,3,0.4286,0.1429,1.0,6,3,3,1.0
1091852,3412,15500,21184,7,7,2,3,0.4286,0.1429,1.0,6,3,3,1.0
1100290,16998,17015,23204,7,7,3,4,0.5714,0.1429,1.0,6,3,3,1.0
1106233,16998,17015,23204,7,7,3,4,0.5714,0.1429,1.0,6,3,3,1.0
1100306,16998,17015,23204,7,7,3,4,0.5714,0.1429,1.0,6,3,3,1.0
1110271,16958,16982,23402,7,7,3,4,0.5714,0.1429,1.0,6,3,3,1.0
1110270,16958,16982,23402,7,7,3,4,0.5714,0.1429,1.0,6,3,3,1.0
1104465,16958,16982,23402,7,7,3,4,0.5714,0.1429,1.0,6,3,3,1.0
1109006,16928,16971,24127,7,7,3,4,0.5714,0.1429,1.0,6,3,3,1.0
1109069,16928,16971,24127,7,7,3,4,0.5714,0.1429,1.0,6,3,3,1.0
1109005,16928,16971,24127,7,7,3,4,0.5714,0.1429,1.0,6,3,3,1.0
1111080,14651,14719,24157,7,7,3,4,0.5714,0.1429,1.0,6,3,3,1.0
1111068,14651,14719,24157,7,7,3,4,0.5714,0.1429,1.0,6,3,3,1.0
1104526,14651,14719,24157,7,7,3,4,0.5714,0.1429,1.0,6,3,3,1.0
1113854,16971,16995,24513,7,7,3,4,0.5714,0.1429,1.0,6,3,3,1.0
1105908,16971,16995,24513,7,7,3,4,0.5714,0.1429,1.0,6,3,3,1.0
1105964,16971,16995,24513,7,7,3,4,0.5714,0.1429,1.0,6,3,3,1.0
1110445,17033,26612,24731,7,7,3,4,0.5714,0.1429,1.0,6,3,3,1.0
1110444,17033,26612,24731,7,7,3,4,0.5714,0.1429,1.0,6,3,3,1.0
1110446,17033,26612,24731,7,7,3,4,0.5714,0.1429,1.0,6,3,3,1.0
1111316,14802,14787,24860,7,7,3,4,0.5714,0.1429,1.0,6,3,3,1.0
1138563,14802,14787,24860,7,7,3,4,0.5714,0.1429,1.0,6,3,3,1.0
1111317,14802,14787,24860,7,7,3,4,0.5714,0.1429,1.0,6,3,3,1.0
1113791,25829,25828,24971,7,7,3,4,0.5714,0.1429,1.0,6,3,3,1.0
1113773,25829,25828,24971,7,7,3,4,0.5714,0.1429,1.0,6,3,3,1.0
1113789,25829,25828,24971,7,7,3,4,0.5714,0.1429,1.0,6,3,3,1.0
1110520,17018,16995,25139,7,7,3,4,0.5714,0.1429,1.0,6,3,3,1.0
1110521,17018,16995,25139,7,7,3,4,0.5714,0.1429,1.0,6,3,3,1.0
1110452,17018,16995,25139,7,7,3,4,0.5714,0.1429,1.0,6,3,3,1.0
1110491,17018,17033,25143,7,7,3,4,0.5714,0.1429,1.0,6,3,3,1.0
1110519,17018,17033,25143,7,7,3,4,0.5714,0.1429,1.0,6,3,3,1.0
1113852,17018,17033,25143,7,7,3,4,0.5714,0.1429,1.0,6,3,3,1.0
1111375,14714,14651,25317,7,7,3,4,0.5714,0.1429,1.0,6,3,3,1.0
1111372,14714,14651,25317,7,7,3,4,0.5714,0.1429,1.0,6,3,3,1.0
1111374,14714,14651,25317,7,7,3,4,0.5714,0.1429,1.0,6,3,3,1.0
1122662,24987,24997,27325,7,7,2,3,0.4286,0.1429,1.0,6,3,3,1.0
1122677,24987,24997,27325,7,7,2,3,0.4286,0.1429,1.0,6,3,3,1.0
1171404,25013,24997,27325,7,7,2,3,0.4286,0.1429,1.0,6,3,3,1.0
1171405,25013,24997,27325,7,7,2,3,0.4286,0.1429,1.0,6,3,3,1.0
1125829,12832,20017,27468,7,7,2,3,0.4286,0.1429,1.0,6,3,3,1.0
1125830,12833,20017,27468,7,7,2,3,0.4286,0.1429,1.0,6,3,3,1.0
1125831,12832,20017,27468,7,7,2,3,0.4286,0.1429,1.0,6,3,3,1.0
1125832,12833,20017,27468,7,7,2,3,0.4286,0.1429,1.0,6,3,3,1.0
1309205,22368,22350,28732,7,7,2,3,0.4286,0.1429,1.0,6,3,3,1.0
1309202,22368,22350,28732,7,7,2,3,0.4286,0.1429,1.0,6,3,3,1.0
1300385,6705,22350,28732,7,7,2,3,0.4286,0.1429,1.0,6,3,3,1.0
1299006,6705,22350,28732,7,7,2,3,0.4286,0.1429,1.0,6,3,3,1.0
1306264,26606,26608,28771,7,7,3,4,0.5714,0.1429,1.0,6,3,3,1.0
1306263,26606,26608,28771,7,7,3,4,0.5714,0.1429,1.0,6,3,3,1.0
1306262,26606,26608,28771,7,7,3,4,0.5714,0.1429,1.0,6,3,3,1.0
1127767,21711,4936,28788,7,7,3,4,0.5714,0.1429,1.0,6,3,3,1.0
1276005,21711,4936,28788,7,7,3,4,0.5714,0.1429,1.0,6,3,3,1.0
1279349,21711,4936,28788,7,7,3,4,0.5714,0.1429,1.0,6,3,3,1.0
1221892,12817,12787,28813,7,7,3,4,0.5714,0.1429,1.0,6,3,3,1.0
1200321,12817,12787,28813,7,7,3,4,0.5714,0.1429,1.0,6,3,3,1.0
1209855,12817,12787,28813,7,7,3,4,0.5714,0.1429,1.0,6,3,3,1.0
1209728,103643,855,28814,7,7,3,4,0.5714,0.1429,1.0,6,3,3,1.0
1195900,103643,855,28814,7,7,3,4,0.5714,0.1429,1.0,6,3,3,1.0
1200333,103643,855,28814,7,7,3,4,0.5714,0.1429,1.0,6,3,3,1.0
1201069,11906,24801,28903,7,7,1,2,0.2857,0.1429,1.0,6,3,3,1.0
1201790,11900,24801,28903,7,7,1,2,0.2857,0.1429,1.0,6,3,3,1.0
1200013,11880,24801,28903,7,7,1,2,0.2857,0.1429,1.0,6,3,3,1.0
1201791,11898,24801,28903,7,7,1,2,0.2857,0.1429,1.0,6,3,3,1.0
1201831,24799,24801,28903,7,7,1,2,0.2857,0.1429,1.0,6,3,3,1.0
1280286,22266,6349,29846,7,7,3,4,0.5714,0.1429,1.0,6,3,3,1.0
1280285,22266,6349,29846,7,7,3,4,0.5714,0.1429,1.0,6,3,3,1.0
1298712,22266,6349,29846,7,7,3,4,0.5714,0.1429,1.0,6,3,3,1.0
1133552,22176,22157,30433,7,7,3,4,0.5714,0.1429,1.0,6,3,3,1.0
1215683,22176,22157,30433,7,7,3,4,0.5714,0.1429,1.0,6,3,3,1.0
1133359,22176,22157,30433,7,7,3,4,0.5714,0.1429,1.0,6,3,3,1.0
1271683,8423,228155,31610,7,7,3,4,0.5714,0.1429,1.0,6,3,3,1.0
1271685,8423,228155,31610,7,7,3,4,0.5714,0.1429,1.0,6,3,3,1.0
1271684,8423,228155,31610,7,7,3,4,0.5714,0.1429,1.0,6,3,3,1.0
1144610,21355,3505,31649,7,7,3,4,0.5714,0.1429,1.0,6,3,3,1.0
1148664,21355,3505,31649,7,7,3,4,0.5714,0.1429,1.0,6,3,3,1.0
1148662,21355,3505,31649,7,7,3,4,0.5714,0.1429,1.0,6,3,3,1.0
1198378,652,654,31882,7,7,3,4,0.5714,0.1429,1.0,6,3,3,1.0
1201880,652,654,31882,7,7,3,4,0.5714,0.1429,1.0,6,3,3,1.0
1216361,652,654,31882,7,7,3,4,0.5714,0.1429,1.0,6,3,3,1.0
1166135,19085,19069,32037,7,7,3,4,0.5714,0.1429,1.0,6,3,3,1.0
1166134,19085,19069,32037,7,7,3,4,0.5714,0.1429,1.0,6,3,3,1.0
1138678,19085,19069,32037,7,7,3,4,0.5714,0.1429,1.0,6,3,3,1.0
1156400,15489,3464,34350,7,7,3,4,0.5714,0.1429,1.0,6,3,3,1.0
1153518,15489,3464,34350,7,7,3,4,0.5714,0.1429,1.0,6,3,3,1.0
1153519,15489,3464,34350,7,7,3,4,0.5714,0.1429,1.0,6,3,3,1.0
1306820,536347,25963,35581,7,7,3,4,0.5714,0.1429,1.0,6,3,3,1.0
1306818,536347,25963,35581,7,7,3,4,0.5714,0.1429,1.0,6,3,3,1.0
1306819,536347,25963,35581,7,7,3,4,0.5714,0.1429,1.0,6,3,3,1.0
1190350,4191,4172,36763,7,7,3,4,0.5714,0.1429,1.0,6,3,3,1.0
1190352,4191,4172,36763,7,7,3,4,0.5714,0.1429,1.0,6,3,3,1.0
1169153,4191,4172,36763,7,7,3,4,0.5714,0.1429,1.0,6,3,3,1.0
1175467,24693,24720,37721,7,7,3,4,0.5714,0.1429,1.0,6,3,3,1.0
1175465,24693,24720,37721,7,7,3,4,0.5714,0.1429,1.0,6,3,3,1.0
1175466,24693,24720,37721,7,7,3,4,0.5714,0.1429,1.0,6,3,3,1.0
1179461,1574,1494,38775,7,7,3,4,0.5714,0.1429,1.0,6,3,3,1.0
1179460,1574,1494,38775,7,7,3,4,0.5714,0.1429,1.0,6,3,3,1.0
1179462,1574,1494,38775,7,7,3,4,0.5714,0.1429,1.0,6,3,3,1.0
1219660,4347,4298,39918,7,7,3,4,0.5714,0.1429,1.0,6,3,3,1.0
1219662,4347,4298,39918,7,7,3,4,0.5714,0.1429,1.0,6,3,3,1.0
1219663,4347,4298,39918,7,7,3,4,0.5714,0.1429,1.0,6,3,3,1.0
1196779,10753,10849,41013,7,7,3,4,0.5714,0.1429,1.0,6,3,3,1.0
1196942,10753,10849,41013,7,7,3,4,0.5714,0.1429,1.0,6,3,3,1.0
1196781,10753,10849,41013,7,7,3,4,0.5714,0.1429,1.0,6,3,3,1.0
1208343,1036,19987,41055,7,7,3,4,0.5714,0.1429,1.0,6,3,3,1.0
1208297,1036,19987,41055,7,7,3,4,0.5714,0.1429,1.0,6,3,3,1.0
1208362,1036,19987,41055,7,7,3,4,0.5714,0.1429,1.0,6,3,3,1.0
1216238,10778,24389,41240,7,7,3,4,0.5714,0.1429,1.0,6,3,3,1.0
1216619,10778,24389,41240,7,7,3,4,0.5714,0.1429,1.0,6,3,3,1.0
1216984,10778,24389,41240,7,7,3,4,0.5714,0.1429,1.0,6,3,3,1.0
1197971,205115,19883,41369,7,7,3,4,0.5714,0.1429,1.0,6,3,3,1.0
1197970,205115,19883,41369,7,7,3,4,0.5714,0.1429,1.0,6,3,3,1.0
1228055,205115,19883,41369,7,7,3,4,0.5714,0.1429,1.0,6,3,3,1.0
1200398,25168,274565,42097,7,7,1,2,0.2857,0.1429,1.0,6,3,3,1.0
1265558,274564,274565,42097,7,7,1,2,0.2857,0.1429,1.0,6,3,3,1.0
1224534,274562,274565,42097,7,7,1,2,0.2857,0.1429,1.0,6,3,3,1.0
1265560,274563,274565,42097,7,7,1,2,0.2857,0.1429,1.0,6,3,3,1.0
1224535,274566,274565,42097,7,7,1,2,0.2857,0.1429,1.0,6,3,3,1.0
1229100,12591,12617,42145,7,7,1,2,0.2857,0.1429,1.0,6,3,3,1.0
1229101,12618,12617,42145,7,7,1,2,0.2857,0.1429,1.0,6,3,3,1.0
1229258,12597,12617,42145,7,7,1,2,0.2857,0.1429,1.0,6,3,3,1.0
1309035,8760,8650,42408,7,7,3,4,0.5714,0.1429,1.0,6,3,3,1.0
1309034,8760,8650,42408,7,7,3,4,0.5714,0.1429,1.0,6,3,3,1.0
1309037,8760,8650,42408,7,7,3,4,0.5714,0.1429,1.0,6,3,3,1.0
1220332,18450,18453,42517,7,7,3,4,0.5714,0.1429,1.0,6,3,3,1.0
1220339,18450,18453,42517,7,7,3,4,0.5714,0.1429,1.0,6,3,3,1.0
1220333,18450,18453,42517,7,7,3,4,0.5714,0.1429,1.0,6,3,3,1.0
1311026,5278,5324,43957,7,7,1,2,0.2857,0.1429,1.0,6,3,3,1.0
1218125,12048,12050,44397,7,7,3,4,0.5714,0.1429,1.0,6,3,3,1.0
1218126,12048,12050,44397,7,7,3,4,0.5714,0.1429,1.0,6,3,3,1.0
1218124,12048,12050,44397,7,7,3,4,0.5714,0.1429,1.0,6,3,3,1.0
1249744,22622,7073,46647,7,7,3,4,0.5714,0.1429,1.0,6,3,3,1.0
1247659,22622,7073,46647,7,7,3,4,0.5714,0.1429,1.0,6,3,3,1.0
1307442,22622,7073,46647,7,7,3,4,0.5714,0.1429,1.0,6,3,3,1.0
1288025,25522,25535,47202,7,7,3,4,0.5714,0.1429,1.0,6,3,3,1.0
1266324,25522,25535,47202,7,7,3,4,0.5714,0.1429,1.0,6,3,3,1.0
1266326,25522,25535,47202,7,7,3,4,0.5714,0.1429,1.0,6,3,3,1.0
1269578,11866,11810,47696,7,7,3,4,0.5714,0.1429,1.0,6,3,3,1.0
1271566,11866,11810,47696,7,7,3,4,0.5714,0.1429,1.0,6,3,3,1.0
1271526,11866,11810,47696,7,7,3,4,0.5714,0.1429,1.0,6,3,3,1.0
1273967,8875,8996,48832,7,7,3,4,0.5714,0.1429,1.0,6,3,3,1.0
1273969,8875,8996,48832,7,7,3,4,0.5714,0.1429,1.0,6,3,3,1.0
1300521,8875,8996,48832,7,7,3,4,0.5714,0.1429,1.0,6,3,3,1.0
1278563,17061,17102,49738,7,7,3,4,0.5714,0.1429,1.0,6,3,3,1.0
1278561,17061,17102,49738,7,7,3,4,0.5714,0.1429,1.0,6,3,3,1.0
1278564,17061,17102,49738,7,7,3,4,0.5714,0.1429,1.0,6,3,3,1.0
1281996,7946,22946,50721,7,7,3,4,0.5714,0.1429,1.0,6,3,3,1.0
1281995,7946,22946,50721,7,7,3,4,0.5714,0.1429,1.0,6,3,3,1.0
1281993,7946,22946,50721,7,7,3,4,0.5714,0.1429,1.0,6,3,3,1.0
1282816,160955,153291,50936,7,7,1,2,0.2857,0.1429,1.0,6,3,3,1.0
1307056,7416,7378,51869,7,7,3,4,0.5714,0.1429,1.0,6,3,3,1.0
1297666,7416,7378,51869,7,7,3,4,0.5714,0.1429,1.0,6,3,3,1.0
1307054,7416,7378,51869,7,7,3,4,0.5714,0.1429,1.0,6,3,3,1.0
1306138,7608,7642,51957,7,7,3,4,0.5714,0.1429,1.0,6,3,3,1.0
1306140,7608,7642,51957,7,7,3,4,0.5714,0.1429,1.0,6,3,3,1.0
1297871,7608,7642,51957,7,7,3,4,0.5714,0.1429,1.0,6,3,3,1.0
1300759,22410,22444,52595,7,7,2,3,0.4286,0.1429,1.0,6,3,3,1.0
1300905,22410,22444,52595,7,7,2,3,0.4286,0.1429,1.0,6,3,3,1.0
1303173,22433,22444,52595,7,7,2,3,0.4286,0.1429,1.0,6,3,3,1.0
1303170,22433,22444,52595,7,7,2,3,0.4286,0.1429,1.0,6,3,3,1.0
1301774,7776,7826,52638,7,7,3,4,0.5714,0.1429,1.0,6,3,3,1.0
1301776,7776,7826,52638,7,7,3,4,0.5714,0.1429,1.0,6,3,3,1.0
1301777,7776,7826,52638,7,7,3,4,0.5714,0.1429,1.0,6,3,3,1.0
1302209,6810,6789,52907,7,7,3,4,0.5714,0.1429,1.0,6,3,3,1.0
1302206,6810,6789,52907,7,7,3,4,0.5714,0.1429,1.0,6,3,3,1.0
1302207,6810,6789,52907,7,7,3,4,0.5714,0.1429,1.0,6,3,3,1.0
1308515,8246,8291,53787,7,7,3,4,0.5714,0.1429,1.0,6,3,3,1.0
1308517,8246,8291,53787,7,7,3,4,0.5714,0.1429,1.0,6,3,3,1.0
1307478,8246,8291,53787,7,7,3,4,0.5714,0.1429,1.0,6,3,3,1.0
1309502,8009,8059,53893,7,7,3,4,0.5714,0.1429,1.0,6,3,3,1.0
1309505,8009,8059,53893,7,7,3,4,0.5714,0.1429,1.0,6,3,3,1.0
1309504,8009,8059,53893,7,7,3,4,0.5714,0.1429,1.0,6,3,3,1.0
1072649,229764,233282,3660,37,37,4,9,0.2432,0.1351,1.0,36,3,3,1.0
1108567,229764,233282,3660,37,37,4,9,0.2432,0.1351,1.0,36,3,3,1.0
1108569,229764,233282,3660,37,37,4,9,0.2432,0.1351,1.0,36,3,3,1.0
1072646,229764,233282,3660,37,37,4,9,0.2432,0.1351,1.0,36,3,3,1.0
1063518,144322,144324,14777,15,15,3,5,0.3333,0.1333,1.0,14,3,3,1.0
1065961,144322,144324,14777,15,15,3,5,0.3333,0.1333,1.0,14,3,3,1.0
1063498,144322,144324,14777,15,15,3,5,0.3333,0.1333,1.0,14,3,3,1.0
1287190,18277,18322,15786,15,15,3,5,0.3333,0.1333,1.0,14,3,3,1.0
1127223,18370,18322,15786,15,15,3,5,0.3333,0.1333,1.0,14,3,3,1.0
1281525,18370,18322,15786,15,15,3,5,0.3333,0.1333,1.0,14,3,3,1.0
1287189,18277,18322,15786,15,15,3,5,0.3333,0.1333,1.0,14,3,3,1.0
1131023,18277,18322,15786,15,15,3,5,0.3333,0.1333,1.0,14,3,3,1.0
1280982,18370,18322,15786,15,15,3,5,0.3333,0.1333,1.0,14,3,3,1.0
1150789,3726,21444,21576,15,15,6,8,0.5333,0.1333,1.0,14,3,3,1.0
1149384,3726,21444,21576,15,15,6,8,0.5333,0.1333,1.0,14,3,3,1.0
1092871,3726,21444,21576,15,15,6,8,0.5333,0.1333,1.0,14,3,3,1.0
1145950,3726,21444,21576,15,15,6,8,0.5333,0.1333,1.0,14,3,3,1.0
1150788,3726,21444,21576,15,15,6,8,0.5333,0.1333,1.0,14,3,3,1.0
1145951,3726,21444,21576,15,15,6,8,0.5333,0.1333,1.0,14,3,3,1.0
1166188,4004,3981,30618,15,15,5,7,0.4667,0.1333,1.0,14,3,3,1.0
1136177,4004,3981,30618,15,15,5,7,0.4667,0.1333,1.0,14,3,3,1.0
1187884,4004,3981,30618,15,15,5,7,0.4667,0.1333,1.0,14,3,3,1.0
1166192,4004,3981,30618,15,15,5,7,0.4667,0.1333,1.0,14,3,3,1.0
1166193,4004,3981,30618,15,15,5,7,0.4667,0.1333,1.0,14,3,3,1.0
1267733,9972,9963,31755,15,15,3,5,0.3333,0.1333,1.0,14,3,3,1.0
1267689,9972,9963,31755,15,15,3,5,0.3333,0.1333,1.0,14,3,3,1.0
1267736,9972,9963,31755,15,15,3,5,0.3333,0.1333,1.0,14,3,3,1.0
1267685,9976,9963,31755,15,15,3,5,0.3333,0.1333,1.0,14,3,3,1.0
1267686,9976,9963,31755,15,15,3,5,0.3333,0.1333,1.0,14,3,3,1.0
1267683,9976,9963,31755,15,15,3,5,0.3333,0.1333,1.0,14,3,3,1.0
1154891,15974,15931,32548,15,15,4,6,0.4,0.1333,1.0,14,3,3,1.0
1146206,15941,15931,32548,15,15,4,6,0.4,0.1333,1.0,14,3,3,1.0
1146207,15941,15931,32548,15,15,4,6,0.4,0.1333,1.0,14,3,3,1.0
1146883,15974,15931,32548,15,15,4,6,0.4,0.1333,1.0,14,3,3,1.0
1144062,15974,15931,32548,15,15,4,6,0.4,0.1333,1.0,14,3,3,1.0
1144064,15974,15931,32548,15,15,4,6,0.4,0.1333,1.0,14,3,3,1.0
1146209,15941,15931,32548,15,15,4,6,0.4,0.1333,1.0,14,3,3,1.0
1231968,15941,15931,32548,15,15,4,6,0.4,0.1333,1.0,14,3,3,1.0
1306811,116471,2839,38661,15,15,3,5,0.3333,0.1333,1.0,14,3,3,1.0
1178809,116471,2839,38661,15,15,3,5,0.3333,0.1333,1.0,14,3,3,1.0
1279118,116471,2839,38661,15,15,3,5,0.3333,0.1333,1.0,14,3,3,1.0
1309531,7404,7410,48554,15,15,3,5,0.3333,0.1333,1.0,14,3,3,1.0
1309532,7404,7410,48554,15,15,3,5,0.3333,0.1333,1.0,14,3,3,1.0
1309533,7404,7410,48554,15,15,3,5,0.3333,0.1333,1.0,14,3,3,1.0
1286743,7376,7410,48554,15,15,3,5,0.3333,0.1333,1.0,14,3,3,1.0
1281509,7376,7410,48554,15,15,3,5,0.3333,0.1333,1.0,14,3,3,1.0
1272434,7376,7410,48554,15,15,3,5,0.3333,0.1333,1.0,14,3,3,1.0
1167348,18195,18311,20293,16,16,4,6,0.375,0.125,1.0,15,3,3,1.0
1167351,18195,18311,20293,16,16,4,6,0.375,0.125,1.0,15,3,3,1.0
1202278,18195,18311,20293,16,16,4,6,0.375,0.125,1.0,15,3,3,1.0
1089200,18195,18311,20293,16,16,4,6,0.375,0.125,1.0,15,3,3,1.0
1185243,19411,19420,21251,16,16,5,7,0.4375,0.125,1.0,15,3,3,1.0
1186036,19411,19420,21251,16,16,5,7,0.4375,0.125,1.0,15,3,3,1.0
1185244,19411,19420,21251,16,16,5,7,0.4375,0.125,1.0,15,3,3,1.0
1186037,19411,19420,21251,16,16,5,7,0.4375,0.125,1.0,15,3,3,1.0
1185242,19411,19420,21251,16,16,5,7,0.4375,0.125,1.0,15,3,3,1.0
1100201,16349,26386,23169,16,16,7,9,0.5625,0.125,1.0,15,3,3,1.0
1100200,16349,26386,23169,16,16,7,9,0.5625,0.125,1.0,15,3,3,1.0
1100184,16349,26386,23169,16,16,7,9,0.5625,0.125,1.0,15,3,3,1.0
1100183,16349,26386,23169,16,16,7,9,0.5625,0.125,1.0,15,3,3,1.0
1100144,16349,26386,23169,16,16,7,9,0.5625,0.125,1.0,15,3,3,1.0
1100198,16349,26386,23169,16,16,7,9,0.5625,0.125,1.0,15,3,3,1.0
1100145,16349,26386,23169,16,16,7,9,0.5625,0.125,1.0,15,3,3,1.0
1228810,9755,9703,29082,16,16,3,5,0.3125,0.125,1.0,15,3,3,1.0
1227718,9755,9703,29082,16,16,3,5,0.3125,0.125,1.0,15,3,3,1.0
1198377,9579,9703,29082,16,16,3,5,0.3125,0.125,1.0,15,3,3,1.0
1222664,9579,9703,29082,16,16,3,5,0.3125,0.125,1.0,15,3,3,1.0
1128489,9755,9703,29082,16,16,3,5,0.3125,0.125,1.0,15,3,3,1.0
1198969,9579,9703,29082,16,16,3,5,0.3125,0.125,1.0,15,3,3,1.0
1229589,569,558,29376,16,16,4,6,0.375,0.125,1.0,15,3,3,1.0
1217251,569,558,29376,16,16,4,6,0.375,0.125,1.0,15,3,3,1.0
1217249,569,558,29376,16,16,4,6,0.375,0.125,1.0,15,3,3,1.0
1229588,569,558,29376,16,16,4,6,0.375,0.125,1.0,15,3,3,1.0
1175203,11934,24694,37645,16,16,2,4,0.25,0.125,1.0,15,3,3,1.0
1179699,24726,24694,37645,16,16,2,4,0.25,0.125,1.0,15,3,3,1.0
1175201,11821,24694,37645,16,16,2,4,0.25,0.125,1.0,15,3,3,1.0
1175206,24726,24694,37645,16,16,2,4,0.25,0.125,1.0,15,3,3,1.0
1175202,11934,24694,37645,16,16,2,4,0.25,0.125,1.0,15,3,3,1.0
1203513,11821,24694,37645,16,16,2,4,0.25,0.125,1.0,15,3,3,1.0
1020903,8843,8923,2383,8,8,3,4,0.5,0.125,1.0,7,3,3,1.0
1020904,8843,8923,2383,8,8,3,4,0.5,0.125,1.0,7,3,3,1.0
1007272,8843,8923,2383,8,8,3,4,0.5,0.125,1.0,7,3,3,1.0
1034507,7740,7759,7441,8,8,2,3,0.375,0.125,1.0,7,3,3,1.0
1034510,7740,7759,7441,8,8,2,3,0.375,0.125,1.0,7,3,3,1.0
1100011,17215,26672,7572,8,8,3,4,0.5,0.125,1.0,7,3,3,1.0
1100168,17215,26672,7572,8,8,3,4,0.5,0.125,1.0,7,3,3,1.0
1100167,17215,26672,7572,8,8,3,4,0.5,0.125,1.0,7,3,3,1.0
1028708,370574,375679,7623,8,8,3,4,0.5,0.125,1.0,7,3,3,1.0
1028707,370574,375679,7623,8,8,3,4,0.5,0.125,1.0,7,3,3,1.0
1028721,370574,375679,7623,8,8,3,4,0.5,0.125,1.0,7,3,3,1.0
1302989,6934,6967,9035,8,8,2,3,0.375,0.125,1.0,7,3,3,1.0
1302982,6934,6967,9035,8,8,2,3,0.375,0.125,1.0,7,3,3,1.0
1041249,117,119,10628,8,8,2,3,0.375,0.125,1.0,7,3,3,1.0
1308735,117,119,10628,8,8,2,3,0.375,0.125,1.0,7,3,3,1.0
1074847,5313,5321,16124,8,8,2,3,0.375,0.125,1.0,7,3,3,1.0
1074846,5313,5321,16124,8,8,2,3,0.375,0.125,1.0,7,3,3,1.0
1078594,18599,18587,16345,8,8,3,4,0.5,0.125,1.0,7,3,3,1.0
1079705,18599,18587,16345,8,8,3,4,0.5,0.125,1.0,7,3,3,1.0
1084111,18599,18587,16345,8,8,3,4,0.5,0.125,1.0,7,3,3,1.0
1156647,4038,4044,19696,8,8,2,3,0.375,0.125,1.0,7,3,3,1.0
1156649,4038,4044,19696,8,8,2,3,0.375,0.125,1.0,7,3,3,1.0
1184591,19627,19625,21204,8,8,3,4,0.5,0.125,1.0,7,3,3,1.0
1184592,19627,19625,21204,8,8,3,4,0.5,0.125,1.0,7,3,3,1.0
1184593,19627,19625,21204,8,8,3,4,0.5,0.125,1.0,7,3,3,1.0
1199774,23728,9467,22881,8,8,1,2,0.25,0.125,1.0,7,3,3,1.0
1107858,23679,9467,22881,8,8,1,2,0.25,0.125,1.0,7,3,3,1.0
1199784,9554,9467,22881,8,8,1,2,0.25,0.125,1.0,7,3,3,1.0
1098585,23680,9467,22881,8,8,1,2,0.25,0.125,1.0,7,3,3,1.0
1123058,13342,13290,27425,8,8,3,4,0.5,0.125,1.0,7,3,3,1.0
1123080,13342,13290,27425,8,8,3,4,0.5,0.125,1.0,7,3,3,1.0
1123081,13342,13290,27425,8,8,3,4,0.5,0.125,1.0,7,3,3,1.0
1126234,25250,20017,27504,8,8,3,4,0.5,0.125,1.0,7,3,3,1.0
1126963,25250,20017,27504,8,8,3,4,0.5,0.125,1.0,7,3,3,1.0
1126964,25250,20017,27504,8,8,3,4,0.5,0.125,1.0,7,3,3,1.0
1180568,16766,16720,29596,8,8,2,3,0.375,0.125,1.0,7,3,3,1.0
1177383,16766,16720,29596,8,8,2,3,0.375,0.125,1.0,7,3,3,1.0
1133593,264323,262721,30563,8,8,2,3,0.375,0.125,1.0,7,3,3,1.0
1312543,262090,262721,30563,8,8,2,3,0.375,0.125,1.0,7,3,3,1.0
1133590,264323,262721,30563,8,8,2,3,0.375,0.125,1.0,7,3,3,1.0
1133620,262090,262721,30563,8,8,2,3,0.375,0.125,1.0,7,3,3,1.0
1298086,22892,7844,50424,8,8,2,3,0.375,0.125,1.0,7,3,3,1.0
1298088,22892,7844,50424,8,8,2,3,0.375,0.125,1.0,7,3,3,1.0
1306682,27129,18490,51800,8,8,2,3,0.375,0.125,1.0,7,3,3,1.0
1299835,27140,18490,51800,8,8,2,3,0.375,0.125,1.0,7,3,3,1.0
1289865,27129,18490,51800,8,8,2,3,0.375,0.125,1.0,7,3,3,1.0
1299836,27140,18490,51800,8,8,2,3,0.375,0.125,1.0,7,3,3,1.0
1306765,246718,17497,37358,17,17,1,3,0.1765,0.1176,1.0,16,3,3,1.0
1280987,21685,17497,37358,17,17,1,3,0.1765,0.1176,1.0,16,3,3,1.0
1279486,26754,17497,37358,17,17,1,3,0.1765,0.1176,1.0,16,3,3,1.0
1279437,17511,17497,37358,17,17,1,3,0.1765,0.1176,1.0,16,3,3,1.0
1186100,19528,19503,21275,26,26,2,5,0.1923,0.1154,1.0,25,3,3,1.0
1185533,297923,19503,21275,26,26,2,5,0.1923,0.1154,1.0,25,3,3,1.0
1186099,19528,19503,21275,26,26,2,5,0.1923,0.1154,1.0,25,3,3,1.0
1186066,297923,19503,21275,26,26,2,5,0.1923,0.1154,1.0,25,3,3,1.0
1197760,24025,24013,28683,18,18,5,7,0.3889,0.1111,1.0,17,3,3,1.0
1218117,24025,24013,28683,18,18,5,7,0.3889,0.1111,1.0,17,3,3,1.0
1228958,24025,24013,28683,18,18,5,7,0.3889,0.1111,1.0,17,3,3,1.0
1218086,24025,24013,28683,18,18,5,7,0.3889,0.1111,1.0,17,3,3,1.0
1197801,24025,24013,28683,18,18,5,7,0.3889,0.1111,1.0,17,3,3,1.0
1010831,24712,24671,778,9,9,4,5,0.5556,0.1111,1.0,8,3,3,1.0
1010828,24712,24671,778,9,9,4,5,0.5556,0.1111,1.0,8,3,3,1.0
1010824,24712,24671,778,9,9,4,5,0.5556,0.1111,1.0,8,3,3,1.0
1010827,24712,24671,778,9,9,4,5,0.5556,0.1111,1.0,8,3,3,1.0
1003698,391273,391280,1267,11,9,3,4,0.4444,0.1111,1.0,10,3,3,1.0
1101317,391273,391280,1267,11,9,3,4,0.4444,0.1111,1.0,10,3,3,1.0
1027652,391273,391280,1267,11,9,3,4,0.4444,0.1111,1.0,10,3,3,1.0
1312386,220476,220480,1653,9,9,4,5,0.5556,0.1111,1.0,8,3,3,1.0
1155451,220476,220480,1653,9,9,4,5,0.5556,0.1111,1.0,8,3,3,1.0
1109845,220476,220480,1653,9,9,4,5,0.5556,0.1111,1.0,8,3,3,1.0
1312387,220476,220480,1653,9,9,4,5,0.5556,0.1111,1.0,8,3,3,1.0
1004906,37428,37425,1707,9,9,4,5,0.5556,0.1111,1.0,8,3,3,1.0
1004909,37428,37425,1707,9,9,4,5,0.5556,0.1111,1.0,8,3,3,1.0
1009748,37428,37425,1707,9,9,4,5,0.5556,0.1111,1.0,8,3,3,1.0
1009749,37428,37425,1707,9,9,4,5,0.5556,0.1111,1.0,8,3,3,1.0
1011962,20004,1101,3697,9,9,2,3,0.3333,0.1111,1.0,8,3,3,1.0
1210206,20004,1101,3697,9,9,2,3,0.3333,0.1111,1.0,8,3,3,1.0
1013026,20345,1855,4017,9,9,4,5,0.5556,0.1111,1.0,8,3,3,1.0
1178080,20345,1855,4017,9,9,4,5,0.5556,0.1111,1.0,8,3,3,1.0
1097961,20345,1855,4017,9,9,4,5,0.5556,0.1111,1.0,8,3,3,1.0
1178813,20345,1855,4017,9,9,4,5,0.5556,0.1111,1.0,8,3,3,1.0
1220345,18455,18478,4152,9,9,2,3,0.3333,0.1111,1.0,8,3,3,1.0
1267530,18455,18478,4152,9,9,2,3,0.3333,0.1111,1.0,8,3,3,1.0
1014697,378637,378638,4203,9,9,3,4,0.4444,0.1111,1.0,8,3,3,1.0
1289351,378637,378638,4203,9,9,3,4,0.4444,0.1111,1.0,8,3,3,1.0
1014335,378637,378638,4203,9,9,3,4,0.4444,0.1111,1.0,8,3,3,1.0
1014813,384435,389904,4256,9,9,4,5,0.5556,0.1111,1.0,8,3,3,1.0
1059640,384435,389904,4256,9,9,4,5,0.5556,0.1111,1.0,8,3,3,1.0
1059641,384435,389904,4256,9,9,4,5,0.5556,0.1111,1.0,8,3,3,1.0
1013374,384435,389904,4256,9,9,4,5,0.5556,0.1111,1.0,8,3,3,1.0
1277320,4808,4809,5069,9,9,4,5,0.5556,0.1111,1.0,8,3,3,1.0
1277555,4808,4809,5069,9,9,4,5,0.5556,0.1111,1.0,8,3,3,1.0
1278757,4808,4809,5069,9,9,4,5,0.5556,0.1111,1.0,8,3,3,1.0
1277315,4808,4809,5069,9,9,4,5,0.5556,0.1111,1.0,8,3,3,1.0
1073054,14616,14499,5148,9,9,4,5,0.5556,0.1111,1.0,8,3,3,1.0
1164014,14616,14499,5148,9,9,4,5,0.5556,0.1111,1.0,8,3,3,1.0
1018717,14616,14499,5148,9,9,4,5,0.5556,0.1111,1.0,8,3,3,1.0
1072956,14616,14499,5148,9,9,4,5,0.5556,0.1111,1.0,8,3,3,1.0
1020814,8553,8677,5696,9,9,4,5,0.5556,0.1111,1.0,8,3,3,1.0
1021761,8553,8677,5696,9,9,4,5,0.5556,0.1111,1.0,8,3,3,1.0
1021759,8553,8677,5696,9,9,4,5,0.5556,0.1111,1.0,8,3,3,1.0
1020815,8553,8677,5696,9,9,4,5,0.5556,0.1111,1.0,8,3,3,1.0
1027021,115521,391220,7101,9,9,4,5,0.5556,0.1111,1.0,8,3,3,1.0
1027000,115521,391220,7101,9,9,4,5,0.5556,0.1111,1.0,8,3,3,1.0
1027019,115521,391220,7101,9,9,4,5,0.5556,0.1111,1.0,8,3,3,1.0
1026999,115521,391220,7101,9,9,4,5,0.5556,0.1111,1.0,8,3,3,1.0
1044056,6702,6667,8772,9,9,2,3,0.3333,0.1111,1.0,8,3,3,1.0
1035099,6702,6667,8772,9,9,2,3,0.3333,0.1111,1.0,8,3,3,1.0
1037506,6832,6845,9782,9,9,4,5,0.5556,0.1111,1.0,8,3,3,1.0
1037504,6832,6845,9782,9,9,4,5,0.5556,0.1111,1.0,8,3,3,1.0
1037511,6832,6845,9782,9,9,4,5,0.5556,0.1111,1.0,8,3,3,1.0
1037510,6832,6845,9782,9,9,4,5,0.5556,0.1111,1.0,8,3,3,1.0
1041685,118721,148166,10569,9,9,4,5,0.5556,0.1111,1.0,8,3,3,1.0
1041686,118721,148166,10569,9,9,4,5,0.5556,0.1111,1.0,8,3,3,1.0
1041684,118721,148166,10569,9,9,4,5,0.5556,0.1111,1.0,8,3,3,1.0
1041681,118721,148166,10569,9,9,4,5,0.5556,0.1111,1.0,8,3,3,1.0
1042827,280963,276504,10936,9,9,4,5,0.5556,0.1111,1.0,8,3,3,1.0
1057740,280963,276504,10936,9,9,4,5,0.5556,0.1111,1.0,8,3,3,1.0
1042824,280963,276504,10936,9,9,4,5,0.5556,0.1111,1.0,8,3,3,1.0
1042828,280963,276504,10936,9,9,4,5,0.5556,0.1111,1.0,8,3,3,1.0
1279337,150075,18264,13848,9,9,3,4,0.4444,0.1111,1.0,8,3,3,1.0
1298707,150075,18264,13848,9,9,3,4,0.4444,0.1111,1.0,8,3,3,1.0
1298709,150075,18264,13848,9,9,3,4,0.4444,0.1111,1.0,8,3,3,1.0
1065297,5671,5668,14610,9,9,4,5,0.5556,0.1111,1.0,8,3,3,1.0
1062342,5671,5668,14610,9,9,4,5,0.5556,0.1111,1.0,8,3,3,1.0
1062343,5671,5668,14610,9,9,4,5,0.5556,0.1111,1.0,8,3,3,1.0
1062334,5671,5668,14610,9,9,4,5,0.5556,0.1111,1.0,8,3,3,1.0
1062813,21970,5669,14705,9,9,4,5,0.5556,0.1111,1.0,8,3,3,1.0
1062801,21970,5669,14705,9,9,4,5,0.5556,0.1111,1.0,8,3,3,1.0
1062811,21970,5669,14705,9,9,4,5,0.5556,0.1111,1.0,8,3,3,1.0
1062757,21970,5669,14705,9,9,4,5,0.5556,0.1111,1.0,8,3,3,1.0
1062809,5669,21970,14719,9,9,4,5,0.5556,0.1111,1.0,8,3,3,1.0
1062806,5669,21970,14719,9,9,4,5,0.5556,0.1111,1.0,8,3,3,1.0
1062816,5669,21970,14719,9,9,4,5,0.5556,0.1111,1.0,8,3,3,1.0
1062814,5669,21970,14719,9,9,4,5,0.5556,0.1111,1.0,8,3,3,1.0
1066686,172510,172509,14872,9,9,4,5,0.5556,0.1111,1.0,8,3,3,1.0
1063514,172510,172509,14872,9,9,4,5,0.5556,0.1111,1.0,8,3,3,1.0
1066659,172510,172509,14872,9,9,4,5,0.5556,0.1111,1.0,8,3,3,1.0
1066678,172510,172509,14872,9,9,4,5,0.5556,0.1111,1.0,8,3,3,1.0
1065606,163848,199048,14994,9,9,4,5,0.5556,0.1111,1.0,8,3,3,1.0
1084428,163848,199048,14994,9,9,4,5,0.5556,0.1111,1.0,8,3,3,1.0
1065847,163848,199048,14994,9,9,4,5,0.5556,0.1111,1.0,8,3,3,1.0
1065848,163848,199048,14994,9,9,4,5,0.5556,0.1111,1.0,8,3,3,1.0
1068714,164490,164488,15155,9,9,4,5,0.5556,0.1111,1.0,8,3,3,1.0
1067965,164490,164488,15155,9,9,4,5,0.5556,0.1111,1.0,8,3,3,1.0
1067967,164490,164488,15155,9,9,4,5,0.5556,0.1111,1.0,8,3,3,1.0
1068715,164490,164488,15155,9,9,4,5,0.5556,0.1111,1.0,8,3,3,1.0
1071625,5284,5265,15850,9,9,4,5,0.5556,0.1111,1.0,8,3,3,1.0
1070842,5284,5265,15850,9,9,4,5,0.5556,0.1111,1.0,8,3,3,1.0
1128560,5284,5265,15850,9,9,4,5,0.5556,0.1111,1.0,8,3,3,1.0
1070843,5284,5265,15850,9,9,4,5,0.5556,0.1111,1.0,8,3,3,1.0
1179384,25488,25476,16875,9,9,4,5,0.5556,0.1111,1.0,8,3,3,1.0
1179077,25488,25476,16875,9,9,4,5,0.5556,0.1111,1.0,8,3,3,1.0
1179076,25488,25476,16875,9,9,4,5,0.5556,0.1111,1.0,8,3,3,1.0
1179079,25488,25476,16875,9,9,4,5,0.5556,0.1111,1.0,8,3,3,1.0
1232075,375023,375020,16904,9,9,2,3,0.3333,0.1111,1.0,8,3,3,1.0
1181369,375023,375020,16904,9,9,2,3,0.3333,0.1111,1.0,8,3,3,1.0
1202224,27176,18525,18668,9,9,4,5,0.5556,0.1111,1.0,8,3,3,1.0
1080063,27176,18525,18668,9,9,4,5,0.5556,0.1111,1.0,8,3,3,1.0
1082487,27176,18525,18668,9,9,4,5,0.5556,0.1111,1.0,8,3,3,1.0
1202365,27176,18525,18668,9,9,4,5,0.5556,0.1111,1.0,8,3,3,1.0
1109469,15841,15802,19056,9,9,4,5,0.5556,0.1111,1.0,8,3,3,1.0
1109470,15841,15802,19056,9,9,4,5,0.5556,0.1111,1.0,8,3,3,1.0
1109452,15841,15802,19056,9,9,4,5,0.5556,0.1111,1.0,8,3,3,1.0
1109453,15841,15802,19056,9,9,4,5,0.5556,0.1111,1.0,8,3,3,1.0
1149290,14460,14449,19257,9,9,4,5,0.5556,0.1111,1.0,8,3,3,1.0
1149292,14460,14449,19257,9,9,4,5,0.5556,0.1111,1.0,8,3,3,1.0
1137350,14460,14449,19257,9,9,4,5,0.5556,0.1111,1.0,8,3,3,1.0
1149291,14460,14449,19257,9,9,4,5,0.5556,0.1111,1.0,8,3,3,1.0
1095295,14364,14324,19348,9,9,4,5,0.5556,0.1111,1.0,8,3,3,1.0
1145870,14364,14324,19348,9,9,4,5,0.5556,0.1111,1.0,8,3,3,1.0
1148946,14364,14324,19348,9,9,4,5,0.5556,0.1111,1.0,8,3,3,1.0
1145873,14364,14324,19348,9,9,4,5,0.5556,0.1111,1.0,8,3,3,1.0
1090485,16569,26473,20623,9,9,4,5,0.5556,0.1111,1.0,8,3,3,1.0
1099331,16569,26473,20623,9,9,4,5,0.5556,0.1111,1.0,8,3,3,1.0
1102244,16569,26473,20623,9,9,4,5,0.5556,0.1111,1.0,8,3,3,1.0
1102277,16569,26473,20623,9,9,4,5,0.5556,0.1111,1.0,8,3,3,1.0
1224490,482699,1841,21110,9,9,1,2,0.2222,0.1111,1.0,8,3,3,1.0
1115643,12984,12972,21667,9,9,4,5,0.5556,0.1111,1.0,8,3,3,1.0
1093220,12984,12972,21667,9,9,4,5,0.5556,0.1111,1.0,8,3,3,1.0
1115641,12984,12972,21667,9,9,4,5,0.5556,0.1111,1.0,8,3,3,1.0
1115642,12984,12972,21667,9,9,4,5,0.5556,0.1111,1.0,8,3,3,1.0
1096664,24477,24464,22553,9,9,4,5,0.5556,0.1111,1.0,8,3,3,1.0
1216762,24477,24464,22553,9,9,4,5,0.5556,0.1111,1.0,8,3,3,1.0
1096681,24477,24464,22553,9,9,4,5,0.5556,0.1111,1.0,8,3,3,1.0
1216761,24477,24464,22553,9,9,4,5,0.5556,0.1111,1.0,8,3,3,1.0
1307468,8291,8230,22752,9,9,4,5,0.5556,0.1111,1.0,8,3,3,1.0
1307462,8291,8230,22752,9,9,4,5,0.5556,0.1111,1.0,8,3,3,1.0
1307466,8291,8230,22752,9,9,4,5,0.5556,0.1111,1.0,8,3,3,1.0
1307467,8291,8230,22752,9,9,4,5,0.5556,0.1111,1.0,8,3,3,1.0
1100284,17037,17015,23202,9,9,3,4,0.4444,0.1111,1.0,8,3,3,1.0
1100285,17037,17015,23202,9,9,3,4,0.4444,0.1111,1.0,8,3,3,1.0
1100283,17037,17015,23202,9,9,3,4,0.4444,0.1111,1.0,8,3,3,1.0
1110640,18113,18123,25034,9,9,3,4,0.4444,0.1111,1.0,8,3,3,1.0
1110642,18113,18123,25034,9,9,3,4,0.4444,0.1111,1.0,8,3,3,1.0
1110641,18113,18123,25034,9,9,3,4,0.4444,0.1111,1.0,8,3,3,1.0
1118785,25813,14517,25796,9,9,4,5,0.5556,0.1111,1.0,8,3,3,1.0
1231978,25813,14517,25796,9,9,4,5,0.5556,0.1111,1.0,8,3,3,1.0
1113139,25813,14517,25796,9,9,4,5,0.5556,0.1111,1.0,8,3,3,1.0
1113138,25813,14517,25796,9,9,4,5,0.5556,0.1111,1.0,8,3,3,1.0
1113599,25435,13463,25916,9,9,4,5,0.5556,0.1111,1.0,8,3,3,1.0
1113600,25435,13463,25916,9,9,4,5,0.5556,0.1111,1.0,8,3,3,1.0
1113598,25435,13463,25916,9,9,4,5,0.5556,0.1111,1.0,8,3,3,1.0
1113596,25435,13463,25916,9,9,4,5,0.5556,0.1111,1.0,8,3,3,1.0
1122524,989,986,27025,9,9,4,5,0.5556,0.1111,1.0,8,3,3,1.0
1122522,989,986,27025,9,9,4,5,0.5556,0.1111,1.0,8,3,3,1.0
1122523,989,986,27025,9,9,4,5,0.5556,0.1111,1.0,8,3,3,1.0
1122521,989,986,27025,9,9,4,5,0.5556,0.1111,1.0,8,3,3,1.0
1122885,1777,1812,27180,9,9,4,5,0.5556,0.1111,1.0,8,3,3,1.0
1207093,1777,1812,27180,9,9,4,5,0.5556,0.1111,1.0,8,3,3,1.0
1207096,1777,1812,27180,9,9,4,5,0.5556,0.1111,1.0,8,3,3,1.0
1122089,1777,1812,27180,9,9,4,5,0.5556,0.1111,1.0,8,3,3,1.0
1127126,1682,20215,27853,9,9,4,5,0.5556,0.1111,1.0,8,3,3,1.0
1124732,1682,20215,27853,9,9,4,5,0.5556,0.1111,1.0,8,3,3,1.0
1127125,1682,20215,27853,9,9,4,5,0.5556,0.1111,1.0,8,3,3,1.0
1124729,1682,20215,27853,9,9,4,5,0.5556,0.1111,1.0,8,3,3,1.0
1206283,4395,4268,28376,9,9,1,2,0.2222,0.1111,1.0,8,3,3,1.0
1232994,4375,4268,28376,9,9,1,2,0.2222,0.1111,1.0,8,3,3,1.0
1181003,4428,4268,28376,9,9,1,2,0.2222,0.1111,1.0,8,3,3,1.0
1180648,4373,4268,28376,9,9,1,2,0.2222,0.1111,1.0,8,3,3,1.0
1180969,255366,4268,28376,9,9,1,2,0.2222,0.1111,1.0,8,3,3,1.0
1181001,4290,4268,28376,9,9,1,2,0.2222,0.1111,1.0,8,3,3,1.0
1126833,4195,4268,28376,9,9,1,2,0.2222,0.1111,1.0,8,3,3,1.0
1131229,7887,22941,29440,9,9,4,5,0.5556,0.1111,1.0,8,3,3,1.0
1130751,7887,22941,29440,9,9,4,5,0.5556,0.1111,1.0,8,3,3,1.0
1297923,7887,22941,29440,9,9,4,5,0.5556,0.1111,1.0,8,3,3,1.0
1306190,7887,22941,29440,9,9,4,5,0.5556,0.1111,1.0,8,3,3,1.0
1302428,6637,6591,29514,9,9,4,5,0.5556,0.1111,1.0,8,3,3,1.0
1302426,6637,6591,29514,9,9,4,5,0.5556,0.1111,1.0,8,3,3,1.0
1302429,6637,6591,29514,9,9,4,5,0.5556,0.1111,1.0,8,3,3,1.0
1137541,6637,6591,29514,9,9,4,5,0.5556,0.1111,1.0,8,3,3,1.0
1219124,21761,27172,30132,9,9,2,3,0.3333,0.1111,1.0,8,3,3,1.0
1219125,21761,27172,30132,9,9,2,3,0.3333,0.1111,1.0,8,3,3,1.0
1133569,248008,248962,30252,9,9,2,3,0.3333,0.1111,1.0,8,3,3,1.0
1133442,248961,248962,30252,9,9,2,3,0.3333,0.1111,1.0,8,3,3,1.0
1133000,285439,248962,30252,9,9,2,3,0.3333,0.1111,1.0,8,3,3,1.0
1133445,285439,248962,30252,9,9,2,3,0.3333,0.1111,1.0,8,3,3,1.0
1133557,248008,248962,30252,9,9,2,3,0.3333,0.1111,1.0,8,3,3,1.0
1133444,248961,248962,30252,9,9,2,3,0.3333,0.1111,1.0,8,3,3,1.0
1276450,17155,17151,30676,9,9,4,5,0.5556,0.1111,1.0,8,3,3,1.0
1276449,17155,17151,30676,9,9,4,5,0.5556,0.1111,1.0,8,3,3,1.0
1280751,17155,17151,30676,9,9,4,5,0.5556,0.1111,1.0,8,3,3,1.0
1276447,17155,17151,30676,9,9,4,5,0.5556,0.1111,1.0,8,3,3,1.0
1229516,8751,23297,30971,9,9,4,5,0.5556,0.1111,1.0,8,3,3,1.0
1225642,8751,23297,30971,9,9,4,5,0.5556,0.1111,1.0,8,3,3,1.0
1201511,8751,23297,30971,9,9,4,5,0.5556,0.1111,1.0,8,3,3,1.0
1201510,8751,23297,30971,9,9,4,5,0.5556,0.1111,1.0,8,3,3,1.0
1309463,9065,9036,31794,9,9,4,5,0.5556,0.1111,1.0,8,3,3,1.0
1309466,9065,9036,31794,9,9,4,5,0.5556,0.1111,1.0,8,3,3,1.0
1309462,9065,9036,31794,9,9,4,5,0.5556,0.1111,1.0,8,3,3,1.0
1137887,9065,9036,31794,9,9,4,5,0.5556,0.1111,1.0,8,3,3,1.0
1299785,18296,18373,32050,9,9,2,3,0.3333,0.1111,1.0,8,3,3,1.0
1299851,18296,18373,32050,9,9,2,3,0.3333,0.1111,1.0,8,3,3,1.0
1200664,12302,12320,34273,9,9,4,5,0.5556,0.1111,1.0,8,3,3,1.0
1200662,12302,12320,34273,9,9,4,5,0.5556,0.1111,1.0,8,3,3,1.0
1200665,12302,12320,34273,9,9,4,5,0.5556,0.1111,1.0,8,3,3,1.0
1153333,12302,12320,34273,9,9,4,5,0.5556,0.1111,1.0,8,3,3,1.0
1164806,375454,3058,34891,9,9,4,5,0.5556,0.1111,1.0,8,3,3,1.0
1165091,375454,3058,34891,9,9,4,5,0.5556,0.1111,1.0,8,3,3,1.0
1156559,375454,3058,34891,9,9,4,5,0.5556,0.1111,1.0,8,3,3,1.0
1164742,375454,3058,34891,9,9,4,5,0.5556,0.1111,1.0,8,3,3,1.0
1220383,18998,19040,36467,9,9,4,5,0.5556,0.1111,1.0,8,3,3,1.0
1220382,18998,19040,36467,9,9,4,5,0.5556,0.1111,1.0,8,3,3,1.0
1220381,18998,19040,36467,9,9,4,5,0.5556,0.1111,1.0,8,3,3,1.0
1220380,18998,19040,36467,9,9,4,5,0.5556,0.1111,1.0,8,3,3,1.0
1171220,1121,1154,37260,9,9,4,5,0.5556,0.1111,1.0,8,3,3,1.0
1171222,1121,1154,37260,9,9,4,5,0.5556,0.1111,1.0,8,3,3,1.0
1171223,1121,1154,37260,9,9,4,5,0.5556,0.1111,1.0,8,3,3,1.0
1171224,1121,1154,37260,9,9,4,5,0.5556,0.1111,1.0,8,3,3,1.0
1180855,26330,26303,39004,9,9,4,5,0.5556,0.1111,1.0,8,3,3,1.0
1180417,26330,26303,39004,9,9,4,5,0.5556,0.1111,1.0,8,3,3,1.0
1180852,26330,26303,39004,9,9,4,5,0.5556,0.1111,1.0,8,3,3,1.0
1180418,26330,26303,39004,9,9,4,5,0.5556,0.1111,1.0,8,3,3,1.0
1211084,10849,10847,41106,9,9,3,4,0.4444,0.1111,1.0,8,3,3,1.0
1207495,10849,10847,41106,9,9,3,4,0.4444,0.1111,1.0,8,3,3,1.0
1207496,10849,10847,41106,9,9,3,4,0.4444,0.1111,1.0,8,3,3,1.0
1225816,24004,10000,41336,9,9,4,5,0.5556,0.1111,1.0,8,3,3,1.0
1197973,24004,10000,41336,9,9,4,5,0.5556,0.1111,1.0,8,3,3,1.0
1198005,24004,10000,41336,9,9,4,5,0.5556,0.1111,1.0,8,3,3,1.0
1197884,24004,10000,41336,9,9,4,5,0.5556,0.1111,1.0,8,3,3,1.0
1228098,554,534,41337,9,9,4,5,0.5556,0.1111,1.0,8,3,3,1.0
1197885,554,534,41337,9,9,4,5,0.5556,0.1111,1.0,8,3,3,1.0
1228099,554,534,41337,9,9,4,5,0.5556,0.1111,1.0,8,3,3,1.0
1198003,554,534,41337,9,9,4,5,0.5556,0.1111,1.0,8,3,3,1.0
1222436,12820,12903,41831,9,9,4,5,0.5556,0.1111,1.0,8,3,3,1.0
1222270,12820,12903,41831,9,9,4,5,0.5556,0.1111,1.0,8,3,3,1.0
1222437,12820,12903,41831,9,9,4,5,0.5556,0.1111,1.0,8,3,3,1.0
1222281,12820,12903,41831,9,9,4,5,0.5556,0.1111,1.0,8,3,3,1.0
1201176,12746,12735,42256,9,9,4,5,0.5556,0.1111,1.0,8,3,3,1.0
1201175,12746,12735,42256,9,9,4,5,0.5556,0.1111,1.0,8,3,3,1.0
1201174,12746,12735,42256,9,9,4,5,0.5556,0.1111,1.0,8,3,3,1.0
1201177,12746,12735,42256,9,9,4,5,0.5556,0.1111,1.0,8,3,3,1.0
1216377,644,635,42426,9,9,3,4,0.4444,0.1111,1.0,8,3,3,1.0
1216360,644,635,42426,9,9,3,4,0.4444,0.1111,1.0,8,3,3,1.0
1201879,644,635,42426,9,9,3,4,0.4444,0.1111,1.0,8,3,3,1.0
1282059,7316,7264,43876,9,9,4,5,0.5556,0.1111,1.0,8,3,3,1.0
1249841,7316,7264,43876,9,9,4,5,0.5556,0.1111,1.0,8,3,3,1.0
1215999,7316,7264,43876,9,9,4,5,0.5556,0.1111,1.0,8,3,3,1.0
1282060,7316,7264,43876,9,9,4,5,0.5556,0.1111,1.0,8,3,3,1.0
1216202,17667,17688,43954,9,9,4,5,0.5556,0.1111,1.0,8,3,3,1.0
1289158,17667,17688,43954,9,9,4,5,0.5556,0.1111,1.0,8,3,3,1.0
1289160,17667,17688,43954,9,9,4,5,0.5556,0.1111,1.0,8,3,3,1.0
1289159,17667,17688,43954,9,9,4,5,0.5556,0.1111,1.0,8,3,3,1.0
1225838,8566,8560,45201,9,9,4,5,0.5556,0.1111,1.0,8,3,3,1.0
1228529,8566,8560,45201,9,9,4,5,0.5556,0.1111,1.0,8,3,3,1.0
1225839,8566,8560,45201,9,9,4,5,0.5556,0.1111,1.0,8,3,3,1.0
1222871,8566,8560,45201,9,9,4,5,0.5556,0.1111,1.0,8,3,3,1.0
1228764,23404,23341,45401,9,9,4,5,0.5556,0.1111,1.0,8,3,3,1.0
1225359,23404,23341,45401,9,9,4,5,0.5556,0.1111,1.0,8,3,3,1.0
1228765,23404,23341,45401,9,9,4,5,0.5556,0.1111,1.0,8,3,3,1.0
1270839,23404,23341,45401,9,9,4,5,0.5556,0.1111,1.0,8,3,3,1.0
1228451,8486,8469,46134,9,9,4,5,0.5556,0.1111,1.0,8,3,3,1.0
1228452,8486,8469,46134,9,9,4,5,0.5556,0.1111,1.0,8,3,3,1.0
1228453,8486,8469,46134,9,9,4,5,0.5556,0.1111,1.0,8,3,3,1.0
1228450,8486,8469,46134,9,9,4,5,0.5556,0.1111,1.0,8,3,3,1.0
1272100,23635,9272,47635,9,9,4,5,0.5556,0.1111,1.0,8,3,3,1.0
1271712,23635,9272,47635,9,9,4,5,0.5556,0.1111,1.0,8,3,3,1.0
1267877,23635,9272,47635,9,9,4,5,0.5556,0.1111,1.0,8,3,3,1.0
1272101,23635,9272,47635,9,9,4,5,0.5556,0.1111,1.0,8,3,3,1.0
1275716,23856,23879,48063,9,9,4,5,0.5556,0.1111,1.0,8,3,3,1.0
1269848,23856,23879,48063,9,9,4,5,0.5556,0.1111,1.0,8,3,3,1.0
1269847,23856,23879,48063,9,9,4,5,0.5556,0.1111,1.0,8,3,3,1.0
1269849,23856,23879,48063,9,9,4,5,0.5556,0.1111,1.0,8,3,3,1.0
1277480,9265,9288,48252,9,9,4,5,0.5556,0.1111,1.0,8,3,3,1.0
1277477,9265,9288,48252,9,9,4,5,0.5556,0.1111,1.0,8,3,3,1.0
1287779,9265,9288,48252,9,9,4,5,0.5556,0.1111,1.0,8,3,3,1.0
1277479,9265,9288,48252,9,9,4,5,0.5556,0.1111,1.0,8,3,3,1.0
1280368,2269,14093,48639,9,9,4,5,0.5556,0.1111,1.0,8,3,3,1.0
1272981,2269,14093,48639,9,9,4,5,0.5556,0.1111,1.0,8,3,3,1.0
1272979,2269,14093,48639,9,9,4,5,0.5556,0.1111,1.0,8,3,3,1.0
1272982,2269,14093,48639,9,9,4,5,0.5556,0.1111,1.0,8,3,3,1.0
1273056,14001,14000,48652,9,9,4,5,0.5556,0.1111,1.0,8,3,3,1.0
1273057,14001,14000,48652,9,9,4,5,0.5556,0.1111,1.0,8,3,3,1.0
1273055,14001,14000,48652,9,9,4,5,0.5556,0.1111,1.0,8,3,3,1.0
1273058,14001,14000,48652,9,9,4,5,0.5556,0.1111,1.0,8,3,3,1.0
1312183,7661,7686,50048,9,9,4,5,0.5556,0.1111,1.0,8,3,3,1.0
1312182,7661,7686,50048,9,9,4,5,0.5556,0.1111,1.0,8,3,3,1.0
1279581,7661,7686,50048,9,9,4,5,0.5556,0.1111,1.0,8,3,3,1.0
1311090,7661,7686,50048,9,9,4,5,0.5556,0.1111,1.0,8,3,3,1.0
1308483,8508,8420,50242,9,9,4,5,0.5556,0.1111,1.0,8,3,3,1.0
1308913,8508,8420,50242,9,9,4,5,0.5556,0.1111,1.0,8,3,3,1.0
1308484,8508,8420,50242,9,9,4,5,0.5556,0.1111,1.0,8,3,3,1.0
1308482,8508,8420,50242,9,9,4,5,0.5556,0.1111,1.0,8,3,3,1.0
1307292,8713,8648,53745,9,9,4,5,0.5556,0.1111,1.0,8,3,3,1.0
1307290,8713,8648,53745,9,9,4,5,0.5556,0.1111,1.0,8,3,3,1.0
1307365,8713,8648,53745,9,9,4,5,0.5556,0.1111,1.0,8,3,3,1.0
1307363,8713,8648,53745,9,9,4,5,0.5556,0.1111,1.0,8,3,3,1.0
1310992,6025,6031,54176,9,9,4,5,0.5556,0.1111,1.0,8,3,3,1.0
1310993,6025,6031,54176,9,9,4,5,0.5556,0.1111,1.0,8,3,3,1.0
1311006,6025,6031,54176,9,9,4,5,0.5556,0.1111,1.0,8,3,3,1.0
1311013,6025,6031,54176,9,9,4,5,0.5556,0.1111,1.0,8,3,3,1.0
1136234,57563,282566,12316,46,46,1,6,0.1304,0.1087,1.0,45,3,3,1.0
1206758,190405,282566,12316,46,46,1,6,0.1304,0.1087,1.0,45,3,3,1.0
1180288,12421,12223,37685,19,19,2,4,0.2105,0.1053,1.0,18,3,3,1.0
1175712,12421,12223,37685,19,19,2,4,0.2105,0.1053,1.0,18,3,3,1.0
1070649,27420,19508,15887,20,20,3,5,0.25,0.1,1.0,19,3,3,1.0
1070635,27420,19508,15887,20,20,3,5,0.25,0.1,1.0,19,3,3,1.0
1070609,19519,19508,15887,20,20,3,5,0.25,0.1,1.0,19,3,3,1.0
1079947,19519,19508,15887,20,20,3,5,0.25,0.1,1.0,19,3,3,1.0
1136850,19519,19508,15887,20,20,3,5,0.25,0.1,1.0,19,3,3,1.0
1070652,27420,19508,15887,20,20,3,5,0.25,0.1,1.0,19,3,3,1.0
1185919,18901,18955,19523,20,20,4,6,0.3,0.1,1.0,19,3,3,1.0
1184937,18901,18955,19523,20,20,4,6,0.3,0.1,1.0,19,3,3,1.0
1184936,18901,18955,19523,20,20,4,6,0.3,0.1,1.0,19,3,3,1.0
1095057,18901,18955,19523,20,20,4,6,0.3,0.1,1.0,19,3,3,1.0
1287793,13107,13183,23554,20,20,3,5,0.25,0.1,1.0,19,3,3,1.0
1287703,25376,13183,23554,20,20,3,5,0.25,0.1,1.0,19,3,3,1.0
1287788,13107,13183,23554,20,20,3,5,0.25,0.1,1.0,19,3,3,1.0
1287699,25376,13183,23554,20,20,3,5,0.25,0.1,1.0,19,3,3,1.0
1287710,25379,13183,23554,20,20,3,5,0.25,0.1,1.0,19,3,3,1.0
1287707,25379,13183,23554,20,20,3,5,0.25,0.1,1.0,19,3,3,1.0
1287704,25376,13183,23554,20,20,3,5,0.25,0.1,1.0,19,3,3,1.0
1287790,13107,13183,23554,20,20,3,5,0.25,0.1,1.0,19,3,3,1.0
1287702,25379,13183,23554,20,20,3,5,0.25,0.1,1.0,19,3,3,1.0
1224779,281280,281281,42838,20,20,4,6,0.3,0.1,1.0,19,3,3,1.0
1224777,281280,281281,42838,20,20,4,6,0.3,0.1,1.0,19,3,3,1.0
1224768,281279,281281,42838,20,20,4,6,0.3,0.1,1.0,19,3,3,1.0
1224784,281279,281281,42838,20,20,4,6,0.3,0.1,1.0,19,3,3,1.0
1224778,281280,281281,42838,20,20,4,6,0.3,0.1,1.0,19,3,3,1.0
1224782,281279,281281,42838,20,20,4,6,0.3,0.1,1.0,19,3,3,1.0
1224780,281280,281281,42838,20,20,4,6,0.3,0.1,1.0,19,3,3,1.0
1224781,281279,281281,42838,20,20,4,6,0.3,0.1,1.0,19,3,3,1.0
1001390,446,461,28,10,10,2,3,0.3,0.1,1.0,9,3,3,1.0
1001422,446,461,28,10,10,2,3,0.3,0.1,1.0,9,3,3,1.0
1072091,365405,365412,600,10,10,2,3,0.3,0.1,1.0,9,3,3,1.0
1280811,365408,365412,600,10,10,2,3,0.3,0.1,1.0,9,3,3,1.0
1287739,365403,365412,600,10,10,2,3,0.3,0.1,1.0,9,3,3,1.0
1204972,365408,365412,600,10,10,2,3,0.3,0.1,1.0,9,3,3,1.0
1001666,365405,365412,600,10,10,2,3,0.3,0.1,1.0,9,3,3,1.0
1277046,365403,365412,600,10,10,2,3,0.3,0.1,1.0,9,3,3,1.0
1111645,13767,13766,4986,10,10,4,5,0.5,0.1,1.0,9,3,3,1.0
1111169,13767,13766,4986,10,10,4,5,0.5,0.1,1.0,9,3,3,1.0
1111615,13767,13766,4986,10,10,4,5,0.5,0.1,1.0,9,3,3,1.0
1111646,13767,13766,4986,10,10,4,5,0.5,0.1,1.0,9,3,3,1.0
1015381,227203,227197,5087,10,10,2,3,0.3,0.1,1.0,9,3,3,1.0
1289037,227203,227197,5087,10,10,2,3,0.3,0.1,1.0,9,3,3,1.0
1288959,227200,227197,5087,10,10,2,3,0.3,0.1,1.0,9,3,3,1.0
1289036,227200,227197,5087,10,10,2,3,0.3,0.1,1.0,9,3,3,1.0
1167099,18537,18550,12217,10,10,3,4,0.4,0.1,1.0,9,3,3,1.0
1191084,18524,18550,12217,10,10,3,4,0.4,0.1,1.0,9,3,3,1.0
1220357,18524,18550,12217,10,10,3,4,0.4,0.1,1.0,9,3,3,1.0
1202430,18537,18550,12217,10,10,3,4,0.4,0.1,1.0,9,3,3,1.0
1202433,18537,18550,12217,10,10,3,4,0.4,0.1,1.0,9,3,3,1.0
1202485,18524,18550,12217,10,10,3,4,0.4,0.1,1.0,9,3,3,1.0
1070354,22048,22051,13325,10,10,4,5,0.5,0.1,1.0,9,3,3,1.0
1058870,22048,22051,13325,10,10,4,5,0.5,0.1,1.0,9,3,3,1.0
1068845,22048,22051,13325,10,10,4,5,0.5,0.1,1.0,9,3,3,1.0
1068167,22048,22051,13325,10,10,4,5,0.5,0.1,1.0,9,3,3,1.0
1136983,19425,27355,13853,10,10,4,5,0.5,0.1,1.0,9,3,3,1.0
1185698,19425,27355,13853,10,10,4,5,0.5,0.1,1.0,9,3,3,1.0
1185701,19425,27355,13853,10,10,4,5,0.5,0.1,1.0,9,3,3,1.0
1185667,19425,27355,13853,10,10,4,5,0.5,0.1,1.0,9,3,3,1.0
1061349,370343,375087,14223,10,10,4,5,0.5,0.1,1.0,9,3,3,1.0
1084659,370343,375087,14223,10,10,4,5,0.5,0.1,1.0,9,3,3,1.0
1061344,370343,375087,14223,10,10,4,5,0.5,0.1,1.0,9,3,3,1.0
1061348,370343,375087,14223,10,10,4,5,0.5,0.1,1.0,9,3,3,1.0
1068359,22046,5817,15427,10,10,4,5,0.5,0.1,1.0,9,3,3,1.0
1067589,22046,5817,15427,10,10,4,5,0.5,0.1,1.0,9,3,3,1.0
1067590,22046,5817,15427,10,10,4,5,0.5,0.1,1.0,9,3,3,1.0
1068360,22046,5817,15427,10,10,4,5,0.5,0.1,1.0,9,3,3,1.0
1113462,15465,15397,18673,10,10,3,4,0.4,0.1,1.0,9,3,3,1.0
1082565,15465,15397,18673,10,10,3,4,0.4,0.1,1.0,9,3,3,1.0
1113447,15424,15397,18673,10,10,3,4,0.4,0.1,1.0,9,3,3,1.0
1113461,15465,15397,18673,10,10,3,4,0.4,0.1,1.0,9,3,3,1.0
1105979,15424,15397,18673,10,10,3,4,0.4,0.1,1.0,9,3,3,1.0
1081867,15424,15397,18673,10,10,3,4,0.4,0.1,1.0,9,3,3,1.0
1183792,20025,439438,18718,10,10,2,3,0.3,0.1,1.0,9,3,3,1.0
1275389,20025,439438,18718,10,10,2,3,0.3,0.1,1.0,9,3,3,1.0
1185239,18802,18877,21177,10,10,4,5,0.5,0.1,1.0,9,3,3,1.0
1185238,18802,18877,21177,10,10,4,5,0.5,0.1,1.0,9,3,3,1.0
1091799,18802,18877,21177,10,10,4,5,0.5,0.1,1.0,9,3,3,1.0
1185241,18802,18877,21177,10,10,4,5,0.5,0.1,1.0,9,3,3,1.0
1108615,26752,26789,24711,10,10,3,4,0.4,0.1,1.0,9,3,3,1.0
1108613,26752,26789,24711,10,10,3,4,0.4,0.1,1.0,9,3,3,1.0
1108661,26752,26789,24711,10,10,3,4,0.4,0.1,1.0,9,3,3,1.0
1189244,4400,21574,28973,10,10,4,5,0.5,0.1,1.0,9,3,3,1.0
1189295,4400,21574,28973,10,10,4,5,0.5,0.1,1.0,9,3,3,1.0
1189172,4400,21574,28973,10,10,4,5,0.5,0.1,1.0,9,3,3,1.0
1189159,4400,21574,28973,10,10,4,5,0.5,0.1,1.0,9,3,3,1.0
1199423,9661,9660,29183,10,10,4,5,0.5,0.1,1.0,9,3,3,1.0
1199429,9661,9660,29183,10,10,4,5,0.5,0.1,1.0,9,3,3,1.0
1128665,9661,9660,29183,10,10,4,5,0.5,0.1,1.0,9,3,3,1.0
1199426,9661,9660,29183,10,10,4,5,0.5,0.1,1.0,9,3,3,1.0
1272505,23533,23552,30949,10,10,4,5,0.5,0.1,1.0,9,3,3,1.0
1272506,23533,23552,30949,10,10,4,5,0.5,0.1,1.0,9,3,3,1.0
1272503,23533,23552,30949,10,10,4,5,0.5,0.1,1.0,9,3,3,1.0
1272504,23533,23552,30949,10,10,4,5,0.5,0.1,1.0,9,3,3,1.0
1218214,24267,24276,34126,10,10,4,5,0.5,0.1,1.0,9,3,3,1.0
1218212,24267,24276,34126,10,10,4,5,0.5,0.1,1.0,9,3,3,1.0
1265880,24267,24276,34126,10,10,4,5,0.5,0.1,1.0,9,3,3,1.0
1218215,24267,24276,34126,10,10,4,5,0.5,0.1,1.0,9,3,3,1.0
1180928,16210,26365,36093,10,10,4,5,0.5,0.1,1.0,9,3,3,1.0
1180847,16210,26365,36093,10,10,4,5,0.5,0.1,1.0,9,3,3,1.0
1180844,16210,26365,36093,10,10,4,5,0.5,0.1,1.0,9,3,3,1.0
1180845,16210,26365,36093,10,10,4,5,0.5,0.1,1.0,9,3,3,1.0
1203001,18820,18831,36682,10,10,3,4,0.4,0.1,1.0,9,3,3,1.0
1219907,18808,18831,36682,10,10,3,4,0.4,0.1,1.0,9,3,3,1.0
1219904,18808,18831,36682,10,10,3,4,0.4,0.1,1.0,9,3,3,1.0
1219905,18808,18831,36682,10,10,3,4,0.4,0.1,1.0,9,3,3,1.0
1203000,18820,18831,36682,10,10,3,4,0.4,0.1,1.0,9,3,3,1.0
1202999,18820,18831,36682,10,10,3,4,0.4,0.1,1.0,9,3,3,1.0
1209222,24742,24760,37014,10,10,4,5,0.5,0.1,1.0,9,3,3,1.0
1218628,24742,24760,37014,10,10,4,5,0.5,0.1,1.0,9,3,3,1.0
1209221,24742,24760,37014,10,10,4,5,0.5,0.1,1.0,9,3,3,1.0
1171502,24742,24760,37014,10,10,4,5,0.5,0.1,1.0,9,3,3,1.0
1279924,14563,14671,45705,10,10,3,4,0.4,0.1,1.0,9,3,3,1.0
1279923,14563,14671,45705,10,10,3,4,0.4,0.1,1.0,9,3,3,1.0
1279922,14563,14671,45705,10,10,3,4,0.4,0.1,1.0,9,3,3,1.0
1271894,23836,23847,45980,10,10,4,5,0.5,0.1,1.0,9,3,3,1.0
1227597,23836,23847,45980,10,10,4,5,0.5,0.1,1.0,9,3,3,1.0
1227596,23836,23847,45980,10,10,4,5,0.5,0.1,1.0,9,3,3,1.0
1227595,23836,23847,45980,10,10,4,5,0.5,0.1,1.0,9,3,3,1.0
1301934,84,7040,46659,10,10,1,2,0.2,0.1,1.0,9,3,3,1.0
1298422,19750,7040,46659,10,10,1,2,0.2,0.1,1.0,9,3,3,1.0
1298428,22570,7040,46659,10,10,1,2,0.2,0.1,1.0,9,3,3,1.0
1298425,19755,7040,46659,10,10,1,2,0.2,0.1,1.0,9,3,3,1.0
1298429,22564,7040,46659,10,10,1,2,0.2,0.1,1.0,9,3,3,1.0
1298427,6992,7040,46659,10,10,1,2,0.2,0.1,1.0,9,3,3,1.0
1267086,8346,8273,47399,10,10,2,3,0.3,0.1,1.0,9,3,3,1.0
1277364,8346,8273,47399,10,10,2,3,0.3,0.1,1.0,9,3,3,1.0
1283164,26919,17879,49233,10,10,3,4,0.4,0.1,1.0,9,3,3,1.0
1276733,17834,17879,49233,10,10,3,4,0.4,0.1,1.0,9,3,3,1.0
1283161,17834,17879,49233,10,10,3,4,0.4,0.1,1.0,9,3,3,1.0
1283119,26919,17879,49233,10,10,3,4,0.4,0.1,1.0,9,3,3,1.0
1283118,26919,17879,49233,10,10,3,4,0.4,0.1,1.0,9,3,3,1.0
1276736,17834,17879,49233,10,10,3,4,0.4,0.1,1.0,9,3,3,1.0
1289314,7292,7294,50062,10,10,3,4,0.4,0.1,1.0,9,3,3,1.0
1300640,7292,7294,50062,10,10,3,4,0.4,0.1,1.0,9,3,3,1.0
1289313,7292,7294,50062,10,10,3,4,0.4,0.1,1.0,9,3,3,1.0
1286533,7549,7643,51243,10,10,3,4,0.4,0.1,1.0,9,3,3,1.0
1286823,7549,7643,51243,10,10,3,4,0.4,0.1,1.0,9,3,3,1.0
1286534,7549,7643,51243,10,10,3,4,0.4,0.1,1.0,9,3,3,1.0
1286824,7519,7643,51243,10,10,3,4,0.4,0.1,1.0,9,3,3,1.0
1286825,7519,7643,51243,10,10,3,4,0.4,0.1,1.0,9,3,3,1.0
1286826,7519,7643,51243,10,10,3,4,0.4,0.1,1.0,9,3,3,1.0
1288808,7267,7278,51599,10,10,3,4,0.4,0.1,1.0,9,3,3,1.0
1288612,7267,7278,51599,10,10,3,4,0.4,0.1,1.0,9,3,3,1.0
1288810,7267,7278,51599,10,10,3,4,0.4,0.1,1.0,9,3,3,1.0
1288613,22703,7278,51599,10,10,3,4,0.4,0.1,1.0,9,3,3,1.0
1288611,22703,7278,51599,10,10,3,4,0.4,0.1,1.0,9,3,3,1.0
1288614,22703,7278,51599,10,10,3,4,0.4,0.1,1.0,9,3,3,1.0
1303504,22428,22449,53117,10,10,3,4,0.4,0.1,1.0,9,3,3,1.0
1303934,6824,22449,53117,10,10,3,4,0.4,0.1,1.0,9,3,3,1.0
1303936,6824,22449,53117,10,10,3,4,0.4,0.1,1.0,9,3,3,1.0
1303937,22428,22449,53117,10,10,3,4,0.4,0.1,1.0,9,3,3,1.0
1303935,6824,22449,53117,10,10,3,4,0.4,0.1,1.0,9,3,3,1.0
1303503,22428,22449,53117,10,10,3,4,0.4,0.1,1.0,9,3,3,1.0
1168624,18893,19008,3993,21,21,4,6,0.2857,0.0952,1.0,20,3,3,1.0
1168626,18893,19008,3993,21,21,4,6,0.2857,0.0952,1.0,20,3,3,1.0
1168627,18893,19008,3993,21,21,4,6,0.2857,0.0952,1.0,20,3,3,1.0
1220179,18893,19008,3993,21,21,4,6,0.2857,0.0952,1.0,20,3,3,1.0
1116516,13197,13175,17302,21,21,4,6,0.2857,0.0952,1.0,20,3,3,1.0
1116517,13197,13175,17302,21,21,4,6,0.2857,0.0952,1.0,20,3,3,1.0
1116487,13197,13175,17302,21,21,4,6,0.2857,0.0952,1.0,20,3,3,1.0
1115841,13197,13175,17302,21,21,4,6,0.2857,0.0952,1.0,20,3,3,1.0
1281926,16415,16386,22771,22,22,3,5,0.2273,0.0909,1.0,21,3,3,1.0
1281928,16415,16386,22771,22,22,3,5,0.2273,0.0909,1.0,21,3,3,1.0
1299134,16415,16386,22771,22,22,3,5,0.2273,0.0909,1.0,21,3,3,1.0
1305394,8563,8544,29788,22,22,3,5,0.2273,0.0909,1.0,21,3,3,1.0
1309125,8640,8544,29788,22,22,3,5,0.2273,0.0909,1.0,21,3,3,1.0
1309030,8640,8544,29788,22,22,3,5,0.2273,0.0909,1.0,21,3,3,1.0
1307033,8563,8544,29788,22,22,3,5,0.2273,0.0909,1.0,21,3,3,1.0
1309031,8640,8544,29788,22,22,3,5,0.2273,0.0909,1.0,21,3,3,1.0
1307032,8563,8544,29788,22,22,3,5,0.2273,0.0909,1.0,21,3,3,1.0
1048274,96285,96286,3391,11,11,5,6,0.5455,0.0909,1.0,10,3,3,1.0
1048276,96285,96286,3391,11,11,5,6,0.5455,0.0909,1.0,10,3,3,1.0
1065093,96285,96286,3391,11,11,5,6,0.5455,0.0909,1.0,10,3,3,1.0
1048278,96285,96286,3391,11,11,5,6,0.5455,0.0909,1.0,10,3,3,1.0
1048275,96285,96286,3391,11,11,5,6,0.5455,0.0909,1.0,10,3,3,1.0
1020493,94044,94043,5618,11,11,5,6,0.5455,0.0909,1.0,10,3,3,1.0
1020490,94044,94043,5618,11,11,5,6,0.5455,0.0909,1.0,10,3,3,1.0
1027038,94044,94043,5618,11,11,5,6,0.5455,0.0909,1.0,10,3,3,1.0
1047443,94044,94043,5618,11,11,5,6,0.5455,0.0909,1.0,10,3,3,1.0
1020492,94044,94043,5618,11,11,5,6,0.5455,0.0909,1.0,10,3,3,1.0
1299457,4930,17750,6919,11,11,3,4,0.3636,0.0909,1.0,10,3,3,1.0
1279285,4930,17750,6919,11,11,3,4,0.3636,0.0909,1.0,10,3,3,1.0
1025946,4930,17750,6919,11,11,3,4,0.3636,0.0909,1.0,10,3,3,1.0
1217519,444,437,6959,11,11,5,6,0.5455,0.0909,1.0,10,3,3,1.0
1216836,444,437,6959,11,11,5,6,0.5455,0.0909,1.0,10,3,3,1.0
1216838,444,437,6959,11,11,5,6,0.5455,0.0909,1.0,10,3,3,1.0
1216837,444,437,6959,11,11,5,6,0.5455,0.0909,1.0,10,3,3,1.0
1225854,444,437,6959,11,11,5,6,0.5455,0.0909,1.0,10,3,3,1.0
1073537,6970,6987,7365,11,11,5,6,0.5455,0.0909,1.0,10,3,3,1.0
1097708,6970,6987,7365,11,11,5,6,0.5455,0.0909,1.0,10,3,3,1.0
1028068,6970,6987,7365,11,11,5,6,0.5455,0.0909,1.0,10,3,3,1.0
1030741,6970,6987,7365,11,11,5,6,0.5455,0.0909,1.0,10,3,3,1.0
1030740,6970,6987,7365,11,11,5,6,0.5455,0.0909,1.0,10,3,3,1.0
1030782,6941,22567,8188,11,11,5,6,0.5455,0.0909,1.0,10,3,3,1.0
1034022,6941,22567,8188,11,11,5,6,0.5455,0.0909,1.0,10,3,3,1.0
1030780,6941,22567,8188,11,11,5,6,0.5455,0.0909,1.0,10,3,3,1.0
1030779,6941,22567,8188,11,11,5,6,0.5455,0.0909,1.0,10,3,3,1.0
1030763,6941,22567,8188,11,11,5,6,0.5455,0.0909,1.0,10,3,3,1.0
1033887,165129,168320,8984,11,11,5,6,0.5455,0.0909,1.0,10,3,3,1.0
1250149,165129,168320,8984,11,11,5,6,0.5455,0.0909,1.0,10,3,3,1.0
1033827,165129,168320,8984,11,11,5,6,0.5455,0.0909,1.0,10,3,3,1.0
1136771,165129,168320,8984,11,11,5,6,0.5455,0.0909,1.0,10,3,3,1.0
1045050,165129,168320,8984,11,11,5,6,0.5455,0.0909,1.0,10,3,3,1.0
1041383,126385,126383,9020,11,11,3,4,0.3636,0.0909,1.0,10,3,3,1.0
1041384,126385,126383,9020,11,11,3,4,0.3636,0.0909,1.0,10,3,3,1.0
1041385,126385,126383,9020,11,11,3,4,0.3636,0.0909,1.0,10,3,3,1.0
1054029,23487,9102,9710,11,11,5,6,0.5455,0.0909,1.0,10,3,3,1.0
1060445,23487,9102,9710,11,11,5,6,0.5455,0.0909,1.0,10,3,3,1.0
1037177,23487,9102,9710,11,11,5,6,0.5455,0.0909,1.0,10,3,3,1.0
1037175,23487,9102,9710,11,11,5,6,0.5455,0.0909,1.0,10,3,3,1.0
1135451,23487,9102,9710,11,11,5,6,0.5455,0.0909,1.0,10,3,3,1.0
1039769,9136,9062,10293,11,11,5,6,0.5455,0.0909,1.0,10,3,3,1.0
1039770,9136,9062,10293,11,11,5,6,0.5455,0.0909,1.0,10,3,3,1.0
1039771,9136,9062,10293,11,11,5,6,0.5455,0.0909,1.0,10,3,3,1.0
1039767,9136,9062,10293,11,11,5,6,0.5455,0.0909,1.0,10,3,3,1.0
1039768,9136,9062,10293,11,11,5,6,0.5455,0.0909,1.0,10,3,3,1.0
1065349,5671,21974,14607,11,11,5,6,0.5455,0.0909,1.0,10,3,3,1.0
1065352,5671,21974,14607,11,11,5,6,0.5455,0.0909,1.0,10,3,3,1.0
1062320,5671,21974,14607,11,11,5,6,0.5455,0.0909,1.0,10,3,3,1.0
1065345,5671,21974,14607,11,11,5,6,0.5455,0.0909,1.0,10,3,3,1.0
1065350,5671,21974,14607,11,11,5,6,0.5455,0.0909,1.0,10,3,3,1.0
1062332,5668,5671,14609,11,11,5,6,0.5455,0.0909,1.0,10,3,3,1.0
1065301,5668,5671,14609,11,11,5,6,0.5455,0.0909,1.0,10,3,3,1.0
1065303,5668,5671,14609,11,11,5,6,0.5455,0.0909,1.0,10,3,3,1.0
1062333,5668,5671,14609,11,11,5,6,0.5455,0.0909,1.0,10,3,3,1.0
1062330,5668,5671,14609,11,11,5,6,0.5455,0.0909,1.0,10,3,3,1.0
1062754,5663,21964,14669,11,11,5,6,0.5455,0.0909,1.0,10,3,3,1.0
1062804,5663,21964,14669,11,11,5,6,0.5455,0.0909,1.0,10,3,3,1.0
1062755,5663,21964,14669,11,11,5,6,0.5455,0.0909,1.0,10,3,3,1.0
1062803,5663,21964,14669,11,11,5,6,0.5455,0.0909,1.0,10,3,3,1.0
1067571,5663,21964,14669,11,11,5,6,0.5455,0.0909,1.0,10,3,3,1.0
1065338,21962,5664,14778,11,11,5,6,0.5455,0.0909,1.0,10,3,3,1.0
1063124,21962,5664,14778,11,11,5,6,0.5455,0.0909,1.0,10,3,3,1.0
1063130,21962,5664,14778,11,11,5,6,0.5455,0.0909,1.0,10,3,3,1.0
1063125,21962,5664,14778,11,11,5,6,0.5455,0.0909,1.0,10,3,3,1.0
1063131,21962,5664,14778,11,11,5,6,0.5455,0.0909,1.0,10,3,3,1.0
1066273,21976,21975,14983,11,11,5,6,0.5455,0.0909,1.0,10,3,3,1.0
1066275,21976,21975,14983,11,11,5,6,0.5455,0.0909,1.0,10,3,3,1.0
1065563,21976,21975,14983,11,11,5,6,0.5455,0.0909,1.0,10,3,3,1.0
1065562,21976,21975,14983,11,11,5,6,0.5455,0.0909,1.0,10,3,3,1.0
1066274,21976,21975,14983,11,11,5,6,0.5455,0.0909,1.0,10,3,3,1.0
1175626,20756,20735,16287,11,11,5,6,0.5455,0.0909,1.0,10,3,3,1.0
1176414,20756,20735,16287,11,11,5,6,0.5455,0.0909,1.0,10,3,3,1.0
1176409,20756,20735,16287,11,11,5,6,0.5455,0.0909,1.0,10,3,3,1.0
1071056,20756,20735,16287,11,11,5,6,0.5455,0.0909,1.0,10,3,3,1.0
1135117,20756,20735,16287,11,11,5,6,0.5455,0.0909,1.0,10,3,3,1.0
1089497,15585,15527,16955,11,11,5,6,0.5455,0.0909,1.0,10,3,3,1.0
1073388,15585,15527,16955,11,11,5,6,0.5455,0.0909,1.0,10,3,3,1.0
1089496,15585,15527,16955,11,11,5,6,0.5455,0.0909,1.0,10,3,3,1.0
1119966,15585,15527,16955,11,11,5,6,0.5455,0.0909,1.0,10,3,3,1.0
1090188,15585,15527,16955,11,11,5,6,0.5455,0.0909,1.0,10,3,3,1.0
1113079,13299,13314,20670,11,11,5,6,0.5455,0.0909,1.0,10,3,3,1.0
1116036,13299,13314,20670,11,11,5,6,0.5455,0.0909,1.0,10,3,3,1.0
1112698,13299,13314,20670,11,11,5,6,0.5455,0.0909,1.0,10,3,3,1.0
1090614,13299,13314,20670,11,11,5,6,0.5455,0.0909,1.0,10,3,3,1.0
1113078,13299,13314,20670,11,11,5,6,0.5455,0.0909,1.0,10,3,3,1.0
1184607,19415,19403,21354,11,11,5,6,0.5455,0.0909,1.0,10,3,3,1.0
1184613,19415,19403,21354,11,11,5,6,0.5455,0.0909,1.0,10,3,3,1.0
1184599,19415,19403,21354,11,11,5,6,0.5455,0.0909,1.0,10,3,3,1.0
1092275,19415,19403,21354,11,11,5,6,0.5455,0.0909,1.0,10,3,3,1.0
1184598,19415,19403,21354,11,11,5,6,0.5455,0.0909,1.0,10,3,3,1.0
1180111,12508,12464,22280,12,11,3,4,0.3636,0.0909,1.0,11,3,3,1.0
1180109,12508,12464,22280,12,11,3,4,0.3636,0.0909,1.0,11,3,3,1.0
1095528,12508,12464,22280,12,11,3,4,0.3636,0.0909,1.0,11,3,3,1.0
1282344,6558,22321,29145,11,11,5,6,0.5455,0.0909,1.0,10,3,3,1.0
1282343,6558,22321,29145,11,11,5,6,0.5455,0.0909,1.0,10,3,3,1.0
1282342,6558,22321,29145,11,11,5,6,0.5455,0.0909,1.0,10,3,3,1.0
1282341,6558,22321,29145,11,11,5,6,0.5455,0.0909,1.0,10,3,3,1.0
1289276,6558,22321,29145,11,11,5,6,0.5455,0.0909,1.0,10,3,3,1.0
1282121,19466,19497,29636,11,11,5,6,0.5455,0.0909,1.0,10,3,3,1.0
1282620,19466,19497,29636,11,11,5,6,0.5455,0.0909,1.0,10,3,3,1.0
1282687,19466,19497,29636,11,11,5,6,0.5455,0.0909,1.0,10,3,3,1.0
1297701,19466,19497,29636,11,11,5,6,0.5455,0.0909,1.0,10,3,3,1.0
1282731,19466,19497,29636,11,11,5,6,0.5455,0.0909,1.0,10,3,3,1.0
1132296,273288,273289,29995,11,11,3,4,0.3636,0.0909,1.0,10,3,3,1.0
1132294,273288,273289,29995,11,11,3,4,0.3636,0.0909,1.0,10,3,3,1.0
1132295,273288,273289,29995,11,11,3,4,0.3636,0.0909,1.0,10,3,3,1.0
1134095,14906,14831,30700,11,11,4,5,0.4545,0.0909,1.0,10,3,3,1.0
1298490,14906,14831,30700,11,11,4,5,0.4545,0.0909,1.0,10,3,3,1.0
1270776,14906,14831,30700,11,11,4,5,0.4545,0.0909,1.0,10,3,3,1.0
1270789,14906,14831,30700,11,11,4,5,0.4545,0.0909,1.0,10,3,3,1.0
1174538,27212,18685,36465,11,11,5,6,0.5455,0.0909,1.0,10,3,3,1.0
1168486,27212,18685,36465,11,11,5,6,0.5455,0.0909,1.0,10,3,3,1.0
1168439,27212,18685,36465,11,11,5,6,0.5455,0.0909,1.0,10,3,3,1.0
1174537,27212,18685,36465,11,11,5,6,0.5455,0.0909,1.0,10,3,3,1.0
1167818,27212,18685,36465,11,11,5,6,0.5455,0.0909,1.0,10,3,3,1.0
1195405,6707,6776,40647,11,11,5,6,0.5455,0.0909,1.0,10,3,3,1.0
1281696,6707,6776,40647,11,11,5,6,0.5455,0.0909,1.0,10,3,3,1.0
1250942,6707,6776,40647,11,11,5,6,0.5455,0.0909,1.0,10,3,3,1.0
1279567,6707,6776,40647,11,11,5,6,0.5455,0.0909,1.0,10,3,3,1.0
1279565,6707,6776,40647,11,11,5,6,0.5455,0.0909,1.0,10,3,3,1.0
1309311,9021,8881,40661,11,11,3,4,0.3636,0.0909,1.0,10,3,3,1.0
1309313,9021,8881,40661,11,11,3,4,0.3636,0.0909,1.0,10,3,3,1.0
1309112,9021,8881,40661,11,11,3,4,0.3636,0.0909,1.0,10,3,3,1.0
1199699,9879,23908,41905,11,11,5,6,0.5455,0.0909,1.0,10,3,3,1.0
1202045,9879,23908,41905,11,11,5,6,0.5455,0.0909,1.0,10,3,3,1.0
1202044,9879,23908,41905,11,11,5,6,0.5455,0.0909,1.0,10,3,3,1.0
1202042,9879,23908,41905,11,11,5,6,0.5455,0.0909,1.0,10,3,3,1.0
1202043,9879,23908,41905,11,11,5,6,0.5455,0.0909,1.0,10,3,3,1.0
1220707,18997,19048,44818,11,11,5,6,0.5455,0.0909,1.0,10,3,3,1.0
1220671,18997,19048,44818,11,11,5,6,0.5455,0.0909,1.0,10,3,3,1.0
1220706,18997,19048,44818,11,11,5,6,0.5455,0.0909,1.0,10,3,3,1.0
1220701,18997,19048,44818,11,11,5,6,0.5455,0.0909,1.0,10,3,3,1.0
1220669,18997,19048,44818,11,11,5,6,0.5455,0.0909,1.0,10,3,3,1.0
1288673,10294,10241,46662,11,11,4,5,0.4545,0.0909,1.0,10,3,3,1.0
1248320,10294,10241,46662,11,11,4,5,0.4545,0.0909,1.0,10,3,3,1.0
1273850,10294,10241,46662,11,11,4,5,0.4545,0.0909,1.0,10,3,3,1.0
1289208,10294,10241,46662,11,11,4,5,0.4545,0.0909,1.0,10,3,3,1.0
1271677,158083,83804,47689,11,11,4,5,0.4545,0.0909,1.0,10,3,3,1.0
1271675,158083,83804,47689,11,11,4,5,0.4545,0.0909,1.0,10,3,3,1.0
1271678,158083,83804,47689,11,11,4,5,0.4545,0.0909,1.0,10,3,3,1.0
1271676,158083,83804,47689,11,11,4,5,0.4545,0.0909,1.0,10,3,3,1.0
1286796,22760,7488,51311,11,11,4,5,0.4545,0.0909,1.0,10,3,3,1.0
1286795,22760,7488,51311,11,11,4,5,0.4545,0.0909,1.0,10,3,3,1.0
1286805,22760,7488,51311,11,11,4,5,0.4545,0.0909,1.0,10,3,3,1.0
1286798,22760,7488,51311,11,11,4,5,0.4545,0.0909,1.0,10,3,3,1.0
1308310,8587,8636,53443,11,11,3,4,0.3636,0.0909,1.0,10,3,3,1.0
1308311,8587,8636,53443,11,11,3,4,0.3636,0.0909,1.0,10,3,3,1.0
1306074,8587,8636,53443,11,11,3,4,0.3636,0.0909,1.0,10,3,3,1.0
1181373,350093,282566,12316,46,46,2,6,0.1304,0.087,1.0,45,3,3,1.0
1175836,350095,282566,12316,46,46,2,6,0.1304,0.087,1.0,45,3,3,1.0
1175839,350095,282566,12316,46,46,2,6,0.1304,0.087,1.0,45,3,3,1.0
1180664,57566,282566,12316,46,46,2,6,0.1304,0.087,1.0,45,3,3,1.0
1073019,370354,282566,12316,46,46,2,6,0.1304,0.087,1.0,45,3,3,1.0
1176323,350093,282566,12316,46,46,2,6,0.1304,0.087,1.0,45,3,3,1.0
1223620,370354,282566,12316,46,46,2,6,0.1304,0.087,1.0,45,3,3,1.0
1174972,57566,282566,12316,46,46,2,6,0.1304,0.087,1.0,45,3,3,1.0
1187904,26342,3945,5647,24,24,5,7,0.2917,0.0833,1.0,23,3,3,1.0
1187879,26342,3945,5647,24,24,5,7,0.2917,0.0833,1.0,23,3,3,1.0
1187881,26342,3945,5647,24,24,5,7,0.2917,0.0833,1.0,23,3,3,1.0
1187880,26342,3945,5647,24,24,5,7,0.2917,0.0833,1.0,23,3,3,1.0
1187878,26342,3945,5647,24,24,5,7,0.2917,0.0833,1.0,23,3,3,1.0
1167127,108153,108147,4745,12,12,2,3,0.25,0.0833,1.0,11,3,3,1.0
1185606,108148,108147,4745,12,12,2,3,0.25,0.0833,1.0,11,3,3,1.0
1185608,108148,108147,4745,12,12,2,3,0.25,0.0833,1.0,11,3,3,1.0
1167124,108153,108147,4745,12,12,2,3,0.25,0.0833,1.0,11,3,3,1.0
1286373,6495,6428,13749,12,12,3,4,0.3333,0.0833,1.0,11,3,3,1.0
1286372,6495,6428,13749,12,12,3,4,0.3333,0.0833,1.0,11,3,3,1.0
1059518,6495,6428,13749,12,12,3,4,0.3333,0.0833,1.0,11,3,3,1.0
1286362,6479,6428,13749,12,12,3,4,0.3333,0.0833,1.0,11,3,3,1.0
1286360,6479,6428,13749,12,12,3,4,0.3333,0.0833,1.0,11,3,3,1.0
1286359,6479,6428,13749,12,12,3,4,0.3333,0.0833,1.0,11,3,3,1.0
1092014,13711,13845,19089,12,12,4,5,0.4167,0.0833,1.0,11,3,3,1.0
1092061,13711,13845,19089,12,12,4,5,0.4167,0.0833,1.0,11,3,3,1.0
1092060,13711,13845,19089,12,12,4,5,0.4167,0.0833,1.0,11,3,3,1.0
1090995,13711,13845,19089,12,12,4,5,0.4167,0.0833,1.0,11,3,3,1.0
1185234,19335,19358,21347,12,12,5,6,0.5,0.0833,1.0,11,3,3,1.0
1092262,19335,19358,21347,12,12,5,6,0.5,0.0833,1.0,11,3,3,1.0
1185222,19335,19358,21347,12,12,5,6,0.5,0.0833,1.0,11,3,3,1.0
1185237,19335,19358,21347,12,12,5,6,0.5,0.0833,1.0,11,3,3,1.0
1184556,19335,19358,21347,12,12,5,6,0.5,0.0833,1.0,11,3,3,1.0
1210181,25323,25307,27105,12,12,4,5,0.4167,0.0833,1.0,11,3,3,1.0
1210415,25323,25307,27105,12,12,4,5,0.4167,0.0833,1.0,11,3,3,1.0
1196045,25323,25307,27105,12,12,4,5,0.4167,0.0833,1.0,11,3,3,1.0
1221273,25323,25307,27105,12,12,4,5,0.4167,0.0833,1.0,11,3,3,1.0
1124099,11967,24764,27593,12,12,3,4,0.3333,0.0833,1.0,11,3,3,1.0
1124107,11967,24764,27593,12,12,3,4,0.3333,0.0833,1.0,11,3,3,1.0
1124100,11967,24764,27593,12,12,3,4,0.3333,0.0833,1.0,11,3,3,1.0
1126581,4033,4054,28142,12,12,5,6,0.5,0.0833,1.0,11,3,3,1.0
1181203,4033,4054,28142,12,12,5,6,0.5,0.0833,1.0,11,3,3,1.0
1188178,4033,4054,28142,12,12,5,6,0.5,0.0833,1.0,11,3,3,1.0
1183791,4033,4054,28142,12,12,5,6,0.5,0.0833,1.0,11,3,3,1.0
1126058,4033,4054,28142,12,12,5,6,0.5,0.0833,1.0,11,3,3,1.0
1175040,15428,15445,31828,12,12,3,4,0.3333,0.0833,1.0,11,3,3,1.0
1175046,15416,15445,31828,12,12,3,4,0.3333,0.0833,1.0,11,3,3,1.0
1179825,15428,15445,31828,12,12,3,4,0.3333,0.0833,1.0,11,3,3,1.0
1175044,15416,15445,31828,12,12,3,4,0.3333,0.0833,1.0,11,3,3,1.0
1180082,15416,15445,31828,12,12,3,4,0.3333,0.0833,1.0,11,3,3,1.0
1179874,15428,15445,31828,12,12,3,4,0.3333,0.0833,1.0,11,3,3,1.0
1219916,18517,18536,37490,12,12,3,4,0.3333,0.0833,1.0,11,3,3,1.0
1219918,18517,18536,37490,12,12,3,4,0.3333,0.0833,1.0,11,3,3,1.0
1219127,18517,18536,37490,12,12,3,4,0.3333,0.0833,1.0,11,3,3,1.0
1175071,16547,26489,37599,12,12,4,5,0.4167,0.0833,1.0,11,3,3,1.0
1175069,16547,26489,37599,12,12,4,5,0.4167,0.0833,1.0,11,3,3,1.0
1180645,16547,26489,37599,12,12,4,5,0.4167,0.0833,1.0,11,3,3,1.0
1180646,16547,26489,37599,12,12,4,5,0.4167,0.0833,1.0,11,3,3,1.0
1288626,7521,22823,46766,12,12,4,5,0.4167,0.0833,1.0,11,3,3,1.0
1288623,7521,22823,46766,12,12,4,5,0.4167,0.0833,1.0,11,3,3,1.0
1298776,7521,22823,46766,12,12,4,5,0.4167,0.0833,1.0,11,3,3,1.0
1288625,7521,22823,46766,12,12,4,5,0.4167,0.0833,1.0,11,3,3,1.0
1001900,375329,375330,298,38,37,7,10,0.2703,0.0811,1.0,37,3,3,1.0
1002584,375329,375330,298,38,37,7,10,0.2703,0.0811,1.0,37,3,3,1.0
1002389,375329,375330,298,38,37,7,10,0.2703,0.0811,1.0,37,3,3,1.0
1001903,375329,375330,298,38,37,7,10,0.2703,0.0811,1.0,37,3,3,1.0
1001902,375329,375330,298,38,37,7,10,0.2703,0.0811,1.0,37,3,3,1.0
1010822,375329,375330,298,38,37,7,10,0.2703,0.0811,1.0,37,3,3,1.0
1261292,375329,375330,298,38,37,7,10,0.2703,0.0811,1.0,37,3,3,1.0
1185843,297926,19503,21275,26,26,3,5,0.1923,0.0769,1.0,25,3,3,1.0
1188382,297922,19503,21275,26,26,3,5,0.1923,0.0769,1.0,25,3,3,1.0
1185845,297926,19503,21275,26,26,3,5,0.1923,0.0769,1.0,25,3,3,1.0
1188385,297922,19503,21275,26,26,3,5,0.1923,0.0769,1.0,25,3,3,1.0
1188324,297926,19503,21275,26,26,3,5,0.1923,0.0769,1.0,25,3,3,1.0
1186269,297922,19503,21275,26,26,3,5,0.1923,0.0769,1.0,25,3,3,1.0
1059251,101723,101727,3680,13,13,4,5,0.3846,0.0769,1.0,12,3,3,1.0
1067149,101723,101727,3680,13,13,4,5,0.3846,0.0769,1.0,12,3,3,1.0
1067150,101723,101727,3680,13,13,4,5,0.3846,0.0769,1.0,12,3,3,1.0
1067158,101723,101727,3680,13,13,4,5,0.3846,0.0769,1.0,12,3,3,1.0
1083137,26160,15668,3746,13,13,4,5,0.3846,0.0769,1.0,12,3,3,1.0
1090624,26160,15668,3746,13,13,4,5,0.3846,0.0769,1.0,12,3,3,1.0
1088803,26160,15668,3746,13,13,4,5,0.3846,0.0769,1.0,12,3,3,1.0
1066152,15679,15668,3746,13,13,4,5,0.3846,0.0769,1.0,12,3,3,1.0
1137034,15679,15668,3746,13,13,4,5,0.3846,0.0769,1.0,12,3,3,1.0
1087896,15679,15668,3746,13,13,4,5,0.3846,0.0769,1.0,12,3,3,1.0
1083138,15679,15668,3746,13,13,4,5,0.3846,0.0769,1.0,12,3,3,1.0
1081968,26160,15668,3746,13,13,4,5,0.3846,0.0769,1.0,12,3,3,1.0
1150424,3089,537308,4495,13,13,6,7,0.5385,0.0769,1.0,12,3,3,1.0
1143545,3089,537308,4495,13,13,6,7,0.5385,0.0769,1.0,12,3,3,1.0
1143539,3089,537308,4495,13,13,6,7,0.5385,0.0769,1.0,12,3,3,1.0
1143544,3089,537308,4495,13,13,6,7,0.5385,0.0769,1.0,12,3,3,1.0
1143490,3089,537308,4495,13,13,6,7,0.5385,0.0769,1.0,12,3,3,1.0
1113402,3089,537308,4495,13,13,6,7,0.5385,0.0769,1.0,12,3,3,1.0
1124341,536224,536225,10637,14,13,5,6,0.4615,0.0769,1.0,13,3,3,1.0
1273991,536224,536225,10637,14,13,5,6,0.4615,0.0769,1.0,13,3,3,1.0
1189385,536224,536225,10637,14,13,5,6,0.4615,0.0769,1.0,13,3,3,1.0
1154861,536224,536225,10637,14,13,5,6,0.4615,0.0769,1.0,13,3,3,1.0
1209083,536224,536225,10637,14,13,5,6,0.4615,0.0769,1.0,13,3,3,1.0
1077411,18741,18814,18089,13,13,6,7,0.5385,0.0769,1.0,12,3,3,1.0
1077408,18741,18814,18089,13,13,6,7,0.5385,0.0769,1.0,12,3,3,1.0
1078530,18741,18814,18089,13,13,6,7,0.5385,0.0769,1.0,12,3,3,1.0
1077410,18741,18814,18089,13,13,6,7,0.5385,0.0769,1.0,12,3,3,1.0
1084578,18741,18814,18089,13,13,6,7,0.5385,0.0769,1.0,12,3,3,1.0
1077409,18741,18814,18089,13,13,6,7,0.5385,0.0769,1.0,12,3,3,1.0
1102353,16410,26449,18838,13,13,3,4,0.3077,0.0769,1.0,12,3,3,1.0
1101394,26403,26449,18838,13,13,3,4,0.3077,0.0769,1.0,12,3,3,1.0
1103087,16517,26449,18838,13,13,3,4,0.3077,0.0769,1.0,12,3,3,1.0
1104057,26403,26449,18838,13,13,3,4,0.3077,0.0769,1.0,12,3,3,1.0
1080747,16517,26449,18838,13,13,3,4,0.3077,0.0769,1.0,12,3,3,1.0
1094458,26403,26449,18838,13,13,3,4,0.3077,0.0769,1.0,12,3,3,1.0
1100363,16517,26449,18838,13,13,3,4,0.3077,0.0769,1.0,12,3,3,1.0
1102416,16410,26449,18838,13,13,3,4,0.3077,0.0769,1.0,12,3,3,1.0
1102384,16410,26449,18838,13,13,3,4,0.3077,0.0769,1.0,12,3,3,1.0
1228596,11065,11040,19902,13,13,4,5,0.3846,0.0769,1.0,12,3,3,1.0
1221378,11065,11040,19902,13,13,4,5,0.3846,0.0769,1.0,12,3,3,1.0
1216979,11022,11040,19902,13,13,4,5,0.3846,0.0769,1.0,12,3,3,1.0
1217790,11022,11040,19902,13,13,4,5,0.3846,0.0769,1.0,12,3,3,1.0
1228597,11022,11040,19902,13,13,4,5,0.3846,0.0769,1.0,12,3,3,1.0
1221377,11065,11040,19902,13,13,4,5,0.3846,0.0769,1.0,12,3,3,1.0
1221379,11065,11040,19902,13,13,4,5,0.3846,0.0769,1.0,12,3,3,1.0
1216977,11022,11040,19902,13,13,4,5,0.3846,0.0769,1.0,12,3,3,1.0
1186178,19331,19307,20234,13,13,4,5,0.3846,0.0769,1.0,12,3,3,1.0
1088988,19331,19307,20234,13,13,4,5,0.3846,0.0769,1.0,12,3,3,1.0
1186180,19300,19307,20234,13,13,4,5,0.3846,0.0769,1.0,12,3,3,1.0
1186182,19300,19307,20234,13,13,4,5,0.3846,0.0769,1.0,12,3,3,1.0
1186183,19300,19307,20234,13,13,4,5,0.3846,0.0769,1.0,12,3,3,1.0
1092225,19300,19307,20234,13,13,4,5,0.3846,0.0769,1.0,12,3,3,1.0
1185491,19331,19307,20234,13,13,4,5,0.3846,0.0769,1.0,12,3,3,1.0
1174697,19331,19307,20234,13,13,4,5,0.3846,0.0769,1.0,12,3,3,1.0
1190007,377983,377979,22894,13,13,2,3,0.2308,0.0769,1.0,12,3,3,1.0
1190009,377983,377979,22894,13,13,2,3,0.2308,0.0769,1.0,12,3,3,1.0
1102637,16425,16433,23747,13,13,6,7,0.5385,0.0769,1.0,12,3,3,1.0
1102699,16425,16433,23747,13,13,6,7,0.5385,0.0769,1.0,12,3,3,1.0
1102700,16425,16433,23747,13,13,6,7,0.5385,0.0769,1.0,12,3,3,1.0
1102698,16425,16433,23747,13,13,6,7,0.5385,0.0769,1.0,12,3,3,1.0
1102636,16425,16433,23747,13,13,6,7,0.5385,0.0769,1.0,12,3,3,1.0
1102635,16425,16433,23747,13,13,6,7,0.5385,0.0769,1.0,12,3,3,1.0
1127499,3947,384818,28541,13,13,6,7,0.5385,0.0769,1.0,12,3,3,1.0
1158370,3947,384818,28541,13,13,6,7,0.5385,0.0769,1.0,12,3,3,1.0
1158337,3947,384818,28541,13,13,6,7,0.5385,0.0769,1.0,12,3,3,1.0
1158335,3947,384818,28541,13,13,6,7,0.5385,0.0769,1.0,12,3,3,1.0
1158371,3947,384818,28541,13,13,6,7,0.5385,0.0769,1.0,12,3,3,1.0
1165380,3947,384818,28541,13,13,6,7,0.5385,0.0769,1.0,12,3,3,1.0
1170746,10623,10579,29168,13,13,4,5,0.3846,0.0769,1.0,12,3,3,1.0
1170745,10623,10579,29168,13,13,4,5,0.3846,0.0769,1.0,12,3,3,1.0
1170799,10623,10579,29168,13,13,4,5,0.3846,0.0769,1.0,12,3,3,1.0
1170747,10623,10579,29168,13,13,4,5,0.3846,0.0769,1.0,12,3,3,1.0
1207913,20064,1263,31041,13,13,5,6,0.4615,0.0769,1.0,12,3,3,1.0
1207916,20064,1263,31041,13,13,5,6,0.4615,0.0769,1.0,12,3,3,1.0
1207914,20064,1263,31041,13,13,5,6,0.4615,0.0769,1.0,12,3,3,1.0
1207910,20064,1263,31041,13,13,5,6,0.4615,0.0769,1.0,12,3,3,1.0
1208909,20064,1263,31041,13,13,5,6,0.4615,0.0769,1.0,12,3,3,1.0
1201537,12758,12813,36973,13,13,4,5,0.3846,0.0769,1.0,12,3,3,1.0
1210461,12758,12813,36973,13,13,4,5,0.3846,0.0769,1.0,12,3,3,1.0
1210464,12758,12813,36973,13,13,4,5,0.3846,0.0769,1.0,12,3,3,1.0
1210325,12755,12813,36973,13,13,4,5,0.3846,0.0769,1.0,12,3,3,1.0
1210386,12758,12813,36973,13,13,4,5,0.3846,0.0769,1.0,12,3,3,1.0
1210326,12755,12813,36973,13,13,4,5,0.3846,0.0769,1.0,12,3,3,1.0
1207844,12755,12813,36973,13,13,4,5,0.3846,0.0769,1.0,12,3,3,1.0
1170059,12755,12813,36973,13,13,4,5,0.3846,0.0769,1.0,12,3,3,1.0
1301831,7235,22664,46523,13,13,4,5,0.3846,0.0769,1.0,12,3,3,1.0
1276505,7235,22664,46523,13,13,4,5,0.3846,0.0769,1.0,12,3,3,1.0
1307821,7235,22664,46523,13,13,4,5,0.3846,0.0769,1.0,12,3,3,1.0
1235080,7235,22664,46523,13,13,4,5,0.3846,0.0769,1.0,12,3,3,1.0
1289857,9705,500,35987,27,27,6,8,0.2963,0.0741,1.0,26,3,3,1.0
1270859,9705,500,35987,27,27,6,8,0.2963,0.0741,1.0,26,3,3,1.0
1227382,9705,500,35987,27,27,6,8,0.2963,0.0741,1.0,26,3,3,1.0
1228517,9705,500,35987,27,27,6,8,0.2963,0.0741,1.0,26,3,3,1.0
1228516,9705,500,35987,27,27,6,8,0.2963,0.0741,1.0,26,3,3,1.0
1228514,9705,500,35987,27,27,6,8,0.2963,0.0741,1.0,26,3,3,1.0
1181263,15948,15968,10000,14,14,3,4,0.2857,0.0714,1.0,13,3,3,1.0
1181246,15955,15968,10000,14,14,3,4,0.2857,0.0714,1.0,13,3,3,1.0
1181243,15948,15968,10000,14,14,3,4,0.2857,0.0714,1.0,13,3,3,1.0
1181260,15948,15968,10000,14,14,3,4,0.2857,0.0714,1.0,13,3,3,1.0
1038558,15955,15968,10000,14,14,3,4,0.2857,0.0714,1.0,13,3,3,1.0
1181140,15955,15968,10000,14,14,3,4,0.2857,0.0714,1.0,13,3,3,1.0
1059347,8909,8920,13660,14,14,4,5,0.3571,0.0714,1.0,13,3,3,1.0
1138087,8909,8920,13660,14,14,4,5,0.3571,0.0714,1.0,13,3,3,1.0
1137948,8909,8920,13660,14,14,4,5,0.3571,0.0714,1.0,13,3,3,1.0
1267920,8909,8920,13660,14,14,4,5,0.3571,0.0714,1.0,13,3,3,1.0
1154234,2359,2408,21257,14,14,4,5,0.3571,0.0714,1.0,13,3,3,1.0
1154283,2359,2408,21257,14,14,4,5,0.3571,0.0714,1.0,13,3,3,1.0
1154285,2359,2408,21257,14,14,4,5,0.3571,0.0714,1.0,13,3,3,1.0
1154284,2359,2408,21257,14,14,4,5,0.3571,0.0714,1.0,13,3,3,1.0
1112849,13345,13486,25210,14,14,4,5,0.3571,0.0714,1.0,13,3,3,1.0
1110797,13345,13486,25210,14,14,4,5,0.3571,0.0714,1.0,13,3,3,1.0
1113767,13345,13486,25210,14,14,4,5,0.3571,0.0714,1.0,13,3,3,1.0
1110796,13345,13486,25210,14,14,4,5,0.3571,0.0714,1.0,13,3,3,1.0
1304046,19788,7408,30036,14,14,2,3,0.2143,0.0714,1.0,13,3,3,1.0
1300732,248,7408,30036,14,14,2,3,0.2143,0.0714,1.0,13,3,3,1.0
1304047,19788,7408,30036,14,14,2,3,0.2143,0.0714,1.0,13,3,3,1.0
1303248,248,7408,30036,14,14,2,3,0.2143,0.0714,1.0,13,3,3,1.0
1188380,159364,159361,36356,14,14,3,4,0.2857,0.0714,1.0,13,3,3,1.0
1188396,159364,159361,36356,14,14,3,4,0.2857,0.0714,1.0,13,3,3,1.0
1188284,159362,159361,36356,14,14,3,4,0.2857,0.0714,1.0,13,3,3,1.0
1188395,159364,159361,36356,14,14,3,4,0.2857,0.0714,1.0,13,3,3,1.0
1188285,159362,159361,36356,14,14,3,4,0.2857,0.0714,1.0,13,3,3,1.0
1188282,159362,159361,36356,14,14,3,4,0.2857,0.0714,1.0,13,3,3,1.0
1298538,6879,22436,50075,14,14,5,6,0.4286,0.0714,1.0,13,3,3,1.0
1298566,6879,22436,50075,14,14,5,6,0.4286,0.0714,1.0,13,3,3,1.0
1298569,6879,22436,50075,14,14,5,6,0.4286,0.0714,1.0,13,3,3,1.0
1289850,6879,22436,50075,14,14,5,6,0.4286,0.0714,1.0,13,3,3,1.0
1298567,6879,22436,50075,14,14,5,6,0.4286,0.0714,1.0,13,3,3,1.0
1280519,7326,7272,50348,14,14,4,5,0.3571,0.0714,1.0,13,3,3,1.0
1286885,7326,7272,50348,14,14,4,5,0.3571,0.0714,1.0,13,3,3,1.0
1286886,7326,7272,50348,14,14,4,5,0.3571,0.0714,1.0,13,3,3,1.0
1300484,7326,7272,50348,14,14,4,5,0.3571,0.0714,1.0,13,3,3,1.0
1309338,9414,9443,53719,14,14,4,5,0.3571,0.0714,1.0,13,3,3,1.0
1307133,9414,9443,53719,14,14,4,5,0.3571,0.0714,1.0,13,3,3,1.0
1309341,9414,9443,53719,14,14,4,5,0.3571,0.0714,1.0,13,3,3,1.0
1307132,9414,9443,53719,14,14,4,5,0.3571,0.0714,1.0,13,3,3,1.0
1057468,282887,282889,4113,15,15,7,8,0.5333,0.0667,1.0,14,3,3,1.0
1057466,282887,282889,4113,15,15,7,8,0.5333,0.0667,1.0,14,3,3,1.0
1056735,282887,282889,4113,15,15,7,8,0.5333,0.0667,1.0,14,3,3,1.0
1056737,282887,282889,4113,15,15,7,8,0.5333,0.0667,1.0,14,3,3,1.0
1043977,282887,282889,4113,15,15,7,8,0.5333,0.0667,1.0,14,3,3,1.0
1065012,282887,282889,4113,15,15,7,8,0.5333,0.0667,1.0,14,3,3,1.0
1043976,282887,282889,4113,15,15,7,8,0.5333,0.0667,1.0,14,3,3,1.0
1019453,9469,9498,5339,15,15,7,8,0.5333,0.0667,1.0,14,3,3,1.0
1063520,9469,9498,5339,15,15,7,8,0.5333,0.0667,1.0,14,3,3,1.0
1159755,9469,9498,5339,15,15,7,8,0.5333,0.0667,1.0,14,3,3,1.0
1020438,9469,9498,5339,15,15,7,8,0.5333,0.0667,1.0,14,3,3,1.0
1198090,9469,9498,5339,15,15,7,8,0.5333,0.0667,1.0,14,3,3,1.0
1229439,9469,9498,5339,15,15,7,8,0.5333,0.0667,1.0,14,3,3,1.0
1251069,9469,9498,5339,15,15,7,8,0.5333,0.0667,1.0,14,3,3,1.0
1069804,144325,144324,14777,15,15,4,5,0.3333,0.0667,1.0,14,3,3,1.0
1063512,144325,144324,14777,15,15,4,5,0.3333,0.0667,1.0,14,3,3,1.0
1063510,144325,144324,14777,15,15,4,5,0.3333,0.0667,1.0,14,3,3,1.0
1069802,144325,144324,14777,15,15,4,5,0.3333,0.0667,1.0,14,3,3,1.0
1171364,1305,20046,14884,15,15,7,8,0.5333,0.0667,1.0,14,3,3,1.0
1064820,1305,20046,14884,15,15,7,8,0.5333,0.0667,1.0,14,3,3,1.0
1136059,1305,20046,14884,15,15,7,8,0.5333,0.0667,1.0,14,3,3,1.0
1171365,1305,20046,14884,15,15,7,8,0.5333,0.0667,1.0,14,3,3,1.0
1127992,1305,20046,14884,15,15,7,8,0.5333,0.0667,1.0,14,3,3,1.0
1171367,1305,20046,14884,15,15,7,8,0.5333,0.0667,1.0,14,3,3,1.0
1251101,1305,20046,14884,15,15,7,8,0.5333,0.0667,1.0,14,3,3,1.0
1306759,18303,18322,15786,15,15,4,5,0.3333,0.0667,1.0,14,3,3,1.0
1069195,18303,18322,15786,15,15,4,5,0.3333,0.0667,1.0,14,3,3,1.0
1306760,18303,18322,15786,15,15,4,5,0.3333,0.0667,1.0,14,3,3,1.0
1306761,18303,18322,15786,15,15,4,5,0.3333,0.0667,1.0,14,3,3,1.0
1069313,19183,19204,15801,15,15,4,5,0.3333,0.0667,1.0,14,3,3,1.0
1069316,19183,19204,15801,15,15,4,5,0.3333,0.0667,1.0,14,3,3,1.0
1080217,19183,19204,15801,15,15,4,5,0.3333,0.0667,1.0,14,3,3,1.0
1069265,19220,19204,15801,15,15,4,5,0.3333,0.0667,1.0,14,3,3,1.0
1069267,19220,19204,15801,15,15,4,5,0.3333,0.0667,1.0,14,3,3,1.0
1069266,19220,19204,15801,15,15,4,5,0.3333,0.0667,1.0,14,3,3,1.0
1069268,19220,19204,15801,15,15,4,5,0.3333,0.0667,1.0,14,3,3,1.0
1069315,19183,19204,15801,15,15,4,5,0.3333,0.0667,1.0,14,3,3,1.0
1122991,1349,20088,17459,15,15,7,8,0.5333,0.0667,1.0,14,3,3,1.0
1122989,1349,20088,17459,15,15,7,8,0.5333,0.0667,1.0,14,3,3,1.0
1122992,1349,20088,17459,15,15,7,8,0.5333,0.0667,1.0,14,3,3,1.0
1169454,1349,20088,17459,15,15,7,8,0.5333,0.0667,1.0,14,3,3,1.0
1169452,1349,20088,17459,15,15,7,8,0.5333,0.0667,1.0,14,3,3,1.0
1122987,1349,20088,17459,15,15,7,8,0.5333,0.0667,1.0,14,3,3,1.0
1169453,1349,20088,17459,15,15,7,8,0.5333,0.0667,1.0,14,3,3,1.0
1121890,119019,1486,27115,15,15,6,7,0.4667,0.0667,1.0,14,3,3,1.0
1210598,119019,1486,27115,15,15,6,7,0.4667,0.0667,1.0,14,3,3,1.0
1209399,119019,1486,27115,15,15,6,7,0.4667,0.0667,1.0,14,3,3,1.0
1209950,119019,1486,27115,15,15,6,7,0.4667,0.0667,1.0,14,3,3,1.0
1209398,119019,1486,27115,15,15,6,7,0.4667,0.0667,1.0,14,3,3,1.0
1209952,119019,1486,27115,15,15,6,7,0.4667,0.0667,1.0,14,3,3,1.0
1266238,23946,9963,31755,15,15,4,5,0.3333,0.0667,1.0,14,3,3,1.0
1137747,23946,9963,31755,15,15,4,5,0.3333,0.0667,1.0,14,3,3,1.0
1266235,23946,9963,31755,15,15,4,5,0.3333,0.0667,1.0,14,3,3,1.0
1267690,23946,9963,31755,15,15,4,5,0.3333,0.0667,1.0,14,3,3,1.0
1309547,7374,7410,48554,15,15,4,5,0.3333,0.0667,1.0,14,3,3,1.0
1309526,7374,7410,48554,15,15,4,5,0.3333,0.0667,1.0,14,3,3,1.0
1309549,7374,7410,48554,15,15,4,5,0.3333,0.0667,1.0,14,3,3,1.0
1309546,7374,7410,48554,15,15,4,5,0.3333,0.0667,1.0,14,3,3,1.0
1174961,269764,282566,12316,46,46,3,6,0.1304,0.0652,1.0,45,3,3,1.0
1175837,350094,282566,12316,46,46,3,6,0.1304,0.0652,1.0,45,3,3,1.0
1174969,344363,282566,12316,46,46,3,6,0.1304,0.0652,1.0,45,3,3,1.0
1257736,350094,282566,12316,46,46,3,6,0.1304,0.0652,1.0,45,3,3,1.0
1174970,344363,282566,12316,46,46,3,6,0.1304,0.0652,1.0,45,3,3,1.0
1261394,350094,282566,12316,46,46,3,6,0.1304,0.0652,1.0,45,3,3,1.0
1174962,269764,282566,12316,46,46,3,6,0.1304,0.0652,1.0,45,3,3,1.0
1174968,344363,282566,12316,46,46,3,6,0.1304,0.0652,1.0,45,3,3,1.0
1174964,269764,282566,12316,46,46,3,6,0.1304,0.0652,1.0,45,3,3,1.0
1054879,25008,12424,6958,16,16,5,6,0.375,0.0625,1.0,15,3,3,1.0
1026311,25008,12424,6958,16,16,5,6,0.375,0.0625,1.0,15,3,3,1.0
1026312,25008,12424,6958,16,16,5,6,0.375,0.0625,1.0,15,3,3,1.0
1027778,25008,12424,6958,16,16,5,6,0.375,0.0625,1.0,15,3,3,1.0
1026308,25009,12424,6958,16,16,5,6,0.375,0.0625,1.0,15,3,3,1.0
1026307,25009,12424,6958,16,16,5,6,0.375,0.0625,1.0,15,3,3,1.0
1026306,25009,12424,6958,16,16,5,6,0.375,0.0625,1.0,15,3,3,1.0
1052653,25009,12424,6958,16,16,5,6,0.375,0.0625,1.0,15,3,3,1.0
1026310,25008,12424,6958,16,16,5,6,0.375,0.0625,1.0,15,3,3,1.0
1026314,25009,12424,6958,16,16,5,6,0.375,0.0625,1.0,15,3,3,1.0
1279763,79005,79004,31822,16,16,5,6,0.375,0.0625,1.0,15,3,3,1.0
1279761,79005,79004,31822,16,16,5,6,0.375,0.0625,1.0,15,3,3,1.0
1287141,79005,79004,31822,16,16,5,6,0.375,0.0625,1.0,15,3,3,1.0
1287142,79005,79004,31822,16,16,5,6,0.375,0.0625,1.0,15,3,3,1.0
1287140,79005,79004,31822,16,16,5,6,0.375,0.0625,1.0,15,3,3,1.0
1175226,11728,24694,37645,16,16,3,4,0.25,0.0625,1.0,15,3,3,1.0
1175207,11652,24694,37645,16,16,3,4,0.25,0.0625,1.0,15,3,3,1.0
1175204,11652,24694,37645,16,16,3,4,0.25,0.0625,1.0,15,3,3,1.0
1175205,11652,24694,37645,16,16,3,4,0.25,0.0625,1.0,15,3,3,1.0
1175225,11728,24694,37645,16,16,3,4,0.25,0.0625,1.0,15,3,3,1.0
1175227,11728,24694,37645,16,16,3,4,0.25,0.0625,1.0,15,3,3,1.0
1154565,13964,2106,10783,17,17,3,4,0.2353,0.0588,1.0,16,3,3,1.0
1154563,13964,2106,10783,17,17,3,4,0.2353,0.0588,1.0,16,3,3,1.0
1154564,13964,2106,10783,17,17,3,4,0.2353,0.0588,1.0,16,3,3,1.0
1083604,5334,21812,17590,17,17,8,9,0.5294,0.0588,1.0,16,3,3,1.0
1075309,5334,21812,17590,17,17,8,9,0.5294,0.0588,1.0,16,3,3,1.0
1128359,5334,21812,17590,17,17,8,9,0.5294,0.0588,1.0,16,3,3,1.0
1127196,5334,21812,17590,17,17,8,9,0.5294,0.0588,1.0,16,3,3,1.0
1075348,5334,21812,17590,17,17,8,9,0.5294,0.0588,1.0,16,3,3,1.0
1075352,5334,21812,17590,17,17,8,9,0.5294,0.0588,1.0,16,3,3,1.0
1075313,5334,21812,17590,17,17,8,9,0.5294,0.0588,1.0,16,3,3,1.0
1075353,5334,21812,17590,17,17,8,9,0.5294,0.0588,1.0,16,3,3,1.0
1202078,18558,18591,20719,17,17,4,5,0.2941,0.0588,1.0,16,3,3,1.0
1202053,18513,18591,20719,17,17,4,5,0.2941,0.0588,1.0,16,3,3,1.0
1202080,18558,18591,20719,17,17,4,5,0.2941,0.0588,1.0,16,3,3,1.0
1167617,18556,18591,20719,17,17,4,5,0.2941,0.0588,1.0,16,3,3,1.0
1167619,18556,18591,20719,17,17,4,5,0.2941,0.0588,1.0,16,3,3,1.0
1202048,18513,18591,20719,17,17,4,5,0.2941,0.0588,1.0,16,3,3,1.0
1167606,18513,18591,20719,17,17,4,5,0.2941,0.0588,1.0,16,3,3,1.0
1167591,18556,18591,20719,17,17,4,5,0.2941,0.0588,1.0,16,3,3,1.0
1202081,18558,18591,20719,17,17,4,5,0.2941,0.0588,1.0,16,3,3,1.0
1148953,18513,18591,20719,17,17,4,5,0.2941,0.0588,1.0,16,3,3,1.0
1202079,18558,18591,20719,17,17,4,5,0.2941,0.0588,1.0,16,3,3,1.0
1167588,18556,18591,20719,17,17,4,5,0.2941,0.0588,1.0,16,3,3,1.0
1281007,26761,17497,37358,17,17,2,3,0.1765,0.0588,1.0,16,3,3,1.0
1281055,26761,17497,37358,17,17,2,3,0.1765,0.0588,1.0,16,3,3,1.0
1282212,26732,17497,37358,17,17,2,3,0.1765,0.0588,1.0,16,3,3,1.0
1299599,26732,17497,37358,17,17,2,3,0.1765,0.0588,1.0,16,3,3,1.0
1153198,24052,24013,28683,18,18,6,7,0.3889,0.0556,1.0,17,3,3,1.0
1218116,24052,24013,28683,18,18,6,7,0.3889,0.0556,1.0,17,3,3,1.0
1218085,24052,24013,28683,18,18,6,7,0.3889,0.0556,1.0,17,3,3,1.0
1289717,24052,24013,28683,18,18,6,7,0.3889,0.0556,1.0,17,3,3,1.0
1218119,24052,24013,28683,18,18,6,7,0.3889,0.0556,1.0,17,3,3,1.0
1218118,24052,24013,28683,18,18,6,7,0.3889,0.0556,1.0,17,3,3,1.0
1198473,12145,12113,29279,18,18,2,3,0.1667,0.0556,1.0,17,3,3,1.0
1128867,24867,12113,29279,18,18,2,3,0.1667,0.0556,1.0,17,3,3,1.0
1197660,24867,12113,29279,18,18,2,3,0.1667,0.0556,1.0,17,3,3,1.0
1267002,24849,12113,29279,18,18,2,3,0.1667,0.0556,1.0,17,3,3,1.0
1200074,12145,12113,29279,18,18,2,3,0.1667,0.0556,1.0,17,3,3,1.0
1197537,24849,12113,29279,18,18,2,3,0.1667,0.0556,1.0,17,3,3,1.0
1054806,176640,176638,11151,19,19,4,5,0.2632,0.0526,1.0,18,3,3,1.0
1054782,176640,176638,11151,19,19,4,5,0.2632,0.0526,1.0,18,3,3,1.0
1054783,176640,176638,11151,19,19,4,5,0.2632,0.0526,1.0,18,3,3,1.0
1054780,176640,176638,11151,19,19,4,5,0.2632,0.0526,1.0,18,3,3,1.0
1175756,12399,12223,37685,19,19,3,4,0.2105,0.0526,1.0,18,3,3,1.0
1175713,12399,12223,37685,19,19,3,4,0.2105,0.0526,1.0,18,3,3,1.0
1175726,12441,12223,37685,19,19,3,4,0.2105,0.0526,1.0,18,3,3,1.0
1180330,12441,12223,37685,19,19,3,4,0.2105,0.0526,1.0,18,3,3,1.0
1180328,12441,12223,37685,19,19,3,4,0.2105,0.0526,1.0,18,3,3,1.0
1175748,12270,12223,37685,19,19,3,4,0.2105,0.0526,1.0,18,3,3,1.0
1175758,12270,12223,37685,19,19,3,4,0.2105,0.0526,1.0,18,3,3,1.0
1180289,12399,12223,37685,19,19,3,4,0.2105,0.0526,1.0,18,3,3,1.0
1195011,12270,12223,37685,19,19,3,4,0.2105,0.0526,1.0,18,3,3,1.0
1005501,21922,21917,1269,20,20,3,4,0.2,0.05,1.0,19,3,3,1.0
1005851,21920,21917,1269,20,20,3,4,0.2,0.05,1.0,19,3,3,1.0
1005540,21922,21917,1269,20,20,3,4,0.2,0.05,1.0,19,3,3,1.0
1261432,21915,21917,1269,20,20,3,4,0.2,0.05,1.0,19,3,3,1.0
1005499,21915,21917,1269,20,20,3,4,0.2,0.05,1.0,19,3,3,1.0
1005520,21912,21917,1269,20,20,3,4,0.2,0.05,1.0,19,3,3,1.0
1005842,21912,21917,1269,20,20,3,4,0.2,0.05,1.0,19,3,3,1.0
1003787,21922,21917,1269,20,20,3,4,0.2,0.05,1.0,19,3,3,1.0
1005521,21912,21917,1269,20,20,3,4,0.2,0.05,1.0,19,3,3,1.0
1003788,21920,21917,1269,20,20,3,4,0.2,0.05,1.0,19,3,3,1.0
1003786,21920,21917,1269,20,20,3,4,0.2,0.05,1.0,19,3,3,1.0
1005518,21915,21917,1269,20,20,3,4,0.2,0.05,1.0,19,3,3,1.0
1070639,27428,19508,15887,20,20,4,5,0.25,0.05,1.0,19,3,3,1.0
1070640,27428,19508,15887,20,20,4,5,0.25,0.05,1.0,19,3,3,1.0
1070637,27428,19508,15887,20,20,4,5,0.25,0.05,1.0,19,3,3,1.0
1070638,27428,19508,15887,20,20,4,5,0.25,0.05,1.0,19,3,3,1.0
1083147,18847,18955,19523,20,20,5,6,0.3,0.05,1.0,19,3,3,1.0
1185441,18950,18955,19523,20,20,5,6,0.3,0.05,1.0,19,3,3,1.0
1083141,18950,18955,19523,20,20,5,6,0.3,0.05,1.0,19,3,3,1.0
1184927,18950,18955,19523,20,20,5,6,0.3,0.05,1.0,19,3,3,1.0
1184910,18847,18955,19523,20,20,5,6,0.3,0.05,1.0,19,3,3,1.0
1184913,18847,18955,19523,20,20,5,6,0.3,0.05,1.0,19,3,3,1.0
1184912,18847,18955,19523,20,20,5,6,0.3,0.05,1.0,19,3,3,1.0
1083146,18847,18955,19523,20,20,5,6,0.3,0.05,1.0,19,3,3,1.0
1185438,18950,18955,19523,20,20,5,6,0.3,0.05,1.0,19,3,3,1.0
1083140,18950,18955,19523,20,20,5,6,0.3,0.05,1.0,19,3,3,1.0
1224765,281278,281281,42838,20,20,5,6,0.3,0.05,1.0,19,3,3,1.0
1224767,281278,281281,42838,20,20,5,6,0.3,0.05,1.0,19,3,3,1.0
1224827,281278,281281,42838,20,20,5,6,0.3,0.05,1.0,19,3,3,1.0
1224766,281278,281281,42838,20,20,5,6,0.3,0.05,1.0,19,3,3,1.0
1224828,281278,281281,42838,20,20,5,6,0.3,0.05,1.0,19,3,3,1.0
1044324,287042,287043,3912,21,21,8,9,0.4286,0.0476,1.0,20,3,3,1.0
1053434,287042,287043,3912,21,21,8,9,0.4286,0.0476,1.0,20,3,3,1.0
1052241,287042,287043,3912,21,21,8,9,0.4286,0.0476,1.0,20,3,3,1.0
1057032,287042,287043,3912,21,21,8,9,0.4286,0.0476,1.0,20,3,3,1.0
1057031,287042,287043,3912,21,21,8,9,0.4286,0.0476,1.0,20,3,3,1.0
1012877,287042,287043,3912,21,21,8,9,0.4286,0.0476,1.0,20,3,3,1.0
1118749,287042,287043,3912,21,21,8,9,0.4286,0.0476,1.0,20,3,3,1.0
1251080,287042,287043,3912,21,21,8,9,0.4286,0.0476,1.0,20,3,3,1.0
1168361,19058,19008,3993,21,21,5,6,0.2857,0.0476,1.0,20,3,3,1.0
1203039,19058,19008,3993,21,21,5,6,0.2857,0.0476,1.0,20,3,3,1.0
1220181,18903,19008,3993,21,21,5,6,0.2857,0.0476,1.0,20,3,3,1.0
1203016,19058,19008,3993,21,21,5,6,0.2857,0.0476,1.0,20,3,3,1.0
1203017,19058,19008,3993,21,21,5,6,0.2857,0.0476,1.0,20,3,3,1.0
1220194,18903,19008,3993,21,21,5,6,0.2857,0.0476,1.0,20,3,3,1.0
1012996,18903,19008,3993,21,21,5,6,0.2857,0.0476,1.0,20,3,3,1.0
1220195,18903,19008,3993,21,21,5,6,0.2857,0.0476,1.0,20,3,3,1.0
1203015,19058,19008,3993,21,21,5,6,0.2857,0.0476,1.0,20,3,3,1.0
1097962,18903,19008,3993,21,21,5,6,0.2857,0.0476,1.0,20,3,3,1.0
1116532,13121,13175,17302,21,21,5,6,0.2857,0.0476,1.0,20,3,3,1.0
1116533,13121,13175,17302,21,21,5,6,0.2857,0.0476,1.0,20,3,3,1.0
1115840,13121,13175,17302,21,21,5,6,0.2857,0.0476,1.0,20,3,3,1.0
1157437,13121,13175,17302,21,21,5,6,0.2857,0.0476,1.0,20,3,3,1.0
1116535,13121,13175,17302,21,21,5,6,0.2857,0.0476,1.0,20,3,3,1.0
1312491,264960,264959,29989,21,21,10,11,0.5238,0.0476,1.0,20,3,3,1.0
1307092,264960,264959,29989,21,21,10,11,0.5238,0.0476,1.0,20,3,3,1.0
1307169,264960,264959,29989,21,21,10,11,0.5238,0.0476,1.0,20,3,3,1.0
1307091,264960,264959,29989,21,21,10,11,0.5238,0.0476,1.0,20,3,3,1.0
1307167,264960,264959,29989,21,21,10,11,0.5238,0.0476,1.0,20,3,3,1.0
1312489,264960,264959,29989,21,21,10,11,0.5238,0.0476,1.0,20,3,3,1.0
1312472,264960,264959,29989,21,21,10,11,0.5238,0.0476,1.0,20,3,3,1.0
1312494,264960,264959,29989,21,21,10,11,0.5238,0.0476,1.0,20,3,3,1.0
1307166,264960,264959,29989,21,21,10,11,0.5238,0.0476,1.0,20,3,3,1.0
1312473,264960,264959,29989,21,21,10,11,0.5238,0.0476,1.0,20,3,3,1.0
1279844,16359,16386,22771,22,22,4,5,0.2273,0.0455,1.0,21,3,3,1.0
1299137,16361,16386,22771,22,22,4,5,0.2273,0.0455,1.0,21,3,3,1.0
1299136,16361,16386,22771,22,22,4,5,0.2273,0.0455,1.0,21,3,3,1.0
1305384,16359,16386,22771,22,22,4,5,0.2273,0.0455,1.0,21,3,3,1.0
1307144,16361,16386,22771,22,22,4,5,0.2273,0.0455,1.0,21,3,3,1.0
1226363,16359,16386,22771,22,22,4,5,0.2273,0.0455,1.0,21,3,3,1.0
1279841,16359,16386,22771,22,22,4,5,0.2273,0.0455,1.0,21,3,3,1.0
1279206,16361,16386,22771,22,22,4,5,0.2273,0.0455,1.0,21,3,3,1.0
1308944,8525,8544,29788,22,22,4,5,0.2273,0.0455,1.0,21,3,3,1.0
1307031,8525,8544,29788,22,22,4,5,0.2273,0.0455,1.0,21,3,3,1.0
1311283,8525,8544,29788,22,22,4,5,0.2273,0.0455,1.0,21,3,3,1.0
1308942,8525,8544,29788,22,22,4,5,0.2273,0.0455,1.0,21,3,3,1.0
1174963,243844,282566,12316,46,46,4,6,0.1304,0.0435,1.0,45,3,3,1.0
1181378,57568,282566,12316,46,46,4,6,0.1304,0.0435,1.0,45,3,3,1.0
1247601,57568,282566,12316,46,46,4,6,0.1304,0.0435,1.0,45,3,3,1.0
1174936,243844,282566,12316,46,46,4,6,0.1304,0.0435,1.0,45,3,3,1.0
1175937,350098,282566,12316,46,46,4,6,0.1304,0.0435,1.0,45,3,3,1.0
1179793,350098,282566,12316,46,46,4,6,0.1304,0.0435,1.0,45,3,3,1.0
1052885,57568,282566,12316,46,46,4,6,0.1304,0.0435,1.0,45,3,3,1.0
1073468,57568,282566,12316,46,46,4,6,0.1304,0.0435,1.0,45,3,3,1.0
1175455,350098,282566,12316,46,46,4,6,0.1304,0.0435,1.0,45,3,3,1.0
1174934,243843,282566,12316,46,46,4,6,0.1304,0.0435,1.0,45,3,3,1.0
1175452,350098,282566,12316,46,46,4,6,0.1304,0.0435,1.0,45,3,3,1.0
1174937,243844,282566,12316,46,46,4,6,0.1304,0.0435,1.0,45,3,3,1.0
1174935,243843,282566,12316,46,46,4,6,0.1304,0.0435,1.0,45,3,3,1.0
1128708,243844,282566,12316,46,46,4,6,0.1304,0.0435,1.0,45,3,3,1.0
1174933,243843,282566,12316,46,46,4,6,0.1304,0.0435,1.0,45,3,3,1.0
1174932,243843,282566,12316,46,46,4,6,0.1304,0.0435,1.0,45,3,3,1.0
1092072,19496,19503,21275,26,26,4,5,0.1923,0.0385,1.0,25,3,3,1.0
1171847,19496,19503,21275,26,26,4,5,0.1923,0.0385,1.0,25,3,3,1.0
1185597,19496,19503,21275,26,26,4,5,0.1923,0.0385,1.0,25,3,3,1.0
1185497,19496,19503,21275,26,26,4,5,0.1923,0.0385,1.0,25,3,3,1.0
1009487,378059,375330,298,38,37,9,10,0.2703,0.027,1.0,37,3,3,1.0
1250722,378059,375330,298,38,37,9,10,0.2703,0.027,1.0,37,3,3,1.0
1001043,375327,375330,298,38,37,9,10,0.2703,0.027,1.0,37,3,3,1.0
1009482,375327,375330,298,38,37,9,10,0.2703,0.027,1.0,37,3,3,1.0
1009481,378059,375330,298,38,37,9,10,0.2703,0.027,1.0,37,3,3,1.0
1009486,378059,375330,298,38,37,9,10,0.2703,0.027,1.0,37,3,3,1.0
1009485,375327,375330,298,38,37,9,10,0.2703,0.027,1.0,37,3,3,1.0
1014656,375327,375330,298,38,37,9,10,0.2703,0.027,1.0,37,3,3,1.0
1135631,375327,375330,298,38,37,9,10,0.2703,0.027,1.0,37,3,3,1.0
1009345,378059,375330,298,38,37,9,10,0.2703,0.027,1.0,37,3,3,1.0
1048633,378059,375330,298,38,37,9,10,0.2703,0.027,1.0,37,3,3,1.0
1009488,378059,375330,298,38,37,9,10,0.2703,0.027,1.0,37,3,3,1.0
1048603,375327,375330,298,38,37,9,10,0.2703,0.027,1.0,37,3,3,1.0
1009443,378059,375330,298,38,37,9,10,0.2703,0.027,1.0,37,3,3,1.0
1132879,378059,375330,298,38,37,9,10,0.2703,0.027,1.0,37,3,3,1.0
1001041,375327,375330,298,38,37,9,10,0.2703,0.027,1.0,37,3,3,1.0
1070969,375327,375330,298,38,37,9,10,0.2703,0.027,1.0,37,3,3,1.0
1009484,375327,375330,298,38,37,9,10,0.2703,0.027,1.0,37,3,3,1.0
1053156,233276,233282,3660,37,37,8,9,0.2432,0.027,1.0,36,3,3,1.0
1099031,233276,233282,3660,37,37,8,9,0.2432,0.027,1.0,36,3,3,1.0
1099132,233284,233282,3660,37,37,8,9,0.2432,0.027,1.0,36,3,3,1.0
1099133,233284,233282,3660,37,37,8,9,0.2432,0.027,1.0,36,3,3,1.0
1099033,233276,233282,3660,37,37,8,9,0.2432,0.027,1.0,36,3,3,1.0
1073085,233284,233282,3660,37,37,8,9,0.2432,0.027,1.0,36,3,3,1.0
1099030,233276,233282,3660,37,37,8,9,0.2432,0.027,1.0,36,3,3,1.0
1011900,233283,233282,3660,37,37,8,9,0.2432,0.027,1.0,36,3,3,1.0
1072647,233283,233282,3660,37,37,8,9,0.2432,0.027,1.0,36,3,3,1.0
1073137,233283,233282,3660,37,37,8,9,0.2432,0.027,1.0,36,3,3,1.0
1073084,233284,233282,3660,37,37,8,9,0.2432,0.027,1.0,36,3,3,1.0
1099131,233284,233282,3660,37,37,8,9,0.2432,0.027,1.0,36,3,3,1.0
1053154,233276,233282,3660,37,37,8,9,0.2432,0.027,1.0,36,3,3,1.0
1073086,233284,233282,3660,37,37,8,9,0.2432,0.027,1.0,36,3,3,1.0
1053155,233276,233282,3660,37,37,8,9,0.2432,0.027,1.0,36,3,3,1.0
1099077,233283,233282,3660,37,37,8,9,0.2432,0.027,1.0,36,3,3,1.0
1099074,233283,233282,3660,37,37,8,9,0.2432,0.027,1.0,36,3,3,1.0
1099130,233284,233282,3660,37,37,8,9,0.2432,0.027,1.0,36,3,3,1.0
1073135,233283,233282,3660,37,37,8,9,0.2432,0.027,1.0,36,3,3,1.0
1053167,233276,233282,3660,37,37,8,9,0.2432,0.027,1.0,36,3,3,1.0
1073138,233283,233282,3660,37,37,8,9,0.2432,0.027,1.0,36,3,3,1.0
1099032,233276,233282,3660,37,37,8,9,0.2432,0.027,1.0,36,3,3,1.0
1073083,233284,233282,3660,37,37,8,9,0.2432,0.027,1.0,36,3,3,1.0
1099076,233283,233282,3660,37,37,8,9,0.2432,0.027,1.0,36,3,3,1.0
1175939,350097,282566,12316,46,46,5,6,0.1304,0.0217,1.0,45,3,3,1.0
1179822,350097,282566,12316,46,46,5,6,0.1304,0.0217,1.0,45,3,3,1.0
1179818,350097,282566,12316,46,46,5,6,0.1304,0.0217,1.0,45,3,3,1.0
1175938,350097,282566,12316,46,46,5,6,0.1304,0.0217,1.0,45,3,3,1.0
1179809,350097,282566,12316,46,46,5,6,0.1304,0.0217,1.0,45,3,3,1.0
1186393,297925,19503,21275,26,26,5,5,0.1923,0.0,1.0,25,3,3,1.0
1185532,297925,19503,21275,26,26,5,5,0.1923,0.0,1.0,25,3,3,1.0
1188415,297925,19503,21275,26,26,5,5,0.1923,0.0,1.0,25,3,3,1.0
1188416,297925,19503,21275,26,26,5,5,0.1923,0.0,1.0,25,3,3,1.0
1185623,297925,19503,21275,26,26,5,5,0.1923,0.0,1.0,25,3,3,1.0
1176714,72607,14619,35487,24,24,12,12,0.5,0.0,1.0,23,3,3,1.0
1176707,72607,14619,35487,24,24,12,12,0.5,0.0,1.0,23,3,3,1.0
1176704,72607,14619,35487,24,24,12,12,0.5,0.0,1.0,23,3,3,1.0
1176516,72607,14619,35487,24,24,12,12,0.5,0.0,1.0,23,3,3,1.0
1163816,72607,14619,35487,24,24,12,12,0.5,0.0,1.0,23,3,3,1.0
1176705,72607,14619,35487,24,24,12,12,0.5,0.0,1.0,23,3,3,1.0
1176519,72607,14619,35487,24,24,12,12,0.5,0.0,1.0,23,3,3,1.0
1163817,72607,14619,35487,24,24,12,12,0.5,0.0,1.0,23,3,3,1.0
1176713,72607,14619,35487,24,24,12,12,0.5,0.0,1.0,23,3,3,1.0
1176715,72607,14619,35487,24,24,12,12,0.5,0.0,1.0,23,3,3,1.0
1176477,72607,14619,35487,24,24,12,12,0.5,0.0,1.0,23,3,3,1.0
1176712,72607,14619,35487,24,24,12,12,0.5,0.0,1.0,23,3,3,1.0
1274565,26424,16386,22771,22,22,5,5,0.2273,0.0,1.0,21,3,3,1.0
1280198,26424,16386,22771,22,22,5,5,0.2273,0.0,1.0,21,3,3,1.0
1305669,26424,16386,22771,22,22,5,5,0.2273,0.0,1.0,21,3,3,1.0
1097539,26424,16386,22771,22,22,5,5,0.2273,0.0,1.0,21,3,3,1.0
1134580,26424,16386,22771,22,22,5,5,0.2273,0.0,1.0,21,3,3,1.0
1308827,8694,8544,29788,22,22,5,5,0.2273,0.0,1.0,21,3,3,1.0
1308826,8694,8544,29788,22,22,5,5,0.2273,0.0,1.0,21,3,3,1.0
1308049,8694,8544,29788,22,22,5,5,0.2273,0.0,1.0,21,3,3,1.0
1308828,8694,8544,29788,22,22,5,5,0.2273,0.0,1.0,21,3,3,1.0
1308047,8694,8544,29788,22,22,5,5,0.2273,0.0,1.0,21,3,3,1.0
1070665,19554,19508,15887,20,20,5,5,0.25,0.0,1.0,19,3,3,1.0
1070654,19554,19508,15887,20,20,5,5,0.25,0.0,1.0,19,3,3,1.0
1078709,19554,19508,15887,20,20,5,5,0.25,0.0,1.0,19,3,3,1.0
1078711,19554,19508,15887,20,20,5,5,0.25,0.0,1.0,19,3,3,1.0
1078710,19554,19508,15887,20,20,5,5,0.25,0.0,1.0,19,3,3,1.0
1054739,176639,176638,11151,19,19,5,5,0.2632,0.0,1.0,18,3,3,1.0
1054757,176641,176638,11151,19,19,5,5,0.2632,0.0,1.0,18,3,3,1.0
1054759,176641,176638,11151,19,19,5,5,0.2632,0.0,1.0,18,3,3,1.0
1054737,176639,176638,11151,19,19,5,5,0.2632,0.0,1.0,18,3,3,1.0
1054756,176641,176638,11151,19,19,5,5,0.2632,0.0,1.0,18,3,3,1.0
1054781,176639,176638,11151,19,19,5,5,0.2632,0.0,1.0,18,3,3,1.0
1054804,176641,176638,11151,19,19,5,5,0.2632,0.0,1.0,18,3,3,1.0
1054809,176639,176638,11151,19,19,5,5,0.2632,0.0,1.0,18,3,3,1.0
1054805,176639,176638,11151,19,19,5,5,0.2632,0.0,1.0,18,3,3,1.0
1054758,176641,176638,11151,19,19,5,5,0.2632,0.0,1.0,18,3,3,1.0
1175727,12514,12223,37685,19,19,4,4,0.2105,0.0,1.0,18,3,3,1.0
1175725,12514,12223,37685,19,19,4,4,0.2105,0.0,1.0,18,3,3,1.0
1175724,12514,12223,37685,19,19,4,4,0.2105,0.0,1.0,18,3,3,1.0
1175356,12514,12223,37685,19,19,4,4,0.2105,0.0,1.0,18,3,3,1.0
1056356,343993,319360,4070,18,18,9,9,0.5,0.0,1.0,17,3,3,1.0
1057823,343993,319360,4070,18,18,9,9,0.5,0.0,1.0,17,3,3,1.0
1056357,343993,319360,4070,18,18,9,9,0.5,0.0,1.0,17,3,3,1.0
1129052,343993,319360,4070,18,18,9,9,0.5,0.0,1.0,17,3,3,1.0
1065024,343993,319360,4070,18,18,9,9,0.5,0.0,1.0,17,3,3,1.0
1044940,343993,319360,4070,18,18,9,9,0.5,0.0,1.0,17,3,3,1.0
1044939,343993,319360,4070,18,18,9,9,0.5,0.0,1.0,17,3,3,1.0
1044941,343993,319360,4070,18,18,9,9,0.5,0.0,1.0,17,3,3,1.0
1134289,343993,319360,4070,18,18,9,9,0.5,0.0,1.0,17,3,3,1.0
1218079,24834,12113,29279,18,18,3,3,0.1667,0.0,1.0,17,3,3,1.0
1218077,24850,12113,29279,18,18,3,3,0.1667,0.0,1.0,17,3,3,1.0
1137465,24834,12113,29279,18,18,3,3,0.1667,0.0,1.0,17,3,3,1.0
1218131,12115,12113,29279,18,18,3,3,0.1667,0.0,1.0,17,3,3,1.0
1218057,24834,12113,29279,18,18,3,3,0.1667,0.0,1.0,17,3,3,1.0
1218076,24850,12113,29279,18,18,3,3,0.1667,0.0,1.0,17,3,3,1.0
1218058,24850,12113,29279,18,18,3,3,0.1667,0.0,1.0,17,3,3,1.0
1266997,12115,12113,29279,18,18,3,3,0.1667,0.0,1.0,17,3,3,1.0
1197723,12115,12113,29279,18,18,3,3,0.1667,0.0,1.0,17,3,3,1.0
1286214,26750,17497,37358,17,17,3,3,0.1765,0.0,1.0,16,3,3,1.0
1173566,26750,17497,37358,17,17,3,3,0.1765,0.0,1.0,16,3,3,1.0
1281054,26766,17497,37358,17,17,3,3,0.1765,0.0,1.0,16,3,3,1.0
1279301,26766,17497,37358,17,17,3,3,0.1765,0.0,1.0,16,3,3,1.0
1281053,26766,17497,37358,17,17,3,3,0.1765,0.0,1.0,16,3,3,1.0
1279487,26750,17497,37358,17,17,3,3,0.1765,0.0,1.0,16,3,3,1.0
1099052,233597,233596,12465,16,16,8,8,0.5,0.0,1.0,15,3,3,1.0
1053273,233597,233596,12465,16,16,8,8,0.5,0.0,1.0,15,3,3,1.0
1099101,233597,233596,12465,16,16,8,8,0.5,0.0,1.0,15,3,3,1.0
1108303,233597,233596,12465,16,16,8,8,0.5,0.0,1.0,15,3,3,1.0
1099051,233597,233596,12465,16,16,8,8,0.5,0.0,1.0,15,3,3,1.0
1053272,233597,233596,12465,16,16,8,8,0.5,0.0,1.0,15,3,3,1.0
1053274,233597,233596,12465,16,16,8,8,0.5,0.0,1.0,15,3,3,1.0
1099053,233597,233596,12465,16,16,8,8,0.5,0.0,1.0,15,3,3,1.0
1202395,27066,18311,20293,16,16,6,6,0.375,0.0,1.0,15,3,3,1.0
1154345,27066,18311,20293,16,16,6,6,0.375,0.0,1.0,15,3,3,1.0
1202394,27066,18311,20293,16,16,6,6,0.375,0.0,1.0,15,3,3,1.0
1229782,27066,18311,20293,16,16,6,6,0.375,0.0,1.0,15,3,3,1.0
1183587,27066,18311,20293,16,16,6,6,0.375,0.0,1.0,15,3,3,1.0
1167620,27066,18311,20293,16,16,6,6,0.375,0.0,1.0,15,3,3,1.0
1227380,23790,9703,29082,16,16,5,5,0.3125,0.0,1.0,15,3,3,1.0
1227378,23790,9703,29082,16,16,5,5,0.3125,0.0,1.0,15,3,3,1.0
1228812,23790,9703,29082,16,16,5,5,0.3125,0.0,1.0,15,3,3,1.0
1222666,23790,9703,29082,16,16,5,5,0.3125,0.0,1.0,15,3,3,1.0
1228854,23790,9703,29082,16,16,5,5,0.3125,0.0,1.0,15,3,3,1.0
1229700,588,558,29376,16,16,6,6,0.375,0.0,1.0,15,3,3,1.0
1229698,588,558,29376,16,16,6,6,0.375,0.0,1.0,15,3,3,1.0
1229699,588,558,29376,16,16,6,6,0.375,0.0,1.0,15,3,3,1.0
1199388,588,558,29376,16,16,6,6,0.375,0.0,1.0,15,3,3,1.0
1229203,588,558,29376,16,16,6,6,0.375,0.0,1.0,15,3,3,1.0
1229697,588,558,29376,16,16,6,6,0.375,0.0,1.0,15,3,3,1.0
1191057,19145,19057,21304,15,15,5,5,0.3333,0.0,1.0,14,3,3,1.0
1220623,19131,19057,21304,15,15,5,5,0.3333,0.0,1.0,14,3,3,1.0
1184719,19131,19057,21304,15,15,5,5,0.3333,0.0,1.0,14,3,3,1.0
1188361,19145,19057,21304,15,15,5,5,0.3333,0.0,1.0,14,3,3,1.0
1184711,19145,19057,21304,15,15,5,5,0.3333,0.0,1.0,14,3,3,1.0
1188423,19145,19057,21304,15,15,5,5,0.3333,0.0,1.0,14,3,3,1.0
1092148,19131,19057,21304,15,15,5,5,0.3333,0.0,1.0,14,3,3,1.0
1185031,19131,19057,21304,15,15,5,5,0.3333,0.0,1.0,14,3,3,1.0
1220621,19131,19057,21304,15,15,5,5,0.3333,0.0,1.0,14,3,3,1.0
1184709,19145,19057,21304,15,15,5,5,0.3333,0.0,1.0,14,3,3,1.0
1178561,25634,2309,31601,15,15,5,5,0.3333,0.0,1.0,14,3,3,1.0
1178332,25630,2309,31601,15,15,5,5,0.3333,0.0,1.0,14,3,3,1.0
1163825,25634,2309,31601,15,15,5,5,0.3333,0.0,1.0,14,3,3,1.0
1178333,25630,2309,31601,15,15,5,5,0.3333,0.0,1.0,14,3,3,1.0
1137025,25630,2309,31601,15,15,5,5,0.3333,0.0,1.0,14,3,3,1.0
1163890,25630,2309,31601,15,15,5,5,0.3333,0.0,1.0,14,3,3,1.0
1178562,25634,2309,31601,15,15,5,5,0.3333,0.0,1.0,14,3,3,1.0
1178563,25634,2309,31601,15,15,5,5,0.3333,0.0,1.0,14,3,3,1.0
1138464,25630,2309,31601,15,15,5,5,0.3333,0.0,1.0,14,3,3,1.0
1178560,25634,2309,31601,15,15,5,5,0.3333,0.0,1.0,14,3,3,1.0
1059855,375964,375296,4085,14,14,5,5,0.3571,0.0,1.0,13,3,3,1.0
1013119,375964,375296,4085,14,14,5,5,0.3571,0.0,1.0,13,3,3,1.0
1052741,375964,375296,4085,14,14,5,5,0.3571,0.0,1.0,13,3,3,1.0
1059856,375964,375296,4085,14,14,5,5,0.3571,0.0,1.0,13,3,3,1.0
1059854,375964,375296,4085,14,14,5,5,0.3571,0.0,1.0,13,3,3,1.0
1186700,15996,15968,10000,14,14,4,4,0.2857,0.0,1.0,13,3,3,1.0
1181261,15996,15968,10000,14,14,4,4,0.2857,0.0,1.0,13,3,3,1.0
1186699,15996,15968,10000,14,14,4,4,0.2857,0.0,1.0,13,3,3,1.0
1181251,15996,15968,10000,14,14,4,4,0.2857,0.0,1.0,13,3,3,1.0
1156179,20647,2408,21257,14,14,5,5,0.3571,0.0,1.0,13,3,3,1.0
1155082,20647,2408,21257,14,14,5,5,0.3571,0.0,1.0,13,3,3,1.0
1156174,20647,2408,21257,14,14,5,5,0.3571,0.0,1.0,13,3,3,1.0
1156181,20647,2408,21257,14,14,5,5,0.3571,0.0,1.0,13,3,3,1.0
1155083,20647,2408,21257,14,14,5,5,0.3571,0.0,1.0,13,3,3,1.0
1133231,285435,284167,29899,14,14,4,4,0.2857,0.0,1.0,13,3,3,1.0
1133565,285435,284167,29899,14,14,4,4,0.2857,0.0,1.0,13,3,3,1.0
1133562,285435,284167,29899,14,14,4,4,0.2857,0.0,1.0,13,3,3,1.0
1133564,285435,284167,29899,14,14,4,4,0.2857,0.0,1.0,13,3,3,1.0
1167370,159365,159361,36356,14,14,4,4,0.2857,0.0,1.0,13,3,3,1.0
1185294,159365,159361,36356,14,14,4,4,0.2857,0.0,1.0,13,3,3,1.0
1185504,159365,159361,36356,14,14,4,4,0.2857,0.0,1.0,13,3,3,1.0
1185502,159365,159361,36356,14,14,4,4,0.2857,0.0,1.0,13,3,3,1.0
1311755,8549,8504,50239,14,14,5,5,0.3571,0.0,1.0,13,3,3,1.0
1311467,8549,8504,50239,14,14,5,5,0.3571,0.0,1.0,13,3,3,1.0
1311796,8549,8504,50239,14,14,5,5,0.3571,0.0,1.0,13,3,3,1.0
1311797,8549,8504,50239,14,14,5,5,0.3571,0.0,1.0,13,3,3,1.0
1312063,8549,8504,50239,14,14,5,5,0.3571,0.0,1.0,13,3,3,1.0
1280520,7298,7272,50348,14,14,5,5,0.3571,0.0,1.0,13,3,3,1.0
1300485,7298,7272,50348,14,14,5,5,0.3571,0.0,1.0,13,3,3,1.0
1300483,7298,7272,50348,14,14,5,5,0.3571,0.0,1.0,13,3,3,1.0
1300482,7298,7272,50348,14,14,5,5,0.3571,0.0,1.0,13,3,3,1.0
1280518,7298,7272,50348,14,14,5,5,0.3571,0.0,1.0,13,3,3,1.0
1309377,23674,9443,53719,14,14,5,5,0.3571,0.0,1.0,13,3,3,1.0
1309374,23674,9443,53719,14,14,5,5,0.3571,0.0,1.0,13,3,3,1.0
1307956,23674,9443,53719,14,14,5,5,0.3571,0.0,1.0,13,3,3,1.0
1309375,23674,9443,53719,14,14,5,5,0.3571,0.0,1.0,13,3,3,1.0
1309376,23674,9443,53719,14,14,5,5,0.3571,0.0,1.0,13,3,3,1.0
1311537,264966,264965,54327,14,14,7,7,0.5,0.0,1.0,13,3,3,1.0
1311336,264966,264965,54327,14,14,7,7,0.5,0.0,1.0,13,3,3,1.0
1311339,264966,264965,54327,14,14,7,7,0.5,0.0,1.0,13,3,3,1.0
1311522,264966,264965,54327,14,14,7,7,0.5,0.0,1.0,13,3,3,1.0
1311535,264966,264965,54327,14,14,7,7,0.5,0.0,1.0,13,3,3,1.0
1311525,264966,264965,54327,14,14,7,7,0.5,0.0,1.0,13,3,3,1.0
1311341,264966,264965,54327,14,14,7,7,0.5,0.0,1.0,13,3,3,1.0
1222981,24735,11632,40907,13,13,5,5,0.3846,0.0,1.0,12,3,3,1.0
1223026,24735,11632,40907,13,13,5,5,0.3846,0.0,1.0,12,3,3,1.0
1222980,24735,11632,40907,13,13,5,5,0.3846,0.0,1.0,12,3,3,1.0
1222983,24735,11632,40907,13,13,5,5,0.3846,0.0,1.0,12,3,3,1.0
1222974,24735,11632,40907,13,13,5,5,0.3846,0.0,1.0,12,3,3,1.0
1184550,108152,108147,4745,12,12,3,3,0.25,0.0,1.0,11,3,3,1.0
1014525,108152,108147,4745,12,12,3,3,0.25,0.0,1.0,11,3,3,1.0
1184552,108152,108147,4745,12,12,3,3,0.25,0.0,1.0,11,3,3,1.0
1052118,27417,27404,12078,12,12,4,4,0.3333,0.0,1.0,11,3,3,1.0
1075071,27424,27404,12078,12,12,4,4,0.3333,0.0,1.0,11,3,3,1.0
1075090,27424,27404,12078,12,12,4,4,0.3333,0.0,1.0,11,3,3,1.0
1132498,27417,27404,12078,12,12,4,4,0.3333,0.0,1.0,11,3,3,1.0
1084395,27424,27404,12078,12,12,4,4,0.3333,0.0,1.0,11,3,3,1.0
1084366,27417,27404,12078,12,12,4,4,0.3333,0.0,1.0,11,3,3,1.0
1084394,27424,27404,12078,12,12,4,4,0.3333,0.0,1.0,11,3,3,1.0
1072151,27417,27404,12078,12,12,4,4,0.3333,0.0,1.0,11,3,3,1.0
1058003,19596,19595,13211,12,12,6,6,0.5,0.0,1.0,11,3,3,1.0
1189554,19596,19595,13211,12,12,6,6,0.5,0.0,1.0,11,3,3,1.0
1186329,19596,19595,13211,12,12,6,6,0.5,0.0,1.0,11,3,3,1.0
1188379,19596,19595,13211,12,12,6,6,0.5,0.0,1.0,11,3,3,1.0
1186327,19596,19595,13211,12,12,6,6,0.5,0.0,1.0,11,3,3,1.0
1186328,19596,19595,13211,12,12,6,6,0.5,0.0,1.0,11,3,3,1.0
1100772,16433,16425,23327,12,12,6,6,0.5,0.0,1.0,11,3,3,1.0
1100756,16433,16425,23327,12,12,6,6,0.5,0.0,1.0,11,3,3,1.0
1100757,16433,16425,23327,12,12,6,6,0.5,0.0,1.0,11,3,3,1.0
1102654,16433,16425,23327,12,12,6,6,0.5,0.0,1.0,11,3,3,1.0
1102656,16433,16425,23327,12,12,6,6,0.5,0.0,1.0,11,3,3,1.0
1100755,16433,16425,23327,12,12,6,6,0.5,0.0,1.0,11,3,3,1.0
1105504,16433,16425,23733,12,12,6,6,0.5,0.0,1.0,11,3,3,1.0
1105502,16433,16425,23733,12,12,6,6,0.5,0.0,1.0,11,3,3,1.0
1102573,16433,16425,23733,12,12,6,6,0.5,0.0,1.0,11,3,3,1.0
1102701,16433,16425,23733,12,12,6,6,0.5,0.0,1.0,11,3,3,1.0
1105503,16433,16425,23733,12,12,6,6,0.5,0.0,1.0,11,3,3,1.0
1102572,16433,16425,23733,12,12,6,6,0.5,0.0,1.0,11,3,3,1.0
1124834,24815,24764,27593,12,12,4,4,0.3333,0.0,1.0,11,3,3,1.0
1124833,24815,24764,27593,12,12,4,4,0.3333,0.0,1.0,11,3,3,1.0
1143051,24815,24764,27593,12,12,4,4,0.3333,0.0,1.0,11,3,3,1.0
1124830,24815,24764,27593,12,12,4,4,0.3333,0.0,1.0,11,3,3,1.0
1187144,26369,16252,28471,12,12,6,6,0.5,0.0,1.0,11,3,3,1.0
1188776,26369,16252,28471,12,12,6,6,0.5,0.0,1.0,11,3,3,1.0
1195010,26369,16252,28471,12,12,6,6,0.5,0.0,1.0,11,3,3,1.0
1188194,26369,16252,28471,12,12,6,6,0.5,0.0,1.0,11,3,3,1.0
1188774,26369,16252,28471,12,12,6,6,0.5,0.0,1.0,11,3,3,1.0
1188775,26369,16252,28471,12,12,6,6,0.5,0.0,1.0,11,3,3,1.0
1219137,91180,18536,37490,12,12,4,4,0.3333,0.0,1.0,11,3,3,1.0
1219139,91180,18536,37490,12,12,4,4,0.3333,0.0,1.0,11,3,3,1.0
1219192,91180,18536,37490,12,12,4,4,0.3333,0.0,1.0,11,3,3,1.0
1219195,91180,18536,37490,12,12,4,4,0.3333,0.0,1.0,11,3,3,1.0
1269187,12127,12032,45481,12,12,4,4,0.3333,0.0,1.0,11,3,3,1.0
1271829,12151,12032,45481,12,12,4,4,0.3333,0.0,1.0,11,3,3,1.0
1269188,12127,12032,45481,12,12,4,4,0.3333,0.0,1.0,11,3,3,1.0
1269236,12127,12032,45481,12,12,4,4,0.3333,0.0,1.0,11,3,3,1.0
1227253,12151,12032,45481,12,12,4,4,0.3333,0.0,1.0,11,3,3,1.0
1225414,12127,12032,45481,12,12,4,4,0.3333,0.0,1.0,11,3,3,1.0
1271830,12151,12032,45481,12,12,4,4,0.3333,0.0,1.0,11,3,3,1.0
1269814,12151,12032,45481,12,12,4,4,0.3333,0.0,1.0,11,3,3,1.0
1039738,9080,9030,2386,11,11,5,5,0.4545,0.0,1.0,10,3,3,1.0
1039737,9080,9030,2386,11,11,5,5,0.4545,0.0,1.0,10,3,3,1.0
1039735,9080,9030,2386,11,11,5,5,0.4545,0.0,1.0,10,3,3,1.0
1039743,9080,9030,2386,11,11,5,5,0.4545,0.0,1.0,10,3,3,1.0
1039736,9080,9030,2386,11,11,5,5,0.4545,0.0,1.0,10,3,3,1.0
1283270,482623,482621,2421,11,11,4,4,0.3636,0.0,1.0,10,3,3,1.0
1034755,482623,482621,2421,11,11,4,4,0.3636,0.0,1.0,10,3,3,1.0
1007400,482623,482621,2421,11,11,4,4,0.3636,0.0,1.0,10,3,3,1.0
1130978,482623,482621,2421,11,11,4,4,0.3636,0.0,1.0,10,3,3,1.0
1024049,155200,155197,6544,11,11,5,5,0.4545,0.0,1.0,10,3,3,1.0
1024065,155200,155197,6544,11,11,5,5,0.4545,0.0,1.0,10,3,3,1.0
1024525,155200,155197,6544,11,11,5,5,0.4545,0.0,1.0,10,3,3,1.0
1024046,155200,155197,6544,11,11,5,5,0.4545,0.0,1.0,10,3,3,1.0
1024562,155200,155197,6544,11,11,5,5,0.4545,0.0,1.0,10,3,3,1.0
1036464,131506,126383,9020,11,11,4,4,0.3636,0.0,1.0,10,3,3,1.0
1034028,131506,126383,9020,11,11,4,4,0.3636,0.0,1.0,10,3,3,1.0
1036463,131506,126383,9020,11,11,4,4,0.3636,0.0,1.0,10,3,3,1.0
1036445,131506,126383,9020,11,11,4,4,0.3636,0.0,1.0,10,3,3,1.0
1116971,13128,13099,25807,11,11,4,4,0.3636,0.0,1.0,10,3,3,1.0
1113700,13128,13099,25807,11,11,4,4,0.3636,0.0,1.0,10,3,3,1.0
1113702,13128,13099,25807,11,11,4,4,0.3636,0.0,1.0,10,3,3,1.0
1116140,13128,13099,25807,11,11,4,4,0.3636,0.0,1.0,10,3,3,1.0
1136009,9227,9202,29668,11,11,5,5,0.4545,0.0,1.0,10,3,3,1.0
1270943,9227,9202,29668,11,11,5,5,0.4545,0.0,1.0,10,3,3,1.0
1270944,9227,9202,29668,11,11,5,5,0.4545,0.0,1.0,10,3,3,1.0
1131252,9227,9202,29668,11,11,5,5,0.4545,0.0,1.0,10,3,3,1.0
1272713,9227,9202,29668,11,11,5,5,0.4545,0.0,1.0,10,3,3,1.0
1132355,273290,273289,29995,11,11,4,4,0.3636,0.0,1.0,10,3,3,1.0
1132356,273290,273289,29995,11,11,4,4,0.3636,0.0,1.0,10,3,3,1.0
1132354,273290,273289,29995,11,11,4,4,0.3636,0.0,1.0,10,3,3,1.0
1132357,273290,273289,29995,11,11,4,4,0.3636,0.0,1.0,10,3,3,1.0
1309310,9094,8881,40661,11,11,4,4,0.3636,0.0,1.0,10,3,3,1.0
1297499,9094,8881,40661,11,11,4,4,0.3636,0.0,1.0,10,3,3,1.0
1311653,9094,8881,40661,11,11,4,4,0.3636,0.0,1.0,10,3,3,1.0
1195428,9094,8881,40661,11,11,4,4,0.3636,0.0,1.0,10,3,3,1.0
1198877,23687,23657,41673,11,11,5,5,0.4545,0.0,1.0,10,3,3,1.0
1198851,23687,23657,41673,11,11,5,5,0.4545,0.0,1.0,10,3,3,1.0
1198861,23687,23657,41673,11,11,5,5,0.4545,0.0,1.0,10,3,3,1.0
1199488,23687,23657,41673,11,11,5,5,0.4545,0.0,1.0,10,3,3,1.0
1199486,23687,23657,41673,11,11,5,5,0.4545,0.0,1.0,10,3,3,1.0
1265563,274558,12743,42099,11,11,1,1,0.0909,0.0,1.0,10,3,3,1.0
1265564,274561,12743,42099,11,11,1,1,0.0909,0.0,1.0,10,3,3,1.0
1200400,25168,12743,42099,11,11,1,1,0.0909,0.0,1.0,10,3,3,1.0
1224537,274250,12743,42099,11,11,1,1,0.0909,0.0,1.0,10,3,3,1.0
1224538,274557,12743,42099,11,11,1,1,0.0909,0.0,1.0,10,3,3,1.0
1224540,274249,12743,42099,11,11,1,1,0.0909,0.0,1.0,10,3,3,1.0
1224533,274559,12743,42099,11,11,1,1,0.0909,0.0,1.0,10,3,3,1.0
1224539,274248,12743,42099,11,11,1,1,0.0909,0.0,1.0,10,3,3,1.0
1265562,274560,12743,42099,11,11,1,1,0.0909,0.0,1.0,10,3,3,1.0
1224536,274555,12743,42099,11,11,1,1,0.0909,0.0,1.0,10,3,3,1.0
1273569,23839,9893,47161,11,11,4,4,0.3636,0.0,1.0,10,3,3,1.0
1266219,23839,9893,47161,11,11,4,4,0.3636,0.0,1.0,10,3,3,1.0
1288538,23839,9893,47161,11,11,4,4,0.3636,0.0,1.0,10,3,3,1.0
1270671,23839,9893,47161,11,11,4,4,0.3636,0.0,1.0,10,3,3,1.0
1309081,8722,8636,53443,11,11,4,4,0.3636,0.0,1.0,10,3,3,1.0
1309066,8722,8636,53443,11,11,4,4,0.3636,0.0,1.0,10,3,3,1.0
1305621,8722,8636,53443,11,11,4,4,0.3636,0.0,1.0,10,3,3,1.0
1309067,8722,8636,53443,11,11,4,4,0.3636,0.0,1.0,10,3,3,1.0
1000867,19681,19678,206,10,10,4,4,0.4,0.0,1.0,9,3,3,1.0
1000849,19681,19678,206,10,10,4,4,0.4,0.0,1.0,9,3,3,1.0
1000850,19681,19678,206,10,10,4,4,0.4,0.0,1.0,9,3,3,1.0
1000866,19681,19678,206,10,10,4,4,0.4,0.0,1.0,9,3,3,1.0
1303969,22424,6804,2686,10,10,4,4,0.4,0.0,1.0,9,3,3,1.0
1008441,22424,6804,2686,10,10,4,4,0.4,0.0,1.0,9,3,3,1.0
1303967,22424,6804,2686,10,10,4,4,0.4,0.0,1.0,9,3,3,1.0
1128296,22424,6804,2686,10,10,4,4,0.4,0.0,1.0,9,3,3,1.0
1175339,307838,307837,3603,10,10,4,4,0.4,0.0,1.0,9,3,3,1.0
1095932,307838,307837,3603,10,10,4,4,0.4,0.0,1.0,9,3,3,1.0
1175338,307838,307837,3603,10,10,4,4,0.4,0.0,1.0,9,3,3,1.0
1175336,307838,307837,3603,10,10,4,4,0.4,0.0,1.0,9,3,3,1.0
1076604,18981,18871,4909,10,10,5,5,0.5,0.0,1.0,9,3,3,1.0
1075740,18981,18871,4909,10,10,5,5,0.5,0.0,1.0,9,3,3,1.0
1014886,18981,18871,4909,10,10,5,5,0.5,0.0,1.0,9,3,3,1.0
1075341,18981,18871,4909,10,10,5,5,0.5,0.0,1.0,9,3,3,1.0
1076572,18981,18871,4909,10,10,5,5,0.5,0.0,1.0,9,3,3,1.0
1014948,12462,12449,4958,10,10,5,5,0.5,0.0,1.0,9,3,3,1.0
1201460,12462,12449,4958,10,10,5,5,0.5,0.0,1.0,9,3,3,1.0
1201458,12462,12449,4958,10,10,5,5,0.5,0.0,1.0,9,3,3,1.0
1153347,12462,12449,4958,10,10,5,5,0.5,0.0,1.0,9,3,3,1.0
1201461,12462,12449,4958,10,10,5,5,0.5,0.0,1.0,9,3,3,1.0
1028186,344273,344272,5857,10,10,5,5,0.5,0.0,1.0,9,3,3,1.0
1040038,344273,344272,5857,10,10,5,5,0.5,0.0,1.0,9,3,3,1.0
1040037,344273,344272,5857,10,10,5,5,0.5,0.0,1.0,9,3,3,1.0
1040035,344273,344272,5857,10,10,5,5,0.5,0.0,1.0,9,3,3,1.0
1021460,344273,344272,5857,10,10,5,5,0.5,0.0,1.0,9,3,3,1.0
1031250,169285,167997,8318,10,10,5,5,0.5,0.0,1.0,9,3,3,1.0
1031249,169285,167997,8318,10,10,5,5,0.5,0.0,1.0,9,3,3,1.0
1031248,169285,167997,8318,10,10,5,5,0.5,0.0,1.0,9,3,3,1.0
1031247,169285,167997,8318,10,10,5,5,0.5,0.0,1.0,9,3,3,1.0
1031252,169285,167997,8318,10,10,5,5,0.5,0.0,1.0,9,3,3,1.0
1031548,142396,141435,8394,10,10,5,5,0.5,0.0,1.0,9,3,3,1.0
1031544,142396,141435,8394,10,10,5,5,0.5,0.0,1.0,9,3,3,1.0
1031547,142396,141435,8394,10,10,5,5,0.5,0.0,1.0,9,3,3,1.0
1031545,142396,141435,8394,10,10,5,5,0.5,0.0,1.0,9,3,3,1.0
1031546,142396,141435,8394,10,10,5,5,0.5,0.0,1.0,9,3,3,1.0
1036821,22569,22540,9534,10,10,5,5,0.5,0.0,1.0,9,3,3,1.0
1036819,22569,22540,9534,10,10,5,5,0.5,0.0,1.0,9,3,3,1.0
1036806,22569,22540,9534,10,10,5,5,0.5,0.0,1.0,9,3,3,1.0
1036805,22569,22540,9534,10,10,5,5,0.5,0.0,1.0,9,3,3,1.0
1036820,22569,22540,9534,10,10,5,5,0.5,0.0,1.0,9,3,3,1.0
1225003,389931,389927,10535,10,10,5,5,0.5,0.0,1.0,9,3,3,1.0
1095396,389931,389927,10535,10,10,5,5,0.5,0.0,1.0,9,3,3,1.0
1097360,389931,389927,10535,10,10,5,5,0.5,0.0,1.0,9,3,3,1.0
1040817,389931,389927,10535,10,10,5,5,0.5,0.0,1.0,9,3,3,1.0
1096239,389931,389927,10535,10,10,5,5,0.5,0.0,1.0,9,3,3,1.0
1042561,47333,7601,10882,10,10,5,5,0.5,0.0,1.0,9,3,3,1.0
1042560,47333,7601,10882,10,10,5,5,0.5,0.0,1.0,9,3,3,1.0
1042565,47333,7601,10882,10,10,5,5,0.5,0.0,1.0,9,3,3,1.0
1042562,47333,7601,10882,10,10,5,5,0.5,0.0,1.0,9,3,3,1.0
1042564,47333,7601,10882,10,10,5,5,0.5,0.0,1.0,9,3,3,1.0
1069740,305917,287036,15532,10,10,5,5,0.5,0.0,1.0,9,3,3,1.0
1069737,305917,287036,15532,10,10,5,5,0.5,0.0,1.0,9,3,3,1.0
1069738,305917,287036,15532,10,10,5,5,0.5,0.0,1.0,9,3,3,1.0
1069716,305917,287036,15532,10,10,5,5,0.5,0.0,1.0,9,3,3,1.0
1069739,305917,287036,15532,10,10,5,5,0.5,0.0,1.0,9,3,3,1.0
1073245,14103,14087,16602,10,10,5,5,0.5,0.0,1.0,9,3,3,1.0
1178290,14103,14087,16602,10,10,5,5,0.5,0.0,1.0,9,3,3,1.0
1178289,14103,14087,16602,10,10,5,5,0.5,0.0,1.0,9,3,3,1.0
1178288,14103,14087,16602,10,10,5,5,0.5,0.0,1.0,9,3,3,1.0
1178291,14103,14087,16602,10,10,5,5,0.5,0.0,1.0,9,3,3,1.0
1076245,19352,19323,17807,10,10,5,5,0.5,0.0,1.0,9,3,3,1.0
1076244,19352,19323,17807,10,10,5,5,0.5,0.0,1.0,9,3,3,1.0
1077506,19352,19323,17807,10,10,5,5,0.5,0.0,1.0,9,3,3,1.0
1076271,19352,19323,17807,10,10,5,5,0.5,0.0,1.0,9,3,3,1.0
1076246,19352,19323,17807,10,10,5,5,0.5,0.0,1.0,9,3,3,1.0
1093565,18292,18283,18347,10,10,5,5,0.5,0.0,1.0,9,3,3,1.0
1093567,18292,18283,18347,10,10,5,5,0.5,0.0,1.0,9,3,3,1.0
1093564,18292,18283,18347,10,10,5,5,0.5,0.0,1.0,9,3,3,1.0
1078675,18292,18283,18347,10,10,5,5,0.5,0.0,1.0,9,3,3,1.0
1093566,18292,18283,18347,10,10,5,5,0.5,0.0,1.0,9,3,3,1.0
1082508,18335,18295,18348,10,10,5,5,0.5,0.0,1.0,9,3,3,1.0
1092718,18335,18295,18348,10,10,5,5,0.5,0.0,1.0,9,3,3,1.0
1082509,18335,18295,18348,10,10,5,5,0.5,0.0,1.0,9,3,3,1.0
1082510,18335,18295,18348,10,10,5,5,0.5,0.0,1.0,9,3,3,1.0
1082511,18335,18295,18348,10,10,5,5,0.5,0.0,1.0,9,3,3,1.0
1082045,16230,16226,19138,10,10,5,5,0.5,0.0,1.0,9,3,3,1.0
1102893,16230,16226,19138,10,10,5,5,0.5,0.0,1.0,9,3,3,1.0
1105392,16230,16226,19138,10,10,5,5,0.5,0.0,1.0,9,3,3,1.0
1102892,16230,16226,19138,10,10,5,5,0.5,0.0,1.0,9,3,3,1.0
1105391,16230,16226,19138,10,10,5,5,0.5,0.0,1.0,9,3,3,1.0
1089830,15340,15334,19759,10,10,5,5,0.5,0.0,1.0,9,3,3,1.0
1089831,15340,15334,19759,10,10,5,5,0.5,0.0,1.0,9,3,3,1.0
1089829,15340,15334,19759,10,10,5,5,0.5,0.0,1.0,9,3,3,1.0
1089898,15340,15334,19759,10,10,5,5,0.5,0.0,1.0,9,3,3,1.0
1089938,15340,15334,19759,10,10,5,5,0.5,0.0,1.0,9,3,3,1.0
1101944,16128,16124,23566,10,10,5,5,0.5,0.0,1.0,9,3,3,1.0
1101942,16128,16124,23566,10,10,5,5,0.5,0.0,1.0,9,3,3,1.0
1101869,16128,16124,23566,10,10,5,5,0.5,0.0,1.0,9,3,3,1.0
1130786,16128,16124,23566,10,10,5,5,0.5,0.0,1.0,9,3,3,1.0
1101945,16128,16124,23566,10,10,5,5,0.5,0.0,1.0,9,3,3,1.0
1102852,26569,26565,23790,10,10,5,5,0.5,0.0,1.0,9,3,3,1.0
1102894,26569,26565,23790,10,10,5,5,0.5,0.0,1.0,9,3,3,1.0
1102897,26569,26565,23790,10,10,5,5,0.5,0.0,1.0,9,3,3,1.0
1102895,26569,26565,23790,10,10,5,5,0.5,0.0,1.0,9,3,3,1.0
1102896,26569,26565,23790,10,10,5,5,0.5,0.0,1.0,9,3,3,1.0
1105351,16230,16226,24372,10,10,5,5,0.5,0.0,1.0,9,3,3,1.0
1105353,16230,16226,24372,10,10,5,5,0.5,0.0,1.0,9,3,3,1.0
1105352,16230,16226,24372,10,10,5,5,0.5,0.0,1.0,9,3,3,1.0
1105350,16230,16226,24372,10,10,5,5,0.5,0.0,1.0,9,3,3,1.0
1105394,16230,16226,24372,10,10,5,5,0.5,0.0,1.0,9,3,3,1.0
1115438,25254,25203,25710,10,10,5,5,0.5,0.0,1.0,9,3,3,1.0
1115468,25254,25203,25710,10,10,5,5,0.5,0.0,1.0,9,3,3,1.0
1115471,25254,25203,25710,10,10,5,5,0.5,0.0,1.0,9,3,3,1.0
1115454,25254,25203,25710,10,10,5,5,0.5,0.0,1.0,9,3,3,1.0
1115470,25254,25203,25710,10,10,5,5,0.5,0.0,1.0,9,3,3,1.0
1123357,13530,13520,27516,10,10,5,5,0.5,0.0,1.0,9,3,3,1.0
1123313,13530,13520,27516,10,10,5,5,0.5,0.0,1.0,9,3,3,1.0
1123360,13530,13520,27516,10,10,5,5,0.5,0.0,1.0,9,3,3,1.0
1123358,13530,13520,27516,10,10,5,5,0.5,0.0,1.0,9,3,3,1.0
1123359,13530,13520,27516,10,10,5,5,0.5,0.0,1.0,9,3,3,1.0
1270452,23090,8360,29660,10,10,4,4,0.4,0.0,1.0,9,3,3,1.0
1270500,23090,8360,29660,10,10,4,4,0.4,0.0,1.0,9,3,3,1.0
1226465,23090,8360,29660,10,10,4,4,0.4,0.0,1.0,9,3,3,1.0
1226463,23090,8360,29660,10,10,4,4,0.4,0.0,1.0,9,3,3,1.0
1300798,129911,102685,31387,10,10,5,5,0.5,0.0,1.0,9,3,3,1.0
1300801,129911,102685,31387,10,10,5,5,0.5,0.0,1.0,9,3,3,1.0
1300800,129911,102685,31387,10,10,5,5,0.5,0.0,1.0,9,3,3,1.0
1300799,129911,102685,31387,10,10,5,5,0.5,0.0,1.0,9,3,3,1.0
1136361,129911,102685,31387,10,10,5,5,0.5,0.0,1.0,9,3,3,1.0
1200003,12112,12084,31804,10,10,5,5,0.5,0.0,1.0,9,3,3,1.0
1137911,12112,12084,31804,10,10,5,5,0.5,0.0,1.0,9,3,3,1.0
1222208,12112,12084,31804,10,10,5,5,0.5,0.0,1.0,9,3,3,1.0
1201951,12112,12084,31804,10,10,5,5,0.5,0.0,1.0,9,3,3,1.0
1201953,12112,12084,31804,10,10,5,5,0.5,0.0,1.0,9,3,3,1.0
1147802,2830,2754,32476,10,10,4,4,0.4,0.0,1.0,9,3,3,1.0
1144223,2830,2754,32476,10,10,4,4,0.4,0.0,1.0,9,3,3,1.0
1144222,2830,2754,32476,10,10,4,4,0.4,0.0,1.0,9,3,3,1.0
1147804,2830,2754,32476,10,10,4,4,0.4,0.0,1.0,9,3,3,1.0
1145497,20893,2761,32599,10,10,5,5,0.5,0.0,1.0,9,3,3,1.0
1149389,20893,2761,32599,10,10,5,5,0.5,0.0,1.0,9,3,3,1.0
1160003,20893,2761,32599,10,10,5,5,0.5,0.0,1.0,9,3,3,1.0
1149415,20893,2761,32599,10,10,5,5,0.5,0.0,1.0,9,3,3,1.0
1148166,20893,2761,32599,10,10,5,5,0.5,0.0,1.0,9,3,3,1.0
1149685,3647,3630,33664,10,10,5,5,0.5,0.0,1.0,9,3,3,1.0
1149683,3647,3630,33664,10,10,5,5,0.5,0.0,1.0,9,3,3,1.0
1149725,3647,3630,33664,10,10,5,5,0.5,0.0,1.0,9,3,3,1.0
1149485,3647,3630,33664,10,10,5,5,0.5,0.0,1.0,9,3,3,1.0
1149682,3647,3630,33664,10,10,5,5,0.5,0.0,1.0,9,3,3,1.0
1166039,343948,3600,34075,10,10,3,3,0.3,0.0,1.0,9,3,3,1.0
1164831,343948,3600,34075,10,10,3,3,0.3,0.0,1.0,9,3,3,1.0
1164830,343948,3600,34075,10,10,3,3,0.3,0.0,1.0,9,3,3,1.0
1218573,25034,12477,34238,10,10,5,5,0.5,0.0,1.0,9,3,3,1.0
1218597,25034,12477,34238,10,10,5,5,0.5,0.0,1.0,9,3,3,1.0
1218574,25034,12477,34238,10,10,5,5,0.5,0.0,1.0,9,3,3,1.0
1218575,25034,12477,34238,10,10,5,5,0.5,0.0,1.0,9,3,3,1.0
1218596,25034,12477,34238,10,10,5,5,0.5,0.0,1.0,9,3,3,1.0
1220349,19085,19069,35868,10,10,5,5,0.5,0.0,1.0,9,3,3,1.0
1220350,19085,19069,35868,10,10,5,5,0.5,0.0,1.0,9,3,3,1.0
1220351,19085,19069,35868,10,10,5,5,0.5,0.0,1.0,9,3,3,1.0
1220410,19085,19069,35868,10,10,5,5,0.5,0.0,1.0,9,3,3,1.0
1220409,19085,19069,35868,10,10,5,5,0.5,0.0,1.0,9,3,3,1.0
1170653,24064,10251,37167,10,10,5,5,0.5,0.0,1.0,9,3,3,1.0
1170654,24064,10251,37167,10,10,5,5,0.5,0.0,1.0,9,3,3,1.0
1210111,24064,10251,37167,10,10,5,5,0.5,0.0,1.0,9,3,3,1.0
1196006,24064,10251,37167,10,10,5,5,0.5,0.0,1.0,9,3,3,1.0
1196509,24064,10251,37167,10,10,5,5,0.5,0.0,1.0,9,3,3,1.0
1265798,10768,10744,41365,10,10,5,5,0.5,0.0,1.0,9,3,3,1.0
1198341,10768,10744,41365,10,10,5,5,0.5,0.0,1.0,9,3,3,1.0
1198338,10768,10744,41365,10,10,5,5,0.5,0.0,1.0,9,3,3,1.0
1198339,10768,10744,41365,10,10,5,5,0.5,0.0,1.0,9,3,3,1.0
1198340,10768,10744,41365,10,10,5,5,0.5,0.0,1.0,9,3,3,1.0
1202980,27218,27213,42603,10,10,4,4,0.4,0.0,1.0,9,3,3,1.0
1202978,27218,27213,42603,10,10,4,4,0.4,0.0,1.0,9,3,3,1.0
1202981,27218,27213,42603,10,10,4,4,0.4,0.0,1.0,9,3,3,1.0
1202979,27218,27213,42603,10,10,4,4,0.4,0.0,1.0,9,3,3,1.0
1288777,19752,7040,46659,10,10,2,2,0.2,0.0,1.0,9,3,3,1.0
1288778,19752,7040,46659,10,10,2,2,0.2,0.0,1.0,9,3,3,1.0
1267076,8400,8273,47399,10,10,3,3,0.3,0.0,1.0,9,3,3,1.0
1267075,8400,8273,47399,10,10,3,3,0.3,0.0,1.0,9,3,3,1.0
1267123,8400,8273,47399,10,10,3,3,0.3,0.0,1.0,9,3,3,1.0
1275631,8122,8090,48473,10,10,5,5,0.5,0.0,1.0,9,3,3,1.0
1271883,8122,8090,48473,10,10,5,5,0.5,0.0,1.0,9,3,3,1.0
1271939,8122,8090,48473,10,10,5,5,0.5,0.0,1.0,9,3,3,1.0
1271943,8122,8090,48473,10,10,5,5,0.5,0.0,1.0,9,3,3,1.0
1271885,8122,8090,48473,10,10,5,5,0.5,0.0,1.0,9,3,3,1.0
1287860,9781,9767,51488,10,10,5,5,0.5,0.0,1.0,9,3,3,1.0
1287839,9781,9767,51488,10,10,5,5,0.5,0.0,1.0,9,3,3,1.0
1287859,9781,9767,51488,10,10,5,5,0.5,0.0,1.0,9,3,3,1.0
1287842,9781,9767,51488,10,10,5,5,0.5,0.0,1.0,9,3,3,1.0
1287841,9781,9767,51488,10,10,5,5,0.5,0.0,1.0,9,3,3,1.0
1309299,8800,8741,52142,10,10,5,5,0.5,0.0,1.0,9,3,3,1.0
1309021,8800,8741,52142,10,10,5,5,0.5,0.0,1.0,9,3,3,1.0
1309020,8800,8741,52142,10,10,5,5,0.5,0.0,1.0,9,3,3,1.0
1309298,8800,8741,52142,10,10,5,5,0.5,0.0,1.0,9,3,3,1.0
1298739,8800,8741,52142,10,10,5,5,0.5,0.0,1.0,9,3,3,1.0
1299830,18394,18367,52371,10,10,3,3,0.3,0.0,1.0,9,3,3,1.0
1299870,18400,18367,52371,10,10,3,3,0.3,0.0,1.0,9,3,3,1.0
1299823,18394,18367,52371,10,10,3,3,0.3,0.0,1.0,9,3,3,1.0
1299782,18400,18367,52371,10,10,3,3,0.3,0.0,1.0,9,3,3,1.0
1299872,18394,18367,52371,10,10,3,3,0.3,0.0,1.0,9,3,3,1.0
1299832,18400,18367,52371,10,10,3,3,0.3,0.0,1.0,9,3,3,1.0
1307303,5921,5915,53747,10,10,5,5,0.5,0.0,1.0,9,3,3,1.0
1307336,5921,5915,53747,10,10,5,5,0.5,0.0,1.0,9,3,3,1.0
1307302,5921,5915,53747,10,10,5,5,0.5,0.0,1.0,9,3,3,1.0
1307305,5921,5915,53747,10,10,5,5,0.5,0.0,1.0,9,3,3,1.0
1307337,5921,5915,53747,10,10,5,5,0.5,0.0,1.0,9,3,3,1.0
1055057,13257,13229,1364,9,9,4,4,0.4444,0.0,1.0,8,3,3,1.0
1006060,13257,13229,1364,9,9,4,4,0.4444,0.0,1.0,8,3,3,1.0
1006059,13257,13229,1364,9,9,4,4,0.4444,0.0,1.0,8,3,3,1.0
1006058,13257,13229,1364,9,9,4,4,0.4444,0.0,1.0,8,3,3,1.0
1207810,12693,1101,3697,9,9,3,3,0.3333,0.0,1.0,8,3,3,1.0
1210219,12693,1101,3697,9,9,3,3,0.3333,0.0,1.0,8,3,3,1.0
1210284,12693,1101,3697,9,9,3,3,0.3333,0.0,1.0,8,3,3,1.0
1220396,18497,18478,4152,9,9,3,3,0.3333,0.0,1.0,8,3,3,1.0
1137218,18497,18478,4152,9,9,3,3,0.3333,0.0,1.0,8,3,3,1.0
1220335,18497,18478,4152,9,9,3,3,0.3333,0.0,1.0,8,3,3,1.0
1032930,6766,6667,8772,9,9,3,3,0.3333,0.0,1.0,8,3,3,1.0
1032900,6766,6667,8772,9,9,3,3,0.3333,0.0,1.0,8,3,3,1.0
1032899,6766,6667,8772,9,9,3,3,0.3333,0.0,1.0,8,3,3,1.0
1038522,171205,171201,9982,9,9,3,3,0.3333,0.0,1.0,8,3,3,1.0
1038521,171205,171201,9982,9,9,3,3,0.3333,0.0,1.0,8,3,3,1.0
1038469,171206,171201,9982,9,9,3,3,0.3333,0.0,1.0,8,3,3,1.0
1038470,171206,171201,9982,9,9,3,3,0.3333,0.0,1.0,8,3,3,1.0
1038468,171205,171201,9982,9,9,3,3,0.3333,0.0,1.0,8,3,3,1.0
1038467,171206,171201,9982,9,9,3,3,0.3333,0.0,1.0,8,3,3,1.0
1176536,375024,375020,16904,9,9,3,3,0.3333,0.0,1.0,8,3,3,1.0
1176573,375024,375020,16904,9,9,3,3,0.3333,0.0,1.0,8,3,3,1.0
1176539,375024,375020,16904,9,9,3,3,0.3333,0.0,1.0,8,3,3,1.0
1112478,1848,1841,21110,9,9,2,2,0.2222,0.0,1.0,8,3,3,1.0
1150742,1843,1841,21110,9,9,2,2,0.2222,0.0,1.0,8,3,3,1.0
1150744,1929,1841,21110,9,9,2,2,0.2222,0.0,1.0,8,3,3,1.0
1091600,1843,1841,21110,9,9,2,2,0.2222,0.0,1.0,8,3,3,1.0
1150718,1929,1841,21110,9,9,2,2,0.2222,0.0,1.0,8,3,3,1.0
1112476,1848,1841,21110,9,9,2,2,0.2222,0.0,1.0,8,3,3,1.0
1220392,53404,53403,30107,9,9,4,4,0.4444,0.0,1.0,8,3,3,1.0
1191210,53404,53403,30107,9,9,4,4,0.4444,0.0,1.0,8,3,3,1.0
1186285,53404,53403,30107,9,9,4,4,0.4444,0.0,1.0,8,3,3,1.0
1190933,53404,53403,30107,9,9,4,4,0.4444,0.0,1.0,8,3,3,1.0
1168391,27175,27172,30132,9,9,3,3,0.3333,0.0,1.0,8,3,3,1.0
1168900,27175,27172,30132,9,9,3,3,0.3333,0.0,1.0,8,3,3,1.0
1168902,27175,27172,30132,9,9,3,3,0.3333,0.0,1.0,8,3,3,1.0
1176015,25207,12747,37574,9,9,4,4,0.4444,0.0,1.0,8,3,3,1.0
1175105,25207,12747,37574,9,9,4,4,0.4444,0.0,1.0,8,3,3,1.0
1176014,25207,12747,37574,9,9,4,4,0.4444,0.0,1.0,8,3,3,1.0
1176012,25207,12747,37574,9,9,4,4,0.4444,0.0,1.0,8,3,3,1.0
1210430,13301,13255,43724,9,9,4,4,0.4444,0.0,1.0,8,3,3,1.0
1210432,13301,13255,43724,9,9,4,4,0.4444,0.0,1.0,8,3,3,1.0
1210431,13301,13255,43724,9,9,4,4,0.4444,0.0,1.0,8,3,3,1.0
1210429,13301,13255,43724,9,9,4,4,0.4444,0.0,1.0,8,3,3,1.0
1281964,16750,16690,50121,9,9,4,4,0.4444,0.0,1.0,8,3,3,1.0
1281961,16750,16690,50121,9,9,4,4,0.4444,0.0,1.0,8,3,3,1.0
1306399,16750,16690,50121,9,9,4,4,0.4444,0.0,1.0,8,3,3,1.0
1281962,16750,16690,50121,9,9,4,4,0.4444,0.0,1.0,8,3,3,1.0
1073871,3102,3101,1091,8,8,4,4,0.5,0.0,1.0,7,3,3,1.0
1002642,3102,3101,1091,8,8,4,4,0.5,0.0,1.0,7,3,3,1.0
1073869,3102,3101,1091,8,8,4,4,0.5,0.0,1.0,7,3,3,1.0
1098555,3102,3101,1091,8,8,4,4,0.5,0.0,1.0,7,3,3,1.0
1019172,36136,36135,5270,8,8,4,4,0.5,0.0,1.0,7,3,3,1.0
1019171,36136,36135,5270,8,8,4,4,0.5,0.0,1.0,7,3,3,1.0
1019173,36136,36135,5270,8,8,4,4,0.5,0.0,1.0,7,3,3,1.0
1019170,36136,36135,5270,8,8,4,4,0.5,0.0,1.0,7,3,3,1.0
1019539,175995,175690,5350,8,8,4,4,0.5,0.0,1.0,7,3,3,1.0
1019538,175995,175690,5350,8,8,4,4,0.5,0.0,1.0,7,3,3,1.0
1019543,175995,175690,5350,8,8,4,4,0.5,0.0,1.0,7,3,3,1.0
1019541,175995,175690,5350,8,8,4,4,0.5,0.0,1.0,7,3,3,1.0
1021879,174408,174403,5944,8,8,4,4,0.5,0.0,1.0,7,3,3,1.0
1021824,174408,174403,5944,8,8,4,4,0.5,0.0,1.0,7,3,3,1.0
1021878,174408,174403,5944,8,8,4,4,0.5,0.0,1.0,7,3,3,1.0
1021825,174408,174403,5944,8,8,4,4,0.5,0.0,1.0,7,3,3,1.0
1034569,7777,7759,7441,8,8,3,3,0.375,0.0,1.0,7,3,3,1.0
1034568,7777,7759,7441,8,8,3,3,0.375,0.0,1.0,7,3,3,1.0
1028151,7777,7759,7441,8,8,3,3,0.375,0.0,1.0,7,3,3,1.0
1034111,22558,6967,9035,8,8,3,3,0.375,0.0,1.0,7,3,3,1.0
1070819,22558,6967,9035,8,8,3,3,0.375,0.0,1.0,7,3,3,1.0
1094505,22558,6967,9035,8,8,3,3,0.375,0.0,1.0,7,3,3,1.0
1034385,159357,159045,9093,8,8,4,4,0.5,0.0,1.0,7,3,3,1.0
1034324,159357,159045,9093,8,8,4,4,0.5,0.0,1.0,7,3,3,1.0
1034326,159357,159045,9093,8,8,4,4,0.5,0.0,1.0,7,3,3,1.0
1034384,159357,159045,9093,8,8,4,4,0.5,0.0,1.0,7,3,3,1.0
1304658,154,119,10628,8,8,3,3,0.375,0.0,1.0,7,3,3,1.0
1304111,154,119,10628,8,8,3,3,0.375,0.0,1.0,7,3,3,1.0
1308736,154,119,10628,8,8,3,3,0.375,0.0,1.0,7,3,3,1.0
1046362,89244,89243,11614,8,8,4,4,0.5,0.0,1.0,7,3,3,1.0
1046308,89244,89243,11614,8,8,4,4,0.5,0.0,1.0,7,3,3,1.0
1048454,89244,89243,11614,8,8,4,4,0.5,0.0,1.0,7,3,3,1.0
1048104,89244,89243,11614,8,8,4,4,0.5,0.0,1.0,7,3,3,1.0
1083243,33246,15793,13527,8,8,4,4,0.5,0.0,1.0,7,3,3,1.0
1088077,33246,15793,13527,8,8,4,4,0.5,0.0,1.0,7,3,3,1.0
1088081,33246,15793,13527,8,8,4,4,0.5,0.0,1.0,7,3,3,1.0
1088079,33246,15793,13527,8,8,4,4,0.5,0.0,1.0,7,3,3,1.0
1180784,24871,12039,13705,8,8,4,4,0.5,0.0,1.0,7,3,3,1.0
1059439,24871,12039,13705,8,8,4,4,0.5,0.0,1.0,7,3,3,1.0
1175709,24871,12039,13705,8,8,4,4,0.5,0.0,1.0,7,3,3,1.0
1211245,24871,12039,13705,8,8,4,4,0.5,0.0,1.0,7,3,3,1.0
1061239,343248,343247,14352,8,8,4,4,0.5,0.0,1.0,7,3,3,1.0
1061717,343248,343247,14352,8,8,4,4,0.5,0.0,1.0,7,3,3,1.0
1061238,343248,343247,14352,8,8,4,4,0.5,0.0,1.0,7,3,3,1.0
1061240,343248,343247,14352,8,8,4,4,0.5,0.0,1.0,7,3,3,1.0
1071650,27325,27318,15489,8,8,4,4,0.5,0.0,1.0,7,3,3,1.0
1069850,27325,27318,15489,8,8,4,4,0.5,0.0,1.0,7,3,3,1.0
1071651,27325,27318,15489,8,8,4,4,0.5,0.0,1.0,7,3,3,1.0
1074330,27325,27318,15489,8,8,4,4,0.5,0.0,1.0,7,3,3,1.0
1071480,19228,19172,15907,8,8,4,4,0.5,0.0,1.0,7,3,3,1.0
1071453,19228,19172,15907,8,8,4,4,0.5,0.0,1.0,7,3,3,1.0
1071479,19228,19172,15907,8,8,4,4,0.5,0.0,1.0,7,3,3,1.0
1071477,19228,19172,15907,8,8,4,4,0.5,0.0,1.0,7,3,3,1.0
1070583,5325,5321,16124,8,8,3,3,0.375,0.0,1.0,7,3,3,1.0
1137017,5325,5321,16124,8,8,3,3,0.375,0.0,1.0,7,3,3,1.0
1070588,5325,5321,16124,8,8,3,3,0.375,0.0,1.0,7,3,3,1.0
1184925,18951,18899,19109,8,8,4,4,0.5,0.0,1.0,7,3,3,1.0
1191136,18951,18899,19109,8,8,4,4,0.5,0.0,1.0,7,3,3,1.0
1081958,18951,18899,19109,8,8,4,4,0.5,0.0,1.0,7,3,3,1.0
1191135,18951,18899,19109,8,8,4,4,0.5,0.0,1.0,7,3,3,1.0
1082428,14944,14918,19294,8,8,4,4,0.5,0.0,1.0,7,3,3,1.0
1082431,14944,14918,19294,8,8,4,4,0.5,0.0,1.0,7,3,3,1.0
1082429,14944,14918,19294,8,8,4,4,0.5,0.0,1.0,7,3,3,1.0
1089582,14944,14918,19294,8,8,4,4,0.5,0.0,1.0,7,3,3,1.0
1083240,26194,15805,19296,8,8,4,4,0.5,0.0,1.0,7,3,3,1.0
1083242,26194,15805,19296,8,8,4,4,0.5,0.0,1.0,7,3,3,1.0
1082415,26194,15805,19296,8,8,4,4,0.5,0.0,1.0,7,3,3,1.0
1083250,26194,15805,19296,8,8,4,4,0.5,0.0,1.0,7,3,3,1.0
1165234,4045,4044,19696,8,8,3,3,0.375,0.0,1.0,7,3,3,1.0
1165711,4045,4044,19696,8,8,3,3,0.375,0.0,1.0,7,3,3,1.0
1156326,4045,4044,19696,8,8,3,3,0.375,0.0,1.0,7,3,3,1.0
1083984,13469,13462,19821,8,8,4,4,0.5,0.0,1.0,7,3,3,1.0
1089920,13469,13462,19821,8,8,4,4,0.5,0.0,1.0,7,3,3,1.0
1089923,13469,13462,19821,8,8,4,4,0.5,0.0,1.0,7,3,3,1.0
1083985,13469,13462,19821,8,8,4,4,0.5,0.0,1.0,7,3,3,1.0
1092542,25520,13749,21460,8,8,4,4,0.5,0.0,1.0,7,3,3,1.0
1104199,25520,13749,21460,8,8,4,4,0.5,0.0,1.0,7,3,3,1.0
1112842,25520,13749,21460,8,8,4,4,0.5,0.0,1.0,7,3,3,1.0
1104201,25520,13749,21460,8,8,4,4,0.5,0.0,1.0,7,3,3,1.0
1095735,18944,18922,22355,8,8,4,4,0.5,0.0,1.0,7,3,3,1.0
1095734,18944,18922,22355,8,8,4,4,0.5,0.0,1.0,7,3,3,1.0
1202859,18944,18922,22355,8,8,4,4,0.5,0.0,1.0,7,3,3,1.0
1186031,18944,18922,22355,8,8,4,4,0.5,0.0,1.0,7,3,3,1.0
1286767,7731,7645,22839,8,8,4,4,0.5,0.0,1.0,7,3,3,1.0
1287110,7731,7645,22839,8,8,4,4,0.5,0.0,1.0,7,3,3,1.0
1280533,7731,7645,22839,8,8,4,4,0.5,0.0,1.0,7,3,3,1.0
1287108,7731,7645,22839,8,8,4,4,0.5,0.0,1.0,7,3,3,1.0
1201237,23727,9467,22881,8,8,2,2,0.25,0.0,1.0,7,3,3,1.0
1199867,23727,9467,22881,8,8,2,2,0.25,0.0,1.0,7,3,3,1.0
1113408,14932,14923,25855,8,8,4,4,0.5,0.0,1.0,7,3,3,1.0
1113410,14932,14923,25855,8,8,4,4,0.5,0.0,1.0,7,3,3,1.0
1113411,14932,14923,25855,8,8,4,4,0.5,0.0,1.0,7,3,3,1.0
1113409,14932,14923,25855,8,8,4,4,0.5,0.0,1.0,7,3,3,1.0
1121710,20238,1688,27048,8,8,4,4,0.5,0.0,1.0,7,3,3,1.0
1125513,20238,1688,27048,8,8,4,4,0.5,0.0,1.0,7,3,3,1.0
1125536,20238,1688,27048,8,8,4,4,0.5,0.0,1.0,7,3,3,1.0
1125516,20238,1688,27048,8,8,4,4,0.5,0.0,1.0,7,3,3,1.0
1124893,13011,12968,27657,8,8,4,4,0.5,0.0,1.0,7,3,3,1.0
1124894,13011,12968,27657,8,8,4,4,0.5,0.0,1.0,7,3,3,1.0
1124895,13011,12968,27657,8,8,4,4,0.5,0.0,1.0,7,3,3,1.0
1124896,13011,12968,27657,8,8,4,4,0.5,0.0,1.0,7,3,3,1.0
1126444,20512,2307,27777,8,8,4,4,0.5,0.0,1.0,7,3,3,1.0
1183903,20512,2307,27777,8,8,4,4,0.5,0.0,1.0,7,3,3,1.0
1124362,20512,2307,27777,8,8,4,4,0.5,0.0,1.0,7,3,3,1.0
1126414,20512,2307,27777,8,8,4,4,0.5,0.0,1.0,7,3,3,1.0
1299138,8009,7979,28573,8,8,4,4,0.5,0.0,1.0,7,3,3,1.0
1309524,8009,7979,28573,8,8,4,4,0.5,0.0,1.0,7,3,3,1.0
1309522,8009,7979,28573,8,8,4,4,0.5,0.0,1.0,7,3,3,1.0
1309525,8009,7979,28573,8,8,4,4,0.5,0.0,1.0,7,3,3,1.0
1146513,15034,15027,33120,8,8,4,4,0.5,0.0,1.0,7,3,3,1.0
1146512,15034,15027,33120,8,8,4,4,0.5,0.0,1.0,7,3,3,1.0
1146510,15034,15027,33120,8,8,4,4,0.5,0.0,1.0,7,3,3,1.0
1146516,15034,15027,33120,8,8,4,4,0.5,0.0,1.0,7,3,3,1.0
1153742,84774,2223,33516,8,8,4,4,0.5,0.0,1.0,7,3,3,1.0
1153743,84774,2223,33516,8,8,4,4,0.5,0.0,1.0,7,3,3,1.0
1148515,84774,2223,33516,8,8,4,4,0.5,0.0,1.0,7,3,3,1.0
1148512,84774,2223,33516,8,8,4,4,0.5,0.0,1.0,7,3,3,1.0
1185121,27343,27338,34321,8,8,4,4,0.5,0.0,1.0,7,3,3,1.0
1184639,27343,27338,34321,8,8,4,4,0.5,0.0,1.0,7,3,3,1.0
1185120,27343,27338,34321,8,8,4,4,0.5,0.0,1.0,7,3,3,1.0
1185154,27343,27338,34321,8,8,4,4,0.5,0.0,1.0,7,3,3,1.0
1211054,19918,724,36846,8,8,4,4,0.5,0.0,1.0,7,3,3,1.0
1196725,19918,724,36846,8,8,4,4,0.5,0.0,1.0,7,3,3,1.0
1211053,19918,724,36846,8,8,4,4,0.5,0.0,1.0,7,3,3,1.0
1196724,19918,724,36846,8,8,4,4,0.5,0.0,1.0,7,3,3,1.0
1170118,10725,10706,36989,8,8,4,4,0.5,0.0,1.0,7,3,3,1.0
1170095,10725,10706,36989,8,8,4,4,0.5,0.0,1.0,7,3,3,1.0
1222349,10725,10706,36989,8,8,4,4,0.5,0.0,1.0,7,3,3,1.0
1170119,10725,10706,36989,8,8,4,4,0.5,0.0,1.0,7,3,3,1.0
1178270,25628,14118,38554,8,8,4,4,0.5,0.0,1.0,7,3,3,1.0
1178268,25628,14118,38554,8,8,4,4,0.5,0.0,1.0,7,3,3,1.0
1178271,25628,14118,38554,8,8,4,4,0.5,0.0,1.0,7,3,3,1.0
1178269,25628,14118,38554,8,8,4,4,0.5,0.0,1.0,7,3,3,1.0
1185683,38408,38405,39632,8,8,4,4,0.5,0.0,1.0,7,3,3,1.0
1219340,38408,38405,39632,8,8,4,4,0.5,0.0,1.0,7,3,3,1.0
1219342,38408,38405,39632,8,8,4,4,0.5,0.0,1.0,7,3,3,1.0
1219343,38408,38405,39632,8,8,4,4,0.5,0.0,1.0,7,3,3,1.0
1209899,12132,12110,42085,8,8,4,4,0.5,0.0,1.0,7,3,3,1.0
1200334,12132,12110,42085,8,8,4,4,0.5,0.0,1.0,7,3,3,1.0
1209834,12132,12110,42085,8,8,4,4,0.5,0.0,1.0,7,3,3,1.0
1209900,12132,12110,42085,8,8,4,4,0.5,0.0,1.0,7,3,3,1.0
1202953,27213,27202,42598,8,8,4,4,0.5,0.0,1.0,7,3,3,1.0
1202952,27213,27202,42598,8,8,4,4,0.5,0.0,1.0,7,3,3,1.0
1202950,27213,27202,42598,8,8,4,4,0.5,0.0,1.0,7,3,3,1.0
1202951,27213,27202,42598,8,8,4,4,0.5,0.0,1.0,7,3,3,1.0
1279552,17746,17720,42844,8,8,3,3,0.375,0.0,1.0,7,3,3,1.0
1279551,17746,17720,42844,8,8,3,3,0.375,0.0,1.0,7,3,3,1.0
1279550,17746,17720,42844,8,8,3,3,0.375,0.0,1.0,7,3,3,1.0
1205914,25760,14443,42889,8,8,4,4,0.5,0.0,1.0,7,3,3,1.0
1205915,25760,14443,42889,8,8,4,4,0.5,0.0,1.0,7,3,3,1.0
1205913,25760,14443,42889,8,8,4,4,0.5,0.0,1.0,7,3,3,1.0
1205916,25760,14443,42889,8,8,4,4,0.5,0.0,1.0,7,3,3,1.0
1210133,1741,1671,43682,8,8,4,4,0.5,0.0,1.0,7,3,3,1.0
1210591,1741,1671,43682,8,8,4,4,0.5,0.0,1.0,7,3,3,1.0
1210735,1741,1671,43682,8,8,4,4,0.5,0.0,1.0,7,3,3,1.0
1210145,1741,1671,43682,8,8,4,4,0.5,0.0,1.0,7,3,3,1.0
1229385,8511,8486,44138,8,8,4,4,0.5,0.0,1.0,7,3,3,1.0
1229383,8511,8486,44138,8,8,4,4,0.5,0.0,1.0,7,3,3,1.0
1216873,8511,8486,44138,8,8,4,4,0.5,0.0,1.0,7,3,3,1.0
1229382,8511,8486,44138,8,8,4,4,0.5,0.0,1.0,7,3,3,1.0
1220390,19040,18998,44787,8,8,4,4,0.5,0.0,1.0,7,3,3,1.0
1220388,19040,18998,44787,8,8,4,4,0.5,0.0,1.0,7,3,3,1.0
1220391,19040,18998,44787,8,8,4,4,0.5,0.0,1.0,7,3,3,1.0
1220389,19040,18998,44787,8,8,4,4,0.5,0.0,1.0,7,3,3,1.0
1226852,23355,23350,45818,8,8,4,4,0.5,0.0,1.0,7,3,3,1.0
1226860,23355,23350,45818,8,8,4,4,0.5,0.0,1.0,7,3,3,1.0
1226786,23355,23350,45818,8,8,4,4,0.5,0.0,1.0,7,3,3,1.0
1226788,23355,23350,45818,8,8,4,4,0.5,0.0,1.0,7,3,3,1.0
1266175,23762,9477,47146,8,8,4,4,0.5,0.0,1.0,7,3,3,1.0
1266178,23762,9477,47146,8,8,4,4,0.5,0.0,1.0,7,3,3,1.0
1266174,23762,9477,47146,8,8,4,4,0.5,0.0,1.0,7,3,3,1.0
1266173,23762,9477,47146,8,8,4,4,0.5,0.0,1.0,7,3,3,1.0
1298819,8033,7993,48179,8,8,4,4,0.5,0.0,1.0,7,3,3,1.0
1270359,8033,7993,48179,8,8,4,4,0.5,0.0,1.0,7,3,3,1.0
1298821,8033,7993,48179,8,8,4,4,0.5,0.0,1.0,7,3,3,1.0
1279159,8033,7993,48179,8,8,4,4,0.5,0.0,1.0,7,3,3,1.0
1279985,13978,13968,49170,8,8,4,4,0.5,0.0,1.0,7,3,3,1.0
1279988,13978,13968,49170,8,8,4,4,0.5,0.0,1.0,7,3,3,1.0
1279986,13978,13968,49170,8,8,4,4,0.5,0.0,1.0,7,3,3,1.0
1279987,13978,13968,49170,8,8,4,4,0.5,0.0,1.0,7,3,3,1.0
1279991,14001,13978,50164,8,8,4,4,0.5,0.0,1.0,7,3,3,1.0
1279990,14001,13978,50164,8,8,4,4,0.5,0.0,1.0,7,3,3,1.0
1279989,14001,13978,50164,8,8,4,4,0.5,0.0,1.0,7,3,3,1.0
1279992,14001,13978,50164,8,8,4,4,0.5,0.0,1.0,7,3,3,1.0
1280203,22941,7949,50230,8,8,4,4,0.5,0.0,1.0,7,3,3,1.0
1300618,22941,7949,50230,8,8,4,4,0.5,0.0,1.0,7,3,3,1.0
1300621,22941,7949,50230,8,8,4,4,0.5,0.0,1.0,7,3,3,1.0
1300620,22941,7949,50230,8,8,4,4,0.5,0.0,1.0,7,3,3,1.0
1306839,7993,7974,50313,8,8,4,4,0.5,0.0,1.0,7,3,3,1.0
1309506,7993,7974,50313,8,8,4,4,0.5,0.0,1.0,7,3,3,1.0
1309508,7993,7974,50313,8,8,4,4,0.5,0.0,1.0,7,3,3,1.0
1309509,7993,7974,50313,8,8,4,4,0.5,0.0,1.0,7,3,3,1.0
1286357,7397,7386,50341,8,8,4,4,0.5,0.0,1.0,7,3,3,1.0
1281653,7397,7386,50341,8,8,4,4,0.5,0.0,1.0,7,3,3,1.0
1286358,7397,7386,50341,8,8,4,4,0.5,0.0,1.0,7,3,3,1.0
1280504,7397,7386,50341,8,8,4,4,0.5,0.0,1.0,7,3,3,1.0
1298087,7858,7844,50424,8,8,3,3,0.375,0.0,1.0,7,3,3,1.0
1298098,7858,7844,50424,8,8,3,3,0.375,0.0,1.0,7,3,3,1.0
1298100,7858,7844,50424,8,8,3,3,0.375,0.0,1.0,7,3,3,1.0
1306108,8065,8030,50719,8,8,4,4,0.5,0.0,1.0,7,3,3,1.0
1306109,8065,8030,50719,8,8,4,4,0.5,0.0,1.0,7,3,3,1.0
1307646,8065,8030,50719,8,8,4,4,0.5,0.0,1.0,7,3,3,1.0
1306106,8065,8030,50719,8,8,4,4,0.5,0.0,1.0,7,3,3,1.0
1308928,8024,7971,50727,8,8,4,4,0.5,0.0,1.0,7,3,3,1.0
1308922,8024,7971,50727,8,8,4,4,0.5,0.0,1.0,7,3,3,1.0
1308926,8024,7971,50727,8,8,4,4,0.5,0.0,1.0,7,3,3,1.0
1308924,8024,7971,50727,8,8,4,4,0.5,0.0,1.0,7,3,3,1.0
1305280,22943,7946,50995,8,8,4,4,0.5,0.0,1.0,7,3,3,1.0
1305278,22943,7946,50995,8,8,4,4,0.5,0.0,1.0,7,3,3,1.0
1305279,22943,7946,50995,8,8,4,4,0.5,0.0,1.0,7,3,3,1.0
1283103,22943,7946,50995,8,8,4,4,0.5,0.0,1.0,7,3,3,1.0
1287029,22773,7382,51202,8,8,4,4,0.5,0.0,1.0,7,3,3,1.0
1287030,22773,7382,51202,8,8,4,4,0.5,0.0,1.0,7,3,3,1.0
1286415,22773,7382,51202,8,8,4,4,0.5,0.0,1.0,7,3,3,1.0
1287028,22773,7382,51202,8,8,4,4,0.5,0.0,1.0,7,3,3,1.0
1286764,7144,7107,51303,8,8,4,4,0.5,0.0,1.0,7,3,3,1.0
1305438,7144,7107,51303,8,8,4,4,0.5,0.0,1.0,7,3,3,1.0
1286766,7144,7107,51303,8,8,4,4,0.5,0.0,1.0,7,3,3,1.0
1298416,7144,7107,51303,8,8,4,4,0.5,0.0,1.0,7,3,3,1.0
1288114,25088,25070,51518,8,8,4,4,0.5,0.0,1.0,7,3,3,1.0
1288113,25088,25070,51518,8,8,4,4,0.5,0.0,1.0,7,3,3,1.0
1288231,25088,25070,51518,8,8,4,4,0.5,0.0,1.0,7,3,3,1.0
1288112,25088,25070,51518,8,8,4,4,0.5,0.0,1.0,7,3,3,1.0
1298892,22926,22909,52155,8,8,4,4,0.5,0.0,1.0,7,3,3,1.0
1298890,22926,22909,52155,8,8,4,4,0.5,0.0,1.0,7,3,3,1.0
1298891,22926,22909,52155,8,8,4,4,0.5,0.0,1.0,7,3,3,1.0
1298893,22926,22909,52155,8,8,4,4,0.5,0.0,1.0,7,3,3,1.0
1300089,9063,9042,52451,8,8,4,4,0.5,0.0,1.0,7,3,3,1.0
1305473,9063,9042,52451,8,8,4,4,0.5,0.0,1.0,7,3,3,1.0
1305470,9063,9042,52451,8,8,4,4,0.5,0.0,1.0,7,3,3,1.0
1305472,9063,9042,52451,8,8,4,4,0.5,0.0,1.0,7,3,3,1.0
1000657,5573,5569,90,7,7,2,2,0.2857,0.0,1.0,6,3,3,1.0
1000655,5573,5569,90,7,7,2,2,0.2857,0.0,1.0,6,3,3,1.0
1015463,329279,11300,3713,7,7,2,2,0.2857,0.0,1.0,6,3,3,1.0
1182963,329279,11300,3713,7,7,2,2,0.2857,0.0,1.0,6,3,3,1.0
1011984,343883,11300,3713,7,7,2,2,0.2857,0.0,1.0,6,3,3,1.0
1285326,343883,11300,3713,7,7,2,2,0.2857,0.0,1.0,6,3,3,1.0
1285327,18009,17986,5130,7,7,2,2,0.2857,0.0,1.0,6,3,3,1.0
1281426,18009,17986,5130,7,7,2,2,0.2857,0.0,1.0,6,3,3,1.0
1090474,26089,15478,14110,7,7,3,3,0.4286,0.0,1.0,6,3,3,1.0
1060320,26089,15478,14110,7,7,3,3,0.4286,0.0,1.0,6,3,3,1.0
1090473,26089,15478,14110,7,7,3,3,0.4286,0.0,1.0,6,3,3,1.0
1188719,4288,4235,24674,7,7,3,3,0.4286,0.0,1.0,6,3,3,1.0
1175067,4288,4235,24674,7,7,3,3,0.4286,0.0,1.0,6,3,3,1.0
1175066,4288,4235,24674,7,7,3,3,0.4286,0.0,1.0,6,3,3,1.0
1203056,26989,18082,36418,7,7,3,3,0.4286,0.0,1.0,6,3,3,1.0
1202177,26989,18082,36418,7,7,3,3,0.4286,0.0,1.0,6,3,3,1.0
1203054,26989,18082,36418,7,7,3,3,0.4286,0.0,1.0,6,3,3,1.0
1207609,24724,19970,37462,7,7,3,3,0.4286,0.0,1.0,6,3,3,1.0
1207612,24724,19970,37462,7,7,3,3,0.4286,0.0,1.0,6,3,3,1.0
1174396,24724,19970,37462,7,7,3,3,0.4286,0.0,1.0,6,3,3,1.0
1229259,25050,12617,42145,7,7,2,2,0.2857,0.0,1.0,6,3,3,1.0
1200571,25050,12617,42145,7,7,2,2,0.2857,0.0,1.0,6,3,3,1.0
1208457,11690,11687,42721,7,7,3,3,0.4286,0.0,1.0,6,3,3,1.0
1208412,11690,11687,42721,7,7,3,3,0.4286,0.0,1.0,6,3,3,1.0
1208458,11690,11687,42721,7,7,3,3,0.4286,0.0,1.0,6,3,3,1.0
1288301,5453,5324,43957,7,7,2,2,0.2857,0.0,1.0,6,3,3,1.0
1306438,5453,5324,43957,7,7,2,2,0.2857,0.0,1.0,6,3,3,1.0
1311828,5450,5324,43957,7,7,2,2,0.2857,0.0,1.0,6,3,3,1.0
1311827,5450,5324,43957,7,7,2,2,0.2857,0.0,1.0,6,3,3,1.0
1282907,163196,153291,50936,7,7,2,2,0.2857,0.0,1.0,6,3,3,1.0
1282794,163196,153291,50936,7,7,2,2,0.2857,0.0,1.0,6,3,3,1.0
1282878,187515,153291,50936,7,7,2,2,0.2857,0.0,1.0,6,3,3,1.0
1282879,187515,153291,50936,7,7,2,2,0.2857,0.0,1.0,6,3,3,1.0
1003622,11542,11499,1039,6,6,3,3,0.5,0.0,1.0,5,3,3,1.0
1002534,11542,11499,1039,6,6,3,3,0.5,0.0,1.0,5,3,3,1.0
1002533,11542,11499,1039,6,6,3,3,0.5,0.0,1.0,5,3,3,1.0
1127814,14431,14416,2037,6,6,3,3,0.5,0.0,1.0,5,3,3,1.0
1112419,14431,14416,2037,6,6,3,3,0.5,0.0,1.0,5,3,3,1.0
1112417,14431,14416,2037,6,6,3,3,0.5,0.0,1.0,5,3,3,1.0
1110458,26612,17001,3218,6,6,3,3,0.5,0.0,1.0,5,3,3,1.0
1110500,26612,17001,3218,6,6,3,3,0.5,0.0,1.0,5,3,3,1.0
1110459,26612,17001,3218,6,6,3,3,0.5,0.0,1.0,5,3,3,1.0
1022493,24411,24406,6144,6,6,3,3,0.5,0.0,1.0,5,3,3,1.0
1022531,24411,24406,6144,6,6,3,3,0.5,0.0,1.0,5,3,3,1.0
1022530,24411,24406,6144,6,6,3,3,0.5,0.0,1.0,5,3,3,1.0
1121511,370207,993,7232,6,6,1,1,0.1667,0.0,1.0,5,3,3,1.0
1122539,370459,993,7232,6,6,1,1,0.1667,0.0,1.0,5,3,3,1.0
1027678,1008,993,7232,6,6,1,1,0.1667,0.0,1.0,5,3,3,1.0
1196859,1042,993,7232,6,6,1,1,0.1667,0.0,1.0,5,3,3,1.0
1122538,1035,993,7232,6,6,1,1,0.1667,0.0,1.0,5,3,3,1.0
1103830,16338,16309,8723,6,6,3,3,0.5,0.0,1.0,5,3,3,1.0
1103833,16338,16309,8723,6,6,3,3,0.5,0.0,1.0,5,3,3,1.0
1032710,16338,16309,8723,6,6,3,3,0.5,0.0,1.0,5,3,3,1.0
1044172,22169,6115,11226,6,6,3,3,0.5,0.0,1.0,5,3,3,1.0
1044178,22169,6115,11226,6,6,3,3,0.5,0.0,1.0,5,3,3,1.0
1044177,22169,6115,11226,6,6,3,3,0.5,0.0,1.0,5,3,3,1.0
1057200,370396,370395,13061,6,6,2,2,0.3333,0.0,1.0,5,3,3,1.0
1119892,370397,370395,13061,6,6,2,2,0.3333,0.0,1.0,5,3,3,1.0
1072334,370397,370395,13061,6,6,2,2,0.3333,0.0,1.0,5,3,3,1.0
1064989,370396,370395,13061,6,6,2,2,0.3333,0.0,1.0,5,3,3,1.0
1060169,26208,15867,13541,6,6,3,3,0.5,0.0,1.0,5,3,3,1.0
1059133,26208,15867,13541,6,6,3,3,0.5,0.0,1.0,5,3,3,1.0
1082994,26208,15867,13541,6,6,3,3,0.5,0.0,1.0,5,3,3,1.0
1076785,27267,19059,16430,6,6,3,3,0.5,0.0,1.0,5,3,3,1.0
1076786,27267,19059,16430,6,6,3,3,0.5,0.0,1.0,5,3,3,1.0
1076736,27267,19059,16430,6,6,3,3,0.5,0.0,1.0,5,3,3,1.0
1297604,238715,234237,17134,6,6,2,2,0.3333,0.0,1.0,5,3,3,1.0
1297563,238715,234237,17134,6,6,2,2,0.3333,0.0,1.0,5,3,3,1.0
1081077,95978,35166,18545,6,6,3,3,0.5,0.0,1.0,5,3,3,1.0
1081076,95978,35166,18545,6,6,3,3,0.5,0.0,1.0,5,3,3,1.0
1079501,95978,35166,18545,6,6,3,3,0.5,0.0,1.0,5,3,3,1.0
1164696,21333,21330,18856,6,6,3,3,0.5,0.0,1.0,5,3,3,1.0
1080813,21333,21330,18856,6,6,3,3,0.5,0.0,1.0,5,3,3,1.0
1157450,21333,21330,18856,6,6,3,3,0.5,0.0,1.0,5,3,3,1.0
1111043,1559,1483,19273,6,6,3,3,0.5,0.0,1.0,5,3,3,1.0
1082352,1559,1483,19273,6,6,3,3,0.5,0.0,1.0,5,3,3,1.0
1082355,1559,1483,19273,6,6,3,3,0.5,0.0,1.0,5,3,3,1.0
1084045,344699,235840,19839,6,6,1,1,0.1667,0.0,1.0,5,3,3,1.0
1084092,349643,235840,19839,6,6,1,1,0.1667,0.0,1.0,5,3,3,1.0
1084046,343420,235840,19839,6,6,1,1,0.1667,0.0,1.0,5,3,3,1.0
1084047,349579,235840,19839,6,6,1,1,0.1667,0.0,1.0,5,3,3,1.0
1084093,345325,235840,19839,6,6,1,1,0.1667,0.0,1.0,5,3,3,1.0
1113660,26727,17386,21884,6,6,3,3,0.5,0.0,1.0,5,3,3,1.0
1094035,26727,17386,21884,6,6,3,3,0.5,0.0,1.0,5,3,3,1.0
1106194,26727,17386,21884,6,6,3,3,0.5,0.0,1.0,5,3,3,1.0
1100292,16998,16962,23199,6,6,3,3,0.5,0.0,1.0,5,3,3,1.0
1100287,16998,16962,23199,6,6,3,3,0.5,0.0,1.0,5,3,3,1.0
1100291,16998,16962,23199,6,6,3,3,0.5,0.0,1.0,5,3,3,1.0
1100302,17037,17015,23207,6,6,3,3,0.5,0.0,1.0,5,3,3,1.0
1100312,17037,17015,23207,6,6,3,3,0.5,0.0,1.0,5,3,3,1.0
1100304,17037,17015,23207,6,6,3,3,0.5,0.0,1.0,5,3,3,1.0
1109070,16971,16928,24111,6,6,3,3,0.5,0.0,1.0,5,3,3,1.0
1109037,16971,16928,24111,6,6,3,3,0.5,0.0,1.0,5,3,3,1.0
1104383,16971,16928,24111,6,6,3,3,0.5,0.0,1.0,5,3,3,1.0
1104451,16958,16947,24130,6,6,3,3,0.5,0.0,1.0,5,3,3,1.0
1104453,16958,16947,24130,6,6,3,3,0.5,0.0,1.0,5,3,3,1.0
1110266,16958,16947,24130,6,6,3,3,0.5,0.0,1.0,5,3,3,1.0
1108844,16958,16947,24134,6,6,3,3,0.5,0.0,1.0,5,3,3,1.0
1108846,16958,16947,24134,6,6,3,3,0.5,0.0,1.0,5,3,3,1.0
1108845,16958,16947,24134,6,6,3,3,0.5,0.0,1.0,5,3,3,1.0
1105975,16995,16982,24519,6,6,3,3,0.5,0.0,1.0,5,3,3,1.0
1105974,16995,16982,24519,6,6,3,3,0.5,0.0,1.0,5,3,3,1.0
1105954,16995,16982,24519,6,6,3,3,0.5,0.0,1.0,5,3,3,1.0
1110494,17001,16971,24577,6,6,3,3,0.5,0.0,1.0,5,3,3,1.0
1110495,17001,16971,24577,6,6,3,3,0.5,0.0,1.0,5,3,3,1.0
1110442,17001,16971,24577,6,6,3,3,0.5,0.0,1.0,5,3,3,1.0
1111021,14683,14602,24878,6,6,3,3,0.5,0.0,1.0,5,3,3,1.0
1111018,14683,14602,24878,6,6,3,3,0.5,0.0,1.0,5,3,3,1.0
1109260,14683,14602,24878,6,6,3,3,0.5,0.0,1.0,5,3,3,1.0
1110018,27081,18146,25033,6,6,3,3,0.5,0.0,1.0,5,3,3,1.0
1110029,27081,18146,25033,6,6,3,3,0.5,0.0,1.0,5,3,3,1.0
1110030,27081,18146,25033,6,6,3,3,0.5,0.0,1.0,5,3,3,1.0
1110484,26612,17033,25140,6,6,3,3,0.5,0.0,1.0,5,3,3,1.0
1110486,26612,17033,25140,6,6,3,3,0.5,0.0,1.0,5,3,3,1.0
1110455,26612,17033,25140,6,6,3,3,0.5,0.0,1.0,5,3,3,1.0
1110474,17018,16995,25146,6,6,3,3,0.5,0.0,1.0,5,3,3,1.0
1110473,17018,16995,25146,6,6,3,3,0.5,0.0,1.0,5,3,3,1.0
1110510,17018,16995,25146,6,6,3,3,0.5,0.0,1.0,5,3,3,1.0
1110506,17033,17018,25150,6,6,3,3,0.5,0.0,1.0,5,3,3,1.0
1110490,17033,17018,25150,6,6,3,3,0.5,0.0,1.0,5,3,3,1.0
1110489,17033,17018,25150,6,6,3,3,0.5,0.0,1.0,5,3,3,1.0
1308008,7972,7938,25865,6,6,3,3,0.5,0.0,1.0,5,3,3,1.0
1309448,7972,7938,25865,6,6,3,3,0.5,0.0,1.0,5,3,3,1.0
1307976,7972,7938,25865,6,6,3,3,0.5,0.0,1.0,5,3,3,1.0
1285324,26640,17075,26853,6,6,1,1,0.1667,0.0,1.0,5,3,3,1.0
1120629,17149,17075,26853,6,6,1,1,0.1667,0.0,1.0,5,3,3,1.0
1306846,17078,17075,26853,6,6,1,1,0.1667,0.0,1.0,5,3,3,1.0
1285328,17137,17075,26853,6,6,1,1,0.1667,0.0,1.0,5,3,3,1.0
1224531,26652,17075,26853,6,6,1,1,0.1667,0.0,1.0,5,3,3,1.0
1127299,820,818,26926,6,6,3,3,0.5,0.0,1.0,5,3,3,1.0
1127302,820,818,26926,6,6,3,3,0.5,0.0,1.0,5,3,3,1.0
1174407,820,818,26926,6,6,3,3,0.5,0.0,1.0,5,3,3,1.0
1124508,13079,13012,27542,6,6,3,3,0.5,0.0,1.0,5,3,3,1.0
1123415,13079,13012,27542,6,6,3,3,0.5,0.0,1.0,5,3,3,1.0
1124506,13079,13012,27542,6,6,3,3,0.5,0.0,1.0,5,3,3,1.0
1301374,22421,22411,28939,6,6,3,3,0.5,0.0,1.0,5,3,3,1.0
1128245,22421,22411,28939,6,6,3,3,0.5,0.0,1.0,5,3,3,1.0
1301375,22421,22411,28939,6,6,3,3,0.5,0.0,1.0,5,3,3,1.0
1195574,284170,284164,31221,6,6,3,3,0.5,0.0,1.0,5,3,3,1.0
1205811,284170,284164,31221,6,6,3,3,0.5,0.0,1.0,5,3,3,1.0
1205812,284170,284164,31221,6,6,3,3,0.5,0.0,1.0,5,3,3,1.0
1146541,26048,15252,33130,6,6,3,3,0.5,0.0,1.0,5,3,3,1.0
1147508,26048,15252,33130,6,6,3,3,0.5,0.0,1.0,5,3,3,1.0
1146557,26048,15252,33130,6,6,3,3,0.5,0.0,1.0,5,3,3,1.0
1222228,12462,12435,34311,6,6,3,3,0.5,0.0,1.0,5,3,3,1.0
1222230,12462,12435,34311,6,6,3,3,0.5,0.0,1.0,5,3,3,1.0
1222231,12462,12435,34311,6,6,3,3,0.5,0.0,1.0,5,3,3,1.0
1235082,56931,56930,36292,6,6,3,3,0.5,0.0,1.0,5,3,3,1.0
1167130,56931,56930,36292,6,6,3,3,0.5,0.0,1.0,5,3,3,1.0
1185603,56931,56930,36292,6,6,3,3,0.5,0.0,1.0,5,3,3,1.0
1183625,18648,18615,36314,6,6,3,3,0.5,0.0,1.0,5,3,3,1.0
1186227,18648,18615,36314,6,6,3,3,0.5,0.0,1.0,5,3,3,1.0
1167207,18648,18615,36314,6,6,3,3,0.5,0.0,1.0,5,3,3,1.0
1176157,2880,2841,37923,6,6,3,3,0.5,0.0,1.0,5,3,3,1.0
1176165,2880,2841,37923,6,6,3,3,0.5,0.0,1.0,5,3,3,1.0
1176166,2880,2841,37923,6,6,3,3,0.5,0.0,1.0,5,3,3,1.0
1179267,1457,1427,38751,6,6,3,3,0.5,0.0,1.0,5,3,3,1.0
1179290,1457,1427,38751,6,6,3,3,0.5,0.0,1.0,5,3,3,1.0
1179291,1457,1427,38751,6,6,3,3,0.5,0.0,1.0,5,3,3,1.0
1180261,16434,16390,38952,6,6,3,3,0.5,0.0,1.0,5,3,3,1.0
1180263,16434,16390,38952,6,6,3,3,0.5,0.0,1.0,5,3,3,1.0
1180262,16434,16390,38952,6,6,3,3,0.5,0.0,1.0,5,3,3,1.0
1180877,4250,4248,39052,6,6,2,2,0.3333,0.0,1.0,5,3,3,1.0
1180879,4250,4248,39052,6,6,2,2,0.3333,0.0,1.0,5,3,3,1.0
1188707,16429,16408,39132,6,6,3,3,0.5,0.0,1.0,5,3,3,1.0
1188708,16429,16408,39132,6,6,3,3,0.5,0.0,1.0,5,3,3,1.0
1188712,16429,16408,39132,6,6,3,3,0.5,0.0,1.0,5,3,3,1.0
1188541,21148,3084,39425,6,6,3,3,0.5,0.0,1.0,5,3,3,1.0
1184410,21148,3084,39425,6,6,3,3,0.5,0.0,1.0,5,3,3,1.0
1188539,21148,3084,39425,6,6,3,3,0.5,0.0,1.0,5,3,3,1.0
1185899,19564,19559,39741,6,6,3,3,0.5,0.0,1.0,5,3,3,1.0
1185890,19564,19559,39741,6,6,3,3,0.5,0.0,1.0,5,3,3,1.0
1185892,19564,19559,39741,6,6,3,3,0.5,0.0,1.0,5,3,3,1.0
1189699,344378,4388,40338,6,6,3,3,0.5,0.0,1.0,5,3,3,1.0
1189701,344378,4388,40338,6,6,3,3,0.5,0.0,1.0,5,3,3,1.0
1189413,344378,4388,40338,6,6,3,3,0.5,0.0,1.0,5,3,3,1.0
1189412,344378,344377,40339,6,6,3,3,0.5,0.0,1.0,5,3,3,1.0
1189411,344378,344377,40339,6,6,3,3,0.5,0.0,1.0,5,3,3,1.0
1189402,344378,344377,40339,6,6,3,3,0.5,0.0,1.0,5,3,3,1.0
1190005,26013,15076,40419,6,6,3,3,0.5,0.0,1.0,5,3,3,1.0
1203133,26013,15076,40419,6,6,3,3,0.5,0.0,1.0,5,3,3,1.0
1190002,26013,15076,40419,6,6,3,3,0.5,0.0,1.0,5,3,3,1.0
1229428,10704,10599,41367,6,6,2,2,0.3333,0.0,1.0,5,3,3,1.0
1229427,10704,10599,41367,6,6,2,2,0.3333,0.0,1.0,5,3,3,1.0
1222530,11757,11694,42116,6,6,3,3,0.5,0.0,1.0,5,3,3,1.0
1219076,11757,11694,42116,6,6,3,3,0.5,0.0,1.0,5,3,3,1.0
1200465,11757,11694,42116,6,6,3,3,0.5,0.0,1.0,5,3,3,1.0
1202428,27171,5032,42504,6,6,3,3,0.5,0.0,1.0,5,3,3,1.0
1219871,27171,5032,42504,6,6,3,3,0.5,0.0,1.0,5,3,3,1.0
1220493,27171,5032,42504,6,6,3,3,0.5,0.0,1.0,5,3,3,1.0
1202513,26950,17934,42509,6,6,3,3,0.5,0.0,1.0,5,3,3,1.0
1202460,26950,17934,42509,6,6,3,3,0.5,0.0,1.0,5,3,3,1.0
1202461,26950,17934,42509,6,6,3,3,0.5,0.0,1.0,5,3,3,1.0
1266927,23990,23975,47370,6,6,3,3,0.5,0.0,1.0,5,3,3,1.0
1299801,23990,23975,47370,6,6,3,3,0.5,0.0,1.0,5,3,3,1.0
1266928,23990,23975,47370,6,6,3,3,0.5,0.0,1.0,5,3,3,1.0
1271971,23589,9247,47686,6,6,2,2,0.3333,0.0,1.0,5,3,3,1.0
1268111,23589,9247,47686,6,6,2,2,0.3333,0.0,1.0,5,3,3,1.0
1272028,9264,9247,47686,6,6,2,2,0.3333,0.0,1.0,5,3,3,1.0
1272027,9264,9247,47686,6,6,2,2,0.3333,0.0,1.0,5,3,3,1.0
1305284,22946,7979,48180,6,6,3,3,0.5,0.0,1.0,5,3,3,1.0
1305285,22946,7979,48180,6,6,3,3,0.5,0.0,1.0,5,3,3,1.0
1305283,22946,7979,48180,6,6,3,3,0.5,0.0,1.0,5,3,3,1.0
1273025,14108,14095,48642,6,6,2,2,0.3333,0.0,1.0,5,3,3,1.0
1273005,14108,14095,48642,6,6,2,2,0.3333,0.0,1.0,5,3,3,1.0
1273024,25625,14095,48642,6,6,2,2,0.3333,0.0,1.0,5,3,3,1.0
1273023,25625,14095,48642,6,6,2,2,0.3333,0.0,1.0,5,3,3,1.0
1299598,26764,17478,50002,6,6,2,2,0.3333,0.0,1.0,5,3,3,1.0
1279439,26764,17478,50002,6,6,2,2,0.3333,0.0,1.0,5,3,3,1.0
1283037,17880,17873,50689,6,6,3,3,0.5,0.0,1.0,5,3,3,1.0
1283004,17880,17873,50689,6,6,3,3,0.5,0.0,1.0,5,3,3,1.0
1283001,17880,17873,50689,6,6,3,3,0.5,0.0,1.0,5,3,3,1.0
1309263,8292,8291,52523,6,6,3,3,0.5,0.0,1.0,5,3,3,1.0
1309264,8292,8291,52523,6,6,3,3,0.5,0.0,1.0,5,3,3,1.0
1309265,8292,8291,52523,6,6,3,3,0.5,0.0,1.0,5,3,3,1.0
1307596,8042,8024,53812,6,6,3,3,0.5,0.0,1.0,5,3,3,1.0
1308304,8042,8024,53812,6,6,3,3,0.5,0.0,1.0,5,3,3,1.0
1308305,8042,8024,53812,6,6,3,3,0.5,0.0,1.0,5,3,3,1.0
1307619,8069,8042,53815,6,6,3,3,0.5,0.0,1.0,5,3,3,1.0
1307618,8069,8042,53815,6,6,3,3,0.5,0.0,1.0,5,3,3,1.0
1308293,8069,8042,53815,6,6,3,3,0.5,0.0,1.0,5,3,3,1.0
1311493,7776,7769,54341,6,6,3,3,0.5,0.0,1.0,5,3,3,1.0
1311470,7776,7769,54341,6,6,3,3,0.5,0.0,1.0,5,3,3,1.0
1311492,7776,7769,54341,6,6,3,3,0.5,0.0,1.0,5,3,3,1.0
1081789,69090,2476,19061,5,5,2,2,0.4,0.0,1.0,4,3,3,1.0
1081788,69090,2476,19061,5,5,2,2,0.4,0.0,1.0,4,3,3,1.0
1091901,400895,344907,20500,5,5,1,1,0.2,0.0,1.0,4,3,3,1.0
1156708,449147,344907,20500,5,5,1,1,0.2,0.0,1.0,4,3,3,1.0
1133429,400940,344907,20500,5,5,1,1,0.2,0.0,1.0,4,3,3,1.0
1090004,390906,344907,20500,5,5,1,1,0.2,0.0,1.0,4,3,3,1.0
1181381,214717,214715,22717,5,5,2,2,0.4,0.0,1.0,4,3,3,1.0
1181372,214717,214715,22717,5,5,2,2,0.4,0.0,1.0,4,3,3,1.0
1270072,10126,10108,22836,5,5,1,1,0.2,0.0,1.0,4,3,3,1.0
1270071,24030,10108,22836,5,5,1,1,0.2,0.0,1.0,4,3,3,1.0
1271902,10157,10108,22836,5,5,1,1,0.2,0.0,1.0,4,3,3,1.0
1270073,10142,10108,22836,5,5,1,1,0.2,0.0,1.0,4,3,3,1.0
1098282,25271,25235,22858,5,5,2,2,0.4,0.0,1.0,4,3,3,1.0
1288988,25271,25235,22858,5,5,2,2,0.4,0.0,1.0,4,3,3,1.0
1109830,14341,14268,24988,5,5,2,2,0.4,0.0,1.0,4,3,3,1.0
1109782,14341,14268,24988,5,5,2,2,0.4,0.0,1.0,4,3,3,1.0
1114619,12897,12712,26137,5,5,1,1,0.2,0.0,1.0,4,3,3,1.0
1121066,12857,12712,26137,5,5,1,1,0.2,0.0,1.0,4,3,3,1.0
1218576,128300,12712,26137,5,5,1,1,0.2,0.0,1.0,4,3,3,1.0
1120956,148813,12712,26137,5,5,1,1,0.2,0.0,1.0,4,3,3,1.0
1198479,9370,9362,26870,5,5,2,2,0.4,0.0,1.0,4,3,3,1.0
1198866,9370,9362,26870,5,5,2,2,0.4,0.0,1.0,4,3,3,1.0
1121460,20043,1301,26972,5,5,2,2,0.4,0.0,1.0,4,3,3,1.0
1121522,20043,1301,26972,5,5,2,2,0.4,0.0,1.0,4,3,3,1.0
1126841,16214,16156,28379,5,5,2,2,0.4,0.0,1.0,4,3,3,1.0
1178134,16214,16156,28379,5,5,2,2,0.4,0.0,1.0,4,3,3,1.0
1275914,7984,331,48693,5,5,2,2,0.4,0.0,1.0,4,3,3,1.0
1273243,7984,331,48693,5,5,2,2,0.4,0.0,1.0,4,3,3,1.0
1312189,7622,7619,49022,5,5,2,2,0.4,0.0,1.0,4,3,3,1.0
1311857,7622,7619,49022,5,5,2,2,0.4,0.0,1.0,4,3,3,1.0
1277218,17183,4682,49417,5,5,2,2,0.4,0.0,1.0,4,3,3,1.0
1277217,17183,4682,49417,5,5,2,2,0.4,0.0,1.0,4,3,3,1.0
1000681,5564,5555,71,4,4,1,1,0.25,0.0,1.0,3,3,3,1.0
1000680,58523,5555,71,4,4,1,1,0.25,0.0,1.0,3,3,3,1.0
1000622,5565,5555,71,4,4,1,1,0.25,0.0,1.0,3,3,3,1.0
1000892,5474,5472,228,4,4,2,2,0.5,0.0,1.0,3,3,3,1.0
1003686,5474,5472,228,4,4,2,2,0.5,0.0,1.0,3,3,3,1.0
1007057,30364,24069,2203,4,4,2,2,0.5,0.0,1.0,3,3,3,1.0
1007054,30364,24069,2203,4,4,2,2,0.5,0.0,1.0,3,3,3,1.0
1073872,370398,370397,3436,4,4,2,2,0.5,0.0,1.0,3,3,3,1.0
1097778,370398,370397,3436,4,4,2,2,0.5,0.0,1.0,3,3,3,1.0
1059301,9714,9628,3723,4,4,2,2,0.5,0.0,1.0,3,3,3,1.0
1012546,9714,9628,3723,4,4,2,2,0.5,0.0,1.0,3,3,3,1.0
1036574,22342,6626,3795,4,4,2,2,0.5,0.0,1.0,3,3,3,1.0
1028062,22342,6626,3795,4,4,2,2,0.5,0.0,1.0,3,3,3,1.0
1014512,227518,3224,4732,4,4,2,2,0.5,0.0,1.0,3,3,3,1.0
1157961,227518,3224,4732,4,4,2,2,0.5,0.0,1.0,3,3,3,1.0
1015378,344373,16818,5084,4,4,2,2,0.5,0.0,1.0,3,3,3,1.0
1107787,344373,16818,5084,4,4,2,2,0.5,0.0,1.0,3,3,3,1.0
1022849,11017,11009,6233,4,4,2,2,0.5,0.0,1.0,3,3,3,1.0
1022896,11017,11009,6233,4,4,2,2,0.5,0.0,1.0,3,3,3,1.0
1048786,11997,11987,6881,4,4,2,2,0.5,0.0,1.0,3,3,3,1.0
1025753,11997,11987,6881,4,4,2,2,0.5,0.0,1.0,3,3,3,1.0
1068024,400927,130219,8107,4,4,2,2,0.5,0.0,1.0,3,3,3,1.0
1030439,400927,130219,8107,4,4,2,2,0.5,0.0,1.0,3,3,3,1.0
1047467,292160,292157,9287,4,4,2,2,0.5,0.0,1.0,3,3,3,1.0
1035212,292160,292157,9287,4,4,2,2,0.5,0.0,1.0,3,3,3,1.0
1036695,7871,7837,9582,4,4,2,2,0.5,0.0,1.0,3,3,3,1.0
1041361,7871,7837,9582,4,4,2,2,0.5,0.0,1.0,3,3,3,1.0
1073887,179198,179197,12904,4,4,2,2,0.5,0.0,1.0,3,3,3,1.0
1097765,179198,179197,12904,4,4,2,2,0.5,0.0,1.0,3,3,3,1.0
1062661,281926,268478,14660,4,4,2,2,0.5,0.0,1.0,3,3,3,1.0
1062660,281926,268478,14660,4,4,2,2,0.5,0.0,1.0,3,3,3,1.0
1220412,18457,18444,16298,4,4,2,2,0.5,0.0,1.0,3,3,3,1.0
1083112,18457,18444,16298,4,4,2,2,0.5,0.0,1.0,3,3,3,1.0
1250778,22271,7,16897,4,4,2,2,0.5,0.0,1.0,3,3,3,1.0
1133193,22271,7,16897,4,4,2,2,0.5,0.0,1.0,3,3,3,1.0
1219578,21513,21494,17074,4,4,2,2,0.5,0.0,1.0,3,3,3,1.0
1219577,21513,21494,17074,4,4,2,2,0.5,0.0,1.0,3,3,3,1.0
1091712,26839,17709,18386,4,4,1,1,0.25,0.0,1.0,3,3,3,1.0
1100010,17766,17709,18386,4,4,1,1,0.25,0.0,1.0,3,3,3,1.0
1155209,26716,17709,18386,4,4,1,1,0.25,0.0,1.0,3,3,3,1.0
1109866,15794,15749,18964,4,4,2,2,0.5,0.0,1.0,3,3,3,1.0
1081373,15794,15749,18964,4,4,2,2,0.5,0.0,1.0,3,3,3,1.0
1198183,24339,24317,19527,4,4,2,2,0.5,0.0,1.0,3,3,3,1.0
1198185,24339,24317,19527,4,4,2,2,0.5,0.0,1.0,3,3,3,1.0
1089265,14951,2857,20195,4,4,2,2,0.5,0.0,1.0,3,3,3,1.0
1090123,14951,2857,20195,4,4,2,2,0.5,0.0,1.0,3,3,3,1.0
1090484,15389,15385,20622,4,4,2,2,0.5,0.0,1.0,3,3,3,1.0
1090487,15389,15385,20622,4,4,2,2,0.5,0.0,1.0,3,3,3,1.0
1092464,18356,18341,21431,4,4,2,2,0.5,0.0,1.0,3,3,3,1.0
1137420,18356,18341,21431,4,4,2,2,0.5,0.0,1.0,3,3,3,1.0
1109932,4499,4448,24855,4,4,2,2,0.5,0.0,1.0,3,3,3,1.0
1109933,4499,4448,24855,4,4,2,2,0.5,0.0,1.0,3,3,3,1.0
1119247,473039,473038,26715,4,4,2,2,0.5,0.0,1.0,3,3,3,1.0
1119210,473039,473038,26715,4,4,2,2,0.5,0.0,1.0,3,3,3,1.0
1127568,27185,18616,28668,4,4,2,2,0.5,0.0,1.0,3,3,3,1.0
1299874,27185,18616,28668,4,4,2,2,0.5,0.0,1.0,3,3,3,1.0
1131227,302716,123,29652,4,4,2,2,0.5,0.0,1.0,3,3,3,1.0
1249967,302716,123,29652,4,4,2,2,0.5,0.0,1.0,3,3,3,1.0
1312546,274241,274240,30371,4,4,2,2,0.5,0.0,1.0,3,3,3,1.0
1133218,274241,274240,30371,4,4,2,2,0.5,0.0,1.0,3,3,3,1.0
1178113,74534,2091,30597,4,4,2,2,0.5,0.0,1.0,3,3,3,1.0
1178112,74534,2091,30597,4,4,2,2,0.5,0.0,1.0,3,3,3,1.0
1136512,344076,299200,31371,4,4,2,2,0.5,0.0,1.0,3,3,3,1.0
1136235,344076,299200,31371,4,4,2,2,0.5,0.0,1.0,3,3,3,1.0
1150586,2703,2680,33274,4,4,2,2,0.5,0.0,1.0,3,3,3,1.0
1147181,2703,2680,33274,4,4,2,2,0.5,0.0,1.0,3,3,3,1.0
1283328,20102,1411,34150,4,4,2,2,0.5,0.0,1.0,3,3,3,1.0
1153142,20102,1411,34150,4,4,2,2,0.5,0.0,1.0,3,3,3,1.0
1165783,376684,3058,35408,4,4,2,2,0.5,0.0,1.0,3,3,3,1.0
1165258,376684,3058,35408,4,4,2,2,0.5,0.0,1.0,3,3,3,1.0
1195378,383451,21395,36776,4,4,1,1,0.25,0.0,1.0,3,3,3,1.0
1215688,343964,21395,36776,4,4,1,1,0.25,0.0,1.0,3,3,3,1.0
1206338,343965,21395,36776,4,4,1,1,0.25,0.0,1.0,3,3,3,1.0
1202459,26956,17939,37511,4,4,2,2,0.5,0.0,1.0,3,3,3,1.0
1174723,26956,17939,37511,4,4,2,2,0.5,0.0,1.0,3,3,3,1.0
1175917,25528,13759,37861,4,4,2,2,0.5,0.0,1.0,3,3,3,1.0
1175918,25528,13759,37861,4,4,2,2,0.5,0.0,1.0,3,3,3,1.0
1184529,26956,17963,39455,4,4,2,2,0.5,0.0,1.0,3,3,3,1.0
1184528,26956,17963,39455,4,4,2,2,0.5,0.0,1.0,3,3,3,1.0
1219487,3293,3267,40429,4,4,2,2,0.5,0.0,1.0,3,3,3,1.0
1219484,3293,3267,40429,4,4,2,2,0.5,0.0,1.0,3,3,3,1.0
1225068,24376,10777,41351,4,4,2,2,0.5,0.0,1.0,3,3,3,1.0
1197920,24376,10777,41351,4,4,2,2,0.5,0.0,1.0,3,3,3,1.0
1198184,24348,10739,41424,4,4,2,2,0.5,0.0,1.0,3,3,3,1.0
1198121,24348,10739,41424,4,4,2,2,0.5,0.0,1.0,3,3,3,1.0
1221661,271047,165117,42311,4,4,2,2,0.5,0.0,1.0,3,3,3,1.0
1201870,271047,165117,42311,4,4,2,2,0.5,0.0,1.0,3,3,3,1.0
1222546,12612,12598,45129,4,4,2,2,0.5,0.0,1.0,3,3,3,1.0
1222545,12612,12598,45129,4,4,2,2,0.5,0.0,1.0,3,3,3,1.0
1274286,12631,12602,48895,4,4,1,1,0.25,0.0,1.0,3,3,3,1.0
1286656,25068,12602,48895,4,4,1,1,0.25,0.0,1.0,3,3,3,1.0
1274279,25150,12602,48895,4,4,1,1,0.25,0.0,1.0,3,3,3,1.0
1307817,370388,84132,49133,4,4,2,2,0.5,0.0,1.0,3,3,3,1.0
1304708,370388,84132,49133,4,4,2,2,0.5,0.0,1.0,3,3,3,1.0
1298733,18641,18634,50138,4,4,2,2,0.5,0.0,1.0,3,3,3,1.0
1298732,18641,18634,50138,4,4,2,2,0.5,0.0,1.0,3,3,3,1.0
1288884,4219,4182,50845,4,4,2,2,0.5,0.0,1.0,3,3,3,1.0
1282385,4219,4182,50845,4,4,2,2,0.5,0.0,1.0,3,3,3,1.0
1288570,359595,26630,51352,4,4,2,2,0.5,0.0,1.0,3,3,3,1.0
1286999,359595,26630,51352,4,4,2,2,0.5,0.0,1.0,3,3,3,1.0
1298430,60,48,52078,4,4,2,2,0.5,0.0,1.0,3,3,3,1.0
1298431,60,48,52078,4,4,2,2,0.5,0.0,1.0,3,3,3,1.0
1002278,368,360,316,3,3,1,1,0.3333,0.0,1.0,2,3,3,1.0
1001074,374,360,316,3,3,1,1,0.3333,0.0,1.0,2,3,3,1.0
1009120,420267,415483,2840,3,3,1,1,0.3333,0.0,1.0,2,3,3,1.0
1138579,420268,415483,2840,3,3,1,1,0.3333,0.0,1.0,2,3,3,1.0
1309690,8167,8128,17132,3,3,1,1,0.3333,0.0,1.0,2,3,3,1.0
1073676,66221,8128,17132,3,3,1,1,0.3333,0.0,1.0,2,3,3,1.0
1133280,99818,14994,19358,3,3,1,1,0.3333,0.0,1.0,2,3,3,1.0
1130670,214722,14994,19358,3,3,1,1,0.3333,0.0,1.0,2,3,3,1.0
1128933,383788,383787,22414,3,3,1,1,0.3333,0.0,1.0,2,3,3,1.0
1133262,383790,383787,22414,3,3,1,1,0.3333,0.0,1.0,2,3,3,1.0
1096603,434689,39003,22538,3,3,1,1,0.3333,0.0,1.0,2,3,3,1.0
1307266,321916,39003,22538,3,3,1,1,0.3333,0.0,1.0,2,3,3,1.0
1148324,25718,2656,25369,3,3,1,1,0.3333,0.0,1.0,2,3,3,1.0
1111587,25759,2656,25369,3,3,1,1,0.3333,0.0,1.0,2,3,3,1.0
1113677,27164,18448,25927,3,3,1,1,0.3333,0.0,1.0,2,3,3,1.0
1113676,18495,18448,25927,3,3,1,1,0.3333,0.0,1.0,2,3,3,1.0
1152911,21276,3244,26890,3,3,1,1,0.3333,0.0,1.0,2,3,3,1.0
1158573,21244,3244,26890,3,3,1,1,0.3333,0.0,1.0,2,3,3,1.0
1163424,6502,6417,29746,3,3,1,1,0.3333,0.0,1.0,2,3,3,1.0
1309776,269129,6417,29746,3,3,1,1,0.3333,0.0,1.0,2,3,3,1.0
1233009,439454,26614,31324,5,3,1,1,0.3333,0.0,1.0,4,3,3,1.0
1232997,439456,26614,31324,5,3,1,1,0.3333,0.0,1.0,4,3,3,1.0
1152978,26201,15861,32676,3,3,1,1,0.3333,0.0,1.0,2,3,3,1.0
1146897,26236,15861,32676,3,3,1,1,0.3333,0.0,1.0,2,3,3,1.0
1218059,287678,11958,34227,3,3,1,1,0.3333,0.0,1.0,2,3,3,1.0
1217867,12010,11958,34227,3,3,1,1,0.3333,0.0,1.0,2,3,3,1.0
1153390,375259,19665,34317,3,3,1,1,0.3333,0.0,1.0,2,3,3,1.0
1191343,259516,19665,34317,3,3,1,1,0.3333,0.0,1.0,2,3,3,1.0
1164097,15519,3574,35626,3,3,1,1,0.3333,0.0,1.0,2,3,3,1.0
1186803,26122,3574,35626,3,3,1,1,0.3333,0.0,1.0,2,3,3,1.0
1201192,23789,9592,41833,3,3,1,1,0.3333,0.0,1.0,2,3,3,1.0
1201193,9635,9592,41833,3,3,1,1,0.3333,0.0,1.0,2,3,3,1.0
1203530,378031,10520,42675,3,3,1,1,0.3333,0.0,1.0,2,3,3,1.0
1208415,139205,10520,42675,3,3,1,1,0.3333,0.0,1.0,2,3,3,1.0
1205538,20052,13419,42736,3,3,1,1,0.3333,0.0,1.0,2,3,3,1.0
1207275,13448,13419,42736,3,3,1,1,0.3333,0.0,1.0,2,3,3,1.0
1299776,349653,50844,43875,3,3,1,1,0.3333,0.0,1.0,2,3,3,1.0
1215982,50845,50844,43875,3,3,1,1,0.3333,0.0,1.0,2,3,3,1.0
1269340,390721,243520,46938,3,3,1,1,0.3333,0.0,1.0,2,3,3,1.0
1265287,281915,243520,46938,3,3,1,1,0.3333,0.0,1.0,2,3,3,1.0
1280918,161276,3338,48510,3,3,1,1,0.3333,0.0,1.0,2,3,3,1.0
1297781,15258,3338,48510,3,3,1,1,0.3333,0.0,1.0,2,3,3,1.0
1272200,190087,3338,48512,3,3,1,1,0.3333,0.0,1.0,2,3,3,1.0
1272199,161275,3338,48512,3,3,1,1,0.3333,0.0,1.0,2,3,3,1.0
1304592,376459,375710,49815,3,3,1,1,0.3333,0.0,1.0,2,3,3,1.0
1278790,536283,375710,49815,3,3,1,1,0.3333,0.0,1.0,2,3,3,1.0
1285956,18078,4969,51108,3,3,1,1,0.3333,0.0,1.0,2,3,3,1.0
1306691,4973,4969,51108,3,3,1,1,0.3333,0.0,1.0,2,3,3,1.0
1286474,6,2,51214,3,3,1,1,0.3333,0.0,1.0,2,3,3,1.0
1286489,8,2,51214,3,3,1,1,0.3333,0.0,1.0,2,3,3,1.0
1288993,25115,25066,51680,3,3,1,1,0.3333,0.0,1.0,2,3,3,1.0
1289032,25172,25066,51680,3,3,1,1,0.3333,0.0,1.0,2,3,3,1.0
1202843,264643,31358,0,2,2,1,1,0.5,0.0,1.0,1,3,3,1.0
1006071,24292,10671,34,2,2,1,1,0.5,0.0,1.0,1,3,3,1.0
1000734,5522,5520,132,2,2,1,1,0.5,0.0,1.0,1,3,3,1.0
1000804,171195,7771,182,2,2,1,1,0.5,0.0,1.0,1,3,3,1.0
1001987,449260,85736,209,2,2,1,1,0.5,0.0,1.0,1,3,3,1.0
1001075,374,355,318,2,2,1,1,0.5,0.0,1.0,1,3,3,1.0
1001096,400,388,331,2,2,1,1,0.5,0.0,1.0,1,3,3,1.0
1002332,658,645,366,2,2,1,1,0.5,0.0,1.0,1,3,3,1.0
1001206,19831,405,394,2,2,1,1,0.5,0.0,1.0,1,3,3,1.0
1001252,19804,290,413,2,2,1,1,0.5,0.0,1.0,1,3,3,1.0
1001659,19798,264,430,2,2,1,1,0.5,0.0,1.0,1,3,3,1.0
1001292,286,282,432,2,2,1,1,0.5,0.0,1.0,1,3,3,1.0
1005463,19843,438,474,2,2,1,1,0.5,0.0,1.0,1,3,3,1.0
1002578,19834,418,477,2,2,1,1,0.5,0.0,1.0,1,3,3,1.0
1001407,19843,438,481,2,2,1,1,0.5,0.0,1.0,1,3,3,1.0
1001532,766,732,543,2,2,1,1,0.5,0.0,1.0,1,3,3,1.0
1001692,341,323,595,2,2,1,1,0.5,0.0,1.0,1,3,3,1.0
1001789,19831,405,655,2,2,1,1,0.5,0.0,1.0,1,3,3,1.0
1001808,87331,727,663,2,2,1,1,0.5,0.0,1.0,1,3,3,1.0
1001815,428,362,667,2,2,1,1,0.5,0.0,1.0,1,3,3,1.0
1001824,309,305,674,2,2,1,1,0.5,0.0,1.0,1,3,3,1.0
1002092,9403,454,805,2,2,1,1,0.5,0.0,1.0,1,3,3,1.0
1002282,53724,10912,903,2,2,1,1,0.5,0.0,1.0,1,3,3,1.0
1002304,648,641,905,2,2,1,1,0.5,0.0,1.0,1,3,3,1.0
1007742,661,650,930,2,2,1,1,0.5,0.0,1.0,1,3,3,1.0
1002451,343741,343740,1001,2,2,1,1,0.5,0.0,1.0,1,3,3,1.0
1002677,20780,20760,1117,2,2,1,1,0.5,0.0,1.0,1,3,3,1.0
1002932,10486,10430,1186,2,2,1,1,0.5,0.0,1.0,1,3,3,1.0
1005869,21884,21883,1287,2,2,1,1,0.5,0.0,1.0,1,3,3,1.0
1005505,83808,5478,1295,2,2,1,1,0.5,0.0,1.0,1,3,3,1.0
1004092,58203,33262,1402,2,2,1,1,0.5,0.0,1.0,1,3,3,1.0
1190755,21426,3708,1574,2,2,1,1,0.5,0.0,1.0,1,3,3,1.0
1005912,5480,5479,1861,2,2,1,1,0.5,0.0,1.0,1,3,3,1.0
1005523,21875,21874,1886,2,2,1,1,0.5,0.0,1.0,1,3,3,1.0
1005923,15946,15936,2032,2,2,1,1,0.5,0.0,1.0,1,3,3,1.0
1006725,536540,3421,2230,2,2,1,1,0.5,0.0,1.0,1,3,3,1.0
1006794,10317,10245,2252,2,2,1,1,0.5,0.0,1.0,1,3,3,1.0
1009171,158740,677,2518,2,2,1,1,0.5,0.0,1.0,1,3,3,1.0
1013844,324,317,2539,2,2,1,1,0.5,0.0,1.0,1,3,3,1.0
1007839,689,681,2557,2,2,1,1,0.5,0.0,1.0,1,3,3,1.0
1012902,11782,11770,2710,2,2,1,1,0.5,0.0,1.0,1,3,3,1.0
1073653,536045,391292,3047,2,2,1,1,0.5,0.0,1.0,1,3,3,1.0
1011287,349565,343179,3335,2,2,1,1,0.5,0.0,1.0,1,3,3,1.0
1018943,7205,7202,3405,2,2,1,1,0.5,0.0,1.0,1,3,3,1.0
1130659,349899,344587,3454,2,2,1,1,0.5,0.0,1.0,1,3,3,1.0
1011896,19867,9705,3657,2,2,1,1,0.5,0.0,1.0,1,3,3,1.0
1011964,391165,26398,3699,2,2,1,1,0.5,0.0,1.0,1,3,3,1.0
1012909,69412,11823,3718,2,2,1,1,0.5,0.0,1.0,1,3,3,1.0
1012552,359581,81565,3725,2,2,1,1,0.5,0.0,1.0,1,3,3,1.0
1012753,24170,24139,3816,2,2,1,1,0.5,0.0,1.0,1,3,3,1.0
1068816,5801,5796,3899,2,2,1,1,0.5,0.0,1.0,1,3,3,1.0
1013194,6282,6245,4143,2,2,1,1,0.5,0.0,1.0,1,3,3,1.0
1015169,289597,3936,5039,2,2,1,1,0.5,0.0,1.0,1,3,3,1.0
1015490,15904,15891,5125,2,2,1,1,0.5,0.0,1.0,1,3,3,1.0
1090031,85411,21163,5136,2,2,1,1,0.5,0.0,1.0,1,3,3,1.0
1277021,312315,110073,5433,2,2,1,1,0.5,0.0,1.0,1,3,3,1.0
1148902,343612,47020,6118,2,2,1,1,0.5,0.0,1.0,1,3,3,1.0
1028533,74204,10730,7283,2,2,1,1,0.5,0.0,1.0,1,3,3,1.0
1028541,15374,15360,7508,2,2,1,1,0.5,0.0,1.0,1,3,3,1.0
1158344,21500,21493,12373,2,2,1,1,0.5,0.0,1.0,1,3,3,1.0
1053001,377211,4227,12380,2,2,1,1,0.5,0.0,1.0,1,3,3,1.0
1053016,343963,3588,12394,2,2,1,1,0.5,0.0,1.0,1,3,3,1.0
1132046,130219,97884,12424,2,2,1,1,0.5,0.0,1.0,1,3,3,1.0
1053063,24621,11404,12430,2,2,1,1,0.5,0.0,1.0,1,3,3,1.0
1153039,3706,3667,12437,2,2,1,1,0.5,0.0,1.0,1,3,3,1.0
1055680,123505,120304,12818,2,2,1,1,0.5,0.0,1.0,1,3,3,1.0
1056400,537211,536253,12901,2,2,1,1,0.5,0.0,1.0,1,3,3,1.0
1285860,350047,61412,13795,2,2,1,1,0.5,0.0,1.0,1,3,3,1.0
1059643,18197,18171,13836,2,2,1,1,0.5,0.0,1.0,1,3,3,1.0
1068457,125100,5697,14232,2,2,1,1,0.5,0.0,1.0,1,3,3,1.0
1062760,21970,5669,14708,2,2,1,1,0.5,0.0,1.0,1,3,3,1.0
1066154,384171,349566,15095,2,2,1,1,0.5,0.0,1.0,1,3,3,1.0
1068872,191684,191683,15191,2,2,1,1,0.5,0.0,1.0,1,3,3,1.0
1074787,139195,123822,15311,2,2,1,1,0.5,0.0,1.0,1,3,3,1.0
1067502,370363,5840,15410,2,2,1,1,0.5,0.0,1.0,1,3,3,1.0
1133654,365326,199035,15448,2,2,1,1,0.5,0.0,1.0,1,3,3,1.0
1246063,5930,5914,15479,2,2,1,1,0.5,0.0,1.0,1,3,3,1.0
1136097,5831,5782,15480,2,2,1,1,0.5,0.0,1.0,1,3,3,1.0
1077522,21860,21857,15497,2,2,1,1,0.5,0.0,1.0,1,3,3,1.0
1148484,383484,229436,15554,2,2,1,1,0.5,0.0,1.0,1,3,3,1.0
1068460,22012,22010,15637,2,2,1,1,0.5,0.0,1.0,1,3,3,1.0
1072087,299196,299195,16500,2,2,1,1,0.5,0.0,1.0,1,3,3,1.0
1144995,25891,14721,16508,2,2,1,1,0.5,0.0,1.0,1,3,3,1.0
1072122,22057,5855,16513,2,2,1,1,0.5,0.0,1.0,1,3,3,1.0
1072125,21865,5447,16515,2,2,1,1,0.5,0.0,1.0,1,3,3,1.0
1219742,21186,21156,16616,2,2,1,1,0.5,0.0,1.0,1,3,3,1.0
1072457,343515,55963,16633,2,2,1,1,0.5,0.0,1.0,1,3,3,1.0
1098919,339835,339516,16638,2,2,1,1,0.5,0.0,1.0,1,3,3,1.0
1187634,47336,15814,16808,2,2,1,1,0.5,0.0,1.0,1,3,3,1.0
1132742,384827,207356,17105,2,2,1,1,0.5,0.0,1.0,1,3,3,1.0
1133485,22505,22499,17111,2,2,1,1,0.5,0.0,1.0,1,3,3,1.0
1136080,178877,178561,17135,2,2,1,1,0.5,0.0,1.0,1,3,3,1.0
1090495,156159,57887,17188,2,2,1,1,0.5,0.0,1.0,1,3,3,1.0
1142746,246725,230715,17306,2,2,1,1,0.5,0.0,1.0,1,3,3,1.0
1074179,359665,359664,17394,2,2,1,1,0.5,0.0,1.0,1,3,3,1.0
1136338,22218,22216,17404,2,2,1,1,0.5,0.0,1.0,1,3,3,1.0
1074269,69725,58206,17441,2,2,1,1,0.5,0.0,1.0,1,3,3,1.0
1136933,14884,14847,17477,2,2,1,1,0.5,0.0,1.0,1,3,3,1.0
1077230,26130,21369,18041,2,2,1,1,0.5,0.0,1.0,1,3,3,1.0
1090082,390331,5180,18345,2,2,1,1,0.5,0.0,1.0,1,3,3,1.0
1079323,27043,17979,18500,2,2,1,1,0.5,0.0,1.0,1,3,3,1.0
1144039,70043,2346,19045,2,2,1,1,0.5,0.0,1.0,1,3,3,1.0
1149165,14574,14550,19063,2,2,1,1,0.5,0.0,1.0,1,3,3,1.0
1082383,21925,5619,19282,2,2,1,1,0.5,0.0,1.0,1,3,3,1.0
1106573,26283,16028,19796,2,2,1,1,0.5,0.0,1.0,1,3,3,1.0
1088024,223676,223675,19961,2,2,1,1,0.5,0.0,1.0,1,3,3,1.0
1089308,322882,14997,20323,2,2,1,1,0.5,0.0,1.0,1,3,3,1.0
1090742,169595,18409,20722,2,2,1,1,0.5,0.0,1.0,1,3,3,1.0
1090911,344443,235516,20804,2,2,1,1,0.5,0.0,1.0,1,3,3,1.0
1091501,17839,16079,21050,2,2,1,1,0.5,0.0,1.0,1,3,3,1.0
1092407,176955,17574,21401,2,2,1,1,0.5,0.0,1.0,1,3,3,1.0
1104437,26925,26923,21829,2,2,1,1,0.5,0.0,1.0,1,3,3,1.0
1097110,425036,425035,22685,2,2,1,1,0.5,0.0,1.0,1,3,3,1.0
1133026,16867,4477,22861,2,2,1,1,0.5,0.0,1.0,1,3,3,1.0
1113805,17015,16998,23206,2,2,1,1,0.5,0.0,1.0,1,3,3,1.0
1105956,16995,16982,23403,2,2,1,1,0.5,0.0,1.0,1,3,3,1.0
1101704,264640,26949,23517,2,2,1,1,0.5,0.0,1.0,1,3,3,1.0
1101933,26339,16128,23565,2,2,1,1,0.5,0.0,1.0,1,3,3,1.0
1104545,425211,18217,24161,2,2,1,1,0.5,0.0,1.0,1,3,3,1.0
1104745,246722,3519,24228,2,2,1,1,0.5,0.0,1.0,1,3,3,1.0
1107845,224640,17639,24449,2,2,1,1,0.5,0.0,1.0,1,3,3,1.0
1107888,1852,1830,24673,2,2,1,1,0.5,0.0,1.0,1,3,3,1.0
1176606,3114,3090,24686,2,2,1,1,0.5,0.0,1.0,1,3,3,1.0
1108692,26809,26778,24734,2,2,1,1,0.5,0.0,1.0,1,3,3,1.0
1111900,25830,14646,25433,2,2,1,1,0.5,0.0,1.0,1,3,3,1.0
1133276,102376,5161,26107,2,2,1,1,0.5,0.0,1.0,1,3,3,1.0
1116418,25778,14546,26485,2,2,1,1,0.5,0.0,1.0,1,3,3,1.0
1170051,364651,10906,26894,2,2,1,1,0.5,0.0,1.0,1,3,3,1.0
1133687,53726,19206,26910,2,2,1,1,0.5,0.0,1.0,1,3,3,1.0
1121148,26938,17931,26919,2,2,1,1,0.5,0.0,1.0,1,3,3,1.0
1122533,937,932,27300,2,2,1,1,0.5,0.0,1.0,1,3,3,1.0
1124832,24816,24815,27877,2,2,1,1,0.5,0.0,1.0,1,3,3,1.0
1126074,25691,2470,28150,2,2,1,1,0.5,0.0,1.0,1,3,3,1.0
1126692,25739,14359,28181,2,2,1,1,0.5,0.0,1.0,1,3,3,1.0
1178528,370177,370171,28286,2,2,1,1,0.5,0.0,1.0,1,3,3,1.0
1205996,14888,14860,28292,2,2,1,1,0.5,0.0,1.0,1,3,3,1.0
1166190,275839,3777,28372,2,2,1,1,0.5,0.0,1.0,1,3,3,1.0
1127284,3845,3844,28513,2,2,1,1,0.5,0.0,1.0,1,3,3,1.0
1128426,536459,236156,29040,2,2,1,1,0.5,0.0,1.0,1,3,3,1.0
1196281,11370,823,29187,2,2,1,1,0.5,0.0,1.0,1,3,3,1.0
1185470,16504,4198,29559,2,2,1,1,0.5,0.0,1.0,1,3,3,1.0
1276977,21480,3830,29572,2,2,1,1,0.5,0.0,1.0,1,3,3,1.0
1187986,251837,63005,29782,2,2,1,1,0.5,0.0,1.0,1,3,3,1.0
1133604,264969,254722,29867,2,2,1,1,0.5,0.0,1.0,1,3,3,1.0
1132124,260163,259521,29883,2,2,1,1,0.5,0.0,1.0,1,3,3,1.0
1132426,364894,140,30045,2,2,1,1,0.5,0.0,1.0,1,3,3,1.0
1132719,365084,14855,30047,2,2,1,1,0.5,0.0,1.0,1,3,3,1.0
1136230,21758,21098,30108,2,2,1,1,0.5,0.0,1.0,1,3,3,1.0
1132706,375836,444,30124,2,2,1,1,0.5,0.0,1.0,1,3,3,1.0
1132740,343339,10023,30143,2,2,1,1,0.5,0.0,1.0,1,3,3,1.0
1132763,335996,6674,30156,2,2,1,1,0.5,0.0,1.0,1,3,3,1.0
1136159,17636,4853,30215,2,2,1,1,0.5,0.0,1.0,1,3,3,1.0
1133202,257605,252478,30366,2,2,1,1,0.5,0.0,1.0,1,3,3,1.0
1283315,24201,17588,30402,2,2,1,1,0.5,0.0,1.0,1,3,3,1.0
1133295,285756,81569,30408,2,2,1,1,0.5,0.0,1.0,1,3,3,1.0
1133558,281930,264316,30546,2,2,1,1,0.5,0.0,1.0,1,3,3,1.0
1133627,283841,248963,30582,2,2,1,1,0.5,0.0,1.0,1,3,3,1.0
1272170,2207,2196,31229,2,2,1,1,0.5,0.0,1.0,1,3,3,1.0
1136037,54377,21735,31285,2,2,1,1,0.5,0.0,1.0,1,3,3,1.0
1136173,18275,18221,31331,2,2,1,1,0.5,0.0,1.0,1,3,3,1.0
1136181,12923,1231,31337,2,2,1,1,0.5,0.0,1.0,1,3,3,1.0
1136197,224955,35183,31350,2,2,1,1,0.5,0.0,1.0,1,3,3,1.0
1136208,349868,10232,31357,2,2,1,1,0.5,0.0,1.0,1,3,3,1.0
1297564,22364,6681,31363,2,2,1,1,0.5,0.0,1.0,1,3,3,1.0
1152437,25889,14709,31366,2,2,1,1,0.5,0.0,1.0,1,3,3,1.0
1136362,376636,165,31388,2,2,1,1,0.5,0.0,1.0,1,3,3,1.0
1181385,240636,11888,32052,2,2,1,1,0.5,0.0,1.0,1,3,3,1.0
1189033,4480,4442,32058,2,2,1,1,0.5,0.0,1.0,1,3,3,1.0
1266312,4887,4882,32163,2,2,1,1,0.5,0.0,1.0,1,3,3,1.0
1164112,12296,12288,32241,2,2,1,1,0.5,0.0,1.0,1,3,3,1.0
1221857,11412,11408,32265,2,2,1,1,0.5,0.0,1.0,1,3,3,1.0
1143165,171518,24959,32347,2,2,1,1,0.5,0.0,1.0,1,3,3,1.0
1148932,25917,25909,32472,2,2,1,1,0.5,0.0,1.0,1,3,3,1.0
1144550,26236,15890,32674,2,2,1,1,0.5,0.0,1.0,1,3,3,1.0
1145205,21462,3765,32793,2,2,1,1,0.5,0.0,1.0,1,3,3,1.0
1145121,21462,3765,32795,2,2,1,1,0.5,0.0,1.0,1,3,3,1.0
1145720,15145,15104,32957,2,2,1,1,0.5,0.0,1.0,1,3,3,1.0
1149847,157767,13989,33713,2,2,1,1,0.5,0.0,1.0,1,3,3,1.0
1150134,15971,3789,33756,2,2,1,1,0.5,0.0,1.0,1,3,3,1.0
1151125,25735,25708,33920,2,2,1,1,0.5,0.0,1.0,1,3,3,1.0
1152939,4586,4551,34023,2,2,1,1,0.5,0.0,1.0,1,3,3,1.0
1153035,3319,3317,34083,2,2,1,1,0.5,0.0,1.0,1,3,3,1.0
1153393,19673,19671,34318,2,2,1,1,0.5,0.0,1.0,1,3,3,1.0
1158299,17431,17402,34511,2,2,1,1,0.5,0.0,1.0,1,3,3,1.0
1250042,444411,13823,34614,2,2,1,1,0.5,0.0,1.0,1,3,3,1.0
1164282,1640,1627,34733,2,2,1,1,0.5,0.0,1.0,1,3,3,1.0
1157661,21237,3197,34790,2,2,1,1,0.5,0.0,1.0,1,3,3,1.0
1160007,25707,14355,35421,2,2,1,1,0.5,0.0,1.0,1,3,3,1.0
1183811,14633,14588,35565,2,2,1,1,0.5,0.0,1.0,1,3,3,1.0
1164304,344651,343646,35706,2,2,1,1,0.5,0.0,1.0,1,3,3,1.0
1164305,246401,4114,35707,2,2,1,1,0.5,0.0,1.0,1,3,3,1.0
1164694,3796,3757,35778,2,2,1,1,0.5,0.0,1.0,1,3,3,1.0
1164814,263360,3543,35806,2,2,1,1,0.5,0.0,1.0,1,3,3,1.0
1165875,3415,3411,36000,2,2,1,1,0.5,0.0,1.0,1,3,3,1.0
1171309,1188,1161,37286,2,2,1,1,0.5,0.0,1.0,1,3,3,1.0
1173968,4222,4210,37380,2,2,1,1,0.5,0.0,1.0,1,3,3,1.0
1180545,15349,3315,37537,2,2,1,1,0.5,0.0,1.0,1,3,3,1.0
1175126,25264,12878,37618,2,2,1,1,0.5,0.0,1.0,1,3,3,1.0
1188625,3761,3753,37640,2,2,1,1,0.5,0.0,1.0,1,3,3,1.0
1175498,13038,13029,37734,2,2,1,1,0.5,0.0,1.0,1,3,3,1.0
1175611,12251,12188,37761,2,2,1,1,0.5,0.0,1.0,1,3,3,1.0
1175898,25486,13542,37858,2,2,1,1,0.5,0.0,1.0,1,3,3,1.0
1176975,226235,72603,38169,2,2,1,1,0.5,0.0,1.0,1,3,3,1.0
1177104,2193,2138,38217,2,2,1,1,0.5,0.0,1.0,1,3,3,1.0
1232065,20758,20750,38278,2,2,1,1,0.5,0.0,1.0,1,3,3,1.0
1177679,68451,50207,38307,2,2,1,1,0.5,0.0,1.0,1,3,3,1.0
1187902,26245,3767,38347,2,2,1,1,0.5,0.0,1.0,1,3,3,1.0
1183775,26556,26537,38376,2,2,1,1,0.5,0.0,1.0,1,3,3,1.0
1177713,1989,1952,38413,2,2,1,1,0.5,0.0,1.0,1,3,3,1.0
1177820,3475,3462,38436,2,2,1,1,0.5,0.0,1.0,1,3,3,1.0
1178927,13662,1726,38594,2,2,1,1,0.5,0.0,1.0,1,3,3,1.0
1179983,20947,20938,38902,2,2,1,1,0.5,0.0,1.0,1,3,3,1.0
1180761,4515,4502,38959,2,2,1,1,0.5,0.0,1.0,1,3,3,1.0
1180686,344373,16818,39053,2,2,1,1,0.5,0.0,1.0,1,3,3,1.0
1180819,17022,16994,39083,2,2,1,1,0.5,0.0,1.0,1,3,3,1.0
1180972,20849,20831,39127,2,2,1,1,0.5,0.0,1.0,1,3,3,1.0
1182960,8271,376,39209,2,2,1,1,0.5,0.0,1.0,1,3,3,1.0
1183639,4479,4462,39234,2,2,1,1,0.5,0.0,1.0,1,3,3,1.0
1247847,377227,377212,39274,2,2,1,1,0.5,0.0,1.0,1,3,3,1.0
1185356,19576,19574,39630,2,2,1,1,0.5,0.0,1.0,1,3,3,1.0
1186905,4317,4293,39911,2,2,1,1,0.5,0.0,1.0,1,3,3,1.0
1189204,4019,4005,40298,2,2,1,1,0.5,0.0,1.0,1,3,3,1.0
1190397,4194,4184,40478,2,2,1,1,0.5,0.0,1.0,1,3,3,1.0
1195365,66222,26014,40634,2,2,1,1,0.5,0.0,1.0,1,3,3,1.0
1195600,269121,269120,40713,2,2,1,1,0.5,0.0,1.0,1,3,3,1.0
1222796,537446,537444,42362,2,2,1,1,0.5,0.0,1.0,1,3,3,1.0
1201864,272316,5076,42417,2,2,1,1,0.5,0.0,1.0,1,3,3,1.0
1205972,21068,21055,42904,2,2,1,1,0.5,0.0,1.0,1,3,3,1.0
1208631,11163,11136,43399,2,2,1,1,0.5,0.0,1.0,1,3,3,1.0
1275899,23947,9819,43692,2,2,1,1,0.5,0.0,1.0,1,3,3,1.0
1221463,123507,24123,44939,2,2,1,1,0.5,0.0,1.0,1,3,3,1.0
1223248,24325,24310,45017,2,2,1,1,0.5,0.0,1.0,1,3,3,1.0
1222506,25091,12594,45136,2,2,1,1,0.5,0.0,1.0,1,3,3,1.0
1224946,24280,24241,45353,2,2,1,1,0.5,0.0,1.0,1,3,3,1.0
1226055,16703,16694,45638,2,2,1,1,0.5,0.0,1.0,1,3,3,1.0
1229363,24276,24264,45854,2,2,1,1,0.5,0.0,1.0,1,3,3,1.0
1232531,506649,63015,46458,2,2,1,1,0.5,0.0,1.0,1,3,3,1.0
1248244,537324,375247,46655,2,2,1,1,0.5,0.0,1.0,1,3,3,1.0
1297528,8020,7876,46928,2,2,1,1,0.5,0.0,1.0,1,3,3,1.0
1266333,47028,10750,47207,2,2,1,1,0.5,0.0,1.0,1,3,3,1.0
1285837,316157,19813,47254,2,2,1,1,0.5,0.0,1.0,1,3,3,1.0
1267688,23946,9976,47579,2,2,1,1,0.5,0.0,1.0,1,3,3,1.0
1268148,12019,11986,47700,2,2,1,1,0.5,0.0,1.0,1,3,3,1.0
1268292,299516,11053,47740,2,2,1,1,0.5,0.0,1.0,1,3,3,1.0
1268326,8849,8829,47748,2,2,1,1,0.5,0.0,1.0,1,3,3,1.0
1289200,11548,11270,48034,2,2,1,1,0.5,0.0,1.0,1,3,3,1.0
1271254,20581,2430,48364,2,2,1,1,0.5,0.0,1.0,1,3,3,1.0
1278214,9775,9721,48647,2,2,1,1,0.5,0.0,1.0,1,3,3,1.0
1273074,7185,7159,48658,2,2,1,1,0.5,0.0,1.0,1,3,3,1.0
1280606,91806,2038,48663,2,2,1,1,0.5,0.0,1.0,1,3,3,1.0
1273405,10974,10934,48713,2,2,1,1,0.5,0.0,1.0,1,3,3,1.0
1273677,376206,20381,48766,2,2,1,1,0.5,0.0,1.0,1,3,3,1.0
1273758,20335,13800,48781,2,2,1,1,0.5,0.0,1.0,1,3,3,1.0
1297768,25603,20421,48886,2,2,1,1,0.5,0.0,1.0,1,3,3,1.0
1275832,23637,9396,48963,2,2,1,1,0.5,0.0,1.0,1,3,3,1.0
1276014,26951,17917,49002,2,2,1,1,0.5,0.0,1.0,1,3,3,1.0
1276368,14270,2409,49131,2,2,1,1,0.5,0.0,1.0,1,3,3,1.0
1307405,370388,75164,49134,2,2,1,1,0.5,0.0,1.0,1,3,3,1.0
1276775,154565,3017,49269,2,2,1,1,0.5,0.0,1.0,1,3,3,1.0
1297818,15961,3871,49281,2,2,1,1,0.5,0.0,1.0,1,3,3,1.0
1306273,20243,1845,49291,2,2,1,1,0.5,0.0,1.0,1,3,3,1.0
1276821,26637,17068,49294,2,2,1,1,0.5,0.0,1.0,1,3,3,1.0
1278352,390590,3696,49346,2,2,1,1,0.5,0.0,1.0,1,3,3,1.0
1306414,21452,3830,49353,2,2,1,1,0.5,0.0,1.0,1,3,3,1.0
1279921,14598,14518,49548,2,2,1,1,0.5,0.0,1.0,1,3,3,1.0
1278086,151035,2190,49620,2,2,1,1,0.5,0.0,1.0,1,3,3,1.0
1279046,152955,151038,49873,2,2,1,1,0.5,0.0,1.0,1,3,3,1.0
1279074,26671,4667,49879,2,2,1,1,0.5,0.0,1.0,1,3,3,1.0
1279088,142401,14713,49883,2,2,1,1,0.5,0.0,1.0,1,3,3,1.0
1279391,107499,4864,49983,2,2,1,1,0.5,0.0,1.0,1,3,3,1.0
1302622,375057,19737,49997,2,2,1,1,0.5,0.0,1.0,1,3,3,1.0
1280481,26650,21629,50031,2,2,1,1,0.5,0.0,1.0,1,3,3,1.0
1279860,18632,18589,50123,2,2,1,1,0.5,0.0,1.0,1,3,3,1.0
1281820,21719,4959,50137,2,2,1,1,0.5,0.0,1.0,1,3,3,1.0
1279993,20595,2430,50171,2,2,1,1,0.5,0.0,1.0,1,3,3,1.0
1281063,63015,17756,50473,2,2,1,1,0.5,0.0,1.0,1,3,3,1.0
1281679,107499,21682,50653,2,2,1,1,0.5,0.0,1.0,1,3,3,1.0
1281830,21661,17293,50699,2,2,1,1,0.5,0.0,1.0,1,3,3,1.0
1282664,4864,4840,50917,2,2,1,1,0.5,0.0,1.0,1,3,3,1.0
1286538,7349,7344,51245,2,2,1,1,0.5,0.0,1.0,1,3,3,1.0
1286655,25129,25068,51278,2,2,1,1,0.5,0.0,1.0,1,3,3,1.0
1287195,21604,4553,51385,2,2,1,1,0.5,0.0,1.0,1,3,3,1.0
1287198,19748,6850,51387,2,2,1,1,0.5,0.0,1.0,1,3,3,1.0
1289022,25215,12741,51467,2,2,1,1,0.5,0.0,1.0,1,3,3,1.0
1289011,25122,25119,51529,2,2,1,1,0.5,0.0,1.0,1,3,3,1.0
1288337,25173,25110,51552,2,2,1,1,0.5,0.0,1.0,1,3,3,1.0
1288840,61085,22586,51642,2,2,1,1,0.5,0.0,1.0,1,3,3,1.0
1307149,5129,5086,51669,2,2,1,1,0.5,0.0,1.0,1,3,3,1.0
1289855,21687,21684,51794,2,2,1,1,0.5,0.0,1.0,1,3,3,1.0
1297534,4856,4854,51831,2,2,1,1,0.5,0.0,1.0,1,3,3,1.0
1300100,7972,7935,51838,2,2,1,1,0.5,0.0,1.0,1,3,3,1.0
1304320,94374,5099,51852,2,2,1,1,0.5,0.0,1.0,1,3,3,1.0
1298552,19762,19760,52105,2,2,1,1,0.5,0.0,1.0,1,3,3,1.0
1299606,18561,5049,52316,2,2,1,1,0.5,0.0,1.0,1,3,3,1.0
1299642,21639,17213,52325,2,2,1,1,0.5,0.0,1.0,1,3,3,1.0
1300031,18661,18638,52387,2,2,1,1,0.5,0.0,1.0,1,3,3,1.0
1300016,21690,4880,52436,2,2,1,1,0.5,0.0,1.0,1,3,3,1.0
1300496,7648,7609,52535,2,2,1,1,0.5,0.0,1.0,1,3,3,1.0
1300607,24,19,52560,2,2,1,1,0.5,0.0,1.0,1,3,3,1.0
1300695,255368,269,52575,2,2,1,1,0.5,0.0,1.0,1,3,3,1.0
1304057,7103,7031,52576,2,2,1,1,0.5,0.0,1.0,1,3,3,1.0
1302962,115,93,52888,2,2,1,1,0.5,0.0,1.0,1,3,3,1.0
1310555,114,113,53306,2,2,1,1,0.5,0.0,1.0,1,3,3,1.0
1305436,21871,5460,53413,2,2,1,1,0.5,0.0,1.0,1,3,3,1.0
1306588,18152,18132,53609,2,2,1,1,0.5,0.0,1.0,1,3,3,1.0
1308505,85,81,53967,2,2,1,1,0.5,0.0,1.0,1,3,3,1.0
1308610,19764,79,53989,2,2,1,1,0.5,0.0,1.0,1,3,3,1.0
1311914,136315,23427,54377,2,2,1,1,0.5,0.0,1.0,1,3,3,1.0
1097151,,535975,5737,25,22,0,10,0.4545,0.4545,0.986,24,3,3,1.0
1026042,,535975,5737,25,22,0,10,0.4545,0.4545,0.986,24,3,3,1.0
1097132,,535975,5737,25,22,0,10,0.4545,0.4545,0.986,24,3,3,1.0
1021000,535977,535975,5737,25,22,1,10,0.4545,0.4091,0.986,24,3,3,1.0
1043716,535969,535975,5737,25,22,2,10,0.4545,0.3636,0.986,24,3,3,1.0
1310081,535969,535975,5737,25,22,2,10,0.4545,0.3636,0.986,24,3,3,1.0
1222287,535971,535975,5737,25,22,4,10,0.4545,0.2727,0.986,24,3,3,1.0
1076734,535971,535975,5737,25,22,4,10,0.4545,0.2727,0.986,24,3,3,1.0
1095048,535971,535975,5737,25,22,4,10,0.4545,0.2727,0.986,24,3,3,1.0
1303140,535971,535975,5737,25,22,4,10,0.4545,0.2727,0.986,24,3,3,1.0
1097149,535976,535975,5737,25,22,5,10,0.4545,0.2273,0.986,24,3,3,1.0
1097129,535976,535975,5737,25,22,5,10,0.4545,0.2273,0.986,24,3,3,1.0
1097174,535976,535975,5737,25,22,5,10,0.4545,0.2273,0.986,24,3,3,1.0
1097173,535976,535975,5737,25,22,5,10,0.4545,0.2273,0.986,24,3,3,1.0
1197071,535976,535975,5737,25,22,5,10,0.4545,0.2273,0.986,24,3,3,1.0
1272128,23804,9631,28587,20,20,5,9,0.45,0.2,0.982,19,3,3,1.0
1127406,23804,9631,28587,20,20,5,9,0.45,0.2,0.982,19,3,3,1.0
1272127,23804,9631,28587,20,20,5,9,0.45,0.2,0.982,19,3,3,1.0
1269658,23804,9631,28587,20,20,5,9,0.45,0.2,0.982,19,3,3,1.0
1278250,9545,9631,28587,20,20,6,9,0.45,0.15,0.982,19,3,3,1.0
1271471,9545,9631,28587,20,20,6,9,0.45,0.15,0.982,19,3,3,1.0
1271474,9545,9631,28587,20,20,6,9,0.45,0.15,0.982,19,3,3,1.0
1271472,9545,9631,28587,20,20,6,9,0.45,0.15,0.982,19,3,3,1.0
1278249,9545,9631,28587,20,20,6,9,0.45,0.15,0.982,19,3,3,1.0
1271473,9545,9631,28587,20,20,6,9,0.45,0.15,0.982,19,3,3,1.0
1146847,16027,3788,7242,17,17,1,7,0.4118,0.3529,0.979,16,3,3,1.0
1146884,15981,3788,7242,17,17,1,7,0.4118,0.3529,0.979,16,3,3,1.0
1146848,375932,3788,7242,17,17,1,7,0.4118,0.3529,0.979,16,3,3,1.0
1031363,3807,3788,7242,17,17,2,7,0.4118,0.2941,0.979,16,3,3,1.0
1150062,3807,3788,7242,17,17,2,7,0.4118,0.2941,0.979,16,3,3,1.0
1150098,3847,3788,7242,17,17,4,7,0.4118,0.1765,0.979,16,3,3,1.0
1143483,3847,3788,7242,17,17,4,7,0.4118,0.1765,0.979,16,3,3,1.0
1059276,3847,3788,7242,17,17,4,7,0.4118,0.1765,0.979,16,3,3,1.0
1150100,3847,3788,7242,17,17,4,7,0.4118,0.1765,0.979,16,3,3,1.0
1299303,27025,27023,31625,16,16,1,4,0.25,0.1875,0.978,15,3,3,1.0
1278378,27057,27023,31625,16,16,3,4,0.25,0.0625,0.978,15,3,3,1.0
1278442,27057,27023,31625,16,16,3,4,0.25,0.0625,0.978,15,3,3,1.0
1306659,27057,27023,31625,16,16,3,4,0.25,0.0625,0.978,15,3,3,1.0
1137379,27011,27023,31625,16,16,3,4,0.25,0.0625,0.978,15,3,3,1.0
1299302,27011,27023,31625,16,16,3,4,0.25,0.0625,0.978,15,3,3,1.0
1299305,27011,27023,31625,16,16,3,4,0.25,0.0625,0.978,15,3,3,1.0
1137167,27076,27023,31625,16,16,4,4,0.25,0.0,0.978,15,3,3,1.0
1278382,27076,27023,31625,16,16,4,4,0.25,0.0,0.978,15,3,3,1.0
1278381,27076,27023,31625,16,16,4,4,0.25,0.0,0.978,15,3,3,1.0
1278384,27076,27023,31625,16,16,4,4,0.25,0.0,0.978,15,3,3,1.0
1083466,33247,15790,13999,15,15,4,11,0.7333,0.4667,0.976,14,3,3,1.0
1083218,33247,15790,13999,15,15,4,11,0.7333,0.4667,0.976,14,3,3,1.0
1083216,33247,15790,13999,15,15,4,11,0.7333,0.4667,0.976,14,3,3,1.0
1103182,16349,16385,23753,15,15,4,11,0.7333,0.4667,0.976,14,3,3,1.0
1103147,16349,16385,23753,15,15,4,11,0.7333,0.4667,0.976,14,3,3,1.0
1103936,16349,16385,23753,15,15,4,11,0.7333,0.4667,0.976,14,3,3,1.0
1022741,344333,344334,6196,14,14,1,13,0.9286,0.8571,0.974,13,3,3,1.0
1305495,8068,8137,49084,14,14,2,5,0.3571,0.2143,0.974,13,3,3,1.0
1305482,8068,8137,49084,14,14,2,5,0.3571,0.2143,0.974,13,3,3,1.0
1306129,8132,8137,49084,14,14,3,5,0.3571,0.1429,0.974,13,3,3,1.0
1306127,8132,8137,49084,14,14,3,5,0.3571,0.1429,0.974,13,3,3,1.0
1210094,20070,20068,29086,14,14,3,4,0.2857,0.0714,0.974,13,3,3,1.0
1210159,20070,20068,29086,14,14,3,4,0.2857,0.0714,0.974,13,3,3,1.0
1136696,1331,20068,29086,14,14,3,4,0.2857,0.0714,0.974,13,3,3,1.0
1210138,20070,20068,29086,14,14,3,4,0.2857,0.0714,0.974,13,3,3,1.0
1209915,1331,20068,29086,14,14,3,4,0.2857,0.0714,0.974,13,3,3,1.0
1305498,8141,8137,49084,14,14,4,5,0.3571,0.0714,0.974,13,3,3,1.0
1305481,8141,8137,49084,14,14,4,5,0.3571,0.0714,0.974,13,3,3,1.0
1305500,8141,8137,49084,14,14,4,5,0.3571,0.0714,0.974,13,3,3,1.0
1276251,8141,8137,49084,14,14,4,5,0.3571,0.0714,0.974,13,3,3,1.0
1128496,20084,20068,29086,14,14,4,4,0.2857,0.0,0.974,13,3,3,1.0
1210665,20084,20068,29086,14,14,4,4,0.2857,0.0,0.974,13,3,3,1.0
1210666,20084,20068,29086,14,14,4,4,0.2857,0.0,0.974,13,3,3,1.0
1210669,20084,20068,29086,14,14,4,4,0.2857,0.0,0.974,13,3,3,1.0
1115784,25577,25583,25441,13,13,1,12,0.9231,0.8462,0.972,12,3,3,1.0
1232996,,530655,26782,13,9,0,4,0.4444,0.4444,0.972,12,3,3,1.0
1232514,,530655,26782,13,9,0,4,0.4444,0.4444,0.972,12,3,3,1.0
1232534,,530655,26782,13,9,0,4,0.4444,0.4444,0.972,12,3,3,1.0
1232501,,530655,26782,13,9,0,4,0.4444,0.4444,0.972,12,3,3,1.0
1136945,530657,530655,26782,13,9,1,4,0.4444,0.3333,0.972,12,3,3,1.0
1171453,530659,530655,26782,13,9,2,4,0.4444,0.2222,0.972,12,3,3,1.0
1232998,530660,530655,26782,13,9,2,4,0.4444,0.2222,0.972,12,3,3,1.0
1207877,530659,530655,26782,13,9,2,4,0.4444,0.2222,0.972,12,3,3,1.0
1020986,23253,8802,5721,13,13,6,7,0.5385,0.0769,0.972,12,3,3,1.0
1227812,23253,8802,5721,13,13,6,7,0.5385,0.0769,0.972,12,3,3,1.0
1020987,23253,8802,5721,13,13,6,7,0.5385,0.0769,0.972,12,3,3,1.0
1227549,23253,8802,5721,13,13,6,7,0.5385,0.0769,0.972,12,3,3,1.0
1020989,23253,8802,5721,13,13,6,7,0.5385,0.0769,0.972,12,3,3,1.0
1121805,1598,20204,27003,24,24,7,9,0.375,0.0833,0.971,23,3,3,1.0
1121566,1598,20204,27003,24,24,7,9,0.375,0.0833,0.971,23,3,3,1.0
1125584,1598,20204,27003,24,24,7,9,0.375,0.0833,0.971,23,3,3,1.0
1121898,1598,20204,27003,24,24,7,9,0.375,0.0833,0.971,23,3,3,1.0
1220827,1598,20204,27003,24,24,7,9,0.375,0.0833,0.971,23,3,3,1.0
1121897,1598,20204,27003,24,24,7,9,0.375,0.0833,0.971,23,3,3,1.0
1125533,1598,20204,27003,24,24,7,9,0.375,0.0833,0.971,23,3,3,1.0
1171042,1686,20204,27003,24,24,8,9,0.375,0.0417,0.971,23,3,3,1.0
1121639,1686,20204,27003,24,24,8,9,0.375,0.0417,0.971,23,3,3,1.0
1171596,1686,20204,27003,24,24,8,9,0.375,0.0417,0.971,23,3,3,1.0
1121888,1686,20204,27003,24,24,8,9,0.375,0.0417,0.971,23,3,3,1.0
1171041,1686,20204,27003,24,24,8,9,0.375,0.0417,0.971,23,3,3,1.0
1171599,1686,20204,27003,24,24,8,9,0.375,0.0417,0.971,23,3,3,1.0
1171043,1686,20204,27003,24,24,8,9,0.375,0.0417,0.971,23,3,3,1.0
1046094,,536892,8520,12,7,0,4,0.5714,0.5714,0.97,11,3,3,1.0
1158561,,536892,8520,12,7,0,4,0.5714,0.5714,0.97,11,3,3,1.0
1298998,,536892,8520,12,7,0,4,0.5714,0.5714,0.97,11,3,3,1.0
1031913,,536892,8520,12,7,0,4,0.5714,0.5714,0.97,11,3,3,1.0
1047831,434684,434687,11875,12,11,3,5,0.4545,0.1818,0.97,11,3,3,1.0
1119528,434684,434687,11875,12,11,3,5,0.4545,0.1818,0.97,11,3,3,1.0
1118809,434685,434687,11875,12,11,3,5,0.4545,0.1818,0.97,11,3,3,1.0
1119640,434684,434687,11875,12,11,3,5,0.4545,0.1818,0.97,11,3,3,1.0
1056319,434685,434687,11875,12,11,3,5,0.4545,0.1818,0.97,11,3,3,1.0
1232466,434685,434687,11875,12,11,3,5,0.4545,0.1818,0.97,11,3,3,1.0
1097131,536893,536892,8520,12,7,3,4,0.5714,0.1429,0.97,11,3,3,1.0
1066026,536893,536892,8520,12,7,3,4,0.5714,0.1429,0.97,11,3,3,1.0
1277807,536893,536892,8520,12,7,3,4,0.5714,0.1429,0.97,11,3,3,1.0
1127180,,15729,18604,11,10,0,10,1.0,1.0,0.967,10,3,3,1.0
1232483,,535979,22686,11,7,0,7,1.0,1.0,0.967,10,3,3,1.0
1097124,,535979,22686,11,7,0,7,1.0,1.0,0.967,10,3,3,1.0
1232507,,535979,22686,11,7,0,7,1.0,1.0,0.967,10,3,3,1.0
1233004,,535979,22686,11,7,0,7,1.0,1.0,0.967,10,3,3,1.0
1043767,7810,7832,7437,11,11,1,10,0.9091,0.8182,0.967,10,3,3,1.0
1133689,4003,273279,17735,11,11,1,10,0.9091,0.8182,0.967,10,3,3,1.0
1265982,55978,23153,46038,11,11,1,10,0.9091,0.8182,0.967,10,3,3,1.0
1206451,13717,13752,28343,21,21,1,3,0.1429,0.0952,0.967,20,3,3,1.0
1176434,13747,13752,28343,21,21,1,3,0.1429,0.0952,0.967,20,3,3,1.0
1126776,25541,13752,28343,21,21,1,3,0.1429,0.0952,0.967,20,3,3,1.0
1180382,13961,14003,28196,11,11,5,6,0.5455,0.0909,0.967,10,3,3,1.0
1176449,13961,14003,28196,11,11,5,6,0.5455,0.0909,0.967,10,3,3,1.0
1126172,13961,14003,28196,11,11,5,6,0.5455,0.0909,0.967,10,3,3,1.0
1178151,13961,14003,28196,11,11,5,6,0.5455,0.0909,0.967,10,3,3,1.0
1205948,13797,13752,28343,21,21,2,3,0.1429,0.0476,0.967,20,3,3,1.0
1206404,25533,13752,28343,21,21,2,3,0.1429,0.0476,0.967,20,3,3,1.0
1206372,25533,13752,28343,21,21,2,3,0.1429,0.0476,0.967,20,3,3,1.0
1206403,13757,13752,28343,21,21,2,3,0.1429,0.0476,0.967,20,3,3,1.0
1206449,13757,13752,28343,21,21,2,3,0.1429,0.0476,0.967,20,3,3,1.0
1176435,13797,13752,28343,21,21,2,3,0.1429,0.0476,0.967,20,3,3,1.0
1229794,13769,13752,28343,21,21,2,3,0.1429,0.0476,0.967,20,3,3,1.0
1176433,13769,13752,28343,21,21,2,3,0.1429,0.0476,0.967,20,3,3,1.0
1206402,25525,13752,28343,21,21,3,3,0.1429,0.0,0.967,20,3,3,1.0
1206450,25525,13752,28343,21,21,3,3,0.1429,0.0,0.967,20,3,3,1.0
1206369,25543,13752,28343,21,21,3,3,0.1429,0.0,0.967,20,3,3,1.0
1206370,25543,13752,28343,21,21,3,3,0.1429,0.0,0.967,20,3,3,1.0
1206401,25525,13752,28343,21,21,3,3,0.1429,0.0,0.967,20,3,3,1.0
1206452,25543,13752,28343,21,21,3,3,0.1429,0.0,0.967,20,3,3,1.0
1153307,280967,280968,34253,19,19,1,18,0.9474,0.8947,0.963,18,3,3,1.0
1082023,14941,14930,18885,10,10,4,6,0.6,0.2,0.963,9,3,3,1.0
1081561,14941,14930,18885,10,10,4,6,0.6,0.2,0.963,9,3,3,1.0
1081567,14941,14930,18885,10,10,4,6,0.6,0.2,0.963,9,3,3,1.0
1081601,14941,14930,18885,10,10,4,6,0.6,0.2,0.963,9,3,3,1.0
1038138,272965,270715,3841,18,18,4,12,0.6667,0.4444,0.961,17,3,3,1.0
1043734,272965,270715,3841,18,18,4,12,0.6667,0.4444,0.961,17,3,3,1.0
1038140,272965,270715,3841,18,18,4,12,0.6667,0.4444,0.961,17,3,3,1.0
1038137,272965,270715,3841,18,18,4,12,0.6667,0.4444,0.961,17,3,3,1.0
1035279,286726,344637,3237,9,9,1,8,0.8889,0.7778,0.958,8,3,3,1.0
1062290,344278,344279,14587,9,9,1,8,0.8889,0.7778,0.958,8,3,3,1.0
1065577,257928,257929,14818,9,9,1,8,0.8889,0.7778,0.958,8,3,3,1.0
1164250,3234,21246,35664,9,9,1,8,0.8889,0.7778,0.958,8,3,3,1.0
1202639,21760,27161,36728,9,9,1,8,0.8889,0.7778,0.958,8,3,3,1.0
1030758,6870,6871,8187,17,17,2,8,0.4706,0.3529,0.958,16,3,3,1.0
1030757,6870,6871,8187,17,17,2,8,0.4706,0.3529,0.958,16,3,3,1.0
1127824,506659,506658,1245,9,8,1,3,0.375,0.25,0.958,8,3,3,1.0
1053486,506665,506658,1245,9,8,2,3,0.375,0.125,0.958,8,3,3,1.0
1039809,506657,506658,1245,9,8,2,3,0.375,0.125,0.958,8,3,3,1.0
1003630,506657,506658,1245,9,8,2,3,0.375,0.125,0.958,8,3,3,1.0
1110388,506665,506658,1245,9,8,2,3,0.375,0.125,0.958,8,3,3,1.0
1031228,22476,6871,8187,17,17,7,8,0.4706,0.0588,0.958,16,3,3,1.0
1045739,22476,6871,8187,17,17,7,8,0.4706,0.0588,0.958,16,3,3,1.0
1045736,22476,6871,8187,17,17,7,8,0.4706,0.0588,0.958,16,3,3,1.0
1045740,22476,6871,8187,17,17,7,8,0.4706,0.0588,0.958,16,3,3,1.0
1045751,22476,6871,8187,17,17,7,8,0.4706,0.0588,0.958,16,3,3,1.0
1045738,22476,6871,8187,17,17,7,8,0.4706,0.0588,0.958,16,3,3,1.0
1042430,535598,535595,2975,9,8,4,4,0.5,0.0,0.958,8,3,3,1.0
1026556,535598,535595,2975,9,8,4,4,0.5,0.0,0.958,8,3,3,1.0
1009685,535598,535595,2975,9,8,4,4,0.5,0.0,0.958,8,3,3,1.0
1100412,535598,535595,2975,9,8,4,4,0.5,0.0,0.958,8,3,3,1.0
1098531,,12152,22860,8,7,0,7,1.0,1.0,0.952,7,3,3,1.0
1196646,,449042,26646,8,7,0,7,1.0,1.0,0.952,7,3,3,1.0
1027825,7365,7398,1046,8,8,1,7,0.875,0.75,0.952,7,3,3,1.0
1003542,11956,11954,1196,8,8,1,7,0.875,0.75,0.952,7,3,3,1.0
1093664,17809,17835,6573,8,8,1,7,0.875,0.75,0.952,7,3,3,1.0
1138100,12478,12415,29401,8,8,1,7,0.875,0.75,0.952,7,3,3,1.0
1280416,8761,8831,50297,8,8,1,6,0.75,0.625,0.952,7,3,3,1.0
1198484,9564,23776,41517,15,15,1,9,0.6,0.5333,0.952,14,3,3,1.0
1281144,10785,10875,29263,8,8,2,6,0.75,0.5,0.952,7,3,3,1.0
1170521,10785,10875,29263,8,8,2,6,0.75,0.5,0.952,7,3,3,1.0
1198485,9584,23776,41517,15,15,5,9,0.6,0.2667,0.952,14,3,3,1.0
1198483,9584,23776,41517,15,15,5,9,0.6,0.2667,0.952,14,3,3,1.0
1198937,9584,23776,41517,15,15,5,9,0.6,0.2667,0.952,14,3,3,1.0
1198962,9584,23776,41517,15,15,5,9,0.6,0.2667,0.952,14,3,3,1.0
1198955,9584,23776,41517,15,15,5,9,0.6,0.2667,0.952,14,3,3,1.0
1055339,275845,275843,12810,8,8,3,5,0.625,0.25,0.952,7,3,3,1.0
1066445,275845,275843,12810,8,8,3,5,0.625,0.25,0.952,7,3,3,1.0
1066447,275845,275843,12810,8,8,3,5,0.625,0.25,0.952,7,3,3,1.0
1201188,23743,9580,22578,8,8,3,4,0.5,0.125,0.952,7,3,3,1.0
1197551,23743,9580,22578,8,8,3,4,0.5,0.125,0.952,7,3,3,1.0
1228294,23743,9580,22578,8,8,3,4,0.5,0.125,0.952,7,3,3,1.0
1083211,15805,15804,13536,8,8,4,4,0.5,0.0,0.952,7,3,3,1.0
1082475,15805,15804,13536,8,8,4,4,0.5,0.0,0.952,7,3,3,1.0
1083210,15805,15804,13536,8,8,4,4,0.5,0.0,0.952,7,3,3,1.0
1281580,,23778,757,14,6,0,6,1.0,1.0,0.949,13,3,3,1.0
1118830,,23778,757,14,6,0,6,1.0,1.0,0.949,13,3,3,1.0
1311348,,23778,757,14,6,0,6,1.0,1.0,0.949,13,3,3,1.0
1137858,,23778,757,14,6,0,6,1.0,1.0,0.949,13,3,3,1.0
1226760,,23778,757,14,6,0,6,1.0,1.0,0.949,13,3,3,1.0
1021037,,23778,757,14,6,0,6,1.0,1.0,0.949,13,3,3,1.0
1001980,,23778,757,14,6,0,6,1.0,1.0,0.949,13,3,3,1.0
1066538,82530,82531,13465,14,14,3,7,0.5,0.2857,0.949,13,3,3,1.0
1066492,82530,82531,13465,14,14,3,7,0.5,0.2857,0.949,13,3,3,1.0
1066540,82530,82531,13465,14,14,3,7,0.5,0.2857,0.949,13,3,3,1.0
1068688,79008,82531,13465,14,14,4,7,0.5,0.2143,0.949,13,3,3,1.0
1068685,79008,82531,13465,14,14,4,7,0.5,0.2143,0.949,13,3,3,1.0
1059025,79008,82531,13465,14,14,4,7,0.5,0.2143,0.949,13,3,3,1.0
1059023,79008,82531,13465,14,14,4,7,0.5,0.2143,0.949,13,3,3,1.0
1132316,276800,260165,30004,14,14,1,3,0.2143,0.1429,0.949,13,3,3,1.0
1132317,261446,260165,30004,14,14,1,3,0.2143,0.1429,0.949,13,3,3,1.0
1133239,261118,260165,30004,14,14,1,3,0.2143,0.1429,0.949,13,3,3,1.0
1133163,262410,260165,30004,14,14,2,3,0.2143,0.0714,0.949,13,3,3,1.0
1136708,262076,260165,30004,14,14,2,3,0.2143,0.0714,0.949,13,3,3,1.0
1133165,262076,260165,30004,14,14,2,3,0.2143,0.0714,0.949,13,3,3,1.0
1133164,262410,260165,30004,14,14,2,3,0.2143,0.0714,0.949,13,3,3,1.0
1133240,262404,260165,30004,14,14,3,3,0.2143,0.0,0.949,13,3,3,1.0
1133161,262404,260165,30004,14,14,3,3,0.2143,0.0,0.949,13,3,3,1.0
1133160,262404,260165,30004,14,14,3,3,0.2143,0.0,0.949,13,3,3,1.0
1036845,,4768,9635,13,12,0,9,0.75,0.75,0.944,12,3,3,1.0
1006593,10102,10136,2204,7,7,1,6,0.8571,0.7143,0.944,6,3,3,1.0
1010797,24660,11594,2744,7,7,1,6,0.8571,0.7143,0.944,6,3,3,1.0
1165849,21246,3234,3517,7,7,1,6,0.8571,0.7143,0.944,6,3,3,1.0
1088800,26160,15688,4949,7,7,1,6,0.8571,0.7143,0.944,6,3,3,1.0
1027601,7929,7967,5406,7,7,1,6,0.8571,0.7143,0.944,6,3,3,1.0
1025979,477903,477905,6929,7,7,1,6,0.8571,0.7143,0.944,6,3,3,1.0
1082115,26192,26198,14049,7,7,1,6,0.8571,0.7143,0.944,6,3,3,1.0
1080708,16191,16160,18387,7,7,1,6,0.8571,0.7143,0.944,6,3,3,1.0
1127266,444222,444220,26663,7,7,1,6,0.8571,0.7143,0.944,6,3,3,1.0
1197486,11702,11675,41169,7,7,1,6,0.8571,0.7143,0.944,6,3,3,1.0
1217337,12622,25094,41252,7,7,1,6,0.8571,0.7143,0.944,6,3,3,1.0
1223489,11961,24795,43642,7,7,1,6,0.8571,0.7143,0.944,6,3,3,1.0
1267976,9881,23860,47129,7,7,1,6,0.8571,0.7143,0.944,6,3,3,1.0
1308713,9010,8960,53455,7,7,1,6,0.8571,0.7143,0.944,6,3,3,1.0
1208241,24575,11288,22663,7,7,1,5,0.7143,0.5714,0.944,6,3,3,1.0
1208553,11291,11288,22663,7,7,1,5,0.7143,0.5714,0.944,6,3,3,1.0
1191008,18938,27253,26900,7,7,1,5,0.7143,0.5714,0.944,6,3,3,1.0
1186404,27406,27395,39744,7,7,1,5,0.7143,0.5714,0.944,6,3,3,1.0
1276431,4769,4768,9635,13,12,3,9,0.75,0.5,0.944,12,3,3,1.0
1276080,4769,4768,9635,13,12,3,9,0.75,0.5,0.944,12,3,3,1.0
1183819,2571,2574,38159,13,13,1,7,0.5385,0.4615,0.944,12,3,3,1.0
1174452,27285,19116,35154,7,7,2,5,0.7143,0.4286,0.944,6,3,3,1.0
1281215,17812,17825,50523,7,7,2,5,0.7143,0.4286,0.944,6,3,3,1.0
1181379,2576,2574,38159,13,13,5,7,0.5385,0.1538,0.944,12,3,3,1.0
1207016,2576,2574,38159,13,13,5,7,0.5385,0.1538,0.944,12,3,3,1.0
1176953,2576,2574,38159,13,13,5,7,0.5385,0.1538,0.944,12,3,3,1.0
1207013,2576,2574,38159,13,13,5,7,0.5385,0.1538,0.944,12,3,3,1.0
1197287,10371,10231,28652,13,13,1,2,0.1538,0.0769,0.944,12,3,3,1.0
1200305,10318,10231,28652,13,13,1,2,0.1538,0.0769,0.944,12,3,3,1.0
1127534,19889,10231,28652,13,13,1,2,0.1538,0.0769,0.944,12,3,3,1.0
1273573,25119,25122,47210,19,19,9,10,0.5263,0.0526,0.944,18,3,3,1.0
1273558,25119,25122,47210,19,19,9,10,0.5263,0.0526,0.944,18,3,3,1.0
1273556,25119,25122,47210,19,19,9,10,0.5263,0.0526,0.944,18,3,3,1.0
1273575,25119,25122,47210,19,19,9,10,0.5263,0.0526,0.944,18,3,3,1.0
1273560,25119,25122,47210,19,19,9,10,0.5263,0.0526,0.944,18,3,3,1.0
1273559,25119,25122,47210,19,19,9,10,0.5263,0.0526,0.944,18,3,3,1.0
1273561,25119,25122,47210,19,19,9,10,0.5263,0.0526,0.944,18,3,3,1.0
1289007,25119,25122,47210,19,19,9,10,0.5263,0.0526,0.944,18,3,3,1.0
1072638,235848,235843,16691,19,19,8,8,0.4211,0.0,0.944,18,3,3,1.0
1108380,235848,235843,16691,19,19,8,8,0.4211,0.0,0.944,18,3,3,1.0
1072640,235848,235843,16691,19,19,8,8,0.4211,0.0,0.944,18,3,3,1.0
1108379,235848,235843,16691,19,19,8,8,0.4211,0.0,0.944,18,3,3,1.0
1108382,235848,235843,16691,19,19,8,8,0.4211,0.0,0.944,18,3,3,1.0
1108381,235848,235843,16691,19,19,8,8,0.4211,0.0,0.944,18,3,3,1.0
1072632,235848,235843,16691,19,19,8,8,0.4211,0.0,0.944,18,3,3,1.0
1072641,235848,235843,16691,19,19,8,8,0.4211,0.0,0.944,18,3,3,1.0
1197288,10327,10231,28652,13,13,2,2,0.1538,0.0,0.944,12,3,3,1.0
1207550,10258,10231,28652,13,13,2,2,0.1538,0.0,0.944,12,3,3,1.0
1197286,10408,10231,28652,13,13,2,2,0.1538,0.0,0.944,12,3,3,1.0
1197289,10327,10231,28652,13,13,2,2,0.1538,0.0,0.944,12,3,3,1.0
1207549,10258,10231,28652,13,13,2,2,0.1538,0.0,0.944,12,3,3,1.0
1201164,10408,10231,28652,13,13,2,2,0.1538,0.0,0.944,12,3,3,1.0
1266353,25070,25088,31598,12,12,5,7,0.5833,0.1667,0.939,11,3,3,1.0
1266342,25070,25088,31598,12,12,5,7,0.5833,0.1667,0.939,11,3,3,1.0
1266352,25070,25088,31598,12,12,5,7,0.5833,0.1667,0.939,11,3,3,1.0
1266351,25070,25088,31598,12,12,5,7,0.5833,0.1667,0.939,11,3,3,1.0
1300092,8739,8682,5081,12,11,5,6,0.5455,0.0909,0.939,11,3,3,1.0
1307744,8739,8682,5081,12,11,5,6,0.5455,0.0909,0.939,11,3,3,1.0
1015422,8739,8682,5081,12,11,5,6,0.5455,0.0909,0.939,11,3,3,1.0
1307745,8739,8682,5081,12,11,5,6,0.5455,0.0909,0.939,11,3,3,1.0
1300082,8739,8682,5081,12,11,5,6,0.5455,0.0909,0.939,11,3,3,1.0
1067852,118722,123514,12123,11,11,1,10,0.9091,0.8182,0.933,10,3,3,1.0
1197788,11112,24513,20313,11,11,1,10,0.9091,0.8182,0.933,10,3,3,1.0
1311569,9016,8977,53422,11,11,1,10,0.9091,0.8182,0.933,10,3,3,1.0
1047106,24227,24273,8434,6,6,1,5,0.8333,0.6667,0.933,5,3,3,1.0
1056452,99489,99497,11998,6,6,1,5,0.8333,0.6667,0.933,5,3,3,1.0
1229336,11968,11975,31881,6,6,1,5,0.8333,0.6667,0.933,5,3,3,1.0
1183648,15403,3372,39264,6,6,1,5,0.8333,0.6667,0.933,5,3,3,1.0
1208073,928,930,41063,6,6,1,5,0.8333,0.6667,0.933,5,3,3,1.0
1186145,19636,19635,39604,6,6,1,4,0.6667,0.5,0.933,5,3,3,1.0
1297599,364830,5939,17405,6,6,1,3,0.5,0.3333,0.933,5,3,3,1.0
1074203,375941,5939,17405,6,6,1,3,0.5,0.3333,0.933,5,3,3,1.0
1137105,17305,17328,23951,6,6,2,4,0.6667,0.3333,0.933,5,3,3,1.0
1103656,17305,17328,23951,6,6,2,4,0.6667,0.3333,0.933,5,3,3,1.0
1163460,26072,26065,29786,11,11,1,4,0.3636,0.2727,0.933,10,3,3,1.0
1131991,105900,26065,29786,11,11,1,4,0.3636,0.2727,0.933,10,3,3,1.0
1146488,3062,26065,29786,11,11,1,4,0.3636,0.2727,0.933,10,3,3,1.0
1306925,8344,8318,49929,11,11,4,7,0.6364,0.2727,0.933,10,3,3,1.0
1279244,8344,8318,49929,11,11,4,7,0.6364,0.2727,0.933,10,3,3,1.0
1307555,8344,8318,49929,11,11,4,7,0.6364,0.2727,0.933,10,3,3,1.0
1126961,12838,25250,28408,6,5,2,3,0.6,0.2,0.933,5,3,3,1.0
1126956,12838,25250,28408,6,5,2,3,0.6,0.2,0.933,5,3,3,1.0
1247642,192008,26065,29786,11,11,3,4,0.3636,0.0909,0.933,10,3,3,1.0
1146559,192008,26065,29786,11,11,3,4,0.3636,0.0909,0.933,10,3,3,1.0
1136100,192008,26065,29786,11,11,3,4,0.3636,0.0909,0.933,10,3,3,1.0
1123278,13440,13468,27505,35,35,11,24,0.6857,0.3714,0.931,34,3,3,1.0
1126980,13440,13468,27505,35,35,11,24,0.6857,0.3714,0.931,34,3,3,1.0
1123602,13440,13468,27505,35,35,11,24,0.6857,0.3714,0.931,34,3,3,1.0
1123610,13440,13468,27505,35,35,11,24,0.6857,0.3714,0.931,34,3,3,1.0
1123364,13440,13468,27505,35,35,11,24,0.6857,0.3714,0.931,34,3,3,1.0
1123612,13440,13468,27505,35,35,11,24,0.6857,0.3714,0.931,34,3,3,1.0
1123569,13440,13468,27505,35,35,11,24,0.6857,0.3714,0.931,34,3,3,1.0
1123363,13440,13468,27505,35,35,11,24,0.6857,0.3714,0.931,34,3,3,1.0
1123611,13440,13468,27505,35,35,11,24,0.6857,0.3714,0.931,34,3,3,1.0
1228733,,537451,10179,10,6,0,6,1.0,1.0,0.926,9,3,3,1.0
1039290,,537451,10179,10,6,0,6,1.0,1.0,0.926,9,3,3,1.0
1225730,,537451,10179,10,6,0,6,1.0,1.0,0.926,9,3,3,1.0
1225731,,537451,10179,10,6,0,6,1.0,1.0,0.926,9,3,3,1.0
1024899,20857,20823,6739,10,10,1,9,0.9,0.8,0.926,9,3,3,1.0
1042677,22180,6118,10898,10,10,1,9,0.9,0.8,0.926,9,3,3,1.0
1083927,16026,16033,18605,10,10,1,9,0.9,0.8,0.926,9,3,3,1.0
1189994,21233,21254,40417,10,10,1,9,0.9,0.8,0.926,9,3,3,1.0
1232995,,26101,14267,10,8,0,6,0.75,0.75,0.926,9,3,3,1.0
1149092,370332,370333,32642,10,10,2,8,0.8,0.6,0.926,9,3,3,1.0
1227473,23262,8763,45952,10,10,2,8,0.8,0.6,0.926,9,3,3,1.0
1227472,23262,8763,45952,10,10,2,8,0.8,0.6,0.926,9,3,3,1.0
1232515,537075,26101,14267,10,8,2,6,0.75,0.5,0.926,9,3,3,1.0
1096059,537075,26101,14267,10,8,2,6,0.75,0.5,0.926,9,3,3,1.0
1000818,5504,5509,165,10,10,2,5,0.5,0.3,0.926,9,3,3,1.0
1000782,5504,5509,165,10,10,2,5,0.5,0.3,0.926,9,3,3,1.0
1003642,5507,5509,165,10,10,3,5,0.5,0.2,0.926,9,3,3,1.0
1000828,5507,5509,165,10,10,3,5,0.5,0.2,0.926,9,3,3,1.0
1000816,5507,5509,165,10,10,3,5,0.5,0.2,0.926,9,3,3,1.0
1301627,7776,7769,52787,10,10,4,6,0.6,0.2,0.926,9,3,3,1.0
1301628,7776,7769,52787,10,10,4,6,0.6,0.2,0.926,9,3,3,1.0
1301775,7776,7769,52787,10,10,4,6,0.6,0.2,0.926,9,3,3,1.0
1069482,19232,19140,15732,14,14,5,6,0.4286,0.0714,0.923,13,3,3,1.0
1069481,19232,19140,15732,14,14,5,6,0.4286,0.0714,0.923,13,3,3,1.0
1069483,19232,19140,15732,14,14,5,6,0.4286,0.0714,0.923,13,3,3,1.0
1084245,19232,19140,15732,14,14,5,6,0.4286,0.0714,0.923,13,3,3,1.0
1069477,19232,19140,15732,14,14,5,6,0.4286,0.0714,0.923,13,3,3,1.0
1128446,17238,17159,29052,18,18,1,3,0.1667,0.1111,0.922,17,3,3,1.0
1298475,26668,17159,29052,18,18,1,3,0.1667,0.1111,0.922,17,3,3,1.0
1299713,26707,17159,29052,18,18,1,3,0.1667,0.1111,0.922,17,3,3,1.0
1186300,18913,18870,39510,18,18,5,7,0.3889,0.1111,0.922,17,3,3,1.0
1184803,18913,18870,39510,18,18,5,7,0.3889,0.1111,0.922,17,3,3,1.0
1184821,18913,18870,39510,18,18,5,7,0.3889,0.1111,0.922,17,3,3,1.0
1184802,18913,18870,39510,18,18,5,7,0.3889,0.1111,0.922,17,3,3,1.0
1186444,18913,18870,39510,18,18,5,7,0.3889,0.1111,0.922,17,3,3,1.0
1299647,17280,17159,29052,18,18,2,3,0.1667,0.0556,0.922,17,3,3,1.0
1299710,26682,17159,29052,18,18,2,3,0.1667,0.0556,0.922,17,3,3,1.0
1299719,17280,17159,29052,18,18,2,3,0.1667,0.0556,0.922,17,3,3,1.0
1299765,26682,17159,29052,18,18,2,3,0.1667,0.0556,0.922,17,3,3,1.0
1184869,18972,18870,39510,18,18,6,7,0.3889,0.0556,0.922,17,3,3,1.0
1184868,18972,18870,39510,18,18,6,7,0.3889,0.0556,0.922,17,3,3,1.0
1184867,18972,18870,39510,18,18,6,7,0.3889,0.0556,0.922,17,3,3,1.0
1184866,18972,18870,39510,18,18,6,7,0.3889,0.0556,0.922,17,3,3,1.0
1299763,17184,17159,29052,18,18,3,3,0.1667,0.0,0.922,17,3,3,1.0
1299723,26708,17159,29052,18,18,3,3,0.1667,0.0,0.922,17,3,3,1.0
1299764,17184,17159,29052,18,18,3,3,0.1667,0.0,0.922,17,3,3,1.0
1286059,17184,17159,29052,18,18,3,3,0.1667,0.0,0.922,17,3,3,1.0
1299653,26708,17159,29052,18,18,3,3,0.1667,0.0,0.922,17,3,3,1.0
1299722,26708,17159,29052,18,18,3,3,0.1667,0.0,0.922,17,3,3,1.0
1305941,22890,22895,30486,30,30,14,16,0.5333,0.0667,0.92,29,3,3,1.0
1305967,22890,22895,30486,30,30,14,16,0.5333,0.0667,0.92,29,3,3,1.0
1306904,22890,22895,30486,30,30,14,16,0.5333,0.0667,0.92,29,3,3,1.0
1300890,22890,22895,30486,30,30,14,16,0.5333,0.0667,0.92,29,3,3,1.0
1300887,22890,22895,30486,30,30,14,16,0.5333,0.0667,0.92,29,3,3,1.0
1300889,22890,22895,30486,30,30,14,16,0.5333,0.0667,0.92,29,3,3,1.0
1300886,22890,22895,30486,30,30,14,16,0.5333,0.0667,0.92,29,3,3,1.0
1300893,22890,22895,30486,30,30,14,16,0.5333,0.0667,0.92,29,3,3,1.0
1311677,22890,22895,30486,30,30,14,16,0.5333,0.0667,0.92,29,3,3,1.0
1300898,22890,22895,30486,30,30,14,16,0.5333,0.0667,0.92,29,3,3,1.0
1307158,22890,22895,30486,30,30,14,16,0.5333,0.0667,0.92,29,3,3,1.0
1059970,,20874,13970,9,8,0,8,1.0,1.0,0.917,8,3,3,1.0
1221587,,8218,5659,9,5,0,5,1.0,1.0,0.917,8,3,3,1.0
1221584,,8218,5659,9,5,0,5,1.0,1.0,0.917,8,3,3,1.0
1221586,,8218,5659,9,5,0,5,1.0,1.0,0.917,8,3,3,1.0
1097190,,378639,4197,5,4,0,4,1.0,1.0,0.917,4,3,3,1.0
1036407,,390901,2914,21,19,0,17,0.8947,0.8947,0.917,20,3,3,1.0
1058251,,390901,2914,21,19,0,17,0.8947,0.8947,0.917,20,3,3,1.0
1054829,33260,33261,2857,9,9,1,8,0.8889,0.7778,0.917,8,3,3,1.0
1022466,10893,24439,6133,9,9,1,8,0.8889,0.7778,0.917,8,3,3,1.0
1036052,77723,77724,9457,9,9,1,8,0.8889,0.7778,0.917,8,3,3,1.0
1082996,17486,17426,12081,9,9,1,8,0.8889,0.7778,0.917,8,3,3,1.0
1067014,156475,156483,15291,9,9,1,8,0.8889,0.7778,0.917,8,3,3,1.0
1184589,18693,18663,15791,9,9,1,8,0.8889,0.7778,0.917,8,3,3,1.0
1123083,25391,13336,27417,9,9,1,8,0.8889,0.7778,0.917,8,3,3,1.0
1219488,21186,21156,37392,9,9,1,8,0.8889,0.7778,0.917,8,3,3,1.0
1298276,50216,50210,49813,9,9,1,8,0.8889,0.7778,0.917,8,3,3,1.0
1097769,23822,23799,17239,9,9,2,7,0.7778,0.5556,0.917,8,3,3,1.0
1073862,23822,23799,17239,9,9,2,7,0.7778,0.5556,0.917,8,3,3,1.0
1277375,22673,7226,31246,9,9,1,6,0.6667,0.5556,0.917,8,3,3,1.0
1203002,18762,18764,42544,9,9,2,7,0.7778,0.5556,0.917,8,3,3,1.0
1202934,18762,18764,42544,9,9,2,7,0.7778,0.5556,0.917,8,3,3,1.0
1147525,20618,2416,19568,17,17,4,13,0.7647,0.5294,0.917,16,3,3,1.0
1145193,20618,2416,19568,17,17,4,13,0.7647,0.5294,0.917,16,3,3,1.0
1147522,20618,2416,19568,17,17,4,13,0.7647,0.5294,0.917,16,3,3,1.0
1147530,20618,2416,19568,17,17,4,13,0.7647,0.5294,0.917,16,3,3,1.0
1282841,2104,3512,16802,9,9,1,5,0.5556,0.4444,0.917,8,3,3,1.0
1249989,7240,7226,31246,9,9,2,6,0.6667,0.4444,0.917,8,3,3,1.0
1135855,7240,7226,31246,9,9,2,6,0.6667,0.4444,0.917,8,3,3,1.0
1075695,536238,3512,16802,9,9,2,5,0.5556,0.3333,0.917,8,3,3,1.0
1308778,536238,3512,16802,9,9,2,5,0.5556,0.3333,0.917,8,3,3,1.0
1137492,10103,10137,31704,9,9,2,5,0.5556,0.3333,0.917,8,3,3,1.0
1273673,10103,10137,31704,9,9,2,5,0.5556,0.3333,0.917,8,3,3,1.0
1301015,22866,7705,52629,9,9,3,6,0.6667,0.3333,0.917,8,3,3,1.0
1301017,22866,7705,52629,9,9,3,6,0.6667,0.3333,0.917,8,3,3,1.0
1301014,22866,7705,52629,9,9,3,6,0.6667,0.3333,0.917,8,3,3,1.0
1098932,21390,425182,22908,13,13,1,4,0.3077,0.2308,0.917,12,3,3,1.0
1107836,434624,425182,22908,13,13,1,4,0.3077,0.2308,0.917,12,3,3,1.0
1189091,425183,425182,22908,13,13,1,4,0.3077,0.2308,0.917,12,3,3,1.0
1138036,27,6569,31872,9,9,1,3,0.3333,0.2222,0.917,8,3,3,1.0
1297961,86050,6569,31872,9,9,1,3,0.3333,0.2222,0.917,8,3,3,1.0
1300598,28,6569,31872,9,9,1,3,0.3333,0.2222,0.917,8,3,3,1.0
1280475,19736,6569,31872,9,9,1,3,0.3333,0.2222,0.917,8,3,3,1.0
1202137,19326,19284,21710,13,13,4,6,0.4615,0.1538,0.917,12,3,3,1.0
1185204,19326,19284,21710,13,13,4,6,0.4615,0.1538,0.917,12,3,3,1.0
1202134,19326,19284,21710,13,13,4,6,0.4615,0.1538,0.917,12,3,3,1.0
1186191,19326,19284,21710,13,13,4,6,0.4615,0.1538,0.917,12,3,3,1.0
1110876,473019,477900,22708,9,7,3,4,0.5714,0.1429,0.917,8,3,3,1.0
1277457,473019,477900,22708,9,7,3,4,0.5714,0.1429,0.917,8,3,3,1.0
1277459,473019,477900,22708,9,7,3,4,0.5714,0.1429,0.917,8,3,3,1.0
1126907,25696,25723,28307,9,9,4,5,0.5556,0.1111,0.917,8,3,3,1.0
1126906,25696,25723,28307,9,9,4,5,0.5556,0.1111,0.917,8,3,3,1.0
1297960,6584,6569,31872,9,9,2,3,0.3333,0.1111,0.917,8,3,3,1.0
1297958,6584,6569,31872,9,9,2,3,0.3333,0.1111,0.917,8,3,3,1.0
1184729,26167,425182,22908,13,13,3,4,0.3077,0.0769,0.917,12,3,3,1.0
1184726,26167,425182,22908,13,13,3,4,0.3077,0.0769,0.917,12,3,3,1.0
1184728,26167,425182,22908,13,13,3,4,0.3077,0.0769,0.917,12,3,3,1.0
1266898,8304,8242,28801,16,16,1,5,0.3125,0.25,0.911,15,3,3,1.0
1221510,9722,9715,12219,16,16,2,5,0.3125,0.1875,0.911,15,3,3,1.0
1228804,9722,9715,12219,16,16,2,5,0.3125,0.1875,0.911,15,3,3,1.0
1217917,9656,9715,12219,16,16,2,5,0.3125,0.1875,0.911,15,3,3,1.0
1272537,9656,9715,12219,16,16,2,5,0.3125,0.1875,0.911,15,3,3,1.0
1311450,8357,8242,28801,16,16,2,5,0.3125,0.1875,0.911,15,3,3,1.0
1311453,8357,8242,28801,16,16,2,5,0.3125,0.1875,0.911,15,3,3,1.0
1228849,9671,9715,12219,16,16,3,5,0.3125,0.125,0.911,15,3,3,1.0
1289727,9671,9715,12219,16,16,3,5,0.3125,0.125,0.911,15,3,3,1.0
1266046,9671,9715,12219,16,16,3,5,0.3125,0.125,0.911,15,3,3,1.0
1221912,19996,12072,39213,16,16,1,3,0.1875,0.125,0.911,15,3,3,1.0
1221963,12258,12072,39213,16,16,1,3,0.1875,0.125,0.911,15,3,3,1.0
1302115,8334,8242,28801,16,16,4,5,0.3125,0.0625,0.911,15,3,3,1.0
1309842,8334,8242,28801,16,16,4,5,0.3125,0.0625,0.911,15,3,3,1.0
1266895,8334,8242,28801,16,16,4,5,0.3125,0.0625,0.911,15,3,3,1.0
1309843,8334,8242,28801,16,16,4,5,0.3125,0.0625,0.911,15,3,3,1.0
1182966,12274,12072,39213,16,16,2,3,0.1875,0.0625,0.911,15,3,3,1.0
1221946,12274,12072,39213,16,16,2,3,0.1875,0.0625,0.911,15,3,3,1.0
1223089,12137,12072,39213,16,16,3,3,0.1875,0.0,0.911,15,3,3,1.0
1221967,24853,12072,39213,16,16,3,3,0.1875,0.0,0.911,15,3,3,1.0
1221966,12225,12072,39213,16,16,3,3,0.1875,0.0,0.911,15,3,3,1.0
1221964,12225,12072,39213,16,16,3,3,0.1875,0.0,0.911,15,3,3,1.0
1222937,24853,12072,39213,16,16,3,3,0.1875,0.0,0.911,15,3,3,1.0
1221950,12225,12072,39213,16,16,3,3,0.1875,0.0,0.911,15,3,3,1.0
1222939,24853,12072,39213,16,16,3,3,0.1875,0.0,0.911,15,3,3,1.0
1045642,375116,375117,11491,12,12,2,10,0.8333,0.6667,0.909,11,3,3,1.0
1273563,10396,24055,26635,23,23,4,6,0.2609,0.087,0.909,22,3,3,1.0
1289542,10396,24055,26635,23,23,4,6,0.2609,0.087,0.909,22,3,3,1.0
1273717,10396,24055,26635,23,23,4,6,0.2609,0.087,0.909,22,3,3,1.0
1289541,24147,24055,26635,23,23,4,6,0.2609,0.087,0.909,22,3,3,1.0
1118776,24147,24055,26635,23,23,4,6,0.2609,0.087,0.909,22,3,3,1.0
1135251,24147,24055,26635,23,23,4,6,0.2609,0.087,0.909,22,3,3,1.0
1273716,24147,24055,26635,23,23,4,6,0.2609,0.087,0.909,22,3,3,1.0
1273718,10396,24055,26635,23,23,4,6,0.2609,0.087,0.909,22,3,3,1.0
1273715,24183,24055,26635,23,23,6,6,0.2609,0.0,0.909,22,3,3,1.0
1287298,24183,24055,26635,23,23,6,6,0.2609,0.0,0.909,22,3,3,1.0
1287934,24183,24055,26635,23,23,6,6,0.2609,0.0,0.909,22,3,3,1.0
1287296,24183,24055,26635,23,23,6,6,0.2609,0.0,0.909,22,3,3,1.0
1287295,24183,24055,26635,23,23,6,6,0.2609,0.0,0.909,22,3,3,1.0
1287297,24183,24055,26635,23,23,6,6,0.2609,0.0,0.909,22,3,3,1.0
1232528,,506687,26768,8,7,0,7,1.0,1.0,0.905,7,3,3,1.0
1205993,2961,2920,31721,15,15,1,14,0.9333,0.8667,0.905,14,3,3,1.0
1132965,12680,12656,520,8,8,1,7,0.875,0.75,0.905,7,3,3,1.0
1012954,10245,24288,2285,8,8,1,7,0.875,0.75,0.905,7,3,3,1.0
1025644,12688,25174,2482,8,8,1,7,0.875,0.75,0.905,7,3,3,1.0
1008288,11349,24576,2657,8,8,1,7,0.875,0.75,0.905,7,3,3,1.0
1095103,390688,390689,4583,8,8,1,7,0.875,0.75,0.905,7,3,3,1.0
1074775,25510,13671,4948,8,8,1,7,0.875,0.75,0.905,7,3,3,1.0
1094294,16860,16909,21939,8,8,1,7,0.875,0.75,0.905,7,3,3,1.0
1200535,24398,10873,22582,8,8,1,7,0.875,0.75,0.905,7,3,3,1.0
1099523,13025,13076,23033,8,8,1,7,0.875,0.75,0.905,7,3,3,1.0
1167629,18153,27049,36422,8,8,1,6,0.75,0.625,0.905,7,3,3,1.0
1167631,27061,27049,36422,8,8,1,6,0.75,0.625,0.905,7,3,3,1.0
1026068,24035,24062,2064,8,8,1,5,0.625,0.5,0.905,7,3,3,1.0
1218811,19212,19213,21331,8,8,2,6,0.75,0.5,0.905,7,3,3,1.0
1109075,26584,16913,24104,8,8,2,6,0.75,0.5,0.905,7,3,3,1.0
1109074,26584,16913,24104,8,8,2,6,0.75,0.5,0.905,7,3,3,1.0
1220940,12542,12534,27331,8,8,2,6,0.75,0.5,0.905,7,3,3,1.0
1125280,12542,12534,27331,8,8,2,6,0.75,0.5,0.905,7,3,3,1.0
1123181,12834,20017,27466,8,8,1,5,0.625,0.5,0.905,7,3,3,1.0
1183659,14699,14616,35589,8,8,2,6,0.75,0.5,0.905,7,3,3,1.0
1184444,14699,14616,35589,8,8,2,6,0.75,0.5,0.905,7,3,3,1.0
1006011,30364,24062,2064,8,8,2,5,0.625,0.375,0.905,7,3,3,1.0
1156685,3374,328635,26873,8,8,2,5,0.625,0.375,0.905,7,3,3,1.0
1156682,3374,328635,26873,8,8,2,5,0.625,0.375,0.905,7,3,3,1.0
1127048,12833,20017,27466,8,8,2,5,0.625,0.375,0.905,7,3,3,1.0
1127100,12833,20017,27466,8,8,2,5,0.625,0.375,0.905,7,3,3,1.0
1275866,52446,9862,29745,8,8,1,3,0.375,0.25,0.905,7,3,3,1.0
1275736,55966,9862,29745,8,8,1,3,0.375,0.25,0.905,7,3,3,1.0
1132077,7436,7456,29844,8,8,3,5,0.625,0.25,0.905,7,3,3,1.0
1300076,7436,7456,29844,8,8,3,5,0.625,0.25,0.905,7,3,3,1.0
1300075,7436,7456,29844,8,8,3,5,0.625,0.25,0.905,7,3,3,1.0
1163118,377926,376994,26889,8,8,1,2,0.25,0.125,0.905,7,3,3,1.0
1159697,21496,376994,26889,8,8,1,2,0.25,0.125,0.905,7,3,3,1.0
1159695,3955,376994,26889,8,8,1,2,0.25,0.125,0.905,7,3,3,1.0
1159614,3931,376994,26889,8,8,1,2,0.25,0.125,0.905,7,3,3,1.0
1121097,377925,376994,26889,8,8,1,2,0.25,0.125,0.905,7,3,3,1.0
1131750,23780,9862,29745,8,8,2,3,0.375,0.125,0.905,7,3,3,1.0
1133646,23780,9862,29745,8,8,2,3,0.375,0.125,0.905,7,3,3,1.0
1308057,8075,8033,49908,8,8,4,4,0.5,0.0,0.905,7,3,3,1.0
1308056,8075,8033,49908,8,8,4,4,0.5,0.0,0.905,7,3,3,1.0
1308054,8075,8033,49908,8,8,4,4,0.5,0.0,0.905,7,3,3,1.0
1066286,21963,21961,4740,11,11,4,7,0.6364,0.2727,0.9,10,3,3,1.0
1066261,21963,21961,4740,11,11,4,7,0.6364,0.2727,0.9,10,3,3,1.0
1011710,375502,375501,3588,14,14,1,13,0.9286,0.8571,0.897,13,3,3,1.0
1007880,71011,80608,1601,27,27,6,10,0.3704,0.1481,0.897,26,3,3,1.0
1127292,71011,80608,1601,27,27,6,10,0.3704,0.1481,0.897,26,3,3,1.0
1052536,71011,80608,1601,27,27,6,10,0.3704,0.1481,0.897,26,3,3,1.0
1004946,71011,80608,1601,27,27,6,10,0.3704,0.1481,0.897,26,3,3,1.0
1004949,71011,80608,1601,27,27,6,10,0.3704,0.1481,0.897,26,3,3,1.0
1004947,71011,80608,1601,27,27,6,10,0.3704,0.1481,0.897,26,3,3,1.0
1004720,123833,80608,1601,27,27,7,10,0.3704,0.1111,0.897,26,3,3,1.0
1008159,123833,80608,1601,27,27,7,10,0.3704,0.1111,0.897,26,3,3,1.0
1008158,123833,80608,1601,27,27,7,10,0.3704,0.1111,0.897,26,3,3,1.0
1007877,123833,80608,1601,27,27,7,10,0.3704,0.1111,0.897,26,3,3,1.0
1008591,123833,80608,1601,27,27,7,10,0.3704,0.1111,0.897,26,3,3,1.0
1004718,123833,80608,1601,27,27,7,10,0.3704,0.1111,0.897,26,3,3,1.0
1049048,123833,80608,1601,27,27,7,10,0.3704,0.1111,0.897,26,3,3,1.0
1232949,,537134,26772,7,5,0,5,1.0,1.0,0.889,6,3,3,1.0
1302977,,390531,4855,7,4,0,4,1.0,1.0,0.889,6,3,3,1.0
1020775,9027,8974,5668,10,10,1,9,0.9,0.8,0.889,9,3,3,1.0
1097193,,391152,22483,7,5,0,4,0.8,0.8,0.889,6,3,3,1.0
1003804,19691,19694,179,7,7,1,6,0.8571,0.7143,0.889,6,3,3,1.0
1093324,17670,17644,1154,7,7,1,6,0.8571,0.7143,0.889,6,3,3,1.0
1003612,19695,19685,1227,7,7,1,6,0.8571,0.7143,0.889,6,3,3,1.0
1029861,278085,278086,7952,7,7,1,6,0.8571,0.7143,0.889,6,3,3,1.0
1033813,109419,109114,8959,7,7,1,6,0.8571,0.7143,0.889,6,3,3,1.0
1081247,26260,26253,14072,7,7,1,6,0.8571,0.7143,0.889,6,3,3,1.0
1065967,128624,128625,15056,7,7,1,6,0.8571,0.7143,0.889,6,3,3,1.0
1277325,1785,1820,23523,7,7,1,6,0.8571,0.7143,0.889,6,3,3,1.0
1142805,14125,25615,26219,7,7,1,6,0.8571,0.7143,0.889,6,3,3,1.0
1175048,143999,143998,37589,7,7,1,6,0.8571,0.7143,0.889,6,3,3,1.0
1175511,13459,25417,37729,7,7,1,6,0.8571,0.7143,0.889,6,3,3,1.0
1225828,8040,23010,45490,7,7,1,6,0.8571,0.7143,0.889,6,3,3,1.0
1273312,11600,11562,47690,7,7,1,6,0.8571,0.7143,0.889,6,3,3,1.0
1282696,19370,27337,50909,7,7,1,6,0.8571,0.7143,0.889,6,3,3,1.0
1310314,6044,49250,53381,7,7,1,6,0.8571,0.7143,0.889,6,3,3,1.0
1013819,,453917,760,7,5,0,3,0.6,0.6,0.889,6,3,3,1.0
1133253,391151,391152,22483,7,5,1,4,0.8,0.6,0.889,6,3,3,1.0
1206445,2918,20994,31918,7,7,1,5,0.7143,0.5714,0.889,6,3,3,1.0
1281684,4979,27080,45315,7,7,1,5,0.7143,0.5714,0.889,6,3,3,1.0
1124725,1755,20257,27859,4,4,1,3,0.75,0.5,0.889,3,3,3,1.0
1188850,4462,4479,40152,4,4,1,3,0.75,0.5,0.889,3,3,3,1.0
1003724,19678,19680,1272,7,7,2,5,0.7143,0.4286,0.889,6,3,3,1.0
1207441,10729,10711,41022,7,7,2,5,0.7143,0.4286,0.889,6,3,3,1.0
1143826,18954,453917,760,7,5,1,3,0.6,0.4,0.889,6,3,3,1.0
1001983,453918,453917,760,7,5,1,3,0.6,0.4,0.889,6,3,3,1.0
1304026,537133,537135,8897,7,6,2,4,0.6667,0.3333,0.889,6,3,3,1.0
1119304,537133,537135,8897,7,6,2,4,0.6667,0.3333,0.889,6,3,3,1.0
1041376,7892,22915,1201,7,7,3,4,0.5714,0.1429,0.889,6,3,3,1.0
1041375,7892,22915,1201,7,7,3,4,0.5714,0.1429,0.889,6,3,3,1.0
1004456,8540,23201,1532,7,7,3,4,0.5714,0.1429,0.889,6,3,3,1.0
1004455,8540,23201,1532,7,7,3,4,0.5714,0.1429,0.889,6,3,3,1.0
1052984,51483,26437,12367,7,7,1,2,0.2857,0.1429,0.889,6,3,3,1.0
1188431,4231,26437,12367,7,7,1,2,0.2857,0.1429,0.889,6,3,3,1.0
1067526,16563,26437,12367,7,7,1,2,0.2857,0.1429,0.889,6,3,3,1.0
1089020,4156,26437,12367,7,7,1,2,0.2857,0.1429,0.889,6,3,3,1.0
1089642,14438,14470,18294,7,7,3,4,0.5714,0.1429,0.889,6,3,3,1.0
1083344,14438,14470,18294,7,7,3,4,0.5714,0.1429,0.889,6,3,3,1.0
1081452,14131,14104,18703,7,7,3,4,0.5714,0.1429,0.889,6,3,3,1.0
1081502,14131,14104,18703,7,7,3,4,0.5714,0.1429,0.889,6,3,3,1.0
1113972,26850,17737,24730,7,7,3,4,0.5714,0.1429,0.889,6,3,3,1.0
1113974,26850,17737,24730,7,7,3,4,0.5714,0.1429,0.889,6,3,3,1.0
1277051,25667,25668,31705,7,7,3,4,0.5714,0.1429,0.889,6,3,3,1.0
1277050,25667,25668,31705,7,7,3,4,0.5714,0.1429,0.889,6,3,3,1.0
1224990,8098,8059,45365,7,7,3,4,0.5714,0.1429,0.889,6,3,3,1.0
1308084,8098,8059,45365,7,7,3,4,0.5714,0.1429,0.889,6,3,3,1.0
1308082,8098,8059,45365,7,7,3,4,0.5714,0.1429,0.889,6,3,3,1.0
1280446,7974,22954,50312,7,7,3,4,0.5714,0.1429,0.889,6,3,3,1.0
1306023,7974,22954,50312,7,7,3,4,0.5714,0.1429,0.889,6,3,3,1.0
1302285,22605,22585,52897,7,7,3,4,0.5714,0.1429,0.889,6,3,3,1.0
1302139,22605,22585,52897,7,7,3,4,0.5714,0.1429,0.889,6,3,3,1.0
1302289,22605,22585,52897,7,7,3,4,0.5714,0.1429,0.889,6,3,3,1.0
1303434,57245,7149,28962,7,7,3,3,0.4286,0.0,0.889,6,3,3,1.0
1303435,57245,7149,28962,7,7,3,3,0.4286,0.0,0.889,6,3,3,1.0
1303205,57245,7149,28962,7,7,3,3,0.4286,0.0,0.889,6,3,3,1.0
1170533,10785,10724,37129,7,7,3,3,0.4286,0.0,0.889,6,3,3,1.0
1170532,10785,10724,37129,7,7,3,3,0.4286,0.0,0.889,6,3,3,1.0
1196254,10785,10724,37129,7,7,3,3,0.4286,0.0,0.889,6,3,3,1.0
1115512,12808,12783,20746,7,6,3,3,0.5,0.0,0.889,6,3,3,1.0
1159953,12808,12783,20746,7,6,3,3,0.5,0.0,0.889,6,3,3,1.0
1115477,12808,12783,20746,7,6,3,3,0.5,0.0,0.889,6,3,3,1.0
1233033,,415422,15516,12,7,0,4,0.5714,0.5714,0.879,11,3,3,1.0
1232955,,415422,15516,12,7,0,4,0.5714,0.5714,0.879,11,3,3,1.0
1096703,,415422,15516,12,7,0,4,0.5714,0.5714,0.879,11,3,3,1.0
1232469,415420,415422,15516,12,7,3,4,0.5714,0.1429,0.879,11,3,3,1.0
1118887,415420,415422,15516,12,7,3,4,0.5714,0.1429,0.879,11,3,3,1.0
1209137,415420,415422,15516,12,7,3,4,0.5714,0.1429,0.879,11,3,3,1.0
1074998,133,165,13871,12,12,2,3,0.25,0.0833,0.879,11,3,3,1.0
1302919,134,165,13871,12,12,2,3,0.25,0.0833,0.879,11,3,3,1.0
1300288,178,165,13871,12,12,2,3,0.25,0.0833,0.879,11,3,3,1.0
1301281,133,165,13871,12,12,2,3,0.25,0.0833,0.879,11,3,3,1.0
1304760,178,165,13871,12,12,2,3,0.25,0.0833,0.879,11,3,3,1.0
1304758,134,165,13871,12,12,2,3,0.25,0.0833,0.879,11,3,3,1.0
1059683,175,165,13871,12,12,3,3,0.25,0.0,0.879,11,3,3,1.0
1123073,13336,25391,27418,9,9,1,8,0.8889,0.7778,0.875,8,3,3,1.0
1187246,4101,4086,4969,17,17,1,5,0.2941,0.2353,0.875,16,3,3,1.0
1219563,4088,4086,4969,17,17,1,5,0.2941,0.2353,0.875,16,3,3,1.0
1164357,4072,4086,4969,17,17,1,5,0.2941,0.2353,0.875,16,3,3,1.0
1180507,4064,4086,4969,17,17,2,5,0.2941,0.1765,0.875,16,3,3,1.0
1165878,4052,4086,4969,17,17,2,5,0.2941,0.1765,0.875,16,3,3,1.0
1190306,4064,4086,4969,17,17,2,5,0.2941,0.1765,0.875,16,3,3,1.0
1133643,4052,4086,4969,17,17,2,5,0.2941,0.1765,0.875,16,3,3,1.0
1027963,278398,274876,3242,17,17,8,9,0.5294,0.0588,0.875,16,3,3,1.0
1034631,278398,274876,3242,17,17,8,9,0.5294,0.0588,0.875,16,3,3,1.0
1219561,4113,4086,4969,17,17,4,5,0.2941,0.0588,0.875,16,3,3,1.0
1187140,4113,4086,4969,17,17,4,5,0.2941,0.0588,0.875,16,3,3,1.0
1000526,,1517,4,11,10,0,10,1.0,1.0,0.867,10,3,3,1.0
1109514,,536226,12954,6,4,0,4,1.0,1.0,0.867,5,3,3,1.0
1126397,2530,2467,27316,11,11,1,10,0.9091,0.8182,0.867,10,3,3,1.0
1109953,27199,27192,4928,6,6,1,5,0.8333,0.6667,0.867,5,3,3,1.0
1187689,3084,3113,39951,6,6,1,5,0.8333,0.6667,0.867,5,3,3,1.0
1286318,9891,9815,48802,6,6,1,5,0.8333,0.6667,0.867,5,3,3,1.0
1289307,17834,17849,50091,6,6,1,5,0.8333,0.6667,0.867,5,3,3,1.0
1310394,100765,100766,53360,6,6,1,5,0.8333,0.6667,0.867,5,3,3,1.0
1134141,384796,384797,4359,11,11,2,9,0.8182,0.6364,0.867,10,3,3,1.0
1062681,281923,281924,14693,6,5,1,4,0.8,0.6,0.867,5,3,3,1.0
1089682,47027,1800,13788,16,16,2,10,0.625,0.5,0.867,15,3,3,1.0
1205564,47027,1800,13788,16,16,2,10,0.625,0.5,0.867,15,3,3,1.0
1267906,8976,8949,2745,6,6,1,4,0.6667,0.5,0.867,5,3,3,1.0
1267905,9014,8949,2745,6,6,1,4,0.6667,0.5,0.867,5,3,3,1.0
1265302,14421,444268,2372,11,11,2,7,0.6364,0.4545,0.867,10,3,3,1.0
1127095,2498,444268,2372,11,11,2,7,0.6364,0.4545,0.867,10,3,3,1.0
1127091,2498,444268,2372,11,11,2,7,0.6364,0.4545,0.867,10,3,3,1.0
1044359,536811,536191,9229,6,5,1,3,0.6,0.4,0.867,5,3,3,1.0
1034938,536814,536191,9229,6,5,1,3,0.6,0.4,0.867,5,3,3,1.0
1302306,22490,6852,49489,16,16,5,11,0.6875,0.375,0.867,15,3,3,1.0
1302087,22490,6852,49489,16,16,5,11,0.6875,0.375,0.867,15,3,3,1.0
1302096,22490,6852,49489,16,16,5,11,0.6875,0.375,0.867,15,3,3,1.0
1302089,22490,6852,49489,16,16,5,11,0.6875,0.375,0.867,15,3,3,1.0
1303110,22490,6852,49489,16,16,5,11,0.6875,0.375,0.867,15,3,3,1.0
1222894,10855,24446,28710,6,6,2,4,0.6667,0.3333,0.867,5,3,3,1.0
1222895,10855,24446,28710,6,6,2,4,0.6667,0.3333,0.867,5,3,3,1.0
1272599,8735,8816,47419,6,6,2,4,0.6667,0.3333,0.867,5,3,3,1.0
1105907,16971,16995,4338,6,5,2,3,0.6,0.2,0.867,5,3,3,1.0
1105922,16971,16995,4338,6,5,2,3,0.6,0.2,0.867,5,3,3,1.0
1302934,7959,7896,52647,16,16,3,6,0.375,0.1875,0.867,15,3,3,1.0
1302937,7959,7896,52647,16,16,3,6,0.375,0.1875,0.867,15,3,3,1.0
1304665,7959,7896,52647,16,16,3,6,0.375,0.1875,0.867,15,3,3,1.0
1180257,16373,16531,38950,11,11,2,4,0.3636,0.1818,0.867,10,3,3,1.0
1180256,16373,16531,38950,11,11,2,4,0.3636,0.1818,0.867,10,3,3,1.0
1304666,22952,7896,52647,16,16,4,6,0.375,0.125,0.867,15,3,3,1.0
1304299,22952,7896,52647,16,16,4,6,0.375,0.125,0.867,15,3,3,1.0
1304663,22952,7896,52647,16,16,4,6,0.375,0.125,0.867,15,3,3,1.0
1199470,9544,9533,3348,11,11,4,5,0.4545,0.0909,0.867,10,3,3,1.0
1198912,9544,9533,3348,11,11,4,5,0.4545,0.0909,0.867,10,3,3,1.0
1199473,9544,9533,3348,11,11,4,5,0.4545,0.0909,0.867,10,3,3,1.0
1198913,9544,9533,3348,11,11,4,5,0.4545,0.0909,0.867,10,3,3,1.0
1301130,22501,6905,22818,11,11,5,6,0.5455,0.0909,0.867,10,3,3,1.0
1301147,22501,6905,22818,11,11,5,6,0.5455,0.0909,0.867,10,3,3,1.0
1301163,22501,6905,22818,11,11,5,6,0.5455,0.0909,0.867,10,3,3,1.0
1180247,16390,16531,38950,11,11,3,4,0.3636,0.0909,0.867,10,3,3,1.0
1180250,16390,16531,38950,11,11,3,4,0.3636,0.0909,0.867,10,3,3,1.0
1180258,16390,16531,38950,11,11,3,4,0.3636,0.0909,0.867,10,3,3,1.0
1298409,7666,7614,51296,16,16,4,5,0.3125,0.0625,0.867,15,3,3,1.0
1298407,7666,7614,51296,16,16,4,5,0.3125,0.0625,0.867,15,3,3,1.0
1286818,7615,7614,51296,16,16,4,5,0.3125,0.0625,0.867,15,3,3,1.0
1286822,7615,7614,51296,16,16,4,5,0.3125,0.0625,0.867,15,3,3,1.0
1286820,7615,7614,51296,16,16,4,5,0.3125,0.0625,0.867,15,3,3,1.0
1298408,7666,7614,51296,16,16,4,5,0.3125,0.0625,0.867,15,3,3,1.0
1286747,7666,7614,51296,16,16,4,5,0.3125,0.0625,0.867,15,3,3,1.0
1286821,7615,7614,51296,16,16,4,5,0.3125,0.0625,0.867,15,3,3,1.0
1271444,10332,10287,47277,13,13,2,6,0.4615,0.3077,0.861,12,3,3,1.0
1287285,10332,10287,47277,13,13,2,6,0.4615,0.3077,0.861,12,3,3,1.0
1101547,26503,16641,9140,13,13,3,5,0.3846,0.1538,0.861,12,3,3,1.0
1101521,26503,16641,9140,13,13,3,5,0.3846,0.1538,0.861,12,3,3,1.0
1101519,26503,16641,9140,13,13,3,5,0.3846,0.1538,0.861,12,3,3,1.0
1020099,23639,9317,5519,8,8,2,6,0.75,0.5,0.857,7,3,3,1.0
1027851,23639,9317,5519,8,8,2,6,0.75,0.5,0.857,7,3,3,1.0
1303911,7120,7190,46866,10,10,1,9,0.9,0.8,0.852,9,3,3,1.0
1108598,19201,19217,24698,10,10,1,5,0.5,0.4,0.852,9,3,3,1.0
1176110,12147,12285,3703,19,19,1,5,0.2632,0.2105,0.852,18,3,3,1.0
1274436,25387,13343,12241,10,10,2,4,0.4,0.2,0.852,9,3,3,1.0
1205876,25387,13343,12241,10,10,2,4,0.4,0.2,0.852,9,3,3,1.0
1274531,42204,42203,28198,10,10,4,6,0.6,0.2,0.852,9,3,3,1.0
1126529,42204,42203,28198,10,10,4,6,0.6,0.2,0.852,9,3,3,1.0
1274473,42204,42203,28198,10,10,4,6,0.6,0.2,0.852,9,3,3,1.0
1274527,42204,42203,28198,10,10,4,6,0.6,0.2,0.852,9,3,3,1.0
1106648,205116,12285,3703,19,19,2,5,0.2632,0.1579,0.852,18,3,3,1.0
1181386,12030,12285,3703,19,19,2,5,0.2632,0.1579,0.852,18,3,3,1.0
1164079,205116,12285,3703,19,19,2,5,0.2632,0.1579,0.852,18,3,3,1.0
1174823,12030,12285,3703,19,19,2,5,0.2632,0.1579,0.852,18,3,3,1.0
1174822,11888,12285,3703,19,19,3,5,0.2632,0.1053,0.852,18,3,3,1.0
1176109,12232,12285,3703,19,19,3,5,0.2632,0.1053,0.852,18,3,3,1.0
1174821,12232,12285,3703,19,19,3,5,0.2632,0.1053,0.852,18,3,3,1.0
1176111,12232,12285,3703,19,19,3,5,0.2632,0.1053,0.852,18,3,3,1.0
1059445,11888,12285,3703,19,19,3,5,0.2632,0.1053,0.852,18,3,3,1.0
1227916,570,555,28735,10,10,4,4,0.4,0.0,0.852,9,3,3,1.0
1197923,570,555,28735,10,10,4,4,0.4,0.0,0.852,9,3,3,1.0
1228522,570,555,28735,10,10,4,4,0.4,0.0,0.852,9,3,3,1.0
1228523,570,555,28735,10,10,4,4,0.4,0.0,0.852,9,3,3,1.0
1005593,1019,345275,1920,12,12,1,10,0.8333,0.75,0.848,11,3,3,1.0
1289628,9869,9860,48308,14,14,3,5,0.3571,0.1429,0.846,13,3,3,1.0
1289626,9869,9860,48308,14,14,3,5,0.3571,0.1429,0.846,13,3,3,1.0
1289530,9869,9860,48308,14,14,3,5,0.3571,0.1429,0.846,13,3,3,1.0
1309755,8359,8277,53226,14,14,3,4,0.2857,0.0714,0.846,13,3,3,1.0
1309757,8359,8277,53226,14,14,3,4,0.2857,0.0714,0.846,13,3,3,1.0
1309751,8359,8277,53226,14,14,3,4,0.2857,0.0714,0.846,13,3,3,1.0
1312236,8497,8277,53226,14,14,4,4,0.2857,0.0,0.846,13,3,3,1.0
1312235,8497,8277,53226,14,14,4,4,0.2857,0.0,0.846,13,3,3,1.0
1312237,8497,8277,53226,14,14,4,4,0.2857,0.0,0.846,13,3,3,1.0
1312234,8497,8277,53226,14,14,4,4,0.2857,0.0,0.846,13,3,3,1.0
1286596,160956,7237,22485,18,18,1,4,0.2222,0.1667,0.843,17,3,3,1.0
1286595,160958,7237,22485,18,18,2,4,0.2222,0.1111,0.843,17,3,3,1.0
1096314,160958,7237,22485,18,18,2,4,0.2222,0.1111,0.843,17,3,3,1.0
1289251,7221,7237,22485,18,18,3,4,0.2222,0.0556,0.843,17,3,3,1.0
1289252,7221,7237,22485,18,18,3,4,0.2222,0.0556,0.843,17,3,3,1.0
1309074,7221,7237,22485,18,18,3,4,0.2222,0.0556,0.843,17,3,3,1.0
1286580,160957,7237,22485,18,18,4,4,0.2222,0.0,0.843,17,3,3,1.0
1286582,160957,7237,22485,18,18,4,4,0.2222,0.0,0.843,17,3,3,1.0
1286581,160957,7237,22485,18,18,4,4,0.2222,0.0,0.843,17,3,3,1.0
1286579,160957,7237,22485,18,18,4,4,0.2222,0.0,0.843,17,3,3,1.0
1048004,349595,349596,11918,9,9,1,8,0.8889,0.7778,0.833,8,3,3,1.0
1092288,25421,13474,21296,9,9,1,8,0.8889,0.7778,0.833,8,3,3,1.0
1115883,25381,25384,26382,5,5,1,4,0.8,0.6,0.833,4,3,3,1.0
1202279,18218,18255,36400,5,5,1,4,0.8,0.6,0.833,4,3,3,1.0
1298072,7742,7693,51992,5,5,1,4,0.8,0.6,0.833,4,3,3,1.0
1034187,294076,309758,8914,9,9,2,7,0.7778,0.5556,0.833,8,3,3,1.0
1034188,294076,309758,8914,9,9,2,7,0.7778,0.5556,0.833,8,3,3,1.0
1247604,,530638,9572,13,12,0,5,0.4167,0.4167,0.833,12,3,3,1.0
1136253,13564,13630,27269,5,5,1,3,0.6,0.4,0.833,4,3,3,1.0
1056409,375966,375965,3625,9,9,3,6,0.6667,0.3333,0.833,8,3,3,1.0
1011841,375966,375965,3625,9,9,3,6,0.6667,0.3333,0.833,8,3,3,1.0
1011804,375966,375965,3625,9,9,3,6,0.6667,0.3333,0.833,8,3,3,1.0
1069798,202556,144329,14869,9,9,2,5,0.5556,0.3333,0.833,8,3,3,1.0
1063507,202556,144329,14869,9,9,2,5,0.5556,0.3333,0.833,8,3,3,1.0
1132151,257926,259844,29864,9,9,1,4,0.4444,0.3333,0.833,8,3,3,1.0
1288592,19735,20,51592,3,3,1,2,0.6667,0.3333,0.833,2,3,3,1.0
1182958,7744,7850,29717,17,17,1,5,0.2941,0.2353,0.833,16,3,3,1.0
1169764,13610,43484,3886,9,9,1,3,0.3333,0.2222,0.833,8,3,3,1.0
1132493,13683,43484,3886,9,9,1,3,0.3333,0.2222,0.833,8,3,3,1.0
1169729,13564,43484,3886,9,9,1,3,0.3333,0.2222,0.833,8,3,3,1.0
1174238,13612,43484,3886,9,9,1,3,0.3333,0.2222,0.833,8,3,3,1.0
1132146,259196,259844,29864,9,9,2,4,0.4444,0.2222,0.833,8,3,3,1.0
1132153,259196,259844,29864,9,9,2,4,0.4444,0.2222,0.833,8,3,3,1.0
1153370,9523,9543,26634,17,17,4,7,0.4118,0.1765,0.833,16,3,3,1.0
1198467,9523,9543,26634,17,17,4,7,0.4118,0.1765,0.833,16,3,3,1.0
1198466,9523,9543,26634,17,17,4,7,0.4118,0.1765,0.833,16,3,3,1.0
1283288,9523,9543,26634,17,17,4,7,0.4118,0.1765,0.833,16,3,3,1.0
1287063,22691,7353,49037,21,21,2,5,0.2381,0.1429,0.833,20,3,3,1.0
1283250,22691,7353,49037,21,21,2,5,0.2381,0.1429,0.833,20,3,3,1.0
1298970,7746,7850,29717,17,17,3,5,0.2941,0.1176,0.833,16,3,3,1.0
1289255,7746,7850,29717,17,17,3,5,0.2941,0.1176,0.833,16,3,3,1.0
1298968,7746,7850,29717,17,17,3,5,0.2941,0.1176,0.833,16,3,3,1.0
1283189,7304,7353,49037,21,21,3,5,0.2381,0.0952,0.833,20,3,3,1.0
1300213,22710,7353,49037,21,21,3,5,0.2381,0.0952,0.833,20,3,3,1.0
1300217,7304,7353,49037,21,21,3,5,0.2381,0.0952,0.833,20,3,3,1.0
1283191,22709,7353,49037,21,21,3,5,0.2381,0.0952,0.833,20,3,3,1.0
1300210,22710,7353,49037,21,21,3,5,0.2381,0.0952,0.833,20,3,3,1.0
1283251,22709,7353,49037,21,21,3,5,0.2381,0.0952,0.833,20,3,3,1.0
1283190,7304,7353,49037,21,21,3,5,0.2381,0.0952,0.833,20,3,3,1.0
1300244,22710,7353,49037,21,21,3,5,0.2381,0.0952,0.833,20,3,3,1.0
1283192,22709,7353,49037,21,21,3,5,0.2381,0.0952,0.833,20,3,3,1.0
1281589,530637,530638,9572,13,12,4,5,0.4167,0.0833,0.833,12,3,3,1.0
1138716,530637,530638,9572,13,12,4,5,0.4167,0.0833,0.833,12,3,3,1.0
1262410,530637,530638,9572,13,12,4,5,0.4167,0.0833,0.833,12,3,3,1.0
1166258,530637,530638,9572,13,12,4,5,0.4167,0.0833,0.833,12,3,3,1.0
1298966,7735,7850,29717,17,17,4,5,0.2941,0.0588,0.833,16,3,3,1.0
1298969,7735,7850,29717,17,17,4,5,0.2941,0.0588,0.833,16,3,3,1.0
1298967,7735,7850,29717,17,17,4,5,0.2941,0.0588,0.833,16,3,3,1.0
1289256,7735,7850,29717,17,17,4,5,0.2941,0.0588,0.833,16,3,3,1.0
1189832,375949,4459,91,5,5,2,2,0.4,0.0,0.833,4,3,3,1.0
1185511,375949,4459,91,5,5,2,2,0.4,0.0,0.833,4,3,3,1.0
1059182,375500,375499,12830,12,12,1,11,0.9167,0.8333,0.818,11,3,3,1.0
1180891,26413,16379,30601,12,12,1,7,0.5833,0.5,0.818,11,3,3,1.0
1181210,16378,16379,30601,12,12,1,7,0.5833,0.5,0.818,11,3,3,1.0
1090311,15422,15426,18662,12,12,4,5,0.4167,0.0833,0.818,11,3,3,1.0
1090286,15422,15426,18662,12,12,4,5,0.4167,0.0833,0.818,11,3,3,1.0
1090287,15422,15426,18662,12,12,4,5,0.4167,0.0833,0.818,11,3,3,1.0
1090309,15422,15426,18662,12,12,4,5,0.4167,0.0833,0.818,11,3,3,1.0
1102963,16608,16600,21895,17,17,3,5,0.2941,0.1176,0.812,16,3,3,1.0
1171799,16608,16600,21895,17,17,3,5,0.2941,0.1176,0.812,16,3,3,1.0
1102964,16608,16600,21895,17,17,3,5,0.2941,0.1176,0.812,16,3,3,1.0
1227729,8112,22990,3683,8,8,1,7,0.875,0.75,0.81,7,3,3,1.0
1033564,350075,349900,8919,8,8,1,7,0.875,0.75,0.81,7,3,3,1.0
1040942,34530,23353,10324,8,8,1,7,0.875,0.75,0.81,7,3,3,1.0
1042947,237757,237755,10720,8,8,1,7,0.875,0.75,0.81,7,3,3,1.0
1091065,18320,18357,20890,8,8,1,7,0.875,0.75,0.81,7,3,3,1.0
1124384,2431,2452,22499,8,8,1,7,0.875,0.75,0.81,7,3,3,1.0
1227891,23426,23362,44460,8,8,1,6,0.75,0.625,0.81,7,3,3,1.0
1306061,8030,8010,49252,8,8,4,4,0.5,0.0,0.81,7,3,3,1.0
1306059,8030,8010,49252,8,8,4,4,0.5,0.0,0.81,7,3,3,1.0
1306058,8030,8010,49252,8,8,4,4,0.5,0.0,0.81,7,3,3,1.0
1070714,18749,18728,15788,21,21,1,7,0.3333,0.2857,0.8,20,3,3,1.0
1150867,21366,3536,21264,11,11,4,7,0.6364,0.2727,0.8,10,3,3,1.0
1092090,21366,3536,21264,11,11,4,7,0.6364,0.2727,0.8,10,3,3,1.0
1150868,21366,3536,21264,11,11,4,7,0.6364,0.2727,0.8,10,3,3,1.0
1150912,21366,3536,21264,11,11,4,7,0.6364,0.2727,0.8,10,3,3,1.0
1070931,18790,18728,15788,21,21,7,7,0.3333,0.0,0.8,20,3,3,1.0
1079059,18790,18728,15788,21,21,7,7,0.3333,0.0,0.8,20,3,3,1.0
1079972,18790,18728,15788,21,21,7,7,0.3333,0.0,0.8,20,3,3,1.0
1079081,18790,18728,15788,21,21,7,7,0.3333,0.0,0.8,20,3,3,1.0
1135239,18790,18728,15788,21,21,7,7,0.3333,0.0,0.8,20,3,3,1.0
1076290,18790,18728,15788,21,21,7,7,0.3333,0.0,0.8,20,3,3,1.0
1076291,18790,18728,15788,21,21,7,7,0.3333,0.0,0.8,20,3,3,1.0
1043139,276802,276803,10964,14,14,3,7,0.5,0.2857,0.795,13,3,3,1.0
1043182,276802,276803,10964,14,14,3,7,0.5,0.2857,0.795,13,3,3,1.0
1043180,276802,276803,10964,14,14,3,7,0.5,0.2857,0.795,13,3,3,1.0
1272573,12212,12156,45193,14,14,1,5,0.3571,0.2857,0.795,13,3,3,1.0
1219368,157756,157757,39619,14,14,2,5,0.3571,0.2143,0.795,13,3,3,1.0
1219369,157756,157757,39619,14,14,2,5,0.3571,0.2143,0.795,13,3,3,1.0
1188320,157758,157757,39619,14,14,3,5,0.3571,0.1429,0.795,13,3,3,1.0
1185619,157758,157757,39619,14,14,3,5,0.3571,0.1429,0.795,13,3,3,1.0
1188321,157758,157757,39619,14,14,3,5,0.3571,0.1429,0.795,13,3,3,1.0
1272284,12150,12156,45193,14,14,4,5,0.3571,0.0714,0.795,13,3,3,1.0
1272560,12150,12156,45193,14,14,4,5,0.3571,0.0714,0.795,13,3,3,1.0
1272283,12150,12156,45193,14,14,4,5,0.3571,0.0714,0.795,13,3,3,1.0
1268769,12150,12156,45193,14,14,4,5,0.3571,0.0714,0.795,13,3,3,1.0
1114527,365212,345275,1920,12,12,1,10,0.8333,0.75,0.788,11,3,3,1.0
1305030,6998,6997,30498,18,18,4,6,0.3333,0.1111,0.784,17,3,3,1.0
1305031,6998,6997,30498,18,18,4,6,0.3333,0.1111,0.784,17,3,3,1.0
1305032,6998,6997,30498,18,18,4,6,0.3333,0.1111,0.784,17,3,3,1.0
1305033,6998,6997,30498,18,18,4,6,0.3333,0.1111,0.784,17,3,3,1.0
1039152,265622,265623,7447,13,13,2,11,0.8462,0.6923,0.778,12,3,3,1.0
1046778,265622,265623,7447,13,13,2,11,0.8462,0.6923,0.778,12,3,3,1.0
1150375,25711,14337,25632,4,4,1,3,0.75,0.5,0.778,3,3,3,1.0
1299133,7423,22751,43918,7,7,1,4,0.5714,0.4286,0.778,6,3,3,1.0
1268515,8806,8727,47647,13,13,1,5,0.3846,0.3077,0.778,12,3,3,1.0
1113815,4876,4865,25957,10,10,2,5,0.5,0.3,0.778,9,3,3,1.0
1113814,4876,4865,25957,10,10,2,5,0.5,0.3,0.778,9,3,3,1.0
1002455,30697,30695,501,4,4,1,2,0.5,0.25,0.778,3,3,3,1.0
1088814,391051,375453,20187,4,4,1,2,0.5,0.25,0.778,3,3,3,1.0
1180789,16989,26602,39089,4,4,1,2,0.5,0.25,0.778,3,3,3,1.0
1163953,108139,24172,31360,19,19,2,6,0.3158,0.2105,0.778,18,3,3,1.0
1209772,24189,24172,31360,19,19,2,6,0.3158,0.2105,0.778,18,3,3,1.0
1136211,108139,24172,31360,19,19,2,6,0.3158,0.2105,0.778,18,3,3,1.0
1209770,24189,24172,31360,19,19,2,6,0.3158,0.2105,0.778,18,3,3,1.0
1095367,384013,370355,2709,16,16,2,5,0.3125,0.1875,0.778,15,3,3,1.0
1129318,384013,370355,2709,16,16,2,5,0.3125,0.1875,0.778,15,3,3,1.0
1201444,24245,24172,31360,19,19,3,6,0.3158,0.1579,0.778,18,3,3,1.0
1201443,24245,24172,31360,19,19,3,6,0.3158,0.1579,0.778,18,3,3,1.0
1201449,24245,24172,31360,19,19,3,6,0.3158,0.1579,0.778,18,3,3,1.0
1269355,8945,8727,47647,13,13,3,5,0.3846,0.1538,0.778,12,3,3,1.0
1269356,8945,8727,47647,13,13,3,5,0.3846,0.1538,0.778,12,3,3,1.0
1269357,8945,8727,47647,13,13,3,5,0.3846,0.1538,0.778,12,3,3,1.0
1027054,101410,100452,5502,10,10,3,4,0.4,0.1,0.778,9,3,3,1.0
1027055,101410,100452,5502,10,10,3,4,0.4,0.1,0.778,9,3,3,1.0
1027056,101410,100452,5502,10,10,3,4,0.4,0.1,0.778,9,3,3,1.0
1167174,56926,56924,36303,13,13,4,5,0.3846,0.0769,0.778,12,3,3,1.0
1167172,56926,56924,36303,13,13,4,5,0.3846,0.0769,0.778,12,3,3,1.0
1186195,56926,56924,36303,13,13,4,5,0.3846,0.0769,0.778,12,3,3,1.0
1167175,56926,56924,36303,13,13,4,5,0.3846,0.0769,0.778,12,3,3,1.0
1206121,370356,370355,2709,16,16,4,5,0.3125,0.0625,0.778,15,3,3,1.0
1206122,370356,370355,2709,16,16,4,5,0.3125,0.0625,0.778,15,3,3,1.0
1206412,370356,370355,2709,16,16,4,5,0.3125,0.0625,0.778,15,3,3,1.0
1008565,370356,370355,2709,16,16,4,5,0.3125,0.0625,0.778,15,3,3,1.0
1001986,,383756,762,11,10,0,10,1.0,1.0,0.767,10,3,3,1.0
1267666,9805,9770,4569,18,18,1,6,0.3333,0.2778,0.765,17,3,3,1.0
1267698,23849,9770,4569,18,18,5,6,0.3333,0.0556,0.765,17,3,3,1.0
1226178,23849,9770,4569,18,18,5,6,0.3333,0.0556,0.765,17,3,3,1.0
1247669,23849,9770,4569,18,18,5,6,0.3333,0.0556,0.765,17,3,3,1.0
1273587,23849,9770,4569,18,18,5,6,0.3333,0.0556,0.765,17,3,3,1.0
1273613,23849,9770,4569,18,18,5,6,0.3333,0.0556,0.765,17,3,3,1.0
1223258,24751,11662,28785,15,15,5,5,0.3333,0.0,0.762,14,3,3,1.0
1223182,24751,11662,28785,15,15,5,5,0.3333,0.0,0.762,14,3,3,1.0
1223268,24751,11662,28785,15,15,5,5,0.3333,0.0,0.762,14,3,3,1.0
1223319,24751,11662,28785,15,15,5,5,0.3333,0.0,0.762,14,3,3,1.0
1170147,24751,11662,28785,15,15,5,5,0.3333,0.0,0.762,14,3,3,1.0
1222492,25064,12607,42249,23,23,1,2,0.087,0.0435,0.758,22,3,3,1.0
1201142,12661,12607,42249,23,23,1,2,0.087,0.0435,0.758,22,3,3,1.0
1222504,12608,12607,42249,23,23,1,2,0.087,0.0435,0.758,22,3,3,1.0
1222524,25086,12607,42249,23,23,1,2,0.087,0.0435,0.758,22,3,3,1.0
1222525,12585,12607,42249,23,23,1,2,0.087,0.0435,0.758,22,3,3,1.0
1201139,12681,12607,42249,23,23,1,2,0.087,0.0435,0.758,22,3,3,1.0
1201103,12737,12607,42249,23,23,2,2,0.087,0.0,0.758,22,3,3,1.0
1201126,12673,12607,42249,23,23,2,2,0.087,0.0,0.758,22,3,3,1.0
1201128,12673,12607,42249,23,23,2,2,0.087,0.0,0.758,22,3,3,1.0
1201141,25124,12607,42249,23,23,2,2,0.087,0.0,0.758,22,3,3,1.0
1201138,25124,12607,42249,23,23,2,2,0.087,0.0,0.758,22,3,3,1.0
1201173,12679,12607,42249,23,23,2,2,0.087,0.0,0.758,22,3,3,1.0
1222511,12629,12607,42249,23,23,2,2,0.087,0.0,0.758,22,3,3,1.0
1022901,11012,11017,3285,9,9,1,8,0.8889,0.7778,0.75,8,3,3,1.0
1113784,14298,25736,19226,9,9,1,8,0.8889,0.7778,0.75,8,3,3,1.0
1198437,9501,9473,13611,9,9,1,5,0.5556,0.4444,0.75,8,3,3,1.0
1126045,14340,14367,28136,9,9,2,4,0.4444,0.2222,0.75,8,3,3,1.0
1126046,14340,14367,28136,9,9,2,4,0.4444,0.2222,0.75,8,3,3,1.0
1188724,16146,16075,16861,47,47,4,6,0.1277,0.0426,0.746,46,3,3,1.0
1188764,16141,16075,16861,47,47,4,6,0.1277,0.0426,0.746,46,3,3,1.0
1181072,16141,16075,16861,47,47,4,6,0.1277,0.0426,0.746,46,3,3,1.0
1181127,16072,16075,16861,47,47,4,6,0.1277,0.0426,0.746,46,3,3,1.0
1181125,16040,16075,16861,47,47,4,6,0.1277,0.0426,0.746,46,3,3,1.0
1188725,16141,16075,16861,47,47,4,6,0.1277,0.0426,0.746,46,3,3,1.0
1181074,16146,16075,16861,47,47,4,6,0.1277,0.0426,0.746,46,3,3,1.0
1181075,16146,16075,16861,47,47,4,6,0.1277,0.0426,0.746,46,3,3,1.0
1181124,16040,16075,16861,47,47,4,6,0.1277,0.0426,0.746,46,3,3,1.0
1181225,16040,16075,16861,47,47,4,6,0.1277,0.0426,0.746,46,3,3,1.0
1188723,16146,16075,16861,47,47,4,6,0.1277,0.0426,0.746,46,3,3,1.0
1181224,16040,16075,16861,47,47,4,6,0.1277,0.0426,0.746,46,3,3,1.0
1181073,16072,16075,16861,47,47,4,6,0.1277,0.0426,0.746,46,3,3,1.0
1188762,16141,16075,16861,47,47,4,6,0.1277,0.0426,0.746,46,3,3,1.0
1181126,16072,16075,16861,47,47,4,6,0.1277,0.0426,0.746,46,3,3,1.0
1181194,16072,16075,16861,47,47,4,6,0.1277,0.0426,0.746,46,3,3,1.0
1040875,280318,258879,3429,14,14,6,6,0.4286,0.0,0.744,13,3,3,1.0
1040894,280318,258879,3429,14,14,6,6,0.4286,0.0,0.744,13,3,3,1.0
1040876,280318,258879,3429,14,14,6,6,0.4286,0.0,0.744,13,3,3,1.0
1300916,22890,22895,30486,30,30,14,16,0.5333,0.0667,0.736,29,3,3,1.0
1310176,22890,22895,30486,30,30,14,16,0.5333,0.0667,0.736,29,3,3,1.0
1305966,22890,22895,30486,30,30,14,16,0.5333,0.0667,0.736,29,3,3,1.0
1001786,19782,227,635,6,6,1,5,0.8333,0.6667,0.733,5,3,3,1.0
1285856,8973,9097,47558,6,6,1,5,0.8333,0.6667,0.733,5,3,3,1.0
1188766,16879,32929,3700,6,6,1,3,0.5,0.3333,0.733,5,3,3,1.0
1298363,40,42,52055,6,6,1,3,0.5,0.3333,0.733,5,3,3,1.0
1180264,257600,257599,38893,17,17,2,6,0.3529,0.2353,0.729,16,3,3,1.0
1180234,257598,257599,38893,17,17,4,6,0.3529,0.1176,0.729,16,3,3,1.0
1180266,257598,257599,38893,17,17,4,6,0.3529,0.1176,0.729,16,3,3,1.0
1180270,257598,257599,38893,17,17,4,6,0.3529,0.1176,0.729,16,3,3,1.0
1203520,303995,18993,8580,18,18,2,5,0.2778,0.1667,0.725,17,3,3,1.0
1032122,303995,18993,8580,18,18,2,5,0.2778,0.1667,0.725,17,3,3,1.0
1186231,19004,18993,8580,18,18,4,5,0.2778,0.0556,0.725,17,3,3,1.0
1202132,19004,18993,8580,18,18,4,5,0.2778,0.0556,0.725,17,3,3,1.0
1202130,19004,18993,8580,18,18,4,5,0.2778,0.0556,0.725,17,3,3,1.0
1184871,19004,18993,8580,18,18,4,5,0.2778,0.0556,0.725,17,3,3,1.0
1234460,537115,542510,1816,13,8,1,4,0.5,0.375,0.722,12,3,3,1.0
1304384,537119,542510,1816,13,8,3,4,0.5,0.125,0.722,12,3,3,1.0
1022808,537119,542510,1816,13,8,3,4,0.5,0.125,0.722,12,3,3,1.0
1270313,537119,542510,1816,13,8,3,4,0.5,0.125,0.722,12,3,3,1.0
1142968,123507,24149,31529,8,8,1,7,0.875,0.75,0.714,7,3,3,1.0
1276944,20314,20328,46747,8,8,2,6,0.75,0.5,0.714,7,3,3,1.0
1276941,20314,20328,46747,8,8,2,6,0.75,0.5,0.714,7,3,3,1.0
1136222,69086,7305,31365,8,8,2,4,0.5,0.25,0.714,7,3,3,1.0
1287057,69086,7305,31365,8,8,2,4,0.5,0.25,0.714,7,3,3,1.0
1128856,11940,11955,12263,10,10,1,9,0.9,0.8,0.704,9,3,3,1.0
1209502,10226,15032,22488,10,10,1,7,0.7,0.6,0.704,9,3,3,1.0
1009393,375324,375325,961,19,19,1,10,0.5263,0.4737,0.704,18,3,3,1.0
1197448,31350,9876,41157,10,10,1,5,0.5,0.4,0.704,9,3,3,1.0
1306893,7839,22912,29661,10,10,2,4,0.4,0.2,0.704,9,3,3,1.0
1306889,7839,22912,29661,10,10,2,4,0.4,0.2,0.704,9,3,3,1.0
1286109,19360,19327,12440,12,12,1,6,0.5,0.4167,0.697,11,3,3,1.0
1289510,9817,9785,16187,12,12,5,7,0.5833,0.1667,0.697,11,3,3,1.0
1052564,375998,375997,3917,20,20,2,9,0.45,0.35,0.684,19,3,3,1.0
1013135,375998,375997,3917,20,20,2,9,0.45,0.35,0.684,19,3,3,1.0
1217511,81891,265281,12349,20,20,2,6,0.3,0.2,0.684,19,3,3,1.0
1217509,81891,265281,12349,20,20,2,6,0.3,0.2,0.684,19,3,3,1.0
1229421,265282,265281,12349,20,20,6,6,0.3,0.0,0.684,19,3,3,1.0
1229434,265282,265281,12349,20,20,6,6,0.3,0.0,0.684,19,3,3,1.0
1229420,265282,265281,12349,20,20,6,6,0.3,0.0,0.684,19,3,3,1.0
1229435,265282,265281,12349,20,20,6,6,0.3,0.0,0.684,19,3,3,1.0
1032004,521054,521051,8555,24,19,6,7,0.3684,0.0526,0.681,23,3,3,1.0
1300750,521054,521051,8555,24,19,6,7,0.3684,0.0526,0.681,23,3,3,1.0
1076217,521054,521051,8555,24,19,6,7,0.3684,0.0526,0.681,23,3,3,1.0
1281581,521054,521051,8555,24,19,6,7,0.3684,0.0526,0.681,23,3,3,1.0
1220471,521054,521051,8555,24,19,6,7,0.3684,0.0526,0.681,23,3,3,1.0
1187282,521054,521051,8555,24,19,6,7,0.3684,0.0526,0.681,23,3,3,1.0
1308677,7542,7651,29563,28,28,1,5,0.1786,0.1429,0.679,27,3,3,1.0
1308144,7717,7651,29563,28,28,1,5,0.1786,0.1429,0.679,27,3,3,1.0
1307112,7501,7651,29563,28,28,2,5,0.1786,0.1071,0.679,27,3,3,1.0
1307027,7551,7651,29563,28,28,2,5,0.1786,0.1071,0.679,27,3,3,1.0
1308675,7501,7651,29563,28,28,2,5,0.1786,0.1071,0.679,27,3,3,1.0
1308635,7551,7651,29563,28,28,2,5,0.1786,0.1071,0.679,27,3,3,1.0
1305712,7440,7651,29563,28,28,4,5,0.1786,0.0357,0.679,27,3,3,1.0
1305812,7440,7651,29563,28,28,4,5,0.1786,0.0357,0.679,27,3,3,1.0
1305711,7440,7651,29563,28,28,4,5,0.1786,0.0357,0.679,27,3,3,1.0
1305813,7440,7651,29563,28,28,4,5,0.1786,0.0357,0.679,27,3,3,1.0
1133642,,2256,28022,3,2,0,2,1.0,1.0,0.667,2,3,3,1.0
1014794,3741,3727,4878,7,7,1,6,0.8571,0.7143,0.667,6,3,3,1.0
1070989,9715,9758,16251,5,5,1,4,0.8,0.6,0.667,4,3,3,1.0
1265723,12636,12502,16946,5,5,1,4,0.8,0.6,0.667,4,3,3,1.0
1250601,11600,11587,16911,11,11,3,8,0.7273,0.4545,0.667,10,3,3,1.0
1136119,11600,11587,16911,11,11,3,8,0.7273,0.4545,0.667,10,3,3,1.0
1069186,5838,5846,13327,13,13,1,6,0.4615,0.3846,0.667,12,3,3,1.0
1278744,17151,26657,49428,11,11,1,5,0.4545,0.3636,0.667,10,3,3,1.0
1302337,22583,7122,22896,3,3,1,2,0.6667,0.3333,0.667,2,3,3,1.0
1299789,21736,4982,32053,3,3,1,1,0.3333,0.0,0.667,2,3,3,1.0
1038994,282884,189115,10093,3,2,1,1,0.5,0.0,0.667,2,3,3,1.0
1136995,13083,13149,885,24,24,5,8,0.3333,0.125,0.652,23,3,3,1.0
1135257,13083,13149,885,24,24,5,8,0.3333,0.125,0.652,23,3,3,1.0
1135554,13150,13149,885,24,24,7,8,0.3333,0.0417,0.652,23,3,3,1.0
1138692,13150,13149,885,24,24,7,8,0.3333,0.0417,0.652,23,3,3,1.0
1300595,22852,22914,50402,12,12,1,5,0.4167,0.3333,0.636,11,3,3,1.0
1154675,20394,20391,34588,10,10,1,9,0.9,0.8,0.63,9,3,3,1.0
1276514,15026,15004,45769,8,8,3,4,0.5,0.125,0.619,7,3,3,1.0
1125158,1418,1433,27776,11,11,1,10,0.9091,0.8182,0.6,10,3,3,1.0
1278312,20531,20490,49686,6,6,1,5,0.8333,0.6667,0.6,5,3,3,1.0
1288556,11600,11587,16911,11,11,3,8,0.7273,0.4545,0.6,10,3,3,1.0
1190732,21320,21309,36040,6,6,2,4,0.6667,0.3333,0.6,5,3,3,1.0
1089194,21373,21375,2912,6,6,1,2,0.3333,0.1667,0.6,5,3,3,1.0
1146908,2611,20782,26914,17,17,1,16,0.9412,0.8824,0.583,16,3,3,1.0
1273282,909,923,11772,12,12,2,10,0.8333,0.6667,0.576,11,3,3,1.0
1269983,909,923,11772,12,12,2,10,0.8333,0.6667,0.576,11,3,3,1.0
1304884,109,22670,31332,12,12,1,4,0.3333,0.25,0.576,11,3,3,1.0
1257390,,16768,21920,10,9,0,9,1.0,1.0,0.556,9,3,3,1.0
1122230,2440,2431,27017,4,4,1,3,0.75,0.5,0.556,3,3,3,1.0
1123206,25250,20017,26966,10,10,1,4,0.4,0.3,0.556,9,3,3,1.0
1171633,20355,20261,37334,4,4,1,1,0.25,0.0,0.556,3,3,3,1.0
1188469,2613,2571,15894,17,17,1,5,0.2941,0.2353,0.5,16,3,3,1.0
1113899,5189,21785,24571,12,12,1,11,0.9167,0.8333,0.455,11,3,3,1.0
1063054,,63015,14760,7,1,0,1,1.0,1.0,0.444,6,3,3,1.0
1034078,98205,296,25,15,15,1,6,0.4,0.3333,0.429,14,3,3,1.0
1000993,94692,296,25,15,15,2,6,0.4,0.2667,0.429,14,3,3,1.0
1208748,60447,54369,43427,6,6,1,5,0.8333,0.6667,1.0,5,2,3,0.667
1195308,27395,19428,39469,5,5,1,4,0.8,0.6,1.0,4,2,3,0.667
1029375,268796,308475,7828,9,9,2,7,0.7778,0.5556,1.0,8,2,3,0.667
1055962,268796,308475,7828,9,9,2,7,0.7778,0.5556,1.0,8,2,3,0.667
1002070,402,399,561,4,4,1,3,0.75,0.5,1.0,3,2,3,0.667
1035714,10423,10401,6423,4,4,1,3,0.75,0.5,1.0,3,2,3,0.667
1216184,19237,27322,43940,4,4,1,3,0.75,0.5,1.0,3,2,3,0.667
1309511,4949,17961,49112,4,4,1,3,0.75,0.5,1.0,3,2,3,0.667
1001427,392,381,285,7,7,1,4,0.5714,0.4286,1.0,6,2,3,0.667
1297527,234877,343628,13880,7,7,1,4,0.5714,0.4286,1.0,6,2,3,0.667
1268349,220796,343628,13880,7,7,1,4,0.5714,0.4286,1.0,6,2,3,0.667
1285905,220795,343628,13880,7,7,1,4,0.5714,0.4286,1.0,6,2,3,0.667
1271450,10278,24212,48411,7,7,2,5,0.7143,0.4286,1.0,6,2,3,0.667
1271464,10278,24212,48411,7,7,2,5,0.7143,0.4286,1.0,6,2,3,0.667
1179625,11927,24784,38803,5,5,1,3,0.6,0.4,1.0,4,2,3,0.667
1179626,24745,24784,38803,5,5,1,3,0.6,0.4,1.0,4,2,3,0.667
1307068,6837,6820,51861,9,9,2,5,0.5556,0.3333,1.0,8,2,3,0.667
1311367,6837,6820,51861,9,9,2,5,0.5556,0.3333,1.0,8,2,3,0.667
1308563,58,6820,51861,9,9,2,5,0.5556,0.3333,1.0,8,2,3,0.667
1297617,58,6820,51861,9,9,2,5,0.5556,0.3333,1.0,8,2,3,0.667
1071720,5169,19006,16352,3,3,1,2,0.6667,0.3333,1.0,2,2,3,0.667
1124082,24755,11772,27708,3,3,1,2,0.6667,0.3333,1.0,2,2,3,0.667
1288000,12074,12061,51508,3,3,1,2,0.6667,0.3333,1.0,2,2,3,0.667
1002102,238717,381,285,7,7,2,4,0.5714,0.2857,1.0,6,2,3,0.667
1001868,238717,381,285,7,7,2,4,0.5714,0.2857,1.0,6,2,3,0.667
1147910,13165,13201,17480,8,8,3,5,0.625,0.25,1.0,7,2,3,0.667
1110878,13165,13201,17480,8,8,3,5,0.625,0.25,1.0,7,2,3,0.667
1111191,13165,13201,17480,8,8,3,5,0.625,0.25,1.0,7,2,3,0.667
1306968,8043,8101,19921,8,8,3,5,0.625,0.25,1.0,7,2,3,0.667
1087785,8043,8101,19921,8,8,3,5,0.625,0.25,1.0,7,2,3,0.667
1305529,8043,8101,19921,8,8,3,5,0.625,0.25,1.0,7,2,3,0.667
1132758,17169,26686,24668,5,5,1,2,0.4,0.2,1.0,4,2,3,0.667
1108982,17233,26686,24668,5,5,1,2,0.4,0.2,1.0,4,2,3,0.667
1107875,17179,26686,24668,5,5,1,2,0.4,0.2,1.0,4,2,3,0.667
1122842,12416,12473,27384,5,5,2,3,0.6,0.2,1.0,4,2,3,0.667
1221207,12416,12473,27384,5,5,2,3,0.6,0.2,1.0,4,2,3,0.667
1271047,23651,23656,31291,11,11,3,5,0.4545,0.1818,1.0,10,2,3,0.667
1271080,23610,23656,31291,11,11,3,5,0.4545,0.1818,1.0,10,2,3,0.667
1269851,23651,23656,31291,11,11,3,5,0.4545,0.1818,1.0,10,2,3,0.667
1271050,23651,23656,31291,11,11,3,5,0.4545,0.1818,1.0,10,2,3,0.667
1271098,23610,23656,31291,11,11,3,5,0.4545,0.1818,1.0,10,2,3,0.667
1136047,23610,23656,31291,11,11,3,5,0.4545,0.1818,1.0,10,2,3,0.667
1110068,5207,5236,2024,12,12,5,7,0.5833,0.1667,1.0,11,2,3,0.667
1110625,5207,5236,2024,12,12,5,7,0.5833,0.1667,1.0,11,2,3,0.667
1110624,5207,5236,2024,12,12,5,7,0.5833,0.1667,1.0,11,2,3,0.667
1110083,5207,5236,2024,12,12,5,7,0.5833,0.1667,1.0,11,2,3,0.667
1110540,5207,5236,2024,12,12,5,7,0.5833,0.1667,1.0,11,2,3,0.667
1003569,282,19799,412,7,7,1,2,0.2857,0.1429,1.0,6,2,3,0.667
1280808,7358,22734,50412,9,9,2,3,0.3333,0.1111,1.0,8,2,3,0.667
1298343,7358,22734,50412,9,9,2,3,0.3333,0.1111,1.0,8,2,3,0.667
1288584,7331,22734,50412,9,9,2,3,0.3333,0.1111,1.0,8,2,3,0.667
1304082,7331,22734,50412,9,9,2,3,0.3333,0.1111,1.0,8,2,3,0.667
1286528,7384,22734,50412,9,9,2,3,0.3333,0.1111,1.0,8,2,3,0.667
1298358,7384,22734,50412,9,9,2,3,0.3333,0.1111,1.0,8,2,3,0.667
1052843,23220,23208,4526,13,13,6,7,0.5385,0.0769,1.0,12,2,3,0.667
1014038,23220,23208,4526,13,13,6,7,0.5385,0.0769,1.0,12,2,3,0.667
1222884,23220,23208,4526,13,13,6,7,0.5385,0.0769,1.0,12,2,3,0.667
1222879,23220,23208,4526,13,13,6,7,0.5385,0.0769,1.0,12,2,3,0.667
1222927,23220,23208,4526,13,13,6,7,0.5385,0.0769,1.0,12,2,3,0.667
1136901,23220,23208,4526,13,13,6,7,0.5385,0.0769,1.0,12,2,3,0.667
1053390,378349,274235,4703,8,8,4,4,0.5,0.0,1.0,7,2,3,0.667
1053409,378349,274235,4703,8,8,4,4,0.5,0.0,1.0,7,2,3,0.667
1014453,378349,274235,4703,8,8,4,4,0.5,0.0,1.0,7,2,3,0.667
1053411,378349,274235,4703,8,8,4,4,0.5,0.0,1.0,7,2,3,0.667
1001281,40284,19799,412,7,7,2,2,0.2857,0.0,1.0,6,2,3,0.667
1001280,40284,19799,412,7,7,2,2,0.2857,0.0,1.0,6,2,3,0.667
1011654,19801,19799,412,7,7,2,2,0.2857,0.0,1.0,6,2,3,0.667
1001635,19801,19799,412,7,7,2,2,0.2857,0.0,1.0,6,2,3,0.667
1063505,281927,24128,6643,6,6,3,3,0.5,0.0,1.0,5,2,3,0.667
1024404,281927,24128,6643,6,6,3,3,0.5,0.0,1.0,5,2,3,0.667
1024411,281927,24128,6643,6,6,3,3,0.5,0.0,1.0,5,2,3,0.667
1175283,12863,12803,37660,6,6,3,3,0.5,0.0,1.0,5,2,3,0.667
1175312,12863,12803,37660,6,6,3,3,0.5,0.0,1.0,5,2,3,0.667
1175314,12863,12803,37660,6,6,3,3,0.5,0.0,1.0,5,2,3,0.667
1273224,23196,8664,48692,6,6,3,3,0.5,0.0,1.0,5,2,3,0.667
1273241,23196,8664,48692,6,6,3,3,0.5,0.0,1.0,5,2,3,0.667
1273223,23196,8664,48692,6,6,3,3,0.5,0.0,1.0,5,2,3,0.667
1287484,1662,1580,51428,3,3,1,1,0.3333,0.0,1.0,2,2,3,0.667
1287504,13661,1580,51428,3,3,1,1,0.3333,0.0,1.0,2,2,3,0.667
1304034,22800,7446,17110,2,2,1,1,0.5,0.0,1.0,1,2,3,0.667
1115256,13430,13412,26281,2,2,1,1,0.5,0.0,1.0,1,2,3,0.667
1113278,21379,21381,25825,11,11,5,6,0.5455,0.0909,0.967,10,2,3,0.667
1159873,21379,21381,25825,11,11,5,6,0.5455,0.0909,0.967,10,2,3,0.667
1113233,21379,21381,25825,11,11,5,6,0.5455,0.0909,0.967,10,2,3,0.667
1113397,21379,21381,25825,11,11,5,6,0.5455,0.0909,0.967,10,2,3,0.667
1113277,21379,21381,25825,11,11,5,6,0.5455,0.0909,0.967,10,2,3,0.667
1126566,2412,2337,28294,15,15,7,8,0.5333,0.0667,0.952,14,2,3,0.667
1177634,2412,2337,28294,15,15,7,8,0.5333,0.0667,0.952,14,2,3,0.667
1206798,2412,2337,28294,15,15,7,8,0.5333,0.0667,0.952,14,2,3,0.667
1126567,2412,2337,28294,15,15,7,8,0.5333,0.0667,0.952,14,2,3,0.667
1127142,2412,2337,28294,15,15,7,8,0.5333,0.0667,0.952,14,2,3,0.667
1206797,2412,2337,28294,15,15,7,8,0.5333,0.0667,0.952,14,2,3,0.667
1177787,2412,2337,28294,15,15,7,8,0.5333,0.0667,0.952,14,2,3,0.667
1273541,37736,24888,22419,13,13,1,4,0.3077,0.2308,0.944,12,2,3,0.667
1273831,24931,24888,22419,13,13,1,4,0.3077,0.2308,0.944,12,2,3,0.667
1286697,12074,24888,22419,13,13,3,4,0.3077,0.0769,0.944,12,2,3,0.667
1273540,24939,24888,22419,13,13,3,4,0.3077,0.0769,0.944,12,2,3,0.667
1273542,24939,24888,22419,13,13,3,4,0.3077,0.0769,0.944,12,2,3,0.667
1273539,24939,24888,22419,13,13,3,4,0.3077,0.0769,0.944,12,2,3,0.667
1095977,12074,24888,22419,13,13,3,4,0.3077,0.0769,0.944,12,2,3,0.667
1288529,12074,24888,22419,13,13,3,4,0.3077,0.0769,0.944,12,2,3,0.667
1300160,7324,7329,48553,25,25,2,5,0.2,0.12,0.903,24,2,3,0.667
1286746,7324,7329,48553,25,25,2,5,0.2,0.12,0.903,24,2,3,0.667
1272433,7339,7329,48553,25,25,2,5,0.2,0.12,0.903,24,2,3,0.667
1279263,7339,7329,48553,25,25,2,5,0.2,0.12,0.903,24,2,3,0.667
1308539,7322,7329,48553,25,25,4,5,0.2,0.04,0.903,24,2,3,0.667
1300161,7363,7329,48553,25,25,4,5,0.2,0.04,0.903,24,2,3,0.667
1307584,7321,7329,48553,25,25,4,5,0.2,0.04,0.903,24,2,3,0.667
1300158,7363,7329,48553,25,25,4,5,0.2,0.04,0.903,24,2,3,0.667
1307583,7321,7329,48553,25,25,4,5,0.2,0.04,0.903,24,2,3,0.667
1286745,7321,7329,48553,25,25,4,5,0.2,0.04,0.903,24,2,3,0.667
1307052,22705,7329,48553,25,25,4,5,0.2,0.04,0.903,24,2,3,0.667
1279278,22705,7329,48553,25,25,4,5,0.2,0.04,0.903,24,2,3,0.667
1307016,7322,7329,48553,25,25,4,5,0.2,0.04,0.903,24,2,3,0.667
1307015,7322,7329,48553,25,25,4,5,0.2,0.04,0.903,24,2,3,0.667
1311368,22705,7329,48553,25,25,4,5,0.2,0.04,0.903,24,2,3,0.667
1305768,7363,7329,48553,25,25,4,5,0.2,0.04,0.903,24,2,3,0.667
1300162,7363,7329,48553,25,25,4,5,0.2,0.04,0.903,24,2,3,0.667
1309321,7322,7329,48553,25,25,4,5,0.2,0.04,0.903,24,2,3,0.667
1307051,22705,7329,48553,25,25,4,5,0.2,0.04,0.903,24,2,3,0.667
1105758,4269,4311,24482,10,10,3,7,0.7,0.4,0.889,9,2,3,0.667
1106032,4269,4311,24482,10,10,3,7,0.7,0.4,0.889,9,2,3,0.667
1105991,4269,4311,24482,10,10,3,7,0.7,0.4,0.889,9,2,3,0.667
1308001,7846,7724,51724,18,18,2,6,0.3333,0.2222,0.882,17,2,3,0.667
1309281,7910,7724,51724,18,18,2,6,0.3333,0.2222,0.882,17,2,3,0.667
1309283,7846,7724,51724,18,18,2,6,0.3333,0.2222,0.882,17,2,3,0.667
1300513,7910,7724,51724,18,18,2,6,0.3333,0.2222,0.882,17,2,3,0.667
1300417,7737,7724,51724,18,18,3,6,0.3333,0.1667,0.882,17,2,3,0.667
1307700,7737,7724,51724,18,18,3,6,0.3333,0.1667,0.882,17,2,3,0.667
1309228,7737,7724,51724,18,18,3,6,0.3333,0.1667,0.882,17,2,3,0.667
1309232,7933,7724,51724,18,18,5,6,0.3333,0.0556,0.882,17,2,3,0.667
1300431,7933,7724,51724,18,18,5,6,0.3333,0.0556,0.882,17,2,3,0.667
1309216,7933,7724,51724,18,18,5,6,0.3333,0.0556,0.882,17,2,3,0.667
1300430,7933,7724,51724,18,18,5,6,0.3333,0.0556,0.882,17,2,3,0.667
1309215,7933,7724,51724,18,18,5,6,0.3333,0.0556,0.882,17,2,3,0.667
1288132,283840,1238,13846,17,17,1,6,0.3529,0.2941,0.875,16,2,3,0.667
1285272,266878,1238,13846,17,17,1,6,0.3529,0.2941,0.875,16,2,3,0.667
1274234,218877,1238,13846,17,17,1,6,0.3529,0.2941,0.875,16,2,3,0.667
1132695,375944,1238,13846,17,17,1,6,0.3529,0.2941,0.875,16,2,3,0.667
1265537,268159,1238,13846,17,17,1,6,0.3529,0.2941,0.875,16,2,3,0.667
1133029,266877,1238,13846,17,17,1,6,0.3529,0.2941,0.875,16,2,3,0.667
1274233,12784,1238,13846,17,17,1,6,0.3529,0.2941,0.875,16,2,3,0.667
1123894,12877,1238,13846,17,17,1,6,0.3529,0.2941,0.875,16,2,3,0.667
1286296,268165,1238,13846,17,17,1,6,0.3529,0.2941,0.875,16,2,3,0.667
1274231,12750,1238,13846,17,17,1,6,0.3529,0.2941,0.875,16,2,3,0.667
1205555,20013,1238,13846,17,17,1,6,0.3529,0.2941,0.875,16,2,3,0.667
1072820,216321,216955,12474,38,38,1,7,0.1842,0.1579,0.874,37,2,3,0.667
1072889,216324,216955,12474,38,38,3,7,0.1842,0.1053,0.874,37,2,3,0.667
1098961,216317,216955,12474,38,38,4,7,0.1842,0.0789,0.874,37,2,3,0.667
1072891,216317,216955,12474,38,38,4,7,0.1842,0.0789,0.874,37,2,3,0.667
1108324,216317,216955,12474,38,38,4,7,0.1842,0.0789,0.874,37,2,3,0.667
1108291,216317,216955,12474,38,38,4,7,0.1842,0.0789,0.874,37,2,3,0.667
1072866,216320,216955,12474,38,38,6,7,0.1842,0.0263,0.874,37,2,3,0.667
1108565,216320,216955,12474,38,38,6,7,0.1842,0.0263,0.874,37,2,3,0.667
1099102,216325,216955,12474,38,38,6,7,0.1842,0.0263,0.874,37,2,3,0.667
1073098,216319,216955,12474,38,38,6,7,0.1842,0.0263,0.874,37,2,3,0.667
1053237,216319,216955,12474,38,38,6,7,0.1842,0.0263,0.874,37,2,3,0.667
1053216,216325,216955,12474,38,38,6,7,0.1842,0.0263,0.874,37,2,3,0.667
1053161,216325,216955,12474,38,38,6,7,0.1842,0.0263,0.874,37,2,3,0.667
1108338,216320,216955,12474,38,38,6,7,0.1842,0.0263,0.874,37,2,3,0.667
1073097,216319,216955,12474,38,38,6,7,0.1842,0.0263,0.874,37,2,3,0.667
1053162,216325,216955,12474,38,38,6,7,0.1842,0.0263,0.874,37,2,3,0.667
1108336,216320,216955,12474,38,38,6,7,0.1842,0.0263,0.874,37,2,3,0.667
1072867,216320,216955,12474,38,38,6,7,0.1842,0.0263,0.874,37,2,3,0.667
1053215,216325,216955,12474,38,38,6,7,0.1842,0.0263,0.874,37,2,3,0.667
1053164,216325,216955,12474,38,38,6,7,0.1842,0.0263,0.874,37,2,3,0.667
1053238,216319,216955,12474,38,38,6,7,0.1842,0.0263,0.874,37,2,3,0.667
1073095,216319,216955,12474,38,38,6,7,0.1842,0.0263,0.874,37,2,3,0.667
1072868,216320,216955,12474,38,38,6,7,0.1842,0.0263,0.874,37,2,3,0.667
1053239,216319,216955,12474,38,38,6,7,0.1842,0.0263,0.874,37,2,3,0.667
1101003,16339,26393,21004,16,16,3,6,0.375,0.1875,0.867,15,2,3,0.667
1101043,16339,26393,21004,16,16,3,6,0.375,0.1875,0.867,15,2,3,0.667
1101059,16339,26393,21004,16,16,3,6,0.375,0.1875,0.867,15,2,3,0.667
1101016,16311,26393,21004,16,16,3,6,0.375,0.1875,0.867,15,2,3,0.667
1248337,16311,26393,21004,16,16,3,6,0.375,0.1875,0.867,15,2,3,0.667
1101061,16311,26393,21004,16,16,3,6,0.375,0.1875,0.867,15,2,3,0.667
1307064,6971,7043,17133,6,6,1,2,0.3333,0.1667,0.867,5,2,3,0.667
1253748,22595,7043,17133,6,6,1,2,0.3333,0.1667,0.867,5,2,3,0.667
1073677,22591,7043,17133,6,6,1,2,0.3333,0.1667,0.867,5,2,3,0.667
1309184,103965,7043,17133,6,6,1,2,0.3333,0.1667,0.867,5,2,3,0.667
1100076,16381,26393,21004,16,16,4,6,0.375,0.125,0.867,15,2,3,0.667
1093270,16381,26393,21004,16,16,4,6,0.375,0.125,0.867,15,2,3,0.667
1102343,16381,26393,21004,16,16,4,6,0.375,0.125,0.867,15,2,3,0.667
1091325,16381,26393,21004,16,16,4,6,0.375,0.125,0.867,15,2,3,0.667
1150135,15981,3818,31986,13,13,2,5,0.3846,0.2308,0.861,12,2,3,0.667
1150173,15989,3818,31986,13,13,2,5,0.3846,0.2308,0.861,12,2,3,0.667
1150170,15989,3818,31986,13,13,2,5,0.3846,0.2308,0.861,12,2,3,0.667
1150172,15981,3818,31986,13,13,2,5,0.3846,0.2308,0.861,12,2,3,0.667
1138422,15979,3818,31986,13,13,4,5,0.3846,0.0769,0.861,12,2,3,0.667
1156146,15979,3818,31986,13,13,4,5,0.3846,0.0769,0.861,12,2,3,0.667
1155503,15979,3818,31986,13,13,4,5,0.3846,0.0769,0.861,12,2,3,0.667
1150123,15979,3818,31986,13,13,4,5,0.3846,0.0769,0.861,12,2,3,0.667
1225018,8976,8774,22204,34,34,1,4,0.1176,0.0882,0.859,33,2,3,0.667
1267855,8869,8774,22204,34,34,1,4,0.1176,0.0882,0.859,33,2,3,0.667
1271707,8958,8774,22204,34,34,1,4,0.1176,0.0882,0.859,33,2,3,0.667
1267900,9014,8774,22204,34,34,2,4,0.1176,0.0588,0.859,33,2,3,0.667
1267845,9014,8774,22204,34,34,2,4,0.1176,0.0588,0.859,33,2,3,0.667
1267489,23348,8774,22204,34,34,2,4,0.1176,0.0588,0.859,33,2,3,0.667
1271709,8948,8774,22204,34,34,2,4,0.1176,0.0588,0.859,33,2,3,0.667
1267903,9026,8774,22204,34,34,2,4,0.1176,0.0588,0.859,33,2,3,0.667
1271708,8948,8774,22204,34,34,2,4,0.1176,0.0588,0.859,33,2,3,0.667
1266186,9026,8774,22204,34,34,2,4,0.1176,0.0588,0.859,33,2,3,0.667
1267490,23348,8774,22204,34,34,2,4,0.1176,0.0588,0.859,33,2,3,0.667
1269270,9048,8774,22204,34,34,3,4,0.1176,0.0294,0.859,33,2,3,0.667
1267726,8926,8774,22204,34,34,3,4,0.1176,0.0294,0.859,33,2,3,0.667
1266907,8926,8774,22204,34,34,3,4,0.1176,0.0294,0.859,33,2,3,0.667
1095293,9117,8774,22204,34,34,3,4,0.1176,0.0294,0.859,33,2,3,0.667
1225051,9117,8774,22204,34,34,3,4,0.1176,0.0294,0.859,33,2,3,0.667
1269453,9117,8774,22204,34,34,3,4,0.1176,0.0294,0.859,33,2,3,0.667
1302187,9048,8774,22204,34,34,3,4,0.1176,0.0294,0.859,33,2,3,0.667
1269124,9002,8774,22204,34,34,3,4,0.1176,0.0294,0.859,33,2,3,0.667
1225019,8926,8774,22204,34,34,3,4,0.1176,0.0294,0.859,33,2,3,0.667
1269125,9002,8774,22204,34,34,3,4,0.1176,0.0294,0.859,33,2,3,0.667
1266910,9048,8774,22204,34,34,3,4,0.1176,0.0294,0.859,33,2,3,0.667
1269123,9002,8774,22204,34,34,3,4,0.1176,0.0294,0.859,33,2,3,0.667
1108434,219844,219850,12459,52,52,4,9,0.1731,0.0962,0.856,51,2,3,0.667
1108432,219844,219850,12459,52,52,4,9,0.1731,0.0962,0.856,51,2,3,0.667
1072831,219844,219850,12459,52,52,4,9,0.1731,0.0962,0.856,51,2,3,0.667
1108395,219843,219850,12459,52,52,4,9,0.1731,0.0962,0.856,51,2,3,0.667
1072829,219844,219850,12459,52,52,4,9,0.1731,0.0962,0.856,51,2,3,0.667
1073128,219843,219850,12459,52,52,4,9,0.1731,0.0962,0.856,51,2,3,0.667
1072827,219843,219850,12459,52,52,4,9,0.1731,0.0962,0.856,51,2,3,0.667
1098944,219843,219850,12459,52,52,4,9,0.1731,0.0962,0.856,51,2,3,0.667
1053205,219842,219850,12459,52,52,6,9,0.1731,0.0577,0.856,51,2,3,0.667
1053207,219842,219850,12459,52,52,6,9,0.1731,0.0577,0.856,51,2,3,0.667
1073129,219842,219850,12459,52,52,6,9,0.1731,0.0577,0.856,51,2,3,0.667
1053123,219842,219850,12459,52,52,6,9,0.1731,0.0577,0.856,51,2,3,0.667
1072826,219842,219850,12459,52,52,6,9,0.1731,0.0577,0.856,51,2,3,0.667
1053121,219842,219850,12459,52,52,6,9,0.1731,0.0577,0.856,51,2,3,0.667
1072705,219849,219850,12459,52,52,7,9,0.1731,0.0385,0.856,51,2,3,0.667
1072543,219849,219850,12459,52,52,7,9,0.1731,0.0385,0.856,51,2,3,0.667
1072690,219849,219850,12459,52,52,7,9,0.1731,0.0385,0.856,51,2,3,0.667
1072545,219849,219850,12459,52,52,7,9,0.1731,0.0385,0.856,51,2,3,0.667
1072544,219849,219850,12459,52,52,7,9,0.1731,0.0385,0.856,51,2,3,0.667
1072472,219849,219850,12459,52,52,7,9,0.1731,0.0385,0.856,51,2,3,0.667
1072692,219849,219850,12459,52,52,7,9,0.1731,0.0385,0.856,51,2,3,0.667
1304897,159,196,30528,26,26,2,5,0.1923,0.1154,0.84,25,2,3,0.667
1304957,159,196,30528,26,26,2,5,0.1923,0.1154,0.84,25,2,3,0.667
1304894,168,196,30528,26,26,3,5,0.1923,0.0769,0.84,25,2,3,0.667
1304907,195,196,30528,26,26,3,5,0.1923,0.0769,0.84,25,2,3,0.667
1304902,195,196,30528,26,26,3,5,0.1923,0.0769,0.84,25,2,3,0.667
1304901,168,196,30528,26,26,3,5,0.1923,0.0769,0.84,25,2,3,0.667
1304896,168,196,30528,26,26,3,5,0.1923,0.0769,0.84,25,2,3,0.667
1133525,190,196,30528,26,26,3,5,0.1923,0.0769,0.84,25,2,3,0.667
1304908,195,196,30528,26,26,3,5,0.1923,0.0769,0.84,25,2,3,0.667
1283123,190,196,30528,26,26,3,5,0.1923,0.0769,0.84,25,2,3,0.667
1304891,190,196,30528,26,26,3,5,0.1923,0.0769,0.84,25,2,3,0.667
1300827,160,196,30528,26,26,4,5,0.1923,0.0385,0.84,25,2,3,0.667
1134546,160,196,30528,26,26,4,5,0.1923,0.0385,0.84,25,2,3,0.667
1136364,160,196,30528,26,26,4,5,0.1923,0.0385,0.84,25,2,3,0.667
1278418,160,196,30528,26,26,4,5,0.1923,0.0385,0.84,25,2,3,0.667
1195377,12655,25117,37663,7,7,1,4,0.5714,0.4286,0.833,6,2,3,0.667
1005513,488,491,357,7,7,1,3,0.4286,0.2857,0.833,6,2,3,0.667
1001307,505,491,357,7,7,1,3,0.4286,0.2857,0.833,6,2,3,0.667
1001138,484,491,357,7,7,1,3,0.4286,0.2857,0.833,6,2,3,0.667
1001303,495,491,357,7,7,1,3,0.4286,0.2857,0.833,6,2,3,0.667
1175289,12677,25117,37663,7,7,2,4,0.5714,0.2857,0.833,6,2,3,0.667
1175288,12677,25117,37663,7,7,2,4,0.5714,0.2857,0.833,6,2,3,0.667
1175302,25090,12658,29273,9,9,2,4,0.4444,0.2222,0.833,8,2,3,0.667
1175328,25090,12658,29273,9,9,2,4,0.4444,0.2222,0.833,8,2,3,0.667
1309114,54378,8724,42422,9,9,2,4,0.4444,0.2222,0.833,8,2,3,0.667
1309117,54378,8724,42422,9,9,2,4,0.4444,0.2222,0.833,8,2,3,0.667
1094693,16149,16176,21504,9,9,4,5,0.5556,0.1111,0.833,8,2,3,0.667
1094628,16149,16176,21504,9,9,4,5,0.5556,0.1111,0.833,8,2,3,0.667
1092745,16149,16176,21504,9,9,4,5,0.5556,0.1111,0.833,8,2,3,0.667
1094629,16149,16176,21504,9,9,4,5,0.5556,0.1111,0.833,8,2,3,0.667
1175198,25103,12658,29273,9,9,3,4,0.4444,0.1111,0.833,8,2,3,0.667
1128854,25103,12658,29273,9,9,3,4,0.4444,0.1111,0.833,8,2,3,0.667
1175303,25103,12658,29273,9,9,3,4,0.4444,0.1111,0.833,8,2,3,0.667
1309115,8801,8724,42422,9,9,3,4,0.4444,0.1111,0.833,8,2,3,0.667
1307278,8801,8724,42422,9,9,3,4,0.4444,0.1111,0.833,8,2,3,0.667
1201869,8801,8724,42422,9,9,3,4,0.4444,0.1111,0.833,8,2,3,0.667
1102950,26502,16600,21895,17,17,4,5,0.2941,0.0588,0.833,16,2,3,0.667
1110192,26502,16600,21895,17,17,4,5,0.2941,0.0588,0.833,16,2,3,0.667
1102960,26502,16600,21895,17,17,4,5,0.2941,0.0588,0.833,16,2,3,0.667
1102959,26502,16600,21895,17,17,4,5,0.2941,0.0588,0.833,16,2,3,0.667
1099320,26500,16600,21895,17,17,5,5,0.2941,0.0,0.833,16,2,3,0.667
1099278,26500,16600,21895,17,17,5,5,0.2941,0.0,0.833,16,2,3,0.667
1094075,26500,16600,21895,17,17,5,5,0.2941,0.0,0.833,16,2,3,0.667
1094073,26500,16600,21895,17,17,5,5,0.2941,0.0,0.833,16,2,3,0.667
1099321,26500,16600,21895,17,17,5,5,0.2941,0.0,0.833,16,2,3,0.667
1222451,11340,11225,44938,10,10,5,5,0.5,0.0,0.815,9,2,3,0.667
1222449,11340,11225,44938,10,10,5,5,0.5,0.0,0.815,9,2,3,0.667
1221480,11340,11225,44938,10,10,5,5,0.5,0.0,0.815,9,2,3,0.667
1312429,11340,11225,44938,10,10,5,5,0.5,0.0,0.815,9,2,3,0.667
1222400,11340,11225,44938,10,10,5,5,0.5,0.0,0.815,9,2,3,0.667
1300935,22856,7796,52620,8,8,2,4,0.5,0.25,0.81,7,2,3,0.667
1300984,7702,7796,52620,8,8,2,4,0.5,0.25,0.81,7,2,3,0.667
1310751,7702,7796,52620,8,8,2,4,0.5,0.25,0.81,7,2,3,0.667
1300934,22856,7796,52620,8,8,2,4,0.5,0.25,0.81,7,2,3,0.667
1068488,39018,39017,15568,8,8,4,4,0.5,0.0,0.81,7,2,3,0.667
1068243,39018,39017,15568,8,8,4,4,0.5,0.0,0.81,7,2,3,0.667
1070289,39018,39017,15568,8,8,4,4,0.5,0.0,0.81,7,2,3,0.667
1068486,39018,39017,15568,8,8,4,4,0.5,0.0,0.81,7,2,3,0.667
1303866,6951,7027,15946,18,18,5,6,0.3333,0.0556,0.804,17,2,3,0.667
1302336,22585,7027,15946,18,18,5,6,0.3333,0.0556,0.804,17,2,3,0.667
1301271,6951,7027,15946,18,18,5,6,0.3333,0.0556,0.804,17,2,3,0.667
1303868,6951,7027,15946,18,18,5,6,0.3333,0.0556,0.804,17,2,3,0.667
1302925,22585,7027,15946,18,18,5,6,0.3333,0.0556,0.804,17,2,3,0.667
1302302,22585,7027,15946,18,18,5,6,0.3333,0.0556,0.804,17,2,3,0.667
1069835,6951,7027,15946,18,18,5,6,0.3333,0.0556,0.804,17,2,3,0.667
1302335,22585,7027,15946,18,18,5,6,0.3333,0.0556,0.804,17,2,3,0.667
1302290,22585,7027,15946,18,18,5,6,0.3333,0.0556,0.804,17,2,3,0.667
1136393,6951,7027,15946,18,18,5,6,0.3333,0.0556,0.804,17,2,3,0.667
1087657,235850,27251,15365,11,11,1,6,0.5455,0.4545,0.8,10,2,3,0.667
1071331,19086,27251,15365,11,11,4,6,0.5455,0.1818,0.8,10,2,3,0.667
1084600,19086,27251,15365,11,11,4,6,0.5455,0.1818,0.8,10,2,3,0.667
1067328,19086,27251,15365,11,11,4,6,0.5455,0.1818,0.8,10,2,3,0.667
1067326,19086,27251,15365,11,11,4,6,0.5455,0.1818,0.8,10,2,3,0.667
1180016,280002,280001,26687,11,11,5,6,0.5455,0.0909,0.8,10,2,3,0.667
1180023,280002,280001,26687,11,11,5,6,0.5455,0.0909,0.8,10,2,3,0.667
1180445,280002,280001,26687,11,11,5,6,0.5455,0.0909,0.8,10,2,3,0.667
1180446,280002,280001,26687,11,11,5,6,0.5455,0.0909,0.8,10,2,3,0.667
1180444,280002,280001,26687,11,11,5,6,0.5455,0.0909,0.8,10,2,3,0.667
1270897,9916,9860,48308,14,14,1,5,0.3571,0.2857,0.795,13,2,3,0.667
1287813,9886,9860,48308,14,14,5,5,0.3571,0.0,0.795,13,2,3,0.667
1287264,9886,9860,48308,14,14,5,5,0.3571,0.0,0.795,13,2,3,0.667
1270898,9886,9860,48308,14,14,5,5,0.3571,0.0,0.795,13,2,3,0.667
1270896,9886,9860,48308,14,14,5,5,0.3571,0.0,0.795,13,2,3,0.667
1270895,9886,9860,48308,14,14,5,5,0.3571,0.0,0.795,13,2,3,0.667
1108556,257924,207047,12494,17,17,7,10,0.5882,0.1765,0.792,16,2,3,0.667
1108563,257924,207047,12494,17,17,7,10,0.5882,0.1765,0.792,16,2,3,0.667
1108558,257924,207047,12494,17,17,7,10,0.5882,0.1765,0.792,16,2,3,0.667
1072627,257924,207047,12494,17,17,7,10,0.5882,0.1765,0.792,16,2,3,0.667
1108555,257924,207047,12494,17,17,7,10,0.5882,0.1765,0.792,16,2,3,0.667
1072693,257924,207047,12494,17,17,7,10,0.5882,0.1765,0.792,16,2,3,0.667
1072626,257924,207047,12494,17,17,7,10,0.5882,0.1765,0.792,16,2,3,0.667
1072828,219846,219845,16608,9,9,4,5,0.5556,0.1111,0.792,8,2,3,0.667
1073127,219846,219845,16608,9,9,4,5,0.5556,0.1111,0.792,8,2,3,0.667
1072825,219846,219845,16608,9,9,4,5,0.5556,0.1111,0.792,8,2,3,0.667
1073130,219846,219845,16608,9,9,4,5,0.5556,0.1111,0.792,8,2,3,0.667
1308842,23248,8641,53873,9,9,4,5,0.5556,0.1111,0.792,8,2,3,0.667
1308844,23248,8641,53873,9,9,4,5,0.5556,0.1111,0.792,8,2,3,0.667
1308843,23248,8641,53873,9,9,4,5,0.5556,0.1111,0.792,8,2,3,0.667
1308308,23248,8641,53873,9,9,4,5,0.5556,0.1111,0.792,8,2,3,0.667
1189630,160315,4427,37341,18,18,7,11,0.6111,0.2222,0.784,17,2,3,0.667
1184745,160315,4427,37341,18,18,7,11,0.6111,0.2222,0.784,17,2,3,0.667
1191060,160315,4427,37341,18,18,7,11,0.6111,0.2222,0.784,17,2,3,0.667
1195332,160315,4427,37341,18,18,7,11,0.6111,0.2222,0.784,17,2,3,0.667
1187857,160315,4427,37341,18,18,7,11,0.6111,0.2222,0.784,17,2,3,0.667
1184744,160315,4427,37341,18,18,7,11,0.6111,0.2222,0.784,17,2,3,0.667
1189674,160315,4427,37341,18,18,7,11,0.6111,0.2222,0.784,17,2,3,0.667
1075636,255680,255681,15878,13,13,4,9,0.6923,0.3846,0.778,12,2,3,0.667
1084381,255680,255681,15878,13,13,4,9,0.6923,0.3846,0.778,12,2,3,0.667
1133440,255680,255681,15878,13,13,4,9,0.6923,0.3846,0.778,12,2,3,0.667
1134469,255680,255681,15878,13,13,4,9,0.6923,0.3846,0.778,12,2,3,0.667
1122784,1768,1800,13788,16,16,4,10,0.625,0.375,0.778,15,2,3,0.667
1122712,1768,1800,13788,16,16,4,10,0.625,0.375,0.778,15,2,3,0.667
1171508,1768,1800,13788,16,16,4,10,0.625,0.375,0.778,15,2,3,0.667
1122709,1768,1800,13788,16,16,4,10,0.625,0.375,0.778,15,2,3,0.667
1133531,6956,22522,28833,22,22,1,8,0.3636,0.3182,0.778,21,2,3,0.667
1133467,6976,22522,28833,22,22,1,8,0.3636,0.3182,0.778,21,2,3,0.667
1074854,5292,5283,17493,10,10,4,6,0.6,0.2,0.778,9,2,3,0.667
1075689,5292,5283,17493,10,10,4,6,0.6,0.2,0.778,9,2,3,0.667
1183722,5292,5283,17493,10,10,4,6,0.6,0.2,0.778,9,2,3,0.667
1074868,5292,5283,17493,10,10,4,6,0.6,0.2,0.778,9,2,3,0.667
1130677,18412,18405,21008,10,10,4,6,0.6,0.2,0.778,9,2,3,0.667
1202167,18412,18405,21008,10,10,4,6,0.6,0.2,0.778,9,2,3,0.667
1202169,18412,18405,21008,10,10,4,6,0.6,0.2,0.778,9,2,3,0.667
1186252,18412,18405,21008,10,10,4,6,0.6,0.2,0.778,9,2,3,0.667
1146663,2926,2998,32717,10,10,4,6,0.6,0.2,0.778,9,2,3,0.667
1154454,2926,2998,32717,10,10,4,6,0.6,0.2,0.778,9,2,3,0.667
1148332,2926,2998,32717,10,10,4,6,0.6,0.2,0.778,9,2,3,0.667
1147202,2926,2998,32717,10,10,4,6,0.6,0.2,0.778,9,2,3,0.667
1058155,377754,377744,4453,7,7,3,4,0.5714,0.1429,0.778,6,2,3,0.667
1058157,377754,377744,4453,7,7,3,4,0.5714,0.1429,0.778,6,2,3,0.667
1058156,377754,377744,4453,7,7,3,4,0.5714,0.1429,0.778,6,2,3,0.667
1228785,23809,9794,45167,7,7,3,4,0.5714,0.1429,0.778,6,2,3,0.667
1228783,23809,9794,45167,7,7,3,4,0.5714,0.1429,0.778,6,2,3,0.667
1228737,23809,9794,45167,7,7,3,4,0.5714,0.1429,0.778,6,2,3,0.667
1127855,6893,22522,28833,22,22,5,8,0.3636,0.1364,0.778,21,2,3,0.667
1303608,6893,22522,28833,22,22,5,8,0.3636,0.1364,0.778,21,2,3,0.667
1303609,6893,22522,28833,22,22,5,8,0.3636,0.1364,0.778,21,2,3,0.667
1303589,6893,22522,28833,22,22,5,8,0.3636,0.1364,0.778,21,2,3,0.667
1303606,6893,22522,28833,22,22,5,8,0.3636,0.1364,0.778,21,2,3,0.667
1203099,19243,19217,24698,10,10,4,5,0.5,0.1,0.778,9,2,3,0.667
1203100,19243,19217,24698,10,10,4,5,0.5,0.1,0.778,9,2,3,0.667
1203070,19243,19217,24698,10,10,4,5,0.5,0.1,0.778,9,2,3,0.667
1203101,19243,19217,24698,10,10,4,5,0.5,0.1,0.778,9,2,3,0.667
1287286,10374,10287,47277,13,13,5,6,0.4615,0.0769,0.778,12,2,3,0.667
1266570,10374,10287,47277,13,13,5,6,0.4615,0.0769,0.778,12,2,3,0.667
1298438,10374,10287,47277,13,13,5,6,0.4615,0.0769,0.778,12,2,3,0.667
1266569,10374,10287,47277,13,13,5,6,0.4615,0.0769,0.778,12,2,3,0.667
1287283,10374,10287,47277,13,13,5,6,0.4615,0.0769,0.778,12,2,3,0.667
1034554,16659,16641,9140,13,13,5,5,0.3846,0.0,0.778,12,2,3,0.667
1104126,16659,16641,9140,13,13,5,5,0.3846,0.0,0.778,12,2,3,0.667
1101603,16659,16641,9140,13,13,5,5,0.3846,0.0,0.778,12,2,3,0.667
1101526,16659,16641,9140,13,13,5,5,0.3846,0.0,0.778,12,2,3,0.667
1101534,16659,16641,9140,13,13,5,5,0.3846,0.0,0.778,12,2,3,0.667
1163839,13385,13343,12241,10,10,4,4,0.4,0.0,0.778,9,2,3,0.667
1059635,13385,13343,12241,10,10,4,4,0.4,0.0,0.778,9,2,3,0.667
1098245,13385,13343,12241,10,10,4,4,0.4,0.0,0.778,9,2,3,0.667
1207084,13385,13343,12241,10,10,4,4,0.4,0.0,0.778,9,2,3,0.667
1199317,9512,9543,26634,17,17,2,7,0.4118,0.2941,0.771,16,2,3,0.667
1229467,9512,9543,26634,17,17,2,7,0.4118,0.2941,0.771,16,2,3,0.667
1197529,23731,9543,26634,17,17,4,7,0.4118,0.1765,0.771,16,2,3,0.667
1229468,23731,9543,26634,17,17,4,7,0.4118,0.1765,0.771,16,2,3,0.667
1197528,23731,9543,26634,17,17,4,7,0.4118,0.1765,0.771,16,2,3,0.667
1197527,23731,9543,26634,17,17,4,7,0.4118,0.1765,0.771,16,2,3,0.667
1034633,278398,274876,3242,17,17,8,9,0.5294,0.0588,0.771,16,2,3,0.667
1034632,278398,274876,3242,17,17,8,9,0.5294,0.0588,0.771,16,2,3,0.667
1034611,278398,274876,3242,17,17,8,9,0.5294,0.0588,0.771,16,2,3,0.667
1034634,278398,274876,3242,17,17,8,9,0.5294,0.0588,0.771,16,2,3,0.667
1032475,278398,274876,3242,17,17,8,9,0.5294,0.0588,0.771,16,2,3,0.667
1034613,278398,274876,3242,17,17,8,9,0.5294,0.0588,0.771,16,2,3,0.667
1287104,7757,22878,49544,24,24,3,7,0.2917,0.1667,0.768,23,2,3,0.667
1287106,7757,22878,49544,24,24,3,7,0.2917,0.1667,0.768,23,2,3,0.667
1287105,7757,22878,49544,24,24,3,7,0.2917,0.1667,0.768,23,2,3,0.667
1287117,7760,22878,49544,24,24,3,7,0.2917,0.1667,0.768,23,2,3,0.667
1287082,7760,22878,49544,24,24,3,7,0.2917,0.1667,0.768,23,2,3,0.667
1287115,7760,22878,49544,24,24,3,7,0.2917,0.1667,0.768,23,2,3,0.667
1286438,7851,22878,49544,24,24,4,7,0.2917,0.125,0.768,23,2,3,0.667
1300505,7851,22878,49544,24,24,4,7,0.2917,0.125,0.768,23,2,3,0.667
1228952,9258,23584,46238,8,8,3,5,0.625,0.25,0.762,7,2,3,0.667
1269309,9258,23584,46238,8,8,3,5,0.625,0.25,0.762,7,2,3,0.667
1285884,9258,23584,46238,8,8,3,5,0.625,0.25,0.762,7,2,3,0.667
1047179,344335,344336,11761,16,16,3,13,0.8125,0.625,0.756,15,2,3,0.667
1047194,344335,344336,11761,16,16,3,13,0.8125,0.625,0.756,15,2,3,0.667
1047181,344335,344336,11761,16,16,3,13,0.8125,0.625,0.756,15,2,3,0.667
1302722,473207,449264,14961,9,8,1,4,0.5,0.375,0.75,8,2,3,0.667
1114582,12904,12976,20735,5,5,2,3,0.6,0.2,0.75,4,2,3,0.667
1136904,12904,12976,20735,5,5,2,3,0.6,0.2,0.75,4,2,3,0.667
1185201,27345,27339,39583,5,5,2,3,0.6,0.2,0.75,4,2,3,0.667
1185182,27345,27339,39583,5,5,2,3,0.6,0.2,0.75,4,2,3,0.667
1234572,473205,449264,14961,9,8,3,4,0.5,0.125,0.75,8,2,3,0.667
1128731,473205,449264,14961,9,8,3,4,0.5,0.125,0.75,8,2,3,0.667
1081058,473205,449264,14961,9,8,3,4,0.5,0.125,0.75,8,2,3,0.667
1131247,3805,3827,29664,6,6,2,4,0.6667,0.3333,0.733,5,2,3,0.667
1165724,3805,3827,29664,6,6,2,4,0.6667,0.3333,0.733,5,2,3,0.667
1063174,21963,21961,4740,11,11,4,7,0.6364,0.2727,0.733,10,2,3,0.667
1066287,21963,21961,4740,11,11,4,7,0.6364,0.2727,0.733,10,2,3,0.667
1198940,23783,9715,12219,16,16,4,5,0.3125,0.0625,0.733,15,2,3,0.667
1199833,23783,9715,12219,16,16,4,5,0.3125,0.0625,0.733,15,2,3,0.667
1198941,23783,9715,12219,16,16,4,5,0.3125,0.0625,0.733,15,2,3,0.667
1221392,23783,9715,12219,16,16,4,5,0.3125,0.0625,0.733,15,2,3,0.667
1309671,8317,8242,28801,16,16,4,5,0.3125,0.0625,0.733,15,2,3,0.667
1127787,8317,8242,28801,16,16,4,5,0.3125,0.0625,0.733,15,2,3,0.667
1309670,8317,8242,28801,16,16,4,5,0.3125,0.0625,0.733,15,2,3,0.667
1309723,8317,8242,28801,16,16,4,5,0.3125,0.0625,0.733,15,2,3,0.667
1226168,23665,9338,41576,6,6,2,2,0.3333,0.0,0.733,5,2,3,0.667
1198578,9388,9338,41576,6,6,2,2,0.3333,0.0,0.733,5,2,3,0.667
1226124,9388,9338,41576,6,6,2,2,0.3333,0.0,0.733,5,2,3,0.667
1226169,23665,9338,41576,6,6,2,2,0.3333,0.0,0.733,5,2,3,0.667
1185195,19210,19284,21710,13,13,3,6,0.4615,0.2308,0.722,12,2,3,0.667
1185197,19210,19284,21710,13,13,3,6,0.4615,0.2308,0.722,12,2,3,0.667
1185196,19210,19284,21710,13,13,3,6,0.4615,0.2308,0.722,12,2,3,0.667
1132748,95964,425182,22908,13,13,1,4,0.3077,0.2308,0.722,12,2,3,0.667
1138310,405727,425182,22908,13,13,1,4,0.3077,0.2308,0.722,12,2,3,0.667
1127853,405723,425182,22908,13,13,1,4,0.3077,0.2308,0.722,12,2,3,0.667
1076620,19234,19140,15732,14,14,1,6,0.4286,0.3571,0.718,13,2,3,0.667
1076622,19235,19140,15732,14,14,2,6,0.4286,0.2857,0.718,13,2,3,0.667
1076627,19235,19140,15732,14,14,2,6,0.4286,0.2857,0.718,13,2,3,0.667
1188728,16290,16075,16861,47,47,3,6,0.1277,0.0638,0.717,46,2,3,0.667
1188731,16308,16075,16861,47,47,3,6,0.1277,0.0638,0.717,46,2,3,0.667
1188746,16290,16075,16861,47,47,3,6,0.1277,0.0638,0.717,46,2,3,0.667
1188732,16308,16075,16861,47,47,3,6,0.1277,0.0638,0.717,46,2,3,0.667
1188727,16290,16075,16861,47,47,3,6,0.1277,0.0638,0.717,46,2,3,0.667
1181096,16308,16075,16861,47,47,3,6,0.1277,0.0638,0.717,46,2,3,0.667
1188814,16317,16075,16861,47,47,4,6,0.1277,0.0426,0.717,46,2,3,0.667
1187999,16317,16075,16861,47,47,4,6,0.1277,0.0426,0.717,46,2,3,0.667
1190765,16317,16075,16861,47,47,4,6,0.1277,0.0426,0.717,46,2,3,0.667
1188001,16317,16075,16861,47,47,4,6,0.1277,0.0426,0.717,46,2,3,0.667
1188765,16169,16075,16861,47,47,5,6,0.1277,0.0213,0.717,46,2,3,0.667
1181192,16169,16075,16861,47,47,5,6,0.1277,0.0213,0.717,46,2,3,0.667
1126838,16169,16075,16861,47,47,5,6,0.1277,0.0213,0.717,46,2,3,0.667
1181105,16169,16075,16861,47,47,5,6,0.1277,0.0213,0.717,46,2,3,0.667
1181106,16169,16075,16861,47,47,5,6,0.1277,0.0213,0.717,46,2,3,0.667
1302031,22950,7896,52647,16,16,3,6,0.375,0.1875,0.711,15,2,3,0.667
1304669,22950,7896,52647,16,16,3,6,0.375,0.1875,0.711,15,2,3,0.667
1301139,22950,7896,52647,16,16,3,6,0.375,0.1875,0.711,15,2,3,0.667
1301009,22952,7896,52647,16,16,4,6,0.375,0.125,0.711,15,2,3,0.667
1177088,25696,25723,28307,9,9,4,5,0.5556,0.1111,0.708,8,2,3,0.667
1177090,25696,25723,28307,9,9,4,5,0.5556,0.1111,0.708,8,2,3,0.667
1065049,343720,343721,10752,10,10,2,8,0.8,0.6,0.704,9,2,3,0.667
1041923,343720,343721,10752,10,10,2,8,0.8,0.6,0.704,9,2,3,0.667
1108311,235849,235843,16691,19,19,3,8,0.4211,0.2632,0.704,18,2,3,0.667
1108312,235849,235843,16691,19,19,3,8,0.4211,0.2632,0.704,18,2,3,0.667
1072903,235849,235843,16691,19,19,3,8,0.4211,0.2632,0.704,18,2,3,0.667
1276879,17648,17700,49315,12,12,2,4,0.3333,0.1667,0.697,11,2,3,0.667
1276878,17648,17700,49315,12,12,2,4,0.3333,0.1667,0.697,11,2,3,0.667
1281373,17623,17700,49315,12,12,3,4,0.3333,0.0833,0.697,11,2,3,0.667
1282727,17623,17700,49315,12,12,3,4,0.3333,0.0833,0.697,11,2,3,0.667
1282728,17623,17700,49315,12,12,3,4,0.3333,0.0833,0.697,11,2,3,0.667
1205523,628,10231,28652,13,13,1,2,0.1538,0.0769,0.694,12,2,3,0.667
1169798,10384,10231,28652,13,13,1,2,0.1538,0.0769,0.694,12,2,3,0.667
1097802,270410,270715,3841,18,18,2,12,0.6667,0.5556,0.686,17,2,3,0.667
1132549,270410,270715,3841,18,18,2,12,0.6667,0.5556,0.686,17,2,3,0.667
1304782,6999,6997,30498,18,18,5,6,0.3333,0.0556,0.686,17,2,3,0.667
1304786,6999,6997,30498,18,18,5,6,0.3333,0.0556,0.686,17,2,3,0.667
1305990,6999,6997,30498,18,18,5,6,0.3333,0.0556,0.686,17,2,3,0.667
1305993,6999,6997,30498,18,18,5,6,0.3333,0.0556,0.686,17,2,3,0.667
1276727,6999,6997,30498,18,18,5,6,0.3333,0.0556,0.686,17,2,3,0.667
1075443,276156,262407,16159,9,9,1,8,0.8889,0.7778,0.667,8,2,3,0.667
1003924,22739,7431,528,7,7,1,6,0.8571,0.7143,0.667,6,2,3,0.667
1080220,35164,35163,18708,7,7,1,6,0.8571,0.7143,0.667,6,2,3,0.667
1169102,27262,27263,19667,6,6,1,5,0.8333,0.6667,0.667,5,2,3,0.667
1210587,20198,1721,37172,6,6,1,5,0.8333,0.6667,0.667,5,2,3,0.667
1228545,631,629,42427,6,6,1,5,0.8333,0.6667,0.667,5,2,3,0.667
1298844,8912,8831,50297,8,8,1,6,0.75,0.625,0.667,7,2,3,0.667
1121121,18887,27253,26900,7,7,1,5,0.7143,0.5714,0.667,6,2,3,0.667
1185895,19477,27395,39744,7,7,1,5,0.7143,0.5714,0.667,6,2,3,0.667
1186144,19630,19635,39604,6,6,1,4,0.6667,0.5,0.667,5,2,3,0.667
1083464,33247,15790,13999,15,15,4,11,0.7333,0.4667,0.667,14,2,3,0.667
1103185,16349,16385,23753,15,15,4,11,0.7333,0.4667,0.667,14,2,3,0.667
1174453,27285,19116,35154,7,7,2,5,0.7143,0.4286,0.667,6,2,3,0.667
1282214,17812,17825,50523,7,7,2,5,0.7143,0.4286,0.667,6,2,3,0.667
1201186,23740,9580,22578,8,8,1,4,0.5,0.375,0.667,7,2,3,0.667
1146849,26284,3788,7242,17,17,1,7,0.4118,0.3529,0.667,16,2,3,0.667
1273623,10050,10137,31704,9,9,2,5,0.5556,0.3333,0.667,8,2,3,0.667
1274254,10050,10137,31704,9,9,2,5,0.5556,0.3333,0.667,8,2,3,0.667
1310395,82844,5939,17405,6,6,1,3,0.5,0.3333,0.667,5,2,3,0.667
1014559,6635,6679,4767,3,3,1,2,0.6667,0.3333,0.667,2,2,3,0.667
1114759,25501,13622,26170,3,3,1,2,0.6667,0.3333,0.667,2,2,3,0.667
1133283,5443,5435,30401,3,3,1,2,0.6667,0.3333,0.667,2,2,3,0.667
1136180,4488,322880,31336,3,3,1,2,0.6667,0.3333,0.667,2,2,3,0.667
1147666,2312,2345,33354,3,3,1,2,0.6667,0.3333,0.667,2,2,3,0.667
1232970,530660,530655,26782,13,9,2,4,0.4444,0.2222,0.667,12,2,3,0.667
1269657,23804,9631,28587,20,20,5,9,0.45,0.2,0.667,19,2,3,0.667
1301626,7776,7769,52787,10,10,4,6,0.6,0.2,0.667,9,2,3,0.667
1289851,222091,27023,31625,16,16,1,4,0.25,0.1875,0.667,15,2,3,0.667
1152912,50523,5055,28993,11,11,4,6,0.5455,0.1818,0.667,10,2,3,0.667
1306128,8132,8137,49084,14,14,3,5,0.3571,0.1429,0.667,13,2,3,0.667
1178695,13961,14003,28196,11,11,5,6,0.5455,0.0909,0.667,10,2,3,0.667
1228621,23253,8802,5721,13,13,6,7,0.5385,0.0769,0.667,12,2,3,0.667
1208238,1331,20068,29086,14,14,3,4,0.2857,0.0714,0.667,13,2,3,0.667
1059914,364616,364605,3773,21,21,7,8,0.381,0.0476,0.667,20,2,3,0.667
1065014,364616,364605,3773,21,21,7,8,0.381,0.0476,0.667,20,2,3,0.667
1059899,364616,364605,3773,21,21,7,8,0.381,0.0476,0.667,20,2,3,0.667
1059915,364616,364605,3773,21,21,7,8,0.381,0.0476,0.667,20,2,3,0.667
1059916,364616,364605,3773,21,21,7,8,0.381,0.0476,0.667,20,2,3,0.667
1098002,364616,364605,3773,21,21,7,8,0.381,0.0476,0.667,20,2,3,0.667
1074252,364616,364605,3773,21,21,7,8,0.381,0.0476,0.667,20,2,3,0.667
1083215,15805,15804,13536,8,8,4,4,0.5,0.0,0.667,7,2,3,0.667
1170841,24558,11244,26614,2,2,1,1,0.5,0.0,0.667,1,2,3,0.667
1122372,20067,1339,26975,2,2,1,1,0.5,0.0,0.667,1,2,3,0.667
1133238,257608,257606,30003,2,2,1,1,0.5,0.0,0.667,1,2,3,0.667
1189349,16774,16751,40327,2,2,1,1,0.5,0.0,0.667,1,2,3,0.667
1297565,344971,222,51845,2,2,1,1,0.5,0.0,0.667,1,2,3,0.667
1221811,11907,11877,4868,7,7,1,6,0.8571,0.7143,0.611,6,2,3,0.667
1288562,188485,188480,22269,6,6,1,4,0.6667,0.5,0.6,5,2,3,0.667
1301428,101,196,30528,26,26,1,5,0.1923,0.1538,0.6,25,2,3,0.667
1180271,257598,257599,38893,17,17,4,6,0.3529,0.1176,0.542,16,2,3,0.667
1301303,22565,7027,15946,18,18,1,6,0.3333,0.2778,0.49,17,2,3,0.667
1301304,6952,7027,15946,18,18,1,6,0.3333,0.2778,0.49,17,2,3,0.667
1233031,,477883,46450,7,5,0,5,1.0,1.0,1.0,6,1,3,0.333
1233030,,477883,46450,7,5,0,5,1.0,1.0,1.0,6,1,3,0.333
1233024,,535977,46463,3,2,0,2,1.0,1.0,1.0,2,1,3,0.333
1001994,327,342,554,6,6,1,5,0.8333,0.6667,1.0,5,1,3,0.333
1042943,232635,230402,10804,6,6,1,5,0.8333,0.6667,1.0,5,1,3,0.333
1168276,27219,27211,36551,5,5,1,4,0.8,0.6,1.0,4,1,3,0.333
1234575,,12623,37659,6,5,0,3,0.6,0.6,1.0,5,1,3,0.333
1188546,4138,4208,39122,5,5,1,4,0.8,0.6,1.0,4,1,3,0.333
1185479,19633,19636,39628,5,5,1,4,0.8,0.6,1.0,4,1,3,0.333
1265540,389675,8216,47002,5,5,1,4,0.8,0.6,1.0,4,1,3,0.333
1279375,21544,4181,49975,5,5,1,4,0.8,0.6,1.0,4,1,3,0.333
1203546,332162,3989,17071,9,9,1,6,0.6667,0.5556,1.0,8,1,3,0.333
1133766,383807,383819,4604,13,13,2,9,0.6923,0.5385,1.0,12,1,3,0.333
1095942,383806,383819,4604,13,13,2,9,0.6923,0.5385,1.0,12,1,3,0.333
1132536,383807,383819,4604,13,13,2,9,0.6923,0.5385,1.0,12,1,3,0.333
1135107,383806,383819,4604,13,13,2,9,0.6923,0.5385,1.0,12,1,3,0.333
1257429,,8981,46847,13,12,0,6,0.5,0.5,1.0,12,1,3,0.333
1127219,,7930,28470,9,8,0,4,0.5,0.5,1.0,8,1,3,0.333
1060513,11881,12119,14178,4,4,1,3,0.75,0.5,1.0,3,1,3,0.333
1209146,1299,266879,27966,4,4,1,3,0.75,0.5,1.0,3,1,3,0.333
1184565,18872,18949,35704,4,4,1,3,0.75,0.5,1.0,3,1,3,0.333
1270295,23791,9712,45875,4,4,1,3,0.75,0.5,1.0,3,1,3,0.333
1202720,4009,3989,17071,9,9,2,6,0.6667,0.4444,1.0,8,1,3,0.333
1073586,4009,3989,17071,9,9,2,6,0.6667,0.4444,1.0,8,1,3,0.333
1127744,24214,24238,28774,7,7,2,5,0.7143,0.4286,1.0,6,1,3,0.333
1137480,24214,24238,28774,7,7,2,5,0.7143,0.4286,1.0,6,1,3,0.333
1028695,344332,350006,7618,10,10,1,5,0.5,0.4,1.0,9,1,3,0.333
1096150,391437,391439,22438,10,10,1,5,0.5,0.4,1.0,9,1,3,0.333
1218565,9432,9453,44485,5,5,1,3,0.6,0.4,1.0,4,1,3,0.333
1218567,23736,9453,44485,5,5,1,3,0.6,0.4,1.0,4,1,3,0.333
1053054,365227,10200,4307,11,11,1,5,0.4545,0.3636,1.0,10,1,3,0.333
1114798,13126,13167,20672,9,9,1,4,0.4444,0.3333,1.0,8,1,3,0.333
1119020,143356,22771,26682,9,9,1,4,0.4444,0.3333,1.0,8,1,3,0.333
1003706,19705,19694,1220,3,3,1,2,0.6667,0.3333,1.0,2,1,3,0.333
1012562,325437,3508,3729,3,3,1,2,0.6667,0.3333,1.0,2,1,3,0.333
1288505,188475,188476,5115,3,3,1,2,0.6667,0.3333,1.0,2,1,3,0.333
1028594,26505,16594,7558,3,3,1,2,0.6667,0.3333,1.0,2,1,3,0.333
1070146,383902,377773,14399,3,3,1,2,0.6667,0.3333,1.0,2,1,3,0.333
1099552,96924,102694,23042,3,3,1,2,0.6667,0.3333,1.0,2,1,3,0.333
1137967,415426,415425,31836,3,3,1,2,0.6667,0.3333,1.0,2,1,3,0.333
1175307,25141,12721,37672,3,3,1,2,0.6667,0.3333,1.0,2,1,3,0.333
1185891,19559,19564,39742,3,3,1,2,0.6667,0.3333,1.0,2,1,3,0.333
1282199,3623,21408,50802,3,3,1,2,0.6667,0.3333,1.0,2,1,3,0.333
1007086,24928,24877,1093,10,10,1,4,0.4,0.3,1.0,9,1,3,0.333
1074030,2908,2932,4839,7,7,1,3,0.4286,0.2857,1.0,6,1,3,0.333
1176055,25996,25994,37894,7,7,1,3,0.4286,0.2857,1.0,6,1,3,0.333
1176082,25998,25994,37894,7,7,1,3,0.4286,0.2857,1.0,6,1,3,0.333
1083661,65257,14229,18823,11,11,1,4,0.3636,0.2727,1.0,10,1,3,0.333
1083662,295355,14229,18823,11,11,1,4,0.3636,0.2727,1.0,10,1,3,0.333
1080697,14059,14229,18823,11,11,1,4,0.3636,0.2727,1.0,10,1,3,0.333
1083663,14203,14229,18823,11,11,1,4,0.3636,0.2727,1.0,10,1,3,0.333
1133693,375937,14229,18823,11,11,1,4,0.3636,0.2727,1.0,10,1,3,0.333
1179986,280009,280007,22517,11,11,2,5,0.4545,0.2727,1.0,10,1,3,0.333
1179991,280009,280007,22517,11,11,2,5,0.4545,0.2727,1.0,10,1,3,0.333
1108849,16686,16691,5132,4,4,1,2,0.5,0.25,1.0,3,1,3,0.333
1015473,16692,16691,5132,4,4,1,2,0.5,0.25,1.0,3,1,3,0.333
1289331,7428,22771,26682,9,9,2,4,0.4444,0.2222,1.0,8,1,3,0.333
1276134,22767,22771,26682,9,9,2,4,0.4444,0.2222,1.0,8,1,3,0.333
1289348,7428,22771,26682,9,9,2,4,0.4444,0.2222,1.0,8,1,3,0.333
1289350,22767,22771,26682,9,9,2,4,0.4444,0.2222,1.0,8,1,3,0.333
1095240,24963,24877,1093,10,10,2,4,0.4,0.2,1.0,9,1,3,0.333
1134034,24963,24877,1093,10,10,2,4,0.4,0.2,1.0,9,1,3,0.333
1298973,22805,22852,30354,5,5,2,3,0.6,0.2,1.0,4,1,3,0.333
1300619,22805,22852,30354,5,5,2,3,0.6,0.2,1.0,4,1,3,0.333
1175306,25141,12623,37659,6,5,2,3,0.6,0.2,1.0,5,1,3,0.333
1175282,25141,12623,37659,6,5,2,3,0.6,0.2,1.0,5,1,3,0.333
1205815,284481,284482,40682,5,5,2,3,0.6,0.2,1.0,4,1,3,0.333
1205813,284481,284482,40682,5,5,2,3,0.6,0.2,1.0,4,1,3,0.333
1282008,4337,4350,50183,5,5,2,3,0.6,0.2,1.0,4,1,3,0.333
1280058,4337,4350,50183,5,5,2,3,0.6,0.2,1.0,4,1,3,0.333
1312547,376209,376208,51351,5,5,2,3,0.6,0.2,1.0,4,1,3,0.333
1286996,376209,376208,51351,5,5,2,3,0.6,0.2,1.0,4,1,3,0.333
1083711,49245,14229,18823,11,11,2,4,0.3636,0.1818,1.0,10,1,3,0.333
1082017,49245,14229,18823,11,11,2,4,0.3636,0.1818,1.0,10,1,3,0.333
1126837,4419,4387,28378,6,6,1,2,0.3333,0.1667,1.0,5,1,3,0.333
1177597,390235,4387,28378,6,6,1,2,0.3333,0.1667,1.0,5,1,3,0.333
1041364,7855,22906,9583,7,7,3,4,0.5714,0.1429,1.0,6,1,3,0.333
1041366,7855,22906,9583,7,7,3,4,0.5714,0.1429,1.0,6,1,3,0.333
1041365,7855,22906,9583,7,7,3,4,0.5714,0.1429,1.0,6,1,3,0.333
1153113,299835,21485,22660,7,7,1,2,0.2857,0.1429,1.0,6,1,3,0.333
1096921,257602,21485,22660,7,7,1,2,0.2857,0.1429,1.0,6,1,3,0.333
1166191,21461,21485,22660,7,7,1,2,0.2857,0.1429,1.0,6,1,3,0.333
1176081,26001,25994,37894,7,7,2,3,0.4286,0.1429,1.0,6,1,3,0.333
1176052,26001,25994,37894,7,7,2,3,0.4286,0.1429,1.0,6,1,3,0.333
1309267,22471,22438,52517,7,7,3,4,0.5714,0.1429,1.0,6,1,3,0.333
1309266,22471,22438,52517,7,7,3,4,0.5714,0.1429,1.0,6,1,3,0.333
1309269,22471,22438,52517,7,7,3,4,0.5714,0.1429,1.0,6,1,3,0.333
1001194,221,19785,389,9,9,4,5,0.5556,0.1111,1.0,8,1,3,0.333
1001572,221,19785,389,9,9,4,5,0.5556,0.1111,1.0,8,1,3,0.333
1001562,221,19785,389,9,9,4,5,0.5556,0.1111,1.0,8,1,3,0.333
1001592,221,19785,389,9,9,4,5,0.5556,0.1111,1.0,8,1,3,0.333
1171291,25341,25348,14765,9,9,2,3,0.3333,0.1111,1.0,8,1,3,0.333
1122767,13198,25348,14765,9,9,2,3,0.3333,0.1111,1.0,8,1,3,0.333
1122766,13198,25348,14765,9,9,2,3,0.3333,0.1111,1.0,8,1,3,0.333
1122768,25341,25348,14765,9,9,2,3,0.3333,0.1111,1.0,8,1,3,0.333
1207163,13188,25348,14765,9,9,2,3,0.3333,0.1111,1.0,8,1,3,0.333
1207151,13188,25348,14765,9,9,2,3,0.3333,0.1111,1.0,8,1,3,0.333
1063207,5672,5674,14786,9,9,4,5,0.5556,0.1111,1.0,8,1,3,0.333
1063206,5672,5674,14786,9,9,4,5,0.5556,0.1111,1.0,8,1,3,0.333
1067998,5672,5674,14786,9,9,4,5,0.5556,0.1111,1.0,8,1,3,0.333
1063186,5672,5674,14786,9,9,4,5,0.5556,0.1111,1.0,8,1,3,0.333
1186459,19401,19429,21340,9,9,4,5,0.5556,0.1111,1.0,8,1,3,0.333
1186460,19401,19429,21340,9,9,4,5,0.5556,0.1111,1.0,8,1,3,0.333
1185971,19401,19429,21340,9,9,4,5,0.5556,0.1111,1.0,8,1,3,0.333
1092227,19401,19429,21340,9,9,4,5,0.5556,0.1111,1.0,8,1,3,0.333
1150954,15918,26262,31970,9,9,4,5,0.5556,0.1111,1.0,8,1,3,0.333
1150956,15918,26262,31970,9,9,4,5,0.5556,0.1111,1.0,8,1,3,0.333
1149391,15918,26262,31970,9,9,4,5,0.5556,0.1111,1.0,8,1,3,0.333
1149393,15918,26262,31970,9,9,4,5,0.5556,0.1111,1.0,8,1,3,0.333
1227034,23351,23330,45869,9,9,4,5,0.5556,0.1111,1.0,8,1,3,0.333
1227999,23351,23330,45869,9,9,4,5,0.5556,0.1111,1.0,8,1,3,0.333
1227035,23351,23330,45869,9,9,4,5,0.5556,0.1111,1.0,8,1,3,0.333
1227143,23351,23330,45869,9,9,4,5,0.5556,0.1111,1.0,8,1,3,0.333
1024798,24950,24877,1093,10,10,3,4,0.4,0.1,1.0,9,1,3,0.333
1002644,24950,24877,1093,10,10,3,4,0.4,0.1,1.0,9,1,3,0.333
1007066,24950,24877,1093,10,10,3,4,0.4,0.1,1.0,9,1,3,0.333
1048906,344271,350006,7618,10,10,4,5,0.5,0.1,1.0,9,1,3,0.333
1028965,344271,350006,7618,10,10,4,5,0.5,0.1,1.0,9,1,3,0.333
1028963,344271,350006,7618,10,10,4,5,0.5,0.1,1.0,9,1,3,0.333
1039663,344271,350006,7618,10,10,4,5,0.5,0.1,1.0,9,1,3,0.333
1096098,391438,391439,22438,10,10,4,5,0.5,0.1,1.0,9,1,3,0.333
1096099,391438,391439,22438,10,10,4,5,0.5,0.1,1.0,9,1,3,0.333
1096097,391438,391439,22438,10,10,4,5,0.5,0.1,1.0,9,1,3,0.333
1096100,391438,391439,22438,10,10,4,5,0.5,0.1,1.0,9,1,3,0.333
1180981,4363,4364,35603,10,10,3,4,0.4,0.1,1.0,9,1,3,0.333
1177595,4281,4364,35603,10,10,3,4,0.4,0.1,1.0,9,1,3,0.333
1184487,4363,4364,35603,10,10,3,4,0.4,0.1,1.0,9,1,3,0.333
1187402,4281,4364,35603,10,10,3,4,0.4,0.1,1.0,9,1,3,0.333
1184489,4363,4364,35603,10,10,3,4,0.4,0.1,1.0,9,1,3,0.333
1177593,4281,4364,35603,10,10,3,4,0.4,0.1,1.0,9,1,3,0.333
1012959,276795,276506,3805,11,11,5,6,0.5455,0.0909,1.0,10,1,3,0.333
1057364,276795,276506,3805,11,11,5,6,0.5455,0.0909,1.0,10,1,3,0.333
1043992,276795,276506,3805,11,11,5,6,0.5455,0.0909,1.0,10,1,3,0.333
1057359,276795,276506,3805,11,11,5,6,0.5455,0.0909,1.0,10,1,3,0.333
1052541,276795,276506,3805,11,11,5,6,0.5455,0.0909,1.0,10,1,3,0.333
1179762,280008,280007,22517,11,11,4,5,0.4545,0.0909,1.0,10,1,3,0.333
1179760,280008,280007,22517,11,11,4,5,0.4545,0.0909,1.0,10,1,3,0.333
1096481,280008,280007,22517,11,11,4,5,0.4545,0.0909,1.0,10,1,3,0.333
1179761,280008,280007,22517,11,11,4,5,0.4545,0.0909,1.0,10,1,3,0.333
1020675,17096,17117,5657,13,13,4,5,0.3846,0.0769,1.0,12,1,3,0.333
1278601,17096,17117,5657,13,13,4,5,0.3846,0.0769,1.0,12,1,3,0.333
1278602,17096,17117,5657,13,13,4,5,0.3846,0.0769,1.0,12,1,3,0.333
1278550,26629,17117,5657,13,13,4,5,0.3846,0.0769,1.0,12,1,3,0.333
1278549,26629,17117,5657,13,13,4,5,0.3846,0.0769,1.0,12,1,3,0.333
1278514,26629,17117,5657,13,13,4,5,0.3846,0.0769,1.0,12,1,3,0.333
1278513,26629,17117,5657,13,13,4,5,0.3846,0.0769,1.0,12,1,3,0.333
1278604,17096,17117,5657,13,13,4,5,0.3846,0.0769,1.0,12,1,3,0.333
1311682,22900,22896,53483,28,28,14,14,0.5,0.0,1.0,27,1,3,0.333
1310706,22900,22896,53483,28,28,14,14,0.5,0.0,1.0,27,1,3,0.333
1305935,22900,22896,53483,28,28,14,14,0.5,0.0,1.0,27,1,3,0.333
1305926,22900,22896,53483,28,28,14,14,0.5,0.0,1.0,27,1,3,0.333
1311672,22900,22896,53483,28,28,14,14,0.5,0.0,1.0,27,1,3,0.333
1305934,22900,22896,53483,28,28,14,14,0.5,0.0,1.0,27,1,3,0.333
1310152,22900,22896,53483,28,28,14,14,0.5,0.0,1.0,27,1,3,0.333
1311684,22900,22896,53483,28,28,14,14,0.5,0.0,1.0,27,1,3,0.333
1310153,22900,22896,53483,28,28,14,14,0.5,0.0,1.0,27,1,3,0.333
1305937,22900,22896,53483,28,28,14,14,0.5,0.0,1.0,27,1,3,0.333
1305949,22900,22896,53483,28,28,14,14,0.5,0.0,1.0,27,1,3,0.333
1310151,22900,22896,53483,28,28,14,14,0.5,0.0,1.0,27,1,3,0.333
1305948,22900,22896,53483,28,28,14,14,0.5,0.0,1.0,27,1,3,0.333
1305927,22900,22896,53483,28,28,14,14,0.5,0.0,1.0,27,1,3,0.333
1195729,165116,164807,28907,12,12,4,4,0.3333,0.0,1.0,11,1,3,0.333
1209647,164809,164807,28907,12,12,4,4,0.3333,0.0,1.0,11,1,3,0.333
1195727,165116,164807,28907,12,12,4,4,0.3333,0.0,1.0,11,1,3,0.333
1209673,164809,164807,28907,12,12,4,4,0.3333,0.0,1.0,11,1,3,0.333
1221231,165116,164807,28907,12,12,4,4,0.3333,0.0,1.0,11,1,3,0.333
1127999,164809,164807,28907,12,12,4,4,0.3333,0.0,1.0,11,1,3,0.333
1209676,164809,164807,28907,12,12,4,4,0.3333,0.0,1.0,11,1,3,0.333
1195726,165116,164807,28907,12,12,4,4,0.3333,0.0,1.0,11,1,3,0.333
1280419,9046,8981,46847,13,12,6,6,0.5,0.0,1.0,12,1,3,0.333
1279238,9046,8981,46847,13,12,6,6,0.5,0.0,1.0,12,1,3,0.333
1279240,9046,8981,46847,13,12,6,6,0.5,0.0,1.0,12,1,3,0.333
1261334,9046,8981,46847,13,12,6,6,0.5,0.0,1.0,12,1,3,0.333
1302076,9046,8981,46847,13,12,6,6,0.5,0.0,1.0,12,1,3,0.333
1280420,9046,8981,46847,13,12,6,6,0.5,0.0,1.0,12,1,3,0.333
1288144,10280,10200,4307,11,11,5,5,0.4545,0.0,1.0,10,1,3,0.333
1288139,10280,10200,4307,11,11,5,5,0.4545,0.0,1.0,10,1,3,0.333
1288140,10280,10200,4307,11,11,5,5,0.4545,0.0,1.0,10,1,3,0.333
1298488,10280,10200,4307,11,11,5,5,0.4545,0.0,1.0,10,1,3,0.333
1288146,10280,10200,4307,11,11,5,5,0.4545,0.0,1.0,10,1,3,0.333
1090617,13217,13167,20672,9,9,4,4,0.4444,0.0,1.0,8,1,3,0.333
1110818,13217,13167,20672,9,9,4,4,0.4444,0.0,1.0,8,1,3,0.333
1110816,13217,13167,20672,9,9,4,4,0.4444,0.0,1.0,8,1,3,0.333
1110754,13217,13167,20672,9,9,4,4,0.4444,0.0,1.0,8,1,3,0.333
1307545,7977,7930,28470,9,8,4,4,0.5,0.0,1.0,8,1,3,0.333
1307542,7977,7930,28470,9,8,4,4,0.5,0.0,1.0,8,1,3,0.333
1281307,7977,7930,28470,9,8,4,4,0.5,0.0,1.0,8,1,3,0.333
1303041,7977,7930,28470,9,8,4,4,0.5,0.0,1.0,8,1,3,0.333
1147043,21054,2932,4839,7,7,3,3,0.4286,0.0,1.0,6,1,3,0.333
1147395,21054,2932,4839,7,7,3,3,0.4286,0.0,1.0,6,1,3,0.333
1145293,21054,2932,4839,7,7,3,3,0.4286,0.0,1.0,6,1,3,0.333
1187488,85734,21485,22660,7,7,2,2,0.2857,0.0,1.0,6,1,3,0.333
1164057,85734,21485,22660,7,7,2,2,0.2857,0.0,1.0,6,1,3,0.333
1183758,4436,4387,28378,6,6,2,2,0.3333,0.0,1.0,5,1,3,0.333
1177631,4436,4387,28378,6,6,2,2,0.3333,0.0,1.0,5,1,3,0.333
1217077,280966,280965,10683,4,4,2,2,0.5,0.0,1.0,3,1,3,0.333
1201693,280966,280965,10683,4,4,2,2,0.5,0.0,1.0,3,1,3,0.333
1112748,311356,25282,17301,4,4,1,1,0.25,0.0,1.0,3,1,3,0.333
1121093,32290,25282,17301,4,4,1,1,0.25,0.0,1.0,3,1,3,0.333
1145090,49248,25282,17301,4,4,1,1,0.25,0.0,1.0,3,1,3,0.333
1045722,375672,375669,11513,2,2,1,1,0.5,0.0,1.0,1,1,3,0.333
1096859,364828,10737,22617,2,2,1,1,0.5,0.0,1.0,1,1,3,0.333
1103906,16385,16349,23749,2,2,1,1,0.5,0.0,1.0,1,1,3,0.333
1149451,15918,15914,33161,2,2,1,1,0.5,0.0,1.0,1,1,3,0.333
1180654,16636,4302,38363,2,2,1,1,0.5,0.0,1.0,1,1,3,0.333
1180617,390722,48614,39038,2,2,1,1,0.5,0.0,1.0,1,1,3,0.333
1276966,169597,15707,49344,2,2,1,1,0.5,0.0,1.0,1,1,3,0.333
1297694,20547,20540,51882,2,2,1,1,0.5,0.0,1.0,1,1,3,0.333
1029461,31346,31345,7835,34,34,17,17,0.5,0.0,0.98,33,1,3,0.333
1029463,31346,31345,7835,34,34,17,17,0.5,0.0,0.98,33,1,3,0.333
1029407,31346,31345,7835,34,34,17,17,0.5,0.0,0.98,33,1,3,0.333
1029456,31346,31345,7835,34,34,17,17,0.5,0.0,0.98,33,1,3,0.333
1029458,31346,31345,7835,34,34,17,17,0.5,0.0,0.98,33,1,3,0.333
1029457,31346,31345,7835,34,34,17,17,0.5,0.0,0.98,33,1,3,0.333
1029459,31346,31345,7835,34,34,17,17,0.5,0.0,0.98,33,1,3,0.333
1029455,31346,31345,7835,34,34,17,17,0.5,0.0,0.98,33,1,3,0.333
1029410,31346,31345,7835,34,34,17,17,0.5,0.0,0.98,33,1,3,0.333
1029460,31346,31345,7835,34,34,17,17,0.5,0.0,0.98,33,1,3,0.333
1029413,31346,31345,7835,34,34,17,17,0.5,0.0,0.98,33,1,3,0.333
1029411,31346,31345,7835,34,34,17,17,0.5,0.0,0.98,33,1,3,0.333
1029412,31346,31345,7835,34,34,17,17,0.5,0.0,0.98,33,1,3,0.333
1029414,31346,31345,7835,34,34,17,17,0.5,0.0,0.98,33,1,3,0.333
1029409,31346,31345,7835,34,34,17,17,0.5,0.0,0.98,33,1,3,0.333
1029462,31346,31345,7835,34,34,17,17,0.5,0.0,0.98,33,1,3,0.333
1029408,31346,31345,7835,34,34,17,17,0.5,0.0,0.98,33,1,3,0.333
1224839,280635,280638,30553,19,19,1,5,0.2632,0.2105,0.963,18,1,3,0.333
1216114,280637,280638,30553,19,19,3,5,0.2632,0.1053,0.963,18,1,3,0.333
1133576,280637,280638,30553,19,19,3,5,0.2632,0.1053,0.963,18,1,3,0.333
1224844,280644,280638,30553,19,19,3,5,0.2632,0.1053,0.963,18,1,3,0.333
1224858,280641,280638,30553,19,19,3,5,0.2632,0.1053,0.963,18,1,3,0.333
1224841,280644,280638,30553,19,19,3,5,0.2632,0.1053,0.963,18,1,3,0.333
1224840,280637,280638,30553,19,19,3,5,0.2632,0.1053,0.963,18,1,3,0.333
1224928,280644,280638,30553,19,19,3,5,0.2632,0.1053,0.963,18,1,3,0.333
1224859,280641,280638,30553,19,19,3,5,0.2632,0.1053,0.963,18,1,3,0.333
1224860,280641,280638,30553,19,19,3,5,0.2632,0.1053,0.963,18,1,3,0.333
1224892,280329,280638,30553,19,19,4,5,0.2632,0.0526,0.963,18,1,3,0.333
1224891,280329,280638,30553,19,19,4,5,0.2632,0.0526,0.963,18,1,3,0.333
1224887,280329,280638,30553,19,19,4,5,0.2632,0.0526,0.963,18,1,3,0.333
1224889,280329,280638,30553,19,19,4,5,0.2632,0.0526,0.963,18,1,3,0.333
1289344,46043,6927,22339,22,22,1,6,0.2727,0.2273,0.952,21,1,3,0.333
1289849,6836,6927,22339,22,22,3,6,0.2727,0.1364,0.952,21,1,3,0.333
1282053,6836,6927,22339,22,22,3,6,0.2727,0.1364,0.952,21,1,3,0.333
1282054,6836,6927,22339,22,22,3,6,0.2727,0.1364,0.952,21,1,3,0.333
1289341,6863,6927,22339,22,22,5,6,0.2727,0.0455,0.952,21,1,3,0.333
1282099,6863,6927,22339,22,22,5,6,0.2727,0.0455,0.952,21,1,3,0.333
1282100,6863,6927,22339,22,22,5,6,0.2727,0.0455,0.952,21,1,3,0.333
1282097,6863,6927,22339,22,22,5,6,0.2727,0.0455,0.952,21,1,3,0.333
1282098,6863,6927,22339,22,22,5,6,0.2727,0.0455,0.952,21,1,3,0.333
1289346,22532,6927,22339,22,22,6,6,0.2727,0.0,0.952,21,1,3,0.333
1289342,22532,6927,22339,22,22,6,6,0.2727,0.0,0.952,21,1,3,0.333
1289343,22532,6927,22339,22,22,6,6,0.2727,0.0,0.952,21,1,3,0.333
1289339,22532,6927,22339,22,22,6,6,0.2727,0.0,0.952,21,1,3,0.333
1289340,22532,6927,22339,22,22,6,6,0.2727,0.0,0.952,21,1,3,0.333
1289394,22532,6927,22339,22,22,6,6,0.2727,0.0,0.952,21,1,3,0.333
1175374,12447,25031,37665,12,12,2,5,0.4167,0.25,0.939,11,1,3,0.333
1175375,12447,25031,37665,12,12,2,5,0.4167,0.25,0.939,11,1,3,0.333
1175329,25056,25031,37665,12,12,5,5,0.4167,0.0,0.939,11,1,3,0.333
1175292,25056,25031,37665,12,12,5,5,0.4167,0.0,0.939,11,1,3,0.333
1175293,25056,25031,37665,12,12,5,5,0.4167,0.0,0.939,11,1,3,0.333
1175353,25056,25031,37665,12,12,5,5,0.4167,0.0,0.939,11,1,3,0.333
1175324,25056,25031,37665,12,12,5,5,0.4167,0.0,0.939,11,1,3,0.333
1300122,7980,7931,29231,11,11,1,4,0.3636,0.2727,0.933,10,1,3,0.333
1128753,8046,7931,29231,11,11,2,4,0.3636,0.1818,0.933,10,1,3,0.333
1308231,8046,7931,29231,11,11,2,4,0.3636,0.1818,0.933,10,1,3,0.333
1300121,22948,7931,29231,11,11,4,4,0.3636,0.0,0.933,10,1,3,0.333
1300124,22948,7931,29231,11,11,4,4,0.3636,0.0,0.933,10,1,3,0.333
1300120,22948,7931,29231,11,11,4,4,0.3636,0.0,0.933,10,1,3,0.333
1203533,22948,7931,29231,11,11,4,4,0.3636,0.0,0.933,10,1,3,0.333
1221585,,473132,4898,27,22,0,6,0.2727,0.2727,0.923,26,1,3,0.333
1232508,,473132,4898,27,22,0,6,0.2727,0.2727,0.923,26,1,3,0.333
1137737,473128,473132,4898,27,22,2,6,0.2727,0.1818,0.923,26,1,3,0.333
1119564,473128,473132,4898,27,22,2,6,0.2727,0.1818,0.923,26,1,3,0.333
1119561,473123,473132,4898,27,22,3,6,0.2727,0.1364,0.923,26,1,3,0.333
1119591,473123,473132,4898,27,22,3,6,0.2727,0.1364,0.923,26,1,3,0.333
1137784,473123,473132,4898,27,22,3,6,0.2727,0.1364,0.923,26,1,3,0.333
1200127,473134,473132,4898,27,22,5,6,0.2727,0.0455,0.923,26,1,3,0.333
1306753,473134,473132,4898,27,22,5,6,0.2727,0.0455,0.923,26,1,3,0.333
1155991,473134,473132,4898,27,22,5,6,0.2727,0.0455,0.923,26,1,3,0.333
1036706,473134,473132,4898,27,22,5,6,0.2727,0.0455,0.923,26,1,3,0.333
1174283,473134,473132,4898,27,22,5,6,0.2727,0.0455,0.923,26,1,3,0.333
1014875,473133,473132,4898,27,22,6,6,0.2727,0.0,0.923,26,1,3,0.333
1121672,473133,473132,4898,27,22,6,6,0.2727,0.0,0.923,26,1,3,0.333
1299686,473133,473132,4898,27,22,6,6,0.2727,0.0,0.923,26,1,3,0.333
1187601,473133,473132,4898,27,22,6,6,0.2727,0.0,0.923,26,1,3,0.333
1057331,473133,473132,4898,27,22,6,6,0.2727,0.0,0.923,26,1,3,0.333
1228914,473133,473132,4898,27,22,6,6,0.2727,0.0,0.923,26,1,3,0.333
1001259,320,294,186,9,9,1,4,0.4444,0.3333,0.917,8,1,3,0.333
1001256,268161,294,186,9,9,4,4,0.4444,0.0,0.917,8,1,3,0.333
1001245,268161,294,186,9,9,4,4,0.4444,0.0,0.917,8,1,3,0.333
1001258,268161,294,186,9,9,4,4,0.4444,0.0,0.917,8,1,3,0.333
1001247,268161,294,186,9,9,4,4,0.4444,0.0,0.917,8,1,3,0.333
1277266,8095,8069,49434,8,8,4,4,0.5,0.0,0.905,7,1,3,0.333
1278439,8095,8069,49434,8,8,4,4,0.5,0.0,0.905,7,1,3,0.333
1278437,8095,8069,49434,8,8,4,4,0.5,0.0,0.905,7,1,3,0.333
1278438,8095,8069,49434,8,8,4,4,0.5,0.0,0.905,7,1,3,0.333
1310557,19766,19780,17109,18,18,1,3,0.1667,0.1111,0.902,17,1,3,0.333
1301915,243,19780,17109,18,18,1,3,0.1667,0.1111,0.902,17,1,3,0.333
1073638,19778,19780,17109,18,18,2,3,0.1667,0.0556,0.902,17,1,3,0.333
1310616,19778,19780,17109,18,18,2,3,0.1667,0.0556,0.902,17,1,3,0.333
1310617,189,19780,17109,18,18,2,3,0.1667,0.0556,0.902,17,1,3,0.333
1304654,19770,19780,17109,18,18,2,3,0.1667,0.0556,0.902,17,1,3,0.333
1304925,19770,19780,17109,18,18,2,3,0.1667,0.0556,0.902,17,1,3,0.333
1300731,202,19780,17109,18,18,2,3,0.1667,0.0556,0.902,17,1,3,0.333
1300733,202,19780,17109,18,18,2,3,0.1667,0.0556,0.902,17,1,3,0.333
1310556,189,19780,17109,18,18,2,3,0.1667,0.0556,0.902,17,1,3,0.333
1083441,26185,15776,13568,11,11,4,4,0.3636,0.0,0.9,10,1,3,0.333
1090524,26185,15776,13568,11,11,4,4,0.3636,0.0,0.9,10,1,3,0.333
1089359,26185,15776,13568,11,11,4,4,0.3636,0.0,0.9,10,1,3,0.333
1083628,26185,15776,13568,11,11,4,4,0.3636,0.0,0.9,10,1,3,0.333
1175092,12417,12364,29769,7,7,1,4,0.5714,0.4286,0.889,6,1,3,0.333
1175608,12251,12364,29769,7,7,2,4,0.5714,0.2857,0.889,6,1,3,0.333
1099905,25480,13589,23118,19,19,1,6,0.3158,0.2632,0.87,18,1,3,0.333
1113792,13580,13589,23118,19,19,5,6,0.3158,0.0526,0.87,18,1,3,0.333
1113793,13580,13589,23118,19,19,5,6,0.3158,0.0526,0.87,18,1,3,0.333
1113763,13580,13589,23118,19,19,5,6,0.3158,0.0526,0.87,18,1,3,0.333
1099903,13580,13589,23118,19,19,5,6,0.3158,0.0526,0.87,18,1,3,0.333
1148170,13580,13589,23118,19,19,5,6,0.3158,0.0526,0.87,18,1,3,0.333
1001770,7771,296,25,15,15,1,6,0.4,0.3333,0.857,14,1,3,0.333
1001556,94692,296,25,15,15,2,6,0.4,0.2667,0.857,14,1,3,0.333
1001774,285,296,25,15,15,5,6,0.4,0.0667,0.857,14,1,3,0.333
1001771,285,296,25,15,15,5,6,0.4,0.0667,0.857,14,1,3,0.333
1001773,285,296,25,15,15,5,6,0.4,0.0667,0.857,14,1,3,0.333
1053715,285,296,25,15,15,5,6,0.4,0.0667,0.857,14,1,3,0.333
1001772,285,296,25,15,15,5,6,0.4,0.0667,0.857,14,1,3,0.333
1145645,2849,2850,29105,12,12,5,7,0.5833,0.1667,0.818,11,1,3,0.333
1128528,2849,2850,29105,12,12,5,7,0.5833,0.1667,0.818,11,1,3,0.333
1145643,2849,2850,29105,12,12,5,7,0.5833,0.1667,0.818,11,1,3,0.333
1145635,2849,2850,29105,12,12,5,7,0.5833,0.1667,0.818,11,1,3,0.333
1150520,2849,2850,29105,12,12,5,7,0.5833,0.1667,0.818,11,1,3,0.333
1303691,22389,6729,29312,12,12,6,6,0.5,0.0,0.818,11,1,3,0.333
1303692,22389,6729,29312,12,12,6,6,0.5,0.0,0.818,11,1,3,0.333
1303693,22389,6729,29312,12,12,6,6,0.5,0.0,0.818,11,1,3,0.333
1304840,22389,6729,29312,12,12,6,6,0.5,0.0,0.818,11,1,3,0.333
1303690,22389,6729,29312,12,12,6,6,0.5,0.0,0.818,11,1,3,0.333
1250987,22389,6729,29312,12,12,6,6,0.5,0.0,0.818,11,1,3,0.333
1220600,18486,18492,20044,8,8,3,5,0.625,0.25,0.81,7,1,3,0.333
1202472,18486,18492,20044,8,8,3,5,0.625,0.25,0.81,7,1,3,0.333
1202502,18486,18492,20044,8,8,3,5,0.625,0.25,0.81,7,1,3,0.333
1072703,219839,219850,12459,52,52,2,9,0.1731,0.1346,0.804,51,1,3,0.333
1072487,219839,219850,12459,52,52,2,9,0.1731,0.1346,0.804,51,1,3,0.333
1053122,219841,219850,12459,52,52,6,9,0.1731,0.0577,0.804,51,1,3,0.333
1108315,216957,219850,12459,52,52,6,9,0.1731,0.0577,0.804,51,1,3,0.333
1072704,219841,219850,12459,52,52,6,9,0.1731,0.0577,0.804,51,1,3,0.333
1072489,219841,219850,12459,52,52,6,9,0.1731,0.0577,0.804,51,1,3,0.333
1053206,219841,219850,12459,52,52,6,9,0.1731,0.0577,0.804,51,1,3,0.333
1108317,216957,219850,12459,52,52,6,9,0.1731,0.0577,0.804,51,1,3,0.333
1053124,219841,219850,12459,52,52,6,9,0.1731,0.0577,0.804,51,1,3,0.333
1098952,216957,219850,12459,52,52,6,9,0.1731,0.0577,0.804,51,1,3,0.333
1073100,216957,219850,12459,52,52,6,9,0.1731,0.0577,0.804,51,1,3,0.333
1053208,219841,219850,12459,52,52,6,9,0.1731,0.0577,0.804,51,1,3,0.333
1098951,216957,219850,12459,52,52,6,9,0.1731,0.0577,0.804,51,1,3,0.333
1098950,216957,219850,12459,52,52,6,9,0.1731,0.0577,0.804,51,1,3,0.333
1073173,216956,219850,12459,52,52,8,9,0.1731,0.0192,0.804,51,1,3,0.333
1073171,216956,219850,12459,52,52,8,9,0.1731,0.0192,0.804,51,1,3,0.333
1098985,216956,219850,12459,52,52,8,9,0.1731,0.0192,0.804,51,1,3,0.333
1098983,216956,219850,12459,52,52,8,9,0.1731,0.0192,0.804,51,1,3,0.333
1098982,216956,219850,12459,52,52,8,9,0.1731,0.0192,0.804,51,1,3,0.333
1073172,216956,219850,12459,52,52,8,9,0.1731,0.0192,0.804,51,1,3,0.333
1073174,216956,219850,12459,52,52,8,9,0.1731,0.0192,0.804,51,1,3,0.333
1098984,216956,219850,12459,52,52,8,9,0.1731,0.0192,0.804,51,1,3,0.333
1070367,5271,5299,15918,11,11,4,7,0.6364,0.2727,0.8,10,1,3,0.333
1070366,5271,5299,15918,11,11,4,7,0.6364,0.2727,0.8,10,1,3,0.333
1070368,5271,5299,15918,11,11,4,7,0.6364,0.2727,0.8,10,1,3,0.333
1080265,5271,5299,15918,11,11,4,7,0.6364,0.2727,0.8,10,1,3,0.333
1123530,13195,1302,27569,20,20,2,9,0.45,0.35,0.789,19,1,3,0.333
1123532,13195,1302,27569,20,20,2,9,0.45,0.35,0.789,19,1,3,0.333
1123564,1253,1302,27569,20,20,4,9,0.45,0.25,0.789,19,1,3,0.333
1125721,1253,1302,27569,20,20,4,9,0.45,0.25,0.789,19,1,3,0.333
1125394,1253,1302,27569,20,20,4,9,0.45,0.25,0.789,19,1,3,0.333
1123563,1253,1302,27569,20,20,4,9,0.45,0.25,0.789,19,1,3,0.333
1125538,1274,1302,27569,20,20,5,9,0.45,0.2,0.789,19,1,3,0.333
1169920,1274,1302,27569,20,20,5,9,0.45,0.2,0.789,19,1,3,0.333
1125078,1274,1302,27569,20,20,5,9,0.45,0.2,0.789,19,1,3,0.333
1124546,1274,1302,27569,20,20,5,9,0.45,0.2,0.789,19,1,3,0.333
1125537,1274,1302,27569,20,20,5,9,0.45,0.2,0.789,19,1,3,0.333
1288615,7459,22836,51004,16,16,1,5,0.3125,0.25,0.778,15,1,3,0.333
1282363,10378,449115,22526,13,13,1,4,0.3077,0.2308,0.778,12,1,3,0.333
1283237,7415,22836,51004,16,16,2,5,0.3125,0.1875,0.778,15,1,3,0.333
1283182,7415,22836,51004,16,16,2,5,0.3125,0.1875,0.778,15,1,3,0.333
1113919,13560,13589,23118,19,19,3,6,0.3158,0.1579,0.778,18,1,3,0.333
1113917,13560,13589,23118,19,19,3,6,0.3158,0.1579,0.778,18,1,3,0.333
1114825,13560,13589,23118,19,19,3,6,0.3158,0.1579,0.778,18,1,3,0.333
1167901,390171,21733,36484,13,13,2,4,0.3077,0.1538,0.778,12,1,3,0.333
1219994,5011,21733,36484,13,13,2,4,0.3077,0.1538,0.778,12,1,3,0.333
1167900,390171,21733,36484,13,13,2,4,0.3077,0.1538,0.778,12,1,3,0.333
1220031,5011,21733,36484,13,13,2,4,0.3077,0.1538,0.778,12,1,3,0.333
1115215,13545,13589,23118,19,19,4,6,0.3158,0.1053,0.778,18,1,3,0.333
1115199,13545,13589,23118,19,19,4,6,0.3158,0.1053,0.778,18,1,3,0.333
1115213,13545,13589,23118,19,19,4,6,0.3158,0.1053,0.778,18,1,3,0.333
1115212,13545,13589,23118,19,19,4,6,0.3158,0.1053,0.778,18,1,3,0.333
1219921,21742,21733,36484,13,13,3,4,0.3077,0.0769,0.778,12,1,3,0.333
1219922,21742,21733,36484,13,13,3,4,0.3077,0.0769,0.778,12,1,3,0.333
1203093,21742,21733,36484,13,13,3,4,0.3077,0.0769,0.778,12,1,3,0.333
1283177,22768,22836,51004,16,16,4,5,0.3125,0.0625,0.778,15,1,3,0.333
1283181,22730,22836,51004,16,16,4,5,0.3125,0.0625,0.778,15,1,3,0.333
1312267,22730,22836,51004,16,16,4,5,0.3125,0.0625,0.778,15,1,3,0.333
1283183,22730,22836,51004,16,16,4,5,0.3125,0.0625,0.778,15,1,3,0.333
1283180,22768,22836,51004,16,16,4,5,0.3125,0.0625,0.778,15,1,3,0.333
1283178,22768,22836,51004,16,16,4,5,0.3125,0.0625,0.778,15,1,3,0.333
1283184,22730,22836,51004,16,16,4,5,0.3125,0.0625,0.778,15,1,3,0.333
1283253,22768,22836,51004,16,16,4,5,0.3125,0.0625,0.778,15,1,3,0.333
1096616,449116,449115,22526,13,13,4,4,0.3077,0.0,0.778,12,1,3,0.333
1096598,449116,449115,22526,13,13,4,4,0.3077,0.0,0.778,12,1,3,0.333
1096615,449116,449115,22526,13,13,4,4,0.3077,0.0,0.778,12,1,3,0.333
1096549,449116,449115,22526,13,13,4,4,0.3077,0.0,0.778,12,1,3,0.333
1096955,449117,449115,22526,13,13,4,4,0.3077,0.0,0.778,12,1,3,0.333
1096546,449117,449115,22526,13,13,4,4,0.3077,0.0,0.778,12,1,3,0.333
1096956,449117,449115,22526,13,13,4,4,0.3077,0.0,0.778,12,1,3,0.333
1096953,449117,449115,22526,13,13,4,4,0.3077,0.0,0.778,12,1,3,0.333
1001984,133420,19712,761,4,4,2,2,0.5,0.0,0.778,3,1,3,0.333
1003629,133420,19712,761,4,4,2,2,0.5,0.0,0.778,3,1,3,0.333
1197382,1293,1316,4529,11,11,4,7,0.6364,0.2727,0.767,10,1,3,0.333
1197384,1293,1316,4529,11,11,4,7,0.6364,0.2727,0.767,10,1,3,0.333
1197393,1293,1316,4529,11,11,4,7,0.6364,0.2727,0.767,10,1,3,0.333
1014043,1293,1316,4529,11,11,4,7,0.6364,0.2727,0.767,10,1,3,0.333
1148217,12939,12920,25440,15,15,2,5,0.3333,0.2,0.762,14,1,3,0.333
1116163,12939,12920,25440,15,15,2,5,0.3333,0.2,0.762,14,1,3,0.333
1115435,25288,12920,25440,15,15,4,5,0.3333,0.0667,0.762,14,1,3,0.333
1116109,12979,12920,25440,15,15,4,5,0.3333,0.0667,0.762,14,1,3,0.333
1115448,25288,12920,25440,15,15,4,5,0.3333,0.0667,0.762,14,1,3,0.333
1116108,12979,12920,25440,15,15,4,5,0.3333,0.0667,0.762,14,1,3,0.333
1115453,25288,12920,25440,15,15,4,5,0.3333,0.0667,0.762,14,1,3,0.333
1111920,12979,12920,25440,15,15,4,5,0.3333,0.0667,0.762,14,1,3,0.333
1116111,12979,12920,25440,15,15,4,5,0.3333,0.0667,0.762,14,1,3,0.333
1115455,25288,12920,25440,15,15,4,5,0.3333,0.0667,0.762,14,1,3,0.333
1154881,2666,2690,21185,14,14,5,9,0.6429,0.2857,0.744,13,1,3,0.333
1143526,2666,2690,21185,14,14,5,9,0.6429,0.2857,0.744,13,1,3,0.333
1143580,2666,2690,21185,14,14,5,9,0.6429,0.2857,0.744,13,1,3,0.333
1154864,2666,2690,21185,14,14,5,9,0.6429,0.2857,0.744,13,1,3,0.333
1143578,2666,2690,21185,14,14,5,9,0.6429,0.2857,0.744,13,1,3,0.333
1088172,15718,15776,13568,11,11,3,4,0.3636,0.0909,0.733,10,1,3,0.333
1088175,15718,15776,13568,11,11,3,4,0.3636,0.0909,0.733,10,1,3,0.333
1059188,15718,15776,13568,11,11,3,4,0.3636,0.0909,0.733,10,1,3,0.333
1304924,186,19780,17109,18,18,2,3,0.1667,0.0556,0.725,17,1,3,0.333
1311288,167,19780,17109,18,18,2,3,0.1667,0.0556,0.725,17,1,3,0.333
1304942,186,19780,17109,18,18,2,3,0.1667,0.0556,0.725,17,1,3,0.333
1311286,167,19780,17109,18,18,2,3,0.1667,0.0556,0.725,17,1,3,0.333
1309993,7873,7952,49256,13,13,3,5,0.3846,0.1538,0.722,12,1,3,0.333
1310042,7873,7952,49256,13,13,3,5,0.3846,0.1538,0.722,12,1,3,0.333
1309991,7873,7952,49256,13,13,3,5,0.3846,0.1538,0.722,12,1,3,0.333
1138396,12769,12818,23270,13,13,4,5,0.3846,0.0769,0.722,12,1,3,0.333
1200734,12769,12818,23270,13,13,4,5,0.3846,0.0769,0.722,12,1,3,0.333
1200204,12840,12818,23270,13,13,4,5,0.3846,0.0769,0.722,12,1,3,0.333
1204997,12840,12818,23270,13,13,4,5,0.3846,0.0769,0.722,12,1,3,0.333
1200953,12840,12818,23270,13,13,4,5,0.3846,0.0769,0.722,12,1,3,0.333
1200704,12769,12818,23270,13,13,4,5,0.3846,0.0769,0.722,12,1,3,0.333
1200198,12769,12818,23270,13,13,4,5,0.3846,0.0769,0.722,12,1,3,0.333
1200203,12840,12818,23270,13,13,4,5,0.3846,0.0769,0.722,12,1,3,0.333
1312280,310717,7952,49256,13,13,5,5,0.3846,0.0,0.722,12,1,3,0.333
1312351,310717,7952,49256,13,13,5,5,0.3846,0.0,0.722,12,1,3,0.333
1278318,310717,7952,49256,13,13,5,5,0.3846,0.0,0.722,12,1,3,0.333
1312353,310717,7952,49256,13,13,5,5,0.3846,0.0,0.722,12,1,3,0.333
1312354,310717,7952,49256,13,13,5,5,0.3846,0.0,0.722,12,1,3,0.333
1185432,18785,27214,21176,8,8,3,5,0.625,0.25,0.714,7,1,3,0.333
1167141,18785,27214,21176,8,8,3,5,0.625,0.25,0.714,7,1,3,0.333
1091798,18785,27214,21176,8,8,3,5,0.625,0.25,0.714,7,1,3,0.333
1053674,536770,535996,8404,10,10,1,4,0.4,0.3,0.704,9,1,3,0.333
1249652,506691,535996,8404,10,10,1,4,0.4,0.3,0.704,9,1,3,0.333
1123186,12888,20017,26966,10,10,2,4,0.4,0.2,0.704,9,1,3,0.333
1123188,12888,20017,26966,10,10,2,4,0.4,0.2,0.704,9,1,3,0.333
1121435,12835,20017,26966,10,10,3,4,0.4,0.1,0.704,9,1,3,0.333
1127153,12835,20017,26966,10,10,3,4,0.4,0.1,0.704,9,1,3,0.333
1127154,12835,20017,26966,10,10,3,4,0.4,0.1,0.704,9,1,3,0.333
1137147,536771,535996,8404,10,10,4,4,0.4,0.0,0.704,9,1,3,0.333
1034910,536771,535996,8404,10,10,4,4,0.4,0.0,0.704,9,1,3,0.333
1032745,536771,535996,8404,10,10,4,4,0.4,0.0,0.704,9,1,3,0.333
1031597,536771,535996,8404,10,10,4,4,0.4,0.0,0.704,9,1,3,0.333
1136174,6989,22670,31332,12,12,1,4,0.3333,0.25,0.697,11,1,3,0.333
1304798,85732,22670,31332,12,12,2,4,0.3333,0.1667,0.697,11,1,3,0.333
1304799,85732,22670,31332,12,12,2,4,0.3333,0.1667,0.697,11,1,3,0.333
1300797,82,22670,31332,12,12,2,4,0.3333,0.1667,0.697,11,1,3,0.333
1276726,82,22670,31332,12,12,2,4,0.3333,0.1667,0.697,11,1,3,0.333
1304835,22600,22670,31332,12,12,2,4,0.3333,0.1667,0.697,11,1,3,0.333
1300794,22600,22670,31332,12,12,2,4,0.3333,0.1667,0.697,11,1,3,0.333
1271729,23572,9267,47560,14,14,4,6,0.4286,0.1429,0.692,13,1,3,0.333
1267620,23542,9267,47560,14,14,4,6,0.4286,0.1429,0.692,13,1,3,0.333
1269440,23542,9267,47560,14,14,4,6,0.4286,0.1429,0.692,13,1,3,0.333
1271730,23572,9267,47560,14,14,4,6,0.4286,0.1429,0.692,13,1,3,0.333
1271027,23572,9267,47560,14,14,4,6,0.4286,0.1429,0.692,13,1,3,0.333
1287826,23542,9267,47560,14,14,4,6,0.4286,0.1429,0.692,13,1,3,0.333
1272605,23572,9267,47560,14,14,4,6,0.4286,0.1429,0.692,13,1,3,0.333
1267606,23542,9267,47560,14,14,4,6,0.4286,0.1429,0.692,13,1,3,0.333
1270456,9662,9552,41929,21,21,1,5,0.2381,0.1905,0.683,20,1,3,0.333
1286517,9629,9552,41929,21,21,2,5,0.2381,0.1429,0.683,20,1,3,0.333
1221353,9589,9552,41929,21,21,2,5,0.2381,0.1429,0.683,20,1,3,0.333
1221344,9605,9552,41929,21,21,2,5,0.2381,0.1429,0.683,20,1,3,0.333
1199782,9629,9552,41929,21,21,2,5,0.2381,0.1429,0.683,20,1,3,0.333
1221354,9589,9552,41929,21,21,2,5,0.2381,0.1429,0.683,20,1,3,0.333
1221347,9605,9552,41929,21,21,2,5,0.2381,0.1429,0.683,20,1,3,0.333
1201579,9575,9552,41929,21,21,3,5,0.2381,0.0952,0.683,20,1,3,0.333
1221355,9575,9552,41929,21,21,3,5,0.2381,0.0952,0.683,20,1,3,0.333
1201613,9575,9552,41929,21,21,3,5,0.2381,0.0952,0.683,20,1,3,0.333
1132933,8573,23218,30225,6,6,1,5,0.8333,0.6667,0.667,5,1,3,0.333
1257431,,343213,8351,13,12,0,6,0.5,0.5,0.667,12,1,3,0.333
1299154,19318,19359,37987,3,3,1,2,0.6667,0.3333,0.667,2,1,3,0.333
1291132,542988,4343,11096,13,13,2,6,0.4615,0.3077,0.667,12,1,3,0.333
1043503,542988,4343,11096,13,13,2,6,0.4615,0.3077,0.667,12,1,3,0.333
1202051,18515,18545,20725,13,13,2,6,0.4615,0.3077,0.667,12,1,3,0.333
1202050,18515,18545,20725,13,13,2,6,0.4615,0.3077,0.667,12,1,3,0.333
1184564,18872,18774,21159,14,14,2,5,0.3571,0.2143,0.667,13,1,3,0.333
1185030,18872,18774,21159,14,14,2,5,0.3571,0.2143,0.667,13,1,3,0.333
1022086,10727,24334,3523,11,11,3,5,0.4545,0.1818,0.667,10,1,3,0.333
1022104,10727,24334,3523,11,11,3,5,0.4545,0.1818,0.667,10,1,3,0.333
1011612,24384,24334,3523,11,11,3,5,0.4545,0.1818,0.667,10,1,3,0.333
1024281,24384,24334,3523,11,11,3,5,0.4545,0.1818,0.667,10,1,3,0.333
1022087,10727,24334,3523,11,11,3,5,0.4545,0.1818,0.667,10,1,3,0.333
1024280,24384,24334,3523,11,11,3,5,0.4545,0.1818,0.667,10,1,3,0.333
1304923,19769,19780,17109,18,18,1,3,0.1667,0.1111,0.667,17,1,3,0.333
1184755,4348,4343,11096,13,13,5,6,0.4615,0.0769,0.667,12,1,3,0.333
1184740,4348,4343,11096,13,13,5,6,0.4615,0.0769,0.667,12,1,3,0.333
1184761,4348,4343,11096,13,13,5,6,0.4615,0.0769,0.667,12,1,3,0.333
1184807,4348,4343,11096,13,13,5,6,0.4615,0.0769,0.667,12,1,3,0.333
1184739,4348,4343,11096,13,13,5,6,0.4615,0.0769,0.667,12,1,3,0.333
1229715,18523,18545,20725,13,13,5,6,0.4615,0.0769,0.667,12,1,3,0.333
1167605,18523,18545,20725,13,13,5,6,0.4615,0.0769,0.667,12,1,3,0.333
1167607,18523,18545,20725,13,13,5,6,0.4615,0.0769,0.667,12,1,3,0.333
1202052,18523,18545,20725,13,13,5,6,0.4615,0.0769,0.667,12,1,3,0.333
1167604,18523,18545,20725,13,13,5,6,0.4615,0.0769,0.667,12,1,3,0.333
1185779,27223,18774,21159,14,14,4,5,0.3571,0.0714,0.667,13,1,3,0.333
1091733,27223,18774,21159,14,14,4,5,0.3571,0.0714,0.667,13,1,3,0.333
1185781,27223,18774,21159,14,14,4,5,0.3571,0.0714,0.667,13,1,3,0.333
1184563,27223,18774,21159,14,14,4,5,0.3571,0.0714,0.667,13,1,3,0.333
1132507,343214,343213,8351,13,12,6,6,0.5,0.0,0.667,12,1,3,0.333
1031375,343214,343213,8351,13,12,6,6,0.5,0.0,0.667,12,1,3,0.333
1134395,343214,343213,8351,13,12,6,6,0.5,0.0,0.667,12,1,3,0.333
1234964,343214,343213,8351,13,12,6,6,0.5,0.0,0.667,12,1,3,0.333
1031364,343214,343213,8351,13,12,6,6,0.5,0.0,0.667,12,1,3,0.333
1031366,343214,343213,8351,13,12,6,6,0.5,0.0,0.667,12,1,3,0.333
1205977,15013,2881,3631,3,3,1,1,0.3333,0.0,0.667,2,1,3,0.333
1132539,14946,2881,3631,3,3,1,1,0.3333,0.0,0.667,2,1,3,0.333
1188323,19470,19450,39732,3,3,1,1,0.3333,0.0,0.667,2,1,3,0.333
1190994,19488,19450,39732,3,3,1,1,0.3333,0.0,0.667,2,1,3,0.333
1103909,16385,16349,24014,2,2,1,1,0.5,0.0,0.667,1,1,3,0.333
1115464,1501,1452,20757,24,24,2,6,0.25,0.1667,0.652,23,1,3,0.333
1090821,1501,1452,20757,24,24,2,6,0.25,0.1667,0.652,23,1,3,0.333
1115430,1544,1452,20757,24,24,4,6,0.25,0.0833,0.652,23,1,3,0.333
1115492,1544,1452,20757,24,24,4,6,0.25,0.0833,0.652,23,1,3,0.333
1114264,1548,1452,20757,24,24,4,6,0.25,0.0833,0.652,23,1,3,0.333
1113469,1548,1452,20757,24,24,4,6,0.25,0.0833,0.652,23,1,3,0.333
1115465,1544,1452,20757,24,24,4,6,0.25,0.0833,0.652,23,1,3,0.333
1115462,1544,1452,20757,24,24,4,6,0.25,0.0833,0.652,23,1,3,0.333
1156946,1548,1452,20757,24,24,4,6,0.25,0.0833,0.652,23,1,3,0.333
1148898,1548,1452,20757,24,24,4,6,0.25,0.0833,0.652,23,1,3,0.333
1209654,1138,1115,30190,18,18,3,8,0.4444,0.2778,0.647,17,1,3,0.333
1221195,1138,1115,30190,18,18,3,8,0.4444,0.2778,0.647,17,1,3,0.333
1210940,1175,1115,30190,18,18,7,8,0.4444,0.0556,0.647,17,1,3,0.333
1210932,1175,1115,30190,18,18,7,8,0.4444,0.0556,0.647,17,1,3,0.333
1132845,1175,1115,30190,18,18,7,8,0.4444,0.0556,0.647,17,1,3,0.333
1196866,1175,1115,30190,18,18,7,8,0.4444,0.0556,0.647,17,1,3,0.333
1169650,1175,1115,30190,18,18,7,8,0.4444,0.0556,0.647,17,1,3,0.333
1210931,1175,1115,30190,18,18,7,8,0.4444,0.0556,0.647,17,1,3,0.333
1209536,1175,1115,30190,18,18,7,8,0.4444,0.0556,0.647,17,1,3,0.333
1034886,7914,22893,8218,14,14,1,7,0.5,0.4286,0.641,13,1,3,0.333
1132980,7875,22893,8218,14,14,1,7,0.5,0.4286,0.641,13,1,3,0.333
1265308,335995,22893,8218,14,14,2,7,0.5,0.3571,0.641,13,1,3,0.333
1133274,335995,22893,8218,14,14,2,7,0.5,0.3571,0.641,13,1,3,0.333
1028822,99806,99807,4068,14,14,3,7,0.5,0.2857,0.641,13,1,3,0.333
1028821,99806,99807,4068,14,14,3,7,0.5,0.2857,0.641,13,1,3,0.333
1028820,99806,99807,4068,14,14,3,7,0.5,0.2857,0.641,13,1,3,0.333
1300882,7698,22893,8218,14,14,3,7,0.5,0.2857,0.641,13,1,3,0.333
1074308,7698,22893,8218,14,14,3,7,0.5,0.2857,0.641,13,1,3,0.333
1089667,7698,22893,8218,14,14,3,7,0.5,0.2857,0.641,13,1,3,0.333
1028780,99816,99807,4068,14,14,4,7,0.5,0.2143,0.641,13,1,3,0.333
1014490,99816,99807,4068,14,14,4,7,0.5,0.2143,0.641,13,1,3,0.333
1028782,99816,99807,4068,14,14,4,7,0.5,0.2143,0.641,13,1,3,0.333
1028779,99816,99807,4068,14,14,4,7,0.5,0.2143,0.641,13,1,3,0.333
1216923,10754,10722,41156,24,24,12,12,0.5,0.0,0.638,23,1,3,0.333
1216908,10754,10722,41156,24,24,12,12,0.5,0.0,0.638,23,1,3,0.333
1216867,10754,10722,41156,24,24,12,12,0.5,0.0,0.638,23,1,3,0.333
1216911,10754,10722,41156,24,24,12,12,0.5,0.0,0.638,23,1,3,0.333
1216891,10754,10722,41156,24,24,12,12,0.5,0.0,0.638,23,1,3,0.333
1216920,10754,10722,41156,24,24,12,12,0.5,0.0,0.638,23,1,3,0.333
1265881,10754,10722,41156,24,24,12,12,0.5,0.0,0.638,23,1,3,0.333
1216888,10754,10722,41156,24,24,12,12,0.5,0.0,0.638,23,1,3,0.333
1216910,10754,10722,41156,24,24,12,12,0.5,0.0,0.638,23,1,3,0.333
1216909,10754,10722,41156,24,24,12,12,0.5,0.0,0.638,23,1,3,0.333
1216921,10754,10722,41156,24,24,12,12,0.5,0.0,0.638,23,1,3,0.333
1219129,50523,5055,28993,11,11,4,6,0.5455,0.1818,0.633,10,1,3,0.333
1219133,50523,5055,28993,11,11,4,6,0.5455,0.1818,0.633,10,1,3,0.333
1220007,50523,5055,28993,11,11,4,6,0.5455,0.1818,0.633,10,1,3,0.333
1185687,38410,38700,16847,10,10,2,4,0.4,0.2,0.63,9,1,3,0.333
1185689,148483,38700,16847,10,10,2,4,0.4,0.2,0.63,9,1,3,0.333
1185688,148483,38700,16847,10,10,2,4,0.4,0.2,0.63,9,1,3,0.333
1185686,38410,38700,16847,10,10,2,4,0.4,0.2,0.63,9,1,3,0.333
1174437,27265,27264,19641,10,10,4,6,0.6,0.2,0.63,9,1,3,0.333
1174564,27265,27264,19641,10,10,4,6,0.6,0.2,0.63,9,1,3,0.333
1174438,27265,27264,19641,10,10,4,6,0.6,0.2,0.63,9,1,3,0.333
1174565,27265,27264,19641,10,10,4,6,0.6,0.2,0.63,9,1,3,0.333
1075477,19396,19367,16018,10,10,5,5,0.5,0.0,0.63,9,1,3,0.333
1070093,19396,19367,16018,10,10,5,5,0.5,0.0,0.63,9,1,3,0.333
1070094,19396,19367,16018,10,10,5,5,0.5,0.0,0.63,9,1,3,0.333
1128361,19396,19367,16018,10,10,5,5,0.5,0.0,0.63,9,1,3,0.333
1078498,19396,19367,16018,10,10,5,5,0.5,0.0,0.63,9,1,3,0.333
1202100,18142,18127,42462,10,10,5,5,0.5,0.0,0.63,9,1,3,0.333
1202696,18142,18127,42462,10,10,5,5,0.5,0.0,0.63,9,1,3,0.333
1202229,18142,18127,42462,10,10,5,5,0.5,0.0,0.63,9,1,3,0.333
1220742,18142,18127,42462,10,10,5,5,0.5,0.0,0.63,9,1,3,0.333
1220741,18142,18127,42462,10,10,5,5,0.5,0.0,0.63,9,1,3,0.333
1278287,154558,14030,49676,10,10,5,5,0.5,0.0,0.63,9,1,3,0.333
1278288,154558,14030,49676,10,10,5,5,0.5,0.0,0.63,9,1,3,0.333
1281444,154558,14030,49676,10,10,5,5,0.5,0.0,0.63,9,1,3,0.333
1278286,154558,14030,49676,10,10,5,5,0.5,0.0,0.63,9,1,3,0.333
1278285,154558,14030,49676,10,10,5,5,0.5,0.0,0.63,9,1,3,0.333
1175398,56617,11826,22456,15,15,1,8,0.5333,0.4667,0.619,14,1,3,0.333
1175448,11725,11826,22456,15,15,2,8,0.5333,0.4,0.619,14,1,3,0.333
1195005,11725,11826,22456,15,15,2,8,0.5333,0.4,0.619,14,1,3,0.333
1072439,364795,6984,3900,8,8,1,4,0.5,0.375,0.619,7,1,3,0.333
1038729,7083,6984,3900,8,8,1,4,0.5,0.375,0.619,7,1,3,0.333
1276467,25982,15004,45769,8,8,1,4,0.5,0.375,0.619,7,1,3,0.333
1175449,11678,11826,22456,15,15,4,8,0.5333,0.2667,0.619,14,1,3,0.333
1096191,11678,11826,22456,15,15,4,8,0.5333,0.2667,0.619,14,1,3,0.333
1175451,11678,11826,22456,15,15,4,8,0.5333,0.2667,0.619,14,1,3,0.333
1175450,11678,11826,22456,15,15,4,8,0.5333,0.2667,0.619,14,1,3,0.333
1012862,22667,6984,3900,8,8,2,4,0.5,0.25,0.619,7,1,3,0.333
1055682,22667,6984,3900,8,8,2,4,0.5,0.25,0.619,7,1,3,0.333
1002098,209600,209599,793,8,7,3,4,0.5714,0.1429,0.619,7,1,3,0.333
1007373,209600,209599,793,8,7,3,4,0.5714,0.1429,0.619,7,1,3,0.333
1002137,209600,209599,793,8,7,3,4,0.5714,0.1429,0.619,7,1,3,0.333
1276517,15026,15004,45769,8,8,3,4,0.5,0.125,0.619,7,1,3,0.333
1276519,15026,15004,45769,8,8,3,4,0.5,0.125,0.619,7,1,3,0.333
1127138,20383,20326,27617,15,15,7,8,0.5333,0.0667,0.619,14,1,3,0.333
1127137,20383,20326,27617,15,15,7,8,0.5333,0.0667,0.619,14,1,3,0.333
1123713,20383,20326,27617,15,15,7,8,0.5333,0.0667,0.619,14,1,3,0.333
1126948,20383,20326,27617,15,15,7,8,0.5333,0.0667,0.619,14,1,3,0.333
1127135,20383,20326,27617,15,15,7,8,0.5333,0.0667,0.619,14,1,3,0.333
1127136,20383,20326,27617,15,15,7,8,0.5333,0.0667,0.619,14,1,3,0.333
1123716,20383,20326,27617,15,15,7,8,0.5333,0.0667,0.619,14,1,3,0.333
1068471,22056,5837,13936,8,8,4,4,0.5,0.0,0.619,7,1,3,0.333
1068469,22056,5837,13936,8,8,4,4,0.5,0.0,0.619,7,1,3,0.333
1068470,22056,5837,13936,8,8,4,4,0.5,0.0,0.619,7,1,3,0.333
1068472,22056,5837,13936,8,8,4,4,0.5,0.0,0.619,7,1,3,0.333
1012969,376002,375997,3917,20,20,9,9,0.45,0.0,0.614,19,1,3,0.333
1059486,376002,375997,3917,20,20,9,9,0.45,0.0,0.614,19,1,3,0.333
1084652,376002,375997,3917,20,20,9,9,0.45,0.0,0.614,19,1,3,0.333
1059156,376002,375997,3917,20,20,9,9,0.45,0.0,0.614,19,1,3,0.333
1059155,376002,375997,3917,20,20,9,9,0.45,0.0,0.614,19,1,3,0.333
1052496,376002,375997,3917,20,20,9,9,0.45,0.0,0.614,19,1,3,0.333
1059698,376002,375997,3917,20,20,9,9,0.45,0.0,0.614,19,1,3,0.333
1059154,376002,375997,3917,20,20,9,9,0.45,0.0,0.614,19,1,3,0.333
1059589,376002,375997,3917,20,20,9,9,0.45,0.0,0.614,19,1,3,0.333
1068707,5852,5846,13327,13,13,6,6,0.4615,0.0,0.611,12,1,3,0.333
1059811,5852,5846,13327,13,13,6,6,0.4615,0.0,0.611,12,1,3,0.333
1059813,5852,5846,13327,13,13,6,6,0.4615,0.0,0.611,12,1,3,0.333
1068640,5852,5846,13327,13,13,6,6,0.4615,0.0,0.611,12,1,3,0.333
1068712,5852,5846,13327,13,13,6,6,0.4615,0.0,0.611,12,1,3,0.333
1068639,5852,5846,13327,13,13,6,6,0.4615,0.0,0.611,12,1,3,0.333
1072948,19552,19530,16777,11,11,1,6,0.5455,0.4545,0.6,10,1,3,0.333
1186346,19579,19530,16777,11,11,1,6,0.5455,0.4545,0.6,10,1,3,0.333
1280678,26664,26657,49428,11,11,1,5,0.4545,0.3636,0.6,10,1,3,0.333
1280679,26661,26657,49428,11,11,1,5,0.4545,0.3636,0.6,10,1,3,0.333
1309418,242238,47,46526,6,6,1,3,0.5,0.3333,0.6,5,1,3,0.333
1186347,19561,19530,16777,11,11,3,6,0.5455,0.2727,0.6,10,1,3,0.333
1092425,19561,19530,16777,11,11,3,6,0.5455,0.2727,0.6,10,1,3,0.333
1186410,19561,19530,16777,11,11,3,6,0.5455,0.2727,0.6,10,1,3,0.333
1306649,17130,26657,49428,11,11,3,5,0.4545,0.1818,0.6,10,1,3,0.333
1280680,17130,26657,49428,11,11,3,5,0.4545,0.1818,0.6,10,1,3,0.333
1280662,17130,26657,49428,11,11,3,5,0.4545,0.1818,0.6,10,1,3,0.333
1235094,50,47,46526,6,6,2,3,0.5,0.1667,0.6,5,1,3,0.333
1298400,50,47,46526,6,6,2,3,0.5,0.1667,0.6,5,1,3,0.333
1019662,103009,111990,1528,11,11,5,6,0.5455,0.0909,0.6,10,1,3,0.333
1004488,103009,111990,1528,11,11,5,6,0.5455,0.0909,0.6,10,1,3,0.333
1004487,103009,111990,1528,11,11,5,6,0.5455,0.0909,0.6,10,1,3,0.333
1047446,103009,111990,1528,11,11,5,6,0.5455,0.0909,0.6,10,1,3,0.333
1004492,103009,111990,1528,11,11,5,6,0.5455,0.0909,0.6,10,1,3,0.333
1114664,13760,13731,2228,11,11,5,6,0.5455,0.0909,0.6,10,1,3,0.333
1111443,13760,13731,2228,11,11,5,6,0.5455,0.0909,0.6,10,1,3,0.333
1006721,13760,13731,2228,11,11,5,6,0.5455,0.0909,0.6,10,1,3,0.333
1110131,13760,13731,2228,11,11,5,6,0.5455,0.0909,0.6,10,1,3,0.333
1114667,13760,13731,2228,11,11,5,6,0.5455,0.0909,0.6,10,1,3,0.333
1165015,3922,3925,26602,11,11,5,6,0.5455,0.0909,0.6,10,1,3,0.333
1165013,3922,3925,26602,11,11,5,6,0.5455,0.0909,0.6,10,1,3,0.333
1165012,3922,3925,26602,11,11,5,6,0.5455,0.0909,0.6,10,1,3,0.333
1164864,3922,3925,26602,11,11,5,6,0.5455,0.0909,0.6,10,1,3,0.333
1165014,3922,3925,26602,11,11,5,6,0.5455,0.0909,0.6,10,1,3,0.333
1175662,12921,25237,37583,11,11,5,6,0.5455,0.0909,0.6,10,1,3,0.333
1175953,12921,25237,37583,11,11,5,6,0.5455,0.0909,0.6,10,1,3,0.333
1175959,12921,25237,37583,11,11,5,6,0.5455,0.0909,0.6,10,1,3,0.333
1175649,12921,25237,37583,11,11,5,6,0.5455,0.0909,0.6,10,1,3,0.333
1175955,12921,25237,37583,11,11,5,6,0.5455,0.0909,0.6,10,1,3,0.333
1288669,24032,24021,47318,11,11,5,6,0.5455,0.0909,0.6,10,1,3,0.333
1267721,24032,24021,47318,11,11,5,6,0.5455,0.0909,0.6,10,1,3,0.333
1288674,24032,24021,47318,11,11,5,6,0.5455,0.0909,0.6,10,1,3,0.333
1289220,24032,24021,47318,11,11,5,6,0.5455,0.0909,0.6,10,1,3,0.333
1267722,24032,24021,47318,11,11,5,6,0.5455,0.0909,0.6,10,1,3,0.333
1267148,23477,23460,47422,11,11,5,6,0.5455,0.0909,0.6,10,1,3,0.333
1267153,23477,23460,47422,11,11,5,6,0.5455,0.0909,0.6,10,1,3,0.333
1267154,23477,23460,47422,11,11,5,6,0.5455,0.0909,0.6,10,1,3,0.333
1267147,23477,23460,47422,11,11,5,6,0.5455,0.0909,0.6,10,1,3,0.333
1268602,23477,23460,47422,11,11,5,6,0.5455,0.0909,0.6,10,1,3,0.333
1280517,22951,8019,50347,6,6,3,3,0.5,0.0,0.6,5,1,3,0.333
1300490,22951,8019,50347,6,6,3,3,0.5,0.0,0.6,5,1,3,0.333
1300491,22951,8019,50347,6,6,3,3,0.5,0.0,0.6,5,1,3,0.333
1012879,359725,375325,961,19,19,8,10,0.5263,0.1053,0.593,18,1,3,0.333
1007501,359725,375325,961,19,19,8,10,0.5263,0.1053,0.593,18,1,3,0.333
1009470,359725,375325,961,19,19,8,10,0.5263,0.1053,0.593,18,1,3,0.333
1009472,359725,375325,961,19,19,8,10,0.5263,0.1053,0.593,18,1,3,0.333
1009388,359725,375325,961,19,19,8,10,0.5263,0.1053,0.593,18,1,3,0.333
1052243,359725,375325,961,19,19,8,10,0.5263,0.1053,0.593,18,1,3,0.333
1002364,359725,375325,961,19,19,8,10,0.5263,0.1053,0.593,18,1,3,0.333
1048630,359725,375325,961,19,19,8,10,0.5263,0.1053,0.593,18,1,3,0.333
1091744,18864,18774,21159,14,14,3,5,0.3571,0.1429,0.59,13,1,3,0.333
1184562,18864,18774,21159,14,14,3,5,0.3571,0.1429,0.59,13,1,3,0.333
1091732,18864,18774,21159,14,14,3,5,0.3571,0.1429,0.59,13,1,3,0.333
1041170,148156,148157,10607,9,9,4,5,0.5556,0.1111,0.583,8,1,3,0.333
1041169,148156,148157,10607,9,9,4,5,0.5556,0.1111,0.583,8,1,3,0.333
1041167,148156,148157,10607,9,9,4,5,0.5556,0.1111,0.583,8,1,3,0.333
1041168,148156,148157,10607,9,9,4,5,0.5556,0.1111,0.583,8,1,3,0.333
1045167,8552,8479,11398,9,9,4,5,0.5556,0.1111,0.583,8,1,3,0.333
1048116,8552,8479,11398,9,9,4,5,0.5556,0.1111,0.583,8,1,3,0.333
1045168,8552,8479,11398,9,9,4,5,0.5556,0.1111,0.583,8,1,3,0.333
1057104,8552,8479,11398,9,9,4,5,0.5556,0.1111,0.583,8,1,3,0.333
1286435,7851,22878,49544,24,24,4,7,0.2917,0.125,0.58,23,1,3,0.333
1286436,7851,22878,49544,24,24,4,7,0.2917,0.125,0.58,23,1,3,0.333
1053074,19288,19327,12440,12,12,1,6,0.5,0.4167,0.576,11,1,3,0.333
1010172,10790,10803,2494,12,12,5,7,0.5833,0.1667,0.576,11,1,3,0.333
1010171,10790,10803,2494,12,12,5,7,0.5833,0.1667,0.576,11,1,3,0.333
1010192,10790,10803,2494,12,12,5,7,0.5833,0.1667,0.576,11,1,3,0.333
1010236,10790,10803,2494,12,12,5,7,0.5833,0.1667,0.576,11,1,3,0.333
1010237,10790,10803,2494,12,12,5,7,0.5833,0.1667,0.576,11,1,3,0.333
1071209,5348,5341,4929,12,12,5,7,0.5833,0.1667,0.576,11,1,3,0.333
1074877,5348,5341,4929,12,12,5,7,0.5833,0.1667,0.576,11,1,3,0.333
1074878,5348,5341,4929,12,12,5,7,0.5833,0.1667,0.576,11,1,3,0.333
1074876,5348,5341,4929,12,12,5,7,0.5833,0.1667,0.576,11,1,3,0.333
1070069,5348,5341,4929,12,12,5,7,0.5833,0.1667,0.576,11,1,3,0.333
1282432,19312,19327,12440,12,12,4,6,0.5,0.1667,0.576,11,1,3,0.333
1282440,19312,19327,12440,12,12,4,6,0.5,0.1667,0.576,11,1,3,0.333
1298806,19312,19327,12440,12,12,4,6,0.5,0.1667,0.576,11,1,3,0.333
1282431,19312,19327,12440,12,12,4,6,0.5,0.1667,0.576,11,1,3,0.333
1200738,12621,25076,22557,12,12,5,7,0.5833,0.1667,0.576,11,1,3,0.333
1202024,12621,25076,22557,12,12,5,7,0.5833,0.1667,0.576,11,1,3,0.333
1200741,12621,25076,22557,12,12,5,7,0.5833,0.1667,0.576,11,1,3,0.333
1200739,12621,25076,22557,12,12,5,7,0.5833,0.1667,0.576,11,1,3,0.333
1202022,12621,25076,22557,12,12,5,7,0.5833,0.1667,0.576,11,1,3,0.333
1019975,100450,100449,5471,15,15,6,6,0.4,0.0,0.571,14,1,3,0.333
1019976,100450,100449,5471,15,15,6,6,0.4,0.0,0.571,14,1,3,0.333
1052649,100450,100449,5471,15,15,6,6,0.4,0.0,0.571,14,1,3,0.333
1026997,100450,100449,5471,15,15,6,6,0.4,0.0,0.571,14,1,3,0.333
1027061,100450,100449,5471,15,15,6,6,0.4,0.0,0.571,14,1,3,0.333
1073330,100450,100449,5471,15,15,6,6,0.4,0.0,0.571,14,1,3,0.333
1220140,5052,5055,28993,11,11,1,6,0.5455,0.4545,0.567,10,1,3,0.333
1200918,9626,9552,41929,21,21,3,5,0.2381,0.0952,0.567,20,1,3,0.333
1201612,9626,9552,41929,21,21,3,5,0.2381,0.0952,0.567,20,1,3,0.333
1201610,9626,9552,41929,21,21,3,5,0.2381,0.0952,0.567,20,1,3,0.333
1190760,2977,15032,22488,10,10,2,7,0.7,0.5,0.556,9,1,3,0.333
1190758,2977,15032,22488,10,10,2,7,0.7,0.5,0.556,9,1,3,0.333
1012841,23815,23832,3884,7,7,1,4,0.5714,0.4286,0.556,6,1,3,0.333
1024052,23811,23832,3884,7,7,2,4,0.5714,0.2857,0.556,6,1,3,0.333
1028909,23811,23832,3884,7,7,2,4,0.5714,0.2857,0.556,6,1,3,0.333
1090100,15084,15150,20389,4,4,1,2,0.5,0.25,0.556,3,1,3,0.333
1090121,15080,15150,20389,4,4,1,2,0.5,0.25,0.556,3,1,3,0.333
1219148,38699,38700,16847,10,10,2,4,0.4,0.2,0.556,9,1,3,0.333
1219149,38699,38700,16847,10,10,2,4,0.4,0.2,0.556,9,1,3,0.333
1126307,2229,2166,28222,7,7,3,4,0.5714,0.1429,0.556,6,1,3,0.333
1126305,2229,2166,28222,7,7,3,4,0.5714,0.1429,0.556,6,1,3,0.333
1126306,2229,2166,28222,7,7,3,4,0.5714,0.1429,0.556,6,1,3,0.333
1305676,8714,8604,53454,7,7,3,4,0.5714,0.1429,0.556,6,1,3,0.333
1305674,8714,8604,53454,7,7,3,4,0.5714,0.1429,0.556,6,1,3,0.333
1307126,8714,8604,53454,7,7,3,4,0.5714,0.1429,0.556,6,1,3,0.333
1199190,9793,9876,41157,10,10,4,5,0.5,0.1,0.556,9,1,3,0.333
1199171,9793,9876,41157,10,10,4,5,0.5,0.1,0.556,9,1,3,0.333
1199191,9793,9876,41157,10,10,4,5,0.5,0.1,0.556,9,1,3,0.333
1200588,9793,9876,41157,10,10,4,5,0.5,0.1,0.556,9,1,3,0.333
1131244,22947,22912,29661,10,10,4,4,0.4,0.0,0.556,9,1,3,0.333
1309230,22947,22912,29661,10,10,4,4,0.4,0.0,0.556,9,1,3,0.333
1306793,22947,22912,29661,10,10,4,4,0.4,0.0,0.556,9,1,3,0.333
1297530,22947,22912,29661,10,10,4,4,0.4,0.0,0.556,9,1,3,0.333
1011170,336635,171197,3255,4,4,2,2,0.5,0.0,0.556,3,1,3,0.333
1029621,336635,171197,3255,4,4,2,2,0.5,0.0,0.556,3,1,3,0.333
1015412,74530,18665,5109,4,4,2,2,0.5,0.0,0.556,3,1,3,0.333
1299973,74530,18665,5109,4,4,2,2,0.5,0.0,0.556,3,1,3,0.333
1068710,5852,5849,11760,4,4,2,2,0.5,0.0,0.556,3,1,3,0.333
1084297,5852,5849,11760,4,4,2,2,0.5,0.0,0.556,3,1,3,0.333
1072440,375943,3208,16631,4,4,1,1,0.25,0.0,0.556,3,1,3,0.333
1107850,189435,3208,16631,4,4,1,1,0.25,0.0,0.556,3,1,3,0.333
1229454,265283,265281,12349,20,20,6,6,0.3,0.0,0.544,19,1,3,0.333
1229457,265283,265281,12349,20,20,6,6,0.3,0.0,0.544,19,1,3,0.333
1097608,265283,265281,12349,20,20,6,6,0.3,0.0,0.544,19,1,3,0.333
1073860,265283,265281,12349,20,20,6,6,0.3,0.0,0.544,19,1,3,0.333
1097772,265283,265281,12349,20,20,6,6,0.3,0.0,0.544,19,1,3,0.333
1074109,265283,265281,12349,20,20,6,6,0.3,0.0,0.544,19,1,3,0.333
1012708,280316,258879,3429,14,14,1,6,0.4286,0.3571,0.538,13,1,3,0.333
1040879,280319,258879,3429,14,14,1,6,0.4286,0.3571,0.538,13,1,3,0.333
1246055,8824,23448,30921,14,14,5,9,0.6429,0.2857,0.538,13,1,3,0.333
1134809,8824,23448,30921,14,14,5,9,0.6429,0.2857,0.538,13,1,3,0.333
1273251,8824,23448,30921,14,14,5,9,0.6429,0.2857,0.538,13,1,3,0.333
1225209,8824,23448,30921,14,14,5,9,0.6429,0.2857,0.538,13,1,3,0.333
1228774,8824,23448,30921,14,14,5,9,0.6429,0.2857,0.538,13,1,3,0.333
1134306,280318,258879,3429,14,14,6,6,0.4286,0.0,0.538,13,1,3,0.333
1131009,280318,258879,3429,14,14,6,6,0.4286,0.0,0.538,13,1,3,0.333
1040906,280318,258879,3429,14,14,6,6,0.4286,0.0,0.538,13,1,3,0.333
1026462,13083,13149,885,24,24,5,8,0.3333,0.125,0.536,23,1,3,0.333
1026465,13083,13149,885,24,24,5,8,0.3333,0.125,0.536,23,1,3,0.333
1006286,13083,13149,885,24,24,5,8,0.3333,0.125,0.536,23,1,3,0.333
1026464,13150,13149,885,24,24,7,8,0.3333,0.0417,0.536,23,1,3,0.333
1026469,13150,13149,885,24,24,7,8,0.3333,0.0417,0.536,23,1,3,0.333
1128557,13150,13149,885,24,24,7,8,0.3333,0.0417,0.536,23,1,3,0.333
1002407,13150,13149,885,24,24,7,8,0.3333,0.0417,0.536,23,1,3,0.333
1004344,13150,13149,885,24,24,7,8,0.3333,0.0417,0.536,23,1,3,0.333
1302136,22563,22521,52682,11,11,4,7,0.6364,0.2727,0.533,10,1,3,0.333
1302140,22563,22521,52682,11,11,4,7,0.6364,0.2727,0.533,10,1,3,0.333
1302326,22563,22521,52682,11,11,4,7,0.6364,0.2727,0.533,10,1,3,0.333
1302327,22563,22521,52682,11,11,4,7,0.6364,0.2727,0.533,10,1,3,0.333
1268509,9821,9770,4569,18,18,6,6,0.3333,0.0,0.529,17,1,3,0.333
1268507,9821,9770,4569,18,18,6,6,0.3333,0.0,0.529,17,1,3,0.333
1268461,9821,9770,4569,18,18,6,6,0.3333,0.0,0.529,17,1,3,0.333
1268510,9821,9770,4569,18,18,6,6,0.3333,0.0,0.529,17,1,3,0.333
1266659,9821,9770,4569,18,18,6,6,0.3333,0.0,0.529,17,1,3,0.333
1267651,9821,9770,4569,18,18,6,6,0.3333,0.0,0.529,17,1,3,0.333
1303035,6796,22452,45561,8,8,1,5,0.625,0.5,0.524,7,1,3,0.333
1287087,192,7305,31365,8,8,1,4,0.5,0.375,0.524,7,1,3,0.333
1287090,7388,7305,31365,8,8,1,4,0.5,0.375,0.524,7,1,3,0.333
1302262,22484,22452,45561,8,8,2,5,0.625,0.375,0.524,7,1,3,0.333
1302265,22484,22452,45561,8,8,2,5,0.625,0.375,0.524,7,1,3,0.333
1027881,8138,22997,1170,15,15,5,10,0.6667,0.3333,0.524,14,1,3,0.333
1027863,8138,22997,1170,15,15,5,10,0.6667,0.3333,0.524,14,1,3,0.333
1027865,8138,22997,1170,15,15,5,10,0.6667,0.3333,0.524,14,1,3,0.333
1027876,8138,22997,1170,15,15,5,10,0.6667,0.3333,0.524,14,1,3,0.333
1027879,8138,22997,1170,15,15,5,10,0.6667,0.3333,0.524,14,1,3,0.333
1001777,19776,212,643,8,8,3,5,0.625,0.25,0.524,7,1,3,0.333
1001779,19776,212,643,8,8,3,5,0.625,0.25,0.524,7,1,3,0.333
1001776,19776,212,643,8,8,3,5,0.625,0.25,0.524,7,1,3,0.333
1053073,5066,5054,12439,8,8,3,5,0.625,0.25,0.524,7,1,3,0.333
1219906,5066,5054,12439,8,8,3,5,0.625,0.25,0.524,7,1,3,0.333
1133713,5066,5054,12439,8,8,3,5,0.625,0.25,0.524,7,1,3,0.333
1309596,6034,6024,29892,8,8,3,5,0.625,0.25,0.524,7,1,3,0.333
1309597,6034,6024,29892,8,8,3,5,0.625,0.25,0.524,7,1,3,0.333
1309594,6034,6024,29892,8,8,3,5,0.625,0.25,0.524,7,1,3,0.333
1304877,266,239,30497,8,8,1,3,0.375,0.25,0.524,7,1,3,0.333
1201431,10629,10526,42325,8,8,3,5,0.625,0.25,0.524,7,1,3,0.333
1201433,10629,10526,42325,8,8,3,5,0.625,0.25,0.524,7,1,3,0.333
1201432,10629,10526,42325,8,8,3,5,0.625,0.25,0.524,7,1,3,0.333
1184608,27341,19366,21353,15,15,5,8,0.5333,0.2,0.524,14,1,3,0.333
1184609,27341,19366,21353,15,15,5,8,0.5333,0.2,0.524,14,1,3,0.333
1092272,27341,19366,21353,15,15,5,8,0.5333,0.2,0.524,14,1,3,0.333
1184606,27341,19366,21353,15,15,5,8,0.5333,0.2,0.524,14,1,3,0.333
1117097,27341,19366,21353,15,15,5,8,0.5333,0.2,0.524,14,1,3,0.333
1304873,253,239,30497,8,8,2,3,0.375,0.125,0.524,7,1,3,0.333
1133486,253,239,30497,8,8,2,3,0.375,0.125,0.524,7,1,3,0.333
1303548,6884,22522,28833,22,22,7,8,0.3636,0.0455,0.524,21,1,3,0.333
1303549,6884,22522,28833,22,22,7,8,0.3636,0.0455,0.524,21,1,3,0.333
1303547,6884,22522,28833,22,22,7,8,0.3636,0.0455,0.524,21,1,3,0.333
1303546,6884,22522,28833,22,22,7,8,0.3636,0.0455,0.524,21,1,3,0.333
1303463,6884,22522,28833,22,22,7,8,0.3636,0.0455,0.524,21,1,3,0.333
1301712,6884,22522,28833,22,22,7,8,0.3636,0.0455,0.524,21,1,3,0.333
1303607,6884,22522,28833,22,22,7,8,0.3636,0.0455,0.524,21,1,3,0.333
1223183,11841,11662,28785,15,15,5,5,0.3333,0.0,0.524,14,1,3,0.333
1223269,11841,11662,28785,15,15,5,5,0.3333,0.0,0.524,14,1,3,0.333
1127760,11841,11662,28785,15,15,5,5,0.3333,0.0,0.524,14,1,3,0.333
1223270,11841,11662,28785,15,15,5,5,0.3333,0.0,0.524,14,1,3,0.333
1170144,11841,11662,28785,15,15,5,5,0.3333,0.0,0.524,14,1,3,0.333
1287633,9817,9785,16187,12,12,5,7,0.5833,0.1667,0.515,11,1,3,0.333
1134628,9817,9785,16187,12,12,5,7,0.5833,0.1667,0.515,11,1,3,0.333
1070867,9817,9785,16187,12,12,5,7,0.5833,0.1667,0.515,11,1,3,0.333
1287631,9817,9785,16187,12,12,5,7,0.5833,0.1667,0.515,11,1,3,0.333
1300566,7955,22914,50402,12,12,4,5,0.4167,0.0833,0.515,11,1,3,0.333
1300626,7955,22914,50402,12,12,4,5,0.4167,0.0833,0.515,11,1,3,0.333
1300567,7955,22914,50402,12,12,4,5,0.4167,0.0833,0.515,11,1,3,0.333
1300569,7955,22914,50402,12,12,4,5,0.4167,0.0833,0.515,11,1,3,0.333
1138789,282566,370355,2709,16,16,1,5,0.3125,0.25,0.511,15,1,3,0.333
1179714,345435,370355,2709,16,16,4,5,0.3125,0.0625,0.511,15,1,3,0.333
1211244,345435,370355,2709,16,16,4,5,0.3125,0.0625,0.511,15,1,3,0.333
1312238,345435,370355,2709,16,16,4,5,0.3125,0.0625,0.511,15,1,3,0.333
1015383,345435,370355,2709,16,16,4,5,0.3125,0.0625,0.511,15,1,3,0.333
1186255,19126,18993,8580,18,18,4,5,0.2778,0.0556,0.51,17,1,3,0.333
1185207,19126,18993,8580,18,18,4,5,0.2778,0.0556,0.51,17,1,3,0.333
1186297,19126,18993,8580,18,18,4,5,0.2778,0.0556,0.51,17,1,3,0.333
1186254,19126,18993,8580,18,18,4,5,0.2778,0.0556,0.51,17,1,3,0.333
1298106,22905,22878,49544,24,24,3,7,0.2917,0.1667,0.507,23,1,3,0.333
1298107,22905,22878,49544,24,24,3,7,0.2917,0.1667,0.507,23,1,3,0.333
1298109,22905,22878,49544,24,24,3,7,0.2917,0.1667,0.507,23,1,3,0.333
1306570,7828,22878,49544,24,24,4,7,0.2917,0.125,0.507,23,1,3,0.333
1306573,7828,22878,49544,24,24,4,7,0.2917,0.125,0.507,23,1,3,0.333
1298610,7828,22878,49544,24,24,4,7,0.2917,0.125,0.507,23,1,3,0.333
1298064,7828,22878,49544,24,24,4,7,0.2917,0.125,0.507,23,1,3,0.333
1272258,22855,7651,29563,28,28,4,5,0.1786,0.0357,0.506,27,1,3,0.333
1306162,7649,7651,29563,28,28,4,5,0.1786,0.0357,0.506,27,1,3,0.333
1305640,7649,7651,29563,28,28,4,5,0.1786,0.0357,0.506,27,1,3,0.333
1305829,22855,7651,29563,28,28,4,5,0.1786,0.0357,0.506,27,1,3,0.333
1278919,7649,7651,29563,28,28,4,5,0.1786,0.0357,0.506,27,1,3,0.333
1272257,22855,7651,29563,28,28,4,5,0.1786,0.0357,0.506,27,1,3,0.333
1305639,7649,7651,29563,28,28,4,5,0.1786,0.0357,0.506,27,1,3,0.333
1305827,22855,7651,29563,28,28,4,5,0.1786,0.0357,0.506,27,1,3,0.333
1209233,13704,13707,43517,5,5,1,4,0.8,0.6,0.5,4,1,3,0.333
1038761,9678,9597,10038,9,9,2,7,0.7778,0.5556,0.5,8,1,3,0.333
1065188,9678,9597,10038,9,9,2,7,0.7778,0.5556,0.5,8,1,3,0.333
1218584,9432,9473,13611,9,9,1,5,0.5556,0.4444,0.5,8,1,3,0.333
1304952,201,184,5102,5,5,1,3,0.6,0.4,0.5,4,1,3,0.333
1304687,214,184,5102,5,5,1,3,0.6,0.4,0.5,4,1,3,0.333
1218586,9404,9473,13611,9,9,2,5,0.5556,0.3333,0.5,8,1,3,0.333
1218587,9404,9473,13611,9,9,2,5,0.5556,0.3333,0.5,8,1,3,0.333
1036392,6626,6598,7390,13,13,4,7,0.5385,0.2308,0.5,12,1,3,0.333
1041367,6626,6598,7390,13,13,4,7,0.5385,0.2308,0.5,12,1,3,0.333
1032474,6626,6598,7390,13,13,4,7,0.5385,0.2308,0.5,12,1,3,0.333
1041373,6626,6598,7390,13,13,4,7,0.5385,0.2308,0.5,12,1,3,0.333
1233887,425195,14822,25141,5,5,1,2,0.4,0.2,0.5,4,1,3,0.333
1133526,19772,161,30529,17,16,2,4,0.25,0.125,0.5,16,1,3,0.333
1310732,19772,161,30529,17,16,2,4,0.25,0.125,0.5,16,1,3,0.333
1206448,14450,14367,28136,9,9,3,4,0.4444,0.1111,0.5,8,1,3,0.333
1137530,14450,14367,28136,9,9,3,4,0.4444,0.1111,0.5,8,1,3,0.333
1127005,14450,14367,28136,9,9,3,4,0.4444,0.1111,0.5,8,1,3,0.333
1065029,364603,364605,3773,21,21,6,8,0.381,0.0952,0.5,20,1,3,0.333
1052467,364603,364605,3773,21,21,6,8,0.381,0.0952,0.5,20,1,3,0.333
1058055,364603,364605,3773,21,21,6,8,0.381,0.0952,0.5,20,1,3,0.333
1012765,364603,364605,3773,21,21,6,8,0.381,0.0952,0.5,20,1,3,0.333
1058054,364603,364605,3773,21,21,6,8,0.381,0.0952,0.5,20,1,3,0.333
1058057,364603,364605,3773,21,21,6,8,0.381,0.0952,0.5,20,1,3,0.333
1167163,56925,56924,36303,13,13,4,5,0.3846,0.0769,0.5,12,1,3,0.333
1184994,56925,56924,36303,13,13,4,5,0.3846,0.0769,0.5,12,1,3,0.333
1184995,56925,56924,36303,13,13,4,5,0.3846,0.0769,0.5,12,1,3,0.333
1167158,56925,56924,36303,13,13,4,5,0.3846,0.0769,0.5,12,1,3,0.333
1267937,8793,8727,47647,13,13,4,5,0.3846,0.0769,0.5,12,1,3,0.333
1267935,8793,8727,47647,13,13,4,5,0.3846,0.0769,0.5,12,1,3,0.333
1267938,8793,8727,47647,13,13,4,5,0.3846,0.0769,0.5,12,1,3,0.333
1267936,8793,8727,47647,13,13,4,5,0.3846,0.0769,0.5,12,1,3,0.333
1310734,187,161,30529,17,16,3,4,0.25,0.0625,0.5,16,1,3,0.333
1310989,187,161,30529,17,16,3,4,0.25,0.0625,0.5,16,1,3,0.333
1310735,187,161,30529,17,16,3,4,0.25,0.0625,0.5,16,1,3,0.333
1179963,25107,257599,38893,17,17,5,6,0.3529,0.0588,0.5,16,1,3,0.333
1179961,25107,257599,38893,17,17,5,6,0.3529,0.0588,0.5,16,1,3,0.333
1179938,25107,257599,38893,17,17,5,6,0.3529,0.0588,0.5,16,1,3,0.333
1179960,25107,257599,38893,17,17,5,6,0.3529,0.0588,0.5,16,1,3,0.333
1179962,25107,257599,38893,17,17,5,6,0.3529,0.0588,0.5,16,1,3,0.333
1076020,18843,18728,15788,21,21,6,7,0.3333,0.0476,0.5,20,1,3,0.333
1076023,18843,18728,15788,21,21,6,7,0.3333,0.0476,0.5,20,1,3,0.333
1083572,18843,18728,15788,21,21,6,7,0.3333,0.0476,0.5,20,1,3,0.333
1076007,18843,18728,15788,21,21,6,7,0.3333,0.0476,0.5,20,1,3,0.333
1071277,18843,18728,15788,21,21,6,7,0.3333,0.0476,0.5,20,1,3,0.333
1076021,18843,18728,15788,21,21,6,7,0.3333,0.0476,0.5,20,1,3,0.333
1206309,15013,14822,25141,5,5,2,2,0.4,0.0,0.5,4,1,3,0.333
1216864,10754,10722,41156,24,24,12,12,0.5,0.0,0.493,23,1,3,0.333
1186314,19127,18993,8580,18,18,3,5,0.2778,0.1111,0.49,17,1,3,0.333
1093363,19127,18993,8580,18,18,3,5,0.2778,0.1111,0.49,17,1,3,0.333
1186317,19127,18993,8580,18,18,3,5,0.2778,0.1111,0.49,17,1,3,0.333
1043482,276801,276803,10964,14,14,4,7,0.5,0.2143,0.487,13,1,3,0.333
1043481,276801,276803,10964,14,14,4,7,0.5,0.2143,0.487,13,1,3,0.333
1043479,276801,276803,10964,14,14,4,7,0.5,0.2143,0.487,13,1,3,0.333
1043480,276801,276803,10964,14,14,4,7,0.5,0.2143,0.487,13,1,3,0.333
1185618,159367,157757,39619,14,14,4,5,0.3571,0.0714,0.487,13,1,3,0.333
1185293,159367,157757,39619,14,14,4,5,0.3571,0.0714,0.487,13,1,3,0.333
1185291,159367,157757,39619,14,14,4,5,0.3571,0.0714,0.487,13,1,3,0.333
1185290,159367,157757,39619,14,14,4,5,0.3571,0.0714,0.487,13,1,3,0.333
1273133,12070,12156,45193,14,14,4,5,0.3571,0.0714,0.487,13,1,3,0.333
1273134,12070,12156,45193,14,14,4,5,0.3571,0.0714,0.487,13,1,3,0.333
1273131,12070,12156,45193,14,14,4,5,0.3571,0.0714,0.487,13,1,3,0.333
1267559,12070,12156,45193,14,14,4,5,0.3571,0.0714,0.487,13,1,3,0.333
1222510,12629,12607,42249,23,23,2,2,0.087,0.0,0.485,22,1,3,0.333
1201145,25156,12607,42249,23,23,2,2,0.087,0.0,0.485,22,1,3,0.333
1201140,25143,12607,42249,23,23,2,2,0.087,0.0,0.485,22,1,3,0.333
1201096,12737,12607,42249,23,23,2,2,0.087,0.0,0.485,22,1,3,0.333
1201143,25156,12607,42249,23,23,2,2,0.087,0.0,0.485,22,1,3,0.333
1201088,25143,12607,42249,23,23,2,2,0.087,0.0,0.485,22,1,3,0.333
1181214,16044,16076,39150,10,10,3,7,0.7,0.4,0.481,9,1,3,0.333
1181215,16044,16076,39150,10,10,3,7,0.7,0.4,0.481,9,1,3,0.333
1187841,16044,16076,39150,10,10,3,7,0.7,0.4,0.481,9,1,3,0.333
1113796,4839,4865,25957,10,10,3,5,0.5,0.2,0.481,9,1,3,0.333
1113799,4839,4865,25957,10,10,3,5,0.5,0.2,0.481,9,1,3,0.333
1113813,4839,4865,25957,10,10,3,5,0.5,0.2,0.481,9,1,3,0.333
1126238,2361,2286,28215,10,10,3,5,0.5,0.2,0.481,9,1,3,0.333
1126495,2361,2286,28215,10,10,3,5,0.5,0.2,0.481,9,1,3,0.333
1126237,2361,2286,28215,10,10,3,5,0.5,0.2,0.481,9,1,3,0.333
1020043,101411,100452,5502,10,10,3,4,0.4,0.1,0.481,9,1,3,0.333
1020044,101411,100452,5502,10,10,3,4,0.4,0.1,0.481,9,1,3,0.333
1027057,101411,100452,5502,10,10,3,4,0.4,0.1,0.481,9,1,3,0.333
1309257,199,191,30520,10,10,3,3,0.3,0.0,0.481,9,1,3,0.333
1304679,199,191,30520,10,10,3,3,0.3,0.0,0.481,9,1,3,0.333
1281508,199,191,30520,10,10,3,3,0.3,0.0,0.481,9,1,3,0.333
1188726,16278,16075,16861,47,47,3,6,0.1277,0.0638,0.471,46,1,3,0.333
1181099,16278,16075,16861,47,47,3,6,0.1277,0.0638,0.471,46,1,3,0.333
1181128,16278,16075,16861,47,47,3,6,0.1277,0.0638,0.471,46,1,3,0.333
1056054,343552,343550,7821,16,16,4,12,0.75,0.5,0.467,15,1,3,0.333
1056056,343552,343550,7821,16,16,4,12,0.75,0.5,0.467,15,1,3,0.333
1029373,343552,343550,7821,16,16,4,12,0.75,0.5,0.467,15,1,3,0.333
1029374,343552,343550,7821,16,16,4,12,0.75,0.5,0.467,15,1,3,0.333
1281695,6694,22376,13774,6,6,2,4,0.6667,0.3333,0.467,5,1,3,0.333
1281694,6694,22376,13774,6,6,2,4,0.6667,0.3333,0.467,5,1,3,0.333
1123348,1632,1653,27527,6,6,2,4,0.6667,0.3333,0.467,5,1,3,0.333
1126258,1632,1653,27527,6,6,2,4,0.6667,0.3333,0.467,5,1,3,0.333
1298387,94366,42,52055,6,6,1,3,0.5,0.3333,0.467,5,1,3,0.333
1298389,41,42,52055,6,6,1,3,0.5,0.3333,0.467,5,1,3,0.333
1188767,16868,32929,3700,6,6,2,3,0.5,0.1667,0.467,5,1,3,0.333
1188768,16868,32929,3700,6,6,2,3,0.5,0.1667,0.467,5,1,3,0.333
1287064,22682,7353,49037,21,21,2,5,0.2381,0.1429,0.467,20,1,3,0.333
1287042,22682,7353,49037,21,21,2,5,0.2381,0.1429,0.467,20,1,3,0.333
1300220,7274,7353,49037,21,21,3,5,0.2381,0.0952,0.467,20,1,3,0.333
1289418,7274,7353,49037,21,21,3,5,0.2381,0.0952,0.467,20,1,3,0.333
1289417,7274,7353,49037,21,21,3,5,0.2381,0.0952,0.467,20,1,3,0.333
1090550,78687,21375,2912,6,6,2,2,0.3333,0.0,0.467,5,1,3,0.333
1009440,78687,21375,2912,6,6,2,2,0.3333,0.0,0.467,5,1,3,0.333
1180904,2685,2571,15894,17,17,4,5,0.2941,0.0588,0.458,16,1,3,0.333
1069616,2685,2571,15894,17,17,4,5,0.2941,0.0588,0.458,16,1,3,0.333
1180909,2685,2571,15894,17,17,4,5,0.2941,0.0588,0.458,16,1,3,0.333
1180905,2685,2571,15894,17,17,4,5,0.2941,0.0588,0.458,16,1,3,0.333
1298983,7897,7850,29717,17,17,4,5,0.2941,0.0588,0.458,16,1,3,0.333
1298984,7897,7850,29717,17,17,4,5,0.2941,0.0588,0.458,16,1,3,0.333
1285312,7897,7850,29717,17,17,4,5,0.2941,0.0588,0.458,16,1,3,0.333
1298982,7897,7850,29717,17,17,4,5,0.2941,0.0588,0.458,16,1,3,0.333
1054086,92775,65564,5225,12,12,3,9,0.75,0.5,0.455,11,1,3,0.333
1048755,92775,65564,5225,12,12,3,9,0.75,0.5,0.455,11,1,3,0.333
1018981,92775,65564,5225,12,12,3,9,0.75,0.5,0.455,11,1,3,0.333
1223669,26430,16379,30601,12,12,3,7,0.5833,0.3333,0.455,11,1,3,0.333
1181264,26430,16379,30601,12,12,3,7,0.5833,0.3333,0.455,11,1,3,0.333
1181265,26430,16379,30601,12,12,3,7,0.5833,0.3333,0.455,11,1,3,0.333
1281360,26832,17700,49315,12,12,1,4,0.3333,0.25,0.455,11,1,3,0.333
1090308,15405,15426,18662,12,12,3,5,0.4167,0.1667,0.455,11,1,3,0.333
1080054,15405,15426,18662,12,12,3,5,0.4167,0.1667,0.455,11,1,3,0.333
1137184,15405,15426,18662,12,12,3,5,0.4167,0.1667,0.455,11,1,3,0.333
1307174,17664,17700,49315,12,12,2,4,0.3333,0.1667,0.455,11,1,3,0.333
1307175,17664,17700,49315,12,12,2,4,0.3333,0.1667,0.455,11,1,3,0.333
1286564,79005,7237,22485,18,18,1,4,0.2222,0.1667,0.451,17,1,3,0.333
1286634,160959,7237,22485,18,18,3,4,0.2222,0.0556,0.451,17,1,3,0.333
1286632,160959,7237,22485,18,18,3,4,0.2222,0.0556,0.451,17,1,3,0.333
1286563,160959,7237,22485,18,18,3,4,0.2222,0.0556,0.451,17,1,3,0.333
1270658,,521051,8555,24,19,0,7,0.3684,0.3684,0.449,23,1,3,0.333
1232474,,521051,8555,24,19,0,7,0.3684,0.3684,0.449,23,1,3,0.333
1232983,,521051,8555,24,19,0,7,0.3684,0.3684,0.449,23,1,3,0.333
1170849,,521051,8555,24,19,0,7,0.3684,0.3684,0.449,23,1,3,0.333
1306788,525836,521051,8555,24,19,1,7,0.3684,0.3158,0.449,23,1,3,0.333
1115507,1443,1452,20757,24,24,5,6,0.25,0.0417,0.449,23,1,3,0.333
1115481,1443,1452,20757,24,24,5,6,0.25,0.0417,0.449,23,1,3,0.333
1115446,1443,1452,20757,24,24,5,6,0.25,0.0417,0.449,23,1,3,0.333
1115493,1443,1452,20757,24,24,5,6,0.25,0.0417,0.449,23,1,3,0.333
1115495,1443,1452,20757,24,24,5,6,0.25,0.0417,0.449,23,1,3,0.333
1198862,23673,23684,4851,7,7,2,5,0.7143,0.4286,0.444,6,1,3,0.333
1198864,23673,23684,4851,7,7,2,5,0.7143,0.4286,0.444,6,1,3,0.333
1046932,310080,172503,11722,7,7,2,5,0.7143,0.4286,0.444,6,1,3,0.333
1046931,310080,172503,11722,7,7,2,5,0.7143,0.4286,0.444,6,1,3,0.333
1068538,5862,5851,15618,7,7,2,5,0.7143,0.4286,0.444,6,1,3,0.333
1068397,5862,5851,15618,7,7,2,5,0.7143,0.4286,0.444,6,1,3,0.333
1124409,2440,2374,27221,7,7,2,5,0.7143,0.4286,0.444,6,1,3,0.333
1122231,2440,2374,27221,7,7,2,5,0.7143,0.4286,0.444,6,1,3,0.333
1125669,2083,20344,28023,7,7,2,5,0.7143,0.4286,0.444,6,1,3,0.333
1125639,2083,20344,28023,7,7,2,5,0.7143,0.4286,0.444,6,1,3,0.333
1219331,21752,27145,36729,7,7,2,5,0.7143,0.4286,0.444,6,1,3,0.333
1169046,21752,27145,36729,7,7,2,5,0.7143,0.4286,0.444,6,1,3,0.333
1297917,7540,22751,43918,7,7,2,4,0.5714,0.2857,0.444,6,1,3,0.333
1297916,7540,22751,43918,7,7,2,4,0.5714,0.2857,0.444,6,1,3,0.333
1036571,530635,530638,9572,13,12,3,5,0.4167,0.1667,0.444,12,1,3,0.333
1233027,530635,530638,9572,13,12,3,5,0.4167,0.1667,0.444,12,1,3,0.333
1137777,530635,530638,9572,13,12,3,5,0.4167,0.1667,0.444,12,1,3,0.333
1201423,10459,24172,31360,19,19,4,6,0.3158,0.1053,0.444,18,1,3,0.333
1200855,10459,24172,31360,19,19,4,6,0.3158,0.1053,0.444,18,1,3,0.333
1201425,10459,24172,31360,19,19,4,6,0.3158,0.1053,0.444,18,1,3,0.333
1201422,10459,24172,31360,19,19,4,6,0.3158,0.1053,0.444,18,1,3,0.333
1108320,216324,216955,12474,38,38,3,7,0.1842,0.1053,0.441,37,1,3,0.333
1053163,216324,216955,12474,38,38,3,7,0.1842,0.1053,0.441,37,1,3,0.333
1072628,257279,216955,12474,38,38,5,7,0.1842,0.0526,0.441,37,1,3,0.333
1072645,257279,216955,12474,38,38,5,7,0.1842,0.0526,0.441,37,1,3,0.333
1072527,257279,216955,12474,38,38,5,7,0.1842,0.0526,0.441,37,1,3,0.333
1072618,257279,216955,12474,38,38,5,7,0.1842,0.0526,0.441,37,1,3,0.333
1072529,257279,216955,12474,38,38,5,7,0.1842,0.0526,0.441,37,1,3,0.333
1304148,8352,8277,53226,14,14,3,4,0.2857,0.0714,0.436,13,1,3,0.333
1309754,8352,8277,53226,14,14,3,4,0.2857,0.0714,0.436,13,1,3,0.333
1307276,8352,8277,53226,14,14,3,4,0.2857,0.0714,0.436,13,1,3,0.333
1289802,8797,23362,44460,8,8,1,6,0.75,0.625,0.429,7,1,3,0.333
1190431,,501885,22455,8,5,0,3,0.6,0.6,0.429,7,1,3,0.333
1072124,343851,3151,16514,8,8,2,6,0.75,0.5,0.429,7,1,3,0.333
1136655,343851,3151,16514,8,8,2,6,0.75,0.5,0.429,7,1,3,0.333
1171846,15248,21174,33118,8,8,2,6,0.75,0.5,0.429,7,1,3,0.333
1146535,15248,21174,33118,8,8,2,6,0.75,0.5,0.429,7,1,3,0.333
1224791,279075,279074,45333,8,8,2,6,0.75,0.5,0.429,7,1,3,0.333
1224790,279075,279074,45333,8,8,2,6,0.75,0.5,0.429,7,1,3,0.333
1097104,405755,501885,22455,8,5,1,3,0.6,0.4,0.429,7,1,3,0.333
1027006,100451,100449,5471,15,15,3,6,0.4,0.2,0.429,14,1,3,0.333
1020525,100451,100449,5471,15,15,3,6,0.4,0.2,0.429,14,1,3,0.333
1027007,100451,100449,5471,15,15,3,6,0.4,0.2,0.429,14,1,3,0.333
1286816,7495,7614,51296,16,16,3,5,0.3125,0.125,0.422,15,1,3,0.333
1286815,7495,7614,51296,16,16,3,5,0.3125,0.125,0.422,15,1,3,0.333
1297581,7495,7614,51296,16,16,3,5,0.3125,0.125,0.422,15,1,3,0.333
1281579,536483,521051,8555,24,19,1,7,0.3684,0.3158,0.42,23,1,3,0.333
1005975,13019,13149,885,24,24,4,8,0.3333,0.1667,0.42,23,1,3,0.333
1006289,13019,13149,885,24,24,4,8,0.3333,0.1667,0.42,23,1,3,0.333
1006288,13019,13149,885,24,24,4,8,0.3333,0.1667,0.42,23,1,3,0.333
1005976,13019,13149,885,24,24,4,8,0.3333,0.1667,0.42,23,1,3,0.333
1119611,521055,521051,8555,24,19,4,7,0.3684,0.1579,0.42,23,1,3,0.333
1119594,521055,521051,8555,24,19,4,7,0.3684,0.1579,0.42,23,1,3,0.333
1138677,521055,521051,8555,24,19,4,7,0.3684,0.1579,0.42,23,1,3,0.333
1069782,154878,144329,14869,9,9,2,5,0.5556,0.3333,0.417,8,1,3,0.333
1133656,154878,144329,14869,9,9,2,5,0.5556,0.3333,0.417,8,1,3,0.333
1132152,259517,259844,29864,9,9,2,4,0.4444,0.2222,0.417,8,1,3,0.333
1133001,259517,259844,29864,9,9,2,4,0.4444,0.2222,0.417,8,1,3,0.333
1309900,220,161,30529,17,16,3,4,0.25,0.0625,0.417,16,1,3,0.333
1302944,220,161,30529,17,16,3,4,0.25,0.0625,0.417,16,1,3,0.333
1309899,220,161,30529,17,16,3,4,0.25,0.0625,0.417,16,1,3,0.333
1188600,2639,2571,15894,17,17,5,5,0.2941,0.0,0.417,16,1,3,0.333
1188599,2639,2571,15894,17,17,5,5,0.2941,0.0,0.417,16,1,3,0.333
1188434,2639,2571,15894,17,17,5,5,0.2941,0.0,0.417,16,1,3,0.333
1300666,7019,6997,30498,18,18,3,6,0.3333,0.1667,0.412,17,1,3,0.333
1300669,7019,6997,30498,18,18,3,6,0.3333,0.1667,0.412,17,1,3,0.333
1285265,7019,6997,30498,18,18,3,6,0.3333,0.1667,0.412,17,1,3,0.333
1004931,80605,80608,1601,27,27,4,10,0.3704,0.2222,0.41,26,1,3,0.333
1004933,80605,80608,1601,27,27,4,10,0.3704,0.2222,0.41,26,1,3,0.333
1004910,80605,80608,1601,27,27,4,10,0.3704,0.2222,0.41,26,1,3,0.333
1004717,80605,80608,1601,27,27,4,10,0.3704,0.2222,0.41,26,1,3,0.333
1136237,24826,12048,15045,10,10,1,8,0.8,0.7,0.407,9,1,3,0.333
1065818,24894,12048,15045,10,10,1,8,0.8,0.7,0.407,9,1,3,0.333
1126493,390796,2286,28215,10,10,2,5,0.5,0.3,0.407,9,1,3,0.333
1126522,390796,2286,28215,10,10,2,5,0.5,0.3,0.407,9,1,3,0.333
1011971,11711,12285,3703,19,19,3,5,0.2632,0.1053,0.407,18,1,3,0.333
1174852,11711,12285,3703,19,19,3,5,0.2632,0.1053,0.407,18,1,3,0.333
1176572,11711,12285,3703,19,19,3,5,0.2632,0.1053,0.407,18,1,3,0.333
1304688,250,191,30520,10,10,2,3,0.3,0.1,0.407,9,1,3,0.333
1304699,168956,191,30520,10,10,2,3,0.3,0.1,0.407,9,1,3,0.333
1304698,168956,191,30520,10,10,2,3,0.3,0.1,0.407,9,1,3,0.333
1304772,250,191,30520,10,10,2,3,0.3,0.1,0.407,9,1,3,0.333
1138149,384796,384797,4359,11,11,2,9,0.8182,0.6364,0.4,10,1,3,0.333
1011308,23785,9533,3348,11,11,2,5,0.4545,0.2727,0.4,10,1,3,0.333
1198915,23785,9533,3348,11,11,2,5,0.4545,0.2727,0.4,10,1,3,0.333
1180647,16573,16531,38950,11,11,2,4,0.3636,0.1818,0.4,10,1,3,0.333
1180644,16573,16531,38950,11,11,2,4,0.3636,0.1818,0.4,10,1,3,0.333
1227403,9554,9552,41929,21,21,3,5,0.2381,0.0952,0.4,20,1,3,0.333
1199783,9554,9552,41929,21,21,3,5,0.2381,0.0952,0.4,20,1,3,0.333
1201597,9554,9552,41929,21,21,3,5,0.2381,0.0952,0.4,20,1,3,0.333
1133375,22501,6905,22818,11,11,5,6,0.5455,0.0909,0.4,10,1,3,0.333
1097665,22501,6905,22818,11,11,5,6,0.5455,0.0909,0.4,10,1,3,0.333
1306098,22965,22914,50402,12,12,2,5,0.4167,0.25,0.394,11,1,3,0.333
1280788,22965,22914,50402,12,12,2,5,0.4167,0.25,0.394,11,1,3,0.333
1269649,24159,24055,26635,23,23,3,6,0.2609,0.1304,0.394,22,1,3,0.333
1289540,24159,24055,26635,23,23,3,6,0.2609,0.1304,0.394,22,1,3,0.333
1269648,24159,24055,26635,23,23,3,6,0.2609,0.1304,0.394,22,1,3,0.333
1301535,175,165,13871,12,12,3,3,0.25,0.0,0.394,11,1,3,0.333
1304761,175,165,13871,12,12,3,3,0.25,0.0,0.394,11,1,3,0.333
1152483,1589,1452,20757,24,24,1,6,0.25,0.2083,0.391,23,1,3,0.333
1114189,1626,1452,20757,24,24,1,6,0.25,0.2083,0.391,23,1,3,0.333
1153089,1628,1452,20757,24,24,1,6,0.25,0.2083,0.391,23,1,3,0.333
1188744,16091,16075,16861,47,47,5,6,0.1277,0.0213,0.391,46,1,3,0.333
1188792,16091,16075,16861,47,47,5,6,0.1277,0.0213,0.391,46,1,3,0.333
1223682,16091,16075,16861,47,47,5,6,0.1277,0.0213,0.391,46,1,3,0.333
1073199,16091,16075,16861,47,47,5,6,0.1277,0.0213,0.391,46,1,3,0.333
1188790,16091,16075,16861,47,47,5,6,0.1277,0.0213,0.391,46,1,3,0.333
1044553,6726,6598,7390,13,13,2,7,0.5385,0.3846,0.389,12,1,3,0.333
1028081,6726,6598,7390,13,13,2,7,0.5385,0.3846,0.389,12,1,3,0.333
1174496,4988,21733,36484,13,13,2,4,0.3077,0.1538,0.389,12,1,3,0.333
1203212,4988,21733,36484,13,13,2,4,0.3077,0.1538,0.389,12,1,3,0.333
1300824,233,196,30528,26,26,3,5,0.1923,0.0769,0.387,25,1,3,0.333
1304909,233,196,30528,26,26,3,5,0.1923,0.0769,0.387,25,1,3,0.333
1304912,233,196,30528,26,26,3,5,0.1923,0.0769,0.387,25,1,3,0.333
1117095,19415,19366,21353,15,15,2,8,0.5333,0.4,0.381,14,1,3,0.333
1092274,19415,19366,21353,15,15,2,8,0.5333,0.4,0.381,14,1,3,0.333
1223088,12137,12072,39213,16,16,3,3,0.1875,0.0,0.378,15,1,3,0.333
1221965,12137,12072,39213,16,16,3,3,0.1875,0.0,0.378,15,1,3,0.333
1180908,84765,2571,15894,17,17,2,5,0.2941,0.1765,0.375,16,1,3,0.333
1132694,84765,2571,15894,17,17,2,5,0.2941,0.1765,0.375,16,1,3,0.333
1308800,177,161,30529,17,16,3,4,0.25,0.0625,0.375,16,1,3,0.333
1302034,177,161,30529,17,16,3,4,0.25,0.0625,0.375,16,1,3,0.333
1219562,4113,4086,4969,17,17,4,5,0.2941,0.0588,0.375,16,1,3,0.333
1014960,4113,4086,4969,17,17,4,5,0.2941,0.0588,0.375,16,1,3,0.333
1206559,2639,2571,15894,17,17,5,5,0.2941,0.0,0.375,16,1,3,0.333
1188435,2639,2571,15894,17,17,5,5,0.2941,0.0,0.375,16,1,3,0.333
1225050,8986,8774,22204,34,34,3,4,0.1176,0.0294,0.374,33,1,3,0.333
1267844,8986,8774,22204,34,34,3,4,0.1176,0.0294,0.374,33,1,3,0.333
1267901,8986,8774,22204,34,34,3,4,0.1176,0.0294,0.374,33,1,3,0.333
1299737,17182,17159,29052,18,18,2,3,0.1667,0.0556,0.373,17,1,3,0.333
1298473,17182,17159,29052,18,18,2,3,0.1667,0.0556,0.373,17,1,3,0.333
1188271,18972,18870,39510,18,18,6,7,0.3889,0.0556,0.373,17,1,3,0.333
1186442,18972,18870,39510,18,18,6,7,0.3889,0.0556,0.373,17,1,3,0.333
1209768,10284,24172,31360,19,19,2,6,0.3158,0.2105,0.37,18,1,3,0.333
1209767,10284,24172,31360,19,19,2,6,0.3158,0.2105,0.37,18,1,3,0.333
1272256,7701,7651,29563,28,28,3,5,0.1786,0.0714,0.37,27,1,3,0.333
1272255,7701,7651,29563,28,28,3,5,0.1786,0.0714,0.37,27,1,3,0.333
1073508,265282,265281,12349,20,20,6,6,0.3,0.0,0.368,19,1,3,0.333
1097921,265282,265281,12349,20,20,6,6,0.3,0.0,0.368,19,1,3,0.333
1009442,390898,390901,2914,21,19,2,17,0.8947,0.7895,0.367,20,1,3,0.333
1010005,390898,390901,2914,21,19,2,17,0.8947,0.7895,0.367,20,1,3,0.333
1301429,100,196,30528,26,26,2,5,0.1923,0.1154,0.36,25,1,3,0.333
1304374,100,196,30528,26,26,2,5,0.1923,0.1154,0.36,25,1,3,0.333
1300074,7475,7651,29563,28,28,2,5,0.1786,0.1071,0.358,27,1,3,0.333
1131053,7475,7651,29563,28,28,2,5,0.1786,0.1071,0.358,27,1,3,0.333
1305820,7701,7651,29563,28,28,3,5,0.1786,0.0714,0.358,27,1,3,0.333
1134789,23392,8774,22204,34,34,2,4,0.1176,0.0588,0.354,33,1,3,0.333
1267549,23582,8774,22204,34,34,2,4,0.1176,0.0588,0.354,33,1,3,0.333
1136024,23392,8774,22204,34,34,2,4,0.1176,0.0588,0.354,33,1,3,0.333
1267548,23582,8774,22204,34,34,2,4,0.1176,0.0588,0.354,33,1,3,0.333
1181097,16277,16075,16861,47,47,2,6,0.1277,0.0851,0.348,46,1,3,0.333
1181098,16277,16075,16861,47,47,2,6,0.1277,0.0851,0.348,46,1,3,0.333
1021667,,23778,757,14,6,0,6,1.0,1.0,0.333,13,1,3,0.333
1202842,,473134,40569,2,1,0,1,1.0,1.0,0.333,1,1,3,0.333
1072337,23939,9981,1951,14,14,1,13,0.9286,0.8571,0.333,13,1,3,0.333
1034941,263366,263367,9222,9,9,1,8,0.8889,0.7778,0.333,8,1,3,0.333
1022879,303360,303359,3234,8,8,1,7,0.875,0.75,0.333,7,1,3,0.333
1022122,24016,23968,6041,8,8,1,7,0.875,0.75,0.333,7,1,3,0.333
1096730,11533,11522,22591,8,8,1,7,0.875,0.75,0.333,7,1,3,0.333
1013052,5451,5454,4040,7,7,1,6,0.8571,0.7143,0.333,6,1,3,0.333
1046418,7109,7110,7419,7,7,1,6,0.8571,0.7143,0.333,6,1,3,0.333
1067803,5233,5245,15486,7,7,1,6,0.8571,0.7143,0.333,6,1,3,0.333
1090368,14451,14477,19217,7,7,1,6,0.8571,0.7143,0.333,6,1,3,0.333
1106048,4402,4379,19236,7,7,1,6,0.8571,0.7143,0.333,6,1,3,0.333
1094487,16897,16869,21988,7,7,1,6,0.8571,0.7143,0.333,6,1,3,0.333
1115582,17444,17445,24572,7,7,1,6,0.8571,0.7143,0.333,6,1,3,0.333
1133706,14818,20795,30625,7,7,1,6,0.8571,0.7143,0.333,6,1,3,0.333
1045718,375116,375117,11491,12,12,2,10,0.8333,0.6667,0.333,11,1,3,0.333
1012845,156478,22025,3888,6,6,1,5,0.8333,0.6667,0.333,5,1,3,0.333
1282689,19464,19512,22199,6,6,1,5,0.8333,0.6667,0.333,5,1,3,0.333
1207021,25476,25470,22770,6,6,1,5,0.8333,0.6667,0.333,5,1,3,0.333
1205537,12286,12312,27681,6,6,1,5,0.8333,0.6667,0.333,5,1,3,0.333
1136195,375934,1994,28025,6,6,1,5,0.8333,0.6667,0.333,5,1,3,0.333
1149054,370332,370333,32642,10,10,2,8,0.8,0.6,0.333,9,1,3,0.333
1302300,7034,7074,52938,5,5,1,4,0.8,0.6,0.333,4,1,3,0.333
1176068,449179,20994,31918,7,7,1,5,0.7143,0.5714,0.333,6,1,3,0.333
1224523,27072,27080,45315,7,7,1,5,0.7143,0.5714,0.333,6,1,3,0.333
1299280,4769,4768,9635,13,12,3,9,0.75,0.5,0.333,12,1,3,0.333
1128958,19212,19213,21331,8,8,2,6,0.75,0.5,0.333,7,1,3,0.333
1153063,3355,328635,26873,8,8,1,5,0.625,0.5,0.333,7,1,3,0.333
1288561,188484,188480,22269,6,6,1,4,0.6667,0.5,0.333,5,1,3,0.333
1132288,344625,344620,3427,4,4,1,3,0.75,0.5,0.333,3,1,3,0.333
1015399,376635,23529,5099,4,4,1,3,0.75,0.5,0.333,3,1,3,0.333
1137994,25698,25699,31850,4,4,1,3,0.75,0.5,0.333,3,1,3,0.333
1297602,7719,7766,51856,4,4,1,3,0.75,0.5,0.333,3,1,3,0.333
1265541,14421,444268,2372,11,11,2,7,0.6364,0.4545,0.333,10,1,3,0.333
1186782,264955,3512,16802,9,9,1,5,0.5556,0.4444,0.333,8,1,3,0.333
1003727,19678,19680,1272,7,7,2,5,0.7143,0.4286,0.333,6,1,3,0.333
1196843,10729,10711,41022,7,7,2,5,0.7143,0.4286,0.333,6,1,3,0.333
1096184,453948,501885,22455,8,5,1,3,0.6,0.4,0.333,7,1,3,0.333
1163445,376028,13630,27269,5,5,1,3,0.6,0.4,0.333,4,1,3,0.333
1007737,30364,24062,2064,8,8,2,5,0.625,0.375,0.333,7,1,3,0.333
1123576,13440,13468,27505,35,35,11,24,0.6857,0.3714,0.333,34,1,3,0.333
1123279,13440,13468,27505,35,35,11,24,0.6857,0.3714,0.333,34,1,3,0.333
1166075,21320,21309,36040,6,6,2,4,0.6667,0.3333,0.333,5,1,3,0.333
1310602,8735,8816,47419,6,6,2,4,0.6667,0.3333,0.333,5,1,3,0.333
1240142,506636,506637,22507,3,3,1,2,0.6667,0.3333,0.333,2,1,3,0.333
1143818,18827,5108,24991,3,3,1,2,0.6667,0.3333,0.333,2,1,3,0.333
1209344,1596,1675,43437,3,3,1,2,0.6667,0.3333,0.333,2,1,3,0.333
1221960,12274,12345,45037,3,3,1,2,0.6667,0.3333,0.333,2,1,3,0.333
1282349,136642,283540,50837,3,3,1,2,0.6667,0.3333,0.333,2,1,3,0.333
1288879,18530,18507,51652,3,3,1,2,0.6667,0.3333,0.333,2,1,3,0.333
1305001,22663,7149,28962,7,7,1,3,0.4286,0.2857,0.333,6,1,3,0.333
1175586,12251,12364,29769,7,7,2,4,0.5714,0.2857,0.333,6,1,3,0.333
1196277,10875,10724,37129,7,7,1,3,0.4286,0.2857,0.333,6,1,3,0.333
1210890,1138,1115,30190,18,18,3,8,0.4444,0.2778,0.333,17,1,3,0.333
1146489,15300,26065,29786,11,11,1,4,0.3636,0.2727,0.333,10,1,3,0.333
1307557,8344,8318,49929,11,11,4,7,0.6364,0.2727,0.333,10,1,3,0.333
1225104,9680,9862,29745,8,8,1,3,0.375,0.25,0.333,7,1,3,0.333
1304914,260,239,30497,8,8,1,3,0.375,0.25,0.333,7,1,3,0.333
1304911,271,239,30497,8,8,1,3,0.375,0.25,0.333,7,1,3,0.333
1001439,30689,30695,501,4,4,1,2,0.5,0.25,0.333,3,1,3,0.333
1088813,15051,375453,20187,4,4,1,2,0.5,0.25,0.333,3,1,3,0.333
1180790,26604,26602,39089,4,4,1,2,0.5,0.25,0.333,3,1,3,0.333
1190308,4077,4086,4969,17,17,1,5,0.2941,0.2353,0.333,16,1,3,0.333
1180267,257600,257599,38893,17,17,2,6,0.3529,0.2353,0.333,16,1,3,0.333
1273905,24961,24888,22419,13,13,1,4,0.3077,0.2308,0.333,12,1,3,0.333
1095691,126381,6927,22339,22,22,1,6,0.2727,0.2273,0.333,21,1,3,0.333
1169731,13578,43484,3886,9,9,1,3,0.3333,0.2222,0.333,8,1,3,0.333
1169730,13674,43484,3886,9,9,1,3,0.3333,0.2222,0.333,8,1,3,0.333
1217547,582,555,28735,10,10,2,4,0.4,0.2,0.333,9,1,3,0.333
1229576,582,555,28735,10,10,2,4,0.4,0.2,0.333,9,1,3,0.333
1174026,4457,4459,91,5,5,1,2,0.4,0.2,0.333,4,1,3,0.333
1300897,108,161,30529,17,16,1,4,0.25,0.1875,0.333,16,1,3,0.333
1266350,25070,25088,31598,12,12,5,7,0.5833,0.1667,0.333,11,1,3,0.333
1090549,3568,21375,2912,6,6,1,2,0.3333,0.1667,0.333,5,1,3,0.333
1311939,521055,521051,8555,24,19,4,7,0.3684,0.1579,0.333,23,1,3,0.333
1180557,2576,2574,38159,13,13,5,7,0.5385,0.1538,0.333,12,1,3,0.333
1133166,260801,260165,30004,14,14,1,3,0.2143,0.1429,0.333,13,1,3,0.333
1003550,7892,22915,1201,7,7,3,4,0.5714,0.1429,0.333,6,1,3,0.333
1004495,8540,23201,1532,7,7,3,4,0.5714,0.1429,0.333,6,1,3,0.333
1186336,4249,26437,12367,7,7,1,2,0.2857,0.1429,0.333,6,1,3,0.333
1089640,14438,14470,18294,7,7,3,4,0.5714,0.1429,0.333,6,1,3,0.333
1081471,14131,14104,18703,7,7,3,4,0.5714,0.1429,0.333,6,1,3,0.333
1113929,26850,17737,24730,7,7,3,4,0.5714,0.1429,0.333,6,1,3,0.333
1277049,25667,25668,31705,7,7,3,4,0.5714,0.1429,0.333,6,1,3,0.333
1280448,7974,22954,50312,7,7,3,4,0.5714,0.1429,0.333,6,1,3,0.333
1152968,3952,376994,26889,8,8,1,2,0.25,0.125,0.333,7,1,3,0.333
1059443,11888,12285,3703,19,19,3,5,0.2632,0.1053,0.333,18,1,3,0.333
1126732,1737,13752,28343,21,21,1,3,0.1429,0.0952,0.333,20,1,3,0.333
1302035,177,161,30529,17,16,3,4,0.25,0.0625,0.333,16,1,3,0.333
1045737,22476,6871,8187,17,17,7,8,0.4706,0.0588,0.333,16,1,3,0.333
1273576,25119,25122,47210,19,19,9,10,0.5263,0.0526,0.333,18,1,3,0.333
1222494,25082,12607,42249,23,23,1,2,0.087,0.0435,0.333,22,1,3,0.333
1171040,1686,20204,27003,24,24,8,9,0.375,0.0417,0.333,23,1,3,0.333
1286744,7321,7329,48553,25,25,4,5,0.2,0.04,0.333,24,1,3,0.333
1201170,12679,12607,42249,23,23,2,2,0.087,0.0,0.333,22,1,3,0.333
1276721,8030,8010,49252,8,8,4,4,0.5,0.0,0.333,7,1,3,0.333
1304750,8075,8033,49908,8,8,4,4,0.5,0.0,0.333,7,1,3,0.333
1110456,15013,14822,25141,5,5,2,2,0.4,0.0,0.333,4,1,3,0.333
1107849,189436,3208,16631,4,4,1,1,0.25,0.0,0.333,3,1,3,0.333
1221921,25532,20261,37334,4,4,1,1,0.25,0.0,0.333,3,1,3,0.333
1221923,20289,20261,37334,4,4,1,1,0.25,0.0,0.333,3,1,3,0.333
1277317,4983,4982,32053,3,3,1,1,0.3333,0.0,0.333,2,1,3,0.333
1150009,383451,3589,33742,3,3,1,1,0.3333,0.0,0.333,2,1,3,0.333
1187148,3613,3589,33742,3,3,1,1,0.3333,0.0,0.333,2,1,3,0.333
1002313,89569,523,825,2,2,1,1,0.5,0.0,0.333,1,1,3,0.333
1071156,337595,19062,16346,2,2,1,1,0.5,0.0,0.333,1,1,3,0.333
1247647,376043,365067,30131,2,2,1,1,0.5,0.0,0.333,1,1,3,0.333
1132946,9540,9519,30228,2,2,1,1,0.5,0.0,0.333,1,1,3,0.333
1133589,267839,259524,30562,2,2,1,1,0.5,0.0,0.333,1,1,3,0.333
1164260,344523,26112,33949,2,2,1,1,0.5,0.0,0.333,1,1,3,0.333
1285314,20421,2023,45313,2,2,1,1,0.5,0.0,0.333,1,1,3,0.333
1299852,384187,18244,51158,2,2,1,1,0.5,0.0,0.333,1,1,3,0.333
