BADGE,BADGE_ADDRESS,BADGE_CITY,MODEL_BADGE_LAT,MODEL_BADGE_LON,GIS_BADGE_LAT,GIS_BADGE_LON,MODEL_VS_GIS_LATLON_DISTANCE_M
1000785,455 ROCK CREEK CANYON RD,COLO SPGS,39.025484,-104.82518,38.70409674,-104.8342836,35745.3
1281513,"24100 GOLD CAMP RD, MTR 6",GN MTN FLS,38.918315,-104.652058,38.78934877,-105.0156959,34600.1
1001986,8435 COMMANCHE RD,,38.962763,-104.756167,38.7098228,-104.8267694,28782.8
1035890,"10685 HONDO AVE, PUMP STATION",GN MTN FLS,38.844287,-104.728109,38.9345173,-105.0179035,27013.9
1135991,"1575 S MURRAY BLVD, HSEMTR",COLO SPGS,38.927941,-105.00008,38.81060454,-104.7478955,25434.1
1219757,"13617 FROST BITTEN GRV, HSEMTR",COLO SPGS,38.809067,-104.779481,39.03025936,-104.7807608,24595.7
1073322,1065 ROCK CREEK CANYON RD,COLO SPGS,38.907369,-104.848628,38.70874746,-104.8475629,22085.9
1036845,9743 FEDERAL DR,COLO SPGS,38.7981,-104.802542,38.98958086,-104.8040876,21292.1
1066542,10660 WHITE DIAMOND PT,COLO SPGS,38.79865,-104.811,38.98470736,-104.795925,20729.7
1095652,230 E BROOKSIDE ST,COLO SPGS,38.980951,-104.718925,38.81289712,-104.8209879,20669.0
1000795,8040 W US HIGHWAY 24,,38.962594,-104.756474,38.89630943,-104.9703803,19917.0
1246083,2731 NORTH GATE BLVD,COLO SPGS,38.85353,-104.766685,39.02707903,-104.780685,19335.7
1127228,"3685 VERDE DR, ELEC",COLO SPGS,38.977788,-104.710689,38.81085487,-104.7605516,19057.1
1096993,897 PAGET PT APT 103,COLO SPGS,38.946522,-104.715473,38.8092794,-104.8443322,18902.7
1075314,"1203 EVERGREEN DR, BROADBAND",COLO SPGS,38.915167,-104.656824,38.76004176,-104.734669,18520.0
1281184,9 MARLAND RD,COLO SPGS,38.93666,-104.752312,38.7864032,-104.8368696,18241.5
1133393,,,38.841019,-104.854873,38.9904836,-104.7852123,17678.7
1059721,"6415 TEMPLETON GAP DL, TEMP",COLO SPGS,38.798892,-104.845736,38.92575742,-104.7229875,17662.2
1166258,624 E MONUMENT ST,COLO SPGS,38.978148,-104.708793,38.84336697,-104.8139379,17532.1
1277413,"134 MANITOU AVE, B",MANITOU,38.765986,-104.736208,38.85864038,-104.8945408,17156.4
1133689,,,38.760997,-104.70978,38.81955337,-104.8924289,17117.0
1285307,1126 NORWOOD AVE,COLO SPGS,38.93971,-104.744335,38.79977519,-104.8082485,16514.6
1044086,"1330 W KIOWA ST, HSEMTR2",COLO SPGS,38.947246,-104.71566,38.8399134,-104.8450471,16365.5
1055013,7901 WOODMEN CENTER HTS,COLO SPGS,39.025484,-104.82518,38.94143411,-104.6790115,15715.1
1043716,321 S EL PASO ST,COLO SPGS,38.946943,-104.715666,38.82850844,-104.8129915,15633.0
1111678,1215 SORRENTO DR,COLO SPGS,38.919106,-104.652467,38.81365366,-104.7675278,15386.0
1000615,10410 S STATE HIGHWAY 115 LOT 25,,38.784781,-104.73481,38.67898932,-104.8488281,15368.6
1030513,"9246 GRAND CORDERA PKWY, CLUBHOUSE",COLO SPGS,38.851009,-104.834033,38.9647082,-104.7355703,15245.5
1312540,2775 ROSSMERE ST,COLO SPGS,38.907507,-104.711768,38.92052233,-104.8803573,14657.9
1013057,,,38.847777,-104.759903,38.74350605,-104.8627941,14626.7
1152875,823 E MORENO AVE,COLO SPGS,38.94358,-104.759145,38.82475947,-104.8096948,13917.9
1143826,3115 GLENARM RD LOT 17,COLO SPGS,38.87132,-104.850097,38.7713113,-104.767082,13243.4
1084087,"701 MANITOU AVE, LIBRARY",MANITOU,38.769592,-104.818236,38.85660422,-104.9146955,12785.1
1074774,"235 MAIN ST, TRF SG",COLO SPGS,38.865999,-104.766057,38.75264671,-104.7420114,12775.2
1027232,"7405 INTRUDER VW, CONST TRLR",COLO SPGS,38.826474,-104.733209,38.93826851,-104.7209801,12476.0
1132721,"24100 GOLD CAMP RD, MTR 5",COLO SPGS,38.733129,-104.960145,38.84200578,-104.9751486,12176.2
1137858,"7696 DESERT WRANGLER DR, CONST TRLR",COLO SPGS,38.911784,-104.792212,38.94347383,-104.6585838,12084.4
1136230,1234 KNULL DR,COLO SPGS,38.873939,-105.073156,38.77937076,-105.0092684,11883.0
1136169,"1232 KNULL DR, STORAGE GARAGE",COLO SPGS,38.87362,-105.074218,38.78133275,-105.0083733,11740.5
1164675,2840 S CIRCLE DR LOT 245,COLO SPGS,38.901511,-104.764992,38.79929576,-104.7923376,11609.9
1015441,3355 BROADMOOR VALLEY RD,COLO SPGS,38.838327,-104.712652,38.78462928,-104.826946,11563.7
1054068,"8546 N POWERS BLVD, CONST TRLR",COLO SPGS,39.025484,-104.82518,38.9551498,-104.726784,11553.5
1030695,4615 RAMBLEWOOD DR,COLO SPGS,38.854221,-104.808915,38.94268082,-104.7436749,11341.4
1001432,"8350 CHIPITA PARK RD, RESI",CASCADE,38.863276,-104.861264,38.90906172,-104.9751904,11097.5
1090429,875 VAPOR TRL,COLO SPGS,38.844399,-104.847521,38.82057616,-104.7236105,11055.1
1183722,608 N NEVADA AVE APT 6-KIT,COLO SPGS,38.762773,-104.747585,38.84275141,-104.8216365,10966.6
1102158,1913 AEROTECH DR,COLO SPGS,38.899206,-104.77249,38.80531546,-104.7347259,10940.3
1275710,"6715 CENTURY CREST PT, HSEMTR",COLO SPGS,38.833173,-104.792064,38.93056828,-104.8046023,10884.1
1020798,355 MARLAND RD S,COLO SPGS,38.869932,-104.829128,38.77462007,-104.8534942,10806.4
1142917,"2485 BRAVERY HTS, HSEMTR",COLO SPGS,38.889105,-104.732152,38.86736466,-104.8438718,9968.4
1281061,"8 LAKE AVE, ELEC2",COLO SPGS,38.766096,-104.736698,38.79252505,-104.8464365,9956.1
1142400,7704 MILTON E PROBY PKWY,COLO SPGS,38.847215,-104.791168,38.78961011,-104.703213,9954.6
1007953,64 CHEYENNE MOUNTAIN BLVD,COLO SPGS,38.871467,-104.861527,38.78379249,-104.8440071,9866.4
1013016,"3997 RADIANT DR, CELL POLE",COLO SPGS,38.929091,-104.675714,38.86795214,-104.7546063,9634.7
1112173,"2510 ARLINGTON DR, HSEMTR",COLO SPGS,38.87995,-104.711202,38.81114681,-104.7785931,9622.5
1132678,1234 KNULL DR,COLO SPGS,38.873939,-105.073156,38.8417627,-104.9743265,9275.3
1030512,"9276 GRAND CORDERA PKWY, HSEMTR",COLO SPGS,38.9005,-104.674039,38.96526704,-104.735852,8969.5
1028817,3855 TUTT BLVD,COLO SPGS,38.968926,-104.711103,38.88827258,-104.7127201,8969.3
1014062,"1617 FOUNTAIN GREEN PT, HSEMTR",COLO SPGS,38.759925,-104.81557,38.80850889,-104.7347922,8843.5
1014074,9452 BRODHEAD ST,COLO SPGS,38.978983,-104.715048,38.91616225,-104.6530761,8804.4
1121136,"496 CARDIFF CIR, CELL POLE",COLO SPGS,38.830562,-104.772113,38.7615881,-104.8208942,8757.5
1132767,"2826 CONSTITUTION AVE, PHONE EQUIP",COLO SPGS,38.801381,-104.835132,38.85943002,-104.7755445,8264.7
1012903,"3727 BLOOMINGTON ST, COMTWR",COLO SPGS,38.960192,-104.703867,38.88656955,-104.7160615,8254.1
1265555,1007 WYNKOOP DR,COLO SPGS,38.843528,-104.859873,38.84752004,-104.7652305,8208.3
1228733,5370 TOPAZ DR,COLO SPGS,38.882783,-104.838881,38.90975492,-104.7520082,8094.2
1012910,"7045 N CAREFREE CIR, CELLSITE",COLO SPGS,38.830209,-104.756815,38.88547475,-104.6969059,8042.0
1026042,2415 NEW LIFE DR,COLO SPGS,38.945798,-104.716102,38.99301847,-104.7836425,7852.6
1114527,"3199 TEARDROP CIR, BROADBAND",COLO SPGS,38.883612,-104.823355,38.87762401,-104.7330966,7841.1
1111015,1095 WESTERN DR LOT 182,COLO SPGS,38.864515,-104.781249,38.84897171,-104.6937711,7769.3
1209502,5000 NORTHPARK DR,COLO SPGS,38.842933,-104.84157,38.90495888,-104.8257933,7030.9
1126975,1530 MESA RD,COLO SPGS,38.792863,-104.853944,38.85343821,-104.8453431,6776.7
1082158,770 CANA GRV UNIT 101,COLO SPGS,38.868048,-104.791712,38.81748189,-104.75053,6658.5
1005925,"1922 E PLATTE AVE, CARLOT",COLO SPGS,38.798659,-104.850455,38.83741729,-104.792113,6642.5
1132499,"1106 ACADEMY PARK LOOP, CELL POLE",COLO SPGS,38.874658,-104.761092,38.81651236,-104.754069,6494.0
1120605,"5450 PIKES PEAK HWY, GLEN COVE",COLO SPGS,38.921071,-105.026518,38.87566233,-105.0727942,6444.5
1145044,3131 GREENWAY CREEK VW,COLO SPGS,38.917715,-104.662725,38.87563401,-104.7135727,6423.3
1099390,1905 N ACADEMY BLVD UNIT C103,COLO SPGS,38.883877,-104.82424,38.86079722,-104.7564922,6401.9
1005811,5 MIRADA RD,COLO SPGS,38.809067,-104.779481,38.78609898,-104.8450269,6228.0
1187143,702 S NEVADA AVE,COLO SPGS,38.824653,-104.750878,38.82426001,-104.822605,6213.8
1063373,2520 E MONUMENT ST UNIT 101,COLO SPGS,38.801141,-104.735413,38.84262299,-104.7816462,6108.9
1248323,"5448 PIKES PEAK HWY, LIGHTS",GN MTN FLS,38.875165,-105.074138,38.92157685,-105.0379397,6037.1
1127938,5446 PIKES PEAK HWY,GN MTN FLS,38.875165,-105.074138,38.9215494,-105.0379399,6034.5
1311029,6626 OLD STAGE RD,COLO SPGS,38.779619,-104.871128,38.7320055,-104.896668,5738.9
1282841,4 CANON AVE,MANITOU,38.833262,-104.85823,38.85769177,-104.9160211,5694.6
1137861,"8099 CARMELA GRV, HSEMTR",COLO SPGS,38.979579,-104.71668,38.94126081,-104.6770618,5467.0
1305436,3295 ANTENNA SITE RD,COLO SPGS,38.776838,-104.872893,38.73078262,-104.8939546,5437.0
1128456,3812 TRANSMITTER LN,COLO SPGS,38.776767,-104.87241,38.72964779,-104.887529,5401.0
1135988,,,38.904583,-104.790993,38.88585946,-104.8482078,5371.4
1305435,3270 ANTENNA SITE RD,COLO SPGS,38.776814,-104.872637,38.73116316,-104.8915525,5334.6
1163440,"6731 DUBLIN LOOP W, HSEMTR",COLO SPGS,38.948783,-104.736114,38.92942225,-104.7922354,5309.9
1135990,"7130 ADELO PT, HSEMTR",COLO SPGS,38.980513,-104.719919,38.93650585,-104.7143633,4916.9
1187232,1422 W VERMIJO AVE,COLO SPGS,38.805422,-104.810607,38.83691542,-104.8494153,4854.6
1132725,"14020 RAY NIXON RD, RR CONTROL BLDG",FOUNTAIN,38.633261,-104.70623,38.60093704,-104.6753175,4486.8
1132755,"4605 INTERSTATE 25, VMS FORT CARSON MM 134",COLO SPGS,38.731659,-104.738024,38.76200956,-104.7712238,4436.1
1306438,6255 OLD STAGE RD,COLO SPGS,38.778758,-104.870062,38.74311414,-104.891477,4376.8
1000526,217 S WEBER ST APT 9,,38.865583,-104.837926,38.82971874,-104.8195143,4294.9
1288301,6075 OLD STAGE RD,COLO SPGS,38.779004,-104.870344,38.74413667,-104.89152,4289.9
1311828,6055 OLD STAGE RD,COLO SPGS,38.77905,-104.870571,38.74365358,-104.8893852,4260.6
1288300,6025 OLD STAGE RD,COLO SPGS,38.778849,-104.870345,38.74445487,-104.8913104,4234.5
1311827,6045 OLD STAGE RD,COLO SPGS,38.779074,-104.870826,38.74465957,-104.8900264,4173.1
1067937,1978 MURRAY CREEK PT UNIT 101,COLO SPGS,38.803283,-104.803452,38.80406259,-104.7554857,4157.4
1280453,6085 OLD STAGE RD,COLO SPGS,38.778981,-104.87006,38.74554676,-104.8911729,4144.0
1133642,"335 VICTORIA ST, HSEMTR",COLO SPGS,38.855753,-104.833065,38.8212304,-104.8189219,4029.4
1288299,6035 OLD STAGE RD,COLO SPGS,38.778873,-104.870771,38.74679632,-104.8891698,3907.3
1032119,7894 DRENNAN RD,COLO SPGS,38.756071,-104.665581,38.78105043,-104.6965164,3861.1
1000553,217 S WEBER ST APT 4,,38.847353,-104.783493,38.82972082,-104.8198691,3710.8
1166229,920 N EL PASO ST,COLO SPGS,38.862242,-104.849981,38.84691498,-104.8132059,3611.8
1120607,3718 E LA SALLE ST,COLO SPGS,38.889688,-104.765913,38.85820442,-104.7597988,3540.6
1060917,415 S WEBER ST,COLO SPGS,38.833359,-104.85533,38.82739862,-104.8198627,3142.9
1001815,"5450 PIKES PEAK TOLL RD, PARK 3",COLO SPGS,38.932392,-105.054098,38.92102185,-105.0257878,2756.1
1251007,3505 SIMON PT,COLO SPGS,38.779248,-104.870171,38.76180336,-104.8913112,2668.6
1136205,"1122 KNULL RD, ANTENNA",CASCADE,38.815584,-104.992638,38.83617883,-104.9768535,2667.2
1216207,3505 SIMON PT,COLO SPGS,38.779248,-104.870171,38.76186053,-104.8913142,2664.2
1120632,2870 JANITELL RD,COLO SPGS,38.796836,-104.820594,38.79097084,-104.7908105,2662.3
1037179,8755 SCARBOROUGH DR,COLO SPGS,38.978713,-104.733024,38.9570014,-104.7383173,2457.2
1132744,"1502 W FILLMORE ST, TERMINAL",COLO SPGS,38.875133,-104.828453,38.87369782,-104.8556303,2358.1
1275406,3648 PARKMOOR VILLAGE DR,COLO SPGS,38.878609,-104.786656,38.8785211,-104.7600288,2304.9
1299157,3620 SIMON PT,COLO SPGS,38.779047,-104.871075,38.76572696,-104.8914324,2304.0
1091513,"2802 AVIATION WAY, #6",COLO SPGS,38.801813,-104.705051,38.820482,-104.7142823,2224.7
1311026,4710 OLD STAGE RD,COLO SPGS,38.779251,-104.870768,38.76375134,-104.88662,2204.3
1311785,3450 OLD STAGE RD,COLO SPGS,38.778979,-104.869776,38.77209712,-104.8906911,1968.0
1143094,"1198 KNULL RD, ANTENNA",CASCADE,38.826911,-104.977908,38.8144024,-104.9898791,1735.0
1091501,2802 AVIATION WAY BLDG 4,COLO SPGS,38.80252,-104.706621,38.79080996,-104.7176193,1613.7
1071059,"2525 CONCORD ST, HSEMTR",COLO SPGS,38.87903,-104.811756,38.86993888,-104.8240291,1466.5
1102161,"2691 MASON WAY, LIGHTS",COLO SPGS,38.805745,-104.731216,38.79287015,-104.7336916,1447.6
1198889,6228 GUNSHOT PASS DR,COLO SPGS,38.881206,-104.734958,38.87893836,-104.7205116,1275.7
1297821,6270 WATERFALL LOOP,MANITOU,38.822958,-104.925719,38.82794853,-104.9384402,1233.8
1155209,"7773 VALET RD, PKGOFC",COLO SPGS,38.792917,-104.703807,38.79758015,-104.6924949,1109.0
1269663,"3820 N 30TH ST, COTTAGE",COLO SPGS,38.895662,-104.882079,38.88735171,-104.8760178,1062.6
1082383,"14020 RAY NIXON RD, CATHDC",FOUNTAIN,38.633261,-104.70623,38.63320906,-104.6945986,1010.3
1168463,"11170 S STATE HIGHWAY 115, ELEC",COLO SPGS,38.673064,-104.854436,38.66722948,-104.8624829,953.4
1000679,10510 KEETON RANCH RD,COLO SPGS,38.681967,-104.852982,38.68577541,-104.8628098,952.4
1153400,"101 NORAD RD, HELICOPTER PAD",COLO SPGS,38.743514,-104.844768,38.73912304,-104.8355148,939.4
1000690,2190 KEETON RANCH RD,COLO SPGS,38.684049,-104.860498,38.68850398,-104.8689681,886.5
1091842,"7804 DRENNAN RD, TRLR",COLO SPGS,38.781445,-104.681819,38.78099364,-104.6920211,885.8
1002520,7825 GARDINER RD,CASCADE,38.905786,-104.973194,38.90014586,-104.9660383,881.3
1067767,"11015 INTERSTATE 25, VMS",COLO SPGS,38.974364,-104.806671,38.98145078,-104.8105287,855.7
1046996,"2802 AVIATION WAY, ELEC",COLO SPGS,38.805028,-104.697976,38.81024288,-104.7050503,843.8
1153138,"15002 RAY NIXON RD, PUMP",COLO SPGS,38.614321,-104.689412,38.60994084,-104.6816642,830.9
1302964,2120 SUMMERSET DR,COLO SPGS,38.945242,-104.78344,38.95154833,-104.7884726,825.3
1098898,"7264 MONTARBOR DR, TRF SG",COLO SPGS,38.925413,-104.765576,38.9262718,-104.7561138,824.1
1000687,,,38.682757,-104.854937,38.67657608,-104.8500821,806.2
1133325,"11255 STATE HIGHWAY 83, TRF SG",COLO SPGS,38.994387,-104.793014,38.9945766,-104.7837107,804.3
1000689,10550 S STATE HIGHWAY 115,COLO SPGS,38.682757,-104.854937,38.67660282,-104.8500825,803.7
1201749,"3350 PASEO RD, CAMPGROUND",COLO SPGS,38.876691,-104.775598,38.8799848,-104.7675816,784.6
1015421,"5450 PIKES PEAK HWY, PITS 2",COLO SPGS,38.921071,-105.026518,38.92260168,-105.0353219,780.4
1048653,10550 S STATE HIGHWAY 115,COLO SPGS,38.682757,-104.854937,38.67729347,-104.8498283,752.2
1000735,"730 ROCK CREEK CANYON RD, PAV",COLO SPGS,38.705468,-104.831015,38.70698174,-104.8389265,706.8
1206309,"220 MESA RD, POND",COLO SPGS,38.849368,-104.830274,38.84340216,-104.8284354,682.2
1298150,6250 WATERFALL LOOP,MANITOU,38.830903,-104.932158,38.82743693,-104.9381738,648.1
1039653,"7955 N MARKSHEFFEL RD, SPKG",COLO SPGS,38.942107,-104.678339,38.94786246,-104.6791665,644.0
1002309,6205 WELLINGTON RD,CASCADE,38.922606,-104.981773,38.92583089,-104.9757536,632.2
1005465,9330 MOUNTAIN RD,CASCADE,38.915351,-104.993039,38.91117216,-104.9881984,625.6
1007292,1000 FRENCH CREEK RD,CASCADE,38.883399,-104.959537,38.87917729,-104.9643062,625.1
1210214,"5510 N ACADEMY BLVD, LIGHTS",COLO SPGS,38.906796,-104.782641,38.91034697,-104.7879664,606.8
1090741,"4539 S POWERS BLVD, LLWAS SITE#8",COLO SPGS,38.766963,-104.704456,38.76644666,-104.6975,605.8
1002311,9555 CHIPITA PARK RD,CASCADE,38.922238,-104.994969,38.92460491,-105.0012482,603.6
1221687,3530 VAN TEYLINGEN DR APT A,COLO SPGS,38.877466,-104.762296,38.88284193,-104.7631418,602.2
1269664,"3820 N 30TH ST, E ROCK CAB",COLO SPGS,38.889588,-104.878087,38.8935207,-104.8826678,590.3
1011259,4261 PYRAMID MOUNTAIN RD,CASCADE,38.900197,-104.963164,38.90348574,-104.9578356,588.5
1224493,"900 S INSTITUTE ST, TRF SG",COLO SPGS,38.823749,-104.802661,38.82114157,-104.808559,587.5
1136097,"10135 INTERSTATE 25, SIGN",COLO SPGS,38.97287,-104.806111,38.97771658,-104.8087735,586.0
1070486,"356 CHAPEL HILLS DR, SPKG",COLO SPGS,38.969712,-104.7837,38.97461529,-104.7812325,585.5
1277561,"3820 N 30TH ST, SIGN",COLO SPGS,38.888644,-104.880949,38.89171876,-104.8754599,585.3
1000569,"9237 CHIPITA PARK RD, SUBSTA",CASCADE,38.920514,-104.991326,38.92233991,-104.9975592,576.2
1287165,7684 SOLITUDE LN,COLO SPGS,38.942191,-104.860366,38.94258549,-104.8669507,571.2
1091710,"7770 MILTON E PROBY PKWY, Q",COLO SPGS,38.797512,-104.700867,38.79239677,-104.7006475,569.1
1082747,14393 AUGE WAY,COLO SPGS,38.618517,-104.712138,38.61408987,-104.7090464,560.8
1265796,"4603 SADDLEWOOD DR, PHONE EQUIP",COLO SPGS,38.902257,-104.756826,38.89867872,-104.7613882,560.5
1215726,"10 CLIFF RD, MUSEUM",MANITOU,38.862836,-104.912209,38.858151,-104.9098974,558.1
1276813,"10 CLIFF RD, MUSEUM",MANITOU,38.862836,-104.912209,38.85817724,-104.9098983,555.3
1091503,"2802 AVIATION WAY, LANDING LIGHTS",COLO SPGS,38.786391,-104.714155,38.79033212,-104.7180445,552.9
1311826,"4250 CHEYENNE MOUNTAIN ZOO RD, MICROWAVE TOWER",COLO SPGS,38.772157,-104.856654,38.77387152,-104.8625691,547.1
1203044,"4470 VENETUCCI BLVD, SPKG / SIGN",FOUNTAIN,38.766636,-104.785715,38.76868655,-104.7799794,547.0
1013059,6570 TRANSMITTER LN BLDG A1,COLO SPGS,38.745369,-104.860068,38.74237209,-104.865023,543.8
1133034,"6213 WHETSTONE DR, PHONE EQUIP",COLO SPGS,38.924131,-104.736262,38.92892055,-104.7353411,538.5
1175946,224 S 10TH ST,COLO SPGS,38.838506,-104.842526,38.83375503,-104.8434751,534.6
1038077,"4427 VENETUCCI BLVD, SIGN",FOUNTAIN,38.769095,-104.78015,38.76689364,-104.7855441,527.8
1073970,"6560 TRANSMITTER LN, MTR D",COLO SPGS,38.745369,-104.860068,38.74232286,-104.8646415,521.6
1059751,"9261 N POWERS BLVD, SIGN",COLO SPGS,38.967671,-104.739542,38.96371878,-104.7363266,520.0
1073593,,,38.745369,-104.860068,38.74232444,-104.8646111,519.5
1073595,"6560 TRANSMITTER LN, MTR H",COLO SPGS,38.745369,-104.860068,38.74232635,-104.8645763,517.0
1073925,,,38.745369,-104.860068,38.74232461,-104.864543,515.0
1013058,6550 TRANSMITTER LN,COLO SPGS,38.745369,-104.860068,38.74252675,-104.8647491,514.5
1100010,7551 MILTON E PROBY PKWY,COLO SPGS,38.793915,-104.705944,38.79211298,-104.7113937,513.1
1073990,,,38.745369,-104.860068,38.74232658,-104.8645099,512.7
1073991,6565 TRANSMITTER LN BLDG A1,COLO SPGS,38.745369,-104.860068,38.74220198,-104.864341,511.2
1149435,"5450 PIKES PEAK TOLL RD, REG PIT",CASCADE,38.919891,-105.020516,38.92392972,-105.0233163,510.3
1005471,1295 GLENROCK DR,COLO SPGS,38.684897,-104.845026,38.6842642,-104.8508473,510.2
1287146,7695 SOLITUDE LN,COLO SPGS,38.942134,-104.859225,38.94217473,-104.8650025,499.7
1310018,"3118 BRIARGATE PKWY, SPKG",COLO SPGS,38.968345,-104.772849,38.96725441,-104.7673489,490.7
1177612,"1950 S 21ST ST, RESTROOMS",COLO SPGS,38.817988,-104.859634,38.82223909,-104.8610868,489.2
1163423,"14702 INTERSTATE 25, CAMERA",FOUNTAIN,38.615184,-104.687551,38.61934252,-104.6893808,489.0
1149335,5320 SILVER SPUR AVE,COLO SPGS,38.852989,-104.734577,38.85301472,-104.7289488,487.4
1114535,"3710 BRADLEY RD, SIGN",COLO SPGS,38.774946,-104.758954,38.77057324,-104.7591334,486.5
1073929,"6560 TRANSMITTER LN, MTR I",COLO SPGS,38.745369,-104.860068,38.74250359,-104.8643004,486.1
1013073,6545 TRANSMITTER LN,COLO SPGS,38.745369,-104.860068,38.74215671,-104.8638269,483.6
1079321,"3203 SILVER HAWK AVE, SPKG",COLO SPGS,38.786769,-104.733069,38.78480036,-104.7280973,483.3
1169813,"3508 N PROSPECT ST, SHED",COLO SPGS,38.882035,-104.816197,38.88454414,-104.8116471,482.6
1154366,1465 SHADBERRY CT,COLO SPGS,38.852945,-104.728923,38.85294369,-104.7344826,481.4
1289201,"3820 N 30TH ST, ASPEN",COLO SPGS,38.893472,-104.881462,38.89033524,-104.8777684,473.1
1012579,"4365 INTERSTATE 25, SIGN",COLO SPGS,38.783791,-104.787736,38.78024252,-104.7847422,472.3
1206337,"540 GOLD CAMP RD, CAMERA",COLO SPGS,38.826376,-104.889161,38.82224013,-104.8903446,471.2
1031748,"7101 RANGEWOOD DR, SPKG E",COLO SPGS,38.938333,-104.756724,38.93446636,-104.7545926,467.8
1092893,"5717 AIRPORT RD, REG",COLO SPGS,38.824581,-104.725767,38.82457128,-104.7203696,467.6
1132978,"3532 WOODLAND HILLS DR, PHONE EQUIPMENT",COLO SPGS,38.932837,-104.761612,38.93240857,-104.7562946,462.4
1149846,"3817 VILLAGE RD S, HSEMTR",COLO SPGS,38.879941,-104.756692,38.87583636,-104.7559206,461.3
1173530,"3835 GALLEY RD, TRF SG",COLO SPGS,38.851059,-104.7566,38.8469552,-104.7560036,459.2
1127648,"3105 GATEWAY RD, SUNRSE",COLO SPGS,38.876634,-104.876298,38.87519033,-104.8713813,454.9
1186286,2002 E LAS VEGAS ST,COLO SPGS,38.803055,-104.790106,38.80611339,-104.7935828,454.3
1277226,1850 LA BELLEZZA GRV,COLO SPGS,38.945934,-104.862542,38.94193789,-104.8628643,445.2
1002081,"5450 PIKES PEAK TOLL RD, PARK 4",COLO SPGS,38.932392,-105.054098,38.9286548,-105.0524383,439.7
1127578,"3819 JANITELL RD, PUMP4",COLO SPGS,38.784117,-104.786612,38.781159,-104.7832471,439.6
1308991,6530 PERFECT VW,COLO SPGS,38.919263,-104.831734,38.91896359,-104.8367635,436.4
1164965,"2255 E LAS VEGAS ST, MODULAR",COLO SPGS,38.804336,-104.792087,38.80064857,-104.790374,436.1
1207741,"3333 TEMPLETON GAP RD, MAINT",COLO SPGS,38.879875,-104.790883,38.87622864,-104.7926138,432.3
1012578,"4305 INTERSTATE 25, SIGN",COLO SPGS,38.784642,-104.788496,38.78142991,-104.7857133,431.0
1154823,"3620 E LA SALLE ST, POOL",COLO SPGS,38.856545,-104.756765,38.85891506,-104.7607012,430.8
1124571,"3333 TEMPLETON GAP RD, GOLF EQUIP MAINT BLDG",COLO SPGS,38.879875,-104.790883,38.87621797,-104.7925242,430.7
1095277,"2102 N CHEYENNE CANYON RD, GATE",COLO SPGS,38.791514,-104.86948,38.79118369,-104.8645741,426.8
1090070,"7257 E US HIGHWAY 24, ST LIGHT",COLO SPGS,38.841261,-104.693831,38.83922551,-104.6980061,426.6
1091514,"7562 MILTON E PROBY PKWY, LOCALIZER",COLO SPGS,38.814963,-104.683431,38.81876816,-104.6839826,425.8
1281131,276 CRYSTAL PARK RD,MANITOU,38.846479,-104.898985,38.84430987,-104.9029785,421.6
1205538,"3752 MAIZELAND RD, SPKG",COLO SPGS,38.868197,-104.761378,38.87198005,-104.7611886,421.0
1110456,"220 MESA RD, PAVLN",COLO SPGS,38.847026,-104.829738,38.84339594,-104.8286117,415.3
1231762,"4631 STANTON ST, CELLSITE",COLO SPGS,38.896645,-104.80157,38.89703004,-104.8063211,413.4
1224492,"1602 E CHEYENNE MOUNTAIN BLVD, TRF SG",COLO SPGS,38.789191,-104.800871,38.79267676,-104.7996468,401.9
1281516,"24100 GOLD CAMP RD, CABIN 2",COLO SPGS,38.788723,-105.011712,38.79187279,-105.0094457,401.6
1297667,6502 S STATE HIGHWAY 115,COLO SPGS,38.733829,-104.811987,38.73609038,-104.8084741,395.1
1001216,11496 BELVIDERE AVE,GN MTN FLS,38.934099,-105.030323,38.9374129,-105.0318095,390.3
1001794,10855 ORA ST,GN MTN FLS,38.938622,-105.020711,38.93852415,-105.0162048,389.9
1127580,14 E CACHE LA POUDRE ST,COLO SPGS,38.846995,-104.823588,38.84660285,-104.8280407,388.1
1280110,1523 WINFIELD AVE,COLO SPGS,38.793605,-104.85403,38.79459908,-104.8497584,386.4
1005535,"11050 S STATE HIGHWAY 115, WELL",COLO SPGS,38.67732,-104.852405,38.67419493,-104.8504637,386.2
1133036,"6106 RANGEWOOD DR, PHONE EQUIPMENT",COLO SPGS,38.920347,-104.737805,38.92125324,-104.7420214,378.4
1136226,"2906 BLODGETT MOUNTAIN HTS STE 110, CELLSITE",COLO SPGS,38.942094,-104.8756,38.94259858,-104.8798769,374.1
1073559,"5693 S ACADEMY BLVD, PHONE EQUIP",COLO SPGS,38.764489,-104.785931,38.76122295,-104.7849195,373.6
1279182,"4309 SOUTH CLUB DR, A",COLO SPGS,38.765812,-104.842541,38.76902512,-104.8437924,373.4
1081055,4597 S US HIGHWAY 85-87,COLO SPGS,38.767914,-104.759878,38.76520551,-104.7574113,369.4
1199476,3469 TRENARY LN,COLO SPGS,38.91449,-104.765845,38.915852,-104.7619791,367.2
1059566,"900 E ESPANOLA ST, CONCESSION",COLO SPGS,38.856872,-104.806158,38.8590258,-104.8029639,365.9
1142859,1255 TENDERFOOT HILL ST,COLO SPGS,38.793008,-104.803798,38.7915543,-104.807532,361.7
1142372,"5704 MARK DABLING BLVD, TRF SG",COLO SPGS,38.914974,-104.81861,38.91261509,-104.8214623,360.1
1111852,"5451 E US HIGHWAY 24, SIGN",COLO SPGS,38.838885,-104.726891,38.83901519,-104.7310399,359.6
1276007,"2230 N CHEYENNE CANYON RD, CARETAKER",COLO SPGS,38.791187,-104.870649,38.79240867,-104.866853,355.9
1132728,"5234 N NEVADA AVE, TRF SG",COLO SPGS,38.904772,-104.818383,38.90778795,-104.8170174,355.6
1298440,"4420 FORREST HILL RD, TELMTR",COLO SPGS,38.89558,-104.845324,38.89624066,-104.8493404,355.3
1046855,8646 MASSEY CIR,COLO SPGS,38.954099,-104.727203,38.95411026,-104.7313042,354.6
1299997,112 MARLAND RD S,COLO SPGS,38.772688,-104.846143,38.77581921,-104.845665,350.6
1092032,"5401 E PLATTE AVE, SIGN",COLO SPGS,38.838936,-104.728011,38.83915796,-104.7320265,348.7
1280411,"4841 CHEYENNE MOUNTAIN HWY, PUMP STATION",COLO SPGS,38.761531,-104.865696,38.76466271,-104.8655168,348.6
1112083,"3280 S ACADEMY BLVD, LIGHTS2",COLO SPGS,38.783747,-104.76188,38.78457234,-104.7580146,347.4
1305888,9602 ASHFIELD DR,COLO SPGS,38.971603,-104.773248,38.97103294,-104.7693128,346.1
1229441,4005 SADDLE ROCK RD,COLO SPGS,38.913082,-104.74502,38.91212873,-104.7488131,344.9
1001217,11490 BELVIDERE AVE,GN MTN FLS,38.934351,-105.030362,38.93729787,-105.0315964,344.6
1297564,"2101 MIRAGE DR, CV",COLO SPGS,38.94905,-104.788276,38.9494174,-104.7843436,342.5
1281419,"4701 WING SHADOW VW, WELL",MANITOU,38.831537,-104.91836,38.83345089,-104.9152779,341.4
1297583,"195 MARLAND RD S, CV",COLO SPGS,38.771961,-104.848085,38.77472165,-104.849768,339.9
1126926,553 VISTA GRANDE DR,COLO SPGS,38.81792,-104.876401,38.8199389,-104.8735218,335.6
1000708,9070 MOUNTAIN RD,CASCADE,38.913936,-104.991769,38.91191151,-104.9888984,335.2
1285991,"8000 SOUTH GATE BLVD, SPKG",USAFA,38.97013,-104.829989,38.96714383,-104.8304859,334.8
1000622,"1835 KEETON RANCH RD, SHOWRS",COLO SPGS,38.68343,-104.858977,38.68507518,-104.8621713,332.2
1014051,"7795 DRENNAN RD, BACKUP GENERATOR",COLO SPGS,38.780557,-104.678612,38.78051746,-104.674792,331.2
1132493,"2325 SINTON RD UNIT B, CELLSITE",COLO SPGS,38.865975,-104.83253,38.86306195,-104.8330937,327.6
1073475,"6260 TRANSMITTER LN, A3",COLO SPGS,38.745369,-104.860068,38.74381789,-104.8632384,324.6
1002345,6225 WELLINGTON RD,CASCADE,38.921564,-104.981791,38.92438855,-104.980865,324.1
1276773,5520 RAILROAD GRADE RD,COLO SPGS,38.840665,-104.917097,38.83836401,-104.9148409,321.9
1279564,3335 ANGELSTONE PT,COLO SPGS,38.950873,-104.889416,38.95072166,-104.8857033,321.5
1001208,11230 BELVIDERE AVE,GN MTN FLS,38.937438,-105.031876,38.93737236,-105.028171,320.5
1060513,"3615 CENTENNIAL BLVD, SPKG",COLO SPGS,38.883942,-104.847662,38.88681231,-104.8479081,319.9
1169639,"626 INTERSTATE 25, VMS BIJOU MM 142.1",COLO SPGS,38.839232,-104.829761,38.84209254,-104.8301095,319.5
1142986,"4102 CEDAR HEIGHTS DR, RADIO",COLO SPGS,38.889135,-104.91377,38.89123977,-104.9113003,317.0
1065429,"1762 JET STREAM DR, SPKG",COLO SPGS,38.997722,-104.793114,38.99488307,-104.7928306,316.6
1300719,"2788 THRUSH GRV, SPKG",COLO SPGS,38.948036,-104.775715,38.94761645,-104.7720947,316.5
1000681,1835 KEETON RANCH RD,COLO SPGS,38.683517,-104.859504,38.68469961,-104.8628176,316.3
1272235,2001 BLACK CANYON RD,COLO SPGS,38.862347,-104.899432,38.86355291,-104.9027358,315.9
1133711,"290 S 31ST ST, TRF SG",COLO SPGS,38.848723,-104.873413,38.85151801,-104.8727955,315.4
1265884,"3510 ORO BLANCO DR, PHONE EQUIP",COLO SPGS,38.88228,-104.738467,38.88479807,-104.740055,311.9
1276796,5325 STEEP RD,MANITOU,38.82385,-104.928906,38.82401867,-104.9253153,311.6
1164097,"1025 GARNER ST, HOUSE",COLO SPGS,38.831944,-104.845178,38.83392929,-104.8476769,309.2
1073581,"1840 NORTH GATE BLVD, PHONE EQUIP",COLO SPGS,39.029818,-104.796318,39.02991649,-104.7927448,308.8
1001219,11475 BELVIDERE AVE,GN MTN FLS,38.934559,-105.029805,38.9370998,-105.0312247,308.1
1000740,8955 BIG ROCK LN,COLO SPGS,38.701643,-104.840448,38.70237192,-104.8370277,307.7
1052141,7825 PINE OAKS LN,COLO SPGS,38.720672,-104.835946,38.71843105,-104.8380116,306.9
1047539,"1053 W US HIGHWAY 24, VMS EB HWY24 W OF 8 MM303",COLO SPGS,38.834498,-104.847938,38.83312902,-104.8448793,305.6
1002280,7705 N TOPEKA AVE,CASCADE,38.902177,-104.96486,38.89955294,-104.9638135,305.5
1013053,6271 TRANSMITTER LN,COLO SPGS,38.745369,-104.860068,38.74360569,-104.8627442,303.8
1013032,,,38.720672,-104.835946,38.71847047,-104.8380166,303.6
1136253,"404 W FONTANERO ST, RR CONTROL",COLO SPGS,38.864217,-104.832085,38.86645021,-104.8300782,303.1
1073971,6240 TRANSMITTER LN,COLO SPGS,38.745369,-104.860068,38.74433258,-104.8632856,301.9
1299261,"21 BROADMOOR AVE, LIGHTS",COLO SPGS,38.789914,-104.840701,38.79165998,-104.8380351,301.8
1146884,"610 S CHELTON RD, SPKG D",COLO SPGS,38.822089,-104.770654,38.82299528,-104.7739374,301.8
1178132,3315 ORION DR,COLO SPGS,38.819471,-104.877607,38.81780376,-104.8803433,300.9
1013001,6230 TRANSMITTER LN,COLO SPGS,38.745369,-104.860068,38.74451548,-104.8633579,300.7
1312443,2130 S CHEYENNE CANYON RD,COLO SPGS,38.788453,-104.867738,38.79113092,-104.8674287,299.0
1281732,"6512 FARTHING DR, SPKG",COLO SPGS,38.756659,-104.81718,38.75400187,-104.8176917,298.8
1097466,3252 SUN MOUNTAIN VW,COLO SPGS,38.878146,-104.867573,38.87557802,-104.8666357,296.9
1013052,6265 TRANSMITTER LN,COLO SPGS,38.745369,-104.860068,38.74383084,-104.8628643,296.8
1001184,10792 UTE PASS AVE,GN MTN FLS,38.937668,-105.015691,38.9352576,-105.0142567,295.3
1158332,"3010 GLENARM RD, PAV LIGHTS",COLO SPGS,38.773358,-104.769405,38.77282745,-104.7727219,293.5
1073596,"6228 TRANSMITTER LN, HSEMTR",COLO SPGS,38.745369,-104.860068,38.74465582,-104.863314,292.5
1073915,"6228 TRANSMITTER LN, MTR C",COLO SPGS,38.745369,-104.860068,38.74468261,-104.8633125,291.5
1198988,"4985 EL CAMINO DR, POOL",COLO SPGS,38.905508,-104.771065,38.90345426,-104.7689795,291.1
1091479,"7766 MILTON E PROBY PKWY, LLWAS SITE#1",COLO SPGS,38.810147,-104.701987,38.80754415,-104.7019312,289.5
1043160,"8982 S STATE HIGHWAY 115, ELEC",COLO SPGS,38.698776,-104.830587,38.70091323,-104.8287042,288.4
1145090,"2753 N POWERS BLVD, VALVE VAULT",COLO SPGS,38.872388,-104.719618,38.87497498,-104.7194737,287.9
1059290,"6887 TUTT BLVD, SPKG",COLO SPGS,38.931669,-104.716251,38.93239509,-104.7130803,285.9
1002026,5580 WINNEMUCCA RD,CASCADE,38.914834,-104.985484,38.91280031,-104.9875056,285.9
1310011,"8655 OLD STAGE RD, LIGHTS",COLO SPGS,38.733073,-104.918801,38.73342463,-104.9220427,283.9
1123177,3100 WOOD AVE LOT I27,COLO SPGS,38.876561,-104.823676,38.87562057,-104.8266808,280.3
1165367,2102 JANITELL RD,COLO SPGS,38.802712,-104.795036,38.8047407,-104.7931998,276.1
1175498,"1590 W FILLMORE ST, AUX GYM",COLO SPGS,38.871771,-104.858247,38.8741217,-104.8572203,276.1
1276977,6060 BIG HORN RD,MANITOU,38.825025,-104.935196,38.82515049,-104.932026,275.0
1133295,"4631 STANTON ST, CELLSITE2",COLO SPGS,38.896645,-104.80157,38.89654924,-104.7984029,274.3
1047657,"2020 N POWERS BLVD, SIGN",COLO SPGS,38.863884,-104.720611,38.86142219,-104.7205112,273.9
1123103,3100 WOOD AVE LOT H18,COLO SPGS,38.876306,-104.823694,38.87551346,-104.8266864,273.6
1123156,3100 WOOD AVE LOT H17,COLO SPGS,38.876308,-104.823779,38.87540211,-104.8266876,271.2
1001218,11467 BELVIDERE AVE,GN MTN FLS,38.934674,-105.029935,38.93691626,-105.0311288,269.9
1127044,3100 WOOD AVE LOT I26,COLO SPGS,38.876559,-104.823754,38.87572381,-104.8266798,269.8
1166678,1006 S INSTITUTE ST,COLO SPGS,38.818021,-104.81186,38.81926186,-104.8092109,267.8
1173532,"5676 S ACADEMY BLVD, TRF SG",COLO SPGS,38.766098,-104.786669,38.76573811,-104.7836179,267.5
1123127,3100 WOOD AVE LOT F17,COLO SPGS,38.875908,-104.823755,38.87670492,-104.8266661,267.1
1082744,"14380 RAY NIXON RD, TRNG",COLO SPGS,38.61988,-104.710868,38.62158155,-104.7130339,266.8
1136188,"4631 STANTON ST, CELLSITE3",COLO SPGS,38.896645,-104.80157,38.89655217,-104.7984943,266.4
1088661,1095 WESTERN DR LOT 11,COLO SPGS,38.847048,-104.695402,38.84941967,-104.6958277,266.3
1067210,"2719 CINNABAR RD, SPKG",COLO SPGS,39.034005,-104.780062,39.03337237,-104.7771156,264.0
1133276,"3710 BRADLEY RD, TANKS",COLO SPGS,38.774946,-104.758954,38.77506665,-104.7619673,261.6
1033282,10520 THUNDER MOUNTAIN AVE,COLO SPGS,38.985114,-104.75999,38.98409651,-104.757289,259.4
1079323,"3192 SILVER HAWK AVE, SPKG",COLO SPGS,38.788299,-104.733756,38.78608774,-104.7328113,259.2
1081643,3979 E BIJOU ST,COLO SPGS,38.835203,-104.753744,38.83332479,-104.7555145,259.1
1123180,3100 WOOD AVE LOT I25,COLO SPGS,38.876565,-104.823836,38.87582568,-104.8266737,259.0
1011410,"5533 E WOODMEN RD, VMS SIGN",COLO SPGS,38.939983,-104.726765,38.94068086,-104.7296211,258.9
1073656,"2501 AVONDALE DR, A",COLO SPGS,38.868071,-104.738731,38.8701566,-104.7374082,258.6
1207260,"3405 SINTON RD, FLDLTS",COLO SPGS,38.880407,-104.833667,38.8827125,-104.8340111,258.1
1277367,"4625 STANTON RD, TELSCP",COLO SPGS,38.897523,-104.795556,38.89655352,-104.7982614,257.8
1013054,"6235 TRANSMITTER LN, MTR D",COLO SPGS,38.745369,-104.860068,38.7443221,-104.8627159,257.5
1168342,"2501 AVONDALE DR, A",COLO SPGS,38.868071,-104.738731,38.87036923,-104.7383999,257.2
1073630,"995 STOUT RD, PHONE EQUIPMENT",COLO SPGS,39.017474,-104.812485,39.01694969,-104.8153748,256.4
1113182,1307 DOYLE PL,COLO SPGS,38.850942,-104.729996,38.85319414,-104.7306244,256.3
1013055,6245 TRANSMITTER LN,COLO SPGS,38.745369,-104.860068,38.74424602,-104.8626479,256.2
1005473,10408 S STATE HIGHWAY 115,COLO SPGS,38.678264,-104.849916,38.67962563,-104.8475665,254.0
1165452,"1335 S CHELTON RD, MAINT",COLO SPGS,38.81324,-104.765853,38.81411413,-104.7631536,253.3
1165366,2104 JANITELL RD,COLO SPGS,38.802712,-104.795036,38.80441583,-104.7930966,253.3
1001210,"11235 BELVIDERE AVE, GARAGE",GN MTN FLS,38.936968,-105.031111,38.93679644,-105.0282003,252.5
1201162,"3405 SINTON RD, LIGHTS",COLO SPGS,38.880407,-104.833667,38.88265801,-104.8340049,252.0
1000604,10270 S STATE HIGHWAY 115,COLO SPGS,38.680934,-104.847337,38.68291776,-104.8487147,250.9
1003809,"755 NAHA CASA RD, PUMP",COLO SPGS,38.712013,-104.83998,38.71080533,-104.8375427,250.5
1216562,5216 MOUNTAIN PEAK PT,COLO SPGS,38.895099,-104.730599,38.89404117,-104.7280566,249.5
1065572,"13025 STATE HIGHWAY 83, SALES TRLR",COLO SPGS,39.019903,-104.780973,39.02212352,-104.7806118,248.9
1053023,"3197 HANCOCK EXPY, TRF SG",COLO SPGS,38.788666,-104.739258,38.78651128,-104.7400282,248.7
1127041,3100 WOOD AVE LOT I24,COLO SPGS,38.87656,-104.82393,38.8759427,-104.8266798,247.7
1133208,"8484 SOUTH GATE BLVD, GRDHSE",USAFA,38.955018,-104.813738,38.95537747,-104.8165583,247.1
1121095,"1203 POTTER DR, PHONE EQUIP",COLO SPGS,38.849402,-104.752604,38.84719806,-104.752313,246.4
1001211,11235 BELVIDERE AVE,GN MTN FLS,38.936968,-105.031111,38.93668365,-105.0282973,245.4
1090009,"6625 E PLATTE AVE, SIGN",COLO SPGS,38.83886,-104.702856,38.83889196,-104.7056798,244.6
1165152,"654 E SAINT VRAIN ST, RSTRMS",COLO SPGS,38.841831,-104.811814,38.84063327,-104.8141753,244.1
1000658,"10495 KEETON RANCH RD, REC VEHICLE OUTLET",COLO SPGS,38.680768,-104.852915,38.6816614,-104.8554825,244.0
1127099,"3100 WOOD AVE, LIGHTS",COLO SPGS,38.876308,-104.823779,38.87665827,-104.8265542,243.4
1197330,3405 SINTON RD LOT 24,COLO SPGS,38.879247,-104.834662,38.88138704,-104.8341769,241.6
1226257,"3420 RESEARCH PKWY, SPKG",COLO SPGS,38.957176,-104.76903,38.95764957,-104.7663127,240.8
1094164,4072 COLONY HILLS CIR,COLO SPGS,38.782962,-104.75196,38.7849378,-104.7530866,240.4
1001228,11420 BELVIDERE AVE,GN MTN FLS,38.935245,-105.03074,38.93734495,-105.0301454,239.1
1187101,"720 CONEJOS ST, GRDHSE",COLO SPGS,38.824717,-104.832,38.8225895,-104.831601,239.1
1278773,266 CRYSTAL PARK RD,MANITOU,38.844622,-104.899323,38.84572243,-104.9016915,238.8
1123179,3100 WOOD AVE LOT I23,COLO SPGS,38.87656,-104.824011,38.87605036,-104.8266834,238.2
1109828,1095 WESTERN DR LOT 447,COLO SPGS,38.851738,-104.693624,38.84981943,-104.6948119,236.8
1000565,"9316 UTE RD, CV",CASCADE,38.918065,-104.994336,38.91691702,-104.9966333,236.2
1002276,"9675 W US HIGHWAY 24, PUMP",GN MTN FLS,38.927281,-105.002687,38.92929537,-105.0019169,233.7
1155769,"1095 WESTERN DR, LIGHTS2",COLO SPGS,38.851899,-104.690798,38.8517247,-104.6934854,233.5
1044448,7991 ANTELOPE VALLEY PT,COLO SPGS,38.947747,-104.746191,38.94743723,-104.743522,233.4
1297781,"5815 CRYSTAL PARK RD, WELL",MANITOU,38.835892,-104.915337,38.83788309,-104.9144945,233.1
1110203,1940 S CHELTON RD APT E220,COLO SPGS,38.804506,-104.752843,38.80287921,-104.7545334,232.8
1201148,"3535 N HANCOCK AVE, LIGHTS",COLO SPGS,38.883093,-104.802349,38.88457626,-104.8004545,232.6
1190962,"3185 VENETUCCI BLVD, SIGN",COLO SPGS,38.789254,-104.794371,38.78751729,-104.7958634,232.4
1179984,2116 LONE WILLOW VW,COLO SPGS,38.831136,-104.862712,38.83083907,-104.8653617,231.9
1001229,11455 BELVIDERE AVE,GN MTN FLS,38.934917,-105.030056,38.93687578,-105.0309662,231.6
1011339,"3750 DUBLIN BLVD, SPKG",COLO SPGS,38.926296,-104.754101,38.92587995,-104.7567155,230.9
1208973,4945 MARK DABLING BLVD LOT 87,COLO SPGS,38.902359,-104.823537,38.90045108,-104.822494,230.6
1110210,1940 S CHELTON RD APT E221,COLO SPGS,38.804506,-104.752843,38.80291125,-104.754533,230.0
1111110,2595 WOODDALE RD LOT 49,COLO SPGS,38.775964,-104.779815,38.77506558,-104.7774258,229.9
1112116,1940 S CHELTON RD APT E219,COLO SPGS,38.804506,-104.752843,38.80287888,-104.7544807,229.9
1183622,"3701 S US HIGHWAY 85-87, CV",COLO SPGS,38.776628,-104.779964,38.77679766,-104.7826013,229.4
1123178,3100 WOOD AVE LOT I22,COLO SPGS,38.876569,-104.824092,38.87616931,-104.8266765,228.1
1012820,"8081 W US HIGHWAY 24, VMS SIGN",CASCADE,38.897508,-104.971453,38.89953911,-104.9718061,227.9
1000680,"1810 KEETON RANCH RD, GARAGE",COLO SPGS,38.684263,-104.859205,38.68559345,-104.8611989,227.7
1253749,"700 CONEJOS ST, BLDG 757",COLO SPGS,38.820731,-104.832122,38.82274716,-104.8325523,227.3
1110200,1940 S CHELTON RD APT E222,COLO SPGS,38.804506,-104.752843,38.80294328,-104.7545327,227.2
1110214,1940 S CHELTON RD APT E124,COLO SPGS,38.804506,-104.752843,38.80291091,-104.7544804,227.1
1068607,"2339 SPANISH OAK TER, SPKG",COLO SPGS,38.974033,-104.781415,38.97246876,-104.7830991,226.8
1297619,"9297 LEXINGTON DR, SPKG",COLO SPGS,38.967058,-104.776787,38.96519142,-104.7757374,226.5
1044449,7973 ANTELOPE VALLEY PT,COLO SPGS,38.947747,-104.746191,38.94744168,-104.7436023,226.4
1105066,"3655 EL MORRO RD, STORAGE",COLO SPGS,38.79937,-104.761133,38.79734227,-104.7612906,225.9
1137207,"5 S MARKSHEFFEL RD, MTRSTA",COLO SPGS,38.832164,-104.68111,38.83128585,-104.6834472,224.8
1110215,1940 S CHELTON RD APT E223,COLO SPGS,38.804506,-104.752843,38.80297531,-104.7545324,224.5
1110206,1940 S CHELTON RD APT E123,COLO SPGS,38.804506,-104.752843,38.80294294,-104.7544801,224.3
1106188,125 N POWERS BLVD,COLO SPGS,38.83375,-104.719746,38.8317963,-104.7191011,224.3
1126928,572 VISTA GRANDE DR,COLO SPGS,38.817113,-104.876743,38.81904161,-104.8759954,224.0
1285272,"705 W FILLMORE ST, TRF SG",COLO SPGS,38.876288,-104.838308,38.87592711,-104.8357631,223.9
1002285,9580 CHIPITA PARK RD,CASCADE,38.923378,-104.996204,38.92247684,-104.9938911,223.8
1073999,"4340 S POWERS BLVD, CELLSITE",COLO SPGS,38.768975,-104.720116,38.76731194,-104.7186825,222.8
1110212,1940 S CHELTON RD APT E224,COLO SPGS,38.804506,-104.752843,38.80300735,-104.754532,221.8
1110201,1940 S CHELTON RD APT E122,COLO SPGS,38.804506,-104.752843,38.80297498,-104.7544797,221.6
1142784,"3280 S ACADEMY BLVD, CV",COLO SPGS,38.783747,-104.76188,38.7848686,-104.7597677,221.5
1180886,"1150 GOLD CAMP RD, GATE",COLO SPGS,38.81539,-104.883307,38.81462199,-104.8809537,221.1
1001404,9515 MOHAWK TRL,CASCADE,38.919746,-104.99639,38.91779987,-104.9968279,219.7
1127056,3100 WOOD AVE LOT G12,COLO SPGS,38.876142,-104.824279,38.87670515,-104.8267055,219.2
1110213,1940 S CHELTON RD APT E319,COLO SPGS,38.804506,-104.752843,38.80303938,-104.7545317,219.1
1123189,3100 WOOD AVE LOT I21,COLO SPGS,38.876562,-104.824179,38.87627703,-104.8266814,218.9
1110208,1940 S CHELTON RD APT E121,COLO SPGS,38.804506,-104.752843,38.80300701,-104.7544794,218.8
1000737,"735 ROCK CREEK CANYON RD, PNKHSE",COLO SPGS,38.704733,-104.840556,38.70433647,-104.8430168,218.0
1110202,1940 S CHELTON RD APT E320,COLO SPGS,38.804506,-104.752843,38.80307141,-104.7545314,216.5
1110211,1940 S CHELTON RD APT E120,COLO SPGS,38.804506,-104.752843,38.80303904,-104.7544791,216.1
1013049,"5376 CRACKER BARREL CIR, CELLSITE",COLO SPGS,38.892271,-104.727606,38.89061529,-104.7262982,216.1
1073678,"7015 N ACADEMY BLVD, CELLSITE",COLO SPGS,38.933047,-104.796085,38.93491112,-104.7967863,216.0
1003695,9385 MOUNTAIN RD,CASCADE,38.915819,-104.996343,38.91497347,-104.9941226,213.9
1110209,1940 S CHELTON RD APT E119,COLO SPGS,38.804506,-104.752843,38.80307108,-104.7544787,213.4
1176228,"3202 CHAMBERS WAY, SHOP",COLO SPGS,38.872939,-104.873856,38.87113159,-104.8730965,211.5
1068591,"9895 DIVOT TRL, SPKG",COLO SPGS,38.970817,-104.775146,38.97198344,-104.7732193,211.1
1028541,"205 N MURRAY BLVD, 171CV",COLO SPGS,38.835626,-104.74297,38.83518731,-104.7406002,211.0
1106231,"1940 S CHELTON RD, HSE E",COLO SPGS,38.804506,-104.752843,38.80310309,-104.7544784,210.8
1132962,"5694 S ACADEMY BLVD, ST LIGHT",COLO SPGS,38.763184,-104.803135,38.76507173,-104.8029939,210.3
1152456,"717 W CIMARRON ST, TRF SG",COLO SPGS,38.831026,-104.841065,38.83006727,-104.8389738,210.2
1277387,6245 DERBY ROCK LOOP,MANITOU,38.826382,-104.930988,38.82526253,-104.9290401,209.7
1123191,3100 WOOD AVE LOT I20,COLO SPGS,38.876575,-104.824262,38.87637168,-104.8266627,209.0
1306716,"2240 N CHEYENNE CANYON RD, CLRNTR",COLO SPGS,38.792001,-104.86958,38.79254788,-104.8672791,208.5
1038535,"4260 BARDOT DR, SPKG",COLO SPGS,38.95899,-104.747632,38.96082308,-104.7471633,207.8
1190689,914 MOTOR CITY DR STE G1,COLO SPGS,38.819539,-104.839002,38.82130475,-104.8397614,207.1
1302337,"7691 N UNION BLVD, SIGN",COLO SPGS,38.941967,-104.774907,38.94350917,-104.7735844,206.1
1122607,"3524 N CASCADE AVE, SIGN",COLO SPGS,38.882178,-104.825056,38.88275943,-104.8228004,205.7
1123190,3100 WOOD AVE LOT I19,COLO SPGS,38.876569,-104.824322,38.87648283,-104.8266851,204.8
1301390,"2426 LITTLE TURKEY CREEK RD, CELLSITE",COLO SPGS,38.65367,-104.873234,38.65362495,-104.8708785,204.6
1205537,"3524 N CASCADE AVE, CV",COLO SPGS,38.882178,-104.825056,38.88272096,-104.8228,204.4
1092929,"3983 E PLATTE AVE, SIGN",COLO SPGS,38.838477,-104.756341,38.83943486,-104.754328,204.3
1091875,"4297 ROYAL PINE DR, SITE LIGHTING",COLO SPGS,38.968669,-104.751533,38.96905569,-104.7492259,204.0
1132996,"100 N CASCADE AVE, CELLSITE",COLO SPGS,38.836072,-104.825414,38.83642661,-104.827722,203.8
1003654,8240 EMPORIA AVE,CASCADE,38.896375,-104.974501,38.89698817,-104.9722828,203.7
1270901,"1590 W FILLMORE ST, SNKBAR",COLO SPGS,38.872651,-104.858662,38.87447946,-104.8588,203.7
1000562,"6650 SPRUCE AVE, CV",GN MTN FLS,38.928415,-105.011525,38.92954567,-105.0133766,203.6
1246086,"5997 BRADLEY RD, TRF SG",COLO SPGS,38.758909,-104.717063,38.75890772,-104.7194063,203.2
1285318,"3000 N CASCADE AVE, HSEMTR2",COLO SPGS,38.874806,-104.822851,38.87655199,-104.8235127,202.4
1136495,"4978 CENTENNIAL BLVD, SUBSTA",COLO SPGS,38.902618,-104.856944,38.90214604,-104.8592018,202.3
1197238,"3355 N UNION BLVD, TUNNEL",COLO SPGS,38.879739,-104.796268,38.87994772,-104.7939478,202.2
1130821,1820 SCHOLAR PT APT 721,COLO SPGS,38.803331,-104.851938,38.80498561,-104.8528901,201.6
1308381,"2794 BRIARGATE PKWY, SPKG",COLO SPGS,38.968131,-104.774739,38.96776792,-104.7770107,200.5
1153089,"4525 CONSTITUTION AVE, CV",COLO SPGS,38.865342,-104.741186,38.86411859,-104.7428862,200.4
1279769,1820 SCHOLAR PT APT 722,COLO SPGS,38.803331,-104.851938,38.80496211,-104.8529167,200.2
1277661,515 OLD MANS CAMP VW,COLO SPGS,38.840199,-104.937481,38.84196821,-104.9378637,199.5
1279561,3350 ANGELSTONE PT,COLO SPGS,38.950515,-104.889247,38.95107191,-104.8870545,199.5
1127045,3100 WOOD AVE LOT H9,COLO SPGS,38.876301,-104.824612,38.87665936,-104.8268639,199.0
1279773,1820 SCHOLAR PT APT 723,COLO SPGS,38.803331,-104.851938,38.8049386,-104.8529433,198.9
1280168,"2234 N CHEYENNE CANYON RD, TELMTR",COLO SPGS,38.791755,-104.86957,38.79254926,-104.8675147,198.8
1013212,"1115 N EL PASO ST, PKGLTS",COLO SPGS,38.849526,-104.812104,38.84776398,-104.8124206,197.8
1169730,"404 W FONTANERO ST, LIGHTS-ELEC2",COLO SPGS,38.865363,-104.829709,38.86359659,-104.8294416,197.8
1096848,1820 SCHOLAR PT APT 724,COLO SPGS,38.803331,-104.851938,38.8049151,-104.8529699,197.5
1279771,1820 SCHOLAR PT APT 718,COLO SPGS,38.803331,-104.851938,38.80495832,-104.8528507,197.5
1223180,"5102 GALLEY RD, RV STORAGE",COLO SPGS,38.849278,-104.735913,38.84940127,-104.7381742,196.3
1279757,1820 SCHOLAR PT APT 725,COLO SPGS,38.803331,-104.851938,38.8048916,-104.8529964,196.3
1279772,1820 SCHOLAR PT APT 717,COLO SPGS,38.803331,-104.851938,38.80493519,-104.8528769,196.1
1095603,7415 W US HIGHWAY 24,CASCADE,38.886641,-104.95853,38.88813323,-104.9597293,195.7
1279539,"2240 N CHEYENNE CANYON RD, MAIN",COLO SPGS,38.792001,-104.86958,38.79256287,-104.86744,195.7
1083720,"6694 DALBY DR, ELEC",COLO SPGS,38.928071,-104.720166,38.92915106,-104.7219509,195.6
1279740,1820 SCHOLAR PT APT 726,COLO SPGS,38.803331,-104.851938,38.80486809,-104.853023,195.1
1005505,755 ROCK CREEK MESA RD,COLO SPGS,38.715854,-104.841144,38.71597692,-104.8389017,195.0
1279739,1820 SCHOLAR PT APT 716,COLO SPGS,38.803331,-104.851938,38.80491205,-104.852903,194.7
1279744,1820 SCHOLAR PT APT 727,COLO SPGS,38.803331,-104.851938,38.80484459,-104.8530496,193.9
1012954,"4752 CHARLOTTE PKWY, PHONE EQUIPMENT",COLO SPGS,38.901355,-104.709579,38.90302517,-104.7089414,193.7
1279738,1820 SCHOLAR PT APT 715,COLO SPGS,38.803331,-104.851938,38.80488891,-104.8529292,193.4
1302996,"8845 INTERSTATE 25, LIGHTS",COLO SPGS,38.963865,-104.801523,38.96220743,-104.800864,192.9
1279737,1820 SCHOLAR PT APT 728,COLO SPGS,38.803331,-104.851938,38.80482108,-104.8530761,192.8
1068902,"13420 SILVER ROSE LN, N RESTROOMS",COLO SPGS,39.026186,-104.793985,39.02579572,-104.7961574,192.6
1288906,1775 PRESIDENTIAL HTS APT 418,COLO SPGS,38.804605,-104.854001,38.80613727,-104.8529668,192.5
1002668,4220 OUTPOST RD,CASCADE,38.89414,-104.965106,38.89241122,-104.9650265,192.4
1279770,1820 SCHOLAR PT APT 714,COLO SPGS,38.803331,-104.851938,38.80486578,-104.8529553,192.1
1090740,"4301 GRINNELL BLVD, SPKG",COLO SPGS,38.769713,-104.71384,38.7691324,-104.7159242,191.9
1090688,"7965 DRENNAN RD, LLWAS SITE#9",COLO SPGS,38.783074,-104.700895,38.78141022,-104.7014835,191.9
1053044,"1403 E BOULDER ST, TRF SG",COLO SPGS,38.838758,-104.80029,38.83862715,-104.7980877,191.3
1005480,"280 PINE OAKS RD, PUMP",COLO SPGS,38.719458,-104.833088,38.72039542,-104.8312392,191.3
1288924,1775 PRESIDENTIAL HTS APT 416,COLO SPGS,38.804605,-104.854001,38.80614097,-104.853006,191.3
1105665,"2738 S ACADEMY BLVD, LIGHTS",COLO SPGS,38.792555,-104.757835,38.79427279,-104.7577238,191.3
1279760,1820 SCHOLAR PT APT 713,COLO SPGS,38.803331,-104.851938,38.80484264,-104.8529815,190.9
1022700,"7892 HUNTER PEAK TRL, SPKG",COLO SPGS,38.946107,-104.71223,38.94645657,-104.714388,190.6
1288904,1775 PRESIDENTIAL HTS APT 414,COLO SPGS,38.804605,-104.854001,38.80614467,-104.8530452,190.2
1036299,4065 THUNDERCLOUD DR,COLO SPGS,38.954575,-104.751528,38.95459033,-104.7537232,189.8
1279758,1820 SCHOLAR PT APT 712,COLO SPGS,38.803331,-104.851938,38.8048195,-104.8530077,189.7
1272487,2730 VICKERS DR APT 334,COLO SPGS,38.914631,-104.776,38.91566434,-104.7777452,189.7
1205868,"1815 PRESIDENTIAL HTS, HSEMTR",COLO SPGS,38.804357,-104.853973,38.80523615,-104.8520989,189.5
1297818,502 PALMER TRL,MANITOU,38.823647,-104.928031,38.82474903,-104.9263624,189.5
1059672,3825 AIRPORT RD,COLO SPGS,38.822744,-104.756238,38.82430207,-104.7571218,189.4
1028605,"339 N ACADEMY BLVD, SIGN",COLO SPGS,38.837401,-104.75547,38.83891281,-104.7564762,189.4
1288908,1775 PRESIDENTIAL HTS APT 412,COLO SPGS,38.804605,-104.854001,38.80614837,-104.8530844,189.1
1019813,"5798 1/2 E WOODMEN RD, WTR VAULT",COLO SPGS,38.945579,-104.720275,38.9462845,-104.7182852,189.1
1231799,"3837 WABASH ST, RRX SG",COLO SPGS,38.779142,-104.768899,38.78000074,-104.7707779,188.8
1289128,1815 PRESIDENTIAL HTS APT 602,COLO SPGS,38.804357,-104.853973,38.80520686,-104.852088,188.7
1279759,1820 SCHOLAR PT APT 711,COLO SPGS,38.803331,-104.851938,38.80479637,-104.8530338,188.6
1270124,2730 VICKERS DR APT 333,COLO SPGS,38.914631,-104.776,38.91563499,-104.7777558,188.5
1288901,1775 PRESIDENTIAL HTS APT 421,COLO SPGS,38.804605,-104.854001,38.80609638,-104.8529731,188.2
1288925,1775 PRESIDENTIAL HTS APT 408,COLO SPGS,38.804605,-104.854001,38.80615208,-104.8531236,188.1
1289113,1815 PRESIDENTIAL HTS APT 604,COLO SPGS,38.804357,-104.853973,38.80517758,-104.852077,187.9
1123979,3524 N CASCADE AVE LOT 66,COLO SPGS,38.88298,-104.823571,38.88215018,-104.8254618,187.9
1001222,11435 BELVIDERE AVE,GN MTN FLS,38.935155,-105.030193,38.93682725,-105.0304926,187.7
1216213,"1820 SCHOLAR PT, HSEMTR",COLO SPGS,38.803331,-104.851938,38.80477323,-104.85306,187.5
1225118,2730 VICKERS DR APT 332,COLO SPGS,38.914631,-104.776,38.91560563,-104.7777664,187.4
1289064,1815 PRESIDENTIAL HTS APT 606,COLO SPGS,38.804357,-104.853973,38.80514829,-104.8520661,187.2
1288905,1775 PRESIDENTIAL HTS APT 406,COLO SPGS,38.804605,-104.854001,38.80615578,-104.8531628,187.1
1288903,1775 PRESIDENTIAL HTS APT 422,COLO SPGS,38.804605,-104.854001,38.80610014,-104.853013,187.0
1110154,1940 S CHELTON RD APT F126,COLO SPGS,38.804506,-104.752843,38.80313183,-104.7540856,186.9
1275672,"2730 VICKERS DR, HSEMTR",COLO SPGS,38.914631,-104.776,38.91568286,-104.7776837,186.8
1149132,"1224 N POWERS BLVD, VMS",COLO SPGS,38.84843,-104.721155,38.85009014,-104.7208227,186.8
1288922,1815 PRESIDENTIAL HTS APT 608,COLO SPGS,38.804357,-104.853973,38.80511901,-104.8520552,186.5
1277143,31 WALTHAM AVE UNIT 3,MANITOU,38.859455,-104.921138,38.86110176,-104.9215401,186.4
1270061,2730 VICKERS DR APT 331,COLO SPGS,38.914631,-104.776,38.91557628,-104.777777,186.2
1288899,1775 PRESIDENTIAL HTS APT 404,COLO SPGS,38.804605,-104.854001,38.80615948,-104.853202,186.2
1175573,"1000 S 26TH ST, GARAGE",COLO SPGS,38.841211,-104.871104,38.84021979,-104.8728364,186.2
1000620,10419 KEETON RANCH RD,COLO SPGS,38.680777,-104.857479,38.68101886,-104.8553563,186.2
1097547,"4307 ROYAL PINE DR, SITE LIGHTING",COLO SPGS,38.967844,-104.750635,38.96911534,-104.7492352,186.1
1225134,2720 VICKERS DR APT 223,COLO SPGS,38.914631,-104.776,38.91511144,-104.7780603,186.1
1028533,"6402 BARNES RD, TRF SG",COLO SPGS,38.89856,-104.708498,38.89984207,-104.7098774,185.9
1289130,1815 PRESIDENTIAL HTS APT 611,COLO SPGS,38.804357,-104.853973,38.80508972,-104.8520442,185.9
1288907,1775 PRESIDENTIAL HTS APT 423,COLO SPGS,38.804605,-104.854001,38.8061039,-104.8530528,185.8
1270125,2730 VICKERS DR APT 311,COLO SPGS,38.914631,-104.776,38.91565313,-104.7776944,185.5
1289063,1815 PRESIDENTIAL HTS APT 612,COLO SPGS,38.804357,-104.853973,38.80506044,-104.8520333,185.4
1288923,1775 PRESIDENTIAL HTS APT 402,COLO SPGS,38.804605,-104.854001,38.80616318,-104.8532412,185.3
1307149,"4090 MCKAY RD, CLRNTR",COLO SPGS,38.773648,-104.860076,38.77205131,-104.8594694,185.2
1225086,2730 VICKERS DR APT 328,COLO SPGS,38.914631,-104.776,38.91554692,-104.7777877,185.2
1289129,1815 PRESIDENTIAL HTS APT 614,COLO SPGS,38.804357,-104.853973,38.80503116,-104.8520224,184.9
1133245,"1030 JACKS VALLEY RD, LDRSHP REACTION COURSE",COLO SPGS,39.038888,-104.865133,39.03928104,-104.8672119,184.8
1226474,2720 VICKERS DR APT 224,COLO SPGS,38.914631,-104.776,38.91508123,-104.7780548,184.7
1288926,1775 PRESIDENTIAL HTS APT 424,COLO SPGS,38.804605,-104.854001,38.80610766,-104.8530926,184.7
1205867,"1775 PRESIDENTIAL HTS, HSEMTR",COLO SPGS,38.804605,-104.854001,38.80616688,-104.8532804,184.6
1128962,1815 PRESIDENTIAL HTS APT 616,COLO SPGS,38.804357,-104.853973,38.80500187,-104.8520114,184.5
1112119,1940 S CHELTON RD APT F127,COLO SPGS,38.804506,-104.752843,38.8031315,-104.754033,184.4
1001048,11360 BELVIDERE AVE,GN MTN FLS,38.93628,-105.031182,38.9371109,-105.0293375,184.4
1289066,1815 PRESIDENTIAL HTS APT 628,COLO SPGS,38.804357,-104.853973,38.80519824,-104.8521396,184.4
1225088,2730 VICKERS DR APT 312,COLO SPGS,38.914631,-104.776,38.91562378,-104.7777051,184.3
1225121,2730 VICKERS DR APT 327,COLO SPGS,38.914631,-104.776,38.91551756,-104.7777983,184.2
1288920,1815 PRESIDENTIAL HTS APT 617,COLO SPGS,38.804357,-104.853973,38.80497259,-104.8520005,184.1
1166679,1006 S INSTITUTE ST,COLO SPGS,38.818021,-104.81186,38.81937236,-104.810632,184.1
1297546,"3840 W WOODMEN RD, CV",COLO SPGS,38.947152,-104.883695,38.94750278,-104.8857704,183.7
1288902,1775 PRESIDENTIAL HTS APT 425,COLO SPGS,38.804605,-104.854001,38.80611142,-104.8531324,183.6
1288921,1815 PRESIDENTIAL HTS APT 627,COLO SPGS,38.804357,-104.853973,38.80516859,-104.8521285,183.5
1272484,2720 VICKERS DR APT 225,COLO SPGS,38.914631,-104.776,38.91505102,-104.7780493,183.4
1110205,1940 S CHELTON RD APT F125,COLO SPGS,38.804506,-104.752843,38.80317302,-104.7540852,183.2
1225120,2730 VICKERS DR APT 326,COLO SPGS,38.914631,-104.776,38.91548821,-104.7778089,183.2
1272490,2730 VICKERS DR APT 313,COLO SPGS,38.914631,-104.776,38.91559442,-104.7777157,183.1
1289065,1815 PRESIDENTIAL HTS APT 626,COLO SPGS,38.804357,-104.853973,38.80513894,-104.8521174,182.8
1288910,1775 PRESIDENTIAL HTS APT 426,COLO SPGS,38.804605,-104.854001,38.80611518,-104.8531722,182.6
1001745,"9350 SHOSHONE RD, GARAPT",CASCADE,38.915816,-104.99208,38.91708193,-104.9934232,182.5
1053059,"3705 S US HIGHWAY 85-87, TRF SG",COLO SPGS,38.776567,-104.780194,38.77641497,-104.7822896,182.4
1225087,2730 VICKERS DR APT 325,COLO SPGS,38.914631,-104.776,38.91545885,-104.7778196,182.4
1227159,2720 VICKERS DR APT 226,COLO SPGS,38.914631,-104.776,38.91502081,-104.7780439,182.1
1289127,1815 PRESIDENTIAL HTS APT 625,COLO SPGS,38.804357,-104.853973,38.80510929,-104.8521064,182.1
1089020,"1311 S NEVADA AVE, TRF SG",COLO SPGS,38.814456,-104.822177,38.81477779,-104.8242361,182.0
1272483,2720 VICKERS DR APT 222,COLO SPGS,38.914631,-104.776,38.9151172,-104.7780081,182.0
1270123,2730 VICKERS DR APT 314,COLO SPGS,38.914631,-104.776,38.91556506,-104.7777263,181.9
1110152,1940 S CHELTON RD APT F128,COLO SPGS,38.804506,-104.752843,38.80313116,-104.7539803,181.9
1127065,3100 WOOD AVE LOT G7,COLO SPGS,38.876145,-104.824771,38.87670538,-104.8267449,181.9
1288900,1775 PRESIDENTIAL HTS APT 427,COLO SPGS,38.804605,-104.854001,38.80611894,-104.853212,181.7
1270059,2730 VICKERS DR APT 324,COLO SPGS,38.914631,-104.776,38.91542949,-104.7778302,181.5
1289112,1815 PRESIDENTIAL HTS APT 624,COLO SPGS,38.804357,-104.853973,38.80507964,-104.8520953,181.5
1289111,1815 PRESIDENTIAL HTS APT 623,COLO SPGS,38.804357,-104.853973,38.80504999,-104.8520842,180.9
1225815,2720 VICKERS DR APT 227,COLO SPGS,38.914631,-104.776,38.9149906,-104.7780384,180.8
1225089,2730 VICKERS DR APT 315,COLO SPGS,38.914631,-104.776,38.91553571,-104.7777369,180.8
1288909,1775 PRESIDENTIAL HTS APT 428,COLO SPGS,38.804605,-104.854001,38.8061227,-104.8532519,180.8
1270062,2730 VICKERS DR APT 323,COLO SPGS,38.914631,-104.776,38.91540014,-104.7778408,180.8
1110155,1940 S CHELTON RD APT F130,COLO SPGS,38.804506,-104.752843,38.80317268,-104.7540325,180.6
1225136,2720 VICKERS DR APT 221,COLO SPGS,38.914631,-104.776,38.91508699,-104.7780026,180.5
1224512,"4071 STONE MANOR HTS, GRDHSE",COLO SPGS,38.773132,-104.850808,38.77198597,-104.8522813,180.4
1288919,1815 PRESIDENTIAL HTS APT 622,COLO SPGS,38.804357,-104.853973,38.80502034,-104.8520731,180.4
1299563,1815 PRESIDENTIAL HTS APT 621,COLO SPGS,38.804357,-104.853973,38.80499069,-104.8520621,180.0
1080697,"5845 PALMER PARK BLVD, SPKG",COLO SPGS,38.854661,-104.718599,38.85623091,-104.7180991,179.9
1268065,2730 VICKERS DR APT 316,COLO SPGS,38.914631,-104.776,38.91550635,-104.7777476,179.8
1074789,"5858 PALMER PARK BLVD, TRF SG",COLO SPGS,38.855766,-104.718148,38.85737361,-104.718372,179.8
1227160,2720 VICKERS DR APT 228,COLO SPGS,38.914631,-104.776,38.9149604,-104.778033,179.7
1289114,1815 PRESIDENTIAL HTS APT 618,COLO SPGS,38.804357,-104.853973,38.80496104,-104.852051,179.6
1312372,"5 S MARKSHEFFEL RD, BACKUP GENERATOR",COLO SPGS,38.831832,-104.6811,38.83128609,-104.6830516,179.6
1136167,"3418 W US HIGHWAY 24, VMS HWY 24 RIDGE MM 300",COLO SPGS,38.855105,-104.884172,38.85473563,-104.8821547,179.4
1216182,"1960 DIPLOMAT VW, HSEMTR",COLO SPGS,38.803837,-104.853001,38.80517488,-104.8541559,179.3
1227161,2720 VICKERS DR APT 218,COLO SPGS,38.914631,-104.776,38.91505678,-104.7779971,179.2
1219424,484 PALMER TRL,MANITOU,38.831733,-104.930127,38.830153,-104.9305371,179.2
1000704,1210 ROCK CREEK CANYON RD,COLO SPGS,38.709323,-104.850312,38.7099243,-104.8484002,178.9
1128655,725 SAN BRUNO PL,COLO SPGS,38.778681,-104.81623,38.77734069,-104.8150875,178.9
1270060,2730 VICKERS DR APT 317,COLO SPGS,38.914631,-104.776,38.91547699,-104.7777582,178.9
1269441,"6298 TWIN OAKS DR, SPKG",COLO SPGS,38.922732,-104.794516,38.92393335,-104.7958905,178.8
1268066,2720 VICKERS DR APT 231,COLO SPGS,38.914631,-104.776,38.91493019,-104.7780275,178.5
1118766,"10047 LEXINGTON DR, SPKG",COLO SPGS,38.976712,-104.775417,38.97666479,-104.7774803,178.4
1143011,"2050 ROCKHURST BLVD, LIGHTS",COLO SPGS,38.908155,-104.78935,38.90975794,-104.7893092,178.3
1110153,1940 S CHELTON RD APT F129,COLO SPGS,38.804506,-104.752843,38.80317234,-104.7539799,178.0
1133417,"6059 E PLATTE AVE, VMS EB HWY24 PL-HA MM311",COLO SPGS,38.838712,-104.715297,38.83884765,-104.7132498,178.0
1270126,2730 VICKERS DR APT 318,COLO SPGS,38.914631,-104.776,38.91544764,-104.7777688,177.9
1226475,2720 VICKERS DR APT 217,COLO SPGS,38.914631,-104.776,38.91502657,-104.7779917,177.8
1226477,2720 VICKERS DR APT 232,COLO SPGS,38.914631,-104.776,38.91489998,-104.778022,177.5
1156576,"1500 S CHELTON RD, SPKG",COLO SPGS,38.809353,-104.766173,38.80790547,-104.7670352,177.5
1100269,1940 S CHELTON RD APT F230,COLO SPGS,38.804506,-104.752843,38.80315009,-104.7539213,177.4
1006862,5414 GRANTSVILLE GRV APT 202,COLO SPGS,38.908923,-104.713257,38.90855184,-104.7112658,177.2
1268063,2730 VICKERS DR APT 321,COLO SPGS,38.914631,-104.776,38.91541828,-104.7777795,177.1
1298685,1960 DIPLOMAT VW APT 1711,COLO SPGS,38.803837,-104.853001,38.80517048,-104.8541169,177.0
1130661,"10414 S STATE HIGHWAY 115, CELLSITE",COLO SPGS,38.677856,-104.849241,38.6790928,-104.847963,176.7
1227158,2720 VICKERS DR APT 216,COLO SPGS,38.914631,-104.776,38.91499636,-104.7779862,176.6
1225135,2720 VICKERS DR APT 233,COLO SPGS,38.914631,-104.776,38.91486977,-104.7780166,176.5
1005063,5414 GRANTSVILLE GRV APT 101,COLO SPGS,38.908923,-104.713257,38.90857571,-104.7112682,176.4
1225119,2730 VICKERS DR APT 322,COLO SPGS,38.914631,-104.776,38.91538892,-104.7777901,176.3
1205848,"6690 OLD STAGE RD, PHONE EQUIPMENT",COLO SPGS,38.732595,-104.897415,38.73308826,-104.8993462,176.3
1100302,"1940 S CHELTON RD, HSE G",COLO SPGS,38.804506,-104.752843,38.80297323,-104.7533481,176.0
1005064,5414 GRANTSVILLE GRV APT 103,COLO SPGS,38.908923,-104.713257,38.90860104,-104.7112673,175.8
1175389,1480 FARNHAM PT APT 104,COLO SPGS,38.873902,-104.853973,38.87254321,-104.8550108,175.8
1011924,2720 VICKERS DR APT 234,COLO SPGS,38.914631,-104.776,38.91483956,-104.7780111,175.5
1133194,5380 SUMAC DR,USAFA,38.983525,-104.841013,38.98252573,-104.8425841,175.5
1006336,5414 GRANTSVILLE GRV APT 201,COLO SPGS,38.908923,-104.713257,38.90862371,-104.7112652,175.5
1100296,1940 S CHELTON RD APT F229,COLO SPGS,38.804506,-104.752843,38.80314981,-104.7538792,175.5
1226476,2720 VICKERS DR APT 215,COLO SPGS,38.914631,-104.776,38.91496615,-104.7779808,175.4
1068161,"2320 AMBERWOOD LN, SPKG",COLO SPGS,38.978465,-104.783503,38.97689057,-104.7834444,175.1
1006337,5414 GRANTSVILLE GRV APT 104,COLO SPGS,38.908923,-104.713257,38.90864732,-104.7112667,174.9
1298683,1960 DIPLOMAT VW APT 1712,COLO SPGS,38.803837,-104.853001,38.80516609,-104.8540778,174.8
1136168,"7463 INTERSTATE 25, VMS WOODMAN MM 149.5",COLO SPGS,38.939586,-104.812739,38.94090657,-104.8138308,174.6
1006864,5414 GRANTSVILLE GRV APT 204,COLO SPGS,38.908923,-104.713257,38.90867164,-104.7112679,174.4
1132539,"220 MESA RD, TNNSCT",COLO SPGS,38.843364,-104.828469,38.84488335,-104.8289628,174.3
1190732,"331 S 14TH ST, SIGN",COLO SPGS,38.834886,-104.847342,38.83403728,-104.8456509,174.2
1175385,1480 FARNHAM PT APT 103,COLO SPGS,38.873902,-104.853973,38.8725433,-104.8549748,174.2
1164032,"914 MOTOR CITY DR, HSE+1",COLO SPGS,38.819485,-104.839667,38.82102797,-104.839316,174.2
1272486,2720 VICKERS DR APT 214,COLO SPGS,38.914631,-104.776,38.91493595,-104.7779753,174.2
1005558,5414 GRANTSVILLE GRV APT 102,COLO SPGS,38.908923,-104.713257,38.90869527,-104.7112691,173.9
1298678,1960 DIPLOMAT VW APT 1728,COLO SPGS,38.803837,-104.853001,38.8051302,-104.8541287,173.9
1275671,"2740 VICKERS DR, HSEMTR",COLO SPGS,38.914631,-104.776,38.91590692,-104.77716,173.8
1006865,5414 GRANTSVILLE GRV APT 203,COLO SPGS,38.908923,-104.713257,38.90871917,-104.7112671,173.7
1100267,1940 S CHELTON RD APT F228,COLO SPGS,38.804506,-104.752843,38.80314954,-104.7538371,173.7
1275697,"2191 VICKERS DR, PHONE EQUIP",COLO SPGS,38.91636,-104.786692,38.91481046,-104.786948,173.7
1100300,1940 S CHELTON RD APT F321,COLO SPGS,38.804506,-104.752843,38.80319127,-104.7539208,173.5
1187090,1480 FARNHAM PT APT 201,COLO SPGS,38.873902,-104.853973,38.87256924,-104.8550093,173.2
1225814,2720 VICKERS DR APT 213,COLO SPGS,38.914631,-104.776,38.91490574,-104.7779698,173.1
1006863,"5414 GRANTSVILLE GRV, HSEMTR",COLO SPGS,38.908923,-104.713257,38.90874778,-104.7112714,172.9
1187092,1480 FARNHAM PT APT 202,COLO SPGS,38.873902,-104.853973,38.87254492,-104.8549469,172.9
1280409,"4678 CHEYENNE MOUNTAIN HWY, PUMP STATION",COLO SPGS,38.764449,-104.86575,38.76565577,-104.8644942,172.8
1123182,3100 WOOD AVE LOT H6,COLO SPGS,38.876311,-104.824895,38.87670583,-104.8268237,172.6
1298668,1960 DIPLOMAT VW APT 1713,COLO SPGS,38.803837,-104.853001,38.8051617,-104.8540387,172.6
1226480,2740 VICKERS DR APT 434,COLO SPGS,38.914631,-104.776,38.91592648,-104.777099,172.6
1229607,5015 N SPLENDID CIR,COLO SPGS,38.893217,-104.733857,38.89351313,-104.7358133,172.5
1100283,1940 S CHELTON RD APT G231,COLO SPGS,38.804506,-104.752843,38.80300311,-104.7533333,172.4
1225137,2720 VICKERS DR APT 212,COLO SPGS,38.914631,-104.776,38.91487553,-104.7779644,172.1
1001209,11230 HONDO AVE,GN MTN FLS,38.934195,-105.029758,38.93489303,-105.0279839,172.0
1187608,914 MOTOR CITY DR,COLO SPGS,38.819485,-104.839667,38.82103125,-104.839678,171.9
1110199,1940 S CHELTON RD APT F227,COLO SPGS,38.804506,-104.752843,38.80314927,-104.753795,171.9
1181154,1480 FARNHAM PT APT 102,COLO SPGS,38.873902,-104.853973,38.87254495,-104.8549214,171.8
1181152,1480 FARNHAM PT APT 208,COLO SPGS,38.873902,-104.853973,38.8725678,-104.8549745,171.8
1100297,1940 S CHELTON RD APT F322,COLO SPGS,38.804506,-104.752843,38.803191,-104.7538787,171.6
1033287,10509 FOREST CREEK DR,COLO SPGS,38.984427,-104.758771,38.98571305,-104.7598679,171.6
1298648,1960 DIPLOMAT VW APT 1727,COLO SPGS,38.803837,-104.853001,38.80512574,-104.854089,171.5
1205530,"3200 N NEVADA AVE, SIGN",COLO SPGS,38.877505,-104.81899,38.8790387,-104.8191993,171.5
1269457,2720 VICKERS DR APT 211,COLO SPGS,38.914631,-104.776,38.91484532,-104.7779589,171.1
1165365,"2115 JANITELL RD, LIGHTS",COLO SPGS,38.803228,-104.793899,38.80413549,-104.792309,170.8
1074088,"8514 CRITERION DR, CELLSITE",COLO SPGS,38.958995,-104.788154,38.95752888,-104.7875686,170.7
1073562,"940 S POWERS BLVD, CELLSITE",COLO SPGS,38.818655,-104.728854,38.81874406,-104.7308208,170.7
1226448,2740 VICKERS DR APT 411,COLO SPGS,38.914631,-104.776,38.9158911,-104.777126,170.7
1181153,1480 FARNHAM PT APT 204,COLO SPGS,38.873902,-104.853973,38.87256974,-104.8549448,170.4
1298666,1960 DIPLOMAT VW APT 1714,COLO SPGS,38.803837,-104.853001,38.80515731,-104.8539996,170.4
1131224,"1520 HANCOCK EXPY, TRLR",COLO SPGS,38.811875,-104.797441,38.81259801,-104.7991748,170.4
1110204,1940 S CHELTON RD APT F226,COLO SPGS,38.804506,-104.752843,38.803149,-104.7537528,170.2
1275723,"2720 VICKERS DR, HSEMTR",COLO SPGS,38.914631,-104.776,38.91481511,-104.7779535,170.2
1181155,1480 FARNHAM PT APT 206,COLO SPGS,38.873902,-104.853973,38.8725507,-104.8548943,170.1
1100295,1940 S CHELTON RD APT F323,COLO SPGS,38.804506,-104.752843,38.80319073,-104.7538366,169.7
1267044,2740 VICKERS DR APT 433,COLO SPGS,38.914631,-104.776,38.91591087,-104.7770655,169.6
1013010,6140 TRANSMITTER LN BLDG A1,COLO SPGS,38.745369,-104.860068,38.74576972,-104.8619554,169.6
1175391,1480 FARNHAM PT APT 203,COLO SPGS,38.873902,-104.853973,38.87254747,-104.8548649,169.3
1298681,1960 DIPLOMAT VW APT 1726,COLO SPGS,38.803837,-104.853001,38.80512128,-104.8540493,169.2
1205592,2425 SINTON RD,COLO SPGS,38.867638,-104.83269,38.86915649,-104.8327856,169.1
1175388,1480 FARNHAM PT APT 207,COLO SPGS,38.873902,-104.853973,38.87257188,-104.8549171,169.0
1007861,5430 GRANTSVILLE GRV APT 202,COLO SPGS,38.908923,-104.713257,38.9084794,-104.711389,169.0
1100285,1940 S CHELTON RD APT G232,COLO SPGS,38.804506,-104.752843,38.80303299,-104.7533186,168.9
1208542,3100 1/2 N NEVADA AVE,COLO SPGS,38.877088,-104.819252,38.87728585,-104.8211859,168.8
1221922,"402 W FONTANERO ST, TRKHTR",COLO SPGS,38.861252,-104.831448,38.86243312,-104.8302242,168.7
1110207,1940 S CHELTON RD APT F225,COLO SPGS,38.804506,-104.752843,38.80314873,-104.7537107,168.6
1279079,"3310 ALLEGHENY DR, SPKG",COLO SPGS,38.93685,-104.874588,38.93810592,-104.8756802,168.6
1174707,"2210 JANITELL RD, B",COLO SPGS,38.803637,-104.795272,38.80454295,-104.7937118,168.6
1215974,"2220 MONTEBELLO DR W, SPKG",COLO SPGS,38.905102,-104.785928,38.90661674,-104.7859956,168.5
1298669,1960 DIPLOMAT VW APT 1715,COLO SPGS,38.803837,-104.853001,38.80515292,-104.8539606,168.3
1072096,6130 TRANSMITTER LN,COLO SPGS,38.745369,-104.860068,38.7458669,-104.8618995,168.2
1073249,"1480 FARNHAM PT, HSEMTR",COLO SPGS,38.873902,-104.853973,38.87254683,-104.8548318,168.0
1011424,"6019 POUDRE WAY, PHONE",COLO SPGS,38.919072,-104.711369,38.92058045,-104.7112675,168.0
1100268,1940 S CHELTON RD APT F324,COLO SPGS,38.804506,-104.752843,38.80319046,-104.7537945,167.9
1123192,3100 WOOD AVE LOT I17,COLO SPGS,38.876568,-104.824443,38.87668499,-104.8263756,167.8
1175390,1480 FARNHAM PT APT 205,COLO SPGS,38.873902,-104.853973,38.87257232,-104.8548896,167.8
1167904,914 MOTOR CITY DR STE A2,COLO SPGS,38.81953,-104.839459,38.82102889,-104.8392461,167.7
1267045,2740 VICKERS DR APT 412,COLO SPGS,38.914631,-104.776,38.91587548,-104.7770924,167.6
1046601,3499 WIND WAKER WAY,COLO SPGS,38.992441,-104.762596,38.99235016,-104.7606668,167.0
1100294,"1940 S CHELTON RD, HSE F",COLO SPGS,38.804506,-104.752843,38.80314846,-104.7536686,167.0
1298667,1960 DIPLOMAT VW APT 1725,COLO SPGS,38.803837,-104.853001,38.80511682,-104.8540096,167.0
1306440,6265 OLD STAGE RD,COLO SPGS,38.743567,-104.889289,38.74339143,-104.8912019,167.0
1187093,1480 FARNHAM PT APT 101,COLO SPGS,38.873902,-104.853973,38.8725717,-104.8548644,166.8
1012538,"5802 E WOODMEN RD, TRF SG",COLO SPGS,38.940542,-104.719352,38.9405021,-104.7174253,166.7
1267043,2740 VICKERS DR APT 432,COLO SPGS,38.914631,-104.776,38.91589525,-104.7770319,166.5
1006821,5430 GRANTSVILLE GRV APT 201,COLO SPGS,38.908923,-104.713257,38.90847996,-104.7114201,166.4
1001316,4860 PIKES PEAK HWY,CASCADE,38.90319,-104.974344,38.90172746,-104.973945,166.3
1100313,1940 S CHELTON RD APT F325,COLO SPGS,38.804506,-104.752843,38.80319019,-104.7537524,166.2
1298649,1960 DIPLOMAT VW APT 1716,COLO SPGS,38.803837,-104.853001,38.80514853,-104.8539215,166.2
1126124,"2115 W US HIGHWAY 24, SIGN",COLO SPGS,38.842257,-104.862945,38.84136104,-104.8614092,166.2
1098924,"1423 S MURRAY BLVD, TRF SG",COLO SPGS,38.811966,-104.748335,38.81325,-104.7473625,165.8
1136511,"5538 TECH CENTER DR, PHONE EQUIP",COLO SPGS,38.91109,-104.830482,38.91145768,-104.8286268,165.6
1187201,914 MOTOR CITY DR STE A5,COLO SPGS,38.819541,-104.83923,38.8210277,-104.8393465,165.6
1034886,"2801 WOODLAND HILLS DR, SPKG",COLO SPGS,38.930993,-104.772887,38.93049299,-104.77469,165.6
1100284,1940 S CHELTON RD APT G233,COLO SPGS,38.804506,-104.752843,38.80306287,-104.7533038,165.4
1205865,"1795 PRESIDENTIAL HTS, HSEMTR",COLO SPGS,38.80485,-104.853977,38.80557389,-104.8523117,165.2
1289104,1960 DIPLOMAT VW APT 1724,COLO SPGS,38.803837,-104.853001,38.80511236,-104.8539699,164.8
1289068,1795 PRESIDENTIAL HTS APT 502,COLO SPGS,38.80485,-104.853977,38.80559752,-104.8523364,164.7
1005474,6725 PARK AVE,GN MTN FLS,38.930971,-105.014516,38.93011723,-105.0160707,164.6
1100266,1940 S CHELTON RD APT F326,COLO SPGS,38.804506,-104.752843,38.80318992,-104.7537103,164.5
1286251,2740 VICKERS DR APT 413,COLO SPGS,38.914631,-104.776,38.91585987,-104.7770589,164.5
1298646,1960 DIPLOMAT VW APT 1717,COLO SPGS,38.803837,-104.853001,38.80514414,-104.8538824,164.2
1289069,1795 PRESIDENTIAL HTS APT 504,COLO SPGS,38.80485,-104.853977,38.80562114,-104.852361,164.2
1006804,5430 GRANTSVILLE GRV APT 204,COLO SPGS,38.908923,-104.713257,38.90847965,-104.7114507,163.9
1289096,1795 PRESIDENTIAL HTS APT 506,COLO SPGS,38.80485,-104.853977,38.80564477,-104.8523857,163.8
1011940,248 CRYSTAL PARK RD,MANITOU,38.848238,-104.897266,38.84773206,-104.8990399,163.6
1226447,2740 VICKERS DR APT 431,COLO SPGS,38.914631,-104.776,38.91587963,-104.7769984,163.5
1299564,1795 PRESIDENTIAL HTS APT 508,COLO SPGS,38.80485,-104.853977,38.80566839,-104.8524104,163.4
1013064,,,38.848238,-104.897266,38.84781391,-104.8990713,163.3
1123203,330 KAREN LN,COLO SPGS,38.877901,-104.82842,38.87884216,-104.8269735,163.2
1289050,1795 PRESIDENTIAL HTS APT 511,COLO SPGS,38.80485,-104.853977,38.80569202,-104.8524351,163.1
1289132,1795 PRESIDENTIAL HTS APT 512,COLO SPGS,38.80485,-104.853977,38.80571564,-104.8524597,162.9
1289097,1795 PRESIDENTIAL HTS APT 514,COLO SPGS,38.80485,-104.853977,38.80573927,-104.8524844,162.8
1289098,1795 PRESIDENTIAL HTS APT 516,COLO SPGS,38.80485,-104.853977,38.80576289,-104.8525091,162.7
1289048,1795 PRESIDENTIAL HTS APT 517,COLO SPGS,38.80485,-104.853977,38.80578652,-104.8525337,162.7
1298679,1960 DIPLOMAT VW APT 1723,COLO SPGS,38.803837,-104.853001,38.8051079,-104.8539302,162.6
1092159,4065 COLONY HILLS CIR,COLO SPGS,38.783082,-104.75252,38.78451617,-104.7528804,162.5
1090426,"535 AIR LN, A",COLO SPGS,38.840219,-104.689557,38.83935012,-104.6880513,162.3
1298682,1960 DIPLOMAT VW APT 1718,COLO SPGS,38.803837,-104.853001,38.80513975,-104.8538433,162.2
1100312,1940 S CHELTON RD APT G234,COLO SPGS,38.804506,-104.752843,38.80309275,-104.7532891,161.8
1275703,2740 VICKERS DR APT 414,COLO SPGS,38.914631,-104.776,38.91584425,-104.7770253,161.5
1073912,6191 TRANSMITTER LN,COLO SPGS,38.745363,-104.860068,38.74586316,-104.8618157,161.4
1006802,5430 GRANTSVILLE GRV APT 203,COLO SPGS,38.908923,-104.713257,38.90848123,-104.7114809,161.3
1100310,1940 S CHELTON RD APT G136,COLO SPGS,38.804506,-104.752843,38.80308335,-104.753207,161.3
1031761,"3511 E WOODMEN RD, SIGN",COLO SPGS,38.93703,-104.761279,38.93758261,-104.7595558,161.2
1207275,,,38.868169,-104.759737,38.8681293,-104.7615982,161.2
1265296,"4314 BARNES RD, TRF SG",COLO SPGS,38.896799,-104.747097,38.89710927,-104.7452796,161.0
1302839,"1803 BRIARGATE PKWY, SPKG",COLO SPGS,38.966289,-104.797772,38.96497059,-104.798542,161.0
1298684,1960 DIPLOMAT VW APT 1722,COLO SPGS,38.803837,-104.853001,38.80510344,-104.8538905,160.5
1226478,2740 VICKERS DR APT 428,COLO SPGS,38.914631,-104.776,38.91586401,-104.7769648,160.5
1127305,1835 PRESIDENTIAL HTS APT 818,COLO SPGS,38.803905,-104.853947,38.80437955,-104.8521986,160.4
1289049,1795 PRESIDENTIAL HTS APT 528,COLO SPGS,38.80485,-104.853977,38.80556909,-104.8523747,160.2
1090424,535 AIR LN,COLO SPGS,38.840219,-104.689557,38.83938368,-104.6880547,159.9
1289070,1795 PRESIDENTIAL HTS APT 527,COLO SPGS,38.80485,-104.853977,38.80559301,-104.8523997,159.7
1006341,"5398 GRANTSVILLE GRV, HSEMTR",COLO SPGS,38.908923,-104.713257,38.90882462,-104.7114168,159.6
1147829,"808 CITADEL DR E, SPKG",COLO SPGS,38.844552,-104.759201,38.84421335,-104.7609924,159.6
1289133,1795 PRESIDENTIAL HTS APT 526,COLO SPGS,38.80485,-104.853977,38.80561694,-104.8524246,159.3
1203523,"2581 STEEL DR, SWITCH HEATER",COLO SPGS,38.868846,-104.832331,38.8702548,-104.8326599,159.2
1127047,3100 WOOD AVE LOT I16,COLO SPGS,38.876556,-104.824531,38.87658912,-104.8263674,159.0
1106232,"1940 S CHELTON RD, HSE D",COLO SPGS,38.804506,-104.752843,38.80351146,-104.7541612,159.0
1289095,1795 PRESIDENTIAL HTS APT 525,COLO SPGS,38.80485,-104.853977,38.80564086,-104.8524496,158.9
1006819,5430 GRANTSVILLE GRV APT 104,COLO SPGS,38.908923,-104.713257,38.90848253,-104.7115126,158.7
1289067,1795 PRESIDENTIAL HTS APT 524,COLO SPGS,38.80485,-104.853977,38.80566478,-104.8524746,158.6
1298647,1960 DIPLOMAT VW APT 1721,COLO SPGS,38.803837,-104.853001,38.80509898,-104.8538508,158.5
1226479,2740 VICKERS DR APT 415,COLO SPGS,38.914631,-104.776,38.91582863,-104.7769918,158.4
1289047,1795 PRESIDENTIAL HTS APT 523,COLO SPGS,38.80485,-104.853977,38.8056887,-104.8524996,158.4
1100304,1940 S CHELTON RD APT G235,COLO SPGS,38.804506,-104.752843,38.80312263,-104.7532743,158.3
1280159,1835 PRESIDENTIAL HTS APT 821,COLO SPGS,38.803905,-104.853947,38.80435042,-104.8522118,158.3
1299565,1795 PRESIDENTIAL HTS APT 522,COLO SPGS,38.80485,-104.853977,38.80571262,-104.8525245,158.2
1289134,1795 PRESIDENTIAL HTS APT 518,COLO SPGS,38.80485,-104.853977,38.80576046,-104.8525745,158.2
1289131,1795 PRESIDENTIAL HTS APT 521,COLO SPGS,38.80485,-104.853977,38.80573654,-104.8525495,158.2
1277241,1826 LA BELLEZZA GRV,COLO SPGS,38.945565,-104.861977,38.94460995,-104.8606213,158.2
1207682,"3303 N HANCOCK AVE, CLUB HOUSE",COLO SPGS,38.879951,-104.802648,38.88137057,-104.8025393,158.1
1187989,"220 W CIMARRON ST, SIGN",COLO SPGS,38.827317,-104.830209,38.82726417,-104.8320306,157.9
1310486,"1506 JAMBOREE DR, SPKG",COLO SPGS,38.950359,-104.796109,38.9496341,-104.797676,157.7
1100303,1940 S CHELTON RD APT G135,COLO SPGS,38.804506,-104.752843,38.80311396,-104.7531914,157.7
1267066,2740 VICKERS DR APT 427,COLO SPGS,38.914631,-104.776,38.91584839,-104.7769313,157.5
1165364,2115 JANITELL RD,COLO SPGS,38.803229,-104.793899,38.80424437,-104.7926382,157.1
1110170,1940 S CHELTON RD APT D314,COLO SPGS,38.804506,-104.752843,38.80353758,-104.7541615,157.0
1005062,5398 GRANTSVILLE GRV APT 104,COLO SPGS,38.908923,-104.713257,38.90882169,-104.7114479,156.9
1299317,1835 PRESIDENTIAL HTS APT 817,COLO SPGS,38.803905,-104.853947,38.80439327,-104.8522483,156.9
1060281,"8455 VISTA DEL PICO BLVD, LIGHTS",COLO SPGS,38.934179,-104.670949,38.93526943,-104.6720948,156.6
1280146,1835 PRESIDENTIAL HTS APT 822,COLO SPGS,38.803905,-104.853947,38.8043213,-104.8522249,156.2
1200401,"3688 PARKMOOR VILLAGE DR, LNDRY C",COLO SPGS,38.877527,-104.75981,38.87893112,-104.7597558,156.2
1007859,5430 GRANTSVILLE GRV APT 102,COLO SPGS,38.908923,-104.713257,38.90848277,-104.7115439,156.1
1150730,"2650 HANCOCK EXPY, SIGN",COLO SPGS,38.792075,-104.764568,38.79271491,-104.7661703,156.0
1110150,1940 S CHELTON RD APT D317,COLO SPGS,38.804506,-104.752843,38.80355638,-104.7541612,155.6
1226446,2740 VICKERS DR APT 416,COLO SPGS,38.914631,-104.776,38.91581301,-104.7769583,155.4
1110168,1940 S CHELTON RD APT D315,COLO SPGS,38.804506,-104.752843,38.80353291,-104.75413,155.4
1100311,1940 S CHELTON RD APT G236,COLO SPGS,38.804506,-104.752843,38.80315251,-104.7532595,154.8
1298506,1835 PRESIDENTIAL HTS APT 816,COLO SPGS,38.803905,-104.853947,38.8043645,-104.8522612,154.8
1270143,2740 VICKERS DR APT 426,COLO SPGS,38.914631,-104.776,38.91583278,-104.7768977,154.6
1011569,"6098 BARNES RD, SPKG E",COLO SPGS,38.89452,-104.715299,38.89539034,-104.7139052,154.6
1006339,5398 GRANTSVILLE GRV APT 203,COLO SPGS,38.908923,-104.713257,38.9088233,-104.7114787,154.3
1280145,1835 PRESIDENTIAL HTS APT 823,COLO SPGS,38.803905,-104.853947,38.80429217,-104.8522381,154.2
1100305,1940 S CHELTON RD APT G134,COLO SPGS,38.804506,-104.752843,38.80314457,-104.7531758,154.1
1302958,"3344 SOARING BIRD CIR, SPKG",COLO SPGS,38.949297,-104.769735,38.94997252,-104.7681828,153.8
1113820,1940 S CHELTON RD APT D318,COLO SPGS,38.804506,-104.752843,38.80355856,-104.7541306,153.5
1123183,3100 WOOD AVE LOT I13,COLO SPGS,38.876547,-104.824791,38.87607528,-104.8264577,153.5
1113823,1940 S CHELTON RD APT D316,COLO SPGS,38.804506,-104.752843,38.80358497,-104.7541598,153.3
1006818,5430 GRANTSVILLE GRV APT 103,COLO SPGS,38.908923,-104.713257,38.90848158,-104.7115789,153.3
1068165,"765 INTERQUEST PKWY, STLITE",COLO SPGS,38.990759,-104.814147,38.99062283,-104.8123816,153.3
1280148,1835 PRESIDENTIAL HTS APT 814,COLO SPGS,38.803905,-104.853947,38.80433574,-104.8522742,152.7
1001870,"5450 PIKES PEAK TOLL RD, CRYSTAL",CASCADE,38.921178,-105.026721,38.92077541,-105.0250337,152.7
1270144,2740 VICKERS DR APT 417,COLO SPGS,38.914631,-104.776,38.91579739,-104.7769247,152.4
1153395,"55 CLUBHOUSE DR, PHONE EQUIP",COLO SPGS,38.784239,-104.822312,38.7855782,-104.8219442,152.3
1280158,1835 PRESIDENTIAL HTS APT 824,COLO SPGS,38.803905,-104.853947,38.80426304,-104.8522512,152.2
1303841,2130 SUMMERSET DR,COLO SPGS,38.950721,-104.789287,38.95172337,-104.7880945,151.8
1020709,"5035 BALSAM ST, SPKG",COLO SPGS,38.923163,-104.733101,38.92382208,-104.7346377,151.8
1073744,6120 TRANSMITTER LN BLDG A1,COLO SPGS,38.745369,-104.860068,38.74582605,-104.8617158,151.7
1267065,2740 VICKERS DR APT 425,COLO SPGS,38.914631,-104.776,38.91581716,-104.7768642,151.6
1110198,1940 S CHELTON RD APT D313,COLO SPGS,38.804506,-104.752843,38.80358397,-104.7541296,151.5
1155513,"52 S MURRAY BLVD, TELMTR",COLO SPGS,38.834434,-104.745615,38.83338339,-104.7467291,151.5
1110171,1940 S CHELTON RD APT D215,COLO SPGS,38.804506,-104.752843,38.80361184,-104.7541595,151.3
1005559,5398 GRANTSVILLE GRV APT 102,COLO SPGS,38.908923,-104.713257,38.90882456,-104.7115133,151.3
1310911,"3525 RESEARCH PKWY, SPKG",COLO SPGS,38.956543,-104.766375,38.95659693,-104.7646277,151.2
1273233,"6998 N ACADEMY BLVD, SIGN",COLO SPGS,38.932167,-104.796149,38.93266847,-104.7977716,151.0
1265314,"5079 N ACADEMY BLVD, TRF SG",COLO SPGS,38.90435,-104.774189,38.90481835,-104.7758264,151.0
1307887,"55 EL PASO BLVD, BALL PARK",MANITOU,38.858569,-104.889357,38.85876883,-104.8910807,150.9
1124818,3600 N CASCADE AVE LOT 56,COLO SPGS,38.883966,-104.822714,38.88390756,-104.8244535,150.7
1298508,1835 PRESIDENTIAL HTS APT 812,COLO SPGS,38.803905,-104.853947,38.80430697,-104.8522872,150.6
1005882,,,38.669029,-104.867414,38.66778583,-104.8667246,150.6
1006820,5430 GRANTSVILLE GRV APT 101,COLO SPGS,38.908923,-104.713257,38.90848326,-104.7116115,150.5
1100280,1940 S CHELTON RD APT G133,COLO SPGS,38.804506,-104.752843,38.80317518,-104.7531602,150.5
1224514,"3704 W COLORADO AVE, WSHHSE",COLO SPGS,38.857379,-104.886065,38.85873265,-104.8860654,150.5
1127046,3100 WOOD AVE LOT I15,COLO SPGS,38.876552,-104.824622,38.87648185,-104.8263585,150.5
1298509,1835 PRESIDENTIAL HTS APT 825,COLO SPGS,38.803905,-104.853947,38.80423392,-104.8522644,150.3
1190758,462 N LIMIT ST,COLO SPGS,38.842689,-104.840901,38.84143853,-104.840248,150.1
1048669,2220 LA LOMA CIR,COLO SPGS,38.669029,-104.867414,38.66778298,-104.8667626,149.6
1286200,"2519 OLD BROADMOOR RD, PHONE EQUIP",COLO SPGS,38.795,-104.833573,38.79634429,-104.8336537,149.6
1113810,1940 S CHELTON RD APT D117,COLO SPGS,38.804506,-104.752843,38.80363583,-104.7541567,149.4
1110169,1940 S CHELTON RD APT D115,COLO SPGS,38.804506,-104.752843,38.80361078,-104.7541294,149.4
1267063,2740 VICKERS DR APT 418,COLO SPGS,38.914631,-104.776,38.91578178,-104.7768912,149.4
1062022,895 PISTOL RIVER WAY,COLO SPGS,39.010883,-104.809976,39.0112287,-104.8116461,149.3
1275928,"3702 INTERSTATE 25, CAMERA",COLO SPGS,38.886195,-104.835761,38.88485793,-104.8359162,149.3
1000570,"8160 EMPORIA AVE, CV",CASCADE,38.897128,-104.971903,38.89613133,-104.9730579,149.2
1146848,"610 S CHELTON RD, HSEMTRE",COLO SPGS,38.822816,-104.770975,38.82246943,-104.7726359,149.0
1157895,"102 PRINTERS PKWY, SPKG",COLO SPGS,38.832059,-104.788437,38.83072428,-104.7883194,148.8
1307142,903 W CHEYENNE RD REAR,COLO SPGS,38.800476,-104.84295,38.79916273,-104.8426231,148.8
1127434,2740 VICKERS DR APT 424,COLO SPGS,38.914631,-104.776,38.91580154,-104.7768306,148.7
1012539,"7033 N CAREFREE CIR, TRF SG",COLO SPGS,38.885011,-104.698931,38.88628006,-104.6983894,148.7
1276170,1835 PRESIDENTIAL HTS APT 811,COLO SPGS,38.803905,-104.853947,38.8042782,-104.8523002,148.6
1113806,"1897 1/2 S ACADEMY BLVD, SPKG",COLO SPGS,38.805141,-104.755563,38.80510457,-104.7572767,148.6
1003663,"8160 PIUTE RD, PROPANE SYSTEM",COLO SPGS,38.714458,-104.829736,38.71388476,-104.8281893,148.6
1280147,1835 PRESIDENTIAL HTS APT 826,COLO SPGS,38.803905,-104.853947,38.80420479,-104.8522775,148.5
1006837,5398 GRANTSVILLE GRV APT 103,COLO SPGS,38.908923,-104.713257,38.90882532,-104.7115483,148.2
1304034,"7188 N ACADEMY BLVD, TELMTR",COLO SPGS,38.935443,-104.798018,38.93452955,-104.7992608,147.9
1006805,"5430 GRANTSVILLE GRV, HSEMTR",COLO SPGS,38.908923,-104.713257,38.90848426,-104.711645,147.8
1135863,"3963 S US HIGHWAY 85-87, TRF SG",COLO SPGS,38.777476,-104.770663,38.77720809,-104.7723323,147.7
1113808,1940 S CHELTON RD APT D116,COLO SPGS,38.804506,-104.752843,38.80363593,-104.754127,147.4
1110148,1940 S CHELTON RD APT D114,COLO SPGS,38.804506,-104.752843,38.80366337,-104.7541568,147.4
1155450,"3375 GLENARM RD, PMPHSE",COLO SPGS,38.770338,-104.764745,38.77155926,-104.7654069,147.4
1067502,"10095 LEXINGTON DR, MODULAR",COLO SPGS,38.976931,-104.775744,38.97822155,-104.7761306,147.3
1073959,6195 TRANSMITTER LN,COLO SPGS,38.745369,-104.860068,38.74476834,-104.861578,147.0
1100278,1940 S CHELTON RD APT G132,COLO SPGS,38.804506,-104.752843,38.80320579,-104.7531447,146.9
1276169,1835 PRESIDENTIAL HTS APT 808,COLO SPGS,38.803905,-104.853947,38.80424944,-104.8523132,146.7
1299316,1835 PRESIDENTIAL HTS APT 827,COLO SPGS,38.803905,-104.853947,38.80417567,-104.8522907,146.6
1267046,2740 VICKERS DR APT 421,COLO SPGS,38.914631,-104.776,38.91576616,-104.7768576,146.4
1127112,3100 WOOD AVE LOT I14,COLO SPGS,38.87655,-104.824696,38.87639137,-104.8263688,145.9
1190760,460 N LIMIT ST,COLO SPGS,38.842643,-104.840831,38.84141265,-104.8402456,145.9
1226481,2740 VICKERS DR APT 423,COLO SPGS,38.914631,-104.776,38.91578592,-104.7767971,145.8
1113822,1940 S CHELTON RD APT D118,COLO SPGS,38.804506,-104.752843,38.80368579,-104.754156,145.8
1275721,"2710 VICKERS DR, HSEMTR",COLO SPGS,38.914631,-104.776,38.91472721,-104.7776768,145.5
1006834,5398 GRANTSVILLE GRV APT 101,COLO SPGS,38.908923,-104.713257,38.90882717,-104.7115814,145.4
1110196,1940 S CHELTON RD APT D113,COLO SPGS,38.804506,-104.752843,38.80366393,-104.7541274,145.4
1072287,"4180 BARDOT DR, PHONE EQUIP",COLO SPGS,38.960162,-104.748655,38.96082497,-104.7472088,145.2
1008264,"4783 DESERT VARNISH DR, SPKG",,38.901099,-104.68814,38.90054224,-104.6896551,145.0
1280157,1835 PRESIDENTIAL HTS APT 828,COLO SPGS,38.803905,-104.853947,38.80414654,-104.8523038,144.9
1299315,1835 PRESIDENTIAL HTS APT 806,COLO SPGS,38.803905,-104.853947,38.80422067,-104.8523262,144.8
1011456,"5807 BARNES RD, TRF SG",COLO SPGS,38.893315,-104.719086,38.89335696,-104.7174175,144.5
1107845,"2750 S ACADEMY BLVD, TRF SG",COLO SPGS,38.792555,-104.759315,38.7930461,-104.7577741,144.3
1001055,11415 BELVIDERE AVE,GN MTN FLS,38.935397,-105.030339,38.93664208,-105.0298711,144.2
1110151,1940 S CHELTON RD APT D214,COLO SPGS,38.804506,-104.752843,38.80371499,-104.754162,144.2
1040842,"6255 PRAIRIE HILLS VW, G6+7",COLO SPGS,38.911295,-104.713526,38.9113602,-104.7118677,143.7
1310159,3050 HOLLYCREST DR,COLO SPGS,38.971603,-104.773248,38.97094563,-104.7718186,143.6
1226493,2710 VICKERS DR APT 134,COLO SPGS,38.914631,-104.776,38.91467765,-104.7776589,143.6
1110197,1940 S CHELTON RD APT D213,COLO SPGS,38.804506,-104.752843,38.80368944,-104.7541275,143.6
1197358,"3100 N NEVADA AVE, SPKG",COLO SPGS,38.877023,-104.821223,38.87686584,-104.8195765,143.6
1265286,"5873 N NEVADA AVE, TRF SG",COLO SPGS,38.915143,-104.815038,38.91540322,-104.8166635,143.6
1226449,2740 VICKERS DR APT 422,COLO SPGS,38.914631,-104.776,38.91575054,-104.7768241,143.5
1006835,5462 GRANTSVILLE GRV APT 101,COLO SPGS,38.908923,-104.713257,38.9082508,-104.7118438,143.3
1100282,1940 S CHELTON RD APT G131,COLO SPGS,38.804506,-104.752843,38.8032364,-104.7531291,143.3
1123207,3100 WOOD AVE LOT I10,COLO SPGS,38.876546,-104.825153,38.87565672,-104.8263514,143.3
1298507,1835 PRESIDENTIAL HTS APT 804,COLO SPGS,38.803905,-104.853947,38.80419191,-104.8523392,142.9
1001138,5575 KULSA RD,CASCADE,38.912922,-104.984928,38.91290746,-104.9865771,142.7
1059646,751 S ACADEMY BLVD,COLO SPGS,38.820497,-104.757163,38.82177324,-104.7570004,142.6
1278107,601 SOUTHSIDE RD,MANITOU,38.853364,-104.914235,38.85244513,-104.9130889,142.4
1231844,"3650 1/2 BRADLEY RD, RRX SG",COLO SPGS,38.770307,-104.760835,38.77124173,-104.7619536,142.2
1113809,1940 S CHELTON RD APT D216,COLO SPGS,38.804506,-104.752843,38.80374131,-104.7541587,142.2
1268072,2710 VICKERS DR APT 111,COLO SPGS,38.914631,-104.776,38.91471606,-104.7776399,142.2
1006340,5398 GRANTSVILLE GRV APT 204,COLO SPGS,38.908923,-104.713257,38.90882734,-104.7116184,142.2
1113811,1940 S CHELTON RD APT D217,COLO SPGS,38.804506,-104.752843,38.80371779,-104.7541303,141.9
1010055,"9280 GRAND CORDERA PKWY, MAINT BLDG",COLO SPGS,38.964674,-104.73556,38.96574218,-104.7364581,141.9
1006836,5462 GRANTSVILLE GRV APT 102,COLO SPGS,38.908923,-104.713257,38.90827752,-104.7118442,141.8
1071772,"615 S CHELTON RD, RESTRM",COLO SPGS,38.821751,-104.763805,38.82161324,-104.7654287,141.5
1002006,"8655 W US HIGHWAY 24, GASPMP",CASCADE,38.915416,-104.981956,38.91464078,-104.9806602,141.4
1123208,3100 WOOD AVE LOT I11,COLO SPGS,38.876544,-104.825048,38.87579505,-104.8263674,141.4
1280160,1835 PRESIDENTIAL HTS APT 802,COLO SPGS,38.803905,-104.853947,38.80416314,-104.8523522,141.1
1001066,9860 FOUNTAIN RD,CASCADE,38.92355,-105.001207,38.92443313,-105.0023771,141.0
1225311,2710 VICKERS DR APT 133,COLO SPGS,38.914631,-104.776,38.91466663,-104.7776225,140.4
1142374,"3110 ORO BLANCO DR, TRF SG",COLO SPGS,38.877626,-104.741035,38.87671918,-104.7399062,140.4
1136239,"5108 N NEVADA AVE, TRF SG",COLO SPGS,38.902215,-104.818237,38.90337957,-104.817612,140.3
1155449,"900 AVIATION WAY, S MTR STATION PAFB DISCH",COLO SPGS,38.816338,-104.722987,38.81551971,-104.7242179,140.2
1113821,1940 S CHELTON RD APT D218,COLO SPGS,38.804506,-104.752843,38.80374181,-104.7541292,140.2
1006833,5462 GRANTSVILLE GRV APT 104,COLO SPGS,38.908923,-104.713257,38.90830411,-104.7118461,140.1
1002166,9525 MOHAWK TRL,CASCADE,38.919271,-104.996811,38.91802085,-104.9970079,140.1
1297573,"3379 BROADMOOR VALLEY RD, CV",COLO SPGS,38.784691,-104.827612,38.78457824,-104.829219,139.9
1301006,"97 PRO RODEO DR, LIGHTS",COLO SPGS,38.912435,-104.823484,38.913268,-104.8246952,139.9
1148232,5102 GALLEY RD LOT 129A,COLO SPGS,38.848109,-104.736876,38.84738177,-104.7355615,139.6
1225413,"5803 N CAREFREE CIR, LIGHTS",COLO SPGS,38.88506,-104.718754,38.88505768,-104.7203666,139.6
1286174,"1835 PRESIDENTIAL HTS, HSEMTR",COLO SPGS,38.803905,-104.853947,38.80413437,-104.8523652,139.4
1002669,4210 OUTPOST RD,CASCADE,38.893674,-104.964349,38.89258394,-104.9635554,139.3
1000707,1350 ROCK CREEK CANYON RD,COLO SPGS,38.709671,-104.851017,38.71029134,-104.8524085,139.1
1012846,"2325 SINTON RD, COMTWR",COLO SPGS,38.865975,-104.83253,38.86474049,-104.8327807,139.0
1226491,2710 VICKERS DR APT 112,COLO SPGS,38.914631,-104.776,38.91470504,-104.7776035,139.0
1006803,5398 GRANTSVILLE GRV APT 201,COLO SPGS,38.908923,-104.713257,38.90882796,-104.7116555,139.0
1006830,5462 GRANTSVILLE GRV APT 201,COLO SPGS,38.908923,-104.713257,38.90833115,-104.7118434,138.9
1126944,1086 GOLD CAMP RD,COLO SPGS,38.816485,-104.883656,38.81663907,-104.8820666,138.8
1227446,"4716 BARNES RD, TELMTR",COLO SPGS,38.897071,-104.742165,38.89707159,-104.740565,138.5
1123032,3029 N EL PASO ST UNIT A,COLO SPGS,38.874845,-104.812505,38.8760822,-104.812341,138.3
1201748,"1420 AUSTIN BLUFFS PKWY, W LAWN LIGHTS",COLO SPGS,38.893591,-104.803877,38.8935936,-104.8022805,138.2
1272488,"2750 VICKERS DR, CLUB HOUSE",COLO SPGS,38.914631,-104.776,38.915451,-104.7772001,138.2
1127151,3100 WOOD AVE LOT H2,COLO SPGS,38.876306,-104.825272,38.87670561,-104.8267843,138.2
1095671,7205 E US HIGHWAY 24 UNIT 105,COLO SPGS,38.839458,-104.693457,38.84066178,-104.6938492,138.1
1123176,3100 WOOD AVE LOT F1,COLO SPGS,38.875897,-104.825417,38.87670469,-104.8266267,138.0
1143146,"2434 ROBIN DR, PHONE EQUIP",COLO SPGS,38.866472,-104.790866,38.86723943,-104.7921172,137.9
1073954,6165 TRANSMITTER LN BLDG A1,COLO SPGS,38.745369,-104.860068,38.74562329,-104.8616217,137.7
1221923,"404 W FONTANERO ST, ELEC3",COLO SPGS,38.862175,-104.83194,38.86101849,-104.8313738,137.6
1006838,5462 GRANTSVILLE GRV APT 203,COLO SPGS,38.908923,-104.713257,38.90835347,-104.711846,137.5
1049044,10150 S STATE HIGHWAY 115,COLO SPGS,38.682834,-104.848518,38.68197503,-104.8496555,137.4
1207929,"5106 N NEVADA AVE, W MTR",COLO SPGS,38.902226,-104.817996,38.90342472,-104.8176131,137.3
1270128,2710 VICKERS DR APT 132,COLO SPGS,38.914631,-104.776,38.91465562,-104.7775861,137.3
1090060,7205 E US HIGHWAY 24 UNIT 110,COLO SPGS,38.839458,-104.693457,38.84066143,-104.6938082,137.2
1078185,"3196 SPOTTED TAIL DR, SPKG",COLO SPGS,38.786069,-104.734897,38.78512993,-104.7359214,137.1
1216215,"1840 SCHOLAR PT, HSEMTR",COLO SPGS,38.803438,-104.852217,38.80443807,-104.853141,137.0
1153035,109 N WAHSATCH AVE,COLO SPGS,38.835567,-104.817344,38.83585703,-104.8158065,137.0
1279723,1840 SCHOLAR PT APT 928,COLO SPGS,38.803438,-104.852217,38.80440765,-104.8531909,136.9
1287739,"3633 W COLORADO AVE, LIGHTS",COLO SPGS,38.856408,-104.884239,38.85649843,-104.8858155,136.9
1169954,"4205 STANTON ST, SPKG",COLO SPGS,38.894698,-104.807577,38.89592336,-104.8077342,136.9
1006831,5462 GRANTSVILLE GRV APT 103,COLO SPGS,38.908923,-104.713257,38.90837477,-104.7118415,136.8
1123184,3100 WOOD AVE LOT I12,COLO SPGS,38.876544,-104.824941,38.87598954,-104.8263502,136.7
1045392,4285 BARDOT DR,COLO SPGS,38.958322,-104.747667,38.95709787,-104.7478132,136.7
1082163,7205 E US HIGHWAY 24 UNIT 115,COLO SPGS,38.839458,-104.693457,38.84066201,-104.6937665,136.5
1065844,"13316 PRIDE MOUNTAIN DR, SPKG",COLO SPGS,39.023002,-104.803203,39.02179181,-104.8029504,136.3
1225313,2710 VICKERS DR APT 113,COLO SPGS,38.914631,-104.776,38.91469403,-104.7775671,135.8
1126233,3100 WOOD AVE LOT M1,COLO SPGS,38.875718,-104.825753,38.87665941,-104.8267511,135.7
1006338,5398 GRANTSVILLE GRV APT 202,COLO SPGS,38.908923,-104.713257,38.90882723,-104.7116949,135.6
1169784,3029 N EL PASO ST UNIT B,COLO SPGS,38.874845,-104.812505,38.8760561,-104.8123388,135.4
1082162,7205 E US HIGHWAY 24 UNIT 120,COLO SPGS,38.839458,-104.693457,38.84065716,-104.6937202,135.3
1006832,5462 GRANTSVILLE GRV APT 202,COLO SPGS,38.908923,-104.713257,38.90840098,-104.7118455,135.2
1039318,6405 CACHE DR,COLO SPGS,38.912072,-104.710044,38.91094895,-104.7106439,135.2
1082160,7205 E US HIGHWAY 24 UNIT 125,COLO SPGS,38.839458,-104.693457,38.84065798,-104.6936777,134.8
1205505,"2325 SINTON RD, SIGN",COLO SPGS,38.865975,-104.83253,38.86478168,-104.8327803,134.4
1143376,54 AUDUBON DR,COLO SPGS,38.831575,-104.761878,38.83036995,-104.7617767,134.3
1000664,10410 S STATE HIGHWAY 115 LOT 20,COLO SPGS,38.679596,-104.851432,38.68003705,-104.8499921,134.3
1006598,"5998 BARNES RD, SIGN",COLO SPGS,38.89443,-104.715452,38.89389472,-104.7168419,134.2
1279721,1840 SCHOLAR PT APT 911,COLO SPGS,38.803438,-104.852217,38.80440727,-104.8531381,134.1
1133214,1070 JACKS VALLEY RD,COLO SPGS,39.037959,-104.857618,39.03808562,-104.8560745,134.1
1225312,2710 VICKERS DR APT 131,COLO SPGS,38.914631,-104.776,38.91464461,-104.7775497,134.1
1299201,1840 SCHOLAR PT APT 927,COLO SPGS,38.803438,-104.852217,38.80437635,-104.8531879,134.0
1026218,"2755 PONY TRACKS DR, SPKG",COLO SPGS,38.878853,-104.69847,38.87764804,-104.6984754,134.0
1006839,5462 GRANTSVILLE GRV APT 204,COLO SPGS,38.908923,-104.713257,38.90842663,-104.711846,134.0
1150378,"3923 PALMER PARK BLVD, SIGN",COLO SPGS,38.853542,-104.755148,38.85303541,-104.7537439,134.0
1131993,"410 EL MONTE PL, TELMTR",MANITOU,38.85613,-104.904901,38.85659668,-104.9034737,134.0
1133171,"9210 TAXIWAY A, WEATHER STATION NE",COLO SPGS,38.977327,-104.816294,38.97681472,-104.8148929,133.8
1001283,11025 IONA AVE,GN MTN FLS,38.935527,-105.023927,38.93469412,-105.0228245,132.9
1006840,"5462 GRANTSVILLE GRV, HSEMTR",COLO SPGS,38.908923,-104.713257,38.90845689,-104.7118444,132.8
1090909,"4505 S STATE HIGHWAY 115, GATE HOUSE",COLO SPGS,38.764803,-104.803242,38.76362215,-104.8034602,132.7
1226414,2710 VICKERS DR APT 114,COLO SPGS,38.914631,-104.776,38.91468302,-104.7775306,132.6
1132965,"2747 PONY TRACKS DR, PHONE EQUIP",COLO SPGS,38.877922,-104.697059,38.87771754,-104.6985687,132.6
1215972,"3526 VAN TEYLINGEN DR, CV",COLO SPGS,38.882808,-104.763082,38.88245412,-104.7645413,132.3
1002164,9484 MOHAWK TRL,CASCADE,38.919008,-104.996055,38.91943852,-104.9974807,132.3
1045391,4295 BARDOT DR,COLO SPGS,38.958117,-104.747645,38.95694207,-104.7478822,132.2
1186719,"1045 LOWER GOLD CAMP RD, SHOW BARNS",COLO SPGS,38.820598,-104.846344,38.82129338,-104.8475823,132.2
1309736,"2312 WOLFE RANCH RD, SHED",COLO SPGS,38.926485,-104.86877,38.92737603,-104.8697811,132.2
1000882,7225 W US HIGHWAY 24,CASCADE,38.887908,-104.958429,38.88672568,-104.9585691,132.0
1012909,"7013 N CAREFREE CIR, COMTWR",COLO SPGS,38.886199,-104.697935,38.88537575,-104.6968376,131.9
1100308,"1940 S CHELTON RD, HSE H",COLO SPGS,38.804506,-104.752843,38.80333426,-104.7530826,131.9
1006940,"4950 NEW CAR DR, SIGN",COLO SPGS,38.939042,-104.736338,38.93849098,-104.7349905,131.7
1000769,9860 S STATE HIGHWAY 115,COLO SPGS,38.688904,-104.84142,38.68894463,-104.8429331,131.4
1142868,"17 1/2 2ND ST, PHONE EQUIP",COLO SPGS,38.792728,-104.845466,38.79385569,-104.8459139,131.3
1279756,1840 SCHOLAR PT APT 926,COLO SPGS,38.803438,-104.852217,38.80434506,-104.853185,131.2
1279788,1840 SCHOLAR PT APT 912,COLO SPGS,38.803438,-104.852217,38.80437646,-104.8531352,131.2
1130747,2919 FLINTRIDGE SQ,COLO SPGS,38.898715,-104.771518,38.89787532,-104.772581,131.1
1147617,614 1/2 ALEXANDER RD REAR,COLO SPGS,38.841577,-104.78793,38.8415351,-104.7864199,130.9
1270129,2710 VICKERS DR APT 128,COLO SPGS,38.914631,-104.776,38.91463359,-104.7775133,130.9
1281421,"496 PALMER TRL, STORAGE",MANITOU,38.831273,-104.929718,38.8305395,-104.9308983,130.8
1083679,6635 PROUD EAGLE CT,COLO SPGS,38.851346,-104.70379,38.85130858,-104.70228,130.8
1311914,6125 MARK DABLING BLVD OFC,COLO SPGS,38.920604,-104.819935,38.9194315,-104.8200634,130.8
1002726,,,39.001476,-104.779285,39.00054153,-104.7783698,130.6
1001050,11350 BELVIDERE AVE,GN MTN FLS,38.937241,-105.030351,38.93714972,-105.0288455,130.6
1045398,4385 BARDOT DR,COLO SPGS,38.957114,-104.747802,38.95827939,-104.7476702,130.1
1012843,"2325 SINTON RD, COMTWR 2",COLO SPGS,38.865975,-104.83253,38.8648277,-104.8327851,129.5
1268071,2710 VICKERS DR APT 115,COLO SPGS,38.914631,-104.776,38.914672,-104.7774942,129.4
1131842,"2310 WOLFE RANCH RD, ANTENNA",COLO SPGS,38.926485,-104.86877,38.92734102,-104.8697815,129.3
1131132,3100 WOOD AVE LOT M4,COLO SPGS,38.875931,-104.82576,38.87670849,-104.8268714,129.3
1091902,5575 E BIJOU ST,COLO SPGS,38.834191,-104.726572,38.83534219,-104.7267748,129.2
1163953,"2002 COLLEGIATE DR, SPKG",COLO SPGS,38.90359,-104.789585,38.90254039,-104.7902249,129.2
1002007,8655 W US HIGHWAY 24,CASCADE,38.915416,-104.981956,38.91480601,-104.9806865,129.1
1253751,"5003 N ACADEMY BLVD, VMS SIGN",COLO SPGS,38.902966,-104.771166,38.90346343,-104.7725112,128.9
1003565,"226 CHAMBERLIN AVE, CV",COLO SPGS,38.781585,-104.794443,38.78274392,-104.7944743,128.9
1142833,"1802 NORTHVIEW DR, SPKG",COLO SPGS,38.857546,-104.780581,38.85839613,-104.7795699,128.8
1133164,"1044 JACKS VALLEY RD, BCT MOVIE SCREEN",COLO SPGS,39.037165,-104.859234,39.03797283,-104.8603019,128.7
1100293,1940 S CHELTON RD APT H237,COLO SPGS,38.804506,-104.752843,38.80336388,-104.753067,128.5
1279724,1840 SCHOLAR PT APT 913,COLO SPGS,38.803438,-104.852217,38.80434566,-104.8531322,128.4
1297544,"825 ALLEGHENY DR, SPKG",COLO SPGS,38.930457,-104.845522,38.93158868,-104.8452266,128.4
1040839,"6225 PRAIRIE HILLS VW, G5",COLO SPGS,38.910613,-104.713151,38.91050459,-104.7116733,128.4
1279743,1840 SCHOLAR PT APT 925,COLO SPGS,38.803438,-104.852217,38.80431376,-104.853182,128.4
1057255,"3905 TECH VW, STLITE",COLO SPGS,38.7754,-104.699429,38.77552768,-104.6979581,128.3
1226492,2710 VICKERS DR APT 127,COLO SPGS,38.914631,-104.776,38.91462258,-104.7774768,127.8
1001018,9260 UTE RD,CASCADE,38.918533,-104.992008,38.91771132,-104.9909805,127.5
1170521,2919 FLINTRIDGE PL,COLO SPGS,38.897882,-104.772569,38.89870132,-104.7715396,127.4
1045402,4395 BARDOT DR,COLO SPGS,38.956973,-104.747866,38.95810662,-104.7476638,127.3
1091246,"205 N MURRAY BLVD, LIGHTS 258",COLO SPGS,38.835626,-104.74297,38.83530866,-104.7415587,127.2
1001002,9660 CHIPITA PARK RD,CASCADE,38.926465,-105.00297,38.92635289,-105.0015098,126.9
1015420,"5454 PIKES PEAK HWY, PITS",COLO SPGS,38.922696,-105.034765,38.92227633,-105.0361287,126.9
1152914,"301 LOOMIS AVE, CV",COLO SPGS,38.773333,-104.795594,38.77391342,-104.7943345,126.8
1000741,8991 ROCK CREEK LN,COLO SPGS,38.702342,-104.836949,38.70125481,-104.8365129,126.7
1133163,1044 JACKS VALLEY RD,COLO SPGS,39.037165,-104.859234,39.03794538,-104.8603022,126.7
1068112,"3796 ROYAL PINE DR, SPKG",COLO SPGS,38.978676,-104.757661,38.97777019,-104.7567738,126.6
1059099,"7225 W US HIGHWAY 24, COMTWR",CASCADE,38.887908,-104.958429,38.8867928,-104.9587189,126.5
1133357,1889 N ACADEMY BLVD,COLO SPGS,38.859791,-104.755062,38.85946727,-104.7536634,126.3
1265277,"624 W GARDEN OF THE GODS RD, TRF SG",COLO SPGS,38.896905,-104.835919,38.89687583,-104.8373777,126.3
1226417,2710 VICKERS DR APT 116,COLO SPGS,38.914631,-104.776,38.91466099,-104.7774578,126.2
1090011,"6225 E PLATTE AVE, E HSE",COLO SPGS,38.838327,-104.712652,38.83866291,-104.7112599,126.2
1126946,3100 WOOD AVE LOT M3,COLO SPGS,38.875857,-104.825759,38.87665964,-104.8267905,126.2
1001814,"5450 PIKES PEAK TOLL RD, TLR #9",MANITOU,38.924543,-105.023167,38.92477478,-105.0245936,126.1
1175017,"2700 ROBINSON ST, NE E+G",COLO SPGS,38.845617,-104.870345,38.84643686,-104.8693392,126.1
1012807,7355 W US HIGHWAY 24,CASCADE,38.887926,-104.958703,38.88679332,-104.9587543,126.0
1143380,14 AUDUBON DR,COLO SPGS,38.8303,-104.761841,38.83143113,-104.7618949,125.9
1068458,"13676 STATE HIGHWAY 83, SIGN",COLO SPGS,39.029464,-104.778334,39.03057883,-104.7780887,125.8
1149505,3710 ASTROZON BLVD,COLO SPGS,38.795732,-104.760503,38.79466338,-104.760025,125.8
1279786,1840 SCHOLAR PT APT 924,COLO SPGS,38.803438,-104.852217,38.80428247,-104.853179,125.6
1226256,"1664 CHAPEL HILLS DR, POOL EQUIP",COLO SPGS,38.949408,-104.791433,38.94903613,-104.790062,125.6
1279753,1840 SCHOLAR PT APT 914,COLO SPGS,38.803438,-104.852217,38.80431485,-104.8531293,125.5
1181261,2975 ELECTRA DR,COLO SPGS,38.823832,-104.874373,38.82297667,-104.8753176,125.5
1136174,1592 TURNER RD,COLO SPGS,38.94341,-104.796314,38.94409812,-104.7951685,125.2
1179078,"1000 FONTMORE RD, GATE HOUSE",COLO SPGS,38.86573,-104.86469,38.86667754,-104.8639085,125.2
1281178,"2850 CANON AVE, PRKLTE",MANITOU,38.87189,-104.922723,38.87291672,-104.9221318,125.1
1125302,2815 N CHESTNUT ST,COLO SPGS,38.873202,-104.835357,38.87430007,-104.8356679,125.0
1100307,1940 S CHELTON RD APT H238,COLO SPGS,38.804506,-104.752843,38.8033935,-104.7530514,125.0
1281177,"2850 CANON AVE, PRKING",MANITOU,38.871891,-104.922805,38.87291713,-104.9222142,125.0
1270130,2710 VICKERS DR APT 126,COLO SPGS,38.914631,-104.776,38.91461156,-104.7774404,124.6
1132012,"8133 SECURITY DR, MAG CHLORIDE TANKS",USAFA,38.955475,-104.828214,38.95482706,-104.829389,124.6
1000880,"7353 W US HIGHWAY 24, COMTWR",CASCADE,38.887908,-104.958641,38.8867952,-104.9587884,124.4
1133172,"9228 AIRFIELD ACCESS RD, N WEATHER STATION",USAFA,38.9764,-104.818964,38.97694835,-104.8202183,124.4
1000684,10410 S STATE HIGHWAY 115 LOT 22,COLO SPGS,38.680625,-104.851071,38.68003631,-104.8498599,123.8
1001051,11255 BELVIDERE AVE,GN MTN FLS,38.936624,-105.02988,38.93595467,-105.0287377,123.7
1265273,"155 W ROCKRIMMON BLVD, TRF SG",COLO SPGS,38.929118,-104.829406,38.92844618,-104.8305456,123.7
1115718,1708 SAWYER WAY BLDG 14,COLO SPGS,38.858237,-104.746373,38.85751465,-104.7452898,123.5
1008527,"5461 GRANTSVILLE GRV, HSEMTR",COLO SPGS,38.908923,-104.713257,38.90801211,-104.712449,123.1
1005904,11120 CALLE CORVO UNIT B,COLO SPGS,38.668698,-104.864458,38.66914018,-104.8657583,123.1
1127955,"3531 EARLY SUN DR, SPKG",COLO SPGS,38.819878,-104.761174,38.81962354,-104.7625565,123.1
1268073,2710 VICKERS DR APT 117,COLO SPGS,38.914631,-104.776,38.91464997,-104.7774214,123.0
1279785,1840 SCHOLAR PT APT 923,COLO SPGS,38.803438,-104.852217,38.80425117,-104.8531761,122.8
1279742,1840 SCHOLAR PT APT 915,COLO SPGS,38.803438,-104.852217,38.80428405,-104.8531264,122.7
1279422,1510 NORTHFIELD RD,COLO SPGS,38.954055,-104.854983,38.95295475,-104.8549961,122.3
1196136,2914 FLINTRIDGE SQ,COLO SPGS,38.899201,-104.771231,38.89847267,-104.7722907,122.3
1286173,"1855 PRESIDENTIAL HTS, HSEMTR",COLO SPGS,38.803759,-104.853841,38.80374204,-104.8524371,121.7
1031967,"4361 INTEGRITY CENTER PT, SIGN",COLO SPGS,38.894863,-104.721528,38.89482054,-104.7201239,121.6
1100309,1940 S CHELTON RD APT H239,COLO SPGS,38.804506,-104.752843,38.80342313,-104.7530358,121.6
1225310,2710 VICKERS DR APT 125,COLO SPGS,38.914631,-104.776,38.91460055,-104.777404,121.5
1196134,2918 FLINTRIDGE SQ,COLO SPGS,38.898947,-104.771215,38.89825879,-104.7723039,121.4
1011409,"8232 N POWERS BLVD, VMS SIGN",COLO SPGS,38.950738,-104.721397,38.94972037,-104.7208925,121.3
1281593,"8238 N ACADEMY BLVD, STLITE",USAFA,38.954517,-104.809541,38.95355891,-104.8088733,121.2
1180216,"5122 LYDA LN, LIGHTS",COLO SPGS,38.884896,-104.867585,38.88381346,-104.8674332,121.1
1090007,6001 E PLATTE AVE,COLO SPGS,38.83842,-104.714926,38.83884508,-104.71364,121.0
1276175,1855 PRESIDENTIAL HTS APT 1002,COLO SPGS,38.803759,-104.853841,38.80371309,-104.8524494,120.7
1055691,"9390 N POWERS BLVD, TRF SG",COLO SPGS,38.967812,-104.742543,38.96884261,-104.7421049,120.7
1187100,"700 CONEJOS ST, GRDHSE",COLO SPGS,38.825823,-104.832264,38.824907,-104.83152,120.5
1170518,2918 FLINTRIDGE PL,COLO SPGS,38.898261,-104.772303,38.8989341,-104.7712126,120.4
1005658,5461 GRANTSVILLE GRV APT 202,COLO SPGS,38.908923,-104.713257,38.90803922,-104.7124521,120.4
1186597,914 MOTOR CITY DR STE G2,COLO SPGS,38.820571,-104.83878,38.82130712,-104.839797,120.3
1123273,3100 WOOD AVE LOT M5,COLO SPGS,38.875994,-104.825738,38.87665987,-104.8268299,120.1
1279787,1840 SCHOLAR PT APT 922,COLO SPGS,38.803438,-104.852217,38.80421988,-104.8531731,120.1
1079094,"5210 S US HIGHWAY 85-87, SHED",COLO SPGS,38.75501,-104.749465,38.75606054,-104.7497855,120.1
1126236,3100 WOOD AVE LOT M2,COLO SPGS,38.875801,-104.82579,38.87670424,-104.826548,120.0
1279755,1840 SCHOLAR PT APT 916,COLO SPGS,38.803438,-104.852217,38.80425324,-104.8531235,119.9
1071140,"700 RAILSCAPE VW, CONST TRLR",COLO SPGS,39.024723,-104.814429,39.02580041,-104.814429,119.8
1226490,2710 VICKERS DR APT 118,COLO SPGS,38.914631,-104.776,38.91463896,-104.777385,119.8
1276173,1855 PRESIDENTIAL HTS APT 1004,COLO SPGS,38.803759,-104.853841,38.80368413,-104.8524616,119.8
1145311,"5640 E PIKES PEAK AVE, CONST YARD",COLO SPGS,38.831787,-104.724925,38.83082922,-104.724294,119.7
1298422,505 HIDDEN VALLEY RD,COLO SPGS,38.944065,-104.83662,38.94513829,-104.8367188,119.6
1267286,"1804 SOUTHGATE RD, SIGN",COLO SPGS,38.805707,-104.821923,38.80470088,-104.8214365,119.6
1170517,2914 FLINTRIDGE PL,COLO SPGS,38.898484,-104.772286,38.89919314,-104.7712505,119.4
1006317,"5338 PALOMINO RANCH PT, GARAGES",COLO SPGS,38.909353,-104.714462,38.90830073,-104.7141951,119.3
1276172,1855 PRESIDENTIAL HTS APT 1006,COLO SPGS,38.803759,-104.853841,38.80365517,-104.8524739,119.0
1006331,5461 GRANTSVILLE GRV APT 102,COLO SPGS,38.908923,-104.713257,38.90803851,-104.712487,118.8
1226415,2710 VICKERS DR APT 124,COLO SPGS,38.914631,-104.776,38.91458954,-104.7773676,118.4
1006333,5461 GRANTSVILLE GRV APT 104,COLO SPGS,38.908923,-104.713257,38.90806312,-104.7124508,118.4
1005850,"2396 PASEO CORTO, WELL",COLO SPGS,38.657352,-104.872475,38.65765225,-104.8711683,118.3
1276176,1855 PRESIDENTIAL HTS APT 1008,COLO SPGS,38.803759,-104.853841,38.80362622,-104.8524862,118.3
1164827,"221 S HANCOCK AVE, SOCFLD",COLO SPGS,38.829433,-104.803031,38.8303927,-104.8036167,118.2
1077230,255 S 8TH ST,COLO SPGS,38.831182,-104.838726,38.83158459,-104.8399894,118.2
1006314,"5346 PALOMINO RANCH PT, GARAGES",COLO SPGS,38.909211,-104.713989,38.90816701,-104.7142416,118.1
1100299,1940 S CHELTON RD APT H240,COLO SPGS,38.804506,-104.752843,38.80345275,-104.7530203,118.1
1163965,"823 N 17TH ST, PHONE EQUIP",COLO SPGS,38.850505,-104.847239,38.84963757,-104.8464531,118.0
1297576,"7332 WINDING OAKS DR, CV",COLO SPGS,38.939519,-104.829208,38.94057139,-104.8293708,117.9
1276186,1855 PRESIDENTIAL HTS APT 1011,COLO SPGS,38.803759,-104.853841,38.80359726,-104.8524985,117.7
1055946,"4909 TURQUOISE DR, CV",COLO SPGS,38.902833,-104.741027,38.9017823,-104.7411778,117.6
1196277,2915 FLINTRIDGE SQ,COLO SPGS,38.898822,-104.771777,38.89804941,-104.772702,117.4
1279741,1840 SCHOLAR PT APT 921,COLO SPGS,38.803438,-104.852217,38.80418858,-104.8531702,117.4
1030383,"7795 HAVENWOOD DR, SPKG",COLO SPGS,38.945501,-104.74535,38.94449458,-104.7457562,117.3
1269695,6070 LITTLE JOHNNY DR,COLO SPGS,38.918517,-104.778914,38.9190806,-104.7800607,117.3
1276227,1855 PRESIDENTIAL HTS APT 1012,COLO SPGS,38.803759,-104.853841,38.8035683,-104.8525108,117.2
1279722,1840 SCHOLAR PT APT 917,COLO SPGS,38.803438,-104.852217,38.80422243,-104.8531206,117.2
1111499,1152 POTTER DR APT A,COLO SPGS,38.848792,-104.754587,38.84871848,-104.7532415,116.8
1276188,1855 PRESIDENTIAL HTS APT 1014,COLO SPGS,38.803759,-104.853841,38.80353935,-104.852523,116.8
1005065,5461 GRANTSVILLE GRV APT 101,COLO SPGS,38.908923,-104.713257,38.90806253,-104.7124824,116.8
1226416,2710 VICKERS DR APT 121,COLO SPGS,38.914631,-104.776,38.91462795,-104.7773486,116.7
1111496,1152 POTTER DR APT B,COLO SPGS,38.848792,-104.754587,38.84874348,-104.7532423,116.6
1276174,1855 PRESIDENTIAL HTS APT 1016,COLO SPGS,38.803759,-104.853841,38.80351039,-104.8525353,116.5
1276264,1855 PRESIDENTIAL HTS APT 1028,COLO SPGS,38.803759,-104.853841,38.80372895,-104.8524981,116.4
1006332,5461 GRANTSVILLE GRV APT 201,COLO SPGS,38.908923,-104.713257,38.90808572,-104.7124507,116.3
1276263,1855 PRESIDENTIAL HTS APT 1017,COLO SPGS,38.803759,-104.853841,38.80348144,-104.8525476,116.3
1000734,"740 ROCK CREEK CANYON RD, SITE 198",COLO SPGS,38.706478,-104.837149,38.70572758,-104.8362184,116.1
1123205,3100 WOOD AVE LOT I9,COLO SPGS,38.876559,-104.825245,38.87575516,-104.8260954,115.8
1011930,2424 LITTLE TURKEY CREEK RD,COLO SPGS,38.653562,-104.872207,38.65366163,-104.8708805,115.7
1276171,1855 PRESIDENTIAL HTS APT 1027,COLO SPGS,38.803759,-104.853841,38.80369963,-104.8525105,115.5
1013075,406 EL MONTE PL,MANITOU,38.856331,-104.904819,38.85660396,-104.9035326,115.5
1031783,7155 LEXINGTON DR BLDG 7,COLO SPGS,38.936667,-104.76082,38.93638502,-104.7595363,115.4
1270127,2710 VICKERS DR APT 123,COLO SPGS,38.914631,-104.776,38.91457852,-104.7773312,115.3
1280607,402 MANITOU AVE BLDG 5,MANITOU,38.857631,-104.903408,38.85862924,-104.903754,115.0
1306398,1810 STARDUST DR,COLO SPGS,38.808488,-104.856702,38.80756707,-104.8573015,114.8
1005660,5461 GRANTSVILLE GRV APT 204,COLO SPGS,38.908923,-104.713257,38.90808643,-104.7124803,114.8
1100281,1940 S CHELTON RD APT H241,COLO SPGS,38.804506,-104.752843,38.80348237,-104.7530047,114.7
1208954,4945 MARK DABLING BLVD LOT 106,COLO SPGS,38.901226,-104.823676,38.90021402,-104.8239286,114.6
1133609,"9042 STADIUM BLVD, GUARD SHACK",COLO SPGS,38.993324,-104.834342,38.99244776,-104.8350392,114.6
1276262,1855 PRESIDENTIAL HTS APT 1026,COLO SPGS,38.803759,-104.853841,38.80367032,-104.852523,114.6
1279754,1840 SCHOLAR PT APT 918,COLO SPGS,38.803438,-104.852217,38.80419163,-104.8531177,114.5
1107846,"3002 S ACADEMY BLVD, TRF SG",COLO SPGS,38.789151,-104.757323,38.78884619,-104.758584,114.4
1299608,"96 MARLAND RD S, TELMTR",COLO SPGS,38.777609,-104.844139,38.77690101,-104.8450963,114.4
1006330,5461 GRANTSVILLE GRV APT 103,COLO SPGS,38.908923,-104.713257,38.90810908,-104.7124506,114.3
1273451,"6490 VICKERS DR, SPKG E",COLO SPGS,38.922681,-104.749193,38.92347762,-104.7483582,114.3
1044566,"8145 RANGEWOOD DR, SPKG",COLO SPGS,38.948625,-104.752217,38.94955146,-104.75165,114.1
1276185,1855 PRESIDENTIAL HTS APT 1025,COLO SPGS,38.803759,-104.853841,38.803641,-104.8525354,113.9
1111497,1152 POTTER DR APT D,COLO SPGS,38.848792,-104.754587,38.84871817,-104.7532746,113.9
1111498,1152 POTTER DR APT C,COLO SPGS,38.848792,-104.754587,38.84874312,-104.7532749,113.8
1278655,"4344 PURSUIT HTS, HSEMTR",COLO SPGS,38.770388,-104.785591,38.77141065,-104.7855911,113.7
1196275,2910 FLINTRIDGE SQ,COLO SPGS,38.899411,-104.771299,38.89869376,-104.772235,113.7
1120950,"4 CRESTA RD, TRF SG",COLO SPGS,38.799345,-104.85191,38.79832727,-104.851786,113.7
1268074,2710 VICKERS DR APT 122,COLO SPGS,38.914631,-104.776,38.91461693,-104.7773121,113.5
1133030,"9388 GRAND CORDERA PKWY, PHONE EQUIP",COLO SPGS,38.965977,-104.737524,38.9669512,-104.7371332,113.5
1205564,"2020 PATRICIAN WAY, SPKGDM",COLO SPGS,38.860874,-104.777532,38.86074238,-104.7788311,113.4
1136142,"319 N CIRCLE DR, CELLSITE",COLO SPGS,38.836541,-104.775785,38.83552165,-104.7757562,113.4
1276225,1855 PRESIDENTIAL HTS APT 1024,COLO SPGS,38.803759,-104.853841,38.80361168,-104.8525478,113.3
1120945,"8061 LEXINGTON DR, TRF SG",COLO SPGS,38.947981,-104.769015,38.94884759,-104.769697,113.0
1069779,13018 CUPCAKE HTS,COLO SPGS,39.019822,-104.785754,39.01886012,-104.7861673,112.8
1057989,8422 CROOKED BRANCH LN,COLO SPGS,38.93109,-104.667848,38.93022344,-104.668525,112.8
1276226,1855 PRESIDENTIAL HTS APT 1023,COLO SPGS,38.803759,-104.853841,38.80358236,-104.8525603,112.7
1005661,5461 GRANTSVILLE GRV APT 203,COLO SPGS,38.908923,-104.713257,38.90811028,-104.7124799,112.6
1057739,7311 RIM BLUFF LN,COLO SPGS,38.93416,-104.662094,38.93422294,-104.6607975,112.4
1001139,5525 KULSA RD,CASCADE,38.913144,-104.986251,38.91288422,-104.9849969,112.3
1276187,1855 PRESIDENTIAL HTS APT 1022,COLO SPGS,38.803759,-104.853841,38.80355304,-104.8525727,112.3
1175536,1490 FARNHAM PT APT 205,COLO SPGS,38.873533,-104.854211,38.87253114,-104.8543754,112.3
1132917,"2113 E LA SALLE ST, COMTWR B",COLO SPGS,38.858102,-104.790473,38.8591074,-104.7905846,112.2
1175538,1490 FARNHAM PT APT 202,COLO SPGS,38.873533,-104.854211,38.87253167,-104.8543456,112.0
1276261,1855 PRESIDENTIAL HTS APT 1021,COLO SPGS,38.803759,-104.853841,38.80352373,-104.8525851,111.9
1114533,"3787 BRADLEY RD, E MTR",COLO SPGS,38.769944,-104.759214,38.76985522,-104.7604989,111.8
1276228,1855 PRESIDENTIAL HTS APT 1018,COLO SPGS,38.803759,-104.853841,38.80349441,-104.8525976,111.7
1175537,1490 FARNHAM PT APT 201,COLO SPGS,38.873533,-104.854211,38.87253029,-104.8542887,111.7
1180549,1490 FARNHAM PT APT 103,COLO SPGS,38.873533,-104.854211,38.87253219,-104.8543174,111.7
1072470,"454 S MARKSHEFFEL RD, EAST WTR MAIN",COLO SPGS,38.825634,-104.683314,38.82465488,-104.6830312,111.6
1190922,1490 FARNHAM PT APT 104,COLO SPGS,38.873533,-104.854211,38.87253032,-104.854253,111.6
1188099,1490 FARNHAM PT APT 207,COLO SPGS,38.873533,-104.854211,38.87252957,-104.8542219,111.6
1100279,1940 S CHELTON RD APT H142,COLO SPGS,38.804506,-104.752843,38.80351649,-104.7530596,111.6
1009440,5470 E PIKES PEAK AVE,COLO SPGS,38.83139,-104.729937,38.8304689,-104.7304462,111.5
1113805,1940 S CHELTON RD APT H242,COLO SPGS,38.804506,-104.752843,38.803512,-104.7529891,111.3
1031920,"7690 CONTRAILS DR, SPKG",COLO SPGS,38.950955,-104.744782,38.95177904,-104.7440581,111.0
1155051,"1132 E COSTILLA ST, RSTRMS",COLO SPGS,38.827889,-104.802278,38.82867429,-104.8014882,110.9
1169764,"456 W FONTANERO ST, BLDG 441A",COLO SPGS,38.866355,-104.830092,38.86540845,-104.82969,110.9
1276015,"2980 EVANS AVE, RESTROOMS",COLO SPGS,38.790054,-104.864748,38.78924909,-104.8655029,110.9
1068096,"10203 PINEDALE DR, SPKG",COLO SPGS,38.978132,-104.75758,38.97881633,-104.7585125,110.8
1142978,"4658 NORTHPARK DR, PHONE EQUIP",COLO SPGS,38.899345,-104.828276,38.89926754,-104.8270041,110.4
1000512,"3635 INTERSTATE 25, CAMERA",COLO SPGS,38.784823,-104.789068,38.78405701,-104.7882612,110.2
1265933,"4047 DUBLIN BLVD, PHONE EQUIP",COLO SPGS,38.927494,-104.751109,38.92709715,-104.7522745,110.1
1073246,"1490 FARNHAM PT, HSEMTR",COLO SPGS,38.873533,-104.854211,38.87255771,-104.8544067,109.8
1007663,4320 HAGERMAN AVE,CASCADE,38.896797,-104.9694,38.8959446,-104.9687596,109.8
1136293,"1706 CHAPEL HILLS DR, PHONE EQUIP",COLO SPGS,38.947513,-104.791429,38.94654559,-104.7911809,109.7
1225010,"7070 MONTARBOR DR, SPKGDM",COLO SPGS,38.928566,-104.757874,38.92762326,-104.7575036,109.6
1175387,1490 FARNHAM PT APT 204,COLO SPGS,38.873533,-104.854211,38.8725562,-104.8543768,109.6
1281144,2915 FLINTRIDGE PL,COLO SPGS,38.898079,-104.772674,38.89880674,-104.7718191,109.6
1156147,3710 EARLY SUN DR,COLO SPGS,38.820612,-104.758969,38.82013189,-104.7600739,109.6
1163443,"80 NORTH GATE BLVD, RAMP MTR",COLO SPGS,39.028338,-104.831331,39.02870693,-104.8325079,109.6
1289071,1940 DIPLOMAT VW APT 1618,COLO SPGS,38.803806,-104.853134,38.80472546,-104.8535852,109.5
1165429,1415 E PIKES PEAK AVE,COLO SPGS,38.830063,-104.800126,38.82999485,-104.7988669,109.3
1272202,4810 NEEPER VALLEY RD,MANITOU,38.835454,-104.915725,38.83611744,-104.9147936,109.3
1055947,"4950 WILLOWBROOK RD, SPKG",COLO SPGS,38.904295,-104.728158,38.90331651,-104.7282763,109.3
1180534,1490 FARNHAM PT APT 102,COLO SPGS,38.873533,-104.854211,38.87255677,-104.8543457,109.2
1165386,1415 E PIKES PEAK AVE,COLO SPGS,38.830063,-104.800126,38.83002002,-104.7988667,109.2
1165387,1415 E PIKES PEAK AVE,COLO SPGS,38.830063,-104.800126,38.83004604,-104.7988664,109.1
1013048,"1830 1/2 S NEVADA AVE, TRF SG",COLO SPGS,38.805965,-104.821586,38.80657526,-104.8225715,109.1
1188101,1490 FARNHAM PT APT 208,COLO SPGS,38.873533,-104.854211,38.87255318,-104.8542241,109.0
1175386,1490 FARNHAM PT APT 206,COLO SPGS,38.873533,-104.854211,38.872555,-104.8542885,109.0
1138228,4070 BRADLEY RD,COLO SPGS,38.771371,-104.752526,38.7703919,-104.7525886,109.0
1175384,1490 FARNHAM PT APT 101,COLO SPGS,38.873533,-104.854211,38.87255687,-104.8543181,108.9
1095281,,,38.953862,-104.836975,38.95356433,-104.8381751,108.9
1175539,1490 FARNHAM PT APT 203,COLO SPGS,38.873533,-104.854211,38.87255504,-104.8542558,108.8
1079772,368 MAIN ST,COLO SPGS,38.754483,-104.741179,38.75416855,-104.7399914,108.8
1142766,"2112 E UINTAH ST, TELMTR",COLO SPGS,38.84913,-104.789064,38.85008214,-104.7893539,108.8
1106237,"1940 S CHELTON RD, HSE C",COLO SPGS,38.804506,-104.752843,38.80384433,-104.7537667,108.7
1146488,"3293 E PLATTE AVE, CAMERA",COLO SPGS,38.839354,-104.766746,38.83951138,-104.7679841,108.7
1073637,"7707 GODDARD ST, CELLSITE",COLO SPGS,38.943203,-104.803524,38.94234064,-104.8041152,108.7
1131849,"3118 GALLEY RD, TELMTR",COLO SPGS,38.847308,-104.771367,38.84737173,-104.7726173,108.5
1196276,2906 FLINTRIDGE SQ,COLO SPGS,38.899503,-104.771598,38.898804,-104.7724727,108.5
1185893,85 STANWELL ST,COLO SPGS,38.755926,-104.833764,38.75576568,-104.8349948,108.2
1082011,6750 DALE RD,COLO SPGS,38.844816,-104.706682,38.84575647,-104.706362,108.2
1072125,6157 TRANSMITTER LN,COLO SPGS,38.745369,-104.860068,38.7448903,-104.8611542,108.2
1127284,5950 STEEP RD,MANITOU,38.824376,-104.929873,38.82388374,-104.9287961,108.2
1100298,1940 S CHELTON RD APT H141,COLO SPGS,38.804506,-104.752843,38.80354753,-104.7530454,108.0
1142767,2112 E UINTAH ST,COLO SPGS,38.84913,-104.789064,38.85007989,-104.7893177,107.9
1012915,"742 N ACADEMY BLVD, VMS SIGN",COLO SPGS,38.843636,-104.757618,38.84266636,-104.757627,107.8
1180661,2701 ROBINSON ST LOT T1,COLO SPGS,38.84521,-104.871389,38.84483258,-104.8725341,107.7
1178449,2215 BUSCH AVE,COLO SPGS,38.834073,-104.86308,38.8339062,-104.8618568,107.6
1299757,"1859 OLD STAGE RD, TELMTR",COLO SPGS,38.779505,-104.862618,38.77854685,-104.8627889,107.6
1135843,"4477 MARCONI HTS, COMTWR",COLO SPGS,38.896285,-104.798132,38.89662318,-104.7969667,107.6
1133894,6070 MACH 1 DR,COLO SPGS,38.91903,-104.780008,38.91848975,-104.7789792,107.4
1169731,"404 W FONTANERO ST, MODULAR",COLO SPGS,38.865363,-104.829709,38.86623052,-104.8291636,107.4
1155239,"2112 E UINTAH ST, SPKG E",COLO SPGS,38.84913,-104.789064,38.8500804,-104.7892817,107.3
1170516,2910 FLINTRIDGE PL,COLO SPGS,38.898714,-104.772209,38.89939673,-104.7713348,107.2
1282001,885 OXFORD LN,COLO SPGS,38.805439,-104.843707,38.80551833,-104.8449383,107.1
1152837,"2866 HALLEYS CT, CV",COLO SPGS,38.823502,-104.873637,38.82388312,-104.8725046,106.9
1000628,11325 CALLE CORVO,COLO SPGS,38.663612,-104.865363,38.66455522,-104.8655924,106.8
1289073,1940 DIPLOMAT VW APT 1621,COLO SPGS,38.803806,-104.853134,38.80471399,-104.8535346,106.8
1110217,1940 S CHELTON RD APT C209,COLO SPGS,38.804506,-104.752843,38.80386962,-104.753766,106.8
1079774,376 MAIN ST,COLO SPGS,38.754483,-104.741179,38.75418872,-104.7400068,106.8
1265856,"3926 S CAREFREE CIR, PHONE EQUIP",COLO SPGS,38.876098,-104.753492,38.87685541,-104.7542482,106.7
1289054,1940 DIPLOMAT VW APT 1616,COLO SPGS,38.803806,-104.853134,38.80469381,-104.8535969,106.6
1107860,"5675 S ACADEMY BLVD, TRANSMITTER",COLO SPGS,38.764522,-104.78658,38.76357697,-104.786372,106.6
1057986,6707 MINERAL BELT DR,COLO SPGS,38.93068,-104.667094,38.93043462,-104.6682849,106.6
1133588,"10240 PARADE LOOP, GATE",COLO SPGS,39.019465,-104.870183,39.02040904,-104.8703885,106.5
1123274,3100 WOOD AVE LOT M6,COLO SPGS,38.876055,-104.825762,38.87665918,-104.8267117,106.2
1312080,"6998 MARK DABLING BLVD, PARKNRIDE",COLO SPGS,38.931709,-104.81539,38.93265595,-104.8155406,106.1
1001674,"4505 FOUNTAIN AVE, RESI",CASCADE,38.897584,-104.972384,38.89848767,-104.9727746,106.0
1310010,3810 TRANSMITTER LN,COLO SPGS,38.729672,-104.887711,38.72920928,-104.8866442,105.9
1073638,"1225 SHRIDER RD, CELLSITE",COLO SPGS,38.936697,-104.802314,38.93655614,-104.8035252,105.9
1001672,"4505 FOUNTAIN AVE, RESI",CASCADE,38.897584,-104.972384,38.89851383,-104.9726507,105.9
1142793,"3320 E SAN MIGUEL ST, SPKG",COLO SPGS,38.850939,-104.768583,38.85186559,-104.7683119,105.7
1142788,"5150 AIRPORT RD, CV",COLO SPGS,38.825723,-104.731538,38.82653289,-104.7308994,105.7
1071155,"5275 YUCATAN DR, CTLVLV",COLO SPGS,38.775506,-104.729943,38.77455775,-104.729874,105.6
1110597,1940 S CHELTON RD APT C107,COLO SPGS,38.804506,-104.752843,38.80389223,-104.7537711,105.5
1196274,2911 FLINTRIDGE SQ,COLO SPGS,38.898971,-104.772001,38.89824211,-104.7727812,105.5
1112333,3826 MAIZELAND RD,COLO SPGS,38.868751,-104.75513,38.8686852,-104.7563442,105.4
1112335,3814 MAIZELAND RD,COLO SPGS,38.868751,-104.75513,38.86882273,-104.7563442,105.4
1286488,670 RED SPRING VALLEY PL,COLO SPGS,38.954165,-104.838592,38.95426108,-104.8398035,105.3
1027063,"8879 COUNTRY CREEK TRL, SPKG",COLO SPGS,38.961171,-104.713106,38.96150238,-104.7142454,105.2
1299666,"4172 SOUTH CLUB DR, GATE",COLO SPGS,38.772126,-104.843573,38.77137332,-104.8428402,105.1
1200009,"3920 S CAREFREE CIR, SPKG",COLO SPGS,38.878321,-104.754561,38.87738255,-104.7544142,105.1
1115301,"3814 MAIZELAND RD, HSEMTR5",COLO SPGS,38.868751,-104.75513,38.8687309,-104.7563429,105.0
1073558,"5675 S ACADEMY BLVD, COMTWR",COLO SPGS,38.764522,-104.78658,38.76359824,-104.7863267,105.0
1110259,3822 MAIZELAND RD,COLO SPGS,38.868751,-104.75513,38.86877626,-104.7563424,105.0
1110231,1940 S CHELTON RD APT C211,COLO SPGS,38.804506,-104.752843,38.80386922,-104.7537354,104.8
1079775,372 MAIN ST,COLO SPGS,38.754483,-104.741179,38.75420925,-104.7400224,104.8
1281595,"11330 INTERSTATE 25, LIGHTS",COLO SPGS,38.988968,-104.814384,38.9883751,-104.8153223,104.5
1186720,"1045 LOWER GOLD CAMP RD, SHOP",COLO SPGS,38.822192,-104.849949,38.82281153,-104.8508559,104.5
1100301,1940 S CHELTON RD APT H140,COLO SPGS,38.804506,-104.752843,38.80357858,-104.7530313,104.4
1134102,610 RED SPRING VALLEY PL,COLO SPGS,38.953862,-104.836975,38.95356297,-104.8381179,104.3
1287387,"5585 MULE DEER DR, SPKG",COLO SPGS,38.911724,-104.860045,38.91207809,-104.8611605,104.2
1309691,"1586 W WOODMEN RD, BARN",COLO SPGS,38.946232,-104.857308,38.94534222,-104.8576848,104.2
1278790,3352 CHUCKWAGON RD,COLO SPGS,38.916579,-104.88444,38.91577831,-104.8838158,104.1
1275669,"2760 VICKERS DR, HSEMTR",COLO SPGS,38.914631,-104.776,38.915275,-104.7768696,103.9
1068737,"2805 OLD RANCH RD, TELMTR",COLO SPGS,38.982124,-104.774407,38.98243743,-104.7755388,103.9
1289051,1940 DIPLOMAT VW APT 1622,COLO SPGS,38.803806,-104.853134,38.80468234,-104.8535463,103.8
1300196,"2153 ALLEGHENY DR, WEATHER STATION",COLO SPGS,38.930974,-104.865592,38.9311193,-104.8644068,103.8
1110218,1940 S CHELTON RD APT C207,COLO SPGS,38.804506,-104.752843,38.80391675,-104.7537717,103.8
1289106,1940 DIPLOMAT VW APT 1614,COLO SPGS,38.803806,-104.853134,38.80466217,-104.8536086,103.7
1170520,2906 FLINTRIDGE PL,COLO SPGS,38.89881,-104.772445,38.89947417,-104.7716057,103.6
1167906,914 MOTOR CITY DR STE G3,COLO SPGS,38.820544,-104.839033,38.82130345,-104.8397252,103.6
1171657,3410 N EL PASO ST LOT D6,COLO SPGS,38.883528,-104.814079,38.88343661,-104.812888,103.6
1195298,"858 OXFORD LN, CV",COLO SPGS,38.805588,-104.842883,38.80650129,-104.8431051,103.4
1215688,"617 W CIMARRON ST, TRF SG",COLO SPGS,38.828236,-104.836105,38.82874174,-104.8371042,103.2
1185356,102 STANWELL ST,COLO SPGS,38.755784,-104.834967,38.75590017,-104.8337858,103.2
1110234,1940 S CHELTON RD APT C212,COLO SPGS,38.804506,-104.752843,38.80389194,-104.7537353,103.2
1079773,380 MAIN ST,COLO SPGS,38.754483,-104.741179,38.75422809,-104.7400357,103.1
1089667,"6925 N UNION BLVD, CELLSITE",COLO SPGS,38.931963,-104.775008,38.93281497,-104.7754782,103.1
1122529,663 WINTERS DR,COLO SPGS,38.885571,-104.813998,38.88570993,-104.8128218,103.0
1268059,2760 VICKERS DR APT 611,COLO SPGS,38.914631,-104.776,38.91524623,-104.776884,102.6
1286016,"1915 PRESIDENTIAL HTS, HSEMTR",COLO SPGS,38.803455,-104.853367,38.8039057,-104.8543986,102.5
1110233,1940 S CHELTON RD APT C210,COLO SPGS,38.804506,-104.752843,38.8039425,-104.7537749,102.2
1170500,2903 FLINTRIDGE SQ,COLO SPGS,38.89918,-104.771942,38.89862515,-104.7728807,102.0
1001675,4505 FOUNTAIN AVE,CASCADE,38.897584,-104.972384,38.89847671,-104.9726481,101.9
1300286,7110 TAOS DR,COLO SPGS,38.934918,-104.768388,38.93494392,-104.7695651,101.9
1289105,1940 DIPLOMAT VW APT 1625,COLO SPGS,38.803806,-104.853134,38.80467615,-104.8534938,101.7
1013178,"2825 PONY TRACKS DR, TELMTR",COLO SPGS,38.877671,-104.700191,38.87817836,-104.6992135,101.7
1020019,"5801 OAKWOOD BLVD, SPKG",COLO SPGS,38.920528,-104.724275,38.91970777,-104.7237574,101.6
1272118,2760 VICKERS DR APT 612,COLO SPGS,38.914631,-104.776,38.91521781,-104.7768982,101.5
1221562,"3650 N NEVADA AVE, ELEC",COLO SPGS,38.883746,-104.820476,38.8828454,-104.8206529,101.3
1110237,1940 S CHELTON RD APT C208,COLO SPGS,38.804506,-104.752843,38.80391803,-104.7537346,101.2
1005551,11795 CALLE CORVO,COLO SPGS,38.658671,-104.867054,38.65840426,-104.8659408,101.1
1289053,1940 DIPLOMAT VW APT 1608,COLO SPGS,38.803806,-104.853134,38.80463052,-104.8536203,100.9
1132105,"2170 FIELD HOUSE DR, EQUIP SHED",COLO SPGS,39.012951,-104.886658,39.01383025,-104.8869476,100.9
1289100,1940 DIPLOMAT VW APT 1624,COLO SPGS,38.803806,-104.853134,38.8046507,-104.8535581,100.9
1100306,1940 S CHELTON RD APT H139,COLO SPGS,38.804506,-104.752843,38.80360962,-104.7530172,100.8
1067463,"3002 OLD RANCH RD, SPKG",COLO SPGS,38.982138,-104.771743,38.98253931,-104.770697,100.8
1072452,"930 LETA DR, TRF SG",COLO SPGS,38.767173,-104.740101,38.76642611,-104.7394433,100.7
1133008,"7559 LEXINGTON DR, PHONE EQUIPMENT",COLO SPGS,38.941414,-104.762959,38.94134967,-104.7617973,100.7
1183758,"1025 VISTA GRANDE DR, CV2",COLO SPGS,38.809034,-104.874998,38.80839563,-104.8758228,100.7
1163430,"1325 VINDICATOR DR, TRF SG",COLO SPGS,38.922642,-104.850731,38.92353324,-104.8509356,100.7
1166075,"331 S 14TH ST, YARD LIGHTS",COLO SPGS,38.83477,-104.847309,38.83434515,-104.8462851,100.5
1113804,1940 S CHELTON RD APT C307,COLO SPGS,38.804506,-104.752843,38.80396854,-104.753776,100.5
1272153,2760 VICKERS DR APT 613,COLO SPGS,38.914631,-104.776,38.9151894,-104.7769124,100.4
1174396,3876 MALLOW RD,COLO SPGS,38.888818,-104.814217,38.8884437,-104.8131643,100.2
1101562,1457 WATERCRESS LN,COLO SPGS,38.811712,-104.734589,38.81092824,-104.7340182,100.2
1170523,2911 FLINTRIDGE PL,COLO SPGS,38.898262,-104.772761,38.8989511,-104.7720152,100.2
1175047,2410 BUSCH AVE LOT 11,COLO SPGS,38.835291,-104.866267,38.83527597,-104.8674224,100.1
1053614,3813 SMOKE TREE DR,COLO SPGS,38.941173,-104.75556,38.94207259,-104.7555179,100.1
