BADGE,CURRENT_TRANSFORMER,RECOMMENDED_TRANSFORMER,CLUSTER
1202843,264643.0,31358.0,0
1000524,,3771.0,3
1000526,,1517.0,4
1012540,15373.0,501900.0,21
1005528,19823.0,19819.0,24
1001774,285.0,296.0,25
1001771,285.0,296.0,25
1001773,285.0,296.0,25
1053715,285.0,296.0,25
1001770,7771.0,296.0,25
1034078,98205.0,296.0,25
1001772,285.0,296.0,25
1001556,94692.0,296.0,25
1000993,94692.0,296.0,25
1001390,446.0,461.0,28
1001016,440.0,461.0,28
1000564,19848.0,461.0,28
1001415,433.0,461.0,28
1001422,446.0,461.0,28
1000997,443.0,461.0,28
1001389,438.0,461.0,28
1006071,24292.0,10671.0,34
1012979,13395.0,13414.0,51
1000727,221438.0,5576.0,59
1000616,5581.0,5579.0,67
1000681,5564.0,5555.0,71
1000680,58523.0,5555.0,71
1000622,5565.0,5555.0,71
1000685,5580.0,221438.0,72
1000666,5576.0,221438.0,72
1000649,153929.0,21901.0,88
1005546,21905.0,21901.0,88
1000648,153928.0,21901.0,88
1000679,5563.0,5569.0,90
1000657,5573.0,5569.0,90
1000688,5568.0,5569.0,90
1000655,5573.0,5569.0,90
1000658,5570.0,5569.0,90
1189832,375949.0,4459.0,91
1185511,375949.0,4459.0,91
1174026,4457.0,4459.0,91
1000661,5558.0,453995.0,92
1000711,399.0,402.0,122
1000734,5522.0,5520.0,132
1014291,375317.0,375316.0,135
1000738,,375316.0,135
1000808,19816.0,346.0,148
1000810,334.0,346.0,148
1304323,19707.0,19702.0,151
1000775,19689.0,19690.0,157
1003639,19696.0,19690.0,157
1000772,19689.0,19690.0,157
1000779,19840.0,426.0,163
1000818,5504.0,5509.0,165
1000782,5504.0,5509.0,165
1003642,5507.0,5509.0,165
1000828,5507.0,5509.0,165
1000816,5507.0,5509.0,165
1054068,,390898.0,167
1054071,,390898.0,167
1003705,19681.0,19683.0,170
1000795,,383756.0,175
1003813,19687.0,19691.0,178
1003603,19687.0,19691.0,178
1003804,19691.0,19694.0,179
1000803,236.0,19796.0,181
1000804,171195.0,7771.0,182
1001256,268161.0,294.0,186
1001259,320.0,294.0,186
1001245,268161.0,294.0,186
1001258,268161.0,294.0,186
1001247,268161.0,294.0,186
1003659,302.0,298.0,192
1000832,19676.0,19679.0,197
1000836,19677.0,19676.0,198
1000841,19709.0,5495.0,202
1000867,19681.0,19678.0,206
1000849,19681.0,19678.0,206
1000850,19681.0,19678.0,206
1000866,19681.0,19678.0,206
1000851,19688.0,19678.0,206
1000864,19688.0,19678.0,206
1001919,426.0,19838.0,207
1001987,449260.0,85736.0,209
1000893,83807.0,5465.0,214
1000886,19693.0,19688.0,225
1003747,19693.0,19688.0,225
1006651,30364.0,24109.0,227
1000892,5474.0,5472.0,228
1003686,5474.0,5472.0,228
1009259,359723.0,359732.0,255
1000970,10502.0,24265.0,269
1000972,,725.0,271
1000990,19706.0,19708.0,279
1003821,19706.0,19708.0,279
1001427,392.0,381.0,285
1002102,238717.0,381.0,285
1001868,238717.0,381.0,285
1001018,454.0,441.0,292
1001403,440.0,441.0,292
1001412,433.0,441.0,292
1009487,378059.0,375330.0,298
1250722,378059.0,375330.0,298
1001900,375329.0,375330.0,298
1001043,375327.0,375330.0,298
1009482,375327.0,375330.0,298
1009481,378059.0,375330.0,298
1009486,378059.0,375330.0,298
1009485,375327.0,375330.0,298
1014656,375327.0,375330.0,298
1135631,375327.0,375330.0,298
1002584,375329.0,375330.0,298
1009345,378059.0,375330.0,298
1048633,378059.0,375330.0,298
1002389,375329.0,375330.0,298
1001903,375329.0,375330.0,298
1001902,375329.0,375330.0,298
1009488,378059.0,375330.0,298
1048603,375327.0,375330.0,298
1010822,375329.0,375330.0,298
1011458,376540.0,375330.0,298
1009443,378059.0,375330.0,298
1132879,378059.0,375330.0,298
1001041,375327.0,375330.0,298
1257373,,375330.0,298
1070969,375327.0,375330.0,298
1261292,375329.0,375330.0,298
1009484,375327.0,375330.0,298
1052861,376540.0,375330.0,298
1001052,242.0,219.0,301
1001054,19802.0,219.0,301
1007782,19781.0,219.0,301
1001049,219.0,218.0,302
1002278,368.0,360.0,316
1001074,374.0,360.0,316
1001075,374.0,355.0,318
1001096,400.0,388.0,331
1005513,488.0,491.0,357
1001307,505.0,491.0,357
1001138,484.0,491.0,357
1001303,495.0,491.0,357
1002666,19835.0,418.0,365
1002332,658.0,645.0,366
1001153,74844.0,19767.0,367
1005477,301.0,298.0,369
1001379,268161.0,298.0,369
1001938,157.0,205.0,383
1001212,19775.0,281919.0,386
1001194,221.0,19785.0,389
1001572,221.0,19785.0,389
1001562,221.0,19785.0,389
1001592,221.0,19785.0,389
1001206,19831.0,405.0,394
1001232,446.0,19848.0,404
1001401,302.0,323.0,408
1001998,320.0,323.0,408
1005474,341.0,320.0,410
1005918,327.0,320.0,410
1080713,19801.0,279.0,411
1001281,40284.0,19799.0,412
1001280,40284.0,19799.0,412
1011654,19801.0,19799.0,412
1003569,282.0,19799.0,412
1001635,19801.0,19799.0,412
1001252,19804.0,290.0,413
1001293,279.0,282.0,414
1001266,19821.0,19820.0,417
1001462,19819.0,19823.0,418
1001282,279.0,19794.0,423
1001659,19798.0,264.0,430
1001292,286.0,282.0,432
1013491,290.0,284.0,439
1005526,351.0,347.0,465
1001991,19820.0,356.0,466
1001382,255.0,232.0,468
1002198,255.0,232.0,468
1001373,244.0,232.0,468
1001409,232.0,244.0,469
1001780,230.0,255.0,470
1001928,446.0,438.0,471
1005463,19843.0,438.0,474
1002578,19834.0,418.0,477
1007681,430.0,446.0,478
1001400,430.0,446.0,478
1001405,438.0,446.0,478
1001407,19843.0,438.0,481
1002078,489.0,490.0,491
1001439,30689.0,30695.0,501
1002455,30697.0,30695.0,501
1005541,280.0,294.0,513
1132965,12680.0,12656.0,520
1003924,22739.0,7431.0,528
1001623,19825.0,375.0,539
1001524,19825.0,375.0,539
1001532,766.0,732.0,543
1001994,327.0,342.0,554
1001688,327.0,322.0,556
1001794,157.0,185.0,558
1002070,402.0,399.0,561
1001578,9403.0,19852.0,563
1001582,399.0,390.0,566
1001881,84773.0,385.0,572
1008891,11667.0,24729.0,582
1001692,341.0,323.0,595
1001664,699.0,697.0,598
1072091,365405.0,365412.0,600
1280811,365408.0,365412.0,600
1287739,365403.0,365412.0,600
1204972,365408.0,365412.0,600
1176152,365411.0,365412.0,600
1001666,365405.0,365412.0,600
1277046,365403.0,365412.0,600
1001786,19782.0,227.0,635
1001748,227.0,212.0,641
1001777,19776.0,212.0,643
1001779,19776.0,212.0,643
1001776,19776.0,212.0,643
1001888,274.0,268.0,648
1001764,7721.0,274.0,649
1001789,19831.0,405.0,655
1001797,209597.0,209598.0,659
1001808,87331.0,727.0,663
1001815,428.0,362.0,667
1001824,309.0,305.0,674
1001945,294.0,280.0,681
1280972,,428.0,697
1003697,455.0,19855.0,707
1001891,268.0,238.0,708
1127600,178568.0,272956.0,735
1003645,19702.0,19707.0,748
1003644,19702.0,19707.0,748
1281580,,23778.0,757
1021667,,23778.0,757
1118830,,23778.0,757
1311348,,23778.0,757
1137858,,23778.0,757
1226760,,23778.0,757
1021037,,23778.0,757
1001980,,23778.0,757
1143826,18954.0,453917.0,760
1001983,453918.0,453917.0,760
1013819,,453917.0,760
1001984,133420.0,19712.0,761
1003629,133420.0,19712.0,761
1001986,,383756.0,762
1011969,542683.0,462.0,764
1280975,530.0,529.0,768
1010831,24712.0,24671.0,778
1010828,24712.0,24671.0,778
1010824,24712.0,24671.0,778
1010827,24712.0,24671.0,778
1002098,209600.0,209599.0,793
1007373,209600.0,209599.0,793
1002137,209600.0,209599.0,793
1173931,84123.0,264637.0,798
1126127,21424.0,264637.0,798
1180925,15705.0,264637.0,798
1177958,15673.0,264637.0,798
1002079,489.0,264637.0,798
1011260,30683.0,30685.0,801
1002092,9403.0,454.0,805
1002313,89569.0,523.0,825
1002164,432.0,427.0,850
1039913,8889.0,8911.0,868
1011278,,364699.0,880
1026462,13083.0,13149.0,885
1026464,13150.0,13149.0,885
1026469,13150.0,13149.0,885
1005975,13019.0,13149.0,885
1128557,13150.0,13149.0,885
1006289,13019.0,13149.0,885
1026465,13083.0,13149.0,885
1136995,13083.0,13149.0,885
1006288,13019.0,13149.0,885
1135554,13150.0,13149.0,885
1002407,13150.0,13149.0,885
1004344,13150.0,13149.0,885
1006286,13083.0,13149.0,885
1138692,13150.0,13149.0,885
1005976,13019.0,13149.0,885
1135257,13083.0,13149.0,885
1027818,8288.0,8252.0,898
1002282,53724.0,10912.0,903
1002304,648.0,641.0,905
1095444,391393.0,391390.0,916
1007408,10755.0,24394.0,918
1007742,661.0,650.0,930
1012879,359725.0,375325.0,961
1007501,359725.0,375325.0,961
1009470,359725.0,375325.0,961
1009472,359725.0,375325.0,961
1009393,375324.0,375325.0,961
1009388,359725.0,375325.0,961
1052243,359725.0,375325.0,961
1002364,359725.0,375325.0,961
1048630,359725.0,375325.0,961
1099283,370422.0,17063.0,969
1002451,343741.0,343740.0,1001
1002507,24383.0,10783.0,1028
1002522,56923.0,24178.0,1035
1003622,11542.0,11499.0,1039
1002534,11542.0,11499.0,1039
1002533,11542.0,11499.0,1039
1006742,,111985.0,1040
1002536,111980.0,111985.0,1040
1025657,56312.0,111985.0,1040
1025656,32607.0,111985.0,1040
1002538,111980.0,111985.0,1040
1055696,32607.0,111985.0,1040
1002933,56312.0,111985.0,1040
1002539,111980.0,111985.0,1040
1027825,7365.0,7398.0,1046
1002612,24265.0,10453.0,1052
1007358,10404.0,10453.0,1053
1096181,497035.0,535853.0,1068
1002598,497035.0,535853.0,1068
1097321,497035.0,535853.0,1068
1073871,3102.0,3101.0,1091
1002642,3102.0,3101.0,1091
1073869,3102.0,3101.0,1091
1098555,3102.0,3101.0,1091
1024798,24950.0,24877.0,1093
1002644,24950.0,24877.0,1093
1095240,24963.0,24877.0,1093
1007086,24928.0,24877.0,1093
1007066,24950.0,24877.0,1093
1134034,24963.0,24877.0,1093
1002677,20780.0,20760.0,1117
1002678,17682.0,17646.0,1118
1090503,18161.0,18141.0,1120
1091201,18161.0,18141.0,1120
1115276,25596.0,25593.0,1122
1112499,14701.0,25871.0,1123
1112474,14625.0,25871.0,1123
1148201,14701.0,25871.0,1123
1116256,14318.0,14342.0,1124
1157599,17430.0,17442.0,1143
1154875,17430.0,17442.0,1143
1156918,17430.0,17442.0,1143
1080154,15897.0,15893.0,1144
1093324,17670.0,17644.0,1154
1027881,8138.0,22997.0,1170
1027863,8138.0,22997.0,1170
1027865,8138.0,22997.0,1170
1027876,8138.0,22997.0,1170
1027879,8138.0,22997.0,1170
1130669,375100.0,11796.0,1182
1009969,11777.0,11796.0,1182
1005076,11956.0,24827.0,1183
1018702,69414.0,9681.0,1185
1002932,10486.0,10430.0,1186
1005535,136638.0,5583.0,1195
1003542,11956.0,11954.0,1196
1025106,10616.0,10636.0,1198
1041376,7892.0,22915.0,1201
1041375,7892.0,22915.0,1201
1003550,7892.0,22915.0,1201
1003577,19694.0,19698.0,1217
1003706,19705.0,19694.0,1220
1003688,19685.0,19695.0,1225
1003612,19695.0,19685.0,1227
1231809,19702.0,19693.0,1229
1003609,19710.0,19711.0,1235
1003820,19681.0,19682.0,1237
1003615,19685.0,19682.0,1237
1005893,19701.0,19692.0,1238
1003634,19695.0,19697.0,1241
1053486,506665.0,506658.0,1245
1039809,506657.0,506658.0,1245
1003630,506657.0,506658.0,1245
1127824,506659.0,506658.0,1245
1110388,506665.0,506658.0,1245
1003823,19686.0,19689.0,1253
1003707,19705.0,19703.0,1255
1003779,19704.0,19703.0,1255
1003753,19708.0,19706.0,1261
1042256,391275.0,391280.0,1267
1226100,,391280.0,1267
1003698,391273.0,391280.0,1267
1101317,391273.0,391280.0,1267
1011847,391275.0,391280.0,1267
1027652,391273.0,391280.0,1267
1226101,,391280.0,1267
1005501,21922.0,21917.0,1269
1005851,21920.0,21917.0,1269
1005540,21922.0,21917.0,1269
1261432,21915.0,21917.0,1269
1005499,21915.0,21917.0,1269
1005520,21912.0,21917.0,1269
1003703,21911.0,21917.0,1269
1005551,152637.0,21917.0,1269
1257668,21913.0,21917.0,1269
1005842,21912.0,21917.0,1269
1003787,21922.0,21917.0,1269
1005521,21912.0,21917.0,1269
1005486,58205.0,21917.0,1269
1003788,21920.0,21917.0,1269
1003786,21920.0,21917.0,1269
1005518,21915.0,21917.0,1269
1003710,19711.0,27471.0,1271
1003727,19678.0,19680.0,1272
1003724,19678.0,19680.0,1272
1010677,58530.0,58528.0,1274
1003736,58530.0,58528.0,1274
1010675,58530.0,58528.0,1274
1010673,58530.0,58528.0,1274
1005869,21884.0,21883.0,1287
1003795,19679.0,19684.0,1290
1003781,5479.0,83808.0,1291
1003791,5481.0,83808.0,1291
1007678,5478.0,83808.0,1291
1005504,5481.0,83808.0,1291
1005469,5491.0,83808.0,1291
1005467,5484.0,83808.0,1291
1005914,5491.0,83808.0,1291
1005505,83808.0,5478.0,1295
1025329,25283.0,12911.0,1308
1011409,6657.0,6551.0,1335
1133034,46684.0,8437.0,1344
1004359,13274.0,13311.0,1356
1055057,13257.0,13229.0,1364
1004002,13193.0,13229.0,1364
1006060,13257.0,13229.0,1364
1006059,13257.0,13229.0,1364
1006058,13257.0,13229.0,1364
1004245,13370.0,13341.0,1370
1007367,13242.0,13287.0,1374
1004024,13318.0,13287.0,1374
1004067,12481.0,12506.0,1390
1005794,12471.0,12506.0,1390
1004226,12680.0,12713.0,1394
1004092,58203.0,33262.0,1402
1004143,13223.0,13202.0,1413
1025449,24846.0,24837.0,1426
1099225,16181.0,26368.0,1428
1004281,22789.0,7486.0,1475
1119488,25509.0,13678.0,1479
1021421,25390.0,13249.0,1513
1019662,103009.0,111990.0,1528
1004488,103009.0,111990.0,1528
1004487,103009.0,111990.0,1528
1047446,103009.0,111990.0,1528
1004492,103009.0,111990.0,1528
1004495,8540.0,23201.0,1532
1004456,8540.0,23201.0,1532
1004455,8540.0,23201.0,1532
1004420,133432.0,133434.0,1533
1021199,8646.0,8669.0,1539
1021163,8646.0,8669.0,1539
1004441,9224.0,23592.0,1544
1004554,133427.0,133428.0,1570
1004528,133427.0,133428.0,1570
1004555,133427.0,133428.0,1570
1004581,23048.0,23066.0,1573
1190755,21426.0,3708.0,1574
1004720,123833.0,80608.0,1601
1008159,123833.0,80608.0,1601
1007880,71011.0,80608.0,1601
1008158,123833.0,80608.0,1601
1127292,71011.0,80608.0,1601
1007877,123833.0,80608.0,1601
1052536,71011.0,80608.0,1601
1004946,71011.0,80608.0,1601
1008591,123833.0,80608.0,1601
1004931,80605.0,80608.0,1601
1004718,123833.0,80608.0,1601
1049048,123833.0,80608.0,1601
1004933,80605.0,80608.0,1601
1004910,80605.0,80608.0,1601
1004949,71011.0,80608.0,1601
1004717,80605.0,80608.0,1601
1004947,71011.0,80608.0,1601
1048664,23926.0,23936.0,1609
1009051,23926.0,23936.0,1609
1072451,132141.0,132140.0,1638
1005016,9915.0,9967.0,1643
1312386,220476.0,220480.0,1653
1155451,220476.0,220480.0,1653
1109845,220476.0,220480.0,1653
1312387,220476.0,220480.0,1653
1004836,9983.0,23915.0,1683
1005220,109106.0,109104.0,1686
1005219,109106.0,109104.0,1686
1004906,37428.0,37425.0,1707
1004909,37428.0,37425.0,1707
1009748,37428.0,37425.0,1707
1009749,37428.0,37425.0,1707
1307213,4744.0,4721.0,1711
1307210,4746.0,4721.0,1711
1004925,4746.0,4721.0,1711
1307211,4746.0,4721.0,1711
1307212,4744.0,4721.0,1711
1119481,396227.0,430002.0,1718
1008326,24698.0,24718.0,1724
1008113,10026.0,9978.0,1729
1148822,2795.0,105910.0,1730
1150271,2795.0,105910.0,1730
1150273,2795.0,105910.0,1730
1005004,2795.0,105910.0,1730
1128776,2795.0,105910.0,1730
1148874,2795.0,105910.0,1730
1025480,33260.0,33259.0,1744
1025076,10149.0,10140.0,1765
1005143,6657.0,6656.0,1768
1055107,7510.0,7465.0,1780
1010338,10837.0,24388.0,1798
1234460,537115.0,542510.0,1816
1304384,537119.0,542510.0,1816
1022808,537119.0,542510.0,1816
1270313,537119.0,542510.0,1816
1006203,11852.0,11897.0,1834
1006204,11852.0,11897.0,1834
1005401,148183.0,143045.0,1835
1006545,9651.0,9637.0,1836
1006530,9766.0,9768.0,1837
1008477,24691.0,11715.0,1846
1005912,5480.0,5479.0,1861
1005480,5464.0,5468.0,1868
1005523,21875.0,21874.0,1886
1005867,87003.0,5586.0,1887
1005543,5462.0,5461.0,1893
1005565,24917.0,24886.0,1902
1009033,24071.0,24088.0,1912
1005587,11328.0,11397.0,1915
1005593,1019.0,345275.0,1920
1114527,365212.0,345275.0,1920
1006314,148185.0,148186.0,1944
1059159,143046.0,148186.0,1944
1014023,143046.0,148186.0,1944
1006317,148185.0,148186.0,1944
1072337,23939.0,9981.0,1951
1303089,5146.0,5165.0,2002
1130783,343164.0,4378.0,2004
1248279,343164.0,4378.0,2004
1133385,343164.0,4378.0,2004
1148232,25871.0,25840.0,2009
1110068,5207.0,5236.0,2024
1110625,5207.0,5236.0,2024
1110624,5207.0,5236.0,2024
1110083,5207.0,5236.0,2024
1110540,5207.0,5236.0,2024
1005923,15946.0,15936.0,2032
1109836,14290.0,14321.0,2035
1005926,14290.0,14321.0,2035
1127814,14431.0,14416.0,2037
1112419,14431.0,14416.0,2037
1112417,14431.0,14416.0,2037
1007737,30364.0,24062.0,2064
1026068,24035.0,24062.0,2064
1006011,30364.0,24062.0,2064
1011456,136299.0,11205.0,2075
1006685,23950.0,23909.0,2113
1109180,14718.0,14708.0,2123
1109160,14718.0,14708.0,2123
1006259,14718.0,14708.0,2123
1009014,24254.0,10571.0,2141
1006359,10593.0,10532.0,2150
1006428,12055.0,12024.0,2163
1006427,12055.0,12024.0,2163
1014398,405742.0,425118.0,2172
1007057,30364.0,24069.0,2203
1007054,30364.0,24069.0,2203
1006593,10102.0,10136.0,2204
1006598,11149.0,11186.0,2206
1094415,439437.0,11186.0,2206
1114664,13760.0,13731.0,2228
1111443,13760.0,13731.0,2228
1006721,13760.0,13731.0,2228
1110131,13760.0,13731.0,2228
1114667,13760.0,13731.0,2228
1006725,536540.0,3421.0,2230
1006794,10317.0,10245.0,2252
1021215,12214.0,12271.0,2265
1132829,391420.0,391422.0,2279
1012954,10245.0,24288.0,2285
1014643,129261.0,129264.0,2305
1025619,10416.0,10336.0,2342
1007797,24101.0,24086.0,2347
1265550,,384443.0,2360
1265302,14421.0,444268.0,2372
1265541,14421.0,444268.0,2372
1127095,2498.0,444268.0,2372
1127091,2498.0,444268.0,2372
1020885,9019.0,8923.0,2383
1020903,8843.0,8923.0,2383
1020904,8843.0,8923.0,2383
1007272,8843.0,8923.0,2383
1007399,24891.0,24882.0,2385
1011424,23361.0,9030.0,2386
1039738,9080.0,9030.0,2386
1039737,9080.0,9030.0,2386
1039735,9080.0,9030.0,2386
1039743,9080.0,9030.0,2386
1039736,9080.0,9030.0,2386
1007316,18251.0,18241.0,2401
1257381,63655.0,3533.0,2402
1283270,482623.0,482621.0,2421
1137819,482622.0,482621.0,2421
1158562,482622.0,482621.0,2421
1034755,482623.0,482621.0,2421
1007400,482623.0,482621.0,2421
1130978,482623.0,482621.0,2421
1128457,482624.0,482621.0,2421
1025254,12705.0,25132.0,2428
1025644,12688.0,25174.0,2482
1010172,10790.0,10803.0,2494
1010171,10790.0,10803.0,2494
1010192,10790.0,10803.0,2494
1010236,10790.0,10803.0,2494
1010237,10790.0,10803.0,2494
1007679,,120619.0,2501
1226885,23030.0,23047.0,2502
1009171,158740.0,677.0,2518
1007811,645.0,658.0,2530
1013844,324.0,317.0,2539
1007839,689.0,681.0,2557
1007841,681.0,689.0,2558
1007953,,25375.0,2582
1008085,,6229.0,2611
1008288,11349.0,24576.0,2657
1008361,145599.0,145600.0,2671
1008423,,1697.0,2682
1304205,22401.0,6804.0,2686
1303969,22424.0,6804.0,2686
1008441,22424.0,6804.0,2686
1303967,22424.0,6804.0,2686
1128296,22424.0,6804.0,2686
1303991,22401.0,6804.0,2686
1179714,345435.0,370355.0,2709
1206121,370356.0,370355.0,2709
1095367,384013.0,370355.0,2709
1211244,345435.0,370355.0,2709
1129318,384013.0,370355.0,2709
1206122,370356.0,370355.0,2709
1206412,370356.0,370355.0,2709
1312238,345435.0,370355.0,2709
1138789,282566.0,370355.0,2709
1008565,370356.0,370355.0,2709
1015383,345435.0,370355.0,2709
1012902,11782.0,11770.0,2710
1008719,139848.0,139846.0,2735
1010797,24660.0,11594.0,2744
1267906,8976.0,8949.0,2745
1267905,9014.0,8949.0,2745
1012911,11732.0,11740.0,2757
1010066,35170.0,24581.0,2762
1008888,11377.0,11313.0,2777
1232532,,506639.0,2781
1009120,420267.0,415483.0,2840
1138579,420268.0,415483.0,2840
1054829,33260.0,33261.0,2857
1009289,350227.0,350226.0,2867
1009286,350227.0,350226.0,2867
1010176,10916.0,24468.0,2896
1090549,3568.0,21375.0,2912
1090550,78687.0,21375.0,2912
1089194,21373.0,21375.0,2912
1009440,78687.0,21375.0,2912
1009442,390898.0,390901.0,2914
1036407,,390901.0,2914
1058251,,390901.0,2914
1010005,390898.0,390901.0,2914
1010376,24240.0,10491.0,2936
1128761,131184.0,131185.0,2948
1010385,49568.0,35177.0,2963
1047083,453820.0,391373.0,2964
1127179,453820.0,391373.0,2964
1042430,535598.0,535595.0,2975
1026556,535598.0,535595.0,2975
1009685,535598.0,535595.0,2975
1100412,535598.0,535595.0,2975
1257372,,79965.0,2980
1010560,88606.0,88607.0,3020
1073653,536045.0,391292.0,3047
1145619,2853.0,2870.0,3079
1145648,2853.0,2870.0,3079
1010609,79969.0,79968.0,3145
1257371,,444305.0,3171
1257369,,444305.0,3171
1010846,11453.0,11362.0,3197
1110458,26612.0,17001.0,3218
1110500,26612.0,17001.0,3218
1110459,26612.0,17001.0,3218
1035302,286723.0,286724.0,3220
1035968,6734.0,22373.0,3229
1028002,6734.0,22373.0,3229
1022879,303360.0,303359.0,3234
1035279,286726.0,344637.0,3237
1047397,184648.0,170236.0,3241
1034633,278398.0,274876.0,3242
1034632,278398.0,274876.0,3242
1034611,278398.0,274876.0,3242
1034634,278398.0,274876.0,3242
1027963,278398.0,274876.0,3242
1034631,278398.0,274876.0,3242
1032475,278398.0,274876.0,3242
1034613,278398.0,274876.0,3242
1011170,336635.0,171197.0,3255
1029621,336635.0,171197.0,3255
1027467,24072.0,24044.0,3282
1022901,11012.0,11017.0,3285
1023258,145275.0,235200.0,3299
1013503,9047.0,23438.0,3302
1135550,9047.0,23438.0,3302
1020576,9340.0,9436.0,3307
1020574,9340.0,9436.0,3307
1048980,9340.0,9436.0,3307
1020577,9340.0,9436.0,3307
1020542,9340.0,9436.0,3307
1020545,9340.0,9436.0,3307
1011287,349565.0,343179.0,3335
1037761,278079.0,375645.0,3336
1073398,201916.0,69409.0,3337
1011308,23785.0,9533.0,3348
1199470,9544.0,9533.0,3348
1198912,9544.0,9533.0,3348
1199473,9544.0,9533.0,3348
1198915,23785.0,9533.0,3348
1198913,9544.0,9533.0,3348
1020546,9204.0,9212.0,3372
1048274,96285.0,96286.0,3391
1048276,96285.0,96286.0,3391
1065093,96285.0,96286.0,3391
1048278,96285.0,96286.0,3391
1048275,96285.0,96286.0,3391
1011407,10930.0,24459.0,3403
1018943,7205.0,7202.0,3405
1298645,7323.0,7300.0,3420
1279361,7362.0,7300.0,3420
1288587,7323.0,7300.0,3420
1279364,7362.0,7300.0,3420
1298643,7323.0,7300.0,3420
1279363,7362.0,7300.0,3420
1132288,344625.0,344620.0,3427
1134306,280318.0,258879.0,3429
1012708,280316.0,258879.0,3429
1040875,280318.0,258879.0,3429
1131009,280318.0,258879.0,3429
1040894,280318.0,258879.0,3429
1040906,280318.0,258879.0,3429
1040879,280319.0,258879.0,3429
1040876,280318.0,258879.0,3429
1073872,370398.0,370397.0,3436
1097778,370398.0,370397.0,3436
1054104,88287.0,88286.0,3449
1130659,349899.0,344587.0,3454
1057375,344286.0,344287.0,3472
1026604,184639.0,184637.0,3493
1011576,66531.0,66530.0,3504
1165849,21246.0,3234.0,3517
1257363,,24763.0,3519
1022086,10727.0,24334.0,3523
1022104,10727.0,24334.0,3523
1011612,24384.0,24334.0,3523
1024281,24384.0,24334.0,3523
1022087,10727.0,24334.0,3523
1024280,24384.0,24334.0,3523
1011647,8871.0,8839.0,3546
1019256,8871.0,8839.0,3546
1019255,8871.0,8839.0,3546
1011664,16197.0,16233.0,3558
1011673,6780.0,6741.0,3563
1053916,22886.0,7845.0,3569
1011710,375502.0,375501.0,3588
1054402,364609.0,364608.0,3593
1011738,12814.0,307837.0,3603
1175339,307838.0,307837.0,3603
1095932,307838.0,307837.0,3603
1175338,307838.0,307837.0,3603
1175336,307838.0,307837.0,3603
1175357,12814.0,307837.0,3603
1134634,383823.0,383824.0,3608
1070880,383823.0,383824.0,3608
1011863,376717.0,376718.0,3614
1014251,370396.0,370397.0,3617
1011822,377665.0,377666.0,3619
1044086,,535970.0,3622
1056409,375966.0,375965.0,3625
1011841,375966.0,375965.0,3625
1011804,375966.0,375965.0,3625
1205977,15013.0,2881.0,3631
1132539,14946.0,2881.0,3631
1059258,375499.0,375314.0,3632
1011865,376718.0,376717.0,3643
1011891,184644.0,184645.0,3652
1011896,19867.0,9705.0,3657
1053156,233276.0,233282.0,3660
1099031,233276.0,233282.0,3660
1099132,233284.0,233282.0,3660
1099133,233284.0,233282.0,3660
1099033,233276.0,233282.0,3660
1073085,233284.0,233282.0,3660
1099030,233276.0,233282.0,3660
1011900,233283.0,233282.0,3660
1072647,233283.0,233282.0,3660
1072649,229764.0,233282.0,3660
1073137,233283.0,233282.0,3660
1073084,233284.0,233282.0,3660
1099131,233284.0,233282.0,3660
1108567,229764.0,233282.0,3660
1053154,233276.0,233282.0,3660
1073086,233284.0,233282.0,3660
1053155,233276.0,233282.0,3660
1099077,233283.0,233282.0,3660
1099074,233283.0,233282.0,3660
1099130,233284.0,233282.0,3660
1073135,233283.0,233282.0,3660
1053167,233276.0,233282.0,3660
1073138,233283.0,233282.0,3660
1099032,233276.0,233282.0,3660
1108569,229764.0,233282.0,3660
1073083,233284.0,233282.0,3660
1072646,229764.0,233282.0,3660
1099076,233283.0,233282.0,3660
1036357,22540.0,22526.0,3664
1059799,101724.0,101727.0,3680
1068010,101724.0,101727.0,3680
1059251,101723.0,101727.0,3680
1067149,101723.0,101727.0,3680
1067150,101723.0,101727.0,3680
1011923,101725.0,101727.0,3680
1069634,101724.0,101727.0,3680
1067158,101723.0,101727.0,3680
1227729,8112.0,22990.0,3683
1185592,27453.0,19626.0,3684
1185593,27453.0,19626.0,3684
1132807,11378.0,11446.0,3687
1249844,11378.0,11446.0,3687
1210205,1095.0,1101.0,3697
1011962,20004.0,1101.0,3697
1207810,12693.0,1101.0,3697
1210206,20004.0,1101.0,3697
1210219,12693.0,1101.0,3697
1210284,12693.0,1101.0,3697
1011964,391165.0,26398.0,3699
1188767,16868.0,32929.0,3700
1188768,16868.0,32929.0,3700
1188766,16879.0,32929.0,3700
1071074,21720.0,4964.0,3702
1297711,4962.0,4964.0,3702
1011971,11711.0,12285.0,3703
1106648,205116.0,12285.0,3703
1174822,11888.0,12285.0,3703
1176109,12232.0,12285.0,3703
1181386,12030.0,12285.0,3703
1174821,12232.0,12285.0,3703
1176110,12147.0,12285.0,3703
1059443,11888.0,12285.0,3703
1174852,11711.0,12285.0,3703
1164079,205116.0,12285.0,3703
1176111,12232.0,12285.0,3703
1174823,12030.0,12285.0,3703
1176572,11711.0,12285.0,3703
1059445,11888.0,12285.0,3703
1031085,343090.0,287682.0,3704
1031083,343090.0,287682.0,3704
1031084,343090.0,287682.0,3704
1031086,343090.0,287682.0,3704
1163463,24566.0,11300.0,3713
1015463,329279.0,11300.0,3713
1182963,329279.0,11300.0,3713
1011984,343883.0,11300.0,3713
1285326,343883.0,11300.0,3713
1047737,282878.0,19925.0,3716
1031967,204797.0,19925.0,3716
1012555,334715.0,19925.0,3716
1012909,69412.0,11823.0,3718
1059301,9714.0,9628.0,3723
1012546,9714.0,9628.0,3723
1012552,359581.0,81565.0,3725
1012562,325437.0,3508.0,3729
1012567,,3292.0,3734
1083137,26160.0,15668.0,3746
1090624,26160.0,15668.0,3746
1088803,26160.0,15668.0,3746
1066152,15679.0,15668.0,3746
1137034,15679.0,15668.0,3746
1087896,15679.0,15668.0,3746
1083138,15679.0,15668.0,3746
1081968,26160.0,15668.0,3746
1081055,384699.0,5172.0,3748
1098535,5176.0,5172.0,3748
1012607,320636.0,6162.0,3749
1204971,22194.0,6162.0,3749
1090227,15648.0,26149.0,3756
1012625,15674.0,26149.0,3756
1065029,364603.0,364605.0,3773
1052467,364603.0,364605.0,3773
1059914,364616.0,364605.0,3773
1065014,364616.0,364605.0,3773
1058055,364603.0,364605.0,3773
1059899,364616.0,364605.0,3773
1012765,364603.0,364605.0,3773
1059915,364616.0,364605.0,3773
1058054,364603.0,364605.0,3773
1058057,364603.0,364605.0,3773
1059916,364616.0,364605.0,3773
1098002,364616.0,364605.0,3773
1074252,364616.0,364605.0,3773
1012707,8915.0,9118.0,3781
1073490,8972.0,9118.0,3781
1013016,,194556.0,3784
1057321,343987.0,343986.0,3785
1036574,22342.0,6626.0,3795
1028062,22342.0,6626.0,3795
1012959,276795.0,276506.0,3805
1057364,276795.0,276506.0,3805
1043992,276795.0,276506.0,3805
1057359,276795.0,276506.0,3805
1052541,276795.0,276506.0,3805
1012753,24170.0,24139.0,3816
1046972,40615.0,40616.0,3833
1046973,40615.0,40616.0,3833
1046974,65249.0,40616.0,3833
1038138,272965.0,270715.0,3841
1043734,272965.0,270715.0,3841
1097802,270410.0,270715.0,3841
1038140,272965.0,270715.0,3841
1038137,272965.0,270715.0,3841
1132549,270410.0,270715.0,3841
1031288,283200.0,283197.0,3856
1056101,283200.0,283197.0,3856
1031261,283200.0,283197.0,3856
1020402,9448.0,9471.0,3865
1020831,9448.0,9471.0,3865
1052272,9448.0,9471.0,3865
1027193,9448.0,9471.0,3865
1012816,9448.0,9471.0,3865
1097719,377424.0,377425.0,3866
1012817,377424.0,377425.0,3866
1012841,23815.0,23832.0,3884
1024052,23811.0,23832.0,3884
1028909,23811.0,23832.0,3884
1133325,22027.0,331196.0,3885
1169764,13610.0,43484.0,3886
1132493,13683.0,43484.0,3886
1169729,13564.0,43484.0,3886
1169731,13578.0,43484.0,3886
1174238,13612.0,43484.0,3886
1169730,13674.0,43484.0,3886
1012844,6909.0,6970.0,3887
1012845,156478.0,22025.0,3888
1097379,377867.0,377857.0,3889
1129039,4577.0,21619.0,3893
1280138,4577.0,21619.0,3893
1068816,5801.0,5796.0,3899
1072439,364795.0,6984.0,3900
1012862,22667.0,6984.0,3900
1055682,22667.0,6984.0,3900
1038729,7083.0,6984.0,3900
1044324,287042.0,287043.0,3912
1053434,287042.0,287043.0,3912
1044323,343313.0,287043.0,3912
1052241,287042.0,287043.0,3912
1057032,287042.0,287043.0,3912
1065002,343313.0,287043.0,3912
1057031,287042.0,287043.0,3912
1012877,287042.0,287043.0,3912
1118749,287042.0,287043.0,3912
1251080,287042.0,287043.0,3912
1065111,343313.0,287043.0,3912
1056723,343313.0,287043.0,3912
1012969,376002.0,375997.0,3917
1059486,376002.0,375997.0,3917
1084652,376002.0,375997.0,3917
1059156,376002.0,375997.0,3917
1059155,376002.0,375997.0,3917
1052496,376002.0,375997.0,3917
1059698,376002.0,375997.0,3917
1059154,376002.0,375997.0,3917
1052564,375998.0,375997.0,3917
1013135,375998.0,375997.0,3917
1059589,376002.0,375997.0,3917
1246111,69412.0,11873.0,3933
1012908,69412.0,11873.0,3933
1132927,310079.0,343406.0,3953
1250651,310079.0,343406.0,3953
1054417,365058.0,365056.0,3954
1045720,375670.0,375672.0,3955
1012976,336002.0,336000.0,3977
1052489,336002.0,336000.0,3977
1073771,278410.0,278717.0,3989
1012992,278410.0,278717.0,3989
1052142,278410.0,278717.0,3989
1168361,19058.0,19008.0,3993
1168624,18893.0,19008.0,3993
1203039,19058.0,19008.0,3993
1220181,18903.0,19008.0,3993
1203016,19058.0,19008.0,3993
1203017,19058.0,19008.0,3993
1220194,18903.0,19008.0,3993
1168626,18893.0,19008.0,3993
1183852,18902.0,19008.0,3993
1012996,18903.0,19008.0,3993
1168627,18893.0,19008.0,3993
1220195,18903.0,19008.0,3993
1203015,19058.0,19008.0,3993
1220179,18893.0,19008.0,3993
1097962,18903.0,19008.0,3993
1013000,5118.0,5138.0,3997
1233615,5161.0,5138.0,3997
1114533,172162.0,5138.0,3997
1133019,143357.0,5138.0,3997
1014562,5413.0,5416.0,3999
1125615,1884.0,1930.0,4009
1124753,20303.0,1930.0,4009
1124034,20303.0,1930.0,4009
1013013,1865.0,1930.0,4009
1124802,20303.0,1930.0,4009
1127198,1865.0,1930.0,4009
1124040,396091.0,1930.0,4009
1205014,396091.0,1930.0,4009
1124754,20303.0,1930.0,4009
1108589,1865.0,1930.0,4009
1124755,20303.0,1930.0,4009
1091919,19620.0,19622.0,4012
1184700,27451.0,19622.0,4012
1188287,19620.0,19622.0,4012
1013026,20345.0,1855.0,4017
1178080,20345.0,1855.0,4017
1097961,20345.0,1855.0,4017
1178813,20345.0,1855.0,4017
1013029,3933.0,3916.0,4019
1013049,349835.0,11249.0,4038
1013052,5451.0,5454.0,4040
1073971,5449.0,181767.0,4042
1131993,20471.0,20516.0,4057
1013075,20471.0,20516.0,4057
1048290,74203.0,65251.0,4063
1028780,99816.0,99807.0,4068
1014490,99816.0,99807.0,4068
1028822,99806.0,99807.0,4068
1028821,99806.0,99807.0,4068
1028782,99816.0,99807.0,4068
1028779,99816.0,99807.0,4068
1028820,99806.0,99807.0,4068
1056356,343993.0,319360.0,4070
1057823,343993.0,319360.0,4070
1056357,343993.0,319360.0,4070
1129052,343993.0,319360.0,4070
1065024,343993.0,319360.0,4070
1044940,343993.0,319360.0,4070
1044939,343993.0,319360.0,4070
1044941,343993.0,319360.0,4070
1134289,343993.0,319360.0,4070
1059855,375964.0,375296.0,4085
1013119,375964.0,375296.0,4085
1059869,375963.0,375296.0,4085
1073608,375294.0,375296.0,4085
1052741,375964.0,375296.0,4085
1059856,375964.0,375296.0,4085
1052232,375963.0,375296.0,4085
1059854,375964.0,375296.0,4085
1072241,375963.0,375296.0,4085
1048349,269761.0,269759.0,4092
1048346,269760.0,269759.0,4092
1048344,269760.0,269759.0,4092
1048350,269761.0,269759.0,4092
1048414,269761.0,269759.0,4092
1048343,269760.0,269759.0,4092
1048325,269760.0,269759.0,4092
1048347,269760.0,269759.0,4092
1084737,269760.0,269759.0,4092
1084736,269761.0,269759.0,4092
1084735,269760.0,269759.0,4092
1054976,269761.0,269759.0,4092
1084745,269761.0,269759.0,4092
1048345,269760.0,269759.0,4092
1048412,269761.0,269759.0,4092
1048348,269761.0,269759.0,4092
1132993,278401.0,168318.0,4094
1054677,345360.0,345359.0,4102
1065076,345360.0,345359.0,4102
1065075,345362.0,345359.0,4102
1054641,345362.0,345359.0,4102
1043444,310078.0,343405.0,4107
1074063,286088.0,343405.0,4107
1043465,310078.0,343405.0,4107
1249892,310077.0,343405.0,4107
1065053,310078.0,343405.0,4107
1052321,286088.0,343405.0,4107
1261263,310077.0,343405.0,4107
1044944,310078.0,343405.0,4107
1043446,310078.0,343405.0,4107
1057468,282887.0,282889.0,4113
1057466,282887.0,282889.0,4113
1056735,282887.0,282889.0,4113
1056737,282887.0,282889.0,4113
1043977,282887.0,282889.0,4113
1065012,282887.0,282889.0,4113
1043976,282887.0,282889.0,4113
1013173,7419.0,22742.0,4125
1013176,9478.0,9433.0,4127
1013177,38079.0,68771.0,4128
1013186,375723.0,23402.0,4135
1013189,15683.0,15664.0,4138
1072329,26143.0,15664.0,4138
1080781,15663.0,15664.0,4138
1013194,6282.0,6245.0,4143
1220396,18497.0,18478.0,4152
1137218,18497.0,18478.0,4152
1220335,18497.0,18478.0,4152
1220345,18455.0,18478.0,4152
1220293,18463.0,18478.0,4152
1267530,18455.0,18478.0,4152
1270148,1870.0,378268.0,4190
1015390,350091.0,350092.0,4191
1014182,384035.0,384036.0,4192
1097190,,378639.0,4197
1131450,378636.0,378638.0,4203
1014697,378637.0,378638.0,4203
1096052,378636.0,378638.0,4203
1289351,378637.0,378638.0,4203
1014335,378637.0,378638.0,4203
1144593,2896.0,21025.0,4206
1039475,378395.0,378400.0,4218
1014181,390373.0,390374.0,4233
1013554,389921.0,389920.0,4248
1014813,384435.0,389904.0,4256
1059640,384435.0,389904.0,4256
1059641,384435.0,389904.0,4256
1013374,384435.0,389904.0,4256
1112173,,506653.0,4286
1288144,10280.0,10200.0,4307
1053054,365227.0,10200.0,4307
1288139,10280.0,10200.0,4307
1288140,10280.0,10200.0,4307
1298488,10280.0,10200.0,4307
1288146,10280.0,10200.0,4307
1105907,16971.0,16995.0,4338
1105922,16971.0,16995.0,4338
1059113,383807.0,383787.0,4352
1138149,384796.0,384797.0,4359
1134141,384796.0,384797.0,4359
1060012,378462.0,378464.0,4413
1275390,390509.0,390508.0,4449
1058155,377754.0,377744.0,4453
1058157,377754.0,377744.0,4453
1058156,377754.0,377744.0,4453
1150424,3089.0,537308.0,4495
1143545,3089.0,537308.0,4495
1143539,3089.0,537308.0,4495
1143544,3089.0,537308.0,4495
1143490,3089.0,537308.0,4495
1113402,3089.0,537308.0,4495
1014796,389917.0,389916.0,4496
1014037,1027.0,1018.0,4525
1073716,1019.0,1018.0,4525
1099390,13803.0,1018.0,4525
1052843,23220.0,23208.0,4526
1014038,23220.0,23208.0,4526
1222884,23220.0,23208.0,4526
1222879,23220.0,23208.0,4526
1222927,23220.0,23208.0,4526
1136901,23220.0,23208.0,4526
1197382,1293.0,1316.0,4529
1197384,1293.0,1316.0,4529
1197393,1293.0,1316.0,4529
1014043,1293.0,1316.0,4529
1233026,,525843.0,4553
1014074,,525843.0,4553
1097172,,525843.0,4553
1233018,,525843.0,4553
1096704,,525843.0,4553
1146822,2947.0,2916.0,4565
1146835,2947.0,2916.0,4565
1268509,9821.0,9770.0,4569
1268507,9821.0,9770.0,4569
1267698,23849.0,9770.0,4569
1267666,9805.0,9770.0,4569
1226178,23849.0,9770.0,4569
1247669,23849.0,9770.0,4569
1273587,23849.0,9770.0,4569
1268461,9821.0,9770.0,4569
1273613,23849.0,9770.0,4569
1268510,9821.0,9770.0,4569
1266659,9821.0,9770.0,4569
1267651,9821.0,9770.0,4569
1037179,,384088.0,4578
1014137,18644.0,18679.0,4581
1095103,390688.0,390689.0,4583
1133766,383807.0,383819.0,4604
1095942,383806.0,383819.0,4604
1132536,383807.0,383819.0,4604
1135107,383806.0,383819.0,4604
1014975,370401.0,370402.0,4620
1137774,537132.0,537131.0,4627
1058778,375981.0,375980.0,4643
1014331,453851.0,453852.0,4665
1285307,,378461.0,4677
1053390,378349.0,274235.0,4703
1053409,378349.0,274235.0,4703
1014453,378349.0,274235.0,4703
1053411,378349.0,274235.0,4703
1102845,16841.0,16828.0,4722
1014507,140163.0,17109.0,4729
1102160,89567.0,17109.0,4729
1093146,88613.0,17109.0,4729
1093145,140163.0,17109.0,4729
1014512,227518.0,3224.0,4732
1157961,227518.0,3224.0,4732
1066286,21963.0,21961.0,4740
1063174,21963.0,21961.0,4740
1066287,21963.0,21961.0,4740
1066261,21963.0,21961.0,4740
1063205,5664.0,21962.0,4743
1063177,5664.0,21962.0,4743
1063154,5664.0,21962.0,4743
1063203,5664.0,21962.0,4743
1185589,19626.0,27452.0,4744
1091916,19622.0,27452.0,4744
1186117,19626.0,27452.0,4744
1184550,108152.0,108147.0,4745
1167127,108153.0,108147.0,4745
1185606,108148.0,108147.0,4745
1014525,108152.0,108147.0,4745
1185608,108148.0,108147.0,4745
1184552,108152.0,108147.0,4745
1167125,108151.0,108147.0,4745
1167124,108153.0,108147.0,4745
1097105,108150.0,108147.0,4745
1023514,7558.0,7575.0,4749
1023961,24382.0,10715.0,4755
1040401,237119.0,237120.0,4757
1014559,6635.0,6679.0,4767
1150194,3648.0,3642.0,4777
1014573,3648.0,3642.0,4777
1150130,3648.0,3642.0,4777
1121804,24987.0,12390.0,4803
1124193,932.0,942.0,4820
1074030,2908.0,2932.0,4839
1147043,21054.0,2932.0,4839
1147395,21054.0,2932.0,4839
1145293,21054.0,2932.0,4839
1198862,23673.0,23684.0,4851
1198864,23673.0,23684.0,4851
1302977,,390531.0,4855
1059542,384084.0,384085.0,4866
1221811,11907.0,11877.0,4868
1042146,383482.0,383480.0,4869
1042136,383482.0,383480.0,4869
1014794,3741.0,3727.0,4878
1266032,338235.0,9495.0,4883
1155813,536072.0,112634.0,4885
1200127,473134.0,473132.0,4898
1306753,473134.0,473132.0,4898
1119561,473123.0,473132.0,4898
1014875,473133.0,473132.0,4898
1137737,473128.0,473132.0,4898
1119591,473123.0,473132.0,4898
1119564,473128.0,473132.0,4898
1121672,473133.0,473132.0,4898
1299686,473133.0,473132.0,4898
1187601,473133.0,473132.0,4898
1057331,473133.0,473132.0,4898
1137784,473123.0,473132.0,4898
1228914,473133.0,473132.0,4898
1155991,473134.0,473132.0,4898
1036706,473134.0,473132.0,4898
1221585,,473132.0,4898
1174283,473134.0,473132.0,4898
1232508,,473132.0,4898
1158259,17307.0,17357.0,4899
1014877,26596.0,16993.0,4900
1113466,26596.0,16993.0,4900
1076604,18981.0,18871.0,4909
1075740,18981.0,18871.0,4909
1014886,18981.0,18871.0,4909
1075341,18981.0,18871.0,4909
1076572,18981.0,18871.0,4909
1125432,1342.0,1326.0,4922
1109953,27199.0,27192.0,4928
1071209,5348.0,5341.0,4929
1074877,5348.0,5341.0,4929
1074878,5348.0,5341.0,4929
1074876,5348.0,5341.0,4929
1070069,5348.0,5341.0,4929
1014919,15860.0,15875.0,4932
1306960,8422.0,8382.0,4936
1306961,8422.0,8382.0,4936
1074775,25510.0,13671.0,4948
1088800,26160.0,15688.0,4949
1131849,345084.0,20786.0,4954
1014948,12462.0,12449.0,4958
1201460,12462.0,12449.0,4958
1201458,12462.0,12449.0,4958
1153347,12462.0,12449.0,4958
1201461,12462.0,12449.0,4958
1135976,195839.0,263050.0,4963
1219561,4113.0,4086.0,4969
1187246,4101.0,4086.0,4969
1219563,4088.0,4086.0,4969
1180507,4064.0,4086.0,4969
1219562,4113.0,4086.0,4969
1164357,4072.0,4086.0,4969
1165878,4052.0,4086.0,4969
1190306,4064.0,4086.0,4969
1187140,4113.0,4086.0,4969
1133643,4052.0,4086.0,4969
1014960,4113.0,4086.0,4969
1190308,4077.0,4086.0,4969
1133357,13851.0,13766.0,4986
1111645,13767.0,13766.0,4986
1111169,13767.0,13766.0,4986
1111615,13767.0,13766.0,4986
1111646,13767.0,13766.0,4986
1096135,375313.0,375310.0,5028
1015169,289597.0,3936.0,5039
1232979,,384663.0,5042
1015253,376521.0,376522.0,5056
1277320,4808.0,4809.0,5069
1277555,4808.0,4809.0,5069
1278757,4808.0,4809.0,5069
1277315,4808.0,4809.0,5069
1300092,8739.0,8682.0,5081
1307744,8739.0,8682.0,5081
1015422,8739.0,8682.0,5081
1307745,8739.0,8682.0,5081
1300082,8739.0,8682.0,5081
1015429,227204.0,227195.0,5082
1015378,344373.0,16818.0,5084
1107787,344373.0,16818.0,5084
1015393,227199.0,227197.0,5087
1015381,227203.0,227197.0,5087
1289037,227203.0,227197.0,5087
1288959,227200.0,227197.0,5087
1015410,227198.0,227197.0,5087
1015408,227202.0,227197.0,5087
1289036,227200.0,227197.0,5087
1288975,25004.0,12376.0,5096
1015394,24973.0,12376.0,5096
1288962,12280.0,12376.0,5096
1288977,24994.0,12376.0,5096
1015399,376635.0,23529.0,5099
1304952,201.0,184.0,5102
1304687,214.0,184.0,5102
1095175,5014.0,154236.0,5105
1015412,74530.0,18665.0,5109
1299973,74530.0,18665.0,5109
1299921,27162.0,18561.0,5112
1299920,244165.0,18561.0,5112
1173558,27174.0,18561.0,5112
1273719,9946.0,23897.0,5113
1288505,188475.0,188476.0,5115
1306274,335675.0,335676.0,5119
1307260,335675.0,335676.0,5119
1298491,335675.0,335676.0,5119
1224525,21683.0,26796.0,5120
1015426,330558.0,26796.0,5120
1281056,4845.0,26796.0,5120
1216192,4845.0,26796.0,5120
1276974,283842.0,154239.0,5121
1015490,15904.0,15891.0,5125
1285327,18009.0,17986.0,5130
1281426,18009.0,17986.0,5130
1281431,18008.0,17986.0,5130
1015462,17965.0,17986.0,5130
1137937,18012.0,17986.0,5130
1108849,16686.0,16691.0,5132
1015473,16692.0,16691.0,5132
1150592,2993.0,26008.0,5134
1143674,3032.0,26008.0,5134
1015475,2993.0,26008.0,5134
1090031,85411.0,21163.0,5136
1142388,3036.0,389963.0,5137
1142375,,389963.0,5137
1195013,19961.0,913.0,5138
1073054,14616.0,14499.0,5148
1164014,14616.0,14499.0,5148
1018717,14616.0,14499.0,5148
1072956,14616.0,14499.0,5148
1019451,9271.0,9223.0,5176
1018821,9271.0,9223.0,5176
1018820,9271.0,9223.0,5176
1019294,8134.0,22966.0,5177
1018907,22813.0,7591.0,5186
1018909,22813.0,7591.0,5186
1018860,7591.0,22820.0,5188
1133017,60769.0,261117.0,5201
1018945,22924.0,7782.0,5217
1027878,7797.0,7852.0,5218
1053951,7797.0,7852.0,5218
1054087,92775.0,260490.0,5224
1054086,92775.0,65564.0,5225
1048755,92775.0,65564.0,5225
1018981,92775.0,65564.0,5225
1018997,22934.0,22944.0,5231
1280979,18426.0,18423.0,5244
1280977,18426.0,18423.0,5244
1281522,18386.0,18423.0,5244
1137880,18407.0,18423.0,5244
1281523,18407.0,18423.0,5244
1019066,175995.0,175996.0,5246
1027256,9059.0,23496.0,5250
1020028,8614.0,8562.0,5255
1019164,36137.0,36138.0,5258
1019172,36136.0,36135.0,5270
1019171,36136.0,36135.0,5270
1019173,36136.0,36135.0,5270
1019170,36136.0,36135.0,5270
1059175,9340.0,9287.0,5331
1019453,9469.0,9498.0,5339
1063520,9469.0,9498.0,5339
1159755,9469.0,9498.0,5339
1020438,9469.0,9498.0,5339
1198090,9469.0,9498.0,5339
1229439,9469.0,9498.0,5339
1251069,9469.0,9498.0,5339
1020592,9287.0,9241.0,5344
1019539,175995.0,175690.0,5350
1019538,175995.0,175690.0,5350
1019543,175995.0,175690.0,5350
1019541,175995.0,175690.0,5350
1020701,9107.0,9177.0,5354
1020183,114862.0,114863.0,5391
1019684,23453.0,23449.0,5399
1027601,7929.0,7967.0,5406
1056087,155836.0,155838.0,5412
1029045,155836.0,155838.0,5412
1029041,155836.0,155838.0,5412
1019787,23301.0,8702.0,5424
1019788,23301.0,8702.0,5424
1277021,312315.0,110073.0,5433
1228366,23509.0,23522.0,5467
1019970,23509.0,23522.0,5467
1227245,23509.0,23522.0,5467
1228718,23509.0,23522.0,5467
1228720,23509.0,23522.0,5467
1019975,100450.0,100449.0,5471
1019976,100450.0,100449.0,5471
1052649,100450.0,100449.0,5471
1026997,100450.0,100449.0,5471
1027006,100451.0,100449.0,5471
1020525,100451.0,100449.0,5471
1027061,100450.0,100449.0,5471
1027007,100451.0,100449.0,5471
1073330,100450.0,100449.0,5471
1019997,8788.0,23263.0,5480
1275787,23513.0,23512.0,5500
1020043,101411.0,100452.0,5502
1020044,101411.0,100452.0,5502
1027057,101411.0,100452.0,5502
1027054,101410.0,100452.0,5502
1027055,101410.0,100452.0,5502
1027056,101410.0,100452.0,5502
1020099,23639.0,9317.0,5519
1027851,23639.0,9317.0,5519
1132984,8836.0,8852.0,5524
1023650,23134.0,8466.0,5546
1020353,8923.0,9019.0,5589
1020879,23690.0,23710.0,5590
1020493,94044.0,94043.0,5618
1020490,94044.0,94043.0,5618
1027038,94044.0,94043.0,5618
1047443,94044.0,94043.0,5618
1020492,94044.0,94043.0,5618
1020629,23541.0,23527.0,5634
1023636,158080.0,158079.0,5642
1020624,23527.0,23541.0,5643
1027254,23496.0,9059.0,5645
1187904,26342.0,3945.0,5647
1020648,21522.0,3945.0,5647
1187294,16241.0,3945.0,5647
1187879,26342.0,3945.0,5647
1187881,26342.0,3945.0,5647
1187571,16201.0,3945.0,5647
1187880,26342.0,3945.0,5647
1187607,16202.0,3945.0,5647
1187024,16035.0,3945.0,5647
1187570,16201.0,3945.0,5647
1187604,16053.0,3945.0,5647
1187296,16202.0,3945.0,5647
1187573,16222.0,3945.0,5647
1187194,16035.0,3945.0,5647
1042511,26314.0,3945.0,5647
1187905,16154.0,3945.0,5647
1187878,26342.0,3945.0,5647
1020669,9073.0,9027.0,5654
1020675,17096.0,17117.0,5657
1278601,17096.0,17117.0,5657
1278602,17096.0,17117.0,5657
1278550,26629.0,17117.0,5657
1278549,26629.0,17117.0,5657
1278514,26629.0,17117.0,5657
1278513,26629.0,17117.0,5657
1278604,17096.0,17117.0,5657
1221587,,8218.0,5659
1221584,,8218.0,5659
1221586,,8218.0,5659
1020775,9027.0,8974.0,5668
1027124,9809.0,9808.0,5674
1048992,23284.0,23285.0,5677
1020748,23284.0,23285.0,5677
1020760,23286.0,8744.0,5682
1027073,8757.0,8708.0,5686
1020798,,1358.0,5695
1020814,8553.0,8677.0,5696
1021761,8553.0,8677.0,5696
1021759,8553.0,8677.0,5696
1020815,8553.0,8677.0,5696
1227439,23252.0,23245.0,5719
1020986,23253.0,8802.0,5721
1227812,23253.0,8802.0,5721
1020987,23253.0,8802.0,5721
1228621,23253.0,8802.0,5721
1227549,23253.0,8802.0,5721
1020989,23253.0,8802.0,5721
1024549,9032.0,23468.0,5724
1023546,23452.0,9032.0,5730
1024483,9053.0,9032.0,5730
1043716,535969.0,535975.0,5737
1097149,535976.0,535975.0,5737
1097151,,535975.0,5737
1222287,535971.0,535975.0,5737
1097129,535976.0,535975.0,5737
1026042,,535975.0,5737
1097174,535976.0,535975.0,5737
1097173,535976.0,535975.0,5737
1021000,535977.0,535975.0,5737
1310081,535969.0,535975.0,5737
1097132,,535975.0,5737
1076734,535971.0,535975.0,5737
1197071,535976.0,535975.0,5737
1095048,535971.0,535975.0,5737
1303140,535971.0,535975.0,5737
1021144,9331.0,9281.0,5781
1021168,9331.0,9281.0,5781
1021169,9331.0,9281.0,5781
1135709,309760.0,309757.0,5816
1056028,309760.0,309757.0,5816
1021298,309760.0,309757.0,5816
1255963,309760.0,309757.0,5816
1027635,22789.0,7534.0,5828
1028186,344273.0,344272.0,5857
1040038,344273.0,344272.0,5857
1040037,344273.0,344272.0,5857
1040035,344273.0,344272.0,5857
1021460,344273.0,344272.0,5857
1026304,13088.0,13016.0,5859
1021570,7478.0,7427.0,5884
1021591,6587.0,6600.0,5890
1302837,506644.0,506642.0,5891
1138704,506644.0,506642.0,5891
1036380,506644.0,506642.0,5891
1026371,12906.0,12922.0,5897
1026089,12906.0,12922.0,5897
1026114,12906.0,12922.0,5897
1054463,23055.0,23087.0,5905
1054461,23055.0,23087.0,5905
1054462,23055.0,23087.0,5905
1054460,23055.0,23087.0,5905
1021672,13223.0,13211.0,5914
1021778,36133.0,36134.0,5933
1035418,24329.0,10654.0,5943
1021879,174408.0,174403.0,5944
1021824,174408.0,174403.0,5944
1021878,174408.0,174403.0,5944
1021825,174408.0,174403.0,5944
1021870,11987.0,24777.0,5955
1021985,10120.0,10158.0,5985
1022482,24266.0,10497.0,5995
1022485,24266.0,10497.0,5995
1022484,24266.0,10497.0,5995
1022033,9412.0,9390.0,5996
1022031,9412.0,9390.0,5996
1022051,9412.0,9390.0,5996
1022119,24270.0,10495.0,6026
1022085,24270.0,10495.0,6026
1022122,24016.0,23968.0,6041
1040531,6504.0,6477.0,6072
1047375,340477.0,326399.0,6078
1148902,343612.0,47020.0,6118
1022466,10893.0,24439.0,6133
1046155,24406.0,24411.0,6143
1022493,24411.0,24406.0,6144
1022531,24411.0,24406.0,6144
1022530,24411.0,24406.0,6144
1046195,24420.0,24411.0,6161
1046196,24420.0,24411.0,6161
1046197,24420.0,24411.0,6161
1026635,344336.0,344337.0,6162
1026662,344336.0,344337.0,6162
1022580,10909.0,10942.0,6167
1022578,10909.0,10942.0,6167
1035783,306237.0,319035.0,6187
1029649,370383.0,370384.0,6193
1022741,344333.0,344334.0,6196
1022685,370382.0,370381.0,6198
1029681,370384.0,370382.0,6205
1040649,390639.0,390643.0,6207
1022790,449229.0,449228.0,6225
1022849,11017.0,11009.0,6233
1022896,11017.0,11009.0,6233
1024392,10994.0,11012.0,6247
1022914,173127.0,258564.0,6252
1022916,173127.0,258564.0,6252
1022993,173127.0,258564.0,6252
1122185,20148.0,20182.0,6279
1022998,20148.0,20182.0,6279
1122187,20148.0,20182.0,6279
1046179,173130.0,173122.0,6287
1023211,8818.0,23313.0,6329
1023903,23967.0,23956.0,6347
1023321,,4.0,6357
1185358,19545.0,19569.0,6370
1081322,13820.0,13833.0,6390
1027183,22783.0,7558.0,6401
1053304,22783.0,7558.0,6401
1023528,23402.0,8927.0,6408
1035714,10423.0,10401.0,6423
1024336,24107.0,24054.0,6437
1024337,24107.0,24054.0,6437
1023602,24107.0,24054.0,6437
1023775,8702.0,8705.0,6467
1023727,8705.0,23301.0,6468
1023729,8705.0,23301.0,6468
1023728,8705.0,23301.0,6468
1023831,7679.0,7733.0,6486
1306056,7555.0,7733.0,6486
1023985,10115.0,10184.0,6516
1024039,10392.0,10423.0,6540
1063502,10392.0,10423.0,6540
1055942,10392.0,10423.0,6540
1024063,155199.0,155197.0,6544
1024049,155200.0,155197.0,6544
1024065,155200.0,155197.0,6544
1024525,155200.0,155197.0,6544
1024046,155200.0,155197.0,6544
1024562,155200.0,155197.0,6544
1024053,23997.0,23979.0,6546
1024071,24061.0,24078.0,6550
1024156,24061.0,24078.0,6550
1024157,24061.0,24078.0,6550
1024554,24061.0,10130.0,6553
1093836,17861.0,17860.0,6557
1093664,17809.0,17835.0,6573
1024210,10859.0,24430.0,6582
1024239,24445.0,66227.0,6594
1024240,24445.0,66227.0,6594
1024259,10397.0,10400.0,6602
1024348,19211.0,19166.0,6632
1135530,19211.0,19166.0,6632
1068991,19143.0,19166.0,6632
1063505,281927.0,24128.0,6643
1024404,281927.0,24128.0,6643
1024411,281927.0,24128.0,6643
1026746,24125.0,10354.0,6660
1024652,8665.0,8663.0,6685
1024794,16877.0,4497.0,6719
1265551,,376736.0,6720
1024899,20857.0,20823.0,6739
1095085,420288.0,420286.0,6785
1197353,175682.0,20045.0,6796
1048786,11997.0,11987.0,6881
1025753,11997.0,11987.0,6881
1277533,21623.0,4580.0,6914
1299457,4930.0,17750.0,6919
1279385,4905.0,17750.0,6919
1298693,4905.0,17750.0,6919
1279285,4930.0,17750.0,6919
1285325,17857.0,17750.0,6919
1297762,26860.0,17750.0,6919
1025946,4930.0,17750.0,6919
1025979,477903.0,477905.0,6929
1111898,5119.0,18929.0,6938
1111899,18900.0,18929.0,6938
1128752,18900.0,18929.0,6938
1054879,25008.0,12424.0,6958
1026311,25008.0,12424.0,6958
1026312,25008.0,12424.0,6958
1027778,25008.0,12424.0,6958
1026308,25009.0,12424.0,6958
1026307,25009.0,12424.0,6958
1026306,25009.0,12424.0,6958
1052653,25009.0,12424.0,6958
1026310,25008.0,12424.0,6958
1026314,25009.0,12424.0,6958
1217519,444.0,437.0,6959
1216836,444.0,437.0,6959
1216838,444.0,437.0,6959
1216837,444.0,437.0,6959
1225854,444.0,437.0,6959
1302794,501853.0,501855.0,7004
1233029,,501855.0,7004
1210106,501853.0,501855.0,7004
1119427,501852.0,501855.0,7004
1042104,344491.0,391375.0,7027
1026668,506648.0,506646.0,7034
1281640,506648.0,506646.0,7034
1119112,506648.0,506646.0,7034
1035092,6790.0,22519.0,7054
1026857,23832.0,23844.0,7062
1028538,8717.0,23274.0,7076
1026888,9331.0,9320.0,7079
1026894,9331.0,9320.0,7079
1026897,9331.0,9320.0,7079
1026889,9331.0,9320.0,7079
1026948,9730.0,9732.0,7089
1026947,9730.0,9732.0,7089
1027021,115521.0,391220.0,7101
1027000,115521.0,391220.0,7101
1027019,115521.0,391220.0,7101
1026999,115521.0,391220.0,7101
1053661,24416.0,24396.0,7137
1128556,23898.0,23883.0,7160
1027549,23898.0,23883.0,7160
1027660,23184.0,23213.0,7228
1121511,370207.0,993.0,7232
1122539,370459.0,993.0,7232
1027678,1008.0,993.0,7232
1196859,1042.0,993.0,7232
1122538,1035.0,993.0,7232
1150098,3847.0,3788.0,7242
1146847,16027.0,3788.0,7242
1146884,15981.0,3788.0,7242
1143483,3847.0,3788.0,7242
1059276,3847.0,3788.0,7242
1146849,26284.0,3788.0,7242
1146848,375932.0,3788.0,7242
1031363,3807.0,3788.0,7242
1150062,3807.0,3788.0,7242
1150100,3847.0,3788.0,7242
1132992,246730.0,247035.0,7246
1028533,74204.0,10730.0,7283
1029825,6961.0,6960.0,7289
1032209,287998.0,287997.0,7310
1029970,6382.0,6433.0,7331
1037771,6314.0,6308.0,7346
1037777,6314.0,6308.0,7346
1037775,6314.0,6308.0,7346
1037772,6314.0,6308.0,7346
1048956,22642.0,7102.0,7356
1033120,7030.0,7102.0,7356
1033124,7030.0,7102.0,7356
1030248,22642.0,7102.0,7356
1028211,7030.0,7102.0,7356
1028108,7030.0,7102.0,7356
1073537,6970.0,6987.0,7365
1097708,6970.0,6987.0,7365
1028068,6970.0,6987.0,7365
1030741,6970.0,6987.0,7365
1030740,6970.0,6987.0,7365
1132978,7670.0,7641.0,7371
1036392,6626.0,6598.0,7390
1044553,6726.0,6598.0,7390
1041367,6626.0,6598.0,7390
1032474,6626.0,6598.0,7390
1041373,6626.0,6598.0,7390
1028081,6726.0,6598.0,7390
1043269,156167.0,129268.0,7393
1040672,22392.0,22423.0,7397
1032749,6246.0,6260.0,7401
1030714,271036.0,271037.0,7417
1046418,7109.0,7110.0,7419
1037296,22551.0,6894.0,7422
1043767,7810.0,7832.0,7437
1034569,7777.0,7759.0,7441
1034568,7777.0,7759.0,7441
1028151,7777.0,7759.0,7441
1034507,7740.0,7759.0,7441
1034510,7740.0,7759.0,7441
1039152,265622.0,265623.0,7447
1046778,265622.0,265623.0,7447
1030156,6227.0,6181.0,7482
1028882,22812.0,22817.0,7484
1031731,22812.0,22817.0,7484
1036505,22812.0,22817.0,7484
1036483,22812.0,22817.0,7484
1035820,326398.0,326396.0,7487
1032017,370358.0,370350.0,7505
1028536,375309.0,370350.0,7505
1028541,15374.0,15360.0,7508
1028545,115504.0,86052.0,7511
1068112,115504.0,86052.0,7511
1028549,22870.0,7761.0,7515
1068321,19183.0,19179.0,7516
1068324,19183.0,19179.0,7516
1068994,5901.0,5894.0,7519
1069025,5901.0,5894.0,7519
1059816,5901.0,5894.0,7519
1028564,375244.0,17083.0,7530
1068426,22057.0,22053.0,7534
1028569,22057.0,22053.0,7534
1068425,5834.0,22053.0,7534
1068428,5834.0,22053.0,7534
1028577,15420.0,15437.0,7542
1133313,15358.0,15437.0,7542
1081570,13887.0,13880.0,7547
1028584,26566.0,16888.0,7549
1028594,26505.0,16594.0,7558
1028606,17769.0,26894.0,7568
1100011,17215.0,26672.0,7572
1100168,17215.0,26672.0,7572
1028610,17150.0,26672.0,7572
1100167,17215.0,26672.0,7572
1080041,279680.0,26274.0,7577
1028620,17661.0,17563.0,7581
1169116,26018.0,15056.0,7595
1190109,26018.0,15056.0,7595
1169132,26018.0,15056.0,7595
1169118,26025.0,26024.0,7597
1190123,26025.0,26024.0,7597
1169119,26025.0,26024.0,7597
1063504,370574.0,370573.0,7605
1048906,344271.0,350006.0,7618
1028695,344332.0,350006.0,7618
1028965,344271.0,350006.0,7618
1028963,344271.0,350006.0,7618
1039663,344271.0,350006.0,7618
1028708,370574.0,375679.0,7623
1028707,370574.0,375679.0,7623
1028721,370574.0,375679.0,7623
1028722,370587.0,375679.0,7623
1056582,376047.0,376048.0,7657
1044614,22837.0,7603.0,7665
1048929,22837.0,7603.0,7665
1038122,148481.0,148482.0,7667
1033287,294077.0,291199.0,7700
1029495,7629.0,7628.0,7703
1036722,158075.0,159044.0,7725
1028989,261755.0,261450.0,7730
1029068,375308.0,375309.0,7745
1097689,375308.0,375309.0,7745
1039194,7417.0,7402.0,7788
1056054,343552.0,343550.0,7821
1056056,343552.0,343550.0,7821
1029373,343552.0,343550.0,7821
1029374,343552.0,343550.0,7821
1029375,268796.0,308475.0,7828
1055962,268796.0,308475.0,7828
1029461,31346.0,31345.0,7835
1029463,31346.0,31345.0,7835
1029407,31346.0,31345.0,7835
1029456,31346.0,31345.0,7835
1029458,31346.0,31345.0,7835
1029457,31346.0,31345.0,7835
1029459,31346.0,31345.0,7835
1029455,31346.0,31345.0,7835
1029410,31346.0,31345.0,7835
1029460,31346.0,31345.0,7835
1029413,31346.0,31345.0,7835
1029411,31346.0,31345.0,7835
1029412,31346.0,31345.0,7835
1029414,31346.0,31345.0,7835
1029409,31346.0,31345.0,7835
1029462,31346.0,31345.0,7835
1029408,31346.0,31345.0,7835
1029497,7628.0,22837.0,7850
1029454,7628.0,22837.0,7850
1029678,6199.0,6219.0,7889
1042033,22799.0,7498.0,7901
1029839,278084.0,278085.0,7946
1029873,278086.0,278085.0,7946
1029861,278085.0,278086.0,7952
1041491,6549.0,22311.0,8055
1041454,6549.0,22311.0,8055
1030217,6549.0,22311.0,8055
1056083,6549.0,22311.0,8055
1068248,22420.0,6818.0,8062
1030314,170237.0,170238.0,8077
1030350,343094.0,343093.0,8084
1068024,400927.0,130219.0,8107
1030439,400927.0,130219.0,8107
1030513,,2516.0,8119
1038263,7623.0,7584.0,8125
1030631,331522.0,331523.0,8132
1030623,331522.0,331523.0,8132
1030660,6370.0,22265.0,8157
1030659,6370.0,22265.0,8157
1066337,172164.0,172163.0,8175
1066077,172164.0,172163.0,8175
1117142,172164.0,172163.0,8175
1066080,172164.0,172163.0,8175
1045737,22476.0,6871.0,8187
1031228,22476.0,6871.0,8187
1045739,22476.0,6871.0,8187
1030758,6870.0,6871.0,8187
1045736,22476.0,6871.0,8187
1030757,6870.0,6871.0,8187
1045740,22476.0,6871.0,8187
1045751,22476.0,6871.0,8187
1045738,22476.0,6871.0,8187
1030782,6941.0,22567.0,8188
1034022,6941.0,22567.0,8188
1030780,6941.0,22567.0,8188
1030779,6941.0,22567.0,8188
1030763,6941.0,22567.0,8188
1034849,7483.0,7514.0,8198
1034886,7914.0,22893.0,8218
1265308,335995.0,22893.0,8218
1133274,335995.0,22893.0,8218
1300882,7698.0,22893.0,8218
1132980,7875.0,22893.0,8218
1074308,7698.0,22893.0,8218
1089667,7698.0,22893.0,8218
1133033,156167.0,130542.0,8258
1045402,6135.0,22208.0,8261
1045398,6135.0,22208.0,8261
1031250,169285.0,167997.0,8318
1031249,169285.0,167997.0,8318
1031248,169285.0,167997.0,8318
1031247,169285.0,167997.0,8318
1031252,169285.0,167997.0,8318
1031262,283200.0,283199.0,8322
1132507,343214.0,343213.0,8351
1031375,343214.0,343213.0,8351
1134395,343214.0,343213.0,8351
1234964,343214.0,343213.0,8351
1031364,343214.0,343213.0,8351
1257431,,343213.0,8351
1031366,343214.0,343213.0,8351
1031548,142396.0,141435.0,8394
1031544,142396.0,141435.0,8394
1031547,142396.0,141435.0,8394
1031545,142396.0,141435.0,8394
1031546,142396.0,141435.0,8394
1031540,,85727.0,8395
1137147,536771.0,535996.0,8404
1034910,536771.0,535996.0,8404
1053674,536770.0,535996.0,8404
1032745,536771.0,535996.0,8404
1031597,536771.0,535996.0,8404
1249652,506691.0,535996.0,8404
1047106,24227.0,24273.0,8434
1041818,7773.0,7723.0,8443
1152875,,7010.0,8451
1044507,7162.0,22635.0,8478
1041457,6408.0,6372.0,8486
1045348,6151.0,6128.0,8506
1036299,6297.0,22246.0,8516
1037994,6431.0,6381.0,8518
1097131,536893.0,536892.0,8520
1046094,,536892.0,8520
1158561,,536892.0,8520
1298998,,536892.0,8520
1066026,536893.0,536892.0,8520
1031913,,536892.0,8520
1277807,536893.0,536892.0,8520
1036043,6480.0,6453.0,8540
1031985,6469.0,22305.0,8552
1270658,,521051.0,8555
1032004,521054.0,521051.0,8555
1119611,521055.0,521051.0,8555
1232474,,521051.0,8555
1311939,521055.0,521051.0,8555
1300750,521054.0,521051.0,8555
1281579,536483.0,521051.0,8555
1076217,521054.0,521051.0,8555
1306788,525836.0,521051.0,8555
1232983,,521051.0,8555
1281581,521054.0,521051.0,8555
1170849,,521051.0,8555
1220471,521054.0,521051.0,8555
1119594,521055.0,521051.0,8555
1187282,521054.0,521051.0,8555
1138677,521055.0,521051.0,8555
1186255,19126.0,18993.0,8580
1186314,19127.0,18993.0,8580
1186231,19004.0,18993.0,8580
1185207,19126.0,18993.0,8580
1203520,303995.0,18993.0,8580
1202132,19004.0,18993.0,8580
1202130,19004.0,18993.0,8580
1032122,303995.0,18993.0,8580
1186297,19126.0,18993.0,8580
1093363,19127.0,18993.0,8580
1186254,19126.0,18993.0,8580
1184871,19004.0,18993.0,8580
1186317,19127.0,18993.0,8580
1136206,11033.0,24470.0,8624
1032340,343565.0,343567.0,8631
1032661,287998.0,313597.0,8648
1044005,6446.0,6496.0,8673
1033999,6566.0,6553.0,8674
1053604,6566.0,6553.0,8674
1034001,6566.0,6553.0,8674
1032520,344459.0,344462.0,8679
1032627,345249.0,345246.0,8701
1302594,449044.0,449045.0,8703
1032886,6867.0,22469.0,8718
1103830,16338.0,16309.0,8723
1103833,16338.0,16309.0,8723
1032710,16338.0,16309.0,8723
1032790,370316.0,370315.0,8741
1040772,22516.0,6911.0,8764
1041499,22435.0,22475.0,8769
1044056,6702.0,6667.0,8772
1032930,6766.0,6667.0,8772
1032900,6766.0,6667.0,8772
1133057,6740.0,6667.0,8772
1035099,6702.0,6667.0,8772
1032899,6766.0,6667.0,8772
1033024,22498.0,6859.0,8798
1034520,7732.0,7713.0,8803
1033223,341120.0,343394.0,8854
1033222,285128.0,285129.0,8855
1033282,291199.0,294077.0,8868
1250236,6638.0,6684.0,8891
1132416,6638.0,6684.0,8891
1036261,6638.0,6684.0,8891
1304026,537133.0,537135.0,8897
1119304,537133.0,537135.0,8897
1034187,294076.0,309758.0,8914
1034188,294076.0,309758.0,8914
1033550,349773.0,349776.0,8918
1033564,350075.0,349900.0,8919
1033813,109419.0,109114.0,8959
1127228,,530639.0,8962
1044551,6763.0,6726.0,8971
1033887,165129.0,168320.0,8984
1250149,165129.0,168320.0,8984
1033827,165129.0,168320.0,8984
1136771,165129.0,168320.0,8984
1045050,165129.0,168320.0,8984
1277925,20388.0,2033.0,8996
1041383,126385.0,126383.0,9020
1041384,126385.0,126383.0,9020
1036464,131506.0,126383.0,9020
1034028,131506.0,126383.0,9020
1036463,131506.0,126383.0,9020
1041385,126385.0,126383.0,9020
1036445,131506.0,126383.0,9020
1034111,22558.0,6967.0,9035
1070819,22558.0,6967.0,9035
1302989,6934.0,6967.0,9035
1094505,22558.0,6967.0,9035
1302982,6934.0,6967.0,9035
1145044,,477906.0,9039
1133894,9112.0,9058.0,9086
1034362,159048.0,159049.0,9088
1034385,159357.0,159045.0,9093
1034324,159357.0,159045.0,9093
1034326,159357.0,159045.0,9093
1034384,159357.0,159045.0,9093
1034360,159047.0,159048.0,9096
1034515,7779.0,7777.0,9126
1034555,7759.0,7740.0,9127
1034560,7740.0,7732.0,9129
1064943,7708.0,7732.0,9129
1034562,7740.0,7732.0,9129
1034554,16659.0,16641.0,9140
1101547,26503.0,16641.0,9140
1104126,16659.0,16641.0,9140
1101521,26503.0,16641.0,9140
1101603,16659.0,16641.0,9140
1101526,16659.0,16641.0,9140
1101534,16659.0,16641.0,9140
1101519,26503.0,16641.0,9140
1064947,22215.0,6186.0,9157
1034654,6186.0,49258.0,9160
1034712,6216.0,49258.0,9160
1034721,292162.0,292159.0,9177
1034753,292159.0,292158.0,9182
1034905,22377.0,22393.0,9214
1034941,263366.0,263367.0,9222
1044359,536811.0,536191.0,9229
1034938,536814.0,536191.0,9229
1044549,6726.0,6763.0,9242
1063497,172475.0,172169.0,9250
1133006,22142.0,22143.0,9280
1035203,292157.0,292156.0,9282
1047486,292160.0,292157.0,9284
1047467,292160.0,292157.0,9287
1035212,292160.0,292157.0,9287
1035239,6028.0,22111.0,9295
1035288,344636.0,306237.0,9303
1035328,344636.0,306237.0,9303
1035436,344337.0,343441.0,9315
1035435,344337.0,343441.0,9315
1044959,344337.0,343441.0,9316
1044960,344337.0,343441.0,9316
1035398,10871.0,66227.0,9318
1035395,10871.0,66227.0,9318
1035397,10879.0,66227.0,9318
1035447,10879.0,66227.0,9318
1035477,341122.0,343392.0,9333
1186009,27432.0,27436.0,9341
1035511,19546.0,27436.0,9341
1186008,27432.0,27436.0,9341
1186006,27432.0,27436.0,9341
1195390,19560.0,27436.0,9341
1035517,55648.0,55647.0,9344
1035593,376893.0,376892.0,9360
1035839,458703.0,458701.0,9404
1036015,6734.0,22373.0,9442
1036052,77723.0,77724.0,9457
1036093,6565.0,6523.0,9468
1073470,7657.0,7600.0,9500
1119974,7657.0,7600.0,9500
1036821,22569.0,22540.0,9534
1036819,22569.0,22540.0,9534
1036806,22569.0,22540.0,9534
1036805,22569.0,22540.0,9534
1036820,22569.0,22540.0,9534
1125482,,444304.0,9552
1247604,,530638.0,9572
1036571,530635.0,530638.0,9572
1281589,530637.0,530638.0,9572
1138716,530637.0,530638.0,9572
1262410,530637.0,530638.0,9572
1233027,530635.0,530638.0,9572
1166258,530637.0,530638.0,9572
1137777,530635.0,530638.0,9572
1036695,7871.0,7837.0,9582
1041361,7871.0,7837.0,9582
1041364,7855.0,22906.0,9583
1041366,7855.0,22906.0,9583
1041365,7855.0,22906.0,9583
1041316,7835.0,22910.0,9584
1036696,7872.0,7892.0,9591
1041327,7859.0,7872.0,9592
1143711,3134.0,535916.0,9623
1229389,9738.0,23851.0,9632
1228848,9738.0,23851.0,9632
1228847,9738.0,23851.0,9632
1036845,,4768.0,9635
1276431,4769.0,4768.0,9635
1299280,4769.0,4768.0,9635
1276080,4769.0,4768.0,9635
1119439,425277.0,425280.0,9637
1119456,425277.0,425280.0,9637
1119403,425277.0,425280.0,9637
1036877,285127.0,283197.0,9642
1036878,285124.0,283197.0,9642
1038052,148480.0,148479.0,9644
1036968,375008.0,375007.0,9660
1038244,375004.0,375005.0,9666
1036995,271038.0,265621.0,9671
1037027,226242.0,256640.0,9675
1037140,23585.0,9216.0,9696
1037142,23585.0,9300.0,9697
1054029,23487.0,9102.0,9710
1060445,23487.0,9102.0,9710
1037177,23487.0,9102.0,9710
1037175,23487.0,9102.0,9710
1135451,23487.0,9102.0,9710
1037460,,328317.0,9771
1037506,6832.0,6845.0,9782
1037504,6832.0,6845.0,9782
1037511,6832.0,6845.0,9782
1037510,6832.0,6845.0,9782
1053650,22561.0,22550.0,9812
1037817,,13491.0,9840
1038005,6552.0,6510.0,9867
1037959,6730.0,6770.0,9868
1041470,6510.0,6475.0,9874
1144724,13137.0,13124.0,9891
1038187,6709.0,6745.0,9915
1038238,6712.0,6745.0,9915
1074302,6771.0,6742.0,9923
1038452,345055.0,354828.0,9977
1038522,171205.0,171201.0,9982
1038521,171205.0,171201.0,9982
1038469,171206.0,171201.0,9982
1038470,171206.0,171201.0,9982
1038468,171205.0,171201.0,9982
1038467,171206.0,171201.0,9982
1045392,22208.0,6135.0,9995
1045391,22208.0,6135.0,9995
1181263,15948.0,15968.0,10000
1186700,15996.0,15968.0,10000
1181246,15955.0,15968.0,10000
1181261,15996.0,15968.0,10000
1181243,15948.0,15968.0,10000
1181260,15948.0,15968.0,10000
1038558,15955.0,15968.0,10000
1186699,15996.0,15968.0,10000
1181251,15996.0,15968.0,10000
1181140,15955.0,15968.0,10000
1038670,9248.0,9198.0,10019
1232465,,525844.0,10033
1038761,9678.0,9597.0,10038
1065188,9678.0,9597.0,10038
1038770,9650.0,9678.0,10041
1042535,113586.0,90527.0,10088
1136666,113586.0,90527.0,10088
1038994,282884.0,189115.0,10093
1039174,226242.0,130540.0,10134
1039816,23622.0,23608.0,10171
1228733,,537451.0,10179
1039290,,537451.0,10179
1225730,,537451.0,10179
1225731,,537451.0,10179
1039327,9538.0,9537.0,10194
1046904,9628.0,9595.0,10197
1046935,9628.0,9595.0,10197
1046930,9628.0,9595.0,10197
1046905,9628.0,9595.0,10197
1039566,9206.0,9192.0,10242
1039608,375060.0,375061.0,10254
1039769,9136.0,9062.0,10293
1039770,9136.0,9062.0,10293
1039771,9136.0,9062.0,10293
1039767,9136.0,9062.0,10293
1039768,9136.0,9062.0,10293
1039775,23622.0,23600.0,10295
1039778,23622.0,23600.0,10295
1039782,23622.0,23600.0,10295
1039781,23622.0,23600.0,10295
1040942,34530.0,23353.0,10324
1040088,48286.0,37418.0,10370
1040090,48286.0,37418.0,10370
1040089,48286.0,37418.0,10370
1040087,48286.0,37418.0,10370
1040187,71325.0,71326.0,10400
1042508,343708.0,343709.0,10451
1064940,22551.0,6965.0,10466
1045845,69092.0,53090.0,10494
1298932,463436.0,463437.0,10529
1040797,463436.0,463437.0,10529
1054945,146880.0,146882.0,10531
1225003,389931.0,389927.0,10535
1095396,389931.0,389927.0,10535
1097360,389931.0,389927.0,10535
1040817,389931.0,389927.0,10535
1096239,389931.0,389927.0,10535
1041685,118721.0,148166.0,10569
1041686,118721.0,148166.0,10569
1041684,118721.0,148166.0,10569
1041681,118721.0,148166.0,10569
1043759,7815.0,7842.0,10585
1043762,7815.0,7842.0,10585
1041170,148156.0,148157.0,10607
1041169,148156.0,148157.0,10607
1041167,148156.0,148157.0,10607
1041168,148156.0,148157.0,10607
1304658,154.0,119.0,10628
1304111,154.0,119.0,10628
1308736,154.0,119.0,10628
1041249,117.0,119.0,10628
1308735,117.0,119.0,10628
1124341,536224.0,536225.0,10637
1273991,536224.0,536225.0,10637
1189385,536224.0,536225.0,10637
1154861,536224.0,536225.0,10637
1248326,,536225.0,10637
1209083,536224.0,536225.0,10637
1041290,536227.0,536225.0,10637
1109162,536230.0,536225.0,10637
1197008,12017.0,12078.0,10677
1217077,280966.0,280965.0,10683
1201693,280966.0,280965.0,10683
1042231,118715.0,118714.0,10711
1041781,230401.0,230399.0,10715
1042944,230401.0,230399.0,10715
1042946,230401.0,230399.0,10715
1041770,230401.0,230399.0,10715
1042945,230401.0,230399.0,10715
1042947,237757.0,237755.0,10720
1041827,7825.0,7870.0,10726
1044709,139202.0,139203.0,10741
1065049,343720.0,343721.0,10752
1041923,343720.0,343721.0,10752
1041935,20855.0,20827.0,10755
1041985,375407.0,370511.0,10763
1042059,375410.0,375406.0,10766
1154565,13964.0,2106.0,10783
1107879,13910.0,2106.0,10783
1156363,344060.0,2106.0,10783
1107892,13899.0,2106.0,10783
1107877,13934.0,2106.0,10783
1107878,13928.0,2106.0,10783
1154563,13964.0,2106.0,10783
1156362,13937.0,2106.0,10783
1154564,13964.0,2106.0,10783
1107882,13948.0,2106.0,10783
1107890,13953.0,2106.0,10783
1042080,20372.0,2106.0,10783
1107880,1985.0,2106.0,10783
1042083,376559.0,376558.0,10785
1042943,232635.0,230402.0,10804
1042454,148182.0,148180.0,10851
1042561,47333.0,7601.0,10882
1042560,47333.0,7601.0,10882
1042565,47333.0,7601.0,10882
1042562,47333.0,7601.0,10882
1042564,47333.0,7601.0,10882
1042649,24432.0,10793.0,10890
1196241,24432.0,10793.0,10890
1042716,22316.0,6547.0,10895
1042677,22180.0,6118.0,10898
1278305,2033.0,207678.0,10906
1278306,2033.0,207678.0,10906
1281513,21716.0,487548.0,10910
1251048,290235.0,280961.0,10929
1136700,290235.0,280961.0,10929
1042827,280963.0,276504.0,10936
1057740,280963.0,276504.0,10936
1042824,280963.0,276504.0,10936
1042828,280963.0,276504.0,10936
1043139,276802.0,276803.0,10964
1043482,276801.0,276803.0,10964
1043481,276801.0,276803.0,10964
1043479,276801.0,276803.0,10964
1043480,276801.0,276803.0,10964
1043182,276802.0,276803.0,10964
1043180,276802.0,276803.0,10964
1048010,40608.0,40606.0,10978
1137848,,139208.0,10986
1043198,343403.0,286090.0,11006
1065059,343403.0,286090.0,11006
1138754,535856.0,535858.0,11084
1138752,535856.0,535858.0,11084
1270753,535856.0,535858.0,11084
1043483,276801.0,279038.0,11091
1184755,4348.0,4343.0,11096
1184740,4348.0,4343.0,11096
1184761,4348.0,4343.0,11096
1184807,4348.0,4343.0,11096
1184739,4348.0,4343.0,11096
1291132,542988.0,4343.0,11096
1043503,542988.0,4343.0,11096
1043508,,10378.0,11098
1135152,268802.0,268803.0,11116
1136790,268802.0,268803.0,11116
1133788,331837.0,268803.0,11116
1066914,331837.0,268803.0,11116
1054739,176639.0,176638.0,11151
1054757,176641.0,176638.0,11151
1054806,176640.0,176638.0,11151
1054759,176641.0,176638.0,11151
1054737,176639.0,176638.0,11151
1054756,176641.0,176638.0,11151
1054782,176640.0,176638.0,11151
1054783,176640.0,176638.0,11151
1054781,176639.0,176638.0,11151
1054780,176640.0,176638.0,11151
1054804,176641.0,176638.0,11151
1054809,176639.0,176638.0,11151
1054805,176639.0,176638.0,11151
1054758,176641.0,176638.0,11151
1065843,119663.0,119665.0,11167
1043887,99496.0,111022.0,11180
1043890,99496.0,111022.0,11180
1043897,99496.0,111022.0,11180
1044028,22432.0,22391.0,11215
1044172,22169.0,6115.0,11226
1044178,22169.0,6115.0,11226
1044177,22169.0,6115.0,11226
1044203,343808.0,343807.0,11244
1044311,110068.0,110067.0,11258
1056716,343316.0,343315.0,11259
1044617,22837.0,7696.0,11314
1044618,22837.0,7696.0,11314
1044783,170236.0,170237.0,11335
1044965,148807.0,148804.0,11362
1056174,265930.0,266235.0,11376
1058465,350255.0,350254.0,11385
1045167,8552.0,8479.0,11398
1048116,8552.0,8479.0,11398
1045168,8552.0,8479.0,11398
1057104,8552.0,8479.0,11398
1045541,150724.0,150718.0,11470
1045542,150724.0,150718.0,11470
1045539,150724.0,150718.0,11470
1045563,8972.0,8941.0,11474
1045718,375116.0,375117.0,11491
1045642,375116.0,375117.0,11491
1045709,,23142.0,11509
1058189,377753.0,377752.0,11510
1058180,377753.0,377752.0,11510
1045722,375672.0,375669.0,11513
1136078,70685.0,31363.0,11543
1045994,328315.0,328316.0,11563
1046362,89244.0,89243.0,11614
1046308,89244.0,89243.0,11614
1048454,89244.0,89243.0,11614
1048104,89244.0,89243.0,11614
1046471,376998.0,376999.0,11646
1046605,343195.0,350008.0,11678
1046611,350009.0,350005.0,11684
1048132,90207.0,90208.0,11689
1046808,167998.0,167999.0,11706
1046932,310080.0,172503.0,11722
1046931,310080.0,172503.0,11722
1047043,342716.0,340480.0,11731
1047114,344339.0,344340.0,11748
1068710,5852.0,5849.0,11760
1084297,5852.0,5849.0,11760
1047179,344335.0,344336.0,11761
1047194,344335.0,344336.0,11761
1047181,344335.0,344336.0,11761
1088792,349711.0,349710.0,11767
1074042,349711.0,349710.0,11767
1052301,349711.0,349710.0,11767
1273282,909.0,923.0,11772
1269983,909.0,923.0,11772
1047308,5400.0,21852.0,11779
1070618,5400.0,21852.0,11779
1047383,292161.0,292162.0,11793
1047425,10857.0,10822.0,11797
1047426,10857.0,10822.0,11797
1115078,13603.0,180797.0,11844
1047657,1789.0,180797.0,11844
1090807,116779.0,116781.0,11855
1100225,116779.0,116781.0,11855
1281422,3538.0,40603.0,11858
1219424,3624.0,40603.0,11858
1047831,434684.0,434687.0,11875
1119528,434684.0,434687.0,11875
1118809,434685.0,434687.0,11875
1119640,434684.0,434687.0,11875
1056319,434685.0,434687.0,11875
1232466,434685.0,434687.0,11875
1047832,506731.0,410539.0,11876
1047851,96292.0,96288.0,11881
1047852,96292.0,96288.0,11881
1047853,96292.0,96288.0,11881
1053440,345244.0,345245.0,11910
1057931,349867.0,349853.0,11911
1057930,349867.0,349853.0,11911
1048004,349595.0,349596.0,11918
1134982,13387.0,13421.0,11923
1127523,13387.0,13421.0,11923
1227521,8880.0,23376.0,11927
1227519,8880.0,23376.0,11927
1288234,25088.0,25070.0,11935
1288037,25088.0,25070.0,11935
1060281,192316.0,323837.0,11945
1056430,201607.0,201608.0,11984
1048361,91168.0,91171.0,11997
1056452,99489.0,99497.0,11998
1084744,99484.0,99485.0,11999
1056802,99484.0,99485.0,11999
1226729,23430.0,23461.0,12038
1079761,19250.0,27304.0,12059
1077910,19250.0,27304.0,12059
1049053,19250.0,27304.0,12059
1052118,27417.0,27404.0,12078
1075071,27424.0,27404.0,12078
1075090,27424.0,27404.0,12078
1132498,27417.0,27404.0,12078
1084395,27424.0,27404.0,12078
1084366,27417.0,27404.0,12078
1084394,27424.0,27404.0,12078
1072151,27417.0,27404.0,12078
1082996,17486.0,17426.0,12081
1067852,118722.0,123514.0,12123
1126025,14450.0,14389.0,12163
1121136,19423.0,3567.0,12187
1082229,14063.0,14027.0,12203
1128504,22658.0,22597.0,12210
1121115,295677.0,179523.0,12214
1167099,18537.0,18550.0,12217
1191084,18524.0,18550.0,12217
1220357,18524.0,18550.0,12217
1202430,18537.0,18550.0,12217
1202433,18537.0,18550.0,12217
1202485,18524.0,18550.0,12217
1308889,22084.0,5953.0,12218
1228849,9671.0,9715.0,12219
1198940,23783.0,9715.0,12219
1221510,9722.0,9715.0,12219
1228804,9722.0,9715.0,12219
1289727,9671.0,9715.0,12219
1217917,9656.0,9715.0,12219
1199833,23783.0,9715.0,12219
1198941,23783.0,9715.0,12219
1272537,9656.0,9715.0,12219
1266046,9671.0,9715.0,12219
1221392,23783.0,9715.0,12219
1181208,15982.0,15965.0,12221
1163839,13385.0,13343.0,12241
1059635,13385.0,13343.0,12241
1098245,13385.0,13343.0,12241
1274436,25387.0,13343.0,12241
1205876,25387.0,13343.0,12241
1207084,13385.0,13343.0,12241
1220555,18082.0,18058.0,12251
1052645,343755.0,20713.0,12252
1156699,343755.0,20713.0,12252
1073278,343755.0,20713.0,12252
1201933,11955.0,11957.0,12256
1128856,11940.0,11955.0,12263
1060487,370188.0,370187.0,12275
1288471,9860.0,9896.0,12288
1174961,269764.0,282566.0,12316
1175939,350097.0,282566.0,12316
1174963,243844.0,282566.0,12316
1181373,350093.0,282566.0,12316
1179822,350097.0,282566.0,12316
1181378,57568.0,282566.0,12316
1175837,350094.0,282566.0,12316
1175836,350095.0,282566.0,12316
1136234,57563.0,282566.0,12316
1174969,344363.0,282566.0,12316
1247601,57568.0,282566.0,12316
1174936,243844.0,282566.0,12316
1179818,350097.0,282566.0,12316
1175937,350098.0,282566.0,12316
1257736,350094.0,282566.0,12316
1175938,350097.0,282566.0,12316
1206758,190405.0,282566.0,12316
1179793,350098.0,282566.0,12316
1175839,350095.0,282566.0,12316
1052885,57568.0,282566.0,12316
1073468,57568.0,282566.0,12316
1180664,57566.0,282566.0,12316
1174970,344363.0,282566.0,12316
1175455,350098.0,282566.0,12316
1174934,243843.0,282566.0,12316
1175452,350098.0,282566.0,12316
1261394,350094.0,282566.0,12316
1073019,370354.0,282566.0,12316
1174937,243844.0,282566.0,12316
1174962,269764.0,282566.0,12316
1176323,350093.0,282566.0,12316
1223620,370354.0,282566.0,12316
1174935,243843.0,282566.0,12316
1128708,243844.0,282566.0,12316
1174968,344363.0,282566.0,12316
1174964,269764.0,282566.0,12316
1174972,57566.0,282566.0,12316
1174933,243843.0,282566.0,12316
1174932,243843.0,282566.0,12316
1179809,350097.0,282566.0,12316
1229454,265283.0,265281.0,12349
1229457,265283.0,265281.0,12349
1229421,265282.0,265281.0,12349
1097608,265283.0,265281.0,12349
1217511,81891.0,265281.0,12349
1217509,81891.0,265281.0,12349
1229434,265282.0,265281.0,12349
1073860,265283.0,265281.0,12349
1097772,265283.0,265281.0,12349
1074109,265283.0,265281.0,12349
1229420,265282.0,265281.0,12349
1073508,265282.0,265281.0,12349
1229435,265282.0,265281.0,12349
1097921,265282.0,265281.0,12349
1186336,4249.0,26437.0,12367
1052984,51483.0,26437.0,12367
1188431,4231.0,26437.0,12367
1067526,16563.0,26437.0,12367
1089020,4156.0,26437.0,12367
1158344,21500.0,21493.0,12373
1053001,377211.0,4227.0,12380
1215687,4766.0,4735.0,12393
1053016,343963.0,3588.0,12394
1132046,130219.0,97884.0,12424
1220231,5027.0,5029.0,12426
1053063,24621.0,11404.0,12430
1153039,3706.0,3667.0,12437
1053073,5066.0,5054.0,12439
1219906,5066.0,5054.0,12439
1133713,5066.0,5054.0,12439
1282432,19312.0,19327.0,12440
1282440,19312.0,19327.0,12440
1298806,19312.0,19327.0,12440
1053074,19288.0,19327.0,12440
1286109,19360.0,19327.0,12440
1282431,19312.0,19327.0,12440
1072705,219849.0,219850.0,12459
1072703,219839.0,219850.0,12459
1108434,219844.0,219850.0,12459
1053122,219841.0,219850.0,12459
1108432,219844.0,219850.0,12459
1108315,216957.0,219850.0,12459
1073173,216956.0,219850.0,12459
1072704,219841.0,219850.0,12459
1072489,219841.0,219850.0,12459
1072831,219844.0,219850.0,12459
1053205,219842.0,219850.0,12459
1053206,219841.0,219850.0,12459
1073171,216956.0,219850.0,12459
1108317,216957.0,219850.0,12459
1098985,216956.0,219850.0,12459
1108395,219843.0,219850.0,12459
1072829,219844.0,219850.0,12459
1053124,219841.0,219850.0,12459
1098952,216957.0,219850.0,12459
1073128,219843.0,219850.0,12459
1072543,219849.0,219850.0,12459
1053207,219842.0,219850.0,12459
1072690,219849.0,219850.0,12459
1073129,219842.0,219850.0,12459
1073100,216957.0,219850.0,12459
1098983,216956.0,219850.0,12459
1098982,216956.0,219850.0,12459
1073172,216956.0,219850.0,12459
1053123,219842.0,219850.0,12459
1072826,219842.0,219850.0,12459
1072545,219849.0,219850.0,12459
1072827,219843.0,219850.0,12459
1053208,219841.0,219850.0,12459
1073174,216956.0,219850.0,12459
1053121,219842.0,219850.0,12459
1098951,216957.0,219850.0,12459
1072544,219849.0,219850.0,12459
1098944,219843.0,219850.0,12459
1098950,216957.0,219850.0,12459
1072472,219849.0,219850.0,12459
1072692,219849.0,219850.0,12459
1098984,216956.0,219850.0,12459
1072487,219839.0,219850.0,12459
1099052,233597.0,233596.0,12465
1053273,233597.0,233596.0,12465
1099101,233597.0,233596.0,12465
1108303,233597.0,233596.0,12465
1099051,233597.0,233596.0,12465
1053272,233597.0,233596.0,12465
1053274,233597.0,233596.0,12465
1099053,233597.0,233596.0,12465
1108362,207036.0,207035.0,12470
1072840,207036.0,207035.0,12470
1099001,207036.0,207035.0,12470
1072839,207036.0,207035.0,12470
1053147,207036.0,207035.0,12470
1108360,207036.0,207035.0,12470
1072866,216320.0,216955.0,12474
1108565,216320.0,216955.0,12474
1072628,257279.0,216955.0,12474
1072645,257279.0,216955.0,12474
1099102,216325.0,216955.0,12474
1073098,216319.0,216955.0,12474
1108320,216324.0,216955.0,12474
1053237,216319.0,216955.0,12474
1072527,257279.0,216955.0,12474
1053216,216325.0,216955.0,12474
1053161,216325.0,216955.0,12474
1108338,216320.0,216955.0,12474
1053163,216324.0,216955.0,12474
1072618,257279.0,216955.0,12474
1073097,216319.0,216955.0,12474
1072529,257279.0,216955.0,12474
1053162,216325.0,216955.0,12474
1108336,216320.0,216955.0,12474
1098961,216317.0,216955.0,12474
1072891,216317.0,216955.0,12474
1072867,216320.0,216955.0,12474
1072889,216324.0,216955.0,12474
1053215,216325.0,216955.0,12474
1053164,216325.0,216955.0,12474
1108324,216317.0,216955.0,12474
1053238,216319.0,216955.0,12474
1108291,216317.0,216955.0,12474
1073095,216319.0,216955.0,12474
1072868,216320.0,216955.0,12474
1053239,216319.0,216955.0,12474
1072820,216321.0,216955.0,12474
1108556,257924.0,207047.0,12494
1108563,257924.0,207047.0,12494
1108558,257924.0,207047.0,12494
1072627,257924.0,207047.0,12494
1108555,257924.0,207047.0,12494
1072693,257924.0,207047.0,12494
1072626,257924.0,207047.0,12494
1072904,235844.0,235847.0,12519
1053442,350252.0,350253.0,12546
1054784,273926.0,273928.0,12566
1054768,273927.0,273928.0,12566
1053609,273927.0,273928.0,12566
1054785,273926.0,273928.0,12566
1053588,273927.0,273928.0,12566
1054647,349595.0,349598.0,12710
1054765,143039.0,143038.0,12732
1089891,14442.0,14490.0,12748
1257706,,23720.0,12773
1055339,275845.0,275843.0,12810
1066445,275845.0,275843.0,12810
1066447,275845.0,275843.0,12810
1055680,123505.0,120304.0,12818
1297489,23703.0,9474.0,12829
1059182,375500.0,375499.0,12830
1056106,178557.0,185916.0,12849
1119812,189440.0,172492.0,12886
1072167,189440.0,172492.0,12886
1138508,172493.0,172492.0,12886
1255978,319359.0,343989.0,12887
1265509,319359.0,343989.0,12887
1056400,537211.0,536253.0,12901
1073887,179198.0,179197.0,12904
1097765,179198.0,179197.0,12904
1056506,375989.0,375990.0,12921
1109514,,536226.0,12954
1281577,,449046.0,12983
1057063,175356.0,172500.0,13029
1068964,5900.0,5909.0,13046
1089762,5900.0,5909.0,13046
1068963,5900.0,5909.0,13046
1069369,5881.0,22067.0,13049
1068952,5885.0,22067.0,13049
1057151,5885.0,22067.0,13049
1071022,5881.0,22067.0,13049
1069368,5881.0,22067.0,13049
1135221,5881.0,22067.0,13049
1084256,5881.0,22067.0,13049
1057200,370396.0,370395.0,13061
1119892,370397.0,370395.0,13061
1072334,370397.0,370395.0,13061
1064989,370396.0,370395.0,13061
1232529,,506690.0,13062
1102513,26474.0,26481.0,13103
1057413,14138.0,20530.0,13106
1065000,344221.0,344281.0,13155
1057641,344221.0,344281.0,13155
1064998,344221.0,344281.0,13155
1057638,344221.0,344281.0,13155
1057656,344283.0,344284.0,13156
1057696,283838.0,283837.0,13169
1057691,283837.0,283836.0,13170
1057701,285120.0,283836.0,13170
1136930,181763.0,171839.0,13198
1175682,13542.0,25425.0,13210
1058003,19596.0,19595.0,13211
1189554,19596.0,19595.0,13211
1186329,19596.0,19595.0,13211
1188379,19596.0,19595.0,13211
1186327,19596.0,19595.0,13211
1186328,19596.0,19595.0,13211
1256910,,344290.0,13258
1058507,344543.0,343236.0,13283
1070354,22048.0,22051.0,13325
1067504,5819.0,22051.0,13325
1058870,22048.0,22051.0,13325
1068845,22048.0,22051.0,13325
1068167,22048.0,22051.0,13325
1068707,5852.0,5846.0,13327
1059811,5852.0,5846.0,13327
1059813,5852.0,5846.0,13327
1069186,5838.0,5846.0,13327
1068640,5852.0,5846.0,13327
1068712,5852.0,5846.0,13327
1068639,5852.0,5846.0,13327
1068607,5877.0,5873.0,13342
1069219,5838.0,22054.0,13347
1171398,11844.0,11843.0,13350
1059366,376003.0,375133.0,13354
1058820,376003.0,375133.0,13354
1059836,22069.0,22066.0,13356
1062095,22009.0,22008.0,13381
1084153,22009.0,22008.0,13381
1066788,119660.0,119661.0,13413
1063072,110702.0,110701.0,13441
1066708,247045.0,247044.0,13444
1058997,5687.0,5689.0,13447
1066538,82530.0,82531.0,13465
1068688,79008.0,82531.0,13465
1066492,82530.0,82531.0,13465
1068685,79008.0,82531.0,13465
1059025,79008.0,82531.0,13465
1059023,79008.0,82531.0,13465
1066540,82530.0,82531.0,13465
1068354,74524.0,5787.0,13478
1062027,5705.0,5709.0,13486
1059061,5714.0,5718.0,13487
1063050,375107.0,375106.0,13504
1059106,15492.0,15503.0,13523
1089936,15492.0,15503.0,13523
1060111,15492.0,15503.0,13523
1083243,33246.0,15793.0,13527
1088077,33246.0,15793.0,13527
1088081,33246.0,15793.0,13527
1088079,33246.0,15793.0,13527
1067270,118723.0,118722.0,13528
1061976,21998.0,21995.0,13530
1083211,15805.0,15804.0,13536
1082475,15805.0,15804.0,13536
1083215,15805.0,15804.0,13536
1083210,15805.0,15804.0,13536
1060169,26208.0,15867.0,13541
1059133,26208.0,15867.0,13541
1082994,26208.0,15867.0,13541
1059150,375314.0,375315.0,13542
1088172,15718.0,15776.0,13568
1083441,26185.0,15776.0,13568
1090524,26185.0,15776.0,13568
1089359,26185.0,15776.0,13568
1088175,15718.0,15776.0,13568
1059188,15718.0,15776.0,13568
1083628,26185.0,15776.0,13568
1059222,15003.0,15043.0,13583
1059237,26592.0,16937.0,13588
1059279,8658.0,23230.0,13606
1285858,8658.0,23230.0,13606
1096902,23113.0,8491.0,13610
1218586,9404.0,9473.0,13611
1198437,9501.0,9473.0,13611
1218584,9432.0,9473.0,13611
1218587,9404.0,9473.0,13611
1137991,,344171.0,13614
1137993,,344171.0,13614
1087945,14846.0,20924.0,13624
1079797,26310.0,26311.0,13626
1115807,13608.0,13637.0,13649
1146612,3108.0,343932.0,13654
1208639,11083.0,11104.0,13657
1208569,11083.0,11104.0,13657
1208591,11083.0,11104.0,13657
1208571,11083.0,11104.0,13657
1059347,8909.0,8920.0,13660
1138087,8909.0,8920.0,13660
1267874,8959.0,8920.0,13660
1137948,8909.0,8920.0,13660
1271073,8851.0,8920.0,13660
1271072,8851.0,8920.0,13660
1267872,8959.0,8920.0,13660
1271074,8851.0,8920.0,13660
1267920,8909.0,8920.0,13660
1268718,8805.0,8712.0,13662
1272548,8805.0,8712.0,13662
1128604,8805.0,8712.0,13662
1272547,8805.0,8712.0,13662
1059408,23189.0,8458.0,13679
1090506,1307.0,1332.0,13700
1180784,24871.0,12039.0,13705
1059439,24871.0,12039.0,13705
1175709,24871.0,12039.0,13705
1211245,24871.0,12039.0,13705
1059442,12105.0,12188.0,13707
1186871,47004.0,75492.0,13709
1059462,17130.0,26664.0,13724
1059491,10598.0,10560.0,13740
1059847,10598.0,10560.0,13740
1128874,10612.0,10560.0,13740
1059509,5666.0,5670.0,13747
1062597,5666.0,5670.0,13747
1066190,5666.0,5670.0,13747
1286373,6495.0,6428.0,13749
1280853,51163.0,6428.0,13749
1286372,6495.0,6428.0,13749
1059518,6495.0,6428.0,13749
1286865,6427.0,6428.0,13749
1286362,6479.0,6428.0,13749
1286360,6479.0,6428.0,13749
1286359,6479.0,6428.0,13749
1281695,6694.0,22376.0,13774
1281694,6694.0,22376.0,13774
1126398,2467.0,2530.0,13781
1122784,1768.0,1800.0,13788
1122712,1768.0,1800.0,13788
1089682,47027.0,1800.0,13788
1171508,1768.0,1800.0,13788
1122709,1768.0,1800.0,13788
1205564,47027.0,1800.0,13788
1210478,25307.0,25292.0,13794
1285860,350047.0,61412.0,13795
1060037,26242.0,26240.0,13810
1059643,18197.0,18171.0,13836
1209030,10551.0,10640.0,13842
1169921,10609.0,10640.0,13842
1288132,283840.0,1238.0,13846
1285272,266878.0,1238.0,13846
1274234,218877.0,1238.0,13846
1132695,375944.0,1238.0,13846
1265537,268159.0,1238.0,13846
1133029,266877.0,1238.0,13846
1274233,12784.0,1238.0,13846
1123894,12877.0,1238.0,13846
1286296,268165.0,1238.0,13846
1274231,12750.0,1238.0,13846
1205555,20013.0,1238.0,13846
1279337,150075.0,18264.0,13848
1298707,150075.0,18264.0,13848
1298709,150075.0,18264.0,13848
1306641,18228.0,18264.0,13848
1059659,150076.0,18264.0,13848
1136983,19425.0,27355.0,13853
1185698,19425.0,27355.0,13853
1186973,19439.0,27355.0,13853
1185701,19425.0,27355.0,13853
1185667,19425.0,27355.0,13853
1074998,133.0,165.0,13871
1302919,134.0,165.0,13871
1300288,178.0,165.0,13871
1059683,175.0,165.0,13871
1301535,175.0,165.0,13871
1301281,133.0,165.0,13871
1304761,175.0,165.0,13871
1304760,178.0,165.0,13871
1304758,134.0,165.0,13871
1297527,234877.0,343628.0,13880
1268349,220796.0,343628.0,13880
1285905,220795.0,343628.0,13880
1059721,,4744.0,13891
1091862,17524.0,17540.0,13894
1155450,18933.0,18959.0,13906
1068471,22056.0,5837.0,13936
1068469,22056.0,5837.0,13936
1068470,22056.0,5837.0,13936
1068472,22056.0,5837.0,13936
1069211,5866.0,5858.0,13937
1069214,5866.0,5858.0,13937
1069145,5853.0,5860.0,13947
1308018,8274.0,8236.0,13950
1059849,94047.0,3371.0,13952
1059970,,20874.0,13970
1083674,26240.0,26239.0,13998
1083466,33247.0,15790.0,13999
1083464,33247.0,15790.0,13999
1083218,33247.0,15790.0,13999
1083216,33247.0,15790.0,13999
1090732,15479.0,15470.0,14019
1060084,15479.0,15470.0,14019
1090193,15595.0,15578.0,14021
1232062,16032.0,16022.0,14024
1084677,16032.0,16022.0,14024
1060095,16032.0,16022.0,14024
1131264,16032.0,16022.0,14024
1079334,16151.0,16123.0,14027
1087843,15803.0,26199.0,14039
1083057,15803.0,26199.0,14039
1060143,15850.0,26223.0,14041
1089940,15850.0,26223.0,14041
1082115,26192.0,26198.0,14049
1081247,26260.0,26253.0,14072
1060208,15921.0,15922.0,14073
1089381,15541.0,15540.0,14093
1090420,26089.0,26087.0,14099
1060272,15478.0,15477.0,14100
1090470,15478.0,15477.0,14100
1090474,26089.0,15478.0,14110
1060320,26089.0,15478.0,14110
1090473,26089.0,15478.0,14110
1060319,15495.0,15478.0,14110
1060426,,26961.0,14154
1060513,11881.0,12119.0,14178
1061321,370342.0,370341.0,14182
1063164,343680.0,375307.0,14214
1060743,267521.0,267520.0,14220
1061343,370342.0,375087.0,14223
1061349,370343.0,375087.0,14223
1084659,370343.0,375087.0,14223
1061344,370343.0,375087.0,14223
1061348,370343.0,375087.0,14223
1060759,383565.0,383564.0,14227
1068457,125100.0,5697.0,14232
1060802,87334.0,87333.0,14234
1232515,537075.0,26101.0,14267
1096059,537075.0,26101.0,14267
1232995,,26101.0,14267
1119698,370224.0,370222.0,14304
1063214,370224.0,370222.0,14304
1061126,293758.0,344470.0,14317
1248134,18920.0,18904.0,14347
1061239,343248.0,343247.0,14352
1061717,343248.0,343247.0,14352
1061238,343248.0,343247.0,14352
1061240,343248.0,343247.0,14352
1061408,20666.0,181759.0,14383
1070146,383902.0,377773.0,14399
1061603,344131.0,344130.0,14429
1061722,344779.0,344972.0,14465
1061804,343533.0,343532.0,14484
1061808,13965.0,13970.0,14485
1280002,13925.0,13970.0,14485
1257657,,153917.0,14515
1062016,5709.0,22011.0,14530
1062015,5709.0,22011.0,14530
1062029,537436.0,537452.0,14540
1136837,537451.0,537452.0,14540
1062290,344278.0,344279.0,14587
1062338,21974.0,5671.0,14602
1062324,21974.0,5671.0,14602
1062340,21974.0,5671.0,14602
1062323,21974.0,5671.0,14602
1065349,5671.0,21974.0,14607
1065352,5671.0,21974.0,14607
1062320,5671.0,21974.0,14607
1065345,5671.0,21974.0,14607
1065350,5671.0,21974.0,14607
1065322,5667.0,21968.0,14608
1065313,5667.0,21968.0,14608
1062327,5667.0,21968.0,14608
1065324,5667.0,21968.0,14608
1062332,5668.0,5671.0,14609
1065301,5668.0,5671.0,14609
1065303,5668.0,5671.0,14609
1062333,5668.0,5671.0,14609
1062330,5668.0,5671.0,14609
1065297,5671.0,5668.0,14610
1062342,5671.0,5668.0,14610
1062343,5671.0,5668.0,14610
1062334,5671.0,5668.0,14610
1062553,21966.0,21968.0,14653
1066003,21966.0,21968.0,14653
1062567,21966.0,21968.0,14653
1062563,21964.0,5663.0,14655
1062798,21964.0,5663.0,14655
1066023,21964.0,5663.0,14655
1062565,21964.0,5663.0,14655
1063402,281925.0,281926.0,14659
1062579,281925.0,281926.0,14659
1062661,281926.0,268478.0,14660
1062660,281926.0,268478.0,14660
1062586,,1532.0,14662
1062754,5663.0,21964.0,14669
1062804,5663.0,21964.0,14669
1062755,5663.0,21964.0,14669
1062803,5663.0,21964.0,14669
1067571,5663.0,21964.0,14669
1062681,281923.0,281924.0,14693
1062813,21970.0,5669.0,14705
1062801,21970.0,5669.0,14705
1062811,21970.0,5669.0,14705
1062757,21970.0,5669.0,14705
1062759,5669.0,5665.0,14707
1062824,5669.0,5665.0,14707
1062760,21970.0,5669.0,14708
1062772,5665.0,5669.0,14714
1062770,5665.0,5669.0,14714
1066036,5665.0,5669.0,14714
1066019,5665.0,5669.0,14714
1062809,5669.0,21970.0,14719
1062806,5669.0,21970.0,14719
1062816,5669.0,21970.0,14719
1062814,5669.0,21970.0,14719
1062821,21968.0,21966.0,14721
1066004,21968.0,21966.0,14721
1066002,21968.0,21966.0,14721
1065393,344124.0,344123.0,14752
1063054,,63015.0,14760
1171291,25341.0,25348.0,14765
1122767,13198.0,25348.0,14765
1122766,13198.0,25348.0,14765
1122768,25341.0,25348.0,14765
1207163,13188.0,25348.0,14765
1207151,13188.0,25348.0,14765
1063211,370222.0,370224.0,14766
1063518,144322.0,144324.0,14777
1065944,95003.0,144324.0,14777
1069804,144325.0,144324.0,14777
1063512,144325.0,144324.0,14777
1069793,144323.0,144324.0,14777
1065961,144322.0,144324.0,14777
1063510,144325.0,144324.0,14777
1063498,144322.0,144324.0,14777
1069802,144325.0,144324.0,14777
1063499,144323.0,144324.0,14777
1065338,21962.0,5664.0,14778
1063124,21962.0,5664.0,14778
1063130,21962.0,5664.0,14778
1063125,21962.0,5664.0,14778
1063131,21962.0,5664.0,14778
1063190,21975.0,21976.0,14783
1063191,21975.0,21976.0,14783
1067045,21975.0,21976.0,14783
1063144,21975.0,21976.0,14783
1063207,5672.0,5674.0,14786
1063206,5672.0,5674.0,14786
1067998,5672.0,5674.0,14786
1063186,5672.0,5674.0,14786
1066168,5672.0,5666.0,14788
1066188,5672.0,5666.0,14788
1067078,5672.0,5666.0,14788
1063252,286076.0,286078.0,14805
1065577,257928.0,257929.0,14818
1063279,280955.0,280649.0,14821
1063281,280955.0,280649.0,14821
1063278,280955.0,280649.0,14821
1063280,280955.0,280649.0,14821
1063467,5666.0,5670.0,14856
1063469,5666.0,5670.0,14856
1066171,5666.0,5670.0,14856
1066169,5666.0,5670.0,14856
1066087,172475.0,172170.0,14867
1063496,172475.0,172170.0,14867
1069782,154878.0,144329.0,14869
1133656,154878.0,144329.0,14869
1069798,202556.0,144329.0,14869
1063507,202556.0,144329.0,14869
1066686,172510.0,172509.0,14872
1063514,172510.0,172509.0,14872
1066659,172510.0,172509.0,14872
1066678,172510.0,172509.0,14872
1171364,1305.0,20046.0,14884
1064820,1305.0,20046.0,14884
1136059,1305.0,20046.0,14884
1171365,1305.0,20046.0,14884
1127992,1305.0,20046.0,14884
1171367,1305.0,20046.0,14884
1251101,1305.0,20046.0,14884
1065307,21968.0,5667.0,14924
1065311,21968.0,5667.0,14924
1065312,21968.0,5667.0,14924
1065306,21968.0,5667.0,14924
1257379,,430001.0,14931
1065360,123180.0,122872.0,14934
1066886,376834.0,376833.0,14949
1068352,280958.0,280957.0,14952
1234572,473205.0,449264.0,14961
1302722,473207.0,449264.0,14961
1128731,473205.0,449264.0,14961
1081058,473205.0,449264.0,14961
1066273,21976.0,21975.0,14983
1066275,21976.0,21975.0,14983
1065563,21976.0,21975.0,14983
1065562,21976.0,21975.0,14983
1066274,21976.0,21975.0,14983
1066301,5668.0,5664.0,14984
1066303,5668.0,5664.0,14984
1066294,5668.0,5664.0,14984
1065565,5668.0,5664.0,14984
1065606,163848.0,199048.0,14994
1084428,163848.0,199048.0,14994
1065847,163848.0,199048.0,14994
1065848,163848.0,199048.0,14994
1123127,20017.0,12867.0,15024
1066900,133741.0,5660.0,15027
1136237,24826.0,12048.0,15045
1065818,24894.0,12048.0,15045
1065867,247050.0,247355.0,15053
1065967,128624.0,128625.0,15056
1068658,119660.0,122861.0,15065
1066154,384171.0,349566.0,15095
1066222,5672.0,5674.0,15110
1066175,5672.0,5674.0,15110
1066224,5672.0,5674.0,15110
1066221,5672.0,5674.0,15110
1066185,5666.0,5672.0,15113
1066233,5666.0,5672.0,15113
1066248,5666.0,5672.0,15113
1068133,5762.0,5763.0,15124
1066285,21961.0,21963.0,15125
1066267,21961.0,21963.0,15125
1066300,21961.0,21963.0,15125
1066322,5664.0,5668.0,15128
1066321,5664.0,5668.0,15128
1066278,5664.0,5668.0,15128
1066736,247045.0,247043.0,15138
1067210,128635.0,128642.0,15142
1067786,171836.0,171835.0,15148
1066401,166076.0,166077.0,15151
1066399,275841.0,275844.0,15153
1068714,164490.0,164488.0,15155
1067965,164490.0,164488.0,15155
1067967,164490.0,164488.0,15155
1068715,164490.0,164488.0,15155
1068869,265919.0,265920.0,15183
1068872,191684.0,191683.0,15191
1066542,,4753.0,15193
1067144,128630.0,128622.0,15203
1257649,,161599.0,15209
1068901,164798.0,161603.0,15237
1068904,376844.0,377006.0,15254
1068902,377291.0,377006.0,15254
1237778,156485.0,156484.0,15288
1066951,156486.0,156485.0,15289
1066949,156486.0,156485.0,15289
1067014,156475.0,156483.0,15291
1074787,139195.0,123822.0,15311
1087657,235850.0,27251.0,15365
1071331,19086.0,27251.0,15365
1084600,19086.0,27251.0,15365
1067328,19086.0,27251.0,15365
1067326,19086.0,27251.0,15365
1070106,199042.0,199043.0,15398
1067506,114868.0,114867.0,15401
1067502,370363.0,5840.0,15410
1068356,22047.0,5817.0,15427
1068359,22046.0,5817.0,15427
1067589,22046.0,5817.0,15427
1067590,22046.0,5817.0,15427
1068360,22046.0,5817.0,15427
1067608,115181.0,115182.0,15436
1133654,365326.0,199035.0,15448
1067733,171835.0,273280.0,15467
1067749,39337.0,39335.0,15475
1246063,5930.0,5914.0,15479
1136097,5831.0,5782.0,15480
1067803,5233.0,5245.0,15486
1071650,27325.0,27318.0,15489
1069850,27325.0,27318.0,15489
1071651,27325.0,27318.0,15489
1074330,27325.0,27318.0,15489
1077622,18974.0,19010.0,15495
1077522,21860.0,21857.0,15497
1233033,,415422.0,15516
1232469,415420.0,415422.0,15516
1118887,415420.0,415422.0,15516
1209137,415420.0,415422.0,15516
1232955,,415422.0,15516
1096703,,415422.0,15516
1069740,305917.0,287036.0,15532
1069737,305917.0,287036.0,15532
1069738,305917.0,287036.0,15532
1069716,305917.0,287036.0,15532
1069739,305917.0,287036.0,15532
1068149,5767.0,5773.0,15550
1068132,5772.0,5773.0,15550
1068100,5773.0,5772.0,15551
1148484,383484.0,229436.0,15554
1068488,39018.0,39017.0,15568
1068243,39018.0,39017.0,15568
1070289,39018.0,39017.0,15568
1068486,39018.0,39017.0,15568
1134648,27347.0,27353.0,15581
1138574,27347.0,27353.0,15581
1068319,364956.0,364955.0,15587
1068313,384031.0,383573.0,15594
1069276,19220.0,19224.0,15598
1069311,19220.0,19224.0,15598
1069312,19220.0,19224.0,15598
1068328,364958.0,364957.0,15599
1068538,5862.0,5851.0,15618
1068397,5862.0,5851.0,15618
1121062,19426.0,21806.0,15631
1068460,22012.0,22010.0,15637
1127174,39015.0,39011.0,15646
1070505,5291.0,5303.0,15668
1068728,5886.0,5901.0,15696
1084255,5886.0,5901.0,15696
1076101,27414.0,27408.0,15720
1068951,5887.0,5878.0,15730
1068949,5887.0,5878.0,15730
1095593,5887.0,5878.0,15730
1069482,19232.0,19140.0,15732
1069481,19232.0,19140.0,15732
1069483,19232.0,19140.0,15732
1084245,19232.0,19140.0,15732
1069477,19232.0,19140.0,15732
1076622,19235.0,19140.0,15732
1076627,19235.0,19140.0,15732
1076620,19234.0,19140.0,15732
1075728,19159.0,19160.0,15734
1068988,19163.0,19160.0,15734
1068986,19163.0,19160.0,15734
1069023,27310.0,19163.0,15743
1084416,27310.0,19163.0,15743
1078700,19160.0,19163.0,15743
1069017,,20540.0,15753
1069944,19227.0,27310.0,15755
1069040,19229.0,19227.0,15759
1069992,19229.0,19227.0,15759
1069841,19297.0,19303.0,15783
1306759,18303.0,18322.0,15786
1287190,18277.0,18322.0,15786
1127223,18370.0,18322.0,15786
1069195,18303.0,18322.0,15786
1306760,18303.0,18322.0,15786
1281525,18370.0,18322.0,15786
1287189,18277.0,18322.0,15786
1131023,18277.0,18322.0,15786
1306761,18303.0,18322.0,15786
1280982,18370.0,18322.0,15786
1069859,19297.0,19282.0,15787
1070931,18790.0,18728.0,15788
1079059,18790.0,18728.0,15788
1079972,18790.0,18728.0,15788
1076020,18843.0,18728.0,15788
1076023,18843.0,18728.0,15788
1079081,18790.0,18728.0,15788
1083572,18843.0,18728.0,15788
1135239,18790.0,18728.0,15788
1076007,18843.0,18728.0,15788
1071277,18843.0,18728.0,15788
1070714,18749.0,18728.0,15788
1076290,18790.0,18728.0,15788
1076291,18790.0,18728.0,15788
1076021,18843.0,18728.0,15788
1184589,18693.0,18663.0,15791
1072452,5216.0,19204.0,15801
1071504,5230.0,19204.0,15801
1069313,19183.0,19204.0,15801
1069316,19183.0,19204.0,15801
1080217,19183.0,19204.0,15801
1069265,19220.0,19204.0,15801
1069267,19220.0,19204.0,15801
1069266,19220.0,19204.0,15801
1069268,19220.0,19204.0,15801
1069315,19183.0,19204.0,15801
1070185,19111.0,19110.0,15805
1069302,19183.0,19170.0,15808
1069314,19183.0,19170.0,15808
1231846,5431.0,5427.0,15833
1220625,5431.0,5427.0,15833
1253731,5431.0,5427.0,15833
1071625,5284.0,5265.0,15850
1070842,5284.0,5265.0,15850
1128560,5284.0,5265.0,15850
1070843,5284.0,5265.0,15850
1077076,27405.0,27403.0,15863
1069552,27405.0,27403.0,15863
1098568,27405.0,27403.0,15863
1250417,27405.0,27403.0,15863
1077017,27405.0,27403.0,15863
1075636,255680.0,255681.0,15878
1084381,255680.0,255681.0,15878
1133440,255680.0,255681.0,15878
1134469,255680.0,255681.0,15878
1070665,19554.0,19508.0,15887
1070639,27428.0,19508.0,15887
1070654,19554.0,19508.0,15887
1078709,19554.0,19508.0,15887
1070649,27420.0,19508.0,15887
1070635,27420.0,19508.0,15887
1078711,19554.0,19508.0,15887
1070640,27428.0,19508.0,15887
1070609,19519.0,19508.0,15887
1079947,19519.0,19508.0,15887
1070637,27428.0,19508.0,15887
1136850,19519.0,19508.0,15887
1070638,27428.0,19508.0,15887
1078710,19554.0,19508.0,15887
1070652,27420.0,19508.0,15887
1180904,2685.0,2571.0,15894
1206559,2639.0,2571.0,15894
1180908,84765.0,2571.0,15894
1188600,2639.0,2571.0,15894
1188435,2639.0,2571.0,15894
1132694,84765.0,2571.0,15894
1188599,2639.0,2571.0,15894
1188434,2639.0,2571.0,15894
1069616,2685.0,2571.0,15894
1188469,2613.0,2571.0,15894
1180909,2685.0,2571.0,15894
1180905,2685.0,2571.0,15894
1071480,19228.0,19172.0,15907
1071453,19228.0,19172.0,15907
1071479,19228.0,19172.0,15907
1071477,19228.0,19172.0,15907
1081694,19172.0,19144.0,15908
1070367,5271.0,5299.0,15918
1070366,5271.0,5299.0,15918
1070368,5271.0,5299.0,15918
1080265,5271.0,5299.0,15918
1069762,119024.0,119025.0,15930
1078466,19311.0,19292.0,15945
1303866,6951.0,7027.0,15946
1302336,22585.0,7027.0,15946
1301271,6951.0,7027.0,15946
1303868,6951.0,7027.0,15946
1302925,22585.0,7027.0,15946
1302302,22585.0,7027.0,15946
1301303,22565.0,7027.0,15946
1069835,6951.0,7027.0,15946
1302335,22585.0,7027.0,15946
1302290,22585.0,7027.0,15946
1136393,6951.0,7027.0,15946
1301304,6952.0,7027.0,15946
1069930,19143.0,19107.0,15973
1069997,264001.0,264002.0,15980
1127860,5271.0,5301.0,15984
1074807,264003.0,264004.0,15994
1075477,19396.0,19367.0,16018
1070093,19396.0,19367.0,16018
1070094,19396.0,19367.0,16018
1128361,19396.0,19367.0,16018
1078498,19396.0,19367.0,16018
1070271,5257.0,188801.0,16053
1088989,5257.0,188801.0,16053
1097161,,537121.0,16117
1233002,,537121.0,16117
1079095,5431.0,5428.0,16122
1074847,5313.0,5321.0,16124
1070583,5325.0,5321.0,16124
1137017,5325.0,5321.0,16124
1070588,5325.0,5321.0,16124
1074846,5313.0,5321.0,16124
1070663,5325.0,5321.0,16137
1074956,5325.0,5321.0,16137
1084424,5325.0,5321.0,16137
1076022,18843.0,18858.0,16153
1075443,276156.0,262407.0,16159
1071559,5253.0,5273.0,16170
1071558,5253.0,5273.0,16170
1070789,5253.0,5273.0,16170
1071557,5253.0,5273.0,16170
1071562,5253.0,5273.0,16170
1070838,5253.0,5273.0,16170
1070839,5253.0,5273.0,16170
1070837,5253.0,5273.0,16170
1095592,5314.0,5284.0,16179
1289510,9817.0,9785.0,16187
1287633,9817.0,9785.0,16187
1134628,9817.0,9785.0,16187
1070867,9817.0,9785.0,16187
1287631,9817.0,9785.0,16187
1070869,14608.0,14574.0,16189
1109251,14618.0,14684.0,16191
1104511,14618.0,14684.0,16191
1189830,384831.0,384828.0,16198
1267480,384829.0,384828.0,16198
1190534,384829.0,384828.0,16198
1224948,10639.0,10644.0,16199
1170151,10678.0,10644.0,16199
1274032,25122.0,25119.0,16211
1070914,25122.0,25119.0,16211
1274034,25122.0,25119.0,16211
1274033,25122.0,25119.0,16211
1308373,23529.0,23508.0,16212
1277300,9143.0,23508.0,16212
1308403,9143.0,23508.0,16212
1308372,23529.0,23508.0,16212
1222120,4728.0,21656.0,16220
1188497,3217.0,3178.0,16240
1070989,9715.0,9758.0,16251
1082330,13998.0,13984.0,16264
1104408,16972.0,16950.0,16270
1175626,20756.0,20735.0,16287
1176414,20756.0,20735.0,16287
1176409,20756.0,20735.0,16287
1071056,20756.0,20735.0,16287
1135117,20756.0,20735.0,16287
1220412,18457.0,18444.0,16298
1083112,18457.0,18444.0,16298
1079881,26321.0,26325.0,16310
1282485,27349.0,19389.0,16312
1078594,18599.0,18587.0,16345
1071155,5070.0,18587.0,16345
1079705,18599.0,18587.0,16345
1084111,18599.0,18587.0,16345
1071156,337595.0,19062.0,16346
1071720,5169.0,19006.0,16352
1071231,27374.0,27382.0,16362
1074989,21830.0,21819.0,16378
1074990,21830.0,21819.0,16378
1075217,35493.0,35490.0,16388
1071383,19292.0,19272.0,16408
1175161,24825.0,24807.0,16420
1133395,24214.0,5381.0,16422
1077548,19172.0,19181.0,16423
1076466,19208.0,19225.0,16427
1076464,19231.0,19225.0,16427
1076785,27267.0,19059.0,16430
1076786,27267.0,19059.0,16430
1076736,27267.0,19059.0,16430
1121113,54048.0,35484.0,16440
1072087,299196.0,299195.0,16500
1120606,13470.0,13539.0,16504
1221304,1471.0,13539.0,16504
1110547,126394.0,13539.0,16504
1143079,13509.0,13539.0,16504
1072092,13516.0,13539.0,16504
1144995,25891.0,14721.0,16508
1072122,22057.0,5855.0,16513
1072124,343851.0,3151.0,16514
1136655,343851.0,3151.0,16514
1072125,21865.0,5447.0,16515
1072319,364860.0,429979.0,16569
1073245,14103.0,14087.0,16602
1178290,14103.0,14087.0,16602
1178289,14103.0,14087.0,16602
1178288,14103.0,14087.0,16602
1178291,14103.0,14087.0,16602
1072828,219846.0,219845.0,16608
1073127,219846.0,219845.0,16608
1072825,219846.0,219845.0,16608
1073130,219846.0,219845.0,16608
1180746,16737.0,140162.0,16614
1219742,21186.0,21156.0,16616
1179080,25468.0,13592.0,16627
1072440,375943.0,3208.0,16631
1107849,189436.0,3208.0,16631
1107850,189435.0,3208.0,16631
1072457,343515.0,55963.0,16633
1072461,343147.0,1479.0,16634
1125063,343147.0,1479.0,16634
1122617,343147.0,1479.0,16634
1098919,339835.0,339516.0,16638
1073112,254716.0,254717.0,16641
1133308,254716.0,254717.0,16641
1108570,229762.0,229767.0,16645
1072494,229762.0,229767.0,16645
1127580,14860.0,149116.0,16658
1072581,149117.0,149116.0,16658
1072638,235848.0,235843.0,16691
1108380,235848.0,235843.0,16691
1072640,235848.0,235843.0,16691
1108311,235849.0,235843.0,16691
1108312,235849.0,235843.0,16691
1108379,235848.0,235843.0,16691
1108382,235848.0,235843.0,16691
1108381,235848.0,235843.0,16691
1072903,235849.0,235843.0,16691
1072632,235848.0,235843.0,16691
1072641,235848.0,235843.0,16691
1121544,20054.0,1318.0,16713
1124745,20054.0,1318.0,16713
1143020,20054.0,1318.0,16713
1125259,20054.0,1318.0,16713
1125243,20054.0,1318.0,16713
1123819,20054.0,1318.0,16713
1274508,20054.0,1318.0,16713
1072807,396191.0,13293.0,16725
1072926,259527.0,149118.0,16758
1180616,390722.0,48612.0,16768
1186347,19561.0,19530.0,16777
1072948,19552.0,19530.0,16777
1092425,19561.0,19530.0,16777
1186410,19561.0,19530.0,16777
1186346,19579.0,19530.0,16777
1072952,242235.0,2851.0,16780
1187034,259527.0,330875.0,16783
1126834,26442.0,16464.0,16789
1283294,26467.0,16464.0,16789
1181267,16379.0,16464.0,16789
1180618,16552.0,16464.0,16789
1072965,26467.0,16464.0,16789
1180869,26442.0,16464.0,16789
1180610,16552.0,16464.0,16789
1190098,15076.0,15083.0,16796
1072998,15076.0,15083.0,16796
1190101,15076.0,15083.0,16796
1190089,15076.0,15083.0,16796
1075695,536238.0,3512.0,16802
1186782,264955.0,3512.0,16802
1282841,2104.0,3512.0,16802
1308778,536238.0,3512.0,16802
1187634,47336.0,15814.0,16808
1073024,376109.0,364940.0,16814
1190082,15056.0,26007.0,16820
1190084,15056.0,26007.0,16820
1190083,15056.0,26007.0,16820
1219148,38699.0,38700.0,16847
1185687,38410.0,38700.0,16847
1185689,148483.0,38700.0,16847
1185688,148483.0,38700.0,16847
1219149,38699.0,38700.0,16847
1185686,38410.0,38700.0,16847
1180238,331516.0,283526.0,16851
1180236,331516.0,283526.0,16851
1180668,331516.0,283526.0,16851
1180295,331516.0,283526.0,16851
1073326,216329.0,216958.0,16855
1097827,216329.0,216958.0,16855
1098953,216329.0,216958.0,16855
1098989,216329.0,216958.0,16855
1073124,216329.0,216958.0,16855
1108316,216329.0,216958.0,16855
1188765,16169.0,16075.0,16861
1188728,16290.0,16075.0,16861
1188744,16091.0,16075.0,16861
1181192,16169.0,16075.0,16861
1188724,16146.0,16075.0,16861
1188764,16141.0,16075.0,16861
1126838,16169.0,16075.0,16861
1188726,16278.0,16075.0,16861
1181072,16141.0,16075.0,16861
1181097,16277.0,16075.0,16861
1181127,16072.0,16075.0,16861
1181125,16040.0,16075.0,16861
1188725,16141.0,16075.0,16861
1188731,16308.0,16075.0,16861
1188814,16317.0,16075.0,16861
1181074,16146.0,16075.0,16861
1181075,16146.0,16075.0,16861
1181124,16040.0,16075.0,16861
1181225,16040.0,16075.0,16861
1188746,16290.0,16075.0,16861
1187999,16317.0,16075.0,16861
1190765,16317.0,16075.0,16861
1188792,16091.0,16075.0,16861
1188723,16146.0,16075.0,16861
1223682,16091.0,16075.0,16861
1181224,16040.0,16075.0,16861
1181105,16169.0,16075.0,16861
1188732,16308.0,16075.0,16861
1181098,16277.0,16075.0,16861
1188727,16290.0,16075.0,16861
1181096,16308.0,16075.0,16861
1073199,16091.0,16075.0,16861
1188001,16317.0,16075.0,16861
1181073,16072.0,16075.0,16861
1188790,16091.0,16075.0,16861
1188762,16141.0,16075.0,16861
1181099,16278.0,16075.0,16861
1181106,16169.0,16075.0,16861
1181128,16278.0,16075.0,16861
1181126,16072.0,16075.0,16861
1181194,16072.0,16075.0,16861
1179384,25488.0,25476.0,16875
1179077,25488.0,25476.0,16875
1179076,25488.0,25476.0,16875
1179079,25488.0,25476.0,16875
1179078,13531.0,25461.0,16876
1074133,20366.0,20415.0,16879
1119962,20366.0,20415.0,16879
1250778,22271.0,7.0,16897
1133193,22271.0,7.0,16897
1073248,349965.0,332797.0,16901
1176574,375022.0,375020.0,16904
1232075,375023.0,375020.0,16904
1176536,375024.0,375020.0,16904
1181369,375023.0,375020.0,16904
1176573,375024.0,375020.0,16904
1176539,375024.0,375020.0,16904
1073259,6501.0,6451.0,16910
1302772,6501.0,6451.0,16910
1250601,11600.0,11587.0,16911
1136119,11600.0,11587.0,16911
1288556,11600.0,11587.0,16911
1125556,2484.0,370319.0,16930
1097737,14798.0,14870.0,16943
1073371,14798.0,14870.0,16943
1265723,12636.0,12502.0,16946
1079891,26311.0,26310.0,16948
1089497,15585.0,15527.0,16955
1073388,15585.0,15527.0,16955
1089496,15585.0,15527.0,16955
1119966,15585.0,15527.0,16955
1090188,15585.0,15527.0,16955
1302662,6478.0,6509.0,17004
1138048,6478.0,6509.0,17004
1281114,15004.0,25966.0,17018
1073559,21816.0,19377.0,17052
1081302,383516.0,383515.0,17065
1081300,383516.0,383515.0,17065
1203546,332162.0,3989.0,17071
1202720,4009.0,3989.0,17071
1073586,4009.0,3989.0,17071
1073588,21523.0,3904.0,17073
1219578,21513.0,21494.0,17074
1219577,21513.0,21494.0,17074
1073590,9342.0,9383.0,17075
1073617,6916.0,6921.0,17092
1097700,6916.0,6921.0,17092
1221426,24491.0,11091.0,17097
1132742,384827.0,207356.0,17105
1073638,19778.0,19780.0,17109
1310557,19766.0,19780.0,17109
1304924,186.0,19780.0,17109
1310616,19778.0,19780.0,17109
1311288,167.0,19780.0,17109
1310617,189.0,19780.0,17109
1304654,19770.0,19780.0,17109
1304942,186.0,19780.0,17109
1304925,19770.0,19780.0,17109
1300731,202.0,19780.0,17109
1301915,243.0,19780.0,17109
1300733,202.0,19780.0,17109
1311286,167.0,19780.0,17109
1304923,19769.0,19780.0,17109
1310556,189.0,19780.0,17109
1304034,22800.0,7446.0,17110
1133485,22505.0,22499.0,17111
1289253,7237.0,7206.0,17130
1309690,8167.0,8128.0,17132
1073676,66221.0,8128.0,17132
1307064,6971.0,7043.0,17133
1253748,22595.0,7043.0,17133
1073677,22591.0,7043.0,17133
1309184,103965.0,7043.0,17133
1297621,7611.0,234237.0,17134
1297604,238715.0,234237.0,17134
1297563,238715.0,234237.0,17134
1073678,241595.0,234237.0,17134
1136080,178877.0,178561.0,17135
1297566,6211.0,6205.0,17146
1142370,22217.0,6205.0,17146
1073695,375935.0,5978.0,17147
1184982,19146.0,19094.0,17159
1090495,156159.0,57887.0,17188
1225047,23751.0,23763.0,17190
1225048,23751.0,23763.0,17190
1267725,8829.0,23348.0,17192
1098110,20395.0,2005.0,17200
1073803,3515.0,21356.0,17211
1097769,23822.0,23799.0,17239
1073862,23822.0,23799.0,17239
1073864,,23032.0,17240
1203418,275837.0,283536.0,17280
1159371,275837.0,283536.0,17280
1159132,275837.0,283536.0,17280
1191246,275837.0,283536.0,17280
1112748,311356.0,25282.0,17301
1121093,32290.0,25282.0,17301
1145090,49248.0,25282.0,17301
1074016,13103.0,13175.0,17302
1142807,25357.0,13175.0,17302
1114651,13047.0,13175.0,17302
1116516,13197.0,13175.0,17302
1116532,13121.0,13175.0,17302
1115105,13182.0,13175.0,17302
1116517,13197.0,13175.0,17302
1115114,13182.0,13175.0,17302
1116533,13121.0,13175.0,17302
1115840,13121.0,13175.0,17302
1116487,13197.0,13175.0,17302
1157437,13121.0,13175.0,17302
1116535,13121.0,13175.0,17302
1265289,13184.0,13175.0,17302
1115841,13197.0,13175.0,17302
1074019,2843.0,2901.0,17305
1142746,246725.0,230715.0,17306
1074022,2999.0,3009.0,17308
1148504,2995.0,3009.0,17308
1148496,2995.0,3009.0,17308
1074036,3335.0,3380.0,17315
1153180,13498.0,13524.0,17317
1283460,13498.0,13524.0,17317
1267665,10188.0,10180.0,17320
1207438,11733.0,24737.0,17334
1084339,294400.0,294399.0,17336
1075104,294400.0,294399.0,17336
1301788,6754.0,22426.0,17338
1074179,359665.0,359664.0,17394
1136338,22218.0,22216.0,17404
1310395,82844.0,5939.0,17405
1297599,364830.0,5939.0,17405
1074203,375941.0,5939.0,17405
1130929,,62688.0,17406
1074267,375820.0,22163.0,17439
1305876,22172.0,22163.0,17439
1074269,69725.0,58206.0,17441
1122991,1349.0,20088.0,17459
1122989,1349.0,20088.0,17459
1122992,1349.0,20088.0,17459
1169454,1349.0,20088.0,17459
1169452,1349.0,20088.0,17459
1122987,1349.0,20088.0,17459
1169453,1349.0,20088.0,17459
1136933,14884.0,14847.0,17477
1074789,13969.0,14055.0,17478
1147910,13165.0,13201.0,17480
1110878,13165.0,13201.0,17480
1111191,13165.0,13201.0,17480
1074805,,4623.0,17485
1074854,5292.0,5283.0,17493
1075689,5292.0,5283.0,17493
1183722,5292.0,5283.0,17493
1074868,5292.0,5283.0,17493
1257453,,27371.0,17515
1075156,27407.0,27411.0,17544
1077093,19547.0,27431.0,17546
1075194,35494.0,35492.0,17559
1083604,5334.0,21812.0,17590
1075309,5334.0,21812.0,17590
1128359,5334.0,21812.0,17590
1127196,5334.0,21812.0,17590
1075348,5334.0,21812.0,17590
1075352,5334.0,21812.0,17590
1075313,5334.0,21812.0,17590
1075353,5334.0,21812.0,17590
1075731,27404.0,27413.0,17697
1076772,5243.0,375227.0,17702
1077429,5243.0,375227.0,17702
1075750,27361.0,27352.0,17704
1076584,5223.0,5227.0,17706
1075756,5223.0,5227.0,17706
1076729,5223.0,5227.0,17706
1075835,11357.0,11338.0,17723
1208350,11357.0,11338.0,17723
1133689,4003.0,273279.0,17735
1075914,273278.0,282235.0,17736
1079122,18742.0,18766.0,17748
1077335,284158.0,284157.0,17774
1076171,243205.0,179527.0,17790
1076187,243205.0,179527.0,17790
1076245,19352.0,19323.0,17807
1076244,19352.0,19323.0,17807
1077506,19352.0,19323.0,17807
1076271,19352.0,19323.0,17807
1076246,19352.0,19323.0,17807
1111854,16060.0,16080.0,17824
1077372,19250.0,19276.0,17830
1077700,19153.0,19208.0,17862
1077701,19153.0,19208.0,17862
1077702,19153.0,19208.0,17862
1076628,284155.0,282241.0,17900
1076678,284157.0,284155.0,17901
1077739,19283.0,19275.0,17916
1076760,145602.0,130227.0,17926
1077597,19304.0,19305.0,17990
1077230,26130.0,21369.0,18041
1077972,19294.0,19289.0,18044
1077411,18741.0,18814.0,18089
1077408,18741.0,18814.0,18089
1078530,18741.0,18814.0,18089
1077410,18741.0,18814.0,18089
1084578,18741.0,18814.0,18089
1077409,18741.0,18814.0,18089
1077500,18273.0,27119.0,18104
1093164,18166.0,18205.0,18118
1092057,18213.0,18205.0,18118
1093167,18213.0,18205.0,18118
1079191,129906.0,129905.0,18178
1079188,129906.0,129905.0,18178
1079158,129906.0,129905.0,18178
1077951,129905.0,129908.0,18187
1077938,145609.0,145917.0,18193
1078092,27043.0,27054.0,18218
1078103,145605.0,145606.0,18228
1078243,18038.0,18081.0,18254
1136555,10106.0,10123.0,18290
1078423,,10123.0,18290
1089642,14438.0,14470.0,18294
1089640,14438.0,14470.0,18294
1083344,14438.0,14470.0,18294
1083587,26149.0,15607.0,18302
1078628,18565.0,18623.0,18315
1089484,349715.0,349714.0,18320
1078583,18782.0,18732.0,18322
1081628,18817.0,18782.0,18327
1079224,378177.0,378176.0,18331
1090082,390331.0,5180.0,18345
1093565,18292.0,18283.0,18347
1093567,18292.0,18283.0,18347
1093564,18292.0,18283.0,18347
1078675,18292.0,18283.0,18347
1093566,18292.0,18283.0,18347
1082508,18335.0,18295.0,18348
1092718,18335.0,18295.0,18348
1082509,18335.0,18295.0,18348
1082510,18335.0,18295.0,18348
1082511,18335.0,18295.0,18348
1091593,18143.0,18175.0,18355
1091592,18143.0,18175.0,18355
1093011,18143.0,18175.0,18355
1099551,26361.0,26356.0,18379
1091712,26839.0,17709.0,18386
1100010,17766.0,17709.0,18386
1155209,26716.0,17709.0,18386
1080708,16191.0,16160.0,18387
1121134,18314.0,18342.0,18400
1078964,18942.0,5109.0,18407
1093115,17769.0,26859.0,18417
1091847,17518.0,17524.0,18439
1089721,129899.0,129903.0,18458
1079304,15962.0,26260.0,18492
1079323,27043.0,17979.0,18500
1081079,95978.0,95976.0,18527
1083918,35166.0,96296.0,18535
1079485,16569.0,16559.0,18537
1090025,16569.0,16559.0,18537
1081077,95978.0,35166.0,18545
1081076,95978.0,35166.0,18545
1079501,95978.0,35166.0,18545
1093244,18022.0,26992.0,18564
1079674,17884.0,26922.0,18574
1102454,26939.0,26922.0,18574
1079712,17287.0,17317.0,18586
1090029,14083.0,14023.0,18591
1127180,,15729.0,18604
1083927,16026.0,16033.0,18605
1079837,26310.0,16066.0,18610
1079832,26327.0,26329.0,18613
1079834,26325.0,26327.0,18615
1090311,15422.0,15426.0,18662
1090308,15405.0,15426.0,18662
1080054,15405.0,15426.0,18662
1090286,15422.0,15426.0,18662
1090287,15422.0,15426.0,18662
1090309,15422.0,15426.0,18662
1137184,15405.0,15426.0,18662
1081723,27176.0,18557.0,18666
1202224,27176.0,18525.0,18668
1080063,27176.0,18525.0,18668
1082487,27176.0,18525.0,18668
1202365,27176.0,18525.0,18668
1110763,15480.0,15444.0,18672
1113462,15465.0,15397.0,18673
1082565,15465.0,15397.0,18673
1113447,15424.0,15397.0,18673
1113461,15465.0,15397.0,18673
1105979,15424.0,15397.0,18673
1081867,15424.0,15397.0,18673
1081452,14131.0,14104.0,18703
1081502,14131.0,14104.0,18703
1081471,14131.0,14104.0,18703
1080758,35164.0,95971.0,18706
1080220,35164.0,35163.0,18708
1080225,95968.0,95969.0,18710
1275386,13007.0,439438.0,18718
1121869,1210.0,439438.0,18718
1136221,13258.0,439438.0,18718
1136187,25351.0,439438.0,18718
1183792,20025.0,439438.0,18718
1275389,20025.0,439438.0,18718
1171201,308155.0,439438.0,18718
1137103,13963.0,13994.0,18731
1082691,14119.0,14150.0,18735
1081056,13976.0,13982.0,18746
1081059,13976.0,13982.0,18746
1083661,65257.0,14229.0,18823
1083711,49245.0,14229.0,18823
1082017,49245.0,14229.0,18823
1083662,295355.0,14229.0,18823
1080697,14059.0,14229.0,18823
1083663,14203.0,14229.0,18823
1133693,375937.0,14229.0,18823
1102353,16410.0,26449.0,18838
1101394,26403.0,26449.0,18838
1103087,16517.0,26449.0,18838
1104057,26403.0,26449.0,18838
1080747,16517.0,26449.0,18838
1094458,26403.0,26449.0,18838
1100363,16517.0,26449.0,18838
1102416,16410.0,26449.0,18838
1102384,16410.0,26449.0,18838
1119587,536765.0,536764.0,18839
1119605,536765.0,536764.0,18839
1080765,3635.0,3682.0,18841
1157708,3635.0,3682.0,18841
1157706,3635.0,3682.0,18841
1158841,3635.0,3682.0,18841
1191300,3635.0,3682.0,18841
1157707,3635.0,3682.0,18841
1164696,21333.0,21330.0,18856
1080813,21333.0,21330.0,18856
1157450,21333.0,21330.0,18856
1306774,4671.0,4662.0,18864
1287138,4671.0,4662.0,18864
1287011,4671.0,4662.0,18864
1286998,4671.0,4662.0,18864
1080908,13900.0,13907.0,18877
1082011,14867.0,14922.0,18878
1082023,14941.0,14930.0,18885
1081561,14941.0,14930.0,18885
1081567,14941.0,14930.0,18885
1081601,14941.0,14930.0,18885
1152427,260481.0,3261.0,18960
1082477,14924.0,14907.0,18961
1082479,14924.0,14907.0,18961
1128859,14924.0,14907.0,18961
1082478,14924.0,14907.0,18961
1109866,15794.0,15749.0,18964
1081373,15794.0,15749.0,18964
1099362,15864.0,15846.0,18965
1081464,15379.0,15401.0,18983
1081520,13980.0,13983.0,18996
1081523,13981.0,13983.0,18996
1081528,13984.0,13998.0,18998
1082319,15778.0,15796.0,19007
1144039,70043.0,2346.0,19045
1137067,15839.0,15826.0,19048
1109469,15841.0,15802.0,19056
1109470,15841.0,15802.0,19056
1109452,15841.0,15802.0,19056
1109453,15841.0,15802.0,19056
1082102,15764.0,15784.0,19057
1081778,15751.0,15742.0,19059
1082040,15780.0,15756.0,19060
1117146,221440.0,2476.0,19061
1081789,69090.0,2476.0,19061
1081788,69090.0,2476.0,19061
1149165,14574.0,14550.0,19063
1083901,26283.0,26275.0,19068
1082183,13791.0,13845.0,19089
1092014,13711.0,13845.0,19089
1092061,13711.0,13845.0,19089
1092060,13711.0,13845.0,19089
1090995,13711.0,13845.0,19089
1082506,13791.0,13845.0,19089
1082181,13791.0,13845.0,19089
1188408,18970.0,18956.0,19101
1081938,18956.0,18970.0,19102
1081957,18956.0,18970.0,19102
1185259,18956.0,18970.0,19102
1184925,18951.0,18899.0,19109
1191136,18951.0,18899.0,19109
1081958,18951.0,18899.0,19109
1191135,18951.0,18899.0,19109
1082001,15828.0,15847.0,19122
1082027,15796.0,15778.0,19131
1102857,15750.0,15778.0,19131
1082045,16230.0,16226.0,19138
1102893,16230.0,16226.0,19138
1105392,16230.0,16226.0,19138
1102892,16230.0,16226.0,19138
1105391,16230.0,16226.0,19138
1082141,15751.0,15743.0,19171
1109910,15764.0,15743.0,19171
1082158,,20106.0,19184
1083301,63645.0,101404.0,19185
1083300,63645.0,101404.0,19185
1202111,26990.0,27003.0,19191
1149888,14277.0,14343.0,19199
1090368,14451.0,14477.0,19217
1082249,15973.0,15983.0,19224
1113784,14298.0,25736.0,19226
1082268,15942.0,15943.0,19235
1106048,4402.0,4379.0,19236
1082290,16920.0,26582.0,19243
1082293,15748.0,15789.0,19246
1082295,15748.0,15789.0,19246
1149290,14460.0,14449.0,19257
1149292,14460.0,14449.0,19257
1137350,14460.0,14449.0,19257
1149291,14460.0,14449.0,19257
1082326,15789.0,15829.0,19261
1111043,1559.0,1483.0,19273
1082352,1559.0,1483.0,19273
1082355,1559.0,1483.0,19273
1082383,21925.0,5619.0,19282
1082395,33247.0,33246.0,19288
1166008,21278.0,21272.0,19289
1082428,14944.0,14918.0,19294
1082431,14944.0,14918.0,19294
1082429,14944.0,14918.0,19294
1089582,14944.0,14918.0,19294
1088136,15793.0,33245.0,19295
1082413,15793.0,33245.0,19295
1088137,15793.0,33245.0,19295
1088139,15793.0,33245.0,19295
1083240,26194.0,15805.0,19296
1083242,26194.0,15805.0,19296
1082415,26194.0,15805.0,19296
1083250,26194.0,15805.0,19296
1137183,,3488.0,19308
1105978,15462.0,15454.0,19313
1092716,27028.0,18074.0,19320
1082537,14178.0,14179.0,19332
1133690,14137.0,14176.0,19335
1082566,15465.0,15482.0,19345
1095295,14364.0,14324.0,19348
1145870,14364.0,14324.0,19348
1148946,14364.0,14324.0,19348
1145873,14364.0,14324.0,19348
1133280,99818.0,14994.0,19358
1130670,214722.0,14994.0,19358
1082712,15759.0,15785.0,19379
1287643,9848.0,9949.0,19400
1249802,8615.0,8550.0,19413
1216028,8615.0,8550.0,19413
1250948,8556.0,8550.0,19413
1132074,8556.0,8550.0,19413
1246107,8693.0,8638.0,19415
1215990,8840.0,8638.0,19415
1134831,8693.0,8638.0,19415
1250552,8840.0,8638.0,19415
1134436,8693.0,8638.0,19415
1082801,8693.0,8638.0,19415
1136000,8840.0,8638.0,19415
1210281,12880.0,12825.0,19423
1269226,396.0,52763.0,19436
1135306,15911.0,26227.0,19446
1082838,15911.0,26227.0,19446
1288955,24994.0,12305.0,19467
1088265,,487549.0,19474
1225733,,487549.0,19474
1082895,15791.0,26177.0,19476
1082894,15791.0,26177.0,19476
1084024,15724.0,26177.0,19476
1082893,15791.0,26177.0,19476
1082968,27003.0,27020.0,19481
1083023,18095.0,27020.0,19486
1202112,18068.0,26990.0,19498
1109471,15841.0,15827.0,19503
1185919,18901.0,18955.0,19523
1083147,18847.0,18955.0,19523
1184937,18901.0,18955.0,19523
1185441,18950.0,18955.0,19523
1083141,18950.0,18955.0,19523
1184927,18950.0,18955.0,19523
1184910,18847.0,18955.0,19523
1184913,18847.0,18955.0,19523
1184936,18901.0,18955.0,19523
1184912,18847.0,18955.0,19523
1083146,18847.0,18955.0,19523
1095057,18901.0,18955.0,19523
1185438,18950.0,18955.0,19523
1083140,18950.0,18955.0,19523
1198183,24339.0,24317.0,19527
1198185,24339.0,24317.0,19527
1147525,20618.0,2416.0,19568
1145193,20618.0,2416.0,19568
1147522,20618.0,2416.0,19568
1147530,20618.0,2416.0,19568
1157398,2178.0,20439.0,19582
1153889,2478.0,2384.0,19591
1153887,2478.0,2384.0,19591
1089530,14293.0,14294.0,19593
1111910,14601.0,14536.0,19597
1083314,14601.0,14536.0,19597
1112118,14601.0,14536.0,19597
1083293,14475.0,14504.0,19604
1112161,14475.0,14504.0,19604
1113818,14476.0,25785.0,19606
1083324,25785.0,25832.0,19615
1083359,27031.0,18095.0,19630
1202098,27031.0,18095.0,19630
1083358,27031.0,18095.0,19630
1174437,27265.0,27264.0,19641
1174564,27265.0,27264.0,19641
1174438,27265.0,27264.0,19641
1174565,27265.0,27264.0,19641
1083408,19050.0,27272.0,19653
1168993,19050.0,27272.0,19653
1168799,27268.0,27272.0,19653
1174731,27272.0,19050.0,19654
1174451,19075.0,19089.0,19657
1174419,19089.0,19088.0,19661
1083430,27286.0,27279.0,19663
1169102,27262.0,27263.0,19667
1156647,4038.0,4044.0,19696
1165234,4045.0,4044.0,19696
1165711,4045.0,4044.0,19696
1156649,4038.0,4044.0,19696
1156326,4045.0,4044.0,19696
1083679,14353.0,14325.0,19732
1089830,15340.0,15334.0,19759
1089831,15340.0,15334.0,19759
1089829,15340.0,15334.0,19759
1089898,15340.0,15334.0,19759
1089938,15340.0,15334.0,19759
1115069,13102.0,13110.0,19762
1115070,13102.0,13110.0,19762
1115071,13102.0,13110.0,19762
1106573,26283.0,16028.0,19796
1278656,,16010.0,19797
1089627,14360.0,14339.0,19813
1083981,13482.0,13462.0,19820
1083983,13482.0,13462.0,19820
1083982,13482.0,13462.0,19820
1083984,13469.0,13462.0,19821
1089920,13469.0,13462.0,19821
1089923,13469.0,13462.0,19821
1083985,13469.0,13462.0,19821
1084029,16869.0,16861.0,19834
1084045,344699.0,235840.0,19839
1084092,349643.0,235840.0,19839
1084046,343420.0,235840.0,19839
1084047,349579.0,235840.0,19839
1084093,345325.0,235840.0,19839
1084087,,27284.0,19861
1084101,13537.0,13541.0,19865
1228596,11065.0,11040.0,19902
1221378,11065.0,11040.0,19902
1216979,11022.0,11040.0,19902
1217790,11022.0,11040.0,19902
1228597,11022.0,11040.0,19902
1221377,11065.0,11040.0,19902
1221379,11065.0,11040.0,19902
1216977,11022.0,11040.0,19902
1087766,18725.0,18757.0,19910
1185369,18725.0,18757.0,19910
1185368,18725.0,18757.0,19910
1191040,18725.0,18757.0,19910
1185366,18725.0,18757.0,19910
1306968,8043.0,8101.0,19921
1087785,8043.0,8101.0,19921
1305529,8043.0,8101.0,19921
1087787,13861.0,1917.0,19923
1088024,223676.0,223675.0,19961
1088120,16033.0,16015.0,19982
1088209,14716.0,14674.0,20005
1130673,210564.0,14674.0,20005
1091502,14585.0,14674.0,20005
1091277,14417.0,14419.0,20027
1089917,14772.0,14786.0,20030
1089918,14772.0,14786.0,20030
1220600,18486.0,18492.0,20044
1202472,18486.0,18492.0,20044
1202502,18486.0,18492.0,20044
1090350,14454.0,14544.0,20045
1088365,14347.0,14407.0,20063
1088993,14303.0,14384.0,20085
1089689,14410.0,14296.0,20094
1089688,14308.0,14296.0,20094
1089937,14317.0,14296.0,20094
1090279,26149.0,15648.0,20095
1090628,26149.0,15648.0,20095
1089109,14423.0,14385.0,20132
1088629,25787.0,14589.0,20143
1089827,25787.0,14589.0,20143
1088661,14558.0,14744.0,20156
1088697,14744.0,14763.0,20168
1109282,14719.0,14763.0,20168
1088709,14708.0,14733.0,20170
1088795,349710.0,349711.0,20183
1088813,15051.0,375453.0,20187
1088814,391051.0,375453.0,20187
1108667,17494.0,26746.0,20190
1088828,15138.0,15203.0,20192
1089265,14951.0,2857.0,20195
1090123,14951.0,2857.0,20195
1131341,13549.0,13546.0,20200
1132943,13549.0,13546.0,20200
1088940,14225.0,14240.0,20222
1106561,14225.0,14240.0,20222
1186178,19331.0,19307.0,20234
1088988,19331.0,19307.0,20234
1186180,19300.0,19307.0,20234
1186182,19300.0,19307.0,20234
1186183,19300.0,19307.0,20234
1092225,19300.0,19307.0,20234
1185491,19331.0,19307.0,20234
1174697,19331.0,19307.0,20234
1111508,378251.0,246722.0,20275
1089156,14527.0,31349.0,20280
1167348,18195.0,18311.0,20293
1167351,18195.0,18311.0,20293
1202395,27066.0,18311.0,20293
1154345,27066.0,18311.0,20293
1202394,27066.0,18311.0,20293
1229782,27066.0,18311.0,20293
1183587,27066.0,18311.0,20293
1202278,18195.0,18311.0,20293
1167620,27066.0,18311.0,20293
1089200,18195.0,18311.0,20293
1089253,14577.0,14599.0,20308
1197788,11112.0,24513.0,20313
1089308,322882.0,14997.0,20323
1133691,209276.0,53412.0,20338
1089407,14467.0,14486.0,20351
1114101,14467.0,14486.0,20351
1089412,14435.0,14467.0,20354
1089413,14435.0,14467.0,20354
1112442,14413.0,14374.0,20355
1090100,15084.0,15150.0,20389
1090121,15080.0,15150.0,20389
1145300,15976.0,15987.0,20417
1089823,14148.0,14083.0,20429
1089768,18431.0,18451.0,20436
1167257,18431.0,18451.0,20436
1188254,19566.0,27437.0,20448
1167133,18538.0,18604.0,20450
1105947,15397.0,15417.0,20454
1130672,14720.0,14803.0,20465
1090587,15328.0,15332.0,20468
1091901,400895.0,344907.0,20500
1156708,449147.0,344907.0,20500
1133429,400940.0,344907.0,20500
1090004,390906.0,344907.0,20500
1137986,15284.0,15184.0,20502
1090703,15368.0,15385.0,20570
1090425,15036.0,3035.0,20597
1090427,60780.0,3035.0,20597
1090429,,20961.0,20599
1090484,15389.0,15385.0,20622
1090487,15389.0,15385.0,20622
1090485,16569.0,26473.0,20623
1099331,16569.0,26473.0,20623
1102244,16569.0,26473.0,20623
1102277,16569.0,26473.0,20623
1090491,26691.0,26684.0,20625
1220516,17999.0,17992.0,20645
1220508,26970.0,17999.0,20648
1116403,13110.0,13173.0,20657
1113079,13299.0,13314.0,20670
1116036,13299.0,13314.0,20670
1112698,13299.0,13314.0,20670
1090614,13299.0,13314.0,20670
1113078,13299.0,13314.0,20670
1090617,13217.0,13167.0,20672
1110818,13217.0,13167.0,20672
1110816,13217.0,13167.0,20672
1110754,13217.0,13167.0,20672
1114798,13126.0,13167.0,20672
1090618,13280.0,13244.0,20673
1131231,13280.0,13244.0,20673
1115166,13280.0,13244.0,20673
1116667,13106.0,13160.0,20683
1167917,18591.0,18572.0,20718
1202078,18558.0,18591.0,20719
1202053,18513.0,18591.0,20719
1202080,18558.0,18591.0,20719
1167617,18556.0,18591.0,20719
1167619,18556.0,18591.0,20719
1202048,18513.0,18591.0,20719
1167606,18513.0,18591.0,20719
1167591,18556.0,18591.0,20719
1202081,18558.0,18591.0,20719
1148953,18513.0,18591.0,20719
1202079,18558.0,18591.0,20719
1167588,18556.0,18591.0,20719
1090742,169595.0,18409.0,20722
1275380,64283.0,18549.0,20724
1202051,18515.0,18545.0,20725
1229715,18523.0,18545.0,20725
1167605,18523.0,18545.0,20725
1167607,18523.0,18545.0,20725
1202052,18523.0,18545.0,20725
1167604,18523.0,18545.0,20725
1202050,18515.0,18545.0,20725
1116161,12939.0,12919.0,20734
1116162,12939.0,12919.0,20734
1155927,12939.0,12919.0,20734
1114582,12904.0,12976.0,20735
1136904,12904.0,12976.0,20735
1166952,20846.0,2716.0,20736
1166449,20846.0,2716.0,20736
1166475,20846.0,2716.0,20736
1115512,12808.0,12783.0,20746
1159953,12808.0,12783.0,20746
1115477,12808.0,12783.0,20746
1116126,12920.0,12910.0,20748
1152483,1589.0,1452.0,20757
1115430,1544.0,1452.0,20757
1115507,1443.0,1452.0,20757
1115492,1544.0,1452.0,20757
1114264,1548.0,1452.0,20757
1115464,1501.0,1452.0,20757
1113469,1548.0,1452.0,20757
1114189,1626.0,1452.0,20757
1090821,1501.0,1452.0,20757
1115481,1443.0,1452.0,20757
1115465,1544.0,1452.0,20757
1115462,1544.0,1452.0,20757
1156946,1548.0,1452.0,20757
1115446,1443.0,1452.0,20757
1148898,1548.0,1452.0,20757
1115493,1443.0,1452.0,20757
1115495,1443.0,1452.0,20757
1153089,1628.0,1452.0,20757
1113711,14078.0,14070.0,20783
1113708,14126.0,14091.0,20784
1090911,344443.0,235516.0,20804
1111797,16771.0,16758.0,20823
1111932,25327.0,25338.0,20838
1090981,18283.0,18250.0,20843
1104247,27028.0,18117.0,20872
1091039,27028.0,18117.0,20872
1092791,27028.0,18117.0,20872
1167603,27034.0,27024.0,20886
1091065,18320.0,18357.0,20890
1091074,18352.0,18328.0,20894
1092652,18357.0,18320.0,20902
1128391,27049.0,18106.0,20904
1202270,18093.0,18106.0,20904
1202271,18093.0,18106.0,20904
1138408,26928.0,26920.0,20918
1146378,26928.0,26920.0,20918
1094557,18341.0,18336.0,20953
1094556,18341.0,18336.0,20953
1100076,16381.0,26393.0,21004
1093270,16381.0,26393.0,21004
1101003,16339.0,26393.0,21004
1101043,16339.0,26393.0,21004
1101059,16339.0,26393.0,21004
1101016,16311.0,26393.0,21004
1248337,16311.0,26393.0,21004
1101061,16311.0,26393.0,21004
1102343,16381.0,26393.0,21004
1091325,16381.0,26393.0,21004
1202165,18412.0,18415.0,21007
1130677,18412.0,18405.0,21008
1202167,18412.0,18405.0,21008
1202169,18412.0,18405.0,21008
1186252,18412.0,18405.0,21008
1091348,13566.0,13550.0,21014
1091501,17839.0,16079.0,21050
1247846,,14575.0,21056
1091518,27466.0,27465.0,21057
1092159,18219.0,18302.0,21079
1093365,18338.0,18374.0,21087
1224490,482699.0,1841.0,21110
1112478,1848.0,1841.0,21110
1150742,1843.0,1841.0,21110
1150744,1929.0,1841.0,21110
1091600,1843.0,1841.0,21110
1150718,1929.0,1841.0,21110
1112476,1848.0,1841.0,21110
1103138,26456.0,26464.0,21117
1091662,19388.0,19363.0,21130
1185706,19388.0,19363.0,21130
1202567,26950.0,26979.0,21135
1091670,26950.0,26979.0,21135
1091744,18864.0,18774.0,21159
1184562,18864.0,18774.0,21159
1091732,18864.0,18774.0,21159
1185779,27223.0,18774.0,21159
1184564,18872.0,18774.0,21159
1091733,27223.0,18774.0,21159
1185781,27223.0,18774.0,21159
1185030,18872.0,18774.0,21159
1184563,27223.0,18774.0,21159
1184581,18778.0,18719.0,21175
1185026,18778.0,18719.0,21175
1184580,18778.0,18719.0,21175
1185432,18785.0,27214.0,21176
1167141,18785.0,27214.0,21176
1091798,18785.0,27214.0,21176
1185239,18802.0,18877.0,21177
1185238,18802.0,18877.0,21177
1091799,18802.0,18877.0,21177
1185241,18802.0,18877.0,21177
1185253,18770.0,18877.0,21177
1145311,21363.0,15500.0,21184
1091855,3506.0,15500.0,21184
1091903,3412.0,15500.0,21184
1091852,3412.0,15500.0,21184
1154881,2666.0,2690.0,21185
1143526,2666.0,2690.0,21185
1143580,2666.0,2690.0,21185
1154864,2666.0,2690.0,21185
1143578,2666.0,2690.0,21185
1097547,,130219.0,21198
1184591,19627.0,19625.0,21204
1184592,19627.0,19625.0,21204
1184699,19626.0,19625.0,21204
1184593,19627.0,19625.0,21204
1188353,19586.0,19601.0,21212
1091970,19624.0,19627.0,21216
1185536,38396.0,19623.0,21231
1185737,38396.0,19623.0,21231
1185735,38702.0,19623.0,21231
1185736,38396.0,19623.0,21231
1219344,38702.0,19623.0,21231
1219345,38702.0,19623.0,21231
1185537,38396.0,19623.0,21231
1110247,16582.0,151676.0,21241
1186188,19319.0,19353.0,21246
1092029,19397.0,19374.0,21247
1166367,19394.0,19374.0,21247
1185492,19394.0,19374.0,21247
1186058,19397.0,19395.0,21250
1132264,,19395.0,21250
1092030,27387.0,19420.0,21251
1185243,19411.0,19420.0,21251
1171849,27387.0,19420.0,21251
1186036,19411.0,19420.0,21251
1185244,19411.0,19420.0,21251
1092031,27387.0,19420.0,21251
1291134,27387.0,19420.0,21251
1186037,19411.0,19420.0,21251
1185242,19411.0,19420.0,21251
1156179,20647.0,2408.0,21257
1155082,20647.0,2408.0,21257
1156174,20647.0,2408.0,21257
1154234,2359.0,2408.0,21257
1154283,2359.0,2408.0,21257
1156181,20647.0,2408.0,21257
1155083,20647.0,2408.0,21257
1154285,2359.0,2408.0,21257
1154284,2359.0,2408.0,21257
1150867,21366.0,3536.0,21264
1092090,21366.0,3536.0,21264
1150868,21366.0,3536.0,21264
1150912,21366.0,3536.0,21264
1186100,19528.0,19503.0,21275
1186393,297925.0,19503.0,21275
1185843,297926.0,19503.0,21275
1188382,297922.0,19503.0,21275
1185532,297925.0,19503.0,21275
1185531,297924.0,19503.0,21275
1185594,19462.0,19503.0,21275
1185533,297923.0,19503.0,21275
1188415,297925.0,19503.0,21275
1188416,297925.0,19503.0,21275
1092072,19496.0,19503.0,21275
1171847,19496.0,19503.0,21275
1185845,297926.0,19503.0,21275
1185597,19496.0,19503.0,21275
1185623,297925.0,19503.0,21275
1188385,297922.0,19503.0,21275
1185497,19496.0,19503.0,21275
1188324,297926.0,19503.0,21275
1186099,19528.0,19503.0,21275
1186066,297923.0,19503.0,21275
1186269,297922.0,19503.0,21275
1185946,19432.0,19417.0,21283
1185947,19432.0,19417.0,21283
1092288,25421.0,13474.0,21296
1191057,19145.0,19057.0,21304
1220623,19131.0,19057.0,21304
1184719,19131.0,19057.0,21304
1188361,19145.0,19057.0,21304
1184711,19145.0,19057.0,21304
1188423,19145.0,19057.0,21304
1092148,19131.0,19057.0,21304
1185031,19131.0,19057.0,21304
1220621,19131.0,19057.0,21304
1184709,19145.0,19057.0,21304
1092185,18364.0,18319.0,21319
1186430,19259.0,19260.0,21329
1186162,19226.0,19259.0,21330
1128958,19212.0,19213.0,21331
1218811,19212.0,19213.0,21331
1186459,19401.0,19429.0,21340
1186460,19401.0,19429.0,21340
1185971,19401.0,19429.0,21340
1092227,19401.0,19429.0,21340
1111576,25411.0,25420.0,21343
1186217,19239.0,27317.0,21346
1185234,19335.0,19358.0,21347
1092262,19335.0,19358.0,21347
1185222,19335.0,19358.0,21347
1185237,19335.0,19358.0,21347
1185223,94693.0,19358.0,21347
1184556,19335.0,19358.0,21347
1184608,27341.0,19366.0,21353
1184609,27341.0,19366.0,21353
1117095,19415.0,19366.0,21353
1092272,27341.0,19366.0,21353
1092274,19415.0,19366.0,21353
1184606,27341.0,19366.0,21353
1117097,27341.0,19366.0,21353
1184607,19415.0,19403.0,21354
1184613,19415.0,19403.0,21354
1184599,19415.0,19403.0,21354
1092275,19415.0,19403.0,21354
1184598,19415.0,19403.0,21354
1092367,26925.0,26923.0,21381
1102915,26362.0,26363.0,21391
1092407,176955.0,17574.0,21401
1184510,19541.0,19525.0,21405
1281787,19541.0,19525.0,21405
1186409,19558.0,19549.0,21407
1186408,19558.0,19549.0,21407
1186343,19553.0,19558.0,21408
1186004,19543.0,27426.0,21409
1186003,19543.0,27426.0,21409
1185981,19539.0,27426.0,21409
1185982,27425.0,19543.0,21410
1184958,27425.0,19543.0,21410
1185724,19559.0,19538.0,21412
1185499,19542.0,19521.0,21414
1092432,19542.0,19521.0,21414
1145398,2580.0,2572.0,21418
1145404,2580.0,2572.0,21418
1153883,2251.0,425292.0,21421
1092464,18356.0,18341.0,21431
1137420,18356.0,18341.0,21431
1092542,25520.0,13749.0,21460
1104199,25520.0,13749.0,21460
1112842,25520.0,13749.0,21460
1104201,25520.0,13749.0,21460
1092578,25251.0,25263.0,21473
1092617,26866.0,17780.0,21482
1094693,16149.0,16176.0,21504
1094628,16149.0,16176.0,21504
1092745,16149.0,16176.0,21504
1094629,16149.0,16176.0,21504
1185275,19642.0,19640.0,21515
1092844,26251.0,26268.0,21566
1093931,18332.0,18361.0,21568
1150789,3726.0,21444.0,21576
1149384,3726.0,21444.0,21576
1092871,3726.0,21444.0,21576
1150488,21445.0,21444.0,21576
1145950,3726.0,21444.0,21576
1150788,3726.0,21444.0,21576
1145951,3726.0,21444.0,21576
1145231,15950.0,15976.0,21577
1257422,,17101.0,21626
1100624,17143.0,17120.0,21635
1093093,17120.0,17143.0,21636
1115643,12984.0,12972.0,21667
1093220,12984.0,12972.0,21667
1115641,12984.0,12972.0,21667
1115642,12984.0,12972.0,21667
1121063,13060.0,13138.0,21668
1115654,25318.0,25326.0,21673
1093261,17562.0,17544.0,21675
1191238,17234.0,17274.0,21704
1155800,17234.0,17274.0,21704
1202137,19326.0,19284.0,21710
1185204,19326.0,19284.0,21710
1185195,19210.0,19284.0,21710
1185197,19210.0,19284.0,21710
1202134,19326.0,19284.0,21710
1185196,19210.0,19284.0,21710
1186191,19326.0,19284.0,21710
1093360,19284.0,19253.0,21711
1185188,19003.0,19077.0,21713
1185186,19037.0,19077.0,21713
1186298,19037.0,19077.0,21713
1186275,19003.0,19077.0,21713
1093376,18204.0,18232.0,21716
1093384,18203.0,18232.0,21716
1093375,18204.0,18232.0,21716
1155934,18203.0,18232.0,21716
1093381,18145.0,18172.0,21719
1100057,18145.0,18172.0,21719
1099483,17582.0,17606.0,21724
1099475,17582.0,17606.0,21724
1100118,17509.0,17486.0,21738
1093456,18283.0,18295.0,21740
1093636,17595.0,17614.0,21759
1099208,17555.0,26755.0,21767
1093656,16516.0,16522.0,21791
1093659,16516.0,16522.0,21791
1093736,17852.0,17815.0,21809
1102089,16532.0,16575.0,21810
1093797,17686.0,17660.0,21813
1104437,26925.0,26923.0,21829
1094584,26881.0,17833.0,21830
1093870,18361.0,18332.0,21853
1099631,17843.0,17861.0,21859
1113660,26727.0,17386.0,21884
1094035,26727.0,17386.0,21884
1106194,26727.0,17386.0,21884
1102950,26502.0,16600.0,21895
1099320,26500.0,16600.0,21895
1102963,16608.0,16600.0,21895
1099278,26500.0,16600.0,21895
1094075,26500.0,16600.0,21895
1094073,26500.0,16600.0,21895
1171799,16608.0,16600.0,21895
1102964,16608.0,16600.0,21895
1110192,26502.0,16600.0,21895
1099321,26500.0,16600.0,21895
1102960,26502.0,16600.0,21895
1102959,26502.0,16600.0,21895
1154732,16930.0,16946.0,21904
1111762,18290.0,18234.0,21913
1094164,18174.0,18290.0,21914
1257390,,16768.0,21920
1094294,16860.0,16909.0,21939
1094487,16897.0,16869.0,21988
1094519,375812.0,375816.0,22009
1094516,375812.0,375816.0,22009
1094718,26718.0,26709.0,22073
1094722,26722.0,26718.0,22074
1101345,26723.0,17394.0,22083
1176535,11468.0,11490.0,22129
1095114,375025.0,120939.0,22131
1096000,390699.0,396060.0,22153
1110144,14092.0,14057.0,22157
1106252,19269.0,5210.0,22173
1112150,19290.0,5210.0,22173
1106219,19290.0,5210.0,22173
1106218,19290.0,5210.0,22173
1106253,19269.0,5210.0,22173
1282689,19464.0,19512.0,22199
1134789,23392.0,8774.0,22204
1269270,9048.0,8774.0,22204
1267726,8926.0,8774.0,22204
1266907,8926.0,8774.0,22204
1095293,9117.0,8774.0,22204
1225018,8976.0,8774.0,22204
1225051,9117.0,8774.0,22204
1267549,23582.0,8774.0,22204
1267900,9014.0,8774.0,22204
1269453,9117.0,8774.0,22204
1302187,9048.0,8774.0,22204
1267845,9014.0,8774.0,22204
1269124,9002.0,8774.0,22204
1225050,8986.0,8774.0,22204
1267844,8986.0,8774.0,22204
1267489,23348.0,8774.0,22204
1271709,8948.0,8774.0,22204
1267903,9026.0,8774.0,22204
1271708,8948.0,8774.0,22204
1266186,9026.0,8774.0,22204
1267490,23348.0,8774.0,22204
1136024,23392.0,8774.0,22204
1225019,8926.0,8774.0,22204
1269125,9002.0,8774.0,22204
1267548,23582.0,8774.0,22204
1266910,9048.0,8774.0,22204
1267855,8869.0,8774.0,22204
1267901,8986.0,8774.0,22204
1271707,8958.0,8774.0,22204
1269123,9002.0,8774.0,22204
1132492,391359.0,391357.0,22261
1288561,188484.0,188480.0,22269
1288562,188485.0,188480.0,22269
1135838,,396222.0,22276
1180084,12590.0,12464.0,22280
1180111,12508.0,12464.0,22280
1166150,12590.0,12464.0,22280
1166149,377611.0,12464.0,22280
1180109,12508.0,12464.0,22280
1221726,,12464.0,22280
1096360,377611.0,12464.0,22280
1095528,12508.0,12464.0,22280
1180641,26317.0,16064.0,22315
1137506,11928.0,11940.0,22330
1113158,13168.0,13247.0,22331
1112654,13168.0,13247.0,22331
1289341,6863.0,6927.0,22339
1282099,6863.0,6927.0,22339
1289346,22532.0,6927.0,22339
1282100,6863.0,6927.0,22339
1289849,6836.0,6927.0,22339
1282097,6863.0,6927.0,22339
1289342,22532.0,6927.0,22339
1289344,46043.0,6927.0,22339
1282053,6836.0,6927.0,22339
1282098,6863.0,6927.0,22339
1289343,22532.0,6927.0,22339
1095691,126381.0,6927.0,22339
1289339,22532.0,6927.0,22339
1289340,22532.0,6927.0,22339
1289394,22532.0,6927.0,22339
1282054,6836.0,6927.0,22339
1095731,190079.0,19285.0,22354
1095735,18944.0,18922.0,22355
1095734,18944.0,18922.0,22355
1202859,18944.0,18922.0,22355
1186031,18944.0,18922.0,22355
1096827,396077.0,396078.0,22370
1095805,2409.0,20549.0,22375
1096567,391361.0,391360.0,22376
1128933,383788.0,383787.0,22414
1133262,383790.0,383787.0,22414
1286697,12074.0,24888.0,22419
1273541,37736.0,24888.0,22419
1273540,24939.0,24888.0,22419
1273905,24961.0,24888.0,22419
1273542,24939.0,24888.0,22419
1273831,24931.0,24888.0,22419
1273539,24939.0,24888.0,22419
1095977,12074.0,24888.0,22419
1288529,12074.0,24888.0,22419
1198144,10667.0,24320.0,22436
1197790,10667.0,24320.0,22436
1178651,21210.0,21186.0,22437
1096098,391438.0,391439.0,22438
1096099,391438.0,391439.0,22438
1096097,391438.0,391439.0,22438
1096100,391438.0,391439.0,22438
1096150,391437.0,391439.0,22438
1096145,391439.0,391437.0,22444
1119059,10750.0,429852.0,22448
1190431,,501885.0,22455
1096184,453948.0,501885.0,22455
1097104,405755.0,501885.0,22455
1175449,11678.0,11826.0,22456
1175448,11725.0,11826.0,22456
1195005,11725.0,11826.0,22456
1175398,56617.0,11826.0,22456
1096191,11678.0,11826.0,22456
1175451,11678.0,11826.0,22456
1175450,11678.0,11826.0,22456
1096208,110384.0,458683.0,22465
1119016,110384.0,458683.0,22465
1118612,396082.0,396084.0,22471
1097193,,391152.0,22483
1133253,391151.0,391152.0,22483
1286595,160958.0,7237.0,22485
1096314,160958.0,7237.0,22485
1286564,79005.0,7237.0,22485
1286596,160956.0,7237.0,22485
1289251,7221.0,7237.0,22485
1286634,160959.0,7237.0,22485
1286632,160959.0,7237.0,22485
1286580,160957.0,7237.0,22485
1289252,7221.0,7237.0,22485
1286582,160957.0,7237.0,22485
1309074,7221.0,7237.0,22485
1286581,160957.0,7237.0,22485
1286563,160959.0,7237.0,22485
1286579,160957.0,7237.0,22485
1209502,10226.0,15032.0,22488
1190760,2977.0,15032.0,22488
1190758,2977.0,15032.0,22488
1124384,2431.0,2452.0,22499
1179794,350097.0,345003.0,22506
1097466,344363.0,345003.0,22506
1240142,506636.0,506637.0,22507
1179762,280008.0,280007.0,22517
1179986,280009.0,280007.0,22517
1179760,280008.0,280007.0,22517
1096481,280008.0,280007.0,22517
1179761,280008.0,280007.0,22517
1179991,280009.0,280007.0,22517
1096616,449116.0,449115.0,22526
1096598,449116.0,449115.0,22526
1096615,449116.0,449115.0,22526
1282363,10378.0,449115.0,22526
1096549,449116.0,449115.0,22526
1096955,449117.0,449115.0,22526
1096546,449117.0,449115.0,22526
1096956,449117.0,449115.0,22526
1096953,449117.0,449115.0,22526
1096566,8122.0,8090.0,22534
1096620,8122.0,8090.0,22534
1096603,434689.0,39003.0,22538
1307266,321916.0,39003.0,22538
1137801,706882.0,378465.0,22540
1183770,280966.0,24453.0,22543
1232993,,536699.0,22546
1096654,,536699.0,22546
1096664,24477.0,24464.0,22553
1216762,24477.0,24464.0,22553
1096681,24477.0,24464.0,22553
1216761,24477.0,24464.0,22553
1200738,12621.0,25076.0,22557
1202024,12621.0,25076.0,22557
1200741,12621.0,25076.0,22557
1200739,12621.0,25076.0,22557
1202022,12621.0,25076.0,22557
1272289,10270.0,10237.0,22560
1272287,10270.0,10237.0,22560
1269628,10270.0,10237.0,22560
1269629,10270.0,10237.0,22560
1199153,12380.0,12375.0,22563
1250791,210882.0,123190.0,22568
1216068,210882.0,123190.0,22568
1124104,25404.0,13391.0,22569
1124540,25404.0,13391.0,22569
1201188,23743.0,9580.0,22578
1197551,23743.0,9580.0,22578
1228294,23743.0,9580.0,22578
1201186,23740.0,9580.0,22578
1200535,24398.0,10873.0,22582
1096730,11533.0,11522.0,22591
1096859,364828.0,10737.0,22617
1191133,19643.0,19638.0,22631
1191131,19643.0,19638.0,22631
1191132,19643.0,19638.0,22631
1301075,22286.0,22270.0,22648
1301436,22286.0,22270.0,22648
1301074,22286.0,22270.0,22648
1301435,22286.0,22270.0,22648
1096912,18556.0,18570.0,22655
1190515,94372.0,140799.0,22657
1190520,94372.0,140799.0,22657
1190521,94372.0,140799.0,22657
1190516,94372.0,140799.0,22657
1187488,85734.0,21485.0,22660
1153113,299835.0,21485.0,22660
1096921,257602.0,21485.0,22660
1166191,21461.0,21485.0,22660
1164057,85734.0,21485.0,22660
1208241,24575.0,11288.0,22663
1208553,11291.0,11288.0,22663
1097110,425036.0,425035.0,22685
1232483,,535979.0,22686
1097124,,535979.0,22686
1232507,,535979.0,22686
1233004,,535979.0,22686
1232497,,444308.0,22687
1232554,,535484.0,22688
1232516,535485.0,535484.0,22688
1097125,,535484.0,22688
1232517,535485.0,535484.0,22688
1232488,,536372.0,22690
1097208,,536190.0,22694
1097145,,536190.0,22694
1232476,,391276.0,22704
1179888,,477901.0,22705
1097185,9673.0,9664.0,22706
1110876,473019.0,477900.0,22708
1277457,473019.0,477900.0,22708
1277459,473019.0,477900.0,22708
1232503,,536187.0,22715
1232964,,536187.0,22715
1232555,,536187.0,22715
1181381,214717.0,214715.0,22717
1181372,214717.0,214715.0,22717
1178350,214716.0,214715.0,22717
1232533,,389930.0,22738
1307468,8291.0,8230.0,22752
1307462,8291.0,8230.0,22752
1307466,8291.0,8230.0,22752
1307467,8291.0,8230.0,22752
1158381,252795.0,252796.0,22753
1158379,252795.0,252796.0,22753
1171256,252795.0,252796.0,22753
1203458,252795.0,252796.0,22753
1207021,25476.0,25470.0,22770
1279844,16359.0,16386.0,22771
1274565,26424.0,16386.0,22771
1281926,16415.0,16386.0,22771
1299137,16361.0,16386.0,22771
1299136,16361.0,16386.0,22771
1305384,16359.0,16386.0,22771
1280198,26424.0,16386.0,22771
1305669,26424.0,16386.0,22771
1097539,26424.0,16386.0,22771
1281909,16374.0,16386.0,22771
1281928,16415.0,16386.0,22771
1134580,26424.0,16386.0,22771
1307144,16361.0,16386.0,22771
1226363,16359.0,16386.0,22771
1279841,16359.0,16386.0,22771
1299134,16415.0,16386.0,22771
1279206,16361.0,16386.0,22771
1301130,22501.0,6905.0,22818
1133375,22501.0,6905.0,22818
1097665,22501.0,6905.0,22818
1301147,22501.0,6905.0,22818
1301163,22501.0,6905.0,22818
1270072,10126.0,10108.0,22836
1270071,24030.0,10108.0,22836
1271902,10157.0,10108.0,22836
1270073,10142.0,10108.0,22836
1286767,7731.0,7645.0,22839
1287110,7731.0,7645.0,22839
1280533,7731.0,7645.0,22839
1287108,7731.0,7645.0,22839
1288989,25308.0,25235.0,22858
1098282,25271.0,25235.0,22858
1288988,25271.0,25235.0,22858
1098531,,12152.0,22860
1133026,16867.0,4477.0,22861
1199774,23728.0,9467.0,22881
1107858,23679.0,9467.0,22881
1199784,9554.0,9467.0,22881
1201237,23727.0,9467.0,22881
1199867,23727.0,9467.0,22881
1098585,23680.0,9467.0,22881
1164089,377980.0,377979.0,22894
1187989,191679.0,377979.0,22894
1191065,377982.0,377979.0,22894
1239146,453996.0,377979.0,22894
1190007,377983.0,377979.0,22894
1220341,383835.0,377979.0,22894
1189986,26220.0,377979.0,22894
1190009,377983.0,377979.0,22894
1219599,383836.0,377979.0,22894
1107841,191678.0,377979.0,22894
1302337,22583.0,7122.0,22896
1098913,6307.0,6294.0,22898
1098932,21390.0,425182.0,22908
1107836,434624.0,425182.0,22908
1132748,95964.0,425182.0,22908
1138310,405727.0,425182.0,22908
1184729,26167.0,425182.0,22908
1184726,26167.0,425182.0,22908
1127853,405723.0,425182.0,22908
1184728,26167.0,425182.0,22908
1189091,425183.0,425182.0,22908
1189729,4391.0,4411.0,22933
1099261,71649.0,71653.0,22965
1282527,26634.0,26660.0,22974
1111938,5158.0,5173.0,22997
1109890,5130.0,5127.0,23009
1109888,5130.0,5127.0,23009
1111033,5130.0,5127.0,23009
1111144,5130.0,5127.0,23009
1111028,5130.0,5127.0,23009
1111034,5130.0,5127.0,23009
1099523,13025.0,13076.0,23033
1099552,96924.0,102694.0,23042
1113662,26727.0,26713.0,23045
1127373,537069.0,537072.0,23060
1099829,17314.0,17315.0,23102
1121104,26497.0,26510.0,23115
1113919,13560.0,13589.0,23118
1113792,13580.0,13589.0,23118
1099905,25480.0,13589.0,23118
1113793,13580.0,13589.0,23118
1113763,13580.0,13589.0,23118
1113917,13560.0,13589.0,23118
1099903,13580.0,13589.0,23118
1114825,13560.0,13589.0,23118
1115215,13545.0,13589.0,23118
1115199,13545.0,13589.0,23118
1115213,13545.0,13589.0,23118
1115212,13545.0,13589.0,23118
1148170,13580.0,13589.0,23118
1106050,26713.0,26727.0,23146
1106095,17328.0,26724.0,23147
1100201,16349.0,26386.0,23169
1100200,16349.0,26386.0,23169
1100184,16349.0,26386.0,23169
1100183,16349.0,26386.0,23169
1100144,16349.0,26386.0,23169
1100198,16349.0,26386.0,23169
1100145,16349.0,26386.0,23169
1100260,16655.0,16644.0,23193
1110155,17039.0,17037.0,23196
1110152,17039.0,17037.0,23196
1100292,16998.0,16962.0,23199
1100287,16998.0,16962.0,23199
1100291,16998.0,16962.0,23199
1100298,16998.0,17015.0,23202
1100279,16998.0,17015.0,23202
1100284,17037.0,17015.0,23202
1100285,17037.0,17015.0,23202
1100283,17037.0,17015.0,23202
1100290,16998.0,17015.0,23204
1106233,16998.0,17015.0,23204
1100306,16998.0,17015.0,23204
1110205,17039.0,17037.0,23205
1112119,17039.0,17037.0,23205
1110154,17039.0,17037.0,23205
1113805,17015.0,16998.0,23206
1100302,17037.0,17015.0,23207
1100312,17037.0,17015.0,23207
1100304,17037.0,17015.0,23207
1100317,16998.0,16962.0,23209
1154796,26696.0,17225.0,23228
1103076,17188.0,17225.0,23229
1103077,17188.0,17180.0,23230
1103074,17188.0,17180.0,23230
1103142,26464.0,26470.0,23245
1100427,26474.0,26470.0,23245
1103169,26475.0,26470.0,23245
1138396,12769.0,12818.0,23270
1200734,12769.0,12818.0,23270
1200204,12840.0,12818.0,23270
1204997,12840.0,12818.0,23270
1200953,12840.0,12818.0,23270
1200704,12769.0,12818.0,23270
1200198,12769.0,12818.0,23270
1200203,12840.0,12818.0,23270
1121103,17027.0,17056.0,23278
1100772,16433.0,16425.0,23327
1100756,16433.0,16425.0,23327
1100757,16433.0,16425.0,23327
1102654,16433.0,16425.0,23327
1102656,16433.0,16425.0,23327
1100755,16433.0,16425.0,23327
1103408,16697.0,16682.0,23400
1110271,16958.0,16982.0,23402
1110270,16958.0,16982.0,23402
1104465,16958.0,16982.0,23402
1105956,16995.0,16982.0,23403
1110249,16958.0,16982.0,23404
1105955,16995.0,16982.0,23404
1104801,16995.0,16982.0,23404
1110250,16958.0,16982.0,23404
1110251,16958.0,16982.0,23404
1105920,16995.0,16982.0,23404
1111866,16679.0,16663.0,23412
1101192,37734.0,37733.0,23422
1233000,,506645.0,23487
1101528,16640.0,506645.0,23487
1276496,13930.0,13965.0,23506
1101704,264640.0,26949.0,23517
1277325,1785.0,1820.0,23523
1287793,13107.0,13183.0,23554
1287703,25376.0,13183.0,23554
1288484,13037.0,13183.0,23554
1288470,13037.0,13183.0,23554
1287788,13107.0,13183.0,23554
1287699,25376.0,13183.0,23554
1288468,13123.0,13183.0,23554
1287713,25344.0,13183.0,23554
1101846,389915.0,13183.0,23554
1287710,25379.0,13183.0,23554
1287707,25379.0,13183.0,23554
1287704,25376.0,13183.0,23554
1287712,25344.0,13183.0,23554
1287790,13107.0,13183.0,23554
1287702,25379.0,13183.0,23554
1101933,26339.0,16128.0,23565
1101944,16128.0,16124.0,23566
1101942,16128.0,16124.0,23566
1101869,16128.0,16124.0,23566
1130786,16128.0,16124.0,23566
1101945,16128.0,16124.0,23566
1101902,17843.0,17819.0,23575
1170520,10685.0,24378.0,23652
1170500,24393.0,24378.0,23652
1196274,24393.0,24378.0,23652
1102266,4336.0,4322.0,23672
1103900,4336.0,4322.0,23672
1103899,4336.0,4322.0,23672
1102269,4336.0,4322.0,23672
1102271,16923.0,16961.0,23679
1105504,16433.0,16425.0,23733
1105502,16433.0,16425.0,23733
1102573,16433.0,16425.0,23733
1102701,16433.0,16425.0,23733
1105503,16433.0,16425.0,23733
1102572,16433.0,16425.0,23733
1137755,535999.0,536000.0,23741
1102637,16425.0,16433.0,23747
1102699,16425.0,16433.0,23747
1102700,16425.0,16433.0,23747
1102698,16425.0,16433.0,23747
1102636,16425.0,16433.0,23747
1102635,16425.0,16433.0,23747
1103906,16385.0,16349.0,23749
1103182,16349.0,16385.0,23753
1103185,16349.0,16385.0,23753
1103147,16349.0,16385.0,23753
1103936,16349.0,16385.0,23753
1102852,26569.0,26565.0,23790
1102894,26569.0,26565.0,23790
1102897,26569.0,26565.0,23790
1102895,26569.0,26565.0,23790
1102896,26569.0,26565.0,23790
1103062,17186.0,17172.0,23811
1103097,17180.0,17172.0,23811
1103043,18016.0,26968.0,23817
1202145,18016.0,26968.0,23817
1202208,17992.0,26968.0,23817
1103071,16157.0,16197.0,23818
1103070,16157.0,16197.0,23818
1103101,26601.0,16999.0,23819
1103078,26662.0,26670.0,23825
1109401,17225.0,26696.0,23826
1106452,26696.0,17239.0,23827
1113673,26594.0,26601.0,23831
1113668,26594.0,26601.0,23831
1103113,140795.0,140490.0,23836
1103111,140795.0,140490.0,23836
1103194,26474.0,26475.0,23842
1110681,16993.0,245115.0,23854
1103290,14697.0,14679.0,23868
1111890,25832.0,14697.0,23869
1111581,25832.0,14697.0,23869
1111891,14679.0,14697.0,23869
1106382,16644.0,16637.0,23901
1103617,17349.0,17360.0,23950
1103614,17349.0,17360.0,23950
1137105,17305.0,17328.0,23951
1103656,17305.0,17328.0,23951
1110186,17345.0,17349.0,23964
1111378,17414.0,17423.0,23968
1103675,26724.0,17414.0,23969
1103840,26364.0,16171.0,23989
1103909,16385.0,16349.0,24014
1104029,4321.0,4328.0,24039
1257575,,4328.0,24039
1104684,4321.0,4328.0,24039
1130967,4321.0,4328.0,24039
1104685,4321.0,4328.0,24039
1112186,4321.0,4328.0,24039
1104026,4321.0,4328.0,24039
1309164,141.0,122.0,24067
1297562,132.0,122.0,24067
1136168,96.0,122.0,24067
1104365,16913.0,59483.0,24103
1109075,26584.0,16913.0,24104
1109074,26584.0,16913.0,24104
1109070,16971.0,16928.0,24111
1109037,16971.0,16928.0,24111
1104383,16971.0,16928.0,24111
1109006,16928.0,16971.0,24127
1109069,16928.0,16971.0,24127
1109005,16928.0,16971.0,24127
1104451,16958.0,16947.0,24130
1104453,16958.0,16947.0,24130
1110266,16958.0,16947.0,24130
1108844,16958.0,16947.0,24134
1108846,16958.0,16947.0,24134
1108845,16958.0,16947.0,24134
1104482,25655.0,14166.0,24143
1111080,14651.0,14719.0,24157
1111068,14651.0,14719.0,24157
1104526,14651.0,14719.0,24157
1111447,5137.0,5155.0,24160
1111446,5137.0,5155.0,24160
1104545,425211.0,18217.0,24161
1109813,14268.0,14241.0,24223
1109826,14268.0,14241.0,24223
1109815,14268.0,14241.0,24223
1104745,246722.0,3519.0,24228
1136723,13092.0,12973.0,24253
1104796,13092.0,12973.0,24253
1121065,396191.0,13276.0,24258
1109321,17373.0,17346.0,24306
1108958,17347.0,17322.0,24307
1105035,17347.0,17322.0,24307
1108938,17298.0,17322.0,24307
1105037,17346.0,17347.0,24308
1105066,17373.0,26697.0,24312
1108971,26689.0,26697.0,24312
1108928,17303.0,17298.0,24313
1108929,17303.0,17298.0,24313
1108909,17298.0,17250.0,24314
1105351,16230.0,16226.0,24372
1105353,16230.0,16226.0,24372
1105352,16230.0,16226.0,24372
1105350,16230.0,16226.0,24372
1105394,16230.0,16226.0,24372
1105602,14015.0,14051.0,24424
1145065,25814.0,25784.0,24427
1145040,25784.0,14525.0,24428
1145039,25784.0,14525.0,24428
1111319,18154.0,18129.0,24446
1111002,18116.0,18129.0,24446
1107845,224640.0,17639.0,24449
1133342,15533.0,15504.0,24468
1105738,1676.0,1679.0,24476
1105762,5153.0,5160.0,24479
1105765,5153.0,5160.0,24479
1138160,17387.0,17368.0,24480
1105758,4269.0,4311.0,24482
1106032,4269.0,4311.0,24482
1105991,4269.0,4311.0,24482
1171203,4545.0,4535.0,24496
1113854,16971.0,16995.0,24513
1105908,16971.0,16995.0,24513
1105964,16971.0,16995.0,24513
1105975,16995.0,16982.0,24519
1105974,16995.0,16982.0,24519
1105954,16995.0,16982.0,24519
1110984,21789.0,21793.0,24545
1128581,21789.0,21793.0,24545
1110987,21789.0,21793.0,24545
1114171,14569.0,14535.0,24559
1113899,5189.0,21785.0,24571
1115582,17444.0,17445.0,24572
1110436,16971.0,17001.0,24574
1106230,26612.0,17001.0,24574
1110469,26612.0,17001.0,24574
1110438,16971.0,17001.0,24574
1110468,26612.0,17001.0,24574
1110443,16971.0,17001.0,24574
1110503,26612.0,17001.0,24574
1110494,17001.0,16971.0,24577
1110495,17001.0,16971.0,24577
1110442,17001.0,16971.0,24577
1110536,16962.0,16963.0,24579
1110539,16962.0,16963.0,24579
1110618,16962.0,16963.0,24579
1110968,4990.0,4980.0,24593
1109634,5093.0,370430.0,24610
1109635,5093.0,370430.0,24610
1142391,272967.0,16902.0,24643
1205624,2377.0,2282.0,24653
1205641,2360.0,2282.0,24653
1205625,2377.0,2282.0,24653
1205680,2289.0,2282.0,24653
1205640,2360.0,2282.0,24653
1205684,2377.0,2282.0,24653
1205642,2360.0,2282.0,24653
1205683,2289.0,2282.0,24653
1132758,17169.0,26686.0,24668
1108982,17233.0,26686.0,24668
1107875,17179.0,26686.0,24668
1107888,1852.0,1830.0,24673
1188719,4288.0,4235.0,24674
1183665,117100.0,4235.0,24674
1175067,4288.0,4235.0,24674
1175066,4288.0,4235.0,24674
1176606,3114.0,3090.0,24686
1187314,15779.0,15809.0,24690
1203099,19243.0,19217.0,24698
1108598,19201.0,19217.0,24698
1203100,19243.0,19217.0,24698
1203070,19243.0,19217.0,24698
1203101,19243.0,19217.0,24698
1171455,1168.0,84778.0,24705
1108681,17489.0,26789.0,24711
1108614,17489.0,26789.0,24711
1108615,26752.0,26789.0,24711
1108613,26752.0,26789.0,24711
1108612,345227.0,26789.0,24711
1108661,26752.0,26789.0,24711
1113972,26850.0,17737.0,24730
1113929,26850.0,17737.0,24730
1113974,26850.0,17737.0,24730
1110445,17033.0,26612.0,24731
1110444,17033.0,26612.0,24731
1110446,17033.0,26612.0,24731
1108692,26809.0,26778.0,24734
1108975,17298.0,17266.0,24801
1108931,17321.0,17303.0,24804
1108944,17373.0,17321.0,24808
1108946,17346.0,17373.0,24809
1108985,17346.0,17373.0,24809
1108994,17275.0,17282.0,24816
1109882,15794.0,15749.0,24817
1109898,15794.0,15749.0,24817
1109901,15799.0,15783.0,24818
1143820,18825.0,18827.0,24819
1109834,18825.0,18827.0,24819
1114120,13803.0,18827.0,24819
1108995,5095.0,18812.0,24820
1109000,17236.0,17219.0,24821
1109003,17236.0,17219.0,24821
1112142,27104.0,27102.0,24851
1109932,4499.0,4448.0,24855
1109933,4499.0,4448.0,24855
1109117,14792.0,14802.0,24857
1109280,14734.0,14792.0,24858
1109202,14734.0,14792.0,24858
1109178,18131.0,27069.0,24859
1109179,18131.0,27069.0,24859
1111316,14802.0,14787.0,24860
1138563,14802.0,14787.0,24860
1111317,14802.0,14787.0,24860
1110386,18191.0,18184.0,24870
1111021,14683.0,14602.0,24878
1111018,14683.0,14602.0,24878
1109260,14683.0,14602.0,24878
1109262,14683.0,14734.0,24881
1109261,14683.0,14734.0,24881
1109317,13695.0,13715.0,24895
1109316,13695.0,13715.0,24895
1110241,4712.0,4711.0,24902
1109390,86364.0,5212.0,24918
1171715,86364.0,5212.0,24918
1135863,40931.0,5041.0,24922
1111245,5088.0,5091.0,24927
1111244,5088.0,5091.0,24927
1109475,15869.0,15859.0,24929
1113791,25829.0,25828.0,24971
1113773,25829.0,25828.0,24971
1113789,25829.0,25828.0,24971
1113790,25829.0,14652.0,24972
1116387,25829.0,14652.0,24972
1116338,25829.0,14652.0,24972
1109830,14341.0,14268.0,24988
1109782,14341.0,14268.0,24988
1109828,14486.0,14268.0,24988
1143818,18827.0,5108.0,24991
1111929,18929.0,5114.0,24994
1109814,18812.0,18825.0,24999
1116996,13128.0,13105.0,25000
1111613,13767.0,13758.0,25005
1109874,18695.0,27199.0,25013
1110163,21779.0,5145.0,25018
1111197,21779.0,5145.0,25018
1111199,21779.0,5145.0,25018
1111196,21779.0,5145.0,25018
1257693,,177915.0,25022
1110018,27081.0,18146.0,25033
1110029,27081.0,18146.0,25033
1110030,27081.0,18146.0,25033
1110640,18113.0,18123.0,25034
1110642,18113.0,18123.0,25034
1110666,18146.0,18123.0,25034
1109969,18146.0,18123.0,25034
1110641,18113.0,18123.0,25034
1110432,18159.0,27058.0,25042
1110002,18159.0,27058.0,25042
1114763,25412.0,25413.0,25093
1112869,12781.0,25221.0,25098
1112140,18270.0,18266.0,25115
1110920,18173.0,27089.0,25119
1110974,18173.0,27089.0,25119
1142784,18173.0,18235.0,25123
1110520,17018.0,16995.0,25139
1110521,17018.0,16995.0,25139
1110452,17018.0,16995.0,25139
1110484,26612.0,17033.0,25140
1110486,26612.0,17033.0,25140
1110455,26612.0,17033.0,25140
1110456,15013.0,14822.0,25141
1233887,425195.0,14822.0,25141
1206309,15013.0,14822.0,25141
1110491,17018.0,17033.0,25143
1110519,17018.0,17033.0,25143
1113852,17018.0,17033.0,25143
1110474,17018.0,16995.0,25146
1110473,17018.0,16995.0,25146
1110510,17018.0,16995.0,25146
1110506,17033.0,17018.0,25150
1110490,17033.0,17018.0,25150
1110489,17033.0,17018.0,25150
1111977,13479.0,13444.0,25151
1110600,16962.0,16963.0,25157
1110533,16962.0,16963.0,25157
1110599,16962.0,16963.0,25157
1110544,17399.0,17427.0,25159
1110546,17427.0,17425.0,25160
1110573,14646.0,25830.0,25166
1111912,14646.0,25830.0,25166
1110701,14416.0,14391.0,25174
1112435,14431.0,14391.0,25174
1110672,18113.0,18100.0,25175
1112420,18125.0,27046.0,25177
1110689,18118.0,18122.0,25183
1110692,14166.0,25657.0,25184
1155769,14341.0,25657.0,25184
1113620,27029.0,27030.0,25188
1114587,13143.0,13164.0,25200
1112849,13345.0,13486.0,25210
1110797,13345.0,13486.0,25210
1113767,13345.0,13486.0,25210
1111382,25411.0,13486.0,25210
1111381,25411.0,13486.0,25210
1111527,13467.0,13486.0,25210
1111540,13467.0,13486.0,25210
1110796,13345.0,13486.0,25210
1111362,25411.0,13486.0,25210
1110829,5149.0,5154.0,25220
1110831,5149.0,5154.0,25220
1113565,18959.0,18973.0,25225
1113567,18959.0,18973.0,25225
1112377,27091.0,18183.0,25252
1112378,27091.0,18183.0,25252
1111009,27071.0,18183.0,25252
1111015,14594.0,1593.0,25253
1114930,12937.0,12936.0,25316
1114893,12937.0,12936.0,25316
1111375,14714.0,14651.0,25317
1111372,14714.0,14651.0,25317
1111374,14714.0,14651.0,25317
1111512,25725.0,25720.0,25344
1116334,25828.0,14652.0,25354
1116306,25828.0,14652.0,25354
1148324,25718.0,2656.0,25369
1111587,25759.0,2656.0,25369
1138780,13803.0,13785.0,25373
1114077,13646.0,25495.0,25394
1111900,25830.0,14646.0,25433
1111943,25830.0,14601.0,25436
1115435,25288.0,12920.0,25440
1116109,12979.0,12920.0,25440
1115448,25288.0,12920.0,25440
1148217,12939.0,12920.0,25440
1116108,12979.0,12920.0,25440
1116163,12939.0,12920.0,25440
1115453,25288.0,12920.0,25440
1111920,12979.0,12920.0,25440
1116111,12979.0,12920.0,25440
1115455,25288.0,12920.0,25440
1115784,25577.0,25583.0,25441
1111930,18954.0,18915.0,25443
1112389,18235.0,27105.0,25473
1149742,27105.0,18238.0,25474
1112428,27105.0,18238.0,25474
1112154,27113.0,18268.0,25481
1112155,27113.0,18268.0,25481
1112157,18226.0,27081.0,25483
1112147,14486.0,14512.0,25486
1114085,14486.0,14512.0,25486
1121091,13025.0,13048.0,25511
1145045,25312.0,13111.0,25514
1112294,13442.0,13432.0,25535
1112354,25725.0,25732.0,25548
1112415,18181.0,27091.0,25554
1112412,18181.0,27091.0,25554
1114167,14435.0,14498.0,25557
1112385,14435.0,14498.0,25557
1112395,18183.0,18181.0,25558
1113894,14455.0,14415.0,25563
1112449,14455.0,14415.0,25563
1112458,14701.0,25840.0,25566
1112457,14701.0,25840.0,25566
1112940,14531.0,25816.0,25582
1112531,14672.0,14592.0,25588
1144727,14672.0,14592.0,25588
1112528,14672.0,14592.0,25588
1143905,14592.0,25783.0,25591
1128491,14592.0,25783.0,25591
1112544,14592.0,25783.0,25591
1150375,25711.0,14337.0,25632
1116632,13080.0,25298.0,25697
1112860,19284.0,19325.0,25704
1115438,25254.0,25203.0,25710
1115468,25254.0,25203.0,25710
1115471,25254.0,25203.0,25710
1115454,25254.0,25203.0,25710
1115470,25254.0,25203.0,25710
1116653,13710.0,13656.0,25713
1112927,12969.0,13008.0,25723
1113152,25813.0,14647.0,25758
1113095,13288.0,13332.0,25781
1113100,13332.0,13364.0,25782
1145102,14517.0,25813.0,25784
1145109,14517.0,25813.0,25784
1145106,14517.0,25813.0,25784
1145117,14647.0,25813.0,25784
1118785,25813.0,14517.0,25796
1231978,25813.0,14517.0,25796
1113139,25813.0,14517.0,25796
1113138,25813.0,14517.0,25796
1113151,25797.0,25838.0,25800
1149941,25797.0,25838.0,25800
1149985,14705.0,25838.0,25800
1113149,25797.0,25838.0,25800
1116971,13128.0,13099.0,25807
1113700,13128.0,13099.0,25807
1113702,13128.0,13099.0,25807
1116141,13137.0,13099.0,25807
1116140,13128.0,13099.0,25807
1116175,13064.0,13099.0,25807
1116717,13064.0,13099.0,25807
1116110,13064.0,13100.0,25808
1113182,14196.0,14404.0,25809
1113278,21379.0,21381.0,25825
1159873,21379.0,21381.0,25825
1113233,21379.0,21381.0,25825
1113397,21379.0,21381.0,25825
1113277,21379.0,21381.0,25825
1149716,234557.0,3194.0,25848
1113408,14932.0,14923.0,25855
1113410,14932.0,14923.0,25855
1113411,14932.0,14923.0,25855
1113409,14932.0,14923.0,25855
1147446,2833.0,20942.0,25860
1113364,275196.0,3055.0,25864
1308008,7972.0,7938.0,25865
1309448,7972.0,7938.0,25865
1307976,7972.0,7938.0,25865
1130843,13634.0,25473.0,25882
1142846,25210.0,25233.0,25910
1113602,25434.0,13513.0,25915
1113599,25435.0,13463.0,25916
1113600,25435.0,13463.0,25916
1113598,25435.0,13463.0,25916
1113596,25435.0,13463.0,25916
1113677,27164.0,18448.0,25927
1113676,18495.0,18448.0,25927
1116688,14342.0,25725.0,25940
1116304,25828.0,14677.0,25951
1113815,4876.0,4865.0,25957
1113796,4839.0,4865.0,25957
1113799,4839.0,4865.0,25957
1113814,4876.0,4865.0,25957
1113813,4839.0,4865.0,25957
1113837,18239.0,18271.0,25962
1114013,25505.0,25508.0,25991
1150174,25401.0,13418.0,26001
1138747,535792.0,535788.0,26053
1138742,535792.0,535788.0,26053
1233016,,535788.0,26053
1288597,535791.0,535788.0,26053
1288595,535791.0,535788.0,26053
1311940,535791.0,535788.0,26053
1128423,535792.0,535788.0,26053
1138745,535792.0,535788.0,26053
1114277,14082.0,25621.0,26054
1114669,25596.0,25599.0,26062
1114755,13372.0,25408.0,26085
1114487,25190.0,25229.0,26092
1133276,102376.0,5161.0,26107
1114568,13103.0,13117.0,26115
1114619,12897.0,12712.0,26137
1121066,12857.0,12712.0,26137
1218576,128300.0,12712.0,26137
1120956,148813.0,12712.0,26137
1114759,25501.0,13622.0,26170
1142805,14125.0,25615.0,26219
1142777,12991.0,13035.0,26232
1115077,13696.0,13672.0,26234
1130862,13696.0,13672.0,26234
1115256,13430.0,13412.0,26281
1115321,50858.0,50857.0,26282
1115523,,3004.0,26333
1115718,25583.0,13942.0,26362
1115748,13942.0,25577.0,26366
1149978,14842.0,131820.0,26368
1115774,14842.0,131820.0,26368
1149979,14842.0,131820.0,26368
1149981,14880.0,131820.0,26368
1148735,25903.0,131820.0,26368
1115883,25381.0,25384.0,26382
1115927,14051.0,14015.0,26400
1116130,12919.0,13004.0,26440
1116169,25230.0,25251.0,26441
1121076,25230.0,25251.0,26441
1116156,14988.0,54046.0,26443
1116418,25778.0,14546.0,26485
1121075,13691.0,13676.0,26490
1118803,444302.0,444301.0,26568
1118666,444302.0,444301.0,26568
1119214,473039.0,473040.0,26576
1119265,473039.0,473040.0,26576
1119310,425117.0,425116.0,26578
1118846,473035.0,473039.0,26584
1197868,11329.0,11320.0,26600
1286008,17915.0,17887.0,26601
1165015,3922.0,3925.0,26602
1165013,3922.0,3925.0,26602
1165012,3922.0,3925.0,26602
1164864,3922.0,3925.0,26602
1165014,3922.0,3925.0,26602
1130755,11432.0,11447.0,26613
1217462,11432.0,11447.0,26613
1205554,24645.0,11447.0,26613
1218513,11432.0,11447.0,26613
1170841,24558.0,11244.0,26614
1199317,9512.0,9543.0,26634
1197529,23731.0,9543.0,26634
1229467,9512.0,9543.0,26634
1153370,9523.0,9543.0,26634
1198467,9523.0,9543.0,26634
1229468,23731.0,9543.0,26634
1198466,9523.0,9543.0,26634
1283288,9523.0,9543.0,26634
1197528,23731.0,9543.0,26634
1197527,23731.0,9543.0,26634
1269649,24159.0,24055.0,26635
1273715,24183.0,24055.0,26635
1287298,24183.0,24055.0,26635
1273563,10396.0,24055.0,26635
1287934,24183.0,24055.0,26635
1287296,24183.0,24055.0,26635
1289542,10396.0,24055.0,26635
1273717,10396.0,24055.0,26635
1287295,24183.0,24055.0,26635
1289541,24147.0,24055.0,26635
1118776,24147.0,24055.0,26635
1287297,24183.0,24055.0,26635
1135251,24147.0,24055.0,26635
1273716,24147.0,24055.0,26635
1289540,24159.0,24055.0,26635
1269648,24159.0,24055.0,26635
1273718,10396.0,24055.0,26635
1196646,,449042.0,26646
1248307,4557.0,4541.0,26655
1119690,425116.0,425117.0,26658
1127266,444222.0,444220.0,26663
1118945,473035.0,473036.0,26670
1289331,7428.0,22771.0,26682
1276134,22767.0,22771.0,26682
1119020,143356.0,22771.0,26682
1289348,7428.0,22771.0,26682
1289350,22767.0,22771.0,26682
1180016,280002.0,280001.0,26687
1180023,280002.0,280001.0,26687
1180445,280002.0,280001.0,26687
1180446,280002.0,280001.0,26687
1180444,280002.0,280001.0,26687
1154281,2408.0,473020.0,26694
1246081,405742.0,410573.0,26701
1119131,425115.0,429851.0,26703
1119247,473039.0,473038.0,26715
1119210,473039.0,473038.0,26715
1119326,473038.0,473036.0,26730
1119313,473038.0,473036.0,26730
1132427,140159.0,477918.0,26749
1119493,477919.0,477918.0,26749
1119492,477919.0,477918.0,26749
1222253,444222.0,444223.0,26750
1128682,444224.0,444223.0,26750
1301483,444222.0,444223.0,26750
1119554,477918.0,477919.0,26762
1119538,477918.0,477919.0,26762
1281380,98203.0,98204.0,26765
1119549,94049.0,98204.0,26765
1232493,,473122.0,26767
1232528,,506687.0,26768
1232552,,535483.0,26769
1232505,,535483.0,26769
1232949,,537134.0,26772
1233022,,535995.0,26775
1232996,,530655.0,26782
1232514,,530655.0,26782
1136945,530657.0,530655.0,26782
1171453,530659.0,530655.0,26782
1232534,,530655.0,26782
1232970,530660.0,530655.0,26782
1232501,,530655.0,26782
1232998,530660.0,530655.0,26782
1207877,530659.0,530655.0,26782
1232467,,497070.0,26787
1136140,22990.0,8070.0,26817
1120024,22990.0,8070.0,26817
1120609,26931.0,21707.0,26843
1120627,18694.0,27189.0,26851
1285324,26640.0,17075.0,26853
1120629,17149.0,17075.0,26853
1306846,17078.0,17075.0,26853
1285328,17137.0,17075.0,26853
1224531,26652.0,17075.0,26853
1120954,68124.0,25165.0,26869
1198863,23673.0,9362.0,26870
1198479,9370.0,9362.0,26870
1198866,9370.0,9362.0,26870
1156685,3374.0,328635.0,26873
1153063,3355.0,328635.0,26873
1156682,3374.0,328635.0,26873
1121071,3322.0,3337.0,26875
1144942,2712.0,20944.0,26880
1144943,2712.0,20944.0,26880
1163118,377926.0,376994.0,26889
1159697,21496.0,376994.0,26889
1159695,3955.0,376994.0,26889
1159614,3931.0,376994.0,26889
1152968,3952.0,376994.0,26889
1121097,377925.0,376994.0,26889
1152911,21276.0,3244.0,26890
1158573,21244.0,3244.0,26890
1170051,364651.0,10906.0,26894
1191008,18938.0,27253.0,26900
1121121,18887.0,27253.0,26900
1121122,27124.0,27126.0,26901
1133687,53726.0,19206.0,26910
1146908,2611.0,20782.0,26914
1121148,26938.0,17931.0,26919
1127299,820.0,818.0,26926
1127302,820.0,818.0,26926
1174407,820.0,818.0,26926
1123978,12282.0,12286.0,26948
1121434,1207.0,20014.0,26965
1123186,12888.0,20017.0,26966
1121435,12835.0,20017.0,26966
1127153,12835.0,20017.0,26966
1127154,12835.0,20017.0,26966
1123188,12888.0,20017.0,26966
1123206,25250.0,20017.0,26966
1121489,535612.0,1044.0,26968
1121460,20043.0,1301.0,26972
1121458,1286.0,1301.0,26972
1121522,20043.0,1301.0,26972
1122372,20067.0,1339.0,26975
1222456,12352.0,359734.0,26983
1169813,1008.0,359734.0,26983
1121626,1059.0,359734.0,26983
1171141,1065.0,1084.0,26992
1171145,1065.0,1084.0,26992
1171143,1065.0,1084.0,26992
1121805,1598.0,20204.0,27003
1171040,1686.0,20204.0,27003
1171042,1686.0,20204.0,27003
1121566,1598.0,20204.0,27003
1125584,1598.0,20204.0,27003
1121898,1598.0,20204.0,27003
1121639,1686.0,20204.0,27003
1220827,1598.0,20204.0,27003
1171596,1686.0,20204.0,27003
1121888,1686.0,20204.0,27003
1121897,1598.0,20204.0,27003
1171041,1686.0,20204.0,27003
1171599,1686.0,20204.0,27003
1125533,1598.0,20204.0,27003
1171043,1686.0,20204.0,27003
1122230,2440.0,2431.0,27017
1122524,989.0,986.0,27025
1122522,989.0,986.0,27025
1122523,989.0,986.0,27025
1122521,989.0,986.0,27025
1121642,20719.0,25806.0,27026
1178157,2544.0,25806.0,27026
1178159,2544.0,25806.0,27026
1121710,20238.0,1688.0,27048
1125513,20238.0,1688.0,27048
1125536,20238.0,1688.0,27048
1125516,20238.0,1688.0,27048
1123722,11884.0,24781.0,27059
1163984,11844.0,11884.0,27061
1121787,24781.0,24770.0,27064
1122609,24967.0,24972.0,27075
1171159,1074.0,1087.0,27091
1210183,25319.0,25307.0,27105
1210181,25323.0,25307.0,27105
1210415,25323.0,25307.0,27105
1210806,25319.0,25307.0,27105
1196045,25323.0,25307.0,27105
1210184,25319.0,25307.0,27105
1221273,25323.0,25307.0,27105
1123006,1179.0,1177.0,27106
1169787,1179.0,1177.0,27106
1123029,535611.0,1177.0,27106
1121872,1196.0,1177.0,27106
1137499,535611.0,1177.0,27106
1171526,1179.0,1177.0,27106
1171532,1179.0,1177.0,27106
1122112,1822.0,20266.0,27108
1121890,119019.0,1486.0,27115
1207955,13507.0,1486.0,27115
1210598,119019.0,1486.0,27115
1209399,119019.0,1486.0,27115
1209950,119019.0,1486.0,27115
1209398,119019.0,1486.0,27115
1207953,13507.0,1486.0,27115
1209952,119019.0,1486.0,27115
1122885,1777.0,1812.0,27180
1207093,1777.0,1812.0,27180
1207096,1777.0,1812.0,27180
1122089,1777.0,1812.0,27180
1220928,12542.0,25051.0,27199
1122344,25105.0,25096.0,27200
1197330,25003.0,25099.0,27202
1122169,13343.0,25387.0,27205
1122172,13343.0,25387.0,27205
1122171,13343.0,25387.0,27205
1124409,2440.0,2374.0,27221
1122231,2440.0,2374.0,27221
1125093,1375.0,1336.0,27225
1123658,24750.0,24730.0,27228
1136216,20010.0,1147.0,27249
1205530,1092.0,1147.0,27249
1142982,25513.0,155515.0,27258
1122390,1374.0,1391.0,27261
1163445,376028.0,13630.0,27269
1136253,13564.0,13630.0,27269
1122533,937.0,932.0,27300
1122629,25018.0,25013.0,27313
1122693,25024.0,25013.0,27313
1126397,2530.0,2467.0,27316
1122662,24987.0,24997.0,27325
1122677,24987.0,24997.0,27325
1171404,25013.0,24997.0,27325
1171405,25013.0,24997.0,27325
1122685,25036.0,12458.0,27327
1122686,25036.0,12458.0,27327
1220940,12542.0,12534.0,27331
1125280,12542.0,12534.0,27331
1136214,37148.0,24824.0,27337
1122670,11850.0,24824.0,27337
1182965,24814.0,24824.0,27337
1171342,12458.0,12391.0,27339
1122680,12458.0,12391.0,27339
1124575,20076.0,20056.0,27344
1124555,20076.0,20056.0,27344
1171644,20076.0,20056.0,27344
1125494,20076.0,20056.0,27344
1207205,1846.0,1815.0,27345
1122842,12416.0,12473.0,27384
1221207,12416.0,12473.0,27384
1123083,25391.0,13336.0,27417
1123073,13336.0,25391.0,27418
1123058,13342.0,13290.0,27425
1220905,13239.0,13290.0,27425
1123080,13342.0,13290.0,27425
1123081,13342.0,13290.0,27425
1158556,12832.0,20017.0,27435
1123101,12832.0,20017.0,27435
1127056,20017.0,12868.0,27437
1123169,12869.0,12870.0,27459
1127065,20017.0,12869.0,27460
1127048,12833.0,20017.0,27466
1127100,12833.0,20017.0,27466
1123181,12834.0,20017.0,27466
1125829,12832.0,20017.0,27468
1125830,12833.0,20017.0,27468
1125831,12832.0,20017.0,27468
1125832,12833.0,20017.0,27468
1126427,13801.0,1807.0,27481
1126962,12838.0,20017.0,27504
1126234,25250.0,20017.0,27504
1126963,25250.0,20017.0,27504
1126964,25250.0,20017.0,27504
1123278,13440.0,13468.0,27505
1123576,13440.0,13468.0,27505
1123279,13440.0,13468.0,27505
1126980,13440.0,13468.0,27505
1123602,13440.0,13468.0,27505
1123610,13440.0,13468.0,27505
1123364,13440.0,13468.0,27505
1123612,13440.0,13468.0,27505
1123569,13440.0,13468.0,27505
1123363,13440.0,13468.0,27505
1123611,13440.0,13468.0,27505
1123357,13530.0,13520.0,27516
1123313,13530.0,13520.0,27516
1123360,13530.0,13520.0,27516
1123358,13530.0,13520.0,27516
1123359,13530.0,13520.0,27516
1123342,13520.0,13539.0,27525
1123348,1632.0,1653.0,27527
1126258,1632.0,1653.0,27527
1124508,13079.0,13012.0,27542
1123415,13079.0,13012.0,27542
1124506,13079.0,13012.0,27542
1123906,12263.0,12262.0,27550
1123908,12263.0,12262.0,27550
1123493,12378.0,12429.0,27559
1302245,1358.0,1378.0,27565
1123564,1253.0,1302.0,27569
1125721,1253.0,1302.0,27569
1125538,1274.0,1302.0,27569
1169920,1274.0,1302.0,27569
1123530,13195.0,1302.0,27569
1125078,1274.0,1302.0,27569
1125394,1253.0,1302.0,27569
1124546,1274.0,1302.0,27569
1123532,13195.0,1302.0,27569
1125537,1274.0,1302.0,27569
1123563,1253.0,1302.0,27569
1123790,12073.0,12046.0,27582
1123980,12261.0,12263.0,27585
1123909,12261.0,12263.0,27585
1124098,24808.0,24764.0,27593
1124834,24815.0,24764.0,27593
1124099,11967.0,24764.0,27593
1124833,24815.0,24764.0,27593
1143051,24815.0,24764.0,27593
1124107,11967.0,24764.0,27593
1124830,24815.0,24764.0,27593
1124100,11967.0,24764.0,27593
1123657,11772.0,24731.0,27595
1123711,12104.0,12160.0,27601
1123673,12104.0,12160.0,27601
1127138,20383.0,20326.0,27617
1127137,20383.0,20326.0,27617
1123713,20383.0,20326.0,27617
1126948,20383.0,20326.0,27617
1127135,20383.0,20326.0,27617
1127136,20383.0,20326.0,27617
1123716,20383.0,20326.0,27617
1125614,13000.0,13070.0,27620
1125853,56304.0,1071.0,27629
1143139,12207.0,19989.0,27643
1124893,13011.0,12968.0,27657
1124894,13011.0,12968.0,27657
1124895,13011.0,12968.0,27657
1124896,13011.0,12968.0,27657
1205537,12286.0,12312.0,27681
1124060,53725.0,13371.0,27699
1124059,53725.0,13371.0,27699
1124094,937.0,932.0,27705
1124082,24755.0,11772.0,27708
1158564,24764.0,11892.0,27714
1163998,13000.0,13028.0,27715
1124374,13000.0,13013.0,27762
1124373,13000.0,13013.0,27762
1124375,13000.0,13013.0,27762
1124915,13000.0,13013.0,27762
1125158,1418.0,1433.0,27776
1126444,20512.0,2307.0,27777
1183903,20512.0,2307.0,27777
1124362,20512.0,2307.0,27777
1126414,20512.0,2307.0,27777
1169346,144645.0,144647.0,27798
1136062,144646.0,144647.0,27798
1163926,144642.0,144647.0,27798
1125334,1296.0,1283.0,27825
1125336,1296.0,1283.0,27825
1125298,1296.0,1283.0,27825
1125225,1296.0,1283.0,27825
1220911,1031.0,1044.0,27844
1220909,1031.0,1044.0,27844
1220908,1031.0,1044.0,27844
1127126,1682.0,20215.0,27853
1124732,1682.0,20215.0,27853
1127125,1682.0,20215.0,27853
1124729,1682.0,20215.0,27853
1124725,1755.0,20257.0,27859
1124832,24816.0,24815.0,27877
1125045,13473.0,13455.0,27901
1205608,1420.0,1418.0,27940
1209146,1299.0,266879.0,27966
1125447,1087.0,1074.0,28003
1152856,359627.0,1094.0,28005
1171392,20056.0,20061.0,28020
1125559,20056.0,20061.0,28020
1133642,,2256.0,28022
1125669,2083.0,20344.0,28023
1125639,2083.0,20344.0,28023
1136195,375934.0,1994.0,28025
1220926,2374.0,20535.0,28039
1125655,2374.0,20535.0,28039
1299187,4599.0,4651.0,28052
1125885,1854.0,1835.0,28086
1126002,14340.0,14395.0,28120
1126027,14389.0,14329.0,28129
1126028,14389.0,14329.0,28129
1206448,14450.0,14367.0,28136
1137530,14450.0,14367.0,28136
1126045,14340.0,14367.0,28136
1126046,14340.0,14367.0,28136
1127005,14450.0,14367.0,28136
1126581,4033.0,4054.0,28142
1181203,4033.0,4054.0,28142
1188178,4033.0,4054.0,28142
1188180,16234.0,4054.0,28142
1183791,4033.0,4054.0,28142
1126058,4033.0,4054.0,28142
1126073,105580.0,20564.0,28149
1126074,25691.0,2470.0,28150
1126081,25691.0,14276.0,28153
1206262,25699.0,25698.0,28173
1206261,25699.0,25698.0,28173
1126692,25739.0,14359.0,28181
1126170,1402.0,1370.0,28195
1178695,13961.0,14003.0,28196
1180382,13961.0,14003.0,28196
1176449,13961.0,14003.0,28196
1126172,13961.0,14003.0,28196
1178151,13961.0,14003.0,28196
1274531,42204.0,42203.0,28198
1126529,42204.0,42203.0,28198
1274473,42204.0,42203.0,28198
1274527,42204.0,42203.0,28198
1126210,25556.0,13852.0,28207
1178053,25556.0,13852.0,28207
1178032,25556.0,13852.0,28207
1178033,25556.0,13852.0,28207
1130991,12888.0,20017.0,28213
1127145,12888.0,20017.0,28213
1126493,390796.0,2286.0,28215
1126238,2361.0,2286.0,28215
1126522,390796.0,2286.0,28215
1126495,2361.0,2286.0,28215
1126237,2361.0,2286.0,28215
1126307,2229.0,2166.0,28222
1126305,2229.0,2166.0,28222
1126306,2229.0,2166.0,28222
1126718,40933.0,40934.0,28267
1126463,20989.0,21013.0,28270
1178528,370177.0,370171.0,28286
1126562,11660.0,24745.0,28291
1176575,11660.0,24745.0,28291
1175221,24784.0,24745.0,28291
1205996,14888.0,14860.0,28292
1126566,2412.0,2337.0,28294
1177634,2412.0,2337.0,28294
1206798,2412.0,2337.0,28294
1126567,2412.0,2337.0,28294
1127142,2412.0,2337.0,28294
1206797,2412.0,2337.0,28294
1177787,2412.0,2337.0,28294
1206755,14373.0,25723.0,28303
1126907,25696.0,25723.0,28307
1177088,25696.0,25723.0,28307
1126906,25696.0,25723.0,28307
1177090,25696.0,25723.0,28307
1206402,25525.0,13752.0,28343
1206450,25525.0,13752.0,28343
1205948,13797.0,13752.0,28343
1206404,25533.0,13752.0,28343
1206451,13717.0,13752.0,28343
1206372,25533.0,13752.0,28343
1206369,25543.0,13752.0,28343
1206403,13757.0,13752.0,28343
1126732,1737.0,13752.0,28343
1206370,25543.0,13752.0,28343
1176434,13747.0,13752.0,28343
1206449,13757.0,13752.0,28343
1176435,13797.0,13752.0,28343
1229794,13769.0,13752.0,28343
1176433,13769.0,13752.0,28343
1206401,25525.0,13752.0,28343
1206452,25543.0,13752.0,28343
1126776,25541.0,13752.0,28343
1206624,20978.0,25972.0,28356
1126805,25860.0,14692.0,28363
1180896,271687.0,3436.0,28367
1166190,275839.0,3777.0,28372
1206283,4395.0,4268.0,28376
1232994,4375.0,4268.0,28376
1181003,4428.0,4268.0,28376
1180648,4373.0,4268.0,28376
1180969,255366.0,4268.0,28376
1181001,4290.0,4268.0,28376
1126833,4195.0,4268.0,28376
1183758,4436.0,4387.0,28378
1126837,4419.0,4387.0,28378
1177631,4436.0,4387.0,28378
1177597,390235.0,4387.0,28378
1178062,16146.0,16156.0,28379
1126841,16214.0,16156.0,28379
1178134,16214.0,16156.0,28379
1181148,48608.0,48611.0,28399
1181150,48608.0,48611.0,28399
1126961,12838.0,25250.0,28408
1126956,12838.0,25250.0,28408
1128258,20948.0,2791.0,28410
1176845,20763.0,20774.0,28428
1266015,9167.0,9150.0,28464
1137078,9116.0,9150.0,28464
1134060,9116.0,9150.0,28464
1262427,9167.0,9150.0,28464
1307545,7977.0,7930.0,28470
1307542,7977.0,7930.0,28470
1281307,7977.0,7930.0,28470
1303041,7977.0,7930.0,28470
1127219,,7930.0,28470
1187144,26369.0,16252.0,28471
1188776,26369.0,16252.0,28471
1195010,26369.0,16252.0,28471
1188194,26369.0,16252.0,28471
1188774,26369.0,16252.0,28471
1188775,26369.0,16252.0,28471
1305079,22092.0,5965.0,28490
1127284,3845.0,3844.0,28513
1275777,,349965.0,28518
1311999,9003.0,8896.0,28538
1312001,9003.0,8896.0,28538
1127499,3947.0,384818.0,28541
1158370,3947.0,384818.0,28541
1158337,3947.0,384818.0,28541
1158335,3947.0,384818.0,28541
1158371,3947.0,384818.0,28541
1165380,3947.0,384818.0,28541
1127353,8076.0,23019.0,28554
1266875,9518.0,9542.0,28566
1299138,8009.0,7979.0,28573
1309524,8009.0,7979.0,28573
1309522,8009.0,7979.0,28573
1309525,8009.0,7979.0,28573
1278250,9545.0,9631.0,28587
1271471,9545.0,9631.0,28587
1272128,23804.0,9631.0,28587
1271474,9545.0,9631.0,28587
1271472,9545.0,9631.0,28587
1127406,23804.0,9631.0,28587
1278249,9545.0,9631.0,28587
1272127,23804.0,9631.0,28587
1269658,23804.0,9631.0,28587
1271473,9545.0,9631.0,28587
1269657,23804.0,9631.0,28587
1266912,10188.0,10077.0,28595
1227016,10188.0,10077.0,28595
1127424,10188.0,10077.0,28595
1266913,10188.0,10077.0,28595
1225794,9185.0,9193.0,28603
1127462,3102.0,3106.0,28617
1146625,3102.0,3106.0,28617
1197288,10327.0,10231.0,28652
1207550,10258.0,10231.0,28652
1197286,10408.0,10231.0,28652
1197287,10371.0,10231.0,28652
1197289,10327.0,10231.0,28652
1207549,10258.0,10231.0,28652
1200305,10318.0,10231.0,28652
1205523,628.0,10231.0,28652
1201164,10408.0,10231.0,28652
1169798,10384.0,10231.0,28652
1127534,19889.0,10231.0,28652
1127568,27185.0,18616.0,28668
1299874,27185.0,18616.0,28668
1153198,24052.0,24013.0,28683
1197760,24025.0,24013.0,28683
1218117,24025.0,24013.0,28683
1228958,24025.0,24013.0,28683
1218116,24052.0,24013.0,28683
1218085,24052.0,24013.0,28683
1218086,24025.0,24013.0,28683
1289717,24052.0,24013.0,28683
1218119,24052.0,24013.0,28683
1197801,24025.0,24013.0,28683
1218118,24052.0,24013.0,28683
1127611,20432.0,20386.0,28686
1127612,21407.0,21400.0,28687
1275616,12163.0,24945.0,28695
1265884,12020.0,24945.0,28695
1127634,9262.0,23579.0,28699
1267394,9235.0,23579.0,28699
1222894,10855.0,24446.0,28710
1222895,10855.0,24446.0,28710
1286232,20421.0,20440.0,28713
1127676,196476.0,3551.0,28726
1309205,22368.0,22350.0,28732
1309202,22368.0,22350.0,28732
1300385,6705.0,22350.0,28732
1299006,6705.0,22350.0,28732
1227916,570.0,555.0,28735
1197923,570.0,555.0,28735
1217547,582.0,555.0,28735
1229576,582.0,555.0,28735
1228522,570.0,555.0,28735
1228523,570.0,555.0,28735
1216875,24381.0,10720.0,28752
1223193,24342.0,24359.0,28765
1306264,26606.0,26608.0,28771
1306263,26606.0,26608.0,28771
1306262,26606.0,26608.0,28771
1127744,24214.0,24238.0,28774
1137480,24214.0,24238.0,28774
1223183,11841.0,11662.0,28785
1223258,24751.0,11662.0,28785
1223269,11841.0,11662.0,28785
1127760,11841.0,11662.0,28785
1223182,24751.0,11662.0,28785
1223268,24751.0,11662.0,28785
1223270,11841.0,11662.0,28785
1223319,24751.0,11662.0,28785
1170147,24751.0,11662.0,28785
1170144,11841.0,11662.0,28785
1299493,26924.0,17897.0,28787
1127767,21711.0,4936.0,28788
1276005,21711.0,4936.0,28788
1279349,21711.0,4936.0,28788
1301084,7012.0,22594.0,28799
1308449,8066.0,8108.0,28800
1127786,8066.0,8108.0,28800
1280511,8066.0,8108.0,28800
1308444,8066.0,8108.0,28800
1308446,8066.0,8108.0,28800
1302115,8334.0,8242.0,28801
1266898,8304.0,8242.0,28801
1311450,8357.0,8242.0,28801
1311453,8357.0,8242.0,28801
1309842,8334.0,8242.0,28801
1309671,8317.0,8242.0,28801
1127787,8317.0,8242.0,28801
1309670,8317.0,8242.0,28801
1266895,8334.0,8242.0,28801
1309723,8317.0,8242.0,28801
1309843,8334.0,8242.0,28801
1127791,396123.0,1925.0,28804
1221892,12817.0,12787.0,28813
1200321,12817.0,12787.0,28813
1209855,12817.0,12787.0,28813
1209728,103643.0,855.0,28814
1195900,103643.0,855.0,28814
1200333,103643.0,855.0,28814
1229225,525.0,518.0,28816
1229226,510.0,518.0,28816
1229034,510.0,518.0,28816
1229065,525.0,518.0,28816
1229224,525.0,518.0,28816
1229229,510.0,518.0,28816
1303548,6884.0,22522.0,28833
1303549,6884.0,22522.0,28833
1133531,6956.0,22522.0,28833
1133467,6976.0,22522.0,28833
1303547,6884.0,22522.0,28833
1127855,6893.0,22522.0,28833
1303546,6884.0,22522.0,28833
1303608,6893.0,22522.0,28833
1303609,6893.0,22522.0,28833
1303463,6884.0,22522.0,28833
1301712,6884.0,22522.0,28833
1303589,6893.0,22522.0,28833
1303607,6884.0,22522.0,28833
1303606,6893.0,22522.0,28833
1136179,349835.0,11329.0,28854
1136232,349835.0,11329.0,28854
1218412,12204.0,12239.0,28864
1127948,197119.0,3837.0,28884
1154340,17363.0,17409.0,28891
1201069,11906.0,24801.0,28903
1201790,11900.0,24801.0,28903
1200013,11880.0,24801.0,28903
1201791,11898.0,24801.0,28903
1201831,24799.0,24801.0,28903
1195729,165116.0,164807.0,28907
1209647,164809.0,164807.0,28907
1195727,165116.0,164807.0,28907
1209673,164809.0,164807.0,28907
1221231,165116.0,164807.0,28907
1127999,164809.0,164807.0,28907
1209676,164809.0,164807.0,28907
1195726,165116.0,164807.0,28907
1288627,7890.0,7948.0,28912
1128007,7867.0,7948.0,28912
1278789,7867.0,7948.0,28912
1185642,19652.0,19649.0,28917
1148412,2005.0,20395.0,28920
1306218,4950.0,4948.0,28923
1272097,14669.0,14598.0,28937
1301374,22421.0,22411.0,28939
1128245,22421.0,22411.0,28939
1301375,22421.0,22411.0,28939
1128252,10797.0,10774.0,28944
1265819,19878.0,583.0,28946
1128254,567.0,583.0,28946
1228602,319995.0,583.0,28946
1303434,57245.0,7149.0,28962
1303435,57245.0,7149.0,28962
1303205,57245.0,7149.0,28962
1305001,22663.0,7149.0,28962
1189244,4400.0,21574.0,28973
1189295,4400.0,21574.0,28973
1142385,21552.0,21574.0,28973
1189172,4400.0,21574.0,28973
1189159,4400.0,21574.0,28973
1185281,19634.0,27454.0,28984
1158701,3804.0,3812.0,28991
1159673,3804.0,3812.0,28991
1165235,3804.0,3812.0,28991
1219129,50523.0,5055.0,28993
1152912,50523.0,5055.0,28993
1220140,5052.0,5055.0,28993
1219133,50523.0,5055.0,28993
1220007,50523.0,5055.0,28993
1268077,23169.0,23160.0,29016
1168813,27287.0,27286.0,29022
1286627,22622.0,22618.0,29035
1128426,536459.0,236156.0,29040
1299647,17280.0,17159.0,29052
1128446,17238.0,17159.0,29052
1299737,17182.0,17159.0,29052
1298475,26668.0,17159.0,29052
1299763,17184.0,17159.0,29052
1299710,26682.0,17159.0,29052
1299723,26708.0,17159.0,29052
1299764,17184.0,17159.0,29052
1299719,17280.0,17159.0,29052
1299713,26707.0,17159.0,29052
1286059,17184.0,17159.0,29052
1299653,26708.0,17159.0,29052
1299722,26708.0,17159.0,29052
1299765,26682.0,17159.0,29052
1298473,17182.0,17159.0,29052
1181085,16596.0,16629.0,29061
1188439,16645.0,16629.0,29061
1289594,9869.0,9890.0,29076
1128487,12213.0,19996.0,29080
1228810,9755.0,9703.0,29082
1227380,23790.0,9703.0,29082
1227718,9755.0,9703.0,29082
1227378,23790.0,9703.0,29082
1198377,9579.0,9703.0,29082
1222664,9579.0,9703.0,29082
1128489,9755.0,9703.0,29082
1228812,23790.0,9703.0,29082
1222666,23790.0,9703.0,29082
1228854,23790.0,9703.0,29082
1198969,9579.0,9703.0,29082
1210094,20070.0,20068.0,29086
1128496,20084.0,20068.0,29086
1210665,20084.0,20068.0,29086
1210666,20084.0,20068.0,29086
1208238,1331.0,20068.0,29086
1210159,20070.0,20068.0,29086
1136696,1331.0,20068.0,29086
1210138,20070.0,20068.0,29086
1210669,20084.0,20068.0,29086
1209915,1331.0,20068.0,29086
1199187,9743.0,9749.0,29091
1138055,9743.0,9749.0,29091
1128501,9743.0,9749.0,29091
1270836,9255.0,104285.0,29095
1145645,2849.0,2850.0,29105
1128528,2849.0,2850.0,29105
1145643,2849.0,2850.0,29105
1145635,2849.0,2850.0,29105
1150520,2849.0,2850.0,29105
1304968,330238.0,330239.0,29107
1128609,204.0,19779.0,29142
1282344,6558.0,22321.0,29145
1282343,6558.0,22321.0,29145
1282342,6558.0,22321.0,29145
1282341,6558.0,22321.0,29145
1289276,6558.0,22321.0,29145
1128625,7424.0,7337.0,29153
1300624,7310.0,7337.0,29153
1306785,6178.0,6197.0,29154
1128631,6716.0,6754.0,29156
1196145,24322.0,10579.0,29168
1170746,10623.0,10579.0,29168
1196035,24322.0,10579.0,29168
1170745,10623.0,10579.0,29168
1196180,10707.0,10579.0,29168
1196579,10707.0,10579.0,29168
1170799,10623.0,10579.0,29168
1170747,10623.0,10579.0,29168
1180952,15625.0,15627.0,29172
1166224,15625.0,15627.0,29172
1180188,15625.0,15627.0,29172
1299023,7285.0,7306.0,29179
1199423,9661.0,9660.0,29183
1199429,9661.0,9660.0,29183
1128665,9661.0,9660.0,29183
1200564,9626.0,9660.0,29183
1199426,9661.0,9660.0,29183
1196281,11370.0,823.0,29187
1283075,7359.0,7373.0,29192
1186812,26106.0,26118.0,29216
1300121,22948.0,7931.0,29231
1300124,22948.0,7931.0,29231
1300120,22948.0,7931.0,29231
1128753,8046.0,7931.0,29231
1300122,7980.0,7931.0,29231
1308231,8046.0,7931.0,29231
1203533,22948.0,7931.0,29231
1128831,15630.0,15603.0,29262
1281144,10785.0,10875.0,29263
1170521,10785.0,10875.0,29263
1175198,25103.0,12658.0,29273
1128854,25103.0,12658.0,29273
1175302,25090.0,12658.0,29273
1175303,25103.0,12658.0,29273
1175328,25090.0,12658.0,29273
1198473,12145.0,12113.0,29279
1218079,24834.0,12113.0,29279
1218077,24850.0,12113.0,29279
1137465,24834.0,12113.0,29279
1218131,12115.0,12113.0,29279
1218057,24834.0,12113.0,29279
1128867,24867.0,12113.0,29279
1197660,24867.0,12113.0,29279
1218076,24850.0,12113.0,29279
1267002,24849.0,12113.0,29279
1218058,24850.0,12113.0,29279
1200074,12145.0,12113.0,29279
1197537,24849.0,12113.0,29279
1266997,12115.0,12113.0,29279
1197723,12115.0,12113.0,29279
1190181,21530.0,21529.0,29280
1190179,21530.0,21529.0,29280
1128877,8831.0,8761.0,29284
1250421,8831.0,8761.0,29284
1200914,11038.0,24511.0,29298
1303691,22389.0,6729.0,29312
1303692,22389.0,6729.0,29312
1303693,22389.0,6729.0,29312
1304840,22389.0,6729.0,29312
1303690,22389.0,6729.0,29312
1250987,22389.0,6729.0,29312
1229664,11157.0,11197.0,29315
1128961,9805.0,9867.0,29318
1288276,370269.0,370270.0,29369
1282750,19587.0,19575.0,29371
1282790,19582.0,19575.0,29371
1257430,,17057.0,29372
1229700,588.0,558.0,29376
1229589,569.0,558.0,29376
1217251,569.0,558.0,29376
1217249,569.0,558.0,29376
1229588,569.0,558.0,29376
1229698,588.0,558.0,29376
1229699,588.0,558.0,29376
1199388,588.0,558.0,29376
1229203,588.0,558.0,29376
1229697,588.0,558.0,29376
1189254,4006.0,4018.0,29394
1138100,12478.0,12415.0,29401
1131229,7887.0,22941.0,29440
1130751,7887.0,22941.0,29440
1297923,7887.0,22941.0,29440
1306190,7887.0,22941.0,29440
1221738,11882.0,11938.0,29444
1130757,11882.0,11938.0,29444
1221743,11882.0,11938.0,29444
1130800,25500.0,25515.0,29468
1276529,14722.0,14755.0,29469
1134539,6786.0,22409.0,29497
1136444,6786.0,22409.0,29497
1247641,312316.0,21783.0,29506
1143839,25824.0,25865.0,29511
1302428,6637.0,6591.0,29514
1302426,6637.0,6591.0,29514
1302429,6637.0,6591.0,29514
1137541,6637.0,6591.0,29514
1217928,11574.0,11631.0,29524
1196275,10785.0,10724.0,29547
1196136,10785.0,10724.0,29547
1196134,10785.0,10724.0,29547
1185470,16504.0,4198.0,29559
1307112,7501.0,7651.0,29563
1305712,7440.0,7651.0,29563
1307027,7551.0,7651.0,29563
1272256,7701.0,7651.0,29563
1305812,7440.0,7651.0,29563
1300074,7475.0,7651.0,29563
1308675,7501.0,7651.0,29563
1272258,22855.0,7651.0,29563
1305711,7440.0,7651.0,29563
1308677,7542.0,7651.0,29563
1306162,7649.0,7651.0,29563
1305640,7649.0,7651.0,29563
1305829,22855.0,7651.0,29563
1278919,7649.0,7651.0,29563
1131053,7475.0,7651.0,29563
1305813,7440.0,7651.0,29563
1272257,22855.0,7651.0,29563
1272255,7701.0,7651.0,29563
1305639,7649.0,7651.0,29563
1308635,7551.0,7651.0,29563
1305827,22855.0,7651.0,29563
1308144,7717.0,7651.0,29563
1305820,7701.0,7651.0,29563
1171473,1094.0,20001.0,29571
1276977,21480.0,3830.0,29572
1268324,8790.0,8835.0,29573
1131094,21653.0,21657.0,29586
1131095,187515.0,246715.0,29587
1282877,187515.0,246715.0,29587
1282871,153292.0,2112.0,29589
1196589,9975.0,23924.0,29592
1177615,16803.0,16720.0,29596
1180572,16726.0,16720.0,29596
1180568,16766.0,16720.0,29596
1181382,226247.0,16720.0,29596
1177383,16766.0,16720.0,29596
1282121,19466.0,19497.0,29636
1282620,19466.0,19497.0,29636
1282687,19466.0,19497.0,29636
1297701,19466.0,19497.0,29636
1282731,19466.0,19497.0,29636
1131227,302716.0,123.0,29652
1249967,302716.0,123.0,29652
1266293,8379.0,8360.0,29660
1270452,23090.0,8360.0,29660
1270500,23090.0,8360.0,29660
1226465,23090.0,8360.0,29660
1131243,23101.0,8360.0,29660
1226463,23090.0,8360.0,29660
1131244,22947.0,22912.0,29661
1306893,7839.0,22912.0,29661
1309230,22947.0,22912.0,29661
1306889,7839.0,22912.0,29661
1306793,22947.0,22912.0,29661
1297530,22947.0,22912.0,29661
1131247,3805.0,3827.0,29664
1165724,3805.0,3827.0,29664
1272711,9234.0,9202.0,29668
1136009,9227.0,9202.0,29668
1270943,9227.0,9202.0,29668
1270944,9227.0,9202.0,29668
1131252,9227.0,9202.0,29668
1272713,9227.0,9202.0,29668
1298983,7897.0,7850.0,29717
1298970,7746.0,7850.0,29717
1298966,7735.0,7850.0,29717
1298969,7735.0,7850.0,29717
1298967,7735.0,7850.0,29717
1289255,7746.0,7850.0,29717
1182958,7744.0,7850.0,29717
1289256,7735.0,7850.0,29717
1298968,7746.0,7850.0,29717
1298984,7897.0,7850.0,29717
1285312,7897.0,7850.0,29717
1298982,7897.0,7850.0,29717
1131459,19028.0,18935.0,29719
1299527,18966.0,18935.0,29719
1299529,19028.0,18935.0,29719
1257411,,11934.0,29720
1131750,23780.0,9862.0,29745
1225104,9680.0,9862.0,29745
1275866,52446.0,9862.0,29745
1275736,55966.0,9862.0,29745
1133646,23780.0,9862.0,29745
1163424,6502.0,6417.0,29746
1309776,269129.0,6417.0,29746
1175608,12251.0,12364.0,29769
1175586,12251.0,12364.0,29769
1175092,12417.0,12364.0,29769
1187986,251837.0,63005.0,29782
1247642,192008.0,26065.0,29786
1163460,26072.0,26065.0,29786
1131991,105900.0,26065.0,29786
1146488,3062.0,26065.0,29786
1146489,15300.0,26065.0,29786
1146559,192008.0,26065.0,29786
1136100,192008.0,26065.0,29786
1308827,8694.0,8544.0,29788
1305394,8563.0,8544.0,29788
1308944,8525.0,8544.0,29788
1309125,8640.0,8544.0,29788
1308826,8694.0,8544.0,29788
1308049,8694.0,8544.0,29788
1308828,8694.0,8544.0,29788
1307031,8525.0,8544.0,29788
1308047,8694.0,8544.0,29788
1311283,8525.0,8544.0,29788
1132002,8459.0,8544.0,29788
1308942,8525.0,8544.0,29788
1309030,8640.0,8544.0,29788
1307033,8563.0,8544.0,29788
1309031,8640.0,8544.0,29788
1307005,8428.0,8544.0,29788
1307032,8563.0,8544.0,29788
1132010,258250.0,258249.0,29795
1132028,19573.0,27442.0,29807
1132073,7867.0,7865.0,29842
1249812,7867.0,7865.0,29842
1132077,7436.0,7456.0,29844
1300076,7436.0,7456.0,29844
1300075,7436.0,7456.0,29844
1280286,22266.0,6349.0,29846
1280285,22266.0,6349.0,29846
1298712,22266.0,6349.0,29846
1132152,259517.0,259844.0,29864
1132146,259196.0,259844.0,29864
1132153,259196.0,259844.0,29864
1132151,257926.0,259844.0,29864
1133001,259517.0,259844.0,29864
1133604,264969.0,254722.0,29867
1132124,260163.0,259521.0,29883
1257374,,6059.0,29890
1309596,6034.0,6024.0,29892
1309597,6034.0,6024.0,29892
1309594,6034.0,6024.0,29892
1195559,284483.0,284167.0,29899
1132159,284476.0,284167.0,29899
1133232,284476.0,284167.0,29899
1133231,285435.0,284167.0,29899
1133565,285435.0,284167.0,29899
1133562,285435.0,284167.0,29899
1195451,284483.0,284167.0,29899
1133233,284479.0,284167.0,29899
1133564,285435.0,284167.0,29899
1133563,284479.0,284167.0,29899
1195615,258239.0,258244.0,29901
1132161,258239.0,258244.0,29901
1132166,248315.0,248316.0,29906
1133544,248010.0,248316.0,29906
1132177,22827.0,22848.0,29914
1301842,22621.0,7041.0,29927
1299233,458747.0,172495.0,29946
1136226,145278.0,131510.0,29966
1311520,264965.0,264966.0,29985
1311337,264965.0,264966.0,29985
1312491,264960.0,264959.0,29989
1307092,264960.0,264959.0,29989
1307169,264960.0,264959.0,29989
1307091,264960.0,264959.0,29989
1307167,264960.0,264959.0,29989
1312489,264960.0,264959.0,29989
1312472,264960.0,264959.0,29989
1312494,264960.0,264959.0,29989
1307166,264960.0,264959.0,29989
1312473,264960.0,264959.0,29989
1132296,273288.0,273289.0,29995
1132294,273288.0,273289.0,29995
1132355,273290.0,273289.0,29995
1132356,273290.0,273289.0,29995
1132295,273288.0,273289.0,29995
1132354,273290.0,273289.0,29995
1132357,273290.0,273289.0,29995
1133238,257608.0,257606.0,30003
1133163,262410.0,260165.0,30004
1133240,262404.0,260165.0,30004
1136708,262076.0,260165.0,30004
1132316,276800.0,260165.0,30004
1133165,262076.0,260165.0,30004
1132317,261446.0,260165.0,30004
1133161,262404.0,260165.0,30004
1133239,261118.0,260165.0,30004
1133164,262410.0,260165.0,30004
1133166,260801.0,260165.0,30004
1133160,262404.0,260165.0,30004
1133207,282563.0,282562.0,30007
1205748,281284.0,282249.0,30010
1142755,14127.0,14155.0,30020
1132373,147839.0,14155.0,30020
1150379,14123.0,14155.0,30020
1144615,15692.0,26162.0,30022
1144583,15692.0,26162.0,30022
1173538,7669.0,7408.0,30036
1304035,343372.0,7408.0,30036
1305255,204.0,7408.0,30036
1304046,19788.0,7408.0,30036
1300732,248.0,7408.0,30036
1304018,269.0,7408.0,30036
1300714,225.0,7408.0,30036
1304019,270.0,7408.0,30036
1304047,19788.0,7408.0,30036
1303248,248.0,7408.0,30036
1304036,7529.0,7408.0,30036
1132422,,54370.0,30044
1132426,364894.0,140.0,30045
1132719,365084.0,14855.0,30047
1220295,18457.0,18471.0,30054
1220392,53404.0,53403.0,30107
1191210,53404.0,53403.0,30107
1202560,16932.0,53403.0,30107
1186285,53404.0,53403.0,30107
1190933,53404.0,53403.0,30107
1136230,21758.0,21098.0,30108
1249988,23153.0,23143.0,30113
1135854,23153.0,23143.0,30113
1143048,42204.0,42203.0,30115
1143086,42204.0,42203.0,30115
1143085,42204.0,42203.0,30115
1132706,375836.0,444.0,30124
1132714,200955.0,200959.0,30129
1247647,376043.0,365067.0,30131
1220547,21759.0,27172.0,30132
1168391,27175.0,27172.0,30132
1168900,27175.0,27172.0,30132
1219124,21761.0,27172.0,30132
1168902,27175.0,27172.0,30132
1219125,21761.0,27172.0,30132
1132740,343339.0,10023.0,30143
1132747,325436.0,9429.0,30148
1132754,150730.0,150727.0,30152
1132763,335996.0,6674.0,30156
1282001,16936.0,16952.0,30175
1157251,359665.0,359664.0,30188
1209654,1138.0,1115.0,30190
1210940,1175.0,1115.0,30190
1210932,1175.0,1115.0,30190
1132845,1175.0,1115.0,30190
1196866,1175.0,1115.0,30190
1210890,1138.0,1115.0,30190
1169650,1175.0,1115.0,30190
1210931,1175.0,1115.0,30190
1221195,1138.0,1115.0,30190
1209536,1175.0,1115.0,30190
1136159,17636.0,4853.0,30215
1137064,76764.0,136956.0,30216
1247844,,136956.0,30216
1196079,76764.0,136956.0,30216
1195297,10302.0,24121.0,30224
1132933,8573.0,23218.0,30225
1132946,9540.0,9519.0,30228
1234802,9040.0,9004.0,30238
1132967,9040.0,9004.0,30238
1133569,248008.0,248962.0,30252
1133442,248961.0,248962.0,30252
1133000,285439.0,248962.0,30252
1133445,285439.0,248962.0,30252
1133557,248008.0,248962.0,30252
1133444,248961.0,248962.0,30252
1133085,14761.0,14852.0,30286
1234806,14761.0,14852.0,30286
1133153,14906.0,14956.0,30338
1285994,262718.0,261118.0,30340
1133159,260166.0,261118.0,30340
1133217,262718.0,261118.0,30340
1298973,22805.0,22852.0,30354
1300619,22805.0,22852.0,30354
1133202,257605.0,252478.0,30366
1312546,274241.0,274240.0,30371
1133218,274241.0,274240.0,30371
1309692,7490.0,7538.0,30372
1133283,5443.0,5435.0,30401
1283315,24201.0,17588.0,30402
1133295,285756.0,81569.0,30408
1302839,5976.0,22086.0,30419
1133354,,473024.0,30431
1133552,22176.0,22157.0,30433
1215683,22176.0,22157.0,30433
1133359,22176.0,22157.0,30433
1133393,,21114.0,30449
1299038,7262.0,7259.0,30464
1299041,7262.0,7259.0,30464
1311683,22896.0,22900.0,30472
1304023,22626.0,7050.0,30476
1305941,22890.0,22895.0,30486
1300916,22890.0,22895.0,30486
1305967,22890.0,22895.0,30486
1310176,22890.0,22895.0,30486
1306904,22890.0,22895.0,30486
1300890,22890.0,22895.0,30486
1300887,22890.0,22895.0,30486
1300889,22890.0,22895.0,30486
1305966,22890.0,22895.0,30486
1300886,22890.0,22895.0,30486
1300893,22890.0,22895.0,30486
1311677,22890.0,22895.0,30486
1300898,22890.0,22895.0,30486
1307158,22890.0,22895.0,30486
1304873,253.0,239.0,30497
1133486,253.0,239.0,30497
1304877,266.0,239.0,30497
1304914,260.0,239.0,30497
1304911,271.0,239.0,30497
1305030,6998.0,6997.0,30498
1304782,6999.0,6997.0,30498
1300666,7019.0,6997.0,30498
1304786,6999.0,6997.0,30498
1305990,6999.0,6997.0,30498
1305993,6999.0,6997.0,30498
1305031,6998.0,6997.0,30498
1305032,6998.0,6997.0,30498
1305033,6998.0,6997.0,30498
1276727,6999.0,6997.0,30498
1300669,7019.0,6997.0,30498
1285265,7019.0,6997.0,30498
1304098,210.0,209.0,30505
1133502,6037.0,22138.0,30510
1303802,22625.0,7071.0,30513
1136207,22660.0,7071.0,30513
1304152,22625.0,7071.0,30513
1309257,199.0,191.0,30520
1304679,199.0,191.0,30520
1281508,199.0,191.0,30520
1304688,250.0,191.0,30520
1304699,168956.0,191.0,30520
1304698,168956.0,191.0,30520
1304772,250.0,191.0,30520
1304641,117.0,118.0,30526
1300824,233.0,196.0,30528
1301429,100.0,196.0,30528
1304894,168.0,196.0,30528
1304907,195.0,196.0,30528
1304909,233.0,196.0,30528
1300827,160.0,196.0,30528
1304902,195.0,196.0,30528
1304901,168.0,196.0,30528
1301428,101.0,196.0,30528
1304896,168.0,196.0,30528
1133525,190.0,196.0,30528
1134546,160.0,196.0,30528
1304908,195.0,196.0,30528
1136364,160.0,196.0,30528
1304374,100.0,196.0,30528
1278418,160.0,196.0,30528
1304897,159.0,196.0,30528
1283123,190.0,196.0,30528
1304957,159.0,196.0,30528
1304912,233.0,196.0,30528
1304891,190.0,196.0,30528
1310734,187.0,161.0,30529
1310989,187.0,161.0,30529
1302035,177.0,161.0,30529
1308800,177.0,161.0,30529
1310735,187.0,161.0,30529
1133526,19772.0,161.0,30529
1300897,108.0,161.0,30529
1302034,177.0,161.0,30529
1309900,220.0,161.0,30529
1302944,220.0,161.0,30529
1309899,220.0,161.0,30529
1310732,19772.0,161.0,30529
1133548,8044.0,8065.0,30543
1216177,8128.0,8065.0,30543
1133558,281930.0,264316.0,30546
1133571,285436.0,285130.0,30550
1216114,280637.0,280638.0,30553
1224892,280329.0,280638.0,30553
1133576,280637.0,280638.0,30553
1224844,280644.0,280638.0,30553
1224839,280635.0,280638.0,30553
1224891,280329.0,280638.0,30553
1224887,280329.0,280638.0,30553
1224858,280641.0,280638.0,30553
1224841,280644.0,280638.0,30553
1224840,280637.0,280638.0,30553
1224928,280644.0,280638.0,30553
1224859,280641.0,280638.0,30553
1224889,280329.0,280638.0,30553
1224860,280641.0,280638.0,30553
1133589,267839.0,259524.0,30562
1133593,264323.0,262721.0,30563
1312544,262720.0,262721.0,30563
1312543,262090.0,262721.0,30563
1133590,264323.0,262721.0,30563
1133620,262090.0,262721.0,30563
1195510,271042.0,268155.0,30564
1133597,271042.0,268155.0,30564
1133627,283841.0,248963.0,30582
1281594,6285.0,6274.0,30589
1178113,74534.0,2091.0,30597
1178112,74534.0,2091.0,30597
1180891,26413.0,16379.0,30601
1223669,26430.0,16379.0,30601
1181264,26430.0,16379.0,30601
1181210,16378.0,16379.0,30601
1181265,26430.0,16379.0,30601
1257661,,536189.0,30602
1133665,,536189.0,30602
1257366,,536189.0,30602
1166188,4004.0,3981.0,30618
1133695,116141.0,3981.0,30618
1181207,116141.0,3981.0,30618
1136177,4004.0,3981.0,30618
1187884,4004.0,3981.0,30618
1166192,4004.0,3981.0,30618
1181206,116141.0,3981.0,30618
1166193,4004.0,3981.0,30618
1179149,20262.0,1769.0,30623
1133706,14818.0,20795.0,30625
1248301,,248004.0,30627
1281266,4922.0,21713.0,30647
1142850,4922.0,21713.0,30647
1276450,17155.0,17151.0,30676
1276449,17155.0,17151.0,30676
1280751,17155.0,17151.0,30676
1276447,17155.0,17151.0,30676
1288267,1718.0,1695.0,30686
1272997,14956.0,14831.0,30700
1134095,14906.0,14831.0,30700
1298490,14906.0,14831.0,30700
1270776,14906.0,14831.0,30700
1270172,14864.0,14831.0,30700
1270789,14906.0,14831.0,30700
1278071,20376.0,20371.0,30715
1282373,4224.0,4313.0,30744
1298606,4224.0,4313.0,30744
1282374,4224.0,4313.0,30744
1299705,4224.0,4313.0,30744
1299703,4224.0,4313.0,30744
1299525,4224.0,4313.0,30744
1303867,6910.0,6890.0,30774
1309895,6096.0,6102.0,30777
1142917,,11602.0,30823
1273513,9891.0,9920.0,30864
1273512,9891.0,9920.0,30864
1287734,9891.0,9920.0,30864
1287733,9891.0,9920.0,30864
1273511,9891.0,9920.0,30864
1246055,8824.0,23448.0,30921
1134809,8824.0,23448.0,30921
1273251,8824.0,23448.0,30921
1225209,8824.0,23448.0,30921
1228774,8824.0,23448.0,30921
1272085,9237.0,9284.0,30942
1285872,19847.0,9284.0,30942
1272505,23533.0,23552.0,30949
1272506,23533.0,23552.0,30949
1272503,23533.0,23552.0,30949
1228138,23540.0,23552.0,30949
1272504,23533.0,23552.0,30949
1225238,23812.0,9816.0,30959
1269344,8879.0,8895.0,30962
1229516,8751.0,23297.0,30971
1225642,8751.0,23297.0,30971
1201511,8751.0,23297.0,30971
1201510,8751.0,23297.0,30971
1134939,10049.0,10018.0,30990
1225420,8995.0,8962.0,30996
1257655,,3369.0,31015
1279226,7124.0,7142.0,31033
1298370,7124.0,7142.0,31033
1298371,7171.0,7142.0,31033
1298373,7171.0,7142.0,31033
1199291,9863.0,9818.0,31037
1207913,20064.0,1263.0,31041
1207916,20064.0,1263.0,31041
1207914,20064.0,1263.0,31041
1207910,20064.0,1263.0,31041
1210304,1314.0,1263.0,31041
1208909,20064.0,1263.0,31041
1200193,1314.0,1263.0,31041
1209374,25303.0,12942.0,31064
1276952,3573.0,31005.0,31152
1282228,19512.0,19506.0,31154
1282268,19512.0,19506.0,31154
1195574,284170.0,284164.0,31221
1205811,284170.0,284164.0,31221
1205812,284170.0,284164.0,31221
1272170,2207.0,2196.0,31229
1135830,,2641.0,31232
1277375,22673.0,7226.0,31246
1249989,7240.0,7226.0,31246
1135855,7240.0,7226.0,31246
1298125,22963.0,22942.0,31249
1135988,11963.0,10230.0,31266
1197927,11171.0,24538.0,31283
1136037,54377.0,21735.0,31285
1146041,14643.0,14724.0,31289
1271047,23651.0,23656.0,31291
1271080,23610.0,23656.0,31291
1269851,23651.0,23656.0,31291
1271050,23651.0,23656.0,31291
1271098,23610.0,23656.0,31291
1136047,23610.0,23656.0,31291
1136057,18753.0,18739.0,31296
1308486,68.0,76.0,31300
1308493,487563.0,76.0,31300
1300188,78.0,76.0,31300
1308492,71.0,76.0,31300
1309163,78.0,76.0,31300
1308503,81.0,76.0,31300
1136088,81.0,76.0,31300
1309179,83.0,76.0,31300
1233009,439454.0,26614.0,31324
1232997,439456.0,26614.0,31324
1233008,,26614.0,31324
1232982,,26614.0,31324
1210075,1503.0,1498.0,31326
1276813,415453.0,1743.0,31329
1276814,20243.0,1743.0,31329
1215726,415453.0,1743.0,31329
1136173,18275.0,18221.0,31331
1304884,109.0,22670.0,31332
1304798,85732.0,22670.0,31332
1136174,6989.0,22670.0,31332
1304799,85732.0,22670.0,31332
1300797,82.0,22670.0,31332
1276726,82.0,22670.0,31332
1304835,22600.0,22670.0,31332
1300794,22600.0,22670.0,31332
1136180,4488.0,322880.0,31336
1136181,12923.0,1231.0,31337
1136190,8501.0,8681.0,31344
1136197,224955.0,35183.0,31350
1136208,349868.0,10232.0,31357
1136210,19907.0,734.0,31359
1163953,108139.0,24172.0,31360
1209772,24189.0,24172.0,31360
1209768,10284.0,24172.0,31360
1201423,10459.0,24172.0,31360
1201444,24245.0,24172.0,31360
1209767,10284.0,24172.0,31360
1201443,24245.0,24172.0,31360
1201449,24245.0,24172.0,31360
1200855,10459.0,24172.0,31360
1201425,10459.0,24172.0,31360
1201422,10459.0,24172.0,31360
1136211,108139.0,24172.0,31360
1209770,24189.0,24172.0,31360
1297564,22364.0,6681.0,31363
1136222,69086.0,7305.0,31365
1287057,69086.0,7305.0,31365
1287087,192.0,7305.0,31365
1287090,7388.0,7305.0,31365
1152437,25889.0,14709.0,31366
1136227,18008.0,18010.0,31368
1136512,344076.0,299200.0,31371
1136235,344076.0,299200.0,31371
1155150,1969.0,197117.0,31374
1155191,126391.0,197117.0,31374
1142969,10426.0,24192.0,31377
1300798,129911.0,102685.0,31387
1300801,129911.0,102685.0,31387
1300800,129911.0,102685.0,31387
1300799,129911.0,102685.0,31387
1136361,129911.0,102685.0,31387
1136362,376636.0,165.0,31388
1136386,115.0,116.0,31395
1308734,118.0,116.0,31395
1304656,115.0,116.0,31395
1143129,66225.0,54371.0,31427
1136699,27217.0,27216.0,31509
1289334,7479.0,7366.0,31514
1276136,7388.0,7366.0,31514
1289354,7388.0,7366.0,31514
1142968,123507.0,24149.0,31529
1273533,23951.0,23959.0,31555
1268289,17068.0,17092.0,31558
1145057,14487.0,14481.0,31563
1158399,3869.0,3906.0,31575
1158383,3869.0,3906.0,31575
1149303,14183.0,25697.0,31584
1267816,11739.0,11774.0,31586
1266762,2198.0,136958.0,31594
1266353,25070.0,25088.0,31598
1266342,25070.0,25088.0,31598
1266352,25070.0,25088.0,31598
1266351,25070.0,25088.0,31598
1266350,25070.0,25088.0,31598
1178561,25634.0,2309.0,31601
1178332,25630.0,2309.0,31601
1163825,25634.0,2309.0,31601
1178333,25630.0,2309.0,31601
1137025,25630.0,2309.0,31601
1163890,25630.0,2309.0,31601
1178562,25634.0,2309.0,31601
1178563,25634.0,2309.0,31601
1138464,25630.0,2309.0,31601
1178560,25634.0,2309.0,31601
1271683,8423.0,228155.0,31610
1271685,8423.0,228155.0,31610
1271684,8423.0,228155.0,31610
1288167,9759.0,9707.0,31614
1278378,27057.0,27023.0,31625
1137167,27076.0,27023.0,31625
1278442,27057.0,27023.0,31625
1306659,27057.0,27023.0,31625
1137379,27011.0,27023.0,31625
1299302,27011.0,27023.0,31625
1289851,222091.0,27023.0,31625
1278382,27076.0,27023.0,31625
1299303,27025.0,27023.0,31625
1278381,27076.0,27023.0,31625
1299305,27011.0,27023.0,31625
1278384,27076.0,27023.0,31625
1137190,8091.0,8149.0,31630
1306522,8124.0,8149.0,31630
1247663,9069.0,23524.0,31646
1249997,9069.0,23524.0,31646
1144610,21355.0,3505.0,31649
1148664,21355.0,3505.0,31649
1148662,21355.0,3505.0,31649
1189766,4538.0,4532.0,31663
1273623,10050.0,10137.0,31704
1137492,10103.0,10137.0,31704
1274254,10050.0,10137.0,31704
1273673,10103.0,10137.0,31704
1277049,25667.0,25668.0,31705
1277051,25667.0,25668.0,31705
1277050,25667.0,25668.0,31705
1207997,930.0,928.0,31709
1205993,2961.0,2920.0,31721
1298458,21703.0,4923.0,31735
1149921,25761.0,25762.0,31739
1137579,25761.0,25762.0,31739
1223180,25797.0,14487.0,31741
1232538,,536367.0,31753
1266238,23946.0,9963.0,31755
1137747,23946.0,9963.0,31755
1266235,23946.0,9963.0,31755
1267733,9972.0,9963.0,31755
1267689,9972.0,9963.0,31755
1267736,9972.0,9963.0,31755
1267690,23946.0,9963.0,31755
1267685,9976.0,9963.0,31755
1267686,9976.0,9963.0,31755
1267683,9976.0,9963.0,31755
1277911,530652.0,530651.0,31756
1307503,530652.0,530651.0,31756
1232460,,473127.0,31766
1232539,,473127.0,31766
1137771,473123.0,473127.0,31766
1137778,473122.0,473127.0,31766
1232471,449046.0,449044.0,31770
1137809,449046.0,449044.0,31770
1150414,3598.0,3603.0,31775
1137838,27365.0,27366.0,31779
1306808,4561.0,21606.0,31790
1309463,9065.0,9036.0,31794
1309466,9065.0,9036.0,31794
1309462,9065.0,9036.0,31794
1137887,9065.0,9036.0,31794
1287489,23825.0,23866.0,31802
1287487,23825.0,23866.0,31802
1287488,23825.0,23866.0,31802
1289578,23930.0,23938.0,31803
1289575,23930.0,23938.0,31803
1289587,23930.0,23938.0,31803
1200003,12112.0,12084.0,31804
1137911,12112.0,12084.0,31804
1222208,12112.0,12084.0,31804
1201951,12112.0,12084.0,31804
1201953,12112.0,12084.0,31804
1220965,20028.0,20030.0,31814
1308529,8982.0,8897.0,31817
1279763,79005.0,79004.0,31822
1283129,45085.0,79004.0,31822
1279761,79005.0,79004.0,31822
1287141,79005.0,79004.0,31822
1287143,45086.0,79004.0,31822
1287146,22622.0,79004.0,31822
1287145,45086.0,79004.0,31822
1287142,79005.0,79004.0,31822
1287140,79005.0,79004.0,31822
1283131,45085.0,79004.0,31822
1196247,11282.0,11319.0,31827
1175040,15428.0,15445.0,31828
1175042,3367.0,15445.0,31828
1175046,15416.0,15445.0,31828
1175047,3367.0,15445.0,31828
1179825,15428.0,15445.0,31828
1175044,15416.0,15445.0,31828
1180082,15416.0,15445.0,31828
1179874,15428.0,15445.0,31828
1137967,415426.0,415425.0,31836
1137971,2189.0,20472.0,31838
1137994,25698.0,25699.0,31850
1138001,24968.0,12294.0,31853
1224939,24968.0,12294.0,31853
1138036,27.0,6569.0,31872
1297961,86050.0,6569.0,31872
1300598,28.0,6569.0,31872
1297960,6584.0,6569.0,31872
1297958,6584.0,6569.0,31872
1280475,19736.0,6569.0,31872
1277198,4572.0,4597.0,31880
1229336,11968.0,11975.0,31881
1198378,652.0,654.0,31882
1201880,652.0,654.0,31882
1216361,652.0,654.0,31882
1303083,6617.0,6653.0,31890
1306845,6617.0,6653.0,31890
1302958,22349.0,6653.0,31890
1276470,93728.0,93727.0,31891
1222133,12250.0,24957.0,31899
1176068,449179.0,20994.0,31918
1206445,2918.0,20994.0,31918
1187214,15548.0,15519.0,31953
1186809,15548.0,15519.0,31953
1150954,15918.0,26262.0,31970
1150956,15918.0,26262.0,31970
1149391,15918.0,26262.0,31970
1149393,15918.0,26262.0,31970
1278674,2157.0,2200.0,31981
1138422,15979.0,3818.0,31986
1150135,15981.0,3818.0,31986
1150173,15989.0,3818.0,31986
1156146,15979.0,3818.0,31986
1150170,15989.0,3818.0,31986
1155503,15979.0,3818.0,31986
1150123,15979.0,3818.0,31986
1150172,15981.0,3818.0,31986
1304253,6182.0,6158.0,32014
1304250,6182.0,6158.0,32014
1166135,19085.0,19069.0,32037
1166134,19085.0,19069.0,32037
1138678,19085.0,19069.0,32037
1299785,18296.0,18373.0,32050
1250996,27133.0,18373.0,32050
1299853,384187.0,18373.0,32050
1299749,27094.0,18373.0,32050
1299850,18347.0,18373.0,32050
1299851,18296.0,18373.0,32050
1181385,240636.0,11888.0,32052
1299789,21736.0,4982.0,32053
1277317,4983.0,4982.0,32053
1179975,345003.0,350091.0,32054
1179795,345003.0,350091.0,32054
1189033,4480.0,4442.0,32058
1142398,14843.0,2661.0,32076
1166300,2715.0,2661.0,32076
1166314,2715.0,2661.0,32076
1266312,4887.0,4882.0,32163
1280296,4553.0,21604.0,32165
1287202,4553.0,21604.0,32165
1142909,25058.0,25098.0,32187
1142951,73245.0,11966.0,32215
1142979,344515.0,24253.0,32236
1164112,12296.0,12288.0,32241
1142997,878.0,111662.0,32250
1257360,,111662.0,32250
1257421,,111662.0,32250
1221857,11412.0,11408.0,32265
1143017,10259.0,24105.0,32269
1143027,24946.0,24926.0,32276
1143093,1875.0,13839.0,32305
1143165,171518.0,24959.0,32347
1143192,,20157.0,32363
1143402,26288.0,15933.0,32403
1143576,2588.0,2607.0,32425
1143500,2588.0,2607.0,32425
1148932,25917.0,25909.0,32472
1143773,2748.0,2754.0,32476
1147802,2830.0,2754.0,32476
1144223,2830.0,2754.0,32476
1144222,2830.0,2754.0,32476
1147804,2830.0,2754.0,32476
1143771,2748.0,2754.0,32476
1149585,3455.0,3406.0,32505
1154891,15974.0,15931.0,32548
1146206,15941.0,15931.0,32548
1146207,15941.0,15931.0,32548
1146883,15974.0,15931.0,32548
1144062,15974.0,15931.0,32548
1144064,15974.0,15931.0,32548
1146209,15941.0,15931.0,32548
1231968,15941.0,15931.0,32548
1145233,15950.0,15931.0,32548
1145497,20893.0,2761.0,32599
1149389,20893.0,2761.0,32599
1160003,20893.0,2761.0,32599
1149415,20893.0,2761.0,32599
1148166,20893.0,2761.0,32599
1144359,370335.0,370334.0,32630
1149054,370332.0,370333.0,32642
1149092,370332.0,370333.0,32642
1149430,3055.0,275196.0,32669
1144536,178567.0,238075.0,32670
1144550,26236.0,15890.0,32674
1152978,26201.0,15861.0,32676
1146897,26236.0,15861.0,32676
1148621,3049.0,21135.0,32686
1154465,3049.0,21135.0,32686
1146663,2926.0,2998.0,32717
1154454,2926.0,2998.0,32717
1148332,2926.0,2998.0,32717
1147202,2926.0,2998.0,32717
1144903,14217.0,14174.0,32746
1145061,25762.0,25765.0,32789
1145205,21462.0,3765.0,32793
1145121,21462.0,3765.0,32795
1145389,2580.0,2572.0,32854
1145399,2580.0,2572.0,32854
1145361,20954.0,2766.0,32856
1155765,20954.0,2766.0,32856
1145375,20954.0,2766.0,32856
1159903,20954.0,2766.0,32856
1147251,2364.0,81243.0,32881
1150133,,21399.0,32951
1145720,15145.0,15104.0,32957
1146021,25873.0,14724.0,33014
1146024,14724.0,25873.0,33017
1146055,25813.0,25873.0,33017
1146487,26068.0,21273.0,33113
1171846,15248.0,21174.0,33118
1146535,15248.0,21174.0,33118
1146513,15034.0,15027.0,33120
1146512,15034.0,15027.0,33120
1146510,15034.0,15027.0,33120
1146516,15034.0,15027.0,33120
1146541,26048.0,15252.0,33130
1147508,26048.0,15252.0,33130
1146557,26048.0,15252.0,33130
1149451,15918.0,15914.0,33161
1150586,2703.0,2680.0,33274
1147181,2703.0,2680.0,33274
1147453,83806.0,2512.0,33316
1147666,2312.0,2345.0,33354
1155017,84771.0,2433.0,33381
1157022,84771.0,2433.0,33381
1147842,84771.0,2433.0,33381
1147845,84771.0,2433.0,33381
1155694,1942.0,2058.0,33421
1155697,1942.0,2058.0,33421
1148355,20436.0,84768.0,33467
1153742,84774.0,2223.0,33516
1153743,84774.0,2223.0,33516
1148515,84774.0,2223.0,33516
1148512,84774.0,2223.0,33516
1149101,279364.0,13529.0,33598
1149098,13579.0,13529.0,33598
1149685,3647.0,3630.0,33664
1149683,3647.0,3630.0,33664
1149725,3647.0,3630.0,33664
1149485,3647.0,3630.0,33664
1149682,3647.0,3630.0,33664
1149601,21340.0,3392.0,33678
1159913,21340.0,3392.0,33678
1149577,,10559.0,33679
1149847,157767.0,13989.0,33713
1150009,383451.0,3589.0,33742
1187148,3613.0,3589.0,33742
1150134,15971.0,3789.0,33756
1151124,50205.0,50204.0,33919
1177376,50209.0,50204.0,33919
1151125,25735.0,25708.0,33920
1272937,16959.0,73900.0,33946
1164260,344523.0,26112.0,33949
1152845,7392.0,22740.0,33964
1152864,15952.0,226244.0,33977
1152939,4586.0,4551.0,34023
1152942,19438.0,27362.0,34026
1164655,3571.0,3600.0,34075
1158537,343949.0,3600.0,34075
1153022,3537.0,3600.0,34075
1164652,21392.0,3600.0,34075
1166039,343948.0,3600.0,34075
1164831,343948.0,3600.0,34075
1164830,343948.0,3600.0,34075
1153035,3319.0,3317.0,34083
1153105,23944.0,9928.0,34120
1153112,12154.0,12163.0,34125
1164675,17241.0,24276.0,34126
1218214,24267.0,24276.0,34126
1218212,24267.0,24276.0,34126
1265880,24267.0,24276.0,34126
1218215,24267.0,24276.0,34126
1283328,20102.0,1411.0,34150
1153142,20102.0,1411.0,34150
1153262,10460.0,10419.0,34183
1217098,280965.0,280966.0,34220
1217168,280965.0,280966.0,34220
1201692,280965.0,280966.0,34220
1218140,280965.0,280966.0,34220
1217169,280965.0,280966.0,34220
1201739,280965.0,280966.0,34220
1217076,280965.0,280966.0,34220
1218142,280965.0,280966.0,34220
1217161,280965.0,280966.0,34220
1218059,287678.0,11958.0,34227
1217867,12010.0,11958.0,34227
1218573,25034.0,12477.0,34238
1218597,25034.0,12477.0,34238
1218574,25034.0,12477.0,34238
1218575,25034.0,12477.0,34238
1218596,25034.0,12477.0,34238
1153307,280967.0,280968.0,34253
1201405,12493.0,25035.0,34261
1153382,12493.0,25035.0,34261
1201403,12493.0,25035.0,34261
1227299,24242.0,24251.0,34266
1200664,12302.0,12320.0,34273
1200662,12302.0,12320.0,34273
1200665,12302.0,12320.0,34273
1153333,12302.0,12320.0,34273
1222228,12462.0,12435.0,34311
1222230,12462.0,12435.0,34311
1222231,12462.0,12435.0,34311
1153390,375259.0,19665.0,34317
1191343,259516.0,19665.0,34317
1153393,19673.0,19671.0,34318
1185121,27343.0,27338.0,34321
1184639,27343.0,27338.0,34321
1185120,27343.0,27338.0,34321
1185154,27343.0,27338.0,34321
1156400,15489.0,3464.0,34350
1153518,15489.0,3464.0,34350
1153519,15489.0,3464.0,34350
1159398,102364.0,102365.0,34357
1153784,2070.0,2155.0,34393
1156168,2070.0,2155.0,34393
1156779,2070.0,2155.0,34393
1153844,2335.0,14184.0,34416
1203270,2335.0,14184.0,34416
1154836,14728.0,20817.0,34467
1154835,14728.0,20817.0,34467
1154809,2034.0,2042.0,34487
1158299,17431.0,17402.0,34511
1154675,20394.0,20391.0,34588
1154741,20391.0,20394.0,34596
1250042,444411.0,13823.0,34614
1164858,3595.0,316475.0,34626
1157830,17404.0,17344.0,34644
1155299,146556.0,146557.0,34682
1159319,102363.0,102058.0,34686
1164282,1640.0,1627.0,34733
1157661,21237.0,3197.0,34790
1164806,375454.0,3058.0,34891
1165091,375454.0,3058.0,34891
1156559,375454.0,3058.0,34891
1164742,375454.0,3058.0,34891
1165191,17357.0,17403.0,34893
1156715,84768.0,20436.0,34910
1165379,3998.0,3999.0,34973
1157614,17355.0,17310.0,35046
1203055,26989.0,18033.0,35130
1174453,27285.0,19116.0,35154
1174452,27285.0,19116.0,35154
1164518,189756.0,189755.0,35158
1158516,17241.0,17203.0,35194
1237748,17247.0,17203.0,35194
1175286,25486.0,25499.0,35210
1210293,11163.0,11180.0,35221
1165783,376684.0,3058.0,35408
1165258,376684.0,3058.0,35408
1160007,25707.0,14355.0,35421
1218165,9749.0,60452.0,35463
1163425,9706.0,60452.0,35463
1176714,72607.0,14619.0,35487
1176707,72607.0,14619.0,35487
1176704,72607.0,14619.0,35487
1176516,72607.0,14619.0,35487
1163816,72607.0,14619.0,35487
1176705,72607.0,14619.0,35487
1176519,72607.0,14619.0,35487
1163817,72607.0,14619.0,35487
1176713,72607.0,14619.0,35487
1176715,72607.0,14619.0,35487
1176477,72607.0,14619.0,35487
1176712,72607.0,14619.0,35487
1163827,20476.0,2309.0,35491
1183811,14633.0,14588.0,35565
1306820,536347.0,25963.0,35581
1306818,536347.0,25963.0,35581
1306819,536347.0,25963.0,35581
1177661,2210.0,365414.0,35583
1183659,14699.0,14616.0,35589
1184444,14699.0,14616.0,35589
1180981,4363.0,4364.0,35603
1177595,4281.0,4364.0,35603
1184487,4363.0,4364.0,35603
1187402,4281.0,4364.0,35603
1184489,4363.0,4364.0,35603
1177593,4281.0,4364.0,35603
1164097,15519.0,3574.0,35626
1186803,26122.0,3574.0,35626
1164250,3234.0,21246.0,35664
1220252,19051.0,19090.0,35681
1164297,21124.0,15105.0,35696
1184565,18872.0,18949.0,35704
1164304,344651.0,343646.0,35706
1164305,246401.0,4114.0,35707
1164441,,3667.0,35727
1187106,4999.0,21734.0,35757
1219266,4999.0,21734.0,35757
1219265,4999.0,21734.0,35757
1164598,21747.0,21743.0,35759
1203242,21747.0,21743.0,35759
1164623,17270.0,17254.0,35763
1164620,17270.0,17254.0,35763
1210150,17227.0,17254.0,35763
1164621,17270.0,17254.0,35763
1164746,17270.0,17254.0,35763
1165472,17247.0,17241.0,35772
1164835,17247.0,17241.0,35775
1164833,17247.0,17241.0,35775
1164802,3757.0,3796.0,35777
1164694,3796.0,3757.0,35778
1164814,263360.0,3543.0,35806
1220349,19085.0,19069.0,35868
1220350,19085.0,19069.0,35868
1220351,19085.0,19069.0,35868
1220410,19085.0,19069.0,35868
1220409,19085.0,19069.0,35868
1165765,3398.0,265927.0,35976
1218537,515.0,500.0,35987
1289857,9705.0,500.0,35987
1228389,9694.0,500.0,35987
1227359,9696.0,500.0,35987
1270859,9705.0,500.0,35987
1218539,515.0,500.0,35987
1228385,9694.0,500.0,35987
1228382,9695.0,500.0,35987
1222790,9696.0,500.0,35987
1228387,9696.0,500.0,35987
1228384,9695.0,500.0,35987
1227382,9705.0,500.0,35987
1228517,9705.0,500.0,35987
1222791,9696.0,500.0,35987
1218536,515.0,500.0,35987
1228516,9705.0,500.0,35987
1228383,9695.0,500.0,35987
1228386,9694.0,500.0,35987
1228514,9705.0,500.0,35987
1165875,3415.0,3411.0,36000
1188684,16439.0,16400.0,36035
1188660,16439.0,16400.0,36035
1166063,16395.0,16400.0,36035
1187331,15916.0,26226.0,36036
1166065,26212.0,26226.0,36036
1190732,21320.0,21309.0,36040
1166075,21320.0,21309.0,36040
1202566,26950.0,26958.0,36050
1202569,26950.0,26958.0,36050
1183895,26945.0,26958.0,36050
1209985,,3278.0,36075
1187401,365119.0,365120.0,36081
1187329,26227.0,26204.0,36083
1219172,19629.0,19633.0,36087
1187888,378108.0,378107.0,36090
1180928,16210.0,26365.0,36093
1180931,16237.0,26365.0,36093
1180847,16210.0,26365.0,36093
1180844,16210.0,26365.0,36093
1180845,16210.0,26365.0,36093
1166996,18658.0,18688.0,36243
1188537,18658.0,18688.0,36243
1167066,18696.0,18688.0,36243
1167018,27180.0,18688.0,36243
1167019,18658.0,18688.0,36243
1184861,18887.0,18924.0,36248
1167023,18824.0,18807.0,36253
1184826,18832.0,18849.0,36263
1167045,18832.0,18849.0,36263
1167071,18924.0,27247.0,36272
1167441,18664.0,18696.0,36276
1185643,19652.0,19647.0,36288
1235082,56931.0,56930.0,36292
1167130,56931.0,56930.0,36292
1185603,56931.0,56930.0,36292
1167368,18499.0,18538.0,36293
1167174,56926.0,56924.0,36303
1167163,56925.0,56924.0,36303
1184994,56925.0,56924.0,36303
1184995,56925.0,56924.0,36303
1167172,56926.0,56924.0,36303
1186195,56926.0,56924.0,36303
1167158,56925.0,56924.0,36303
1167175,56926.0,56924.0,36303
1167203,19622.0,38406.0,36312
1184645,18548.0,18583.0,36313
1184644,18548.0,18583.0,36313
1167270,18548.0,18583.0,36313
1184885,18548.0,18583.0,36313
1167271,18548.0,18583.0,36313
1183625,18648.0,18615.0,36314
1186227,18648.0,18615.0,36314
1167207,18648.0,18615.0,36314
1167735,27181.0,18609.0,36317
1185641,19647.0,19648.0,36327
1167372,18684.0,18703.0,36330
1167373,18684.0,18703.0,36330
1189188,4310.0,4297.0,36337
1219185,18849.0,18813.0,36346
1167374,18684.0,18671.0,36347
1167370,159365.0,159361.0,36356
1188380,159364.0,159361.0,36356
1185294,159365.0,159361.0,36356
1188396,159364.0,159361.0,36356
1188284,159362.0,159361.0,36356
1188395,159364.0,159361.0,36356
1188285,159362.0,159361.0,36356
1185504,159365.0,159361.0,36356
1185502,159365.0,159361.0,36356
1188282,159362.0,159361.0,36356
1188264,18684.0,18686.0,36358
1184650,18706.0,18686.0,36358
1167375,18706.0,18686.0,36358
1184653,18684.0,18686.0,36358
1202279,18218.0,18255.0,36400
1203056,26989.0,18082.0,36418
1202209,18032.0,18082.0,36418
1202177,26989.0,18082.0,36418
1203054,26989.0,18082.0,36418
1167629,18153.0,27049.0,36422
1167631,27061.0,27049.0,36422
1174538,27212.0,18685.0,36465
1168486,27212.0,18685.0,36465
1168439,27212.0,18685.0,36465
1174537,27212.0,18685.0,36465
1167818,27212.0,18685.0,36465
1220383,18998.0,19040.0,36467
1220382,18998.0,19040.0,36467
1220381,18998.0,19040.0,36467
1220380,18998.0,19040.0,36467
1174496,4988.0,21733.0,36484
1219921,21742.0,21733.0,36484
1219922,21742.0,21733.0,36484
1167901,390171.0,21733.0,36484
1203093,21742.0,21733.0,36484
1203212,4988.0,21733.0,36484
1219994,5011.0,21733.0,36484
1167900,390171.0,21733.0,36484
1220031,5011.0,21733.0,36484
1168263,27211.0,27204.0,36544
1168276,27219.0,27211.0,36551
1220320,18176.0,27051.0,36574
1168379,18120.0,27051.0,36574
1219953,18176.0,27051.0,36574
1220810,19068.0,19038.0,36579
1219281,18680.0,18647.0,36603
1219280,18680.0,18647.0,36603
1168467,18680.0,18647.0,36603
1174476,19116.0,27287.0,36614
1168598,19182.0,19200.0,36632
1202425,27019.0,27032.0,36675
1203001,18820.0,18831.0,36682
1219907,18808.0,18831.0,36682
1219904,18808.0,18831.0,36682
1219905,18808.0,18831.0,36682
1203000,18820.0,18831.0,36682
1202999,18820.0,18831.0,36682
1202639,21760.0,27161.0,36728
1219331,21752.0,27145.0,36729
1169046,21752.0,27145.0,36729
1223758,27256.0,27249.0,36744
1174425,27256.0,27249.0,36744
1219793,21225.0,21215.0,36754
1219835,21225.0,21215.0,36754
1219794,21225.0,21215.0,36754
1190350,4191.0,4172.0,36763
1190352,4191.0,4172.0,36763
1169153,4191.0,4172.0,36763
1186604,273916.0,273917.0,36771
1186602,273916.0,273917.0,36771
1169183,,20955.0,36774
1195378,383451.0,21395.0,36776
1215688,343964.0,21395.0,36776
1206338,343965.0,21395.0,36776
1169196,2668.0,2678.0,36780
1220960,13388.0,13352.0,36812
1221059,13388.0,13352.0,36812
1169308,162238.0,162239.0,36814
1169310,162238.0,162239.0,36814
1169368,162246.0,162237.0,36831
1169370,162246.0,162237.0,36831
1211054,19918.0,724.0,36846
1196725,19918.0,724.0,36846
1211053,19918.0,724.0,36846
1196724,19918.0,724.0,36846
1208547,13393.0,13431.0,36850
1169525,12614.0,12548.0,36867
1196941,12614.0,12548.0,36867
1210974,12614.0,12548.0,36867
1169568,10735.0,10814.0,36879
1169570,10735.0,10814.0,36879
1221052,12580.0,12578.0,36888
1210369,1560.0,1606.0,36959
1169998,11229.0,11248.0,36963
1169997,11229.0,11248.0,36963
1208332,12086.0,12121.0,36966
1170055,24840.0,11999.0,36970
1208290,24787.0,11999.0,36970
1201537,12758.0,12813.0,36973
1210461,12758.0,12813.0,36973
1210464,12758.0,12813.0,36973
1210325,12755.0,12813.0,36973
1210386,12758.0,12813.0,36973
1210326,12755.0,12813.0,36973
1207844,12755.0,12813.0,36973
1170059,12755.0,12813.0,36973
1170118,10725.0,10706.0,36989
1170095,10725.0,10706.0,36989
1222349,10725.0,10706.0,36989
1170119,10725.0,10706.0,36989
1209222,24742.0,24760.0,37014
1218628,24742.0,24760.0,37014
1279427,24767.0,24760.0,37014
1209221,24742.0,24760.0,37014
1171502,24742.0,24760.0,37014
1209013,24228.0,10484.0,37034
1196036,11419.0,11428.0,37085
1170425,24644.0,11493.0,37091
1170414,11344.0,24567.0,37098
1170482,24378.0,24393.0,37116
1221739,10799.0,10888.0,37118
1196276,24378.0,10685.0,37125
1196277,10875.0,10724.0,37129
1170533,10785.0,10724.0,37129
1170532,10785.0,10724.0,37129
1196254,10785.0,10724.0,37129
1170550,10745.0,10787.0,37133
1170551,10745.0,10787.0,37133
1196240,10793.0,24432.0,37139
1196239,10793.0,24432.0,37139
1170653,24064.0,10251.0,37167
1170654,24064.0,10251.0,37167
1210111,24064.0,10251.0,37167
1196006,24064.0,10251.0,37167
1196509,24064.0,10251.0,37167
1210587,20198.0,1721.0,37172
1196585,23920.0,9975.0,37178
1209105,11463.0,11455.0,37189
1196283,10446.0,10478.0,37210
1221839,10446.0,10478.0,37210
1170807,24105.0,24174.0,37218
1171220,1121.0,1154.0,37260
1171222,1121.0,1154.0,37260
1171223,1121.0,1154.0,37260
1171224,1121.0,1154.0,37260
1197157,11279.0,11278.0,37273
1196747,11279.0,11278.0,37273
1196746,11279.0,11278.0,37273
1196745,11279.0,11278.0,37273
1171309,1188.0,1161.0,37286
1221921,25532.0,20261.0,37334
1171633,20355.0,20261.0,37334
1221923,20289.0,20261.0,37334
1189630,160315.0,4427.0,37341
1184745,160315.0,4427.0,37341
1191060,160315.0,4427.0,37341
1195332,160315.0,4427.0,37341
1187857,160315.0,4427.0,37341
1184744,160315.0,4427.0,37341
1189674,160315.0,4427.0,37341
1173565,17505.0,17462.0,37357
1281007,26761.0,17497.0,37358
1286214,26750.0,17497.0,37358
1281055,26761.0,17497.0,37358
1306765,246718.0,17497.0,37358
1173566,26750.0,17497.0,37358
1282212,26732.0,17497.0,37358
1280987,21685.0,17497.0,37358
1281054,26766.0,17497.0,37358
1279301,26766.0,17497.0,37358
1281053,26766.0,17497.0,37358
1279487,26750.0,17497.0,37358
1299599,26732.0,17497.0,37358
1279486,26754.0,17497.0,37358
1279437,17511.0,17497.0,37358
1173572,18132.0,18133.0,37360
1281666,6371.0,6387.0,37374
1271429,6371.0,6387.0,37374
1173968,4222.0,4210.0,37380
1219488,21186.0,21156.0,37392
1174002,16210.0,16237.0,37402
1174008,14987.0,15013.0,37406
1183657,4274.0,4318.0,37408
1265544,12696.0,20008.0,37423
1208466,11848.0,11840.0,37447
1207609,24724.0,19970.0,37462
1207612,24724.0,19970.0,37462
1174397,11655.0,19970.0,37462
1174396,24724.0,19970.0,37462
1174526,5021.0,18536.0,37490
1219916,18517.0,18536.0,37490
1219137,91180.0,18536.0,37490
1219918,18517.0,18536.0,37490
1219139,91180.0,18536.0,37490
1219192,91180.0,18536.0,37490
1219127,18517.0,18536.0,37490
1219195,91180.0,18536.0,37490
1188387,27446.0,19599.0,37498
1188278,27446.0,19599.0,37498
1185884,27451.0,19599.0,37498
1202459,26956.0,17939.0,37511
1174723,26956.0,17939.0,37511
1174724,18498.0,18511.0,37512
1180545,15349.0,3315.0,37537
1175947,20981.0,20975.0,37539
1175497,375026.0,1515.0,37549
1174912,375026.0,1515.0,37549
1179303,1352.0,1384.0,37560
1188065,25246.0,12933.0,37571
1176015,25207.0,12747.0,37574
1175000,12824.0,12747.0,37574
1175105,25207.0,12747.0,37574
1176014,25207.0,12747.0,37574
1176012,25207.0,12747.0,37574
1180671,12824.0,12915.0,37575
1180670,12824.0,12915.0,37575
1175662,12921.0,25237.0,37583
1175953,12921.0,25237.0,37583
1175959,12921.0,25237.0,37583
1175649,12921.0,25237.0,37583
1175955,12921.0,25237.0,37583
1175083,16333.0,16407.0,37586
1175078,16351.0,16407.0,37586
1175034,16351.0,16407.0,37586
1179834,15445.0,15412.0,37588
1175048,143999.0,143998.0,37589
1175071,16547.0,26489.0,37599
1175069,16547.0,26489.0,37599
1175068,16540.0,26489.0,37599
1180800,16596.0,26489.0,37599
1180645,16547.0,26489.0,37599
1180646,16547.0,26489.0,37599
1180803,16596.0,26489.0,37599
1175126,25264.0,12878.0,37618
1175148,24851.0,24868.0,37623
1188625,3761.0,3753.0,37640
1175195,26417.0,16378.0,37641
1175203,11934.0,24694.0,37645
1175226,11728.0,24694.0,37645
1175207,11652.0,24694.0,37645
1175204,11652.0,24694.0,37645
1179699,24726.0,24694.0,37645
1175205,11652.0,24694.0,37645
1175201,11821.0,24694.0,37645
1175225,11728.0,24694.0,37645
1175206,24726.0,24694.0,37645
1175202,11934.0,24694.0,37645
1203513,11821.0,24694.0,37645
1175227,11728.0,24694.0,37645
1175265,24873.0,24897.0,37654
1175267,24873.0,24897.0,37654
1234575,,12623.0,37659
1175306,25141.0,12623.0,37659
1175282,25141.0,12623.0,37659
1175283,12863.0,12803.0,37660
1175312,12863.0,12803.0,37660
1175314,12863.0,12803.0,37660
1175289,12677.0,25117.0,37663
1175288,12677.0,25117.0,37663
1195377,12655.0,25117.0,37663
1175329,25056.0,25031.0,37665
1175374,12447.0,25031.0,37665
1175292,25056.0,25031.0,37665
1175375,12447.0,25031.0,37665
1175293,25056.0,25031.0,37665
1175353,25056.0,25031.0,37665
1175324,25056.0,25031.0,37665
1175307,25141.0,12721.0,37672
1175315,12863.0,12908.0,37674
1180288,12421.0,12223.0,37685
1175756,12399.0,12223.0,37685
1175727,12514.0,12223.0,37685
1175712,12421.0,12223.0,37685
1175713,12399.0,12223.0,37685
1175726,12441.0,12223.0,37685
1180330,12441.0,12223.0,37685
1180328,12441.0,12223.0,37685
1175748,12270.0,12223.0,37685
1175725,12514.0,12223.0,37685
1175758,12270.0,12223.0,37685
1175724,12514.0,12223.0,37685
1180289,12399.0,12223.0,37685
1175356,12514.0,12223.0,37685
1195011,12270.0,12223.0,37685
1175467,24693.0,24720.0,37721
1175465,24693.0,24720.0,37721
1175466,24693.0,24720.0,37721
1175511,13459.0,25417.0,37729
1175498,13038.0,13029.0,37734
1175528,13478.0,13441.0,37744
1175529,13478.0,13441.0,37744
1175611,12251.0,12188.0,37761
1178735,123189.0,123188.0,37769
1175622,174719.0,123189.0,37770
1175757,12399.0,12357.0,37802
1175898,25486.0,13542.0,37858
1175917,25528.0,13759.0,37861
1175918,25528.0,13759.0,37861
1175982,20667.0,243842.0,37882
1176081,26001.0,25994.0,37894
1176055,25996.0,25994.0,37894
1176082,25998.0,25994.0,37894
1176052,26001.0,25994.0,37894
1180329,12441.0,12398.0,37918
1176157,2880.0,2841.0,37923
1176165,2880.0,2841.0,37923
1176166,2880.0,2841.0,37923
1176210,1329.0,1385.0,37932
1299154,19318.0,19359.0,37987
1206847,25834.0,25861.0,38073
1206100,25808.0,25819.0,38099
1183819,2571.0,2574.0,38159
1181379,2576.0,2574.0,38159
1207016,2576.0,2574.0,38159
1176953,2576.0,2574.0,38159
1180557,2576.0,2574.0,38159
1207013,2576.0,2574.0,38159
1176975,226235.0,72603.0,38169
1257426,,20603.0,38215
1177104,2193.0,2138.0,38217
1177233,13999.0,13967.0,38270
1232065,20758.0,20750.0,38278
1177913,2096.0,2128.0,38293
1177679,68451.0,50207.0,38307
1187902,26245.0,3767.0,38347
1180654,16636.0,4302.0,38363
1183775,26556.0,26537.0,38376
1183802,73895.0,73894.0,38403
1177713,1989.0,1952.0,38413
1178632,3140.0,3173.0,38416
1177820,3475.0,3462.0,38436
1178144,16150.0,16083.0,38489
1178147,16150.0,16083.0,38489
1178146,16150.0,16083.0,38489
1177996,16150.0,16083.0,38489
1179826,15428.0,15438.0,38493
1178155,20343.0,20366.0,38500
1178270,25628.0,14118.0,38554
1178268,25628.0,14118.0,38554
1178271,25628.0,14118.0,38554
1178269,25628.0,14118.0,38554
1178411,16156.0,16214.0,38584
1179378,16263.0,16214.0,38584
1178927,13662.0,1726.0,38594
1181256,16044.0,16092.0,38598
1178570,20431.0,271680.0,38616
1276504,251847.0,2839.0,38661
1282830,14967.0,2839.0,38661
1279115,279996.0,2839.0,38661
1306811,116471.0,2839.0,38661
1279132,14967.0,2839.0,38661
1279114,251845.0,2839.0,38661
1178809,116471.0,2839.0,38661
1226315,251847.0,2839.0,38661
1279117,365291.0,2839.0,38661
1279118,116471.0,2839.0,38661
1179041,2193.0,2138.0,38690
1178998,13847.0,13875.0,38697
1179157,1678.0,1617.0,38735
1179267,1457.0,1427.0,38751
1179290,1457.0,1427.0,38751
1179291,1457.0,1427.0,38751
1179315,1497.0,1464.0,38756
1179461,1574.0,1494.0,38775
1179460,1574.0,1494.0,38775
1179462,1574.0,1494.0,38775
1179625,11927.0,24784.0,38803
1179626,24745.0,24784.0,38803
1188783,20977.0,2805.0,38880
1179904,20977.0,2805.0,38880
1188756,20929.0,20938.0,38881
1179936,25101.0,12657.0,38883
1179919,25101.0,12657.0,38883
1184440,3113.0,3121.0,38891
1180234,257598.0,257599.0,38893
1180267,257600.0,257599.0,38893
1180264,257600.0,257599.0,38893
1180266,257598.0,257599.0,38893
1179963,25107.0,257599.0,38893
1179961,25107.0,257599.0,38893
1180270,257598.0,257599.0,38893
1179938,25107.0,257599.0,38893
1179960,25107.0,257599.0,38893
1180271,257598.0,257599.0,38893
1179962,25107.0,257599.0,38893
1179983,20947.0,20938.0,38902
1180898,3469.0,3450.0,38914
1184325,3469.0,3450.0,38914
1180245,26477.0,16520.0,38949
1180244,16568.0,16520.0,38949
1180246,26477.0,16520.0,38949
1180247,16390.0,16531.0,38950
1180647,16573.0,16531.0,38950
1180257,16373.0,16531.0,38950
1180256,16373.0,16531.0,38950
1180250,16390.0,16531.0,38950
1180258,16390.0,16531.0,38950
1180644,16573.0,16531.0,38950
1180261,16434.0,16390.0,38952
1180263,16434.0,16390.0,38952
1180262,16434.0,16390.0,38952
1180761,4515.0,4502.0,38959
1180368,26140.0,15649.0,38986
1180831,15649.0,26140.0,38987
1180765,16186.0,16137.0,38988
1180766,16186.0,16137.0,38988
1187403,4281.0,4301.0,39000
1180855,26330.0,26303.0,39004
1180417,26330.0,26303.0,39004
1180852,26330.0,26303.0,39004
1180418,26330.0,26303.0,39004
1180485,15630.0,15635.0,39013
1180617,390722.0,48614.0,39038
1180877,4250.0,4248.0,39052
1180873,4330.0,4248.0,39052
1180879,4250.0,4248.0,39052
1180876,4226.0,4248.0,39052
1180686,344373.0,16818.0,39053
1180700,121579.0,121580.0,39059
1180819,17022.0,16994.0,39083
1180790,26604.0,26602.0,39089
1180789,16989.0,26602.0,39089
1180811,16524.0,16462.0,39096
1188546,4138.0,4208.0,39122
1180972,20849.0,20831.0,39127
1188707,16429.0,16408.0,39132
1188708,16429.0,16408.0,39132
1188712,16429.0,16408.0,39132
1181214,16044.0,16076.0,39150
1181215,16044.0,16076.0,39150
1187841,16044.0,16076.0,39150
1181114,26303.0,16025.0,39157
1182960,8271.0,376.0,39209
1223089,12137.0,12072.0,39213
1221967,24853.0,12072.0,39213
1221912,19996.0,12072.0,39213
1223088,12137.0,12072.0,39213
1221963,12258.0,12072.0,39213
1221966,12225.0,12072.0,39213
1221964,12225.0,12072.0,39213
1182966,12274.0,12072.0,39213
1222937,24853.0,12072.0,39213
1221946,12274.0,12072.0,39213
1221950,12225.0,12072.0,39213
1221965,12137.0,12072.0,39213
1222939,24853.0,12072.0,39213
1184786,18975.0,18980.0,39230
1183710,26015.0,2943.0,39232
1183639,4479.0,4462.0,39234
1185133,19119.0,19185.0,39250
1184879,19239.0,19168.0,39257
1185417,19239.0,19168.0,39257
1186159,19239.0,19168.0,39257
1191066,19212.0,19168.0,39257
1183637,19239.0,19168.0,39257
1185570,19239.0,19168.0,39257
1191067,19212.0,19168.0,39257
1183648,15403.0,3372.0,39264
1247847,377227.0,377212.0,39274
1219570,3968.0,3979.0,39356
1188541,21148.0,3084.0,39425
1184410,21148.0,3084.0,39425
1188539,21148.0,3084.0,39425
1185013,19094.0,19146.0,39453
1184529,26956.0,17963.0,39455
1184528,26956.0,17963.0,39455
1186338,19558.0,19565.0,39468
1195308,27395.0,19428.0,39469
1184713,19613.0,19618.0,39495
1186300,18913.0,18870.0,39510
1184869,18972.0,18870.0,39510
1184803,18913.0,18870.0,39510
1184868,18972.0,18870.0,39510
1184867,18972.0,18870.0,39510
1184821,18913.0,18870.0,39510
1188271,18972.0,18870.0,39510
1184802,18913.0,18870.0,39510
1184866,18972.0,18870.0,39510
1186442,18972.0,18870.0,39510
1186444,18913.0,18870.0,39510
1185035,19648.0,19646.0,39568
1185046,19657.0,19658.0,39571
1185066,18705.0,18770.0,39574
1185084,19410.0,19390.0,39576
1185083,19410.0,19390.0,39576
1185201,27345.0,27339.0,39583
1185182,27345.0,27339.0,39583
1185352,27453.0,38407.0,39593
1186145,19636.0,19635.0,39604
1186144,19630.0,19635.0,39604
1219368,157756.0,157757.0,39619
1219369,157756.0,157757.0,39619
1185618,159367.0,157757.0,39619
1185293,159367.0,157757.0,39619
1188320,157758.0,157757.0,39619
1185619,157758.0,157757.0,39619
1185291,159367.0,157757.0,39619
1185290,159367.0,157757.0,39619
1188321,157758.0,157757.0,39619
1190628,4456.0,4463.0,39621
1186445,19612.0,27451.0,39626
1188399,19620.0,27451.0,39626
1185479,19633.0,19636.0,39628
1185356,19576.0,19574.0,39630
1185683,38408.0,38405.0,39632
1219340,38408.0,38405.0,39632
1219342,38408.0,38405.0,39632
1219343,38408.0,38405.0,39632
1185477,19402.0,19417.0,39657
1185476,19402.0,19422.0,39658
1185474,19402.0,19422.0,39658
1185475,19402.0,19422.0,39658
1185461,19402.0,19422.0,39658
1188374,19268.0,19207.0,39659
1188956,4511.0,4475.0,39666
1185512,4511.0,4475.0,39666
1185700,19425.0,19414.0,39691
1188336,19430.0,19445.0,39731
1188308,19430.0,19445.0,39731
1188323,19470.0,19450.0,39732
1190994,19488.0,19450.0,39732
1188389,19588.0,19600.0,39739
1185899,19564.0,19559.0,39741
1185890,19564.0,19559.0,39741
1185892,19564.0,19559.0,39741
1185891,19559.0,19564.0,39742
1185893,19574.0,19576.0,39743
1186404,27406.0,27395.0,39744
1185895,19477.0,27395.0,39744
1189205,4005.0,4019.0,39823
1189189,4297.0,4310.0,39826
1186373,19561.0,19566.0,39830
1186332,27437.0,19566.0,39830
1189785,4444.0,4431.0,39838
1186456,176960.0,176961.0,39842
1186465,176960.0,176961.0,39842
1186464,176960.0,176961.0,39842
1186455,176960.0,176961.0,39842
1186905,4317.0,4293.0,39911
1219660,4347.0,4298.0,39918
1219662,4347.0,4298.0,39918
1219663,4347.0,4298.0,39918
1190741,47004.0,47005.0,39936
1187689,3084.0,3113.0,39951
1187219,3550.0,3584.0,39966
1216364,26123.0,26121.0,39988
1187454,,3296.0,39995
1187889,,21516.0,40065
1188653,3192.0,3259.0,40090
1188069,3184.0,3220.0,40096
1188143,,3220.0,40096
1188068,3184.0,3220.0,40096
1188850,4462.0,4479.0,40152
1189204,4019.0,4005.0,40298
1189309,4209.0,4213.0,40313
1189324,4209.0,4213.0,40313
1189349,16774.0,16751.0,40327
1189699,344378.0,4388.0,40338
1189701,344378.0,4388.0,40338
1189413,344378.0,4388.0,40338
1189412,344378.0,344377.0,40339
1189411,344378.0,344377.0,40339
1189402,344378.0,344377.0,40339
1189994,21233.0,21254.0,40417
1190074,21254.0,21233.0,40418
1190005,26013.0,15076.0,40419
1203133,26013.0,15076.0,40419
1190002,26013.0,15076.0,40419
1219522,3979.0,4008.0,40423
1257440,,21487.0,40426
1219487,3293.0,3267.0,40429
1219484,3293.0,3267.0,40429
1190397,4194.0,4184.0,40478
1190427,2783.0,20926.0,40482
1190454,2783.0,20926.0,40482
1219839,236157.0,236158.0,40513
1191110,18914.0,18894.0,40567
1202842,,473134.0,40569
1195365,66222.0,26014.0,40634
1195400,284160.0,284161.0,40645
1195401,284160.0,284161.0,40645
1195405,6707.0,6776.0,40647
1281696,6707.0,6776.0,40647
1250942,6707.0,6776.0,40647
1279567,6707.0,6776.0,40647
1279565,6707.0,6776.0,40647
1309310,9094.0,8881.0,40661
1309311,9021.0,8881.0,40661
1297499,9094.0,8881.0,40661
1309313,9021.0,8881.0,40661
1309112,9021.0,8881.0,40661
1311653,9094.0,8881.0,40661
1195428,9094.0,8881.0,40661
1205815,284481.0,284482.0,40682
1205813,284481.0,284482.0,40682
1195585,282555.0,282558.0,40697
1195536,282555.0,282558.0,40697
1195540,282555.0,282558.0,40697
1195586,282555.0,282558.0,40697
1195587,282555.0,282558.0,40697
1289415,22704.0,22714.0,40700
1224785,276479.0,276478.0,40709
1224786,276479.0,276478.0,40709
1195600,269121.0,269120.0,40713
1195606,258242.0,258236.0,40716
1195607,258242.0,258236.0,40716
1195628,270397.0,270395.0,40720
1195631,270397.0,270395.0,40720
1195630,270397.0,270395.0,40720
1195672,270397.0,270395.0,40720
1297490,6110.0,6101.0,40738
1201098,12002.0,24865.0,40765
1210820,10539.0,10621.0,40803
1222300,10862.0,285756.0,40834
1196078,10862.0,285756.0,40834
1200911,24425.0,285756.0,40834
1234463,,285756.0,40834
1196001,31333.0,285756.0,40834
1205875,10725.0,10709.0,40870
1210212,24570.0,24506.0,40893
1196244,11219.0,24506.0,40893
1210210,24571.0,24506.0,40893
1210211,24571.0,24506.0,40893
1210317,24570.0,24506.0,40893
1210209,24570.0,24506.0,40893
1208417,11219.0,24506.0,40893
1221789,24219.0,10368.0,40896
1200582,11645.0,11632.0,40907
1222981,24735.0,11632.0,40907
1223026,24735.0,11632.0,40907
1223013,11645.0,11632.0,40907
1223015,11645.0,11632.0,40907
1222980,24735.0,11632.0,40907
1222983,24735.0,11632.0,40907
1222974,24735.0,11632.0,40907
1197147,11212.0,11190.0,41009
1196779,10753.0,10849.0,41013
1196942,10753.0,10849.0,41013
1196781,10753.0,10849.0,41013
1207441,10729.0,10711.0,41022
1196843,10729.0,10711.0,41022
1207177,10814.0,10846.0,41031
1196888,10814.0,10846.0,41031
1196912,11254.0,11292.0,41042
1208343,1036.0,19987.0,41055
1208297,1036.0,19987.0,41055
1208362,1036.0,19987.0,41055
1208266,927.0,914.0,41061
1208225,927.0,914.0,41061
1208267,927.0,914.0,41061
1208073,928.0,930.0,41063
1233901,,873.0,41071
1211057,24533.0,11168.0,41080
1207817,24904.0,12186.0,41089
1207682,12416.0,12485.0,41093
1211084,10849.0,10847.0,41106
1207495,10849.0,10847.0,41106
1207496,10849.0,10847.0,41106
1211081,10845.0,10847.0,41106
1211082,10845.0,10847.0,41106
1216923,10754.0,10722.0,41156
1216908,10754.0,10722.0,41156
1216867,10754.0,10722.0,41156
1216911,10754.0,10722.0,41156
1216891,10754.0,10722.0,41156
1216920,10754.0,10722.0,41156
1265881,10754.0,10722.0,41156
1216864,10754.0,10722.0,41156
1216888,10754.0,10722.0,41156
1216910,10754.0,10722.0,41156
1216909,10754.0,10722.0,41156
1216921,10754.0,10722.0,41156
1199190,9793.0,9876.0,41157
1197448,31350.0,9876.0,41157
1199171,9793.0,9876.0,41157
1199191,9793.0,9876.0,41157
1200588,9793.0,9876.0,41157
1197486,11702.0,11675.0,41169
1227244,9183.0,9164.0,41198
1197548,8718.0,8644.0,41202
1269567,24264.0,10674.0,41228
1267021,24264.0,10674.0,41228
1216238,10778.0,24389.0,41240
1216619,10778.0,24389.0,41240
1216984,10778.0,24389.0,41240
1217337,12622.0,25094.0,41252
1197869,11427.0,11429.0,41330
1225816,24004.0,10000.0,41336
1197973,24004.0,10000.0,41336
1198005,24004.0,10000.0,41336
1197884,24004.0,10000.0,41336
1228098,554.0,534.0,41337
1197885,554.0,534.0,41337
1228099,554.0,534.0,41337
1198003,554.0,534.0,41337
1223227,12734.0,25149.0,41343
1197922,24341.0,24350.0,41350
1225068,24376.0,10777.0,41351
1197920,24376.0,10777.0,41351
1197993,11250.0,11223.0,41364
1265798,10768.0,10744.0,41365
1198341,10768.0,10744.0,41365
1198338,10768.0,10744.0,41365
1198339,10768.0,10744.0,41365
1198340,10768.0,10744.0,41365
1229428,10704.0,10599.0,41367
1198141,24348.0,10599.0,41367
1227447,10631.0,10599.0,41367
1229427,10704.0,10599.0,41367
1271077,19900.0,663.0,41368
1229501,652.0,663.0,41368
1227930,19900.0,663.0,41368
1197971,205115.0,19883.0,41369
1197970,205115.0,19883.0,41369
1228055,205115.0,19883.0,41369
1197985,595.0,85730.0,41375
1198015,10346.0,10377.0,41387
1200199,12769.0,12779.0,41396
1229284,11315.0,11332.0,41409
1217012,11315.0,11332.0,41409
1229607,11221.0,11253.0,41413
1198184,24348.0,10739.0,41424
1198121,24348.0,10739.0,41424
1198229,10739.0,10770.0,41430
1198138,10739.0,10770.0,41430
1198181,11390.0,11360.0,41432
1222852,10830.0,10800.0,41438
1222903,10830.0,10800.0,41438
1198289,24233.0,10506.0,41467
1229182,11525.0,11457.0,41471
1248302,85730.0,19891.0,41485
1228554,10660.0,10591.0,41514
1198485,9584.0,23776.0,41517
1198483,9584.0,23776.0,41517
1198937,9584.0,23776.0,41517
1198962,9584.0,23776.0,41517
1198955,9584.0,23776.0,41517
1198484,9564.0,23776.0,41517
1198453,9547.0,23697.0,41529
1265727,24977.0,12240.0,41533
1218528,11784.0,11849.0,41536
1198646,12374.0,12380.0,41538
1198914,9544.0,9598.0,41542
1198500,12327.0,12395.0,41547
1198498,12327.0,12395.0,41547
1226168,23665.0,9338.0,41576
1198578,9388.0,9338.0,41576
1226124,9388.0,9338.0,41576
1226169,23665.0,9338.0,41576
1201301,11975.0,11968.0,41577
1266087,12314.0,12374.0,41595
1199590,25079.0,12596.0,41632
1198758,12596.0,12588.0,41637
1198765,12596.0,12588.0,41637
1222305,12572.0,12530.0,41644
1306860,12625.0,12622.0,41669
1224532,9377.0,23657.0,41673
1198877,23687.0,23657.0,41673
1198851,23687.0,23657.0,41673
1198861,23687.0,23657.0,41673
1199488,23687.0,23657.0,41673
1199486,23687.0,23657.0,41673
1217401,10075.0,10161.0,41706
1222322,10178.0,10131.0,41717
1218262,11552.0,11501.0,41738
1199122,12700.0,12719.0,41752
1199123,12700.0,12719.0,41752
1199222,12167.0,12169.0,41759
1218725,11860.0,11832.0,41794
1199327,9523.0,9496.0,41805
1199601,9523.0,9496.0,41805
1222436,12820.0,12903.0,41831
1222270,12820.0,12903.0,41831
1222437,12820.0,12903.0,41831
1222281,12820.0,12903.0,41831
1201192,23789.0,9592.0,41833
1201193,9635.0,9592.0,41833
1199574,24049.0,10113.0,41873
1199669,23941.0,10006.0,41896
1226241,23269.0,8780.0,41903
1199699,9879.0,23908.0,41905
1202045,9879.0,23908.0,41905
1202044,9879.0,23908.0,41905
1202042,9879.0,23908.0,41905
1202043,9879.0,23908.0,41905
1199709,10006.0,23941.0,41907
1199824,24957.0,24964.0,41914
1200918,9626.0,9552.0,41929
1286517,9629.0,9552.0,41929
1201579,9575.0,9552.0,41929
1221353,9589.0,9552.0,41929
1221355,9575.0,9552.0,41929
1227403,9554.0,9552.0,41929
1201613,9575.0,9552.0,41929
1201612,9626.0,9552.0,41929
1270456,9662.0,9552.0,41929
1221344,9605.0,9552.0,41929
1199782,9629.0,9552.0,41929
1201610,9626.0,9552.0,41929
1221354,9589.0,9552.0,41929
1199783,9554.0,9552.0,41929
1221347,9605.0,9552.0,41929
1201597,9554.0,9552.0,41929
1199871,24914.0,24947.0,41955
1201243,24914.0,24947.0,41955
1217936,24733.0,24717.0,41963
1200873,12341.0,24992.0,42000
1221803,12306.0,12356.0,42014
1200313,12370.0,12287.0,42052
1209899,12132.0,12110.0,42085
1200334,12132.0,12110.0,42085
1209834,12132.0,12110.0,42085
1209900,12132.0,12110.0,42085
1200398,25168.0,274565.0,42097
1265558,274564.0,274565.0,42097
1224534,274562.0,274565.0,42097
1265560,274563.0,274565.0,42097
1224535,274566.0,274565.0,42097
1265563,274558.0,12743.0,42099
1265564,274561.0,12743.0,42099
1200400,25168.0,12743.0,42099
1224537,274250.0,12743.0,42099
1224538,274557.0,12743.0,42099
1224540,274249.0,12743.0,42099
1224533,274559.0,12743.0,42099
1224539,274248.0,12743.0,42099
1265562,274560.0,12743.0,42099
1224536,274555.0,12743.0,42099
1200415,12130.0,12180.0,42103
1221717,12208.0,12180.0,42103
1222530,11757.0,11694.0,42116
1219076,11757.0,11694.0,42116
1200465,11757.0,11694.0,42116
1229259,25050.0,12617.0,42145
1229100,12591.0,12617.0,42145
1229101,12618.0,12617.0,42145
1200571,25050.0,12617.0,42145
1229258,12597.0,12617.0,42145
1201634,12294.0,24968.0,42181
1226176,9411.0,9357.0,42196
1222510,12629.0,12607.0,42249
1201103,12737.0,12607.0,42249
1201126,12673.0,12607.0,42249
1222494,25082.0,12607.0,42249
1201128,12673.0,12607.0,42249
1201145,25156.0,12607.0,42249
1201140,25143.0,12607.0,42249
1201141,25124.0,12607.0,42249
1222492,25064.0,12607.0,42249
1201142,12661.0,12607.0,42249
1201170,12679.0,12607.0,42249
1201096,12737.0,12607.0,42249
1222504,12608.0,12607.0,42249
1201138,25124.0,12607.0,42249
1222524,25086.0,12607.0,42249
1201173,12679.0,12607.0,42249
1201143,25156.0,12607.0,42249
1201088,25143.0,12607.0,42249
1222525,12585.0,12607.0,42249
1201139,12681.0,12607.0,42249
1222511,12629.0,12607.0,42249
1201176,12746.0,12735.0,42256
1201175,12746.0,12735.0,42256
1201174,12746.0,12735.0,42256
1201177,12746.0,12735.0,42256
1208286,24787.0,24757.0,42264
1208292,24787.0,24757.0,42264
1205552,12192.0,12241.0,42271
1221661,271047.0,165117.0,42311
1201870,271047.0,165117.0,42311
1201431,10629.0,10526.0,42325
1201433,10629.0,10526.0,42325
1201432,10629.0,10526.0,42325
1201478,10809.0,10766.0,42332
1222796,537446.0,537444.0,42362
1201625,11534.0,24645.0,42371
1309035,8760.0,8650.0,42408
1309034,8760.0,8650.0,42408
1309037,8760.0,8650.0,42408
1201852,23556.0,23548.0,42415
1201864,272316.0,5076.0,42417
1309114,54378.0,8724.0,42422
1309115,8801.0,8724.0,42422
1307278,8801.0,8724.0,42422
1309117,54378.0,8724.0,42422
1201869,8801.0,8724.0,42422
1217546,473084.0,635.0,42426
1216377,644.0,635.0,42426
1216360,644.0,635.0,42426
1228609,473084.0,635.0,42426
1201879,644.0,635.0,42426
1228545,631.0,629.0,42427
1202100,18142.0,18127.0,42462
1202696,18142.0,18127.0,42462
1202229,18142.0,18127.0,42462
1220742,18142.0,18127.0,42462
1220741,18142.0,18127.0,42462
1202489,18121.0,18106.0,42478
1202428,27171.0,5032.0,42504
1219871,27171.0,5032.0,42504
1220493,27171.0,5032.0,42504
1202513,26950.0,17934.0,42509
1202460,26950.0,17934.0,42509
1202461,26950.0,17934.0,42509
1202490,18453.0,18454.0,42516
1220332,18450.0,18453.0,42517
1220339,18450.0,18453.0,42517
1220333,18450.0,18453.0,42517
1203002,18762.0,18764.0,42544
1202934,18762.0,18764.0,42544
1202828,19048.0,18997.0,42572
1202849,18997.0,19048.0,42577
1220713,18997.0,19048.0,42577
1202848,18997.0,19048.0,42577
1202953,27213.0,27202.0,42598
1202952,27213.0,27202.0,42598
1202950,27213.0,27202.0,42598
1202951,27213.0,27202.0,42598
1202976,27213.0,18784.0,42601
1202957,27213.0,18784.0,42601
1202980,27218.0,27213.0,42603
1202978,27218.0,27213.0,42603
1220040,18784.0,27213.0,42603
1202981,27218.0,27213.0,42603
1220042,18784.0,27213.0,42603
1202979,27218.0,27213.0,42603
1203321,19178.0,19175.0,42656
1203530,378031.0,10520.0,42675
1208415,139205.0,10520.0,42675
1203534,7976.0,8028.0,42677
1281727,136329.0,19540.0,42681
1281732,105914.0,19540.0,42681
1203542,136330.0,19540.0,42681
1281731,97563.0,19540.0,42681
1309206,97564.0,19540.0,42681
1203540,97564.0,19540.0,42681
1281730,97564.0,19540.0,42681
1281728,97563.0,19540.0,42681
1307677,136327.0,19540.0,42681
1204979,20448.0,2188.0,42692
1205500,13839.0,1875.0,42719
1208457,11690.0,11687.0,42721
1205503,901.0,11687.0,42721
1208412,11690.0,11687.0,42721
1208458,11690.0,11687.0,42721
1205538,20052.0,13419.0,42736
1207275,13448.0,13419.0,42736
1205679,2289.0,20528.0,42807
1224765,281278.0,281281.0,42838
1224767,281278.0,281281.0,42838
1224779,281280.0,281281.0,42838
1224777,281280.0,281281.0,42838
1224827,281278.0,281281.0,42838
1224766,281278.0,281281.0,42838
1224828,281278.0,281281.0,42838
1224768,281279.0,281281.0,42838
1224784,281279.0,281281.0,42838
1224778,281280.0,281281.0,42838
1224782,281279.0,281281.0,42838
1224780,281280.0,281281.0,42838
1224783,281284.0,281281.0,42838
1224781,281279.0,281281.0,42838
1279552,17746.0,17720.0,42844
1205764,286395.0,17720.0,42844
1279551,17746.0,17720.0,42844
1279549,17795.0,17720.0,42844
1279550,17746.0,17720.0,42844
1216105,279077.0,279355.0,42847
1205823,27324.0,19293.0,42859
1282996,27326.0,19293.0,42859
1282995,27326.0,19293.0,42859
1282993,27324.0,19293.0,42859
1281754,27323.0,19293.0,42859
1281520,19291.0,19293.0,42859
1281518,19291.0,19293.0,42859
1281755,27323.0,19293.0,42859
1205914,25760.0,14443.0,42889
1205915,25760.0,14443.0,42889
1205913,25760.0,14443.0,42889
1205916,25760.0,14443.0,42889
1205972,21068.0,21055.0,42904
1221056,13427.0,13388.0,43084
1221109,13427.0,13388.0,43084
1273695,2011.0,20381.0,43099
1273712,2011.0,20381.0,43099
1273711,20381.0,2011.0,43113
1207273,20381.0,2011.0,43113
1208671,20150.0,20141.0,43131
1207659,10511.0,10548.0,43163
1210400,13487.0,25423.0,43208
1208954,647.0,10551.0,43341
1208981,10601.0,10562.0,43342
1208604,24786.0,24800.0,43394
1208614,11136.0,11163.0,43398
1208631,11163.0,11136.0,43399
1208644,77083.0,599.0,43405
1208748,60447.0,54369.0,43427
1209344,1596.0,1675.0,43437
1223022,11180.0,11192.0,43453
1208973,10609.0,10483.0,43471
1209038,10640.0,10609.0,43475
1209233,13704.0,13707.0,43517
1210981,12473.0,12547.0,43548
1209441,11158.0,11183.0,43572
1209442,11158.0,11183.0,43572
1209678,165116.0,165117.0,43606
1221246,165116.0,165117.0,43606
1223493,19907.0,222715.0,43637
1221897,24813.0,12006.0,43639
1221518,24795.0,12006.0,43639
1223489,11961.0,24795.0,43642
1210133,1741.0,1671.0,43682
1210591,1741.0,1671.0,43682
1210735,1741.0,1671.0,43682
1210145,1741.0,1671.0,43682
1275899,23947.0,9819.0,43692
1210471,25313.0,25303.0,43703
1210430,13301.0,13255.0,43724
1210432,13301.0,13255.0,43724
1210431,13301.0,13255.0,43724
1210429,13301.0,13255.0,43724
1210649,13389.0,13255.0,43724
1210786,1200.0,1234.0,43771
1211001,12666.0,12689.0,43796
1299776,349653.0,50844.0,43875
1215982,50845.0,50844.0,43875
1282059,7316.0,7264.0,43876
1249841,7316.0,7264.0,43876
1215999,7316.0,7264.0,43876
1282060,7316.0,7264.0,43876
1216110,279080.0,279079.0,43903
1216111,280637.0,280635.0,43909
1297917,7540.0,22751.0,43918
1297916,7540.0,22751.0,43918
1299133,7423.0,22751.0,43918
1276774,383597.0,82843.0,43921
1306301,21106.0,82843.0,43921
1216184,19237.0,27322.0,43940
1286002,26765.0,17535.0,43948
1279507,26765.0,17535.0,43948
1216202,17667.0,17688.0,43954
1289158,17667.0,17688.0,43954
1289160,17667.0,17688.0,43954
1289159,17667.0,17688.0,43954
1216206,26575.0,26568.0,43956
1288301,5453.0,5324.0,43957
1306438,5453.0,5324.0,43957
1311026,5278.0,5324.0,43957
1311828,5450.0,5324.0,43957
1311827,5450.0,5324.0,43957
1277286,16359.0,26401.0,43959
1216268,11676.0,11674.0,43966
1216308,10667.0,10747.0,44001
1218646,11566.0,11506.0,44015
1229499,183042.0,654.0,44019
1216562,11157.0,82208.0,44056
1225256,24554.0,11272.0,44099
1222570,10747.0,10820.0,44106
1275629,23470.0,9007.0,44113
1229385,8511.0,8486.0,44138
1229383,8511.0,8486.0,44138
1216873,8511.0,8486.0,44138
1229382,8511.0,8486.0,44138
1217727,24486.0,24483.0,44163
1265862,281275.0,280970.0,44171
1217584,24026.0,10124.0,44178
1218201,12077.0,12124.0,44231
1217358,10791.0,24415.0,44235
1222850,10791.0,24415.0,44235
1217518,444.0,437.0,44269
1222836,8213.0,8123.0,44272
1217581,512.0,521.0,44288
1228732,504.0,521.0,44288
1228741,512.0,521.0,44288
1217737,512.0,521.0,44288
1222789,504.0,521.0,44288
1222788,504.0,521.0,44288
1218019,11631.0,11574.0,44294
1270187,10991.0,10968.0,44300
1228507,22958.0,7994.0,44323
1267910,22958.0,7994.0,44323
1229215,22958.0,7994.0,44323
1218843,11457.0,11525.0,44374
1218125,12048.0,12050.0,44397
1218126,12048.0,12050.0,44397
1218124,12048.0,12050.0,44397
1218913,11913.0,11868.0,44416
1219073,24741.0,24746.0,44420
1219072,24746.0,11771.0,44421
1289802,8797.0,23362.0,44460
1227891,23426.0,23362.0,44460
1218487,11743.0,11722.0,44473
1218565,9432.0,9453.0,44485
1218567,23736.0,9453.0,44485
1272515,23730.0,23738.0,44507
1219445,18717.0,18724.0,44629
1219898,18564.0,18543.0,44708
1220390,19040.0,18998.0,44787
1220388,19040.0,18998.0,44787
1220391,19040.0,18998.0,44787
1220389,19040.0,18998.0,44787
1220540,19013.0,19038.0,44812
1220681,19068.0,19038.0,44812
1220543,19013.0,19038.0,44812
1220707,18997.0,19048.0,44818
1220671,18997.0,19048.0,44818
1220706,18997.0,19048.0,44818
1220701,18997.0,19048.0,44818
1220669,18997.0,19048.0,44818
1220628,27254.0,19013.0,44822
1220762,19073.0,19068.0,44824
1220643,19038.0,19068.0,44824
1220978,25096.0,12601.0,44859
1222451,11340.0,11225.0,44938
1222449,11340.0,11225.0,44938
1221480,11340.0,11225.0,44938
1312429,11340.0,11225.0,44938
1222400,11340.0,11225.0,44938
1221463,123507.0,24123.0,44939
1227610,9720.0,9806.0,45013
1223248,24325.0,24310.0,45017
1221943,11130.0,11134.0,45024
1221942,11130.0,11134.0,45024
1221947,12213.0,12148.0,45032
1221960,12274.0,12345.0,45037
1222124,24740.0,11671.0,45073
1222546,12612.0,12598.0,45129
1222545,12612.0,12598.0,45129
1222506,25091.0,12594.0,45136
1228785,23809.0,9794.0,45167
1228783,23809.0,9794.0,45167
1228737,23809.0,9794.0,45167
1272284,12150.0,12156.0,45193
1272560,12150.0,12156.0,45193
1272283,12150.0,12156.0,45193
1273133,12070.0,12156.0,45193
1273134,12070.0,12156.0,45193
1273131,12070.0,12156.0,45193
1272573,12212.0,12156.0,45193
1268769,12150.0,12156.0,45193
1267559,12070.0,12156.0,45193
1222904,10889.0,10858.0,45198
1222859,10889.0,10858.0,45198
1225838,8566.0,8560.0,45201
1228529,8566.0,8560.0,45201
1225839,8566.0,8560.0,45201
1222871,8566.0,8560.0,45201
1285314,20421.0,2023.0,45313
1281684,4979.0,27080.0,45315
1224523,27072.0,27080.0,45315
1282913,246715.0,2000.0,45317
1282914,187515.0,2000.0,45317
1282916,96294.0,2000.0,45317
1224791,279075.0,279074.0,45333
1224790,279075.0,279074.0,45333
1224857,280641.0,280640.0,45339
1224946,24280.0,24241.0,45353
1227417,23466.0,23389.0,45356
1227415,23466.0,23389.0,45356
1224990,8098.0,8059.0,45365
1308084,8098.0,8059.0,45365
1308082,8098.0,8059.0,45365
1228764,23404.0,23341.0,45401
1225359,23404.0,23341.0,45401
1228765,23404.0,23341.0,45401
1270839,23404.0,23341.0,45401
1225412,147840.0,96298.0,45479
1269187,12127.0,12032.0,45481
1271829,12151.0,12032.0,45481
1269188,12127.0,12032.0,45481
1269236,12127.0,12032.0,45481
1227253,12151.0,12032.0,45481
1225414,12127.0,12032.0,45481
1271830,12151.0,12032.0,45481
1269814,12151.0,12032.0,45481
1225430,9614.0,9700.0,45488
1225828,8040.0,23010.0,45490
1226697,23130.0,8492.0,45499
1273532,9923.0,9779.0,45523
1270035,9923.0,9779.0,45523
1278201,9923.0,9779.0,45523
1225536,9923.0,9779.0,45523
1289571,9923.0,9779.0,45523
1289573,9923.0,9779.0,45523
1270037,9962.0,9903.0,45524
1225537,9923.0,9903.0,45524
1302262,22484.0,22452.0,45561
1302265,22484.0,22452.0,45561
1303035,6796.0,22452.0,45561
1225777,91487.0,91488.0,45584
1226055,16703.0,16694.0,45638
1279777,7520.0,22784.0,45702
1226316,14598.0,14671.0,45705
1279924,14563.0,14671.0,45705
1279923,14563.0,14671.0,45705
1279973,14641.0,14671.0,45705
1277419,14641.0,14671.0,45705
1279922,14563.0,14671.0,45705
1289595,25489.0,13590.0,45706
1273508,13597.0,13590.0,45706
1287609,9870.0,9857.0,45735
1275655,9578.0,9581.0,45747
1276517,15026.0,15004.0,45769
1276467,25982.0,15004.0,45769
1276514,15026.0,15004.0,45769
1276519,15026.0,15004.0,45769
1228624,23009.0,8225.0,45787
1227147,8899.0,8950.0,45801
1226768,8307.0,23086.0,45814
1266292,8320.0,23086.0,45814
1226852,23355.0,23350.0,45818
1226860,23355.0,23350.0,45818
1226786,23355.0,23350.0,45818
1226788,23355.0,23350.0,45818
1226848,2485.0,2488.0,45834
1229363,24276.0,24264.0,45854
1227034,23351.0,23330.0,45869
1227999,23351.0,23330.0,45869
1227035,23351.0,23330.0,45869
1227143,23351.0,23330.0,45869
1270295,23791.0,9712.0,45875
1257558,,23110.0,45881
1227110,9944.0,23921.0,45882
1227550,23148.0,23177.0,45951
1227473,23262.0,8763.0,45952
1227472,23262.0,8763.0,45952
1227480,23228.0,23262.0,45953
1228012,23136.0,23148.0,45974
1228010,23136.0,23148.0,45974
1271894,23836.0,23847.0,45980
1267948,23816.0,23847.0,45980
1227597,23836.0,23847.0,45980
1227596,23836.0,23847.0,45980
1227595,23836.0,23847.0,45980
1265982,55978.0,23153.0,46038
1268114,9194.0,9104.0,46086
1275831,23533.0,9104.0,46086
1271986,9194.0,9104.0,46086
1228162,23637.0,23618.0,46090
1228247,8507.0,8526.0,46105
1228248,8507.0,8526.0,46105
1228451,8486.0,8469.0,46134
1228452,8486.0,8469.0,46134
1228453,8486.0,8469.0,46134
1228450,8486.0,8469.0,46134
1228581,9859.0,23845.0,46169
1271647,11365.0,11343.0,46182
1228614,11365.0,11343.0,46182
1271649,11365.0,11343.0,46182
1265876,23051.0,23031.0,46187
1287801,370272.0,370271.0,46237
1228952,9258.0,23584.0,46238
1269309,9258.0,23584.0,46238
1285884,9258.0,23584.0,46238
1257361,,640.0,46334
1229429,10704.0,10675.0,46335
1229442,10704.0,10675.0,46335
1229584,10324.0,24100.0,46363
1289332,216.0,7368.0,46405
1233031,,477883.0,46450
1233030,,477883.0,46450
1232531,506649.0,63015.0,46458
1232961,,535978.0,46462
1232942,,535978.0,46462
1233024,,535977.0,46463
1232956,,391281.0,46465
1232953,,391281.0,46465
1257455,,14008.0,46492
1257712,,7913.0,46509
1253760,,14484.0,46511
1257447,,1086.0,46512
1257444,,24984.0,46522
1301831,7235.0,22664.0,46523
1276505,7235.0,22664.0,46523
1303953,95.0,22664.0,46523
1307821,7235.0,22664.0,46523
1298837,94.0,22664.0,46523
1298774,126.0,22664.0,46523
1301936,7179.0,22664.0,46523
1235080,7235.0,22664.0,46523
1309418,242238.0,47.0,46526
1235094,50.0,47.0,46526
1298400,50.0,47.0,46526
1266297,9398.0,9428.0,46543
1266295,9398.0,9428.0,46543
1240541,,536734.0,46566
1299377,,536734.0,46566
1300608,21.0,22.0,46595
1249744,22622.0,7073.0,46647
1247659,22622.0,7073.0,46647
1307442,22622.0,7073.0,46647
1248244,537324.0,375247.0,46655
1288777,19752.0,7040.0,46659
1301934,84.0,7040.0,46659
1298422,19750.0,7040.0,46659
1298428,22570.0,7040.0,46659
1298425,19755.0,7040.0,46659
1298429,22564.0,7040.0,46659
1298427,6992.0,7040.0,46659
1288778,19752.0,7040.0,46659
1288673,10294.0,10241.0,46662
1268925,10235.0,10241.0,46662
1268924,10235.0,10241.0,46662
1248320,10294.0,10241.0,46662
1273850,10294.0,10241.0,46662
1289208,10294.0,10241.0,46662
1281233,4943.0,4940.0,46671
1269695,9058.0,9112.0,46672
1308660,23421.0,23332.0,46682
1276944,20314.0,20328.0,46747
1276941,20314.0,20328.0,46747
1288648,22802.0,22823.0,46766
1288626,7521.0,22823.0,46766
1310683,22802.0,22823.0,46766
1288623,7521.0,22823.0,46766
1298776,7521.0,22823.0,46766
1288625,7521.0,22823.0,46766
1298775,22802.0,22823.0,46766
1256892,,7691.0,46824
1257367,,258564.0,46831
1257370,,11985.0,46833
1257409,,22735.0,46837
1257410,,23433.0,46838
1257413,,5051.0,46840
1257414,,264325.0,46841
1257418,,27159.0,46842
1257419,,4489.0,46843
1257424,,25542.0,46845
1280419,9046.0,8981.0,46847
1279238,9046.0,8981.0,46847
1279240,9046.0,8981.0,46847
1257429,,8981.0,46847
1261334,9046.0,8981.0,46847
1302076,9046.0,8981.0,46847
1280420,9046.0,8981.0,46847
1257443,,26678.0,46848
1257445,,16576.0,46849
1257454,,5210.0,46853
1257557,,4830.0,46856
1257569,,377629.0,46860
1303911,7120.0,7190.0,46866
1257596,,476.0,46867
1257626,,20302.0,46876
1257651,,6101.0,46881
1257653,,14180.0,46882
1279081,14713.0,25887.0,46884
1297528,8020.0,7876.0,46928
1265276,11004.0,24476.0,46929
1269340,390721.0,243520.0,46938
1265287,281915.0,243520.0,46938
1265540,389675.0,8216.0,47002
1267976,9881.0,23860.0,47129
1270271,23698.0,9452.0,47135
1266175,23762.0,9477.0,47146
1266178,23762.0,9477.0,47146
1266174,23762.0,9477.0,47146
1266173,23762.0,9477.0,47146
1271967,9139.0,9162.0,47154
1287366,9676.0,9569.0,47160
1273569,23839.0,9893.0,47161
1266219,23839.0,9893.0,47161
1288538,23839.0,9893.0,47161
1305230,23895.0,9893.0,47161
1288535,23895.0,9893.0,47161
1266222,9801.0,9893.0,47161
1270671,23839.0,9893.0,47161
1266220,23897.0,23867.0,47162
1266253,12536.0,12575.0,47170
1269574,11705.0,11714.0,47174
1287932,9939.0,9970.0,47184
1273046,9868.0,9970.0,47184
1278215,9939.0,9970.0,47184
1278212,9939.0,9970.0,47184
1278216,9909.0,9970.0,47184
1285887,9398.0,9369.0,47187
1288025,25522.0,25535.0,47202
1266324,25522.0,25535.0,47202
1266326,25522.0,25535.0,47202
1266333,47028.0,10750.0,47207
1288070,25070.0,25088.0,47209
1266335,25070.0,25088.0,47209
1288067,25070.0,25088.0,47209
1288057,25070.0,25088.0,47209
1288246,25070.0,25088.0,47209
1273576,25119.0,25122.0,47210
1273573,25119.0,25122.0,47210
1273558,25119.0,25122.0,47210
1273556,25119.0,25122.0,47210
1273575,25119.0,25122.0,47210
1273560,25119.0,25122.0,47210
1273559,25119.0,25122.0,47210
1273561,25119.0,25122.0,47210
1289007,25119.0,25122.0,47210
1266371,104.0,145.0,47219
1300915,104.0,145.0,47219
1266374,405771.0,145.0,47219
1300917,405771.0,145.0,47219
1266373,103.0,22676.0,47221
1269662,10270.0,10265.0,47230
1289009,25119.0,25122.0,47245
1268012,25119.0,25122.0,47245
1289008,25119.0,25122.0,47245
1289013,25119.0,25122.0,47245
1268635,25119.0,25122.0,47245
1286685,25119.0,25122.0,47245
1266472,10169.0,24057.0,47252
1285837,316157.0,19813.0,47254
1267570,314.0,19808.0,47259
1287616,314.0,19808.0,47259
1266595,314.0,19808.0,47259
1287615,314.0,19808.0,47259
1287286,10374.0,10287.0,47277
1266570,10374.0,10287.0,47277
1298438,10374.0,10287.0,47277
1266569,10374.0,10287.0,47277
1271444,10332.0,10287.0,47277
1287285,10332.0,10287.0,47277
1287283,10374.0,10287.0,47277
1271544,9015.0,8921.0,47316
1288669,24032.0,24021.0,47318
1267721,24032.0,24021.0,47318
1288674,24032.0,24021.0,47318
1289220,24032.0,24021.0,47318
1267722,24032.0,24021.0,47318
1271496,24654.0,11503.0,47329
1268325,8835.0,8882.0,47365
1266927,23990.0,23975.0,47370
1299801,23990.0,23975.0,47370
1266928,23990.0,23975.0,47370
1267048,8499.0,8450.0,47393
1270977,8499.0,8450.0,47393
1272063,8499.0,8450.0,47393
1270975,8499.0,8450.0,47393
1270978,8499.0,8450.0,47393
1267076,8400.0,8273.0,47399
1267075,8400.0,8273.0,47399
1267086,8346.0,8273.0,47399
1269269,197115.0,8273.0,47399
1267123,8400.0,8273.0,47399
1275712,224637.0,8273.0,47399
1277364,8346.0,8273.0,47399
1272599,8735.0,8816.0,47419
1310602,8735.0,8816.0,47419
1267148,23477.0,23460.0,47422
1267153,23477.0,23460.0,47422
1267154,23477.0,23460.0,47422
1267147,23477.0,23460.0,47422
1268602,23477.0,23460.0,47422
1282220,4678.0,4680.0,47475
1280257,4678.0,4680.0,47475
1285856,8973.0,9097.0,47558
1273175,23306.0,23328.0,47559
1267605,23306.0,23328.0,47559
1275820,23306.0,23328.0,47559
1271729,23572.0,9267.0,47560
1267620,23542.0,9267.0,47560
1269440,23542.0,9267.0,47560
1271730,23572.0,9267.0,47560
1271027,23572.0,9267.0,47560
1287826,23542.0,9267.0,47560
1272605,23572.0,9267.0,47560
1267606,23542.0,9267.0,47560
1267688,23946.0,9976.0,47579
1288675,1961.0,1804.0,47585
1267743,24055.0,10261.0,47593
1267787,8531.0,8590.0,47609
1268416,23020.0,8073.0,47633
1272100,23635.0,9272.0,47635
1271712,23635.0,9272.0,47635
1267877,23635.0,9272.0,47635
1272101,23635.0,9272.0,47635
1271925,23578.0,23586.0,47645
1267937,8793.0,8727.0,47647
1269355,8945.0,8727.0,47647
1267935,8793.0,8727.0,47647
1267938,8793.0,8727.0,47647
1269356,8945.0,8727.0,47647
1269357,8945.0,8727.0,47647
1268515,8806.0,8727.0,47647
1267936,8793.0,8727.0,47647
1275704,378668.0,23853.0,47650
1267984,78049.0,78047.0,47663
1271971,23589.0,9247.0,47686
1268111,23589.0,9247.0,47686
1272028,9264.0,9247.0,47686
1272027,9264.0,9247.0,47686
1271677,158083.0,83804.0,47689
1271675,158083.0,83804.0,47689
1271678,158083.0,83804.0,47689
1271676,158083.0,83804.0,47689
1268119,158084.0,83804.0,47689
1268122,158084.0,83804.0,47689
1273312,11600.0,11562.0,47690
1269572,11705.0,11718.0,47694
1269578,11866.0,11810.0,47696
1271566,11866.0,11810.0,47696
1271526,11866.0,11810.0,47696
1268148,12019.0,11986.0,47700
1268160,8356.0,8362.0,47705
1268159,8356.0,8362.0,47705
1268625,11587.0,11596.0,47715
1268267,8610.0,8643.0,47723
1268245,397.0,389.0,47728
1269302,397.0,389.0,47728
1268243,397.0,389.0,47728
1269301,397.0,389.0,47728
1268253,8774.0,8692.0,47730
1268292,299516.0,11053.0,47740
1268326,8849.0,8829.0,47748
1287281,10358.0,10292.0,47779
1268753,8727.0,8837.0,47793
1268584,407.0,404.0,47806
1268583,407.0,404.0,47806
1268675,23873.0,9858.0,47818
1272316,11371.0,11348.0,47822
1273263,9410.0,23655.0,47830
1269552,9410.0,23655.0,47830
1268729,23671.0,23655.0,47830
1268998,11433.0,11420.0,47894
1271536,11866.0,11815.0,47907
1271134,23630.0,23617.0,47924
1270483,8165.0,23018.0,47930
1270923,8499.0,8450.0,47986
1270974,8499.0,8450.0,47988
1271013,8499.0,8450.0,47988
1270925,8499.0,8450.0,47988
1271011,8499.0,8450.0,47988
1289200,11548.0,11270.0,48034
1289201,11548.0,11270.0,48035
1275716,23856.0,23879.0,48063
1269848,23856.0,23879.0,48063
1269847,23856.0,23879.0,48063
1269849,23856.0,23879.0,48063
1277636,1785.0,20265.0,48096
1270777,14612.0,14688.0,48111
1270347,14688.0,14767.0,48116
1270158,14688.0,14767.0,48116
1273069,25690.0,25668.0,48118
1270742,25690.0,25668.0,48118
1271232,14870.0,14917.0,48122
1272236,25530.0,20323.0,48130
1276621,13795.0,20323.0,48130
1276485,25552.0,20323.0,48130
1276486,13812.0,20323.0,48130
1272238,25530.0,20323.0,48130
1271265,14281.0,14323.0,48134
1271263,14381.0,14323.0,48134
1298819,8033.0,7993.0,48179
1270359,8033.0,7993.0,48179
1298821,8033.0,7993.0,48179
1279159,8033.0,7993.0,48179
1305284,22946.0,7979.0,48180
1305285,22946.0,7979.0,48180
1305283,22946.0,7979.0,48180
1307651,8095.0,8120.0,48181
1308258,8095.0,8120.0,48181
1270374,14986.0,14962.0,48187
1301463,6503.0,6485.0,48200
1310328,22301.0,6485.0,48200
1279028,20505.0,20515.0,48232
1279027,20505.0,20515.0,48232
1278206,9180.0,9119.0,48238
1280209,9057.0,9119.0,48238
1274157,9982.0,9933.0,48246
1277471,9400.0,9365.0,48248
1277480,9265.0,9288.0,48252
1277477,9265.0,9288.0,48252
1287779,9265.0,9288.0,48252
1277479,9265.0,9288.0,48252
1287784,9119.0,23532.0,48271
1278200,9119.0,23532.0,48271
1276306,14917.0,14960.0,48278
1270739,25875.0,14669.0,48280
1273120,14774.0,25875.0,48289
1278130,21599.0,21595.0,48301
1273004,14108.0,14089.0,48305
1273003,14108.0,14089.0,48305
1273008,14095.0,14089.0,48305
1273007,14095.0,14089.0,48305
1287813,9886.0,9860.0,48308
1287264,9886.0,9860.0,48308
1270898,9886.0,9860.0,48308
1289628,9869.0,9860.0,48308
1270896,9886.0,9860.0,48308
1289626,9869.0,9860.0,48308
1270895,9886.0,9860.0,48308
1270897,9916.0,9860.0,48308
1289530,9869.0,9860.0,48308
1271816,23615.0,23626.0,48328
1271225,14493.0,14441.0,48349
1271245,14366.0,14441.0,48349
1280310,20548.0,20581.0,48362
1280301,20548.0,20581.0,48362
1271254,20581.0,2430.0,48364
1271261,26626.0,21629.0,48368
1306494,26626.0,21629.0,48368
1271268,14306.0,14333.0,48370
1271269,14306.0,14333.0,48370
1298212,14300.0,14333.0,48370
1271331,25666.0,25687.0,48378
1277036,25687.0,14310.0,48380
1271450,10278.0,24212.0,48411
1271464,10278.0,24212.0,48411
1272753,23386.0,23359.0,48459
1271852,23379.0,8908.0,48468
1275631,8122.0,8090.0,48473
1271883,8122.0,8090.0,48473
1271939,8122.0,8090.0,48473
1271943,8122.0,8090.0,48473
1271885,8122.0,8090.0,48473
1272155,25569.0,13891.0,48491
1280918,161276.0,3338.0,48510
1297781,15258.0,3338.0,48510
1272200,190087.0,3338.0,48512
1272199,161275.0,3338.0,48512
1272227,4669.0,17155.0,48517
1272228,4669.0,17155.0,48517
1272271,12038.0,11998.0,48524
1272291,12111.0,12064.0,48527
1301538,6101.0,6173.0,48541
1273887,23788.0,9643.0,48544
1272377,23788.0,9643.0,48544
1281511,7376.0,7394.0,48552
1309529,7376.0,7394.0,48552
1308539,7322.0,7329.0,48553
1300161,7363.0,7329.0,48553
1307584,7321.0,7329.0,48553
1300160,7324.0,7329.0,48553
1300158,7363.0,7329.0,48553
1307583,7321.0,7329.0,48553
1286745,7321.0,7329.0,48553
1286746,7324.0,7329.0,48553
1307052,22705.0,7329.0,48553
1279278,22705.0,7329.0,48553
1307016,7322.0,7329.0,48553
1286744,7321.0,7329.0,48553
1307015,7322.0,7329.0,48553
1272433,7339.0,7329.0,48553
1279263,7339.0,7329.0,48553
1311368,22705.0,7329.0,48553
1305768,7363.0,7329.0,48553
1300162,7363.0,7329.0,48553
1309321,7322.0,7329.0,48553
1307051,22705.0,7329.0,48553
1309531,7404.0,7410.0,48554
1309532,7404.0,7410.0,48554
1309547,7374.0,7410.0,48554
1309533,7404.0,7410.0,48554
1309526,7374.0,7410.0,48554
1286743,7376.0,7410.0,48554
1281509,7376.0,7410.0,48554
1309549,7374.0,7410.0,48554
1272434,7376.0,7410.0,48554
1309546,7374.0,7410.0,48554
1277960,14089.0,25625.0,48630
1277959,14089.0,25625.0,48630
1280368,2269.0,14093.0,48639
1272981,2269.0,14093.0,48639
1272979,2269.0,14093.0,48639
1272982,2269.0,14093.0,48639
1273025,14108.0,14095.0,48642
1273005,14108.0,14095.0,48642
1273024,25625.0,14095.0,48642
1273023,25625.0,14095.0,48642
1278214,9775.0,9721.0,48647
1273056,14001.0,14000.0,48652
1273057,14001.0,14000.0,48652
1273055,14001.0,14000.0,48652
1273058,14001.0,14000.0,48652
1273070,25676.0,25670.0,48655
1273074,7185.0,7159.0,48658
1280606,91806.0,2038.0,48663
1278764,1914.0,85409.0,48667
1273224,23196.0,8664.0,48692
1273241,23196.0,8664.0,48692
1273223,23196.0,8664.0,48692
1275914,7984.0,331.0,48693
1273243,7984.0,331.0,48693
1273246,325.0,331.0,48693
1286089,9249.0,23588.0,48696
1273405,10974.0,10934.0,48713
1274081,9643.0,9606.0,48736
1287300,23959.0,23951.0,48742
1287441,9821.0,23864.0,48743
1288539,9753.0,9805.0,48750
1288541,9753.0,9805.0,48750
1273682,25650.0,25648.0,48756
1273677,376206.0,20381.0,48766
1273692,376206.0,2011.0,48769
1273707,20381.0,2011.0,48770
1279945,1920.0,323835.0,48778
1273758,20335.0,13800.0,48781
1286318,9891.0,9815.0,48802
1289024,10228.0,10203.0,48810
1288488,10228.0,10203.0,48810
1273942,24011.0,10168.0,48826
1277931,17058.0,17073.0,48831
1277932,17058.0,17073.0,48831
1277929,17058.0,17073.0,48831
1277930,17058.0,17073.0,48831
1273967,8875.0,8996.0,48832
1273969,8875.0,8996.0,48832
1300521,8875.0,8996.0,48832
1288325,10268.0,10163.0,48835
1273995,9949.0,9973.0,48838
1287644,9949.0,9973.0,48838
1274001,9996.0,9973.0,48838
1274002,14402.0,14440.0,48840
1288534,14489.0,14440.0,48840
1274091,9386.0,9367.0,48850
1297768,25603.0,20421.0,48886
1274286,12631.0,12602.0,48895
1286656,25068.0,12602.0,48895
1274279,25150.0,12602.0,48895
1274342,9890.0,9965.0,48907
1289590,23930.0,9965.0,48907
1300172,344173.0,458668.0,48925
1300195,7898.0,458668.0,48925
1300196,7911.0,458668.0,48925
1275832,23637.0,9396.0,48963
1276063,17719.0,26847.0,48991
1276010,17719.0,26847.0,48991
1306609,17790.0,26856.0,48993
1306608,17790.0,26856.0,48993
1276011,26847.0,17719.0,49000
1276014,26951.0,17917.0,49002
1297699,18056.0,18052.0,49004
1281162,18036.0,18052.0,49004
1280110,135660.0,4885.0,49011
1276039,6536.0,6512.0,49014
1312204,7627.0,7619.0,49022
1312189,7622.0,7619.0,49022
1311857,7622.0,7619.0,49022
1276081,7422.0,7463.0,49029
1276247,7249.0,22673.0,49034
1283189,7304.0,7353.0,49037
1300213,22710.0,7353.0,49037
1300217,7304.0,7353.0,49037
1283191,22709.0,7353.0,49037
1300220,7274.0,7353.0,49037
1287063,22691.0,7353.0,49037
1289418,7274.0,7353.0,49037
1287064,22682.0,7353.0,49037
1300210,22710.0,7353.0,49037
1283250,22691.0,7353.0,49037
1283251,22709.0,7353.0,49037
1283190,7304.0,7353.0,49037
1300244,22710.0,7353.0,49037
1289417,7274.0,7353.0,49037
1283192,22709.0,7353.0,49037
1287042,22682.0,7353.0,49037
1276164,7254.0,22693.0,49051
1276163,22697.0,22693.0,49051
1279849,22694.0,7249.0,49064
1276241,7299.0,7330.0,49080
1283036,7319.0,7330.0,49080
1306128,8132.0,8137.0,49084
1305498,8141.0,8137.0,49084
1306129,8132.0,8137.0,49084
1305495,8068.0,8137.0,49084
1305481,8141.0,8137.0,49084
1305500,8141.0,8137.0,49084
1276251,8141.0,8137.0,49084
1306127,8132.0,8137.0,49084
1305482,8068.0,8137.0,49084
1307907,67504.0,67503.0,49100
1298731,18628.0,27177.0,49110
1299827,27185.0,27177.0,49110
1298748,18628.0,27177.0,49110
1298746,18628.0,27177.0,49110
1299828,27185.0,27177.0,49110
1309511,4949.0,17961.0,49112
1276330,7811.0,7760.0,49119
1276331,7811.0,7760.0,49119
1287046,7757.0,7760.0,49119
1278058,25969.0,25982.0,49126
1286165,375012.0,4594.0,49128
1282416,4580.0,4594.0,49128
1282239,4580.0,4594.0,49128
1276368,14270.0,2409.0,49131
1307817,370388.0,84132.0,49133
1304708,370388.0,84132.0,49133
1307405,370388.0,75164.0,49134
1279985,13978.0,13968.0,49170
1279988,13978.0,13968.0,49170
1279986,13978.0,13968.0,49170
1279987,13978.0,13968.0,49170
1281103,15043.0,15049.0,49180
1276521,25921.0,25905.0,49181
1276599,20518.0,20537.0,49207
1276600,20518.0,20537.0,49207
1281343,17834.0,26897.0,49223
1276650,17834.0,26897.0,49223
1283164,26919.0,17879.0,49233
1276733,17834.0,17879.0,49233
1283161,17834.0,17879.0,49233
1283119,26919.0,17879.0,49233
1283118,26919.0,17879.0,49233
1276736,17834.0,17879.0,49233
1276693,7668.0,7632.0,49243
1312203,7619.0,7632.0,49243
1276696,7632.0,7598.0,49244
1306061,8030.0,8010.0,49252
1276721,8030.0,8010.0,49252
1306059,8030.0,8010.0,49252
1306058,8030.0,8010.0,49252
1312280,310717.0,7952.0,49256
1312351,310717.0,7952.0,49256
1278318,310717.0,7952.0,49256
1309993,7873.0,7952.0,49256
1312353,310717.0,7952.0,49256
1310042,7873.0,7952.0,49256
1309991,7873.0,7952.0,49256
1312354,310717.0,7952.0,49256
1276772,26876.0,26899.0,49266
1302441,26888.0,26899.0,49266
1306294,26887.0,26899.0,49266
1278728,26883.0,26899.0,49266
1278726,26883.0,26899.0,49266
1306293,17863.0,26899.0,49266
1286175,17712.0,26899.0,49266
1306295,26870.0,26899.0,49266
1306296,26870.0,26899.0,49266
1306291,17863.0,26899.0,49266
1276769,26876.0,26899.0,49266
1276775,154565.0,3017.0,49269
1297818,15961.0,3871.0,49281
1298178,21228.0,21230.0,49282
1298180,21206.0,21230.0,49282
1306273,20243.0,1845.0,49291
1276821,26637.0,17068.0,49294
1281360,26832.0,17700.0,49315
1276879,17648.0,17700.0,49315
1281373,17623.0,17700.0,49315
1276878,17648.0,17700.0,49315
1307174,17664.0,17700.0,49315
1307175,17664.0,17700.0,49315
1282727,17623.0,17700.0,49315
1282728,17623.0,17700.0,49315
1276888,192007.0,2081.0,49319
1282909,2081.0,192007.0,49321
1276895,20422.0,20408.0,49326
1276921,17721.0,26838.0,49332
1276924,17712.0,26838.0,49332
1298227,17897.0,17889.0,49333
1276966,169597.0,15707.0,49344
1278352,390590.0,3696.0,49346
1306414,21452.0,3830.0,49353
1277664,82204.0,3183.0,49393
1277662,21213.0,3183.0,49393
1277213,2133.0,20441.0,49398
1277220,17204.0,4682.0,49417
1277218,17183.0,4682.0,49417
1277217,17183.0,4682.0,49417
1277241,22552.0,93723.0,49424
1277226,79004.0,93724.0,49425
1306649,17130.0,26657.0,49428
1280680,17130.0,26657.0,49428
1280678,26664.0,26657.0,49428
1280679,26661.0,26657.0,49428
1278744,17151.0,26657.0,49428
1280662,17130.0,26657.0,49428
1277266,8095.0,8069.0,49434
1278439,8095.0,8069.0,49434
1278437,8095.0,8069.0,49434
1278438,8095.0,8069.0,49434
1277355,20480.0,20503.0,49457
1279006,20480.0,153291.0,49464
1279008,20480.0,153291.0,49464
1277418,25782.0,25805.0,49484
1280967,25782.0,25805.0,49484
1302306,22490.0,6852.0,49489
1302087,22490.0,6852.0,49489
1302096,22490.0,6852.0,49489
1302089,22490.0,6852.0,49489
1303110,22490.0,6852.0,49489
1278064,2112.0,2085.0,49535
1298106,22905.0,22878.0,49544
1286438,7851.0,22878.0,49544
1287104,7757.0,22878.0,49544
1300505,7851.0,22878.0,49544
1306570,7828.0,22878.0,49544
1287106,7757.0,22878.0,49544
1306573,7828.0,22878.0,49544
1298610,7828.0,22878.0,49544
1287105,7757.0,22878.0,49544
1287117,7760.0,22878.0,49544
1287082,7760.0,22878.0,49544
1298064,7828.0,22878.0,49544
1286435,7851.0,22878.0,49544
1286436,7851.0,22878.0,49544
1287115,7760.0,22878.0,49544
1298107,22905.0,22878.0,49544
1298109,22905.0,22878.0,49544
1279921,14598.0,14518.0,49548
1306900,8558.0,8565.0,49589
1281151,25969.0,14965.0,49602
1278039,14965.0,25947.0,49609
1278045,20317.0,20315.0,49610
1286124,2085.0,152955.0,49613
1278062,2112.0,152955.0,49613
1278086,151035.0,2190.0,49620
1278097,6916.0,6883.0,49627
1278182,4498.0,4503.0,49642
1282459,4503.0,4498.0,49652
1278177,4503.0,4519.0,49654
1278287,154558.0,14030.0,49676
1278288,154558.0,14030.0,49676
1281444,154558.0,14030.0,49676
1278286,154558.0,14030.0,49676
1278285,154558.0,14030.0,49676
1278312,20531.0,20490.0,49686
1307215,2299.0,2321.0,49694
1278563,17061.0,17102.0,49738
1278561,17061.0,17102.0,49738
1278564,17061.0,17102.0,49738
1298184,95007.0,95006.0,49749
1286128,20277.0,20274.0,49750
1278675,2157.0,20451.0,49790
1289366,22686.0,7208.0,49806
1287353,22686.0,7208.0,49806
1280819,22686.0,7208.0,49806
1298276,50216.0,50210.0,49813
1304592,376459.0,375710.0,49815
1278790,536283.0,375710.0,49815
1278845,7215.0,7213.0,49832
1307893,20503.0,20484.0,49855
1279004,281918.0,20466.0,49865
1279043,1945.0,207678.0,49872
1279042,255996.0,207678.0,49872
1279046,152955.0,151038.0,49873
1299069,7851.0,7806.0,49875
1299068,7851.0,7806.0,49875
1286009,4667.0,26671.0,49878
1279074,26671.0,4667.0,49879
1279088,142401.0,14713.0,49883
1308057,8075.0,8033.0,49908
1308056,8075.0,8033.0,49908
1304750,8075.0,8033.0,49908
1308054,8075.0,8033.0,49908
1288629,7867.0,7853.0,49909
1302587,6568.0,6564.0,49910
1279203,4721.0,4676.0,49923
1307557,8344.0,8318.0,49929
1306925,8344.0,8318.0,49929
1279244,8344.0,8318.0,49929
1307555,8344.0,8318.0,49929
1287212,4636.0,4618.0,49934
1279298,330558.0,17465.0,49950
1279345,4159.0,4136.0,49963
1299774,4118.0,4136.0,49963
1282394,4159.0,4136.0,49963
1279401,4118.0,4136.0,49963
1299555,21708.0,4929.0,49966
1299543,21708.0,4929.0,49966
1299545,21708.0,4929.0,49966
1299556,21708.0,4929.0,49966
1279375,21544.0,4181.0,49975
1279391,107499.0,4864.0,49983
1302622,375057.0,19737.0,49997
1299598,26764.0,17478.0,50002
1279439,26764.0,17478.0,50002
1282209,26775.0,17478.0,50002
1279438,17475.0,17478.0,50002
1280481,26650.0,21629.0,50031
1279541,17800.0,17790.0,50036
1281227,26882.0,17800.0,50037
1299895,26882.0,17800.0,50037
1312183,7661.0,7686.0,50048
1312182,7661.0,7686.0,50048
1279581,7661.0,7686.0,50048
1311090,7661.0,7686.0,50048
1297559,91811.0,4638.0,50052
1299617,195214.0,21639.0,50056
1289314,7292.0,7294.0,50062
1300640,7292.0,7294.0,50062
1300638,7273.0,7294.0,50062
1298642,7273.0,7294.0,50062
1298644,7309.0,7294.0,50062
1289313,7292.0,7294.0,50062
1279629,16539.0,16542.0,50064
1279638,27305.0,19237.0,50068
1279649,7455.0,7452.0,50072
1309691,64.0,19751.0,50073
1312485,19756.0,19751.0,50073
1279650,19746.0,19751.0,50073
1297546,22454.0,22436.0,50075
1298538,6879.0,22436.0,50075
1298566,6879.0,22436.0,50075
1298557,6978.0,22436.0,50075
1298569,6879.0,22436.0,50075
1279652,6978.0,22436.0,50075
1289850,6879.0,22436.0,50075
1298567,6879.0,22436.0,50075
1289307,17834.0,17849.0,50091
1282613,27429.0,27422.0,50097
1281999,17014.0,26609.0,50115
1288860,17014.0,26609.0,50115
1282780,19464.0,19475.0,50118
1281964,16750.0,16690.0,50121
1281961,16750.0,16690.0,50121
1306398,16813.0,16690.0,50121
1306399,16750.0,16690.0,50121
1281962,16750.0,16690.0,50121
1279860,18632.0,18589.0,50123
1281820,21719.0,4959.0,50137
1298733,18641.0,18634.0,50138
1298732,18641.0,18634.0,50138
1279991,14001.0,13978.0,50164
1279990,14001.0,13978.0,50164
1279989,14001.0,13978.0,50164
1279992,14001.0,13978.0,50164
1279993,20595.0,2430.0,50171
1282008,4337.0,4350.0,50183
1280058,4337.0,4350.0,50183
1304695,113.0,143.0,50193
1310615,144.0,143.0,50193
1310620,144.0,143.0,50193
1310550,343950.0,143.0,50193
1304694,113.0,143.0,50193
1298510,22694.0,7299.0,50203
1280184,4635.0,26630.0,50214
1280178,18107.0,18072.0,50224
1280203,22941.0,7949.0,50230
1300618,22941.0,7949.0,50230
1300621,22941.0,7949.0,50230
1300620,22941.0,7949.0,50230
1311795,8611.0,8504.0,50239
1308346,8416.0,8504.0,50239
1311755,8549.0,8504.0,50239
1308358,8416.0,8504.0,50239
1311467,8549.0,8504.0,50239
1280252,8611.0,8504.0,50239
1311796,8549.0,8504.0,50239
1311797,8549.0,8504.0,50239
1312063,8549.0,8504.0,50239
1308483,8508.0,8420.0,50242
1308913,8508.0,8420.0,50242
1308484,8508.0,8420.0,50242
1308482,8508.0,8420.0,50242
1299051,22283.0,6468.0,50253
1286807,22788.0,22805.0,50287
1286793,22788.0,22805.0,50287
1280416,8761.0,8831.0,50297
1298844,8912.0,8831.0,50297
1280430,4957.0,4963.0,50302
1280446,7974.0,22954.0,50312
1306023,7974.0,22954.0,50312
1280448,7974.0,22954.0,50312
1306839,7993.0,7974.0,50313
1309506,7993.0,7974.0,50313
1309508,7993.0,7974.0,50313
1309509,7993.0,7974.0,50313
1280849,19.0,14.0,50324
1297561,22751.0,7423.0,50328
1286357,7397.0,7386.0,50341
1281653,7397.0,7386.0,50341
1286358,7397.0,7386.0,50341
1280504,7397.0,7386.0,50341
1280517,22951.0,8019.0,50347
1300490,22951.0,8019.0,50347
1300491,22951.0,8019.0,50347
1280519,7326.0,7272.0,50348
1286885,7326.0,7272.0,50348
1286886,7326.0,7272.0,50348
1280520,7298.0,7272.0,50348
1300484,7326.0,7272.0,50348
1300485,7298.0,7272.0,50348
1300483,7298.0,7272.0,50348
1300482,7298.0,7272.0,50348
1280518,7298.0,7272.0,50348
1280531,22773.0,22788.0,50355
1280554,7401.0,7392.0,50359
1280638,7364.0,22716.0,50377
1280714,10991.0,10968.0,50389
1300566,7955.0,22914.0,50402
1306098,22965.0,22914.0,50402
1300626,7955.0,22914.0,50402
1300567,7955.0,22914.0,50402
1280788,22965.0,22914.0,50402
1300569,7955.0,22914.0,50402
1300595,22852.0,22914.0,50402
1280808,7358.0,22734.0,50412
1298343,7358.0,22734.0,50412
1288584,7331.0,22734.0,50412
1304082,7331.0,22734.0,50412
1286528,7384.0,22734.0,50412
1298358,7384.0,22734.0,50412
1298807,19536.0,19524.0,50415
1282297,19520.0,19524.0,50415
1300501,7494.0,7556.0,50423
1298087,7858.0,7844.0,50424
1298098,7858.0,7844.0,50424
1298086,22892.0,7844.0,50424
1298088,22892.0,7844.0,50424
1298100,7858.0,7844.0,50424
1297579,4893.0,4882.0,50462
1281063,63015.0,17756.0,50473
1282214,17812.0,17825.0,50523
1281215,17812.0,17825.0,50523
1281241,4926.0,4915.0,50536
1281361,26895.0,26885.0,50576
1281679,107499.0,21682.0,50653
1283037,17880.0,17873.0,50689
1283004,17880.0,17873.0,50689
1283001,17880.0,17873.0,50689
1281830,21661.0,17293.0,50699
1306108,8065.0,8030.0,50719
1306109,8065.0,8030.0,50719
1307646,8065.0,8030.0,50719
1306106,8065.0,8030.0,50719
1281996,7946.0,22946.0,50721
1281995,7946.0,22946.0,50721
1281993,7946.0,22946.0,50721
1308928,8024.0,7971.0,50727
1308922,8024.0,7971.0,50727
1308926,8024.0,7971.0,50727
1308924,8024.0,7971.0,50727
1281989,7546.0,7621.0,50734
1298960,7546.0,7621.0,50734
1282004,16952.0,16936.0,50738
1282042,16738.0,16725.0,50744
1282068,8418.0,8348.0,50756
1282199,3623.0,21408.0,50802
1282260,26665.0,26666.0,50817
1282284,26665.0,26666.0,50817
1282349,136642.0,283540.0,50837
1288884,4219.0,4182.0,50845
1282385,4219.0,4182.0,50845
1282405,7730.0,7727.0,50851
1282517,19321.0,19334.0,50863
1282451,19381.0,19380.0,50866
1282469,19400.0,27349.0,50867
1282480,19400.0,27349.0,50867
1297698,26639.0,17100.0,50881
1282616,19506.0,27429.0,50904
1298781,19551.0,19536.0,50907
1282696,19370.0,27337.0,50909
1282664,4864.0,4840.0,50917
1282722,27377.0,19416.0,50922
1282697,27367.0,19416.0,50922
1282854,2045.0,20375.0,50935
1282816,160955.0,153291.0,50936
1282907,163196.0,153291.0,50936
1282794,163196.0,153291.0,50936
1282878,187515.0,153291.0,50936
1282879,187515.0,153291.0,50936
1282963,187516.0,207677.0,50962
1305280,22943.0,7946.0,50995
1305278,22943.0,7946.0,50995
1305279,22943.0,7946.0,50995
1283103,22943.0,7946.0,50995
1283177,22768.0,22836.0,51004
1283237,7415.0,22836.0,51004
1283181,22730.0,22836.0,51004
1312267,22730.0,22836.0,51004
1283182,7415.0,22836.0,51004
1288615,7459.0,22836.0,51004
1283183,22730.0,22836.0,51004
1283180,22768.0,22836.0,51004
1283178,22768.0,22836.0,51004
1283184,22730.0,22836.0,51004
1283253,22768.0,22836.0,51004
1298103,22935.0,22925.0,51006
1283186,22935.0,22925.0,51006
1283187,22935.0,22925.0,51006
1298143,22935.0,22925.0,51006
1301666,22925.0,22911.0,51012
1298144,22925.0,22911.0,51012
1298142,22925.0,22911.0,51012
1283256,7415.0,22745.0,51024
1288982,10030.0,10073.0,51081
1287878,9857.0,9802.0,51096
1285956,18078.0,4969.0,51108
1306691,4973.0,4969.0,51108
1299852,384187.0,18244.0,51158
1306792,6721.0,6697.0,51199
1287029,22773.0,7382.0,51202
1287030,22773.0,7382.0,51202
1286415,22773.0,7382.0,51202
1287028,22773.0,7382.0,51202
1286474,6.0,2.0,51214
1286489,8.0,2.0,51214
1298281,7455.0,7489.0,51231
1286533,7549.0,7643.0,51243
1286823,7549.0,7643.0,51243
1286534,7549.0,7643.0,51243
1286824,7519.0,7643.0,51243
1286825,7519.0,7643.0,51243
1286826,7519.0,7643.0,51243
1286538,7349.0,7344.0,51245
1297891,7642.0,7680.0,51247
1286543,7642.0,7680.0,51247
1286637,22394.0,22382.0,51269
1286655,25129.0,25068.0,51278
1286667,12710.0,12744.0,51283
1307433,151036.0,2189.0,51292
1307432,151036.0,2189.0,51292
1298409,7666.0,7614.0,51296
1298407,7666.0,7614.0,51296
1286818,7615.0,7614.0,51296
1286816,7495.0,7614.0,51296
1286815,7495.0,7614.0,51296
1286822,7615.0,7614.0,51296
1297581,7495.0,7614.0,51296
1286820,7615.0,7614.0,51296
1298408,7666.0,7614.0,51296
1286747,7666.0,7614.0,51296
1286821,7615.0,7614.0,51296
1286764,7144.0,7107.0,51303
1305438,7144.0,7107.0,51303
1286766,7144.0,7107.0,51303
1298416,7144.0,7107.0,51303
1286813,7487.0,7488.0,51311
1286790,7487.0,7488.0,51311
1286796,22760.0,7488.0,51311
1286795,22760.0,7488.0,51311
1286805,22760.0,7488.0,51311
1286798,22760.0,7488.0,51311
1286909,6435.0,6482.0,51317
1286835,6435.0,6482.0,51317
1307279,8821.0,8914.0,51344
1309116,8821.0,8914.0,51344
1312547,376209.0,376208.0,51351
1286996,376209.0,376208.0,51351
1288570,359595.0,26630.0,51352
1286999,359595.0,26630.0,51352
1306571,22905.0,22888.0,51367
1287165,22622.0,45087.0,51373
1287152,7976.0,8118.0,51376
1300557,8081.0,8118.0,51376
1287195,21604.0,4553.0,51385
1287198,19748.0,6850.0,51387
1287260,718.0,299516.0,51392
1288297,375246.0,2200.0,51414
1287469,23912.0,9993.0,51425
1287484,1662.0,1580.0,51428
1287504,13661.0,1580.0,51428
1289003,25119.0,25122.0,51430
1287536,25119.0,25122.0,51430
1289022,25215.0,12741.0,51467
1287747,1550.0,1554.0,51471
1288129,9322.0,23604.0,51482
1288130,9322.0,23604.0,51482
1287860,9781.0,9767.0,51488
1287839,9781.0,9767.0,51488
1287859,9781.0,9767.0,51488
1287842,9781.0,9767.0,51488
1287841,9781.0,9767.0,51488
1288164,9771.0,9659.0,51495
1288000,12074.0,12061.0,51508
1288114,25088.0,25070.0,51518
1288113,25088.0,25070.0,51518
1288231,25088.0,25070.0,51518
1288112,25088.0,25070.0,51518
1288079,9994.0,9904.0,51520
1288204,9845.0,9904.0,51520
1288060,9845.0,9904.0,51520
1288081,9994.0,9904.0,51520
1289011,25122.0,25119.0,51529
1288337,25173.0,25110.0,51552
1288406,13123.0,13181.0,51561
1288563,22628.0,22634.0,51583
1288592,19735.0,20.0,51592
1288808,7267.0,7278.0,51599
1288612,7267.0,7278.0,51599
1288810,7267.0,7278.0,51599
1288613,22703.0,7278.0,51599
1288611,22703.0,7278.0,51599
1288614,22703.0,7278.0,51599
1288762,6749.0,22394.0,51621
1288839,54.0,55.0,51628
1288804,7278.0,7261.0,51637
1288840,61085.0,22586.0,51642
1288869,21756.0,18481.0,51648
1288928,365035.0,18485.0,51651
1288879,18530.0,18507.0,51652
1288940,27144.0,18414.0,51665
1300049,18421.0,18414.0,51665
1300053,18437.0,18414.0,51665
1300047,18421.0,18414.0,51665
1299567,27131.0,18414.0,51665
1300048,18421.0,18414.0,51665
1299569,27144.0,18414.0,51665
1307149,5129.0,5086.0,51669
1288993,25115.0,25066.0,51680
1289032,25172.0,25066.0,51680
1289019,12912.0,25244.0,51686
1300417,7737.0,7724.0,51724
1309232,7933.0,7724.0,51724
1307700,7737.0,7724.0,51724
1308001,7846.0,7724.0,51724
1300431,7933.0,7724.0,51724
1309216,7933.0,7724.0,51724
1300430,7933.0,7724.0,51724
1309281,7910.0,7724.0,51724
1309215,7933.0,7724.0,51724
1309283,7846.0,7724.0,51724
1300513,7910.0,7724.0,51724
1309228,7737.0,7724.0,51724
1289855,21687.0,21684.0,51794
1306682,27129.0,18490.0,51800
1299787,113907.0,18490.0,51800
1299835,27140.0,18490.0,51800
1289865,27129.0,18490.0,51800
1299836,27140.0,18490.0,51800
1297507,19161.0,27307.0,51816
1299611,18910.0,18897.0,51823
1299669,18910.0,18897.0,51823
1297534,4856.0,4854.0,51831
1300100,7972.0,7935.0,51838
1297565,344971.0,222.0,51845
1297569,7502.0,7573.0,51846
1297926,7652.0,7573.0,51846
1304320,94374.0,5099.0,51852
1297602,7719.0,7766.0,51856
1307068,6837.0,6820.0,51861
1311367,6837.0,6820.0,51861
1308563,58.0,6820.0,51861
1297617,58.0,6820.0,51861
1297619,5974.0,5954.0,51862
1305131,5950.0,5954.0,51862
1297646,22178.0,22170.0,51864
1310499,6085.0,22170.0,51864
1307056,7416.0,7378.0,51869
1297666,7416.0,7378.0,51869
1307054,7416.0,7378.0,51869
1297694,20547.0,20540.0,51882
1297860,26952.0,26980.0,51954
1306138,7608.0,7642.0,51957
1306140,7608.0,7642.0,51957
1297871,7608.0,7642.0,51957
1297867,7642.0,22847.0,51958
1298072,7742.0,7693.0,51992
1309319,7477.0,7468.0,52031
1298315,7452.0,7490.0,52032
1298387,94366.0,42.0,52055
1298389,41.0,42.0,52055
1298363,40.0,42.0,52055
1298366,51.0,43.0,52056
1298430,60.0,48.0,52078
1298431,60.0,48.0,52078
1298552,19762.0,19760.0,52105
1300010,17014.0,26609.0,52132
1309299,8800.0,8741.0,52142
1309021,8800.0,8741.0,52142
1309020,8800.0,8741.0,52142
1309298,8800.0,8741.0,52142
1298739,8800.0,8741.0,52142
1309260,27441.0,19551.0,52147
1298892,22926.0,22909.0,52155
1298890,22926.0,22909.0,52155
1298891,22926.0,22909.0,52155
1298893,22926.0,22909.0,52155
1311757,6067.0,6081.0,52157
1298953,7986.0,8012.0,52171
1299008,6705.0,22399.0,52182
1299124,16533.0,16512.0,52183
1299171,5953.0,5955.0,52209
1299323,26634.0,17099.0,52241
1299336,27002.0,27000.0,52247
1299422,229115.0,4760.0,52268
1299593,17954.0,26953.0,52310
1299606,18561.0,5049.0,52316
1299642,21639.0,17213.0,52325
1299830,18394.0,18367.0,52371
1299870,18400.0,18367.0,52371
1299871,18417.0,18367.0,52371
1299823,18394.0,18367.0,52371
1299782,18400.0,18367.0,52371
1299872,18394.0,18367.0,52371
1299832,18400.0,18367.0,52371
1299841,18344.0,18384.0,52375
1299804,18401.0,18344.0,52377
1300031,18661.0,18638.0,52387
1309207,18353.0,27131.0,52430
1300016,21690.0,4880.0,52436
1300089,9063.0,9042.0,52451
1305473,9063.0,9042.0,52451
1305470,9063.0,9042.0,52451
1305472,9063.0,9042.0,52451
1300113,7980.0,7968.0,52461
1300137,6014.0,6003.0,52466
1310692,5973.0,5986.0,52467
1305198,5973.0,5986.0,52467
1311330,6005.0,5992.0,52472
1300154,8764.0,8775.0,52473
1305626,22714.0,7301.0,52486
1300381,7684.0,22841.0,52508
1307746,7910.0,7861.0,52516
1309267,22471.0,22438.0,52517
1309266,22471.0,22438.0,52517
1309269,22471.0,22438.0,52517
1309263,8292.0,8291.0,52523
1309264,8292.0,8291.0,52523
1309265,8292.0,8291.0,52523
1300464,7517.0,7524.0,52528
1300496,7648.0,7609.0,52535
1300607,24.0,19.0,52560
1300961,6512.0,6528.0,52562
1304090,7893.0,7918.0,52567
1300695,255368.0,269.0,52575
1304057,7103.0,7031.0,52576
1300735,22426.0,6716.0,52587
1300759,22410.0,22444.0,52595
1300905,22410.0,22444.0,52595
1303173,22433.0,22444.0,52595
1303170,22433.0,22444.0,52595
1300935,22856.0,7796.0,52620
1300984,7702.0,7796.0,52620
1310751,7702.0,7796.0,52620
1300934,22856.0,7796.0,52620
1301015,22866.0,7705.0,52629
1301017,22866.0,7705.0,52629
1301014,22866.0,7705.0,52629
1310816,22856.0,50218.0,52632
1301774,7776.0,7826.0,52638
1301776,7776.0,7826.0,52638
1301777,7776.0,7826.0,52638
1302031,22950.0,7896.0,52647
1304666,22952.0,7896.0,52647
1304299,22952.0,7896.0,52647
1302934,7959.0,7896.0,52647
1304663,22952.0,7896.0,52647
1302937,7959.0,7896.0,52647
1304665,7959.0,7896.0,52647
1301009,22952.0,7896.0,52647
1304669,22950.0,7896.0,52647
1301139,22950.0,7896.0,52647
1308215,6834.0,6898.0,52664
1302136,22563.0,22521.0,52682
1302140,22563.0,22521.0,52682
1302326,22563.0,22521.0,52682
1302327,22563.0,22521.0,52682
1301305,6952.0,6935.0,52707
1303499,22294.0,22290.0,52737
1310355,6092.0,6096.0,52741
1301452,6092.0,6096.0,52741
1302688,6367.0,6362.0,52743
1304242,22503.0,22489.0,52751
1301505,22503.0,22489.0,52751
1304219,6351.0,6322.0,52772
1301576,22240.0,22244.0,52773
1301577,22240.0,22244.0,52773
1301627,7776.0,7769.0,52787
1301628,7776.0,7769.0,52787
1301775,7776.0,7769.0,52787
1301626,7776.0,7769.0,52787
1302066,7803.0,7841.0,52821
1301874,6287.0,6286.0,52837
1302202,22553.0,7037.0,52843
1303152,22553.0,7037.0,52843
1301983,22553.0,7037.0,52843
1302219,22553.0,7037.0,52843
1303496,6336.0,6313.0,52873
1302962,115.0,93.0,52888
1302285,22605.0,22585.0,52897
1302139,22605.0,22585.0,52897
1302289,22605.0,22585.0,52897
1302158,2014.0,2079.0,52901
1302567,6811.0,22462.0,52905
1302209,6810.0,6789.0,52907
1302206,6810.0,6789.0,52907
1302207,6810.0,6789.0,52907
1302300,7034.0,7074.0,52938
1303538,330237.0,330236.0,53025
1302922,330237.0,330236.0,53025
1302929,330235.0,330236.0,53025
1303219,7287.0,7290.0,53067
1303185,22395.0,22410.0,53068
1303414,6860.0,22457.0,53069
1303186,22428.0,22457.0,53069
1303504,22428.0,22449.0,53117
1303934,6824.0,22449.0,53117
1303936,6824.0,22449.0,53117
1303937,22428.0,22449.0,53117
1303935,6824.0,22449.0,53117
1303503,22428.0,22449.0,53117
1303636,92774.0,92773.0,53140
1303966,22424.0,22401.0,53187
1304030,247.0,7505.0,53191
1304079,7694.0,22872.0,53201
1310666,22126.0,6042.0,53216
1312236,8497.0,8277.0,53226
1309755,8359.0,8277.0,53226
1312235,8497.0,8277.0,53226
1309757,8359.0,8277.0,53226
1304148,8352.0,8277.0,53226
1309754,8352.0,8277.0,53226
1312237,8497.0,8277.0,53226
1309751,8359.0,8277.0,53226
1312234,8497.0,8277.0,53226
1307276,8352.0,8277.0,53226
1304196,22136.0,6063.0,53233
1308147,7971.0,22943.0,53256
1304351,7995.0,22943.0,53256
1306038,7971.0,22943.0,53256
1304407,37117.0,37118.0,53264
1304510,7891.0,7877.0,53283
1310555,114.0,113.0,53306
1304766,125.0,152.0,53314
1304746,125.0,152.0,53314
1304815,22545.0,22536.0,53327
1310718,6729.0,6747.0,53331
1304893,162.0,195.0,53340
1310394,100765.0,100766.0,53360
1310354,6083.0,6092.0,53361
1310946,6083.0,6092.0,53361
1310314,6044.0,49250.0,53381
1305295,7990.0,22954.0,53389
1306041,7990.0,22954.0,53389
1305436,21871.0,5460.0,53413
1311569,9016.0,8977.0,53422
1306896,22919.0,7925.0,53433
1305617,5906.0,22074.0,53442
1309081,8722.0,8636.0,53443
1308310,8587.0,8636.0,53443
1309066,8722.0,8636.0,53443
1305621,8722.0,8636.0,53443
1308311,8587.0,8636.0,53443
1309067,8722.0,8636.0,53443
1306074,8587.0,8636.0,53443
1305676,8714.0,8604.0,53454
1305674,8714.0,8604.0,53454
1307126,8714.0,8604.0,53454
1308713,9010.0,8960.0,53455
1305794,8380.0,8321.0,53465
1309970,8335.0,8374.0,53468
1311682,22900.0,22896.0,53483
1310706,22900.0,22896.0,53483
1305935,22900.0,22896.0,53483
1305926,22900.0,22896.0,53483
1311672,22900.0,22896.0,53483
1305934,22900.0,22896.0,53483
1310152,22900.0,22896.0,53483
1311684,22900.0,22896.0,53483
1310153,22900.0,22896.0,53483
1305937,22900.0,22896.0,53483
1305949,22900.0,22896.0,53483
1310151,22900.0,22896.0,53483
1305948,22900.0,22896.0,53483
1305927,22900.0,22896.0,53483
1306084,23058.0,23074.0,53495
1306225,26606.0,17007.0,53524
1306240,26606.0,17007.0,53524
1306222,26606.0,17007.0,53524
1306588,18152.0,18132.0,53609
1308769,8988.0,9033.0,53649
1307756,7830.0,7807.0,53666
1307754,7830.0,7807.0,53666
1307757,7830.0,7807.0,53666
1306931,7763.0,7807.0,53666
1306923,7763.0,7807.0,53666
1306933,7763.0,7807.0,53666
1307755,7717.0,7734.0,53668
1307062,9021.0,8983.0,53698
1307117,8168.0,8185.0,53714
1309377,23674.0,9443.0,53719
1309338,9414.0,9443.0,53719
1307133,9414.0,9443.0,53719
1309341,9414.0,9443.0,53719
1309374,23674.0,9443.0,53719
1307956,23674.0,9443.0,53719
1309375,23674.0,9443.0,53719
1309376,23674.0,9443.0,53719
1307132,9414.0,9443.0,53719
1307292,8713.0,8648.0,53745
1307290,8713.0,8648.0,53745
1307365,8713.0,8648.0,53745
1307363,8713.0,8648.0,53745
1307303,5921.0,5915.0,53747
1307336,5921.0,5915.0,53747
1307302,5921.0,5915.0,53747
1307305,5921.0,5915.0,53747
1307337,5921.0,5915.0,53747
1307309,5906.0,22076.0,53749
1307453,151035.0,151036.0,53761
1307450,151035.0,151036.0,53761
1307451,151035.0,151036.0,53761
1307379,20278.0,13730.0,53766
1308515,8246.0,8291.0,53787
1308517,8246.0,8291.0,53787
1307478,8246.0,8291.0,53787
1308102,5936.0,22082.0,53808
1307596,8042.0,8024.0,53812
1308304,8042.0,8024.0,53812
1308305,8042.0,8024.0,53812
1307619,8069.0,8042.0,53815
1307618,8069.0,8042.0,53815
1308293,8069.0,8042.0,53815
1309824,8583.0,23232.0,53825
1308842,23248.0,8641.0,53873
1308844,23248.0,8641.0,53873
1308843,23248.0,8641.0,53873
1308308,23248.0,8641.0,53873
1309502,8009.0,8059.0,53893
1309505,8009.0,8059.0,53893
1309504,8009.0,8059.0,53893
1308251,8047.0,8046.0,53915
1308295,22948.0,8046.0,53915
1309083,8555.0,8587.0,53916
1308463,8168.0,8092.0,53953
1308487,57.0,62.0,53964
1308505,85.0,81.0,53967
1308562,58.0,63.0,53978
1308610,19764.0,79.0,53989
1308636,7537.0,7508.0,53996
1308991,9039.0,59175.0,54014
1309142,8772.0,8743.0,54059
1309105,8772.0,8743.0,54059
1309143,8772.0,8743.0,54059
1309104,8772.0,8743.0,54059
1309159,136.0,121.0,54069
1309235,8012.0,7991.0,54082
1309358,23508.0,23447.0,54094
1310855,8902.0,8905.0,54175
1310857,8902.0,8905.0,54175
1310992,6025.0,6031.0,54176
1310993,6025.0,6031.0,54176
1311006,6025.0,6031.0,54176
1311013,6025.0,6031.0,54176
1311102,9033.0,9038.0,54181
1310006,7829.0,7793.0,54182
1310319,6087.0,6093.0,54226
1310995,22130.0,6040.0,54280
1311373,6020.0,6005.0,54326
1311332,6020.0,6005.0,54326
1311537,264966.0,264965.0,54327
1311336,264966.0,264965.0,54327
1311339,264966.0,264965.0,54327
1311522,264966.0,264965.0,54327
1311535,264966.0,264965.0,54327
1311525,264966.0,264965.0,54327
1311341,264966.0,264965.0,54327
1311493,7776.0,7769.0,54341
1311470,7776.0,7769.0,54341
1311492,7776.0,7769.0,54341
1311914,136315.0,23427.0,54377
