BADGE,CURRENT_TRANSFORMER_OLD,RECOMMENDED_TRANSFORMER_OLD,CLUSTER_OLD,CURRENT_TRANSFORMER_NEW,RECOMMENDED_TRANSFORMER_NEW,CLUSTER_NEW,STATUS
1000524,,,,,3771.0,3.0,newly_flagged
1000526,,1517.0,4.0,,1517.0,4.0,unchanged
1000560,,,,19819.0,19823.0,23.0,newly_flagged
1000561,296.0,285.0,25.0,296.0,285.0,24.0,unchanged
1000564,19848.0,446.0,28.0,19848.0,461.0,27.0,recommendation_changed
1000565,461.0,446.0,28.0,,,,no_longer_flagged
1000616,5581.0,5579.0,67.0,5581.0,5579.0,66.0,unchanged
1000622,5565.0,5555.0,71.0,5565.0,5555.0,70.0,unchanged
1000629,,,,5544.0,5541.0,72.0,newly_flagged
1000630,,,,5546.0,5541.0,72.0,newly_flagged
1000634,,,,5547.0,5541.0,72.0,newly_flagged
1000648,153928.0,21901.0,88.0,153928.0,21901.0,84.0,unchanged
1000649,153929.0,21901.0,88.0,153929.0,21901.0,84.0,unchanged
1000655,5573.0,5569.0,90.0,5573.0,5569.0,86.0,unchanged
1000657,5573.0,5569.0,90.0,5573.0,5569.0,86.0,unchanged
1000658,5570.0,5569.0,90.0,5570.0,5569.0,86.0,unchanged
1000661,5558.0,453995.0,92.0,5558.0,453995.0,88.0,unchanged
1000666,5576.0,221438.0,72.0,5576.0,221438.0,71.0,unchanged
1000672,535963.0,535975.0,98.0,535963.0,535974.0,94.0,recommendation_changed
1000679,5563.0,5569.0,90.0,5563.0,5569.0,86.0,unchanged
1000680,58523.0,5555.0,71.0,58523.0,5555.0,70.0,unchanged
1000681,5564.0,5555.0,71.0,5564.0,5555.0,70.0,unchanged
1000685,5580.0,221438.0,72.0,5580.0,221438.0,71.0,unchanged
1000692,,,,21893.0,21894.0,59.0,newly_flagged
1000698,,,,21904.0,21906.0,105.0,newly_flagged
1000711,,,,399.0,402.0,117.0,newly_flagged
1000727,221438.0,5576.0,59.0,221438.0,5576.0,58.0,unchanged
1000734,5522.0,5520.0,132.0,5522.0,5520.0,127.0,unchanged
1000738,,375316.0,135.0,,375316.0,130.0,unchanged
1000772,19689.0,19690.0,158.0,19689.0,19690.0,152.0,unchanged
1000775,19689.0,19690.0,158.0,19689.0,19690.0,152.0,unchanged
1000779,19840.0,426.0,164.0,19840.0,426.0,158.0,unchanged
1000782,5504.0,5509.0,166.0,5504.0,5509.0,160.0,unchanged
1000795,,383756.0,176.0,,383756.0,170.0,unchanged
1000803,236.0,19796.0,182.0,236.0,19796.0,176.0,unchanged
1000804,171195.0,7771.0,183.0,171195.0,7771.0,177.0,unchanged
1000808,19816.0,346.0,186.0,19816.0,346.0,143.0,unchanged
1000810,334.0,346.0,186.0,334.0,346.0,143.0,unchanged
1000816,5507.0,5509.0,166.0,5507.0,5509.0,160.0,unchanged
1000818,5504.0,5509.0,166.0,5504.0,5509.0,160.0,unchanged
1000828,5507.0,5509.0,166.0,5507.0,5509.0,160.0,unchanged
1000832,19676.0,19679.0,199.0,19676.0,19679.0,191.0,unchanged
1000836,19677.0,19676.0,200.0,19677.0,19676.0,192.0,unchanged
1000841,19709.0,5495.0,204.0,19709.0,5495.0,195.0,unchanged
1000849,19681.0,19678.0,208.0,,,,no_longer_flagged
1000850,19681.0,19678.0,208.0,,,,no_longer_flagged
1000851,19688.0,19678.0,208.0,,,,no_longer_flagged
1000864,19688.0,19678.0,208.0,19688.0,19681.0,198.0,recommendation_changed
1000866,19681.0,19678.0,208.0,,,,no_longer_flagged
1000867,19681.0,19678.0,208.0,,,,no_longer_flagged
1000884,19688.0,19704.0,225.0,,,,no_longer_flagged
1000885,19688.0,19704.0,225.0,,,,no_longer_flagged
1000886,,,,19693.0,19688.0,216.0,newly_flagged
1000887,19688.0,19704.0,225.0,,,,no_longer_flagged
1000892,5474.0,5472.0,229.0,5474.0,5472.0,219.0,unchanged
1000893,83807.0,5465.0,216.0,83807.0,5465.0,207.0,unchanged
1000970,10502.0,24265.0,273.0,10502.0,24265.0,257.0,unchanged
1000972,,725.0,275.0,,725.0,259.0,unchanged
1000990,19706.0,19708.0,284.0,19706.0,19708.0,267.0,unchanged
1000993,94692.0,296.0,286.0,94692.0,296.0,269.0,unchanged
1000995,296.0,285.0,25.0,296.0,285.0,24.0,unchanged
1000997,443.0,446.0,28.0,443.0,461.0,27.0,recommendation_changed
1001004,,,,381.0,19827.0,274.0,newly_flagged
1001005,,,,381.0,19827.0,274.0,newly_flagged
1001006,,,,381.0,19827.0,274.0,newly_flagged
1001010,,,,19849.0,461.0,27.0,newly_flagged
1001016,440.0,446.0,28.0,440.0,461.0,27.0,recommendation_changed
1001018,454.0,441.0,300.0,454.0,441.0,280.0,unchanged
1001049,219.0,218.0,310.0,219.0,218.0,289.0,unchanged
1001052,242.0,219.0,309.0,242.0,219.0,288.0,unchanged
1001054,19802.0,219.0,309.0,19802.0,219.0,288.0,unchanged
1001074,374.0,360.0,324.0,374.0,360.0,301.0,unchanged
1001075,,,,374.0,355.0,303.0,newly_flagged
1001096,400.0,388.0,338.0,400.0,395.0,297.0,recommendation_changed
1001100,,,,381.0,19827.0,274.0,newly_flagged
1001138,,,,484.0,491.0,339.0,newly_flagged
1001153,74844.0,19767.0,373.0,74844.0,19767.0,349.0,unchanged
1001187,205.0,238.0,391.0,205.0,238.0,366.0,unchanged
1001191,376203.0,63005.0,394.0,376203.0,63005.0,369.0,unchanged
1001194,221.0,19785.0,396.0,,,,no_longer_flagged
1001206,19831.0,405.0,399.0,19831.0,405.0,372.0,unchanged
1001212,19775.0,281919.0,393.0,19775.0,281919.0,368.0,unchanged
1001232,446.0,19848.0,408.0,446.0,19848.0,379.0,unchanged
1001245,268161.0,294.0,188.0,268161.0,294.0,181.0,unchanged
1001247,268161.0,294.0,188.0,268161.0,294.0,181.0,unchanged
1001251,19799.0,282.0,417.0,19799.0,282.0,388.0,unchanged
1001252,19804.0,290.0,418.0,19804.0,290.0,389.0,unchanged
1001256,268161.0,294.0,188.0,268161.0,294.0,181.0,unchanged
1001258,268161.0,294.0,188.0,268161.0,294.0,181.0,unchanged
1001259,320.0,294.0,188.0,320.0,294.0,181.0,unchanged
1001266,19821.0,19820.0,421.0,19821.0,19820.0,391.0,unchanged
1001279,,,,19819.0,19823.0,23.0,newly_flagged
1001280,40284.0,282.0,417.0,40284.0,282.0,388.0,unchanged
1001281,40284.0,282.0,417.0,40284.0,282.0,388.0,unchanged
1001282,279.0,19794.0,427.0,279.0,282.0,388.0,recommendation_changed
1001289,,,,19799.0,282.0,388.0,newly_flagged
1001292,286.0,282.0,436.0,286.0,282.0,403.0,unchanged
1001293,279.0,282.0,417.0,279.0,282.0,388.0,unchanged
1001303,495.0,484.0,363.0,495.0,491.0,339.0,recommendation_changed
1001307,505.0,484.0,363.0,505.0,491.0,339.0,recommendation_changed
1001344,,,,19794.0,282.0,388.0,newly_flagged
1001346,,,,19794.0,282.0,388.0,newly_flagged
1001373,244.0,232.0,475.0,244.0,232.0,440.0,unchanged
1001379,268161.0,298.0,375.0,268161.0,298.0,351.0,unchanged
1001382,255.0,232.0,475.0,255.0,232.0,440.0,unchanged
1001389,438.0,446.0,28.0,438.0,461.0,27.0,recommendation_changed
1001390,,,,446.0,461.0,27.0,newly_flagged
1001400,430.0,446.0,487.0,430.0,446.0,450.0,unchanged
1001401,302.0,323.0,412.0,302.0,323.0,383.0,unchanged
1001403,440.0,441.0,300.0,440.0,441.0,280.0,unchanged
1001404,,,,438.0,430.0,451.0,newly_flagged
1001405,438.0,446.0,487.0,438.0,446.0,450.0,unchanged
1001407,19843.0,438.0,490.0,19843.0,438.0,453.0,unchanged
1001409,232.0,244.0,476.0,232.0,244.0,441.0,unchanged
1001412,433.0,441.0,300.0,433.0,441.0,280.0,unchanged
1001415,433.0,446.0,28.0,433.0,461.0,27.0,recommendation_changed
1001422,,,,446.0,461.0,27.0,newly_flagged
1001427,392.0,238717.0,500.0,392.0,19827.0,274.0,recommendation_changed
1001435,,,,564.0,30685.0,468.0,newly_flagged
1001439,30689.0,30685.0,512.0,30689.0,30685.0,468.0,unchanged
1001462,19819.0,19823.0,422.0,19819.0,19823.0,392.0,unchanged
1001524,19825.0,375.0,551.0,19825.0,375.0,506.0,unchanged
1001532,766.0,732.0,555.0,766.0,732.0,510.0,unchanged
1001536,296.0,285.0,25.0,296.0,285.0,24.0,unchanged
1001538,296.0,285.0,25.0,296.0,285.0,24.0,unchanged
1001551,296.0,285.0,25.0,296.0,285.0,24.0,unchanged
1001556,94692.0,285.0,25.0,94692.0,285.0,24.0,unchanged
1001562,221.0,19785.0,396.0,,,,no_longer_flagged
1001572,221.0,19785.0,396.0,,,,no_longer_flagged
1001576,,,,399.0,19827.0,274.0,newly_flagged
1001578,9403.0,19852.0,575.0,9403.0,19852.0,526.0,unchanged
1001580,,,,399.0,19827.0,274.0,newly_flagged
1001582,399.0,390.0,578.0,399.0,390.0,528.0,unchanged
1001583,,,,399.0,19827.0,274.0,newly_flagged
1001591,,,,19785.0,221.0,370.0,newly_flagged
1001592,221.0,19785.0,396.0,,,,no_longer_flagged
1001623,19825.0,375.0,551.0,19825.0,375.0,506.0,unchanged
1001632,19799.0,282.0,417.0,19799.0,282.0,388.0,unchanged
1001635,19801.0,282.0,417.0,19801.0,282.0,388.0,unchanged
1001659,19798.0,264.0,434.0,19798.0,264.0,401.0,unchanged
1001662,,,,19799.0,282.0,388.0,newly_flagged
1001664,699.0,697.0,610.0,699.0,697.0,553.0,unchanged
1001666,365405.0,365403.0,612.0,365405.0,365412.0,555.0,recommendation_changed
1001688,327.0,322.0,568.0,327.0,322.0,522.0,unchanged
1001692,341.0,323.0,607.0,341.0,323.0,552.0,unchanged
1001727,,,,19785.0,221.0,370.0,newly_flagged
1001748,227.0,212.0,657.0,227.0,212.0,592.0,unchanged
1001764,7721.0,274.0,665.0,7721.0,274.0,600.0,unchanged
1001770,,,,7771.0,285.0,24.0,newly_flagged
1001780,230.0,255.0,477.0,230.0,255.0,442.0,unchanged
1001786,19782.0,227.0,650.0,19782.0,227.0,587.0,unchanged
1001789,19831.0,405.0,672.0,19831.0,405.0,605.0,unchanged
1001794,157.0,185.0,570.0,157.0,185.0,524.0,unchanged
1001797,209597.0,209598.0,675.0,209597.0,209599.0,608.0,recommendation_changed
1001808,87331.0,727.0,679.0,87331.0,727.0,612.0,unchanged
1001815,428.0,362.0,684.0,428.0,362.0,616.0,unchanged
1001824,309.0,299.0,531.0,309.0,299.0,486.0,unchanged
1001827,,,,316.0,299.0,486.0,newly_flagged
1001829,158717.0,158731.0,693.0,,,,no_longer_flagged
1001847,,,,316.0,299.0,486.0,newly_flagged
1001866,,,,84773.0,378.0,618.0,newly_flagged
1001868,,,,238717.0,19827.0,274.0,newly_flagged
1001881,84773.0,385.0,584.0,84773.0,385.0,533.0,unchanged
1001888,274.0,268.0,664.0,274.0,268.0,599.0,unchanged
1001891,268.0,238.0,723.0,268.0,238.0,648.0,unchanged
1001900,,,,375329.0,375330.0,650.0,newly_flagged
1001902,,,,375329.0,375330.0,650.0,newly_flagged
1001903,,,,375329.0,375330.0,650.0,newly_flagged
1001918,552.0,30685.0,512.0,552.0,30685.0,468.0,unchanged
1001919,426.0,19838.0,209.0,426.0,19838.0,200.0,unchanged
1001928,446.0,438.0,479.0,446.0,438.0,444.0,unchanged
1001938,157.0,205.0,390.0,157.0,205.0,365.0,unchanged
1001945,294.0,280.0,697.0,294.0,280.0,627.0,unchanged
1001971,19709.0,19704.0,225.0,,,,no_longer_flagged
1001983,,,,453918.0,453917.0,698.0,newly_flagged
1001986,,,,,383756.0,700.0,newly_flagged
1001987,449260.0,85736.0,211.0,449260.0,85736.0,202.0,unchanged
1001991,19820.0,356.0,472.0,19820.0,356.0,437.0,unchanged
1001994,327.0,342.0,566.0,327.0,342.0,520.0,unchanged
1001998,320.0,323.0,412.0,320.0,323.0,383.0,unchanged
1002058,,,,209598.0,209599.0,608.0,newly_flagged
1002068,402.0,399.0,122.0,,,,no_longer_flagged
1002070,402.0,399.0,573.0,402.0,19827.0,274.0,recommendation_changed
1002078,489.0,490.0,815.0,489.0,490.0,462.0,unchanged
1002079,,,,489.0,264637.0,733.0,newly_flagged
1002092,9403.0,454.0,823.0,9403.0,454.0,739.0,unchanged
1002096,564.0,30685.0,512.0,564.0,30685.0,468.0,unchanged
1002098,209600.0,209599.0,810.0,209600.0,209599.0,608.0,unchanged
1002102,,,,238717.0,19827.0,274.0,newly_flagged
1002113,30686.0,30685.0,512.0,30686.0,30685.0,468.0,unchanged
1002115,30687.0,30685.0,512.0,30687.0,30685.0,468.0,unchanged
1002121,30688.0,30685.0,512.0,30688.0,30685.0,468.0,unchanged
1002122,30688.0,30685.0,512.0,30688.0,30685.0,468.0,unchanged
1002137,209600.0,209599.0,810.0,209600.0,209599.0,608.0,unchanged
1002154,19861.0,484.0,363.0,19861.0,491.0,339.0,recommendation_changed
1002164,432.0,427.0,864.0,432.0,427.0,774.0,unchanged
1002167,,,,19794.0,282.0,388.0,newly_flagged
1002168,30695.0,30685.0,512.0,30695.0,30685.0,468.0,unchanged
1002170,30693.0,30685.0,512.0,30693.0,30685.0,468.0,unchanged
1002171,30695.0,30685.0,512.0,30695.0,30685.0,468.0,unchanged
1002191,564.0,30685.0,512.0,564.0,30685.0,468.0,unchanged
1002198,255.0,232.0,475.0,255.0,232.0,440.0,unchanged
1002261,564.0,30685.0,512.0,564.0,30685.0,468.0,unchanged
1002278,368.0,360.0,324.0,368.0,360.0,301.0,unchanged
1002282,53724.0,10912.0,924.0,53724.0,10912.0,824.0,unchanged
1002284,,,,641.0,614.0,826.0,newly_flagged
1002304,648.0,641.0,926.0,648.0,614.0,826.0,recommendation_changed
1002332,,,,658.0,645.0,348.0,newly_flagged
1002371,305.0,299.0,531.0,305.0,299.0,486.0,unchanged
1002389,,,,375329.0,375330.0,650.0,newly_flagged
1002407,,,,13150.0,13149.0,808.0,newly_flagged
1002451,343741.0,343740.0,1026.0,343741.0,343740.0,922.0,unchanged
1002454,31004.0,30685.0,512.0,31004.0,30685.0,468.0,unchanged
1002455,30697.0,30685.0,512.0,30697.0,30685.0,468.0,unchanged
1002507,24383.0,10783.0,1052.0,24383.0,10783.0,946.0,unchanged
1002522,56923.0,24178.0,1057.0,56923.0,24178.0,951.0,unchanged
1002533,11542.0,11499.0,1061.0,11542.0,11499.0,955.0,unchanged
1002534,11542.0,11499.0,1061.0,11542.0,11499.0,955.0,unchanged
1002536,111980.0,111985.0,1062.0,111980.0,111985.0,956.0,unchanged
1002538,111980.0,111985.0,1062.0,111980.0,111985.0,956.0,unchanged
1002539,111980.0,111985.0,1062.0,111980.0,111985.0,956.0,unchanged
1002578,19834.0,418.0,486.0,19834.0,418.0,449.0,unchanged
1002584,,,,375329.0,375330.0,650.0,newly_flagged
1002598,497035.0,535853.0,1092.0,497035.0,535853.0,985.0,unchanged
1002612,24265.0,10453.0,1074.0,24265.0,10453.0,968.0,unchanged
1002642,3102.0,3101.0,1115.0,3102.0,3101.0,1007.0,unchanged
1002644,24950.0,24922.0,1117.0,24950.0,24922.0,1009.0,unchanged
1002666,19835.0,418.0,371.0,19835.0,418.0,347.0,unchanged
1002677,20780.0,20760.0,1141.0,20780.0,20760.0,1031.0,unchanged
1002678,17682.0,17646.0,1142.0,17682.0,17646.0,1032.0,unchanged
1002683,25593.0,25590.0,1146.0,,,,no_longer_flagged
1002932,10486.0,10430.0,1210.0,10486.0,10430.0,1101.0,unchanged
1002933,56312.0,32607.0,1211.0,56312.0,32607.0,1102.0,unchanged
1003542,11956.0,11954.0,1221.0,11956.0,11954.0,1112.0,unchanged
1003577,19694.0,19698.0,1243.0,19694.0,19698.0,1133.0,unchanged
1003579,19712.0,133420.0,775.0,19712.0,133420.0,699.0,unchanged
1003583,19694.0,19704.0,225.0,19694.0,19704.0,1135.0,unchanged
1003603,19687.0,19691.0,179.0,19687.0,19691.0,173.0,unchanged
1003609,19710.0,19711.0,1259.0,19710.0,19711.0,1149.0,unchanged
1003612,19695.0,19685.0,1251.0,19695.0,19685.0,1141.0,unchanged
1003615,19685.0,19682.0,1261.0,19685.0,19682.0,1151.0,unchanged
1003621,,,,19712.0,133420.0,699.0,newly_flagged
1003622,11542.0,11499.0,1061.0,11542.0,11499.0,955.0,unchanged
1003623,,,,5505.0,133420.0,699.0,newly_flagged
1003631,,,,343543.0,133420.0,699.0,newly_flagged
1003634,,,,19695.0,19697.0,1153.0,newly_flagged
1003639,19696.0,19690.0,158.0,19696.0,19690.0,152.0,unchanged
1003642,5507.0,5509.0,166.0,5507.0,5509.0,160.0,unchanged
1003644,19702.0,19707.0,763.0,19702.0,19707.0,686.0,unchanged
1003645,19702.0,19707.0,763.0,19702.0,19707.0,686.0,unchanged
1003659,302.0,298.0,194.0,302.0,298.0,187.0,unchanged
1003661,19709.0,19704.0,225.0,,,,no_longer_flagged
1003663,19694.0,19704.0,225.0,19694.0,19704.0,1135.0,unchanged
1003686,5474.0,5472.0,229.0,5474.0,5472.0,219.0,unchanged
1003687,,,,5470.0,5461.0,1172.0,newly_flagged
1003688,19685.0,19695.0,1249.0,19685.0,19695.0,1139.0,unchanged
1003695,,,,19856.0,461.0,27.0,newly_flagged
1003697,455.0,19855.0,722.0,455.0,19855.0,647.0,unchanged
1003698,391273.0,391282.0,1291.0,391273.0,391280.0,1175.0,recommendation_changed
1003700,19709.0,19704.0,225.0,,,,no_longer_flagged
1003702,19709.0,19704.0,225.0,,,,no_longer_flagged
1003703,21911.0,21917.0,1293.0,21911.0,21917.0,1177.0,unchanged
1003704,19705.0,19703.0,1280.0,19705.0,19703.0,1165.0,unchanged
1003705,19681.0,19683.0,171.0,19681.0,19683.0,165.0,unchanged
1003706,19705.0,19704.0,225.0,19705.0,19704.0,1135.0,unchanged
1003707,19705.0,19703.0,1280.0,,,,no_longer_flagged
1003708,19709.0,19704.0,225.0,,,,no_longer_flagged
1003710,19711.0,27471.0,1294.0,19711.0,27471.0,1179.0,unchanged
1003720,,,,19678.0,19681.0,198.0,newly_flagged
1003721,,,,19678.0,19681.0,198.0,newly_flagged
1003722,,,,19678.0,19681.0,198.0,newly_flagged
1003723,,,,19678.0,19681.0,198.0,newly_flagged
1003724,19678.0,19680.0,1295.0,19678.0,19680.0,1180.0,unchanged
1003736,58530.0,58528.0,1298.0,,,,no_longer_flagged
1003744,19688.0,19704.0,225.0,,,,no_longer_flagged
1003745,298.0,302.0,189.0,298.0,302.0,182.0,unchanged
1003747,19693.0,19704.0,225.0,19693.0,19688.0,216.0,recommendation_changed
1003753,19708.0,19706.0,1285.0,19708.0,19706.0,1170.0,unchanged
1003779,19704.0,19703.0,1280.0,19704.0,19703.0,1165.0,unchanged
1003781,5479.0,83808.0,1313.0,5479.0,83808.0,1198.0,unchanged
1003783,5469.0,5468.0,1316.0,5469.0,5465.0,207.0,recommendation_changed
1003786,21920.0,21917.0,1293.0,21920.0,21917.0,1177.0,unchanged
1003787,21922.0,21917.0,1293.0,21922.0,21917.0,1177.0,unchanged
1003788,21920.0,21917.0,1293.0,21920.0,21917.0,1177.0,unchanged
1003791,5481.0,83808.0,1313.0,5481.0,83808.0,1198.0,unchanged
1003795,19679.0,19684.0,1311.0,19679.0,19684.0,1196.0,unchanged
1003804,19691.0,19694.0,180.0,19691.0,19694.0,174.0,unchanged
1003813,19687.0,19691.0,179.0,,,,no_longer_flagged
1003820,19681.0,19682.0,1261.0,19681.0,19682.0,1151.0,unchanged
1003821,19706.0,19708.0,284.0,19706.0,19708.0,267.0,unchanged
1003823,19686.0,19689.0,1278.0,19686.0,19689.0,1163.0,unchanged
1003924,22739.0,7431.0,541.0,22739.0,7431.0,495.0,unchanged
1004002,13193.0,13229.0,1385.0,13193.0,13229.0,1272.0,unchanged
1004024,13318.0,13287.0,1395.0,13318.0,13287.0,1282.0,unchanged
1004067,12481.0,12506.0,1413.0,12481.0,12506.0,1299.0,unchanged
1004092,,,,58203.0,33262.0,1311.0,newly_flagged
1004127,64942.0,71963.0,1445.0,,,,no_longer_flagged
1004143,13223.0,13202.0,1436.0,13223.0,13202.0,1322.0,unchanged
1004226,12680.0,12713.0,1418.0,12680.0,12713.0,1303.0,unchanged
1004245,13370.0,13341.0,1391.0,13370.0,13341.0,1278.0,unchanged
1004281,22789.0,7486.0,1507.0,22789.0,7486.0,1385.0,unchanged
1004334,23041.0,23077.0,1532.0,23041.0,23077.0,1408.0,unchanged
1004344,,,,13150.0,13149.0,808.0,newly_flagged
1004359,13274.0,13311.0,1376.0,13274.0,13311.0,1264.0,unchanged
1004420,133432.0,133434.0,1565.0,133432.0,133434.0,1440.0,unchanged
1004432,8669.0,8668.0,1566.0,,,,no_longer_flagged
1004441,9224.0,23592.0,1573.0,9224.0,23592.0,1450.0,unchanged
1004455,8540.0,23201.0,1564.0,8540.0,23201.0,1439.0,unchanged
1004456,8540.0,23201.0,1564.0,8540.0,23201.0,1439.0,unchanged
1004495,8540.0,23201.0,1564.0,,,,no_longer_flagged
1004528,133427.0,133428.0,1599.0,133427.0,133428.0,1477.0,unchanged
1004554,133427.0,133428.0,1599.0,133427.0,133428.0,1477.0,unchanged
1004555,133427.0,133428.0,1599.0,133427.0,133428.0,1477.0,unchanged
1004581,23048.0,23066.0,1602.0,23048.0,23066.0,1480.0,unchanged
1004836,9983.0,23915.0,1712.0,9983.0,23915.0,1591.0,unchanged
1004906,,,,37428.0,37425.0,1617.0,newly_flagged
1004909,,,,37428.0,37425.0,1617.0,newly_flagged
1004925,4746.0,4721.0,1742.0,4746.0,4721.0,1621.0,unchanged
1004946,71011.0,123833.0,1669.0,71011.0,123833.0,1549.0,unchanged
1004947,71011.0,123833.0,1669.0,71011.0,123833.0,1549.0,unchanged
1004949,71011.0,123833.0,1669.0,71011.0,123833.0,1549.0,unchanged
1005004,2795.0,105910.0,1762.0,2795.0,105910.0,1640.0,unchanged
1005016,9915.0,9967.0,1672.0,9915.0,9967.0,1552.0,unchanged
1005076,11956.0,24827.0,1207.0,11956.0,24827.0,1098.0,unchanged
1005143,6657.0,6656.0,1806.0,6657.0,6656.0,1677.0,unchanged
1005209,116465.0,116463.0,1830.0,,,,no_longer_flagged
1005219,109106.0,109104.0,1715.0,109106.0,109104.0,1594.0,unchanged
1005220,,,,109106.0,109104.0,1594.0,newly_flagged
1005401,148183.0,143045.0,1882.0,148183.0,143045.0,1747.0,unchanged
1005412,24363.0,24388.0,1840.0,24363.0,24388.0,1706.0,unchanged
1005463,19843.0,438.0,482.0,19843.0,438.0,446.0,unchanged
1005467,5484.0,83808.0,1313.0,5484.0,83808.0,1198.0,unchanged
1005469,5491.0,83808.0,1313.0,5491.0,83808.0,1198.0,unchanged
1005474,341.0,320.0,415.0,341.0,320.0,386.0,unchanged
1005477,301.0,298.0,375.0,301.0,298.0,351.0,unchanged
1005478,,,,5463.0,5465.0,207.0,newly_flagged
1005479,,,,5468.0,5465.0,207.0,newly_flagged
1005480,5464.0,5468.0,1316.0,5464.0,5465.0,207.0,recommendation_changed
1005481,,,,5468.0,5465.0,207.0,newly_flagged
1005483,,,,21908.0,21901.0,84.0,newly_flagged
1005486,58205.0,21917.0,1293.0,58205.0,21917.0,1177.0,unchanged
1005488,5595.0,21917.0,1293.0,5595.0,21917.0,1177.0,unchanged
1005489,5595.0,21917.0,1293.0,5595.0,21917.0,1177.0,unchanged
1005491,,,,344508.0,5527.0,161.0,newly_flagged
1005492,,,,344508.0,5527.0,161.0,newly_flagged
1005493,,,,344508.0,5527.0,161.0,newly_flagged
1005499,21915.0,21917.0,1293.0,21915.0,21917.0,1177.0,unchanged
1005500,5594.0,21917.0,1293.0,5594.0,21917.0,1177.0,unchanged
1005501,21922.0,21917.0,1293.0,21922.0,21917.0,1177.0,unchanged
1005504,5481.0,83808.0,1313.0,5481.0,83808.0,1198.0,unchanged
1005505,83808.0,5478.0,1317.0,83808.0,5478.0,1202.0,unchanged
1005513,488.0,484.0,363.0,488.0,491.0,339.0,recommendation_changed
1005517,,,,21904.0,21906.0,105.0,newly_flagged
1005518,21915.0,21917.0,1293.0,21915.0,21917.0,1177.0,unchanged
1005520,21912.0,21917.0,1293.0,21912.0,21917.0,1177.0,unchanged
1005521,21912.0,21917.0,1293.0,21912.0,21917.0,1177.0,unchanged
1005523,21875.0,21874.0,1928.0,21875.0,21874.0,1788.0,unchanged
1005526,351.0,347.0,471.0,351.0,347.0,436.0,unchanged
1005528,19823.0,19819.0,24.0,,,,no_longer_flagged
1005535,136638.0,5583.0,1220.0,136638.0,5583.0,1111.0,unchanged
1005540,21922.0,21917.0,1293.0,21922.0,21917.0,1177.0,unchanged
1005541,280.0,294.0,527.0,280.0,294.0,482.0,unchanged
1005543,5462.0,5461.0,1934.0,5462.0,5461.0,1172.0,unchanged
1005546,21905.0,21901.0,88.0,21905.0,21901.0,84.0,unchanged
1005547,,,,21908.0,21901.0,84.0,newly_flagged
1005551,152637.0,21917.0,1293.0,152637.0,21917.0,1177.0,unchanged
1005565,,,,24917.0,24886.0,1801.0,newly_flagged
1005566,10100.0,10160.0,1944.0,10100.0,10160.0,1802.0,unchanged
1005568,10100.0,10160.0,1944.0,10100.0,10160.0,1802.0,unchanged
1005587,11328.0,11397.0,1956.0,11328.0,11397.0,1813.0,unchanged
1005593,1019.0,345275.0,1961.0,1019.0,345275.0,1818.0,unchanged
1005794,12471.0,12506.0,1413.0,12471.0,12506.0,1299.0,unchanged
1005842,21912.0,21917.0,1293.0,21912.0,21917.0,1177.0,unchanged
1005851,21920.0,21917.0,1293.0,21920.0,21917.0,1177.0,unchanged
1005859,,,,19785.0,221.0,370.0,newly_flagged
1005867,87003.0,5586.0,1929.0,87003.0,5586.0,1789.0,unchanged
1005869,21884.0,21883.0,1308.0,21884.0,21883.0,1193.0,unchanged
1005893,,,,19701.0,19692.0,1152.0,newly_flagged
1005907,5236.0,5207.0,2079.0,,,,no_longer_flagged
1005912,5480.0,5479.0,1906.0,5480.0,5479.0,1772.0,unchanged
1005914,5491.0,83808.0,1313.0,5491.0,83808.0,1198.0,unchanged
1005918,327.0,320.0,415.0,327.0,320.0,386.0,unchanged
1005923,15946.0,15936.0,2087.0,15946.0,15936.0,1929.0,unchanged
1005926,14290.0,14321.0,2090.0,14290.0,14321.0,1932.0,unchanged
1005975,13019.0,13150.0,1001.0,,,,no_longer_flagged
1005976,13019.0,13150.0,1001.0,,,,no_longer_flagged
1006011,30364.0,24062.0,2117.0,30364.0,24062.0,1961.0,unchanged
1006057,64945.0,64942.0,1452.0,,,,no_longer_flagged
1006058,13257.0,13229.0,1385.0,13257.0,13229.0,1272.0,unchanged
1006059,13257.0,13229.0,1385.0,13257.0,13229.0,1272.0,unchanged
1006060,13257.0,13229.0,1385.0,13257.0,13229.0,1272.0,unchanged
1006071,24292.0,10671.0,34.0,24292.0,10671.0,33.0,unchanged
1006203,11852.0,11897.0,1881.0,11852.0,11897.0,1746.0,unchanged
1006204,11852.0,11897.0,1881.0,11852.0,11897.0,1746.0,unchanged
1006259,14718.0,14708.0,2187.0,14718.0,14708.0,2021.0,unchanged
1006286,13083.0,13150.0,1001.0,13083.0,13149.0,808.0,recommendation_changed
1006288,13019.0,13150.0,1001.0,,,,no_longer_flagged
1006289,13019.0,13150.0,1001.0,,,,no_longer_flagged
1006314,148185.0,148186.0,1986.0,148185.0,148186.0,1843.0,unchanged
1006317,148185.0,148186.0,1986.0,148185.0,148186.0,1843.0,unchanged
1006359,10593.0,10532.0,2228.0,10593.0,10532.0,2050.0,unchanged
1006427,12055.0,12024.0,2254.0,12055.0,12024.0,2064.0,unchanged
1006428,12055.0,12024.0,2254.0,12055.0,12024.0,2064.0,unchanged
1006530,9766.0,9768.0,1884.0,9766.0,9768.0,1749.0,unchanged
1006545,9651.0,9637.0,1883.0,9651.0,9637.0,1748.0,unchanged
1006593,10102.0,10136.0,2303.0,10102.0,10136.0,2106.0,unchanged
1006598,11149.0,11186.0,2305.0,11149.0,11186.0,2108.0,unchanged
1006651,30364.0,24109.0,228.0,30364.0,24109.0,218.0,unchanged
1006685,23950.0,23909.0,2176.0,23950.0,23909.0,2011.0,unchanged
1006721,13760.0,13731.0,2332.0,13760.0,13731.0,2132.0,unchanged
1006725,536540.0,3385.0,2334.0,536540.0,3385.0,2134.0,unchanged
1006794,10317.0,10245.0,2359.0,10317.0,10245.0,2155.0,unchanged
1007054,30364.0,24069.0,2302.0,30364.0,24069.0,2105.0,unchanged
1007057,30364.0,24069.0,2302.0,30364.0,24069.0,2105.0,unchanged
1007066,24950.0,24922.0,1117.0,24950.0,24922.0,1009.0,unchanged
1007086,24928.0,24922.0,1117.0,24928.0,24922.0,1009.0,unchanged
1007089,24877.0,24922.0,1117.0,24877.0,24922.0,1009.0,unchanged
1007272,8843.0,8923.0,2514.0,8843.0,8923.0,2284.0,unchanged
1007316,18251.0,18241.0,2534.0,18251.0,18241.0,2301.0,unchanged
1007358,10404.0,10453.0,1075.0,10404.0,10453.0,969.0,unchanged
1007367,13242.0,13287.0,1395.0,13242.0,13287.0,1282.0,unchanged
1007372,,,,209598.0,209599.0,608.0,newly_flagged
1007373,209600.0,209599.0,810.0,209600.0,209599.0,608.0,unchanged
1007399,24891.0,24882.0,2516.0,24891.0,24882.0,2286.0,unchanged
1007400,482623.0,482621.0,2554.0,482623.0,482621.0,2321.0,unchanged
1007408,10755.0,24394.0,940.0,10755.0,24394.0,840.0,unchanged
1007570,350223.0,350234.0,270.0,,,,no_longer_flagged
1007571,350223.0,350234.0,270.0,,,,no_longer_flagged
1007627,350223.0,350234.0,270.0,,,,no_longer_flagged
1007628,350223.0,350234.0,270.0,,,,no_longer_flagged
1007678,5478.0,83808.0,1313.0,5478.0,83808.0,1198.0,unchanged
1007681,430.0,446.0,487.0,430.0,446.0,450.0,unchanged
1007742,661.0,650.0,951.0,661.0,650.0,852.0,unchanged
1007743,,,,739.0,697.0,553.0,newly_flagged
1007782,19781.0,219.0,309.0,19781.0,219.0,288.0,unchanged
1007797,24101.0,24086.0,2474.0,24101.0,24086.0,2249.0,unchanged
1007798,30692.0,30691.0,842.0,30692.0,30691.0,754.0,unchanged
1007802,,,,739.0,697.0,553.0,newly_flagged
1007808,30693.0,30685.0,512.0,30693.0,30685.0,468.0,unchanged
1007811,645.0,658.0,2663.0,645.0,658.0,2426.0,unchanged
1007831,30693.0,30685.0,512.0,30693.0,30685.0,468.0,unchanged
1007839,689.0,681.0,2688.0,689.0,681.0,2444.0,unchanged
1007841,681.0,689.0,2689.0,681.0,689.0,2445.0,unchanged
1007880,71011.0,123833.0,1669.0,71011.0,123833.0,1549.0,unchanged
1007953,,25375.0,2717.0,,25375.0,2467.0,unchanged
1008085,,6229.0,2753.0,,6229.0,2498.0,unchanged
1008113,10026.0,9978.0,1761.0,10026.0,9978.0,1639.0,unchanged
1008288,11349.0,24576.0,2801.0,11349.0,24576.0,2548.0,unchanged
1008326,24698.0,24718.0,2809.0,24698.0,24718.0,1634.0,unchanged
1008361,145599.0,145600.0,2815.0,145599.0,145600.0,2561.0,unchanged
1008423,,1697.0,2828.0,,1697.0,2572.0,unchanged
1008441,22424.0,6804.0,2832.0,22424.0,6804.0,2576.0,unchanged
1008477,24691.0,11715.0,1892.0,24691.0,11715.0,1757.0,unchanged
1008565,370356.0,370355.0,2854.0,370356.0,370355.0,2596.0,unchanged
1008719,139848.0,139846.0,2879.0,139848.0,139846.0,2619.0,unchanged
1008888,11377.0,11313.0,2918.0,11377.0,11313.0,2659.0,unchanged
1008891,11667.0,24729.0,594.0,11667.0,24729.0,541.0,unchanged
1009014,24254.0,10571.0,2206.0,24254.0,10571.0,2040.0,unchanged
1009033,24071.0,24088.0,1952.0,24071.0,24088.0,1810.0,unchanged
1009048,10100.0,10160.0,1944.0,10100.0,10160.0,1802.0,unchanged
1009051,23926.0,23936.0,1636.0,23926.0,23936.0,1515.0,unchanged
1009120,420267.0,415483.0,2979.0,420267.0,415483.0,2719.0,unchanged
1009171,158740.0,677.0,2649.0,158740.0,677.0,2414.0,unchanged
1009248,17353.0,17254.0,3014.0,,,,no_longer_flagged
1009259,359723.0,359732.0,259.0,359723.0,359732.0,244.0,unchanged
1009286,350227.0,350226.0,3009.0,350227.0,350226.0,2745.0,unchanged
1009289,350227.0,350226.0,3009.0,350227.0,350226.0,2745.0,unchanged
1009345,,,,378059.0,375327.0,285.0,newly_flagged
1009393,375324.0,375325.0,3011.0,375324.0,375325.0,2746.0,unchanged
1009442,390898.0,390901.0,3059.0,390898.0,390901.0,2793.0,unchanged
1009443,,,,378059.0,375327.0,285.0,newly_flagged
1009478,375326.0,378059.0,3035.0,,,,no_longer_flagged
1009479,375326.0,378059.0,3035.0,,,,no_longer_flagged
1009480,375326.0,378059.0,3035.0,,,,no_longer_flagged
1009481,,,,378059.0,375327.0,285.0,newly_flagged
1009483,375326.0,378059.0,3035.0,,,,no_longer_flagged
1009486,,,,378059.0,375327.0,285.0,newly_flagged
1009487,,,,378059.0,375327.0,285.0,newly_flagged
1009488,,,,378059.0,375327.0,285.0,newly_flagged
1009685,535598.0,390530.0,3114.0,535598.0,535595.0,2850.0,recommendation_changed
1009748,,,,37428.0,37425.0,1617.0,newly_flagged
1009749,,,,37428.0,37425.0,1617.0,newly_flagged
1009969,11777.0,11796.0,1206.0,11777.0,11796.0,1097.0,unchanged
1010005,,,,390898.0,390901.0,2793.0,newly_flagged
1010066,35170.0,24581.0,2907.0,35170.0,24581.0,2645.0,unchanged
1010176,,,,10916.0,24468.0,2776.0,newly_flagged
1010338,10837.0,24388.0,1840.0,10837.0,24388.0,1706.0,unchanged
1010376,24240.0,10491.0,3080.0,24240.0,10491.0,2814.0,unchanged
1010385,49568.0,35177.0,3103.0,49568.0,35177.0,2839.0,unchanged
1010398,49568.0,49567.0,3296.0,49568.0,49567.0,2993.0,unchanged
1010560,88606.0,88607.0,3163.0,88606.0,88607.0,2895.0,unchanged
1010609,79969.0,79968.0,3314.0,79969.0,79968.0,3013.0,unchanged
1010673,58530.0,58528.0,1298.0,,,,no_longer_flagged
1010675,58530.0,58528.0,1298.0,,,,no_longer_flagged
1010677,58530.0,58528.0,1298.0,,,,no_longer_flagged
1010797,24660.0,11594.0,2887.0,24660.0,11594.0,2628.0,unchanged
1010815,4237.0,4311.0,3378.0,,,,no_longer_flagged
1010822,,,,375329.0,375330.0,650.0,newly_flagged
1010824,24712.0,24671.0,792.0,24712.0,24671.0,716.0,unchanged
1010827,24712.0,24671.0,792.0,24712.0,24671.0,716.0,unchanged
1010828,24712.0,24671.0,792.0,24712.0,24671.0,716.0,unchanged
1010831,24712.0,24671.0,792.0,24712.0,24671.0,716.0,unchanged
1010846,11453.0,11362.0,3381.0,11453.0,11362.0,3065.0,unchanged
1011141,303359.0,303363.0,1186.0,,,,no_longer_flagged
1011157,303360.0,303363.0,1186.0,,,,no_longer_flagged
1011158,303360.0,303363.0,1186.0,,,,no_longer_flagged
1011159,303360.0,303363.0,1186.0,,,,no_longer_flagged
1011260,30683.0,30685.0,512.0,30683.0,30685.0,468.0,unchanged
1011264,552.0,30685.0,512.0,552.0,30685.0,468.0,unchanged
1011278,,364699.0,900.0,,364699.0,804.0,unchanged
1011287,349565.0,343179.0,3509.0,349565.0,343179.0,3201.0,unchanged
1011290,69409.0,384479.0,3511.0,69409.0,384479.0,3203.0,unchanged
1011308,,,,23785.0,9533.0,3214.0,newly_flagged
1011407,10930.0,24459.0,3577.0,10930.0,24459.0,3270.0,unchanged
1011409,6657.0,6551.0,1356.0,6657.0,6551.0,1242.0,unchanged
1011424,23361.0,9030.0,2518.0,23361.0,9030.0,2287.0,unchanged
1011456,136299.0,11205.0,2131.0,136299.0,11205.0,1973.0,unchanged
1011458,376540.0,375330.0,992.0,376540.0,375330.0,650.0,unchanged
1011468,,,,23041.0,23077.0,1408.0,newly_flagged
1011493,,,,14237.0,14307.0,3330.0,newly_flagged
1011576,,,,66531.0,66530.0,3372.0,newly_flagged
1011587,,,,19785.0,221.0,370.0,newly_flagged
1011612,,,,24384.0,10942.0,3392.0,newly_flagged
1011647,8871.0,8839.0,3723.0,8871.0,8839.0,3415.0,unchanged
1011654,19801.0,282.0,417.0,19801.0,282.0,388.0,unchanged
1011664,16197.0,16233.0,3735.0,16197.0,16233.0,3427.0,unchanged
1011673,6780.0,6741.0,3740.0,6780.0,6741.0,3432.0,unchanged
1011710,375502.0,375501.0,3765.0,375502.0,375501.0,3456.0,unchanged
1011738,12814.0,307837.0,3781.0,12814.0,307837.0,3471.0,unchanged
1011804,375966.0,375965.0,3801.0,375966.0,375965.0,3492.0,unchanged
1011822,377665.0,377666.0,3795.0,377665.0,377666.0,3486.0,unchanged
1011841,375966.0,375965.0,3801.0,375966.0,375965.0,3492.0,unchanged
1011863,376717.0,376718.0,3791.0,376717.0,376718.0,3482.0,unchanged
1011865,376718.0,376717.0,3820.0,376718.0,376717.0,3511.0,unchanged
1011891,,,,184644.0,184645.0,3520.0,newly_flagged
1011896,19867.0,9705.0,3835.0,19867.0,9705.0,3525.0,unchanged
1011900,233283.0,233282.0,3838.0,233283.0,233282.0,3528.0,unchanged
1011923,101725.0,101727.0,3859.0,101725.0,101727.0,3548.0,unchanged
1011936,,,,20223.0,13632.0,3554.0,newly_flagged
1011940,,,,25932.0,20742.0,3558.0,newly_flagged
1011962,20004.0,1101.0,3876.0,20004.0,1101.0,3565.0,unchanged
1011964,391165.0,26398.0,3878.0,391165.0,26398.0,3567.0,unchanged
1011969,542683.0,462.0,778.0,542683.0,462.0,702.0,unchanged
1011971,,,,11711.0,12285.0,3571.0,newly_flagged
1011984,343883.0,11300.0,3892.0,343883.0,11300.0,3580.0,unchanged
1012540,15373.0,501900.0,21.0,15373.0,501900.0,20.0,unchanged
1012546,9714.0,9628.0,3902.0,9714.0,9628.0,3590.0,unchanged
1012552,359581.0,81565.0,3904.0,359581.0,81565.0,3592.0,unchanged
1012555,334715.0,19925.0,3895.0,334715.0,19925.0,3583.0,unchanged
1012560,3508.0,3476.0,3908.0,3508.0,384765.0,5.0,recommendation_changed
1012562,325437.0,3476.0,3908.0,325437.0,384765.0,5.0,recommendation_changed
1012564,,,,3575.0,384765.0,5.0,newly_flagged
1012565,,,,3508.0,384765.0,5.0,newly_flagged
1012567,,3292.0,3913.0,,3292.0,3598.0,unchanged
1012570,,,,3476.0,384765.0,5.0,newly_flagged
1012571,,,,3476.0,384765.0,5.0,newly_flagged
1012607,320636.0,6162.0,3927.0,320636.0,6162.0,3612.0,unchanged
1012612,,,,2317.0,2321.0,3616.0,newly_flagged
1012625,15674.0,26149.0,3934.0,15674.0,26149.0,3619.0,unchanged
1012707,8915.0,9118.0,3958.0,8915.0,9118.0,3643.0,unchanged
1012708,280316.0,280318.0,3959.0,280316.0,280318.0,3644.0,unchanged
1012713,,,,343986.0,344220.0,3648.0,newly_flagged
1012753,24170.0,24139.0,3994.0,24170.0,24139.0,3678.0,unchanged
1012816,9448.0,9471.0,4042.0,9448.0,9471.0,3727.0,unchanged
1012817,377424.0,377425.0,4043.0,377424.0,377425.0,3728.0,unchanged
1012841,23815.0,23811.0,4062.0,23815.0,23832.0,3746.0,recommendation_changed
1012844,6909.0,6970.0,4065.0,6909.0,6970.0,3749.0,unchanged
1012866,345363.0,345086.0,4082.0,,,,no_longer_flagged
1012884,375997.0,375998.0,4097.0,,,,no_longer_flagged
1012902,11782.0,11770.0,2855.0,11782.0,11770.0,2597.0,unchanged
1012908,69412.0,11873.0,4113.0,69412.0,11873.0,3796.0,unchanged
1012909,69412.0,11823.0,3897.0,69412.0,11823.0,3585.0,unchanged
1012911,11732.0,11740.0,2902.0,11732.0,11740.0,2640.0,unchanged
1012954,10245.0,24288.0,2405.0,10245.0,24288.0,2186.0,unchanged
1012959,276795.0,276506.0,3983.0,276795.0,276506.0,3667.0,unchanged
1012976,336002.0,336000.0,4156.0,336002.0,336000.0,3840.0,unchanged
1012979,13395.0,13414.0,51.0,13395.0,13414.0,50.0,unchanged
1012992,278410.0,272007.0,4168.0,278410.0,278717.0,3852.0,recommendation_changed
1012996,18903.0,19008.0,4172.0,18903.0,19008.0,3856.0,unchanged
1012997,,,,25730.0,14460.0,3857.0,newly_flagged
1013000,5118.0,5138.0,4176.0,5118.0,5138.0,3860.0,unchanged
1013013,1865.0,1930.0,4188.0,1865.0,1930.0,3872.0,unchanged
1013016,,194556.0,3962.0,,194556.0,3647.0,unchanged
1013026,20345.0,1855.0,4195.0,20345.0,1855.0,3879.0,unchanged
1013029,3933.0,3916.0,4197.0,3933.0,3916.0,3881.0,unchanged
1013049,349835.0,11249.0,4216.0,349835.0,11249.0,3900.0,unchanged
1013051,4328.0,4321.0,4217.0,,,,no_longer_flagged
1013052,5451.0,5454.0,4218.0,,,,no_longer_flagged
1013064,,,,25932.0,20742.0,3558.0,newly_flagged
1013067,,,,20223.0,13632.0,3554.0,newly_flagged
1013075,20471.0,20516.0,4234.0,20471.0,20516.0,3918.0,unchanged
1013086,,,,19712.0,133420.0,699.0,newly_flagged
1013119,,,,375964.0,375296.0,3944.0,newly_flagged
1013124,10100.0,10160.0,1944.0,10100.0,10160.0,1802.0,unchanged
1013135,,,,375998.0,375997.0,3780.0,newly_flagged
1013173,7419.0,22742.0,4300.0,7419.0,22742.0,3983.0,unchanged
1013176,9478.0,9433.0,4302.0,9478.0,9433.0,3985.0,unchanged
1013177,38079.0,68771.0,4303.0,38079.0,68771.0,3986.0,unchanged
1013186,375723.0,23402.0,4310.0,375723.0,23402.0,3993.0,unchanged
1013189,15683.0,15663.0,4313.0,15683.0,15664.0,3996.0,recommendation_changed
1013194,6282.0,6245.0,4318.0,6282.0,6245.0,4001.0,unchanged
1013242,384028.0,383807.0,4342.0,,,,no_longer_flagged
1013264,473204.0,449264.0,4360.0,,,,no_longer_flagged
1013302,384477.0,384479.0,3511.0,,,,no_longer_flagged
1013343,19768.0,196.0,4405.0,,,,no_longer_flagged
1013374,384435.0,389904.0,4427.0,384435.0,389904.0,4111.0,unchanged
1013457,19200.0,19114.0,4467.0,19200.0,19114.0,4153.0,unchanged
1013466,10200.0,10132.0,4476.0,10200.0,10132.0,4162.0,unchanged
1013491,290.0,284.0,519.0,290.0,284.0,410.0,unchanged
1013502,,,,14013.0,14025.0,4183.0,newly_flagged
1013503,9047.0,23438.0,3477.0,9047.0,23438.0,3169.0,unchanged
1013554,389921.0,389920.0,4419.0,389921.0,389920.0,4103.0,unchanged
1013789,384477.0,384479.0,3511.0,,,,no_longer_flagged
1013795,,,,473206.0,449264.0,4300.0,newly_flagged
1013819,,536366.0,4625.0,,453917.0,698.0,recommendation_changed
1013833,384028.0,383807.0,4342.0,,,,no_longer_flagged
1013841,384028.0,383807.0,4342.0,,,,no_longer_flagged
1013844,324.0,317.0,2672.0,324.0,317.0,2431.0,unchanged
1014023,,,,143046.0,148186.0,1843.0,newly_flagged
1014037,1027.0,1018.0,4704.0,1027.0,1018.0,4378.0,unchanged
1014038,23220.0,23226.0,4705.0,,,,no_longer_flagged
1014074,,525843.0,4732.0,,525843.0,4405.0,unchanged
1014097,,,,9770.0,9821.0,4421.0,newly_flagged
1014137,18644.0,18679.0,4762.0,18644.0,18679.0,4432.0,unchanged
1014181,390373.0,390374.0,4404.0,390373.0,390374.0,4088.0,unchanged
1014182,384035.0,384036.0,4366.0,384035.0,384036.0,4049.0,unchanged
1014251,370396.0,370397.0,3611.0,370396.0,370397.0,3303.0,unchanged
1014260,383789.0,383807.0,4342.0,,,,no_longer_flagged
1014286,383789.0,383807.0,4342.0,,,,no_longer_flagged
1014291,375317.0,375316.0,135.0,375317.0,375316.0,130.0,unchanged
1014323,,,,473133.0,473122.0,4509.0,newly_flagged
1014331,453851.0,453852.0,4841.0,453851.0,453852.0,4516.0,unchanged
1014335,378637.0,378638.0,4376.0,378637.0,378638.0,4059.0,unchanged
1014398,405742.0,425118.0,2269.0,405742.0,425118.0,2072.0,unchanged
1014453,,,,378349.0,294715.0,4555.0,newly_flagged
1014477,384814.0,389929.0,4713.0,,,,no_longer_flagged
1014507,140163.0,17109.0,4908.0,140163.0,17109.0,4580.0,unchanged
1014512,227518.0,3224.0,4911.0,227518.0,3224.0,4583.0,unchanged
1014525,108152.0,108147.0,4924.0,108152.0,108147.0,4596.0,unchanged
1014540,9564.0,23776.0,4934.0,9564.0,23776.0,4605.0,unchanged
1014559,6635.0,6679.0,4947.0,6635.0,6679.0,4618.0,unchanged
1014562,5413.0,5416.0,4178.0,5413.0,5416.0,3862.0,unchanged
1014573,3648.0,3642.0,4957.0,3648.0,3642.0,4628.0,unchanged
1014643,129261.0,129264.0,2430.0,129261.0,129264.0,2206.0,unchanged
1014683,,,,2932.0,21052.0,4690.0,newly_flagged
1014697,378637.0,378638.0,4376.0,378637.0,378638.0,4059.0,unchanged
1014794,3741.0,3727.0,5059.0,3741.0,3727.0,4731.0,unchanged
1014796,389917.0,389916.0,4672.0,389917.0,389916.0,4349.0,unchanged
1014813,384435.0,389904.0,4427.0,384435.0,389904.0,4111.0,unchanged
1014877,26596.0,16993.0,5084.0,26596.0,16993.0,4753.0,unchanged
1014910,,,,3618.0,3615.0,4778.0,newly_flagged
1014919,15860.0,15875.0,5116.0,15860.0,15875.0,4785.0,unchanged
1014948,12462.0,12449.0,5142.0,12462.0,12449.0,4811.0,unchanged
1014975,370401.0,370402.0,4802.0,370401.0,370402.0,4472.0,unchanged
1015075,384640.0,384636.0,4667.0,,,,no_longer_flagged
1015076,384640.0,384636.0,4667.0,,,,no_longer_flagged
1015108,384028.0,383807.0,4342.0,,,,no_longer_flagged
1015114,384640.0,384636.0,4667.0,,,,no_longer_flagged
1015144,384028.0,383807.0,4342.0,,,,no_longer_flagged
1015149,384028.0,383807.0,4342.0,,,,no_longer_flagged
1015152,384640.0,384636.0,4667.0,,,,no_longer_flagged
1015153,384640.0,384636.0,4667.0,,,,no_longer_flagged
1015169,289597.0,3936.0,5217.0,289597.0,3936.0,4891.0,unchanged
1015197,384477.0,384479.0,3511.0,,,,no_longer_flagged
1015199,384477.0,384479.0,3511.0,,,,no_longer_flagged
1015248,384477.0,384479.0,3511.0,,,,no_longer_flagged
1015251,384477.0,384479.0,3511.0,,,,no_longer_flagged
1015253,376521.0,376522.0,5230.0,376521.0,376522.0,4906.0,unchanged
1015378,344373.0,16818.0,5257.0,344373.0,16818.0,4933.0,unchanged
1015381,227203.0,227197.0,5260.0,227203.0,227197.0,4936.0,unchanged
1015384,27397.0,19469.0,5263.0,27397.0,19469.0,4939.0,unchanged
1015390,350091.0,350092.0,4365.0,350091.0,350092.0,4048.0,unchanged
1015392,,,,12821.0,25271.0,4945.0,newly_flagged
1015393,227199.0,227197.0,5260.0,227199.0,227197.0,4936.0,unchanged
1015394,24973.0,12376.0,5270.0,24973.0,24994.0,4946.0,recommendation_changed
1015404,391052.0,16714.0,5277.0,391052.0,4306.0,4953.0,recommendation_changed
1015405,391053.0,16714.0,5277.0,391053.0,4306.0,4953.0,recommendation_changed
1015408,227202.0,227197.0,5260.0,227202.0,227197.0,4936.0,unchanged
1015410,227198.0,227197.0,5260.0,227198.0,227197.0,4936.0,unchanged
1015412,74530.0,18665.0,5282.0,74530.0,74531.0,4958.0,recommendation_changed
1015419,188476.0,12061.0,5288.0,188476.0,12074.0,4964.0,recommendation_changed
1015422,8739.0,8682.0,5254.0,8739.0,8682.0,4930.0,unchanged
1015423,8868.0,8808.0,5291.0,8868.0,8808.0,4967.0,unchanged
1015426,330558.0,4845.0,5293.0,330558.0,26796.0,4969.0,recommendation_changed
1015428,302395.0,25670.0,5295.0,302395.0,25670.0,4971.0,unchanged
1015429,227204.0,227195.0,5255.0,227204.0,227195.0,4931.0,unchanged
1015431,,,,188482.0,188480.0,4973.0,newly_flagged
1015462,17965.0,17986.0,5303.0,17965.0,17986.0,4979.0,unchanged
1015463,329279.0,11300.0,3892.0,329279.0,11300.0,3580.0,unchanged
1015473,,,,16692.0,16686.0,4981.0,newly_flagged
1015475,2993.0,26008.0,5307.0,2993.0,26008.0,4983.0,unchanged
1015490,15904.0,15891.0,5298.0,15904.0,15891.0,4974.0,unchanged
1018702,69414.0,9681.0,1209.0,69414.0,9681.0,1100.0,unchanged
1018717,14616.0,14499.0,5321.0,14616.0,14499.0,4997.0,unchanged
1018746,,,,8001.0,7999.0,5009.0,newly_flagged
1018820,9271.0,9223.0,5349.0,9271.0,9223.0,5023.0,unchanged
1018821,9271.0,9223.0,5349.0,9271.0,9223.0,5023.0,unchanged
1018860,7591.0,22820.0,5365.0,7591.0,22820.0,5036.0,unchanged
1018907,22813.0,7591.0,5362.0,22813.0,7591.0,5034.0,unchanged
1018909,22813.0,7591.0,5362.0,22813.0,7591.0,5034.0,unchanged
1018933,271368.0,271365.0,5392.0,,,,no_longer_flagged
1018943,7205.0,7202.0,3579.0,7205.0,7202.0,3272.0,unchanged
1018945,22924.0,7782.0,5397.0,22924.0,7782.0,5065.0,unchanged
1018961,24877.0,24922.0,1117.0,24877.0,24922.0,1009.0,unchanged
1018979,260490.0,65564.0,5404.0,,,,no_longer_flagged
1018980,260490.0,65564.0,5404.0,,,,no_longer_flagged
1018981,92775.0,65564.0,5404.0,92775.0,65564.0,5072.0,unchanged
1018997,22934.0,22944.0,5409.0,22934.0,22944.0,5077.0,unchanged
1019066,175995.0,175996.0,5435.0,175995.0,175996.0,5091.0,unchanged
1019069,175995.0,175996.0,5435.0,,,,no_longer_flagged
1019164,36137.0,36138.0,5450.0,36137.0,36138.0,5102.0,unchanged
1019170,36136.0,36135.0,5459.0,36136.0,36135.0,5115.0,unchanged
1019171,36136.0,36135.0,5459.0,36136.0,36135.0,5115.0,unchanged
1019172,36136.0,36135.0,5459.0,36136.0,36135.0,5115.0,unchanged
1019173,36136.0,36135.0,5459.0,36136.0,36135.0,5115.0,unchanged
1019255,8871.0,8839.0,3723.0,8871.0,8839.0,3415.0,unchanged
1019256,8871.0,8839.0,3723.0,8871.0,8839.0,3415.0,unchanged
1019294,8134.0,22966.0,5351.0,8134.0,22966.0,5024.0,unchanged
1019451,9271.0,9223.0,5349.0,9271.0,9223.0,5023.0,unchanged
1019453,9469.0,9498.0,5528.0,9469.0,9498.0,5184.0,unchanged
1019499,175690.0,175995.0,5537.0,,,,no_longer_flagged
1019500,175690.0,175995.0,5537.0,,,,no_longer_flagged
1019538,,,,175995.0,175690.0,5194.0,newly_flagged
1019539,,,,175995.0,175690.0,5194.0,newly_flagged
1019540,175690.0,175995.0,5537.0,,,,no_longer_flagged
1019541,,,,175995.0,175690.0,5194.0,newly_flagged
1019543,,,,175995.0,175690.0,5194.0,newly_flagged
1019684,23453.0,23449.0,5589.0,23453.0,23449.0,5244.0,unchanged
1019747,23390.0,23419.0,5609.0,23390.0,23419.0,5265.0,unchanged
1019787,23301.0,8702.0,5615.0,23301.0,8702.0,5270.0,unchanged
1019788,23301.0,8702.0,5615.0,23301.0,8702.0,5270.0,unchanged
1019814,108141.0,108140.0,5626.0,108141.0,108140.0,5280.0,unchanged
1019847,108141.0,108140.0,5626.0,108141.0,108140.0,5280.0,unchanged
1019849,108141.0,108140.0,5626.0,108141.0,108140.0,5280.0,unchanged
1019864,108141.0,108140.0,5626.0,108141.0,108140.0,5280.0,unchanged
1019865,108141.0,108140.0,5626.0,108141.0,108140.0,5280.0,unchanged
1019902,158732.0,158731.0,693.0,,,,no_longer_flagged
1019904,158732.0,158731.0,693.0,,,,no_longer_flagged
1019970,23509.0,23522.0,5660.0,23509.0,23522.0,5311.0,unchanged
1019985,158731.0,158719.0,5648.0,,,,no_longer_flagged
1019997,8788.0,8802.0,5674.0,8788.0,23263.0,5325.0,recommendation_changed
1020028,8614.0,8562.0,5447.0,8614.0,8562.0,5099.0,unchanged
1020036,69409.0,384479.0,3511.0,69409.0,384479.0,3203.0,unchanged
1020043,101411.0,103009.0,1587.0,,,,no_longer_flagged
1020044,101411.0,103009.0,1587.0,,,,no_longer_flagged
1020099,,,,23639.0,9317.0,5363.0,newly_flagged
1020117,8154.0,22997.0,1194.0,,,,no_longer_flagged
1020183,114862.0,114863.0,5580.0,114862.0,114863.0,5235.0,unchanged
1020308,9366.0,9471.0,4042.0,9366.0,9471.0,3727.0,unchanged
1020324,9366.0,9471.0,4042.0,9366.0,9471.0,3727.0,unchanged
1020325,9366.0,9471.0,4042.0,9366.0,9471.0,3727.0,unchanged
1020329,16797.0,16795.0,5772.0,,,,no_longer_flagged
1020353,8923.0,9019.0,5779.0,8923.0,9019.0,5435.0,unchanged
1020402,9448.0,9471.0,4042.0,9448.0,9471.0,3727.0,unchanged
1020438,9469.0,9498.0,5528.0,9469.0,9498.0,5184.0,unchanged
1020490,94044.0,94043.0,5809.0,94044.0,94043.0,5461.0,unchanged
1020492,94044.0,94043.0,5809.0,94044.0,94043.0,5461.0,unchanged
1020493,94044.0,94043.0,5809.0,94044.0,94043.0,5461.0,unchanged
1020525,100451.0,100449.0,5665.0,100451.0,100449.0,5316.0,unchanged
1020542,9340.0,9436.0,3482.0,9340.0,9436.0,3174.0,unchanged
1020545,9340.0,9436.0,3482.0,9340.0,9436.0,3174.0,unchanged
1020546,9204.0,9212.0,3546.0,9204.0,9212.0,3238.0,unchanged
1020574,9340.0,9436.0,3482.0,9340.0,9436.0,3174.0,unchanged
1020576,9340.0,9436.0,3482.0,9340.0,9436.0,3174.0,unchanged
1020577,9340.0,9436.0,3482.0,9340.0,9436.0,3174.0,unchanged
1020592,9287.0,9241.0,5532.0,9287.0,9241.0,5188.0,unchanged
1020624,23527.0,23541.0,5839.0,23527.0,23541.0,5489.0,unchanged
1020629,23541.0,23527.0,5828.0,23541.0,23527.0,5479.0,unchanged
1020648,21522.0,3945.0,5843.0,21522.0,3945.0,5494.0,unchanged
1020669,9073.0,9027.0,5850.0,9073.0,9027.0,5501.0,unchanged
1020675,17096.0,17061.0,5854.0,17096.0,17061.0,5505.0,unchanged
1020679,8218.0,8077.0,5849.0,8218.0,8077.0,5500.0,unchanged
1020681,8218.0,8077.0,5849.0,8218.0,8077.0,5500.0,unchanged
1020701,9107.0,9177.0,5541.0,9107.0,9177.0,5198.0,unchanged
1020748,23284.0,23285.0,4971.0,23284.0,23285.0,4642.0,unchanged
1020760,23286.0,8744.0,5878.0,23286.0,8744.0,5529.0,unchanged
1020775,9027.0,8974.0,5865.0,9027.0,8974.0,5516.0,unchanged
1020798,,1358.0,5890.0,,1358.0,5542.0,unchanged
1020814,8553.0,8677.0,5891.0,8553.0,8677.0,5543.0,unchanged
1020815,8553.0,8677.0,5891.0,8553.0,8677.0,5543.0,unchanged
1020831,9448.0,9471.0,4042.0,9448.0,9471.0,3727.0,unchanged
1020879,23690.0,23710.0,5780.0,23690.0,23710.0,5436.0,unchanged
1020885,9019.0,8923.0,2514.0,9019.0,8923.0,2284.0,unchanged
1020903,8843.0,8923.0,2514.0,8843.0,8923.0,2284.0,unchanged
1020904,8843.0,8923.0,2514.0,8843.0,8923.0,2284.0,unchanged
1020986,23253.0,8802.0,5674.0,23253.0,8802.0,5567.0,unchanged
1020987,23253.0,8802.0,5674.0,23253.0,8802.0,5567.0,unchanged
1020989,23253.0,8802.0,5674.0,23253.0,8802.0,5567.0,unchanged
1021000,,,,535977.0,535975.0,5583.0,newly_flagged
1021058,8785.0,8830.0,5706.0,8785.0,8830.0,5358.0,unchanged
1021060,8785.0,8830.0,5706.0,8785.0,8830.0,5358.0,unchanged
1021080,8785.0,8830.0,5706.0,,,,no_longer_flagged
1021081,8785.0,8830.0,5706.0,8785.0,8830.0,5358.0,unchanged
1021142,9331.0,9281.0,5974.0,,,,no_longer_flagged
1021144,,,,9331.0,9281.0,5630.0,newly_flagged
1021163,8646.0,8669.0,1571.0,8646.0,8669.0,1446.0,unchanged
1021168,9331.0,9281.0,5974.0,9331.0,9281.0,5630.0,unchanged
1021169,9331.0,9281.0,5974.0,9331.0,9281.0,5630.0,unchanged
1021172,535973.0,535975.0,98.0,,,,no_longer_flagged
1021199,8646.0,8669.0,1571.0,8646.0,8669.0,1446.0,unchanged
1021215,12214.0,12271.0,2376.0,12214.0,12271.0,2167.0,unchanged
1021298,309760.0,309757.0,6014.0,309760.0,309757.0,5664.0,unchanged
1021421,25390.0,13249.0,1545.0,25390.0,13249.0,1420.0,unchanged
1021494,158717.0,158731.0,693.0,,,,no_longer_flagged
1021495,158717.0,158731.0,693.0,,,,no_longer_flagged
1021496,158717.0,158731.0,693.0,,,,no_longer_flagged
1021497,158717.0,158731.0,693.0,,,,no_longer_flagged
1021570,7478.0,7427.0,6088.0,7478.0,7427.0,5734.0,unchanged
1021591,6587.0,6600.0,6093.0,6587.0,6600.0,5742.0,unchanged
1021672,13223.0,13211.0,6119.0,13223.0,13211.0,5770.0,unchanged
1021759,8553.0,8677.0,5891.0,8553.0,8677.0,5543.0,unchanged
1021761,8553.0,8677.0,5891.0,8553.0,8677.0,5543.0,unchanged
1021778,36133.0,36134.0,6141.0,36133.0,36134.0,5787.0,unchanged
1021824,174408.0,174403.0,6156.0,174408.0,174403.0,5798.0,unchanged
1021825,174408.0,174403.0,6156.0,174408.0,174403.0,5798.0,unchanged
1021846,343568.0,343435.0,4991.0,,,,no_longer_flagged
1021847,343568.0,343435.0,4991.0,,,,no_longer_flagged
1021849,343568.0,343435.0,4991.0,,,,no_longer_flagged
1021870,11987.0,24777.0,2492.0,11987.0,24777.0,2267.0,unchanged
1021878,174408.0,174403.0,6156.0,174408.0,174403.0,5798.0,unchanged
1021879,174408.0,174403.0,6156.0,174408.0,174403.0,5798.0,unchanged
1021985,10120.0,10158.0,6198.0,10120.0,10158.0,5838.0,unchanged
1022031,9412.0,9390.0,6207.0,9412.0,9390.0,5846.0,unchanged
1022033,9412.0,9390.0,6207.0,9412.0,9390.0,5846.0,unchanged
1022051,9412.0,9390.0,6207.0,9412.0,9390.0,5846.0,unchanged
1022081,10392.0,10423.0,6238.0,10392.0,10423.0,5871.0,unchanged
1022085,,,,24270.0,10495.0,5874.0,newly_flagged
1022119,,,,24270.0,10495.0,5874.0,newly_flagged
1022122,24016.0,23968.0,6257.0,,,,no_longer_flagged
1022134,10544.0,10533.0,6267.0,10544.0,10533.0,5899.0,unchanged
1022163,10544.0,10533.0,6267.0,10544.0,10533.0,5899.0,unchanged
1022466,10893.0,24439.0,6376.0,10893.0,24439.0,5980.0,unchanged
1022482,24266.0,10497.0,6208.0,24266.0,10497.0,5845.0,unchanged
1022484,24266.0,10497.0,6208.0,24266.0,10497.0,5845.0,unchanged
1022485,24266.0,10497.0,6208.0,24266.0,10497.0,5845.0,unchanged
1022493,24411.0,24406.0,6388.0,24411.0,24406.0,5991.0,unchanged
1022530,24411.0,24406.0,6388.0,24411.0,24406.0,5991.0,unchanged
1022531,24411.0,24406.0,6388.0,24411.0,24406.0,5991.0,unchanged
1022532,10857.0,10822.0,6405.0,,,,no_longer_flagged
1022534,24411.0,24420.0,6406.0,,,,no_longer_flagged
1022536,24411.0,24420.0,6406.0,,,,no_longer_flagged
1022537,24411.0,24420.0,6406.0,,,,no_longer_flagged
1022565,24436.0,24392.0,6300.0,,,,no_longer_flagged
1022578,10909.0,10942.0,6413.0,10909.0,10942.0,3392.0,unchanged
1022580,10909.0,10942.0,6413.0,10909.0,10942.0,3392.0,unchanged
1022582,343569.0,343438.0,6418.0,,,,no_longer_flagged
1022583,343569.0,343438.0,6418.0,,,,no_longer_flagged
1022584,343569.0,343438.0,6418.0,,,,no_longer_flagged
1022630,343569.0,343438.0,6418.0,,,,no_longer_flagged
1022631,343569.0,343438.0,6418.0,,,,no_longer_flagged
1022632,343569.0,343438.0,6418.0,,,,no_longer_flagged
1022633,343569.0,343438.0,6418.0,,,,no_longer_flagged
1022637,343569.0,343438.0,6418.0,,,,no_longer_flagged
1022642,24436.0,24392.0,6300.0,,,,no_longer_flagged
1022685,370382.0,370381.0,6443.0,370382.0,370381.0,6042.0,unchanged
1022741,344333.0,344334.0,6442.0,344333.0,344334.0,6044.0,unchanged
1022790,449229.0,449228.0,6473.0,449229.0,449228.0,6072.0,unchanged
1022808,,,,537119.0,542510.0,1725.0,newly_flagged
1022849,11017.0,11009.0,6486.0,11017.0,11009.0,6080.0,unchanged
1022881,303360.0,303363.0,1186.0,,,,no_longer_flagged
1022884,303360.0,303363.0,1186.0,,,,no_longer_flagged
1022885,303360.0,303363.0,1186.0,,,,no_longer_flagged
1022896,11017.0,11009.0,6484.0,11017.0,11009.0,6080.0,unchanged
1022901,11012.0,11017.0,3461.0,11012.0,11017.0,3152.0,unchanged
1022914,173127.0,258564.0,6509.0,173127.0,258564.0,6099.0,unchanged
1022916,173127.0,258564.0,6509.0,173127.0,258564.0,6099.0,unchanged
1022930,303359.0,303363.0,1186.0,,,,no_longer_flagged
1022932,303359.0,303363.0,1186.0,,,,no_longer_flagged
1022933,303359.0,303363.0,1186.0,,,,no_longer_flagged
1022938,303359.0,303363.0,1186.0,,,,no_longer_flagged
1022939,303359.0,303363.0,1186.0,,,,no_longer_flagged
1022940,303360.0,303363.0,1186.0,,,,no_longer_flagged
1022941,303360.0,303363.0,1186.0,,,,no_longer_flagged
1022942,303359.0,303363.0,1186.0,,,,no_longer_flagged
1022944,303360.0,303363.0,1186.0,,,,no_longer_flagged
1022993,173127.0,258564.0,6509.0,173127.0,258564.0,6099.0,unchanged
1023211,8818.0,23313.0,6591.0,8818.0,23313.0,6173.0,unchanged
1023258,145275.0,235200.0,3474.0,145275.0,235200.0,3166.0,unchanged
1023514,7558.0,7575.0,4928.0,7558.0,7575.0,4600.0,unchanged
1023524,175690.0,175995.0,5537.0,,,,no_longer_flagged
1023528,23402.0,8927.0,6672.0,23402.0,8927.0,6252.0,unchanged
1023540,8218.0,8077.0,5849.0,8218.0,8077.0,5500.0,unchanged
1023546,23452.0,9032.0,5927.0,23452.0,9032.0,5576.0,unchanged
1023560,24096.0,24050.0,6587.0,,,,no_longer_flagged
1023578,10401.0,10423.0,6238.0,10401.0,10423.0,5871.0,unchanged
1023592,155195.0,155197.0,6694.0,,,,no_longer_flagged
1023595,10585.0,24355.0,6161.0,,,,no_longer_flagged
1023602,24107.0,24050.0,6587.0,24107.0,24054.0,6279.0,recommendation_changed
1023636,158080.0,158079.0,5838.0,158080.0,158079.0,5488.0,unchanged
1023650,23134.0,8466.0,5735.0,23134.0,8466.0,5389.0,unchanged
1023727,,,,8705.0,23301.0,6310.0,newly_flagged
1023728,,,,8705.0,23301.0,6310.0,newly_flagged
1023729,,,,8705.0,23301.0,6310.0,newly_flagged
1023763,23301.0,8705.0,6728.0,,,,no_longer_flagged
1023775,8702.0,8705.0,6727.0,8702.0,8705.0,6309.0,unchanged
1023792,23301.0,8705.0,6728.0,,,,no_longer_flagged
1023793,23301.0,8705.0,6728.0,,,,no_longer_flagged
1023831,7679.0,7733.0,6749.0,7679.0,7733.0,6327.0,unchanged
1023903,23967.0,23956.0,6607.0,23967.0,23956.0,6190.0,unchanged
1023961,24382.0,10715.0,4935.0,24382.0,10715.0,4606.0,unchanged
1023985,10115.0,10184.0,6774.0,10115.0,10184.0,6353.0,unchanged
1024012,,,,10047.0,10083.0,6365.0,newly_flagged
1024039,10392.0,10423.0,6238.0,10392.0,10423.0,5871.0,unchanged
1024046,155200.0,155197.0,6694.0,155200.0,155197.0,6376.0,unchanged
1024049,155200.0,155197.0,6694.0,155200.0,155197.0,6376.0,unchanged
1024052,,,,23811.0,23832.0,3746.0,newly_flagged
1024053,23997.0,23979.0,6804.0,23997.0,23979.0,6378.0,unchanged
1024063,155199.0,155197.0,6694.0,155199.0,155197.0,6376.0,unchanged
1024065,155200.0,155197.0,6694.0,155200.0,155197.0,6376.0,unchanged
1024071,24061.0,24078.0,6808.0,24061.0,24078.0,6382.0,unchanged
1024156,24061.0,24078.0,6808.0,24061.0,24078.0,6382.0,unchanged
1024157,24061.0,24078.0,6808.0,24061.0,24078.0,6382.0,unchanged
1024158,10585.0,24355.0,6161.0,,,,no_longer_flagged
1024170,10544.0,10533.0,6267.0,10544.0,10533.0,5899.0,unchanged
1024184,103003.0,1653.0,6833.0,103003.0,1653.0,6409.0,unchanged
1024210,10859.0,24430.0,6840.0,10859.0,24430.0,6415.0,unchanged
1024239,24445.0,66227.0,6851.0,24445.0,66227.0,6426.0,unchanged
1024240,24445.0,66227.0,6851.0,24445.0,66227.0,6426.0,unchanged
1024259,10397.0,10400.0,6859.0,10397.0,10400.0,6434.0,unchanged
1024280,,,,24384.0,10942.0,3392.0,newly_flagged
1024281,,,,24384.0,10942.0,3392.0,newly_flagged
1024288,24054.0,24050.0,6587.0,,,,no_longer_flagged
1024321,24054.0,24050.0,6587.0,,,,no_longer_flagged
1024336,24107.0,24050.0,6587.0,24107.0,24054.0,6279.0,recommendation_changed
1024337,24107.0,24050.0,6587.0,24107.0,24054.0,6279.0,recommendation_changed
1024348,19211.0,19166.0,6887.0,19211.0,19166.0,6462.0,unchanged
1024370,24054.0,24050.0,6587.0,,,,no_longer_flagged
1024373,24054.0,24050.0,6587.0,,,,no_longer_flagged
1024383,,,,24128.0,10423.0,5871.0,newly_flagged
1024385,,,,24128.0,10423.0,5871.0,newly_flagged
1024392,10994.0,11012.0,6505.0,10994.0,11012.0,6095.0,unchanged
1024395,,,,23934.0,10092.0,6057.0,newly_flagged
1024399,,,,24128.0,10423.0,5871.0,newly_flagged
1024400,,,,24128.0,10423.0,5871.0,newly_flagged
1024404,281927.0,24128.0,6897.0,281927.0,10423.0,5871.0,recommendation_changed
1024411,281927.0,24128.0,6897.0,281927.0,10423.0,5871.0,recommendation_changed
1024416,258564.0,258563.0,6493.0,,,,no_longer_flagged
1024425,,,,23934.0,10092.0,6057.0,newly_flagged
1024459,10585.0,24355.0,6161.0,,,,no_longer_flagged
1024460,10585.0,24355.0,6161.0,,,,no_longer_flagged
1024471,,,,23934.0,10092.0,6057.0,newly_flagged
1024473,,,,23934.0,10092.0,6057.0,newly_flagged
1024483,9053.0,9032.0,5927.0,9053.0,9032.0,5576.0,unchanged
1024525,155200.0,155197.0,6694.0,155200.0,155197.0,6376.0,unchanged
1024549,9032.0,23468.0,5921.0,9032.0,23468.0,5570.0,unchanged
1024554,24061.0,10130.0,6811.0,24061.0,10130.0,6385.0,unchanged
1024562,155200.0,155197.0,6694.0,155200.0,155197.0,6376.0,unchanged
1024565,155195.0,155197.0,6694.0,,,,no_longer_flagged
1024652,8665.0,8663.0,6937.0,8665.0,8663.0,6509.0,unchanged
1024670,71963.0,64942.0,1435.0,,,,no_longer_flagged
1024794,16877.0,4497.0,6973.0,16877.0,4497.0,6541.0,unchanged
1024798,24950.0,24922.0,1117.0,24950.0,24922.0,1009.0,unchanged
1024899,20857.0,20823.0,6993.0,20857.0,20823.0,6560.0,unchanged
1024907,64945.0,64942.0,1410.0,,,,no_longer_flagged
1024998,12336.0,24922.0,1117.0,12336.0,24922.0,1009.0,unchanged
1025076,10149.0,10140.0,1803.0,10149.0,10140.0,1674.0,unchanged
1025106,10616.0,10636.0,1223.0,10616.0,10636.0,1114.0,unchanged
1025254,12705.0,25132.0,2561.0,12705.0,25132.0,2328.0,unchanged
1025279,23041.0,23077.0,1532.0,23041.0,23077.0,1408.0,unchanged
1025319,64945.0,64942.0,1410.0,,,,no_longer_flagged
1025329,25283.0,12911.0,1329.0,25283.0,12911.0,1215.0,unchanged
1025332,64945.0,64942.0,1410.0,,,,no_longer_flagged
1025334,64945.0,64942.0,1452.0,,,,no_longer_flagged
1025338,64945.0,64942.0,7078.0,,,,no_longer_flagged
1025355,24858.0,11987.0,1827.0,24858.0,11987.0,1694.0,unchanged
1025449,24846.0,24837.0,1458.0,24846.0,24837.0,1335.0,unchanged
1025475,10100.0,10160.0,1944.0,10100.0,10160.0,1802.0,unchanged
1025480,33260.0,33259.0,7092.0,33260.0,33259.0,1653.0,unchanged
1025519,71963.0,64942.0,1435.0,,,,no_longer_flagged
1025520,71963.0,64942.0,1435.0,,,,no_longer_flagged
1025521,71963.0,64942.0,1446.0,,,,no_longer_flagged
1025522,71963.0,64942.0,1435.0,,,,no_longer_flagged
1025524,71963.0,64942.0,1435.0,,,,no_longer_flagged
1025525,71963.0,64942.0,1444.0,,,,no_longer_flagged
1025526,71963.0,64942.0,1435.0,,,,no_longer_flagged
1025527,71963.0,64942.0,1435.0,,,,no_longer_flagged
1025529,71963.0,64942.0,1435.0,,,,no_longer_flagged
1025532,71963.0,64942.0,1435.0,,,,no_longer_flagged
1025533,71963.0,64942.0,1435.0,,,,no_longer_flagged
1025619,10416.0,10336.0,2469.0,10416.0,10336.0,2245.0,unchanged
1025644,12688.0,25174.0,2610.0,12688.0,25174.0,2379.0,unchanged
1025657,56312.0,32607.0,1211.0,56312.0,32607.0,1102.0,unchanged
1025753,11997.0,11987.0,7140.0,11997.0,11987.0,6693.0,unchanged
1025946,,,,4930.0,17750.0,6728.0,newly_flagged
1025954,12470.0,12541.0,2983.0,,,,no_longer_flagged
1025979,477903.0,477905.0,7183.0,477903.0,477905.0,6736.0,unchanged
1026042,,,,,535975.0,5583.0,newly_flagged
1026068,24035.0,24062.0,2117.0,24035.0,24062.0,1961.0,unchanged
1026089,12906.0,12922.0,6101.0,12906.0,12922.0,5750.0,unchanged
1026114,12906.0,12922.0,6101.0,12906.0,12922.0,5750.0,unchanged
1026162,,,,437.0,444.0,6763.0,newly_flagged
1026304,13088.0,13016.0,6060.0,13088.0,13016.0,5709.0,unchanged
1026306,25009.0,12424.0,7215.0,25009.0,12424.0,6762.0,unchanged
1026307,25009.0,12424.0,7215.0,25009.0,12424.0,6762.0,unchanged
1026308,25009.0,12424.0,7215.0,25009.0,12424.0,6762.0,unchanged
1026314,25009.0,12424.0,7215.0,25009.0,12424.0,6762.0,unchanged
1026334,64942.0,71963.0,1983.0,,,,no_longer_flagged
1026335,64942.0,71963.0,6948.0,,,,no_longer_flagged
1026368,13223.0,13249.0,1545.0,13223.0,13249.0,1420.0,unchanged
1026371,12906.0,12922.0,6101.0,12906.0,12922.0,5750.0,unchanged
1026462,13083.0,13150.0,1001.0,13083.0,13149.0,808.0,recommendation_changed
1026464,,,,13150.0,13149.0,808.0,newly_flagged
1026465,13083.0,13150.0,1001.0,13083.0,13149.0,808.0,recommendation_changed
1026469,,,,13150.0,13149.0,808.0,newly_flagged
1026556,535598.0,390530.0,3114.0,535598.0,535595.0,2850.0,recommendation_changed
1026604,184639.0,184637.0,3670.0,184639.0,184637.0,3360.0,unchanged
1026635,344336.0,344337.0,6409.0,344336.0,344337.0,6008.0,unchanged
1026662,344336.0,344337.0,6409.0,344336.0,344337.0,6008.0,unchanged
1026668,506648.0,506646.0,7314.0,506648.0,506646.0,6837.0,unchanged
1026680,24436.0,24392.0,6300.0,,,,no_longer_flagged
1026746,24125.0,10354.0,6912.0,24125.0,10354.0,6484.0,unchanged
1026747,,,,10392.0,10423.0,5871.0,newly_flagged
1026857,23832.0,23844.0,7352.0,23832.0,23844.0,6863.0,unchanged
1026888,9331.0,9320.0,7370.0,9331.0,9320.0,6880.0,unchanged
1026889,9331.0,9320.0,7370.0,9331.0,9320.0,6880.0,unchanged
1026894,9331.0,9320.0,7370.0,9331.0,9320.0,6880.0,unchanged
1026897,9331.0,9320.0,7370.0,9331.0,9320.0,6880.0,unchanged
1026947,9730.0,9732.0,7378.0,9730.0,9732.0,6891.0,unchanged
1026948,9730.0,9732.0,7378.0,9730.0,9732.0,6891.0,unchanged
1026961,,,,23899.0,23891.0,6364.0,newly_flagged
1026999,115521.0,391220.0,7392.0,115521.0,391220.0,6901.0,unchanged
1027000,115521.0,391220.0,7392.0,115521.0,391220.0,6901.0,unchanged
1027006,100451.0,100449.0,5665.0,100451.0,100449.0,5316.0,unchanged
1027007,100451.0,100449.0,5665.0,100451.0,100449.0,5316.0,unchanged
1027019,115521.0,391220.0,7392.0,115521.0,391220.0,6901.0,unchanged
1027021,115521.0,391220.0,7392.0,115521.0,391220.0,6901.0,unchanged
1027038,94044.0,94043.0,5809.0,94044.0,94043.0,5461.0,unchanged
1027054,101410.0,100452.0,5825.0,101410.0,100452.0,5476.0,unchanged
1027055,101410.0,100452.0,5825.0,101410.0,100452.0,5476.0,unchanged
1027056,101410.0,100452.0,5825.0,101410.0,100452.0,5476.0,unchanged
1027057,101411.0,103009.0,1587.0,,,,no_longer_flagged
1027062,115517.0,343213.0,7402.0,115517.0,343213.0,6912.0,unchanged
1027063,115517.0,343213.0,7402.0,115517.0,343213.0,6912.0,unchanged
1027064,115517.0,343213.0,7402.0,115517.0,343213.0,6912.0,unchanged
1027065,115517.0,343213.0,7402.0,115517.0,343213.0,6912.0,unchanged
1027073,8757.0,8708.0,5881.0,8757.0,8708.0,5532.0,unchanged
1027124,9809.0,9808.0,5871.0,9809.0,9808.0,5522.0,unchanged
1027153,,,,473132.0,473122.0,4509.0,newly_flagged
1027154,343563.0,343438.0,6418.0,,,,no_longer_flagged
1027179,,,,25279.0,12954.0,899.0,newly_flagged
1027183,22783.0,7558.0,6661.0,22783.0,7558.0,6243.0,unchanged
1027193,9448.0,9471.0,4042.0,9448.0,9471.0,3727.0,unchanged
1027206,10544.0,10533.0,6267.0,10544.0,10533.0,5899.0,unchanged
1027228,,,,10604.0,24227.0,6948.0,newly_flagged
1027254,23496.0,9059.0,5841.0,23496.0,9059.0,5492.0,unchanged
1027256,9059.0,23496.0,5440.0,9059.0,23496.0,5095.0,unchanged
1027363,24096.0,24050.0,6587.0,,,,no_longer_flagged
1027370,24096.0,24050.0,6587.0,,,,no_longer_flagged
1027371,24096.0,24050.0,6587.0,,,,no_longer_flagged
1027372,24096.0,24050.0,6587.0,,,,no_longer_flagged
1027422,24096.0,24050.0,6587.0,,,,no_longer_flagged
1027467,24072.0,24044.0,3458.0,24072.0,24044.0,3149.0,unchanged
1027549,23898.0,23883.0,7448.0,23898.0,23883.0,6956.0,unchanged
1027565,23041.0,23077.0,1532.0,23041.0,23077.0,1408.0,unchanged
1027601,7929.0,7967.0,5595.0,7929.0,7967.0,5251.0,unchanged
1027607,8001.0,7999.0,5333.0,8001.0,7999.0,5009.0,unchanged
1027635,22789.0,7534.0,6027.0,22789.0,7534.0,5675.0,unchanged
1027646,8218.0,8077.0,5849.0,8218.0,8077.0,5500.0,unchanged
1027648,8218.0,8077.0,5849.0,8218.0,8077.0,5500.0,unchanged
1027660,23184.0,23213.0,7517.0,23184.0,23213.0,7023.0,unchanged
1027664,33262.0,58203.0,1425.0,,,,no_longer_flagged
1027678,1008.0,993.0,7522.0,1008.0,993.0,7027.0,unchanged
1027818,8288.0,8252.0,918.0,8288.0,8252.0,820.0,unchanged
1027825,7365.0,7398.0,1068.0,7365.0,7398.0,962.0,unchanged
1027851,23639.0,9317.0,5710.0,23639.0,9317.0,5363.0,unchanged
1027863,8138.0,22997.0,1194.0,8138.0,22997.0,1085.0,unchanged
1027865,8138.0,22997.0,1194.0,8138.0,22997.0,1085.0,unchanged
1027876,8138.0,22997.0,1194.0,8138.0,22997.0,1085.0,unchanged
1027878,7797.0,7852.0,5399.0,7797.0,7852.0,5066.0,unchanged
1027879,8138.0,22997.0,1194.0,8138.0,22997.0,1085.0,unchanged
1027881,8138.0,22997.0,1194.0,8138.0,22997.0,1085.0,unchanged
1027882,8154.0,22997.0,1194.0,,,,no_longer_flagged
1027883,8154.0,22997.0,1194.0,,,,no_longer_flagged
1027963,278398.0,274876.0,3420.0,278398.0,274876.0,3109.0,unchanged
1028002,6734.0,22373.0,3408.0,6734.0,22373.0,3096.0,unchanged
1028040,,,,7102.0,7030.0,7145.0,newly_flagged
1028062,22342.0,6626.0,3973.0,22342.0,6626.0,3657.0,unchanged
1028068,6970.0,6987.0,7661.0,6970.0,6987.0,7153.0,unchanged
1028108,7030.0,7102.0,7652.0,,,,no_longer_flagged
1028124,,,,22249.0,6420.0,7205.0,newly_flagged
1028151,7777.0,7759.0,7737.0,7777.0,7759.0,7227.0,unchanged
1028210,,,,6912.0,6867.0,3699.0,newly_flagged
1028211,7030.0,7102.0,7652.0,,,,no_longer_flagged
1028533,74204.0,10730.0,7578.0,74204.0,10730.0,7075.0,unchanged
1028536,375309.0,370350.0,7801.0,375309.0,370350.0,7290.0,unchanged
1028538,8717.0,23274.0,7367.0,8717.0,23274.0,6878.0,unchanged
1028541,15374.0,15360.0,7804.0,15374.0,15360.0,7293.0,unchanged
1028545,115504.0,86052.0,7807.0,115504.0,86052.0,7296.0,unchanged
1028549,,,,22870.0,7761.0,7300.0,newly_flagged
1028564,375244.0,17083.0,7826.0,375244.0,17083.0,7315.0,unchanged
1028569,22057.0,5834.0,7830.0,22057.0,5834.0,7319.0,unchanged
1028577,15420.0,15437.0,7838.0,15420.0,15437.0,7327.0,unchanged
1028584,26566.0,16888.0,7845.0,26566.0,16888.0,7334.0,unchanged
1028594,26505.0,16594.0,7854.0,26505.0,26481.0,7343.0,recommendation_changed
1028606,17769.0,26894.0,7864.0,17769.0,26894.0,7353.0,unchanged
1028610,17150.0,26672.0,7868.0,17150.0,26672.0,7357.0,unchanged
1028620,17661.0,17563.0,7877.0,17661.0,17563.0,7366.0,unchanged
1028624,16206.0,16233.0,7881.0,16206.0,16233.0,7370.0,unchanged
1028638,26024.0,26025.0,7890.0,,,,no_longer_flagged
1028695,344332.0,350006.0,7913.0,344332.0,350006.0,7402.0,unchanged
1028707,370574.0,375679.0,7917.0,370574.0,375679.0,7406.0,unchanged
1028708,370574.0,375679.0,7917.0,370574.0,375679.0,7406.0,unchanged
1028721,370574.0,375679.0,7917.0,370574.0,375679.0,7406.0,unchanged
1028722,370587.0,375679.0,7917.0,370587.0,375679.0,7406.0,unchanged
1028820,99806.0,99816.0,4894.0,99806.0,99816.0,4567.0,unchanged
1028821,99806.0,99816.0,4894.0,99806.0,99816.0,4567.0,unchanged
1028822,99806.0,99816.0,4894.0,99806.0,99816.0,4567.0,unchanged
1028882,22812.0,22817.0,7779.0,22812.0,22817.0,7269.0,unchanged
1028909,,,,23811.0,23832.0,3746.0,newly_flagged
1028963,344271.0,350006.0,7913.0,344271.0,350006.0,7402.0,unchanged
1028965,344271.0,350006.0,7913.0,344271.0,350006.0,7402.0,unchanged
1028989,261755.0,261450.0,8032.0,261755.0,261450.0,7510.0,unchanged
1029039,155836.0,155838.0,5602.0,,,,no_longer_flagged
1029040,155836.0,155838.0,5602.0,,,,no_longer_flagged
1029041,155836.0,155838.0,5602.0,155836.0,155838.0,5258.0,unchanged
1029045,155836.0,155838.0,5602.0,155836.0,155838.0,5258.0,unchanged
1029068,375308.0,375309.0,8053.0,375308.0,375309.0,7525.0,unchanged
1029370,308475.0,343550.0,8128.0,,,,no_longer_flagged
1029373,343552.0,343550.0,8128.0,,,,no_longer_flagged
1029374,343552.0,343550.0,8128.0,,,,no_longer_flagged
1029375,268796.0,343550.0,8128.0,268796.0,308475.0,7604.0,recommendation_changed
1029376,308475.0,343550.0,8128.0,,,,no_longer_flagged
1029378,308475.0,343550.0,8128.0,,,,no_longer_flagged
1029380,308475.0,343550.0,8128.0,,,,no_longer_flagged
1029381,308475.0,343550.0,8128.0,,,,no_longer_flagged
1029384,308475.0,343550.0,8128.0,,,,no_longer_flagged
1029385,308475.0,343550.0,8128.0,,,,no_longer_flagged
1029413,31346.0,31345.0,8144.0,,,,no_longer_flagged
1029454,7628.0,22837.0,8167.0,7628.0,22837.0,7626.0,unchanged
1029455,31346.0,31345.0,8144.0,,,,no_longer_flagged
1029458,31346.0,31345.0,8168.0,,,,no_longer_flagged
1029461,31346.0,31345.0,8144.0,,,,no_longer_flagged
1029462,31346.0,31345.0,8168.0,,,,no_longer_flagged
1029495,7629.0,7628.0,7996.0,7629.0,7628.0,7483.0,unchanged
1029497,7628.0,22837.0,8167.0,7628.0,22837.0,7626.0,unchanged
1029532,31345.0,31344.0,8192.0,,,,no_longer_flagged
1029533,,,,31345.0,31346.0,7611.0,newly_flagged
1029535,,,,31345.0,31346.0,7611.0,newly_flagged
1029536,,,,31345.0,31346.0,7611.0,newly_flagged
1029537,,,,31345.0,31346.0,7611.0,newly_flagged
1029538,31345.0,31346.0,8142.0,31345.0,31346.0,7611.0,unchanged
1029539,,,,31345.0,31346.0,7611.0,newly_flagged
1029540,31345.0,31346.0,8140.0,31345.0,31346.0,7611.0,unchanged
1029542,31345.0,31346.0,8140.0,31345.0,31346.0,7611.0,unchanged
1029546,31345.0,31344.0,8192.0,,,,no_longer_flagged
1029547,31345.0,31344.0,8192.0,,,,no_longer_flagged
1029548,31345.0,31344.0,8192.0,,,,no_longer_flagged
1029549,31345.0,31344.0,8192.0,,,,no_longer_flagged
1029550,31345.0,31344.0,8195.0,,,,no_longer_flagged
1029583,,,,31345.0,31346.0,7611.0,newly_flagged
1029584,,,,31345.0,31346.0,7611.0,newly_flagged
1029585,31345.0,31346.0,8140.0,31345.0,31346.0,7611.0,unchanged
1029586,,,,31345.0,31346.0,7611.0,newly_flagged
1029587,31345.0,31344.0,8192.0,,,,no_longer_flagged
1029588,31345.0,31344.0,8192.0,,,,no_longer_flagged
1029589,31345.0,31344.0,8192.0,,,,no_longer_flagged
1029591,31345.0,31346.0,8140.0,31345.0,31346.0,7611.0,unchanged
1029592,,,,31345.0,31346.0,7611.0,newly_flagged
1029593,31345.0,31346.0,8140.0,31345.0,31346.0,7611.0,unchanged
1029594,,,,31345.0,31346.0,7611.0,newly_flagged
1029597,31345.0,31344.0,8195.0,,,,no_longer_flagged
1029649,370383.0,370384.0,6439.0,370383.0,370384.0,6038.0,unchanged
1029678,6199.0,6219.0,8224.0,6199.0,6219.0,7663.0,unchanged
1029681,370384.0,370382.0,6452.0,370384.0,370382.0,6051.0,unchanged
1029825,6961.0,6960.0,7584.0,6961.0,6960.0,7080.0,unchanged
1029839,278084.0,278085.0,8291.0,278084.0,278085.0,7719.0,unchanged
1029861,278085.0,278086.0,8297.0,278085.0,278086.0,7725.0,unchanged
1029873,278086.0,278085.0,8291.0,278086.0,278085.0,7719.0,unchanged
1029970,6382.0,6433.0,7627.0,6382.0,6433.0,7121.0,unchanged
1030156,6227.0,6181.0,7778.0,6227.0,6181.0,7268.0,unchanged
1030217,6549.0,22311.0,8398.0,6549.0,22311.0,7828.0,unchanged
1030220,,,,7102.0,7030.0,7145.0,newly_flagged
1030221,,,,7102.0,7030.0,7145.0,newly_flagged
1030224,,,,7102.0,7030.0,7145.0,newly_flagged
1030248,22642.0,7102.0,7652.0,22642.0,7030.0,7145.0,recommendation_changed
1030314,170237.0,170238.0,8419.0,170237.0,170238.0,7851.0,unchanged
1030350,343094.0,343093.0,8426.0,343094.0,343093.0,7859.0,unchanged
1030439,400927.0,130219.0,8450.0,400927.0,130219.0,7882.0,unchanged
1030513,,2516.0,8477.0,,2516.0,7896.0,unchanged
1030623,331522.0,331523.0,8501.0,331522.0,331523.0,7910.0,unchanged
1030631,331522.0,331523.0,8501.0,331522.0,331523.0,7910.0,unchanged
1030659,6370.0,22265.0,8526.0,6370.0,22265.0,7936.0,unchanged
1030660,6370.0,22265.0,8526.0,6370.0,22265.0,7936.0,unchanged
1030714,271036.0,271037.0,8544.0,271036.0,271037.0,7202.0,unchanged
1030740,6970.0,6987.0,7661.0,6970.0,6987.0,7153.0,unchanged
1030741,6970.0,6987.0,7661.0,6970.0,6987.0,7153.0,unchanged
1030757,6870.0,6871.0,8557.0,6870.0,22476.0,7968.0,recommendation_changed
1030758,6870.0,6871.0,8557.0,6870.0,22476.0,7968.0,recommendation_changed
1030763,6941.0,22567.0,8558.0,6941.0,22567.0,7969.0,unchanged
1030779,6941.0,22567.0,8558.0,6941.0,22567.0,7969.0,unchanged
1030780,6941.0,22567.0,8558.0,6941.0,22567.0,7969.0,unchanged
1030782,6941.0,22567.0,8558.0,6941.0,22567.0,7969.0,unchanged
1030808,375296.0,375294.0,8570.0,,,,no_longer_flagged
1031083,343090.0,287682.0,3883.0,343090.0,287682.0,3572.0,unchanged
1031084,343090.0,287682.0,3883.0,343090.0,287682.0,3572.0,unchanged
1031085,343090.0,287682.0,3883.0,343090.0,287682.0,3572.0,unchanged
1031086,343090.0,287682.0,3883.0,343090.0,287682.0,3572.0,unchanged
1031101,,,,193.0,169.0,8055.0,newly_flagged
1031228,22476.0,6871.0,8557.0,,,,no_longer_flagged
1031247,169285.0,167997.0,8692.0,169285.0,167997.0,8097.0,unchanged
1031248,169285.0,167997.0,8692.0,169285.0,167997.0,8097.0,unchanged
1031249,169285.0,167997.0,8692.0,169285.0,167997.0,8097.0,unchanged
1031250,169285.0,167997.0,8692.0,169285.0,167997.0,8097.0,unchanged
1031252,169285.0,167997.0,8692.0,169285.0,167997.0,8097.0,unchanged
1031262,283200.0,283199.0,8697.0,283200.0,283199.0,8102.0,unchanged
1031363,3807.0,3788.0,7537.0,3807.0,3788.0,7038.0,unchanged
1031364,343214.0,343213.0,7402.0,343214.0,343213.0,6912.0,unchanged
1031366,343214.0,343213.0,7402.0,343214.0,343213.0,6912.0,unchanged
1031367,,,,343212.0,343213.0,6912.0,newly_flagged
1031370,,,,343212.0,343213.0,6912.0,newly_flagged
1031375,343214.0,343213.0,7402.0,343214.0,343213.0,6912.0,unchanged
1031540,,85727.0,8771.0,,85727.0,8172.0,unchanged
1031544,142396.0,141435.0,8770.0,142396.0,141435.0,8171.0,unchanged
1031545,142396.0,141435.0,8770.0,142396.0,141435.0,8171.0,unchanged
1031546,142396.0,141435.0,8770.0,142396.0,141435.0,8171.0,unchanged
1031547,142396.0,141435.0,8770.0,142396.0,141435.0,8171.0,unchanged
1031548,142396.0,141435.0,8770.0,142396.0,141435.0,8171.0,unchanged
1031597,536771.0,506690.0,8785.0,536771.0,535996.0,8181.0,recommendation_changed
1031647,24195.0,10500.0,8800.0,,,,no_longer_flagged
1031648,24195.0,10500.0,8800.0,,,,no_longer_flagged
1031649,24195.0,10500.0,8800.0,,,,no_longer_flagged
1031650,24195.0,10500.0,8800.0,,,,no_longer_flagged
1031659,,,,10500.0,24195.0,3391.0,newly_flagged
1031660,,,,10500.0,24195.0,3391.0,newly_flagged
1031661,,,,10500.0,24195.0,3391.0,newly_flagged
1031662,24273.0,10549.0,8801.0,24273.0,10549.0,8196.0,unchanged
1031671,,,,10604.0,24227.0,6948.0,newly_flagged
1031699,,,,10500.0,24195.0,3391.0,newly_flagged
1031702,10466.0,10500.0,8800.0,10466.0,24195.0,3391.0,recommendation_changed
1031731,22812.0,22817.0,7779.0,22812.0,22817.0,7269.0,unchanged
1031783,7385.0,7341.0,8855.0,7385.0,7341.0,8244.0,unchanged
1031913,,536892.0,8909.0,,536892.0,8287.0,unchanged
1031967,204797.0,19925.0,3895.0,204797.0,19925.0,3583.0,unchanged
1031972,6563.0,6515.0,8937.0,,,,no_longer_flagged
1031985,6469.0,22305.0,8943.0,6469.0,22305.0,8318.0,unchanged
1032017,370358.0,370350.0,7801.0,370358.0,370350.0,7290.0,unchanged
1032066,,,,153923.0,153917.0,8332.0,newly_flagged
1032122,303995.0,18993.0,8969.0,303995.0,18993.0,8347.0,unchanged
1032209,287998.0,287997.0,7604.0,287998.0,287997.0,7100.0,unchanged
1032259,11013.0,11036.0,8991.0,11013.0,11036.0,8366.0,unchanged
1032286,11013.0,11036.0,8991.0,11013.0,11036.0,8366.0,unchanged
1032340,343565.0,343567.0,9026.0,343565.0,343567.0,8396.0,unchanged
1032407,,,,23145.0,8513.0,5689.0,newly_flagged
1032475,278398.0,274876.0,3420.0,278398.0,274876.0,3109.0,unchanged
1032520,344459.0,344462.0,9079.0,344459.0,344462.0,8443.0,unchanged
1032627,345249.0,345246.0,9102.0,345249.0,345246.0,8466.0,unchanged
1032661,287998.0,313597.0,9048.0,287998.0,313597.0,8413.0,unchanged
1032710,,,,16338.0,16309.0,8487.0,newly_flagged
1032749,6246.0,6260.0,7696.0,6246.0,6260.0,7187.0,unchanged
1032790,370316.0,370315.0,9147.0,370316.0,370315.0,8505.0,unchanged
1032879,22495.0,22475.0,9172.0,,,,no_longer_flagged
1032886,6867.0,22469.0,9127.0,6867.0,22469.0,8482.0,unchanged
1032899,6766.0,6667.0,9175.0,6766.0,6667.0,8536.0,unchanged
1032900,6766.0,6667.0,9175.0,6766.0,6667.0,8536.0,unchanged
1032930,6766.0,6667.0,9175.0,6766.0,6667.0,8536.0,unchanged
1033024,22498.0,6859.0,9199.0,22498.0,6859.0,8561.0,unchanged
1033095,6912.0,6867.0,4014.0,6912.0,6867.0,3699.0,unchanged
1033097,6912.0,6867.0,4014.0,6912.0,6867.0,3699.0,unchanged
1033098,6912.0,6867.0,4014.0,6912.0,6867.0,3699.0,unchanged
1033099,6912.0,6867.0,4014.0,6912.0,6867.0,3699.0,unchanged
1033102,,,,6912.0,6867.0,3699.0,newly_flagged
1033120,7030.0,7102.0,7652.0,,,,no_longer_flagged
1033124,7030.0,7102.0,7652.0,,,,no_longer_flagged
1033144,6912.0,6867.0,4014.0,6912.0,6867.0,3699.0,unchanged
1033189,343675.0,298879.0,8052.0,,,,no_longer_flagged
1033222,285128.0,285129.0,9243.0,285128.0,285129.0,8605.0,unchanged
1033223,341120.0,343394.0,9253.0,341120.0,343394.0,8613.0,unchanged
1033282,291199.0,294077.0,9263.0,291199.0,294077.0,8625.0,unchanged
1033287,294077.0,291199.0,8001.0,294077.0,291199.0,7480.0,unchanged
1033329,,,,349771.0,349772.0,3725.0,newly_flagged
1033330,,,,349771.0,349772.0,3725.0,newly_flagged
1033335,,,,349771.0,349772.0,3725.0,newly_flagged
1033336,,,,349771.0,349772.0,3725.0,newly_flagged
1033420,31344.0,31343.0,9291.0,,,,no_longer_flagged
1033461,537135.0,537131.0,4809.0,,,,no_longer_flagged
1033488,6580.0,6612.0,9065.0,6580.0,6612.0,8428.0,unchanged
1033550,349773.0,349776.0,9322.0,349773.0,349776.0,8674.0,unchanged
1033564,350075.0,349900.0,9323.0,350075.0,349900.0,8675.0,unchanged
1033813,109419.0,109114.0,9366.0,109419.0,109114.0,8721.0,unchanged
1033827,165129.0,168320.0,9387.0,165129.0,168320.0,8740.0,unchanged
1033887,165129.0,168320.0,9387.0,165129.0,168320.0,8740.0,unchanged
1033900,288002.0,288003.0,7617.0,288002.0,288003.0,7109.0,unchanged
1033999,6566.0,6553.0,9072.0,6566.0,6553.0,8437.0,unchanged
1034001,6566.0,6553.0,9072.0,6566.0,6553.0,8437.0,unchanged
1034022,6941.0,22567.0,8558.0,6941.0,22567.0,7969.0,unchanged
1034028,,,,131506.0,126383.0,8778.0,newly_flagged
1034078,98205.0,296.0,286.0,98205.0,296.0,269.0,unchanged
1034080,131505.0,126383.0,9465.0,,,,no_longer_flagged
1034111,22558.0,6967.0,9474.0,22558.0,6967.0,8792.0,unchanged
1034164,294077.0,294076.0,9485.0,294077.0,294076.0,8806.0,unchanged
1034187,294076.0,309758.0,9318.0,294076.0,309758.0,8805.0,unchanged
1034188,,,,294076.0,309758.0,8805.0,newly_flagged
1034259,55649.0,47644.0,9505.0,55649.0,47644.0,8825.0,unchanged
1034261,55649.0,47644.0,9505.0,55649.0,47644.0,8825.0,unchanged
1034262,55649.0,47644.0,9505.0,55649.0,47644.0,8825.0,unchanged
1034324,159357.0,159045.0,9526.0,159357.0,159045.0,8846.0,unchanged
1034326,159357.0,159045.0,9526.0,159357.0,159045.0,8846.0,unchanged
1034360,159047.0,159048.0,9530.0,159047.0,159048.0,8849.0,unchanged
1034362,159048.0,159049.0,9520.0,159048.0,159049.0,8840.0,unchanged
1034384,159357.0,159045.0,9526.0,159357.0,159045.0,8846.0,unchanged
1034385,159357.0,159045.0,9526.0,159357.0,159045.0,8846.0,unchanged
1034507,7740.0,7759.0,7737.0,7740.0,7759.0,7227.0,unchanged
1034510,7740.0,7759.0,7737.0,7740.0,7759.0,7227.0,unchanged
1034515,7779.0,7777.0,9563.0,7779.0,7777.0,8880.0,unchanged
1034520,7732.0,7713.0,9202.0,7732.0,7713.0,8565.0,unchanged
1034554,16659.0,16600.0,9579.0,16659.0,16641.0,8894.0,recommendation_changed
1034555,7759.0,7740.0,9564.0,7759.0,7740.0,8881.0,unchanged
1034560,7740.0,7732.0,9566.0,7740.0,7732.0,8883.0,unchanged
1034562,7740.0,7732.0,9566.0,7740.0,7732.0,8883.0,unchanged
1034568,7777.0,7759.0,7737.0,7777.0,7759.0,7227.0,unchanged
1034569,7777.0,7759.0,7737.0,7777.0,7759.0,7227.0,unchanged
1034611,278398.0,274876.0,3420.0,278398.0,274876.0,3109.0,unchanged
1034613,278398.0,274876.0,3420.0,278398.0,274876.0,3109.0,unchanged
1034631,278398.0,274876.0,3420.0,278398.0,274876.0,3109.0,unchanged
1034632,278398.0,274876.0,3420.0,278398.0,274876.0,3109.0,unchanged
1034633,278398.0,274876.0,3420.0,278398.0,274876.0,3109.0,unchanged
1034634,278398.0,274876.0,3420.0,278398.0,274876.0,3109.0,unchanged
1034654,6186.0,49258.0,9596.0,6186.0,49258.0,8912.0,unchanged
1034712,6216.0,49258.0,9596.0,6216.0,49258.0,8912.0,unchanged
1034721,292162.0,292159.0,9613.0,292162.0,292159.0,8931.0,unchanged
1034753,292159.0,292158.0,9620.0,292159.0,292158.0,8936.0,unchanged
1034755,482623.0,482621.0,2554.0,482623.0,482621.0,2321.0,unchanged
1034849,7483.0,7514.0,8569.0,,,,no_longer_flagged
1034872,301117.0,301116.0,9636.0,301117.0,301116.0,8952.0,unchanged
1034873,301117.0,301116.0,9636.0,301117.0,301116.0,8952.0,unchanged
1034874,301117.0,301116.0,9636.0,301117.0,301116.0,8952.0,unchanged
1034886,7914.0,22893.0,8588.0,7914.0,22893.0,7999.0,unchanged
1034905,22377.0,22393.0,9652.0,22377.0,22393.0,8967.0,unchanged
1034910,536771.0,506690.0,8785.0,536771.0,535996.0,8181.0,recommendation_changed
1034938,,,,536814.0,536191.0,8983.0,newly_flagged
1034941,263366.0,263367.0,7760.0,,,,no_longer_flagged
1034950,,,,177601.0,177602.0,3723.0,newly_flagged
1035092,6790.0,22519.0,7345.0,6790.0,22519.0,6856.0,unchanged
1035099,6702.0,6667.0,9175.0,6702.0,6667.0,8536.0,unchanged
1035203,,,,292157.0,292156.0,9038.0,newly_flagged
1035212,292160.0,292157.0,9742.0,292160.0,292157.0,9043.0,unchanged
1035228,,,,22249.0,6420.0,7205.0,newly_flagged
1035229,,,,22249.0,6420.0,7205.0,newly_flagged
1035230,,,,22249.0,6420.0,7205.0,newly_flagged
1035239,6028.0,22111.0,9751.0,6028.0,22111.0,9050.0,unchanged
1035279,286726.0,344637.0,3415.0,286726.0,344637.0,3104.0,unchanged
1035288,344636.0,306237.0,9764.0,344636.0,306237.0,9058.0,unchanged
1035302,286723.0,286724.0,3400.0,286723.0,286724.0,3087.0,unchanged
1035328,344636.0,306237.0,9764.0,344636.0,306237.0,9058.0,unchanged
1035384,66227.0,10879.0,9785.0,,,,no_longer_flagged
1035385,66227.0,10879.0,9785.0,,,,no_longer_flagged
1035386,66227.0,10879.0,9785.0,,,,no_longer_flagged
1035395,10871.0,10879.0,9785.0,10871.0,66227.0,9075.0,recommendation_changed
1035397,,,,10879.0,66227.0,9075.0,newly_flagged
1035398,10871.0,10879.0,9785.0,10871.0,66227.0,9075.0,recommendation_changed
1035418,24329.0,10654.0,6153.0,24329.0,10654.0,5797.0,unchanged
1035435,344337.0,343441.0,9780.0,344337.0,343441.0,9072.0,unchanged
1035436,344337.0,343441.0,9780.0,344337.0,343441.0,9072.0,unchanged
1035447,,,,10879.0,66227.0,9075.0,newly_flagged
1035477,341122.0,343392.0,9803.0,341122.0,343392.0,9092.0,unchanged
1035511,19546.0,27436.0,9812.0,19546.0,27436.0,9100.0,unchanged
1035517,55648.0,55647.0,9815.0,55648.0,55647.0,9103.0,unchanged
1035593,376893.0,376892.0,9832.0,376893.0,376892.0,9119.0,unchanged
1035711,10401.0,10423.0,6238.0,10401.0,10423.0,5871.0,unchanged
1035713,10401.0,10423.0,6238.0,10401.0,10423.0,5871.0,unchanged
1035783,306237.0,319035.0,6434.0,306237.0,319035.0,6032.0,unchanged
1035820,326398.0,326396.0,7782.0,326398.0,326396.0,7272.0,unchanged
1035835,336319.0,336316.0,9876.0,,,,no_longer_flagged
1035839,458703.0,458701.0,9892.0,458703.0,458701.0,9164.0,unchanged
1035968,6734.0,22373.0,3408.0,6734.0,22373.0,3096.0,unchanged
1036015,6734.0,22373.0,9935.0,6734.0,22373.0,9202.0,unchanged
1036043,6480.0,6453.0,8930.0,6480.0,6453.0,8306.0,unchanged
1036052,77723.0,77724.0,9956.0,77723.0,77724.0,9217.0,unchanged
1036093,6565.0,6523.0,9967.0,6565.0,6523.0,9227.0,unchanged
1036261,6638.0,6684.0,9294.0,6638.0,6684.0,8647.0,unchanged
1036299,6297.0,22246.0,8905.0,6297.0,22246.0,7152.0,unchanged
1036357,22540.0,22526.0,3842.0,22540.0,22526.0,3532.0,unchanged
1036380,,,,506644.0,506642.0,5743.0,newly_flagged
1036407,,,,,390901.0,2793.0,newly_flagged
1036445,,,,131506.0,126383.0,8778.0,newly_flagged
1036463,,,,131506.0,126383.0,8778.0,newly_flagged
1036464,,,,131506.0,126383.0,8778.0,newly_flagged
1036483,22812.0,22817.0,7779.0,22812.0,22817.0,7269.0,unchanged
1036505,22812.0,22817.0,7779.0,22812.0,22817.0,7269.0,unchanged
1036571,530635.0,530638.0,10084.0,530635.0,530638.0,9329.0,unchanged
1036574,22342.0,6626.0,3973.0,22342.0,6626.0,3657.0,unchanged
1036695,7871.0,7837.0,10094.0,7871.0,7837.0,9341.0,unchanged
1036696,7872.0,7892.0,10102.0,7872.0,7892.0,9348.0,unchanged
1036706,,,,473134.0,473122.0,4509.0,newly_flagged
1036722,158075.0,159044.0,8028.0,158075.0,159044.0,7506.0,unchanged
1036805,22569.0,22540.0,10039.0,22569.0,22540.0,9291.0,unchanged
1036806,22569.0,22540.0,10039.0,22569.0,22540.0,9291.0,unchanged
1036819,22569.0,22540.0,10039.0,22569.0,22540.0,9291.0,unchanged
1036820,22569.0,22540.0,10039.0,22569.0,22540.0,9291.0,unchanged
1036821,22569.0,22540.0,10039.0,22569.0,22540.0,9291.0,unchanged
1036845,,4768.0,10147.0,,4768.0,9391.0,unchanged
1036877,285127.0,283197.0,10154.0,285127.0,283197.0,3718.0,unchanged
1036878,285124.0,283197.0,10154.0,285124.0,283197.0,3718.0,unchanged
1036934,364526.0,344979.0,10164.0,364526.0,344979.0,9403.0,unchanged
1036935,364526.0,344979.0,10164.0,364526.0,344979.0,9403.0,unchanged
1036936,364526.0,344979.0,10164.0,364526.0,344979.0,9403.0,unchanged
1036937,364526.0,344979.0,10164.0,364526.0,344979.0,9403.0,unchanged
1036968,375008.0,375007.0,10174.0,375008.0,375007.0,9413.0,unchanged
1036995,271038.0,265621.0,10186.0,271038.0,265621.0,9424.0,unchanged
1037027,226242.0,256640.0,10188.0,226242.0,256640.0,9427.0,unchanged
1037140,23585.0,9216.0,10219.0,23585.0,9216.0,9448.0,unchanged
1037142,23585.0,9300.0,10220.0,23585.0,9300.0,9449.0,unchanged
1037175,23487.0,9102.0,10232.0,23487.0,9102.0,9461.0,unchanged
1037177,23487.0,9102.0,10232.0,23487.0,9102.0,9461.0,unchanged
1037211,55649.0,47644.0,9505.0,55649.0,47644.0,8825.0,unchanged
1037296,22551.0,6894.0,7717.0,22551.0,6894.0,7207.0,unchanged
1037504,6832.0,6845.0,10305.0,6832.0,6845.0,9528.0,unchanged
1037506,6832.0,6845.0,10305.0,6832.0,6845.0,9528.0,unchanged
1037510,6832.0,6845.0,10305.0,6832.0,6845.0,9528.0,unchanged
1037511,6832.0,6845.0,10305.0,6832.0,6845.0,9528.0,unchanged
1037515,37440.0,37441.0,10308.0,,,,no_longer_flagged
1037517,37440.0,37441.0,10308.0,,,,no_longer_flagged
1037518,37440.0,37441.0,10308.0,,,,no_longer_flagged
1037520,37440.0,37441.0,10311.0,,,,no_longer_flagged
1037521,37440.0,37441.0,10308.0,,,,no_longer_flagged
1037522,37440.0,37441.0,10308.0,,,,no_longer_flagged
1037524,37440.0,37441.0,10308.0,,,,no_longer_flagged
1037534,37441.0,37440.0,10310.0,,,,no_longer_flagged
1037761,278079.0,375645.0,3510.0,278079.0,375645.0,3202.0,unchanged
1037771,6314.0,6308.0,7642.0,6314.0,6308.0,7135.0,unchanged
1037772,6314.0,6308.0,7642.0,6314.0,6308.0,7135.0,unchanged
1037775,6314.0,6308.0,7642.0,6314.0,6308.0,7135.0,unchanged
1037777,6314.0,6308.0,7642.0,6314.0,6308.0,7135.0,unchanged
1037817,,13491.0,10386.0,,13491.0,9587.0,unchanged
1037959,6730.0,6770.0,9683.0,6730.0,6770.0,8996.0,unchanged
1037994,6431.0,6381.0,8907.0,6431.0,6381.0,8285.0,unchanged
1038005,6552.0,6510.0,10416.0,6552.0,6510.0,9614.0,unchanged
1038052,148480.0,148479.0,10156.0,148480.0,148479.0,9398.0,unchanged
1038122,148481.0,148482.0,7968.0,,,,no_longer_flagged
1038187,6709.0,6745.0,10467.0,6709.0,6745.0,9662.0,unchanged
1038210,22419.0,6742.0,10474.0,22419.0,6742.0,9671.0,unchanged
1038238,6712.0,6745.0,10467.0,6712.0,6745.0,9662.0,unchanged
1038244,375004.0,375005.0,10182.0,375004.0,375005.0,9420.0,unchanged
1038263,7623.0,7584.0,8491.0,7623.0,7584.0,7903.0,unchanged
1038293,,,,7780.0,22913.0,9685.0,newly_flagged
1038294,,,,7780.0,22913.0,9685.0,newly_flagged
1038295,,,,7780.0,22913.0,9685.0,newly_flagged
1038452,345055.0,354828.0,10526.0,345055.0,354828.0,9722.0,unchanged
1038468,171205.0,171201.0,10532.0,171205.0,171201.0,9728.0,unchanged
1038521,171205.0,171201.0,10532.0,171205.0,171201.0,9728.0,unchanged
1038522,171205.0,171201.0,10532.0,171205.0,171201.0,9728.0,unchanged
1038558,15955.0,15968.0,10548.0,15955.0,15968.0,9745.0,unchanged
1038670,9248.0,9198.0,10572.0,9248.0,9198.0,9763.0,unchanged
1038729,7083.0,22667.0,4078.0,7083.0,22667.0,3762.0,unchanged
1038751,,,,9597.0,9678.0,9781.0,newly_flagged
1038761,9678.0,9597.0,10591.0,,,,no_longer_flagged
1038770,9650.0,9678.0,10596.0,9650.0,9678.0,9785.0,unchanged
1038808,55649.0,47644.0,9505.0,55649.0,47644.0,8825.0,unchanged
1039152,265622.0,265623.0,7743.0,265622.0,265623.0,7233.0,unchanged
1039174,226242.0,130540.0,10693.0,226242.0,130540.0,9877.0,unchanged
1039194,7417.0,7402.0,8098.0,7417.0,7402.0,7566.0,unchanged
1039207,118720.0,148166.0,10709.0,,,,no_longer_flagged
1039211,118720.0,148166.0,10709.0,,,,no_longer_flagged
1039248,279071.0,279070.0,10723.0,,,,no_longer_flagged
1039249,279071.0,279070.0,10723.0,,,,no_longer_flagged
1039250,279071.0,279070.0,10723.0,,,,no_longer_flagged
1039251,279071.0,279070.0,10723.0,,,,no_longer_flagged
1039265,53095.0,8479.0,10725.0,,,,no_longer_flagged
1039289,265928.0,265929.0,10739.0,265928.0,265929.0,9921.0,unchanged
1039327,9538.0,9537.0,984.0,9538.0,9537.0,9936.0,unchanged
1039475,378395.0,378400.0,4389.0,378395.0,378400.0,4073.0,unchanged
1039519,,,,9192.0,9175.0,9973.0,newly_flagged
1039566,9206.0,9192.0,10806.0,9206.0,9192.0,9984.0,unchanged
1039608,375060.0,375061.0,10819.0,375060.0,375061.0,9996.0,unchanged
1039663,344271.0,350006.0,7913.0,344271.0,350006.0,7402.0,unchanged
1039735,9080.0,9030.0,2518.0,9080.0,9030.0,2287.0,unchanged
1039736,9080.0,9030.0,2518.0,9080.0,9030.0,2287.0,unchanged
1039737,9080.0,9030.0,2518.0,9080.0,9030.0,2287.0,unchanged
1039738,9080.0,9030.0,2518.0,9080.0,9030.0,2287.0,unchanged
1039743,9080.0,9030.0,2518.0,9080.0,9030.0,2287.0,unchanged
1039767,9136.0,9062.0,10864.0,9136.0,9062.0,10035.0,unchanged
1039768,9136.0,9062.0,10864.0,9136.0,9062.0,10035.0,unchanged
1039769,9136.0,9062.0,10864.0,9136.0,9062.0,10035.0,unchanged
1039770,9136.0,9062.0,10864.0,9136.0,9062.0,10035.0,unchanged
1039771,9136.0,9062.0,10864.0,9136.0,9062.0,10035.0,unchanged
1039775,23622.0,23600.0,10866.0,,,,no_longer_flagged
1039778,23622.0,23600.0,10866.0,,,,no_longer_flagged
1039781,23622.0,23600.0,10866.0,,,,no_longer_flagged
1039782,23622.0,23600.0,10866.0,,,,no_longer_flagged
1039816,23622.0,23608.0,10732.0,23622.0,23608.0,9914.0,unchanged
1039913,8889.0,8911.0,886.0,8889.0,8911.0,792.0,unchanged
1040087,48286.0,37418.0,10942.0,48286.0,37418.0,10114.0,unchanged
1040088,48286.0,37418.0,10942.0,48286.0,37418.0,10114.0,unchanged
1040089,48286.0,37418.0,10942.0,48286.0,37418.0,10114.0,unchanged
1040090,48286.0,37418.0,10942.0,48286.0,37418.0,10114.0,unchanged
1040148,,,,101405.0,71323.0,10134.0,newly_flagged
1040187,71325.0,71326.0,10968.0,71325.0,71326.0,10143.0,unchanged
1040216,273285.0,258560.0,10977.0,,,,no_longer_flagged
1040236,273285.0,258560.0,10977.0,,,,no_longer_flagged
1040237,273285.0,258560.0,10977.0,,,,no_longer_flagged
1040252,273285.0,258560.0,10977.0,,,,no_longer_flagged
1040401,237119.0,237120.0,4937.0,237119.0,237120.0,4608.0,unchanged
1040531,6504.0,6477.0,6288.0,6504.0,6477.0,5918.0,unchanged
1040550,,,,76771.0,33604.0,3658.0,newly_flagged
1040649,390639.0,390643.0,6454.0,390639.0,390643.0,6053.0,unchanged
1040672,22392.0,22423.0,7693.0,22392.0,22423.0,7184.0,unchanged
1040772,22516.0,6911.0,9169.0,22516.0,6911.0,8528.0,unchanged
1040797,463436.0,463437.0,11095.0,463436.0,463437.0,10270.0,unchanged
1040817,389931.0,389927.0,11101.0,389931.0,389927.0,10276.0,unchanged
1040879,280319.0,280318.0,3959.0,280319.0,280318.0,3644.0,unchanged
1040942,34530.0,23353.0,10895.0,34530.0,23353.0,10069.0,unchanged
1040970,118720.0,148166.0,10709.0,,,,no_longer_flagged
1040971,118720.0,148166.0,10709.0,,,,no_longer_flagged
1041167,148156.0,148155.0,11183.0,,,,no_longer_flagged
1041168,148156.0,148155.0,11183.0,,,,no_longer_flagged
1041169,148156.0,148155.0,11183.0,,,,no_longer_flagged
1041170,148156.0,148155.0,11183.0,,,,no_longer_flagged
1041249,117.0,119.0,11206.0,117.0,119.0,10375.0,unchanged
1041316,7835.0,22910.0,10096.0,7835.0,22910.0,9343.0,unchanged
1041327,7859.0,7872.0,10103.0,7859.0,7872.0,9349.0,unchanged
1041335,126383.0,131506.0,9445.0,,,,no_longer_flagged
1041336,126383.0,131506.0,9445.0,,,,no_longer_flagged
1041361,7871.0,7837.0,10094.0,7871.0,7837.0,9341.0,unchanged
1041363,126383.0,131506.0,9445.0,,,,no_longer_flagged
1041364,7855.0,7871.0,10104.0,7855.0,7871.0,9350.0,unchanged
1041365,7855.0,7871.0,10104.0,7855.0,7871.0,9350.0,unchanged
1041366,7855.0,7871.0,10104.0,7855.0,7871.0,9350.0,unchanged
1041375,7892.0,22915.0,5527.0,7892.0,22915.0,5183.0,unchanged
1041376,7892.0,22915.0,5527.0,7892.0,22915.0,5183.0,unchanged
1041383,126385.0,131506.0,9445.0,126385.0,126383.0,8778.0,recommendation_changed
1041384,126385.0,131506.0,9445.0,126385.0,126383.0,8778.0,recommendation_changed
1041385,126385.0,131506.0,9445.0,126385.0,126383.0,8778.0,recommendation_changed
1041454,6549.0,22311.0,8398.0,6549.0,22311.0,7828.0,unchanged
1041457,6408.0,6372.0,8867.0,6408.0,6372.0,8256.0,unchanged
1041470,6510.0,6475.0,10422.0,6510.0,6475.0,9620.0,unchanged
1041491,6549.0,22311.0,8398.0,6549.0,22311.0,7828.0,unchanged
1041499,22435.0,22475.0,9172.0,22435.0,22475.0,8533.0,unchanged
1041544,6160.0,6186.0,9594.0,6160.0,6186.0,8910.0,unchanged
1041545,6160.0,6186.0,9594.0,6160.0,6186.0,8910.0,unchanged
1041632,273285.0,258560.0,10977.0,,,,no_longer_flagged
1041636,273285.0,258560.0,10977.0,,,,no_longer_flagged
1041638,273285.0,258560.0,10977.0,,,,no_longer_flagged
1041644,273285.0,258560.0,10977.0,,,,no_longer_flagged
1041681,118721.0,148166.0,10709.0,118721.0,148166.0,10315.0,unchanged
1041684,118721.0,148166.0,10709.0,118721.0,148166.0,10315.0,unchanged
1041685,118721.0,148166.0,10709.0,118721.0,148166.0,10315.0,unchanged
1041686,118721.0,148166.0,10709.0,118721.0,148166.0,10315.0,unchanged
1041770,230401.0,237756.0,11302.0,230401.0,230399.0,10455.0,recommendation_changed
1041781,230401.0,237756.0,11302.0,230401.0,230399.0,10455.0,recommendation_changed
1041818,7773.0,7723.0,8825.0,7773.0,7723.0,8216.0,unchanged
1041827,7825.0,7870.0,11313.0,7825.0,7870.0,10466.0,unchanged
1041919,343720.0,343721.0,11334.0,,,,no_longer_flagged
1041920,343720.0,343721.0,11334.0,,,,no_longer_flagged
1041921,343720.0,343721.0,11334.0,,,,no_longer_flagged
1041922,343720.0,343721.0,11334.0,,,,no_longer_flagged
1041924,343720.0,343721.0,11334.0,,,,no_longer_flagged
1041925,343720.0,343721.0,11334.0,,,,no_longer_flagged
1041926,343720.0,343721.0,11334.0,,,,no_longer_flagged
1041935,20855.0,20827.0,11339.0,20855.0,20827.0,10493.0,unchanged
1041985,375407.0,370511.0,11353.0,375407.0,370511.0,10501.0,unchanged
1042033,22799.0,7498.0,8238.0,22799.0,7498.0,7676.0,unchanged
1042059,375410.0,375406.0,11357.0,375410.0,375406.0,10504.0,unchanged
1042080,20372.0,2106.0,11375.0,20372.0,2106.0,10519.0,unchanged
1042083,,,,376559.0,376558.0,10520.0,newly_flagged
1042104,344491.0,391375.0,4795.0,344491.0,391375.0,5659.0,unchanged
1042136,383482.0,383480.0,5052.0,383482.0,383480.0,4720.0,unchanged
1042146,383482.0,383480.0,5052.0,383482.0,383480.0,4720.0,unchanged
1042159,536369.0,536367.0,11391.0,536369.0,536374.0,10532.0,recommendation_changed
1042231,118715.0,118714.0,11299.0,118715.0,118714.0,10451.0,unchanged
1042430,535598.0,390530.0,3114.0,535598.0,535595.0,2850.0,recommendation_changed
1042454,148182.0,148180.0,11445.0,148182.0,148180.0,10585.0,unchanged
1042508,343708.0,343709.0,11021.0,343708.0,343709.0,10195.0,unchanged
1042511,26314.0,3945.0,5843.0,26314.0,3945.0,5494.0,unchanged
1042535,113586.0,90527.0,10644.0,113586.0,90527.0,9833.0,unchanged
1042560,47333.0,7601.0,11477.0,47333.0,7601.0,10614.0,unchanged
1042561,47333.0,7601.0,11477.0,47333.0,7601.0,10614.0,unchanged
1042562,47333.0,7601.0,11477.0,47333.0,7601.0,10614.0,unchanged
1042564,47333.0,7601.0,11477.0,47333.0,7601.0,10614.0,unchanged
1042565,47333.0,7601.0,11477.0,47333.0,7601.0,10614.0,unchanged
1042649,24432.0,10793.0,11495.0,24432.0,10793.0,10620.0,unchanged
1042677,22180.0,6118.0,11503.0,22180.0,6118.0,10628.0,unchanged
1042716,22316.0,6547.0,11500.0,22316.0,6547.0,10625.0,unchanged
1042811,280963.0,276504.0,11533.0,280963.0,276504.0,10662.0,unchanged
1042824,280963.0,276504.0,11533.0,280963.0,276504.0,10662.0,unchanged
1042827,280963.0,276504.0,11533.0,280963.0,276504.0,10662.0,unchanged
1042828,280963.0,276504.0,11533.0,280963.0,276504.0,10662.0,unchanged
1042829,375296.0,375294.0,8570.0,,,,no_longer_flagged
1042943,,,,232635.0,230402.0,10536.0,newly_flagged
1042944,230401.0,237756.0,11302.0,230401.0,230399.0,10455.0,recommendation_changed
1042945,230401.0,237756.0,11302.0,230401.0,230399.0,10455.0,recommendation_changed
1042946,230401.0,237756.0,11302.0,230401.0,230399.0,10455.0,recommendation_changed
1042947,237757.0,237755.0,11307.0,237757.0,237755.0,10460.0,unchanged
1043019,279071.0,279070.0,10723.0,,,,no_longer_flagged
1043119,,,,279037.0,279035.0,10730.0,newly_flagged
1043139,,,,276802.0,276803.0,10695.0,newly_flagged
1043180,,,,276802.0,276803.0,10695.0,newly_flagged
1043182,,,,276802.0,276803.0,10695.0,newly_flagged
1043198,343403.0,286090.0,11620.0,343403.0,286090.0,10739.0,unchanged
1043259,24436.0,24392.0,6300.0,,,,no_longer_flagged
1043269,156167.0,129268.0,7689.0,156167.0,129268.0,7180.0,unchanged
1043440,310077.0,343405.0,4282.0,,,,no_longer_flagged
1043441,310077.0,343405.0,4282.0,,,,no_longer_flagged
1043442,310077.0,343405.0,4282.0,,,,no_longer_flagged
1043443,310077.0,343405.0,4282.0,,,,no_longer_flagged
1043444,310078.0,343405.0,4282.0,,,,no_longer_flagged
1043446,310078.0,343405.0,4282.0,,,,no_longer_flagged
1043447,310077.0,343405.0,4282.0,,,,no_longer_flagged
1043448,310077.0,343405.0,4282.0,,,,no_longer_flagged
1043449,310077.0,343405.0,4282.0,,,,no_longer_flagged
1043450,310077.0,343405.0,4282.0,,,,no_longer_flagged
1043465,310078.0,343405.0,4282.0,,,,no_longer_flagged
1043483,276801.0,279038.0,11689.0,276801.0,279038.0,10818.0,unchanged
1043503,542988.0,4348.0,11694.0,542988.0,4343.0,10823.0,recommendation_changed
1043504,66530.0,66531.0,888.0,,,,no_longer_flagged
1043508,,10378.0,11697.0,,10378.0,10825.0,unchanged
1043759,7815.0,7842.0,11162.0,7815.0,7842.0,10331.0,unchanged
1043762,7815.0,7842.0,11162.0,7815.0,7842.0,10331.0,unchanged
1043767,7810.0,7832.0,10830.0,7810.0,7832.0,10006.0,unchanged
1043887,99496.0,99488.0,11771.0,99496.0,99488.0,10898.0,unchanged
1043889,111022.0,99488.0,11771.0,111022.0,99488.0,10898.0,unchanged
1043890,99496.0,99488.0,11771.0,99496.0,99488.0,10898.0,unchanged
1043891,111022.0,99488.0,11771.0,111022.0,99488.0,10898.0,unchanged
1043892,111022.0,99488.0,11771.0,111022.0,99488.0,10898.0,unchanged
1043893,111022.0,99488.0,11771.0,111022.0,99488.0,10898.0,unchanged
1043894,111022.0,99488.0,11771.0,111022.0,99488.0,10898.0,unchanged
1043897,99496.0,99488.0,11771.0,99496.0,99488.0,10898.0,unchanged
1043976,282887.0,282889.0,4288.0,282887.0,282889.0,3971.0,unchanged
1043977,282887.0,282889.0,4288.0,282887.0,282889.0,3971.0,unchanged
1043984,276799.0,276796.0,11800.0,276799.0,276796.0,10928.0,unchanged
1044005,6446.0,6496.0,9071.0,6446.0,6496.0,8436.0,unchanged
1044028,22432.0,22391.0,11814.0,22432.0,22391.0,10940.0,unchanged
1044056,6702.0,6667.0,9175.0,6702.0,6667.0,8536.0,unchanged
1044172,22169.0,6115.0,11826.0,22169.0,6115.0,10953.0,unchanged
1044177,22169.0,6115.0,11826.0,22169.0,6115.0,10953.0,unchanged
1044178,22169.0,6115.0,11826.0,22169.0,6115.0,10953.0,unchanged
1044203,343808.0,343807.0,11843.0,343808.0,343807.0,10971.0,unchanged
1044311,110068.0,110067.0,11859.0,110068.0,110067.0,10985.0,unchanged
1044320,265928.0,265929.0,10739.0,265928.0,265929.0,9921.0,unchanged
1044323,343313.0,287042.0,4092.0,343313.0,287042.0,3775.0,unchanged
1044359,536811.0,536813.0,11874.0,536811.0,536191.0,8983.0,recommendation_changed
1044507,7162.0,22635.0,8860.0,7162.0,22635.0,8249.0,unchanged
1044549,6726.0,6763.0,9684.0,6726.0,6763.0,8997.0,unchanged
1044551,6763.0,6726.0,9377.0,6763.0,6726.0,8728.0,unchanged
1044575,31348.0,31347.0,8482.0,,,,no_longer_flagged
1044577,31348.0,31347.0,8488.0,,,,no_longer_flagged
1044579,31348.0,31346.0,8155.0,,,,no_longer_flagged
1044581,31348.0,31346.0,8155.0,,,,no_longer_flagged
1044582,31348.0,31346.0,8155.0,,,,no_longer_flagged
1044596,31348.0,31347.0,8483.0,,,,no_longer_flagged
1044600,31348.0,31347.0,8482.0,,,,no_longer_flagged
1044603,31348.0,31346.0,8155.0,,,,no_longer_flagged
1044606,31348.0,31346.0,8155.0,,,,no_longer_flagged
1044614,22837.0,7603.0,7967.0,22837.0,7603.0,7447.0,unchanged
1044617,22837.0,7696.0,11920.0,22837.0,7696.0,11042.0,unchanged
1044618,22837.0,7696.0,11920.0,22837.0,7696.0,11042.0,unchanged
1044627,31348.0,31347.0,8484.0,,,,no_longer_flagged
1044630,31348.0,31347.0,8480.0,,,,no_longer_flagged
1044636,31343.0,31344.0,9290.0,,,,no_longer_flagged
1044639,31348.0,31346.0,10689.0,,,,no_longer_flagged
1044646,31348.0,31347.0,8485.0,,,,no_longer_flagged
1044647,31348.0,31346.0,8155.0,,,,no_longer_flagged
1044648,31348.0,31346.0,8155.0,,,,no_longer_flagged
1044709,139202.0,139203.0,11324.0,139202.0,139203.0,10478.0,unchanged
1044783,170236.0,170237.0,11951.0,170236.0,170237.0,11065.0,unchanged
1044872,53095.0,8479.0,10725.0,,,,no_longer_flagged
1044873,53095.0,8479.0,10725.0,,,,no_longer_flagged
1044874,53095.0,8479.0,10725.0,,,,no_longer_flagged
1044875,53095.0,8479.0,10725.0,,,,no_longer_flagged
1044939,343993.0,319360.0,4247.0,343993.0,319360.0,3930.0,unchanged
1044940,343993.0,319360.0,4247.0,343993.0,319360.0,3930.0,unchanged
1044941,343993.0,319360.0,4247.0,343993.0,319360.0,3930.0,unchanged
1044944,310078.0,343405.0,4282.0,,,,no_longer_flagged
1044959,344337.0,343441.0,9781.0,344337.0,343441.0,9073.0,unchanged
1044960,344337.0,343441.0,11978.0,344337.0,343441.0,9073.0,unchanged
1044965,148807.0,148804.0,11979.0,148807.0,148804.0,11093.0,unchanged
1045050,165129.0,168320.0,9387.0,165129.0,168320.0,8740.0,unchanged
1045071,265928.0,265929.0,10739.0,265928.0,265929.0,9921.0,unchanged
1045074,265928.0,265929.0,10739.0,265928.0,265929.0,9921.0,unchanged
1045167,8552.0,8479.0,10725.0,8552.0,53095.0,9907.0,recommendation_changed
1045168,8552.0,8479.0,10725.0,8552.0,53095.0,9907.0,recommendation_changed
1045248,66530.0,66531.0,888.0,,,,no_longer_flagged
1045249,66530.0,66531.0,888.0,,,,no_longer_flagged
1045348,6151.0,6128.0,8888.0,6151.0,6128.0,8272.0,unchanged
1045391,22208.0,6135.0,10544.0,22208.0,6135.0,9740.0,unchanged
1045392,22208.0,6135.0,10544.0,22208.0,6135.0,9740.0,unchanged
1045398,6135.0,22208.0,8633.0,6135.0,22208.0,8040.0,unchanged
1045402,6135.0,22208.0,8633.0,6135.0,22208.0,8040.0,unchanged
1045488,90530.0,90529.0,11690.0,,,,no_longer_flagged
1045539,150724.0,150718.0,12093.0,150724.0,150718.0,11204.0,unchanged
1045541,150724.0,150718.0,12093.0,150724.0,150718.0,11204.0,unchanged
1045542,150724.0,150718.0,12093.0,150724.0,150718.0,11204.0,unchanged
1045563,8972.0,8941.0,12096.0,8972.0,8941.0,11207.0,unchanged
1045606,66530.0,66531.0,888.0,,,,no_longer_flagged
1045635,375671.0,375673.0,12115.0,,,,no_longer_flagged
1045636,375671.0,375673.0,12115.0,,,,no_longer_flagged
1045638,375671.0,375673.0,12115.0,,,,no_longer_flagged
1045642,,,,375116.0,375117.0,11225.0,newly_flagged
1045667,375671.0,375673.0,12115.0,,,,no_longer_flagged
1045668,375671.0,375673.0,12115.0,,,,no_longer_flagged
1045669,375671.0,375673.0,12115.0,,,,no_longer_flagged
1045670,375671.0,375673.0,12115.0,,,,no_longer_flagged
1045700,375120.0,375118.0,3567.0,,,,no_longer_flagged
1045701,375120.0,375118.0,3567.0,,,,no_longer_flagged
1045709,,23142.0,12126.0,,23142.0,11243.0,unchanged
1045718,375116.0,375117.0,12113.0,375116.0,375117.0,11225.0,unchanged
1045720,375670.0,375672.0,4134.0,375670.0,375672.0,3819.0,unchanged
1045721,375670.0,375672.0,4134.0,,,,no_longer_flagged
1045722,,,,375672.0,375669.0,11248.0,newly_flagged
1045736,22476.0,6871.0,8557.0,,,,no_longer_flagged
1045738,22476.0,6871.0,8557.0,,,,no_longer_flagged
1045739,22476.0,6871.0,8557.0,,,,no_longer_flagged
1045740,22476.0,6871.0,8557.0,,,,no_longer_flagged
1045751,22476.0,6871.0,8557.0,,,,no_longer_flagged
1045845,69092.0,53090.0,11061.0,69092.0,53090.0,10237.0,unchanged
1045994,328315.0,328316.0,12184.0,328315.0,328316.0,11300.0,unchanged
1046025,6580.0,6612.0,9065.0,6580.0,6612.0,8428.0,unchanged
1046086,66530.0,66531.0,888.0,,,,no_longer_flagged
1046155,24406.0,24411.0,6387.0,24406.0,24411.0,5990.0,unchanged
1046179,173130.0,173122.0,6545.0,173130.0,173122.0,6134.0,unchanged
1046195,,,,24420.0,24411.0,6006.0,newly_flagged
1046196,,,,24420.0,24411.0,6006.0,newly_flagged
1046197,,,,24420.0,24411.0,6006.0,newly_flagged
1046308,89244.0,89243.0,12238.0,89244.0,89243.0,11349.0,unchanged
1046362,89244.0,89243.0,12238.0,89244.0,89243.0,11349.0,unchanged
1046460,271038.0,271039.0,7757.0,,,,no_longer_flagged
1046461,271038.0,271039.0,7757.0,,,,no_longer_flagged
1046462,271038.0,271039.0,7757.0,,,,no_longer_flagged
1046471,376998.0,376999.0,12275.0,376998.0,376999.0,11383.0,unchanged
1046605,343195.0,350008.0,12304.0,343195.0,350008.0,11416.0,unchanged
1046611,350009.0,350005.0,12310.0,350009.0,350005.0,11422.0,unchanged
1046736,,,,7102.0,7030.0,7145.0,newly_flagged
1046737,,,,7102.0,7030.0,7145.0,newly_flagged
1046738,,,,7102.0,7030.0,7145.0,newly_flagged
1046778,265622.0,265623.0,7743.0,265622.0,265623.0,7233.0,unchanged
1046808,167998.0,167999.0,12343.0,167998.0,167999.0,11444.0,unchanged
1046856,,,,6565.0,6523.0,7099.0,newly_flagged
1046904,9628.0,9595.0,10752.0,9628.0,9595.0,9939.0,unchanged
1046905,9628.0,9595.0,10752.0,9628.0,9595.0,9939.0,unchanged
1046930,9628.0,9595.0,10752.0,9628.0,9595.0,9939.0,unchanged
1046935,9628.0,9595.0,10752.0,9628.0,9595.0,9939.0,unchanged
1046972,40615.0,40616.0,4010.0,40615.0,40616.0,3696.0,unchanged
1046973,40615.0,40616.0,4010.0,40615.0,40616.0,3696.0,unchanged
1046974,65249.0,40616.0,4010.0,65249.0,40616.0,3696.0,unchanged
1047043,342716.0,340480.0,12374.0,342716.0,340480.0,11468.0,unchanged
1047071,,,,10604.0,24227.0,6948.0,newly_flagged
1047072,,,,10604.0,24227.0,6948.0,newly_flagged
1047083,453820.0,391373.0,3104.0,453820.0,391373.0,2840.0,unchanged
1047105,,,,10549.0,24273.0,8208.0,newly_flagged
1047106,24227.0,24273.0,8816.0,24227.0,24273.0,8208.0,unchanged
1047114,344339.0,344340.0,12394.0,344339.0,344340.0,11487.0,unchanged
1047179,,,,344335.0,344336.0,11501.0,newly_flagged
1047181,,,,344335.0,344336.0,11501.0,newly_flagged
1047194,344335.0,344336.0,12412.0,344335.0,344336.0,11501.0,unchanged
1047308,5400.0,21852.0,12432.0,5400.0,21852.0,11518.0,unchanged
1047375,340477.0,326399.0,6295.0,340477.0,326399.0,5924.0,unchanged
1047383,292161.0,292162.0,12446.0,292161.0,292162.0,11532.0,unchanged
1047397,184648.0,170236.0,3419.0,184648.0,170236.0,3108.0,unchanged
1047425,10857.0,10822.0,6405.0,10857.0,10822.0,11536.0,unchanged
1047426,10857.0,10822.0,6405.0,10857.0,10822.0,11536.0,unchanged
1047443,94044.0,94043.0,5809.0,94044.0,94043.0,5461.0,unchanged
1047467,292160.0,292157.0,9742.0,292160.0,292157.0,9043.0,unchanged
1047486,292160.0,292157.0,9742.0,292160.0,292157.0,9040.0,unchanged
1047555,75497.0,40612.0,12474.0,75497.0,40612.0,11557.0,unchanged
1047657,1789.0,180797.0,12500.0,1789.0,180797.0,11580.0,unchanged
1047737,282878.0,19925.0,3895.0,282878.0,19925.0,3583.0,unchanged
1047831,434684.0,434688.0,340.0,434684.0,434687.0,11608.0,recommendation_changed
1047851,96292.0,96288.0,12537.0,96292.0,96288.0,11614.0,unchanged
1047852,96292.0,96288.0,12537.0,96292.0,96288.0,11614.0,unchanged
1047853,96292.0,96288.0,12537.0,96292.0,96288.0,11614.0,unchanged
1047921,90530.0,90529.0,11690.0,,,,no_longer_flagged
1047922,90530.0,90529.0,11690.0,,,,no_longer_flagged
1048004,349595.0,349596.0,12572.0,349595.0,349596.0,11650.0,unchanged
1048010,40608.0,40606.0,11584.0,40608.0,40606.0,10711.0,unchanged
1048104,89244.0,89243.0,12238.0,89244.0,89243.0,11349.0,unchanged
1048116,8552.0,8479.0,10725.0,8552.0,53095.0,9907.0,recommendation_changed
1048132,90207.0,90208.0,12322.0,90207.0,90208.0,11426.0,unchanged
1048246,,,,96291.0,96288.0,11614.0,newly_flagged
1048272,,,,96291.0,96288.0,11614.0,newly_flagged
1048274,96285.0,96286.0,3565.0,96285.0,96286.0,3258.0,unchanged
1048275,96285.0,96286.0,3565.0,96285.0,96286.0,3258.0,unchanged
1048276,96285.0,96286.0,3565.0,96285.0,96286.0,3258.0,unchanged
1048278,96285.0,96286.0,3565.0,96285.0,96286.0,3258.0,unchanged
1048288,,,,96291.0,96288.0,11614.0,newly_flagged
1048289,,,,96291.0,96288.0,11614.0,newly_flagged
1048290,74203.0,65251.0,4240.0,74203.0,65251.0,3924.0,unchanged
1048325,269760.0,269759.0,4268.0,,,,no_longer_flagged
1048343,269760.0,269759.0,4268.0,,,,no_longer_flagged
1048344,269760.0,269759.0,4268.0,,,,no_longer_flagged
1048345,269760.0,269759.0,4268.0,,,,no_longer_flagged
1048346,269760.0,269759.0,4268.0,,,,no_longer_flagged
1048347,269760.0,269759.0,4268.0,,,,no_longer_flagged
1048348,269761.0,269759.0,4268.0,269761.0,269760.0,11722.0,recommendation_changed
1048349,269761.0,269759.0,4268.0,269761.0,269760.0,11722.0,recommendation_changed
1048350,269761.0,269759.0,4268.0,269761.0,269760.0,11722.0,recommendation_changed
1048361,91168.0,91171.0,12647.0,91168.0,91171.0,11728.0,unchanged
1048412,269761.0,269759.0,4268.0,269761.0,269760.0,11722.0,recommendation_changed
1048414,269761.0,269759.0,4268.0,269761.0,269760.0,11722.0,recommendation_changed
1048454,89244.0,89243.0,12238.0,89244.0,89243.0,11349.0,unchanged
1048564,,,,25279.0,12954.0,899.0,newly_flagged
1048633,,,,378059.0,375327.0,285.0,newly_flagged
1048639,,,,21919.0,21914.0,1797.0,newly_flagged
1048640,,,,19785.0,221.0,370.0,newly_flagged
1048664,23926.0,23936.0,1636.0,23926.0,23936.0,1515.0,unchanged
1048671,,,,19712.0,133420.0,699.0,newly_flagged
1048691,,,,13087.0,13149.0,808.0,newly_flagged
1048697,,,,23899.0,23891.0,6364.0,newly_flagged
1048703,,,,23461.0,23497.0,3281.0,newly_flagged
1048755,92775.0,65564.0,5404.0,92775.0,65564.0,5072.0,unchanged
1048786,11997.0,11987.0,7140.0,11997.0,11987.0,6693.0,unchanged
1048807,12336.0,24922.0,1117.0,12336.0,24922.0,1009.0,unchanged
1048848,10100.0,10160.0,1944.0,10100.0,10160.0,1802.0,unchanged
1048883,10544.0,10533.0,6267.0,10544.0,10533.0,5899.0,unchanged
1048906,344271.0,350006.0,7913.0,344271.0,350006.0,7402.0,unchanged
1048918,155836.0,155838.0,5602.0,,,,no_longer_flagged
1048929,22837.0,7603.0,7967.0,22837.0,7603.0,7447.0,unchanged
1048956,22642.0,7102.0,7652.0,22642.0,7030.0,7145.0,recommendation_changed
1048980,9340.0,9436.0,3482.0,9340.0,9436.0,3174.0,unchanged
1048992,23284.0,23285.0,4971.0,23284.0,23285.0,4642.0,unchanged
1048995,12470.0,12541.0,2983.0,,,,no_longer_flagged
1049053,19250.0,27304.0,12707.0,19250.0,27304.0,11786.0,unchanged
1052103,12443.0,12359.0,12718.0,12443.0,12359.0,11797.0,unchanged
1052118,27417.0,27424.0,12725.0,,,,no_longer_flagged
1052142,278410.0,272007.0,4168.0,278410.0,278717.0,3852.0,recommendation_changed
1052200,23041.0,23077.0,1532.0,23041.0,23077.0,1408.0,unchanged
1052232,375963.0,375294.0,8570.0,375963.0,375296.0,3944.0,recommendation_changed
1052262,345363.0,345086.0,4082.0,,,,no_longer_flagged
1052272,9448.0,9471.0,4042.0,9448.0,9471.0,3727.0,unchanged
1052301,349711.0,349710.0,12419.0,349711.0,349710.0,11506.0,unchanged
1052321,286088.0,343405.0,4282.0,286088.0,310078.0,10807.0,recommendation_changed
1052324,,,,18515.0,18596.0,11871.0,newly_flagged
1052421,,,,343986.0,344220.0,3648.0,newly_flagged
1052489,336002.0,336000.0,4156.0,336002.0,336000.0,3840.0,unchanged
1052527,375997.0,375998.0,4097.0,,,,no_longer_flagged
1052536,71011.0,123833.0,1669.0,71011.0,123833.0,1549.0,unchanged
1052561,,,,14237.0,14307.0,3330.0,newly_flagged
1052564,,,,375998.0,375997.0,3780.0,newly_flagged
1052645,343755.0,20713.0,12895.0,343755.0,20713.0,11977.0,unchanged
1052653,25009.0,12424.0,7215.0,25009.0,12424.0,6762.0,unchanged
1052659,9366.0,9471.0,4042.0,9366.0,9471.0,3727.0,unchanged
1052673,10100.0,10160.0,1944.0,10100.0,10160.0,1802.0,unchanged
1052741,,,,375964.0,375296.0,3944.0,newly_flagged
1052818,,,,25841.0,14678.0,12016.0,newly_flagged
1052843,23220.0,23226.0,4705.0,,,,no_longer_flagged
1052861,376540.0,375330.0,992.0,376540.0,375330.0,650.0,unchanged
1052885,,,,57568.0,350097.0,12041.0,newly_flagged
1052984,51483.0,26437.0,13007.0,51483.0,26437.0,12092.0,unchanged
1053001,377211.0,4227.0,13020.0,377211.0,4227.0,12105.0,unchanged
1053016,343963.0,3588.0,13034.0,343963.0,3588.0,12119.0,unchanged
1053026,16727.0,16720.0,13043.0,,,,no_longer_flagged
1053049,365418.0,73894.0,13058.0,,,,no_longer_flagged
1053054,365227.0,10132.0,4476.0,365227.0,10132.0,4162.0,unchanged
1053063,24621.0,11404.0,13070.0,24621.0,11404.0,12155.0,unchanged
1053065,,,,20759.0,218876.0,12156.0,newly_flagged
1053074,19288.0,19285.0,13080.0,19288.0,19285.0,12165.0,unchanged
1053121,,,,219842.0,219850.0,12184.0,newly_flagged
1053122,219841.0,219839.0,13102.0,219841.0,219850.0,12184.0,recommendation_changed
1053123,,,,219842.0,219850.0,12184.0,newly_flagged
1053124,219841.0,219839.0,13102.0,219841.0,219850.0,12184.0,recommendation_changed
1053135,248001.0,233596.0,13107.0,248001.0,233596.0,12189.0,unchanged
1053138,248002.0,250558.0,13086.0,,,,no_longer_flagged
1053147,207036.0,207035.0,13111.0,207036.0,207035.0,12194.0,unchanged
1053154,233276.0,233282.0,3838.0,233276.0,233282.0,3528.0,unchanged
1053155,233276.0,233282.0,3838.0,233276.0,233282.0,3528.0,unchanged
1053156,233276.0,233282.0,3838.0,233276.0,233282.0,3528.0,unchanged
1053161,216325.0,219839.0,13102.0,216325.0,219850.0,12184.0,recommendation_changed
1053162,216325.0,219839.0,13102.0,216325.0,219850.0,12184.0,recommendation_changed
1053164,216325.0,219839.0,13102.0,216325.0,219850.0,12184.0,recommendation_changed
1053167,233276.0,233282.0,3838.0,233276.0,233282.0,3528.0,unchanged
1053205,,,,219842.0,219850.0,12184.0,newly_flagged
1053206,219841.0,219839.0,13102.0,219841.0,219850.0,12184.0,recommendation_changed
1053207,,,,219842.0,219850.0,12184.0,newly_flagged
1053208,219841.0,219839.0,13102.0,219841.0,219850.0,12184.0,recommendation_changed
1053215,216325.0,219839.0,13102.0,216325.0,219850.0,12184.0,recommendation_changed
1053216,216325.0,219839.0,13102.0,216325.0,219850.0,12184.0,recommendation_changed
1053237,216319.0,219839.0,13102.0,216319.0,219850.0,12184.0,recommendation_changed
1053238,216319.0,219839.0,13102.0,216319.0,219850.0,12184.0,recommendation_changed
1053239,216319.0,219839.0,13102.0,216319.0,219850.0,12184.0,recommendation_changed
1053240,249923.0,249925.0,13141.0,249923.0,248002.0,12190.0,recommendation_changed
1053245,229766.0,233282.0,3838.0,229766.0,233282.0,3528.0,unchanged
1053246,229766.0,233282.0,3838.0,229766.0,233282.0,3528.0,unchanged
1053247,229766.0,233282.0,3838.0,229766.0,233282.0,3528.0,unchanged
1053248,229766.0,233282.0,3838.0,229766.0,233282.0,3528.0,unchanged
1053253,249923.0,249925.0,13141.0,249923.0,248002.0,12190.0,recommendation_changed
1053272,233597.0,233596.0,13107.0,233597.0,233596.0,12189.0,unchanged
1053273,233597.0,233596.0,13107.0,233597.0,233596.0,12189.0,unchanged
1053274,233597.0,233596.0,13107.0,233597.0,233596.0,12189.0,unchanged
1053280,248956.0,250558.0,13086.0,248956.0,250558.0,12170.0,unchanged
1053282,248956.0,250558.0,13086.0,248956.0,250558.0,12170.0,unchanged
1053304,22783.0,7558.0,6661.0,22783.0,7558.0,6243.0,unchanged
1053314,271365.0,271368.0,13168.0,,,,no_longer_flagged
1053351,271365.0,271368.0,13177.0,,,,no_longer_flagged
1053390,,,,378349.0,294715.0,4555.0,newly_flagged
1053409,,,,378349.0,294715.0,4555.0,newly_flagged
1053411,,,,378349.0,294715.0,4555.0,newly_flagged
1053440,345244.0,345245.0,12564.0,345244.0,345245.0,11642.0,unchanged
1053442,350252.0,350253.0,13198.0,350252.0,350253.0,12266.0,unchanged
1053453,274235.0,294715.0,13184.0,274235.0,294715.0,4555.0,unchanged
1053454,274235.0,294715.0,13184.0,274235.0,294715.0,4555.0,unchanged
1053455,274235.0,294715.0,13184.0,274235.0,294715.0,4555.0,unchanged
1053486,,,,506665.0,506657.0,1157.0,newly_flagged
1053488,,,,23461.0,23497.0,3281.0,newly_flagged
1053491,,,,23461.0,23497.0,3281.0,newly_flagged
1053588,273927.0,273928.0,13229.0,273927.0,273928.0,12286.0,unchanged
1053604,6566.0,6553.0,9072.0,6566.0,6553.0,8437.0,unchanged
1053609,273927.0,273928.0,13229.0,273927.0,273928.0,12286.0,unchanged
1053650,22561.0,22550.0,10361.0,22561.0,22550.0,9561.0,unchanged
1053661,24416.0,24396.0,7426.0,24416.0,24396.0,6935.0,unchanged
1053916,22886.0,7845.0,3746.0,22886.0,7845.0,3438.0,unchanged
1053951,7797.0,7852.0,5399.0,7797.0,7852.0,5066.0,unchanged
1053970,,,,23145.0,8513.0,5689.0,newly_flagged
1053998,536374.0,536367.0,11391.0,,,,no_longer_flagged
1054029,23487.0,9102.0,10232.0,23487.0,9102.0,9461.0,unchanged
1054068,,390898.0,2330.0,,390898.0,162.0,unchanged
1054071,,,,,390898.0,162.0,newly_flagged
1054086,92775.0,65564.0,5404.0,92775.0,65564.0,5072.0,unchanged
1054087,92775.0,65564.0,5404.0,92775.0,260490.0,5071.0,recommendation_changed
1054104,88287.0,88286.0,3625.0,88287.0,88286.0,3315.0,unchanged
1054172,271368.0,271365.0,13161.0,,,,no_longer_flagged
1054173,271368.0,271365.0,13178.0,,,,no_longer_flagged
1054205,271368.0,271365.0,13174.0,,,,no_longer_flagged
1054224,271368.0,271365.0,13337.0,,,,no_longer_flagged
1054225,271368.0,271365.0,5392.0,,,,no_longer_flagged
1054227,271368.0,271365.0,5392.0,,,,no_longer_flagged
1054280,271368.0,271365.0,5392.0,,,,no_longer_flagged
1054283,271368.0,271365.0,13348.0,,,,no_longer_flagged
1054284,271368.0,271365.0,13349.0,,,,no_longer_flagged
1054287,271368.0,271365.0,13350.0,,,,no_longer_flagged
1054292,271365.0,271368.0,13339.0,,,,no_longer_flagged
1054293,271365.0,271368.0,13339.0,,,,no_longer_flagged
1054320,271368.0,271365.0,5392.0,,,,no_longer_flagged
1054328,271368.0,271365.0,5392.0,,,,no_longer_flagged
1054330,271368.0,271365.0,13351.0,,,,no_longer_flagged
1054331,271368.0,271365.0,13337.0,,,,no_longer_flagged
1054402,364609.0,364608.0,3770.0,364609.0,364608.0,3461.0,unchanged
1054417,365058.0,365056.0,4133.0,365058.0,365056.0,3818.0,unchanged
1054451,,,,17398.0,17326.0,12393.0,newly_flagged
1054466,,,,23145.0,8513.0,5689.0,newly_flagged
1054530,,,,23145.0,8513.0,5689.0,newly_flagged
1054531,,,,23145.0,8513.0,5689.0,newly_flagged
1054640,345363.0,345086.0,4082.0,,,,no_longer_flagged
1054641,345362.0,345359.0,4278.0,345362.0,345359.0,3961.0,unchanged
1054642,345363.0,345086.0,4082.0,,,,no_longer_flagged
1054647,349595.0,349598.0,13417.0,349595.0,349598.0,12428.0,unchanged
1054677,345360.0,345359.0,4278.0,345360.0,345359.0,3961.0,unchanged
1054737,176639.0,176638.0,11751.0,176639.0,176638.0,10878.0,unchanged
1054739,176639.0,176638.0,11751.0,176639.0,176638.0,10878.0,unchanged
1054756,176641.0,176638.0,11751.0,176641.0,176638.0,10878.0,unchanged
1054757,176641.0,176638.0,11751.0,176641.0,176638.0,10878.0,unchanged
1054758,176641.0,176638.0,11751.0,176641.0,176638.0,10878.0,unchanged
1054759,176641.0,176638.0,11751.0,176641.0,176638.0,10878.0,unchanged
1054765,143039.0,143038.0,13438.0,143039.0,143038.0,12450.0,unchanged
1054768,273927.0,273928.0,13229.0,273927.0,273928.0,12286.0,unchanged
1054780,176640.0,176638.0,11751.0,176640.0,176638.0,10878.0,unchanged
1054781,176639.0,176638.0,11751.0,176639.0,176638.0,10878.0,unchanged
1054782,176640.0,176638.0,11751.0,176640.0,176638.0,10878.0,unchanged
1054783,176640.0,176638.0,11751.0,176640.0,176638.0,10878.0,unchanged
1054784,,,,273926.0,273928.0,12286.0,newly_flagged
1054785,,,,273926.0,273928.0,12286.0,newly_flagged
1054804,176641.0,176638.0,11751.0,176641.0,176638.0,10878.0,unchanged
1054805,176639.0,176638.0,11751.0,176639.0,176638.0,10878.0,unchanged
1054806,176640.0,176638.0,11751.0,176640.0,176638.0,10878.0,unchanged
1054809,176639.0,176638.0,11751.0,176639.0,176638.0,10878.0,unchanged
1054829,33260.0,33261.0,2999.0,33260.0,33261.0,2737.0,unchanged
1054938,,,,5875.0,5901.0,12472.0,newly_flagged
1054945,146880.0,146882.0,11097.0,146880.0,146882.0,10272.0,unchanged
1054960,623.0,599.0,13468.0,623.0,599.0,12476.0,unchanged
1054976,269761.0,269759.0,4268.0,269761.0,269760.0,11722.0,recommendation_changed
1054984,,,,5838.0,22048.0,12480.0,newly_flagged
1055057,13257.0,13229.0,1385.0,13257.0,13229.0,1272.0,unchanged
1055060,13284.0,13341.0,1391.0,,,,no_longer_flagged
1055066,,,,13087.0,13149.0,808.0,newly_flagged
1055107,7510.0,7465.0,1817.0,7510.0,7465.0,1688.0,unchanged
1055297,23041.0,23077.0,1532.0,23041.0,23077.0,1408.0,unchanged
1055315,108141.0,108140.0,5626.0,108141.0,108140.0,5280.0,unchanged
1055339,275845.0,275843.0,13519.0,275845.0,275843.0,12528.0,unchanged
1055680,123505.0,120304.0,13527.0,123505.0,120304.0,12536.0,unchanged
1055712,,,,8043.0,8088.0,12555.0,newly_flagged
1055942,10392.0,10423.0,6238.0,10392.0,10423.0,5871.0,unchanged
1055946,,,,10466.0,24232.0,8199.0,newly_flagged
1055962,268796.0,343550.0,8128.0,268796.0,308475.0,7604.0,recommendation_changed
1055963,308475.0,343550.0,8128.0,,,,no_longer_flagged
1056028,309760.0,309757.0,6014.0,309760.0,309757.0,5664.0,unchanged
1056054,343552.0,343550.0,8128.0,,,,no_longer_flagged
1056056,343552.0,343550.0,8128.0,,,,no_longer_flagged
1056083,6549.0,22311.0,8398.0,6549.0,22311.0,7828.0,unchanged
1056087,155836.0,155838.0,5602.0,155836.0,155838.0,5258.0,unchanged
1056106,178557.0,185916.0,13556.0,178557.0,185916.0,12566.0,unchanged
1056174,265930.0,266235.0,11997.0,265930.0,266235.0,11108.0,unchanged
1056239,434687.0,434688.0,340.0,,,,no_longer_flagged
1056319,434685.0,434688.0,340.0,434685.0,434687.0,11608.0,recommendation_changed
1056356,343993.0,319360.0,4247.0,343993.0,319360.0,3930.0,unchanged
1056357,343993.0,319360.0,4247.0,343993.0,319360.0,3930.0,unchanged
1056374,172498.0,172503.0,13607.0,,,,no_longer_flagged
1056375,172498.0,172503.0,13607.0,,,,no_longer_flagged
1056376,172498.0,172503.0,13607.0,,,,no_longer_flagged
1056381,172498.0,172503.0,13607.0,,,,no_longer_flagged
1056400,537211.0,536253.0,13613.0,537211.0,536253.0,12620.0,unchanged
1056409,375966.0,375965.0,3801.0,375966.0,375965.0,3492.0,unchanged
1056430,201607.0,201608.0,12636.0,201607.0,201608.0,11715.0,unchanged
1056452,99489.0,99497.0,12648.0,99489.0,99497.0,11729.0,unchanged
1056506,375989.0,375990.0,12265.0,375989.0,375990.0,12637.0,unchanged
1056554,375120.0,375118.0,3567.0,,,,no_longer_flagged
1056556,375120.0,375118.0,3567.0,,,,no_longer_flagged
1056582,376047.0,376048.0,7959.0,376047.0,376048.0,7438.0,unchanged
1056723,343313.0,287042.0,4092.0,343313.0,287042.0,3775.0,unchanged
1056735,282887.0,282889.0,4288.0,282887.0,282889.0,3971.0,unchanged
1056737,282887.0,282889.0,4288.0,282887.0,282889.0,3971.0,unchanged
1056802,99484.0,99485.0,12649.0,99484.0,99485.0,11731.0,unchanged
1056850,192324.0,192327.0,13695.0,192324.0,192327.0,12706.0,unchanged
1057030,,,,287043.0,287042.0,3775.0,newly_flagged
1057063,175356.0,172500.0,13739.0,175356.0,172500.0,12750.0,unchanged
1057067,3462.0,3461.0,13744.0,3462.0,3385.0,2134.0,recommendation_changed
1057104,8552.0,8479.0,10725.0,8552.0,53095.0,9907.0,recommendation_changed
1057110,375120.0,375118.0,3567.0,,,,no_longer_flagged
1057111,375120.0,375118.0,3567.0,,,,no_longer_flagged
1057128,375120.0,375118.0,3567.0,,,,no_longer_flagged
1057129,375120.0,375118.0,3567.0,,,,no_longer_flagged
1057147,5909.0,5900.0,13756.0,5909.0,5900.0,12767.0,unchanged
1057200,370396.0,370395.0,13771.0,370396.0,370395.0,12784.0,unchanged
1057321,343987.0,343986.0,3963.0,343987.0,344220.0,3648.0,recommendation_changed
1057331,,,,473133.0,473122.0,4509.0,newly_flagged
1057362,276799.0,276796.0,11800.0,276799.0,276796.0,10928.0,unchanged
1057363,276799.0,276796.0,11800.0,276799.0,276796.0,10928.0,unchanged
1057365,276799.0,276796.0,11800.0,276799.0,276796.0,10928.0,unchanged
1057375,344286.0,344287.0,3648.0,344286.0,344287.0,3338.0,unchanged
1057413,14138.0,20530.0,13813.0,14138.0,20530.0,12821.0,unchanged
1057441,265928.0,265929.0,10739.0,265928.0,265929.0,9921.0,unchanged
1057466,282887.0,282889.0,4288.0,282887.0,282889.0,3971.0,unchanged
1057468,282887.0,282889.0,4288.0,282887.0,282889.0,3971.0,unchanged
1057507,277757.0,277756.0,13832.0,277757.0,277756.0,12840.0,unchanged
1057656,344283.0,344284.0,13859.0,344283.0,344284.0,12872.0,unchanged
1057691,283837.0,283836.0,13873.0,283837.0,283836.0,12886.0,unchanged
1057696,283838.0,283837.0,13872.0,283838.0,283837.0,12885.0,unchanged
1057701,285120.0,283836.0,13873.0,285120.0,283836.0,12886.0,unchanged
1057740,280963.0,276504.0,11533.0,280963.0,276504.0,10662.0,unchanged
1057823,343993.0,319360.0,4247.0,343993.0,319360.0,3930.0,unchanged
1057930,349867.0,349853.0,12565.0,349867.0,349853.0,11643.0,unchanged
1057931,349867.0,349853.0,12565.0,349867.0,349853.0,11643.0,unchanged
1058003,19596.0,19595.0,13918.0,19596.0,19595.0,12927.0,unchanged
1058033,,,,343986.0,344220.0,3648.0,newly_flagged
1058047,344534.0,344531.0,13668.0,,,,no_longer_flagged
1058048,344534.0,344531.0,13668.0,,,,no_longer_flagged
1058049,344534.0,344531.0,13668.0,,,,no_longer_flagged
1058118,343487.0,344220.0,13790.0,,,,no_longer_flagged
1058119,343487.0,344220.0,13790.0,,,,no_longer_flagged
1058120,343487.0,344220.0,13790.0,,,,no_longer_flagged
1058121,343487.0,344220.0,13790.0,,,,no_longer_flagged
1058180,377753.0,377752.0,13941.0,377753.0,377752.0,11244.0,unchanged
1058189,377753.0,377752.0,12127.0,377753.0,377752.0,11244.0,unchanged
1058239,384814.0,389929.0,4713.0,,,,no_longer_flagged
1058249,274235.0,294715.0,13184.0,274235.0,294715.0,4555.0,unchanged
1058251,,390901.0,3652.0,,390901.0,2793.0,unchanged
1058336,344534.0,344531.0,13668.0,,,,no_longer_flagged
1058465,350255.0,350254.0,12004.0,350255.0,350254.0,11116.0,unchanged
1058507,344543.0,343236.0,13995.0,344543.0,343236.0,12998.0,unchanged
1058509,279071.0,279070.0,10723.0,,,,no_longer_flagged
1058629,,,,50204.0,4306.0,4953.0,newly_flagged
1058646,342077.0,342075.0,14025.0,342077.0,342075.0,13026.0,unchanged
1058694,342077.0,342075.0,14025.0,342077.0,342075.0,13026.0,unchanged
1058695,342077.0,342075.0,14025.0,342077.0,342075.0,13026.0,unchanged
1058696,342077.0,342075.0,14025.0,342077.0,342075.0,13026.0,unchanged
1058712,22053.0,5834.0,7830.0,22053.0,5834.0,7319.0,unchanged
1058778,375981.0,375980.0,4824.0,375981.0,375980.0,4494.0,unchanged
1058820,376003.0,375133.0,14061.0,376003.0,375133.0,13064.0,unchanged
1058872,,,,5838.0,22048.0,12480.0,newly_flagged
1058997,,,,5687.0,5689.0,13158.0,newly_flagged
1059023,79008.0,82531.0,14174.0,79008.0,82531.0,13176.0,unchanged
1059025,79008.0,82531.0,14174.0,79008.0,82531.0,13176.0,unchanged
1059043,,,,22033.0,22034.0,13187.0,newly_flagged
1059061,5714.0,5718.0,14196.0,5714.0,5718.0,13198.0,unchanged
1059106,15492.0,15503.0,14232.0,15492.0,15503.0,13234.0,unchanged
1059110,15793.0,33246.0,14236.0,,,,no_longer_flagged
1059113,383807.0,383787.0,4522.0,383807.0,383787.0,4208.0,unchanged
1059133,26208.0,15867.0,14249.0,26208.0,15867.0,13252.0,unchanged
1059140,,,,153923.0,153917.0,8332.0,newly_flagged
1059150,375314.0,375315.0,14250.0,375314.0,375315.0,13253.0,unchanged
1059159,,,,143046.0,148186.0,1843.0,newly_flagged
1059175,9340.0,9287.0,5520.0,9340.0,9287.0,5175.0,unchanged
1059182,,,,375500.0,375499.0,12548.0,newly_flagged
1059188,15718.0,26185.0,14280.0,15718.0,15776.0,13279.0,recommendation_changed
1059222,15003.0,15043.0,14296.0,15003.0,15043.0,13295.0,unchanged
1059237,26592.0,16937.0,14302.0,26592.0,16937.0,13300.0,unchanged
1059258,,,,375499.0,375314.0,3499.0,newly_flagged
1059276,3847.0,3788.0,7537.0,3847.0,3788.0,7038.0,unchanged
1059279,8658.0,23230.0,14322.0,8658.0,23230.0,13321.0,unchanged
1059301,9714.0,9628.0,3902.0,9714.0,9628.0,3590.0,unchanged
1059302,292475.0,26065.0,14336.0,292475.0,26065.0,13336.0,unchanged
1059343,11219.0,24506.0,14371.0,11219.0,24506.0,13371.0,unchanged
1059344,11104.0,11083.0,14372.0,,,,no_longer_flagged
1059347,8909.0,8920.0,14375.0,,,,no_longer_flagged
1059366,376003.0,375133.0,14061.0,376003.0,375133.0,13064.0,unchanged
1059408,23189.0,8458.0,14394.0,23189.0,8458.0,13394.0,unchanged
1059416,9931.0,9986.0,14400.0,9931.0,9986.0,13400.0,unchanged
1059425,,,,11118.0,74212.0,13406.0,newly_flagged
1059428,,,,11204.0,74212.0,13406.0,newly_flagged
1059435,25646.0,14281.0,14414.0,25646.0,14281.0,13412.0,unchanged
1059439,24871.0,24912.0,14418.0,24871.0,12039.0,13416.0,recommendation_changed
1059441,12039.0,24912.0,14418.0,,,,no_longer_flagged
1059442,12105.0,12188.0,14420.0,12105.0,12188.0,13418.0,unchanged
1059443,,,,11888.0,12285.0,3571.0,newly_flagged
1059445,11888.0,12285.0,14423.0,11888.0,12285.0,3571.0,unchanged
1059462,17130.0,26664.0,14439.0,17130.0,26664.0,13435.0,unchanged
1059473,25781.0,25799.0,14447.0,,,,no_longer_flagged
1059474,199049.0,199048.0,14448.0,,,,no_longer_flagged
1059491,10598.0,10560.0,14456.0,10598.0,10560.0,13451.0,unchanged
1059509,,,,5666.0,5670.0,13458.0,newly_flagged
1059518,6495.0,6428.0,14466.0,6495.0,6428.0,13460.0,unchanged
1059542,384084.0,384085.0,5049.0,384084.0,384085.0,4717.0,unchanged
1059546,375997.0,375998.0,4097.0,,,,no_longer_flagged
1059548,375997.0,375998.0,4097.0,,,,no_longer_flagged
1059640,384435.0,389904.0,4427.0,384435.0,389904.0,4111.0,unchanged
1059641,384435.0,389904.0,4427.0,384435.0,389904.0,4111.0,unchanged
1059656,,,,1238.0,20047.0,13559.0,newly_flagged
1059659,150076.0,18264.0,14568.0,150076.0,18264.0,13561.0,unchanged
1059683,175.0,133.0,14591.0,175.0,165.0,13584.0,recommendation_changed
1059721,,4744.0,14612.0,,4744.0,13604.0,unchanged
1059799,101724.0,101727.0,3859.0,101724.0,101727.0,3548.0,unchanged
1059816,5901.0,5894.0,7815.0,5901.0,5894.0,7304.0,unchanged
1059836,22069.0,22066.0,14063.0,22069.0,22066.0,13066.0,unchanged
1059847,10598.0,10560.0,14456.0,10598.0,10560.0,13451.0,unchanged
1059849,94047.0,3371.0,14676.0,94047.0,3371.0,13667.0,unchanged
1059850,375297.0,375295.0,11540.0,,,,no_longer_flagged
1059851,375296.0,375294.0,8570.0,,,,no_longer_flagged
1059852,375297.0,375295.0,11540.0,,,,no_longer_flagged
1059853,375297.0,375295.0,11540.0,,,,no_longer_flagged
1059857,375297.0,375295.0,11540.0,,,,no_longer_flagged
1059869,375963.0,375294.0,8570.0,375963.0,375296.0,3944.0,recommendation_changed
1059876,383789.0,383807.0,4342.0,,,,no_longer_flagged
1059878,383789.0,383807.0,4342.0,,,,no_longer_flagged
1059879,383789.0,383807.0,4342.0,,,,no_longer_flagged
1059881,383789.0,383807.0,4342.0,,,,no_longer_flagged
1059899,364616.0,364605.0,3950.0,,,,no_longer_flagged
1059914,364616.0,364605.0,3950.0,,,,no_longer_flagged
1059915,364616.0,364605.0,3950.0,,,,no_longer_flagged
1059916,364616.0,364605.0,3950.0,,,,no_longer_flagged
1059970,,20874.0,14695.0,,20874.0,13687.0,unchanged
1060012,378462.0,378464.0,4583.0,378462.0,378464.0,4269.0,unchanged
1060037,26242.0,26240.0,14528.0,26242.0,26240.0,13522.0,unchanged
1060084,15479.0,15470.0,14742.0,15479.0,15470.0,13737.0,unchanged
1060095,16032.0,16022.0,14747.0,16032.0,16022.0,13742.0,unchanged
1060111,15492.0,15503.0,14232.0,15492.0,15503.0,13234.0,unchanged
1060143,15850.0,26223.0,14764.0,15850.0,26223.0,13759.0,unchanged
1060169,26208.0,15867.0,14249.0,26208.0,15867.0,13252.0,unchanged
1060208,,,,15921.0,15922.0,13792.0,newly_flagged
1060272,15478.0,15477.0,14825.0,15478.0,15477.0,13819.0,unchanged
1060281,192316.0,323837.0,12601.0,192316.0,323837.0,11678.0,unchanged
1060293,,,,15562.0,15556.0,12842.0,newly_flagged
1060319,15495.0,15478.0,14837.0,15495.0,15478.0,13829.0,unchanged
1060320,26089.0,15478.0,14837.0,26089.0,15478.0,13829.0,unchanged
1060326,375997.0,375998.0,4097.0,,,,no_longer_flagged
1060327,375997.0,375998.0,4097.0,,,,no_longer_flagged
1060328,375997.0,375998.0,4097.0,,,,no_longer_flagged
1060329,375997.0,375998.0,4097.0,,,,no_longer_flagged
1060426,,,,,26961.0,13871.0,newly_flagged
1060445,23487.0,9102.0,10232.0,23487.0,9102.0,9461.0,unchanged
1060487,370188.0,370187.0,12919.0,370188.0,370187.0,12001.0,unchanged
1060513,11881.0,12038.0,14908.0,11881.0,12038.0,13896.0,unchanged
1060743,267521.0,267520.0,14982.0,267521.0,267520.0,13934.0,unchanged
1060759,383565.0,383564.0,14989.0,383565.0,383564.0,13941.0,unchanged
1060802,87334.0,87333.0,14998.0,87334.0,87333.0,13950.0,unchanged
1060803,,,,7884.0,7775.0,13956.0,newly_flagged
1061126,293758.0,344470.0,15098.0,293758.0,344470.0,14034.0,unchanged
1061238,343248.0,343533.0,15130.0,343248.0,343247.0,14069.0,recommendation_changed
1061239,343248.0,343533.0,15130.0,343248.0,343247.0,14069.0,recommendation_changed
1061240,343248.0,343533.0,15130.0,343248.0,343247.0,14069.0,recommendation_changed
1061241,343247.0,343533.0,15130.0,,,,no_longer_flagged
1061281,343247.0,343533.0,15130.0,,,,no_longer_flagged
1061285,343247.0,343533.0,15130.0,,,,no_longer_flagged
1061321,370342.0,370341.0,14916.0,370342.0,370341.0,13901.0,unchanged
1061335,343247.0,343533.0,15130.0,,,,no_longer_flagged
1061343,370342.0,375087.0,14985.0,370342.0,375087.0,13937.0,unchanged
1061344,370343.0,375087.0,14985.0,370343.0,375087.0,13937.0,unchanged
1061348,370343.0,375087.0,14985.0,370343.0,375087.0,13937.0,unchanged
1061349,370343.0,375087.0,14985.0,370343.0,375087.0,13937.0,unchanged
1061408,20666.0,181759.0,15168.0,20666.0,181759.0,14099.0,unchanged
1061494,,,,377773.0,383902.0,14112.0,newly_flagged
1061497,,,,377773.0,383902.0,14112.0,newly_flagged
1061603,344131.0,344130.0,15222.0,344131.0,344130.0,14141.0,unchanged
1061654,344125.0,344123.0,15243.0,,,,no_longer_flagged
1061655,344125.0,344123.0,15243.0,,,,no_longer_flagged
1061656,344125.0,344123.0,15243.0,,,,no_longer_flagged
1061666,344127.0,344128.0,15246.0,,,,no_longer_flagged
1061667,344127.0,344128.0,15246.0,,,,no_longer_flagged
1061668,344127.0,344128.0,15246.0,,,,no_longer_flagged
1061669,344127.0,344128.0,15246.0,,,,no_longer_flagged
1061717,343248.0,343533.0,15130.0,343248.0,343247.0,14069.0,recommendation_changed
1061722,344779.0,344972.0,15257.0,344779.0,344972.0,14175.0,unchanged
1061804,343533.0,343532.0,15283.0,343533.0,343532.0,14193.0,unchanged
1061808,13965.0,13970.0,15284.0,13965.0,13970.0,14194.0,unchanged
1061917,,,,153923.0,153917.0,8332.0,newly_flagged
1061956,,,,153923.0,153917.0,8332.0,newly_flagged
1061976,21998.0,21995.0,14239.0,21998.0,21995.0,13241.0,unchanged
1062015,5709.0,22011.0,15341.0,5709.0,22011.0,14236.0,unchanged
1062016,5709.0,22011.0,15341.0,5709.0,22011.0,14236.0,unchanged
1062029,537436.0,537451.0,15352.0,537436.0,537452.0,14247.0,recommendation_changed
1062095,22009.0,22008.0,14090.0,22009.0,22008.0,13091.0,unchanged
1062106,344125.0,344123.0,15243.0,,,,no_longer_flagged
1062109,344125.0,344123.0,15243.0,,,,no_longer_flagged
1062127,344127.0,344128.0,15246.0,,,,no_longer_flagged
1062129,344127.0,344128.0,15246.0,,,,no_longer_flagged
1062131,344125.0,344123.0,15243.0,,,,no_longer_flagged
1062132,344127.0,344128.0,15246.0,,,,no_longer_flagged
1062176,375107.0,375106.0,15387.0,,,,no_longer_flagged
1062290,,,,344278.0,344279.0,14291.0,newly_flagged
1062320,5671.0,21974.0,15430.0,5671.0,21974.0,14310.0,unchanged
1062323,21974.0,5671.0,15426.0,21974.0,5671.0,14305.0,unchanged
1062324,21974.0,5671.0,15426.0,21974.0,5671.0,14305.0,unchanged
1062327,5667.0,21968.0,15432.0,5667.0,21968.0,14311.0,unchanged
1062330,5668.0,5671.0,15426.0,5668.0,5671.0,14312.0,unchanged
1062332,5668.0,5671.0,15426.0,5668.0,5671.0,14312.0,unchanged
1062333,5668.0,5671.0,15426.0,5668.0,5671.0,14312.0,unchanged
1062334,5671.0,5668.0,15434.0,5671.0,5668.0,14313.0,unchanged
1062336,5671.0,5668.0,15434.0,5671.0,5668.0,14313.0,unchanged
1062338,21974.0,5671.0,15429.0,21974.0,5671.0,14305.0,unchanged
1062340,21974.0,5671.0,15426.0,21974.0,5671.0,14305.0,unchanged
1062342,5671.0,5668.0,15435.0,5671.0,5668.0,14313.0,unchanged
1062343,5671.0,5664.0,15436.0,5671.0,5668.0,14313.0,recommendation_changed
1062345,5668.0,5664.0,15437.0,,,,no_longer_flagged
1062553,21966.0,21968.0,15432.0,21966.0,21968.0,14356.0,unchanged
1062563,21964.0,5663.0,15495.0,21964.0,5663.0,14358.0,unchanged
1062565,21964.0,5663.0,15495.0,21964.0,5663.0,14358.0,unchanged
1062567,21966.0,21968.0,15432.0,21966.0,21968.0,14356.0,unchanged
1062578,281926.0,268478.0,15499.0,,,,no_longer_flagged
1062579,281925.0,268478.0,15499.0,281925.0,281926.0,14362.0,recommendation_changed
1062586,,1532.0,15501.0,,1532.0,14365.0,unchanged
1062593,23311.0,8877.0,15503.0,23311.0,8877.0,14367.0,unchanged
1062597,,,,5666.0,5670.0,13458.0,newly_flagged
1062607,21964.0,5663.0,15509.0,,,,no_longer_flagged
1062608,21964.0,5663.0,15509.0,,,,no_longer_flagged
1062609,21964.0,5663.0,15509.0,,,,no_longer_flagged
1062615,281926.0,268478.0,15499.0,,,,no_longer_flagged
1062616,281926.0,268478.0,15499.0,,,,no_longer_flagged
1062643,265278.0,256957.0,15517.0,,,,no_longer_flagged
1062652,344125.0,344123.0,15243.0,,,,no_longer_flagged
1062659,281923.0,268477.0,15497.0,,,,no_longer_flagged
1062660,281926.0,268478.0,15499.0,281926.0,268478.0,14363.0,unchanged
1062661,281926.0,268478.0,15499.0,281926.0,268478.0,14363.0,unchanged
1062677,281926.0,268478.0,15499.0,,,,no_longer_flagged
1062681,281923.0,281924.0,15529.0,281923.0,281924.0,14395.0,unchanged
1062705,5670.0,5666.0,14464.0,,,,no_longer_flagged
1062747,281923.0,268477.0,15497.0,,,,no_longer_flagged
1062754,,,,5663.0,21964.0,14372.0,newly_flagged
1062755,,,,5663.0,21964.0,14372.0,newly_flagged
1062756,21964.0,5663.0,15509.0,,,,no_longer_flagged
1062757,,,,21970.0,5669.0,14407.0,newly_flagged
1062759,5669.0,5665.0,15549.0,5669.0,5665.0,14409.0,unchanged
1062760,,,,21970.0,5669.0,14407.0,newly_flagged
1062770,5665.0,5669.0,15557.0,5665.0,5669.0,14413.0,unchanged
1062771,5669.0,21970.0,15550.0,,,,no_longer_flagged
1062772,,,,5665.0,5669.0,14413.0,newly_flagged
1062798,21964.0,5663.0,15495.0,21964.0,5663.0,14358.0,unchanged
1062801,,,,21970.0,5669.0,14407.0,newly_flagged
1062803,,,,5663.0,21964.0,14372.0,newly_flagged
1062804,,,,5663.0,21964.0,14372.0,newly_flagged
1062805,21964.0,5663.0,15509.0,,,,no_longer_flagged
1062806,,,,5669.0,21970.0,14418.0,newly_flagged
1062807,21970.0,5669.0,15568.0,,,,no_longer_flagged
1062808,21970.0,5669.0,15568.0,,,,no_longer_flagged
1062809,,,,5669.0,21970.0,14418.0,newly_flagged
1062811,,,,21970.0,5669.0,14407.0,newly_flagged
1062813,21970.0,5669.0,15557.0,21970.0,5669.0,14407.0,unchanged
1062814,,,,5669.0,21970.0,14418.0,newly_flagged
1062815,21970.0,5669.0,15568.0,,,,no_longer_flagged
1062816,,,,5669.0,21970.0,14418.0,newly_flagged
1062821,21968.0,21966.0,15571.0,21968.0,21966.0,14420.0,unchanged
1062824,5669.0,5665.0,15551.0,5669.0,5665.0,14409.0,unchanged
1062877,,,,153923.0,153917.0,8332.0,newly_flagged
1062899,,,,22000.0,21997.0,13099.0,newly_flagged
1063050,375107.0,375106.0,15387.0,375107.0,375106.0,13215.0,unchanged
1063072,110702.0,110701.0,14150.0,110702.0,110701.0,13152.0,unchanged
1063078,25348.0,25378.0,15624.0,25348.0,13198.0,14463.0,recommendation_changed
1063123,5664.0,21962.0,15637.0,,,,no_longer_flagged
1063124,,,,21962.0,5664.0,14477.0,newly_flagged
1063125,,,,21962.0,5664.0,14477.0,newly_flagged
1063130,,,,21962.0,5664.0,14477.0,newly_flagged
1063131,,,,21962.0,5664.0,14477.0,newly_flagged
1063144,21975.0,21976.0,15649.0,,,,no_longer_flagged
1063154,,,,5664.0,21962.0,4594.0,newly_flagged
1063155,21962.0,5664.0,15653.0,,,,no_longer_flagged
1063156,21962.0,5664.0,15653.0,,,,no_longer_flagged
1063157,21962.0,5664.0,15653.0,,,,no_longer_flagged
1063160,,,,5674.0,5672.0,14486.0,newly_flagged
1063164,343680.0,375307.0,14976.0,343680.0,375307.0,13928.0,unchanged
1063174,21963.0,21961.0,4919.0,,,,no_longer_flagged
1063177,,,,5664.0,21962.0,4594.0,newly_flagged
1063187,5674.0,5672.0,15662.0,5674.0,5672.0,14486.0,unchanged
1063188,5674.0,5672.0,15662.0,5674.0,5672.0,14486.0,unchanged
1063189,,,,5674.0,5672.0,14486.0,newly_flagged
1063191,,,,21975.0,21976.0,14482.0,newly_flagged
1063202,21962.0,5664.0,15653.0,,,,no_longer_flagged
1063203,,,,5664.0,21962.0,4594.0,newly_flagged
1063204,21962.0,5664.0,15653.0,,,,no_longer_flagged
1063205,,,,5664.0,21962.0,4594.0,newly_flagged
1063209,5674.0,5672.0,15662.0,5674.0,5672.0,14486.0,unchanged
1063211,370222.0,370224.0,15625.0,370222.0,370224.0,14464.0,unchanged
1063214,370224.0,370222.0,15082.0,370224.0,370222.0,14021.0,unchanged
1063278,280955.0,280649.0,15697.0,280955.0,280649.0,14523.0,unchanged
1063279,280955.0,280649.0,15697.0,280955.0,280649.0,14523.0,unchanged
1063280,280955.0,280649.0,15697.0,280955.0,280649.0,14523.0,unchanged
1063281,280955.0,280649.0,15697.0,280955.0,280649.0,14523.0,unchanged
1063300,303681.0,303675.0,15705.0,,,,no_longer_flagged
1063336,265278.0,256957.0,15517.0,,,,no_longer_flagged
1063337,265278.0,256957.0,15517.0,,,,no_longer_flagged
1063374,536225.0,536226.0,13666.0,,,,no_longer_flagged
1063399,265278.0,256957.0,15517.0,,,,no_longer_flagged
1063400,265278.0,256957.0,15517.0,,,,no_longer_flagged
1063401,265278.0,256957.0,15517.0,,,,no_longer_flagged
1063402,281925.0,268478.0,15499.0,281925.0,281926.0,14362.0,recommendation_changed
1063463,5670.0,5666.0,15734.0,,,,no_longer_flagged
1063467,,,,5666.0,5670.0,14560.0,newly_flagged
1063468,5670.0,5666.0,15738.0,,,,no_longer_flagged
1063469,,,,5666.0,5670.0,14560.0,newly_flagged
1063470,5670.0,5666.0,15657.0,,,,no_longer_flagged
1063471,5670.0,5666.0,15740.0,,,,no_longer_flagged
1063496,,,,172475.0,172170.0,14571.0,newly_flagged
1063497,172475.0,172169.0,9702.0,172475.0,172169.0,9007.0,unchanged
1063498,144322.0,144324.0,15636.0,144322.0,144324.0,14476.0,unchanged
1063499,144323.0,144324.0,15636.0,144323.0,144324.0,14476.0,unchanged
1063502,10392.0,10423.0,6238.0,10392.0,10423.0,5871.0,unchanged
1063504,370574.0,370573.0,7900.0,370574.0,370573.0,7389.0,unchanged
1063505,281927.0,24128.0,6897.0,281927.0,10423.0,5871.0,recommendation_changed
1063507,202556.0,144329.0,15755.0,202556.0,144329.0,14573.0,unchanged
1063514,172510.0,172509.0,15760.0,172510.0,172509.0,14577.0,unchanged
1063518,144322.0,144324.0,15636.0,144322.0,144324.0,14476.0,unchanged
1063520,9469.0,9498.0,5528.0,9469.0,9498.0,5184.0,unchanged
1064820,1305.0,20046.0,15772.0,1305.0,20046.0,14588.0,unchanged
1064940,22551.0,6965.0,11030.0,22551.0,6965.0,10209.0,unchanged
1064943,7708.0,7732.0,9566.0,7708.0,7732.0,8883.0,unchanged
1064947,22215.0,6186.0,9594.0,22215.0,6186.0,8910.0,unchanged
1064989,370396.0,370395.0,13771.0,370396.0,370395.0,12784.0,unchanged
1065002,343313.0,287042.0,4092.0,343313.0,287042.0,3775.0,unchanged
1065012,282887.0,282889.0,4288.0,282887.0,282889.0,3971.0,unchanged
1065014,364616.0,364605.0,3950.0,,,,no_longer_flagged
1065024,343993.0,319360.0,4247.0,343993.0,319360.0,3930.0,unchanged
1065031,,,,343986.0,344220.0,3648.0,newly_flagged
1065053,310078.0,343405.0,4282.0,,,,no_longer_flagged
1065059,343403.0,286090.0,11620.0,343403.0,286090.0,10739.0,unchanged
1065075,345362.0,345359.0,4278.0,345362.0,345359.0,3961.0,unchanged
1065076,345360.0,345359.0,4278.0,345360.0,345359.0,3961.0,unchanged
1065093,96285.0,96286.0,3565.0,96285.0,96286.0,3258.0,unchanged
1065111,343313.0,287042.0,4092.0,343313.0,287042.0,3775.0,unchanged
1065188,9678.0,9597.0,10591.0,,,,no_longer_flagged
1065297,5671.0,5668.0,15434.0,5671.0,5668.0,14313.0,unchanged
1065299,5668.0,5664.0,15808.0,,,,no_longer_flagged
1065301,5668.0,5671.0,15426.0,5668.0,5671.0,14312.0,unchanged
1065303,5668.0,5671.0,15426.0,5668.0,5671.0,14312.0,unchanged
1065306,21968.0,5667.0,15809.0,21968.0,5667.0,14624.0,unchanged
1065307,21968.0,5667.0,15809.0,21968.0,5667.0,14624.0,unchanged
1065311,21968.0,5667.0,15809.0,21968.0,5667.0,14624.0,unchanged
1065312,21968.0,5667.0,15809.0,21968.0,5667.0,14624.0,unchanged
1065313,5667.0,21968.0,15432.0,5667.0,21968.0,14311.0,unchanged
1065314,21970.0,5669.0,15568.0,,,,no_longer_flagged
1065322,5667.0,21968.0,15432.0,5667.0,21968.0,14311.0,unchanged
1065324,5667.0,21968.0,15432.0,5667.0,21968.0,14311.0,unchanged
1065337,5664.0,21962.0,15637.0,,,,no_longer_flagged
1065338,,,,21962.0,5664.0,14477.0,newly_flagged
1065345,5671.0,21974.0,15430.0,5671.0,21974.0,14310.0,unchanged
1065349,,,,5671.0,21974.0,14310.0,newly_flagged
1065350,,,,5671.0,21974.0,14310.0,newly_flagged
1065352,5671.0,21974.0,15430.0,5671.0,21974.0,14310.0,unchanged
1065360,123180.0,122872.0,15823.0,123180.0,122872.0,14633.0,unchanged
1065393,344124.0,344123.0,15243.0,344124.0,344123.0,14450.0,unchanged
1065394,344124.0,344123.0,15243.0,,,,no_longer_flagged
1065395,344124.0,344123.0,15243.0,,,,no_longer_flagged
1065396,344124.0,344123.0,15243.0,,,,no_longer_flagged
1065398,344129.0,344128.0,15246.0,,,,no_longer_flagged
1065399,344129.0,344128.0,15246.0,,,,no_longer_flagged
1065400,344125.0,344123.0,15243.0,,,,no_longer_flagged
1065401,344124.0,344123.0,15243.0,,,,no_longer_flagged
1065402,344124.0,344123.0,15243.0,,,,no_longer_flagged
1065403,344124.0,344123.0,15243.0,,,,no_longer_flagged
1065404,344124.0,344123.0,15243.0,,,,no_longer_flagged
1065417,344129.0,344128.0,15246.0,,,,no_longer_flagged
1065418,344129.0,344128.0,15246.0,,,,no_longer_flagged
1065419,344129.0,344128.0,15246.0,,,,no_longer_flagged
1065420,344129.0,344128.0,15246.0,,,,no_longer_flagged
1065461,303681.0,303675.0,15705.0,,,,no_longer_flagged
1065463,303681.0,303675.0,15705.0,,,,no_longer_flagged
1065464,303681.0,303675.0,15705.0,,,,no_longer_flagged
1065561,5664.0,5668.0,15434.0,,,,no_longer_flagged
1065562,21976.0,21975.0,15862.0,21976.0,21975.0,14681.0,unchanged
1065563,21976.0,21975.0,15862.0,21976.0,21975.0,14681.0,unchanged
1065565,,,,5668.0,5664.0,14682.0,newly_flagged
1065577,257928.0,257929.0,15694.0,257928.0,257929.0,14520.0,unchanged
1065595,172507.0,172509.0,15760.0,172507.0,172509.0,14577.0,unchanged
1065606,163848.0,199048.0,14448.0,163848.0,199048.0,14692.0,unchanged
1065627,280956.0,280649.0,15697.0,,,,no_longer_flagged
1065629,280956.0,280649.0,15697.0,,,,no_longer_flagged
1065631,280956.0,280649.0,15697.0,,,,no_longer_flagged
1065632,280956.0,280649.0,15697.0,,,,no_longer_flagged
1065718,,,,39013.0,39017.0,14718.0,newly_flagged
1065818,24894.0,12048.0,15921.0,24894.0,24826.0,14744.0,recommendation_changed
1065843,119663.0,119665.0,11766.0,119663.0,119665.0,10894.0,unchanged
1065847,163848.0,199048.0,14448.0,163848.0,199048.0,14692.0,unchanged
1065848,163848.0,199048.0,14448.0,163848.0,199048.0,14692.0,unchanged
1065865,247355.0,256956.0,15905.0,,,,no_longer_flagged
1065866,247355.0,256956.0,15905.0,,,,no_longer_flagged
1065867,247050.0,256956.0,15905.0,247050.0,247355.0,14752.0,recommendation_changed
1065868,247355.0,256956.0,15905.0,,,,no_longer_flagged
1065937,,,,21972.0,21979.0,13130.0,newly_flagged
1065938,,,,21972.0,21979.0,13130.0,newly_flagged
1065939,,,,21972.0,21979.0,13130.0,newly_flagged
1065944,95003.0,144324.0,15636.0,95003.0,144324.0,14476.0,unchanged
1065958,,,,21972.0,21979.0,13130.0,newly_flagged
1065961,144322.0,144324.0,15636.0,144322.0,144324.0,14476.0,unchanged
1065967,128624.0,128625.0,15929.0,128624.0,128625.0,14755.0,unchanged
1065973,21962.0,5664.0,15642.0,,,,no_longer_flagged
1066002,21968.0,21966.0,15571.0,21968.0,21966.0,14420.0,unchanged
1066003,21966.0,21968.0,15432.0,21966.0,21968.0,14356.0,unchanged
1066004,21968.0,21966.0,15571.0,21968.0,21966.0,14420.0,unchanged
1066019,,,,5665.0,5669.0,14413.0,newly_flagged
1066023,21964.0,5663.0,15495.0,21964.0,5663.0,14358.0,unchanged
1066026,536893.0,536892.0,8909.0,536893.0,536892.0,8287.0,unchanged
1066036,,,,5665.0,5669.0,14413.0,newly_flagged
1066066,153917.0,153923.0,8955.0,,,,no_longer_flagged
1066068,153917.0,153923.0,8955.0,,,,no_longer_flagged
1066075,,,,172475.0,172170.0,14571.0,newly_flagged
1066077,172164.0,172163.0,8545.0,172164.0,172163.0,7955.0,unchanged
1066080,172164.0,172163.0,8545.0,172164.0,172163.0,7955.0,unchanged
1066087,,,,172475.0,172170.0,14571.0,newly_flagged
1066113,,,,153922.0,153920.0,14797.0,newly_flagged
1066115,,,,153922.0,153920.0,14797.0,newly_flagged
1066116,,,,153922.0,153920.0,14797.0,newly_flagged
1066152,15679.0,15668.0,3924.0,15679.0,15668.0,3609.0,unchanged
1066154,384171.0,349566.0,15980.0,384171.0,349566.0,14792.0,unchanged
1066168,5672.0,5666.0,15738.0,5672.0,5666.0,14488.0,unchanged
1066169,,,,5666.0,5670.0,14560.0,newly_flagged
1066170,5670.0,5666.0,15657.0,,,,no_longer_flagged
1066171,,,,5666.0,5670.0,14560.0,newly_flagged
1066172,5670.0,5666.0,15739.0,,,,no_longer_flagged
1066175,,,,5672.0,5674.0,14809.0,newly_flagged
1066176,5674.0,5672.0,15998.0,,,,no_longer_flagged
1066185,,,,5666.0,5672.0,14812.0,newly_flagged
1066188,,,,5672.0,5666.0,14488.0,newly_flagged
1066189,5674.0,5672.0,15998.0,,,,no_longer_flagged
1066190,,,,5666.0,5670.0,13458.0,newly_flagged
1066192,5674.0,5672.0,15998.0,,,,no_longer_flagged
1066217,5670.0,5666.0,14464.0,,,,no_longer_flagged
1066221,,,,5672.0,5674.0,14809.0,newly_flagged
1066222,,,,5672.0,5674.0,14809.0,newly_flagged
1066223,5674.0,5672.0,15998.0,,,,no_longer_flagged
1066224,,,,5672.0,5674.0,14809.0,newly_flagged
1066233,5666.0,5672.0,15998.0,5666.0,5672.0,14812.0,unchanged
1066248,5666.0,5672.0,15998.0,5666.0,5672.0,14812.0,unchanged
1066261,21963.0,21961.0,4919.0,21963.0,21961.0,4591.0,unchanged
1066267,21961.0,21963.0,16016.0,21961.0,21963.0,14823.0,unchanged
1066273,,,,21976.0,21975.0,14681.0,newly_flagged
1066274,21976.0,21975.0,15862.0,21976.0,21975.0,14681.0,unchanged
1066275,21976.0,21975.0,15862.0,21976.0,21975.0,14681.0,unchanged
1066277,5668.0,5664.0,15653.0,,,,no_longer_flagged
1066278,,,,5664.0,5668.0,14826.0,newly_flagged
1066279,5668.0,5664.0,15653.0,,,,no_longer_flagged
1066280,5668.0,5664.0,15653.0,,,,no_longer_flagged
1066285,21961.0,21963.0,16016.0,21961.0,21963.0,14823.0,unchanged
1066286,21963.0,21961.0,4919.0,21963.0,21961.0,4591.0,unchanged
1066287,21963.0,21961.0,4919.0,,,,no_longer_flagged
1066293,5664.0,5668.0,15434.0,,,,no_longer_flagged
1066294,,,,5668.0,5664.0,14682.0,newly_flagged
1066296,5668.0,5664.0,15653.0,,,,no_longer_flagged
1066300,21961.0,21963.0,16016.0,21961.0,21963.0,14823.0,unchanged
1066301,,,,5668.0,5664.0,14682.0,newly_flagged
1066303,,,,5668.0,5664.0,14682.0,newly_flagged
1066321,,,,5664.0,5668.0,14826.0,newly_flagged
1066322,,,,5664.0,5668.0,14826.0,newly_flagged
1066323,5668.0,5664.0,15653.0,,,,no_longer_flagged
1066324,5668.0,5664.0,15653.0,,,,no_longer_flagged
1066328,258235.0,257930.0,16018.0,,,,no_longer_flagged
1066337,172164.0,172163.0,8545.0,172164.0,172163.0,7955.0,unchanged
1066352,,,,21961.0,21963.0,14490.0,newly_flagged
1066399,275841.0,275844.0,16045.0,275841.0,275844.0,14851.0,unchanged
1066401,166076.0,166077.0,16043.0,166076.0,166077.0,14849.0,unchanged
1066445,275845.0,275843.0,13519.0,275845.0,275843.0,12528.0,unchanged
1066447,275845.0,275843.0,13519.0,275845.0,275843.0,12528.0,unchanged
1066492,82530.0,82531.0,14174.0,82530.0,82531.0,13176.0,unchanged
1066538,82530.0,82531.0,14174.0,82530.0,82531.0,13176.0,unchanged
1066540,82530.0,82531.0,14174.0,82530.0,82531.0,13176.0,unchanged
1066542,,4753.0,16088.0,,4753.0,14894.0,unchanged
1066581,122865.0,122867.0,14147.0,122865.0,122867.0,13149.0,unchanged
1066582,122865.0,122867.0,14147.0,122865.0,122867.0,13149.0,unchanged
1066583,122865.0,122867.0,14147.0,122865.0,122867.0,13149.0,unchanged
1066657,172507.0,172509.0,15760.0,172507.0,172509.0,14577.0,unchanged
1066659,172510.0,172509.0,15760.0,172510.0,172509.0,14577.0,unchanged
1066660,172507.0,172509.0,15760.0,172507.0,172509.0,14577.0,unchanged
1066678,172510.0,172509.0,15760.0,172510.0,172509.0,14577.0,unchanged
1066686,172510.0,172509.0,15760.0,172510.0,172509.0,14577.0,unchanged
1066708,247045.0,247044.0,14153.0,247045.0,247044.0,13155.0,unchanged
1066736,247045.0,247043.0,16029.0,247045.0,247043.0,14836.0,unchanged
1066788,119660.0,119661.0,14121.0,119660.0,119661.0,13124.0,unchanged
1066886,376834.0,376833.0,15833.0,376834.0,376833.0,14653.0,unchanged
1066900,133741.0,5660.0,15902.0,133741.0,5660.0,14725.0,unchanged
1066914,331837.0,268803.0,11714.0,331837.0,268803.0,10840.0,unchanged
1066917,10401.0,10423.0,6238.0,10401.0,10423.0,5871.0,unchanged
1066949,156486.0,156485.0,16183.0,156486.0,156485.0,14983.0,unchanged
1066951,156486.0,156485.0,16183.0,156486.0,156485.0,14983.0,unchanged
1067014,156475.0,156483.0,16185.0,156475.0,156483.0,14985.0,unchanged
1067020,,,,153922.0,153920.0,14797.0,newly_flagged
1067045,,,,21975.0,21976.0,14482.0,newly_flagged
1067078,5672.0,5666.0,15737.0,5672.0,5666.0,14488.0,unchanged
1067144,128630.0,128622.0,16097.0,128630.0,128622.0,14903.0,unchanged
1067210,128635.0,128642.0,16034.0,128635.0,128642.0,14840.0,unchanged
1067214,199049.0,199048.0,14448.0,,,,no_longer_flagged
1067270,118723.0,118722.0,14237.0,118723.0,118722.0,13239.0,unchanged
1067281,199049.0,199048.0,14448.0,,,,no_longer_flagged
1067440,,,,5788.0,22034.0,13187.0,newly_flagged
1067457,,,,5788.0,22034.0,13187.0,newly_flagged
1067462,,,,22033.0,22034.0,13187.0,newly_flagged
1067467,,,,22033.0,22034.0,13187.0,newly_flagged
1067479,,,,5788.0,22034.0,13187.0,newly_flagged
1067480,,,,5788.0,22034.0,13187.0,newly_flagged
1067492,,,,22033.0,22034.0,13187.0,newly_flagged
1067502,,,,370363.0,5840.0,15104.0,newly_flagged
1067504,5819.0,22048.0,14072.0,5819.0,22048.0,12480.0,unchanged
1067506,114868.0,114867.0,16305.0,114868.0,114867.0,15096.0,unchanged
1067526,16563.0,26437.0,13007.0,16563.0,26437.0,12092.0,unchanged
1067571,,,,5663.0,21964.0,14372.0,newly_flagged
1067589,22046.0,5817.0,16331.0,22046.0,5817.0,15120.0,unchanged
1067590,22046.0,5817.0,16331.0,22046.0,5817.0,15120.0,unchanged
1067608,115181.0,115182.0,16339.0,115181.0,115182.0,15128.0,unchanged
1067701,,,,71003.0,39333.0,15154.0,newly_flagged
1067702,,,,71003.0,39333.0,15154.0,newly_flagged
1067703,,,,71003.0,39333.0,15154.0,newly_flagged
1067733,171835.0,273280.0,16369.0,171835.0,273280.0,15157.0,unchanged
1067749,39337.0,39335.0,16378.0,39337.0,39335.0,15164.0,unchanged
1067768,5909.0,5900.0,13756.0,5909.0,5900.0,12767.0,unchanged
1067786,171836.0,171835.0,16040.0,171836.0,171835.0,14846.0,unchanged
1067803,,,,5233.0,5245.0,15173.0,newly_flagged
1067852,118722.0,123514.0,12766.0,118722.0,123514.0,11846.0,unchanged
1067927,415422.0,449264.0,4360.0,,,,no_longer_flagged
1067938,,,,71003.0,39333.0,15154.0,newly_flagged
1067939,,,,71003.0,39333.0,15154.0,newly_flagged
1067940,,,,71003.0,39333.0,15154.0,newly_flagged
1067965,164490.0,164488.0,16047.0,164490.0,164488.0,14853.0,unchanged
1067967,164490.0,164488.0,16047.0,164490.0,164488.0,14853.0,unchanged
1067973,,,,71003.0,39333.0,15154.0,newly_flagged
1068010,101724.0,101727.0,3859.0,101724.0,101727.0,3548.0,unchanged
1068024,400927.0,130219.0,8450.0,400927.0,130219.0,7882.0,unchanged
1068054,,,,5838.0,22048.0,12480.0,newly_flagged
1068086,,,,5766.0,5767.0,15234.0,newly_flagged
1068087,,,,5766.0,5767.0,15234.0,newly_flagged
1068088,,,,5766.0,5767.0,15234.0,newly_flagged
1068100,5773.0,5772.0,16456.0,5773.0,5772.0,15237.0,unchanged
1068112,115504.0,86052.0,7807.0,115504.0,86052.0,7296.0,unchanged
1068132,5772.0,5773.0,16455.0,5772.0,5773.0,15236.0,unchanged
1068133,5762.0,5763.0,16015.0,5762.0,5763.0,14822.0,unchanged
1068149,5767.0,5773.0,16455.0,5767.0,5773.0,15236.0,unchanged
1068179,39017.0,39013.0,12920.0,,,,no_longer_flagged
1068242,39017.0,39013.0,12920.0,,,,no_longer_flagged
1068243,39018.0,39013.0,12920.0,,,,no_longer_flagged
1068248,22420.0,6818.0,8405.0,22420.0,6818.0,7835.0,unchanged
1068313,384031.0,383573.0,16496.0,384031.0,383573.0,15276.0,unchanged
1068319,364956.0,364955.0,16490.0,364956.0,364955.0,15269.0,unchanged
1068321,19183.0,19179.0,7812.0,19183.0,19179.0,7301.0,unchanged
1068322,19224.0,19220.0,16500.0,,,,no_longer_flagged
1068324,19183.0,19179.0,7812.0,19183.0,19179.0,7301.0,unchanged
1068328,364958.0,364957.0,16501.0,364958.0,364957.0,15281.0,unchanged
1068351,144328.0,144327.0,15749.0,144328.0,144327.0,14567.0,unchanged
1068352,280958.0,280957.0,15836.0,280958.0,280957.0,14651.0,unchanged
1068354,74524.0,5787.0,14187.0,74524.0,5787.0,13189.0,unchanged
1068356,,,,22047.0,5817.0,15120.0,newly_flagged
1068359,22046.0,5817.0,16331.0,22046.0,5817.0,15120.0,unchanged
1068360,22046.0,5817.0,16331.0,22046.0,5817.0,15120.0,unchanged
1068382,22053.0,5834.0,7830.0,22053.0,5834.0,7319.0,unchanged
1068384,22053.0,5834.0,7830.0,22053.0,5834.0,7319.0,unchanged
1068385,199049.0,199048.0,14448.0,,,,no_longer_flagged
1068397,5862.0,5851.0,16520.0,,,,no_longer_flagged
1068424,4237.0,4311.0,3378.0,,,,no_longer_flagged
1068426,22057.0,5834.0,7830.0,22057.0,5834.0,7319.0,unchanged
1068457,,,,125100.0,5697.0,13947.0,newly_flagged
1068460,22012.0,22010.0,16538.0,22012.0,22010.0,15317.0,unchanged
1068469,22056.0,5837.0,14659.0,22056.0,5837.0,13650.0,unchanged
1068470,,,,22056.0,5837.0,13650.0,newly_flagged
1068471,22056.0,5837.0,14659.0,22056.0,5837.0,13650.0,unchanged
1068472,22056.0,5837.0,14659.0,22056.0,5837.0,13650.0,unchanged
1068486,39018.0,39013.0,12920.0,,,,no_longer_flagged
1068488,39018.0,39013.0,12920.0,,,,no_longer_flagged
1068497,39017.0,39013.0,12920.0,,,,no_longer_flagged
1068499,39017.0,39013.0,12920.0,,,,no_longer_flagged
1068538,5862.0,5851.0,16520.0,,,,no_longer_flagged
1068607,5877.0,5873.0,14050.0,5877.0,5873.0,13052.0,unchanged
1068658,119660.0,122861.0,15940.0,119660.0,122861.0,14765.0,unchanged
1068685,79008.0,82531.0,14174.0,79008.0,82531.0,13176.0,unchanged
1068688,79008.0,82531.0,14174.0,79008.0,82531.0,13176.0,unchanged
1068710,,,,5852.0,5849.0,11500.0,newly_flagged
1068714,164490.0,164488.0,16047.0,164490.0,164488.0,14853.0,unchanged
1068715,164490.0,164488.0,16047.0,164490.0,164488.0,14853.0,unchanged
1068728,5886.0,5901.0,16592.0,5886.0,5901.0,12472.0,unchanged
1068816,5801.0,5796.0,4077.0,5801.0,5796.0,3761.0,unchanged
1068869,265919.0,265920.0,16076.0,265919.0,265920.0,14883.0,unchanged
1068872,191684.0,191683.0,16084.0,191684.0,191683.0,14891.0,unchanged
1068901,164798.0,161603.0,16129.0,164798.0,161603.0,14935.0,unchanged
1068902,377291.0,376844.0,16623.0,377291.0,376844.0,15405.0,unchanged
1068949,5887.0,5878.0,16631.0,5887.0,5878.0,15410.0,unchanged
1068951,5887.0,5878.0,16631.0,5887.0,5878.0,15410.0,unchanged
1068952,,,,5885.0,22067.0,12771.0,newly_flagged
1068961,5909.0,5900.0,13756.0,5909.0,5900.0,12767.0,unchanged
1068986,19163.0,19160.0,16635.0,19163.0,19160.0,15413.0,unchanged
1068988,19163.0,19160.0,16635.0,19163.0,19160.0,15413.0,unchanged
1068991,19143.0,19166.0,6887.0,19143.0,19166.0,6462.0,unchanged
1068994,5901.0,5894.0,7815.0,5901.0,5894.0,7304.0,unchanged
1069017,,20540.0,16654.0,,20540.0,15430.0,unchanged
1069023,27310.0,19163.0,16643.0,27310.0,19163.0,15420.0,unchanged
1069025,5901.0,5894.0,7815.0,5901.0,5894.0,7304.0,unchanged
1069040,19229.0,19227.0,16662.0,19229.0,19227.0,15437.0,unchanged
1069145,5853.0,5860.0,14671.0,5853.0,5860.0,13662.0,unchanged
1069186,5838.0,5846.0,14037.0,5838.0,5846.0,13039.0,unchanged
1069195,18303.0,18277.0,16692.0,,,,no_longer_flagged
1069211,5866.0,5858.0,14660.0,5866.0,5858.0,13651.0,unchanged
1069214,5866.0,5858.0,14660.0,5866.0,5858.0,13651.0,unchanged
1069219,5838.0,22054.0,14055.0,5838.0,22054.0,13057.0,unchanged
1069265,19220.0,19204.0,16707.0,19220.0,19204.0,15479.0,unchanged
1069266,19220.0,19204.0,16707.0,19220.0,19204.0,15479.0,unchanged
1069267,19220.0,19204.0,16707.0,19220.0,19204.0,15479.0,unchanged
1069268,19220.0,19204.0,16707.0,19220.0,19204.0,15479.0,unchanged
1069273,19224.0,19220.0,16500.0,,,,no_longer_flagged
1069274,19224.0,19220.0,16500.0,,,,no_longer_flagged
1069275,19224.0,19220.0,16500.0,,,,no_longer_flagged
1069276,,,,19220.0,19224.0,15280.0,newly_flagged
1069302,19183.0,19170.0,16715.0,19183.0,19170.0,15486.0,unchanged
1069310,,,,19220.0,19224.0,15280.0,newly_flagged
1069311,,,,19220.0,19224.0,15280.0,newly_flagged
1069312,,,,19220.0,19224.0,15280.0,newly_flagged
1069313,19183.0,19204.0,16707.0,19183.0,19204.0,15479.0,unchanged
1069314,19183.0,19170.0,16715.0,19183.0,19170.0,15486.0,unchanged
1069315,19183.0,19204.0,16707.0,19183.0,19204.0,15479.0,unchanged
1069316,19183.0,19204.0,16707.0,19183.0,19204.0,15479.0,unchanged
1069367,,,,5885.0,22067.0,12771.0,newly_flagged
1069368,,,,5881.0,22067.0,12771.0,newly_flagged
1069369,,,,5881.0,22067.0,12771.0,newly_flagged
1069419,5909.0,5900.0,13756.0,5909.0,5900.0,12767.0,unchanged
1069477,19232.0,19140.0,16634.0,19232.0,19140.0,15412.0,unchanged
1069481,19232.0,19140.0,16634.0,19232.0,19140.0,15412.0,unchanged
1069482,19232.0,19140.0,16634.0,19232.0,19140.0,15412.0,unchanged
1069483,19232.0,19140.0,16634.0,19232.0,19140.0,15412.0,unchanged
1069500,,,,19234.0,19140.0,15412.0,newly_flagged
1069552,27405.0,27403.0,16766.0,27405.0,27403.0,15538.0,unchanged
1069584,19508.0,27412.0,16726.0,19508.0,27412.0,15498.0,unchanged
1069616,2685.0,2571.0,16795.0,2685.0,2571.0,15567.0,unchanged
1069634,101724.0,101727.0,3859.0,101724.0,101727.0,3548.0,unchanged
1069653,5225.0,5206.0,16804.0,,,,no_longer_flagged
1069654,5225.0,5206.0,16804.0,,,,no_longer_flagged
1069697,5299.0,5271.0,16818.0,5299.0,5271.0,15590.0,unchanged
1069700,5299.0,5271.0,16818.0,5299.0,5271.0,15590.0,unchanged
1069716,,,,305917.0,287036.0,15218.0,newly_flagged
1069737,,,,305917.0,287036.0,15218.0,newly_flagged
1069738,,,,305917.0,287036.0,15218.0,newly_flagged
1069739,,,,305917.0,287036.0,15218.0,newly_flagged
1069740,,,,305917.0,287036.0,15218.0,newly_flagged
1069762,119024.0,119025.0,16832.0,119024.0,119025.0,15604.0,unchanged
1069793,144323.0,144324.0,15636.0,144323.0,144324.0,14476.0,unchanged
1069798,202556.0,144329.0,15755.0,202556.0,144329.0,14573.0,unchanged
1069800,144328.0,144327.0,15749.0,144328.0,144327.0,14567.0,unchanged
1069835,,,,6951.0,7027.0,15621.0,newly_flagged
1069841,19297.0,19303.0,16689.0,19297.0,19303.0,15461.0,unchanged
1069859,19297.0,19282.0,16693.0,19297.0,19282.0,15465.0,unchanged
1069930,19143.0,19107.0,16876.0,19143.0,19107.0,15650.0,unchanged
1069944,19227.0,27310.0,16656.0,19227.0,27310.0,15432.0,unchanged
1069992,19229.0,19227.0,16662.0,19229.0,19227.0,15437.0,unchanged
1069997,264001.0,264002.0,16883.0,264001.0,264002.0,15657.0,unchanged
1070093,19396.0,19367.0,16920.0,,,,no_longer_flagged
1070094,19396.0,19367.0,16920.0,,,,no_longer_flagged
1070106,199042.0,199043.0,16301.0,199042.0,199043.0,15094.0,unchanged
1070146,383902.0,377773.0,15191.0,,,,no_longer_flagged
1070163,,,,5788.0,22034.0,13187.0,newly_flagged
1070185,19111.0,19110.0,16712.0,19111.0,19110.0,15483.0,unchanged
1070230,5225.0,5206.0,16804.0,,,,no_longer_flagged
1070271,5257.0,188801.0,16956.0,5257.0,188801.0,15730.0,unchanged
1070289,39018.0,39013.0,12920.0,,,,no_longer_flagged
1070301,,,,21839.0,21843.0,15737.0,newly_flagged
1070302,,,,21839.0,21843.0,15737.0,newly_flagged
1070304,,,,21839.0,21843.0,15737.0,newly_flagged
1070335,5299.0,5271.0,16818.0,5299.0,5271.0,15590.0,unchanged
1070361,,,,19164.0,19147.0,15740.0,newly_flagged
1070505,5291.0,5303.0,16566.0,5291.0,5303.0,15346.0,unchanged
1070562,339837.0,339836.0,15487.0,339837.0,339836.0,14350.0,unchanged
1070570,,,,25335.0,13155.0,15787.0,newly_flagged
1070583,5325.0,5321.0,17028.0,5325.0,5321.0,15794.0,unchanged
1070588,5325.0,5321.0,17028.0,5325.0,5321.0,15794.0,unchanged
1070609,19519.0,27412.0,16726.0,,,,no_longer_flagged
1070618,5400.0,21852.0,12432.0,5400.0,21852.0,11518.0,unchanged
1070635,27420.0,27412.0,16726.0,27420.0,19519.0,15804.0,recommendation_changed
1070637,27428.0,27412.0,16726.0,27428.0,19554.0,15807.0,recommendation_changed
1070638,27428.0,27412.0,16726.0,27428.0,19554.0,15807.0,recommendation_changed
1070639,27428.0,27412.0,16726.0,27428.0,19554.0,15807.0,recommendation_changed
1070640,27428.0,27412.0,16726.0,27428.0,19554.0,15807.0,recommendation_changed
1070649,27420.0,27412.0,16726.0,27420.0,19519.0,15804.0,recommendation_changed
1070652,27420.0,27412.0,16726.0,27420.0,19519.0,15804.0,recommendation_changed
1070654,19554.0,27412.0,16726.0,,,,no_longer_flagged
1070663,5325.0,5321.0,17041.0,5325.0,5321.0,15808.0,unchanged
1070665,19554.0,27412.0,16726.0,,,,no_longer_flagged
1070714,18749.0,18728.0,16694.0,18749.0,18728.0,15466.0,unchanged
1070799,,,,21839.0,21843.0,15737.0,newly_flagged
1070800,,,,21839.0,21843.0,15737.0,newly_flagged
1070819,22558.0,6967.0,9474.0,22558.0,6967.0,8792.0,unchanged
1070842,5284.0,5265.0,16752.0,5284.0,5265.0,15526.0,unchanged
1070843,5284.0,5265.0,16752.0,5284.0,5265.0,15526.0,unchanged
1070851,5273.0,5253.0,17078.0,5273.0,5253.0,15848.0,unchanged
1070852,5273.0,5253.0,17078.0,5273.0,5253.0,15848.0,unchanged
1070867,9817.0,9785.0,17091.0,9817.0,9785.0,15862.0,unchanged
1070869,14608.0,14574.0,17093.0,14608.0,14574.0,15864.0,unchanged
1070870,17020.0,16987.0,5077.0,17020.0,16987.0,4746.0,unchanged
1070880,383823.0,383824.0,3786.0,383823.0,383824.0,3476.0,unchanged
1070914,,,,25122.0,25119.0,15885.0,newly_flagged
1070931,18790.0,18728.0,16694.0,18790.0,18728.0,15466.0,unchanged
1070989,9715.0,9758.0,17156.0,9715.0,9758.0,15924.0,unchanged
1071022,,,,5881.0,22067.0,12771.0,newly_flagged
1071056,20756.0,20735.0,17193.0,20756.0,20735.0,15960.0,unchanged
1071074,21720.0,4962.0,17205.0,21720.0,4962.0,15971.0,unchanged
1071148,,,,8388.0,8371.0,16013.0,newly_flagged
1071155,5070.0,18587.0,17256.0,5070.0,18587.0,16019.0,unchanged
1071164,339837.0,339836.0,15487.0,339837.0,339836.0,14350.0,unchanged
1071166,,,,19006.0,5169.0,16024.0,newly_flagged
1071168,,,,19006.0,5169.0,16024.0,newly_flagged
1071231,27374.0,27382.0,17272.0,27374.0,27382.0,16034.0,unchanged
1071268,21819.0,21815.0,16893.0,,,,no_longer_flagged
1071277,,,,18843.0,18728.0,15466.0,newly_flagged
1071383,19292.0,19272.0,17315.0,19292.0,19272.0,16080.0,unchanged
1071427,5299.0,5271.0,16818.0,5299.0,5271.0,15590.0,unchanged
1071453,19228.0,19172.0,16807.0,19228.0,19172.0,15579.0,unchanged
1071477,19228.0,19172.0,16807.0,19228.0,19172.0,15579.0,unchanged
1071479,19228.0,19172.0,16807.0,19228.0,19172.0,15579.0,unchanged
1071480,19228.0,19172.0,16807.0,19228.0,19172.0,15579.0,unchanged
1071504,5230.0,19204.0,16707.0,5230.0,19204.0,15479.0,unchanged
1071561,5273.0,5253.0,17078.0,5273.0,5253.0,15848.0,unchanged
1071564,5273.0,5253.0,17078.0,5273.0,5253.0,15848.0,unchanged
1071625,5284.0,5265.0,16752.0,5284.0,5265.0,15526.0,unchanged
1071720,5169.0,19006.0,17261.0,,,,no_longer_flagged
1071738,5225.0,5206.0,16804.0,,,,no_longer_flagged
1071838,144328.0,144327.0,15749.0,144328.0,144327.0,14567.0,unchanged
1072082,,,,15207.0,15201.0,16170.0,newly_flagged
1072087,299196.0,299195.0,17410.0,299196.0,299195.0,16173.0,unchanged
1072091,365405.0,365403.0,612.0,365405.0,365412.0,555.0,recommendation_changed
1072092,13516.0,126394.0,17414.0,13516.0,126394.0,16177.0,unchanged
1072122,22057.0,5855.0,17424.0,22057.0,5855.0,16186.0,unchanged
1072125,21865.0,5447.0,17426.0,21865.0,5447.0,16188.0,unchanged
1072151,27417.0,27424.0,12725.0,,,,no_longer_flagged
1072167,189440.0,172492.0,13598.0,189440.0,172492.0,12605.0,unchanged
1072178,12443.0,12359.0,12718.0,12443.0,12359.0,11797.0,unchanged
1072192,,,,376978.0,376976.0,3774.0,newly_flagged
1072241,375963.0,375294.0,8570.0,375963.0,375296.0,3944.0,recommendation_changed
1072279,23041.0,23077.0,1532.0,23041.0,23077.0,1408.0,unchanged
1072315,21557.0,4402.0,17474.0,21557.0,4402.0,16234.0,unchanged
1072319,364860.0,429979.0,17477.0,364860.0,429979.0,16237.0,unchanged
1072329,26143.0,15663.0,4313.0,26143.0,15664.0,3996.0,recommendation_changed
1072334,370397.0,370395.0,13771.0,370397.0,370395.0,12784.0,unchanged
1072360,7726.0,22857.0,8088.0,,,,no_longer_flagged
1072417,140162.0,16737.0,17521.0,140162.0,16737.0,16282.0,unchanged
1072439,364795.0,22667.0,4078.0,364795.0,22667.0,3762.0,unchanged
1072440,375943.0,3208.0,17538.0,375943.0,3208.0,16299.0,unchanged
1072451,132141.0,132140.0,1665.0,132141.0,132140.0,1545.0,unchanged
1072452,5216.0,19204.0,16707.0,5216.0,19204.0,15479.0,unchanged
1072457,343515.0,55963.0,17540.0,343515.0,55963.0,16301.0,unchanged
1072461,343147.0,1479.0,17541.0,343147.0,1479.0,16302.0,unchanged
1072472,,,,219849.0,219850.0,12184.0,newly_flagged
1072487,,,,219839.0,219850.0,12184.0,newly_flagged
1072489,219841.0,219839.0,13102.0,219841.0,219850.0,12184.0,recommendation_changed
1072493,,,,207038.0,233282.0,3528.0,newly_flagged
1072494,229762.0,229767.0,17553.0,229762.0,229767.0,16312.0,unchanged
1072499,,,,207038.0,233282.0,3528.0,newly_flagged
1072500,233595.0,229767.0,17553.0,,,,no_longer_flagged
1072501,233595.0,229767.0,17553.0,,,,no_longer_flagged
1072502,,,,207038.0,233282.0,3528.0,newly_flagged
1072536,249923.0,249925.0,13141.0,249923.0,248002.0,12190.0,recommendation_changed
1072538,249923.0,249925.0,13141.0,249923.0,248002.0,12190.0,recommendation_changed
1072543,,,,219849.0,219850.0,12184.0,newly_flagged
1072544,,,,219849.0,219850.0,12184.0,newly_flagged
1072545,,,,219849.0,219850.0,12184.0,newly_flagged
1072572,248001.0,233596.0,13107.0,248001.0,233596.0,12189.0,unchanged
1072573,248001.0,233596.0,13107.0,248001.0,233596.0,12189.0,unchanged
1072574,248001.0,233596.0,13107.0,248001.0,233596.0,12189.0,unchanged
1072581,149117.0,149116.0,17566.0,149117.0,149116.0,16326.0,unchanged
1072592,13665.0,13644.0,17574.0,13665.0,13657.0,16334.0,recommendation_changed
1072617,248002.0,250558.0,13086.0,,,,no_longer_flagged
1072626,,,,257924.0,257278.0,12228.0,newly_flagged
1072627,,,,257924.0,257278.0,12228.0,newly_flagged
1072632,235848.0,235843.0,17599.0,235848.0,235843.0,16359.0,unchanged
1072638,235848.0,235843.0,17599.0,235848.0,235843.0,16359.0,unchanged
1072640,235848.0,235843.0,17599.0,235848.0,235843.0,16359.0,unchanged
1072641,235848.0,235843.0,17599.0,235848.0,235843.0,16359.0,unchanged
1072646,229764.0,233282.0,3838.0,229764.0,233282.0,3528.0,unchanged
1072647,233283.0,233282.0,3838.0,233283.0,233282.0,3528.0,unchanged
1072648,229762.0,229767.0,17553.0,229762.0,229767.0,16312.0,unchanged
1072649,229764.0,233282.0,3838.0,229764.0,233282.0,3528.0,unchanged
1072659,248001.0,233596.0,13107.0,248001.0,233596.0,12189.0,unchanged
1072686,248001.0,233596.0,13107.0,248001.0,233596.0,12189.0,unchanged
1072687,248001.0,233596.0,13107.0,248001.0,233596.0,12189.0,unchanged
1072689,248001.0,233596.0,13107.0,248001.0,233596.0,12189.0,unchanged
1072690,,,,219849.0,219850.0,12184.0,newly_flagged
1072692,,,,219849.0,219850.0,12184.0,newly_flagged
1072693,,,,257924.0,257278.0,12228.0,newly_flagged
1072703,,,,219839.0,219850.0,12184.0,newly_flagged
1072704,219841.0,219839.0,13102.0,219841.0,219850.0,12184.0,recommendation_changed
1072705,,,,219849.0,219850.0,12184.0,newly_flagged
1072734,229762.0,229767.0,17553.0,229762.0,229767.0,16312.0,unchanged
1072736,,,,207038.0,233282.0,3528.0,newly_flagged
1072774,233595.0,229767.0,17553.0,,,,no_longer_flagged
1072775,,,,207038.0,233282.0,3528.0,newly_flagged
1072776,233595.0,229767.0,17553.0,,,,no_longer_flagged
1072777,,,,207038.0,233282.0,3528.0,newly_flagged
1072807,396191.0,13293.0,17628.0,396191.0,13293.0,16389.0,unchanged
1072813,124459.0,4220.0,17634.0,,,,no_longer_flagged
1072820,216321.0,219839.0,13102.0,216321.0,219850.0,12184.0,recommendation_changed
1072825,219846.0,219843.0,17639.0,219846.0,219845.0,16276.0,recommendation_changed
1072826,,,,219842.0,219850.0,12184.0,newly_flagged
1072827,,,,219843.0,219850.0,12184.0,newly_flagged
1072828,219846.0,219843.0,17639.0,219846.0,219845.0,16276.0,recommendation_changed
1072829,219844.0,219842.0,13101.0,219844.0,219850.0,12184.0,recommendation_changed
1072831,219844.0,219843.0,17639.0,219844.0,219850.0,12184.0,recommendation_changed
1072839,207036.0,207035.0,13111.0,207036.0,207035.0,12194.0,unchanged
1072840,207036.0,207035.0,13111.0,207036.0,207035.0,12194.0,unchanged
1072866,216320.0,219839.0,13102.0,216320.0,219850.0,12184.0,recommendation_changed
1072867,216320.0,219839.0,13102.0,216320.0,219850.0,12184.0,recommendation_changed
1072868,216320.0,219839.0,13102.0,216320.0,219850.0,12184.0,recommendation_changed
1072881,216330.0,216318.0,13136.0,216330.0,216318.0,12222.0,unchanged
1072882,216330.0,216318.0,13136.0,216330.0,216318.0,12222.0,unchanged
1072883,216330.0,216318.0,13136.0,216330.0,216318.0,12222.0,unchanged
1072884,216330.0,216318.0,13136.0,216330.0,216318.0,12222.0,unchanged
1072891,216317.0,219839.0,13102.0,216317.0,219850.0,12184.0,recommendation_changed
1072893,248956.0,250558.0,13086.0,248956.0,250558.0,12170.0,unchanged
1072895,248956.0,250558.0,13086.0,248956.0,250558.0,12170.0,unchanged
1072903,235849.0,235843.0,17599.0,235849.0,235843.0,16359.0,unchanged
1072904,235844.0,235841.0,17512.0,235844.0,235841.0,16273.0,unchanged
1072913,91809.0,16158.0,17649.0,91809.0,16158.0,16409.0,unchanged
1072926,259527.0,149118.0,17661.0,259527.0,149118.0,16421.0,unchanged
1072930,25444.0,13531.0,17665.0,,,,no_longer_flagged
1072934,216955.0,219839.0,13102.0,216955.0,219850.0,12184.0,recommendation_changed
1072948,19552.0,19561.0,17681.0,19552.0,19561.0,16440.0,unchanged
1072952,242235.0,2851.0,17684.0,242235.0,2851.0,16443.0,unchanged
1072956,14616.0,14499.0,5321.0,14616.0,14499.0,4997.0,unchanged
1072965,26467.0,26447.0,17692.0,26467.0,16464.0,16452.0,recommendation_changed
1072971,216955.0,219839.0,13102.0,216955.0,219850.0,12184.0,recommendation_changed
1072973,216955.0,219839.0,13102.0,216955.0,219850.0,12184.0,recommendation_changed
1072974,216955.0,219839.0,13102.0,216955.0,219850.0,12184.0,recommendation_changed
1072987,248956.0,250558.0,13086.0,248956.0,250558.0,12170.0,unchanged
1072989,248956.0,250558.0,13086.0,248956.0,250558.0,12170.0,unchanged
1072996,15083.0,26024.0,17698.0,,,,no_longer_flagged
1072998,15076.0,26024.0,17698.0,15076.0,15083.0,16459.0,recommendation_changed
1073016,15814.0,47336.0,17712.0,,,,no_longer_flagged
1073019,370354.0,282566.0,17715.0,370354.0,282566.0,16475.0,unchanged
1073024,376109.0,364940.0,17717.0,376109.0,330875.0,16446.0,recommendation_changed
1073048,13565.0,13531.0,17665.0,,,,no_longer_flagged
1073053,,,,14616.0,14499.0,4997.0,newly_flagged
1073054,14616.0,14499.0,5321.0,14616.0,14499.0,4997.0,unchanged
1073078,19623.0,19628.0,17751.0,19623.0,19628.0,16511.0,unchanged
1073083,233284.0,233282.0,3838.0,233284.0,233282.0,3528.0,unchanged
1073084,233284.0,233282.0,3838.0,233284.0,233282.0,3528.0,unchanged
1073085,233284.0,233282.0,3838.0,233284.0,233282.0,3528.0,unchanged
1073086,233284.0,233282.0,3838.0,233284.0,233282.0,3528.0,unchanged
1073095,216319.0,219839.0,13102.0,216319.0,219850.0,12184.0,recommendation_changed
1073097,216319.0,219839.0,13102.0,216319.0,219850.0,12184.0,recommendation_changed
1073098,216319.0,219839.0,13102.0,216319.0,219850.0,12184.0,recommendation_changed
1073100,216957.0,216958.0,17757.0,,,,no_longer_flagged
1073112,254716.0,254717.0,17549.0,254716.0,254717.0,16309.0,unchanged
1073124,216329.0,216958.0,17757.0,216329.0,216958.0,16517.0,unchanged
1073127,219846.0,219843.0,17639.0,219846.0,219845.0,16276.0,recommendation_changed
1073128,,,,219843.0,219850.0,12184.0,newly_flagged
1073129,,,,219842.0,219850.0,12184.0,newly_flagged
1073130,219846.0,219843.0,17639.0,219846.0,219845.0,16276.0,recommendation_changed
1073135,233283.0,233282.0,3838.0,233283.0,233282.0,3528.0,unchanged
1073137,233283.0,233282.0,3838.0,233283.0,233282.0,3528.0,unchanged
1073138,233283.0,233282.0,3838.0,233283.0,233282.0,3528.0,unchanged
1073159,216330.0,216318.0,13136.0,216330.0,216318.0,12222.0,unchanged
1073160,216330.0,216318.0,13136.0,216330.0,216318.0,12222.0,unchanged
1073161,216330.0,216318.0,13136.0,216330.0,216318.0,12222.0,unchanged
1073162,216330.0,216318.0,13136.0,216330.0,216318.0,12222.0,unchanged
1073171,,,,216956.0,219850.0,12184.0,newly_flagged
1073172,,,,216956.0,219850.0,12184.0,newly_flagged
1073173,,,,216956.0,219850.0,12184.0,newly_flagged
1073174,,,,216956.0,219850.0,12184.0,newly_flagged
1073199,,,,16091.0,16075.0,16524.0,newly_flagged
1073245,14103.0,14087.0,17509.0,14103.0,14087.0,16270.0,unchanged
1073248,349965.0,332797.0,17805.0,349965.0,332797.0,16564.0,unchanged
1073259,6501.0,6451.0,17813.0,6501.0,6451.0,16574.0,unchanged
1073264,,,,192328.0,183039.0,3664.0,newly_flagged
1073278,343755.0,20713.0,12895.0,343755.0,20713.0,11977.0,unchanged
1073282,9366.0,9471.0,4042.0,9366.0,9471.0,3727.0,unchanged
1073294,370357.0,282566.0,17715.0,370357.0,282566.0,16475.0,unchanged
1073320,,,,343212.0,343213.0,6912.0,newly_flagged
1073326,216329.0,216958.0,17757.0,216329.0,216958.0,16517.0,unchanged
1073329,,,,25802.0,14506.0,16589.0,newly_flagged
1073342,370319.0,2497.0,17831.0,370319.0,2497.0,16592.0,unchanged
1073369,,,,26447.0,16464.0,16452.0,newly_flagged
1073371,14798.0,14870.0,17842.0,14798.0,14870.0,16603.0,unchanged
1073388,,,,15585.0,15527.0,16615.0,newly_flagged
1073398,201916.0,384479.0,3511.0,201916.0,384479.0,3203.0,unchanged
1073407,,,,69412.0,139850.0,2609.0,newly_flagged
1073468,,,,57568.0,350097.0,12041.0,newly_flagged
1073470,7657.0,7600.0,9995.0,7657.0,7600.0,9258.0,unchanged
1073478,26509.0,26502.0,12720.0,26509.0,26502.0,11799.0,unchanged
1073490,8972.0,9118.0,3958.0,8972.0,9118.0,3643.0,unchanged
1073508,265282.0,265281.0,12989.0,265282.0,265281.0,12074.0,unchanged
1073537,6970.0,6987.0,7661.0,6970.0,6987.0,7153.0,unchanged
1073538,24877.0,24922.0,1117.0,24877.0,24922.0,1009.0,unchanged
1073546,,,,13920.0,13846.0,16702.0,newly_flagged
1073559,21816.0,19377.0,17953.0,21816.0,19377.0,16710.0,unchanged
1073576,383515.0,383516.0,17966.0,,,,no_longer_flagged
1073586,4009.0,3989.0,17971.0,4009.0,3989.0,16729.0,unchanged
1073588,21523.0,3904.0,17973.0,21523.0,3904.0,16731.0,unchanged
1073589,21494.0,3896.0,17974.0,,,,no_longer_flagged
1073590,9342.0,9383.0,17975.0,9342.0,9383.0,16733.0,unchanged
1073591,3508.0,3476.0,3908.0,3508.0,384765.0,5.0,recommendation_changed
1073592,21494.0,3896.0,17974.0,,,,no_longer_flagged
1073608,,,,375294.0,375296.0,3944.0,newly_flagged
1073617,6916.0,6921.0,17992.0,6916.0,6921.0,16751.0,unchanged
1073632,207356.0,21406.0,18005.0,207356.0,21406.0,16764.0,unchanged
1073638,19778.0,19780.0,18009.0,19778.0,167.0,16768.0,recommendation_changed
1073639,,,,7446.0,208.0,16769.0,newly_flagged
1073642,,,,6924.0,6891.0,16772.0,newly_flagged
1073651,265281.0,265283.0,18021.0,265281.0,265283.0,16780.0,unchanged
1073653,536045.0,391292.0,3196.0,536045.0,391292.0,2920.0,unchanged
1073676,66221.0,8128.0,18033.0,66221.0,8128.0,16792.0,unchanged
1073677,,,,22591.0,7064.0,16793.0,newly_flagged
1073678,241595.0,238715.0,18035.0,241595.0,234237.0,16794.0,recommendation_changed
1073695,375935.0,5978.0,18049.0,375935.0,5978.0,16808.0,unchanged
1073716,1019.0,1018.0,4704.0,1019.0,1018.0,4378.0,unchanged
1073733,8743.0,8738.0,18070.0,8743.0,8738.0,16829.0,unchanged
1073737,383515.0,383516.0,17966.0,,,,no_longer_flagged
1073759,370339.0,370341.0,14916.0,370339.0,370341.0,13901.0,unchanged
1073771,278410.0,272007.0,4168.0,278410.0,278717.0,3852.0,recommendation_changed
1073775,,,,23348.0,8700.0,8527.0,newly_flagged
1073803,3515.0,21356.0,18110.0,3515.0,21356.0,16869.0,unchanged
1073862,23822.0,23799.0,18134.0,23822.0,23799.0,16895.0,unchanged
1073864,,23032.0,18135.0,,23032.0,16896.0,unchanged
1073869,3102.0,3101.0,1115.0,3102.0,3101.0,1007.0,unchanged
1073871,3102.0,3101.0,1115.0,3102.0,3101.0,1007.0,unchanged
1073872,370398.0,370397.0,3611.0,370398.0,370397.0,3303.0,unchanged
1073887,179198.0,179197.0,13616.0,179198.0,179197.0,12624.0,unchanged
1073971,5449.0,181767.0,4220.0,5449.0,181767.0,3904.0,unchanged
1074015,,,,25282.0,13534.0,16955.0,newly_flagged
1074016,13103.0,13175.0,18198.0,13103.0,13175.0,16956.0,unchanged
1074019,,,,2843.0,2901.0,16959.0,newly_flagged
1074020,,,,230715.0,3237.0,3615.0,newly_flagged
1074030,2908.0,2932.0,5020.0,2908.0,21052.0,4690.0,recommendation_changed
1074032,21085.0,21135.0,18209.0,,,,no_longer_flagged
1074036,3335.0,3380.0,18212.0,3335.0,3380.0,16968.0,unchanged
1074042,349711.0,349710.0,12419.0,349711.0,349710.0,11506.0,unchanged
1074063,286088.0,343405.0,4282.0,286088.0,310078.0,10807.0,recommendation_changed
1074072,,,,18515.0,18596.0,11871.0,newly_flagged
1074108,,,,21919.0,21914.0,1797.0,newly_flagged
1074133,20366.0,20415.0,17784.0,20366.0,20415.0,16542.0,unchanged
1074179,359665.0,359664.0,18290.0,359665.0,359664.0,17043.0,unchanged
1074203,375941.0,5939.0,18301.0,375941.0,5939.0,17052.0,unchanged
1074213,6263.0,6238.0,18307.0,,,,no_longer_flagged
1074252,364616.0,364605.0,3950.0,,,,no_longer_flagged
1074256,384814.0,389929.0,4713.0,,,,no_longer_flagged
1074267,375820.0,22163.0,18337.0,375820.0,22163.0,17086.0,unchanged
1074269,69725.0,58206.0,18339.0,69725.0,58206.0,17088.0,unchanged
1074302,6771.0,6742.0,10474.0,6771.0,6742.0,9671.0,unchanged
1074308,7698.0,22893.0,8588.0,7698.0,22893.0,7999.0,unchanged
1074774,,,,,1504.0,17114.0,newly_flagged
1074775,25510.0,13671.0,5132.0,25510.0,13671.0,4801.0,unchanged
1074787,139195.0,123822.0,16214.0,139195.0,123822.0,15006.0,unchanged
1074789,13969.0,14055.0,18378.0,13969.0,14055.0,17125.0,unchanged
1074805,,4623.0,18386.0,,4623.0,17132.0,unchanged
1074807,264003.0,264004.0,16896.0,264003.0,264004.0,15671.0,unchanged
1074846,5313.0,5321.0,17028.0,5313.0,5321.0,15794.0,unchanged
1074847,5313.0,5321.0,17028.0,5313.0,5321.0,15794.0,unchanged
1074956,5325.0,5321.0,17041.0,5325.0,5321.0,15808.0,unchanged
1074965,21819.0,21815.0,16893.0,,,,no_longer_flagged
1074989,21830.0,21815.0,16893.0,21830.0,21819.0,16050.0,recommendation_changed
1074990,21830.0,21815.0,16893.0,21830.0,21819.0,16050.0,recommendation_changed
1074991,21819.0,21815.0,16893.0,,,,no_longer_flagged
1074998,,,,133.0,165.0,13584.0,newly_flagged
1075071,,,,27424.0,27417.0,11804.0,newly_flagged
1075090,,,,27424.0,27417.0,11804.0,newly_flagged
1075104,294400.0,294399.0,18233.0,294400.0,294399.0,16988.0,unchanged
1075156,27407.0,27411.0,18448.0,27407.0,27411.0,17191.0,unchanged
1075194,35494.0,35492.0,18463.0,35494.0,35492.0,17207.0,unchanged
1075217,35493.0,35490.0,17297.0,35493.0,35490.0,16060.0,unchanged
1075309,5334.0,21812.0,18489.0,5334.0,21812.0,17236.0,unchanged
1075313,5334.0,21812.0,18489.0,5334.0,21812.0,17236.0,unchanged
1075348,5334.0,21812.0,18489.0,5334.0,21812.0,17236.0,unchanged
1075352,5334.0,21812.0,18489.0,5334.0,21812.0,17236.0,unchanged
1075353,5334.0,21812.0,18489.0,5334.0,21812.0,17236.0,unchanged
1075443,276156.0,262407.0,17063.0,276156.0,262407.0,15831.0,unchanged
1075477,19396.0,19367.0,16920.0,,,,no_longer_flagged
1075695,536238.0,3512.0,17706.0,536238.0,3512.0,16466.0,unchanged
1075728,19159.0,19160.0,16635.0,19159.0,19160.0,15413.0,unchanged
1075731,27404.0,27413.0,18596.0,27404.0,27413.0,17344.0,unchanged
1075750,27361.0,27352.0,18603.0,27361.0,27352.0,17351.0,unchanged
1075751,11460.0,11438.0,18604.0,11460.0,11418.0,17352.0,recommendation_changed
1075756,5223.0,5227.0,18605.0,5223.0,5227.0,17353.0,unchanged
1075835,11357.0,11338.0,18622.0,11357.0,11338.0,17369.0,unchanged
1075904,19508.0,27412.0,16726.0,19508.0,27412.0,15498.0,unchanged
1075905,19508.0,27412.0,16726.0,19508.0,27412.0,15498.0,unchanged
1075906,19508.0,27412.0,16726.0,19508.0,27412.0,15498.0,unchanged
1075914,273278.0,282235.0,18635.0,273278.0,282235.0,17381.0,unchanged
1076007,,,,18843.0,18728.0,15466.0,newly_flagged
1076020,,,,18843.0,18728.0,15466.0,newly_flagged
1076021,,,,18843.0,18728.0,15466.0,newly_flagged
1076022,18843.0,18858.0,17058.0,18843.0,18858.0,15825.0,unchanged
1076023,,,,18843.0,18728.0,15466.0,newly_flagged
1076101,,,,27414.0,27408.0,15400.0,newly_flagged
1076171,243205.0,179527.0,18688.0,243205.0,179527.0,17432.0,unchanged
1076187,243205.0,179527.0,18688.0,243205.0,179527.0,17432.0,unchanged
1076213,473213.0,449264.0,4360.0,473213.0,473209.0,10486.0,recommendation_changed
1076244,19352.0,19323.0,18707.0,19352.0,19323.0,17446.0,unchanged
1076245,19352.0,19323.0,18707.0,19352.0,19323.0,17446.0,unchanged
1076246,19352.0,19323.0,18707.0,19352.0,19323.0,17446.0,unchanged
1076271,19352.0,19323.0,18707.0,19352.0,19323.0,17446.0,unchanged
1076290,18790.0,18728.0,16694.0,18790.0,18728.0,15466.0,unchanged
1076291,18790.0,18728.0,16694.0,18790.0,18728.0,15466.0,unchanged
1076464,19231.0,19225.0,17334.0,19231.0,19225.0,16097.0,unchanged
1076466,19208.0,19225.0,17334.0,19208.0,19225.0,16097.0,unchanged
1076584,5223.0,5227.0,18605.0,5223.0,5227.0,17353.0,unchanged
1076620,19234.0,19235.0,18797.0,19234.0,19235.0,17535.0,unchanged
1076621,,,,19234.0,19140.0,15412.0,newly_flagged
1076623,,,,19234.0,19140.0,15412.0,newly_flagged
1076628,284155.0,282241.0,18798.0,284155.0,282241.0,17536.0,unchanged
1076678,284157.0,284155.0,18799.0,284157.0,284155.0,17537.0,unchanged
1076729,5223.0,5227.0,18605.0,5223.0,5227.0,17353.0,unchanged
1076736,27267.0,19059.0,17337.0,27267.0,19059.0,16100.0,unchanged
1076755,18871.0,18981.0,5093.0,18871.0,18981.0,4762.0,unchanged
1076760,145602.0,130227.0,18827.0,145602.0,130227.0,17561.0,unchanged
1076772,5243.0,375227.0,18601.0,5243.0,375227.0,17349.0,unchanged
1076785,27267.0,19059.0,17337.0,27267.0,19059.0,16100.0,unchanged
1076786,27267.0,19059.0,17337.0,27267.0,19059.0,16100.0,unchanged
1076810,18871.0,18981.0,5093.0,18871.0,18981.0,4762.0,unchanged
1076845,17616.0,17601.0,18851.0,17616.0,17601.0,17584.0,unchanged
1076876,17616.0,17601.0,18851.0,17616.0,17601.0,17584.0,unchanged
1077017,27405.0,27403.0,16766.0,27405.0,27403.0,15538.0,unchanged
1077076,27405.0,27403.0,16766.0,27405.0,27403.0,15538.0,unchanged
1077093,19547.0,27431.0,18450.0,19547.0,27431.0,17193.0,unchanged
1077230,26130.0,21369.0,18936.0,26130.0,21369.0,17668.0,unchanged
1077280,31364.0,27295.0,18935.0,31364.0,27295.0,17667.0,unchanged
1077335,284158.0,284157.0,18670.0,284158.0,284157.0,17415.0,unchanged
1077372,19250.0,19276.0,18730.0,19250.0,19276.0,17468.0,unchanged
1077408,18741.0,18814.0,18982.0,18741.0,18814.0,17710.0,unchanged
1077409,18741.0,18814.0,18982.0,18741.0,18814.0,17710.0,unchanged
1077410,18741.0,18814.0,18982.0,18741.0,18814.0,17710.0,unchanged
1077411,18741.0,18814.0,18982.0,18741.0,18814.0,17710.0,unchanged
1077429,5243.0,375227.0,18601.0,5243.0,375227.0,17349.0,unchanged
1077500,18273.0,27119.0,18999.0,18273.0,27119.0,17725.0,unchanged
1077506,19352.0,19323.0,18707.0,19352.0,19323.0,17446.0,unchanged
1077522,21860.0,21857.0,16394.0,21860.0,21857.0,15184.0,unchanged
1077548,19172.0,19181.0,17330.0,19172.0,19181.0,16093.0,unchanged
1077597,19304.0,19305.0,18890.0,19304.0,19305.0,17620.0,unchanged
1077622,18974.0,19010.0,16399.0,18974.0,19010.0,15183.0,unchanged
1077700,19153.0,19208.0,18760.0,19153.0,19208.0,17499.0,unchanged
1077701,19153.0,19208.0,18760.0,19153.0,19208.0,17499.0,unchanged
1077702,19153.0,19208.0,18760.0,19153.0,19208.0,17499.0,unchanged
1077739,19283.0,19275.0,18814.0,19283.0,19275.0,17549.0,unchanged
1077745,19153.0,19117.0,16273.0,19153.0,19117.0,15062.0,unchanged
1077785,18871.0,18981.0,5093.0,18871.0,18981.0,4762.0,unchanged
1077829,18871.0,18981.0,5093.0,18871.0,18981.0,4762.0,unchanged
1077910,19250.0,27304.0,12707.0,19250.0,27304.0,11786.0,unchanged
1077938,145609.0,145917.0,19091.0,145609.0,145917.0,17815.0,unchanged
1077951,129905.0,129908.0,19085.0,129905.0,129908.0,17809.0,unchanged
1077972,19294.0,19289.0,18939.0,19294.0,19289.0,17671.0,unchanged
1078092,27043.0,27054.0,19116.0,27043.0,27054.0,17839.0,unchanged
1078103,145605.0,145606.0,19128.0,145605.0,145606.0,17846.0,unchanged
1078230,18487.0,18587.0,17256.0,,,,no_longer_flagged
1078243,18038.0,18081.0,19149.0,18038.0,18081.0,17866.0,unchanged
1078423,,10123.0,19185.0,,10078.0,17903.0,recommendation_changed
1078466,19311.0,19292.0,16848.0,19311.0,19292.0,15620.0,unchanged
1078498,19396.0,19367.0,16920.0,,,,no_longer_flagged
1078530,18741.0,18814.0,18982.0,18741.0,18814.0,17710.0,unchanged
1078583,18782.0,18732.0,19223.0,18782.0,18732.0,17934.0,unchanged
1078594,18599.0,18587.0,17256.0,18599.0,18587.0,16019.0,unchanged
1078628,18565.0,18623.0,19216.0,18565.0,18623.0,17928.0,unchanged
1078629,,,,18565.0,18623.0,17928.0,newly_flagged
1078675,18292.0,18283.0,19253.0,18292.0,18283.0,17957.0,unchanged
1078685,,,,19234.0,19140.0,15412.0,newly_flagged
1078700,19160.0,19163.0,16643.0,19160.0,19163.0,15420.0,unchanged
1078709,19554.0,27412.0,16726.0,,,,no_longer_flagged
1078710,19554.0,27412.0,16726.0,,,,no_longer_flagged
1078711,19554.0,27412.0,16726.0,,,,no_longer_flagged
1078946,279676.0,279367.0,19343.0,,,,no_longer_flagged
1078964,,,,18942.0,5109.0,18014.0,newly_flagged
1078988,279676.0,279367.0,19343.0,,,,no_longer_flagged
1078989,279676.0,279367.0,19343.0,,,,no_longer_flagged
1078990,279676.0,279367.0,19343.0,,,,no_longer_flagged
1078991,279676.0,279367.0,19343.0,,,,no_longer_flagged
1079025,279676.0,279367.0,19343.0,,,,no_longer_flagged
1079026,279676.0,279367.0,19343.0,,,,no_longer_flagged
1079027,279676.0,279367.0,19343.0,,,,no_longer_flagged
1079059,18790.0,18728.0,16694.0,18790.0,18728.0,15466.0,unchanged
1079081,18790.0,18728.0,16694.0,18790.0,18728.0,15466.0,unchanged
1079095,5431.0,5428.0,17026.0,5431.0,5428.0,15793.0,unchanged
1079122,18742.0,18766.0,18647.0,18742.0,18766.0,17393.0,unchanged
1079158,129906.0,129905.0,19072.0,129906.0,129905.0,17798.0,unchanged
1079179,434683.0,434688.0,340.0,434683.0,434687.0,11608.0,recommendation_changed
1079188,129906.0,129905.0,19072.0,129906.0,129905.0,17798.0,unchanged
1079191,129906.0,129905.0,19072.0,129906.0,129905.0,17798.0,unchanged
1079224,378177.0,378176.0,19232.0,378177.0,378176.0,17942.0,unchanged
1079287,,,,13640.0,13616.0,18087.0,newly_flagged
1079304,15962.0,26260.0,19463.0,15962.0,26260.0,18091.0,unchanged
1079323,27043.0,17979.0,19472.0,27043.0,17979.0,18099.0,unchanged
1079334,16151.0,16123.0,14750.0,16151.0,16123.0,13745.0,unchanged
1079455,5225.0,5206.0,16804.0,,,,no_longer_flagged
1079458,35167.0,35164.0,19512.0,,,,no_longer_flagged
1079485,16569.0,16559.0,19522.0,16569.0,16559.0,18137.0,unchanged
1079501,95978.0,35166.0,19533.0,95978.0,35166.0,18145.0,unchanged
1079674,17884.0,26879.0,19581.0,17884.0,26922.0,18173.0,recommendation_changed
1079705,18599.0,18587.0,17256.0,18599.0,18587.0,16019.0,unchanged
1079712,,,,17287.0,17317.0,18185.0,newly_flagged
1079761,19250.0,27304.0,12707.0,19250.0,27304.0,11786.0,unchanged
1079792,18487.0,18587.0,17256.0,,,,no_longer_flagged
1079797,26310.0,26311.0,14341.0,26310.0,26311.0,13341.0,unchanged
1079832,26327.0,26329.0,19626.0,26327.0,26329.0,18213.0,unchanged
1079834,26325.0,26327.0,19631.0,26325.0,26327.0,18215.0,unchanged
1079837,26310.0,16066.0,19621.0,26310.0,16066.0,18210.0,unchanged
1079881,26321.0,26325.0,17218.0,26321.0,26325.0,15983.0,unchanged
1079891,26311.0,26310.0,17847.0,26311.0,26310.0,16608.0,unchanged
1079947,19519.0,27412.0,16726.0,,,,no_longer_flagged
1079972,18790.0,18728.0,16694.0,18790.0,18728.0,15466.0,unchanged
1080041,279680.0,26274.0,7873.0,279680.0,26274.0,7362.0,unchanged
1080054,15405.0,15371.0,19684.0,15405.0,15426.0,18260.0,recommendation_changed
1080063,27176.0,18525.0,19690.0,27176.0,18525.0,18266.0,unchanged
1080088,279676.0,279367.0,19343.0,,,,no_longer_flagged
1080091,279676.0,279367.0,19343.0,,,,no_longer_flagged
1080154,15897.0,15893.0,1168.0,15897.0,15893.0,1058.0,unchanged
1080217,19183.0,19204.0,16707.0,19183.0,19204.0,15479.0,unchanged
1080220,35164.0,35163.0,19747.0,,,,no_longer_flagged
1080225,95968.0,95969.0,19749.0,95968.0,95969.0,18310.0,unchanged
1080677,16262.0,16268.0,2397.0,,,,no_longer_flagged
1080697,14059.0,14229.0,19899.0,14059.0,14229.0,18428.0,unchanged
1080708,16191.0,16160.0,19900.0,16191.0,16160.0,18429.0,unchanged
1080713,19801.0,279.0,416.0,19801.0,279.0,387.0,unchanged
1080747,16517.0,16410.0,19911.0,16517.0,26449.0,18441.0,recommendation_changed
1080758,35164.0,95971.0,19746.0,35164.0,95971.0,18305.0,unchanged
1080765,3635.0,3682.0,19914.0,3635.0,3682.0,18444.0,unchanged
1080778,8111.0,8098.0,19918.0,,,,no_longer_flagged
1080781,,,,15663.0,15664.0,3996.0,newly_flagged
1080813,21333.0,21330.0,19931.0,21333.0,21330.0,18458.0,unchanged
1080848,14098.0,14104.0,19741.0,,,,no_longer_flagged
1080908,13900.0,13907.0,19959.0,13900.0,13907.0,18478.0,unchanged
1080967,15929.0,15908.0,19975.0,,,,no_longer_flagged
1081055,384699.0,5172.0,3926.0,384699.0,5172.0,3611.0,unchanged
1081056,13976.0,13982.0,19786.0,13976.0,13982.0,18349.0,unchanged
1081058,473205.0,449264.0,4360.0,473205.0,449264.0,4300.0,unchanged
1081059,13976.0,13982.0,19786.0,13976.0,13982.0,18349.0,unchanged
1081076,95978.0,35166.0,19533.0,95978.0,35166.0,18145.0,unchanged
1081077,95978.0,35166.0,19533.0,95978.0,35166.0,18145.0,unchanged
1081078,95978.0,95976.0,19510.0,,,,no_longer_flagged
1081079,95978.0,95976.0,19510.0,95978.0,95976.0,18126.0,unchanged
1081247,26260.0,26253.0,14793.0,26260.0,26253.0,13791.0,unchanged
1081300,,,,383516.0,383515.0,16723.0,newly_flagged
1081302,,,,383516.0,383515.0,16723.0,newly_flagged
1081322,13820.0,13833.0,6649.0,13820.0,13833.0,6232.0,unchanged
1081373,15794.0,15749.0,20067.0,15794.0,15749.0,18568.0,unchanged
1081452,14131.0,14104.0,19741.0,,,,no_longer_flagged
1081466,15401.0,15379.0,20085.0,15401.0,15379.0,18584.0,unchanged
1081468,14063.0,14073.0,20088.0,,,,no_longer_flagged
1081469,14063.0,14073.0,20088.0,,,,no_longer_flagged
1081471,14131.0,14104.0,19741.0,14131.0,14104.0,18302.0,unchanged
1081473,255690.0,14067.0,20090.0,255690.0,14067.0,18589.0,unchanged
1081484,14121.0,14148.0,20092.0,14121.0,14148.0,18592.0,unchanged
1081486,14121.0,14158.0,20094.0,,,,no_longer_flagged
1081502,14131.0,14104.0,19741.0,14131.0,14104.0,18302.0,unchanged
1081520,13980.0,13983.0,20099.0,13980.0,13983.0,18598.0,unchanged
1081523,13981.0,13983.0,20099.0,13981.0,13983.0,18598.0,unchanged
1081528,13984.0,13998.0,20101.0,13984.0,13998.0,18600.0,unchanged
1081561,14941.0,14930.0,19967.0,14941.0,14930.0,18486.0,unchanged
1081567,14941.0,14930.0,19967.0,14941.0,14930.0,18486.0,unchanged
1081570,13887.0,13880.0,7843.0,13887.0,13880.0,7332.0,unchanged
1081601,14941.0,14930.0,19967.0,14941.0,14930.0,18486.0,unchanged
1081628,18817.0,18782.0,19229.0,18817.0,18782.0,17939.0,unchanged
1081694,19172.0,19144.0,16808.0,19172.0,19144.0,15580.0,unchanged
1081723,27176.0,18557.0,19688.0,27176.0,18557.0,18264.0,unchanged
1081726,14617.0,14653.0,20162.0,,,,no_longer_flagged
1081727,25869.0,14653.0,20162.0,25869.0,14617.0,18634.0,recommendation_changed
1081778,15751.0,15742.0,20189.0,15751.0,15742.0,18658.0,unchanged
1081788,69090.0,2476.0,20191.0,69090.0,2476.0,18660.0,unchanged
1081789,69090.0,2476.0,20191.0,69090.0,2476.0,18660.0,unchanged
1081795,,,,25771.0,14506.0,16589.0,newly_flagged
1081867,15424.0,15397.0,19695.0,15424.0,15397.0,18270.0,unchanged
1081909,13845.0,13718.0,20233.0,13845.0,13718.0,18687.0,unchanged
1081911,13845.0,13718.0,20233.0,13845.0,13718.0,18687.0,unchanged
1081938,18956.0,18970.0,20244.0,18956.0,18970.0,18699.0,unchanged
1081940,,,,13888.0,13718.0,18687.0,newly_flagged
1081943,,,,13888.0,13718.0,18687.0,newly_flagged
1081944,13845.0,13718.0,20233.0,13845.0,13718.0,18687.0,unchanged
1081957,,,,18956.0,18970.0,18699.0,newly_flagged
1081958,,,,18951.0,18899.0,18705.0,newly_flagged
1081968,26160.0,15668.0,3924.0,26160.0,15668.0,3609.0,unchanged
1082001,15828.0,15847.0,20264.0,15828.0,15847.0,18718.0,unchanged
1082006,14941.0,14930.0,19967.0,14941.0,14930.0,18486.0,unchanged
1082011,14867.0,14922.0,19960.0,14867.0,14922.0,18479.0,unchanged
1082017,49245.0,14229.0,19899.0,49245.0,14229.0,18428.0,unchanged
1082023,14941.0,14930.0,19967.0,14941.0,14930.0,18486.0,unchanged
1082027,15796.0,15778.0,20270.0,15796.0,15778.0,18725.0,unchanged
1082040,15780.0,15756.0,20190.0,15780.0,15756.0,18659.0,unchanged
1082045,,,,16230.0,16226.0,18732.0,newly_flagged
1082102,15764.0,15784.0,20187.0,15764.0,15784.0,18656.0,unchanged
1082115,26192.0,26198.0,14773.0,26192.0,26198.0,13769.0,unchanged
1082133,18095.0,27003.0,20317.0,,,,no_longer_flagged
1082141,15751.0,15743.0,20307.0,15751.0,15743.0,18765.0,unchanged
1082158,,20106.0,20322.0,,20106.0,18778.0,unchanged
1082177,27003.0,26990.0,20330.0,,,,no_longer_flagged
1082178,27003.0,26990.0,20330.0,,,,no_longer_flagged
1082179,27003.0,26990.0,20330.0,,,,no_longer_flagged
1082181,13791.0,13718.0,20233.0,13791.0,13718.0,18687.0,unchanged
1082183,13791.0,13718.0,20233.0,13791.0,13718.0,18687.0,unchanged
1082191,,,,13776.0,13748.0,18770.0,newly_flagged
1082228,14063.0,14073.0,20088.0,,,,no_longer_flagged
1082229,14063.0,14027.0,12846.0,14063.0,14027.0,11929.0,unchanged
1082248,,,,15973.0,15944.0,13711.0,newly_flagged
1082249,15973.0,15983.0,20363.0,15973.0,15983.0,18815.0,unchanged
1082251,,,,15973.0,15944.0,13711.0,newly_flagged
1082268,15942.0,15943.0,20374.0,15942.0,15943.0,18825.0,unchanged
1082271,,,,15973.0,15944.0,13711.0,newly_flagged
1082277,255690.0,14067.0,20090.0,255690.0,14067.0,18589.0,unchanged
1082278,255690.0,14067.0,20090.0,255690.0,14067.0,18589.0,unchanged
1082279,255690.0,14067.0,20090.0,255690.0,14067.0,18589.0,unchanged
1082280,4379.0,4402.0,17474.0,4379.0,4402.0,16234.0,unchanged
1082290,16920.0,26582.0,20381.0,16920.0,26582.0,18832.0,unchanged
1082293,15748.0,15789.0,20384.0,15748.0,15789.0,18835.0,unchanged
1082295,15748.0,15789.0,20384.0,15748.0,15789.0,18835.0,unchanged
1082319,15778.0,15796.0,20113.0,15778.0,15796.0,18608.0,unchanged
1082326,15789.0,15829.0,20401.0,15789.0,15829.0,18851.0,unchanged
1082330,13998.0,13984.0,17169.0,13998.0,13984.0,15937.0,unchanged
1082352,1559.0,1483.0,20412.0,1559.0,1483.0,18862.0,unchanged
1082355,1559.0,1483.0,20412.0,1559.0,1483.0,18862.0,unchanged
1082383,21925.0,5619.0,20421.0,21925.0,5619.0,18870.0,unchanged
1082395,33247.0,33246.0,14861.0,33247.0,33246.0,18876.0,unchanged
1082413,15793.0,33245.0,20435.0,15793.0,33245.0,18883.0,unchanged
1082414,,,,15805.0,26194.0,18884.0,newly_flagged
1082428,14944.0,14918.0,20433.0,14944.0,14918.0,18882.0,unchanged
1082429,14944.0,14918.0,20433.0,14944.0,14918.0,18882.0,unchanged
1082431,14944.0,14918.0,20433.0,14944.0,14918.0,18882.0,unchanged
1082461,,,,3273.0,21275.0,18892.0,newly_flagged
1082475,15805.0,15804.0,14257.0,15805.0,15804.0,13247.0,unchanged
1082477,14924.0,14907.0,20064.0,,,,no_longer_flagged
1082478,14924.0,14907.0,20064.0,,,,no_longer_flagged
1082479,14924.0,14907.0,20064.0,,,,no_longer_flagged
1082487,27176.0,18525.0,19690.0,27176.0,18525.0,18266.0,unchanged
1082506,13791.0,13718.0,20233.0,13791.0,13718.0,18687.0,unchanged
1082508,18335.0,18295.0,19254.0,18335.0,18295.0,17958.0,unchanged
1082509,18335.0,18295.0,19254.0,18335.0,18295.0,17958.0,unchanged
1082510,18335.0,18295.0,19254.0,18335.0,18295.0,17958.0,unchanged
1082511,18335.0,18295.0,19254.0,18335.0,18295.0,17958.0,unchanged
1082537,14178.0,14179.0,20485.0,14178.0,14179.0,18921.0,unchanged
1082565,15465.0,15397.0,19695.0,15465.0,15397.0,18270.0,unchanged
1082566,15465.0,15482.0,20498.0,15465.0,15482.0,18934.0,unchanged
1082593,14983.0,14969.0,20077.0,,,,no_longer_flagged
1082635,14983.0,14969.0,20077.0,,,,no_longer_flagged
1082653,14983.0,14969.0,20077.0,,,,no_longer_flagged
1082664,14983.0,14969.0,20077.0,,,,no_longer_flagged
1082666,14983.0,14969.0,20077.0,,,,no_longer_flagged
1082691,14119.0,14150.0,19774.0,14119.0,14150.0,18335.0,unchanged
1082712,15759.0,15785.0,20541.0,15759.0,15785.0,18967.0,unchanged
1082794,,,,13847.0,1990.0,18995.0,newly_flagged
1082801,8693.0,8638.0,20575.0,8693.0,8638.0,19001.0,unchanged
1082838,15911.0,26227.0,20606.0,15911.0,26227.0,19031.0,unchanged
1082839,7194.0,22621.0,20607.0,7194.0,22621.0,19032.0,unchanged
1082844,154880.0,32929.0,3879.0,154880.0,32929.0,3568.0,unchanged
1082857,,,,24986.0,12353.0,19048.0,newly_flagged
1082893,15791.0,26177.0,20638.0,15791.0,26177.0,19060.0,unchanged
1082894,15791.0,26177.0,20638.0,15791.0,26177.0,19060.0,unchanged
1082895,15791.0,26177.0,20638.0,15791.0,26177.0,19060.0,unchanged
1082924,15929.0,15908.0,19975.0,,,,no_longer_flagged
1082925,15929.0,15908.0,19975.0,,,,no_longer_flagged
1082926,15929.0,15908.0,19975.0,,,,no_longer_flagged
1082927,15929.0,15908.0,19975.0,,,,no_longer_flagged
1082928,15929.0,15908.0,19975.0,,,,no_longer_flagged
1082929,15929.0,15908.0,19975.0,,,,no_longer_flagged
1082948,15929.0,15908.0,19975.0,,,,no_longer_flagged
1082949,15929.0,15908.0,19975.0,,,,no_longer_flagged
1082951,15929.0,15908.0,19975.0,,,,no_longer_flagged
1082968,27003.0,26990.0,20330.0,27003.0,27020.0,19064.0,recommendation_changed
1082969,27020.0,26990.0,20330.0,,,,no_longer_flagged
1082984,27020.0,18091.0,20665.0,,,,no_longer_flagged
1082985,27020.0,18091.0,20665.0,,,,no_longer_flagged
1082994,26208.0,15867.0,14249.0,26208.0,15867.0,13252.0,unchanged
1082996,17486.0,17426.0,12728.0,17486.0,17426.0,11807.0,unchanged
1083012,26990.0,27003.0,20674.0,,,,no_longer_flagged
1083013,26990.0,27003.0,20674.0,,,,no_longer_flagged
1083014,26990.0,27003.0,20674.0,,,,no_longer_flagged
1083015,27003.0,26990.0,20330.0,,,,no_longer_flagged
1083016,26990.0,27003.0,20674.0,,,,no_longer_flagged
1083017,27020.0,26990.0,20330.0,,,,no_longer_flagged
1083020,27020.0,18091.0,20665.0,,,,no_longer_flagged
1083021,18095.0,27003.0,20317.0,,,,no_longer_flagged
1083022,18095.0,27003.0,20317.0,,,,no_longer_flagged
1083023,18095.0,18091.0,20665.0,18095.0,27020.0,19069.0,recommendation_changed
1083057,15803.0,26199.0,14762.0,15803.0,26199.0,13757.0,unchanged
1083058,15803.0,26199.0,14762.0,15803.0,26199.0,13757.0,unchanged
1083062,18899.0,18927.0,20253.0,,,,no_longer_flagged
1083112,,,,18457.0,18444.0,15970.0,newly_flagged
1083137,26160.0,15668.0,3924.0,26160.0,15668.0,3609.0,unchanged
1083138,15679.0,15668.0,3924.0,15679.0,15668.0,3609.0,unchanged
1083140,18950.0,18955.0,20701.0,18950.0,18955.0,19105.0,unchanged
1083141,18950.0,18955.0,20701.0,18950.0,18955.0,19105.0,unchanged
1083142,,,,18939.0,18847.0,19130.0,newly_flagged
1083210,15805.0,15804.0,14257.0,15805.0,15804.0,13247.0,unchanged
1083211,15805.0,15804.0,14257.0,15805.0,15804.0,13247.0,unchanged
1083215,15805.0,15804.0,14244.0,15805.0,15804.0,13247.0,unchanged
1083216,33247.0,15790.0,14725.0,33247.0,15790.0,13716.0,unchanged
1083218,33247.0,15790.0,20762.0,33247.0,15790.0,13716.0,unchanged
1083240,26194.0,15805.0,20775.0,,,,no_longer_flagged
1083242,26194.0,15805.0,20775.0,,,,no_longer_flagged
1083243,,,,33246.0,15793.0,13238.0,newly_flagged
1083248,,,,15805.0,26194.0,18884.0,newly_flagged
1083250,26194.0,15805.0,20775.0,,,,no_longer_flagged
1083251,,,,15805.0,26194.0,18884.0,newly_flagged
1083293,14475.0,14504.0,20795.0,14475.0,14504.0,19186.0,unchanged
1083300,,,,63645.0,101404.0,18779.0,newly_flagged
1083301,,,,63645.0,101404.0,18779.0,newly_flagged
1083314,14601.0,14536.0,20788.0,14601.0,14536.0,19179.0,unchanged
1083324,25785.0,25832.0,20806.0,25785.0,25832.0,19197.0,unchanged
1083344,14438.0,14470.0,19189.0,14438.0,14470.0,17907.0,unchanged
1083358,27031.0,18095.0,20820.0,27031.0,18095.0,19212.0,unchanged
1083359,27031.0,18095.0,20820.0,27031.0,18095.0,19212.0,unchanged
1083360,27040.0,27044.0,20822.0,,,,no_longer_flagged
1083361,27040.0,27044.0,20822.0,,,,no_longer_flagged
1083364,27040.0,27044.0,20822.0,,,,no_longer_flagged
1083365,27040.0,27044.0,20822.0,,,,no_longer_flagged
1083366,27040.0,27044.0,20822.0,,,,no_longer_flagged
1083408,19050.0,27272.0,20844.0,19050.0,27272.0,19237.0,unchanged
1083421,27044.0,27031.0,20213.0,,,,no_longer_flagged
1083423,27044.0,27031.0,20213.0,,,,no_longer_flagged
1083441,,,,26185.0,15776.0,13279.0,newly_flagged
1083464,,,,33247.0,15790.0,13716.0,newly_flagged
1083466,,,,33247.0,15790.0,13716.0,newly_flagged
1083572,,,,18843.0,18728.0,15466.0,newly_flagged
1083587,26149.0,15607.0,19199.0,26149.0,15607.0,17915.0,unchanged
1083604,5334.0,21812.0,18489.0,5334.0,21812.0,17236.0,unchanged
1083620,19508.0,27412.0,16726.0,19508.0,27412.0,15498.0,unchanged
1083628,,,,26185.0,15776.0,13279.0,newly_flagged
1083661,65257.0,14229.0,19899.0,65257.0,14229.0,18428.0,unchanged
1083662,295355.0,14229.0,19899.0,295355.0,14229.0,18428.0,unchanged
1083663,14203.0,14229.0,19899.0,14203.0,14229.0,18428.0,unchanged
1083674,26240.0,26239.0,14720.0,26240.0,26239.0,13715.0,unchanged
1083679,14353.0,14325.0,20929.0,14353.0,14325.0,19314.0,unchanged
1083711,49245.0,14229.0,19899.0,49245.0,14229.0,18428.0,unchanged
1083765,13110.0,13052.0,20960.0,13110.0,13052.0,19345.0,unchanged
1083878,,,,16028.0,26319.0,11420.0,newly_flagged
1083901,26283.0,26275.0,20198.0,26283.0,26275.0,18666.0,unchanged
1083918,35166.0,96296.0,19519.0,35166.0,96296.0,18135.0,unchanged
1083927,,,,16026.0,16033.0,18205.0,newly_flagged
1083957,15929.0,15908.0,19975.0,,,,no_longer_flagged
1083958,15929.0,15908.0,19975.0,,,,no_longer_flagged
1083959,15929.0,15908.0,19975.0,,,,no_longer_flagged
1083981,13482.0,13462.0,21017.0,13482.0,13462.0,19396.0,unchanged
1083982,13482.0,13462.0,21017.0,13482.0,13462.0,19396.0,unchanged
1083983,13482.0,13462.0,21017.0,13482.0,13462.0,19396.0,unchanged
1083984,,,,13469.0,13462.0,19397.0,newly_flagged
1083985,,,,13469.0,13462.0,19397.0,newly_flagged
1084024,15724.0,26177.0,20638.0,15724.0,26177.0,19060.0,unchanged
1084029,16869.0,16861.0,21031.0,16869.0,16861.0,19411.0,unchanged
1084034,,,,13640.0,13616.0,18087.0,newly_flagged
1084035,,,,13640.0,13616.0,18087.0,newly_flagged
1084045,344699.0,235840.0,21036.0,344699.0,235840.0,19416.0,unchanged
1084046,343420.0,235840.0,21036.0,343420.0,235840.0,19416.0,unchanged
1084047,349579.0,235840.0,21036.0,349579.0,235840.0,19416.0,unchanged
1084049,,,,25335.0,13155.0,15787.0,newly_flagged
1084064,,,,13187.0,13155.0,15787.0,newly_flagged
1084087,,27284.0,21058.0,,27284.0,19436.0,unchanged
1084092,349643.0,235840.0,21036.0,349643.0,235840.0,19416.0,unchanged
1084093,,,,345325.0,235840.0,19416.0,newly_flagged
1084101,13537.0,13541.0,21064.0,13537.0,13541.0,19440.0,unchanged
1084111,18599.0,18587.0,17256.0,18599.0,18587.0,16019.0,unchanged
1084153,22009.0,22008.0,14090.0,22009.0,22008.0,13091.0,unchanged
1084173,,,,153923.0,153917.0,8332.0,newly_flagged
1084232,,,,5885.0,22067.0,12771.0,newly_flagged
1084245,19232.0,19140.0,16634.0,19232.0,19140.0,15412.0,unchanged
1084252,,,,71003.0,39333.0,15154.0,newly_flagged
1084255,5886.0,5901.0,16592.0,5886.0,5901.0,12472.0,unchanged
1084256,,,,5881.0,22067.0,12771.0,newly_flagged
1084288,153917.0,153923.0,8955.0,,,,no_longer_flagged
1084297,,,,5852.0,5849.0,11500.0,newly_flagged
1084339,294400.0,294399.0,18233.0,294400.0,294399.0,16988.0,unchanged
1084366,27417.0,27424.0,12725.0,,,,no_longer_flagged
1084394,,,,27424.0,27417.0,11804.0,newly_flagged
1084395,,,,27424.0,27417.0,11804.0,newly_flagged
1084402,,,,18766.0,18806.0,9983.0,newly_flagged
1084405,19153.0,19117.0,16273.0,19153.0,19117.0,15062.0,unchanged
1084416,27310.0,19163.0,16643.0,27310.0,19163.0,15420.0,unchanged
1084424,5325.0,5321.0,17041.0,5325.0,5321.0,15808.0,unchanged
1084428,163848.0,199048.0,14448.0,163848.0,199048.0,14692.0,unchanged
1084478,,,,5766.0,5767.0,15234.0,newly_flagged
1084578,18741.0,18814.0,18982.0,18741.0,18814.0,17710.0,unchanged
1084631,,,,5875.0,5901.0,12472.0,newly_flagged
1084655,339837.0,339836.0,15487.0,339837.0,339836.0,14350.0,unchanged
1084659,370343.0,375087.0,14985.0,370343.0,375087.0,13937.0,unchanged
1084677,16032.0,16022.0,14747.0,16032.0,16022.0,13742.0,unchanged
1084735,269760.0,269759.0,4268.0,,,,no_longer_flagged
1084736,269761.0,269759.0,4268.0,269761.0,269760.0,11722.0,recommendation_changed
1084737,269760.0,269759.0,4268.0,,,,no_longer_flagged
1084744,99484.0,99485.0,12649.0,99484.0,99485.0,11731.0,unchanged
1084745,269761.0,269759.0,4268.0,269761.0,269760.0,11722.0,recommendation_changed
1087657,235850.0,19086.0,16272.0,235850.0,19086.0,15061.0,unchanged
1087666,11040.0,11065.0,21101.0,,,,no_longer_flagged
1087766,18725.0,18757.0,21109.0,18725.0,18757.0,19482.0,unchanged
1087785,8043.0,8088.0,21120.0,8043.0,8088.0,12555.0,unchanged
1087787,,,,13861.0,1917.0,19494.0,newly_flagged
1087843,15803.0,26199.0,14762.0,15803.0,26199.0,13757.0,unchanged
1087896,15679.0,15668.0,3924.0,15679.0,15668.0,3609.0,unchanged
1087945,14846.0,20924.0,14339.0,14846.0,20924.0,13339.0,unchanged
1088024,223676.0,223675.0,21173.0,223676.0,234237.0,16794.0,recommendation_changed
1088076,15793.0,33246.0,14236.0,,,,no_longer_flagged
1088077,,,,33246.0,15793.0,13238.0,newly_flagged
1088078,15793.0,33246.0,14236.0,,,,no_longer_flagged
1088079,,,,33246.0,15793.0,13238.0,newly_flagged
1088081,,,,33246.0,15793.0,13238.0,newly_flagged
1088120,16033.0,16015.0,14607.0,16033.0,16015.0,19553.0,unchanged
1088136,,,,15793.0,33245.0,18883.0,newly_flagged
1088137,,,,15793.0,33245.0,18883.0,newly_flagged
1088139,15793.0,33245.0,20435.0,15793.0,33245.0,18883.0,unchanged
1088172,15718.0,26185.0,14280.0,15718.0,15776.0,13279.0,recommendation_changed
1088175,15718.0,26185.0,14280.0,15718.0,15776.0,13279.0,recommendation_changed
1088209,14716.0,14585.0,21212.0,14716.0,14585.0,19575.0,unchanged
1088235,,,,65247.0,14585.0,19575.0,newly_flagged
1088268,,,,15562.0,15556.0,12842.0,newly_flagged
1088282,,,,13888.0,13718.0,18687.0,newly_flagged
1088365,14347.0,14407.0,21270.0,14347.0,14407.0,19631.0,unchanged
1088420,,,,14407.0,14452.0,19645.0,newly_flagged
1088592,14063.0,14073.0,20088.0,,,,no_longer_flagged
1088629,25787.0,14589.0,21345.0,25787.0,14589.0,19705.0,unchanged
1088661,14558.0,14744.0,21355.0,14558.0,14744.0,19716.0,unchanged
1088680,,,,14211.0,14282.0,19422.0,newly_flagged
1088697,14744.0,14763.0,21367.0,14744.0,14763.0,19726.0,unchanged
1088709,14708.0,14733.0,21369.0,14708.0,14733.0,19728.0,unchanged
1088715,,,,13640.0,13616.0,18087.0,newly_flagged
1088724,,,,14211.0,14282.0,19422.0,newly_flagged
1088726,,,,14211.0,14282.0,19422.0,newly_flagged
1088792,349711.0,349710.0,12419.0,349711.0,349710.0,11506.0,unchanged
1088795,349710.0,349711.0,21383.0,349710.0,349711.0,19740.0,unchanged
1088800,26160.0,15688.0,5133.0,26160.0,15688.0,4802.0,unchanged
1088803,26160.0,15668.0,3924.0,26160.0,15668.0,3609.0,unchanged
1088814,391051.0,375453.0,21388.0,391051.0,375453.0,19744.0,unchanged
1088826,349712.0,349996.0,21376.0,,,,no_longer_flagged
1088828,15138.0,15203.0,21393.0,15138.0,15203.0,19751.0,unchanged
1088872,14197.0,14222.0,21410.0,,,,no_longer_flagged
1088875,14197.0,14222.0,21410.0,,,,no_longer_flagged
1088902,14197.0,14222.0,21410.0,,,,no_longer_flagged
1088934,14222.0,14197.0,21408.0,,,,no_longer_flagged
1088940,14225.0,14240.0,21426.0,14225.0,14240.0,19778.0,unchanged
1088988,19331.0,19168.0,21438.0,19331.0,19300.0,19791.0,recommendation_changed
1088989,5257.0,188801.0,16956.0,5257.0,188801.0,15730.0,unchanged
1088993,14303.0,14384.0,21290.0,14303.0,14384.0,19649.0,unchanged
1089020,4156.0,26437.0,13007.0,4156.0,26437.0,12092.0,unchanged
1089109,14423.0,14385.0,21336.0,14423.0,14385.0,19695.0,unchanged
1089156,14527.0,31349.0,21480.0,14527.0,31349.0,19834.0,unchanged
1089194,21373.0,21375.0,21474.0,21373.0,21375.0,19828.0,unchanged
1089200,18195.0,18311.0,21492.0,18195.0,18311.0,19846.0,unchanged
1089253,14577.0,14599.0,21507.0,14577.0,14599.0,19862.0,unchanged
1089260,14222.0,14197.0,21182.0,,,,no_longer_flagged
1089261,14222.0,14197.0,21182.0,,,,no_longer_flagged
1089265,14951.0,2857.0,21396.0,14951.0,2857.0,19754.0,unchanged
1089308,322882.0,14997.0,21525.0,322882.0,14997.0,19876.0,unchanged
1089330,,,,14357.0,14307.0,3330.0,newly_flagged
1089332,,,,14357.0,14307.0,3330.0,newly_flagged
1089334,,,,14357.0,14307.0,3330.0,newly_flagged
1089335,,,,14357.0,14307.0,3330.0,newly_flagged
1089359,,,,26185.0,15776.0,13279.0,newly_flagged
1089381,15541.0,15540.0,14814.0,15541.0,15540.0,13811.0,unchanged
1089407,14467.0,14486.0,21549.0,14467.0,14486.0,19901.0,unchanged
1089412,14435.0,14467.0,21552.0,14435.0,14467.0,19904.0,unchanged
1089413,14435.0,14467.0,21552.0,14435.0,14467.0,19904.0,unchanged
1089427,15554.0,15551.0,21556.0,15554.0,15551.0,19908.0,unchanged
1089469,,,,349714.0,349713.0,19913.0,newly_flagged
1089484,349715.0,349714.0,19221.0,349715.0,349714.0,17932.0,unchanged
1089496,,,,15585.0,15527.0,16615.0,newly_flagged
1089497,,,,15585.0,15527.0,16615.0,newly_flagged
1089530,14293.0,14294.0,20784.0,14293.0,14294.0,19175.0,unchanged
1089576,14121.0,14148.0,20092.0,14121.0,14148.0,18592.0,unchanged
1089582,14944.0,14918.0,20433.0,14944.0,14918.0,18882.0,unchanged
1089627,14360.0,14339.0,21005.0,14360.0,14339.0,19390.0,unchanged
1089640,14438.0,14470.0,19189.0,,,,no_longer_flagged
1089642,14438.0,14470.0,19189.0,14438.0,14470.0,17907.0,unchanged
1089667,7698.0,22893.0,8588.0,7698.0,22893.0,7999.0,unchanged
1089677,15619.0,26147.0,16020.0,15619.0,26147.0,14828.0,unchanged
1089682,47027.0,1800.0,14506.0,47027.0,1800.0,13500.0,unchanged
1089688,14308.0,14296.0,21298.0,14308.0,14296.0,19658.0,unchanged
1089689,14410.0,14296.0,21298.0,14410.0,14296.0,19658.0,unchanged
1089721,129899.0,129903.0,19408.0,129899.0,129903.0,18058.0,unchanged
1089768,,,,18431.0,18451.0,19979.0,newly_flagged
1089778,14121.0,14148.0,20092.0,14121.0,14148.0,18592.0,unchanged
1089803,,,,13888.0,13718.0,18687.0,newly_flagged
1089823,14148.0,14083.0,21616.0,14148.0,14083.0,19972.0,unchanged
1089827,25787.0,14589.0,21345.0,25787.0,14589.0,19705.0,unchanged
1089829,15340.0,15334.0,20957.0,15340.0,15334.0,19343.0,unchanged
1089830,15340.0,15334.0,20957.0,15340.0,15334.0,19343.0,unchanged
1089831,15340.0,15334.0,20957.0,15340.0,15334.0,19343.0,unchanged
1089836,13845.0,13718.0,20233.0,13845.0,13718.0,18687.0,unchanged
1089837,13845.0,13718.0,20233.0,13845.0,13718.0,18687.0,unchanged
1089891,14442.0,14490.0,13455.0,14442.0,14490.0,12464.0,unchanged
1089893,,,,13888.0,13718.0,18687.0,newly_flagged
1089898,15340.0,15334.0,20957.0,15340.0,15334.0,19343.0,unchanged
1089906,13462.0,13469.0,21018.0,,,,no_longer_flagged
1089907,13462.0,13469.0,21018.0,,,,no_longer_flagged
1089917,14772.0,14786.0,21236.0,14772.0,14786.0,19598.0,unchanged
1089918,14772.0,14786.0,21236.0,14772.0,14786.0,19598.0,unchanged
1089920,,,,13469.0,13462.0,19397.0,newly_flagged
1089921,13462.0,13469.0,21018.0,,,,no_longer_flagged
1089923,,,,13469.0,13462.0,19397.0,newly_flagged
1089936,15492.0,15503.0,14232.0,15492.0,15503.0,13234.0,unchanged
1089937,,,,14317.0,14296.0,19658.0,newly_flagged
1089938,15340.0,15334.0,20957.0,15340.0,15334.0,19343.0,unchanged
1089940,15850.0,26223.0,14764.0,15850.0,26223.0,13759.0,unchanged
1089959,,,,15973.0,15944.0,13711.0,newly_flagged
1090004,,,,390906.0,344907.0,20036.0,newly_flagged
1090025,16569.0,16559.0,19522.0,16569.0,16559.0,18137.0,unchanged
1090029,14083.0,14023.0,19600.0,14083.0,14023.0,18190.0,unchanged
1090031,85411.0,21163.0,5309.0,85411.0,21163.0,4985.0,unchanged
1090082,390331.0,5180.0,19249.0,390331.0,5180.0,17955.0,unchanged
1090086,473204.0,449264.0,4360.0,,,,no_longer_flagged
1090100,,,,15084.0,15080.0,20064.0,newly_flagged
1090123,14951.0,2857.0,21396.0,14951.0,2857.0,19754.0,unchanged
1090188,,,,15585.0,15527.0,16615.0,newly_flagged
1090193,15595.0,15578.0,14744.0,15595.0,15578.0,13739.0,unchanged
1090227,15648.0,26149.0,3934.0,15648.0,26149.0,3619.0,unchanged
1090279,26149.0,15648.0,21299.0,26149.0,15648.0,19659.0,unchanged
1090286,15422.0,15426.0,20220.0,15422.0,15426.0,18260.0,unchanged
1090287,15422.0,15426.0,20220.0,15422.0,15426.0,18260.0,unchanged
1090308,15405.0,15371.0,19684.0,15405.0,15426.0,18260.0,recommendation_changed
1090309,15422.0,15426.0,20220.0,15422.0,15426.0,18260.0,unchanged
1090311,15422.0,15426.0,20220.0,15422.0,15426.0,18260.0,unchanged
1090350,14454.0,14544.0,21252.0,14454.0,14544.0,19613.0,unchanged
1090368,14451.0,14477.0,20356.0,14451.0,14477.0,18809.0,unchanged
1090420,26089.0,26087.0,14824.0,26089.0,26087.0,13818.0,unchanged
1090425,15036.0,3035.0,21787.0,15036.0,3035.0,20132.0,unchanged
1090427,60780.0,3035.0,21787.0,60780.0,3035.0,20132.0,unchanged
1090429,,20961.0,21788.0,,20961.0,20134.0,unchanged
1090470,15478.0,15477.0,14825.0,15478.0,15477.0,13819.0,unchanged
1090473,26089.0,15478.0,14837.0,26089.0,15478.0,13829.0,unchanged
1090474,26089.0,15478.0,14837.0,26089.0,15478.0,13829.0,unchanged
1090484,15389.0,15385.0,21809.0,15389.0,15385.0,20158.0,unchanged
1090485,16569.0,26473.0,21810.0,16569.0,26473.0,20159.0,unchanged
1090487,15389.0,15385.0,21809.0,15389.0,15385.0,20158.0,unchanged
1090491,26691.0,26684.0,21812.0,26691.0,26684.0,20161.0,unchanged
1090495,156159.0,57887.0,18087.0,156159.0,57887.0,16847.0,unchanged
1090503,18161.0,18141.0,1144.0,18161.0,18141.0,1034.0,unchanged
1090506,1307.0,1332.0,14413.0,1307.0,1332.0,13411.0,unchanged
1090524,,,,26185.0,15776.0,13279.0,newly_flagged
1090587,15328.0,15332.0,21652.0,15328.0,15332.0,20008.0,unchanged
1090614,13299.0,13314.0,21858.0,13299.0,13314.0,20210.0,unchanged
1090617,13217.0,13080.0,21860.0,13217.0,13080.0,20212.0,unchanged
1090618,13280.0,13244.0,21861.0,13280.0,13244.0,20213.0,unchanged
1090624,26160.0,15668.0,3924.0,26160.0,15668.0,3609.0,unchanged
1090628,26149.0,15648.0,21299.0,26149.0,15648.0,19659.0,unchanged
1090703,15368.0,15385.0,21759.0,15368.0,15385.0,20105.0,unchanged
1090717,18585.0,18535.0,21899.0,,,,no_longer_flagged
1090732,15479.0,15470.0,14742.0,15479.0,15470.0,13737.0,unchanged
1090739,18591.0,18535.0,21899.0,,,,no_longer_flagged
1090742,169595.0,18409.0,21911.0,169595.0,18409.0,20263.0,unchanged
1090747,,,,18503.0,18591.0,20260.0,newly_flagged
1090770,,,,15562.0,15556.0,12842.0,newly_flagged
1090771,,,,15562.0,15556.0,12842.0,newly_flagged
1090775,12976.0,13175.0,18198.0,12976.0,12904.0,20273.0,recommendation_changed
1090789,,,,12783.0,12861.0,20284.0,newly_flagged
1090791,12910.0,12920.0,21935.0,12910.0,12920.0,20286.0,unchanged
1090807,116779.0,116781.0,12514.0,116779.0,116781.0,11589.0,unchanged
1090821,1501.0,1443.0,21945.0,1501.0,1452.0,20295.0,recommendation_changed
1090911,344443.0,235516.0,21991.0,344443.0,235516.0,20340.0,unchanged
1090917,16812.0,16846.0,21996.0,16812.0,16846.0,20344.0,unchanged
1090981,18283.0,18250.0,22030.0,18283.0,18250.0,20377.0,unchanged
1090995,13711.0,13718.0,20233.0,13711.0,13718.0,18687.0,unchanged
1091036,18117.0,27028.0,22057.0,,,,no_longer_flagged
1091037,18272.0,18180.0,17189.0,,,,no_longer_flagged
1091039,,,,27028.0,18117.0,20404.0,newly_flagged
1091065,18320.0,18357.0,22075.0,18320.0,18357.0,20422.0,unchanged
1091074,18352.0,18328.0,22079.0,18352.0,18328.0,20426.0,unchanged
1091112,17739.0,17717.0,22091.0,17739.0,17717.0,20440.0,unchanged
1091114,17739.0,17717.0,22091.0,17739.0,17717.0,20440.0,unchanged
1091115,17739.0,17717.0,22091.0,17739.0,17717.0,20440.0,unchanged
1091201,18161.0,18141.0,1144.0,18161.0,18141.0,1034.0,unchanged
1091277,14417.0,14419.0,21233.0,14417.0,14419.0,19595.0,unchanged
1091325,16381.0,26393.0,22191.0,16381.0,16324.0,12010.0,recommendation_changed
1091327,26425.0,26393.0,22191.0,,,,no_longer_flagged
1091348,13566.0,13550.0,22200.0,13566.0,13550.0,20535.0,unchanged
1091385,18697.0,18633.0,22209.0,,,,no_longer_flagged
1091387,18697.0,18633.0,22209.0,,,,no_longer_flagged
1091392,15242.0,15273.0,22208.0,,,,no_longer_flagged
1091394,15242.0,15273.0,22208.0,,,,no_longer_flagged
1091413,15242.0,15273.0,22208.0,,,,no_longer_flagged
1091416,18693.0,18633.0,22209.0,,,,no_longer_flagged
1091418,18693.0,18633.0,22209.0,,,,no_longer_flagged
1091501,17839.0,16079.0,22232.0,17839.0,16079.0,20571.0,unchanged
1091518,27466.0,27465.0,22238.0,27466.0,27465.0,20578.0,unchanged
1091537,,,,13864.0,13813.0,20592.0,newly_flagged
1091592,18143.0,18175.0,19261.0,18143.0,18175.0,17965.0,unchanged
1091593,18143.0,18175.0,19261.0,18143.0,18175.0,17965.0,unchanged
1091600,1843.0,1841.0,22292.0,1843.0,1841.0,20629.0,unchanged
1091651,16033.0,16026.0,20994.0,,,,no_longer_flagged
1091656,14121.0,14148.0,20092.0,14121.0,14148.0,18592.0,unchanged
1091662,19388.0,19363.0,22309.0,19388.0,19363.0,20647.0,unchanged
1091670,26950.0,26979.0,22315.0,26950.0,26979.0,20652.0,unchanged
1091678,,,,13640.0,13616.0,18087.0,newly_flagged
1091712,26839.0,17709.0,19306.0,26839.0,17709.0,17991.0,unchanged
1091732,18864.0,18774.0,22338.0,18864.0,18774.0,20674.0,unchanged
1091733,27223.0,18774.0,22338.0,27223.0,18774.0,20674.0,unchanged
1091744,18864.0,18774.0,22338.0,18864.0,18774.0,20674.0,unchanged
1091797,27214.0,18877.0,22357.0,27214.0,18877.0,20692.0,unchanged
1091798,18785.0,18877.0,22357.0,18785.0,18877.0,20692.0,unchanged
1091799,18802.0,18877.0,22357.0,18802.0,18877.0,20692.0,unchanged
1091827,2690.0,2666.0,22366.0,2690.0,2666.0,20699.0,unchanged
1091847,17518.0,17524.0,19392.0,17518.0,17524.0,18042.0,unchanged
1091852,3412.0,15500.0,22365.0,3412.0,15500.0,20698.0,unchanged
1091855,3506.0,15500.0,22365.0,3506.0,15500.0,20698.0,unchanged
1091862,17524.0,17540.0,14616.0,17524.0,17540.0,13607.0,unchanged
1091901,400895.0,390906.0,21684.0,400895.0,344907.0,20036.0,recommendation_changed
1091903,3412.0,15500.0,22365.0,3412.0,15500.0,20698.0,unchanged
1091916,19622.0,27452.0,4923.0,19622.0,27452.0,4595.0,unchanged
1091919,19620.0,19622.0,4191.0,19620.0,19622.0,3875.0,unchanged
1091970,19624.0,19627.0,22407.0,19624.0,19627.0,20729.0,unchanged
1092014,13711.0,13718.0,20233.0,13711.0,13718.0,18687.0,unchanged
1092025,19374.0,19411.0,22434.0,,,,no_longer_flagged
1092027,19408.0,19411.0,22434.0,19408.0,19374.0,20754.0,recommendation_changed
1092029,19397.0,19411.0,22434.0,19397.0,19374.0,20754.0,recommendation_changed
1092047,3536.0,3548.0,22449.0,3536.0,3548.0,20767.0,unchanged
1092057,18213.0,18205.0,19014.0,18213.0,18205.0,17740.0,unchanged
1092060,13711.0,13718.0,20233.0,13711.0,13718.0,18687.0,unchanged
1092061,13711.0,13718.0,20233.0,13711.0,13718.0,18687.0,unchanged
1092072,19496.0,297924.0,22461.0,19496.0,19503.0,20779.0,recommendation_changed
1092090,21366.0,3548.0,22449.0,21366.0,3548.0,20767.0,unchanged
1092148,19131.0,19057.0,22490.0,,,,no_longer_flagged
1092159,18219.0,18302.0,22260.0,18219.0,18302.0,20600.0,unchanged
1092185,18364.0,18319.0,22508.0,18364.0,18319.0,20822.0,unchanged
1092225,19300.0,19168.0,21438.0,,,,no_longer_flagged
1092244,,,,13424.0,13486.0,20844.0,newly_flagged
1092261,27317.0,19168.0,21438.0,,,,no_longer_flagged
1092262,19335.0,19358.0,22537.0,19335.0,19358.0,20849.0,unchanged
1092263,27317.0,19168.0,21438.0,,,,no_longer_flagged
1092272,27341.0,19366.0,22543.0,27341.0,19366.0,20855.0,unchanged
1092274,19415.0,19366.0,22543.0,19415.0,19366.0,20855.0,unchanged
1092275,19415.0,19403.0,22544.0,19415.0,19403.0,20856.0,unchanged
1092288,25421.0,13474.0,22483.0,25421.0,13474.0,20801.0,unchanged
1092312,16262.0,16268.0,2397.0,,,,no_longer_flagged
1092313,16232.0,16268.0,2397.0,16232.0,16268.0,2178.0,unchanged
1092314,16232.0,16268.0,2397.0,16232.0,16268.0,2178.0,unchanged
1092345,16262.0,16268.0,2397.0,,,,no_longer_flagged
1092347,16262.0,16268.0,2397.0,,,,no_longer_flagged
1092367,26925.0,26923.0,22571.0,26925.0,26923.0,20881.0,unchanged
1092374,16262.0,16268.0,2397.0,,,,no_longer_flagged
1092376,16220.0,26367.0,22580.0,,,,no_longer_flagged
1092389,,,,17398.0,17326.0,12393.0,newly_flagged
1092391,,,,17398.0,17326.0,12393.0,newly_flagged
1092407,176955.0,17574.0,22589.0,176955.0,17574.0,20899.0,unchanged
1092432,19542.0,19521.0,22603.0,19542.0,19521.0,20913.0,unchanged
1092464,18356.0,18341.0,22619.0,18356.0,18341.0,20930.0,unchanged
1092542,25520.0,13749.0,22644.0,25520.0,13749.0,20955.0,unchanged
1092560,20382.0,13964.0,22654.0,20382.0,2106.0,10519.0,recommendation_changed
1092572,18697.0,18633.0,22209.0,,,,no_longer_flagged
1092573,18697.0,18633.0,22209.0,,,,no_longer_flagged
1092578,25251.0,25263.0,22659.0,25251.0,25263.0,20968.0,unchanged
1092617,26866.0,17780.0,22669.0,26866.0,17780.0,20977.0,unchanged
1092652,18357.0,18320.0,22084.0,18357.0,18320.0,20433.0,unchanged
1092716,27028.0,18074.0,20473.0,27028.0,18074.0,18909.0,unchanged
1092718,18335.0,18295.0,19254.0,18335.0,18295.0,17958.0,unchanged
1092725,16232.0,16268.0,2397.0,16232.0,16268.0,2178.0,unchanged
1092735,26928.0,26920.0,22100.0,26928.0,26920.0,20448.0,unchanged
1092744,,,,16176.0,16149.0,21009.0,newly_flagged
1092745,16149.0,16176.0,22685.0,,,,no_longer_flagged
1092746,16145.0,16176.0,22685.0,16145.0,16149.0,21009.0,recommendation_changed
1092747,16145.0,16176.0,22685.0,16145.0,16149.0,21009.0,recommendation_changed
1092755,26922.0,26879.0,19581.0,,,,no_longer_flagged
1092760,,,,16194.0,16268.0,2178.0,newly_flagged
1092761,,,,16194.0,16268.0,2178.0,newly_flagged
1092762,,,,16194.0,16268.0,2178.0,newly_flagged
1092791,,,,27028.0,18117.0,20404.0,newly_flagged
1092805,18117.0,27028.0,22057.0,,,,no_longer_flagged
1092806,18117.0,27028.0,22057.0,,,,no_longer_flagged
1092807,18117.0,27028.0,22057.0,,,,no_longer_flagged
1092813,15242.0,15273.0,22208.0,,,,no_longer_flagged
1092829,17616.0,17601.0,18851.0,17616.0,17601.0,17584.0,unchanged
1092838,17616.0,17601.0,18851.0,17616.0,17601.0,17584.0,unchanged
1092844,26251.0,26268.0,22730.0,26251.0,26268.0,21048.0,unchanged
1092868,18272.0,18180.0,17189.0,,,,no_longer_flagged
1092870,18272.0,18180.0,17189.0,,,,no_longer_flagged
1092871,,,,3726.0,21444.0,21058.0,newly_flagged
1093011,18143.0,18175.0,19261.0,18143.0,18175.0,17965.0,unchanged
1093093,17120.0,17143.0,22826.0,17120.0,17143.0,21118.0,unchanged
1093115,17769.0,26859.0,19372.0,17769.0,26859.0,18023.0,unchanged
1093145,140163.0,17109.0,4908.0,140163.0,17109.0,4580.0,unchanged
1093146,88613.0,17109.0,4908.0,88613.0,17109.0,4580.0,unchanged
1093164,18166.0,18205.0,19014.0,18166.0,18205.0,17740.0,unchanged
1093167,18213.0,18205.0,19014.0,18213.0,18205.0,17740.0,unchanged
1093220,,,,12984.0,12972.0,21151.0,newly_flagged
1093244,18022.0,26992.0,19573.0,18022.0,26992.0,18164.0,unchanged
1093261,17562.0,17544.0,22887.0,17562.0,17544.0,21159.0,unchanged
1093270,16381.0,26393.0,22191.0,16381.0,16324.0,12010.0,recommendation_changed
1093324,17670.0,17644.0,1178.0,17670.0,17644.0,1068.0,unchanged
1093360,19284.0,19253.0,22926.0,19284.0,19253.0,21192.0,unchanged
1093362,,,,19077.0,18980.0,21194.0,newly_flagged
1093365,18338.0,18374.0,22267.0,18338.0,18374.0,20607.0,unchanged
1093381,18145.0,18172.0,22935.0,18145.0,18172.0,21200.0,unchanged
1093384,,,,18203.0,18204.0,21198.0,newly_flagged
1093385,,,,18232.0,18204.0,21198.0,newly_flagged
1093391,,,,18232.0,18204.0,21198.0,newly_flagged
1093456,,,,18283.0,18295.0,21220.0,newly_flagged
1093532,17816.0,17805.0,19389.0,,,,no_longer_flagged
1093533,17816.0,17805.0,19389.0,,,,no_longer_flagged
1093535,17816.0,17805.0,19389.0,,,,no_longer_flagged
1093564,18292.0,18283.0,19253.0,18292.0,18283.0,17957.0,unchanged
1093565,18292.0,18283.0,19253.0,18292.0,18283.0,17957.0,unchanged
1093566,18292.0,18283.0,19253.0,18292.0,18283.0,17957.0,unchanged
1093567,,,,18292.0,18283.0,17957.0,newly_flagged
1093636,17595.0,17614.0,22989.0,17595.0,17614.0,21235.0,unchanged
1093656,16516.0,16522.0,23022.0,16516.0,16522.0,21266.0,unchanged
1093658,16516.0,16522.0,23022.0,,,,no_longer_flagged
1093659,16516.0,16522.0,23022.0,16516.0,16522.0,21266.0,unchanged
1093664,17809.0,17835.0,6831.0,17809.0,17835.0,6407.0,unchanged
1093728,,,,18232.0,18204.0,21198.0,newly_flagged
1093731,,,,18232.0,18204.0,21198.0,newly_flagged
1093736,17852.0,17815.0,23037.0,17852.0,17815.0,21284.0,unchanged
1093797,17686.0,17660.0,23040.0,17686.0,17660.0,21289.0,unchanged
1093836,17861.0,17860.0,6813.0,17861.0,17860.0,6388.0,unchanged
1093870,18361.0,18332.0,23082.0,18361.0,18332.0,21323.0,unchanged
1093931,,,,18332.0,18361.0,21050.0,newly_flagged
1094035,26727.0,17386.0,23138.0,26727.0,17386.0,21355.0,unchanged
1094073,26500.0,16600.0,9579.0,,,,no_longer_flagged
1094075,26500.0,16600.0,9579.0,,,,no_longer_flagged
1094164,18174.0,18290.0,23173.0,18174.0,18290.0,21382.0,unchanged
1094247,17020.0,16987.0,5077.0,17020.0,16987.0,4746.0,unchanged
1094291,17020.0,16987.0,5077.0,17020.0,16987.0,4746.0,unchanged
1094294,16860.0,16909.0,23198.0,16860.0,16909.0,21408.0,unchanged
1094415,439437.0,11186.0,2305.0,439437.0,11186.0,2108.0,unchanged
1094458,26403.0,16410.0,19911.0,26403.0,26449.0,18441.0,recommendation_changed
1094505,22558.0,6967.0,9474.0,22558.0,6967.0,8792.0,unchanged
1094516,375812.0,375816.0,23273.0,375812.0,375816.0,21477.0,unchanged
1094519,375812.0,375816.0,23273.0,375812.0,375816.0,21477.0,unchanged
1094556,18341.0,18336.0,22138.0,18341.0,18336.0,20479.0,unchanged
1094557,18341.0,18336.0,22138.0,18341.0,18336.0,20479.0,unchanged
1094584,26881.0,17833.0,23056.0,26881.0,17833.0,21303.0,unchanged
1094628,16149.0,16176.0,22685.0,,,,no_longer_flagged
1094629,16149.0,16176.0,22685.0,,,,no_longer_flagged
1094693,16149.0,16176.0,22685.0,,,,no_longer_flagged
1094718,26718.0,26709.0,23336.0,26718.0,26709.0,21534.0,unchanged
1094722,26722.0,26718.0,23337.0,26722.0,26718.0,21535.0,unchanged
1094771,,,,13776.0,13748.0,18770.0,newly_flagged
1094834,,,,14357.0,14307.0,3330.0,newly_flagged
1095057,18901.0,18847.0,20734.0,18901.0,18847.0,19130.0,unchanged
1095085,420288.0,420286.0,7041.0,420288.0,420286.0,6605.0,unchanged
1095103,390688.0,390689.0,4764.0,390688.0,390689.0,4434.0,unchanged
1095114,375025.0,120939.0,23393.0,375025.0,120939.0,21591.0,unchanged
1095175,5014.0,154236.0,5278.0,5014.0,154236.0,4954.0,unchanged
1095214,2540.0,2541.0,23425.0,2540.0,2541.0,21619.0,unchanged
1095240,24963.0,24922.0,1117.0,24963.0,24922.0,1009.0,unchanged
1095293,9117.0,8774.0,23470.0,9117.0,8700.0,8527.0,recommendation_changed
1095295,14364.0,14324.0,20501.0,14364.0,14324.0,18937.0,unchanged
1095326,391180.0,391182.0,23485.0,,,,no_longer_flagged
1095328,391180.0,391182.0,23485.0,,,,no_longer_flagged
1095330,391180.0,391182.0,23485.0,,,,no_longer_flagged
1095367,384013.0,370355.0,2854.0,384013.0,370355.0,2596.0,unchanged
1095385,391180.0,391182.0,23485.0,,,,no_longer_flagged
1095396,389931.0,389927.0,11101.0,389931.0,389927.0,10276.0,unchanged
1095399,468238.0,375327.0,306.0,,,,no_longer_flagged
1095436,468238.0,375327.0,306.0,,,,no_longer_flagged
1095444,391393.0,391390.0,938.0,,,,no_longer_flagged
1095446,468238.0,375327.0,306.0,,,,no_longer_flagged
1095449,,,,149438.0,19662.0,21716.0,newly_flagged
1095473,,,,536717.0,20813.0,21726.0,newly_flagged
1095481,468238.0,375327.0,306.0,,,,no_longer_flagged
1095482,,,,388.0,395.0,297.0,newly_flagged
1095528,12508.0,12464.0,23545.0,12508.0,12464.0,21739.0,unchanged
1095547,,,,188479.0,188478.0,21745.0,newly_flagged
1095592,5314.0,5284.0,17084.0,5314.0,5284.0,15854.0,unchanged
1095593,5887.0,5878.0,16631.0,5887.0,5878.0,15410.0,unchanged
1095622,3846.0,3811.0,23577.0,,,,no_longer_flagged
1095624,3846.0,3811.0,23577.0,,,,no_longer_flagged
1095630,,,,16064.0,26326.0,21773.0,newly_flagged
1095695,,,,76458.0,285756.0,21799.0,newly_flagged
1095715,24692.0,24720.0,23614.0,24692.0,24720.0,21807.0,unchanged
1095731,190079.0,19285.0,13080.0,190079.0,19285.0,12165.0,unchanged
1095734,18944.0,18922.0,23619.0,18944.0,18922.0,21812.0,unchanged
1095735,18944.0,18922.0,23619.0,18944.0,18922.0,21812.0,unchanged
1095805,2409.0,20549.0,23638.0,2409.0,20549.0,21833.0,unchanged
1095809,17816.0,17805.0,19389.0,,,,no_longer_flagged
1095840,391180.0,391182.0,23485.0,,,,no_longer_flagged
1095932,307838.0,307837.0,3781.0,307838.0,307837.0,3471.0,unchanged
1095971,391180.0,391182.0,23485.0,,,,no_longer_flagged
1095977,12074.0,24888.0,23687.0,,,,no_longer_flagged
1096000,390699.0,396060.0,23419.0,390699.0,396060.0,21613.0,unchanged
1096006,391180.0,391182.0,23485.0,,,,no_longer_flagged
1096036,,,,58.0,63.0,21886.0,newly_flagged
1096052,378636.0,378638.0,4376.0,378636.0,378638.0,4059.0,unchanged
1096056,391180.0,391182.0,23485.0,,,,no_longer_flagged
1096059,537075.0,26101.0,23695.0,537075.0,26101.0,21890.0,unchanged
1096097,,,,391438.0,391437.0,21898.0,newly_flagged
1096098,391438.0,391439.0,3668.0,391438.0,391437.0,21898.0,recommendation_changed
1096099,391438.0,391439.0,3668.0,391438.0,391437.0,21898.0,recommendation_changed
1096100,,,,391438.0,391437.0,21898.0,newly_flagged
1096101,391439.0,391438.0,23705.0,391439.0,391437.0,21898.0,recommendation_changed
1096102,391439.0,391438.0,23705.0,391439.0,391437.0,21898.0,recommendation_changed
1096103,,,,391439.0,391437.0,21898.0,newly_flagged
1096104,,,,391439.0,391437.0,21898.0,newly_flagged
1096133,384013.0,370355.0,2854.0,384013.0,370355.0,2596.0,unchanged
1096135,375313.0,375310.0,5205.0,375313.0,375310.0,4879.0,unchanged
1096145,,,,391439.0,391437.0,21898.0,newly_flagged
1096146,391437.0,391439.0,3668.0,,,,no_longer_flagged
1096147,391437.0,391439.0,3668.0,,,,no_longer_flagged
1096149,,,,391439.0,391437.0,21898.0,newly_flagged
1096151,391437.0,391439.0,3668.0,,,,no_longer_flagged
1096152,391437.0,391439.0,3668.0,,,,no_longer_flagged
1096162,434687.0,434688.0,340.0,,,,no_longer_flagged
1096181,497035.0,535853.0,1092.0,497035.0,535853.0,985.0,unchanged
1096191,11678.0,11826.0,23727.0,,,,no_longer_flagged
1096205,458683.0,110387.0,23735.0,,,,no_longer_flagged
1096208,,,,110384.0,458683.0,21922.0,newly_flagged
1096239,389931.0,389927.0,11101.0,389931.0,389927.0,10276.0,unchanged
1096269,162.0,196.0,4405.0,162.0,145.0,21937.0,recommendation_changed
1096314,160958.0,7237.0,23756.0,160958.0,7237.0,21943.0,unchanged
1096360,377611.0,12464.0,23545.0,377611.0,12464.0,21739.0,unchanged
1096442,12039.0,24912.0,14418.0,,,,no_longer_flagged
1096481,280008.0,280006.0,23788.0,280008.0,280006.0,21971.0,unchanged
1096505,280007.0,280006.0,23788.0,280007.0,280006.0,21971.0,unchanged
1096546,449117.0,449115.0,23801.0,449117.0,449115.0,21980.0,unchanged
1096549,449116.0,449115.0,23801.0,449116.0,449115.0,21980.0,unchanged
1096566,8122.0,8090.0,23808.0,8122.0,8090.0,21988.0,unchanged
1096567,391361.0,391360.0,23639.0,391361.0,391360.0,21834.0,unchanged
1096598,449116.0,449115.0,23801.0,449116.0,449115.0,21980.0,unchanged
1096603,434689.0,124779.0,23813.0,434689.0,124779.0,21993.0,unchanged
1096615,449116.0,449115.0,23801.0,449116.0,449115.0,21980.0,unchanged
1096616,449116.0,449115.0,23801.0,449116.0,449115.0,21980.0,unchanged
1096620,8122.0,8090.0,23808.0,8122.0,8090.0,21988.0,unchanged
1096654,,536699.0,23823.0,,536699.0,22001.0,unchanged
1096664,24477.0,24464.0,23830.0,24477.0,24464.0,22008.0,unchanged
1096675,12976.0,13175.0,18198.0,12976.0,12904.0,20273.0,recommendation_changed
1096681,24477.0,24464.0,23830.0,24477.0,24464.0,22008.0,unchanged
1096701,537450.0,537451.0,15352.0,,,,no_longer_flagged
1096703,,449264.0,4360.0,,415422.0,15202.0,recommendation_changed
1096704,,525843.0,4732.0,,525843.0,4405.0,unchanged
1096707,9580.0,9546.0,23854.0,,,,no_longer_flagged
1096827,396077.0,396078.0,23634.0,396077.0,396078.0,21829.0,unchanged
1096847,16460.0,16408.0,23891.0,16460.0,16408.0,22066.0,unchanged
1096859,364828.0,10737.0,23897.0,364828.0,10531.0,22071.0,recommendation_changed
1096886,,,,18766.0,18806.0,9983.0,newly_flagged
1096902,23113.0,8491.0,14326.0,23113.0,8491.0,13325.0,unchanged
1096912,18556.0,18570.0,23936.0,18556.0,18570.0,22108.0,unchanged
1096921,257602.0,26245.0,23943.0,257602.0,26245.0,22114.0,unchanged
1096953,449117.0,449115.0,23801.0,449117.0,449115.0,21980.0,unchanged
1096955,449117.0,449115.0,23801.0,449117.0,449115.0,21980.0,unchanged
1096956,449117.0,449115.0,23801.0,449117.0,449115.0,21980.0,unchanged
1096991,377693.0,391404.0,3689.0,,,,no_longer_flagged
1097105,108150.0,108147.0,4924.0,108150.0,108147.0,4596.0,unchanged
1097110,425036.0,376812.0,23972.0,425036.0,99171.0,22141.0,recommendation_changed
1097123,535996.0,506690.0,8785.0,,,,no_longer_flagged
1097124,,535979.0,23975.0,,535979.0,22142.0,unchanged
1097125,,535484.0,23976.0,,535484.0,22144.0,unchanged
1097127,535977.0,535975.0,98.0,,,,no_longer_flagged
1097128,535977.0,535975.0,6739.0,535977.0,535975.0,5583.0,unchanged
1097129,535976.0,535975.0,13201.0,535976.0,535975.0,5583.0,unchanged
1097130,535977.0,535975.0,6739.0,535977.0,535975.0,5583.0,unchanged
1097131,536893.0,536892.0,8909.0,536893.0,536892.0,8287.0,unchanged
1097132,,535975.0,6739.0,,535975.0,5583.0,unchanged
1097142,535996.0,506690.0,8785.0,,,,no_longer_flagged
1097144,535996.0,506690.0,8785.0,,,,no_longer_flagged
1097145,,536190.0,23981.0,,536190.0,22150.0,unchanged
1097146,,,,535977.0,535975.0,5583.0,newly_flagged
1097149,535976.0,535975.0,98.0,535976.0,535975.0,5583.0,unchanged
1097151,,535975.0,6739.0,,535975.0,5583.0,unchanged
1097160,,,,535977.0,535975.0,5583.0,newly_flagged
1097161,,537121.0,17021.0,,537121.0,15788.0,unchanged
1097172,,525843.0,4732.0,,525843.0,4405.0,unchanged
1097173,,,,535976.0,535975.0,5583.0,newly_flagged
1097174,535976.0,535975.0,98.0,535976.0,535975.0,5583.0,unchanged
1097175,,537451.0,15352.0,,,,no_longer_flagged
1097178,,506638.0,1432.0,,,,no_longer_flagged
1097180,391276.0,391282.0,1291.0,391276.0,391280.0,1175.0,recommendation_changed
1097185,9673.0,9664.0,23993.0,9673.0,9664.0,22161.0,unchanged
1097189,,,,473132.0,473122.0,4509.0,newly_flagged
1097190,,378639.0,4370.0,,378639.0,4053.0,unchanged
1097193,,391152.0,23754.0,,391152.0,21941.0,unchanged
1097207,,536187.0,24000.0,,,,no_longer_flagged
1097208,,536190.0,23981.0,,536190.0,22150.0,unchanged
1097211,,,,473206.0,449264.0,4300.0,newly_flagged
1097321,497035.0,535853.0,1092.0,497035.0,535853.0,985.0,unchanged
1097338,537135.0,537131.0,4809.0,,,,no_longer_flagged
1097360,389931.0,389927.0,11101.0,389931.0,389927.0,10276.0,unchanged
1097379,377867.0,377857.0,4067.0,377867.0,377857.0,3751.0,unchanged
1097466,344363.0,345003.0,23780.0,344363.0,345003.0,21962.0,unchanged
1097539,26424.0,16386.0,24061.0,26424.0,16386.0,22226.0,unchanged
1097547,,130219.0,22384.0,,130219.0,20712.0,unchanged
1097615,,,,50204.0,4306.0,4953.0,newly_flagged
1097632,23311.0,8877.0,15503.0,23311.0,8877.0,14367.0,unchanged
1097636,339837.0,339836.0,15487.0,339837.0,339836.0,14350.0,unchanged
1097651,23420.0,8877.0,15503.0,23420.0,8877.0,14367.0,unchanged
1097665,22501.0,6905.0,24109.0,,,,no_longer_flagged
1097689,375308.0,375309.0,8053.0,375308.0,375309.0,7525.0,unchanged
1097700,6916.0,6921.0,17992.0,6916.0,6921.0,16751.0,unchanged
1097703,283527.0,283526.0,17752.0,,,,no_longer_flagged
1097707,24877.0,24922.0,1117.0,24877.0,24922.0,1009.0,unchanged
1097708,6970.0,6987.0,7661.0,6970.0,6987.0,7153.0,unchanged
1097719,377424.0,377425.0,4043.0,377424.0,377425.0,3728.0,unchanged
1097728,,,,13920.0,13846.0,16702.0,newly_flagged
1097737,14798.0,14870.0,17842.0,14798.0,14870.0,16603.0,unchanged
1097739,,,,26447.0,16464.0,16452.0,newly_flagged
1097765,179198.0,179197.0,13616.0,179198.0,179197.0,12624.0,unchanged
1097769,23822.0,23799.0,18134.0,23822.0,23799.0,16895.0,unchanged
1097778,370398.0,370397.0,3611.0,370398.0,370397.0,3303.0,unchanged
1097827,216329.0,216958.0,17757.0,216329.0,216958.0,16517.0,unchanged
1097893,,,,25730.0,14460.0,3857.0,newly_flagged
1097921,265282.0,265281.0,12989.0,265282.0,265281.0,12074.0,unchanged
1097934,,,,7645.0,7549.0,22290.0,newly_flagged
1097961,20345.0,1855.0,4195.0,20345.0,1855.0,3879.0,unchanged
1097962,18903.0,19008.0,4172.0,18903.0,19008.0,3856.0,unchanged
1097983,,,,153923.0,153917.0,8332.0,newly_flagged
1097988,384814.0,389929.0,4713.0,,,,no_longer_flagged
1098002,364616.0,364605.0,3950.0,,,,no_longer_flagged
1098021,6263.0,6238.0,18307.0,,,,no_longer_flagged
1098086,370319.0,2497.0,17831.0,370319.0,2497.0,16592.0,unchanged
1098088,370357.0,282566.0,17715.0,370357.0,282566.0,16475.0,unchanged
1098110,20395.0,2005.0,18099.0,20395.0,2005.0,16858.0,unchanged
1098119,383515.0,383516.0,17966.0,,,,no_longer_flagged
1098132,,,,343212.0,343213.0,6912.0,newly_flagged
1098139,16075.0,16091.0,17765.0,,,,no_longer_flagged
1098146,8743.0,8738.0,18070.0,8743.0,8738.0,16829.0,unchanged
1098175,,,,23348.0,8700.0,8527.0,newly_flagged
1098231,,,,23041.0,23077.0,1408.0,newly_flagged
1098535,5176.0,5172.0,3926.0,5176.0,5172.0,3611.0,unchanged
1098555,3102.0,3101.0,1115.0,3102.0,3101.0,1007.0,unchanged
1098568,27405.0,27403.0,16766.0,27405.0,27403.0,15538.0,unchanged
1098585,23680.0,9467.0,24177.0,23680.0,9467.0,22330.0,unchanged
1098913,6307.0,6294.0,24194.0,6307.0,6294.0,22346.0,unchanged
1098919,339835.0,339516.0,17545.0,339835.0,339516.0,16306.0,unchanged
1098932,21390.0,26167.0,24204.0,21390.0,425182.0,22356.0,recommendation_changed
1098944,,,,219843.0,219850.0,12184.0,newly_flagged
1098950,216957.0,216958.0,17757.0,,,,no_longer_flagged
1098951,216957.0,216958.0,17757.0,,,,no_longer_flagged
1098952,216957.0,216958.0,17757.0,,,,no_longer_flagged
1098953,216329.0,216958.0,17757.0,216329.0,216958.0,16517.0,unchanged
1098961,216317.0,219839.0,13102.0,216317.0,219850.0,12184.0,recommendation_changed
1098970,233287.0,233285.0,24211.0,233287.0,233285.0,22363.0,unchanged
1098982,,,,216956.0,219850.0,12184.0,newly_flagged
1098983,,,,216956.0,219850.0,12184.0,newly_flagged
1098984,,,,216956.0,219850.0,12184.0,newly_flagged
1098985,,,,216956.0,219850.0,12184.0,newly_flagged
1098989,216329.0,216958.0,17757.0,216329.0,216958.0,16517.0,unchanged
1099001,207036.0,207035.0,13111.0,207036.0,207035.0,12194.0,unchanged
1099030,233276.0,233282.0,3838.0,233276.0,233282.0,3528.0,unchanged
1099031,,,,233276.0,233282.0,3528.0,newly_flagged
1099032,233276.0,233282.0,3838.0,233276.0,233282.0,3528.0,unchanged
1099033,233276.0,233282.0,3838.0,233276.0,233282.0,3528.0,unchanged
1099040,248002.0,250558.0,13086.0,,,,no_longer_flagged
1099051,233597.0,233596.0,13107.0,233597.0,233596.0,12189.0,unchanged
1099052,233597.0,233596.0,13107.0,233597.0,233596.0,12189.0,unchanged
1099053,233597.0,233596.0,13107.0,233597.0,233596.0,12189.0,unchanged
1099074,233283.0,233282.0,3838.0,233283.0,233282.0,3528.0,unchanged
1099076,233283.0,233282.0,3838.0,233283.0,233282.0,3528.0,unchanged
1099077,233283.0,233282.0,3838.0,233283.0,233282.0,3528.0,unchanged
1099101,233597.0,233596.0,13107.0,233597.0,233596.0,12189.0,unchanged
1099102,216325.0,219839.0,13102.0,216325.0,219850.0,12184.0,recommendation_changed
1099130,233284.0,233282.0,3838.0,233284.0,233282.0,3528.0,unchanged
1099131,233284.0,233282.0,3838.0,233284.0,233282.0,3528.0,unchanged
1099132,233284.0,233282.0,3838.0,233284.0,233282.0,3528.0,unchanged
1099133,233284.0,233282.0,3838.0,233284.0,233282.0,3528.0,unchanged
1099208,17555.0,26755.0,22995.0,17555.0,26755.0,21243.0,unchanged
1099214,,,,17398.0,17326.0,12393.0,newly_flagged
1099216,,,,17398.0,17326.0,12393.0,newly_flagged
1099225,16181.0,26368.0,1460.0,16181.0,26368.0,1337.0,unchanged
1099261,71649.0,71653.0,24262.0,71649.0,71653.0,22409.0,unchanged
1099278,26500.0,16600.0,9579.0,,,,no_longer_flagged
1099283,370422.0,17063.0,989.0,370422.0,17063.0,890.0,unchanged
1099320,26500.0,16600.0,9579.0,,,,no_longer_flagged
1099321,26500.0,16600.0,9579.0,,,,no_longer_flagged
1099331,16569.0,26473.0,21810.0,16569.0,26473.0,20159.0,unchanged
1099362,15864.0,15846.0,20068.0,15864.0,15846.0,18569.0,unchanged
1099390,13803.0,1018.0,4704.0,13803.0,1018.0,4378.0,unchanged
1099391,,,,18173.0,18235.0,22446.0,newly_flagged
1099442,15864.0,15846.0,20068.0,,,,no_longer_flagged
1099475,17582.0,17606.0,22944.0,17582.0,17606.0,21204.0,unchanged
1099483,17582.0,17606.0,22944.0,17582.0,17606.0,21204.0,unchanged
1099523,13025.0,13076.0,24332.0,13025.0,13076.0,22471.0,unchanged
1099551,26361.0,26356.0,19295.0,26361.0,26356.0,17985.0,unchanged
1099552,96924.0,102694.0,24341.0,96924.0,102694.0,22479.0,unchanged
1099631,17843.0,17861.0,23074.0,17843.0,17861.0,21315.0,unchanged
1099642,26425.0,26393.0,22191.0,,,,no_longer_flagged
1099644,26425.0,26393.0,22191.0,,,,no_longer_flagged
1099645,26425.0,26393.0,22191.0,,,,no_longer_flagged
1099829,17314.0,17315.0,24400.0,17314.0,17315.0,22532.0,unchanged
1099869,16206.0,16233.0,7881.0,,,,no_longer_flagged
1099903,13580.0,13589.0,24416.0,13580.0,13552.0,20962.0,recommendation_changed
1099905,25480.0,13589.0,24416.0,25480.0,13552.0,20962.0,recommendation_changed
1100010,17766.0,17709.0,19306.0,17766.0,17709.0,17991.0,unchanged
1100011,17215.0,26672.0,7868.0,17215.0,26672.0,7357.0,unchanged
1100057,18145.0,18172.0,22935.0,18145.0,18172.0,21200.0,unchanged
1100064,,,,16194.0,16268.0,2178.0,newly_flagged
1100076,16381.0,26393.0,22191.0,16381.0,16324.0,12010.0,recommendation_changed
1100078,17739.0,17717.0,22091.0,17739.0,17717.0,20440.0,unchanged
1100101,17020.0,16987.0,5077.0,17020.0,16987.0,4746.0,unchanged
1100118,17509.0,17486.0,22962.0,17509.0,17486.0,21217.0,unchanged
1100144,,,,16349.0,26386.0,22597.0,newly_flagged
1100145,,,,16349.0,26386.0,22597.0,newly_flagged
1100167,17215.0,26672.0,7868.0,17215.0,26672.0,7357.0,unchanged
1100168,17215.0,26672.0,7868.0,17215.0,26672.0,7357.0,unchanged
1100183,16349.0,26386.0,24494.0,16349.0,26386.0,22597.0,unchanged
1100184,,,,16349.0,26386.0,22597.0,newly_flagged
1100198,16349.0,26386.0,24494.0,16349.0,26386.0,22597.0,unchanged
1100200,,,,16349.0,26386.0,22597.0,newly_flagged
1100201,,,,16349.0,26386.0,22597.0,newly_flagged
1100225,116779.0,116781.0,12514.0,116779.0,116781.0,11589.0,unchanged
1100260,16655.0,16644.0,24516.0,16655.0,16644.0,22621.0,unchanged
1100266,17037.0,17015.0,24519.0,,,,no_longer_flagged
1100278,17015.0,16998.0,24526.0,,,,no_longer_flagged
1100279,,,,16998.0,17015.0,22630.0,newly_flagged
1100283,17037.0,17015.0,24527.0,17037.0,17015.0,22630.0,unchanged
1100284,17037.0,17015.0,24527.0,17037.0,17015.0,22630.0,unchanged
1100285,17037.0,17015.0,24527.0,17037.0,17015.0,22630.0,unchanged
1100287,,,,16998.0,16962.0,22627.0,newly_flagged
1100290,16998.0,16962.0,24524.0,16998.0,17015.0,22632.0,recommendation_changed
1100291,,,,16998.0,16962.0,22627.0,newly_flagged
1100292,,,,16998.0,16962.0,22627.0,newly_flagged
1100293,17015.0,16998.0,24529.0,,,,no_longer_flagged
1100297,17037.0,17039.0,24533.0,,,,no_longer_flagged
1100298,16998.0,17015.0,24527.0,16998.0,17015.0,22630.0,unchanged
1100300,17037.0,17039.0,24533.0,,,,no_longer_flagged
1100301,16998.0,17015.0,24527.0,,,,no_longer_flagged
1100302,,,,17037.0,17015.0,22635.0,newly_flagged
1100304,,,,17037.0,17015.0,22635.0,newly_flagged
1100306,16998.0,16962.0,24524.0,16998.0,17015.0,22632.0,recommendation_changed
1100307,17015.0,16962.0,24524.0,,,,no_longer_flagged
1100308,17015.0,16962.0,24524.0,,,,no_longer_flagged
1100309,17015.0,16962.0,24524.0,,,,no_longer_flagged
1100312,,,,17037.0,17015.0,22635.0,newly_flagged
1100313,17037.0,17015.0,24536.0,,,,no_longer_flagged
1100317,16998.0,16962.0,24537.0,16998.0,16962.0,22637.0,unchanged
1100363,16517.0,16410.0,19911.0,16517.0,26449.0,18441.0,recommendation_changed
1100374,26449.0,26462.0,19601.0,,,,no_longer_flagged
1100375,26449.0,26462.0,19601.0,,,,no_longer_flagged
1100376,26449.0,26462.0,19601.0,,,,no_longer_flagged
1100377,26449.0,26462.0,19601.0,,,,no_longer_flagged
1100412,535598.0,390530.0,3114.0,535598.0,535595.0,2850.0,recommendation_changed
1100427,26474.0,26470.0,24571.0,26474.0,26470.0,22664.0,unchanged
1100457,26922.0,26879.0,19581.0,,,,no_longer_flagged
1100501,,,,13640.0,13616.0,18087.0,newly_flagged
1100529,12818.0,12621.0,24600.0,,,,no_longer_flagged
1100543,17065.0,17087.0,20119.0,,,,no_longer_flagged
1100571,16414.0,26393.0,22191.0,16414.0,26425.0,20527.0,recommendation_changed
1100573,16414.0,26393.0,22191.0,16414.0,26425.0,20527.0,recommendation_changed
1100578,17065.0,17087.0,20119.0,,,,no_longer_flagged
1100580,17065.0,17087.0,20119.0,,,,no_longer_flagged
1100581,17065.0,17087.0,20119.0,,,,no_longer_flagged
1100624,17143.0,17120.0,22825.0,17143.0,17120.0,21117.0,unchanged
1100650,,,,16431.0,16457.0,22704.0,newly_flagged
1100651,,,,16431.0,16457.0,22704.0,newly_flagged
1100653,,,,16431.0,16457.0,22704.0,newly_flagged
1100755,16433.0,16425.0,24661.0,16433.0,16425.0,22736.0,unchanged
1100756,16433.0,16425.0,24661.0,16433.0,16425.0,22736.0,unchanged
1100757,,,,16433.0,16425.0,22736.0,newly_flagged
1100772,,,,16433.0,16425.0,22736.0,newly_flagged
1101003,16339.0,26393.0,22191.0,16339.0,16324.0,12010.0,recommendation_changed
1101016,16311.0,26393.0,22191.0,16311.0,16324.0,12010.0,recommendation_changed
1101043,16339.0,26393.0,22191.0,16339.0,16324.0,12010.0,recommendation_changed
1101059,16339.0,26393.0,22191.0,16339.0,16324.0,12010.0,recommendation_changed
1101061,16311.0,26393.0,22191.0,16311.0,16324.0,12010.0,recommendation_changed
1101115,16982.0,16958.0,24760.0,,,,no_longer_flagged
1101117,16982.0,16958.0,24762.0,,,,no_longer_flagged
1101192,37734.0,37733.0,24783.0,37734.0,37733.0,22834.0,unchanged
1101317,391273.0,391282.0,1291.0,391273.0,391280.0,1175.0,recommendation_changed
1101321,,,,26559.0,26546.0,18094.0,newly_flagged
1101345,26723.0,17394.0,23341.0,26723.0,17394.0,21544.0,unchanged
1101368,,,,26559.0,26546.0,18094.0,newly_flagged
1101369,,,,26559.0,26546.0,18094.0,newly_flagged
1101389,,,,210875.0,4212.0,22864.0,newly_flagged
1101394,26403.0,16410.0,19911.0,26403.0,26449.0,18441.0,recommendation_changed
1101396,16426.0,16410.0,19911.0,,,,no_longer_flagged
1101403,,,,210875.0,4212.0,22864.0,newly_flagged
1101424,18295.0,18283.0,22964.0,,,,no_longer_flagged
1101435,4132.0,4112.0,20267.0,,,,no_longer_flagged
1101519,26503.0,16600.0,9579.0,26503.0,16641.0,8894.0,recommendation_changed
1101521,26503.0,16600.0,9579.0,26503.0,16641.0,8894.0,recommendation_changed
1101526,16659.0,16600.0,9579.0,16659.0,16641.0,8894.0,recommendation_changed
1101528,16640.0,506645.0,24860.0,16640.0,506645.0,22890.0,unchanged
1101534,,,,16659.0,16641.0,8894.0,newly_flagged
1101546,16641.0,16600.0,9579.0,,,,no_longer_flagged
1101547,26503.0,16600.0,9579.0,26503.0,16641.0,8894.0,recommendation_changed
1101554,16641.0,16600.0,9579.0,,,,no_longer_flagged
1101557,16641.0,16600.0,9579.0,,,,no_longer_flagged
1101603,16659.0,16600.0,9579.0,16659.0,16641.0,8894.0,recommendation_changed
1101672,17154.0,17109.0,4908.0,17154.0,17109.0,4580.0,unchanged
1101673,17154.0,17109.0,4908.0,17154.0,17109.0,4580.0,unchanged
1101678,17154.0,17109.0,4908.0,17154.0,17109.0,4580.0,unchanged
1101680,17154.0,17109.0,4908.0,17154.0,17109.0,4580.0,unchanged
1101704,,,,264640.0,26949.0,22917.0,newly_flagged
1101717,16800.0,16788.0,24671.0,,,,no_longer_flagged
1101798,,,,13864.0,13813.0,20592.0,newly_flagged
1101802,,,,13106.0,13080.0,20212.0,newly_flagged
1101846,389915.0,13183.0,24938.0,389915.0,13183.0,22954.0,unchanged
1101869,16128.0,16124.0,24949.0,16128.0,16124.0,22966.0,unchanged
1101902,17843.0,17819.0,24965.0,17843.0,17819.0,22975.0,unchanged
1101933,26339.0,16128.0,24948.0,26339.0,16128.0,22965.0,unchanged
1101942,,,,16128.0,16124.0,22966.0,newly_flagged
1101944,16128.0,16124.0,24949.0,16128.0,16124.0,22966.0,unchanged
1101945,16128.0,16124.0,24949.0,16128.0,16124.0,22966.0,unchanged
1101986,,,,16606.0,16615.0,16891.0,newly_flagged
1102089,16532.0,16575.0,23038.0,16532.0,16575.0,21285.0,unchanged
1102160,89567.0,17109.0,4908.0,89567.0,17109.0,4580.0,unchanged
1102174,16242.0,26367.0,22580.0,,,,no_longer_flagged
1102193,16242.0,26367.0,22580.0,,,,no_longer_flagged
1102219,16641.0,16600.0,9579.0,,,,no_longer_flagged
1102228,,,,18232.0,18204.0,21198.0,newly_flagged
1102241,16220.0,26367.0,22580.0,,,,no_longer_flagged
1102244,16569.0,26473.0,21810.0,16569.0,26473.0,20159.0,unchanged
1102259,,,,16431.0,16457.0,22704.0,newly_flagged
1102266,4336.0,4322.0,25063.0,4336.0,4322.0,23064.0,unchanged
1102269,4336.0,4322.0,25063.0,4336.0,4322.0,23064.0,unchanged
1102271,16923.0,16961.0,25070.0,16923.0,16961.0,23071.0,unchanged
1102277,16569.0,26473.0,21810.0,16569.0,26473.0,20159.0,unchanged
1102343,16381.0,26393.0,22191.0,16381.0,16324.0,12010.0,recommendation_changed
1102353,,,,16410.0,26449.0,18441.0,newly_flagged
1102381,16426.0,16410.0,19911.0,,,,no_longer_flagged
1102384,,,,16410.0,26449.0,18441.0,newly_flagged
1102385,16426.0,16410.0,19911.0,,,,no_longer_flagged
1102416,,,,16410.0,26449.0,18441.0,newly_flagged
1102454,26939.0,26879.0,19581.0,26939.0,26922.0,18173.0,recommendation_changed
1102502,16343.0,16296.0,25139.0,,,,no_longer_flagged
1102513,26474.0,26481.0,13810.0,26474.0,26481.0,7343.0,unchanged
1102542,16203.0,16251.0,24641.0,,,,no_longer_flagged
1102572,16433.0,16425.0,25160.0,16433.0,16425.0,23124.0,unchanged
1102573,,,,16433.0,16425.0,23124.0,newly_flagged
1102629,16251.0,16203.0,25177.0,,,,no_longer_flagged
1102635,,,,16425.0,16433.0,23141.0,newly_flagged
1102636,16425.0,16433.0,24662.0,16425.0,16433.0,23141.0,unchanged
1102637,,,,16425.0,16433.0,23141.0,newly_flagged
1102646,16349.0,16385.0,25184.0,,,,no_longer_flagged
1102654,16433.0,16425.0,24661.0,16433.0,16425.0,22736.0,unchanged
1102656,16433.0,16425.0,25191.0,16433.0,16425.0,22736.0,unchanged
1102665,16433.0,16425.0,25179.0,,,,no_longer_flagged
1102670,16251.0,16203.0,25177.0,,,,no_longer_flagged
1102674,16251.0,16203.0,25197.0,,,,no_longer_flagged
1102675,16251.0,16203.0,25197.0,,,,no_longer_flagged
1102676,16251.0,16203.0,25177.0,,,,no_longer_flagged
1102696,16433.0,16425.0,25200.0,,,,no_longer_flagged
1102698,,,,16425.0,16433.0,23141.0,newly_flagged
1102699,,,,16425.0,16433.0,23141.0,newly_flagged
1102700,,,,16425.0,16433.0,23141.0,newly_flagged
1102701,,,,16433.0,16425.0,23124.0,newly_flagged
1102703,16251.0,16203.0,25208.0,,,,no_longer_flagged
1102750,4132.0,4112.0,20267.0,,,,no_longer_flagged
1102767,4132.0,4112.0,20267.0,,,,no_longer_flagged
1102769,4132.0,4112.0,20267.0,,,,no_longer_flagged
1102845,16841.0,16828.0,4901.0,16841.0,16828.0,4573.0,unchanged
1102852,26569.0,26565.0,25256.0,26569.0,26565.0,23178.0,unchanged
1102857,15750.0,15778.0,20270.0,15750.0,15778.0,18725.0,unchanged
1102858,16226.0,16230.0,20277.0,,,,no_longer_flagged
1102859,16226.0,16230.0,20277.0,,,,no_longer_flagged
1102890,16226.0,16230.0,20277.0,,,,no_longer_flagged
1102891,16226.0,16230.0,20277.0,,,,no_longer_flagged
1102892,,,,16230.0,16226.0,18732.0,newly_flagged
1102893,,,,16230.0,16226.0,18732.0,newly_flagged
1102894,26569.0,26565.0,25256.0,26569.0,26565.0,23178.0,unchanged
1102895,26569.0,26565.0,25256.0,26569.0,26565.0,23178.0,unchanged
1102896,26569.0,26565.0,25256.0,26569.0,26565.0,23178.0,unchanged
1102897,26569.0,26565.0,25256.0,26569.0,26565.0,23178.0,unchanged
1102913,,,,16232.0,16268.0,2178.0,newly_flagged
1102915,26362.0,26363.0,22579.0,26362.0,26363.0,20890.0,unchanged
1102946,,,,16594.0,26481.0,7343.0,newly_flagged
1102947,,,,16594.0,26481.0,7343.0,newly_flagged
1102950,,,,26502.0,26500.0,21366.0,newly_flagged
1102959,,,,26502.0,26500.0,21366.0,newly_flagged
1102960,,,,26502.0,26500.0,21366.0,newly_flagged
1102963,16608.0,16600.0,9579.0,16608.0,16600.0,22989.0,unchanged
1102964,16608.0,16600.0,9579.0,16608.0,16600.0,22989.0,unchanged
1103024,16641.0,16600.0,9579.0,,,,no_longer_flagged
1103043,18016.0,26968.0,25295.0,18016.0,26968.0,23206.0,unchanged
1103062,17186.0,17172.0,25284.0,17186.0,17172.0,23200.0,unchanged
1103070,16157.0,16197.0,25296.0,16157.0,16197.0,23207.0,unchanged
1103071,16157.0,16197.0,25296.0,16157.0,16197.0,23207.0,unchanged
1103074,17188.0,17180.0,24553.0,17188.0,17180.0,22651.0,unchanged
1103076,17188.0,17225.0,24552.0,17188.0,17225.0,22650.0,unchanged
1103077,17188.0,17180.0,24553.0,17188.0,17180.0,22651.0,unchanged
1103078,26662.0,26670.0,25304.0,26662.0,26670.0,23213.0,unchanged
1103087,16517.0,16410.0,19911.0,16517.0,26449.0,18441.0,recommendation_changed
1103097,17180.0,17172.0,25284.0,17180.0,17172.0,23200.0,unchanged
1103101,26601.0,16999.0,25298.0,26601.0,16999.0,23208.0,unchanged
1103111,140795.0,140490.0,25314.0,140795.0,140490.0,23223.0,unchanged
1103113,,,,140795.0,140490.0,23223.0,newly_flagged
1103138,26456.0,26464.0,22299.0,,,,no_longer_flagged
1103142,26464.0,26470.0,24571.0,26464.0,26470.0,22664.0,unchanged
1103147,16349.0,16385.0,25184.0,16349.0,16385.0,23147.0,unchanged
1103169,26475.0,26470.0,24571.0,26475.0,26470.0,22664.0,unchanged
1103182,,,,16349.0,16385.0,23147.0,newly_flagged
1103185,16349.0,16385.0,25184.0,,,,no_longer_flagged
1103194,26474.0,26475.0,25326.0,26474.0,26475.0,23230.0,unchanged
1103290,14697.0,14679.0,25357.0,14697.0,14679.0,23252.0,unchanged
1103408,16697.0,16682.0,24757.0,16697.0,16682.0,22810.0,unchanged
1103614,17349.0,17360.0,25449.0,17349.0,17360.0,23335.0,unchanged
1103617,17349.0,17360.0,25449.0,17349.0,17360.0,23335.0,unchanged
1103656,17305.0,17328.0,25450.0,17305.0,17328.0,23336.0,unchanged
1103675,26724.0,17414.0,25471.0,26724.0,17414.0,23352.0,unchanged
1103698,16206.0,16233.0,7881.0,,,,no_longer_flagged
1103699,16206.0,16233.0,7881.0,,,,no_longer_flagged
1103700,16206.0,16233.0,7881.0,,,,no_longer_flagged
1103815,16309.0,16338.0,7571.0,,,,no_longer_flagged
1103816,16309.0,16338.0,7571.0,,,,no_longer_flagged
1103817,16309.0,16338.0,7571.0,,,,no_longer_flagged
1103830,,,,16338.0,16309.0,8487.0,newly_flagged
1103833,,,,16338.0,16309.0,8487.0,newly_flagged
1103840,26364.0,16171.0,25502.0,26364.0,16171.0,23371.0,unchanged
1103899,4336.0,4322.0,25063.0,4336.0,4322.0,23064.0,unchanged
1103900,4336.0,4322.0,25063.0,4336.0,4322.0,23064.0,unchanged
1103906,,,,16385.0,16349.0,23143.0,newly_flagged
1103936,,,,16349.0,16385.0,23147.0,newly_flagged
1104026,4321.0,4328.0,25575.0,4321.0,4328.0,23424.0,unchanged
1104028,4269.0,4311.0,3378.0,4269.0,4311.0,23423.0,unchanged
1104029,4321.0,4328.0,25575.0,4321.0,4328.0,23424.0,unchanged
1104057,26403.0,16410.0,19911.0,26403.0,26449.0,18441.0,recommendation_changed
1104126,16659.0,16600.0,9579.0,16659.0,16641.0,8894.0,recommendation_changed
1104199,25520.0,13749.0,22644.0,25520.0,13749.0,20955.0,unchanged
1104201,25520.0,13749.0,22644.0,25520.0,13749.0,20955.0,unchanged
1104247,,,,27028.0,18117.0,20404.0,newly_flagged
1104318,16203.0,16251.0,24643.0,,,,no_longer_flagged
1104365,16913.0,59483.0,25662.0,16913.0,59483.0,23485.0,unchanged
1104383,16971.0,16928.0,25670.0,16971.0,16928.0,23494.0,unchanged
1104408,16972.0,16950.0,17176.0,16972.0,16950.0,15943.0,unchanged
1104437,26925.0,26923.0,23055.0,26925.0,26923.0,21302.0,unchanged
1104451,,,,16958.0,16947.0,23517.0,newly_flagged
1104453,,,,16958.0,16947.0,23517.0,newly_flagged
1104463,16947.0,16958.0,25696.0,,,,no_longer_flagged
1104464,16947.0,16958.0,25696.0,,,,no_longer_flagged
1104465,,,,16958.0,16982.0,22812.0,newly_flagged
1104474,,,,25350.0,13155.0,15787.0,newly_flagged
1104475,,,,25350.0,13155.0,15787.0,newly_flagged
1104482,25655.0,14166.0,25705.0,25655.0,14166.0,23529.0,unchanged
1104511,14618.0,14684.0,17094.0,14618.0,14684.0,15865.0,unchanged
1104526,14651.0,14719.0,25717.0,14651.0,14719.0,23544.0,unchanged
1104545,425211.0,18217.0,25720.0,425211.0,18217.0,23550.0,unchanged
1104684,4321.0,4328.0,25575.0,4321.0,4328.0,23424.0,unchanged
1104685,4321.0,4328.0,25575.0,4321.0,4328.0,23424.0,unchanged
1104718,4379.0,4402.0,17474.0,4379.0,4402.0,16234.0,unchanged
1104745,,,,246722.0,3519.0,23610.0,newly_flagged
1104775,4132.0,4112.0,20267.0,,,,no_longer_flagged
1104776,4132.0,4112.0,20267.0,,,,no_longer_flagged
1104796,13092.0,12973.0,25814.0,13092.0,12973.0,23633.0,unchanged
1104801,,,,16995.0,16982.0,22814.0,newly_flagged
1104805,4237.0,4311.0,3378.0,,,,no_longer_flagged
1104851,26386.0,16349.0,24487.0,,,,no_longer_flagged
1104852,26386.0,16349.0,24486.0,,,,no_longer_flagged
1104853,,,,16349.0,26386.0,22597.0,newly_flagged
1105006,,,,210875.0,4212.0,22864.0,newly_flagged
1105009,,,,210875.0,4212.0,22864.0,newly_flagged
1105035,17347.0,17322.0,25897.0,17347.0,17322.0,23690.0,unchanged
1105037,17346.0,17347.0,25898.0,17346.0,17347.0,23691.0,unchanged
1105066,17373.0,26697.0,25905.0,17373.0,26697.0,23696.0,unchanged
1105327,4269.0,4311.0,3378.0,4269.0,4311.0,23423.0,unchanged
1105328,4237.0,4311.0,3378.0,,,,no_longer_flagged
1105329,4237.0,4311.0,3378.0,,,,no_longer_flagged
1105350,16230.0,16226.0,25993.0,16230.0,16226.0,23747.0,unchanged
1105351,16230.0,16226.0,25993.0,16230.0,16226.0,23747.0,unchanged
1105352,16230.0,16226.0,25993.0,16230.0,16226.0,23747.0,unchanged
1105353,16230.0,16226.0,25993.0,16230.0,16226.0,23747.0,unchanged
1105391,,,,16230.0,16226.0,18732.0,newly_flagged
1105392,,,,16230.0,16226.0,18732.0,newly_flagged
1105394,16230.0,16226.0,25993.0,16230.0,16226.0,23747.0,unchanged
1105502,16433.0,16425.0,25160.0,16433.0,16425.0,23124.0,unchanged
1105503,,,,16433.0,16425.0,23124.0,newly_flagged
1105504,16433.0,16425.0,25160.0,16433.0,16425.0,23124.0,unchanged
1105602,14015.0,14051.0,26071.0,14015.0,14051.0,23796.0,unchanged
1105695,4379.0,4402.0,17474.0,4379.0,4402.0,16234.0,unchanged
1105716,4379.0,4402.0,17474.0,4379.0,4402.0,16234.0,unchanged
1105725,,,,15562.0,15556.0,12842.0,newly_flagged
1105738,1676.0,1679.0,26127.0,1676.0,1679.0,23844.0,unchanged
1105745,391248.0,391247.0,10377.0,,,,no_longer_flagged
1105758,4269.0,4311.0,3378.0,4269.0,4311.0,23423.0,unchanged
1105762,5153.0,5160.0,26130.0,5153.0,5160.0,23847.0,unchanged
1105765,5153.0,5160.0,26130.0,5153.0,5160.0,23847.0,unchanged
1105906,16995.0,16971.0,25687.0,,,,no_longer_flagged
1105907,,,,16971.0,16995.0,23877.0,newly_flagged
1105908,16971.0,16995.0,26169.0,16971.0,16995.0,23878.0,unchanged
1105920,16995.0,16958.0,24762.0,16995.0,16982.0,22814.0,recommendation_changed
1105922,,,,16971.0,16995.0,23877.0,newly_flagged
1105923,16995.0,16971.0,25687.0,,,,no_longer_flagged
1105925,16995.0,16971.0,25687.0,,,,no_longer_flagged
1105947,15397.0,15417.0,21638.0,15397.0,15417.0,19994.0,unchanged
1105954,,,,16995.0,16982.0,23883.0,newly_flagged
1105955,,,,16995.0,16982.0,22814.0,newly_flagged
1105956,16995.0,16982.0,24761.0,16995.0,16982.0,22813.0,unchanged
1105957,16982.0,16958.0,24762.0,,,,no_longer_flagged
1105964,16971.0,16995.0,26181.0,16971.0,16995.0,23878.0,unchanged
1105974,,,,16995.0,16982.0,23883.0,newly_flagged
1105975,,,,16995.0,16982.0,23883.0,newly_flagged
1105976,16982.0,16995.0,26169.0,,,,no_longer_flagged
1105977,16982.0,17018.0,26183.0,,,,no_longer_flagged
1105978,15462.0,15454.0,20466.0,15462.0,15454.0,18902.0,unchanged
1105979,15424.0,15397.0,19695.0,15424.0,15397.0,18270.0,unchanged
1105991,4269.0,4311.0,3378.0,4269.0,4311.0,23423.0,unchanged
1105995,4269.0,4311.0,3378.0,4269.0,4311.0,23423.0,unchanged
1106032,4269.0,4311.0,3378.0,4269.0,4311.0,23423.0,unchanged
1106050,26713.0,26727.0,24459.0,26713.0,26727.0,22576.0,unchanged
1106095,17328.0,26724.0,24460.0,17328.0,26724.0,22577.0,unchanged
1106194,26727.0,17386.0,23138.0,26727.0,17386.0,21355.0,unchanged
1106218,19290.0,5210.0,23438.0,19290.0,5210.0,21633.0,unchanged
1106219,19290.0,5210.0,23438.0,19290.0,5210.0,21633.0,unchanged
1106230,26612.0,17001.0,26240.0,26612.0,17001.0,23936.0,unchanged
1106233,16998.0,16962.0,24524.0,16998.0,17015.0,22632.0,recommendation_changed
1106252,19269.0,5210.0,23438.0,19269.0,5210.0,21633.0,unchanged
1106253,19269.0,5210.0,23438.0,19269.0,5210.0,21633.0,unchanged
1106382,,,,16644.0,16637.0,23287.0,newly_flagged
1106452,26696.0,17239.0,25306.0,26696.0,17239.0,23215.0,unchanged
1106512,4132.0,4112.0,20267.0,,,,no_longer_flagged
1106513,4132.0,4112.0,20267.0,,,,no_longer_flagged
1106536,4132.0,4112.0,20267.0,,,,no_longer_flagged
1106537,4132.0,4112.0,20267.0,,,,no_longer_flagged
1106561,14225.0,14240.0,21426.0,14225.0,14240.0,19778.0,unchanged
1106573,26283.0,16028.0,20988.0,26283.0,26319.0,11420.0,recommendation_changed
1106648,205116.0,12285.0,14423.0,205116.0,12285.0,3571.0,unchanged
1107787,344373.0,16818.0,5257.0,344373.0,16818.0,4933.0,unchanged
1107826,,,,26566.0,16902.0,24004.0,newly_flagged
1107833,,,,3738.0,3677.0,12107.0,newly_flagged
1107836,434624.0,26167.0,24204.0,434624.0,425182.0,22356.0,recommendation_changed
1107845,224640.0,17639.0,26100.0,224640.0,17639.0,23820.0,unchanged
1107849,189436.0,3208.0,17538.0,189436.0,3208.0,16299.0,unchanged
1107850,189435.0,3208.0,17538.0,189435.0,3208.0,16299.0,unchanged
1107858,23679.0,9467.0,24177.0,23679.0,9467.0,22330.0,unchanged
1107875,,,,17179.0,17260.0,24028.0,newly_flagged
1107877,13934.0,13964.0,22654.0,13934.0,2106.0,10519.0,recommendation_changed
1107878,13928.0,13964.0,22654.0,13928.0,2106.0,10519.0,recommendation_changed
1107879,13910.0,13964.0,22654.0,13910.0,2106.0,10519.0,recommendation_changed
1107880,1985.0,2106.0,11375.0,1985.0,2106.0,10519.0,unchanged
1107881,,,,2108.0,2106.0,10519.0,newly_flagged
1107882,13948.0,13964.0,22654.0,13948.0,2106.0,10519.0,recommendation_changed
1107883,,,,2108.0,2106.0,10519.0,newly_flagged
1107888,1852.0,1830.0,26363.0,1852.0,1830.0,24033.0,unchanged
1107889,4235.0,4179.0,26364.0,4235.0,4179.0,24034.0,unchanged
1107890,13953.0,13964.0,22654.0,13953.0,2106.0,10519.0,recommendation_changed
1107892,13899.0,13964.0,22654.0,13899.0,2106.0,10519.0,recommendation_changed
1108291,216317.0,219839.0,13102.0,216317.0,219850.0,12184.0,recommendation_changed
1108292,216955.0,219839.0,13102.0,216955.0,219850.0,12184.0,recommendation_changed
1108293,216955.0,219839.0,13102.0,216955.0,219850.0,12184.0,recommendation_changed
1108297,216955.0,219839.0,13102.0,216955.0,219850.0,12184.0,recommendation_changed
1108303,233597.0,233596.0,13107.0,233597.0,233596.0,12189.0,unchanged
1108311,235849.0,235843.0,17599.0,235849.0,235843.0,16359.0,unchanged
1108312,235849.0,235843.0,17599.0,235849.0,235843.0,16359.0,unchanged
1108315,216957.0,216958.0,17757.0,,,,no_longer_flagged
1108316,216329.0,216958.0,17757.0,216329.0,216958.0,16517.0,unchanged
1108317,216957.0,216958.0,17757.0,,,,no_longer_flagged
1108324,216317.0,219839.0,13102.0,216317.0,219850.0,12184.0,recommendation_changed
1108336,216320.0,219839.0,13102.0,216320.0,219850.0,12184.0,recommendation_changed
1108338,216320.0,219839.0,13102.0,216320.0,219850.0,12184.0,recommendation_changed
1108360,207036.0,207035.0,13111.0,207036.0,207035.0,12194.0,unchanged
1108362,207036.0,207035.0,13111.0,207036.0,207035.0,12194.0,unchanged
1108379,235848.0,235843.0,17599.0,235848.0,235843.0,16359.0,unchanged
1108380,235848.0,235843.0,17599.0,235848.0,235843.0,16359.0,unchanged
1108381,235848.0,235843.0,17599.0,235848.0,235843.0,16359.0,unchanged
1108382,235848.0,235843.0,17599.0,235848.0,235843.0,16359.0,unchanged
1108383,229766.0,233282.0,3838.0,229766.0,233282.0,3528.0,unchanged
1108384,229766.0,233282.0,3838.0,229766.0,233282.0,3528.0,unchanged
1108385,229766.0,233282.0,3838.0,229766.0,233282.0,3528.0,unchanged
1108386,229766.0,233282.0,3838.0,229766.0,233282.0,3528.0,unchanged
1108395,,,,219843.0,219850.0,12184.0,newly_flagged
1108432,219844.0,219843.0,17639.0,219844.0,219850.0,12184.0,recommendation_changed
1108434,219844.0,219843.0,17639.0,219844.0,219850.0,12184.0,recommendation_changed
1108467,248002.0,250558.0,13086.0,,,,no_longer_flagged
1108555,,,,257924.0,257278.0,12228.0,newly_flagged
1108556,,,,257924.0,257278.0,12228.0,newly_flagged
1108558,,,,257924.0,257278.0,12228.0,newly_flagged
1108563,,,,257924.0,257278.0,12228.0,newly_flagged
1108565,216320.0,219839.0,13102.0,216320.0,219850.0,12184.0,recommendation_changed
1108567,229764.0,233282.0,3838.0,229764.0,233282.0,3528.0,unchanged
1108569,229764.0,233282.0,3838.0,229764.0,233282.0,3528.0,unchanged
1108570,229762.0,229767.0,17553.0,229762.0,229767.0,16312.0,unchanged
1108589,1865.0,1930.0,4188.0,1865.0,1930.0,3872.0,unchanged
1108598,19201.0,19217.0,26387.0,19201.0,19217.0,24056.0,unchanged
1108605,84778.0,1177.0,26394.0,,,,no_longer_flagged
1108609,,,,27409.0,19469.0,4939.0,newly_flagged
1108612,345227.0,26789.0,26400.0,345227.0,26752.0,24068.0,recommendation_changed
1108613,26752.0,26789.0,26400.0,,,,no_longer_flagged
1108614,17489.0,26789.0,26400.0,17489.0,26752.0,24068.0,recommendation_changed
1108615,26752.0,26789.0,26400.0,,,,no_longer_flagged
1108661,26752.0,26789.0,26400.0,,,,no_longer_flagged
1108667,17494.0,26746.0,21392.0,17494.0,26746.0,19749.0,unchanged
1108668,26858.0,17737.0,26421.0,,,,no_longer_flagged
1108681,17489.0,26789.0,26400.0,17489.0,26752.0,24068.0,recommendation_changed
1108692,26809.0,26778.0,26427.0,26809.0,26778.0,24092.0,unchanged
1108844,,,,16958.0,16947.0,23521.0,newly_flagged
1108845,,,,16958.0,16947.0,23521.0,newly_flagged
1108846,,,,16958.0,16947.0,23521.0,newly_flagged
1108847,16947.0,16958.0,25696.0,,,,no_longer_flagged
1108848,,,,16691.0,16677.0,22816.0,newly_flagged
1108850,,,,16691.0,16677.0,22816.0,newly_flagged
1108909,17298.0,17250.0,25907.0,17298.0,17250.0,23698.0,unchanged
1108928,17303.0,17298.0,25906.0,17303.0,17298.0,23697.0,unchanged
1108929,17303.0,17298.0,25906.0,17303.0,17298.0,23697.0,unchanged
1108931,17321.0,17303.0,26522.0,17321.0,17303.0,24157.0,unchanged
1108938,17298.0,17322.0,25897.0,17298.0,17322.0,23690.0,unchanged
1108944,17373.0,17321.0,26526.0,17373.0,17321.0,24161.0,unchanged
1108946,17346.0,17373.0,26527.0,17346.0,17373.0,24162.0,unchanged
1108958,17347.0,17322.0,25897.0,17347.0,17322.0,23690.0,unchanged
1108971,26689.0,26697.0,25905.0,26689.0,26697.0,23696.0,unchanged
1108975,17298.0,17266.0,26518.0,17298.0,17266.0,24154.0,unchanged
1108982,17233.0,26686.0,26533.0,17233.0,17260.0,24028.0,recommendation_changed
1108985,17346.0,17373.0,26527.0,17346.0,17373.0,24162.0,unchanged
1108994,17275.0,17282.0,26535.0,17275.0,17282.0,24168.0,unchanged
1108995,5095.0,18812.0,26539.0,5095.0,18812.0,24172.0,unchanged
1109000,17236.0,17219.0,26540.0,17236.0,17219.0,24173.0,unchanged
1109003,17236.0,17219.0,26540.0,17236.0,17219.0,24173.0,unchanged
1109005,16928.0,16971.0,25687.0,16928.0,16971.0,23512.0,unchanged
1109006,16928.0,16971.0,25687.0,16928.0,16971.0,23512.0,unchanged
1109037,16971.0,16928.0,25670.0,16971.0,16928.0,23494.0,unchanged
1109069,16928.0,16971.0,25687.0,16928.0,16971.0,23512.0,unchanged
1109070,16971.0,16928.0,25670.0,16971.0,16928.0,23494.0,unchanged
1109074,26584.0,16913.0,25673.0,26584.0,16913.0,23497.0,unchanged
1109075,26584.0,16913.0,25673.0,26584.0,16913.0,23497.0,unchanged
1109117,14792.0,14802.0,26582.0,14792.0,14802.0,24201.0,unchanged
1109160,14718.0,14708.0,2187.0,14718.0,14708.0,2021.0,unchanged
1109178,18131.0,27069.0,26584.0,18131.0,27069.0,24203.0,unchanged
1109179,18131.0,27069.0,26584.0,18131.0,27069.0,24203.0,unchanged
1109180,14718.0,14708.0,2187.0,14718.0,14708.0,2021.0,unchanged
1109202,14734.0,14792.0,26583.0,14734.0,14792.0,24202.0,unchanged
1109251,14618.0,14684.0,17094.0,14618.0,14684.0,15865.0,unchanged
1109260,14683.0,14602.0,26604.0,14683.0,14602.0,24220.0,unchanged
1109261,14683.0,14734.0,26606.0,14683.0,14734.0,24221.0,unchanged
1109262,14683.0,14734.0,26606.0,14683.0,14734.0,24221.0,unchanged
1109280,14734.0,14792.0,26583.0,14734.0,14792.0,24202.0,unchanged
1109282,14719.0,14763.0,21367.0,14719.0,14763.0,19726.0,unchanged
1109316,13695.0,13715.0,26626.0,13695.0,13715.0,24233.0,unchanged
1109317,13695.0,13715.0,26626.0,13695.0,13715.0,24233.0,unchanged
1109321,17373.0,17346.0,25896.0,17373.0,17346.0,23689.0,unchanged
1109390,86364.0,5212.0,26649.0,86364.0,5212.0,24252.0,unchanged
1109401,17225.0,26696.0,25305.0,17225.0,26696.0,23214.0,unchanged
1109452,15841.0,15802.0,20186.0,15841.0,15802.0,18655.0,unchanged
1109453,15841.0,15802.0,20186.0,15841.0,15802.0,18655.0,unchanged
1109469,15841.0,15802.0,20186.0,15841.0,15802.0,18655.0,unchanged
1109470,15841.0,15802.0,20186.0,15841.0,15802.0,18655.0,unchanged
1109471,15841.0,15827.0,20682.0,15841.0,15827.0,19086.0,unchanged
1109475,15869.0,15859.0,26659.0,15869.0,15859.0,24262.0,unchanged
1109514,,536226.0,13666.0,,536226.0,12672.0,unchanged
1109632,5085.0,5111.0,26691.0,5085.0,5111.0,24291.0,unchanged
1109634,5093.0,370430.0,26292.0,5093.0,370430.0,23974.0,unchanged
1109635,5093.0,370430.0,26292.0,5093.0,370430.0,23974.0,unchanged
1109778,13753.0,13789.0,26733.0,,,,no_longer_flagged
1109782,14341.0,14268.0,26734.0,14341.0,14268.0,24325.0,unchanged
1109783,14268.0,14241.0,25787.0,,,,no_longer_flagged
1109788,13753.0,13789.0,26733.0,,,,no_longer_flagged
1109789,13753.0,13789.0,26733.0,,,,no_longer_flagged
1109790,13753.0,13789.0,26733.0,,,,no_longer_flagged
1109798,5114.0,18812.0,26539.0,,,,no_longer_flagged
1109813,14268.0,14241.0,25787.0,14268.0,14241.0,23605.0,unchanged
1109814,18812.0,18825.0,26743.0,18812.0,18825.0,24336.0,unchanged
1109815,,,,14268.0,14241.0,23605.0,newly_flagged
1109826,,,,14268.0,14241.0,23605.0,newly_flagged
1109828,14486.0,14268.0,26734.0,14486.0,14268.0,24325.0,unchanged
1109830,14341.0,14268.0,26734.0,14341.0,14268.0,24325.0,unchanged
1109834,18825.0,18827.0,26538.0,18825.0,18827.0,24171.0,unchanged
1109836,14290.0,14321.0,2090.0,14290.0,14321.0,1932.0,unchanged
1109845,220476.0,220480.0,1681.0,220476.0,220480.0,1562.0,unchanged
1109847,5114.0,18812.0,26539.0,,,,no_longer_flagged
1109866,15794.0,15749.0,20067.0,15794.0,15749.0,18568.0,unchanged
1109874,18695.0,27199.0,26761.0,18695.0,27199.0,24350.0,unchanged
1109882,15794.0,15749.0,26536.0,15794.0,15749.0,24169.0,unchanged
1109888,5130.0,5127.0,24307.0,5130.0,5127.0,22449.0,unchanged
1109889,5130.0,5127.0,24307.0,5130.0,5127.0,22449.0,unchanged
1109890,5130.0,5127.0,24307.0,5130.0,5127.0,22449.0,unchanged
1109898,15794.0,15749.0,26536.0,15794.0,15749.0,24169.0,unchanged
1109901,15799.0,15783.0,26537.0,15799.0,15783.0,24170.0,unchanged
1109910,15764.0,15743.0,20307.0,15764.0,15743.0,18765.0,unchanged
1109932,4499.0,4448.0,26580.0,4499.0,4448.0,24199.0,unchanged
1109933,4499.0,4448.0,26580.0,4499.0,4448.0,24199.0,unchanged
1109953,27199.0,27192.0,26763.0,27199.0,27192.0,24352.0,unchanged
1109969,18146.0,18123.0,26785.0,18146.0,18123.0,24369.0,unchanged
1110002,18159.0,27058.0,26793.0,18159.0,27058.0,24376.0,unchanged
1110018,27081.0,18146.0,26784.0,27081.0,18146.0,24368.0,unchanged
1110029,27081.0,18146.0,26784.0,27081.0,18146.0,24368.0,unchanged
1110030,27081.0,18146.0,26784.0,27081.0,18146.0,24368.0,unchanged
1110058,5236.0,5207.0,2079.0,,,,no_longer_flagged
1110068,,,,5207.0,5236.0,1921.0,newly_flagged
1110073,5236.0,5207.0,2079.0,,,,no_longer_flagged
1110081,5236.0,5207.0,2079.0,,,,no_longer_flagged
1110083,,,,5207.0,5236.0,1921.0,newly_flagged
1110104,5236.0,5207.0,2079.0,,,,no_longer_flagged
1110106,5236.0,5207.0,2079.0,,,,no_longer_flagged
1110108,5236.0,5207.0,2079.0,,,,no_longer_flagged
1110131,13760.0,13731.0,2332.0,13760.0,13731.0,2132.0,unchanged
1110144,14092.0,14057.0,23423.0,14092.0,14057.0,21617.0,unchanged
1110150,17016.0,16984.0,26826.0,17016.0,16984.0,24403.0,unchanged
1110152,,,,17039.0,17037.0,22624.0,newly_flagged
1110153,17039.0,17037.0,24520.0,17039.0,17037.0,22624.0,unchanged
1110154,,,,17039.0,17037.0,22633.0,newly_flagged
1110155,17039.0,17037.0,24520.0,17039.0,17037.0,22624.0,unchanged
1110163,21779.0,5145.0,26765.0,21779.0,5145.0,24354.0,unchanged
1110177,,,,5085.0,5111.0,24291.0,newly_flagged
1110186,17345.0,17349.0,25451.0,17345.0,17349.0,23347.0,unchanged
1110192,,,,26502.0,26500.0,21366.0,newly_flagged
1110199,17037.0,17039.0,24533.0,,,,no_longer_flagged
1110205,,,,17039.0,17037.0,22633.0,newly_flagged
1110207,17037.0,17039.0,24533.0,,,,no_longer_flagged
1110211,17039.0,17037.0,24531.0,,,,no_longer_flagged
1110215,17039.0,17037.0,24532.0,,,,no_longer_flagged
1110231,16984.0,16963.0,26847.0,,,,no_longer_flagged
1110241,4712.0,4711.0,26634.0,4712.0,4711.0,24158.0,unchanged
1110248,16982.0,16958.0,24762.0,,,,no_longer_flagged
1110249,,,,16958.0,16982.0,22814.0,newly_flagged
1110250,,,,16958.0,16982.0,22814.0,newly_flagged
1110251,,,,16958.0,16982.0,22814.0,newly_flagged
1110264,16947.0,16958.0,25692.0,,,,no_longer_flagged
1110266,,,,16958.0,16947.0,23517.0,newly_flagged
1110267,16947.0,16958.0,25692.0,,,,no_longer_flagged
1110270,,,,16958.0,16982.0,22812.0,newly_flagged
1110271,,,,16958.0,16982.0,22812.0,newly_flagged
1110388,506665.0,506657.0,1269.0,506665.0,506657.0,1157.0,unchanged
1110432,18159.0,27058.0,26793.0,18159.0,27058.0,24376.0,unchanged
1110436,,,,16971.0,17001.0,23936.0,newly_flagged
1110438,16971.0,17001.0,26240.0,16971.0,17001.0,23936.0,unchanged
1110442,17001.0,16971.0,25687.0,17001.0,16971.0,23939.0,unchanged
1110443,16971.0,17001.0,26240.0,16971.0,17001.0,23936.0,unchanged
1110444,17033.0,26612.0,26423.0,17033.0,26612.0,24089.0,unchanged
1110445,17033.0,26612.0,26423.0,17033.0,26612.0,24089.0,unchanged
1110446,17033.0,26612.0,26423.0,17033.0,26612.0,24089.0,unchanged
1110452,17018.0,16995.0,26910.0,17018.0,16995.0,24460.0,unchanged
1110455,26612.0,17033.0,26911.0,26612.0,17033.0,24461.0,unchanged
1110456,15013.0,14822.0,26912.0,15013.0,14822.0,24462.0,unchanged
1110457,,,,17001.0,26612.0,24463.0,newly_flagged
1110468,,,,26612.0,17001.0,23936.0,newly_flagged
1110469,,,,26612.0,17001.0,23936.0,newly_flagged
1110473,17018.0,16995.0,26921.0,17018.0,16995.0,24468.0,unchanged
1110474,,,,17018.0,16995.0,24468.0,newly_flagged
1110484,26612.0,17033.0,26911.0,26612.0,17033.0,24461.0,unchanged
1110486,26612.0,17033.0,26911.0,26612.0,17033.0,24461.0,unchanged
1110489,17033.0,17018.0,26925.0,17033.0,17018.0,24473.0,unchanged
1110490,17033.0,17018.0,26925.0,17033.0,17018.0,24473.0,unchanged
1110491,17018.0,17033.0,26916.0,17018.0,17033.0,24465.0,unchanged
1110494,17001.0,16971.0,25687.0,17001.0,16971.0,23939.0,unchanged
1110495,17001.0,16971.0,25687.0,17001.0,16971.0,23939.0,unchanged
1110502,17001.0,26612.0,26914.0,17001.0,26612.0,24463.0,unchanged
1110503,26612.0,17001.0,26240.0,26612.0,17001.0,23936.0,unchanged
1110506,,,,17033.0,17018.0,24473.0,newly_flagged
1110510,,,,17018.0,16995.0,24468.0,newly_flagged
1110519,17018.0,17033.0,26916.0,17018.0,17033.0,24465.0,unchanged
1110520,,,,17018.0,16995.0,24460.0,newly_flagged
1110521,17018.0,16995.0,26910.0,17018.0,16995.0,24460.0,unchanged
1110524,,,,17378.0,17421.0,20310.0,newly_flagged
1110532,16963.0,16962.0,26935.0,,,,no_longer_flagged
1110533,,,,16962.0,16963.0,24479.0,newly_flagged
1110535,16963.0,16962.0,24537.0,16963.0,16962.0,22637.0,unchanged
1110536,,,,16962.0,16963.0,23941.0,newly_flagged
1110538,16963.0,16962.0,24537.0,,,,no_longer_flagged
1110539,,,,16962.0,16963.0,23941.0,newly_flagged
1110540,,,,5207.0,5236.0,1921.0,newly_flagged
1110544,17399.0,17427.0,26937.0,17399.0,17427.0,24480.0,unchanged
1110546,17427.0,17425.0,26938.0,17427.0,17425.0,24481.0,unchanged
1110548,,,,26686.0,17260.0,24028.0,newly_flagged
1110573,14646.0,25830.0,26942.0,14646.0,25830.0,24485.0,unchanged
1110599,16962.0,16963.0,26847.0,16962.0,16963.0,24479.0,unchanged
1110600,16962.0,16963.0,26847.0,16962.0,16963.0,24479.0,unchanged
1110613,,,,26686.0,17260.0,24028.0,newly_flagged
1110616,16963.0,16962.0,24537.0,,,,no_longer_flagged
1110618,,,,16962.0,16963.0,23941.0,newly_flagged
1110619,16963.0,16962.0,24537.0,,,,no_longer_flagged
1110624,,,,5207.0,5236.0,1921.0,newly_flagged
1110625,,,,5207.0,5236.0,1921.0,newly_flagged
1110640,18113.0,18123.0,26785.0,18113.0,18123.0,24369.0,unchanged
1110641,18113.0,18123.0,26785.0,18113.0,18123.0,24369.0,unchanged
1110642,18113.0,18123.0,26785.0,18113.0,18123.0,24369.0,unchanged
1110666,18146.0,18123.0,26785.0,18146.0,18123.0,24369.0,unchanged
1110672,18113.0,18100.0,26954.0,18113.0,18100.0,24495.0,unchanged
1110681,16993.0,245115.0,25341.0,16993.0,245115.0,23241.0,unchanged
1110689,18118.0,18122.0,26961.0,18118.0,18122.0,24503.0,unchanged
1110692,14166.0,25657.0,26962.0,14166.0,25657.0,24504.0,unchanged
1110699,14416.0,14391.0,26953.0,,,,no_longer_flagged
1110701,14416.0,14391.0,26953.0,14416.0,14391.0,24494.0,unchanged
1110733,,,,25494.0,13570.0,24514.0,newly_flagged
1110735,,,,25494.0,13570.0,24514.0,newly_flagged
1110754,13217.0,13080.0,21860.0,13217.0,13080.0,20212.0,unchanged
1110763,15480.0,15444.0,21325.0,15480.0,15444.0,18269.0,unchanged
1110768,,,,13224.0,13080.0,20212.0,newly_flagged
1110769,13167.0,13080.0,21860.0,13167.0,13080.0,20212.0,unchanged
1110770,,,,13167.0,13080.0,20212.0,newly_flagged
1110771,,,,13167.0,13080.0,20212.0,newly_flagged
1110796,13345.0,13486.0,26985.0,13345.0,13486.0,20844.0,unchanged
1110797,13345.0,13486.0,26985.0,13345.0,13486.0,20844.0,unchanged
1110816,13217.0,13080.0,21860.0,13217.0,13080.0,20212.0,unchanged
1110818,13217.0,13080.0,21860.0,13217.0,13080.0,20212.0,unchanged
1110819,,,,13187.0,13155.0,15787.0,newly_flagged
1110829,5149.0,5154.0,26995.0,5149.0,5154.0,24538.0,unchanged
1110831,5149.0,5154.0,26995.0,5149.0,5154.0,24538.0,unchanged
1110878,13165.0,13201.0,18380.0,13165.0,13201.0,17127.0,unchanged
1110920,18173.0,27089.0,26887.0,18173.0,27089.0,24442.0,unchanged
1110927,,,,18173.0,18235.0,22446.0,newly_flagged
1110968,4990.0,4980.0,26268.0,4990.0,4980.0,23956.0,unchanged
1110972,,,,18173.0,18235.0,22446.0,newly_flagged
1110974,18173.0,27089.0,26887.0,18173.0,27089.0,24442.0,unchanged
1110984,21789.0,21793.0,26208.0,21789.0,21793.0,23907.0,unchanged
1110987,21789.0,21793.0,26208.0,21789.0,21793.0,23907.0,unchanged
1111002,18116.0,18129.0,26097.0,18116.0,18129.0,23817.0,unchanged
1111009,27071.0,18183.0,27032.0,27071.0,18183.0,24571.0,unchanged
1111015,14594.0,1593.0,27033.0,14594.0,1593.0,24572.0,unchanged
1111018,14683.0,14602.0,26604.0,14683.0,14602.0,24220.0,unchanged
1111021,14683.0,14602.0,26604.0,14683.0,14602.0,24220.0,unchanged
1111028,5130.0,5127.0,24307.0,5130.0,5127.0,22449.0,unchanged
1111033,5130.0,5127.0,24307.0,5130.0,5127.0,22449.0,unchanged
1111034,5130.0,5127.0,24307.0,5130.0,5127.0,22449.0,unchanged
1111043,1559.0,1483.0,20412.0,1559.0,1483.0,18862.0,unchanged
1111068,14651.0,14719.0,25717.0,14651.0,14719.0,23544.0,unchanged
1111080,14651.0,14719.0,25717.0,14651.0,14719.0,23544.0,unchanged
1111117,25613.0,25590.0,1146.0,,,,no_longer_flagged
1111119,25613.0,25590.0,1146.0,,,,no_longer_flagged
1111122,25613.0,25590.0,1146.0,,,,no_longer_flagged
1111144,5130.0,5127.0,24307.0,5130.0,5127.0,22449.0,unchanged
1111191,13165.0,13201.0,18380.0,13165.0,13201.0,17127.0,unchanged
1111196,21779.0,5145.0,26765.0,21779.0,5145.0,24354.0,unchanged
1111197,21779.0,5145.0,26765.0,21779.0,5145.0,24354.0,unchanged
1111199,21779.0,5145.0,26765.0,21779.0,5145.0,24354.0,unchanged
1111205,86366.0,86365.0,26656.0,86366.0,86365.0,24259.0,unchanged
1111225,5085.0,5111.0,26691.0,5085.0,5111.0,24291.0,unchanged
1111229,,,,5085.0,5111.0,24291.0,newly_flagged
1111230,5085.0,5111.0,26691.0,5085.0,5111.0,24291.0,unchanged
1111244,5088.0,5091.0,26657.0,5088.0,5091.0,24260.0,unchanged
1111245,5088.0,5091.0,26657.0,5088.0,5091.0,24260.0,unchanged
1111253,13753.0,13789.0,26733.0,,,,no_longer_flagged
1111314,,,,13424.0,13486.0,20844.0,newly_flagged
1111316,14802.0,14787.0,26585.0,14802.0,14787.0,24204.0,unchanged
1111317,14802.0,14787.0,26585.0,14802.0,14787.0,24204.0,unchanged
1111319,18154.0,18129.0,26097.0,18154.0,18129.0,23817.0,unchanged
1111362,25411.0,13486.0,26985.0,25411.0,13486.0,20844.0,unchanged
1111372,14714.0,14651.0,27101.0,14714.0,14651.0,24633.0,unchanged
1111374,14714.0,14651.0,27101.0,14714.0,14651.0,24633.0,unchanged
1111375,14714.0,14651.0,27101.0,14714.0,14651.0,24633.0,unchanged
1111378,17414.0,17423.0,25470.0,17414.0,17423.0,23351.0,unchanged
1111381,25411.0,13486.0,26985.0,25411.0,13486.0,20844.0,unchanged
1111382,25411.0,13486.0,26985.0,25411.0,13486.0,20844.0,unchanged
1111443,13760.0,13731.0,2332.0,13760.0,13731.0,2132.0,unchanged
1111446,5137.0,5155.0,25719.0,5137.0,5155.0,23547.0,unchanged
1111447,5137.0,5155.0,25719.0,5137.0,5155.0,23547.0,unchanged
1111492,14029.0,14037.0,27139.0,14029.0,14037.0,24657.0,unchanged
1111493,14029.0,14037.0,27139.0,14029.0,14037.0,24657.0,unchanged
1111508,378251.0,246722.0,21475.0,378251.0,246722.0,19829.0,unchanged
1111512,25725.0,25720.0,27148.0,25725.0,25720.0,24662.0,unchanged
1111527,13467.0,13486.0,26985.0,13467.0,13486.0,20844.0,unchanged
1111540,13467.0,13486.0,26985.0,13467.0,13486.0,20844.0,unchanged
1111552,25732.0,25725.0,27160.0,,,,no_longer_flagged
1111576,25411.0,25420.0,22532.0,25411.0,25420.0,20845.0,unchanged
1111581,25832.0,14697.0,25359.0,25832.0,14697.0,23254.0,unchanged
1111587,25759.0,2656.0,27171.0,25759.0,2656.0,24687.0,unchanged
1111613,13767.0,13758.0,26751.0,13767.0,13758.0,24341.0,unchanged
1111649,13782.0,13766.0,5169.0,,,,no_longer_flagged
1111650,13782.0,13766.0,5169.0,,,,no_longer_flagged
1111651,13782.0,13766.0,5169.0,,,,no_longer_flagged
1111762,18290.0,18234.0,23172.0,18290.0,18234.0,21381.0,unchanged
1111797,16771.0,16758.0,22011.0,16771.0,16758.0,20357.0,unchanged
1111820,,,,5183.0,5172.0,3611.0,newly_flagged
1111854,16060.0,16080.0,18724.0,16060.0,16080.0,17462.0,unchanged
1111866,16679.0,16663.0,24774.0,16679.0,16663.0,22824.0,unchanged
1111890,25832.0,14697.0,25359.0,25832.0,14697.0,23254.0,unchanged
1111891,14679.0,14697.0,25359.0,14679.0,14697.0,23254.0,unchanged
1111898,5119.0,18812.0,26539.0,5119.0,18929.0,6743.0,recommendation_changed
1111899,18900.0,18812.0,26539.0,18900.0,18929.0,6743.0,recommendation_changed
1111900,25830.0,14646.0,27244.0,25830.0,14646.0,24750.0,unchanged
1111910,14601.0,14536.0,20788.0,14601.0,14536.0,19179.0,unchanged
1111912,14646.0,25830.0,26942.0,14646.0,25830.0,24485.0,unchanged
1111924,14646.0,25830.0,26942.0,,,,no_longer_flagged
1111929,18929.0,18812.0,26539.0,18929.0,5114.0,24331.0,recommendation_changed
1111930,18954.0,18915.0,27255.0,18954.0,18915.0,24760.0,unchanged
1111932,25327.0,25338.0,22026.0,25327.0,25338.0,20372.0,unchanged
1111938,5158.0,5173.0,24296.0,5158.0,5173.0,22438.0,unchanged
1111943,25830.0,14601.0,27248.0,25830.0,14601.0,24753.0,unchanged
1111944,18929.0,18812.0,26539.0,,,,no_longer_flagged
1111947,18929.0,18812.0,26539.0,,,,no_longer_flagged
1111973,13479.0,13443.0,26927.0,13479.0,13443.0,24475.0,unchanged
1111977,13479.0,13444.0,26926.0,13479.0,13444.0,24474.0,unchanged
1111978,13479.0,13443.0,26927.0,13479.0,13443.0,24475.0,unchanged
1112012,13479.0,13443.0,26927.0,13479.0,13443.0,24475.0,unchanged
1112041,13479.0,13443.0,26927.0,13479.0,13443.0,24475.0,unchanged
1112118,14601.0,14536.0,20788.0,14601.0,14536.0,19179.0,unchanged
1112119,,,,17039.0,17037.0,22633.0,newly_flagged
1112140,18270.0,18266.0,26883.0,18270.0,18266.0,24438.0,unchanged
1112142,27104.0,27102.0,26574.0,27104.0,27102.0,24195.0,unchanged
1112147,14486.0,14512.0,27298.0,14486.0,14512.0,24799.0,unchanged
1112150,19290.0,5210.0,23438.0,19290.0,5210.0,21633.0,unchanged
1112154,27113.0,18268.0,27291.0,27113.0,18268.0,24794.0,unchanged
1112155,27113.0,18268.0,27291.0,27113.0,18268.0,24794.0,unchanged
1112157,18226.0,27081.0,27293.0,18226.0,27081.0,24795.0,unchanged
1112161,14475.0,14504.0,20795.0,14475.0,14504.0,19186.0,unchanged
1112173,,506653.0,4455.0,,506653.0,4140.0,unchanged
1112186,4321.0,4328.0,25575.0,4321.0,4328.0,23424.0,unchanged
1112294,13442.0,13432.0,27341.0,13442.0,13432.0,24841.0,unchanged
1112296,14029.0,14037.0,27139.0,14029.0,14037.0,24657.0,unchanged
1112354,25725.0,25732.0,27361.0,25725.0,25732.0,24855.0,unchanged
1112377,27091.0,18183.0,27032.0,27091.0,18183.0,24571.0,unchanged
1112378,27091.0,18183.0,27032.0,27091.0,18183.0,24571.0,unchanged
1112385,14435.0,14498.0,27372.0,14435.0,14498.0,24865.0,unchanged
1112389,18235.0,27105.0,27282.0,18235.0,27105.0,24786.0,unchanged
1112395,18183.0,18181.0,27373.0,18183.0,18181.0,24866.0,unchanged
1112399,14455.0,14415.0,27374.0,,,,no_longer_flagged
1112412,18181.0,27091.0,27368.0,18181.0,27091.0,24862.0,unchanged
1112415,18181.0,27091.0,27368.0,18181.0,27091.0,24862.0,unchanged
1112417,,,,14431.0,14416.0,1934.0,newly_flagged
1112419,14431.0,14416.0,2092.0,14431.0,14416.0,1934.0,unchanged
1112420,18125.0,27046.0,26956.0,18125.0,27046.0,24497.0,unchanged
1112428,27105.0,18238.0,27283.0,27105.0,18238.0,24787.0,unchanged
1112435,14431.0,14391.0,26953.0,14431.0,14391.0,24494.0,unchanged
1112442,14413.0,14374.0,21553.0,14413.0,14374.0,19905.0,unchanged
1112449,14455.0,14415.0,27374.0,14455.0,14415.0,24871.0,unchanged
1112451,14455.0,14415.0,27374.0,,,,no_longer_flagged
1112457,14701.0,25840.0,27382.0,14701.0,25840.0,24874.0,unchanged
1112458,14701.0,25840.0,27382.0,14701.0,25840.0,24874.0,unchanged
1112474,14625.0,25871.0,27389.0,14625.0,25871.0,1037.0,unchanged
1112476,1848.0,1841.0,22292.0,1848.0,1841.0,20629.0,unchanged
1112478,1848.0,1841.0,22292.0,1848.0,1841.0,20629.0,unchanged
1112499,14701.0,25871.0,27390.0,14701.0,25871.0,1037.0,unchanged
1112528,14672.0,14592.0,27405.0,14672.0,14592.0,24896.0,unchanged
1112531,14672.0,14592.0,27405.0,14672.0,14592.0,24896.0,unchanged
1112544,14592.0,25783.0,27408.0,14592.0,25783.0,24899.0,unchanged
1112654,13168.0,13247.0,23598.0,13168.0,13247.0,21790.0,unchanged
1112683,25593.0,25590.0,1146.0,,,,no_longer_flagged
1112698,13299.0,13314.0,21858.0,13299.0,13314.0,20210.0,unchanged
1112744,13813.0,13864.0,22252.0,,,,no_longer_flagged
1112748,311356.0,25282.0,18197.0,311356.0,13534.0,16955.0,recommendation_changed
1112775,13813.0,13864.0,22252.0,,,,no_longer_flagged
1112790,,,,13864.0,13813.0,20592.0,newly_flagged
1112809,13813.0,13864.0,22252.0,,,,no_longer_flagged
1112837,,,,12783.0,12861.0,20284.0,newly_flagged
1112842,25520.0,13749.0,22644.0,25520.0,13749.0,20955.0,unchanged
1112849,13345.0,13486.0,26985.0,13345.0,13486.0,20844.0,unchanged
1112860,19284.0,19325.0,27524.0,19284.0,19325.0,25002.0,unchanged
1112869,12781.0,25221.0,26862.0,12781.0,25221.0,24422.0,unchanged
1112927,12969.0,13008.0,27545.0,12969.0,13008.0,25019.0,unchanged
1112940,14531.0,25816.0,27399.0,14531.0,25816.0,24889.0,unchanged
1113054,,,,210875.0,4212.0,22864.0,newly_flagged
1113055,,,,18187.0,18219.0,21089.0,newly_flagged
1113078,13299.0,13314.0,21858.0,13299.0,13314.0,20210.0,unchanged
1113079,13299.0,13314.0,21858.0,13299.0,13314.0,20210.0,unchanged
1113095,13288.0,13332.0,27604.0,13288.0,13332.0,25075.0,unchanged
1113100,13332.0,13364.0,27605.0,13332.0,13364.0,25076.0,unchanged
1113138,25813.0,14517.0,27620.0,25813.0,14517.0,25090.0,unchanged
1113139,25813.0,14517.0,27620.0,25813.0,14517.0,25090.0,unchanged
1113149,25797.0,25838.0,27624.0,25797.0,25838.0,25094.0,unchanged
1113151,25797.0,25838.0,27624.0,25797.0,25838.0,25094.0,unchanged
1113152,25813.0,14647.0,27579.0,25813.0,14647.0,25055.0,unchanged
1113158,13168.0,13247.0,23598.0,13168.0,13247.0,21790.0,unchanged
1113182,14196.0,14404.0,27632.0,14196.0,14404.0,25102.0,unchanged
1113233,,,,21379.0,21381.0,25115.0,newly_flagged
1113234,21381.0,21379.0,27646.0,,,,no_longer_flagged
1113259,21381.0,21379.0,27646.0,,,,no_longer_flagged
1113275,21381.0,21379.0,27646.0,,,,no_longer_flagged
1113277,,,,21379.0,21381.0,25115.0,newly_flagged
1113278,,,,21379.0,21381.0,25115.0,newly_flagged
1113363,21381.0,21379.0,27646.0,,,,no_longer_flagged
1113364,275196.0,343932.0,14369.0,275196.0,343932.0,13369.0,unchanged
1113397,,,,21379.0,21381.0,25115.0,newly_flagged
1113402,3089.0,537308.0,4671.0,3089.0,537308.0,4348.0,unchanged
1113408,14932.0,14923.0,27680.0,14932.0,14923.0,25143.0,unchanged
1113409,14932.0,14923.0,27680.0,14932.0,14923.0,25143.0,unchanged
1113410,14932.0,14923.0,27680.0,14932.0,14923.0,25143.0,unchanged
1113411,14932.0,14923.0,27680.0,14932.0,14923.0,25143.0,unchanged
1113447,15424.0,15397.0,19695.0,15424.0,15397.0,18270.0,unchanged
1113461,15465.0,15397.0,19695.0,15465.0,15397.0,18270.0,unchanged
1113462,15465.0,15397.0,19695.0,15465.0,15397.0,18270.0,unchanged
1113465,4379.0,4402.0,17474.0,4379.0,4402.0,16234.0,unchanged
1113466,26596.0,16993.0,5084.0,26596.0,16993.0,4753.0,unchanged
1113469,1548.0,1443.0,21945.0,1548.0,1452.0,20295.0,recommendation_changed
1113487,537452.0,537451.0,15352.0,,,,no_longer_flagged
1113565,18959.0,18973.0,27001.0,18959.0,18973.0,24543.0,unchanged
1113567,18959.0,18973.0,27001.0,18959.0,18973.0,24543.0,unchanged
1113596,25435.0,13463.0,27747.0,25435.0,13463.0,25200.0,unchanged
1113598,25435.0,13463.0,27747.0,25435.0,13463.0,25200.0,unchanged
1113599,25435.0,13463.0,27747.0,25435.0,13463.0,25200.0,unchanged
1113600,25435.0,13463.0,27747.0,25435.0,13463.0,25200.0,unchanged
1113602,25434.0,13513.0,27746.0,25434.0,13513.0,25199.0,unchanged
1113620,27029.0,27030.0,26964.0,27029.0,27030.0,24508.0,unchanged
1113660,26727.0,17386.0,23138.0,26727.0,17386.0,21355.0,unchanged
1113662,26727.0,26713.0,24345.0,26727.0,26713.0,22482.0,unchanged
1113668,26594.0,26601.0,25310.0,26594.0,26601.0,23219.0,unchanged
1113673,26594.0,26601.0,25310.0,26594.0,26601.0,23219.0,unchanged
1113676,18495.0,18448.0,27760.0,18495.0,18448.0,25211.0,unchanged
1113677,27164.0,18448.0,27760.0,27164.0,18448.0,25211.0,unchanged
1113700,13128.0,13099.0,27630.0,13128.0,13099.0,25100.0,unchanged
1113702,13128.0,13099.0,27630.0,13128.0,13099.0,25100.0,unchanged
1113708,14126.0,14091.0,21971.0,14126.0,14091.0,20321.0,unchanged
1113709,13814.0,13799.0,21974.0,13814.0,13799.0,20324.0,unchanged
1113711,14078.0,14070.0,21970.0,14078.0,14070.0,20320.0,unchanged
1113756,13216.0,13241.0,21873.0,,,,no_longer_flagged
1113757,13216.0,13241.0,21873.0,,,,no_longer_flagged
1113759,13216.0,13241.0,21873.0,,,,no_longer_flagged
1113763,13580.0,13589.0,24416.0,13580.0,13552.0,20962.0,recommendation_changed
1113767,13345.0,13486.0,26985.0,13345.0,13486.0,20844.0,unchanged
1113769,13814.0,13799.0,21974.0,13814.0,13799.0,20324.0,unchanged
1113773,,,,25829.0,25828.0,24309.0,newly_flagged
1113784,14298.0,25736.0,20365.0,14298.0,25736.0,18817.0,unchanged
1113788,25829.0,25828.0,26708.0,,,,no_longer_flagged
1113789,25829.0,25828.0,26708.0,25829.0,25828.0,24309.0,unchanged
1113790,25829.0,14652.0,26709.0,25829.0,14652.0,24310.0,unchanged
1113791,25829.0,25828.0,26708.0,25829.0,25828.0,24309.0,unchanged
1113792,13580.0,13589.0,24416.0,13580.0,13552.0,20962.0,recommendation_changed
1113793,13580.0,13589.0,24416.0,13580.0,13552.0,20962.0,recommendation_changed
1113794,25480.0,13589.0,24416.0,,,,no_longer_flagged
1113796,4839.0,4865.0,27795.0,4839.0,4865.0,25240.0,unchanged
1113799,4839.0,4865.0,27795.0,4839.0,4865.0,25240.0,unchanged
1113805,,,,17015.0,16998.0,22634.0,newly_flagged
1113808,,,,17016.0,16984.0,24403.0,newly_flagged
1113809,,,,17016.0,16984.0,24403.0,newly_flagged
1113810,,,,17016.0,16984.0,24403.0,newly_flagged
1113811,,,,17016.0,16984.0,24403.0,newly_flagged
1113813,4839.0,4865.0,27795.0,4839.0,4865.0,25240.0,unchanged
1113814,4876.0,4865.0,27795.0,4876.0,4865.0,25240.0,unchanged
1113815,4876.0,4865.0,27795.0,4876.0,4865.0,25240.0,unchanged
1113818,14476.0,25785.0,20797.0,14476.0,25785.0,19188.0,unchanged
1113820,,,,17016.0,16984.0,24403.0,newly_flagged
1113821,17016.0,16984.0,26850.0,17016.0,16984.0,24403.0,unchanged
1113822,17016.0,16984.0,26826.0,17016.0,16984.0,24403.0,unchanged
1113823,,,,17016.0,16984.0,24403.0,newly_flagged
1113837,18239.0,18271.0,27808.0,18239.0,18271.0,25245.0,unchanged
1113852,17018.0,17033.0,26916.0,17018.0,17033.0,24465.0,unchanged
1113854,,,,16971.0,16995.0,23878.0,newly_flagged
1113855,16982.0,16995.0,26181.0,,,,no_longer_flagged
1113894,14455.0,14415.0,27374.0,14455.0,14415.0,24871.0,unchanged
1113899,5189.0,21785.0,26234.0,5189.0,21785.0,23933.0,unchanged
1113917,,,,13560.0,13552.0,20962.0,newly_flagged
1113919,,,,13560.0,13552.0,20962.0,newly_flagged
1113929,26850.0,17737.0,26421.0,26850.0,17737.0,24088.0,unchanged
1113972,26850.0,17737.0,26421.0,26850.0,17737.0,24088.0,unchanged
1113974,26850.0,17737.0,26421.0,26850.0,17737.0,24088.0,unchanged
1114013,25505.0,25508.0,27849.0,25505.0,25508.0,25275.0,unchanged
1114017,13646.0,13582.0,26134.0,,,,no_longer_flagged
1114018,13646.0,13582.0,26134.0,,,,no_longer_flagged
1114077,13646.0,25495.0,27201.0,13646.0,25495.0,24713.0,unchanged
1114085,14486.0,14512.0,27298.0,14486.0,14512.0,24799.0,unchanged
1114101,14467.0,14486.0,21549.0,14467.0,14486.0,19901.0,unchanged
1114120,13803.0,18827.0,26538.0,13803.0,18827.0,24171.0,unchanged
1114167,14435.0,14498.0,27372.0,14435.0,14498.0,24865.0,unchanged
1114171,14569.0,14535.0,26222.0,,,,no_longer_flagged
1114189,1626.0,1589.0,27896.0,,,,no_longer_flagged
1114201,,,,13424.0,13486.0,20844.0,newly_flagged
1114264,,,,1548.0,1452.0,20295.0,newly_flagged
1114277,14082.0,25621.0,27931.0,,,,no_longer_flagged
1114367,13216.0,13241.0,21873.0,,,,no_longer_flagged
1114439,,,,13187.0,13155.0,15787.0,newly_flagged
1114487,25190.0,25229.0,27975.0,25190.0,25229.0,25372.0,unchanged
1114527,365212.0,345275.0,1961.0,365212.0,345275.0,25385.0,unchanged
1114533,172162.0,5138.0,4176.0,172162.0,5138.0,3860.0,unchanged
1114564,12976.0,13175.0,18198.0,12976.0,12904.0,20273.0,recommendation_changed
1114568,13103.0,13117.0,27998.0,13103.0,13117.0,25394.0,unchanged
1114587,13143.0,13164.0,26976.0,13143.0,13164.0,24520.0,unchanged
1114619,12897.0,12857.0,28020.0,12897.0,12562.0,25414.0,recommendation_changed
1114651,13047.0,13175.0,18198.0,13047.0,13175.0,16956.0,unchanged
1114664,13760.0,13731.0,2332.0,13760.0,13731.0,2132.0,unchanged
1114665,13760.0,13731.0,2332.0,13760.0,13731.0,2132.0,unchanged
1114667,13760.0,13731.0,2332.0,13760.0,13731.0,2132.0,unchanged
1114669,25596.0,25599.0,27940.0,25596.0,25599.0,25342.0,unchanged
1114755,13372.0,25408.0,27966.0,13372.0,25408.0,25364.0,unchanged
1114759,25501.0,13622.0,28050.0,25501.0,13622.0,25443.0,unchanged
1114763,25412.0,25413.0,26855.0,25412.0,25413.0,24418.0,unchanged
1114769,13406.0,13418.0,27858.0,,,,no_longer_flagged
1114770,13406.0,13418.0,27858.0,,,,no_longer_flagged
1114782,,,,13187.0,13155.0,15787.0,newly_flagged
1114798,13126.0,13080.0,21860.0,13126.0,13080.0,20212.0,unchanged
1114799,,,,13167.0,13080.0,20212.0,newly_flagged
1114802,,,,13224.0,13080.0,20212.0,newly_flagged
1114803,,,,13224.0,13080.0,20212.0,newly_flagged
1114808,,,,25494.0,13570.0,24514.0,newly_flagged
1114809,,,,25494.0,13570.0,24514.0,newly_flagged
1114825,,,,13560.0,13552.0,20962.0,newly_flagged
1114893,12937.0,12936.0,27100.0,12937.0,12936.0,24632.0,unchanged
1114930,12937.0,12936.0,27100.0,12937.0,12936.0,24632.0,unchanged
1114977,25575.0,13840.0,28092.0,25575.0,13840.0,25473.0,unchanged
1114979,25575.0,13840.0,28092.0,25575.0,13840.0,25473.0,unchanged
1115018,25575.0,13840.0,28092.0,25575.0,13840.0,25473.0,unchanged
1115019,25575.0,13840.0,28092.0,25575.0,13840.0,25473.0,unchanged
1115069,13102.0,13052.0,20960.0,13102.0,13052.0,19345.0,unchanged
1115070,13102.0,13052.0,20960.0,13102.0,13052.0,19345.0,unchanged
1115071,13102.0,13052.0,20960.0,13102.0,13052.0,19345.0,unchanged
1115078,13603.0,180797.0,12500.0,13603.0,180797.0,11580.0,unchanged
1115105,13182.0,13175.0,18198.0,,,,no_longer_flagged
1115114,13182.0,13175.0,18198.0,,,,no_longer_flagged
1115133,13182.0,13175.0,18198.0,,,,no_longer_flagged
1115166,13280.0,13244.0,21861.0,13280.0,13244.0,20213.0,unchanged
1115196,,,,13589.0,13552.0,20962.0,newly_flagged
1115197,,,,13589.0,13552.0,20962.0,newly_flagged
1115198,,,,13589.0,13552.0,20962.0,newly_flagged
1115199,,,,13545.0,13552.0,20962.0,newly_flagged
1115212,,,,13545.0,13552.0,20962.0,newly_flagged
1115213,,,,13545.0,13552.0,20962.0,newly_flagged
1115215,13545.0,13560.0,27825.0,13545.0,13552.0,20962.0,recommendation_changed
1115216,,,,13589.0,13552.0,20962.0,newly_flagged
1115218,,,,13589.0,13552.0,20962.0,newly_flagged
1115256,13430.0,13412.0,28170.0,13430.0,13412.0,25548.0,unchanged
1115276,25596.0,25590.0,1146.0,25596.0,25593.0,1036.0,recommendation_changed
1115277,25593.0,25590.0,1146.0,,,,no_longer_flagged
1115278,25593.0,25590.0,1146.0,,,,no_longer_flagged
1115321,50858.0,50857.0,28173.0,50858.0,50857.0,25549.0,unchanged
1115344,14122.0,25616.0,20366.0,,,,no_longer_flagged
1115346,14122.0,25616.0,20366.0,,,,no_longer_flagged
1115360,14122.0,25616.0,20366.0,,,,no_longer_flagged
1115386,14029.0,14037.0,27139.0,14029.0,14037.0,24657.0,unchanged
1115427,25575.0,13840.0,28092.0,25575.0,13840.0,25473.0,unchanged
1115430,1544.0,1443.0,21945.0,1544.0,1452.0,20295.0,recommendation_changed
1115435,25288.0,12979.0,27252.0,25288.0,12979.0,24757.0,unchanged
1115438,25254.0,25203.0,27534.0,25254.0,25203.0,25008.0,unchanged
1115446,,,,1443.0,1452.0,20295.0,newly_flagged
1115448,25288.0,12979.0,27252.0,25288.0,12979.0,24757.0,unchanged
1115453,25288.0,12979.0,27252.0,25288.0,12979.0,24757.0,unchanged
1115454,25254.0,25203.0,27534.0,25254.0,25203.0,25008.0,unchanged
1115455,25288.0,12979.0,27252.0,25288.0,12979.0,24757.0,unchanged
1115462,1544.0,1443.0,21945.0,1544.0,1452.0,20295.0,recommendation_changed
1115464,1501.0,1443.0,21945.0,1501.0,1452.0,20295.0,recommendation_changed
1115465,1544.0,1443.0,21945.0,1544.0,1452.0,20295.0,recommendation_changed
1115468,25254.0,25203.0,27534.0,25254.0,25203.0,25008.0,unchanged
1115470,25254.0,25203.0,27534.0,25254.0,25203.0,25008.0,unchanged
1115471,25254.0,25203.0,27534.0,25254.0,25203.0,25008.0,unchanged
1115477,12808.0,12783.0,21933.0,12808.0,12861.0,20284.0,recommendation_changed
1115481,,,,1443.0,1452.0,20295.0,newly_flagged
1115492,1544.0,1443.0,21945.0,1544.0,1452.0,20295.0,recommendation_changed
1115493,,,,1443.0,1452.0,20295.0,newly_flagged
1115495,,,,1443.0,1452.0,20295.0,newly_flagged
1115507,,,,1443.0,1452.0,20295.0,newly_flagged
1115508,,,,12783.0,12861.0,20284.0,newly_flagged
1115512,12808.0,12783.0,21933.0,12808.0,12861.0,20284.0,recommendation_changed
1115523,,3004.0,28234.0,,3004.0,25597.0,unchanged
1115577,13782.0,13766.0,5169.0,,,,no_longer_flagged
1115601,14029.0,14037.0,27139.0,14029.0,14037.0,24657.0,unchanged
1115630,,,,25335.0,13155.0,15787.0,newly_flagged
1115631,,,,25335.0,13155.0,15787.0,newly_flagged
1115633,,,,25335.0,13155.0,15787.0,newly_flagged
1115641,,,,12984.0,12972.0,21151.0,newly_flagged
1115642,,,,12984.0,12972.0,21151.0,newly_flagged
1115643,,,,12984.0,12972.0,21151.0,newly_flagged
1115654,25318.0,25326.0,22876.0,25318.0,25326.0,21156.0,unchanged
1115718,,,,25583.0,13942.0,25625.0,newly_flagged
1115748,,,,13942.0,25577.0,25630.0,newly_flagged
1115774,,,,14842.0,131820.0,25633.0,newly_flagged
1115784,25577.0,25583.0,28086.0,25577.0,25583.0,24758.0,unchanged
1115807,13608.0,13637.0,14364.0,13608.0,13637.0,13364.0,unchanged
1115840,13121.0,13175.0,18198.0,13121.0,13175.0,16956.0,unchanged
1115841,13197.0,13175.0,18198.0,13197.0,13175.0,16956.0,unchanged
1115883,25381.0,25384.0,28307.0,25381.0,25384.0,25644.0,unchanged
1115927,14051.0,14015.0,28331.0,14051.0,14015.0,25663.0,unchanged
1115952,13814.0,13799.0,21974.0,13814.0,13799.0,20324.0,unchanged
1115953,13814.0,13799.0,21974.0,13814.0,13799.0,20324.0,unchanged
1116036,13299.0,13314.0,21858.0,13299.0,13314.0,20210.0,unchanged
1116110,13064.0,13100.0,27631.0,13064.0,13100.0,25101.0,unchanged
1116127,12910.0,12920.0,21935.0,12910.0,12920.0,20286.0,unchanged
1116129,12910.0,12920.0,21935.0,12910.0,12920.0,20286.0,unchanged
1116130,12919.0,13004.0,28378.0,12919.0,13004.0,25705.0,unchanged
1116140,13128.0,13099.0,27630.0,13128.0,13099.0,25100.0,unchanged
1116156,14988.0,54046.0,28381.0,14988.0,54046.0,25710.0,unchanged
1116161,12939.0,12919.0,21922.0,12939.0,12919.0,20272.0,unchanged
1116162,12939.0,12919.0,21922.0,12939.0,12919.0,20272.0,unchanged
1116163,,,,12939.0,12920.0,20286.0,newly_flagged
1116169,,,,25230.0,25251.0,25708.0,newly_flagged
1116175,13064.0,13099.0,27630.0,13064.0,13099.0,25100.0,unchanged
1116256,14318.0,14342.0,28394.0,14318.0,14342.0,1038.0,unchanged
1116304,25828.0,14677.0,27788.0,25828.0,14677.0,25234.0,unchanged
1116306,25828.0,14652.0,27159.0,25828.0,14652.0,24672.0,unchanged
1116316,14621.0,14595.0,28429.0,,,,no_longer_flagged
1116334,25828.0,14652.0,27159.0,25828.0,14652.0,24672.0,unchanged
1116338,25829.0,14652.0,26709.0,25829.0,14652.0,24310.0,unchanged
1116383,537452.0,537451.0,15352.0,,,,no_longer_flagged
1116387,25829.0,14652.0,26709.0,25829.0,14652.0,24310.0,unchanged
1116400,13110.0,13052.0,20960.0,13110.0,13052.0,19345.0,unchanged
1116401,13110.0,13052.0,20960.0,13110.0,13052.0,19345.0,unchanged
1116402,13110.0,13052.0,20960.0,13110.0,13052.0,19345.0,unchanged
1116403,13110.0,13173.0,21845.0,13110.0,13173.0,20196.0,unchanged
1116418,25778.0,14546.0,28451.0,25778.0,14546.0,25750.0,unchanged
1116487,13197.0,13175.0,18198.0,13197.0,13175.0,16956.0,unchanged
1116516,13197.0,13175.0,18198.0,13197.0,13175.0,16956.0,unchanged
1116517,13197.0,13175.0,18198.0,13197.0,13175.0,16956.0,unchanged
1116523,15060.0,15062.0,28468.0,,,,no_longer_flagged
1116532,13121.0,13175.0,18198.0,13121.0,13175.0,16956.0,unchanged
1116533,13121.0,13175.0,18198.0,13121.0,13175.0,16956.0,unchanged
1116535,13121.0,13175.0,18198.0,13121.0,13175.0,16956.0,unchanged
1116632,13080.0,25298.0,27516.0,13080.0,25298.0,24996.0,unchanged
1116653,13710.0,13656.0,22066.0,13710.0,13656.0,20413.0,unchanged
1116667,13106.0,13160.0,21872.0,13106.0,13160.0,20224.0,unchanged
1116688,14342.0,25725.0,28517.0,14342.0,25725.0,25224.0,unchanged
1116717,13064.0,13099.0,27630.0,13064.0,13099.0,25100.0,unchanged
1116971,13128.0,13099.0,27630.0,13128.0,13099.0,25100.0,unchanged
1116996,13128.0,13105.0,26746.0,13128.0,13105.0,24337.0,unchanged
1117023,16812.0,16846.0,21996.0,16812.0,16846.0,20344.0,unchanged
1117095,19415.0,19366.0,22543.0,19415.0,19366.0,20855.0,unchanged
1117097,27341.0,19366.0,22543.0,27341.0,19366.0,20855.0,unchanged
1117142,172164.0,172163.0,8545.0,172164.0,172163.0,7955.0,unchanged
1117146,221440.0,2476.0,20191.0,221440.0,2476.0,18660.0,unchanged
1118612,396082.0,396084.0,23742.0,396082.0,396084.0,21929.0,unchanged
1118666,444302.0,444301.0,28595.0,444302.0,444301.0,25831.0,unchanged
1118719,,,,11244.0,24564.0,25878.0,newly_flagged
1118769,9543.0,9583.0,28663.0,,,,no_longer_flagged
1118776,24147.0,24055.0,28664.0,24147.0,24055.0,25899.0,unchanged
1118785,25813.0,14517.0,27620.0,25813.0,14517.0,25090.0,unchanged
1118803,444302.0,444301.0,28595.0,444302.0,444301.0,25831.0,unchanged
1118809,434685.0,434688.0,340.0,434685.0,434687.0,11608.0,recommendation_changed
1118846,473035.0,473039.0,28610.0,473035.0,473039.0,25847.0,unchanged
1118887,415420.0,449264.0,4360.0,415420.0,415422.0,15202.0,recommendation_changed
1118945,473035.0,473036.0,28695.0,473035.0,473036.0,25930.0,unchanged
1118947,449231.0,449230.0,28616.0,,,,no_longer_flagged
1118998,458683.0,110387.0,23735.0,,,,no_longer_flagged
1119000,458683.0,110387.0,23735.0,,,,no_longer_flagged
1119008,535973.0,535975.0,98.0,,,,no_longer_flagged
1119016,,,,110384.0,458683.0,21922.0,newly_flagged
1119020,143356.0,22823.0,28712.0,143356.0,22802.0,3883.0,recommendation_changed
1119021,458683.0,110387.0,23735.0,,,,no_longer_flagged
1119022,,,,536717.0,20813.0,21726.0,newly_flagged
1119040,370357.0,370355.0,2854.0,370357.0,370355.0,2596.0,unchanged
1119059,10750.0,429852.0,23719.0,10750.0,429852.0,21906.0,unchanged
1119107,370354.0,282566.0,17715.0,,,,no_longer_flagged
1119112,506648.0,506646.0,7314.0,506648.0,506646.0,6837.0,unchanged
1119131,425115.0,429851.0,28729.0,425115.0,429851.0,25964.0,unchanged
1119148,,,,321915.0,124779.0,21993.0,newly_flagged
1119210,,,,473039.0,473038.0,25973.0,newly_flagged
1119214,473039.0,473040.0,28603.0,473039.0,473040.0,25839.0,unchanged
1119217,473038.0,473039.0,28610.0,,,,no_longer_flagged
1119247,,,,473039.0,473038.0,25973.0,newly_flagged
1119253,,,,321915.0,124779.0,21993.0,newly_flagged
1119262,473038.0,473039.0,28610.0,,,,no_longer_flagged
1119265,473039.0,473040.0,28603.0,473039.0,473040.0,25839.0,unchanged
1119294,535973.0,535975.0,98.0,,,,no_longer_flagged
1119304,537133.0,537131.0,4809.0,537133.0,537135.0,8653.0,recommendation_changed
1119310,425117.0,425116.0,28605.0,425117.0,425116.0,25841.0,unchanged
1119311,415422.0,449264.0,4360.0,,,,no_longer_flagged
1119313,473038.0,473036.0,28750.0,473038.0,473036.0,25983.0,unchanged
1119326,473038.0,473036.0,28750.0,473038.0,473036.0,25983.0,unchanged
1119403,425277.0,425280.0,10149.0,425277.0,425280.0,9393.0,unchanged
1119412,172507.0,172509.0,15760.0,172507.0,172509.0,14577.0,unchanged
1119419,477917.0,477919.0,28764.0,,,,no_longer_flagged
1119420,477917.0,477919.0,28764.0,,,,no_longer_flagged
1119424,536225.0,536226.0,13666.0,,,,no_longer_flagged
1119427,501852.0,501855.0,7272.0,501852.0,501855.0,6805.0,unchanged
1119432,468220.0,468234.0,2950.0,,,,no_longer_flagged
1119436,468220.0,468234.0,2950.0,,,,no_longer_flagged
1119437,468220.0,468234.0,2950.0,,,,no_longer_flagged
1119439,425277.0,425280.0,10149.0,425277.0,425280.0,9393.0,unchanged
1119456,425277.0,425280.0,10149.0,425277.0,425280.0,9393.0,unchanged
1119474,444223.0,444219.0,23746.0,,,,no_longer_flagged
1119476,444223.0,444219.0,23746.0,,,,no_longer_flagged
1119481,396227.0,430002.0,1749.0,396227.0,430002.0,1628.0,unchanged
1119488,25509.0,13678.0,1512.0,25509.0,13678.0,1389.0,unchanged
1119492,,,,477919.0,477918.0,26001.0,newly_flagged
1119493,,,,477919.0,477918.0,26001.0,newly_flagged
1119498,434687.0,434688.0,340.0,,,,no_longer_flagged
1119507,477921.0,477919.0,28764.0,,,,no_longer_flagged
1119508,477921.0,477919.0,28782.0,,,,no_longer_flagged
1119526,444223.0,444219.0,23746.0,,,,no_longer_flagged
1119527,444223.0,444219.0,23746.0,,,,no_longer_flagged
1119528,434684.0,434688.0,340.0,434684.0,434687.0,11608.0,recommendation_changed
1119538,,,,477918.0,477919.0,26012.0,newly_flagged
1119539,477921.0,477919.0,28764.0,,,,no_longer_flagged
1119540,477921.0,477918.0,28771.0,,,,no_longer_flagged
1119549,94049.0,98204.0,28785.0,94049.0,98204.0,26015.0,unchanged
1119554,477918.0,477919.0,28764.0,477918.0,477919.0,26012.0,unchanged
1119555,477919.0,477918.0,28771.0,,,,no_longer_flagged
1119561,,,,473123.0,473122.0,4509.0,newly_flagged
1119564,473128.0,473123.0,28790.0,473128.0,473122.0,4509.0,recommendation_changed
1119570,537135.0,537131.0,4809.0,,,,no_longer_flagged
1119575,468229.0,468234.0,2950.0,,,,no_longer_flagged
1119587,536765.0,536764.0,19912.0,536765.0,536764.0,18442.0,unchanged
1119591,,,,473123.0,473122.0,4509.0,newly_flagged
1119593,468229.0,468234.0,2950.0,,,,no_longer_flagged
1119596,391248.0,391247.0,10377.0,,,,no_longer_flagged
1119597,391248.0,391247.0,10377.0,,,,no_longer_flagged
1119598,506658.0,506657.0,1269.0,506658.0,506657.0,1157.0,unchanged
1119603,473204.0,449264.0,4360.0,,,,no_longer_flagged
1119604,535595.0,390530.0,3114.0,,,,no_longer_flagged
1119605,536765.0,536764.0,19912.0,536765.0,536764.0,18442.0,unchanged
1119608,468229.0,468234.0,2950.0,,,,no_longer_flagged
1119609,468229.0,468234.0,2950.0,,,,no_longer_flagged
1119612,391248.0,391247.0,10377.0,,,,no_longer_flagged
1119617,473122.0,477883.0,28805.0,,,,no_longer_flagged
1119620,537135.0,537131.0,4809.0,,,,no_longer_flagged
1119624,468229.0,468234.0,2950.0,,,,no_longer_flagged
1119626,391248.0,391247.0,10377.0,,,,no_longer_flagged
1119632,391248.0,391247.0,10377.0,,,,no_longer_flagged
1119640,434684.0,434688.0,340.0,434684.0,434687.0,11608.0,recommendation_changed
1119690,425116.0,425117.0,28689.0,425116.0,425117.0,25923.0,unchanged
1119698,370224.0,370222.0,15082.0,370224.0,370222.0,14021.0,unchanged
1119756,21557.0,4402.0,17474.0,21557.0,4402.0,16234.0,unchanged
1119770,7726.0,22857.0,8088.0,,,,no_longer_flagged
1119812,189440.0,172492.0,13598.0,189440.0,172492.0,12605.0,unchanged
1119892,370397.0,370395.0,13771.0,370397.0,370395.0,12784.0,unchanged
1119947,383515.0,383516.0,17966.0,,,,no_longer_flagged
1119962,20366.0,20415.0,17784.0,20366.0,20415.0,16542.0,unchanged
1119966,,,,15585.0,15527.0,16615.0,newly_flagged
1119973,26509.0,26502.0,12720.0,26509.0,26502.0,11799.0,unchanged
1119974,7657.0,7600.0,9995.0,7657.0,7600.0,9258.0,unchanged
1120024,22990.0,8070.0,28849.0,22990.0,8070.0,26069.0,unchanged
1120609,26931.0,21707.0,28875.0,26931.0,21707.0,26096.0,unchanged
1120627,,,,18694.0,27189.0,26104.0,newly_flagged
1120629,17149.0,17075.0,28885.0,17149.0,17075.0,26106.0,unchanged
1120631,17106.0,26619.0,28887.0,17106.0,26619.0,26108.0,unchanged
1120632,,,,259199.0,17535.0,26109.0,newly_flagged
1120954,68124.0,25165.0,28901.0,68124.0,25165.0,26122.0,unchanged
1120956,148813.0,12857.0,28020.0,148813.0,12562.0,25414.0,recommendation_changed
1121062,19426.0,21806.0,16532.0,19426.0,21806.0,15312.0,unchanged
1121063,13060.0,13138.0,22870.0,13060.0,13138.0,21152.0,unchanged
1121065,396191.0,13276.0,25819.0,396191.0,13276.0,23637.0,unchanged
1121066,,,,12857.0,12562.0,25414.0,newly_flagged
1121071,3322.0,3337.0,28907.0,3322.0,3337.0,26128.0,unchanged
1121075,13691.0,13676.0,28457.0,13691.0,13676.0,25755.0,unchanged
1121076,25230.0,25251.0,28376.0,25230.0,25251.0,25708.0,unchanged
1121091,13025.0,13048.0,27321.0,13025.0,13048.0,24821.0,unchanged
1121093,,,,32290.0,13534.0,16955.0,newly_flagged
1121097,377925.0,3931.0,28922.0,377925.0,376994.0,26143.0,recommendation_changed
1121103,17027.0,17056.0,24606.0,17027.0,17056.0,22692.0,unchanged
1121104,26497.0,26510.0,24412.0,26497.0,26510.0,22546.0,unchanged
1121113,54048.0,35484.0,17348.0,54048.0,35484.0,16113.0,unchanged
1121115,295677.0,179523.0,12857.0,295677.0,179523.0,11940.0,unchanged
1121121,18887.0,27253.0,28933.0,18887.0,27253.0,26154.0,unchanged
1121122,27124.0,27126.0,28934.0,27124.0,27126.0,26155.0,unchanged
1121132,,,,226875.0,26949.0,22917.0,newly_flagged
1121134,18314.0,18342.0,19334.0,18314.0,18342.0,18007.0,unchanged
1121136,19423.0,3567.0,12831.0,19423.0,3567.0,11911.0,unchanged
1121143,17739.0,17717.0,22091.0,17739.0,17717.0,20440.0,unchanged
1121148,26938.0,17931.0,28953.0,26938.0,17931.0,26173.0,unchanged
1121435,12835.0,20017.0,28999.0,,,,no_longer_flagged
1121436,20014.0,25191.0,29000.0,20014.0,25191.0,26220.0,unchanged
1121458,1286.0,1301.0,29004.0,1286.0,1301.0,26226.0,unchanged
1121460,20043.0,1301.0,29004.0,20043.0,1301.0,26226.0,unchanged
1121473,1339.0,1301.0,29004.0,1339.0,1301.0,26226.0,unchanged
1121489,535612.0,1044.0,29002.0,535612.0,1044.0,26222.0,unchanged
1121522,20043.0,1301.0,29004.0,20043.0,1301.0,26226.0,unchanged
1121544,20054.0,1318.0,17618.0,20054.0,1318.0,16378.0,unchanged
1121566,1598.0,20204.0,29044.0,1598.0,20204.0,26258.0,unchanged
1121626,1059.0,359734.0,29017.0,1059.0,359734.0,26236.0,unchanged
1121639,1686.0,20204.0,29044.0,1686.0,20204.0,26258.0,unchanged
1121642,20719.0,25806.0,29068.0,20719.0,25806.0,26281.0,unchanged
1121710,20238.0,1688.0,29091.0,20238.0,1688.0,26303.0,unchanged
1121757,11884.0,11844.0,29105.0,,,,no_longer_flagged
1121761,11884.0,11844.0,29105.0,,,,no_longer_flagged
1121763,11884.0,11844.0,29105.0,,,,no_longer_flagged
1121782,24791.0,11844.0,29105.0,,,,no_longer_flagged
1121787,24781.0,24770.0,29107.0,24781.0,24770.0,26318.0,unchanged
1121804,24987.0,12390.0,4982.0,24987.0,12390.0,4653.0,unchanged
1121805,1598.0,20204.0,29044.0,1598.0,20204.0,26258.0,unchanged
1121888,1686.0,20204.0,29044.0,1686.0,20204.0,26258.0,unchanged
1121890,119019.0,1486.0,29158.0,119019.0,1486.0,26372.0,unchanged
1121897,1598.0,20204.0,29044.0,1598.0,20204.0,26258.0,unchanged
1121898,1598.0,20204.0,29044.0,1598.0,20204.0,26258.0,unchanged
1121922,1740.0,1796.0,29172.0,,,,no_longer_flagged
1121923,1740.0,1796.0,29172.0,,,,no_longer_flagged
1121945,1672.0,20263.0,29182.0,1672.0,20263.0,26394.0,unchanged
1121990,1672.0,20263.0,29182.0,1672.0,20263.0,26394.0,unchanged
1121991,1672.0,20263.0,29182.0,1672.0,20263.0,26394.0,unchanged
1122009,20182.0,20148.0,6536.0,20182.0,20148.0,6126.0,unchanged
1122022,1672.0,20263.0,29182.0,1672.0,20263.0,26394.0,unchanged
1122089,1777.0,1812.0,29228.0,,,,no_longer_flagged
1122102,,,,1812.0,1777.0,26433.0,newly_flagged
1122103,,,,1812.0,1777.0,26433.0,newly_flagged
1122112,1822.0,20266.0,29151.0,1822.0,20266.0,26365.0,unchanged
1122169,13343.0,25387.0,29249.0,13343.0,25387.0,26456.0,unchanged
1122171,13343.0,25387.0,29249.0,13343.0,25387.0,26456.0,unchanged
1122172,13343.0,25387.0,29249.0,13343.0,25387.0,26456.0,unchanged
1122204,20182.0,20148.0,6536.0,20182.0,20148.0,6126.0,unchanged
1122209,1291.0,25378.0,15624.0,,,,no_longer_flagged
1122230,2440.0,2431.0,29059.0,2440.0,2431.0,26272.0,unchanged
1122231,,,,2440.0,2374.0,26472.0,newly_flagged
1122331,,,,11274.0,11254.0,26488.0,newly_flagged
1122343,25146.0,25105.0,29237.0,,,,no_longer_flagged
1122344,25105.0,25096.0,29245.0,25105.0,25096.0,26451.0,unchanged
1122372,20067.0,1301.0,29004.0,20067.0,1301.0,26226.0,unchanged
1122390,1374.0,1391.0,29305.0,1374.0,1391.0,26507.0,unchanged
1122502,1740.0,1796.0,29172.0,,,,no_longer_flagged
1122505,1291.0,25378.0,15624.0,,,,no_longer_flagged
1122507,1291.0,25378.0,15624.0,,,,no_longer_flagged
1122508,1291.0,25378.0,15624.0,,,,no_longer_flagged
1122521,989.0,986.0,29067.0,989.0,986.0,26280.0,unchanged
1122522,989.0,986.0,29067.0,989.0,986.0,26280.0,unchanged
1122523,989.0,986.0,29067.0,989.0,986.0,26280.0,unchanged
1122524,989.0,986.0,29067.0,989.0,986.0,26280.0,unchanged
1122533,937.0,24816.0,29353.0,937.0,932.0,26549.0,recommendation_changed
1122538,,,,1035.0,993.0,7027.0,newly_flagged
1122539,370459.0,1035.0,29357.0,370459.0,993.0,7027.0,recommendation_changed
1122602,1672.0,20263.0,29182.0,1672.0,20263.0,26394.0,unchanged
1122606,,,,1812.0,1777.0,26433.0,newly_flagged
1122609,24967.0,24972.0,29117.0,24967.0,24972.0,26330.0,unchanged
1122617,343147.0,1479.0,17541.0,343147.0,1479.0,16302.0,unchanged
1122629,25018.0,25013.0,29376.0,25018.0,25013.0,26563.0,unchanged
1122662,24987.0,24997.0,29391.0,24987.0,24997.0,26576.0,unchanged
1122670,11850.0,24824.0,29403.0,11850.0,24824.0,26587.0,unchanged
1122677,24987.0,24997.0,29391.0,24987.0,24997.0,26576.0,unchanged
1122680,12458.0,12391.0,29405.0,12458.0,12391.0,26589.0,unchanged
1122685,25036.0,12458.0,29393.0,25036.0,12458.0,26578.0,unchanged
1122686,25036.0,12458.0,29393.0,25036.0,12458.0,26578.0,unchanged
1122693,25024.0,25013.0,29376.0,25024.0,25013.0,26563.0,unchanged
1122709,1768.0,1800.0,14506.0,,,,no_longer_flagged
1122712,1768.0,1800.0,14506.0,,,,no_longer_flagged
1122766,13198.0,25378.0,15624.0,,,,no_longer_flagged
1122767,13198.0,25378.0,15624.0,,,,no_longer_flagged
1122768,25341.0,25378.0,15624.0,25341.0,13198.0,14463.0,recommendation_changed
1122781,,,,1800.0,1768.0,26595.0,newly_flagged
1122782,,,,1800.0,1768.0,26595.0,newly_flagged
1122784,1768.0,1800.0,14506.0,,,,no_longer_flagged
1122817,,,,20205.0,1725.0,26610.0,newly_flagged
1122828,,,,20205.0,1725.0,26610.0,newly_flagged
1122835,,,,20205.0,1725.0,26610.0,newly_flagged
1122844,12473.0,12416.0,29451.0,12473.0,12416.0,26634.0,unchanged
1122885,1777.0,1812.0,29228.0,,,,no_longer_flagged
1122888,,,,1812.0,1777.0,26433.0,newly_flagged
1122926,1291.0,25378.0,15624.0,,,,no_longer_flagged
1122987,1349.0,20088.0,18358.0,1349.0,20088.0,17106.0,unchanged
1122989,1349.0,20088.0,18358.0,1349.0,20088.0,17106.0,unchanged
1122991,1349.0,20088.0,18358.0,1349.0,20088.0,17106.0,unchanged
1122992,1349.0,20088.0,18358.0,1349.0,20088.0,17106.0,unchanged
1123006,1179.0,1177.0,26394.0,1179.0,1177.0,26494.0,unchanged
1123029,535611.0,1177.0,26394.0,535611.0,1177.0,26494.0,unchanged
1123058,13342.0,13290.0,29495.0,13342.0,13290.0,26676.0,unchanged
1123073,13336.0,25391.0,29486.0,13336.0,25391.0,26667.0,unchanged
1123080,13342.0,13290.0,29495.0,13342.0,13290.0,26676.0,unchanged
1123081,13342.0,13290.0,29495.0,13342.0,13290.0,26676.0,unchanged
1123083,25391.0,13336.0,29485.0,25391.0,13336.0,26666.0,unchanged
1123101,12832.0,20017.0,29504.0,12832.0,20017.0,26685.0,unchanged
1123127,20017.0,12867.0,15899.0,20017.0,12867.0,14722.0,unchanged
1123169,12869.0,12870.0,29529.0,12869.0,12870.0,26708.0,unchanged
1123181,12834.0,20017.0,29535.0,12834.0,20017.0,26714.0,unchanged
1123186,12888.0,20017.0,28999.0,12888.0,12835.0,26219.0,recommendation_changed
1123188,12888.0,20017.0,28999.0,12888.0,12835.0,26219.0,recommendation_changed
1123205,12888.0,20017.0,28999.0,12888.0,12835.0,26219.0,recommendation_changed
1123206,25250.0,20017.0,28999.0,25250.0,20017.0,26716.0,unchanged
1123278,,,,13440.0,13468.0,26750.0,newly_flagged
1123279,13440.0,13468.0,29573.0,,,,no_longer_flagged
1123313,13530.0,13520.0,29585.0,13530.0,13520.0,26763.0,unchanged
1123315,13539.0,126394.0,17414.0,,,,no_longer_flagged
1123342,13520.0,13539.0,29593.0,13520.0,13539.0,26773.0,unchanged
1123345,13539.0,126394.0,17414.0,,,,no_longer_flagged
1123347,13539.0,126394.0,17414.0,,,,no_longer_flagged
1123348,1632.0,1653.0,6833.0,1632.0,1653.0,6409.0,unchanged
1123357,13530.0,13520.0,29585.0,13530.0,13520.0,26763.0,unchanged
1123358,13530.0,13520.0,29585.0,13530.0,13520.0,26763.0,unchanged
1123359,13530.0,13520.0,29585.0,13530.0,13520.0,26763.0,unchanged
1123360,13530.0,13520.0,29585.0,13530.0,13520.0,26763.0,unchanged
1123363,,,,13440.0,13468.0,26750.0,newly_flagged
1123364,13440.0,13468.0,29599.0,13440.0,13468.0,26750.0,unchanged
1123415,13079.0,13012.0,29616.0,13079.0,13012.0,26791.0,unchanged
1123493,12378.0,12429.0,29640.0,12378.0,12429.0,26809.0,unchanged
1123530,13195.0,1258.0,29650.0,13195.0,1302.0,26819.0,recommendation_changed
1123532,13195.0,1258.0,29650.0,13195.0,1302.0,26819.0,recommendation_changed
1123563,1253.0,1258.0,29650.0,1253.0,1302.0,26819.0,recommendation_changed
1123564,1253.0,1258.0,29650.0,1253.0,1302.0,26819.0,recommendation_changed
1123569,13440.0,13468.0,29573.0,13440.0,13468.0,26750.0,unchanged
1123570,13468.0,13440.0,29637.0,,,,no_longer_flagged
1123576,13440.0,13468.0,29573.0,,,,no_longer_flagged
1123578,13468.0,13440.0,29598.0,,,,no_longer_flagged
1123602,,,,13440.0,13468.0,26750.0,newly_flagged
1123609,13468.0,13440.0,29637.0,,,,no_longer_flagged
1123610,,,,13440.0,13468.0,26750.0,newly_flagged
1123611,,,,13440.0,13468.0,26750.0,newly_flagged
1123612,13440.0,13468.0,29573.0,13440.0,13468.0,26750.0,unchanged
1123653,24764.0,24816.0,29353.0,,,,no_longer_flagged
1123657,11772.0,24731.0,29676.0,11772.0,24731.0,26843.0,unchanged
1123658,24750.0,24730.0,29273.0,24750.0,24730.0,26475.0,unchanged
1123673,,,,12104.0,12160.0,26849.0,newly_flagged
1123711,12104.0,12160.0,29685.0,12104.0,12160.0,26849.0,unchanged
1123722,11884.0,24781.0,29102.0,11884.0,24781.0,26313.0,unchanged
1123790,12073.0,12046.0,29664.0,12073.0,12046.0,26832.0,unchanged
1123819,20054.0,1318.0,17618.0,20054.0,1318.0,16378.0,unchanged
1123894,12877.0,1238.0,14566.0,12877.0,20047.0,13559.0,recommendation_changed
1123906,12263.0,12262.0,29626.0,12263.0,12262.0,26799.0,unchanged
1123908,12263.0,12262.0,29626.0,12263.0,12262.0,26799.0,unchanged
1123909,12261.0,12263.0,29667.0,12261.0,12263.0,26834.0,unchanged
1123978,12282.0,12286.0,28981.0,12282.0,12286.0,26201.0,unchanged
1123979,12312.0,12261.0,29625.0,,,,no_longer_flagged
1123980,12261.0,12263.0,29667.0,12261.0,12263.0,26834.0,unchanged
1124034,20303.0,1930.0,4188.0,20303.0,1930.0,3872.0,unchanged
1124054,24716.0,24816.0,29353.0,,,,no_longer_flagged
1124055,24716.0,24816.0,29353.0,,,,no_longer_flagged
1124056,24716.0,24816.0,29353.0,,,,no_longer_flagged
1124059,53725.0,13371.0,29776.0,53725.0,13371.0,26949.0,unchanged
1124060,53725.0,13371.0,29776.0,53725.0,13371.0,26949.0,unchanged
1124072,932.0,24816.0,29353.0,,,,no_longer_flagged
1124082,24755.0,11892.0,29784.0,24755.0,24764.0,26841.0,recommendation_changed
1124094,937.0,932.0,29782.0,937.0,932.0,26955.0,unchanged
1124098,24808.0,24816.0,29353.0,24808.0,24764.0,26841.0,recommendation_changed
1124099,11967.0,24816.0,29353.0,11967.0,24764.0,26841.0,recommendation_changed
1124100,11967.0,24816.0,29353.0,11967.0,24764.0,26841.0,recommendation_changed
1124102,25404.0,13391.0,23846.0,,,,no_longer_flagged
1124104,25404.0,13391.0,23846.0,25404.0,13391.0,22024.0,unchanged
1124107,11967.0,24816.0,29353.0,11967.0,24764.0,26841.0,recommendation_changed
1124114,24764.0,24816.0,29353.0,,,,no_longer_flagged
1124115,24764.0,24816.0,29353.0,,,,no_longer_flagged
1124120,24716.0,24816.0,29353.0,,,,no_longer_flagged
1124121,11772.0,11892.0,29784.0,11772.0,24764.0,26841.0,recommendation_changed
1124124,11772.0,11892.0,29784.0,11772.0,24764.0,26841.0,recommendation_changed
1124130,24764.0,24816.0,29353.0,,,,no_longer_flagged
1124158,20182.0,20148.0,6536.0,20182.0,20148.0,6126.0,unchanged
1124193,932.0,942.0,5001.0,932.0,942.0,4671.0,unchanged
1124314,13013.0,13000.0,29630.0,,,,no_longer_flagged
1124338,12312.0,12261.0,29625.0,,,,no_longer_flagged
1124339,12312.0,12261.0,29625.0,,,,no_longer_flagged
1124340,12312.0,12261.0,29625.0,,,,no_longer_flagged
1124341,536224.0,536226.0,13666.0,536224.0,536225.0,14545.0,recommendation_changed
1124358,13013.0,13000.0,29630.0,,,,no_longer_flagged
1124362,20512.0,2307.0,29852.0,20512.0,2407.0,27024.0,recommendation_changed
1124373,,,,13000.0,13013.0,27010.0,newly_flagged
1124375,,,,13000.0,13013.0,27010.0,newly_flagged
1124376,13013.0,13000.0,29630.0,,,,no_longer_flagged
1124384,2431.0,2452.0,23773.0,2431.0,2452.0,21956.0,unchanged
1124409,,,,2440.0,2374.0,26472.0,newly_flagged
1124410,2422.0,2497.0,17831.0,2422.0,2497.0,16592.0,unchanged
1124423,2422.0,2497.0,17831.0,2422.0,2497.0,16592.0,unchanged
1124469,25404.0,13360.0,29785.0,25404.0,13360.0,26957.0,unchanged
1124506,13079.0,13012.0,29616.0,13079.0,13012.0,26791.0,unchanged
1124508,13079.0,13012.0,29616.0,13079.0,13012.0,26791.0,unchanged
1124539,25404.0,13391.0,23846.0,25404.0,13391.0,22024.0,unchanged
1124540,25404.0,13391.0,23846.0,25404.0,13391.0,22024.0,unchanged
1124555,20076.0,20056.0,29410.0,20076.0,20056.0,26594.0,unchanged
1124575,20076.0,20056.0,29410.0,20076.0,20056.0,26594.0,unchanged
1124577,,,,1238.0,20047.0,13559.0,newly_flagged
1124652,,,,1517.0,1531.0,27090.0,newly_flagged
1124725,1755.0,20257.0,29942.0,1755.0,20257.0,27102.0,unchanged
1124729,1682.0,20215.0,29938.0,1682.0,20215.0,27096.0,unchanged
1124732,1682.0,20215.0,29938.0,1682.0,20215.0,27096.0,unchanged
1124745,20054.0,1318.0,17618.0,20054.0,1318.0,16378.0,unchanged
1124753,20303.0,1930.0,4188.0,20303.0,1930.0,3872.0,unchanged
1124754,20303.0,1930.0,4188.0,20303.0,1930.0,3872.0,unchanged
1124755,20303.0,1930.0,4188.0,20303.0,1930.0,3872.0,unchanged
1124802,20303.0,1930.0,4188.0,20303.0,1930.0,3872.0,unchanged
1124830,24815.0,24816.0,29353.0,24815.0,24764.0,26841.0,recommendation_changed
1124832,24816.0,24815.0,29961.0,24816.0,24815.0,27120.0,unchanged
1124833,24815.0,24816.0,29353.0,24815.0,24764.0,26841.0,recommendation_changed
1124834,24815.0,24816.0,29353.0,24815.0,24764.0,26841.0,recommendation_changed
1124847,12221.0,12104.0,29682.0,,,,no_longer_flagged
1124893,13011.0,12968.0,29739.0,13011.0,12968.0,26908.0,unchanged
1124894,13011.0,12968.0,29739.0,13011.0,12968.0,26908.0,unchanged
1124895,13011.0,12968.0,29739.0,13011.0,12968.0,26908.0,unchanged
1124896,13011.0,12968.0,29739.0,13011.0,12968.0,26908.0,unchanged
1124913,13013.0,13000.0,29630.0,,,,no_longer_flagged
1124914,13013.0,13000.0,29630.0,,,,no_longer_flagged
1124915,,,,13000.0,13013.0,27010.0,newly_flagged
1124916,13013.0,13000.0,29630.0,,,,no_longer_flagged
1124955,13013.0,13000.0,29630.0,13013.0,13000.0,27030.0,unchanged
1124956,13013.0,13000.0,29630.0,,,,no_longer_flagged
1124961,2422.0,2497.0,17831.0,2422.0,2497.0,16592.0,unchanged
1125025,1302.0,1258.0,29650.0,,,,no_longer_flagged
1125028,1302.0,1258.0,29650.0,,,,no_longer_flagged
1125045,13473.0,13455.0,29984.0,13473.0,13455.0,27141.0,unchanged
1125063,343147.0,1479.0,17541.0,343147.0,1479.0,16302.0,unchanged
1125093,1375.0,1336.0,29271.0,1375.0,1336.0,26474.0,unchanged
1125110,1248.0,1236.0,30014.0,,,,no_longer_flagged
1125158,1418.0,1433.0,29851.0,1418.0,1433.0,27023.0,unchanged
1125225,1296.0,1283.0,29913.0,1296.0,1283.0,27070.0,unchanged
1125243,20054.0,1318.0,17618.0,20054.0,1318.0,16378.0,unchanged
1125246,266879.0,20047.0,30044.0,266879.0,20047.0,13559.0,unchanged
1125259,20054.0,1318.0,17618.0,20054.0,1318.0,16378.0,unchanged
1125280,12542.0,12534.0,29398.0,12542.0,12534.0,26582.0,unchanged
1125298,1296.0,1283.0,29913.0,1296.0,1283.0,27070.0,unchanged
1125299,1267.0,20047.0,30044.0,,,,no_longer_flagged
1125302,266879.0,20047.0,30044.0,266879.0,20047.0,13559.0,unchanged
1125334,1296.0,1283.0,29913.0,1296.0,1283.0,27070.0,unchanged
1125336,,,,1296.0,1283.0,27070.0,newly_flagged
1125350,,,,1238.0,20047.0,13559.0,newly_flagged
1125394,1253.0,1258.0,29650.0,1253.0,1302.0,26819.0,recommendation_changed
1125423,344251.0,1531.0,29931.0,,,,no_longer_flagged
1125432,1342.0,1326.0,5106.0,1342.0,1326.0,4775.0,unchanged
1125438,,,,1517.0,1531.0,27090.0,newly_flagged
1125445,,,,1074.0,1094.0,27237.0,newly_flagged
1125446,,,,1074.0,1094.0,27237.0,newly_flagged
1125447,1087.0,1074.0,30083.0,1087.0,1094.0,27237.0,recommendation_changed
1125464,1094.0,1074.0,30083.0,,,,no_longer_flagged
1125477,,,,1517.0,1531.0,27090.0,newly_flagged
1125481,1471.0,126394.0,17414.0,1471.0,126394.0,16177.0,unchanged
1125482,,444304.0,10064.0,,444304.0,9310.0,unchanged
1125494,20076.0,20056.0,29410.0,20076.0,20056.0,26594.0,unchanged
1125513,20238.0,1688.0,29091.0,20238.0,1688.0,26303.0,unchanged
1125516,20238.0,1688.0,29091.0,20238.0,1688.0,26303.0,unchanged
1125533,1598.0,20204.0,29044.0,1598.0,20204.0,26258.0,unchanged
1125536,20238.0,1688.0,29091.0,20238.0,1688.0,26303.0,unchanged
1125555,370319.0,2497.0,17831.0,370319.0,2497.0,16592.0,unchanged
1125556,2484.0,2497.0,17831.0,2484.0,2497.0,16592.0,unchanged
1125559,20056.0,20061.0,30097.0,20056.0,20061.0,27250.0,unchanged
1125584,1598.0,20204.0,29044.0,1598.0,20204.0,26258.0,unchanged
1125614,13000.0,13070.0,29703.0,13000.0,13070.0,26872.0,unchanged
1125615,1884.0,1930.0,4188.0,1884.0,1930.0,3872.0,unchanged
1125639,2083.0,20344.0,30101.0,2083.0,20344.0,27254.0,unchanged
1125655,2374.0,20535.0,30118.0,2374.0,20535.0,27271.0,unchanged
1125669,2083.0,20344.0,30101.0,2083.0,20344.0,27254.0,unchanged
1125700,20180.0,20187.0,30124.0,20180.0,20187.0,27278.0,unchanged
1125721,1253.0,1258.0,29650.0,1253.0,1302.0,26819.0,recommendation_changed
1125800,,,,20180.0,20187.0,27278.0,newly_flagged
1125805,,,,1238.0,20047.0,13559.0,newly_flagged
1125807,,,,1238.0,20047.0,13559.0,newly_flagged
1125829,12832.0,20017.0,29534.0,12832.0,20017.0,26717.0,unchanged
1125830,12833.0,20017.0,29534.0,12833.0,20017.0,26717.0,unchanged
1125831,12832.0,20017.0,29534.0,12832.0,20017.0,26717.0,unchanged
1125832,12833.0,20017.0,29534.0,12833.0,20017.0,26717.0,unchanged
1125853,56304.0,1071.0,29710.0,56304.0,1071.0,26880.0,unchanged
1125885,1854.0,1835.0,30159.0,1854.0,1835.0,27312.0,unchanged
1125973,25749.0,25770.0,30178.0,25749.0,20735.0,27328.0,recommendation_changed
1125975,,,,20283.0,1842.0,27330.0,newly_flagged
1125976,,,,25770.0,20735.0,27328.0,newly_flagged
1126002,14340.0,14395.0,30196.0,14340.0,14395.0,27346.0,unchanged
1126025,14450.0,14389.0,12807.0,14450.0,14389.0,11886.0,unchanged
1126027,14389.0,14329.0,30205.0,14389.0,14329.0,27354.0,unchanged
1126028,14389.0,14329.0,30205.0,14389.0,14329.0,27354.0,unchanged
1126045,14340.0,14367.0,30211.0,14340.0,14367.0,27360.0,unchanged
1126046,14340.0,14367.0,30211.0,14340.0,14367.0,27360.0,unchanged
1126073,105580.0,20564.0,30224.0,105580.0,20564.0,27373.0,unchanged
1126074,25691.0,2470.0,30225.0,25691.0,2470.0,27374.0,unchanged
1126081,25691.0,14276.0,30228.0,25691.0,14276.0,27377.0,unchanged
1126083,,,,25719.0,14340.0,27351.0,newly_flagged
1126097,25691.0,25719.0,30229.0,25691.0,14340.0,27351.0,recommendation_changed
1126099,,,,25691.0,14340.0,27351.0,newly_flagged
1126127,21424.0,264637.0,17767.0,21424.0,264637.0,733.0,unchanged
1126135,,,,181757.0,20426.0,27395.0,newly_flagged
1126153,,,,2307.0,2407.0,27024.0,newly_flagged
1126170,1402.0,1370.0,30270.0,1402.0,1370.0,27411.0,unchanged
1126172,,,,13961.0,14003.0,27412.0,newly_flagged
1126210,25556.0,13852.0,30282.0,25556.0,13852.0,27422.0,unchanged
1126234,25250.0,20017.0,29569.0,25250.0,20017.0,26749.0,unchanged
1126237,2361.0,2286.0,30291.0,2361.0,2286.0,27429.0,unchanged
1126238,2361.0,2286.0,30291.0,2361.0,2286.0,27429.0,unchanged
1126258,1632.0,1653.0,6833.0,1632.0,1653.0,6409.0,unchanged
1126305,2229.0,2166.0,30298.0,2229.0,2166.0,27436.0,unchanged
1126306,2229.0,2166.0,30298.0,2229.0,2166.0,27436.0,unchanged
1126307,2229.0,2166.0,30298.0,2229.0,2166.0,27436.0,unchanged
1126322,103003.0,1653.0,6833.0,103003.0,1653.0,6409.0,unchanged
1126397,2530.0,2467.0,29382.0,2530.0,2467.0,26566.0,unchanged
1126398,2467.0,2530.0,14499.0,2467.0,2530.0,13493.0,unchanged
1126414,20512.0,2307.0,29852.0,20512.0,2407.0,27024.0,recommendation_changed
1126417,,,,25770.0,20735.0,27328.0,newly_flagged
1126419,,,,25770.0,20735.0,27328.0,newly_flagged
1126424,,,,25770.0,20735.0,27328.0,newly_flagged
1126427,13801.0,1807.0,29549.0,13801.0,1807.0,26728.0,unchanged
1126444,20512.0,2307.0,29852.0,20512.0,2407.0,27024.0,recommendation_changed
1126449,103003.0,1653.0,6833.0,103003.0,1653.0,6409.0,unchanged
1126463,20989.0,21013.0,30355.0,20989.0,21013.0,27482.0,unchanged
1126493,390796.0,2286.0,30291.0,390796.0,2286.0,27429.0,unchanged
1126495,2361.0,2286.0,30291.0,2361.0,2286.0,27429.0,unchanged
1126522,390796.0,2286.0,30291.0,390796.0,2286.0,27429.0,unchanged
1126529,42204.0,42203.0,30273.0,42204.0,42203.0,27415.0,unchanged
1126540,,,,14215.0,25640.0,18346.0,newly_flagged
1126562,,,,11660.0,24745.0,27504.0,newly_flagged
1126566,2412.0,2337.0,30382.0,2412.0,2337.0,27507.0,unchanged
1126567,2412.0,2337.0,30382.0,2412.0,2337.0,27507.0,unchanged
1126569,,,,2307.0,2407.0,27024.0,newly_flagged
1126571,,,,2307.0,2407.0,27024.0,newly_flagged
1126572,,,,2307.0,2407.0,27024.0,newly_flagged
1126581,4033.0,4054.0,30386.0,4033.0,4054.0,27511.0,unchanged
1126582,25781.0,25799.0,14447.0,,,,no_longer_flagged
1126583,25781.0,25799.0,14447.0,,,,no_longer_flagged
1126584,25781.0,25799.0,14447.0,,,,no_longer_flagged
1126692,25739.0,14359.0,30255.0,25739.0,14359.0,27398.0,unchanged
1126718,40933.0,40934.0,30349.0,40933.0,40934.0,27479.0,unchanged
1126776,25541.0,13752.0,30439.0,25541.0,13752.0,27556.0,unchanged
1126805,25860.0,14692.0,30465.0,25860.0,14692.0,27577.0,unchanged
1126817,,,,20828.0,218876.0,12156.0,newly_flagged
1126829,3777.0,134380.0,30474.0,3777.0,26245.0,22114.0,recommendation_changed
1126833,4195.0,4268.0,30477.0,4195.0,4268.0,27587.0,unchanged
1126834,26442.0,26447.0,17692.0,26442.0,16464.0,16452.0,recommendation_changed
1126837,4419.0,4204.0,30479.0,4419.0,4204.0,27589.0,unchanged
1126839,4387.0,4204.0,30479.0,4387.0,4204.0,27589.0,unchanged
1126841,16214.0,16156.0,30481.0,16214.0,16263.0,27591.0,recommendation_changed
1126842,48604.0,16263.0,30482.0,,,,no_longer_flagged
1126884,,,,20283.0,1842.0,27330.0,newly_flagged
1126923,16777.0,32929.0,3879.0,,,,no_longer_flagged
1126924,,,,25719.0,14340.0,27351.0,newly_flagged
1126927,50843.0,48614.0,30513.0,,,,no_longer_flagged
1126956,12838.0,25250.0,30523.0,12838.0,25250.0,27619.0,unchanged
1126961,12838.0,25250.0,30523.0,12838.0,25250.0,27619.0,unchanged
1126962,12838.0,20017.0,29569.0,12838.0,20017.0,26749.0,unchanged
1126963,,,,25250.0,20017.0,26749.0,newly_flagged
1126964,25250.0,20017.0,29569.0,25250.0,20017.0,26749.0,unchanged
1126977,13468.0,13440.0,29598.0,,,,no_longer_flagged
1126980,,,,13440.0,13468.0,26750.0,newly_flagged
1127005,,,,14450.0,14367.0,27360.0,newly_flagged
1127014,13468.0,13440.0,29598.0,,,,no_longer_flagged
1127016,13468.0,13440.0,29666.0,,,,no_longer_flagged
1127048,12833.0,20017.0,29535.0,12833.0,20017.0,26714.0,unchanged
1127056,20017.0,12868.0,29506.0,20017.0,12868.0,26687.0,unchanged
1127065,20017.0,12869.0,29502.0,20017.0,12869.0,26683.0,unchanged
1127100,12833.0,20017.0,29535.0,12833.0,20017.0,26714.0,unchanged
1127125,1682.0,20215.0,29938.0,1682.0,20215.0,27096.0,unchanged
1127126,1682.0,20215.0,29938.0,1682.0,20215.0,27096.0,unchanged
1127143,20014.0,25191.0,29000.0,20014.0,25191.0,26220.0,unchanged
1127145,12888.0,20017.0,30289.0,12888.0,20017.0,27427.0,unchanged
1127151,,,,20017.0,12835.0,26219.0,newly_flagged
1127153,12835.0,20017.0,28999.0,,,,no_longer_flagged
1127154,12835.0,20017.0,28999.0,,,,no_longer_flagged
1127174,39015.0,39011.0,16547.0,39015.0,39011.0,15326.0,unchanged
1127177,468220.0,468234.0,2950.0,,,,no_longer_flagged
1127179,453820.0,391373.0,3104.0,453820.0,391373.0,2840.0,unchanged
1127180,,15729.0,20895.0,,15729.0,18204.0,unchanged
1127196,5334.0,21812.0,18489.0,5334.0,21812.0,17236.0,unchanged
1127198,1865.0,1930.0,4188.0,1865.0,1930.0,3872.0,unchanged
1127219,,7977.0,30593.0,,7977.0,27680.0,unchanged
1127223,18370.0,18277.0,16692.0,18370.0,18303.0,15464.0,recommendation_changed
1127228,,530639.0,9368.0,,530639.0,8718.0,unchanged
1127266,444222.0,444220.0,28694.0,444222.0,444220.0,25928.0,unchanged
1127284,3845.0,3844.0,30636.0,3845.0,53416.0,27722.0,recommendation_changed
1127289,16298.0,16379.0,17694.0,16298.0,16379.0,16454.0,unchanged
1127292,71011.0,123833.0,1669.0,71011.0,123833.0,1549.0,unchanged
1127299,820.0,818.0,28960.0,820.0,818.0,26180.0,unchanged
1127302,820.0,818.0,28960.0,820.0,818.0,26180.0,unchanged
1127326,,,,8896.0,8866.0,27746.0,newly_flagged
1127353,8076.0,23019.0,30677.0,8076.0,23019.0,27761.0,unchanged
1127357,,,,3236.0,3261.0,18564.0,newly_flagged
1127373,,,,537069.0,537072.0,22497.0,newly_flagged
1127406,23804.0,9631.0,30712.0,23804.0,9631.0,27791.0,unchanged
1127424,10188.0,10077.0,30723.0,10188.0,10077.0,27799.0,unchanged
1127462,3102.0,3106.0,30747.0,3102.0,3106.0,27821.0,unchanged
1127475,7067.0,7128.0,18232.0,7067.0,7128.0,16987.0,unchanged
1127482,17059.0,17084.0,30756.0,,,,no_longer_flagged
1127499,3947.0,384818.0,30664.0,3947.0,384818.0,27749.0,unchanged
1127523,13387.0,13421.0,12577.0,13387.0,13421.0,11655.0,unchanged
1127534,19889.0,599.0,13468.0,19889.0,599.0,12476.0,unchanged
1127568,27185.0,18616.0,30799.0,27185.0,18616.0,27868.0,unchanged
1127580,14860.0,149116.0,17566.0,14860.0,149116.0,16326.0,unchanged
1127600,178568.0,272956.0,750.0,178568.0,272956.0,673.0,unchanged
1127611,20432.0,20386.0,30818.0,20432.0,20386.0,27884.0,unchanged
1127612,21407.0,21400.0,30819.0,21407.0,21400.0,27885.0,unchanged
1127634,9262.0,23579.0,30831.0,9262.0,23579.0,27897.0,unchanged
1127642,280956.0,280649.0,15697.0,,,,no_longer_flagged
1127676,196476.0,3338.0,30858.0,196476.0,3338.0,27924.0,unchanged
1127682,22350.0,22438.0,30864.0,,,,no_longer_flagged
1127700,8347.0,8549.0,30874.0,8347.0,8549.0,27940.0,unchanged
1127720,,,,13812.0,25552.0,27955.0,newly_flagged
1127724,,,,14215.0,25640.0,18346.0,newly_flagged
1127741,26608.0,26606.0,30904.0,26608.0,26606.0,27969.0,unchanged
1127744,24214.0,10523.0,30907.0,24214.0,10523.0,27972.0,unchanged
1127756,4225.0,4219.0,30917.0,4225.0,4219.0,27981.0,unchanged
1127767,21711.0,4936.0,30922.0,21711.0,4936.0,27987.0,unchanged
1127773,,,,25509.0,25521.0,27993.0,newly_flagged
1127786,8066.0,8108.0,30936.0,8066.0,8108.0,27999.0,unchanged
1127787,8317.0,8242.0,30937.0,8317.0,8242.0,28000.0,unchanged
1127789,536374.0,536367.0,11391.0,,,,no_longer_flagged
1127791,396123.0,1925.0,30939.0,396123.0,1925.0,28003.0,unchanged
1127805,855.0,830.0,30948.0,,,,no_longer_flagged
1127814,14431.0,14416.0,2092.0,14431.0,14416.0,1934.0,unchanged
1127824,506659.0,506657.0,1269.0,506659.0,506657.0,1157.0,unchanged
1127844,23718.0,9479.0,30965.0,,,,no_longer_flagged
1127853,405723.0,26167.0,24204.0,405723.0,95964.0,28031.0,recommendation_changed
1127855,6893.0,6888.0,23853.0,6893.0,6888.0,22032.0,unchanged
1127860,5271.0,5301.0,16887.0,5271.0,5301.0,15247.0,unchanged
1127890,425182.0,26167.0,24204.0,,,,no_longer_flagged
1127925,21217.0,3183.0,31010.0,21217.0,3183.0,28072.0,unchanged
1127941,,,,199047.0,199048.0,14692.0,newly_flagged
1127947,,,,1166.0,1136.0,28080.0,newly_flagged
1127948,197119.0,3837.0,31022.0,197119.0,26326.0,21773.0,recommendation_changed
1127988,,,,23454.0,23497.0,3281.0,newly_flagged
1127992,1305.0,20046.0,15772.0,1305.0,20046.0,14588.0,unchanged
1127999,164809.0,798.0,4381.0,,,,no_longer_flagged
1128001,26425.0,26393.0,22191.0,,,,no_longer_flagged
1128235,4399.0,21574.0,26399.0,,,,no_longer_flagged
1128245,,,,22421.0,22411.0,28134.0,newly_flagged
1128252,,,,10797.0,10774.0,28139.0,newly_flagged
1128254,567.0,557.0,31087.0,567.0,557.0,28141.0,unchanged
1128258,20948.0,2791.0,30525.0,20948.0,2791.0,27620.0,unchanged
1128281,45736.0,45735.0,31101.0,,,,no_longer_flagged
1128296,22424.0,6804.0,2832.0,22424.0,6804.0,2576.0,unchanged
1128301,27343.0,19366.0,22543.0,27343.0,19366.0,20855.0,unchanged
1128359,5334.0,21812.0,18489.0,5334.0,21812.0,17236.0,unchanged
1128361,19396.0,19367.0,16920.0,,,,no_longer_flagged
1128391,27049.0,18106.0,22086.0,27049.0,18106.0,20435.0,unchanged
1128400,3976.0,21533.0,31165.0,,,,no_longer_flagged
1128419,4589.0,98527.0,31175.0,,,,no_longer_flagged
1128423,535792.0,535788.0,31178.0,535792.0,535788.0,25331.0,unchanged
1128426,536459.0,236156.0,31180.0,536459.0,236156.0,28234.0,unchanged
1128446,17238.0,17159.0,31192.0,17238.0,17159.0,28246.0,unchanged
1128457,482624.0,482621.0,2554.0,482624.0,482621.0,2321.0,unchanged
1128465,4548.0,229442.0,31203.0,,,,no_longer_flagged
1128487,12213.0,19996.0,31219.0,12213.0,19996.0,28272.0,unchanged
1128489,9755.0,9703.0,31221.0,9755.0,9703.0,28274.0,unchanged
1128491,14592.0,25783.0,27408.0,14592.0,25783.0,24899.0,unchanged
1128501,9743.0,9749.0,31230.0,9743.0,9749.0,28283.0,unchanged
1128504,22658.0,22597.0,12853.0,22658.0,22597.0,11936.0,unchanged
1128528,2849.0,2850.0,31243.0,2849.0,2850.0,28296.0,unchanged
1128556,23898.0,23883.0,7448.0,23898.0,23883.0,6956.0,unchanged
1128557,,,,13150.0,13149.0,808.0,newly_flagged
1128560,5284.0,5265.0,16752.0,5284.0,5265.0,15526.0,unchanged
1128581,21789.0,21793.0,26208.0,21789.0,21793.0,23907.0,unchanged
1128604,8805.0,8712.0,17098.0,8805.0,8712.0,13377.0,unchanged
1128609,204.0,19779.0,31282.0,204.0,19779.0,28333.0,unchanged
1128619,,,,370420.0,27141.0,28342.0,newly_flagged
1128625,7424.0,7337.0,31292.0,7424.0,7337.0,28344.0,unchanged
1128631,6716.0,6754.0,31296.0,6716.0,6754.0,28347.0,unchanged
1128645,,,,10579.0,10572.0,21123.0,newly_flagged
1128646,,,,30.0,6569.0,28359.0,newly_flagged
1128665,9661.0,9660.0,31322.0,9661.0,9660.0,28373.0,unchanged
1128678,,,,1074.0,1094.0,27237.0,newly_flagged
1128682,444224.0,444219.0,23746.0,444224.0,444223.0,26002.0,recommendation_changed
1128708,243844.0,350097.0,31351.0,243844.0,350097.0,12041.0,unchanged
1128714,20389.0,2005.0,18099.0,20389.0,2005.0,16858.0,unchanged
1128731,473205.0,449264.0,4360.0,473205.0,449264.0,4300.0,unchanged
1128752,18900.0,18812.0,26539.0,18900.0,18929.0,6743.0,recommendation_changed
1128753,8046.0,22948.0,31369.0,8046.0,22948.0,28416.0,unchanged
1128761,131184.0,131185.0,3091.0,131184.0,131185.0,2826.0,unchanged
1128776,2795.0,105910.0,1762.0,2795.0,105910.0,1640.0,unchanged
1128822,19503.0,297924.0,22461.0,,,,no_longer_flagged
1128831,15630.0,15603.0,31401.0,15630.0,15603.0,28446.0,unchanged
1128854,25103.0,12623.0,31412.0,25103.0,25117.0,28457.0,recommendation_changed
1128856,11940.0,11955.0,12906.0,11940.0,11955.0,11988.0,unchanged
1128859,14924.0,14907.0,20064.0,,,,no_longer_flagged
1128867,24867.0,12115.0,31418.0,24867.0,12113.0,28463.0,recommendation_changed
1128874,10612.0,10560.0,14456.0,10612.0,10560.0,13451.0,unchanged
1128877,8831.0,8761.0,31423.0,8831.0,8761.0,28468.0,unchanged
1128903,26608.0,26606.0,30904.0,26608.0,26606.0,27969.0,unchanged
1128933,383788.0,383787.0,23683.0,383788.0,383787.0,21873.0,unchanged
1128948,375296.0,375294.0,8570.0,,,,no_longer_flagged
1128961,9805.0,9867.0,31463.0,9805.0,9867.0,28505.0,unchanged
1129003,473204.0,449264.0,4360.0,,,,no_longer_flagged
1129039,4577.0,21619.0,4071.0,4577.0,21619.0,3755.0,unchanged
1129042,6197.0,6178.0,31506.0,6197.0,6178.0,28544.0,unchanged
1129052,343993.0,319360.0,4247.0,343993.0,319360.0,3930.0,unchanged
1129079,24831.0,12084.0,31523.0,,,,no_longer_flagged
1129081,453917.0,536366.0,4625.0,,,,no_longer_flagged
1129318,384013.0,370355.0,2854.0,384013.0,370355.0,2596.0,unchanged
1130659,349899.0,344587.0,3630.0,349899.0,344587.0,3320.0,unchanged
1130669,375100.0,11796.0,1206.0,375100.0,11796.0,1097.0,unchanged
1130670,214722.0,99818.0,31537.0,214722.0,14994.0,18946.0,recommendation_changed
1130672,14720.0,14803.0,21648.0,14720.0,14803.0,20005.0,unchanged
1130673,210564.0,14585.0,21212.0,210564.0,14585.0,19575.0,unchanged
1130708,12096.0,12092.0,31556.0,12096.0,12092.0,28591.0,unchanged
1130711,,,,3026.0,2941.0,632.0,newly_flagged
1130751,7887.0,22941.0,31583.0,7887.0,22941.0,28617.0,unchanged
1130755,11432.0,11447.0,28640.0,11432.0,11447.0,25877.0,unchanged
1130757,11882.0,11938.0,31587.0,11882.0,11938.0,28621.0,unchanged
1130783,343164.0,4378.0,2058.0,343164.0,4378.0,1901.0,unchanged
1130786,16128.0,16124.0,24949.0,16128.0,16124.0,22966.0,unchanged
1130789,3680.0,3708.0,23758.0,3680.0,3708.0,21944.0,unchanged
1130800,25500.0,25515.0,31610.0,25500.0,25515.0,28643.0,unchanged
1130813,8946.0,9118.0,3958.0,,,,no_longer_flagged
1130843,13634.0,25473.0,27711.0,13634.0,25473.0,25168.0,unchanged
1130844,,,,3618.0,3615.0,4778.0,newly_flagged
1130929,,62688.0,18302.0,,62688.0,17053.0,unchanged
1130967,4321.0,4328.0,25575.0,4321.0,4328.0,23424.0,unchanged
1130978,482623.0,482621.0,2554.0,482623.0,482621.0,2321.0,unchanged
1130991,12888.0,20017.0,30289.0,12888.0,20017.0,27427.0,unchanged
1131023,,,,18277.0,18303.0,15464.0,newly_flagged
1131049,535595.0,390530.0,3114.0,,,,no_longer_flagged
1131068,,,,20001.0,1094.0,27237.0,newly_flagged
1131070,271365.0,271368.0,13325.0,,,,no_longer_flagged
1131094,21653.0,4753.0,16088.0,21653.0,21657.0,28754.0,recommendation_changed
1131095,187515.0,246715.0,31723.0,187515.0,246715.0,28755.0,unchanged
1131139,,,,2997.0,2969.0,28775.0,newly_flagged
1131140,12113.0,12115.0,31418.0,,,,no_longer_flagged
1131157,8906.0,8774.0,23470.0,,,,no_longer_flagged
1131205,25462.0,25453.0,27326.0,25462.0,25453.0,24825.0,unchanged
1131227,302716.0,123.0,31791.0,302716.0,123.0,24021.0,unchanged
1131229,7887.0,22941.0,31583.0,7887.0,22941.0,28617.0,unchanged
1131231,13280.0,13244.0,21861.0,13280.0,13244.0,20213.0,unchanged
1131241,,,,1238.0,20047.0,13559.0,newly_flagged
1131243,23101.0,23090.0,31799.0,23101.0,8360.0,28825.0,recommendation_changed
1131252,,,,9227.0,9202.0,28833.0,newly_flagged
1131264,16032.0,16022.0,14747.0,16032.0,16022.0,13742.0,unchanged
1131341,13549.0,13546.0,21401.0,13549.0,13546.0,19758.0,unchanged
1131450,378636.0,378638.0,4376.0,378636.0,378638.0,4059.0,unchanged
1131459,19028.0,18935.0,31857.0,19028.0,18935.0,28881.0,unchanged
1131738,7785.0,22857.0,8088.0,,,,no_longer_flagged
1131750,23780.0,9862.0,31882.0,23780.0,9862.0,28905.0,unchanged
1131773,,,,25057.0,25041.0,3333.0,newly_flagged
1131789,12364.0,12188.0,14420.0,12364.0,12188.0,13418.0,unchanged
1131849,345084.0,20786.0,5138.0,345084.0,20786.0,4807.0,unchanged
1131991,105900.0,26065.0,14336.0,105900.0,26065.0,13336.0,unchanged
1131992,210562.0,9486.0,31920.0,210562.0,9486.0,28939.0,unchanged
1131993,20471.0,20516.0,4234.0,20471.0,20516.0,3918.0,unchanged
1132002,8459.0,8694.0,31921.0,8459.0,8694.0,28940.0,unchanged
1132010,258250.0,258249.0,31927.0,258250.0,258249.0,28947.0,unchanged
1132028,19573.0,27442.0,31939.0,19573.0,27442.0,28959.0,unchanged
1132040,,,,7067.0,7128.0,16987.0,newly_flagged
1132046,130219.0,97884.0,13064.0,130219.0,97884.0,12149.0,unchanged
1132074,8556.0,8550.0,20573.0,8556.0,8550.0,18999.0,unchanged
1132077,7436.0,7456.0,31977.0,7436.0,7456.0,28994.0,unchanged
1132124,260163.0,259521.0,32013.0,260163.0,259521.0,29033.0,unchanged
1132146,259196.0,259844.0,31996.0,259196.0,259844.0,29014.0,unchanged
1132151,,,,257926.0,259844.0,29014.0,newly_flagged
1132153,259196.0,259844.0,31996.0,259196.0,259844.0,29014.0,unchanged
1132159,284476.0,284167.0,32031.0,284476.0,284167.0,29050.0,unchanged
1132161,258239.0,258244.0,32033.0,258239.0,258244.0,29052.0,unchanged
1132166,248315.0,248316.0,32037.0,248315.0,248316.0,29057.0,unchanged
1132174,23103.0,8343.0,32042.0,,,,no_longer_flagged
1132177,22827.0,22848.0,32045.0,22827.0,22848.0,29065.0,unchanged
1132238,8673.0,8672.0,32092.0,,,,no_longer_flagged
1132264,,,,,19395.0,20756.0,newly_flagged
1132276,264966.0,264965.0,32118.0,,,,no_longer_flagged
1132294,273288.0,273287.0,32129.0,273288.0,273289.0,29146.0,recommendation_changed
1132295,273288.0,273287.0,32129.0,273288.0,273289.0,29146.0,recommendation_changed
1132296,273288.0,273287.0,32129.0,273288.0,273289.0,29146.0,recommendation_changed
1132298,272639.0,272642.0,32130.0,272639.0,272636.0,29148.0,recommendation_changed
1132316,276800.0,262404.0,32137.0,276800.0,260165.0,29155.0,recommendation_changed
1132317,261446.0,260165.0,32138.0,261446.0,260165.0,29155.0,unchanged
1132324,282557.0,282561.0,32134.0,,,,no_longer_flagged
1132354,273290.0,273287.0,32129.0,273290.0,273289.0,29146.0,recommendation_changed
1132355,273290.0,273287.0,32129.0,273290.0,273289.0,29146.0,recommendation_changed
1132356,273290.0,273287.0,32129.0,273290.0,273289.0,29146.0,recommendation_changed
1132357,273290.0,273287.0,32129.0,273290.0,273289.0,29146.0,recommendation_changed
1132373,147839.0,14155.0,32153.0,147839.0,14155.0,29169.0,unchanged
1132416,6638.0,6684.0,9294.0,6638.0,6684.0,8647.0,unchanged
1132422,,54370.0,32177.0,,54370.0,29193.0,unchanged
1132426,364894.0,140.0,32178.0,364894.0,140.0,29194.0,unchanged
1132427,140159.0,477919.0,28764.0,140159.0,477918.0,26001.0,recommendation_changed
1132445,1672.0,20263.0,29182.0,1672.0,20263.0,26394.0,unchanged
1132454,,,,18471.0,18444.0,15970.0,newly_flagged
1132492,391359.0,391357.0,23525.0,391359.0,391357.0,21720.0,unchanged
1132493,13683.0,43484.0,4064.0,13683.0,43484.0,3748.0,unchanged
1132498,27417.0,27424.0,12725.0,,,,no_longer_flagged
1132507,343214.0,343213.0,7402.0,343214.0,343213.0,6912.0,unchanged
1132535,20074.0,20069.0,29399.0,,,,no_longer_flagged
1132536,383807.0,383806.0,23677.0,383807.0,383806.0,4070.0,unchanged
1132538,24862.0,24882.0,2516.0,24862.0,24882.0,2286.0,unchanged
1132539,14946.0,2881.0,3807.0,14946.0,2881.0,3498.0,unchanged
1132694,84765.0,2571.0,16795.0,84765.0,2571.0,15567.0,unchanged
1132695,375944.0,1238.0,14566.0,375944.0,20047.0,13559.0,recommendation_changed
1132706,375836.0,444.0,32257.0,375836.0,444.0,29271.0,unchanged
1132711,,,,25841.0,14678.0,12016.0,newly_flagged
1132714,200955.0,200959.0,32262.0,200955.0,200959.0,29276.0,unchanged
1132719,365084.0,14855.0,32180.0,365084.0,14855.0,29196.0,unchanged
1132740,343339.0,10023.0,32276.0,343339.0,10023.0,29290.0,unchanged
1132742,384827.0,21406.0,18005.0,384827.0,21406.0,16764.0,unchanged
1132747,325436.0,9429.0,32281.0,325436.0,9429.0,29295.0,unchanged
1132748,95964.0,26167.0,24204.0,,,,no_longer_flagged
1132754,150730.0,150727.0,32285.0,150730.0,150727.0,29299.0,unchanged
1132756,25192.0,20016.0,28852.0,25192.0,20016.0,26073.0,unchanged
1132758,,,,17169.0,17260.0,24028.0,newly_flagged
1132763,335996.0,6674.0,32289.0,335996.0,6674.0,29302.0,unchanged
1132807,11378.0,11446.0,3866.0,11378.0,11446.0,3555.0,unchanged
1132829,391420.0,391422.0,2399.0,391420.0,391422.0,2180.0,unchanged
1132850,384814.0,389929.0,4713.0,,,,no_longer_flagged
1132879,,,,378059.0,375327.0,285.0,newly_flagged
1132915,136956.0,76763.0,32353.0,136956.0,76763.0,29362.0,unchanged
1132921,22067.0,5881.0,16731.0,,,,no_longer_flagged
1132927,310079.0,343406.0,4132.0,310079.0,343406.0,3817.0,unchanged
1132943,13549.0,13546.0,21401.0,13549.0,13546.0,19758.0,unchanged
1132946,9540.0,9519.0,32365.0,9540.0,9519.0,29373.0,unchanged
1132965,12680.0,12656.0,534.0,12680.0,12656.0,489.0,unchanged
1132967,9040.0,9004.0,32373.0,9040.0,9004.0,29381.0,unchanged
1132978,7670.0,7641.0,7667.0,7670.0,7641.0,7159.0,unchanged
1132980,7875.0,22893.0,8588.0,7875.0,22893.0,7999.0,unchanged
1132981,31373.0,7341.0,8855.0,31373.0,7341.0,8244.0,unchanged
1132984,8836.0,8852.0,5715.0,8836.0,8852.0,5368.0,unchanged
1132992,246730.0,247035.0,7541.0,246730.0,247035.0,7042.0,unchanged
1132993,278401.0,168318.0,4270.0,278401.0,168318.0,3953.0,unchanged
1133000,285439.0,248962.0,32385.0,285439.0,248962.0,29394.0,unchanged
1133006,22142.0,22143.0,9737.0,22142.0,22143.0,9036.0,unchanged
1133017,60769.0,261117.0,5380.0,60769.0,261117.0,5049.0,unchanged
1133019,143357.0,5138.0,4176.0,143357.0,5138.0,3860.0,unchanged
1133026,16867.0,4477.0,24156.0,16867.0,4477.0,22310.0,unchanged
1133029,266877.0,1238.0,14566.0,266877.0,20047.0,13559.0,recommendation_changed
1133033,156167.0,130542.0,8628.0,156167.0,130542.0,8037.0,unchanged
1133034,46684.0,8437.0,1365.0,46684.0,8437.0,1251.0,unchanged
1133057,6740.0,6667.0,9175.0,6740.0,6667.0,8536.0,unchanged
1133085,14761.0,14852.0,32419.0,14761.0,14852.0,29427.0,unchanged
1133090,9104.0,23490.0,32424.0,,,,no_longer_flagged
1133153,14906.0,14831.0,32470.0,14906.0,14956.0,29473.0,recommendation_changed
1133159,260166.0,261118.0,32472.0,260166.0,261118.0,29475.0,unchanged
1133160,,,,262404.0,260165.0,29155.0,newly_flagged
1133161,,,,262404.0,260165.0,29155.0,newly_flagged
1133163,262410.0,260165.0,32138.0,262410.0,260165.0,29155.0,unchanged
1133164,,,,262410.0,260165.0,29155.0,newly_flagged
1133165,262076.0,260165.0,32138.0,262076.0,260165.0,29155.0,unchanged
1133185,22852.0,22805.0,32442.0,22852.0,22805.0,29448.0,unchanged
1133193,22271.0,7.0,17801.0,22271.0,7.0,16560.0,unchanged
1133200,8214.0,42523.0,32495.0,,,,no_longer_flagged
1133202,,,,257605.0,252478.0,29501.0,newly_flagged
1133206,282557.0,282561.0,32134.0,,,,no_longer_flagged
1133207,282563.0,282562.0,32139.0,282563.0,282562.0,29156.0,unchanged
1133217,262718.0,261118.0,32472.0,262718.0,261118.0,29475.0,unchanged
1133218,274241.0,274240.0,32502.0,274241.0,274240.0,29506.0,unchanged
1133231,285435.0,284167.0,32031.0,285435.0,284167.0,29050.0,unchanged
1133232,284476.0,284167.0,32031.0,284476.0,284167.0,29050.0,unchanged
1133233,284479.0,284167.0,32031.0,284479.0,284167.0,29050.0,unchanged
1133239,261118.0,262404.0,32137.0,261118.0,260165.0,29155.0,recommendation_changed
1133240,,,,262404.0,260165.0,29155.0,newly_flagged
1133253,391151.0,391152.0,23754.0,391151.0,391152.0,21941.0,unchanged
1133258,276155.0,256317.0,18782.0,276155.0,256317.0,17519.0,unchanged
1133262,383790.0,383787.0,23683.0,383790.0,383787.0,21873.0,unchanged
1133274,335995.0,22893.0,8588.0,335995.0,22893.0,7999.0,unchanged
1133276,102376.0,5161.0,27989.0,102376.0,5161.0,25388.0,unchanged
1133278,16075.0,16091.0,17765.0,,,,no_longer_flagged
1133280,,,,99818.0,14994.0,18946.0,newly_flagged
1133282,17243.0,26691.0,21819.0,17243.0,26691.0,20168.0,unchanged
1133285,17588.0,24201.0,32533.0,17588.0,24201.0,29535.0,unchanged
1133290,,,,8555.0,8550.0,18999.0,newly_flagged
1133308,254716.0,254717.0,17549.0,254716.0,254717.0,16309.0,unchanged
1133313,15358.0,15437.0,7838.0,15358.0,15437.0,7327.0,unchanged
1133325,22027.0,331196.0,4063.0,22027.0,331196.0,3747.0,unchanged
1133342,15533.0,15504.0,26120.0,15533.0,15504.0,23837.0,unchanged
1133354,,473024.0,32561.0,,473024.0,29562.0,unchanged
1133357,13851.0,13767.0,27060.0,13851.0,13767.0,24596.0,unchanged
1133359,22176.0,22157.0,32563.0,22176.0,22157.0,29564.0,unchanged
1133369,23420.0,8877.0,15503.0,23420.0,8877.0,14367.0,unchanged
1133375,22501.0,6905.0,24109.0,,,,no_longer_flagged
1133385,343164.0,4378.0,2058.0,343164.0,4378.0,1901.0,unchanged
1133393,,21114.0,32580.0,,21114.0,29580.0,unchanged
1133395,24214.0,5381.0,17329.0,24214.0,5381.0,16092.0,unchanged
1133427,7259.0,7281.0,32596.0,7259.0,7281.0,29595.0,unchanged
1133429,400940.0,390906.0,21684.0,400940.0,344907.0,20036.0,recommendation_changed
1133431,21463.0,15885.0,19973.0,21463.0,15885.0,18492.0,unchanged
1133439,6889.0,22426.0,18235.0,,,,no_longer_flagged
1133442,248961.0,248962.0,32385.0,248961.0,248962.0,29394.0,unchanged
1133444,248961.0,248962.0,32385.0,248961.0,248962.0,29394.0,unchanged
1133445,285439.0,248962.0,32385.0,285439.0,248962.0,29394.0,unchanged
1133455,7253.0,133.0,14591.0,7253.0,165.0,13584.0,recommendation_changed
1133467,6976.0,22592.0,30853.0,6976.0,22592.0,27919.0,unchanged
1133485,22505.0,22499.0,18011.0,22505.0,22499.0,16770.0,unchanged
1133486,253.0,239.0,32629.0,253.0,237.0,29624.0,recommendation_changed
1133493,22521.0,22563.0,32635.0,,,,no_longer_flagged
1133502,6037.0,22138.0,32641.0,6037.0,22138.0,29635.0,unchanged
1133506,7071.0,22625.0,32644.0,7071.0,22625.0,29638.0,unchanged
1133517,191.0,199.0,32650.0,191.0,199.0,29644.0,unchanged
1133525,190.0,196.0,4405.0,190.0,196.0,29652.0,unchanged
1133526,19772.0,148.0,32658.0,19772.0,148.0,29653.0,unchanged
1133531,6956.0,22592.0,30853.0,6956.0,22592.0,27919.0,unchanged
1133544,248010.0,248316.0,32037.0,248010.0,248316.0,29057.0,unchanged
1133548,8044.0,8098.0,19918.0,,,,no_longer_flagged
1133551,7865.0,7867.0,31053.0,7865.0,7867.0,28107.0,unchanged
1133552,22176.0,22157.0,32563.0,22176.0,22157.0,29564.0,unchanged
1133557,,,,248008.0,248962.0,29394.0,newly_flagged
1133558,281930.0,264316.0,32675.0,281930.0,264316.0,29670.0,unchanged
1133562,285435.0,284167.0,32031.0,285435.0,284167.0,29050.0,unchanged
1133563,284479.0,284167.0,32031.0,284479.0,284167.0,29050.0,unchanged
1133564,285435.0,284167.0,32031.0,285435.0,284167.0,29050.0,unchanged
1133565,285435.0,284167.0,32031.0,285435.0,284167.0,29050.0,unchanged
1133569,,,,248008.0,248962.0,29394.0,newly_flagged
1133571,285436.0,285130.0,32679.0,285436.0,285130.0,29674.0,unchanged
1133576,280637.0,280638.0,32682.0,280637.0,280642.0,29677.0,recommendation_changed
1133590,,,,264323.0,262721.0,29688.0,newly_flagged
1133593,,,,264323.0,262721.0,29688.0,newly_flagged
1133620,262090.0,262721.0,32694.0,262090.0,262721.0,29688.0,unchanged
1133627,283841.0,248963.0,32714.0,283841.0,248963.0,29709.0,unchanged
1133642,,2256.0,30100.0,,2256.0,27253.0,unchanged
1133644,330559.0,287676.0,32722.0,330559.0,287676.0,29717.0,unchanged
1133646,23780.0,9862.0,31882.0,23780.0,9862.0,28905.0,unchanged
1133650,2091.0,2044.0,32726.0,2091.0,2044.0,29721.0,unchanged
1133654,365326.0,199035.0,16352.0,365326.0,199035.0,15140.0,unchanged
1133687,53726.0,19206.0,28944.0,53726.0,19206.0,26164.0,unchanged
1133689,4003.0,273279.0,18634.0,4003.0,273279.0,17372.0,unchanged
1133690,14137.0,14176.0,20488.0,14137.0,14176.0,18924.0,unchanged
1133691,209276.0,53412.0,21537.0,209276.0,53412.0,19888.0,unchanged
1133693,375937.0,14229.0,19899.0,375937.0,14229.0,18428.0,unchanged
1133695,116141.0,3981.0,20613.0,116141.0,3981.0,19038.0,unchanged
1133718,4328.0,4321.0,4217.0,,,,no_longer_flagged
1133725,20074.0,20069.0,29399.0,,,,no_longer_flagged
1133727,276155.0,256317.0,18782.0,276155.0,256317.0,17519.0,unchanged
1133741,,,,25802.0,14506.0,16589.0,newly_flagged
1133766,383807.0,383806.0,23677.0,383807.0,383806.0,4070.0,unchanged
1133788,331837.0,268803.0,11714.0,331837.0,268803.0,10840.0,unchanged
1133894,9112.0,9058.0,9519.0,9112.0,9058.0,8839.0,unchanged
1133965,,,,13847.0,1990.0,18995.0,newly_flagged
1134034,24963.0,24922.0,1117.0,24963.0,24922.0,1009.0,unchanged
1134058,,,,11363.0,11437.0,16652.0,newly_flagged
1134060,9116.0,9150.0,30587.0,9116.0,9150.0,27674.0,unchanged
1134095,,,,14906.0,14831.0,29820.0,newly_flagged
1134106,6560.0,6684.0,9294.0,6560.0,6684.0,8647.0,unchanged
1134125,7194.0,22621.0,20607.0,7194.0,22621.0,19032.0,unchanged
1134141,384796.0,384797.0,4528.0,384796.0,384797.0,4215.0,unchanged
1134183,154880.0,32929.0,3879.0,154880.0,32929.0,3568.0,unchanged
1134197,,,,23454.0,23497.0,3281.0,newly_flagged
1134209,,,,25335.0,13155.0,15787.0,newly_flagged
1134253,375296.0,375294.0,8570.0,,,,no_longer_flagged
1134263,6197.0,6178.0,31506.0,6197.0,6178.0,28544.0,unchanged
1134289,343993.0,319360.0,4247.0,343993.0,319360.0,3930.0,unchanged
1134358,345363.0,345086.0,4082.0,,,,no_longer_flagged
1134395,343214.0,343213.0,7402.0,343214.0,343213.0,6912.0,unchanged
1134436,8693.0,8638.0,20575.0,8693.0,8638.0,19001.0,unchanged
1134441,24862.0,24882.0,2516.0,24862.0,24882.0,2286.0,unchanged
1134488,191.0,199.0,32650.0,191.0,199.0,29644.0,unchanged
1134494,22574.0,22563.0,32635.0,,,,no_longer_flagged
1134511,,,,22252.0,6341.0,29896.0,newly_flagged
1134532,7253.0,133.0,14591.0,7253.0,165.0,13584.0,recommendation_changed
1134539,6786.0,22409.0,31636.0,6786.0,22409.0,28669.0,unchanged
1134546,160.0,196.0,4405.0,160.0,196.0,29652.0,unchanged
1134558,22521.0,22563.0,32635.0,,,,no_longer_flagged
1134573,6893.0,22520.0,32930.0,,,,no_longer_flagged
1134580,26424.0,16386.0,24061.0,26424.0,16386.0,22226.0,unchanged
1134624,,,,8555.0,8550.0,18999.0,newly_flagged
1134628,9817.0,9785.0,17091.0,9817.0,9785.0,15862.0,unchanged
1134634,383823.0,383824.0,3786.0,383823.0,383824.0,3476.0,unchanged
1134648,,,,27347.0,27353.0,15264.0,newly_flagged
1134680,,,,23946.0,23984.0,29528.0,newly_flagged
1134693,,,,9833.0,9878.0,21646.0,newly_flagged
1134711,10179.0,9991.0,31810.0,,,,no_longer_flagged
1134755,25380.0,13183.0,24938.0,25380.0,13183.0,22954.0,unchanged
1134758,23562.0,9152.0,14533.0,,,,no_longer_flagged
1134759,,,,909.0,906.0,30006.0,newly_flagged
1134788,,,,1822.0,20310.0,26364.0,newly_flagged
1134789,23392.0,8774.0,23470.0,23392.0,8700.0,8527.0,recommendation_changed
1134798,12096.0,12092.0,31556.0,12096.0,12092.0,28591.0,unchanged
1134833,27343.0,19366.0,22543.0,27343.0,19366.0,20855.0,unchanged
1134851,6889.0,22426.0,18235.0,,,,no_longer_flagged
1134868,23515.0,9000.0,33052.0,23515.0,9000.0,30040.0,unchanged
1134939,10049.0,10018.0,33106.0,10049.0,10018.0,30095.0,unchanged
1134947,23586.0,23595.0,33113.0,,,,no_longer_flagged
1134970,391180.0,391182.0,23485.0,,,,no_longer_flagged
1134982,13387.0,13421.0,12577.0,13387.0,13421.0,11655.0,unchanged
1134985,,,,199047.0,199048.0,14692.0,newly_flagged
1135020,,,,24986.0,12353.0,19048.0,newly_flagged
1135076,,,,8478.0,8509.0,30130.0,newly_flagged
1135112,19200.0,19114.0,4467.0,19200.0,19114.0,4153.0,unchanged
1135116,17243.0,26691.0,21819.0,17243.0,26691.0,20168.0,unchanged
1135117,20756.0,20735.0,17193.0,20756.0,20735.0,15960.0,unchanged
1135134,,,,1263.0,1306.0,30142.0,newly_flagged
1135152,268802.0,268803.0,11714.0,268802.0,268803.0,10840.0,unchanged
1135221,,,,5881.0,22067.0,12771.0,newly_flagged
1135239,18790.0,18728.0,16694.0,18790.0,18728.0,15466.0,unchanged
1135251,24147.0,24055.0,28664.0,24147.0,24055.0,25899.0,unchanged
1135257,,,,13083.0,13149.0,808.0,newly_flagged
1135306,15911.0,26227.0,20606.0,15911.0,26227.0,19031.0,unchanged
1135357,14956.0,14831.0,32470.0,,,,no_longer_flagged
1135412,26655.0,17153.0,33251.0,,,,no_longer_flagged
1135427,25680.0,14281.0,14414.0,25680.0,14281.0,13412.0,unchanged
1135434,,,,31005.0,73897.0,30244.0,newly_flagged
1135451,23487.0,9102.0,10232.0,23487.0,9102.0,9461.0,unchanged
1135530,19211.0,19166.0,6887.0,19211.0,19166.0,6462.0,unchanged
1135550,9047.0,23438.0,3477.0,9047.0,23438.0,3169.0,unchanged
1135554,13150.0,13083.0,33171.0,13150.0,13149.0,808.0,recommendation_changed
1135555,384814.0,389929.0,4713.0,,,,no_longer_flagged
1135573,,,,14013.0,14025.0,4183.0,newly_flagged
1135620,10200.0,10132.0,4476.0,10200.0,10132.0,4162.0,unchanged
1135667,,,,8388.0,8371.0,16013.0,newly_flagged
1135683,22067.0,5881.0,16731.0,,,,no_longer_flagged
1135709,309760.0,309757.0,6014.0,309760.0,309757.0,5664.0,unchanged
1135794,136956.0,76763.0,32353.0,136956.0,76763.0,29362.0,unchanged
1135843,136956.0,76763.0,32353.0,136956.0,76763.0,29362.0,unchanged
1135844,136956.0,76763.0,32353.0,136956.0,76763.0,29362.0,unchanged
1135848,,,,13097.0,12958.0,20206.0,newly_flagged
1135854,23153.0,23143.0,32246.0,23153.0,23143.0,29260.0,unchanged
1135855,7240.0,7226.0,33354.0,7240.0,7226.0,30328.0,unchanged
1135863,40931.0,5041.0,26653.0,40931.0,5041.0,24255.0,unchanged
1135976,195839.0,263050.0,5147.0,195839.0,263050.0,4816.0,unchanged
1135988,11963.0,10230.0,33375.0,11963.0,10230.0,30347.0,unchanged
1135997,,,,9940.0,23914.0,30351.0,newly_flagged
1136000,8840.0,8638.0,20575.0,8840.0,8638.0,19001.0,unchanged
1136009,,,,9227.0,9202.0,28833.0,newly_flagged
1136023,,,,1822.0,20310.0,26364.0,newly_flagged
1136024,23392.0,8774.0,23470.0,23392.0,8700.0,8527.0,recommendation_changed
1136047,23610.0,23656.0,33399.0,23610.0,9267.0,30370.0,recommendation_changed
1136057,18753.0,18739.0,33404.0,18753.0,18739.0,30375.0,unchanged
1136059,1305.0,20046.0,15772.0,1305.0,20046.0,14588.0,unchanged
1136062,144646.0,144647.0,29879.0,144646.0,144647.0,27044.0,unchanged
1136078,70685.0,31363.0,12162.0,70685.0,31363.0,11279.0,unchanged
1136080,178877.0,178561.0,18037.0,178877.0,178561.0,16796.0,unchanged
1136088,,,,81.0,76.0,30379.0,newly_flagged
1136097,5831.0,5782.0,16384.0,5831.0,5782.0,15169.0,unchanged
1136100,192008.0,26065.0,14336.0,192008.0,26065.0,13336.0,unchanged
1136119,11600.0,11587.0,17814.0,11600.0,11587.0,16575.0,unchanged
1136131,4909.0,4912.0,33420.0,4909.0,4912.0,30393.0,unchanged
1136140,22990.0,8070.0,28849.0,22990.0,8070.0,26069.0,unchanged
1136159,17636.0,4853.0,32352.0,17636.0,4853.0,29361.0,unchanged
1136168,96.0,122.0,25606.0,96.0,122.0,23450.0,unchanged
1136169,21749.0,21098.0,32241.0,,,,no_longer_flagged
1136173,18275.0,18221.0,33439.0,18275.0,18221.0,30412.0,unchanged
1136174,6989.0,22670.0,33440.0,6989.0,22670.0,30413.0,unchanged
1136177,4004.0,3981.0,20613.0,4004.0,3981.0,19038.0,unchanged
1136179,349835.0,11329.0,30992.0,349835.0,11329.0,28054.0,unchanged
1136181,12923.0,1231.0,33445.0,12923.0,1231.0,30418.0,unchanged
1136187,25351.0,439438.0,19757.0,25351.0,439438.0,18318.0,unchanged
1136190,8501.0,8681.0,33451.0,8501.0,8681.0,30424.0,unchanged
1136195,375934.0,1994.0,30103.0,375934.0,1994.0,27256.0,unchanged
1136197,224955.0,35183.0,33457.0,224955.0,35183.0,30430.0,unchanged
1136206,11033.0,24470.0,9016.0,11033.0,24470.0,8389.0,unchanged
1136207,22660.0,22625.0,32644.0,22660.0,22625.0,29638.0,unchanged
1136208,349868.0,10232.0,33464.0,349868.0,10232.0,30437.0,unchanged
1136210,19907.0,734.0,33466.0,19907.0,734.0,30439.0,unchanged
1136211,108139.0,24172.0,33467.0,108139.0,24172.0,30440.0,unchanged
1136212,24252.0,10378.0,11697.0,24252.0,10378.0,10825.0,unchanged
1136214,37148.0,24824.0,29403.0,37148.0,24824.0,26587.0,unchanged
1136216,20010.0,1147.0,29293.0,20010.0,1147.0,26496.0,unchanged
1136221,13258.0,439438.0,19757.0,13258.0,439438.0,18318.0,unchanged
1136222,69086.0,7305.0,33471.0,69086.0,7305.0,30444.0,unchanged
1136226,145278.0,131510.0,32098.0,145278.0,131510.0,29116.0,unchanged
1136227,18008.0,17986.0,5303.0,18008.0,17986.0,4979.0,unchanged
1136230,21758.0,21098.0,32241.0,21758.0,21098.0,29255.0,unchanged
1136232,349835.0,11329.0,30992.0,349835.0,11329.0,28054.0,unchanged
1136234,57563.0,350097.0,31351.0,57563.0,350097.0,12041.0,unchanged
1136235,344076.0,299200.0,33476.0,344076.0,19937.0,30449.0,recommendation_changed
1136237,24826.0,12048.0,15921.0,,,,no_longer_flagged
1136253,13564.0,13630.0,29316.0,13564.0,13630.0,26515.0,unchanged
1136287,7194.0,22621.0,20607.0,7194.0,22621.0,19032.0,unchanged
1136338,22218.0,22216.0,18300.0,22218.0,22216.0,17051.0,unchanged
1136361,129911.0,102685.0,33492.0,129911.0,102685.0,30464.0,unchanged
1136362,376636.0,165.0,33493.0,376636.0,165.0,13584.0,unchanged
1136364,160.0,196.0,4405.0,160.0,196.0,29652.0,unchanged
1136371,6893.0,22520.0,32930.0,,,,no_longer_flagged
1136386,115.0,116.0,33499.0,115.0,116.0,30470.0,unchanged
1136393,,,,6951.0,7027.0,15621.0,newly_flagged
1136400,,,,22252.0,6341.0,29896.0,newly_flagged
1136405,22574.0,22563.0,32635.0,,,,no_longer_flagged
1136414,22389.0,22388.0,18272.0,,,,no_longer_flagged
1136417,7035.0,7088.0,32924.0,7035.0,7088.0,29914.0,unchanged
1136444,6786.0,22409.0,31636.0,6786.0,22409.0,28669.0,unchanged
1136481,,,,7645.0,7549.0,22290.0,newly_flagged
1136495,,,,10527.0,10351.0,28944.0,newly_flagged
1136506,683.0,702.0,33536.0,,,,no_longer_flagged
1136512,344076.0,299200.0,33476.0,344076.0,19937.0,30449.0,recommendation_changed
1136544,535967.0,535974.0,23956.0,535967.0,535974.0,30518.0,unchanged
1136555,10106.0,10123.0,19185.0,10106.0,10078.0,17903.0,recommendation_changed
1136603,384797.0,384796.0,33578.0,384797.0,384796.0,30542.0,unchanged
1136629,,,,23516.0,23497.0,3281.0,newly_flagged
1136638,,,,24436.0,10887.0,3116.0,newly_flagged
1136666,113586.0,90527.0,10644.0,113586.0,90527.0,9833.0,unchanged
1136696,1331.0,20070.0,33610.0,1331.0,20084.0,28278.0,recommendation_changed
1136699,27217.0,27216.0,33612.0,27217.0,27216.0,30571.0,unchanged
1136700,290235.0,280961.0,11531.0,290235.0,280961.0,10659.0,unchanged
1136708,262076.0,260165.0,32138.0,262076.0,260165.0,29155.0,unchanged
1136723,13092.0,12973.0,25814.0,13092.0,12973.0,23633.0,unchanged
1136771,165129.0,168320.0,9387.0,165129.0,168320.0,8740.0,unchanged
1136787,21557.0,4402.0,17474.0,21557.0,4402.0,16234.0,unchanged
1136790,268802.0,268803.0,11714.0,268802.0,268803.0,10840.0,unchanged
1136837,,,,537451.0,537452.0,14247.0,newly_flagged
1136841,,,,8478.0,8509.0,30130.0,newly_flagged
1136850,19519.0,27412.0,16726.0,,,,no_longer_flagged
1136888,391280.0,391282.0,1291.0,,,,no_longer_flagged
1136896,24775.0,24801.0,31042.0,24775.0,24801.0,28096.0,unchanged
1136901,23220.0,23226.0,4705.0,,,,no_longer_flagged
1136930,181763.0,171839.0,13905.0,181763.0,171839.0,11009.0,unchanged
1136933,14884.0,14847.0,18377.0,14884.0,14847.0,17124.0,unchanged
1136940,18487.0,18587.0,17256.0,,,,no_longer_flagged
1136943,,,,834.0,164809.0,28102.0,newly_flagged
1136945,530657.0,530655.0,28810.0,530657.0,530655.0,26032.0,unchanged
1136959,25613.0,25590.0,1146.0,,,,no_longer_flagged
1136962,13813.0,13864.0,22252.0,,,,no_longer_flagged
1136995,,,,13083.0,13149.0,808.0,newly_flagged
1137007,,,,375990.0,375669.0,11248.0,newly_flagged
1137017,5325.0,5321.0,17028.0,5325.0,5321.0,15794.0,unchanged
1137020,18691.0,27186.0,22800.0,,,,no_longer_flagged
1137025,25630.0,2309.0,33707.0,25630.0,2309.0,30662.0,unchanged
1137034,15679.0,15668.0,3924.0,15679.0,15668.0,3609.0,unchanged
1137044,27335.0,19285.0,13080.0,27335.0,19322.0,30664.0,recommendation_changed
1137064,76764.0,76763.0,32353.0,76764.0,76763.0,29362.0,unchanged
1137067,15839.0,15826.0,20178.0,15839.0,15826.0,18648.0,unchanged
1137078,9116.0,9150.0,30587.0,9116.0,9150.0,27674.0,unchanged
1137081,,,,11363.0,11437.0,16652.0,newly_flagged
1137103,13963.0,13994.0,19770.0,13963.0,13994.0,18331.0,unchanged
1137105,17305.0,17328.0,25450.0,17305.0,17328.0,23336.0,unchanged
1137132,,,,7780.0,22913.0,9685.0,newly_flagged
1137147,536771.0,506690.0,8785.0,536771.0,535996.0,8181.0,recommendation_changed
1137167,27076.0,27065.0,33728.0,27076.0,27023.0,30685.0,recommendation_changed
1137171,17020.0,16987.0,5077.0,17020.0,16987.0,4746.0,unchanged
1137183,,3488.0,20462.0,,3488.0,13282.0,unchanged
1137184,15405.0,15371.0,19684.0,15405.0,15426.0,18260.0,recommendation_changed
1137190,8091.0,8149.0,33732.0,8091.0,8149.0,30690.0,unchanged
1137197,345363.0,345086.0,4082.0,,,,no_longer_flagged
1137218,18497.0,18478.0,4327.0,18497.0,18478.0,4010.0,unchanged
1137350,14460.0,14449.0,20397.0,14460.0,14449.0,18847.0,unchanged
1137353,11302.0,11304.0,18127.0,11302.0,11304.0,16888.0,unchanged
1137379,27011.0,27023.0,33760.0,27011.0,27023.0,30685.0,unchanged
1137405,21085.0,21135.0,18209.0,,,,no_longer_flagged
1137420,18356.0,18341.0,22619.0,18356.0,18341.0,20930.0,unchanged
1137457,12473.0,12416.0,29451.0,12473.0,12416.0,26634.0,unchanged
1137465,,,,24834.0,12113.0,28463.0,newly_flagged
1137476,25661.0,14215.0,30374.0,25661.0,25640.0,18346.0,recommendation_changed
1137479,79006.0,79004.0,33803.0,79006.0,79004.0,30753.0,unchanged
1137480,24214.0,10523.0,30907.0,24214.0,10523.0,27972.0,unchanged
1137492,10103.0,10137.0,33809.0,10103.0,10137.0,30759.0,unchanged
1137499,535611.0,1177.0,26394.0,535611.0,1177.0,26494.0,unchanged
1137506,11928.0,11940.0,23596.0,11928.0,11940.0,21789.0,unchanged
1137527,617.0,599.0,13468.0,617.0,599.0,12476.0,unchanged
1137530,,,,14450.0,14367.0,27360.0,newly_flagged
1137541,6637.0,6591.0,31652.0,6637.0,6591.0,28686.0,unchanged
1137579,25761.0,25762.0,33844.0,25761.0,25762.0,30793.0,unchanged
1137616,20951.0,20947.0,33854.0,20951.0,20947.0,30801.0,unchanged
1137737,473128.0,473122.0,28787.0,473128.0,473122.0,4509.0,unchanged
1137747,,,,23946.0,9963.0,30808.0,newly_flagged
1137750,535787.0,535788.0,31178.0,,,,no_longer_flagged
1137752,535787.0,144647.0,29879.0,,,,no_longer_flagged
1137753,535787.0,144647.0,29879.0,,,,no_longer_flagged
1137755,535999.0,536000.0,25172.0,535999.0,536000.0,23135.0,unchanged
1137764,370354.0,282566.0,17715.0,,,,no_longer_flagged
1137771,473123.0,477883.0,28805.0,473123.0,473122.0,4509.0,recommendation_changed
1137774,537132.0,537131.0,4809.0,537132.0,537131.0,4479.0,unchanged
1137777,530635.0,530638.0,10084.0,530635.0,530638.0,9329.0,unchanged
1137784,,,,473123.0,473122.0,4509.0,newly_flagged
1137801,706882.0,378465.0,23816.0,706882.0,378465.0,21995.0,unchanged
1137805,,,,473206.0,449264.0,4300.0,newly_flagged
1137809,449046.0,449044.0,33874.0,449046.0,449044.0,30821.0,unchanged
1137819,482622.0,482621.0,2554.0,482622.0,482621.0,2321.0,unchanged
1137820,535595.0,390530.0,3114.0,,,,no_longer_flagged
1137838,27365.0,27366.0,33882.0,27365.0,27366.0,30829.0,unchanged
1137848,,,,,139208.0,10721.0,newly_flagged
1137880,18407.0,18423.0,5433.0,18407.0,18423.0,5089.0,unchanged
1137887,9065.0,9036.0,33904.0,9065.0,9036.0,30845.0,unchanged
1137894,,,,482669.0,56285.0,14574.0,newly_flagged
1137911,,,,12112.0,12084.0,30854.0,newly_flagged
1137912,20394.0,2110.0,22523.0,20394.0,2110.0,20836.0,unchanged
1137948,8909.0,8920.0,14375.0,,,,no_longer_flagged
1137955,15445.0,15428.0,33942.0,15445.0,15428.0,30876.0,unchanged
1137956,8544.0,8694.0,31921.0,8544.0,8694.0,28940.0,unchanged
1137957,4562.0,21621.0,33943.0,,,,no_longer_flagged
1137958,11460.0,11438.0,18604.0,11460.0,11418.0,17352.0,recommendation_changed
1137963,6902.0,7037.0,33947.0,6902.0,7037.0,30880.0,unchanged
1137967,415426.0,449264.0,4360.0,415426.0,415422.0,15202.0,recommendation_changed
1137971,2189.0,20472.0,33952.0,2189.0,20472.0,30885.0,unchanged
1137986,15284.0,15184.0,21686.0,15284.0,15184.0,20038.0,unchanged
1137991,,344171.0,14329.0,,,,no_longer_flagged
1137993,,344171.0,14329.0,,,,no_longer_flagged
1137994,,,,25698.0,25699.0,30898.0,newly_flagged
1138001,24968.0,12294.0,33968.0,24968.0,12294.0,30901.0,unchanged
1138026,6902.0,7037.0,33947.0,6902.0,7037.0,30880.0,unchanged
1138036,27.0,6569.0,33989.0,27.0,6569.0,28359.0,unchanged
1138048,6478.0,6509.0,17904.0,6478.0,6509.0,16664.0,unchanged
1138055,9743.0,9749.0,31230.0,9743.0,9749.0,28283.0,unchanged
1138087,8909.0,8920.0,14375.0,,,,no_longer_flagged
1138100,12478.0,12415.0,31545.0,12478.0,12415.0,28581.0,unchanged
1138157,10200.0,10132.0,4476.0,10200.0,10132.0,4162.0,unchanged
1138160,,,,17387.0,17368.0,23848.0,newly_flagged
1138171,,,,20001.0,1094.0,27237.0,newly_flagged
1138181,24876.0,12048.0,15921.0,,,,no_longer_flagged
1138187,6560.0,6684.0,9294.0,6560.0,6684.0,8647.0,unchanged
1138303,473210.0,449264.0,4360.0,473210.0,473209.0,10486.0,recommendation_changed
1138307,26262.0,15918.0,34089.0,26262.0,15918.0,31009.0,unchanged
1138310,405727.0,26167.0,24204.0,,,,no_longer_flagged
1138315,,,,309.0,305.0,483.0,newly_flagged
1138336,,,,1263.0,1306.0,30142.0,newly_flagged
1138396,12769.0,12621.0,24600.0,12769.0,12621.0,31022.0,unchanged
1138408,26928.0,26920.0,22100.0,26928.0,26920.0,20448.0,unchanged
1138422,,,,15979.0,3819.0,21032.0,newly_flagged
1138464,25630.0,2309.0,33707.0,25630.0,2309.0,30662.0,unchanged
1138508,172493.0,172492.0,13598.0,172493.0,172492.0,12605.0,unchanged
1138563,14802.0,14787.0,26585.0,14802.0,14787.0,24204.0,unchanged
1138574,,,,27347.0,27353.0,15264.0,newly_flagged
1138579,420268.0,415483.0,2979.0,420268.0,415483.0,2719.0,unchanged
1138595,26262.0,15918.0,34089.0,26262.0,15918.0,31009.0,unchanged
1138678,19085.0,19069.0,34153.0,19085.0,19069.0,31067.0,unchanged
1138692,13150.0,13083.0,33171.0,13150.0,13149.0,808.0,recommendation_changed
1138704,,,,506644.0,506642.0,5743.0,newly_flagged
1138716,530637.0,530638.0,10084.0,530637.0,530638.0,9329.0,unchanged
1138742,535792.0,535791.0,34157.0,535792.0,535788.0,25331.0,recommendation_changed
1138745,535792.0,535791.0,34157.0,535792.0,535788.0,25331.0,recommendation_changed
1138747,535792.0,535791.0,34157.0,535792.0,535788.0,25331.0,recommendation_changed
1138752,535856.0,535858.0,11679.0,535856.0,535858.0,10808.0,unchanged
1138754,535856.0,535858.0,11679.0,535856.0,535858.0,10808.0,unchanged
1138771,530640.0,530638.0,10084.0,530640.0,530638.0,9329.0,unchanged
1138780,13803.0,13785.0,27176.0,13803.0,13785.0,24692.0,unchanged
1138786,,,,25115.0,12528.0,29960.0,newly_flagged
1138789,282566.0,345435.0,5262.0,282566.0,345435.0,4938.0,unchanged
1138791,,,,4982.0,405675.0,3564.0,newly_flagged
1142365,4442.0,21597.0,7012.0,,,,no_longer_flagged
1142370,22217.0,6205.0,18048.0,22217.0,6205.0,16807.0,unchanged
1142375,,389963.0,5310.0,,389963.0,4986.0,unchanged
1142383,21485.0,26245.0,23943.0,21485.0,26245.0,22114.0,unchanged
1142384,,,,134380.0,26245.0,22114.0,newly_flagged
1142385,21552.0,21574.0,26399.0,,,,no_longer_flagged
1142388,3036.0,389963.0,5310.0,3036.0,389963.0,4986.0,unchanged
1142391,,,,272967.0,16902.0,24004.0,newly_flagged
1142398,14843.0,2715.0,34190.0,14843.0,2661.0,31103.0,recommendation_changed
1142746,246725.0,230715.0,18202.0,246725.0,3237.0,3615.0,recommendation_changed
1142755,14127.0,14155.0,32153.0,14127.0,14155.0,29169.0,unchanged
1142764,21085.0,21135.0,18209.0,,,,no_longer_flagged
1142777,12991.0,13035.0,28449.0,12991.0,13035.0,25503.0,unchanged
1142782,,,,2670.0,20817.0,31128.0,newly_flagged
1142784,18173.0,18235.0,26892.0,,,,no_longer_flagged
1142805,14125.0,25615.0,28109.0,14125.0,25615.0,25490.0,unchanged
1142807,25357.0,13175.0,18198.0,25357.0,13175.0,16956.0,unchanged
1142809,,,,12712.0,12659.0,31146.0,newly_flagged
1142846,25210.0,25233.0,27741.0,25210.0,25233.0,25194.0,unchanged
1142850,4922.0,21713.0,32773.0,4922.0,21713.0,29768.0,unchanged
1142859,17829.0,17727.0,32584.0,,,,no_longer_flagged
1142872,12342.0,12322.0,34278.0,,,,no_longer_flagged
1142909,25058.0,25098.0,34297.0,25058.0,25098.0,31206.0,unchanged
1142934,25023.0,25011.0,34311.0,,,,no_longer_flagged
1142938,12450.0,25029.0,34314.0,,,,no_longer_flagged
1142951,73245.0,11966.0,34324.0,73245.0,11966.0,31234.0,unchanged
1142968,123507.0,24149.0,33631.0,123507.0,24149.0,30590.0,unchanged
1142969,10426.0,24192.0,33482.0,10426.0,24192.0,30454.0,unchanged
1142975,11248.0,11301.0,34342.0,,,,no_longer_flagged
1142978,,,,10737.0,10531.0,22071.0,newly_flagged
1142979,344515.0,24253.0,34344.0,344515.0,24253.0,31256.0,unchanged
1142982,25513.0,155515.0,29302.0,25513.0,155515.0,26504.0,unchanged
1142997,878.0,111662.0,34357.0,878.0,111662.0,31270.0,unchanged
1143004,,,,24951.0,12359.0,11797.0,newly_flagged
1143011,9806.0,9926.0,14289.0,9806.0,9926.0,13288.0,unchanged
1143017,10259.0,24105.0,34374.0,10259.0,24105.0,31287.0,unchanged
1143020,20054.0,1318.0,17618.0,20054.0,1318.0,16378.0,unchanged
1143027,,,,24946.0,24926.0,31294.0,newly_flagged
1143040,45734.0,45735.0,34392.0,,,,no_longer_flagged
1143048,42204.0,42203.0,32248.0,42204.0,42203.0,29262.0,unchanged
1143051,24815.0,24816.0,29353.0,24815.0,24764.0,26841.0,recommendation_changed
1143060,2422.0,2497.0,17831.0,2422.0,2497.0,16592.0,unchanged
1143075,344251.0,1531.0,29931.0,,,,no_longer_flagged
1143076,344251.0,1531.0,29931.0,,,,no_longer_flagged
1143079,13509.0,126394.0,17414.0,13509.0,126394.0,16177.0,unchanged
1143085,42204.0,42203.0,32248.0,42204.0,42203.0,29262.0,unchanged
1143086,42204.0,42203.0,32248.0,42204.0,42203.0,29262.0,unchanged
1143093,1875.0,13839.0,34413.0,1875.0,13839.0,31320.0,unchanged
1143104,,,,10579.0,10572.0,21123.0,newly_flagged
1143108,12669.0,12682.0,34423.0,12669.0,12682.0,31329.0,unchanged
1143113,12201.0,24946.0,34382.0,,,,no_longer_flagged
1143120,,,,114219.0,24543.0,31337.0,newly_flagged
1143129,66225.0,54371.0,33531.0,66225.0,54371.0,30500.0,unchanged
1143139,12207.0,19989.0,29723.0,12207.0,19989.0,26894.0,unchanged
1143165,171518.0,24959.0,34456.0,171518.0,24959.0,31359.0,unchanged
1143192,,20157.0,34472.0,,20157.0,31375.0,unchanged
1143402,26288.0,15933.0,34526.0,26288.0,15933.0,31412.0,unchanged
1143477,,,,26296.0,26288.0,21049.0,newly_flagged
1143483,3847.0,3788.0,7537.0,3847.0,3788.0,7038.0,unchanged
1143490,3089.0,537308.0,4671.0,3089.0,537308.0,4348.0,unchanged
1143500,2588.0,2607.0,34564.0,2588.0,2607.0,31433.0,unchanged
1143509,,,,3026.0,2941.0,632.0,newly_flagged
1143527,2690.0,2666.0,22366.0,2690.0,2666.0,20699.0,unchanged
1143539,3089.0,537308.0,4671.0,3089.0,537308.0,4348.0,unchanged
1143544,3089.0,537308.0,4671.0,3089.0,537308.0,4348.0,unchanged
1143545,3089.0,537308.0,4671.0,3089.0,537308.0,4348.0,unchanged
1143576,2588.0,2607.0,34564.0,2588.0,2607.0,31433.0,unchanged
1143674,3032.0,26008.0,5307.0,3032.0,26008.0,4983.0,unchanged
1143699,,,,3072.0,21180.0,1925.0,newly_flagged
1143709,,,,3715.0,3727.0,4731.0,newly_flagged
1143711,3134.0,535916.0,10136.0,3134.0,535916.0,9381.0,unchanged
1143760,,,,3072.0,21180.0,1925.0,newly_flagged
1143771,2748.0,2754.0,34638.0,2748.0,2754.0,31481.0,unchanged
1143773,2748.0,2754.0,34638.0,2748.0,2754.0,31481.0,unchanged
1143791,14617.0,14653.0,20162.0,,,,no_longer_flagged
1143792,14617.0,14653.0,20162.0,,,,no_longer_flagged
1143812,262084.0,262085.0,34678.0,,,,no_longer_flagged
1143818,,,,18827.0,5108.0,24328.0,newly_flagged
1143826,18954.0,536366.0,4625.0,18954.0,453917.0,698.0,recommendation_changed
1143830,17001.0,16971.0,25687.0,,,,no_longer_flagged
1143834,,,,3406.0,3455.0,28661.0,newly_flagged
1143835,,,,3406.0,3455.0,28661.0,newly_flagged
1143839,25824.0,25865.0,31650.0,25824.0,25865.0,28683.0,unchanged
1143879,,,,26296.0,26288.0,21049.0,newly_flagged
1143900,14463.0,14497.0,34700.0,14463.0,14497.0,31516.0,unchanged
1143905,14592.0,25783.0,27408.0,14592.0,25783.0,24899.0,unchanged
1143912,14463.0,14497.0,34700.0,14463.0,14497.0,31516.0,unchanged
1143926,14462.0,14497.0,34700.0,14462.0,14497.0,31516.0,unchanged
1143928,14462.0,14497.0,34700.0,14462.0,14497.0,31516.0,unchanged
1143954,14463.0,14497.0,34700.0,14463.0,14497.0,31516.0,unchanged
1143955,14463.0,14497.0,34700.0,14463.0,14497.0,31516.0,unchanged
1143956,14462.0,14497.0,34700.0,14462.0,14497.0,31516.0,unchanged
1143957,14462.0,14497.0,34700.0,14462.0,14497.0,31516.0,unchanged
1143963,25700.0,14298.0,34716.0,,,,no_longer_flagged
1144039,,,,70043.0,2346.0,18645.0,newly_flagged
1144062,15974.0,15931.0,22228.0,15974.0,15931.0,31540.0,unchanged
1144064,15974.0,15931.0,22228.0,15974.0,15931.0,31540.0,unchanged
1144134,458683.0,110387.0,23735.0,,,,no_longer_flagged
1144223,2830.0,2754.0,34638.0,2830.0,2754.0,31481.0,unchanged
1144304,,,,26296.0,26288.0,21049.0,newly_flagged
1144359,370335.0,370334.0,34838.0,370335.0,370334.0,31610.0,unchanged
1144421,44770.0,44763.0,34857.0,,,,no_longer_flagged
1144536,178567.0,238075.0,34905.0,178567.0,238075.0,31648.0,unchanged
1144550,26236.0,15890.0,34909.0,26236.0,15890.0,31652.0,unchanged
1144551,26262.0,15918.0,34089.0,26262.0,15918.0,31009.0,unchanged
1144583,15692.0,26162.0,32155.0,15692.0,26162.0,29171.0,unchanged
1144593,2896.0,21025.0,4379.0,2896.0,21025.0,4062.0,unchanged
1144595,,,,21135.0,21085.0,16966.0,newly_flagged
1144596,,,,21135.0,21085.0,16966.0,newly_flagged
1144610,21355.0,3505.0,33751.0,21355.0,3505.0,30707.0,unchanged
1144615,15692.0,26162.0,32155.0,15692.0,26162.0,29171.0,unchanged
1144724,13137.0,13124.0,10439.0,13137.0,13124.0,9637.0,unchanged
1144727,14672.0,14592.0,27405.0,14672.0,14592.0,24896.0,unchanged
1144737,,,,3026.0,2941.0,632.0,newly_flagged
1144738,,,,3026.0,2941.0,632.0,newly_flagged
1144744,26262.0,15918.0,34089.0,26262.0,15918.0,31009.0,unchanged
1144806,,,,2932.0,21052.0,4690.0,newly_flagged
1144813,,,,21135.0,21085.0,16966.0,newly_flagged
1144824,,,,2932.0,21052.0,4690.0,newly_flagged
1144903,14217.0,14174.0,34992.0,14217.0,14174.0,31714.0,unchanged
1144942,2712.0,20944.0,28912.0,2712.0,20944.0,26133.0,unchanged
1144943,2712.0,20944.0,28912.0,2712.0,20944.0,26133.0,unchanged
1144962,,,,25350.0,13155.0,15787.0,newly_flagged
1144995,25891.0,14721.0,17419.0,25891.0,14721.0,16181.0,unchanged
1145039,25784.0,14525.0,26076.0,25784.0,14525.0,23800.0,unchanged
1145040,25784.0,14525.0,26076.0,25784.0,14525.0,23800.0,unchanged
1145044,,477906.0,20718.0,,477906.0,8796.0,unchanged
1145045,25312.0,13111.0,27325.0,25312.0,13111.0,24824.0,unchanged
1145056,25765.0,14487.0,33846.0,,,,no_longer_flagged
1145057,14487.0,14481.0,33667.0,14487.0,14481.0,30623.0,unchanged
1145058,25765.0,14487.0,33846.0,,,,no_longer_flagged
1145060,25765.0,14487.0,33846.0,,,,no_longer_flagged
1145061,25762.0,14487.0,33846.0,25762.0,25765.0,31756.0,recommendation_changed
1145065,25814.0,25784.0,26075.0,25814.0,25784.0,23799.0,unchanged
1145090,49248.0,32290.0,28919.0,49248.0,13534.0,16955.0,recommendation_changed
1145102,14517.0,25813.0,27607.0,14517.0,25813.0,25078.0,unchanged
1145106,14517.0,25813.0,27607.0,14517.0,25813.0,25078.0,unchanged
1145109,14517.0,25813.0,27607.0,14517.0,25813.0,25078.0,unchanged
1145117,14647.0,25813.0,27607.0,14647.0,25813.0,25078.0,unchanged
1145121,21462.0,3765.0,35045.0,21462.0,3765.0,31760.0,unchanged
1145193,20618.0,2416.0,20750.0,20618.0,2416.0,19149.0,unchanged
1145205,21462.0,3765.0,35045.0,21462.0,3765.0,31758.0,unchanged
1145231,15950.0,15976.0,22744.0,15950.0,15976.0,21059.0,unchanged
1145233,15950.0,15931.0,22228.0,15950.0,15931.0,31540.0,unchanged
1145293,21054.0,2932.0,5020.0,21054.0,21052.0,4690.0,recommendation_changed
1145300,15976.0,15987.0,21605.0,15976.0,15987.0,19962.0,unchanged
1145311,21363.0,15500.0,22365.0,21363.0,15500.0,20698.0,unchanged
1145313,21381.0,21379.0,27646.0,,,,no_longer_flagged
1145333,17616.0,17601.0,18851.0,17616.0,17601.0,17584.0,unchanged
1145361,20954.0,2766.0,35110.0,20954.0,2766.0,31813.0,unchanged
1145375,20954.0,2766.0,35110.0,20954.0,2766.0,31813.0,unchanged
1145389,2580.0,2572.0,35108.0,2580.0,2572.0,31811.0,unchanged
1145398,2580.0,2572.0,22607.0,2580.0,2572.0,20917.0,unchanged
1145399,2580.0,2572.0,35108.0,2580.0,2572.0,31811.0,unchanged
1145404,2580.0,2572.0,22607.0,2580.0,2572.0,20917.0,unchanged
1145497,20893.0,2761.0,34812.0,20893.0,2761.0,31587.0,unchanged
1145619,2853.0,2870.0,3247.0,2853.0,2870.0,2953.0,unchanged
1145635,2849.0,2850.0,31243.0,2849.0,2850.0,28296.0,unchanged
1145643,2849.0,2850.0,31243.0,2849.0,2850.0,28296.0,unchanged
1145645,2849.0,2850.0,31243.0,2849.0,2850.0,28296.0,unchanged
1145648,2853.0,2870.0,3247.0,2853.0,2870.0,2953.0,unchanged
1145720,15145.0,15104.0,35213.0,15145.0,15104.0,31909.0,unchanged
1145738,,,,3715.0,3727.0,4731.0,newly_flagged
1145740,,,,3715.0,3727.0,4731.0,newly_flagged
1145744,,,,3715.0,3727.0,4731.0,newly_flagged
1145870,14364.0,14324.0,20501.0,14364.0,14324.0,18937.0,unchanged
1145873,14364.0,14324.0,20501.0,14364.0,14324.0,18937.0,unchanged
1145883,14617.0,14653.0,20162.0,,,,no_longer_flagged
1145950,,,,3726.0,21444.0,21058.0,newly_flagged
1145951,,,,3726.0,21444.0,21058.0,newly_flagged
1145953,21444.0,3726.0,22743.0,,,,no_longer_flagged
1146021,,,,25873.0,14724.0,30368.0,newly_flagged
1146024,14724.0,25873.0,35295.0,14724.0,25873.0,31960.0,unchanged
1146041,14643.0,14724.0,33397.0,14643.0,14724.0,30368.0,unchanged
1146055,25813.0,25873.0,35295.0,25813.0,25873.0,31960.0,unchanged
1146138,20898.0,20918.0,35311.0,20898.0,20918.0,31967.0,unchanged
1146174,,,,3026.0,2941.0,632.0,newly_flagged
1146206,15941.0,15931.0,22228.0,15941.0,15931.0,31540.0,unchanged
1146207,15941.0,15931.0,22228.0,15941.0,15931.0,31540.0,unchanged
1146209,15941.0,15931.0,22228.0,15941.0,15931.0,31540.0,unchanged
1146330,,,,25350.0,13155.0,15787.0,newly_flagged
1146332,,,,25350.0,13155.0,15787.0,newly_flagged
1146333,,,,25335.0,13155.0,15787.0,newly_flagged
1146378,26928.0,26920.0,22100.0,26928.0,26920.0,20448.0,unchanged
1146380,21444.0,3726.0,22743.0,,,,no_longer_flagged
1146422,,,,20767.0,20748.0,32026.0,newly_flagged
1146487,26068.0,21273.0,35413.0,26068.0,21273.0,32047.0,unchanged
1146488,3062.0,26065.0,14336.0,3062.0,26065.0,13336.0,unchanged
1146510,15034.0,15007.0,35421.0,15034.0,15027.0,32054.0,recommendation_changed
1146512,15034.0,15007.0,35421.0,15034.0,15027.0,32054.0,recommendation_changed
1146513,15034.0,15007.0,35421.0,15034.0,15027.0,32054.0,recommendation_changed
1146516,15034.0,15007.0,35421.0,15034.0,15027.0,32054.0,recommendation_changed
1146535,15248.0,21174.0,35419.0,15248.0,21174.0,32052.0,unchanged
1146541,26048.0,15252.0,35431.0,26048.0,15252.0,32064.0,unchanged
1146557,26048.0,15252.0,35431.0,26048.0,15252.0,32064.0,unchanged
1146559,192008.0,26065.0,14336.0,192008.0,26065.0,13336.0,unchanged
1146612,3108.0,343932.0,14369.0,3108.0,343932.0,13369.0,unchanged
1146625,3102.0,3106.0,30747.0,3102.0,3106.0,27821.0,unchanged
1146663,,,,2926.0,2998.0,31689.0,newly_flagged
1146693,15914.0,15918.0,34089.0,,,,no_longer_flagged
1146822,2947.0,2916.0,4744.0,2947.0,2916.0,4417.0,unchanged
1146835,2947.0,2916.0,4744.0,2947.0,2916.0,4417.0,unchanged
1146847,16027.0,3788.0,7537.0,16027.0,3788.0,7038.0,unchanged
1146848,375932.0,3788.0,7537.0,375932.0,3788.0,7038.0,unchanged
1146883,15974.0,15931.0,22228.0,15974.0,15931.0,31540.0,unchanged
1146884,15981.0,3788.0,7537.0,15981.0,3788.0,7038.0,unchanged
1146897,26236.0,15861.0,34913.0,26236.0,15861.0,31654.0,unchanged
1146908,2611.0,20782.0,35533.0,2611.0,20782.0,32135.0,unchanged
1147043,21054.0,2932.0,5020.0,21054.0,21052.0,4690.0,recommendation_changed
1147175,2648.0,2580.0,35107.0,,,,no_longer_flagged
1147176,2648.0,2580.0,35107.0,,,,no_longer_flagged
1147181,2703.0,2680.0,35602.0,2703.0,2680.0,30128.0,unchanged
1147202,,,,2926.0,2998.0,31689.0,newly_flagged
1147251,2364.0,81243.0,35135.0,2364.0,81243.0,31836.0,unchanged
1147346,21085.0,21135.0,18209.0,,,,no_longer_flagged
1147348,21085.0,21135.0,18209.0,,,,no_longer_flagged
1147395,21054.0,2932.0,5020.0,21054.0,21052.0,4690.0,recommendation_changed
1147426,2512.0,83806.0,35676.0,,,,no_longer_flagged
1147428,2512.0,83806.0,35676.0,,,,no_longer_flagged
1147446,2833.0,20942.0,27685.0,2833.0,20942.0,25148.0,unchanged
1147453,,,,83806.0,2512.0,32233.0,newly_flagged
1147455,15027.0,15007.0,35421.0,,,,no_longer_flagged
1147456,15027.0,15007.0,35421.0,,,,no_longer_flagged
1147457,15027.0,15007.0,35421.0,,,,no_longer_flagged
1147498,2512.0,83806.0,35676.0,,,,no_longer_flagged
1147502,15014.0,15007.0,35421.0,,,,no_longer_flagged
1147503,15014.0,15007.0,35421.0,,,,no_longer_flagged
1147504,15014.0,15007.0,35421.0,,,,no_longer_flagged
1147505,15014.0,15007.0,35421.0,,,,no_longer_flagged
1147508,26048.0,15252.0,35431.0,26048.0,15252.0,32064.0,unchanged
1147522,20618.0,2416.0,20750.0,20618.0,2416.0,19149.0,unchanged
1147525,20618.0,2416.0,20750.0,20618.0,2416.0,19149.0,unchanged
1147530,20618.0,2416.0,20750.0,20618.0,2416.0,19149.0,unchanged
1147550,,,,2698.0,344225.0,19162.0,newly_flagged
1147556,20898.0,20918.0,35311.0,20898.0,20918.0,31967.0,unchanged
1147589,,,,20767.0,20748.0,32026.0,newly_flagged
1147802,2830.0,2754.0,34638.0,2830.0,2754.0,31481.0,unchanged
1147804,2830.0,2754.0,34638.0,2830.0,2754.0,31481.0,unchanged
1147842,84771.0,2433.0,35758.0,,,,no_longer_flagged
1147845,84771.0,2433.0,35758.0,,,,no_longer_flagged
1147882,84771.0,2433.0,35758.0,,,,no_longer_flagged
1147910,13165.0,13201.0,18380.0,13165.0,13201.0,17127.0,unchanged
1148166,20893.0,2761.0,34812.0,20893.0,2761.0,31587.0,unchanged
1148170,13580.0,13589.0,24416.0,13580.0,13552.0,20962.0,recommendation_changed
1148201,14701.0,25871.0,27390.0,14701.0,25871.0,1037.0,unchanged
1148217,,,,12939.0,12920.0,20286.0,newly_flagged
1148232,25871.0,25840.0,2063.0,25871.0,25840.0,1906.0,unchanged
1148324,25718.0,2656.0,27171.0,,,,no_longer_flagged
1148332,,,,2926.0,2998.0,31689.0,newly_flagged
1148354,,,,21240.0,3237.0,3615.0,newly_flagged
1148355,20436.0,84768.0,35871.0,20436.0,84768.0,32374.0,unchanged
1148412,2005.0,20395.0,31062.0,2005.0,20395.0,28115.0,unchanged
1148457,,,,473132.0,473122.0,4509.0,newly_flagged
1148484,383484.0,229436.0,16459.0,383484.0,229436.0,15240.0,unchanged
1148496,2995.0,3009.0,35915.0,2995.0,3009.0,32415.0,unchanged
1148504,2995.0,3009.0,35915.0,2995.0,3009.0,32415.0,unchanged
1148512,84774.0,2223.0,35919.0,84774.0,2223.0,32419.0,unchanged
1148515,84774.0,2223.0,35919.0,84774.0,2223.0,32419.0,unchanged
1148621,3049.0,21135.0,18209.0,3049.0,21085.0,16966.0,recommendation_changed
1148662,21355.0,3505.0,33751.0,21355.0,3505.0,30707.0,unchanged
1148664,21355.0,3505.0,33751.0,21355.0,3505.0,30707.0,unchanged
1148735,25903.0,14842.0,28295.0,25903.0,131820.0,25633.0,recommendation_changed
1148780,16145.0,16176.0,22685.0,16145.0,16149.0,21009.0,recommendation_changed
1148822,2795.0,105910.0,1762.0,2795.0,105910.0,1640.0,unchanged
1148826,3381.0,3380.0,18212.0,3381.0,3380.0,16968.0,unchanged
1148829,3381.0,3380.0,18212.0,3381.0,3380.0,16968.0,unchanged
1148852,364901.0,364900.0,35981.0,,,,no_longer_flagged
1148864,3536.0,3548.0,22449.0,,,,no_longer_flagged
1148874,2795.0,105910.0,1762.0,2795.0,105910.0,1640.0,unchanged
1148880,2957.0,26008.0,5307.0,,,,no_longer_flagged
1148898,1548.0,1443.0,21945.0,1548.0,1452.0,20295.0,recommendation_changed
1148902,343612.0,47020.0,6342.0,343612.0,47020.0,5965.0,unchanged
1148921,3536.0,3548.0,22449.0,3536.0,3548.0,20767.0,unchanged
1148932,25917.0,25909.0,34633.0,25917.0,25909.0,31477.0,unchanged
1148946,14364.0,14324.0,20501.0,14364.0,14324.0,18937.0,unchanged
1148953,18513.0,18535.0,21899.0,18513.0,18591.0,20260.0,recommendation_changed
1149054,370332.0,370333.0,34860.0,,,,no_longer_flagged
1149092,,,,370332.0,370333.0,31622.0,newly_flagged
1149098,13579.0,13529.0,36037.0,13579.0,13529.0,32491.0,unchanged
1149101,279364.0,13529.0,36037.0,279364.0,13529.0,32491.0,unchanged
1149165,14574.0,14550.0,20193.0,14574.0,14550.0,18662.0,unchanged
1149290,14460.0,14449.0,20397.0,14460.0,14449.0,18847.0,unchanged
1149291,14460.0,14449.0,20397.0,14460.0,14449.0,18847.0,unchanged
1149292,14460.0,14449.0,20397.0,14460.0,14449.0,18847.0,unchanged
1149303,14183.0,25697.0,33688.0,14183.0,25697.0,30645.0,unchanged
1149384,,,,3726.0,21444.0,21058.0,newly_flagged
1149385,21444.0,3726.0,22743.0,,,,no_longer_flagged
1149389,20893.0,2761.0,34812.0,20893.0,2761.0,31587.0,unchanged
1149403,3055.0,343932.0,14369.0,3055.0,343932.0,13369.0,unchanged
1149404,3055.0,343932.0,14369.0,3055.0,343932.0,13369.0,unchanged
1149405,3055.0,343932.0,14369.0,3055.0,343932.0,13369.0,unchanged
1149415,20893.0,2761.0,34812.0,20893.0,2761.0,31587.0,unchanged
1149430,3055.0,275196.0,34904.0,3055.0,275196.0,31647.0,unchanged
1149431,3055.0,343932.0,14369.0,3055.0,343932.0,13369.0,unchanged
1149450,15914.0,15918.0,34089.0,,,,no_longer_flagged
1149451,,,,15918.0,15914.0,32094.0,newly_flagged
1149485,3647.0,3630.0,36118.0,3647.0,3630.0,32548.0,unchanged
1149566,,,,3406.0,3455.0,28661.0,newly_flagged
1149577,,10559.0,26821.0,,10559.0,32558.0,unchanged
1149585,3455.0,3406.0,34684.0,,,,no_longer_flagged
1149601,21340.0,3392.0,13924.0,21340.0,3392.0,12933.0,unchanged
1149682,3647.0,3630.0,36118.0,3647.0,3630.0,32548.0,unchanged
1149683,3647.0,3630.0,36118.0,3647.0,3630.0,32548.0,unchanged
1149685,3647.0,3630.0,36118.0,3647.0,3630.0,32548.0,unchanged
1149716,234557.0,3194.0,27667.0,234557.0,3194.0,25136.0,unchanged
1149725,3647.0,3630.0,36118.0,3647.0,3630.0,32548.0,unchanged
1149742,27105.0,18238.0,27283.0,27105.0,18238.0,24787.0,unchanged
1149839,17154.0,17109.0,4908.0,17154.0,17109.0,4580.0,unchanged
1149847,157767.0,13989.0,36184.0,157767.0,13989.0,32585.0,unchanged
1149888,14277.0,14343.0,20338.0,14277.0,14343.0,18791.0,unchanged
1149921,25761.0,25762.0,33844.0,25761.0,25762.0,30793.0,unchanged
1149941,25797.0,25838.0,27624.0,25797.0,25838.0,25094.0,unchanged
1149959,25869.0,14653.0,20162.0,25869.0,14617.0,18634.0,recommendation_changed
1149961,25869.0,14653.0,20162.0,25869.0,14617.0,18634.0,recommendation_changed
1149978,,,,14842.0,131820.0,25633.0,newly_flagged
1149979,,,,14842.0,131820.0,25633.0,newly_flagged
1149981,14880.0,14842.0,28295.0,14880.0,131820.0,25633.0,recommendation_changed
1149985,14705.0,25838.0,27624.0,14705.0,25838.0,25094.0,unchanged
1150009,,,,383451.0,3589.0,32609.0,newly_flagged
1150062,3807.0,3788.0,7537.0,3807.0,3788.0,7038.0,unchanged
1150098,3847.0,3788.0,7537.0,3847.0,3788.0,7038.0,unchanged
1150100,3847.0,3788.0,7537.0,3847.0,3788.0,7038.0,unchanged
1150103,,,,21135.0,21085.0,16966.0,newly_flagged
1150104,,,,21135.0,21085.0,16966.0,newly_flagged
1150105,,,,21135.0,21085.0,16966.0,newly_flagged
1150110,,,,3715.0,3727.0,4731.0,newly_flagged
1150116,,,,3618.0,3615.0,4778.0,newly_flagged
1150123,,,,15979.0,3819.0,21032.0,newly_flagged
1150130,3648.0,3642.0,4957.0,3648.0,3642.0,4628.0,unchanged
1150133,,21399.0,35205.0,,21399.0,31903.0,unchanged
1150134,15971.0,3789.0,36238.0,15971.0,3789.0,32623.0,unchanged
1150135,15981.0,15979.0,34107.0,15981.0,3819.0,21032.0,recommendation_changed
1150170,15989.0,15979.0,34107.0,15989.0,3819.0,21032.0,recommendation_changed
1150172,15981.0,15979.0,34107.0,15981.0,3819.0,21032.0,recommendation_changed
1150173,15989.0,15979.0,34107.0,15989.0,3819.0,21032.0,recommendation_changed
1150174,25401.0,13418.0,27858.0,25401.0,13418.0,25284.0,unchanged
1150191,13406.0,13418.0,27858.0,,,,no_longer_flagged
1150194,3648.0,3642.0,4957.0,3648.0,3642.0,4628.0,unchanged
1150271,2795.0,105910.0,1762.0,2795.0,105910.0,1640.0,unchanged
1150273,2795.0,105910.0,1762.0,2795.0,105910.0,1640.0,unchanged
1150336,44768.0,44763.0,34857.0,,,,no_longer_flagged
1150375,25711.0,14337.0,36302.0,25711.0,14337.0,24937.0,unchanged
1150379,14123.0,14155.0,32153.0,14123.0,14155.0,29169.0,unchanged
1150414,3598.0,3603.0,33879.0,3598.0,3603.0,30826.0,unchanged
1150424,3089.0,537308.0,4671.0,3089.0,537308.0,4348.0,unchanged
1150488,21445.0,21444.0,31485.0,21445.0,21444.0,21058.0,unchanged
1150520,2849.0,2850.0,31243.0,2849.0,2850.0,28296.0,unchanged
1150566,2648.0,2580.0,35107.0,,,,no_longer_flagged
1150573,2648.0,2580.0,35107.0,,,,no_longer_flagged
1150586,2703.0,2680.0,35602.0,2703.0,2680.0,30128.0,unchanged
1150742,1843.0,1841.0,22292.0,1843.0,1841.0,20629.0,unchanged
1150788,,,,3726.0,21444.0,21058.0,newly_flagged
1150789,,,,3726.0,21444.0,21058.0,newly_flagged
1150828,3536.0,3548.0,22449.0,3536.0,3548.0,20767.0,unchanged
1150829,3536.0,3548.0,22449.0,,,,no_longer_flagged
1150845,21444.0,3726.0,22743.0,,,,no_longer_flagged
1150867,21366.0,3548.0,22449.0,21366.0,3548.0,20767.0,unchanged
1150868,21366.0,3548.0,22449.0,21366.0,3548.0,20767.0,unchanged
1150873,,,,21240.0,3237.0,3615.0,newly_flagged
1150912,21366.0,3548.0,22449.0,21366.0,3548.0,20767.0,unchanged
1150946,3536.0,3548.0,22449.0,,,,no_longer_flagged
1150948,3536.0,3548.0,22449.0,3536.0,3548.0,20767.0,unchanged
1151040,,,,13589.0,13552.0,20962.0,newly_flagged
1151124,50205.0,16714.0,5277.0,50205.0,4306.0,4953.0,recommendation_changed
1151125,,,,25735.0,25708.0,32768.0,newly_flagged
1152420,14948.0,2778.0,35240.0,14948.0,2778.0,31929.0,unchanged
1152427,260481.0,3261.0,20063.0,260481.0,3261.0,18564.0,unchanged
1152437,25889.0,14709.0,33472.0,25889.0,14709.0,30445.0,unchanged
1152483,,,,1589.0,1626.0,25225.0,newly_flagged
1152845,7392.0,22740.0,36519.0,7392.0,22740.0,32811.0,unchanged
1152849,,,,10955.0,10941.0,32815.0,newly_flagged
1152856,359627.0,1074.0,30083.0,359627.0,1094.0,27237.0,recommendation_changed
1152864,15952.0,226244.0,36533.0,15952.0,226244.0,32825.0,unchanged
1152875,,7010.0,8833.0,,7010.0,8224.0,unchanged
1152878,,,,119339.0,390779.0,7730.0,newly_flagged
1152885,3215.0,3198.0,3907.0,3215.0,3198.0,3595.0,unchanged
1152911,,,,21276.0,3244.0,26144.0,newly_flagged
1152912,,,,50523.0,5055.0,28187.0,newly_flagged
1152916,,,,5045.0,5054.0,27717.0,newly_flagged
1152939,4586.0,4551.0,36582.0,4586.0,4551.0,32868.0,unchanged
1152942,19438.0,27362.0,36585.0,19438.0,27362.0,32871.0,unchanged
1152978,26201.0,15861.0,34913.0,26201.0,15861.0,31654.0,unchanged
1153022,3537.0,3600.0,36637.0,3537.0,3600.0,32920.0,unchanged
1153035,3319.0,3317.0,36645.0,3319.0,3317.0,32928.0,unchanged
1153039,3706.0,3667.0,13077.0,3706.0,3667.0,12162.0,unchanged
1153089,1628.0,1589.0,27896.0,1628.0,1626.0,25225.0,recommendation_changed
1153091,,,,119339.0,390779.0,7730.0,newly_flagged
1153092,,,,119339.0,390779.0,7730.0,newly_flagged
1153093,119339.0,21159.0,36679.0,,,,no_longer_flagged
1153105,23944.0,9928.0,36685.0,23944.0,9928.0,32965.0,unchanged
1153112,12154.0,12163.0,36690.0,12154.0,12163.0,32970.0,unchanged
1153113,299835.0,26245.0,23943.0,299835.0,26245.0,22114.0,unchanged
1153145,,,,12734.0,25202.0,3915.0,newly_flagged
1153172,,,,6014.0,6020.0,29093.0,newly_flagged
1153180,13498.0,13524.0,18214.0,13498.0,13524.0,16970.0,unchanged
1153198,24052.0,24013.0,36739.0,24052.0,24013.0,33017.0,unchanged
1153262,10460.0,10419.0,36746.0,10460.0,10419.0,33025.0,unchanged
1153269,280966.0,280965.0,11269.0,,,,no_longer_flagged
1153304,12510.0,12497.0,36811.0,,,,no_longer_flagged
1153307,280967.0,280968.0,36813.0,280967.0,280968.0,33093.0,unchanged
1153333,12302.0,12320.0,36833.0,12302.0,12320.0,33113.0,unchanged
1153337,12302.0,24968.0,36836.0,12302.0,24968.0,33116.0,unchanged
1153347,12462.0,12449.0,5142.0,12462.0,12449.0,4811.0,unchanged
1153348,12462.0,12435.0,36843.0,,,,no_longer_flagged
1153370,9523.0,9583.0,28663.0,,,,no_longer_flagged
1153382,12493.0,25035.0,36822.0,12493.0,25035.0,33101.0,unchanged
1153390,375259.0,19665.0,36873.0,375259.0,19665.0,33157.0,unchanged
1153393,19673.0,19671.0,36874.0,19673.0,19671.0,33158.0,unchanged
1153430,2540.0,2541.0,23425.0,2540.0,2541.0,21619.0,unchanged
1153470,2540.0,2541.0,23425.0,2540.0,2541.0,21619.0,unchanged
1153472,2540.0,2541.0,23425.0,2540.0,2541.0,21619.0,unchanged
1153518,,,,15489.0,3464.0,33187.0,newly_flagged
1153519,,,,15489.0,3464.0,33187.0,newly_flagged
1153598,3889.0,3853.0,36924.0,,,,no_longer_flagged
1153599,3889.0,3853.0,36924.0,,,,no_longer_flagged
1153600,3889.0,3853.0,36924.0,,,,no_longer_flagged
1153650,,,,20776.0,2654.0,33218.0,newly_flagged
1153681,,,,20776.0,2654.0,33218.0,newly_flagged
1153683,,,,20776.0,2654.0,33218.0,newly_flagged
1153720,20372.0,13964.0,22654.0,20372.0,2106.0,10519.0,recommendation_changed
1153742,84774.0,2223.0,35919.0,84774.0,2223.0,32419.0,unchanged
1153743,84774.0,2223.0,35919.0,84774.0,2223.0,32419.0,unchanged
1153784,2070.0,2155.0,36955.0,2070.0,2155.0,33228.0,unchanged
1153844,2335.0,14184.0,36976.0,2335.0,14184.0,33249.0,unchanged
1153883,2251.0,425292.0,22610.0,2251.0,425292.0,20920.0,unchanged
1153887,2478.0,2384.0,20782.0,2478.0,2384.0,19173.0,unchanged
1153889,2478.0,2384.0,20782.0,2478.0,2384.0,19173.0,unchanged
1154008,14680.0,14702.0,37028.0,,,,no_longer_flagged
1154009,14680.0,14702.0,37028.0,,,,no_longer_flagged
1154040,14658.0,14702.0,37028.0,,,,no_longer_flagged
1154082,14680.0,14702.0,37028.0,,,,no_longer_flagged
1154083,14680.0,14702.0,37028.0,,,,no_longer_flagged
1154084,14680.0,14702.0,37028.0,,,,no_longer_flagged
1154085,14680.0,14702.0,37028.0,,,,no_longer_flagged
1154090,14680.0,14702.0,37028.0,,,,no_longer_flagged
1154091,14680.0,14702.0,37028.0,,,,no_longer_flagged
1154093,14680.0,14702.0,37028.0,,,,no_longer_flagged
1154234,2359.0,2408.0,22443.0,2359.0,2408.0,20762.0,unchanged
1154264,17439.0,17403.0,37092.0,,,,no_longer_flagged
1154265,,,,2037.0,2095.0,32365.0,newly_flagged
1154281,2408.0,473020.0,28724.0,2408.0,473020.0,25956.0,unchanged
1154283,2359.0,2408.0,22443.0,2359.0,2408.0,20762.0,unchanged
1154284,2359.0,2408.0,22443.0,2359.0,2408.0,20762.0,unchanged
1154285,2359.0,2408.0,22443.0,2359.0,2408.0,20762.0,unchanged
1154324,,,,2037.0,2095.0,32365.0,newly_flagged
1154325,,,,2037.0,2095.0,32365.0,newly_flagged
1154340,17363.0,17409.0,31030.0,17363.0,17409.0,28087.0,unchanged
1154345,,,,27066.0,18311.0,19846.0,newly_flagged
1154454,,,,2926.0,2998.0,31689.0,newly_flagged
1154465,3049.0,21135.0,18209.0,3049.0,21085.0,16966.0,recommendation_changed
1154563,,,,13964.0,2106.0,10519.0,newly_flagged
1154564,,,,13964.0,2106.0,10519.0,newly_flagged
1154565,,,,13964.0,2106.0,10519.0,newly_flagged
1154587,2512.0,83806.0,35676.0,,,,no_longer_flagged
1154588,2512.0,83806.0,35676.0,,,,no_longer_flagged
1154653,2512.0,83806.0,35676.0,,,,no_longer_flagged
1154675,20394.0,20391.0,37172.0,20394.0,20391.0,33403.0,unchanged
1154692,20394.0,2110.0,22523.0,20394.0,2110.0,20836.0,unchanged
1154732,16930.0,16946.0,22097.0,16930.0,16946.0,20446.0,unchanged
1154738,20394.0,2110.0,22523.0,20394.0,2110.0,20836.0,unchanged
1154739,20394.0,2110.0,22523.0,20394.0,2110.0,20836.0,unchanged
1154741,20391.0,20394.0,37181.0,20391.0,20394.0,33410.0,unchanged
1154781,15027.0,15007.0,35421.0,,,,no_longer_flagged
1154796,26696.0,17225.0,24551.0,26696.0,17225.0,22649.0,unchanged
1154799,20394.0,2110.0,22523.0,20394.0,2110.0,20836.0,unchanged
1154800,20394.0,2110.0,22523.0,20394.0,2110.0,20836.0,unchanged
1154809,2034.0,2042.0,36457.0,2034.0,2042.0,32756.0,unchanged
1154810,20382.0,13964.0,22654.0,20382.0,2106.0,10519.0,recommendation_changed
1154835,14728.0,20817.0,37042.0,14728.0,20817.0,31128.0,unchanged
1154836,14728.0,20817.0,37042.0,14728.0,20817.0,31128.0,unchanged
1154838,20382.0,13964.0,22654.0,20382.0,2106.0,10519.0,recommendation_changed
1154861,536224.0,536226.0,13666.0,536224.0,536225.0,14545.0,recommendation_changed
1154875,17430.0,17442.0,1167.0,17430.0,17442.0,1057.0,unchanged
1154891,15974.0,15931.0,22228.0,15974.0,15931.0,31540.0,unchanged
1154899,20389.0,2005.0,18099.0,20389.0,2005.0,16858.0,unchanged
1154900,20389.0,2005.0,18099.0,20389.0,2005.0,16858.0,unchanged
1155011,2690.0,2666.0,22366.0,2690.0,2666.0,20699.0,unchanged
1155012,2690.0,2666.0,22366.0,2690.0,2666.0,20699.0,unchanged
1155017,84771.0,2433.0,35758.0,,,,no_longer_flagged
1155052,,,,21336.0,21304.0,33470.0,newly_flagged
1155082,20647.0,2408.0,22443.0,20647.0,2408.0,20762.0,unchanged
1155083,20647.0,2408.0,22443.0,20647.0,2408.0,20762.0,unchanged
1155174,3846.0,3811.0,23577.0,,,,no_longer_flagged
1155191,126391.0,1969.0,37261.0,126391.0,1969.0,33485.0,unchanged
1155209,26716.0,17709.0,19306.0,26716.0,17709.0,17991.0,unchanged
1155299,146556.0,146557.0,37265.0,146556.0,146557.0,33490.0,unchanged
1155379,20389.0,2005.0,18099.0,20389.0,2005.0,16858.0,unchanged
1155381,20389.0,2005.0,18099.0,20389.0,2005.0,16858.0,unchanged
1155384,20389.0,2005.0,18099.0,20389.0,2005.0,16858.0,unchanged
1155388,20389.0,2005.0,18099.0,20389.0,2005.0,16858.0,unchanged
1155448,13646.0,13582.0,26134.0,,,,no_longer_flagged
1155450,18933.0,18959.0,14628.0,18933.0,18959.0,13619.0,unchanged
1155451,220476.0,220480.0,1681.0,220476.0,220480.0,1562.0,unchanged
1155459,,,,20776.0,2654.0,33218.0,newly_flagged
1155495,14122.0,25616.0,20366.0,,,,no_longer_flagged
1155498,13646.0,13582.0,26134.0,,,,no_longer_flagged
1155503,,,,15979.0,3819.0,21032.0,newly_flagged
1155519,4379.0,4402.0,17474.0,4379.0,4402.0,16234.0,unchanged
1155635,2512.0,83806.0,35676.0,,,,no_longer_flagged
1155679,2512.0,83806.0,35676.0,,,,no_longer_flagged
1155680,2512.0,83806.0,35676.0,,,,no_longer_flagged
1155694,1942.0,2058.0,35805.0,1942.0,2058.0,32336.0,unchanged
1155697,1942.0,2058.0,35805.0,1942.0,2058.0,32336.0,unchanged
1155700,,,,2108.0,2106.0,10519.0,newly_flagged
1155746,,,,391163.0,5002.0,24564.0,newly_flagged
1155765,20954.0,2766.0,35110.0,20954.0,2766.0,31813.0,unchanged
1155769,14341.0,25657.0,26962.0,14341.0,25657.0,24504.0,unchanged
1155800,,,,17234.0,17274.0,21185.0,newly_flagged
1155813,536072.0,112634.0,5067.0,536072.0,112634.0,4738.0,unchanged
1155927,12939.0,12919.0,21922.0,12939.0,12919.0,20272.0,unchanged
1155934,,,,18203.0,18204.0,21198.0,newly_flagged
1155991,,,,473134.0,473133.0,26295.0,newly_flagged
1156146,,,,15979.0,3819.0,21032.0,newly_flagged
1156168,2070.0,2155.0,36955.0,2070.0,2155.0,33228.0,unchanged
1156174,20647.0,2408.0,22443.0,20647.0,2408.0,20762.0,unchanged
1156179,20647.0,2408.0,22443.0,20647.0,2408.0,20762.0,unchanged
1156181,20647.0,2408.0,22443.0,20647.0,2408.0,20762.0,unchanged
1156211,,,,3273.0,21275.0,18892.0,newly_flagged
1156326,4045.0,4044.0,20892.0,4045.0,4044.0,19278.0,unchanged
1156332,283543.0,287362.0,4164.0,283543.0,287362.0,3848.0,unchanged
1156338,3846.0,3811.0,23577.0,,,,no_longer_flagged
1156361,,,,2108.0,2106.0,10519.0,newly_flagged
1156362,13937.0,13964.0,22654.0,13937.0,2106.0,10519.0,recommendation_changed
1156363,344060.0,13964.0,22654.0,344060.0,2106.0,10519.0,recommendation_changed
1156400,,,,15489.0,3464.0,33187.0,newly_flagged
1156559,375454.0,3058.0,37571.0,375454.0,3058.0,33689.0,unchanged
1156563,17439.0,17403.0,37092.0,,,,no_longer_flagged
1156564,17439.0,17403.0,37092.0,,,,no_longer_flagged
1156565,17439.0,17403.0,37092.0,,,,no_longer_flagged
1156647,,,,4038.0,4044.0,19278.0,newly_flagged
1156649,,,,4038.0,4044.0,19278.0,newly_flagged
1156666,3464.0,15489.0,36907.0,,,,no_longer_flagged
1156682,,,,3374.0,3438.0,33710.0,newly_flagged
1156685,,,,3374.0,3438.0,33710.0,newly_flagged
1156699,343755.0,20713.0,12895.0,343755.0,20713.0,11977.0,unchanged
1156708,449147.0,390906.0,21684.0,449147.0,344907.0,20036.0,recommendation_changed
1156715,84768.0,20436.0,37598.0,84768.0,20436.0,33712.0,unchanged
1156779,2070.0,2155.0,36955.0,2070.0,2155.0,33228.0,unchanged
1156894,2540.0,2541.0,23425.0,2540.0,2541.0,21619.0,unchanged
1156918,17430.0,17442.0,1167.0,17430.0,17442.0,1057.0,unchanged
1156946,1548.0,1443.0,21945.0,1548.0,1452.0,20295.0,recommendation_changed
1157022,84771.0,2433.0,35758.0,,,,no_longer_flagged
1157132,3999.0,3998.0,37693.0,,,,no_longer_flagged
1157251,359665.0,359664.0,32324.0,359665.0,359664.0,29333.0,unchanged
1157398,2178.0,20439.0,20766.0,2178.0,20439.0,19163.0,unchanged
1157437,13121.0,13175.0,18198.0,13121.0,13175.0,16956.0,unchanged
1157450,21333.0,21330.0,19931.0,21333.0,21330.0,18458.0,unchanged
1157530,,,,21336.0,21304.0,33470.0,newly_flagged
1157531,,,,21336.0,21304.0,33470.0,newly_flagged
1157533,,,,21336.0,21304.0,33470.0,newly_flagged
1157599,17430.0,17442.0,1167.0,17430.0,17442.0,1057.0,unchanged
1157614,17355.0,17310.0,37794.0,17355.0,17310.0,33842.0,unchanged
1157661,21237.0,3197.0,37419.0,21237.0,3197.0,33596.0,unchanged
1157696,,,,3236.0,3261.0,18564.0,newly_flagged
1157697,,,,3236.0,3261.0,18564.0,newly_flagged
1157706,3635.0,3682.0,19914.0,3635.0,3682.0,18444.0,unchanged
1157707,3635.0,3682.0,19914.0,3635.0,3682.0,18444.0,unchanged
1157708,3635.0,3682.0,19914.0,3635.0,3682.0,18444.0,unchanged
1157768,226556.0,252796.0,24042.0,,,,no_longer_flagged
1157769,226556.0,252796.0,24042.0,,,,no_longer_flagged
1157830,17404.0,17344.0,37223.0,17404.0,17344.0,33452.0,unchanged
1157860,,,,3404.0,21306.0,33253.0,newly_flagged
1157868,,,,21271.0,3261.0,18564.0,newly_flagged
1157869,,,,21271.0,3261.0,18564.0,newly_flagged
1157909,,,,3236.0,3261.0,18564.0,newly_flagged
1157926,,,,21271.0,3261.0,18564.0,newly_flagged
1157929,,,,21271.0,3261.0,18564.0,newly_flagged
1157961,227518.0,3224.0,4911.0,227518.0,3224.0,4583.0,unchanged
1158062,3889.0,3853.0,36924.0,,,,no_longer_flagged
1158063,3889.0,3853.0,36924.0,,,,no_longer_flagged
1158065,3889.0,3853.0,36924.0,,,,no_longer_flagged
1158259,17307.0,17357.0,5083.0,17307.0,17357.0,4752.0,unchanged
1158299,17431.0,17402.0,37099.0,17431.0,17402.0,33335.0,unchanged
1158305,226556.0,252796.0,24042.0,,,,no_longer_flagged
1158335,3947.0,384818.0,30664.0,3947.0,384818.0,27749.0,unchanged
1158337,3947.0,384818.0,30664.0,3947.0,384818.0,27749.0,unchanged
1158344,,,,21500.0,21493.0,12098.0,newly_flagged
1158370,3947.0,384818.0,30664.0,3947.0,384818.0,27749.0,unchanged
1158371,3947.0,384818.0,30664.0,3947.0,384818.0,27749.0,unchanged
1158379,252795.0,252796.0,24042.0,252795.0,252796.0,22208.0,unchanged
1158381,252795.0,252796.0,24042.0,252795.0,252796.0,22208.0,unchanged
1158383,3869.0,3906.0,33679.0,3869.0,3906.0,30636.0,unchanged
1158399,3869.0,3906.0,33679.0,3869.0,3906.0,30636.0,unchanged
1158511,,,,3236.0,3261.0,18564.0,newly_flagged
1158516,17241.0,17203.0,37976.0,17241.0,17203.0,33970.0,unchanged
1158534,21203.0,21199.0,37983.0,,,,no_longer_flagged
1158537,343949.0,3600.0,36637.0,343949.0,3600.0,32920.0,unchanged
1158556,12832.0,20017.0,29504.0,12832.0,20017.0,26685.0,unchanged
1158561,,,,,536892.0,8287.0,newly_flagged
1158562,482622.0,482621.0,2554.0,482622.0,482621.0,2321.0,unchanged
1158564,24764.0,11892.0,29784.0,24764.0,11892.0,26961.0,unchanged
1158565,3846.0,3811.0,23577.0,,,,no_longer_flagged
1158573,,,,21244.0,3244.0,26144.0,newly_flagged
1158661,3846.0,3811.0,23577.0,,,,no_longer_flagged
1158701,3804.0,3812.0,31129.0,3804.0,3812.0,28186.0,unchanged
1158716,,,,3273.0,21275.0,18892.0,newly_flagged
1158769,,,,210875.0,4212.0,22864.0,newly_flagged
1158841,3635.0,3682.0,19914.0,3635.0,3682.0,18444.0,unchanged
1159132,,,,275837.0,283536.0,16936.0,newly_flagged
1159319,102363.0,102058.0,37268.0,102363.0,102058.0,33494.0,unchanged
1159354,283535.0,294719.0,762.0,,,,no_longer_flagged
1159371,,,,275837.0,283536.0,16936.0,newly_flagged
1159398,102364.0,102365.0,36916.0,102364.0,102365.0,33193.0,unchanged
1159515,21187.0,390779.0,8300.0,21187.0,390779.0,7730.0,unchanged
1159523,,,,21336.0,21304.0,33470.0,newly_flagged
1159614,,,,3931.0,376994.0,26143.0,newly_flagged
1159673,3804.0,3812.0,31129.0,3804.0,3812.0,28186.0,unchanged
1159695,3955.0,376994.0,38180.0,3955.0,376994.0,26143.0,unchanged
1159697,,,,21496.0,376994.0,26143.0,newly_flagged
1159755,9469.0,9498.0,5528.0,9469.0,9498.0,5184.0,unchanged
1159873,,,,21379.0,21381.0,25115.0,newly_flagged
1159903,20954.0,2766.0,35110.0,20954.0,2766.0,31813.0,unchanged
1159913,21340.0,3392.0,13924.0,21340.0,3392.0,12933.0,unchanged
1159953,12808.0,12783.0,21933.0,12808.0,12861.0,20284.0,recommendation_changed
1160003,20893.0,2761.0,34812.0,20893.0,2761.0,31587.0,unchanged
1160007,25707.0,14355.0,38274.0,25707.0,14355.0,34179.0,unchanged
1163118,377926.0,376994.0,38180.0,377926.0,376994.0,26143.0,unchanged
1163141,1321.0,1301.0,29004.0,1321.0,1301.0,26226.0,unchanged
1163424,6502.0,6417.0,31883.0,6502.0,6417.0,28906.0,unchanged
1163425,9706.0,60452.0,38315.0,9706.0,60452.0,34220.0,unchanged
1163445,376028.0,13630.0,29316.0,376028.0,13630.0,26515.0,unchanged
1163460,26072.0,26065.0,14336.0,26072.0,26065.0,13336.0,unchanged
1163462,13406.0,13418.0,27858.0,,,,no_longer_flagged
1163463,24566.0,11300.0,3892.0,24566.0,11300.0,3580.0,unchanged
1163816,,,,72607.0,14619.0,34242.0,newly_flagged
1163817,72607.0,14619.0,38342.0,72607.0,14619.0,34242.0,unchanged
1163825,25634.0,2309.0,33707.0,25634.0,2309.0,30662.0,unchanged
1163827,20476.0,2309.0,38345.0,20476.0,2309.0,34246.0,unchanged
1163890,25630.0,2309.0,33707.0,25630.0,2309.0,30662.0,unchanged
1163904,13657.0,13644.0,17574.0,,,,no_longer_flagged
1163926,144642.0,144647.0,29879.0,144642.0,144647.0,27044.0,unchanged
1163953,108139.0,24172.0,33467.0,108139.0,24172.0,30440.0,unchanged
1163958,1260.0,13194.0,24148.0,1260.0,13194.0,22305.0,unchanged
1163964,25781.0,25799.0,14447.0,,,,no_longer_flagged
1163984,,,,11844.0,11884.0,26315.0,newly_flagged
1163988,13468.0,13440.0,29666.0,,,,no_longer_flagged
1163998,13000.0,13028.0,29789.0,13000.0,13028.0,26962.0,unchanged
1164006,12312.0,12261.0,29625.0,,,,no_longer_flagged
1164014,,,,14616.0,14499.0,4997.0,newly_flagged
1164022,,,,365414.0,375595.0,27657.0,newly_flagged
1164057,85734.0,26245.0,23943.0,85734.0,26245.0,22114.0,unchanged
1164066,,,,3353.0,3469.0,34357.0,newly_flagged
1164079,205116.0,12285.0,14423.0,205116.0,12285.0,3571.0,unchanged
1164089,377980.0,377979.0,24190.0,377980.0,377979.0,22342.0,unchanged
1164102,3680.0,3708.0,23758.0,3680.0,3708.0,21944.0,unchanged
1164112,12296.0,12288.0,34349.0,12296.0,12288.0,31261.0,unchanged
1164163,25975.0,25984.0,38508.0,,,,no_longer_flagged
1164250,3234.0,21246.0,38513.0,3234.0,21246.0,32836.0,unchanged
1164260,344523.0,26112.0,36504.0,,,,no_longer_flagged
1164282,1640.0,1627.0,37334.0,1640.0,1627.0,33544.0,unchanged
1164297,21124.0,15105.0,38544.0,21124.0,15105.0,34439.0,unchanged
1164300,18949.0,18774.0,22338.0,18949.0,18774.0,20674.0,unchanged
1164301,18949.0,18774.0,22338.0,18949.0,18774.0,20674.0,unchanged
1164303,18949.0,18774.0,22338.0,18949.0,18774.0,20674.0,unchanged
1164304,344651.0,343646.0,38552.0,344651.0,343646.0,34447.0,unchanged
1164305,246401.0,4114.0,38553.0,246401.0,4114.0,34448.0,unchanged
1164357,4072.0,4052.0,32721.0,4072.0,4052.0,29716.0,unchanged
1164441,,3667.0,38576.0,,3667.0,34469.0,unchanged
1164518,189756.0,189755.0,37933.0,189756.0,189755.0,33938.0,unchanged
1164596,21734.0,18324.0,38608.0,21734.0,18324.0,34495.0,unchanged
1164598,21747.0,21743.0,38610.0,21747.0,21743.0,34497.0,unchanged
1164620,17270.0,17254.0,3014.0,17270.0,17254.0,34501.0,unchanged
1164621,17270.0,17254.0,3014.0,17270.0,17254.0,34501.0,unchanged
1164623,17270.0,17254.0,3014.0,17270.0,17254.0,34501.0,unchanged
1164652,21392.0,3600.0,36637.0,21392.0,3600.0,32920.0,unchanged
1164675,17241.0,24276.0,36691.0,17241.0,24276.0,32971.0,unchanged
1164694,3796.0,3757.0,38629.0,3796.0,3757.0,28459.0,unchanged
1164696,21333.0,21330.0,19931.0,21333.0,21330.0,18458.0,unchanged
1164742,375454.0,3058.0,37571.0,375454.0,3058.0,33689.0,unchanged
1164746,17270.0,17254.0,3014.0,17270.0,17254.0,34501.0,unchanged
1164802,3757.0,3796.0,38628.0,3757.0,3796.0,34515.0,unchanged
1164806,375454.0,3058.0,37571.0,375454.0,3058.0,33689.0,unchanged
1164814,263360.0,3543.0,38657.0,263360.0,3543.0,34539.0,unchanged
1164830,343948.0,3600.0,36637.0,343948.0,3600.0,32920.0,unchanged
1164831,343948.0,3600.0,36637.0,343948.0,3600.0,32920.0,unchanged
1164833,17247.0,17241.0,38626.0,17247.0,17241.0,34513.0,unchanged
1164835,17247.0,17241.0,38626.0,17247.0,17241.0,34513.0,unchanged
1164858,3595.0,316475.0,37207.0,3595.0,316475.0,33436.0,unchanged
1164864,3922.0,3925.0,28629.0,3922.0,3925.0,25866.0,unchanged
1165012,3922.0,3925.0,28629.0,3922.0,3925.0,25866.0,unchanged
1165013,3922.0,3925.0,28629.0,3922.0,3925.0,25866.0,unchanged
1165014,3922.0,3925.0,28629.0,3922.0,3925.0,25866.0,unchanged
1165015,3922.0,3925.0,28629.0,3922.0,3925.0,25866.0,unchanged
1165091,375454.0,3058.0,37571.0,375454.0,3058.0,33689.0,unchanged
1165137,,,,323195.0,4586.0,34599.0,newly_flagged
1165191,17357.0,17403.0,37092.0,17357.0,17403.0,33691.0,unchanged
1165234,4045.0,4044.0,20892.0,4045.0,4044.0,19278.0,unchanged
1165235,3804.0,3812.0,31129.0,3804.0,3812.0,28186.0,unchanged
1165258,376684.0,3058.0,38248.0,376684.0,3058.0,34167.0,unchanged
1165302,3846.0,3811.0,23577.0,,,,no_longer_flagged
1165379,,,,3998.0,3999.0,33772.0,newly_flagged
1165380,3947.0,384818.0,30664.0,3947.0,384818.0,27749.0,unchanged
1165388,21203.0,21199.0,37983.0,,,,no_longer_flagged
1165422,21203.0,21199.0,37983.0,,,,no_longer_flagged
1165472,17247.0,17241.0,38622.0,17247.0,17241.0,34509.0,unchanged
1165488,226556.0,252796.0,24042.0,,,,no_longer_flagged
1165711,4045.0,4044.0,20892.0,4045.0,4044.0,19278.0,unchanged
1165744,21203.0,21199.0,37983.0,,,,no_longer_flagged
1165765,3398.0,265927.0,38844.0,3398.0,265927.0,34690.0,unchanged
1165783,376684.0,3058.0,38248.0,376684.0,3058.0,34167.0,unchanged
1165849,21246.0,3234.0,20692.0,21246.0,3234.0,3386.0,unchanged
1165875,3415.0,3411.0,38865.0,3415.0,3411.0,34709.0,unchanged
1165923,21557.0,4402.0,17474.0,21557.0,4402.0,16234.0,unchanged
1166008,21278.0,21272.0,20428.0,21278.0,21272.0,18877.0,unchanged
1166036,26262.0,15918.0,34089.0,26262.0,15918.0,31009.0,unchanged
1166039,343948.0,3600.0,36637.0,343948.0,3600.0,32920.0,unchanged
1166063,16395.0,16400.0,38902.0,16395.0,16400.0,34739.0,unchanged
1166065,26212.0,26226.0,38903.0,26212.0,26226.0,34740.0,unchanged
1166075,21320.0,21309.0,38905.0,21320.0,21309.0,34744.0,unchanged
1166134,19085.0,19069.0,34153.0,19085.0,19069.0,31067.0,unchanged
1166135,19085.0,19069.0,34153.0,19085.0,19069.0,31067.0,unchanged
1166148,12590.0,12464.0,23545.0,,,,no_longer_flagged
1166149,377611.0,12464.0,23545.0,377611.0,12464.0,21739.0,unchanged
1166150,12590.0,12464.0,23545.0,12590.0,12464.0,21739.0,unchanged
1166177,48607.0,48611.0,30511.0,48607.0,48611.0,27610.0,unchanged
1166178,26317.0,16064.0,23580.0,26317.0,26326.0,21773.0,recommendation_changed
1166188,4004.0,3981.0,20613.0,4004.0,3981.0,19038.0,unchanged
1166189,21485.0,26245.0,23943.0,21485.0,26245.0,22114.0,unchanged
1166190,275839.0,134380.0,30474.0,275839.0,26245.0,22114.0,recommendation_changed
1166191,21461.0,26245.0,23943.0,21461.0,26245.0,22114.0,unchanged
1166192,4004.0,3981.0,20613.0,4004.0,3981.0,19038.0,unchanged
1166193,4004.0,3981.0,20613.0,4004.0,3981.0,19038.0,unchanged
1166223,16967.0,80609.0,38956.0,16967.0,80609.0,34795.0,unchanged
1166224,15625.0,15627.0,31312.0,15625.0,15627.0,28362.0,unchanged
1166300,,,,2715.0,2661.0,31103.0,newly_flagged
1166314,,,,2715.0,2661.0,31103.0,newly_flagged
1166367,19394.0,19411.0,22434.0,19394.0,19374.0,20754.0,recommendation_changed
1166449,20846.0,2716.0,21923.0,20846.0,2716.0,20274.0,unchanged
1166475,20846.0,2716.0,21923.0,20846.0,2716.0,20274.0,unchanged
1166622,,,,2604.0,2661.0,31103.0,newly_flagged
1166623,,,,2604.0,2661.0,31103.0,newly_flagged
1166624,25975.0,25984.0,38508.0,,,,no_longer_flagged
1166626,25975.0,25984.0,38508.0,,,,no_longer_flagged
1166627,25975.0,25984.0,38508.0,,,,no_longer_flagged
1166662,,,,2604.0,2661.0,31103.0,newly_flagged
1166663,,,,2604.0,2661.0,31103.0,newly_flagged
1166664,,,,2604.0,2661.0,31103.0,newly_flagged
1166667,,,,2604.0,2661.0,31103.0,newly_flagged
1166673,,,,2604.0,2661.0,31103.0,newly_flagged
1166722,,,,5051.0,5053.0,18997.0,newly_flagged
1166778,25975.0,25984.0,38508.0,,,,no_longer_flagged
1166805,2585.0,2644.0,22023.0,,,,no_longer_flagged
1166806,2585.0,2644.0,22023.0,,,,no_longer_flagged
1166813,2585.0,2644.0,22023.0,,,,no_longer_flagged
1166814,2585.0,2644.0,22023.0,,,,no_longer_flagged
1166815,2585.0,2644.0,22023.0,,,,no_longer_flagged
1166903,2585.0,2644.0,22023.0,,,,no_longer_flagged
1166952,20846.0,2716.0,21923.0,20846.0,2716.0,20274.0,unchanged
1166996,18658.0,18688.0,39127.0,18658.0,18688.0,34935.0,unchanged
1167018,27180.0,18688.0,39127.0,27180.0,18688.0,34935.0,unchanged
1167019,18658.0,18688.0,39127.0,18658.0,18688.0,34935.0,unchanged
1167023,18824.0,18807.0,39137.0,18824.0,18807.0,34944.0,unchanged
1167045,18832.0,18849.0,39147.0,18832.0,18849.0,34954.0,unchanged
1167064,,,,26956.0,26979.0,20652.0,newly_flagged
1167065,19301.0,19285.0,13080.0,,,,no_longer_flagged
1167066,18696.0,18688.0,39127.0,18696.0,18688.0,34935.0,unchanged
1167071,18924.0,27247.0,39153.0,18924.0,27247.0,34962.0,unchanged
1167080,,,,18696.0,18688.0,34935.0,newly_flagged
1167082,18700.0,18688.0,39127.0,18700.0,18688.0,34935.0,unchanged
1167083,18700.0,18688.0,39127.0,18700.0,18688.0,34935.0,unchanged
1167085,18693.0,18633.0,22209.0,,,,no_longer_flagged
1167086,18693.0,18633.0,22209.0,,,,no_longer_flagged
1167087,18693.0,18633.0,22209.0,,,,no_longer_flagged
1167099,18537.0,18550.0,12860.0,18537.0,18550.0,11943.0,unchanged
1167109,,,,149438.0,19662.0,21716.0,newly_flagged
1167124,108153.0,108147.0,4924.0,108153.0,108147.0,4596.0,unchanged
1167125,108151.0,108147.0,4924.0,108151.0,108147.0,4596.0,unchanged
1167127,108153.0,108147.0,4924.0,108153.0,108147.0,4596.0,unchanged
1167130,56931.0,56930.0,39172.0,56931.0,56930.0,34979.0,unchanged
1167133,18538.0,18604.0,21633.0,18538.0,18604.0,19991.0,unchanged
1167140,27214.0,18877.0,22357.0,27214.0,18877.0,20692.0,unchanged
1167141,18785.0,18877.0,22357.0,18785.0,18877.0,20692.0,unchanged
1167142,27214.0,18877.0,22357.0,27214.0,18877.0,20692.0,unchanged
1167143,27214.0,18877.0,22357.0,27214.0,18877.0,20692.0,unchanged
1167144,18899.0,18927.0,20253.0,,,,no_longer_flagged
1167146,18899.0,18927.0,20253.0,,,,no_longer_flagged
1167147,18899.0,18927.0,20253.0,,,,no_longer_flagged
1167172,56926.0,56924.0,39183.0,56926.0,56924.0,34989.0,unchanged
1167174,56926.0,56924.0,39183.0,56926.0,56924.0,34989.0,unchanged
1167175,56926.0,56924.0,39183.0,56926.0,56924.0,34989.0,unchanged
1167201,,,,19624.0,19627.0,20729.0,newly_flagged
1167203,19622.0,38406.0,39194.0,19622.0,38406.0,34998.0,unchanged
1167207,18648.0,18615.0,39196.0,18648.0,18615.0,35000.0,unchanged
1167231,18691.0,27186.0,22800.0,,,,no_longer_flagged
1167257,,,,18431.0,18451.0,19979.0,newly_flagged
1167270,18548.0,18583.0,39195.0,18548.0,18583.0,34999.0,unchanged
1167271,18548.0,18583.0,39195.0,18548.0,18583.0,34999.0,unchanged
1167313,,,,18696.0,18688.0,34935.0,newly_flagged
1167326,18700.0,18688.0,39127.0,18700.0,18688.0,34935.0,unchanged
1167348,18195.0,18311.0,21492.0,18195.0,18311.0,19846.0,unchanged
1167351,18195.0,18311.0,21492.0,18195.0,18311.0,19846.0,unchanged
1167362,258887.0,258886.0,39249.0,,,,no_longer_flagged
1167368,18499.0,18538.0,39174.0,18499.0,18538.0,34980.0,unchanged
1167370,159365.0,159361.0,39252.0,159365.0,159361.0,35038.0,unchanged
1167372,18684.0,18703.0,39212.0,18684.0,18703.0,35014.0,unchanged
1167373,18684.0,18703.0,39212.0,18684.0,18703.0,35014.0,unchanged
1167374,18684.0,18671.0,39237.0,18684.0,18671.0,35030.0,unchanged
1167375,18706.0,18686.0,39254.0,18706.0,18686.0,35039.0,unchanged
1167441,18664.0,18696.0,39156.0,18664.0,18688.0,34935.0,recommendation_changed
1167442,18591.0,18535.0,21899.0,,,,no_longer_flagged
1167448,,,,18504.0,18493.0,35061.0,newly_flagged
1167449,,,,18504.0,18493.0,35061.0,newly_flagged
1167588,18556.0,18535.0,21899.0,18556.0,18591.0,20260.0,recommendation_changed
1167591,18556.0,18535.0,21899.0,18556.0,18591.0,20260.0,recommendation_changed
1167603,27034.0,27024.0,22071.0,27034.0,27024.0,20418.0,unchanged
1167604,,,,18523.0,18596.0,11871.0,newly_flagged
1167605,,,,18523.0,18596.0,11871.0,newly_flagged
1167606,18513.0,18535.0,21899.0,18513.0,18591.0,20260.0,recommendation_changed
1167607,,,,18523.0,18596.0,11871.0,newly_flagged
1167617,18556.0,18535.0,21899.0,18556.0,18591.0,20260.0,recommendation_changed
1167619,18556.0,18535.0,21899.0,18556.0,18591.0,20260.0,recommendation_changed
1167620,,,,27066.0,18311.0,19846.0,newly_flagged
1167629,18153.0,27049.0,39332.0,18153.0,27049.0,35100.0,unchanged
1167631,27061.0,27049.0,39332.0,27061.0,27049.0,35100.0,unchanged
1167720,18691.0,27186.0,22800.0,,,,no_longer_flagged
1167721,18691.0,27186.0,22800.0,,,,no_longer_flagged
1167735,27181.0,18609.0,39199.0,27181.0,18609.0,35003.0,unchanged
1167747,,,,18504.0,18493.0,35061.0,newly_flagged
1167818,27212.0,18796.0,39385.0,,,,no_longer_flagged
1167821,19040.0,18998.0,39387.0,,,,no_longer_flagged
1167822,19040.0,18998.0,39387.0,,,,no_longer_flagged
1167888,18585.0,18535.0,21899.0,,,,no_longer_flagged
1167900,390171.0,5009.0,39405.0,390171.0,5009.0,35160.0,unchanged
1167901,390171.0,5009.0,39405.0,390171.0,5009.0,35160.0,unchanged
1167903,21733.0,5009.0,39405.0,21733.0,5009.0,35160.0,unchanged
1167916,18591.0,18535.0,21899.0,,,,no_longer_flagged
1167917,18591.0,18572.0,21908.0,18591.0,18572.0,20259.0,unchanged
1167918,18591.0,18535.0,21899.0,,,,no_longer_flagged
1167919,18591.0,18535.0,21899.0,,,,no_longer_flagged
1167935,18941.0,19058.0,39418.0,,,,no_longer_flagged
1168252,,,,27211.0,27219.0,35231.0,newly_flagged
1168253,,,,27211.0,27219.0,35231.0,newly_flagged
1168255,,,,27211.0,27219.0,35231.0,newly_flagged
1168263,27211.0,27204.0,39506.0,27211.0,27204.0,35224.0,unchanged
1168276,27219.0,27211.0,39514.0,,,,no_longer_flagged
1168340,5087.0,5107.0,39543.0,,,,no_longer_flagged
1168341,5087.0,5107.0,39543.0,,,,no_longer_flagged
1168343,5087.0,5107.0,39543.0,,,,no_longer_flagged
1168361,,,,19058.0,19008.0,3856.0,newly_flagged
1168379,18120.0,27051.0,39554.0,18120.0,27051.0,35253.0,unchanged
1168382,27044.0,27031.0,20213.0,,,,no_longer_flagged
1168391,27175.0,27172.0,32265.0,27175.0,27172.0,29279.0,unchanged
1168420,19101.0,19063.0,39413.0,,,,no_longer_flagged
1168423,19101.0,19063.0,39413.0,,,,no_longer_flagged
1168436,27203.0,18685.0,39383.0,27203.0,18685.0,35140.0,unchanged
1168437,27203.0,18685.0,39383.0,27203.0,18685.0,35140.0,unchanged
1168438,27203.0,18685.0,39383.0,27203.0,18685.0,35140.0,unchanged
1168439,27212.0,18796.0,39385.0,,,,no_longer_flagged
1168467,18680.0,18647.0,39585.0,18680.0,18647.0,35281.0,unchanged
1168486,27212.0,18796.0,39385.0,,,,no_longer_flagged
1168534,19101.0,19063.0,39413.0,,,,no_longer_flagged
1168598,19182.0,19200.0,39612.0,19182.0,19200.0,35310.0,unchanged
1168624,18893.0,19008.0,4172.0,18893.0,19008.0,3856.0,unchanged
1168626,18893.0,19008.0,4172.0,18893.0,19008.0,3856.0,unchanged
1168627,18893.0,19008.0,4172.0,18893.0,19008.0,3856.0,unchanged
1168636,19301.0,19285.0,13080.0,,,,no_longer_flagged
1168695,17991.0,18004.0,39634.0,,,,no_longer_flagged
1168799,27268.0,27272.0,20844.0,27268.0,27272.0,19237.0,unchanged
1168813,27287.0,27286.0,31161.0,27287.0,27286.0,28216.0,unchanged
1168864,,,,5107.0,5087.0,28402.0,newly_flagged
1168885,,,,5107.0,5087.0,28402.0,newly_flagged
1168892,391280.0,391282.0,1291.0,,,,no_longer_flagged
1168900,27175.0,27172.0,32265.0,27175.0,27172.0,29279.0,unchanged
1168902,27175.0,27172.0,32265.0,27175.0,27172.0,29279.0,unchanged
1168993,19050.0,27272.0,20844.0,19050.0,27272.0,19237.0,unchanged
1169088,536225.0,536226.0,13666.0,,,,no_longer_flagged
1169116,26018.0,15056.0,7891.0,26018.0,15056.0,7380.0,unchanged
1169118,,,,26025.0,26024.0,7382.0,newly_flagged
1169119,,,,26025.0,26024.0,7382.0,newly_flagged
1169129,15083.0,26024.0,17698.0,,,,no_longer_flagged
1169130,15083.0,26024.0,17698.0,,,,no_longer_flagged
1169131,15083.0,26024.0,17698.0,,,,no_longer_flagged
1169132,26018.0,15056.0,7891.0,26018.0,15056.0,7380.0,unchanged
1169153,4191.0,4172.0,39749.0,4191.0,4172.0,35434.0,unchanged
1169183,,20955.0,39759.0,,20955.0,35444.0,unchanged
1169196,2668.0,2678.0,39764.0,2668.0,2678.0,35449.0,unchanged
1169286,5054.0,5045.0,36564.0,,,,no_longer_flagged
1169302,,,,1074.0,1094.0,27237.0,newly_flagged
1169308,162238.0,162239.0,39795.0,162238.0,162239.0,35484.0,unchanged
1169310,162238.0,162239.0,39795.0,162238.0,162239.0,35484.0,unchanged
1169314,13198.0,25378.0,15624.0,,,,no_longer_flagged
1169346,144645.0,144647.0,29879.0,144645.0,144647.0,27044.0,unchanged
1169368,162246.0,162237.0,39812.0,162246.0,162237.0,35502.0,unchanged
1169370,162246.0,162237.0,39812.0,162246.0,162237.0,35502.0,unchanged
1169432,45735.0,45734.0,31768.0,,,,no_longer_flagged
1169433,45735.0,45734.0,31768.0,,,,no_longer_flagged
1169434,45735.0,45734.0,31768.0,,,,no_longer_flagged
1169435,45735.0,45734.0,31768.0,,,,no_longer_flagged
1169452,1349.0,20088.0,18358.0,1349.0,20088.0,17106.0,unchanged
1169453,1349.0,20088.0,18358.0,1349.0,20088.0,17106.0,unchanged
1169454,1349.0,20088.0,18358.0,1349.0,20088.0,17106.0,unchanged
1169525,12614.0,12548.0,39852.0,12614.0,12548.0,35541.0,unchanged
1169568,10735.0,10814.0,39867.0,10735.0,10814.0,35553.0,unchanged
1169570,10735.0,10814.0,39867.0,10735.0,10814.0,35553.0,unchanged
1169729,13564.0,43484.0,4064.0,13564.0,43484.0,3748.0,unchanged
1169730,13674.0,13578.0,39910.0,13674.0,13578.0,35586.0,unchanged
1169745,84778.0,1177.0,26394.0,,,,no_longer_flagged
1169764,13610.0,43484.0,4064.0,13610.0,43484.0,3748.0,unchanged
1169785,84778.0,1177.0,26394.0,,,,no_longer_flagged
1169786,84778.0,1177.0,26394.0,,,,no_longer_flagged
1169787,1179.0,1177.0,26394.0,1179.0,1177.0,26494.0,unchanged
1169798,10384.0,599.0,13468.0,10384.0,599.0,12476.0,unchanged
1169813,1008.0,359734.0,29017.0,1008.0,359734.0,26236.0,unchanged
1169921,10609.0,10640.0,14561.0,10609.0,10640.0,13555.0,unchanged
1169985,24550.0,11248.0,39969.0,,,,no_longer_flagged
1169987,24550.0,11248.0,39969.0,,,,no_longer_flagged
1169996,11229.0,11248.0,39969.0,,,,no_longer_flagged
1169997,11229.0,11248.0,39975.0,11229.0,11248.0,35644.0,unchanged
1169998,11229.0,11248.0,39975.0,11229.0,11248.0,35644.0,unchanged
1170036,54367.0,24172.0,33467.0,,,,no_longer_flagged
1170037,54367.0,24172.0,33467.0,,,,no_longer_flagged
1170039,54367.0,24172.0,33467.0,,,,no_longer_flagged
1170043,54368.0,24172.0,33467.0,,,,no_longer_flagged
1170051,364651.0,10906.0,28927.0,364651.0,10906.0,26148.0,unchanged
1170055,24840.0,11999.0,39984.0,24840.0,11999.0,35651.0,unchanged
1170059,12755.0,12813.0,39986.0,12755.0,12813.0,35655.0,unchanged
1170095,10725.0,10706.0,40001.0,,,,no_longer_flagged
1170118,10725.0,10706.0,40001.0,10725.0,10706.0,35678.0,unchanged
1170119,10725.0,10706.0,40001.0,10725.0,10706.0,35678.0,unchanged
1170129,10422.0,24185.0,40013.0,10422.0,24185.0,35683.0,unchanged
1170140,10422.0,24220.0,30866.0,10422.0,24220.0,27932.0,unchanged
1170142,10422.0,24185.0,40013.0,10422.0,24185.0,35683.0,unchanged
1170143,10422.0,24185.0,40013.0,10422.0,24185.0,35683.0,unchanged
1170147,24751.0,11841.0,30919.0,24751.0,11662.0,35688.0,recommendation_changed
1170151,10678.0,10644.0,17104.0,10678.0,10644.0,15872.0,unchanged
1170160,24238.0,10523.0,30907.0,24238.0,10523.0,27972.0,unchanged
1170161,24238.0,10523.0,30907.0,24238.0,10523.0,27972.0,unchanged
1170162,24238.0,10523.0,30907.0,24238.0,10523.0,27972.0,unchanged
1170168,12260.0,12194.0,34369.0,,,,no_longer_flagged
1170169,12260.0,12194.0,34369.0,,,,no_longer_flagged
1170170,12260.0,12194.0,34369.0,,,,no_longer_flagged
1170171,12260.0,12194.0,34369.0,,,,no_longer_flagged
1170193,,,,76458.0,285756.0,21799.0,newly_flagged
1170194,,,,76458.0,285756.0,21799.0,newly_flagged
1170328,,,,10579.0,10572.0,21123.0,newly_flagged
1170331,,,,10579.0,10572.0,21123.0,newly_flagged
1170414,11344.0,24567.0,40120.0,11344.0,24567.0,35774.0,unchanged
1170425,24644.0,11493.0,40112.0,24644.0,11493.0,35766.0,unchanged
1170482,24378.0,24393.0,40139.0,24378.0,24393.0,35789.0,unchanged
1170500,24393.0,24378.0,25040.0,24393.0,24378.0,23046.0,unchanged
1170520,10685.0,24378.0,25040.0,10685.0,24378.0,23046.0,unchanged
1170521,10785.0,10875.0,31402.0,10785.0,10875.0,28447.0,unchanged
1170531,10787.0,10792.0,40158.0,10787.0,10792.0,35805.0,unchanged
1170532,10785.0,10724.0,40151.0,10785.0,10724.0,35801.0,unchanged
1170533,10785.0,10724.0,40151.0,10785.0,10724.0,35801.0,unchanged
1170550,10745.0,10792.0,40158.0,10745.0,10792.0,35805.0,unchanged
1170551,10745.0,10792.0,40158.0,10745.0,10792.0,35805.0,unchanged
1170572,12141.0,12194.0,40175.0,,,,no_longer_flagged
1170574,12141.0,12194.0,40175.0,,,,no_longer_flagged
1170575,12141.0,12194.0,40175.0,,,,no_longer_flagged
1170636,12141.0,12194.0,40175.0,,,,no_longer_flagged
1170637,12141.0,12194.0,40175.0,,,,no_longer_flagged
1170653,24064.0,10251.0,40193.0,24064.0,10251.0,35834.0,unchanged
1170654,24064.0,10251.0,40193.0,24064.0,10251.0,35834.0,unchanged
1170669,12131.0,24926.0,40196.0,,,,no_longer_flagged
1170671,12131.0,24893.0,40198.0,,,,no_longer_flagged
1170673,24154.0,10216.0,40200.0,24154.0,10216.0,35838.0,unchanged
1170674,24154.0,10216.0,40200.0,24154.0,10216.0,35838.0,unchanged
1170675,24154.0,10216.0,40200.0,24154.0,10216.0,35838.0,unchanged
1170745,10623.0,10579.0,31308.0,,,,no_longer_flagged
1170746,10623.0,10579.0,31308.0,,,,no_longer_flagged
1170747,10623.0,10579.0,31308.0,,,,no_longer_flagged
1170751,24154.0,10216.0,40200.0,24154.0,10216.0,35838.0,unchanged
1170799,10623.0,10579.0,31308.0,,,,no_longer_flagged
1170807,24105.0,24174.0,40253.0,24105.0,24174.0,35880.0,unchanged
1170841,,,,24558.0,24564.0,25878.0,newly_flagged
1171041,1686.0,20204.0,29044.0,1686.0,20204.0,26258.0,unchanged
1171042,1686.0,20204.0,29044.0,1686.0,20204.0,26258.0,unchanged
1171043,1686.0,20204.0,29044.0,1686.0,20204.0,26258.0,unchanged
1171086,20074.0,20069.0,29399.0,,,,no_longer_flagged
1171141,1065.0,1084.0,29029.0,1065.0,1084.0,26246.0,unchanged
1171143,1065.0,1084.0,29029.0,1065.0,1084.0,26246.0,unchanged
1171145,1065.0,1084.0,29029.0,1065.0,1084.0,26246.0,unchanged
1171159,1074.0,1087.0,29134.0,1074.0,1087.0,26347.0,unchanged
1171201,,,,308155.0,1210.0,26360.0,newly_flagged
1171203,4545.0,4535.0,26147.0,4545.0,4535.0,23863.0,unchanged
1171220,1121.0,1154.0,40298.0,1121.0,1154.0,35917.0,unchanged
1171222,1121.0,1154.0,40298.0,1121.0,1154.0,35917.0,unchanged
1171223,1121.0,1154.0,40298.0,1121.0,1154.0,35917.0,unchanged
1171224,1121.0,1154.0,40298.0,1121.0,1154.0,35917.0,unchanged
1171256,252795.0,252796.0,24042.0,252795.0,252796.0,22208.0,unchanged
1171291,25341.0,25378.0,15624.0,25341.0,13198.0,14463.0,recommendation_changed
1171305,,,,20205.0,1725.0,26610.0,newly_flagged
1171309,1188.0,1161.0,40323.0,1188.0,1161.0,35942.0,unchanged
1171342,12458.0,12391.0,29405.0,12458.0,12391.0,26589.0,unchanged
1171364,1305.0,20046.0,15772.0,1305.0,20046.0,14588.0,unchanged
1171365,1305.0,20046.0,15772.0,1305.0,20046.0,14588.0,unchanged
1171367,1305.0,20046.0,15772.0,1305.0,20046.0,14588.0,unchanged
1171392,20056.0,20061.0,30097.0,20056.0,20061.0,27250.0,unchanged
1171398,11844.0,11843.0,14058.0,11844.0,11843.0,13060.0,unchanged
1171404,25013.0,24997.0,29391.0,25013.0,24997.0,26576.0,unchanged
1171405,25013.0,24997.0,29391.0,25013.0,24997.0,26576.0,unchanged
1171436,,,,20001.0,1094.0,27237.0,newly_flagged
1171455,1168.0,1177.0,26394.0,1168.0,84778.0,24063.0,recommendation_changed
1171473,1094.0,20001.0,31706.0,,,,no_longer_flagged
1171492,1094.0,1074.0,30083.0,,,,no_longer_flagged
1171493,1094.0,1074.0,30083.0,,,,no_longer_flagged
1171495,1094.0,1074.0,30083.0,,,,no_longer_flagged
1171502,24742.0,24760.0,40023.0,24742.0,24760.0,35692.0,unchanged
1171508,1768.0,1800.0,14506.0,,,,no_longer_flagged
1171526,1179.0,1177.0,26394.0,1179.0,1177.0,26494.0,unchanged
1171532,1179.0,1177.0,26394.0,1179.0,1177.0,26494.0,unchanged
1171596,1686.0,20204.0,29044.0,1686.0,20204.0,26258.0,unchanged
1171599,1686.0,20204.0,29044.0,1686.0,20204.0,26258.0,unchanged
1171633,20355.0,20261.0,40373.0,20355.0,20261.0,35993.0,unchanged
1171644,20076.0,20056.0,29410.0,20076.0,20056.0,26594.0,unchanged
1171715,86364.0,5212.0,26649.0,86364.0,5212.0,24252.0,unchanged
1171799,16608.0,16600.0,9579.0,16608.0,16600.0,22989.0,unchanged
1171816,,,,25350.0,13155.0,15787.0,newly_flagged
1171846,15248.0,21174.0,35419.0,15248.0,21174.0,32052.0,unchanged
1171847,19496.0,297924.0,22461.0,19496.0,19503.0,20779.0,recommendation_changed
1171854,257601.0,25175.0,40383.0,,,,no_longer_flagged
1173538,,,,7669.0,7408.0,29185.0,newly_flagged
1173558,27174.0,18561.0,5285.0,27174.0,18561.0,4961.0,unchanged
1173565,17505.0,17462.0,40399.0,17505.0,17462.0,36017.0,unchanged
1173566,,,,26750.0,17497.0,36018.0,newly_flagged
1173572,18132.0,18133.0,40402.0,18132.0,18133.0,36020.0,unchanged
1173586,4235.0,4179.0,26364.0,4235.0,4179.0,24034.0,unchanged
1173931,84123.0,489.0,817.0,84123.0,264637.0,733.0,recommendation_changed
1173934,,,,20063.0,20084.0,28278.0,newly_flagged
1173946,,,,6387.0,6365.0,13516.0,newly_flagged
1174002,16210.0,16237.0,40443.0,16210.0,16237.0,36058.0,unchanged
1174008,14987.0,15013.0,40447.0,14987.0,15013.0,36062.0,unchanged
1174225,,,,19954.0,820.0,35681.0,newly_flagged
1174238,13612.0,43484.0,4064.0,13612.0,43484.0,3748.0,unchanged
1174323,24550.0,11248.0,39969.0,,,,no_longer_flagged
1174356,11248.0,11301.0,34342.0,,,,no_longer_flagged
1174397,11655.0,24724.0,40514.0,11655.0,24724.0,36116.0,unchanged
1174404,,,,19954.0,820.0,35681.0,newly_flagged
1174407,820.0,818.0,28960.0,820.0,818.0,26180.0,unchanged
1174412,19970.0,24724.0,40514.0,19970.0,24724.0,36116.0,unchanged
1174413,19970.0,24724.0,40514.0,19970.0,24724.0,36116.0,unchanged
1174419,19089.0,19088.0,20851.0,19089.0,19088.0,19245.0,unchanged
1174425,27256.0,27249.0,39730.0,27256.0,27249.0,35416.0,unchanged
1174439,27264.0,27265.0,40524.0,27264.0,27265.0,36124.0,unchanged
1174451,19075.0,19089.0,20847.0,19075.0,19089.0,19241.0,unchanged
1174452,27285.0,19116.0,37930.0,27285.0,19116.0,33935.0,unchanged
1174453,27285.0,19116.0,37930.0,27285.0,19116.0,33935.0,unchanged
1174472,19101.0,19063.0,39413.0,,,,no_longer_flagged
1174475,19101.0,19063.0,39413.0,,,,no_longer_flagged
1174476,19116.0,27287.0,39595.0,19116.0,27287.0,35292.0,unchanged
1174497,21733.0,5009.0,39405.0,21733.0,5009.0,35160.0,unchanged
1174499,21733.0,5009.0,39405.0,21733.0,5009.0,35160.0,unchanged
1174510,18941.0,19058.0,39418.0,,,,no_longer_flagged
1174526,5021.0,5017.0,40541.0,5021.0,5017.0,36141.0,unchanged
1174537,27212.0,18796.0,39385.0,,,,no_longer_flagged
1174538,27212.0,18796.0,39385.0,,,,no_longer_flagged
1174539,27203.0,18685.0,39383.0,27203.0,18685.0,35140.0,unchanged
1174563,27264.0,27256.0,20832.0,27264.0,27256.0,19224.0,unchanged
1174697,19331.0,19168.0,21438.0,19331.0,19300.0,19791.0,recommendation_changed
1174723,26956.0,17939.0,40589.0,26956.0,17939.0,36165.0,unchanged
1174724,18498.0,18511.0,40590.0,18498.0,18511.0,36166.0,unchanged
1174731,27272.0,19050.0,20845.0,27272.0,19050.0,19238.0,unchanged
1174821,12232.0,12285.0,14423.0,12232.0,12285.0,3571.0,unchanged
1174822,11888.0,12285.0,14423.0,11888.0,12285.0,3571.0,unchanged
1174823,12030.0,12285.0,14423.0,12030.0,12285.0,3571.0,unchanged
1174852,,,,11711.0,12285.0,3571.0,newly_flagged
1174854,,,,24637.0,11468.0,25951.0,newly_flagged
1174912,375026.0,1515.0,40636.0,375026.0,1515.0,36196.0,unchanged
1174932,243843.0,350097.0,31351.0,243843.0,350097.0,12041.0,unchanged
1174933,243843.0,350097.0,31351.0,243843.0,350097.0,12041.0,unchanged
1174934,243843.0,350097.0,31351.0,243843.0,350097.0,12041.0,unchanged
1174935,243843.0,350097.0,31351.0,243843.0,350097.0,12041.0,unchanged
1174936,243844.0,350097.0,31351.0,243844.0,350097.0,12041.0,unchanged
1174937,243844.0,350097.0,31351.0,243844.0,350097.0,12041.0,unchanged
1174938,269764.0,350097.0,31351.0,269764.0,350097.0,12041.0,unchanged
1174961,269764.0,350097.0,31351.0,269764.0,350097.0,12041.0,unchanged
1174962,269764.0,350097.0,31351.0,269764.0,350097.0,12041.0,unchanged
1174963,243844.0,350097.0,31351.0,243844.0,350097.0,12041.0,unchanged
1174964,269764.0,350097.0,31351.0,269764.0,350097.0,12041.0,unchanged
1174968,344363.0,350097.0,31351.0,344363.0,350097.0,12041.0,unchanged
1174969,344363.0,350097.0,31351.0,344363.0,350097.0,12041.0,unchanged
1174970,344363.0,350097.0,31351.0,344363.0,350097.0,12041.0,unchanged
1174972,57566.0,350097.0,31351.0,57566.0,350097.0,12041.0,unchanged
1174992,,,,3461.0,3385.0,2134.0,newly_flagged
1174993,,,,3461.0,3385.0,2134.0,newly_flagged
1175000,12824.0,12747.0,40662.0,12824.0,12747.0,36219.0,unchanged
1175026,16460.0,16408.0,23891.0,16460.0,16408.0,22066.0,unchanged
1175034,16351.0,16407.0,40674.0,16351.0,16407.0,36231.0,unchanged
1175042,3367.0,15428.0,33942.0,3367.0,15428.0,30876.0,unchanged
1175044,15416.0,15428.0,33942.0,15416.0,15428.0,30876.0,unchanged
1175046,15416.0,15428.0,33942.0,15416.0,15428.0,30876.0,unchanged
1175047,3367.0,15428.0,33942.0,3367.0,15428.0,30876.0,unchanged
1175048,143999.0,143998.0,40678.0,143999.0,143998.0,36234.0,unchanged
1175066,4288.0,4179.0,26364.0,4288.0,4179.0,24034.0,unchanged
1175067,4288.0,4179.0,26364.0,4288.0,4179.0,24034.0,unchanged
1175068,16540.0,26489.0,40687.0,16540.0,26489.0,36243.0,unchanged
1175069,16547.0,26489.0,40687.0,16547.0,26489.0,36243.0,unchanged
1175071,16547.0,26489.0,40687.0,16547.0,26489.0,36243.0,unchanged
1175076,,,,4124.0,256643.0,17064.0,newly_flagged
1175078,16351.0,16407.0,40674.0,16351.0,16407.0,36231.0,unchanged
1175083,16333.0,16407.0,40674.0,16333.0,16407.0,36231.0,unchanged
1175092,12417.0,12188.0,14420.0,12417.0,12188.0,13418.0,unchanged
1175095,12364.0,12188.0,14420.0,12364.0,12188.0,13418.0,unchanged
1175105,25207.0,12747.0,40662.0,25207.0,12747.0,36219.0,unchanged
1175109,283527.0,283526.0,17752.0,,,,no_longer_flagged
1175126,25264.0,12878.0,40709.0,25264.0,12878.0,36260.0,unchanged
1175148,24851.0,24868.0,40714.0,24851.0,24868.0,36264.0,unchanged
1175161,24825.0,24807.0,17327.0,24825.0,24807.0,16090.0,unchanged
1175192,4370.0,4369.0,40730.0,4370.0,4179.0,24034.0,recommendation_changed
1175193,16726.0,16720.0,13043.0,16726.0,16720.0,28764.0,unchanged
1175195,26417.0,16378.0,40732.0,26417.0,16378.0,36279.0,unchanged
1175198,25103.0,12623.0,31412.0,25103.0,25117.0,28457.0,recommendation_changed
1175201,11821.0,24694.0,40736.0,11821.0,24694.0,36283.0,unchanged
1175202,11934.0,24694.0,40736.0,11934.0,24694.0,36283.0,unchanged
1175203,11934.0,24694.0,40736.0,11934.0,24694.0,36283.0,unchanged
1175204,11652.0,24694.0,40736.0,11652.0,24694.0,36283.0,unchanged
1175205,11652.0,24694.0,40736.0,11652.0,24694.0,36283.0,unchanged
1175206,24726.0,24694.0,40736.0,24726.0,24694.0,36283.0,unchanged
1175207,11652.0,24694.0,40736.0,11652.0,24694.0,36283.0,unchanged
1175221,24784.0,24745.0,40738.0,24784.0,24745.0,27504.0,unchanged
1175225,11728.0,24694.0,40736.0,11728.0,24694.0,36283.0,unchanged
1175226,11728.0,24694.0,40736.0,11728.0,24694.0,36283.0,unchanged
1175227,11728.0,24694.0,40736.0,11728.0,24694.0,36283.0,unchanged
1175228,12039.0,24912.0,14418.0,,,,no_longer_flagged
1175230,12039.0,24912.0,14418.0,,,,no_longer_flagged
1175265,24873.0,24897.0,40746.0,24873.0,24897.0,36292.0,unchanged
1175267,24873.0,24897.0,40746.0,24873.0,24897.0,36292.0,unchanged
1175282,25141.0,12623.0,31412.0,25141.0,25117.0,28457.0,recommendation_changed
1175283,12863.0,12623.0,31412.0,12863.0,25117.0,28457.0,recommendation_changed
1175286,25486.0,25499.0,37993.0,25486.0,25499.0,33987.0,unchanged
1175288,12677.0,12623.0,31412.0,12677.0,25117.0,28457.0,recommendation_changed
1175289,12677.0,12623.0,31412.0,12677.0,25117.0,28457.0,recommendation_changed
1175294,12499.0,25056.0,40755.0,,,,no_longer_flagged
1175295,12499.0,25056.0,40755.0,,,,no_longer_flagged
1175296,25073.0,25056.0,40755.0,,,,no_longer_flagged
1175299,25073.0,25056.0,40755.0,,,,no_longer_flagged
1175302,25090.0,12623.0,31412.0,25090.0,25117.0,28457.0,recommendation_changed
1175303,25103.0,12623.0,31412.0,25103.0,25117.0,28457.0,recommendation_changed
1175304,12721.0,12623.0,31412.0,12721.0,25117.0,28457.0,recommendation_changed
1175305,12721.0,12623.0,31412.0,12721.0,25117.0,28457.0,recommendation_changed
1175306,25141.0,12623.0,31412.0,25141.0,25117.0,28457.0,recommendation_changed
1175307,25141.0,12623.0,31412.0,25141.0,25117.0,28457.0,recommendation_changed
1175309,25031.0,25056.0,40755.0,25031.0,25056.0,36299.0,unchanged
1175310,25031.0,25056.0,40755.0,25031.0,25056.0,36299.0,unchanged
1175311,25031.0,25056.0,40755.0,25031.0,25056.0,36299.0,unchanged
1175312,12863.0,12623.0,31412.0,12863.0,25117.0,28457.0,recommendation_changed
1175314,12863.0,12623.0,31412.0,12863.0,25117.0,28457.0,recommendation_changed
1175315,12863.0,12908.0,40759.0,12863.0,12908.0,36306.0,unchanged
1175316,12803.0,12623.0,31412.0,12803.0,25117.0,28457.0,recommendation_changed
1175317,12803.0,12623.0,31412.0,12803.0,25117.0,28457.0,recommendation_changed
1175318,12803.0,12623.0,31412.0,12803.0,25117.0,28457.0,recommendation_changed
1175328,25090.0,12623.0,31412.0,25090.0,25117.0,28457.0,recommendation_changed
1175331,25117.0,12623.0,31412.0,,,,no_longer_flagged
1175332,12658.0,12623.0,31412.0,12658.0,25117.0,28457.0,recommendation_changed
1175333,12658.0,12623.0,31412.0,12658.0,25117.0,28457.0,recommendation_changed
1175336,307838.0,307837.0,3781.0,307838.0,307837.0,3471.0,unchanged
1175338,307838.0,307837.0,3781.0,307838.0,307837.0,3471.0,unchanged
1175339,307838.0,307837.0,3781.0,307838.0,307837.0,3471.0,unchanged
1175341,25073.0,25056.0,40755.0,,,,no_longer_flagged
1175342,25073.0,25056.0,40755.0,,,,no_longer_flagged
1175344,,,,12623.0,25117.0,28457.0,newly_flagged
1175345,12658.0,12623.0,31412.0,12658.0,25117.0,28457.0,recommendation_changed
1175347,,,,12623.0,25117.0,28457.0,newly_flagged
1175356,12514.0,12223.0,40770.0,12514.0,12223.0,36318.0,unchanged
1175357,12814.0,307837.0,3781.0,12814.0,307837.0,3471.0,unchanged
1175368,,,,12623.0,25117.0,28457.0,newly_flagged
1175369,25117.0,12623.0,31412.0,,,,no_longer_flagged
1175371,25117.0,12623.0,31412.0,,,,no_longer_flagged
1175373,25031.0,25056.0,40755.0,25031.0,25056.0,36299.0,unchanged
1175374,,,,12447.0,25056.0,36299.0,newly_flagged
1175375,12447.0,25056.0,40755.0,12447.0,25056.0,36299.0,unchanged
1175398,56617.0,11826.0,23727.0,56617.0,11678.0,21914.0,recommendation_changed
1175428,25486.0,25499.0,37993.0,,,,no_longer_flagged
1175429,,,,12852.0,12759.0,36345.0,newly_flagged
1175430,,,,12852.0,12759.0,36345.0,newly_flagged
1175438,,,,12852.0,12759.0,36345.0,newly_flagged
1175439,,,,12852.0,12759.0,36345.0,newly_flagged
1175448,11725.0,11826.0,23727.0,11725.0,11678.0,21914.0,recommendation_changed
1175449,11678.0,11826.0,23727.0,,,,no_longer_flagged
1175450,11678.0,11826.0,23727.0,,,,no_longer_flagged
1175451,11678.0,11826.0,23727.0,,,,no_longer_flagged
1175452,350098.0,350097.0,31351.0,350098.0,350097.0,12041.0,unchanged
1175455,350098.0,350097.0,31351.0,350098.0,350097.0,12041.0,unchanged
1175465,24693.0,24720.0,23614.0,24693.0,24720.0,21807.0,unchanged
1175466,24693.0,24720.0,23614.0,24693.0,24720.0,21807.0,unchanged
1175467,24693.0,24720.0,23614.0,24693.0,24720.0,21807.0,unchanged
1175497,375026.0,1515.0,40636.0,375026.0,1515.0,36196.0,unchanged
1175511,13459.0,25417.0,40810.0,13459.0,25417.0,36359.0,unchanged
1175528,13478.0,13441.0,40822.0,13478.0,13441.0,36373.0,unchanged
1175529,13478.0,13441.0,40822.0,13478.0,13441.0,36373.0,unchanged
1175584,,,,12364.0,12251.0,36385.0,newly_flagged
1175592,12417.0,12188.0,14420.0,12417.0,12188.0,13418.0,unchanged
1175594,12364.0,12188.0,14420.0,12364.0,12188.0,13418.0,unchanged
1175608,12251.0,12188.0,14420.0,12251.0,12188.0,13418.0,unchanged
1175609,12251.0,12188.0,14420.0,12251.0,12188.0,13418.0,unchanged
1175610,12251.0,12188.0,14420.0,12251.0,12188.0,13418.0,unchanged
1175611,12251.0,12188.0,40838.0,12251.0,12188.0,36387.0,unchanged
1175622,,,,174719.0,123189.0,36395.0,newly_flagged
1175626,20756.0,20735.0,17193.0,20756.0,20735.0,15960.0,unchanged
1175633,13208.0,25347.0,17570.0,,,,no_longer_flagged
1175634,13208.0,25347.0,17570.0,,,,no_longer_flagged
1175636,13208.0,25347.0,17570.0,,,,no_longer_flagged
1175638,13208.0,25347.0,17570.0,,,,no_longer_flagged
1175640,13208.0,25347.0,17570.0,,,,no_longer_flagged
1175641,13208.0,25347.0,17570.0,,,,no_longer_flagged
1175642,13208.0,25347.0,17570.0,,,,no_longer_flagged
1175643,13208.0,25347.0,17570.0,,,,no_longer_flagged
1175682,13542.0,25425.0,40866.0,13542.0,25425.0,12926.0,unchanged
1175704,370354.0,282566.0,17715.0,,,,no_longer_flagged
1175709,24871.0,24912.0,14418.0,24871.0,12039.0,13416.0,recommendation_changed
1175712,12421.0,12223.0,40770.0,12421.0,12223.0,36318.0,unchanged
1175713,12399.0,12223.0,40770.0,12399.0,12223.0,36318.0,unchanged
1175724,12514.0,12223.0,40770.0,12514.0,12223.0,36318.0,unchanged
1175725,,,,12514.0,12223.0,36318.0,newly_flagged
1175726,12441.0,12223.0,40770.0,12441.0,12223.0,36318.0,unchanged
1175727,12514.0,12223.0,40770.0,12514.0,12223.0,36318.0,unchanged
1175736,,,,24637.0,11468.0,25951.0,newly_flagged
1175748,12270.0,12223.0,40770.0,12270.0,12223.0,36318.0,unchanged
1175756,12399.0,12223.0,40770.0,12399.0,12223.0,36318.0,unchanged
1175757,12399.0,12357.0,40884.0,12399.0,12357.0,36426.0,unchanged
1175758,12270.0,12223.0,40770.0,12270.0,12223.0,36318.0,unchanged
1175836,350095.0,350094.0,40910.0,350095.0,350094.0,36451.0,unchanged
1175839,350095.0,350094.0,40910.0,350095.0,350094.0,36451.0,unchanged
1175898,25486.0,13542.0,40939.0,25486.0,13542.0,36473.0,unchanged
1175916,13759.0,25528.0,40944.0,,,,no_longer_flagged
1175917,,,,25528.0,13759.0,36478.0,newly_flagged
1175918,,,,25528.0,13759.0,36478.0,newly_flagged
1175925,,,,25499.0,13699.0,36463.0,newly_flagged
1175937,350098.0,350097.0,31351.0,350098.0,350097.0,12041.0,unchanged
1175947,20981.0,20975.0,40627.0,20981.0,20975.0,36188.0,unchanged
1175978,,,,20283.0,1842.0,27330.0,newly_flagged
1175982,20667.0,243842.0,40963.0,20667.0,243842.0,36492.0,unchanged
1176012,25207.0,12747.0,40662.0,25207.0,12747.0,36219.0,unchanged
1176014,25207.0,12747.0,40662.0,25207.0,12747.0,36219.0,unchanged
1176015,25207.0,12747.0,40662.0,25207.0,12747.0,36219.0,unchanged
1176052,26001.0,20949.0,40977.0,26001.0,20949.0,36504.0,unchanged
1176054,25994.0,20949.0,40977.0,25994.0,20949.0,36504.0,unchanged
1176055,25996.0,20949.0,40977.0,25996.0,20949.0,36504.0,unchanged
1176062,,,,24637.0,11468.0,25951.0,newly_flagged
1176068,,,,449179.0,20994.0,30961.0,newly_flagged
1176069,24952.0,24933.0,40875.0,24952.0,24933.0,36418.0,unchanged
1176081,26001.0,20949.0,40977.0,26001.0,20949.0,36504.0,unchanged
1176082,25998.0,20949.0,40977.0,25998.0,20949.0,36504.0,unchanged
1176109,12232.0,12285.0,14423.0,12232.0,12285.0,3571.0,unchanged
1176110,12147.0,12285.0,14423.0,12147.0,12285.0,3571.0,unchanged
1176111,12232.0,12285.0,14423.0,12232.0,12285.0,3571.0,unchanged
1176133,25994.0,20949.0,40977.0,25994.0,20949.0,36504.0,unchanged
1176152,365411.0,365403.0,612.0,365411.0,365412.0,555.0,recommendation_changed
1176154,,,,365413.0,375595.0,27657.0,newly_flagged
1176157,,,,2880.0,2841.0,36527.0,newly_flagged
1176165,2880.0,2841.0,41011.0,2880.0,2841.0,36527.0,unchanged
1176166,2880.0,2841.0,41011.0,2880.0,2841.0,36527.0,unchanged
1176210,1329.0,1385.0,41021.0,1329.0,1385.0,36536.0,unchanged
1176275,3870.0,3837.0,31022.0,,,,no_longer_flagged
1176294,,,,365414.0,375595.0,27657.0,newly_flagged
1176300,,,,364940.0,330875.0,16446.0,newly_flagged
1176320,,,,365414.0,375595.0,27657.0,newly_flagged
1176321,,,,365413.0,375595.0,27657.0,newly_flagged
1176323,350093.0,350094.0,40910.0,350093.0,350094.0,36451.0,unchanged
1176345,,,,365413.0,375595.0,27657.0,newly_flagged
1176409,20756.0,20735.0,17193.0,20756.0,20735.0,15960.0,unchanged
1176414,20756.0,20735.0,17193.0,20756.0,20735.0,15960.0,unchanged
1176433,13769.0,13752.0,30439.0,13769.0,13752.0,27556.0,unchanged
1176434,13747.0,13752.0,30439.0,13747.0,13752.0,27556.0,unchanged
1176435,13797.0,13752.0,30439.0,13797.0,13752.0,27556.0,unchanged
1176444,197118.0,20678.0,41123.0,197118.0,20678.0,36628.0,unchanged
1176449,,,,13961.0,14003.0,27412.0,newly_flagged
1176477,72607.0,14619.0,38342.0,72607.0,14619.0,34242.0,unchanged
1176516,72607.0,14619.0,38342.0,72607.0,14619.0,34242.0,unchanged
1176519,72607.0,14619.0,38342.0,72607.0,14619.0,34242.0,unchanged
1176529,,,,24637.0,11468.0,25951.0,newly_flagged
1176535,11468.0,11490.0,23390.0,11468.0,11490.0,21589.0,unchanged
1176536,375024.0,375020.0,17807.0,375024.0,375020.0,16568.0,unchanged
1176538,24692.0,24720.0,23614.0,24692.0,24720.0,21807.0,unchanged
1176539,375024.0,375020.0,17807.0,375024.0,375020.0,16568.0,unchanged
1176572,,,,11711.0,12285.0,3571.0,newly_flagged
1176573,375024.0,375020.0,17807.0,375024.0,375020.0,16568.0,unchanged
1176574,375022.0,375020.0,17807.0,375022.0,375020.0,16568.0,unchanged
1176575,,,,11660.0,24745.0,27504.0,newly_flagged
1176588,13565.0,13531.0,17665.0,,,,no_longer_flagged
1176589,13565.0,13531.0,17665.0,,,,no_longer_flagged
1176590,13565.0,13531.0,17665.0,,,,no_longer_flagged
1176591,13565.0,13531.0,17665.0,,,,no_longer_flagged
1176606,3114.0,3090.0,26375.0,3114.0,3090.0,24045.0,unchanged
1176704,72607.0,14619.0,38342.0,72607.0,14619.0,34242.0,unchanged
1176705,72607.0,14619.0,38342.0,72607.0,14619.0,34242.0,unchanged
1176707,72607.0,14619.0,38342.0,72607.0,14619.0,34242.0,unchanged
1176712,72607.0,14619.0,41132.0,72607.0,14619.0,34242.0,unchanged
1176713,72607.0,14619.0,38342.0,72607.0,14619.0,34242.0,unchanged
1176714,72607.0,14619.0,38342.0,72607.0,14619.0,34242.0,unchanged
1176715,72607.0,14619.0,38342.0,72607.0,14619.0,34242.0,unchanged
1176730,25819.0,25808.0,30387.0,,,,no_longer_flagged
1176795,25749.0,25770.0,30178.0,25749.0,20735.0,27328.0,recommendation_changed
1176845,20763.0,20774.0,30548.0,20763.0,20774.0,27638.0,unchanged
1176910,25819.0,25808.0,30387.0,,,,no_longer_flagged
1176911,25819.0,25808.0,30387.0,,,,no_longer_flagged
1176953,2576.0,2574.0,41267.0,2576.0,2574.0,36733.0,unchanged
1176963,1842.0,20283.0,30180.0,,,,no_longer_flagged
1176964,1842.0,20283.0,30180.0,,,,no_longer_flagged
1176965,1842.0,20283.0,30180.0,,,,no_longer_flagged
1176975,226235.0,72603.0,41276.0,226235.0,72603.0,36740.0,unchanged
1177037,,,,20819.0,218876.0,12156.0,newly_flagged
1177088,25696.0,25723.0,30394.0,25696.0,25723.0,27520.0,unchanged
1177090,25696.0,25723.0,30394.0,25696.0,25723.0,27520.0,unchanged
1177104,2193.0,2138.0,41321.0,,,,no_longer_flagged
1177232,,,,13999.0,14020.0,36824.0,newly_flagged
1177233,13999.0,13967.0,41373.0,13999.0,13967.0,36825.0,unchanged
1177287,13847.0,1990.0,41387.0,13847.0,1990.0,18995.0,unchanged
1177376,50209.0,16714.0,5277.0,50209.0,4306.0,4953.0,recommendation_changed
1177377,,,,50207.0,4306.0,4953.0,newly_flagged
1177378,50203.0,16714.0,5277.0,50203.0,4306.0,4953.0,recommendation_changed
1177383,16766.0,16720.0,13043.0,16766.0,16720.0,28764.0,unchanged
1177434,21149.0,21133.0,41421.0,21149.0,21133.0,36865.0,unchanged
1177549,4302.0,4204.0,30479.0,4302.0,4204.0,27589.0,unchanged
1177593,4281.0,4364.0,17931.0,4281.0,4364.0,16689.0,unchanged
1177595,4281.0,4364.0,17931.0,4281.0,4364.0,16689.0,unchanged
1177597,390235.0,4204.0,30479.0,390235.0,4204.0,27589.0,unchanged
1177608,,,,16714.0,4306.0,4953.0,newly_flagged
1177609,,,,16714.0,4306.0,4953.0,newly_flagged
1177610,,,,16714.0,4306.0,4953.0,newly_flagged
1177611,,,,16714.0,4306.0,4953.0,newly_flagged
1177614,26580.0,16896.0,41409.0,26580.0,16896.0,36853.0,unchanged
1177615,16803.0,16720.0,13043.0,16803.0,16720.0,28764.0,unchanged
1177631,4436.0,4204.0,30479.0,4436.0,4204.0,27589.0,unchanged
1177644,16656.0,4364.0,17931.0,16656.0,4364.0,16689.0,unchanged
1177661,2210.0,365414.0,38440.0,2210.0,375595.0,27657.0,recommendation_changed
1177676,50204.0,16714.0,5277.0,50204.0,4306.0,4953.0,recommendation_changed
1177677,50205.0,16714.0,5277.0,50205.0,4306.0,4953.0,recommendation_changed
1177678,50204.0,16714.0,5277.0,50204.0,4306.0,4953.0,recommendation_changed
1177679,68451.0,50207.0,41406.0,68451.0,4306.0,4953.0,recommendation_changed
1177713,,,,1989.0,1952.0,36936.0,newly_flagged
1177723,,,,3173.0,3140.0,36184.0,newly_flagged
1177741,,,,1989.0,2048.0,36938.0,newly_flagged
1177743,,,,1989.0,2048.0,36938.0,newly_flagged
1177774,,,,3173.0,3140.0,36184.0,newly_flagged
1177775,,,,3173.0,3140.0,36184.0,newly_flagged
1177820,,,,3475.0,3462.0,36952.0,newly_flagged
1177913,2096.0,2128.0,8932.0,2096.0,2128.0,8308.0,unchanged
1177950,,,,21139.0,21127.0,36587.0,newly_flagged
1177958,15673.0,489.0,817.0,15673.0,264637.0,733.0,recommendation_changed
1177998,,,,3837.0,26326.0,21773.0,newly_flagged
1177999,,,,3837.0,26326.0,21773.0,newly_flagged
1178019,15438.0,15428.0,33942.0,15438.0,15428.0,30876.0,unchanged
1178032,25556.0,13852.0,30282.0,25556.0,13852.0,27422.0,unchanged
1178033,25556.0,13852.0,30282.0,25556.0,13852.0,27422.0,unchanged
1178053,25556.0,13852.0,30282.0,25556.0,13852.0,27422.0,unchanged
1178062,16146.0,16156.0,30481.0,16146.0,16263.0,27591.0,recommendation_changed
1178063,,,,16156.0,16263.0,27591.0,newly_flagged
1178075,,,,25559.0,13850.0,36970.0,newly_flagged
1178080,20345.0,1855.0,4195.0,20345.0,1855.0,3879.0,unchanged
1178112,74534.0,2091.0,32728.0,74534.0,2091.0,29723.0,unchanged
1178113,74534.0,2091.0,32728.0,74534.0,2091.0,29723.0,unchanged
1178133,,,,16156.0,16263.0,27591.0,newly_flagged
1178134,16214.0,16156.0,30481.0,16214.0,16263.0,27591.0,recommendation_changed
1178135,48604.0,16263.0,30482.0,,,,no_longer_flagged
1178151,,,,13961.0,14003.0,27412.0,newly_flagged
1178155,20343.0,20366.0,41608.0,20343.0,20366.0,37004.0,unchanged
1178157,2544.0,25806.0,29068.0,2544.0,25806.0,26281.0,unchanged
1178159,2544.0,25806.0,29068.0,2544.0,25806.0,26281.0,unchanged
1178268,25628.0,14118.0,41663.0,25628.0,14118.0,37049.0,unchanged
1178269,25628.0,14118.0,41663.0,25628.0,14118.0,37049.0,unchanged
1178270,25628.0,14118.0,41663.0,25628.0,14118.0,37049.0,unchanged
1178271,25628.0,14118.0,41663.0,25628.0,14118.0,37049.0,unchanged
1178288,14103.0,14087.0,17509.0,14103.0,14087.0,16270.0,unchanged
1178289,14103.0,14087.0,17509.0,14103.0,14087.0,16270.0,unchanged
1178290,14103.0,14087.0,17509.0,14103.0,14087.0,16270.0,unchanged
1178291,14103.0,14087.0,17509.0,14103.0,14087.0,16270.0,unchanged
1178332,25630.0,2309.0,33707.0,25630.0,2309.0,30662.0,unchanged
1178333,25630.0,2309.0,33707.0,25630.0,2309.0,30662.0,unchanged
1178350,214716.0,214715.0,24003.0,214716.0,214715.0,22172.0,unchanged
1178411,16156.0,16214.0,41695.0,16156.0,16214.0,37070.0,unchanged
1178457,1726.0,13662.0,41522.0,1726.0,13662.0,36943.0,unchanged
1178528,370177.0,370171.0,30373.0,370177.0,370171.0,27498.0,unchanged
1178560,25634.0,2309.0,33707.0,25634.0,2309.0,30662.0,unchanged
1178561,25634.0,2309.0,33707.0,25634.0,2309.0,30662.0,unchanged
1178562,25634.0,2309.0,33707.0,25634.0,2309.0,30662.0,unchanged
1178563,25634.0,2309.0,33707.0,25634.0,2309.0,30662.0,unchanged
1178570,20431.0,271680.0,41728.0,20431.0,271680.0,37091.0,unchanged
1178632,3140.0,3173.0,41512.0,,,,no_longer_flagged
1178648,2025.0,1993.0,41736.0,,,,no_longer_flagged
1178651,21210.0,21186.0,41737.0,21210.0,21186.0,37099.0,unchanged
1178695,,,,13961.0,14003.0,27412.0,newly_flagged
1178735,123189.0,123188.0,40847.0,123189.0,123188.0,36394.0,unchanged
1178773,,,,20819.0,218876.0,12156.0,newly_flagged
1178803,,,,1665.0,1624.0,37117.0,newly_flagged
1178809,116471.0,2839.0,41770.0,116471.0,2839.0,37118.0,unchanged
1178813,20345.0,1855.0,4195.0,20345.0,1855.0,3879.0,unchanged
1178829,,,,25559.0,13850.0,36970.0,newly_flagged
1178844,13957.0,13935.0,34104.0,13957.0,13935.0,31023.0,unchanged
1178847,13957.0,13935.0,34104.0,13957.0,13935.0,31023.0,unchanged
1178859,14003.0,13961.0,30271.0,,,,no_longer_flagged
1178909,13957.0,13935.0,34104.0,13957.0,13935.0,31023.0,unchanged
1178926,1719.0,1678.0,41632.0,1719.0,1678.0,37022.0,unchanged
1178928,,,,2138.0,2036.0,36237.0,newly_flagged
1178930,,,,2138.0,2036.0,36237.0,newly_flagged
1178998,13847.0,13875.0,41801.0,13847.0,13875.0,37139.0,unchanged
1179003,13847.0,1990.0,41387.0,13847.0,1990.0,18995.0,unchanged
1179037,2091.0,2044.0,32726.0,2091.0,2044.0,29721.0,unchanged
1179040,,,,2138.0,2193.0,36458.0,newly_flagged
1179041,2193.0,2138.0,41795.0,2193.0,2036.0,36237.0,recommendation_changed
1179076,25488.0,25476.0,17780.0,25488.0,25476.0,16538.0,unchanged
1179077,25488.0,25476.0,17780.0,25488.0,25476.0,16538.0,unchanged
1179078,13531.0,25461.0,17781.0,13531.0,25461.0,16539.0,unchanged
1179079,25488.0,25476.0,17780.0,25488.0,25476.0,16538.0,unchanged
1179080,25468.0,13592.0,17534.0,25468.0,13592.0,16295.0,unchanged
1179113,,,,2138.0,2036.0,36237.0,newly_flagged
1179115,,,,2138.0,2036.0,36237.0,newly_flagged
1179149,20262.0,1769.0,32751.0,20262.0,1769.0,29746.0,unchanged
1179157,1678.0,1617.0,41839.0,1678.0,1617.0,37166.0,unchanged
1179267,1457.0,1427.0,41854.0,1457.0,1427.0,37180.0,unchanged
1179290,1457.0,1427.0,41854.0,1457.0,1427.0,37180.0,unchanged
1179291,1457.0,1427.0,41854.0,1457.0,1427.0,37180.0,unchanged
1179303,1352.0,1384.0,40648.0,1352.0,1384.0,36207.0,unchanged
1179315,1497.0,1464.0,41860.0,1497.0,1464.0,37184.0,unchanged
1179317,,,,242556.0,21127.0,36587.0,newly_flagged
1179320,25444.0,13531.0,17665.0,,,,no_longer_flagged
1179321,25444.0,13531.0,17665.0,,,,no_longer_flagged
1179322,25444.0,13531.0,17665.0,,,,no_longer_flagged
1179323,25444.0,13531.0,17665.0,,,,no_longer_flagged
1179378,16263.0,16214.0,41695.0,16263.0,16214.0,37070.0,unchanged
1179384,25488.0,25476.0,17780.0,25488.0,25476.0,16538.0,unchanged
1179416,13657.0,13644.0,17574.0,,,,no_longer_flagged
1179417,13657.0,13644.0,17574.0,,,,no_longer_flagged
1179418,13657.0,13644.0,17574.0,,,,no_longer_flagged
1179419,13657.0,13644.0,17574.0,,,,no_longer_flagged
1179460,1574.0,1494.0,41880.0,1574.0,1494.0,37198.0,unchanged
1179461,1574.0,1494.0,41880.0,1574.0,1494.0,37198.0,unchanged
1179462,1574.0,1494.0,41880.0,1574.0,1494.0,37198.0,unchanged
1179520,13665.0,13644.0,17574.0,13665.0,13657.0,16334.0,recommendation_changed
1179521,13665.0,13644.0,17574.0,13665.0,13657.0,16334.0,recommendation_changed
1179522,13665.0,13644.0,17574.0,13665.0,13657.0,16334.0,recommendation_changed
1179523,13665.0,13644.0,17574.0,13665.0,13657.0,16334.0,recommendation_changed
1179625,11927.0,24784.0,41908.0,11927.0,24784.0,37218.0,unchanged
1179626,24745.0,24784.0,41908.0,24745.0,24784.0,37218.0,unchanged
1179699,24726.0,24694.0,40736.0,24726.0,24694.0,36283.0,unchanged
1179736,280007.0,280006.0,23788.0,280007.0,280006.0,21971.0,unchanged
1179738,280007.0,280006.0,23788.0,280007.0,280006.0,21971.0,unchanged
1179739,280007.0,280006.0,23788.0,280007.0,280006.0,21971.0,unchanged
1179753,434687.0,434688.0,340.0,,,,no_longer_flagged
1179760,280008.0,280006.0,23788.0,280008.0,280006.0,21971.0,unchanged
1179761,280008.0,280006.0,23788.0,280008.0,280006.0,21971.0,unchanged
1179762,280008.0,280006.0,23788.0,280008.0,280006.0,21971.0,unchanged
1179793,350098.0,350097.0,31351.0,350098.0,350097.0,12041.0,unchanged
1179794,350097.0,345003.0,23780.0,350097.0,345003.0,21962.0,unchanged
1179795,345003.0,350091.0,34168.0,345003.0,350091.0,31081.0,unchanged
1179816,,,,343676.0,12759.0,36345.0,newly_flagged
1179817,,,,343676.0,12759.0,36345.0,newly_flagged
1179819,,,,343676.0,12759.0,36345.0,newly_flagged
1179824,15438.0,15428.0,33942.0,15438.0,15428.0,30876.0,unchanged
1179832,15445.0,15428.0,33942.0,15445.0,15428.0,30876.0,unchanged
1179834,15445.0,15412.0,40677.0,15445.0,15412.0,36233.0,unchanged
1179835,15445.0,15428.0,33942.0,15445.0,15428.0,30876.0,unchanged
1179860,3462.0,3461.0,13744.0,3462.0,3385.0,2134.0,recommendation_changed
1179863,15438.0,15428.0,33942.0,15438.0,15428.0,30876.0,unchanged
1179875,15438.0,15428.0,33942.0,15438.0,15428.0,30876.0,unchanged
1179880,15445.0,15428.0,33942.0,15445.0,15428.0,30876.0,unchanged
1179888,,477901.0,23992.0,,477901.0,22160.0,unchanged
1179904,20977.0,2805.0,41976.0,20977.0,2805.0,37279.0,unchanged
1179919,25101.0,12657.0,41979.0,25101.0,12657.0,37282.0,unchanged
1179923,26326.0,16064.0,23580.0,,,,no_longer_flagged
1179936,25101.0,12657.0,41979.0,25101.0,12657.0,37282.0,unchanged
1179938,25107.0,25175.0,40383.0,,,,no_longer_flagged
1179959,20951.0,20947.0,33854.0,20951.0,20947.0,30801.0,unchanged
1179960,25107.0,25175.0,40383.0,,,,no_longer_flagged
1179961,25107.0,25175.0,40383.0,,,,no_longer_flagged
1179962,25107.0,25175.0,40383.0,,,,no_longer_flagged
1179963,25107.0,25175.0,40383.0,,,,no_longer_flagged
1179975,345003.0,350091.0,34168.0,345003.0,350091.0,31081.0,unchanged
1179981,,,,20938.0,20929.0,37295.0,newly_flagged
1179983,20947.0,20938.0,41994.0,20947.0,20929.0,37295.0,recommendation_changed
1179986,280009.0,280006.0,23788.0,280009.0,280006.0,21971.0,unchanged
1179991,280009.0,280006.0,23788.0,280009.0,280006.0,21971.0,unchanged
1180043,,,,3450.0,3469.0,34357.0,newly_flagged
1180082,15416.0,15428.0,33942.0,15416.0,15428.0,30876.0,unchanged
1180084,12590.0,12464.0,23545.0,12590.0,12464.0,21739.0,unchanged
1180086,12628.0,12464.0,23545.0,12628.0,12464.0,21739.0,unchanged
1180109,12508.0,12464.0,23545.0,12508.0,12464.0,21739.0,unchanged
1180111,12508.0,12464.0,23545.0,12508.0,12464.0,21739.0,unchanged
1180122,12303.0,12369.0,42019.0,12303.0,12369.0,37315.0,unchanged
1180188,15625.0,15627.0,31312.0,15625.0,15627.0,28362.0,unchanged
1180205,3421.0,3385.0,2334.0,3421.0,3385.0,2134.0,unchanged
1180213,16568.0,26489.0,40687.0,,,,no_longer_flagged
1180214,16531.0,26489.0,40687.0,,,,no_longer_flagged
1180228,257601.0,25175.0,40383.0,,,,no_longer_flagged
1180229,257601.0,25175.0,40383.0,,,,no_longer_flagged
1180230,257601.0,25175.0,40383.0,,,,no_longer_flagged
1180231,257599.0,25175.0,40383.0,,,,no_longer_flagged
1180232,257599.0,25175.0,40383.0,,,,no_longer_flagged
1180234,257598.0,25175.0,40383.0,257598.0,257599.0,37331.0,recommendation_changed
1180235,257599.0,25175.0,40383.0,,,,no_longer_flagged
1180236,331516.0,283526.0,17752.0,331516.0,283526.0,16512.0,unchanged
1180237,283527.0,283526.0,17752.0,,,,no_longer_flagged
1180238,331516.0,283526.0,17752.0,331516.0,283526.0,16512.0,unchanged
1180240,16531.0,26489.0,40687.0,,,,no_longer_flagged
1180241,16531.0,26489.0,40687.0,,,,no_longer_flagged
1180243,16531.0,26489.0,40687.0,,,,no_longer_flagged
1180244,16568.0,16520.0,42033.0,16568.0,16520.0,37327.0,unchanged
1180245,26477.0,16520.0,42033.0,26477.0,16520.0,37327.0,unchanged
1180246,26477.0,16520.0,42033.0,26477.0,16520.0,37327.0,unchanged
1180256,16373.0,16390.0,42038.0,16373.0,16390.0,37334.0,unchanged
1180257,16373.0,16390.0,42038.0,16373.0,16390.0,37334.0,unchanged
1180261,16434.0,16390.0,42035.0,16434.0,16390.0,37330.0,unchanged
1180262,16434.0,16390.0,42035.0,16434.0,16390.0,37330.0,unchanged
1180263,16434.0,16390.0,42035.0,16434.0,16390.0,37330.0,unchanged
1180264,257600.0,25175.0,40383.0,257600.0,257599.0,37331.0,recommendation_changed
1180265,257599.0,25175.0,40383.0,,,,no_longer_flagged
1180266,257598.0,25175.0,40383.0,257598.0,257599.0,37331.0,recommendation_changed
1180267,257600.0,25175.0,40383.0,257600.0,257599.0,37331.0,recommendation_changed
1180268,257599.0,25175.0,40383.0,,,,no_longer_flagged
1180269,257599.0,25175.0,40383.0,,,,no_longer_flagged
1180270,257598.0,25175.0,40383.0,257598.0,257599.0,37331.0,recommendation_changed
1180271,257598.0,25175.0,40383.0,257598.0,257599.0,37331.0,recommendation_changed
1180284,,,,4502.0,80609.0,34795.0,newly_flagged
1180288,12421.0,12223.0,40770.0,12421.0,12223.0,36318.0,unchanged
1180289,12399.0,12223.0,40770.0,12399.0,12223.0,36318.0,unchanged
1180293,283527.0,283526.0,17752.0,,,,no_longer_flagged
1180294,283527.0,283526.0,17752.0,,,,no_longer_flagged
1180295,331516.0,283526.0,17752.0,331516.0,283526.0,16512.0,unchanged
1180318,,,,115820.0,4268.0,27587.0,newly_flagged
1180328,12441.0,12223.0,40770.0,12441.0,12223.0,36318.0,unchanged
1180329,12441.0,12398.0,41005.0,12441.0,12398.0,36524.0,unchanged
1180330,12441.0,12223.0,40770.0,12441.0,12223.0,36318.0,unchanged
1180366,15626.0,15628.0,42064.0,,,,no_longer_flagged
1180368,26140.0,15649.0,42065.0,26140.0,15649.0,37358.0,unchanged
1180382,,,,13961.0,14003.0,27412.0,newly_flagged
1180394,16647.0,4179.0,26364.0,16647.0,4179.0,24034.0,unchanged
1180399,16656.0,4364.0,17931.0,16656.0,4364.0,16689.0,unchanged
1180411,16656.0,4364.0,17931.0,16656.0,4364.0,16689.0,unchanged
1180417,26330.0,26303.0,42081.0,26330.0,26303.0,37374.0,unchanged
1180418,26330.0,26303.0,42081.0,26330.0,26303.0,37374.0,unchanged
1180420,,,,16179.0,26320.0,37373.0,newly_flagged
1180463,,,,21181.0,21127.0,36587.0,newly_flagged
1180485,15630.0,15635.0,42091.0,15630.0,15635.0,37381.0,unchanged
1180507,4064.0,4052.0,32721.0,4064.0,4052.0,29716.0,unchanged
1180512,4366.0,4362.0,42097.0,4366.0,4306.0,4953.0,recommendation_changed
1180517,4366.0,4362.0,42097.0,4366.0,4306.0,4953.0,recommendation_changed
1180518,4366.0,4362.0,42097.0,4366.0,4306.0,4953.0,recommendation_changed
1180545,15349.0,3315.0,40622.0,,,,no_longer_flagged
1180557,2576.0,2574.0,41267.0,2576.0,2574.0,36733.0,unchanged
1180568,16766.0,16720.0,13043.0,16766.0,16720.0,28764.0,unchanged
1180572,16726.0,16720.0,13043.0,16726.0,16720.0,28764.0,unchanged
1180610,16552.0,26447.0,17692.0,16552.0,16464.0,16452.0,recommendation_changed
1180616,390722.0,48612.0,17672.0,390722.0,48612.0,16431.0,unchanged
1180617,390722.0,48614.0,30513.0,390722.0,48614.0,37404.0,unchanged
1180618,16552.0,26447.0,17692.0,16552.0,16464.0,16452.0,recommendation_changed
1180640,,,,16064.0,26326.0,21773.0,newly_flagged
1180641,26317.0,16064.0,23580.0,26317.0,26326.0,21773.0,recommendation_changed
1180642,,,,16064.0,26326.0,21773.0,newly_flagged
1180643,48605.0,48611.0,30511.0,48605.0,48611.0,27610.0,unchanged
1180645,16547.0,26489.0,40687.0,16547.0,26489.0,36243.0,unchanged
1180646,16547.0,26489.0,40687.0,16547.0,26489.0,36243.0,unchanged
1180648,4373.0,4268.0,30477.0,4373.0,4268.0,27587.0,unchanged
1180649,4326.0,4268.0,30477.0,4326.0,4268.0,27587.0,unchanged
1180650,12824.0,12915.0,40663.0,12824.0,12915.0,36220.0,unchanged
1180654,16636.0,4204.0,30479.0,16636.0,4204.0,27589.0,unchanged
1180664,57566.0,350097.0,31351.0,57566.0,350097.0,12041.0,unchanged
1180668,331516.0,283526.0,17752.0,331516.0,283526.0,16512.0,unchanged
1180670,12824.0,12915.0,40663.0,12824.0,12915.0,36220.0,unchanged
1180671,12824.0,12915.0,40663.0,12824.0,12915.0,36220.0,unchanged
1180685,4248.0,4204.0,30479.0,4248.0,4204.0,27589.0,unchanged
1180686,344373.0,32929.0,3879.0,344373.0,16818.0,37413.0,recommendation_changed
1180687,4279.0,4204.0,30479.0,4279.0,4204.0,27589.0,unchanged
1180700,121579.0,121580.0,42139.0,121579.0,121580.0,37418.0,unchanged
1180733,16818.0,32929.0,3879.0,,,,no_longer_flagged
1180734,4279.0,4204.0,30479.0,4279.0,4204.0,27589.0,unchanged
1180744,4368.0,4204.0,30479.0,4368.0,4204.0,27589.0,unchanged
1180761,4515.0,4502.0,42042.0,4515.0,80609.0,34795.0,recommendation_changed
1180765,16186.0,16137.0,42067.0,16186.0,16137.0,37360.0,unchanged
1180766,16186.0,16137.0,42067.0,16186.0,16137.0,37360.0,unchanged
1180784,24871.0,24912.0,14418.0,24871.0,12039.0,13416.0,recommendation_changed
1180789,16989.0,26602.0,42166.0,16989.0,26602.0,37445.0,unchanged
1180790,26604.0,26602.0,42166.0,26604.0,26602.0,37445.0,unchanged
1180800,16596.0,26489.0,40687.0,16596.0,26489.0,36243.0,unchanged
1180803,16596.0,26489.0,40687.0,16596.0,26489.0,36243.0,unchanged
1180811,16524.0,16462.0,42173.0,16524.0,16462.0,37452.0,unchanged
1180819,17022.0,16994.0,42159.0,17022.0,16994.0,37439.0,unchanged
1180831,15649.0,26140.0,42066.0,15649.0,26140.0,37359.0,unchanged
1180844,16210.0,16237.0,40443.0,16210.0,26365.0,34794.0,recommendation_changed
1180845,16210.0,16237.0,40443.0,16210.0,26365.0,34794.0,recommendation_changed
1180847,16210.0,16237.0,40443.0,16210.0,26365.0,34794.0,recommendation_changed
1180850,280007.0,280006.0,23788.0,280007.0,280006.0,21971.0,unchanged
1180852,26330.0,26303.0,42081.0,26330.0,26303.0,37374.0,unchanged
1180855,26330.0,26303.0,42081.0,26330.0,26303.0,37374.0,unchanged
1180866,16443.0,16464.0,42184.0,16443.0,16464.0,16452.0,unchanged
1180867,16443.0,16464.0,42184.0,16443.0,16464.0,16452.0,unchanged
1180869,26442.0,26447.0,17692.0,26442.0,16464.0,16452.0,recommendation_changed
1180872,4387.0,4204.0,30479.0,4387.0,4204.0,27589.0,unchanged
1180873,4330.0,4204.0,30479.0,4330.0,4204.0,27589.0,unchanged
1180875,4248.0,4204.0,30479.0,4248.0,4204.0,27589.0,unchanged
1180876,4226.0,4204.0,30479.0,4226.0,4204.0,27589.0,unchanged
1180877,4250.0,4204.0,30479.0,4250.0,4204.0,27589.0,unchanged
1180878,4230.0,4204.0,30479.0,4230.0,4204.0,27589.0,unchanged
1180879,4250.0,4204.0,30479.0,4250.0,4204.0,27589.0,unchanged
1180886,46057.0,46055.0,32740.0,46057.0,46055.0,29736.0,unchanged
1180891,26413.0,16379.0,42189.0,26413.0,16379.0,16454.0,unchanged
1180896,271687.0,3436.0,41703.0,271687.0,3436.0,27581.0,unchanged
1180898,3469.0,3450.0,42008.0,,,,no_longer_flagged
1180904,2685.0,2571.0,16795.0,2685.0,2571.0,15567.0,unchanged
1180905,2685.0,2571.0,16795.0,2685.0,2571.0,15567.0,unchanged
1180908,84765.0,2571.0,16795.0,84765.0,2571.0,15567.0,unchanged
1180909,2685.0,2571.0,16795.0,2685.0,2571.0,15567.0,unchanged
1180928,16210.0,16237.0,40443.0,16210.0,26365.0,34794.0,recommendation_changed
1180931,,,,16237.0,26365.0,34794.0,newly_flagged
1180952,15625.0,15627.0,31312.0,15625.0,15627.0,28362.0,unchanged
1180961,4208.0,4108.0,42202.0,4208.0,21540.0,28202.0,recommendation_changed
1180969,255366.0,4268.0,30477.0,255366.0,4268.0,27587.0,unchanged
1180972,,,,20849.0,20831.0,37483.0,newly_flagged
1181001,4290.0,4268.0,30477.0,4290.0,4268.0,27587.0,unchanged
1181003,4428.0,4268.0,30477.0,4428.0,4268.0,27587.0,unchanged
1181019,16656.0,4364.0,17931.0,16656.0,4364.0,16689.0,unchanged
1181046,,,,60133.0,4268.0,27587.0,newly_flagged
1181072,16141.0,16040.0,42233.0,16141.0,16075.0,16524.0,recommendation_changed
1181073,16072.0,16040.0,42233.0,16072.0,16075.0,16524.0,recommendation_changed
1181074,16146.0,16040.0,42233.0,16146.0,16075.0,16524.0,recommendation_changed
1181075,16146.0,16040.0,42233.0,16146.0,16075.0,16524.0,recommendation_changed
1181085,16596.0,16629.0,31200.0,16596.0,16629.0,28253.0,unchanged
1181090,16075.0,16091.0,17765.0,,,,no_longer_flagged
1181096,16308.0,16169.0,30480.0,16308.0,16169.0,27590.0,unchanged
1181099,16278.0,16169.0,30480.0,16278.0,16169.0,27590.0,unchanged
1181114,26303.0,16025.0,42239.0,26303.0,16025.0,37509.0,unchanged
1181124,,,,16040.0,16075.0,16524.0,newly_flagged
1181125,,,,16040.0,16075.0,16524.0,newly_flagged
1181126,16072.0,16040.0,42233.0,16072.0,16075.0,16524.0,recommendation_changed
1181127,16072.0,16040.0,42233.0,16072.0,16075.0,16524.0,recommendation_changed
1181128,16278.0,16169.0,30480.0,16278.0,16169.0,27590.0,unchanged
1181140,15955.0,15968.0,10548.0,15955.0,15968.0,9745.0,unchanged
1181148,48608.0,48611.0,30511.0,48608.0,48611.0,27610.0,unchanged
1181150,48608.0,48611.0,30511.0,48608.0,48611.0,27610.0,unchanged
1181159,,,,21181.0,21127.0,36587.0,newly_flagged
1181164,26326.0,16064.0,23580.0,,,,no_longer_flagged
1181165,26326.0,16064.0,23580.0,,,,no_longer_flagged
1181166,26326.0,16064.0,23580.0,,,,no_longer_flagged
1181167,26326.0,16064.0,23580.0,,,,no_longer_flagged
1181184,283527.0,283526.0,17752.0,,,,no_longer_flagged
1181193,16075.0,16040.0,42233.0,,,,no_longer_flagged
1181194,16072.0,16040.0,42233.0,16072.0,16075.0,16524.0,recommendation_changed
1181203,4033.0,4054.0,30386.0,4033.0,4054.0,27511.0,unchanged
1181206,116141.0,3981.0,20613.0,116141.0,3981.0,19038.0,unchanged
1181207,116141.0,3981.0,20613.0,116141.0,3981.0,19038.0,unchanged
1181208,15982.0,15965.0,12864.0,15982.0,15965.0,11947.0,unchanged
1181209,,,,26447.0,16464.0,16452.0,newly_flagged
1181210,16378.0,16379.0,17694.0,16378.0,16379.0,16454.0,unchanged
1181214,16044.0,16076.0,42230.0,,,,no_longer_flagged
1181215,16044.0,16076.0,42230.0,,,,no_longer_flagged
1181224,,,,16040.0,16075.0,16524.0,newly_flagged
1181225,,,,16040.0,16075.0,16524.0,newly_flagged
1181226,16075.0,16091.0,17765.0,,,,no_longer_flagged
1181227,16075.0,16091.0,17765.0,,,,no_longer_flagged
1181233,4241.0,4192.0,5152.0,4241.0,4192.0,4821.0,unchanged
1181234,4241.0,4192.0,5152.0,4241.0,4192.0,4821.0,unchanged
1181235,4241.0,4192.0,5152.0,4241.0,4192.0,4821.0,unchanged
1181236,,,,4369.0,4179.0,24034.0,newly_flagged
1181237,,,,4369.0,4179.0,24034.0,newly_flagged
1181238,,,,4369.0,4179.0,24034.0,newly_flagged
1181243,15948.0,15968.0,10548.0,15948.0,15968.0,9745.0,unchanged
1181246,15955.0,15968.0,10548.0,15955.0,15968.0,9745.0,unchanged
1181251,15996.0,15968.0,10548.0,15996.0,15968.0,9745.0,unchanged
1181256,16044.0,16092.0,41709.0,16044.0,16092.0,37078.0,unchanged
1181260,15948.0,15968.0,10548.0,15948.0,15968.0,9745.0,unchanged
1181261,15996.0,15968.0,10548.0,15996.0,15968.0,9745.0,unchanged
1181263,15948.0,15968.0,10548.0,15948.0,15968.0,9745.0,unchanged
1181264,26430.0,16379.0,17694.0,,,,no_longer_flagged
1181265,26430.0,16379.0,17694.0,,,,no_longer_flagged
1181267,16379.0,16464.0,42184.0,16379.0,16464.0,16452.0,unchanged
1181273,4241.0,4192.0,5152.0,4241.0,4192.0,4821.0,unchanged
1181274,4241.0,4192.0,5152.0,4241.0,4192.0,4821.0,unchanged
1181275,4241.0,4192.0,5152.0,4241.0,4192.0,4821.0,unchanged
1181277,,,,4362.0,4306.0,4953.0,newly_flagged
1181280,256643.0,4124.0,40691.0,,,,no_longer_flagged
1181281,256643.0,4124.0,40691.0,,,,no_longer_flagged
1181282,256643.0,4124.0,40691.0,,,,no_longer_flagged
1181305,16800.0,16788.0,24671.0,,,,no_longer_flagged
1181312,,,,13187.0,13155.0,15787.0,newly_flagged
1181363,283543.0,287362.0,4164.0,283543.0,287362.0,3848.0,unchanged
1181369,375023.0,375020.0,17807.0,375023.0,375020.0,16568.0,unchanged
1181372,214717.0,214715.0,24003.0,214717.0,214715.0,22172.0,unchanged
1181373,350093.0,350094.0,40910.0,350093.0,350094.0,36451.0,unchanged
1181374,56926.0,56924.0,39183.0,56926.0,56924.0,34989.0,unchanged
1181378,,,,57568.0,350097.0,12041.0,newly_flagged
1181381,214717.0,214715.0,24003.0,214717.0,214715.0,22172.0,unchanged
1181382,226247.0,16720.0,13043.0,226247.0,16720.0,28764.0,unchanged
1181383,50208.0,16714.0,5277.0,50208.0,4306.0,4953.0,recommendation_changed
1181385,240636.0,11888.0,34166.0,240636.0,11888.0,31080.0,unchanged
1181386,12030.0,12285.0,14423.0,12030.0,12285.0,3571.0,unchanged
1182942,521052.0,521051.0,28594.0,,,,no_longer_flagged
1182958,7744.0,7850.0,31855.0,7744.0,7850.0,28879.0,unchanged
1182960,8271.0,376.0,42279.0,8271.0,376.0,37543.0,unchanged
1182963,329279.0,11300.0,3892.0,329279.0,11300.0,3580.0,unchanged
1182964,4168.0,4172.0,39749.0,,,,no_longer_flagged
1182965,24814.0,24824.0,29403.0,24814.0,24824.0,26587.0,unchanged
1182966,,,,12274.0,12137.0,37547.0,newly_flagged
1183587,,,,27066.0,18311.0,19846.0,newly_flagged
1183590,18980.0,18870.0,42301.0,,,,no_longer_flagged
1183614,,,,5442.0,5441.0,34812.0,newly_flagged
1183625,18648.0,18615.0,39196.0,18648.0,18615.0,35000.0,unchanged
1183626,,,,19185.0,19119.0,21190.0,newly_flagged
1183637,19239.0,19168.0,21438.0,19239.0,19168.0,37590.0,unchanged
1183639,4479.0,4462.0,42306.0,4479.0,4462.0,37569.0,unchanged
1183648,15403.0,3372.0,42335.0,15403.0,3372.0,37597.0,unchanged
1183657,4274.0,4318.0,40451.0,4274.0,4318.0,36066.0,unchanged
1183659,14699.0,14616.0,42340.0,14699.0,14616.0,34339.0,unchanged
1183665,117100.0,4179.0,26364.0,117100.0,4179.0,24034.0,unchanged
1183710,26015.0,2943.0,42304.0,26015.0,2943.0,37567.0,unchanged
1183758,4436.0,4204.0,30479.0,4436.0,4204.0,27589.0,unchanged
1183770,280966.0,24453.0,23820.0,280966.0,24453.0,21998.0,unchanged
1183775,26556.0,26537.0,41476.0,26556.0,26537.0,36909.0,unchanged
1183791,4033.0,4054.0,30386.0,4033.0,4054.0,27511.0,unchanged
1183792,20025.0,439438.0,19757.0,20025.0,439438.0,18318.0,unchanged
1183802,73895.0,73894.0,13058.0,73895.0,73894.0,36928.0,unchanged
1183811,14633.0,14588.0,38421.0,14633.0,14588.0,34317.0,unchanged
1183819,2571.0,2574.0,41267.0,2571.0,2574.0,36733.0,unchanged
1183834,,,,20759.0,218876.0,12156.0,newly_flagged
1183852,18902.0,19008.0,4172.0,18902.0,19008.0,3856.0,unchanged
1183895,26945.0,26958.0,38915.0,26945.0,26958.0,34754.0,unchanged
1183897,,,,365414.0,375595.0,27657.0,newly_flagged
1183903,20512.0,2307.0,29852.0,20512.0,2407.0,27024.0,recommendation_changed
1184198,12260.0,12194.0,34369.0,,,,no_longer_flagged
1184214,15771.0,15762.0,17744.0,,,,no_longer_flagged
1184215,15771.0,15762.0,17744.0,,,,no_longer_flagged
1184217,15771.0,15762.0,17744.0,,,,no_longer_flagged
1184235,15771.0,15762.0,17744.0,,,,no_longer_flagged
1184236,15771.0,15762.0,17744.0,,,,no_longer_flagged
1184314,15763.0,15762.0,17744.0,,,,no_longer_flagged
1184315,15763.0,15762.0,17744.0,,,,no_longer_flagged
1184316,15763.0,15762.0,17744.0,,,,no_longer_flagged
1184317,15763.0,15762.0,17744.0,,,,no_longer_flagged
1184323,,,,3450.0,3469.0,34357.0,newly_flagged
1184325,3469.0,3450.0,42008.0,,,,no_longer_flagged
1184328,344730.0,63005.0,394.0,344730.0,63005.0,369.0,unchanged
1184354,15763.0,15762.0,17744.0,,,,no_longer_flagged
1184355,15763.0,15762.0,17744.0,,,,no_longer_flagged
1184356,15763.0,15762.0,17744.0,,,,no_longer_flagged
1184357,15763.0,15762.0,17744.0,,,,no_longer_flagged
1184403,4208.0,4108.0,42202.0,4208.0,21540.0,28202.0,recommendation_changed
1184404,4208.0,4108.0,42202.0,4208.0,21540.0,28202.0,recommendation_changed
1184408,,,,4108.0,21540.0,28202.0,newly_flagged
1184410,21148.0,3084.0,42495.0,21148.0,3084.0,37758.0,unchanged
1184416,4208.0,4108.0,42202.0,4208.0,21540.0,28202.0,recommendation_changed
1184440,3113.0,3121.0,41985.0,3113.0,3121.0,37287.0,unchanged
1184444,14699.0,14616.0,42340.0,14699.0,14616.0,34339.0,unchanged
1184455,,,,4108.0,21540.0,28202.0,newly_flagged
1184456,,,,4108.0,21540.0,28202.0,newly_flagged
1184457,,,,4108.0,21540.0,28202.0,newly_flagged
1184486,,,,4362.0,4306.0,4953.0,newly_flagged
1184488,,,,4362.0,4306.0,4953.0,newly_flagged
1184510,19541.0,19525.0,22593.0,19541.0,19525.0,20903.0,unchanged
1184513,,,,19402.0,19417.0,37783.0,newly_flagged
1184527,,,,26956.0,26979.0,20652.0,newly_flagged
1184528,26956.0,17963.0,42526.0,26956.0,17963.0,4994.0,unchanged
1184529,26956.0,17963.0,42526.0,26956.0,17963.0,4994.0,unchanged
1184530,,,,19185.0,19119.0,21190.0,newly_flagged
1184531,,,,19185.0,19119.0,21190.0,newly_flagged
1184550,108152.0,108147.0,4924.0,108152.0,108147.0,4596.0,unchanged
1184552,108152.0,108147.0,4924.0,108152.0,108147.0,4596.0,unchanged
1184556,19335.0,19358.0,22537.0,19335.0,19358.0,20849.0,unchanged
1184562,18864.0,18774.0,22338.0,18864.0,18774.0,20674.0,unchanged
1184563,27223.0,18774.0,22338.0,27223.0,18774.0,20674.0,unchanged
1184564,18872.0,18774.0,22338.0,18872.0,18774.0,20674.0,unchanged
1184565,18872.0,18774.0,22338.0,18872.0,18774.0,20674.0,unchanged
1184580,18778.0,18719.0,22356.0,18778.0,18719.0,20691.0,unchanged
1184581,18778.0,18719.0,22356.0,18778.0,18719.0,20691.0,unchanged
1184591,19627.0,19625.0,22395.0,19627.0,19625.0,20717.0,unchanged
1184592,19627.0,19625.0,22395.0,19627.0,19625.0,20717.0,unchanged
1184593,19627.0,19625.0,22395.0,19627.0,19625.0,20717.0,unchanged
1184598,19415.0,19403.0,22544.0,19415.0,19403.0,20856.0,unchanged
1184599,19415.0,19403.0,22544.0,19415.0,19403.0,20856.0,unchanged
1184602,,,,19429.0,19401.0,20842.0,newly_flagged
1184603,,,,19429.0,19401.0,20842.0,newly_flagged
1184605,,,,19429.0,19401.0,20842.0,newly_flagged
1184606,27341.0,19366.0,22543.0,27341.0,19366.0,20855.0,unchanged
1184607,19415.0,19403.0,22544.0,19415.0,19403.0,20856.0,unchanged
1184608,27341.0,19366.0,22543.0,27341.0,19366.0,20855.0,unchanged
1184609,27341.0,19366.0,22543.0,27341.0,19366.0,20855.0,unchanged
1184613,19415.0,19403.0,22544.0,19415.0,19403.0,20856.0,unchanged
1184616,,,,19399.0,19422.0,37803.0,newly_flagged
1184639,27343.0,27338.0,36877.0,27343.0,27338.0,20852.0,unchanged
1184644,18548.0,18583.0,39195.0,18548.0,18583.0,34999.0,unchanged
1184645,18548.0,18583.0,39195.0,18548.0,18583.0,34999.0,unchanged
1184650,18706.0,18686.0,39254.0,18706.0,18686.0,35039.0,unchanged
1184653,18684.0,18686.0,39254.0,18684.0,18686.0,35039.0,unchanged
1184697,,,,18503.0,18591.0,20260.0,newly_flagged
1184699,19626.0,19625.0,22395.0,19626.0,19625.0,20717.0,unchanged
1184700,27451.0,19622.0,4191.0,27451.0,19622.0,3875.0,unchanged
1184709,19145.0,19057.0,22490.0,19145.0,19057.0,36159.0,unchanged
1184711,19145.0,19057.0,22490.0,19145.0,19057.0,36159.0,unchanged
1184713,19613.0,19618.0,42570.0,19613.0,19618.0,37827.0,unchanged
1184719,19131.0,19057.0,22490.0,,,,no_longer_flagged
1184726,,,,26167.0,425182.0,22356.0,newly_flagged
1184728,,,,26167.0,425182.0,22356.0,newly_flagged
1184729,,,,26167.0,425182.0,22356.0,newly_flagged
1184739,,,,4348.0,4343.0,10823.0,newly_flagged
1184740,,,,4348.0,4343.0,10823.0,newly_flagged
1184743,160315.0,4427.0,40381.0,,,,no_longer_flagged
1184744,160315.0,4427.0,40381.0,,,,no_longer_flagged
1184745,160315.0,4427.0,40381.0,,,,no_longer_flagged
1184749,4388.0,4384.0,42575.0,,,,no_longer_flagged
1184755,,,,4348.0,4343.0,10823.0,newly_flagged
1184761,,,,4348.0,4343.0,10823.0,newly_flagged
1184766,18878.0,18870.0,42301.0,18878.0,18870.0,37840.0,unchanged
1184767,18878.0,18870.0,42301.0,18878.0,18870.0,37840.0,unchanged
1184769,18878.0,18870.0,42301.0,18878.0,18870.0,37840.0,unchanged
1184786,18975.0,18870.0,42301.0,18975.0,18980.0,21194.0,recommendation_changed
1184804,18878.0,18870.0,42301.0,18878.0,18870.0,37840.0,unchanged
1184805,18878.0,18870.0,42301.0,18878.0,18870.0,37840.0,unchanged
1184807,,,,4348.0,4343.0,10823.0,newly_flagged
1184808,,,,19005.0,18870.0,37840.0,newly_flagged
1184809,,,,19005.0,18870.0,37840.0,newly_flagged
1184826,18832.0,18849.0,39147.0,18832.0,18849.0,34954.0,unchanged
1184861,18887.0,18924.0,39132.0,18887.0,18924.0,34940.0,unchanged
1184866,18972.0,18870.0,42301.0,18972.0,18870.0,37840.0,unchanged
1184867,18972.0,18870.0,42301.0,18972.0,18870.0,37840.0,unchanged
1184868,18972.0,18870.0,42301.0,18972.0,18870.0,37840.0,unchanged
1184869,18972.0,18870.0,42301.0,18972.0,18870.0,37840.0,unchanged
1184871,19004.0,18993.0,8969.0,19004.0,18993.0,8347.0,unchanged
1184873,,,,19005.0,18870.0,37840.0,newly_flagged
1184879,19239.0,19168.0,21438.0,19239.0,19168.0,37590.0,unchanged
1184885,18548.0,18583.0,39195.0,18548.0,18583.0,34999.0,unchanged
1184902,,,,18667.0,18707.0,37866.0,newly_flagged
1184905,,,,18667.0,18707.0,37866.0,newly_flagged
1184925,,,,18951.0,18899.0,18705.0,newly_flagged
1184927,18950.0,18955.0,20701.0,18950.0,18955.0,19105.0,unchanged
1184930,,,,18939.0,18847.0,19130.0,newly_flagged
1184936,18901.0,18847.0,20734.0,18901.0,18847.0,19130.0,unchanged
1184937,18901.0,18847.0,20734.0,18901.0,18847.0,19130.0,unchanged
1184946,27397.0,19469.0,5263.0,27397.0,19469.0,4939.0,unchanged
1184949,19492.0,27387.0,22437.0,19492.0,27387.0,20757.0,unchanged
1184958,27425.0,19543.0,22598.0,27425.0,19543.0,20908.0,unchanged
1184964,,,,18733.0,18677.0,37876.0,newly_flagged
1184976,,,,18939.0,18847.0,19130.0,newly_flagged
1184982,19146.0,19094.0,18061.0,19146.0,19094.0,16820.0,unchanged
1185013,19094.0,19146.0,42524.0,19094.0,19146.0,37786.0,unchanged
1185026,18778.0,18719.0,22356.0,18778.0,18719.0,20691.0,unchanged
1185030,18872.0,18774.0,22338.0,18872.0,18774.0,20674.0,unchanged
1185031,19131.0,19057.0,22490.0,,,,no_longer_flagged
1185035,19648.0,19646.0,42638.0,19648.0,19646.0,37887.0,unchanged
1185046,19657.0,19658.0,42641.0,19657.0,19658.0,37890.0,unchanged
1185066,18705.0,18877.0,22357.0,18705.0,18877.0,20692.0,unchanged
1185067,18770.0,18877.0,22357.0,18770.0,18877.0,20692.0,unchanged
1185068,18770.0,18877.0,22357.0,18770.0,18877.0,20692.0,unchanged
1185069,27214.0,18877.0,22357.0,27214.0,18877.0,20692.0,unchanged
1185083,19410.0,19390.0,42648.0,19410.0,19390.0,37893.0,unchanged
1185084,19410.0,19390.0,42648.0,19410.0,19390.0,37893.0,unchanged
1185090,19322.0,19285.0,13080.0,,,,no_longer_flagged
1185091,19322.0,19285.0,13080.0,,,,no_longer_flagged
1185092,19322.0,19285.0,13080.0,,,,no_longer_flagged
1185093,19322.0,19285.0,13080.0,,,,no_longer_flagged
1185116,27335.0,19285.0,13080.0,27335.0,19322.0,30664.0,recommendation_changed
1185117,27335.0,19285.0,13080.0,27335.0,19322.0,30664.0,recommendation_changed
1185120,27343.0,27338.0,36877.0,27343.0,27338.0,20852.0,unchanged
1185121,27343.0,27338.0,36877.0,27343.0,27338.0,20852.0,unchanged
1185130,,,,19185.0,19119.0,21190.0,newly_flagged
1185132,,,,19185.0,19119.0,21190.0,newly_flagged
1185133,19119.0,19185.0,42527.0,,,,no_longer_flagged
1185154,27343.0,27338.0,36877.0,27343.0,27338.0,20852.0,unchanged
1185175,19374.0,19411.0,22434.0,,,,no_longer_flagged
1185182,27345.0,27339.0,42654.0,27345.0,27339.0,37899.0,unchanged
1185183,,,,27345.0,27339.0,37899.0,newly_flagged
1185186,19037.0,19077.0,22928.0,19037.0,18980.0,21194.0,recommendation_changed
1185188,19003.0,19077.0,22928.0,19003.0,18980.0,21194.0,recommendation_changed
1185194,19210.0,19185.0,42527.0,,,,no_longer_flagged
1185201,27345.0,27339.0,42654.0,27345.0,27339.0,37899.0,unchanged
1185204,19326.0,19284.0,22925.0,19326.0,19284.0,21191.0,unchanged
1185207,19126.0,18993.0,8969.0,19126.0,18993.0,8347.0,unchanged
1185222,19335.0,19358.0,22537.0,19335.0,19358.0,20849.0,unchanged
1185223,94693.0,19358.0,22537.0,94693.0,19358.0,20849.0,unchanged
1185234,19335.0,19358.0,22537.0,19335.0,19358.0,20849.0,unchanged
1185237,19335.0,19358.0,22537.0,19335.0,19358.0,20849.0,unchanged
1185238,18802.0,18877.0,22357.0,18802.0,18877.0,20692.0,unchanged
1185239,18802.0,18877.0,22357.0,18802.0,18877.0,20692.0,unchanged
1185241,18802.0,18877.0,22357.0,18802.0,18877.0,20692.0,unchanged
1185242,,,,19411.0,19420.0,20780.0,newly_flagged
1185243,,,,19411.0,19420.0,20780.0,newly_flagged
1185244,,,,19411.0,19420.0,20780.0,newly_flagged
1185248,19462.0,297924.0,22461.0,,,,no_longer_flagged
1185250,18770.0,18877.0,22357.0,18770.0,18877.0,20692.0,unchanged
1185253,18770.0,18877.0,22357.0,18770.0,18877.0,20692.0,unchanged
1185259,18956.0,18970.0,20244.0,18956.0,18970.0,18699.0,unchanged
1185266,19643.0,19638.0,23912.0,,,,no_longer_flagged
1185268,19643.0,19638.0,23912.0,,,,no_longer_flagged
1185275,19642.0,19640.0,22693.0,19642.0,19640.0,21007.0,unchanged
1185281,19634.0,27454.0,31122.0,19634.0,27454.0,28179.0,unchanged
1185294,159365.0,159361.0,39252.0,159365.0,159361.0,35038.0,unchanged
1185334,,,,19636.0,19638.0,22084.0,newly_flagged
1185352,27453.0,38407.0,42665.0,27453.0,38407.0,37908.0,unchanged
1185356,19576.0,19574.0,42698.0,19576.0,19574.0,37943.0,unchanged
1185358,19545.0,19569.0,6630.0,19545.0,19569.0,6212.0,unchanged
1185366,18725.0,18757.0,21109.0,18725.0,18757.0,19482.0,unchanged
1185368,18725.0,18757.0,21109.0,18725.0,18757.0,19482.0,unchanged
1185369,18725.0,18757.0,21109.0,18725.0,18757.0,19482.0,unchanged
1185371,38405.0,56933.0,23971.0,,,,no_longer_flagged
1185378,19045.0,19007.0,20700.0,,,,no_longer_flagged
1185389,19045.0,19007.0,20700.0,,,,no_longer_flagged
1185390,19045.0,19007.0,20700.0,,,,no_longer_flagged
1185391,19045.0,19007.0,20700.0,,,,no_longer_flagged
1185417,19239.0,19168.0,21438.0,19239.0,19168.0,37590.0,unchanged
1185432,18785.0,18877.0,22357.0,18785.0,18877.0,20692.0,unchanged
1185438,18950.0,18955.0,20701.0,18950.0,18955.0,19105.0,unchanged
1185441,18950.0,18955.0,20701.0,18950.0,18955.0,19105.0,unchanged
1185461,19402.0,19422.0,42720.0,19402.0,19422.0,37803.0,unchanged
1185470,16504.0,4198.0,31694.0,16504.0,4198.0,4818.0,unchanged
1185474,19402.0,19422.0,42720.0,19402.0,19422.0,37803.0,unchanged
1185475,19402.0,19422.0,42720.0,19402.0,19422.0,37803.0,unchanged
1185476,19402.0,19422.0,42720.0,19402.0,19422.0,37803.0,unchanged
1185477,19402.0,19417.0,42719.0,19402.0,19417.0,37783.0,unchanged
1185479,19633.0,19636.0,42696.0,19633.0,19638.0,22084.0,recommendation_changed
1185480,,,,19636.0,19638.0,22084.0,newly_flagged
1185481,,,,19636.0,19638.0,22084.0,newly_flagged
1185491,19331.0,19168.0,21438.0,19331.0,19300.0,19791.0,recommendation_changed
1185492,19394.0,19411.0,22434.0,19394.0,19374.0,20754.0,recommendation_changed
1185497,19496.0,297924.0,22461.0,19496.0,19503.0,20779.0,recommendation_changed
1185499,19542.0,19521.0,22603.0,19542.0,19521.0,20913.0,unchanged
1185502,159365.0,159361.0,39252.0,159365.0,159361.0,35038.0,unchanged
1185504,159365.0,159361.0,39252.0,159365.0,159361.0,35038.0,unchanged
1185512,4511.0,4475.0,42730.0,4511.0,4475.0,37976.0,unchanged
1185518,56927.0,56924.0,39183.0,56927.0,56924.0,34989.0,unchanged
1185531,,,,297924.0,19503.0,20779.0,newly_flagged
1185532,297925.0,297924.0,22461.0,297925.0,19503.0,20779.0,recommendation_changed
1185533,297923.0,297921.0,42735.0,297923.0,19503.0,20779.0,recommendation_changed
1185536,,,,38396.0,19623.0,20743.0,newly_flagged
1185537,,,,38396.0,19623.0,20743.0,newly_flagged
1185570,19239.0,19168.0,21438.0,19239.0,19168.0,37590.0,unchanged
1185589,19626.0,27452.0,4923.0,19626.0,27452.0,4595.0,unchanged
1185592,27453.0,19626.0,3863.0,27453.0,19626.0,3552.0,unchanged
1185593,27453.0,19626.0,3863.0,27453.0,19626.0,3552.0,unchanged
1185594,19462.0,297924.0,22461.0,19462.0,19503.0,20779.0,recommendation_changed
1185597,19496.0,297924.0,22461.0,19496.0,19503.0,20779.0,recommendation_changed
1185601,,,,18939.0,18847.0,19130.0,newly_flagged
1185603,56931.0,56930.0,39172.0,56931.0,56930.0,34979.0,unchanged
1185606,108148.0,108147.0,4924.0,108148.0,108147.0,4596.0,unchanged
1185608,108148.0,108147.0,4924.0,108148.0,108147.0,4596.0,unchanged
1185619,157758.0,157757.0,42752.0,157758.0,157757.0,37996.0,unchanged
1185623,297925.0,297924.0,22461.0,297925.0,19503.0,20779.0,recommendation_changed
1185632,19499.0,19510.0,42749.0,,,,no_longer_flagged
1185641,19647.0,19648.0,39210.0,19647.0,19648.0,35012.0,unchanged
1185642,19652.0,19649.0,31060.0,19652.0,19649.0,28112.0,unchanged
1185643,19652.0,19647.0,39168.0,19652.0,19647.0,34975.0,unchanged
1185651,,,,19414.0,19388.0,20042.0,newly_flagged
1185652,19369.0,19363.0,22309.0,19369.0,19363.0,20647.0,unchanged
1185682,38405.0,56933.0,23971.0,,,,no_longer_flagged
1185683,38408.0,56933.0,23971.0,38408.0,38405.0,37945.0,recommendation_changed
1185685,38405.0,56933.0,23971.0,,,,no_longer_flagged
1185686,38410.0,56933.0,23971.0,38410.0,38405.0,37945.0,recommendation_changed
1185687,38410.0,56933.0,23971.0,38410.0,38405.0,37945.0,recommendation_changed
1185688,148483.0,56933.0,23971.0,148483.0,38405.0,37945.0,recommendation_changed
1185689,148483.0,56933.0,23971.0,148483.0,38405.0,37945.0,recommendation_changed
1185699,,,,19414.0,19388.0,20042.0,newly_flagged
1185700,19425.0,19414.0,42756.0,19425.0,19388.0,20042.0,recommendation_changed
1185702,19354.0,19168.0,21438.0,,,,no_longer_flagged
1185703,19354.0,19168.0,21438.0,,,,no_longer_flagged
1185705,19354.0,19168.0,21438.0,,,,no_longer_flagged
1185706,19388.0,19363.0,22309.0,19388.0,19363.0,20647.0,unchanged
1185707,,,,19414.0,19388.0,20042.0,newly_flagged
1185709,,,,19414.0,19388.0,20042.0,newly_flagged
1185710,19354.0,19168.0,21438.0,,,,no_longer_flagged
1185712,19354.0,19168.0,21438.0,,,,no_longer_flagged
1185724,19559.0,19538.0,22601.0,19559.0,19538.0,20911.0,unchanged
1185730,19499.0,19510.0,42749.0,,,,no_longer_flagged
1185731,19499.0,19510.0,42749.0,,,,no_longer_flagged
1185732,19499.0,19510.0,42749.0,,,,no_longer_flagged
1185733,19499.0,19510.0,42749.0,,,,no_longer_flagged
1185735,38702.0,38396.0,42738.0,38702.0,19623.0,20743.0,recommendation_changed
1185736,,,,38396.0,19623.0,20743.0,newly_flagged
1185737,,,,38396.0,19623.0,20743.0,newly_flagged
1185755,19441.0,19429.0,42545.0,,,,no_longer_flagged
1185756,19441.0,19429.0,42545.0,,,,no_longer_flagged
1185757,19441.0,19429.0,42545.0,,,,no_longer_flagged
1185779,27223.0,18774.0,22338.0,27223.0,18774.0,20674.0,unchanged
1185781,27223.0,18774.0,22338.0,27223.0,18774.0,20674.0,unchanged
1185838,,,,19185.0,19119.0,21190.0,newly_flagged
1185843,297926.0,297924.0,22461.0,297926.0,19503.0,20779.0,recommendation_changed
1185844,19450.0,19445.0,42791.0,,,,no_longer_flagged
1185845,297926.0,297924.0,22461.0,297926.0,19503.0,20779.0,recommendation_changed
1185878,,,,19608.0,19599.0,36149.0,newly_flagged
1185884,27451.0,19599.0,40550.0,27451.0,19599.0,36149.0,unchanged
1185890,19564.0,19559.0,42800.0,19564.0,19559.0,38044.0,unchanged
1185891,19559.0,19561.0,17681.0,19559.0,19561.0,16440.0,unchanged
1185892,19564.0,19559.0,42800.0,19564.0,19559.0,38044.0,unchanged
1185893,19574.0,19576.0,42801.0,19574.0,19576.0,38045.0,unchanged
1185895,19477.0,27395.0,42802.0,19477.0,27395.0,38046.0,unchanged
1185897,,,,18504.0,18493.0,35061.0,newly_flagged
1185899,19564.0,19559.0,42800.0,19564.0,19559.0,38044.0,unchanged
1185919,18901.0,18847.0,20734.0,18901.0,18847.0,19130.0,unchanged
1185931,,,,149438.0,19662.0,21716.0,newly_flagged
1185946,19432.0,19417.0,22470.0,19432.0,19417.0,20788.0,unchanged
1185947,19432.0,19417.0,22470.0,19432.0,19417.0,20788.0,unchanged
1185981,19539.0,27426.0,22597.0,19539.0,27426.0,20907.0,unchanged
1185982,27425.0,19543.0,22598.0,27425.0,19543.0,20908.0,unchanged
1186003,19543.0,27426.0,22597.0,19543.0,27426.0,20907.0,unchanged
1186004,19543.0,27426.0,22597.0,19543.0,27426.0,20907.0,unchanged
1186006,27432.0,27436.0,9812.0,27432.0,27436.0,9100.0,unchanged
1186008,27432.0,27436.0,9812.0,27432.0,27436.0,9100.0,unchanged
1186009,27432.0,27436.0,9812.0,27432.0,27436.0,9100.0,unchanged
1186031,18944.0,18922.0,23619.0,18944.0,18922.0,21812.0,unchanged
1186036,,,,19411.0,19420.0,20780.0,newly_flagged
1186037,,,,19411.0,19420.0,20780.0,newly_flagged
1186058,19397.0,19395.0,22436.0,19397.0,19395.0,20756.0,unchanged
1186066,297923.0,297921.0,42735.0,297923.0,19503.0,20779.0,recommendation_changed
1186087,19045.0,19007.0,20700.0,,,,no_longer_flagged
1186099,19528.0,297924.0,22461.0,19528.0,19503.0,20779.0,recommendation_changed
1186100,19528.0,297924.0,22461.0,19528.0,19503.0,20779.0,recommendation_changed
1186108,,,,19624.0,19627.0,20729.0,newly_flagged
1186117,19626.0,27452.0,4923.0,19626.0,27452.0,4595.0,unchanged
1186140,19374.0,19411.0,22434.0,,,,no_longer_flagged
1186141,19374.0,19411.0,22434.0,,,,no_longer_flagged
1186144,,,,19630.0,19635.0,37918.0,newly_flagged
1186145,19636.0,19635.0,42676.0,19636.0,19635.0,37918.0,unchanged
1186158,27317.0,19168.0,21438.0,,,,no_longer_flagged
1186159,19239.0,19168.0,21438.0,19239.0,19168.0,37590.0,unchanged
1186161,27317.0,19168.0,21438.0,,,,no_longer_flagged
1186162,19226.0,19259.0,22519.0,19226.0,19259.0,20832.0,unchanged
1186172,19307.0,19168.0,21438.0,19307.0,19300.0,19791.0,recommendation_changed
1186178,19331.0,19168.0,21438.0,19331.0,19300.0,19791.0,recommendation_changed
1186180,19300.0,19168.0,21438.0,,,,no_longer_flagged
1186181,27317.0,19168.0,21438.0,,,,no_longer_flagged
1186182,19300.0,19168.0,21438.0,,,,no_longer_flagged
1186183,19300.0,19168.0,21438.0,,,,no_longer_flagged
1186188,19319.0,19353.0,22433.0,19319.0,19353.0,20753.0,unchanged
1186191,19326.0,19284.0,22925.0,19326.0,19284.0,21191.0,unchanged
1186194,56927.0,56924.0,39183.0,56927.0,56924.0,34989.0,unchanged
1186195,56926.0,56924.0,39183.0,56926.0,56924.0,34989.0,unchanged
1186199,19307.0,19168.0,21438.0,19307.0,19300.0,19791.0,recommendation_changed
1186201,19307.0,19168.0,21438.0,19307.0,19300.0,19791.0,recommendation_changed
1186202,18980.0,18870.0,42301.0,,,,no_longer_flagged
1186212,19307.0,19168.0,21438.0,19307.0,19300.0,19791.0,recommendation_changed
1186214,27317.0,19168.0,21438.0,,,,no_longer_flagged
1186217,19239.0,19168.0,21438.0,19239.0,27317.0,20848.0,recommendation_changed
1186221,19307.0,19168.0,21438.0,19307.0,19300.0,19791.0,recommendation_changed
1186227,18648.0,18615.0,39196.0,18648.0,18615.0,35000.0,unchanged
1186228,18980.0,18870.0,42301.0,,,,no_longer_flagged
1186231,19004.0,18993.0,8969.0,19004.0,18993.0,8347.0,unchanged
1186254,19126.0,18993.0,8969.0,19126.0,18993.0,8347.0,unchanged
1186255,19126.0,18993.0,8969.0,19126.0,18993.0,8347.0,unchanged
1186261,,,,27409.0,19469.0,4939.0,newly_flagged
1186269,297922.0,297921.0,42735.0,297922.0,19503.0,20779.0,recommendation_changed
1186274,,,,19005.0,18870.0,37840.0,newly_flagged
1186275,19003.0,19077.0,22928.0,19003.0,18980.0,21194.0,recommendation_changed
1186276,18980.0,18870.0,42301.0,,,,no_longer_flagged
1186285,53404.0,53403.0,32240.0,53404.0,53403.0,29254.0,unchanged
1186291,,,,19077.0,18980.0,21194.0,newly_flagged
1186297,19126.0,18993.0,8969.0,19126.0,18993.0,8347.0,unchanged
1186298,19037.0,19077.0,22928.0,19037.0,18980.0,21194.0,recommendation_changed
1186299,,,,19077.0,18980.0,21194.0,newly_flagged
1186301,,,,19077.0,18980.0,21194.0,newly_flagged
1186304,,,,18676.0,18677.0,37876.0,newly_flagged
1186305,27203.0,18685.0,39383.0,27203.0,18685.0,35140.0,unchanged
1186327,19596.0,19595.0,13918.0,19596.0,19595.0,12927.0,unchanged
1186328,19596.0,19595.0,13918.0,19596.0,19595.0,12927.0,unchanged
1186329,19596.0,19595.0,13918.0,19596.0,19595.0,12927.0,unchanged
1186332,27437.0,19566.0,42885.0,27437.0,19566.0,38128.0,unchanged
1186336,4249.0,4231.0,42887.0,4249.0,26437.0,12092.0,recommendation_changed
1186338,19558.0,19565.0,42542.0,19558.0,19565.0,37799.0,unchanged
1186343,19553.0,19558.0,22596.0,19553.0,19558.0,20906.0,unchanged
1186346,19579.0,19561.0,17681.0,19579.0,19561.0,16440.0,unchanged
1186362,19564.0,19561.0,17681.0,19564.0,19561.0,16440.0,unchanged
1186364,19564.0,19561.0,17681.0,19564.0,19561.0,16440.0,unchanged
1186373,19561.0,19566.0,42885.0,19561.0,19566.0,38128.0,unchanged
1186393,297925.0,297924.0,22461.0,297925.0,19503.0,20779.0,recommendation_changed
1186404,27406.0,27395.0,42802.0,27406.0,27395.0,38046.0,unchanged
1186408,19558.0,19549.0,22595.0,19558.0,19549.0,20905.0,unchanged
1186409,19558.0,19549.0,22595.0,19558.0,19549.0,20905.0,unchanged
1186430,19259.0,19260.0,22518.0,19259.0,19260.0,20831.0,unchanged
1186442,18972.0,18870.0,42301.0,18972.0,18870.0,37840.0,unchanged
1186443,18878.0,18870.0,42301.0,18878.0,18870.0,37840.0,unchanged
1186445,19612.0,27451.0,42694.0,19612.0,27451.0,37940.0,unchanged
1186455,176960.0,176961.0,42895.0,176960.0,176961.0,38139.0,unchanged
1186456,176960.0,176961.0,42895.0,176960.0,176961.0,38139.0,unchanged
1186464,176960.0,176961.0,42895.0,176960.0,176961.0,38139.0,unchanged
1186465,176960.0,176961.0,42895.0,176960.0,176961.0,38139.0,unchanged
1186490,21554.0,4416.0,42827.0,21554.0,4416.0,38069.0,unchanged
1186497,21554.0,4416.0,42827.0,21554.0,4416.0,38069.0,unchanged
1186602,273916.0,273917.0,39756.0,273916.0,273917.0,35441.0,unchanged
1186604,273916.0,273917.0,39756.0,273916.0,273917.0,35441.0,unchanged
1186699,15996.0,15968.0,10548.0,15996.0,15968.0,9745.0,unchanged
1186700,15996.0,15968.0,10548.0,15996.0,15968.0,9745.0,unchanged
1186721,,,,176320.0,536236.0,11010.0,newly_flagged
1186782,264955.0,3512.0,17706.0,264955.0,3512.0,16466.0,unchanged
1186803,26122.0,15519.0,38476.0,26122.0,15519.0,34373.0,unchanged
1186809,15548.0,15519.0,34074.0,15548.0,15519.0,30994.0,unchanged
1186812,26106.0,26118.0,31356.0,26106.0,26118.0,28404.0,unchanged
1186871,47004.0,75492.0,14424.0,47004.0,75492.0,13420.0,unchanged
1186905,4317.0,4293.0,42960.0,4317.0,4293.0,38205.0,unchanged
1186932,,,,27409.0,19469.0,4939.0,newly_flagged
1186958,27397.0,19469.0,5263.0,27397.0,19469.0,4939.0,unchanged
1186960,19503.0,297924.0,22461.0,,,,no_longer_flagged
1186961,19503.0,297924.0,22461.0,,,,no_longer_flagged
1186973,19439.0,19425.0,33697.0,19439.0,19425.0,30652.0,unchanged
1186974,19503.0,297924.0,22461.0,,,,no_longer_flagged
1187024,16035.0,3945.0,5843.0,16035.0,3945.0,5494.0,unchanged
1187034,259527.0,330875.0,17687.0,259527.0,330875.0,16446.0,unchanged
1187083,102048.0,102050.0,17745.0,,,,no_longer_flagged
1187106,4999.0,18324.0,38608.0,4999.0,18324.0,34495.0,unchanged
1187140,,,,4113.0,4052.0,29716.0,newly_flagged
1187144,26369.0,16252.0,30594.0,26369.0,16252.0,27681.0,unchanged
1187148,,,,3613.0,3589.0,32609.0,newly_flagged
1187174,3680.0,3708.0,23758.0,3680.0,3708.0,21944.0,unchanged
1187194,16035.0,3945.0,5843.0,16035.0,3945.0,5494.0,unchanged
1187214,15548.0,15519.0,34074.0,15548.0,15519.0,30994.0,unchanged
1187219,3550.0,3584.0,43025.0,3550.0,3584.0,38257.0,unchanged
1187246,4101.0,4113.0,43014.0,4101.0,4052.0,29716.0,recommendation_changed
1187294,16241.0,3945.0,5843.0,16241.0,3945.0,5494.0,unchanged
1187296,16202.0,3945.0,5843.0,16202.0,3945.0,5494.0,unchanged
1187314,15779.0,15809.0,26378.0,15779.0,15809.0,24048.0,unchanged
1187329,26227.0,26204.0,38945.0,26227.0,26204.0,34785.0,unchanged
1187331,15916.0,26226.0,38903.0,15916.0,26226.0,34740.0,unchanged
1187357,,,,134380.0,26245.0,22114.0,newly_flagged
1187401,365119.0,365120.0,38943.0,365119.0,365120.0,34783.0,unchanged
1187402,4281.0,4364.0,17931.0,4281.0,4364.0,16689.0,unchanged
1187403,4281.0,4301.0,42077.0,4281.0,4301.0,37370.0,unchanged
1187404,4281.0,4364.0,17931.0,4281.0,4364.0,16689.0,unchanged
1187454,,3296.0,43055.0,,3296.0,38284.0,unchanged
1187488,85734.0,26245.0,23943.0,85734.0,26245.0,22114.0,unchanged
1187570,16201.0,3945.0,5843.0,16201.0,3945.0,5494.0,unchanged
1187571,16201.0,3945.0,5843.0,16201.0,3945.0,5494.0,unchanged
1187573,16222.0,3945.0,5843.0,16222.0,3945.0,5494.0,unchanged
1187590,227516.0,227517.0,39782.0,227516.0,227517.0,35470.0,unchanged
1187604,16053.0,3945.0,5843.0,16053.0,3945.0,5494.0,unchanged
1187607,16202.0,3945.0,5843.0,16202.0,3945.0,5494.0,unchanged
1187634,,,,47336.0,15814.0,16472.0,newly_flagged
1187689,3084.0,3113.0,43012.0,3084.0,3113.0,38246.0,unchanged
1187841,16044.0,16076.0,42230.0,,,,no_longer_flagged
1187857,160315.0,4427.0,40381.0,,,,no_longer_flagged
1187868,26317.0,16064.0,23580.0,26317.0,26326.0,21773.0,recommendation_changed
1187869,26317.0,16064.0,23580.0,26317.0,26326.0,21773.0,recommendation_changed
1187878,26342.0,3945.0,5843.0,26342.0,3945.0,5494.0,unchanged
1187879,26342.0,3945.0,5843.0,26342.0,3945.0,5494.0,unchanged
1187880,26342.0,3945.0,5843.0,26342.0,3945.0,5494.0,unchanged
1187881,26342.0,3945.0,5843.0,26342.0,3945.0,5494.0,unchanged
1187884,4004.0,3981.0,20613.0,4004.0,3981.0,19038.0,unchanged
1187888,378108.0,378107.0,38953.0,378108.0,378107.0,34791.0,unchanged
1187889,,21516.0,43129.0,,21516.0,38355.0,unchanged
1187902,26245.0,3767.0,41445.0,26245.0,3767.0,36888.0,unchanged
1187904,26342.0,3945.0,5843.0,26342.0,3945.0,5494.0,unchanged
1187905,16154.0,3945.0,5843.0,16154.0,3945.0,5494.0,unchanged
1187963,3976.0,21533.0,31165.0,,,,no_longer_flagged
1187986,251837.0,63005.0,394.0,251837.0,63005.0,369.0,unchanged
1187989,191679.0,191678.0,26341.0,191679.0,191678.0,24012.0,unchanged
1187999,16317.0,16169.0,30480.0,16317.0,16169.0,27590.0,unchanged
1188001,16317.0,16169.0,30480.0,16317.0,16169.0,27590.0,unchanged
1188054,,,,3259.0,3192.0,38383.0,newly_flagged
1188065,25246.0,12933.0,40659.0,25246.0,12933.0,36216.0,unchanged
1188068,3184.0,3220.0,43168.0,3184.0,3220.0,38387.0,unchanged
1188069,3184.0,3220.0,43168.0,3184.0,3220.0,38387.0,unchanged
1188072,256643.0,4124.0,40691.0,,,,no_longer_flagged
1188123,,,,3259.0,3192.0,38383.0,newly_flagged
1188143,,3220.0,43168.0,,3220.0,38387.0,unchanged
1188145,,,,4124.0,256643.0,17064.0,newly_flagged
1188170,,,,3450.0,3469.0,34357.0,newly_flagged
1188178,4033.0,4054.0,30386.0,4033.0,4054.0,27511.0,unchanged
1188180,16234.0,4054.0,30386.0,16234.0,4054.0,27511.0,unchanged
1188194,26369.0,16252.0,30594.0,26369.0,16252.0,27681.0,unchanged
1188254,19566.0,27437.0,21631.0,19566.0,27437.0,19989.0,unchanged
1188264,18684.0,18686.0,39254.0,18684.0,18686.0,35039.0,unchanged
1188271,18972.0,18870.0,42301.0,18972.0,18870.0,37840.0,unchanged
1188278,27446.0,19599.0,40550.0,27446.0,19599.0,36149.0,unchanged
1188282,159362.0,159361.0,39252.0,159362.0,159361.0,35038.0,unchanged
1188284,159362.0,159361.0,39252.0,159362.0,159361.0,35038.0,unchanged
1188285,159362.0,159361.0,39252.0,159362.0,159361.0,35038.0,unchanged
1188287,19620.0,19622.0,4191.0,19620.0,19622.0,3875.0,unchanged
1188308,19430.0,19445.0,42791.0,19430.0,19445.0,38035.0,unchanged
1188314,18700.0,18688.0,39127.0,18700.0,18688.0,34935.0,unchanged
1188320,157758.0,157757.0,42752.0,157758.0,157757.0,37996.0,unchanged
1188321,157758.0,157757.0,42752.0,157758.0,157757.0,37996.0,unchanged
1188323,19470.0,19445.0,42791.0,19470.0,19450.0,38036.0,recommendation_changed
1188324,297926.0,297924.0,22461.0,297926.0,19503.0,20779.0,recommendation_changed
1188336,19430.0,19445.0,42791.0,19430.0,19445.0,38035.0,unchanged
1188353,19586.0,19601.0,22403.0,19586.0,19601.0,20725.0,unchanged
1188361,19145.0,19057.0,22490.0,19145.0,19057.0,36159.0,unchanged
1188363,,,,19608.0,19599.0,36149.0,newly_flagged
1188364,,,,19608.0,19599.0,36149.0,newly_flagged
1188365,,,,19608.0,19599.0,36149.0,newly_flagged
1188374,19268.0,19207.0,42722.0,19268.0,19207.0,37968.0,unchanged
1188379,19596.0,19595.0,13918.0,19596.0,19595.0,12927.0,unchanged
1188380,159364.0,159361.0,39252.0,159364.0,159361.0,35038.0,unchanged
1188382,297922.0,297921.0,42735.0,,,,no_longer_flagged
1188385,297922.0,297921.0,42735.0,297922.0,19503.0,20779.0,recommendation_changed
1188387,27446.0,19599.0,40550.0,27446.0,19599.0,36149.0,unchanged
1188389,19588.0,19600.0,42798.0,19588.0,19600.0,38042.0,unchanged
1188395,159364.0,159361.0,39252.0,159364.0,159361.0,35038.0,unchanged
1188396,159364.0,159361.0,39252.0,159364.0,159361.0,35038.0,unchanged
1188399,19620.0,27451.0,42694.0,19620.0,27451.0,37940.0,unchanged
1188408,18970.0,18956.0,20243.0,18970.0,18956.0,18698.0,unchanged
1188415,297925.0,297924.0,22461.0,297925.0,19503.0,20779.0,recommendation_changed
1188416,297925.0,297924.0,22461.0,297925.0,19503.0,20779.0,recommendation_changed
1188423,19145.0,19057.0,22490.0,19145.0,19057.0,36159.0,unchanged
1188431,,,,4231.0,26437.0,12092.0,newly_flagged
1188439,16645.0,16629.0,31200.0,16645.0,16629.0,28253.0,unchanged
1188469,2613.0,2571.0,16795.0,2613.0,2571.0,15567.0,unchanged
1188497,3217.0,3178.0,17145.0,3217.0,3178.0,15913.0,unchanged
1188537,18658.0,18688.0,39127.0,18658.0,18688.0,34935.0,unchanged
1188539,21148.0,3084.0,42495.0,21148.0,3084.0,37758.0,unchanged
1188541,,,,21148.0,3084.0,37758.0,newly_flagged
1188546,4138.0,4108.0,42202.0,4138.0,21540.0,28202.0,recommendation_changed
1188554,,,,4124.0,256643.0,17064.0,newly_flagged
1188576,,,,4108.0,21540.0,28202.0,newly_flagged
1188582,,,,4528.0,80609.0,34795.0,newly_flagged
1188608,,,,4124.0,256643.0,17064.0,newly_flagged
1188650,,,,3259.0,3192.0,38383.0,newly_flagged
1188660,16439.0,16400.0,38902.0,16439.0,16400.0,34739.0,unchanged
1188684,16439.0,16400.0,38902.0,16439.0,16400.0,34739.0,unchanged
1188696,4235.0,4179.0,26364.0,4235.0,4179.0,24034.0,unchanged
1188705,16298.0,16379.0,17694.0,16298.0,16379.0,16454.0,unchanged
1188707,16429.0,16408.0,23891.0,16429.0,16408.0,22066.0,unchanged
1188708,16429.0,16408.0,23891.0,16429.0,16408.0,22066.0,unchanged
1188712,16429.0,16408.0,23891.0,16429.0,16408.0,22066.0,unchanged
1188713,,,,16332.0,16169.0,27590.0,newly_flagged
1188719,4288.0,4179.0,26364.0,4288.0,4179.0,24034.0,unchanged
1188723,16146.0,16040.0,42233.0,16146.0,16075.0,16524.0,recommendation_changed
1188724,16146.0,16040.0,42233.0,16146.0,16075.0,16524.0,recommendation_changed
1188725,16141.0,16040.0,42233.0,16141.0,16075.0,16524.0,recommendation_changed
1188726,16278.0,16169.0,30480.0,16278.0,16169.0,27590.0,unchanged
1188727,16290.0,16169.0,30480.0,16290.0,16169.0,27590.0,unchanged
1188728,16290.0,16169.0,30480.0,16290.0,16169.0,27590.0,unchanged
1188731,16308.0,16169.0,30480.0,16308.0,16169.0,27590.0,unchanged
1188732,16308.0,16169.0,30480.0,16308.0,16169.0,27590.0,unchanged
1188743,,,,16091.0,16075.0,16524.0,newly_flagged
1188744,,,,16091.0,16075.0,16524.0,newly_flagged
1188746,16290.0,16169.0,30480.0,16290.0,16169.0,27590.0,unchanged
1188747,,,,16332.0,16169.0,27590.0,newly_flagged
1188748,,,,16332.0,16169.0,27590.0,newly_flagged
1188749,,,,16332.0,16169.0,27590.0,newly_flagged
1188756,20929.0,20938.0,41977.0,20929.0,20938.0,37280.0,unchanged
1188762,16141.0,16040.0,42233.0,16141.0,16075.0,16524.0,recommendation_changed
1188764,16141.0,16040.0,42233.0,16141.0,16075.0,16524.0,recommendation_changed
1188766,16879.0,32929.0,3879.0,16879.0,32929.0,3568.0,unchanged
1188767,16868.0,32929.0,3879.0,16868.0,32929.0,3568.0,unchanged
1188768,16868.0,32929.0,3879.0,16868.0,32929.0,3568.0,unchanged
1188769,26579.0,32929.0,3879.0,,,,no_longer_flagged
1188774,26369.0,16252.0,30594.0,26369.0,16252.0,27681.0,unchanged
1188775,26369.0,16252.0,30594.0,26369.0,16252.0,27681.0,unchanged
1188776,,,,26369.0,16252.0,27681.0,newly_flagged
1188783,20977.0,2805.0,41976.0,20977.0,2805.0,37279.0,unchanged
1188790,,,,16091.0,16075.0,16524.0,newly_flagged
1188792,,,,16091.0,16075.0,16524.0,newly_flagged
1188814,16317.0,16169.0,30480.0,16317.0,16169.0,27590.0,unchanged
1188850,4462.0,4479.0,43220.0,4462.0,4479.0,38438.0,unchanged
1188956,4511.0,4475.0,42730.0,4511.0,4475.0,37976.0,unchanged
1188991,344378.0,4388.0,43324.0,344378.0,4388.0,38531.0,unchanged
1189033,4480.0,21597.0,7012.0,4480.0,4442.0,31085.0,recommendation_changed
1189091,425183.0,26167.0,24204.0,425183.0,425182.0,22356.0,recommendation_changed
1189092,425182.0,26167.0,24204.0,,,,no_longer_flagged
1189094,425182.0,26167.0,24204.0,,,,no_longer_flagged
1189158,4399.0,21574.0,26399.0,,,,no_longer_flagged
1189159,4400.0,21574.0,26399.0,4400.0,21574.0,24067.0,unchanged
1189160,4399.0,21574.0,26399.0,,,,no_longer_flagged
1189162,,,,258555.0,4566.0,27967.0,newly_flagged
1189165,,,,258555.0,4566.0,27967.0,newly_flagged
1189172,4400.0,21574.0,26399.0,4400.0,21574.0,24067.0,unchanged
1189188,4310.0,4297.0,5314.0,4310.0,4297.0,35020.0,unchanged
1189189,4297.0,4310.0,42882.0,4297.0,4310.0,38124.0,unchanged
1189204,4019.0,4005.0,43314.0,4019.0,4005.0,38519.0,unchanged
1189205,4005.0,4019.0,42880.0,4005.0,4019.0,38122.0,unchanged
1189244,4400.0,21574.0,26399.0,4400.0,21574.0,24067.0,unchanged
1189245,4399.0,21574.0,26399.0,,,,no_longer_flagged
1189254,4006.0,4018.0,31538.0,4006.0,4018.0,28573.0,unchanged
1189256,4009.0,3989.0,17971.0,4009.0,3989.0,16729.0,unchanged
1189295,4400.0,21574.0,26399.0,4400.0,21574.0,24067.0,unchanged
1189309,,,,4209.0,4213.0,38579.0,newly_flagged
1189324,,,,4209.0,4213.0,38579.0,newly_flagged
1189349,,,,16774.0,16751.0,38593.0,newly_flagged
1189385,536224.0,536226.0,13666.0,536224.0,536225.0,14545.0,recommendation_changed
1189402,,,,344378.0,344377.0,38604.0,newly_flagged
1189403,344377.0,344378.0,43416.0,,,,no_longer_flagged
1189404,344377.0,344378.0,43416.0,,,,no_longer_flagged
1189405,344377.0,344378.0,43416.0,,,,no_longer_flagged
1189411,,,,344378.0,344377.0,38604.0,newly_flagged
1189412,,,,344378.0,344377.0,38604.0,newly_flagged
1189413,344378.0,4388.0,43415.0,344378.0,4388.0,38603.0,unchanged
1189455,,,,4427.0,160315.0,37834.0,newly_flagged
1189470,4566.0,258555.0,43363.0,,,,no_longer_flagged
1189494,5054.0,5045.0,36564.0,,,,no_longer_flagged
1189532,27397.0,19469.0,5263.0,27397.0,19469.0,4939.0,unchanged
1189554,19596.0,19595.0,13918.0,19596.0,19595.0,12927.0,unchanged
1189563,,,,4550.0,4577.0,38627.0,newly_flagged
1189567,19503.0,297924.0,22461.0,,,,no_longer_flagged
1189568,19492.0,27387.0,22437.0,19492.0,27387.0,20757.0,unchanged
1189569,19492.0,27387.0,22437.0,19492.0,27387.0,20757.0,unchanged
1189617,,,,4427.0,160315.0,37834.0,newly_flagged
1189630,160315.0,4427.0,40381.0,,,,no_longer_flagged
1189674,160315.0,4427.0,40381.0,,,,no_longer_flagged
1189699,344378.0,4388.0,43415.0,344378.0,4388.0,38603.0,unchanged
1189701,344378.0,4388.0,43415.0,344378.0,4388.0,38603.0,unchanged
1189729,4391.0,4411.0,24229.0,4391.0,4411.0,22380.0,unchanged
1189766,4538.0,4532.0,33766.0,4538.0,4532.0,30722.0,unchanged
1189785,4444.0,4431.0,42892.0,4444.0,4431.0,38135.0,unchanged
1189790,,,,4427.0,160315.0,37834.0,newly_flagged
1189830,384831.0,384828.0,17103.0,384831.0,384828.0,15871.0,unchanged
1189836,21554.0,4416.0,42827.0,21554.0,4416.0,38069.0,unchanged
1189986,26220.0,377983.0,43504.0,26220.0,377983.0,38670.0,unchanged
1189994,21233.0,21254.0,43505.0,21233.0,21254.0,38671.0,unchanged
1190002,,,,26013.0,15076.0,38674.0,newly_flagged
1190005,,,,26013.0,15076.0,38674.0,newly_flagged
1190061,389868.0,4056.0,13036.0,389868.0,4056.0,12121.0,unchanged
1190071,444395.0,4331.0,41444.0,444395.0,4331.0,36887.0,unchanged
1190074,21254.0,21233.0,43506.0,21254.0,21233.0,38672.0,unchanged
1190082,15056.0,26007.0,17723.0,15056.0,26007.0,16483.0,unchanged
1190083,15056.0,26007.0,17723.0,15056.0,26007.0,16483.0,unchanged
1190084,15056.0,26007.0,17723.0,15056.0,26007.0,16483.0,unchanged
1190089,15076.0,26024.0,17698.0,15076.0,15083.0,16459.0,recommendation_changed
1190098,15076.0,26024.0,17698.0,15076.0,15083.0,16459.0,recommendation_changed
1190101,15076.0,26024.0,17698.0,15076.0,15083.0,16459.0,recommendation_changed
1190109,26018.0,15056.0,7891.0,26018.0,15056.0,7380.0,unchanged
1190122,26024.0,26025.0,7890.0,,,,no_longer_flagged
1190123,,,,26025.0,26024.0,7382.0,newly_flagged
1190124,26024.0,26025.0,7890.0,,,,no_longer_flagged
1190125,26024.0,26025.0,7890.0,,,,no_longer_flagged
1190126,15083.0,26024.0,17698.0,,,,no_longer_flagged
1190127,15083.0,26024.0,17698.0,,,,no_longer_flagged
1190128,15083.0,26024.0,17698.0,,,,no_longer_flagged
1190164,4459.0,375949.0,42729.0,,,,no_longer_flagged
1190179,21530.0,21529.0,31419.0,21530.0,21529.0,28464.0,unchanged
1190181,21530.0,21529.0,31419.0,21530.0,21529.0,28464.0,unchanged
1190233,3976.0,21533.0,31165.0,,,,no_longer_flagged
1190306,4064.0,4052.0,32721.0,4064.0,4052.0,29716.0,unchanged
1190350,4191.0,4172.0,39749.0,4191.0,4172.0,35434.0,unchanged
1190352,4191.0,4172.0,39749.0,4191.0,4172.0,35434.0,unchanged
1190396,4184.0,4134.0,31164.0,4184.0,4134.0,28219.0,unchanged
1190397,4194.0,4134.0,31164.0,4194.0,4134.0,28219.0,unchanged
1190401,4210.0,4222.0,17635.0,4210.0,4222.0,16396.0,unchanged
1190427,2783.0,20926.0,43567.0,2783.0,20926.0,38732.0,unchanged
1190431,,405755.0,23969.0,,405755.0,22138.0,unchanged
1190454,2783.0,20926.0,43567.0,2783.0,20926.0,38732.0,unchanged
1190515,94372.0,140799.0,23938.0,94372.0,140799.0,22110.0,unchanged
1190516,94372.0,140799.0,23938.0,94372.0,140799.0,22110.0,unchanged
1190520,94372.0,140799.0,23938.0,94372.0,140799.0,22110.0,unchanged
1190521,94372.0,140799.0,23938.0,94372.0,140799.0,22110.0,unchanged
1190534,384829.0,384828.0,17103.0,384829.0,384828.0,15871.0,unchanged
1190623,3680.0,3708.0,23758.0,3680.0,3708.0,21944.0,unchanged
1190628,4456.0,4463.0,42690.0,4456.0,4463.0,37935.0,unchanged
1190630,376035.0,332475.0,43602.0,376035.0,15874.0,38759.0,recommendation_changed
1190732,21320.0,21309.0,38905.0,21320.0,21309.0,34744.0,unchanged
1190741,47004.0,47005.0,42990.0,47004.0,47005.0,38230.0,unchanged
1190755,21426.0,3708.0,1603.0,21426.0,3708.0,1481.0,unchanged
1190758,,,,2977.0,15032.0,21946.0,newly_flagged
1190759,15032.0,2977.0,43622.0,,,,no_longer_flagged
1190760,,,,2977.0,15032.0,21946.0,newly_flagged
1190761,15032.0,2977.0,43622.0,,,,no_longer_flagged
1190765,16317.0,16169.0,30480.0,16317.0,16169.0,27590.0,unchanged
1190930,27335.0,19285.0,13080.0,27335.0,19322.0,30664.0,recommendation_changed
1190933,53404.0,53403.0,32240.0,53404.0,53403.0,29254.0,unchanged
1190943,18697.0,18633.0,22209.0,,,,no_longer_flagged
1190945,18697.0,18633.0,22209.0,,,,no_longer_flagged
1190994,19488.0,19445.0,42791.0,19488.0,19450.0,38036.0,recommendation_changed
1190996,27317.0,19168.0,21438.0,,,,no_longer_flagged
1191008,18938.0,27253.0,28933.0,18938.0,27253.0,26154.0,unchanged
1191010,,,,18696.0,18688.0,34935.0,newly_flagged
1191040,18725.0,18757.0,21109.0,18725.0,18757.0,19482.0,unchanged
1191057,19145.0,19057.0,22490.0,19145.0,19057.0,36159.0,unchanged
1191060,160315.0,4427.0,40381.0,,,,no_longer_flagged
1191065,377982.0,377979.0,24190.0,377982.0,377979.0,22342.0,unchanged
1191066,19212.0,19168.0,21438.0,19212.0,19168.0,37590.0,unchanged
1191067,19212.0,19168.0,21438.0,19212.0,19168.0,37590.0,unchanged
1191070,19301.0,19285.0,13080.0,,,,no_longer_flagged
1191073,19301.0,19285.0,13080.0,,,,no_longer_flagged
1191084,18524.0,18550.0,12860.0,18524.0,18550.0,11943.0,unchanged
1191110,18914.0,18894.0,43664.0,18914.0,18774.0,20674.0,recommendation_changed
1191111,,,,18894.0,18774.0,20674.0,newly_flagged
1191112,,,,18894.0,18774.0,20674.0,newly_flagged
1191113,,,,18894.0,18774.0,20674.0,newly_flagged
1191131,19643.0,19638.0,23912.0,19643.0,19638.0,22084.0,unchanged
1191132,19643.0,19638.0,23912.0,19643.0,19638.0,22084.0,unchanged
1191133,19643.0,19638.0,23912.0,19643.0,19638.0,22084.0,unchanged
1191135,,,,18951.0,18899.0,18705.0,newly_flagged
1191136,,,,18951.0,18899.0,18705.0,newly_flagged
1191153,19441.0,19429.0,42545.0,,,,no_longer_flagged
1191169,19441.0,19429.0,42545.0,,,,no_longer_flagged
1191210,53404.0,53403.0,32240.0,53404.0,53403.0,29254.0,unchanged
1191223,,,,19429.0,19401.0,20842.0,newly_flagged
1191238,,,,17234.0,17274.0,21185.0,newly_flagged
1191246,,,,275837.0,283536.0,16936.0,newly_flagged
1191300,3635.0,3682.0,19914.0,3635.0,3682.0,18444.0,unchanged
1191343,259516.0,19665.0,36873.0,259516.0,19665.0,33157.0,unchanged
1191344,,,,364940.0,330875.0,16446.0,newly_flagged
1191348,21139.0,21127.0,41077.0,21139.0,21127.0,36587.0,unchanged
1194983,,,,536651.0,99171.0,22141.0,newly_flagged
1195003,,,,274567.0,25168.0,38833.0,newly_flagged
1195005,11725.0,11826.0,23727.0,11725.0,11678.0,21914.0,recommendation_changed
1195010,26369.0,16252.0,30594.0,26369.0,16252.0,27681.0,unchanged
1195011,12270.0,12223.0,40770.0,12270.0,12223.0,36318.0,unchanged
1195013,19961.0,913.0,5311.0,19961.0,913.0,4987.0,unchanged
1195297,,,,10302.0,24121.0,29369.0,newly_flagged
1195308,27395.0,19428.0,42544.0,27395.0,19428.0,37801.0,unchanged
1195332,160315.0,4427.0,40381.0,,,,no_longer_flagged
1195365,66222.0,26014.0,43739.0,66222.0,26014.0,38866.0,unchanged
1195377,12655.0,12623.0,31412.0,12655.0,25117.0,28457.0,recommendation_changed
1195378,383451.0,21395.0,39761.0,383451.0,21395.0,35446.0,unchanged
1195390,19560.0,27436.0,9812.0,19560.0,27436.0,9100.0,unchanged
1195400,,,,284160.0,284161.0,38876.0,newly_flagged
1195401,,,,284160.0,284161.0,38876.0,newly_flagged
1195405,6707.0,6776.0,43758.0,6707.0,6776.0,38878.0,unchanged
1195440,273289.0,273287.0,32129.0,,,,no_longer_flagged
1195441,273289.0,273287.0,32129.0,,,,no_longer_flagged
1195442,273289.0,273287.0,32129.0,,,,no_longer_flagged
1195443,273289.0,273287.0,32129.0,,,,no_longer_flagged
1195451,284483.0,284167.0,32031.0,284483.0,284167.0,29050.0,unchanged
1195471,284478.0,284167.0,32031.0,,,,no_longer_flagged
1195484,284482.0,284480.0,43783.0,284482.0,284480.0,38902.0,unchanged
1195486,284482.0,284480.0,43783.0,284482.0,284480.0,38902.0,unchanged
1195487,284482.0,284480.0,43783.0,284482.0,284480.0,38902.0,unchanged
1195519,272639.0,272642.0,32130.0,272639.0,272636.0,29148.0,recommendation_changed
1195536,282555.0,282558.0,43805.0,282555.0,282558.0,38926.0,unchanged
1195540,282555.0,282558.0,43805.0,282555.0,282558.0,38926.0,unchanged
1195548,,,,284162.0,284163.0,29002.0,newly_flagged
1195549,,,,284162.0,284163.0,29002.0,newly_flagged
1195556,284478.0,284167.0,32031.0,,,,no_longer_flagged
1195558,284478.0,284167.0,32031.0,,,,no_longer_flagged
1195559,284483.0,284167.0,32031.0,284483.0,284167.0,29050.0,unchanged
1195574,284170.0,284164.0,33329.0,284170.0,284164.0,30304.0,unchanged
1195585,282555.0,282558.0,43805.0,282555.0,282558.0,38926.0,unchanged
1195586,282555.0,282558.0,43805.0,282555.0,282558.0,38926.0,unchanged
1195587,282555.0,282558.0,43805.0,282555.0,282558.0,38926.0,unchanged
1195600,269121.0,269120.0,43821.0,269121.0,269120.0,38942.0,unchanged
1195606,258242.0,258236.0,43824.0,258242.0,258236.0,38945.0,unchanged
1195607,258242.0,258236.0,43824.0,258242.0,258236.0,38945.0,unchanged
1195615,258239.0,258244.0,32033.0,258239.0,258244.0,29052.0,unchanged
1195628,270397.0,270395.0,43828.0,270397.0,270395.0,38950.0,unchanged
1195630,270397.0,270395.0,43828.0,270397.0,270395.0,38950.0,unchanged
1195631,270397.0,270395.0,43828.0,270397.0,270395.0,38950.0,unchanged
1195664,280645.0,280643.0,43833.0,,,,no_longer_flagged
1195666,280645.0,280643.0,43833.0,,,,no_longer_flagged
1195667,280645.0,280643.0,43833.0,,,,no_longer_flagged
1195672,270397.0,270395.0,43828.0,270397.0,270395.0,38950.0,unchanged
1195689,282557.0,282561.0,32134.0,,,,no_longer_flagged
1195726,165116.0,798.0,4381.0,165116.0,164809.0,28102.0,recommendation_changed
1195727,165116.0,798.0,4381.0,165116.0,164809.0,28102.0,recommendation_changed
1195728,164806.0,798.0,4381.0,,,,no_longer_flagged
1195729,165116.0,798.0,4381.0,165116.0,164809.0,28102.0,recommendation_changed
1195820,24024.0,10216.0,40200.0,24024.0,10216.0,35838.0,unchanged
1195821,24024.0,10216.0,40200.0,24024.0,10216.0,35838.0,unchanged
1195880,855.0,830.0,30948.0,,,,no_longer_flagged
1195899,855.0,830.0,30948.0,,,,no_longer_flagged
1195900,103643.0,830.0,30948.0,103643.0,855.0,28013.0,recommendation_changed
1195901,855.0,830.0,30948.0,,,,no_longer_flagged
1195971,775.0,19940.0,17476.0,775.0,19940.0,16236.0,unchanged
1195975,775.0,19940.0,17476.0,775.0,19940.0,16236.0,unchanged
1195977,775.0,19940.0,17476.0,775.0,19940.0,16236.0,unchanged
1196001,31333.0,285756.0,43940.0,31333.0,285756.0,21799.0,unchanged
1196006,24064.0,10251.0,40193.0,24064.0,10251.0,35834.0,unchanged
1196035,24322.0,10579.0,31308.0,24322.0,10623.0,35857.0,recommendation_changed
1196036,11419.0,11428.0,40106.0,11419.0,11428.0,35761.0,unchanged
1196045,,,,25323.0,25307.0,26362.0,newly_flagged
1196078,10862.0,285756.0,43940.0,10862.0,285756.0,21799.0,unchanged
1196079,76764.0,76763.0,32353.0,76764.0,76763.0,29362.0,unchanged
1196102,,,,12085.0,12137.0,37547.0,newly_flagged
1196134,10785.0,10724.0,31683.0,10785.0,10724.0,28719.0,unchanged
1196136,10785.0,10724.0,31683.0,10785.0,10724.0,28719.0,unchanged
1196145,24322.0,10579.0,31308.0,24322.0,10623.0,35857.0,recommendation_changed
1196180,10707.0,10579.0,31308.0,10707.0,10623.0,35857.0,recommendation_changed
1196236,12141.0,12194.0,40175.0,,,,no_longer_flagged
1196239,10793.0,24432.0,40163.0,10793.0,24432.0,35808.0,unchanged
1196240,10793.0,24432.0,40163.0,10793.0,24432.0,35808.0,unchanged
1196241,24432.0,10793.0,11495.0,24432.0,10793.0,10620.0,unchanged
1196244,11219.0,24506.0,14371.0,11219.0,24506.0,13371.0,unchanged
1196247,11282.0,11319.0,33941.0,11282.0,11319.0,30875.0,unchanged
1196254,10785.0,10724.0,40151.0,10785.0,10724.0,35801.0,unchanged
1196259,10787.0,10792.0,40158.0,10787.0,10792.0,35805.0,unchanged
1196274,24393.0,24378.0,25040.0,24393.0,24378.0,23046.0,unchanged
1196275,10785.0,10724.0,31683.0,10785.0,10724.0,28719.0,unchanged
1196276,24378.0,10685.0,40149.0,24378.0,10685.0,35799.0,unchanged
1196277,10875.0,10724.0,40151.0,,,,no_longer_flagged
1196281,11370.0,823.0,31326.0,11370.0,823.0,28377.0,unchanged
1196283,10446.0,10478.0,40244.0,10446.0,10478.0,35872.0,unchanged
1196509,24064.0,10251.0,40193.0,24064.0,10251.0,35834.0,unchanged
1196560,11163.0,11180.0,38006.0,11163.0,11180.0,33998.0,unchanged
1196579,10707.0,10579.0,31308.0,10707.0,10623.0,35857.0,recommendation_changed
1196585,23920.0,9975.0,40209.0,23920.0,9975.0,35844.0,unchanged
1196589,9975.0,23924.0,31729.0,9975.0,23924.0,28760.0,unchanged
1196615,24024.0,10216.0,40200.0,24024.0,10216.0,35838.0,unchanged
1196616,24024.0,10216.0,40200.0,24024.0,10216.0,35838.0,unchanged
1196617,24024.0,10216.0,40200.0,24024.0,10216.0,35838.0,unchanged
1196646,,449042.0,28672.0,,449042.0,25909.0,unchanged
1196694,,,,11274.0,11254.0,26488.0,newly_flagged
1196724,19918.0,724.0,39831.0,19918.0,724.0,35519.0,unchanged
1196725,19918.0,724.0,39831.0,19918.0,724.0,35519.0,unchanged
1196745,11279.0,11278.0,40311.0,,,,no_longer_flagged
1196746,11279.0,11278.0,40311.0,,,,no_longer_flagged
1196747,11279.0,11278.0,40311.0,,,,no_longer_flagged
1196843,10729.0,10711.0,44166.0,10729.0,10711.0,39221.0,unchanged
1196859,,,,1042.0,993.0,7027.0,newly_flagged
1196888,10814.0,10846.0,44179.0,10814.0,10846.0,39229.0,unchanged
1196912,11254.0,11292.0,44189.0,11254.0,11292.0,39238.0,unchanged
1196941,12614.0,12548.0,39852.0,12614.0,12548.0,35541.0,unchanged
1197008,12017.0,12078.0,11263.0,12017.0,12078.0,10417.0,unchanged
1197065,45732.0,45733.0,29439.0,,,,no_longer_flagged
1197070,45734.0,45733.0,31777.0,,,,no_longer_flagged
1197071,535976.0,535975.0,98.0,535976.0,535975.0,5583.0,unchanged
1197147,11212.0,11190.0,44138.0,11212.0,11190.0,39207.0,unchanged
1197151,,,,11274.0,11254.0,26488.0,newly_flagged
1197154,,,,11278.0,11279.0,39205.0,newly_flagged
1197156,,,,11278.0,11279.0,39205.0,newly_flagged
1197157,11279.0,11278.0,40311.0,,,,no_longer_flagged
1197184,,,,11274.0,11254.0,26488.0,newly_flagged
1197222,,,,11274.0,11254.0,26488.0,newly_flagged
1197286,10408.0,599.0,13468.0,10408.0,599.0,12476.0,unchanged
1197287,10371.0,599.0,13468.0,10371.0,599.0,12476.0,unchanged
1197288,10327.0,599.0,13468.0,10327.0,599.0,12476.0,unchanged
1197289,10327.0,599.0,13468.0,10327.0,599.0,12476.0,unchanged
1197298,25146.0,25105.0,29237.0,,,,no_longer_flagged
1197299,25146.0,25105.0,29237.0,,,,no_longer_flagged
1197301,25146.0,25105.0,29237.0,,,,no_longer_flagged
1197308,,,,19954.0,820.0,35681.0,newly_flagged
1197330,25003.0,25099.0,29247.0,25003.0,25099.0,26453.0,unchanged
1197350,175682.0,1293.0,4707.0,175682.0,1293.0,4381.0,unchanged
1197352,175682.0,1293.0,4707.0,175682.0,1293.0,4381.0,unchanged
1197353,175682.0,20045.0,7053.0,175682.0,20045.0,6615.0,unchanged
1197364,175682.0,1293.0,4707.0,175682.0,1293.0,4381.0,unchanged
1197365,175682.0,1293.0,4707.0,175682.0,1293.0,4381.0,unchanged
1197403,175682.0,1293.0,4707.0,175682.0,1293.0,4381.0,unchanged
1197404,175682.0,1293.0,4707.0,175682.0,1293.0,4381.0,unchanged
1197442,10722.0,10754.0,44315.0,,,,no_longer_flagged
1197472,10722.0,10754.0,44325.0,,,,no_longer_flagged
1197486,11702.0,11675.0,44331.0,11702.0,11675.0,39343.0,unchanged
1197527,23731.0,9583.0,28663.0,23731.0,9523.0,33141.0,recommendation_changed
1197528,23731.0,9583.0,28663.0,23731.0,9523.0,33141.0,recommendation_changed
1197529,23731.0,9583.0,28663.0,23731.0,9523.0,33141.0,recommendation_changed
1197537,24849.0,12115.0,31418.0,24849.0,12113.0,28463.0,recommendation_changed
1197548,8718.0,8644.0,44362.0,8718.0,8644.0,39370.0,unchanged
1197551,23743.0,9546.0,23854.0,23743.0,9580.0,22033.0,recommendation_changed
1197608,23933.0,23928.0,44385.0,23933.0,23928.0,39393.0,unchanged
1197614,23933.0,23928.0,44385.0,23933.0,23928.0,39393.0,unchanged
1197615,23933.0,23928.0,44385.0,23933.0,23928.0,39393.0,unchanged
1197617,23933.0,23928.0,44385.0,23933.0,23928.0,39393.0,unchanged
1197626,24389.0,10778.0,44397.0,,,,no_longer_flagged
1197627,24389.0,10778.0,44397.0,,,,no_longer_flagged
1197638,10806.0,10832.0,44402.0,,,,no_longer_flagged
1197639,24389.0,10778.0,44397.0,,,,no_longer_flagged
1197640,10806.0,10832.0,44402.0,,,,no_longer_flagged
1197641,10806.0,10832.0,44402.0,,,,no_longer_flagged
1197660,24867.0,12115.0,31418.0,24867.0,12113.0,28463.0,recommendation_changed
1197671,,,,23461.0,23497.0,3281.0,newly_flagged
1197723,,,,12115.0,12113.0,28463.0,newly_flagged
1197756,10731.0,10754.0,44448.0,,,,no_longer_flagged
1197760,24025.0,24013.0,36739.0,24025.0,24013.0,33017.0,unchanged
1197766,10731.0,10754.0,44448.0,,,,no_longer_flagged
1197767,10731.0,10754.0,44448.0,,,,no_longer_flagged
1197771,10731.0,10679.0,44453.0,,,,no_longer_flagged
1197788,11112.0,24513.0,21512.0,11112.0,24513.0,19867.0,unchanged
1197790,10667.0,24320.0,23702.0,10667.0,24320.0,21896.0,unchanged
1197801,24025.0,24013.0,36739.0,24025.0,24013.0,33017.0,unchanged
1197820,10731.0,10754.0,44471.0,,,,no_longer_flagged
1197821,10731.0,10754.0,44448.0,,,,no_longer_flagged
1197868,11329.0,11320.0,28627.0,11329.0,11320.0,25864.0,unchanged
1197869,11427.0,11429.0,44486.0,11427.0,11429.0,39489.0,unchanged
1197884,24004.0,10000.0,44494.0,,,,no_longer_flagged
1197885,,,,554.0,534.0,28742.0,newly_flagged
1197920,24376.0,10777.0,44510.0,24376.0,10777.0,39508.0,unchanged
1197922,24341.0,24350.0,44509.0,24341.0,24350.0,39507.0,unchanged
1197923,570.0,555.0,30867.0,570.0,555.0,27933.0,unchanged
1197927,11171.0,24538.0,33391.0,11171.0,24538.0,30362.0,unchanged
1197958,,,,10744.0,10768.0,39522.0,newly_flagged
1197959,10744.0,10768.0,44529.0,10744.0,10768.0,39522.0,unchanged
1197961,10744.0,10768.0,44529.0,10744.0,10768.0,39522.0,unchanged
1197970,205115.0,19883.0,44534.0,205115.0,19883.0,39527.0,unchanged
1197971,205115.0,19883.0,44534.0,205115.0,19883.0,39527.0,unchanged
1197973,24004.0,10000.0,44494.0,,,,no_longer_flagged
1197985,595.0,85730.0,44539.0,595.0,85730.0,39532.0,unchanged
1197993,11250.0,11223.0,44527.0,11250.0,11223.0,39521.0,unchanged
1197998,548.0,518.0,30950.0,,,,no_longer_flagged
1197999,548.0,518.0,30950.0,,,,no_longer_flagged
1198000,548.0,518.0,30950.0,,,,no_longer_flagged
1198003,,,,554.0,534.0,28742.0,newly_flagged
1198005,24004.0,10000.0,44494.0,,,,no_longer_flagged
1198015,10346.0,10377.0,44550.0,10346.0,10377.0,39543.0,unchanged
1198038,19905.0,662.0,44561.0,19905.0,662.0,39553.0,unchanged
1198052,11613.0,11684.0,44565.0,11613.0,11615.0,39345.0,recommendation_changed
1198090,9469.0,9498.0,5528.0,9469.0,9498.0,5184.0,unchanged
1198121,24348.0,10739.0,44585.0,24348.0,10739.0,39579.0,unchanged
1198122,583.0,557.0,31087.0,583.0,557.0,28141.0,unchanged
1198138,10739.0,10770.0,44593.0,10739.0,10770.0,39584.0,unchanged
1198141,24348.0,10599.0,44532.0,24348.0,10599.0,39525.0,unchanged
1198144,10667.0,24320.0,23702.0,10667.0,24320.0,21896.0,unchanged
1198181,11390.0,11360.0,44595.0,11390.0,11360.0,39586.0,unchanged
1198183,24339.0,24317.0,20705.0,24339.0,24317.0,19109.0,unchanged
1198184,24348.0,10739.0,44585.0,24348.0,10739.0,39579.0,unchanged
1198185,24339.0,24317.0,20705.0,24339.0,24317.0,19109.0,unchanged
1198199,473208.0,449264.0,4360.0,473208.0,473209.0,10486.0,recommendation_changed
1198229,10739.0,10770.0,44593.0,10739.0,10770.0,39584.0,unchanged
1198246,10679.0,10731.0,44323.0,,,,no_longer_flagged
1198248,10679.0,10731.0,44323.0,,,,no_longer_flagged
1198249,10679.0,10731.0,44323.0,,,,no_longer_flagged
1198250,10679.0,10731.0,44322.0,,,,no_longer_flagged
1198289,24233.0,10506.0,44631.0,24233.0,10506.0,39617.0,unchanged
1198317,19891.0,19899.0,14549.0,19891.0,19899.0,13543.0,unchanged
1198334,10779.0,10762.0,21883.0,,,,no_longer_flagged
1198335,10779.0,10762.0,21883.0,,,,no_longer_flagged
1198337,10779.0,10762.0,44525.0,,,,no_longer_flagged
1198350,10779.0,10768.0,44529.0,,,,no_longer_flagged
1198351,10779.0,10768.0,44529.0,,,,no_longer_flagged
1198352,10779.0,10768.0,44529.0,,,,no_longer_flagged
1198353,10779.0,10768.0,44529.0,,,,no_longer_flagged
1198377,9579.0,9703.0,31221.0,9579.0,9703.0,28274.0,unchanged
1198378,,,,652.0,654.0,30929.0,newly_flagged
1198437,9501.0,9473.0,44693.0,9501.0,9473.0,39671.0,unchanged
1198464,9564.0,23776.0,4934.0,9564.0,23776.0,4605.0,unchanged
1198466,9523.0,9583.0,28663.0,,,,no_longer_flagged
1198467,9523.0,9583.0,28663.0,,,,no_longer_flagged
1198473,12145.0,12115.0,31418.0,12145.0,12113.0,28463.0,recommendation_changed
1198479,9370.0,9362.0,28902.0,9370.0,9362.0,26123.0,unchanged
1198483,9584.0,23776.0,4934.0,9584.0,23776.0,4605.0,unchanged
1198484,9564.0,23776.0,4934.0,9564.0,23776.0,4605.0,unchanged
1198485,9584.0,23776.0,4934.0,9584.0,23776.0,4605.0,unchanged
1198487,9564.0,23776.0,4934.0,9564.0,23776.0,4605.0,unchanged
1198498,12327.0,12395.0,44713.0,12327.0,12395.0,39691.0,unchanged
1198500,12327.0,12395.0,44713.0,12327.0,12395.0,39691.0,unchanged
1198535,,,,11065.0,11040.0,19474.0,newly_flagged
1198578,9388.0,9338.0,44743.0,9388.0,9338.0,39720.0,unchanged
1198646,12374.0,12380.0,44703.0,12374.0,12380.0,39681.0,unchanged
1198758,12596.0,12588.0,44808.0,12596.0,12588.0,39775.0,unchanged
1198765,12596.0,12588.0,44808.0,12596.0,12588.0,39775.0,unchanged
1198803,280966.0,280965.0,11269.0,,,,no_longer_flagged
1198851,,,,23687.0,23634.0,39807.0,newly_flagged
1198861,,,,23687.0,23634.0,39807.0,newly_flagged
1198862,23673.0,23684.0,5035.0,23673.0,23684.0,4702.0,unchanged
1198863,23673.0,9362.0,28902.0,23673.0,9362.0,26123.0,unchanged
1198864,23673.0,23684.0,5035.0,23673.0,23684.0,4702.0,unchanged
1198866,9370.0,9362.0,28902.0,9370.0,9362.0,26123.0,unchanged
1198875,19891.0,19899.0,14549.0,19891.0,19899.0,13543.0,unchanged
1198877,,,,23687.0,23634.0,39807.0,newly_flagged
1198894,9376.0,9337.0,44854.0,,,,no_longer_flagged
1198912,9544.0,9533.0,44685.0,9544.0,9533.0,3214.0,unchanged
1198913,9544.0,9533.0,44685.0,9544.0,9533.0,3214.0,unchanged
1198914,9544.0,9598.0,44707.0,9544.0,9598.0,39685.0,unchanged
1198915,,,,23785.0,9533.0,3214.0,newly_flagged
1198937,9584.0,23776.0,4934.0,9584.0,23776.0,4605.0,unchanged
1198940,23783.0,9715.0,12862.0,23783.0,9715.0,11945.0,unchanged
1198941,23783.0,9715.0,12862.0,23783.0,9715.0,11945.0,unchanged
1198955,9584.0,23776.0,4934.0,9584.0,23776.0,4605.0,unchanged
1198962,9584.0,23776.0,4934.0,9584.0,23776.0,4605.0,unchanged
1198969,9579.0,9703.0,31221.0,9579.0,9703.0,28274.0,unchanged
1199122,12700.0,12719.0,44925.0,,,,no_longer_flagged
1199123,12700.0,12719.0,44925.0,,,,no_longer_flagged
1199125,,,,12719.0,12700.0,39884.0,newly_flagged
1199153,12380.0,12375.0,23840.0,12380.0,12375.0,22018.0,unchanged
1199187,9743.0,9749.0,31230.0,9743.0,9749.0,28283.0,unchanged
1199222,12167.0,12169.0,44930.0,12167.0,12169.0,39889.0,unchanged
1199291,9863.0,9818.0,33151.0,9863.0,9818.0,30139.0,unchanged
1199317,9512.0,9583.0,28663.0,9512.0,9523.0,33141.0,recommendation_changed
1199327,9523.0,9496.0,44981.0,9523.0,9496.0,39933.0,unchanged
1199328,9543.0,9583.0,28663.0,9543.0,9523.0,33141.0,recommendation_changed
1199342,9543.0,9583.0,28663.0,,,,no_longer_flagged
1199343,9543.0,9583.0,28663.0,,,,no_longer_flagged
1199344,9543.0,9583.0,28663.0,,,,no_longer_flagged
1199388,,,,588.0,558.0,28556.0,newly_flagged
1199415,,,,9940.0,23914.0,30351.0,newly_flagged
1199417,,,,9940.0,23914.0,30351.0,newly_flagged
1199423,9661.0,9660.0,31322.0,9661.0,9660.0,28373.0,unchanged
1199426,9661.0,9660.0,31322.0,9661.0,9660.0,28373.0,unchanged
1199429,9661.0,9660.0,31322.0,9661.0,9660.0,28373.0,unchanged
1199430,9580.0,9546.0,23854.0,,,,no_longer_flagged
1199470,9544.0,9533.0,44685.0,9544.0,9533.0,3214.0,unchanged
1199473,9544.0,9533.0,44685.0,9544.0,9533.0,3214.0,unchanged
1199478,23657.0,23634.0,45025.0,23657.0,23634.0,39807.0,unchanged
1199479,23657.0,23634.0,45025.0,23657.0,23634.0,39807.0,unchanged
1199480,23657.0,23634.0,45025.0,23657.0,23634.0,39807.0,unchanged
1199481,23657.0,23634.0,45025.0,23657.0,23634.0,39807.0,unchanged
1199486,,,,23687.0,23634.0,39807.0,newly_flagged
1199488,,,,23687.0,23634.0,39807.0,newly_flagged
1199496,23657.0,23634.0,45025.0,23657.0,23634.0,39807.0,unchanged
1199527,9611.0,9520.0,44741.0,9611.0,9520.0,39718.0,unchanged
1199574,24049.0,10113.0,45050.0,24049.0,10113.0,39999.0,unchanged
1199590,25079.0,12596.0,44803.0,25079.0,12596.0,39770.0,unchanged
1199601,9523.0,9496.0,44981.0,9523.0,9496.0,39933.0,unchanged
1199669,,,,23941.0,10006.0,40022.0,newly_flagged
1199699,,,,9879.0,23908.0,40030.0,newly_flagged
1199709,10006.0,23941.0,45084.0,10006.0,23941.0,40032.0,unchanged
1199774,23728.0,9467.0,24177.0,23728.0,9467.0,22330.0,unchanged
1199782,9629.0,9575.0,45103.0,9629.0,9575.0,40053.0,unchanged
1199783,,,,9554.0,23684.0,4702.0,newly_flagged
1199784,9554.0,9467.0,24177.0,9554.0,9467.0,22330.0,unchanged
1199790,19882.0,518.0,30950.0,19882.0,558.0,28556.0,recommendation_changed
1199793,19882.0,518.0,30950.0,19882.0,558.0,28556.0,recommendation_changed
1199799,9376.0,9337.0,44854.0,,,,no_longer_flagged
1199801,9376.0,9337.0,44854.0,,,,no_longer_flagged
1199824,24957.0,24964.0,45091.0,24957.0,24964.0,40037.0,unchanged
1199833,23783.0,9715.0,12862.0,23783.0,9715.0,11945.0,unchanged
1199867,23727.0,9467.0,24177.0,23727.0,9467.0,22330.0,unchanged
1199871,24914.0,24947.0,45127.0,24914.0,24947.0,40072.0,unchanged
1199926,628.0,599.0,13468.0,628.0,599.0,12476.0,unchanged
1200003,,,,12112.0,12084.0,30854.0,newly_flagged
1200004,24831.0,12084.0,31523.0,,,,no_longer_flagged
1200011,11876.0,24801.0,31042.0,,,,no_longer_flagged
1200012,24831.0,12084.0,31523.0,,,,no_longer_flagged
1200013,11880.0,24801.0,31042.0,11880.0,24801.0,28096.0,unchanged
1200074,12145.0,12115.0,31418.0,12145.0,12113.0,28463.0,recommendation_changed
1200135,12443.0,12359.0,12718.0,12443.0,12359.0,11797.0,unchanged
1200179,24017.0,10135.0,17153.0,,,,no_longer_flagged
1200193,1314.0,1263.0,33155.0,1314.0,1306.0,30142.0,recommendation_changed
1200196,12818.0,12621.0,24600.0,,,,no_longer_flagged
1200197,12818.0,12621.0,24600.0,,,,no_longer_flagged
1200198,12769.0,12621.0,24600.0,12769.0,12621.0,31022.0,unchanged
1200199,12769.0,12779.0,44559.0,12769.0,12779.0,39551.0,unchanged
1200202,12818.0,12621.0,24600.0,,,,no_longer_flagged
1200203,12840.0,12621.0,24600.0,12840.0,12621.0,31022.0,unchanged
1200204,12840.0,12621.0,24600.0,12840.0,12621.0,31022.0,unchanged
1200205,12818.0,12621.0,24600.0,,,,no_longer_flagged
1200213,,,,1263.0,1306.0,30142.0,newly_flagged
1200218,,,,1263.0,1306.0,30142.0,newly_flagged
1200254,10383.0,599.0,13468.0,10383.0,599.0,12476.0,unchanged
1200255,10231.0,599.0,13468.0,10231.0,599.0,12476.0,unchanged
1200264,9543.0,9583.0,28663.0,,,,no_longer_flagged
1200302,10231.0,599.0,13468.0,10231.0,599.0,12476.0,unchanged
1200305,10318.0,599.0,13468.0,10318.0,599.0,12476.0,unchanged
1200313,12370.0,12287.0,45220.0,12370.0,12287.0,40166.0,unchanged
1200321,12817.0,12787.0,30947.0,12817.0,12787.0,28012.0,unchanged
1200325,114220.0,114219.0,45249.0,114220.0,114219.0,40192.0,unchanged
1200333,103643.0,830.0,30948.0,103643.0,855.0,28013.0,recommendation_changed
1200334,12132.0,12110.0,45253.0,12132.0,12110.0,40196.0,unchanged
1200351,12322.0,24974.0,30983.0,,,,no_longer_flagged
1200364,12322.0,24974.0,30983.0,,,,no_longer_flagged
1200365,12322.0,24974.0,30983.0,,,,no_longer_flagged
1200366,12322.0,24974.0,30983.0,,,,no_longer_flagged
1200368,12322.0,24974.0,30983.0,,,,no_longer_flagged
1200401,274565.0,25168.0,45266.0,274565.0,25168.0,40208.0,unchanged
1200406,12342.0,12322.0,34278.0,,,,no_longer_flagged
1200407,12342.0,12322.0,34278.0,,,,no_longer_flagged
1200408,12342.0,12322.0,34278.0,,,,no_longer_flagged
1200409,12342.0,12322.0,34278.0,,,,no_longer_flagged
1200415,12130.0,12180.0,45271.0,12130.0,12180.0,40212.0,unchanged
1200465,11757.0,11694.0,45283.0,11757.0,11694.0,40226.0,unchanged
1200554,,,,24951.0,12359.0,11797.0,newly_flagged
1200555,,,,24951.0,12359.0,11797.0,newly_flagged
1200557,,,,24951.0,12359.0,11797.0,newly_flagged
1200564,9626.0,9660.0,31322.0,9626.0,9660.0,28373.0,unchanged
1200568,25063.0,12608.0,45311.0,25063.0,12598.0,40255.0,recommendation_changed
1200571,25050.0,12617.0,45313.0,25050.0,12617.0,40257.0,unchanged
1200573,12311.0,24951.0,34363.0,,,,no_longer_flagged
1200582,11645.0,11632.0,44028.0,11645.0,11632.0,39116.0,unchanged
1200626,12450.0,25029.0,34314.0,,,,no_longer_flagged
1200627,12450.0,25029.0,34314.0,,,,no_longer_flagged
1200628,12450.0,25029.0,34314.0,,,,no_longer_flagged
1200646,25023.0,25011.0,34311.0,,,,no_longer_flagged
1200647,25023.0,25011.0,34311.0,,,,no_longer_flagged
1200648,25023.0,25011.0,34311.0,,,,no_longer_flagged
1200649,25023.0,25011.0,34311.0,,,,no_longer_flagged
1200662,12302.0,12320.0,36833.0,12302.0,12320.0,33113.0,unchanged
1200663,12302.0,24968.0,36836.0,12302.0,24968.0,33116.0,unchanged
1200664,12302.0,12320.0,36833.0,12302.0,12320.0,33113.0,unchanged
1200665,12302.0,12320.0,36833.0,12302.0,12320.0,33113.0,unchanged
1200704,12769.0,12621.0,24600.0,12769.0,12621.0,31022.0,unchanged
1200734,12769.0,12621.0,24600.0,12769.0,12621.0,31022.0,unchanged
1200735,12682.0,12621.0,24600.0,,,,no_longer_flagged
1200736,12682.0,12621.0,24600.0,,,,no_longer_flagged
1200740,12682.0,12621.0,24600.0,,,,no_longer_flagged
1200778,24968.0,12294.0,33968.0,,,,no_longer_flagged
1200779,24968.0,12294.0,33968.0,,,,no_longer_flagged
1200780,24968.0,12294.0,33968.0,,,,no_longer_flagged
1200805,639.0,599.0,13468.0,639.0,599.0,12476.0,unchanged
1200855,10459.0,24172.0,33467.0,10459.0,24172.0,30440.0,unchanged
1200873,12341.0,24992.0,45174.0,12341.0,24992.0,40117.0,unchanged
1200895,12311.0,24951.0,34363.0,,,,no_longer_flagged
1200896,12311.0,24951.0,34363.0,,,,no_longer_flagged
1200897,12311.0,24951.0,34363.0,,,,no_longer_flagged
1200911,24425.0,285756.0,43940.0,24425.0,285756.0,21799.0,unchanged
1200914,11038.0,24511.0,31438.0,11038.0,24511.0,28482.0,unchanged
1200953,12840.0,12621.0,24600.0,12840.0,12621.0,31022.0,unchanged
1201069,11906.0,24801.0,31042.0,,,,no_longer_flagged
1201086,12648.0,12608.0,45311.0,,,,no_longer_flagged
1201087,12648.0,12608.0,45311.0,,,,no_longer_flagged
1201088,25143.0,12608.0,45311.0,,,,no_longer_flagged
1201089,12648.0,12608.0,45311.0,,,,no_longer_flagged
1201094,25182.0,12608.0,45311.0,,,,no_longer_flagged
1201096,12737.0,12608.0,45311.0,12737.0,12598.0,40255.0,recommendation_changed
1201097,25182.0,12608.0,45311.0,,,,no_longer_flagged
1201098,12002.0,24865.0,43877.0,12002.0,24865.0,38993.0,unchanged
1201102,12722.0,12608.0,45311.0,,,,no_longer_flagged
1201103,12737.0,12608.0,45311.0,12737.0,12598.0,40255.0,recommendation_changed
1201104,12722.0,12608.0,45311.0,,,,no_longer_flagged
1201105,12701.0,12608.0,45311.0,,,,no_longer_flagged
1201126,,,,12673.0,12598.0,40255.0,newly_flagged
1201127,25154.0,12608.0,45311.0,,,,no_longer_flagged
1201129,25154.0,12608.0,45311.0,,,,no_longer_flagged
1201138,25124.0,12709.0,45418.0,25124.0,12598.0,40255.0,recommendation_changed
1201139,12681.0,12608.0,45311.0,12681.0,12598.0,40255.0,recommendation_changed
1201140,25143.0,12608.0,45311.0,,,,no_longer_flagged
1201141,25124.0,12709.0,45418.0,25124.0,12598.0,40255.0,recommendation_changed
1201142,12661.0,12608.0,45311.0,12661.0,12598.0,40255.0,recommendation_changed
1201143,25156.0,12608.0,45311.0,,,,no_longer_flagged
1201144,25144.0,12608.0,45311.0,,,,no_longer_flagged
1201145,25156.0,12608.0,45311.0,,,,no_longer_flagged
1201150,25167.0,12608.0,45311.0,25167.0,12598.0,40255.0,recommendation_changed
1201153,25167.0,12608.0,45311.0,25167.0,12598.0,40255.0,recommendation_changed
1201164,10408.0,599.0,13468.0,10408.0,599.0,12476.0,unchanged
1201170,12679.0,12608.0,45311.0,12679.0,12598.0,40255.0,recommendation_changed
1201171,25144.0,12608.0,45311.0,,,,no_longer_flagged
1201172,12701.0,12608.0,45311.0,,,,no_longer_flagged
1201173,12679.0,12608.0,45311.0,12679.0,12598.0,40255.0,recommendation_changed
1201174,,,,12746.0,12735.0,40372.0,newly_flagged
1201175,12746.0,12735.0,45416.0,12746.0,12735.0,40372.0,unchanged
1201176,12746.0,12735.0,45416.0,12746.0,12735.0,40372.0,unchanged
1201177,12746.0,12735.0,45416.0,12746.0,12735.0,40372.0,unchanged
1201186,23740.0,9546.0,23854.0,23740.0,9580.0,22033.0,recommendation_changed
1201188,23743.0,9546.0,23854.0,23743.0,9580.0,22033.0,recommendation_changed
1201192,23789.0,9592.0,45010.0,23789.0,9592.0,39962.0,unchanged
1201193,9635.0,9592.0,45010.0,9635.0,9592.0,39962.0,unchanged
1201210,9376.0,9337.0,44854.0,,,,no_longer_flagged
1201212,9376.0,9337.0,44854.0,,,,no_longer_flagged
1201213,9376.0,9337.0,44854.0,,,,no_longer_flagged
1201237,23727.0,9467.0,24177.0,23727.0,9467.0,22330.0,unchanged
1201243,24914.0,24947.0,45127.0,24914.0,24947.0,40072.0,unchanged
1201301,11975.0,11968.0,44744.0,11975.0,11968.0,39721.0,unchanged
1201403,12493.0,25035.0,36822.0,12493.0,25035.0,33101.0,unchanged
1201405,12493.0,25035.0,36822.0,12493.0,25035.0,33101.0,unchanged
1201422,10459.0,24172.0,33467.0,10459.0,24172.0,30440.0,unchanged
1201423,10459.0,24172.0,33467.0,10459.0,24172.0,30440.0,unchanged
1201425,10459.0,24172.0,33467.0,10459.0,24172.0,30440.0,unchanged
1201431,10629.0,10526.0,45489.0,10629.0,10526.0,40437.0,unchanged
1201432,10629.0,10526.0,45489.0,10629.0,10526.0,40437.0,unchanged
1201433,10629.0,10526.0,45489.0,10629.0,10526.0,40437.0,unchanged
1201443,24245.0,24172.0,33467.0,24245.0,24172.0,30440.0,unchanged
1201444,24245.0,24172.0,33467.0,24245.0,24172.0,30440.0,unchanged
1201449,24245.0,24172.0,33467.0,24245.0,24172.0,30440.0,unchanged
1201458,12462.0,12449.0,5142.0,12462.0,12449.0,4811.0,unchanged
1201460,12462.0,12449.0,5142.0,12462.0,12449.0,4811.0,unchanged
1201461,12462.0,12449.0,5142.0,12462.0,12449.0,4811.0,unchanged
1201478,10809.0,10766.0,45502.0,10809.0,10766.0,40442.0,unchanged
1201508,115826.0,702.0,33536.0,115826.0,683.0,29336.0,recommendation_changed
1201510,8751.0,23297.0,33088.0,8751.0,23297.0,30076.0,unchanged
1201511,8751.0,23297.0,33088.0,8751.0,23297.0,30076.0,unchanged
1201537,12758.0,12813.0,39986.0,12758.0,12813.0,35655.0,unchanged
1201584,24530.0,11225.0,45536.0,,,,no_longer_flagged
1201597,,,,9554.0,23684.0,4702.0,newly_flagged
1201599,24530.0,11225.0,45536.0,,,,no_longer_flagged
1201601,24530.0,11225.0,45536.0,,,,no_longer_flagged
1201602,24530.0,11225.0,45536.0,,,,no_longer_flagged
1201604,24530.0,11225.0,45536.0,,,,no_longer_flagged
1201625,11534.0,24645.0,45545.0,11534.0,24645.0,40477.0,unchanged
1201634,,,,12294.0,24968.0,40295.0,newly_flagged
1201646,12302.0,24968.0,36836.0,12302.0,24968.0,33116.0,unchanged
1201648,12302.0,24968.0,36836.0,12302.0,24968.0,33116.0,unchanged
1201649,,,,12302.0,24968.0,33116.0,newly_flagged
1201690,280966.0,280965.0,11269.0,,,,no_longer_flagged
1201691,280966.0,280965.0,11269.0,,,,no_longer_flagged
1201693,,,,280966.0,280965.0,10423.0,newly_flagged
1201710,25029.0,12450.0,45488.0,,,,no_longer_flagged
1201739,280965.0,280966.0,45572.0,280965.0,280966.0,33060.0,unchanged
1201772,,,,299200.0,19937.0,30449.0,newly_flagged
1201790,11900.0,24801.0,31042.0,11900.0,24801.0,28096.0,unchanged
1201791,11898.0,24801.0,31042.0,11898.0,24801.0,28096.0,unchanged
1201792,11895.0,24801.0,31042.0,11895.0,24801.0,28096.0,unchanged
1201830,24831.0,12084.0,31523.0,,,,no_longer_flagged
1201831,24799.0,24801.0,31042.0,24799.0,24801.0,28096.0,unchanged
1201852,23556.0,23548.0,45607.0,23556.0,23548.0,40522.0,unchanged
1201864,272316.0,5076.0,45609.0,272316.0,5076.0,40524.0,unchanged
1201869,8801.0,8724.0,45614.0,8801.0,8724.0,40529.0,unchanged
1201870,271047.0,165117.0,45469.0,271047.0,165117.0,40424.0,unchanged
1201871,,,,834.0,164809.0,28102.0,newly_flagged
1201879,644.0,635.0,45618.0,644.0,635.0,40533.0,unchanged
1201880,,,,652.0,654.0,30929.0,newly_flagged
1201913,,,,10123.0,10078.0,17903.0,newly_flagged
1201933,11955.0,11957.0,17502.0,11955.0,11957.0,16263.0,unchanged
1201951,,,,12112.0,12084.0,30854.0,newly_flagged
1201953,,,,12112.0,12084.0,30854.0,newly_flagged
1201982,9580.0,9546.0,23854.0,,,,no_longer_flagged
1201985,9580.0,9546.0,23854.0,,,,no_longer_flagged
1202042,,,,9879.0,23908.0,40030.0,newly_flagged
1202043,,,,9879.0,23908.0,40030.0,newly_flagged
1202044,,,,9879.0,23908.0,40030.0,newly_flagged
1202045,,,,9879.0,23908.0,40030.0,newly_flagged
1202047,,,,18503.0,18591.0,20260.0,newly_flagged
1202048,18513.0,18535.0,21899.0,18513.0,18591.0,20260.0,recommendation_changed
1202050,18515.0,18523.0,39327.0,18515.0,18596.0,11871.0,recommendation_changed
1202051,18515.0,18523.0,39327.0,18515.0,18596.0,11871.0,recommendation_changed
1202052,,,,18523.0,18596.0,11871.0,newly_flagged
1202053,18513.0,18535.0,21899.0,18513.0,18591.0,20260.0,recommendation_changed
1202078,18558.0,18535.0,21899.0,,,,no_longer_flagged
1202079,18558.0,18535.0,21899.0,,,,no_longer_flagged
1202080,18558.0,18535.0,21899.0,,,,no_longer_flagged
1202081,18558.0,18535.0,21899.0,,,,no_longer_flagged
1202085,,,,18894.0,18774.0,20674.0,newly_flagged
1202098,27031.0,18095.0,20820.0,27031.0,18095.0,19212.0,unchanged
1202107,27020.0,26990.0,20330.0,,,,no_longer_flagged
1202110,26990.0,27003.0,20674.0,,,,no_longer_flagged
1202111,,,,26990.0,27003.0,18784.0,newly_flagged
1202112,18068.0,27003.0,20674.0,18068.0,26990.0,19081.0,recommendation_changed
1202113,27003.0,26990.0,20330.0,,,,no_longer_flagged
1202116,,,,4427.0,160315.0,37834.0,newly_flagged
1202123,,,,18676.0,18677.0,37876.0,newly_flagged
1202128,,,,18894.0,18774.0,20674.0,newly_flagged
1202130,19004.0,18993.0,8969.0,19004.0,18993.0,8347.0,unchanged
1202132,19004.0,18993.0,8969.0,19004.0,18993.0,8347.0,unchanged
1202134,19326.0,19284.0,22925.0,19326.0,19284.0,21191.0,unchanged
1202137,19326.0,19284.0,22925.0,19326.0,19284.0,21191.0,unchanged
1202145,18016.0,26968.0,25295.0,18016.0,26968.0,23206.0,unchanged
1202165,18412.0,18415.0,22193.0,18412.0,18415.0,20528.0,unchanged
1202177,,,,26989.0,18082.0,35096.0,newly_flagged
1202186,,,,27460.0,19656.0,35026.0,newly_flagged
1202208,17992.0,26968.0,25295.0,17992.0,26968.0,23206.0,unchanged
1202209,18032.0,26989.0,45667.0,18032.0,18082.0,35096.0,recommendation_changed
1202224,27176.0,18525.0,19690.0,27176.0,18525.0,18266.0,unchanged
1202270,18093.0,18106.0,22086.0,18093.0,18106.0,20435.0,unchanged
1202271,18093.0,18106.0,22086.0,18093.0,18106.0,20435.0,unchanged
1202278,18195.0,18311.0,21492.0,18195.0,18311.0,19846.0,unchanged
1202279,18218.0,18255.0,39309.0,18218.0,18255.0,35079.0,unchanged
1202362,18585.0,18535.0,21899.0,,,,no_longer_flagged
1202363,18585.0,18535.0,21899.0,,,,no_longer_flagged
1202364,18585.0,18535.0,21899.0,,,,no_longer_flagged
1202365,27176.0,18525.0,19690.0,27176.0,18525.0,18266.0,unchanged
1202394,,,,27066.0,18311.0,19846.0,newly_flagged
1202395,,,,27066.0,18311.0,19846.0,newly_flagged
1202425,27019.0,27032.0,39653.0,27019.0,27032.0,35352.0,unchanged
1202428,27171.0,5032.0,45709.0,27171.0,5032.0,40609.0,unchanged
1202430,18537.0,18550.0,12860.0,18537.0,18550.0,11943.0,unchanged
1202433,18537.0,18550.0,12860.0,18537.0,18550.0,11943.0,unchanged
1202459,26956.0,17939.0,40589.0,26956.0,17939.0,36165.0,unchanged
1202460,26950.0,17934.0,45713.0,26950.0,17934.0,40614.0,unchanged
1202461,26950.0,17934.0,45713.0,26950.0,17934.0,40614.0,unchanged
1202470,18492.0,18486.0,45717.0,,,,no_longer_flagged
1202471,18492.0,18453.0,45718.0,,,,no_longer_flagged
1202472,,,,18486.0,18492.0,19611.0,newly_flagged
1202473,18492.0,18453.0,45718.0,,,,no_longer_flagged
1202485,18524.0,18550.0,12860.0,18524.0,18550.0,11943.0,unchanged
1202489,18121.0,18106.0,45682.0,18121.0,18106.0,40584.0,unchanged
1202490,18453.0,18454.0,45724.0,18453.0,18454.0,40618.0,unchanged
1202491,,,,18453.0,18492.0,19611.0,newly_flagged
1202492,,,,18453.0,18492.0,19611.0,newly_flagged
1202493,,,,18453.0,18492.0,19611.0,newly_flagged
1202502,,,,18486.0,18492.0,19611.0,newly_flagged
1202513,26950.0,17934.0,45713.0,26950.0,17934.0,40614.0,unchanged
1202560,16932.0,53403.0,32240.0,16932.0,53403.0,29254.0,unchanged
1202566,26950.0,26958.0,38915.0,26950.0,26958.0,34754.0,unchanged
1202567,26950.0,26979.0,22315.0,26950.0,26979.0,20652.0,unchanged
1202569,26950.0,26958.0,38915.0,26950.0,26958.0,34754.0,unchanged
1202598,,,,26956.0,26979.0,20652.0,newly_flagged
1202646,5054.0,5045.0,36564.0,,,,no_longer_flagged
1202681,5055.0,50523.0,36561.0,,,,no_longer_flagged
1202686,27217.0,27216.0,33612.0,27217.0,27216.0,30571.0,unchanged
1202720,4009.0,3989.0,17971.0,4009.0,3989.0,16729.0,unchanged
1202824,27020.0,18091.0,20665.0,,,,no_longer_flagged
1202828,19048.0,18997.0,45778.0,19048.0,18997.0,40673.0,unchanged
1202843,264643.0,31358.0,0.0,264643.0,31358.0,0.0,unchanged
1202846,19048.0,18997.0,45785.0,,,,no_longer_flagged
1202847,19048.0,18997.0,45785.0,,,,no_longer_flagged
1202848,,,,18997.0,19048.0,40680.0,newly_flagged
1202849,,,,18997.0,19048.0,40680.0,newly_flagged
1202859,18944.0,18922.0,23619.0,18944.0,18922.0,21812.0,unchanged
1202902,27207.0,18762.0,4955.0,27207.0,18762.0,4626.0,unchanged
1202934,18762.0,18764.0,45747.0,18762.0,18764.0,40644.0,unchanged
1202942,,,,18536.0,5017.0,36141.0,newly_flagged
1202943,18536.0,5017.0,40541.0,18536.0,5017.0,36141.0,unchanged
1202944,18536.0,5017.0,40541.0,18536.0,5017.0,36141.0,unchanged
1202945,18536.0,5017.0,40541.0,18536.0,5017.0,36141.0,unchanged
1202950,27213.0,27202.0,45803.0,27213.0,27202.0,40699.0,unchanged
1202951,27213.0,27202.0,45803.0,27213.0,27202.0,40699.0,unchanged
1202952,27213.0,27202.0,45803.0,27213.0,27202.0,40699.0,unchanged
1202953,27213.0,27202.0,45803.0,27213.0,27202.0,40699.0,unchanged
1202957,27213.0,18784.0,45806.0,27213.0,18784.0,40702.0,unchanged
1202961,27213.0,18784.0,45806.0,,,,no_longer_flagged
1202976,27213.0,18784.0,45806.0,27213.0,18784.0,40702.0,unchanged
1202978,,,,27218.0,27213.0,40704.0,newly_flagged
1202979,27218.0,18784.0,45806.0,27218.0,27213.0,40704.0,recommendation_changed
1202980,27218.0,18784.0,45806.0,27218.0,27213.0,40704.0,recommendation_changed
1202981,27218.0,18784.0,45806.0,27218.0,27213.0,40704.0,recommendation_changed
1202999,18820.0,18831.0,39663.0,18820.0,18831.0,35360.0,unchanged
1203000,18820.0,18831.0,39663.0,18820.0,18831.0,35360.0,unchanged
1203001,18820.0,18831.0,39663.0,18820.0,18831.0,35360.0,unchanged
1203002,18762.0,18764.0,45747.0,18762.0,18764.0,40644.0,unchanged
1203015,,,,19058.0,19008.0,3856.0,newly_flagged
1203016,,,,19058.0,19008.0,3856.0,newly_flagged
1203017,,,,19058.0,19008.0,3856.0,newly_flagged
1203039,,,,19058.0,19008.0,3856.0,newly_flagged
1203054,,,,26989.0,18082.0,35096.0,newly_flagged
1203055,26989.0,18033.0,37898.0,26989.0,18033.0,33914.0,unchanged
1203056,,,,26989.0,18082.0,35096.0,newly_flagged
1203070,19243.0,19247.0,39566.0,,,,no_longer_flagged
1203093,21742.0,5009.0,39405.0,21742.0,5009.0,35160.0,unchanged
1203099,19243.0,19247.0,39566.0,,,,no_longer_flagged
1203100,19243.0,19247.0,39566.0,,,,no_longer_flagged
1203101,19243.0,19247.0,39566.0,,,,no_longer_flagged
1203130,15076.0,26013.0,4686.0,,,,no_longer_flagged
1203131,15076.0,26013.0,4686.0,,,,no_longer_flagged
1203132,15076.0,26013.0,4686.0,,,,no_longer_flagged
1203133,,,,26013.0,15076.0,38674.0,newly_flagged
1203213,21733.0,5009.0,39405.0,21733.0,5009.0,35160.0,unchanged
1203242,21747.0,21743.0,38610.0,21747.0,21743.0,34497.0,unchanged
1203265,26990.0,27020.0,20658.0,,,,no_longer_flagged
1203270,2335.0,14184.0,36976.0,2335.0,14184.0,33249.0,unchanged
1203275,27044.0,27031.0,20213.0,,,,no_longer_flagged
1203321,19178.0,19175.0,45856.0,19178.0,19175.0,40754.0,unchanged
1203418,,,,275837.0,283536.0,16936.0,newly_flagged
1203458,252795.0,252796.0,24042.0,252795.0,252796.0,22208.0,unchanged
1203513,11821.0,24694.0,40736.0,11821.0,24694.0,36283.0,unchanged
1203520,303995.0,18993.0,8969.0,303995.0,18993.0,8347.0,unchanged
1203530,378031.0,10520.0,45881.0,378031.0,10520.0,40771.0,unchanged
1203534,,,,7976.0,8028.0,40772.0,newly_flagged
1203536,14401.0,2463.0,30306.0,,,,no_longer_flagged
1203540,97564.0,19540.0,45886.0,97564.0,19540.0,40776.0,unchanged
1203542,136330.0,19540.0,45886.0,136330.0,19540.0,40776.0,unchanged
1203546,332162.0,3989.0,17971.0,332162.0,3989.0,16729.0,unchanged
1203551,,,,27211.0,27219.0,35231.0,newly_flagged
1204971,22194.0,6162.0,3927.0,22194.0,6162.0,3612.0,unchanged
1204972,365408.0,365403.0,612.0,365408.0,365412.0,555.0,recommendation_changed
1204979,,,,20448.0,2188.0,40787.0,newly_flagged
1204997,12840.0,12621.0,24600.0,12840.0,12621.0,31022.0,unchanged
1205478,11844.0,24791.0,29106.0,,,,no_longer_flagged
1205500,13839.0,1875.0,45923.0,13839.0,1875.0,27934.0,unchanged
1205503,901.0,11687.0,45925.0,901.0,11687.0,40815.0,unchanged
1205523,628.0,599.0,13468.0,628.0,599.0,12476.0,unchanged
1205530,1092.0,1147.0,29293.0,1092.0,1147.0,26496.0,unchanged
1205537,,,,12286.0,12312.0,26932.0,newly_flagged
1205538,,,,20052.0,13419.0,40828.0,newly_flagged
1205551,23031.0,8278.0,23568.0,,,,no_longer_flagged
1205552,12192.0,12241.0,45430.0,12192.0,12241.0,40386.0,unchanged
1205554,24645.0,11447.0,28640.0,24645.0,11447.0,25877.0,unchanged
1205555,20013.0,1238.0,14566.0,20013.0,20047.0,13559.0,recommendation_changed
1205564,47027.0,1800.0,14506.0,47027.0,1800.0,13500.0,unchanged
1205566,,,,24792.0,19984.0,39150.0,newly_flagged
1205608,1420.0,1418.0,30025.0,1420.0,1418.0,27179.0,unchanged
1205624,2377.0,2282.0,26340.0,2377.0,2282.0,24011.0,unchanged
1205625,2377.0,2282.0,26340.0,2377.0,2282.0,24011.0,unchanged
1205640,2360.0,2282.0,26340.0,2360.0,2282.0,24011.0,unchanged
1205641,2360.0,2282.0,26340.0,2360.0,2282.0,24011.0,unchanged
1205642,2360.0,2282.0,26340.0,2360.0,2282.0,24011.0,unchanged
1205664,,,,1586.0,92123.0,27413.0,newly_flagged
1205679,2289.0,20528.0,46015.0,2289.0,20528.0,40894.0,unchanged
1205680,2289.0,2282.0,26340.0,2289.0,2282.0,24011.0,unchanged
1205683,2289.0,2282.0,26340.0,2289.0,2282.0,24011.0,unchanged
1205684,2377.0,2282.0,26340.0,2377.0,2282.0,24011.0,unchanged
1205693,2009.0,1980.0,30326.0,2009.0,1980.0,27456.0,unchanged
1205737,272639.0,272642.0,32130.0,272639.0,272636.0,29148.0,recommendation_changed
1205738,272639.0,272642.0,32130.0,272639.0,272636.0,29148.0,recommendation_changed
1205748,281284.0,282249.0,32141.0,281284.0,282249.0,29159.0,unchanged
1205761,276479.0,276478.0,43818.0,,,,no_longer_flagged
1205762,276479.0,276478.0,43818.0,,,,no_longer_flagged
1205764,286395.0,17720.0,46049.0,286395.0,17720.0,40930.0,unchanged
1205766,,,,6383.0,6368.0,29918.0,newly_flagged
1205811,284170.0,284164.0,33329.0,284170.0,284164.0,30304.0,unchanged
1205812,284170.0,284164.0,33329.0,284170.0,284164.0,30304.0,unchanged
1205813,284481.0,284480.0,43783.0,284481.0,284480.0,38902.0,unchanged
1205815,284481.0,284480.0,43783.0,284481.0,284480.0,38902.0,unchanged
1205823,27324.0,19293.0,46063.0,27324.0,19293.0,40944.0,unchanged
1205875,10725.0,10709.0,43989.0,10725.0,10709.0,39088.0,unchanged
1205876,25387.0,13343.0,12884.0,25387.0,13343.0,11966.0,unchanged
1205913,25760.0,14443.0,46092.0,25760.0,14443.0,40973.0,unchanged
1205914,25760.0,14443.0,46092.0,25760.0,14443.0,40973.0,unchanged
1205915,25760.0,14443.0,46092.0,25760.0,14443.0,40973.0,unchanged
1205916,25760.0,14443.0,46092.0,25760.0,14443.0,40973.0,unchanged
1205948,13797.0,13752.0,30439.0,13797.0,13752.0,27556.0,unchanged
1205977,15013.0,2881.0,3807.0,15013.0,2881.0,3498.0,unchanged
1205978,,,,20828.0,218876.0,12156.0,newly_flagged
1205993,2961.0,2920.0,43054.0,2961.0,2920.0,30776.0,unchanged
1205996,14888.0,14860.0,30380.0,14888.0,14860.0,27505.0,unchanged
1206020,21055.0,21068.0,46110.0,21055.0,21068.0,40984.0,unchanged
1206048,25801.0,14494.0,38366.0,,,,no_longer_flagged
1206097,25819.0,25808.0,30387.0,,,,no_longer_flagged
1206098,25819.0,25808.0,30387.0,,,,no_longer_flagged
1206099,25819.0,25808.0,30387.0,,,,no_longer_flagged
1206100,,,,25808.0,25819.0,36724.0,newly_flagged
1206121,370356.0,370355.0,2854.0,370356.0,370355.0,2596.0,unchanged
1206122,370356.0,370355.0,2854.0,370356.0,370355.0,2596.0,unchanged
1206153,25661.0,14215.0,30374.0,25661.0,25640.0,18346.0,recommendation_changed
1206154,25661.0,14215.0,30374.0,25661.0,25640.0,18346.0,recommendation_changed
1206261,,,,25699.0,25698.0,27391.0,newly_flagged
1206262,,,,25699.0,25698.0,27391.0,newly_flagged
1206283,4395.0,4268.0,30477.0,4395.0,4268.0,27587.0,unchanged
1206309,15013.0,14822.0,26912.0,15013.0,14822.0,24462.0,unchanged
1206311,2561.0,14822.0,26912.0,2561.0,14822.0,24462.0,unchanged
1206338,343965.0,21395.0,39761.0,343965.0,21395.0,35446.0,unchanged
1206353,,,,20283.0,1842.0,27330.0,newly_flagged
1206354,1842.0,20283.0,30180.0,,,,no_longer_flagged
1206355,,,,20283.0,1842.0,27330.0,newly_flagged
1206369,25543.0,13752.0,30439.0,25543.0,13752.0,27556.0,unchanged
1206370,25543.0,13752.0,30439.0,25543.0,13752.0,27556.0,unchanged
1206372,25533.0,13752.0,30439.0,25533.0,13752.0,27556.0,unchanged
1206401,25525.0,13752.0,30439.0,25525.0,13752.0,27556.0,unchanged
1206402,25525.0,13752.0,30439.0,25525.0,13752.0,27556.0,unchanged
1206403,13757.0,13752.0,30439.0,13757.0,13752.0,27556.0,unchanged
1206404,25533.0,13752.0,30439.0,25533.0,13752.0,27556.0,unchanged
1206412,370356.0,370355.0,2854.0,370356.0,370355.0,2596.0,unchanged
1206441,,,,332475.0,15874.0,38759.0,newly_flagged
1206445,,,,2918.0,20994.0,30961.0,newly_flagged
1206448,,,,14450.0,14367.0,27360.0,newly_flagged
1206449,13757.0,13752.0,30439.0,13757.0,13752.0,27556.0,unchanged
1206450,25525.0,13752.0,30439.0,25525.0,13752.0,27556.0,unchanged
1206451,13717.0,13752.0,30439.0,13717.0,13752.0,27556.0,unchanged
1206452,25543.0,13752.0,30439.0,25543.0,13752.0,27556.0,unchanged
1206457,25819.0,25808.0,30387.0,,,,no_longer_flagged
1206578,21139.0,21127.0,41077.0,21139.0,21127.0,36587.0,unchanged
1206624,20978.0,25972.0,30458.0,20978.0,25972.0,27570.0,unchanged
1206701,,,,14215.0,25640.0,18346.0,newly_flagged
1206755,14373.0,25723.0,30390.0,14373.0,25723.0,27516.0,unchanged
1206758,190405.0,350097.0,31351.0,190405.0,350097.0,12041.0,unchanged
1206767,,,,340795.0,20714.0,36814.0,newly_flagged
1206794,,,,13999.0,14020.0,36824.0,newly_flagged
1206795,,,,13999.0,14020.0,36824.0,newly_flagged
1206798,2412.0,2337.0,30382.0,2412.0,2337.0,27507.0,unchanged
1206847,25834.0,25861.0,41180.0,25834.0,25861.0,36667.0,unchanged
1206990,25698.0,25699.0,46161.0,,,,no_longer_flagged
1207013,2576.0,2574.0,41267.0,2576.0,2574.0,36733.0,unchanged
1207016,2576.0,2574.0,41267.0,2576.0,2574.0,36733.0,unchanged
1207021,,,,25476.0,25470.0,22225.0,newly_flagged
1207070,13329.0,25387.0,29249.0,,,,no_longer_flagged
1207071,13329.0,25387.0,29249.0,,,,no_longer_flagged
1207093,1777.0,1812.0,29228.0,,,,no_longer_flagged
1207096,1777.0,1812.0,29228.0,,,,no_longer_flagged
1207100,13329.0,25387.0,29249.0,,,,no_longer_flagged
1207150,25348.0,25378.0,15624.0,25348.0,13198.0,14463.0,recommendation_changed
1207151,13188.0,25378.0,15624.0,13188.0,13198.0,14463.0,recommendation_changed
1207161,25348.0,25378.0,15624.0,25348.0,13198.0,14463.0,recommendation_changed
1207162,13188.0,25378.0,15624.0,,,,no_longer_flagged
1207163,13188.0,25378.0,15624.0,13188.0,13198.0,14463.0,recommendation_changed
1207165,,,,20205.0,1725.0,26610.0,newly_flagged
1207177,10814.0,10846.0,44179.0,10814.0,10846.0,39229.0,unchanged
1207205,1846.0,1815.0,29412.0,1846.0,1815.0,26597.0,unchanged
1207260,24959.0,25069.0,29246.0,24959.0,25069.0,26452.0,unchanged
1207273,20381.0,2011.0,46346.0,20381.0,2011.0,41164.0,unchanged
1207275,13448.0,13419.0,46348.0,13448.0,13419.0,40828.0,unchanged
1207374,54367.0,24172.0,33467.0,,,,no_longer_flagged
1207438,11733.0,24737.0,18231.0,11733.0,24737.0,16986.0,unchanged
1207441,10729.0,10711.0,44166.0,10729.0,10711.0,39221.0,unchanged
1207493,10849.0,10753.0,44147.0,10849.0,10753.0,39211.0,unchanged
1207495,10849.0,10847.0,44260.0,10849.0,10847.0,39293.0,unchanged
1207496,10849.0,10847.0,44260.0,10849.0,10847.0,39293.0,unchanged
1207502,10849.0,10753.0,44147.0,10849.0,10753.0,39211.0,unchanged
1207503,10849.0,10753.0,44147.0,10849.0,10753.0,39211.0,unchanged
1207513,45735.0,45734.0,31768.0,,,,no_longer_flagged
1207517,45735.0,45734.0,31768.0,,,,no_longer_flagged
1207520,45735.0,45734.0,31768.0,,,,no_longer_flagged
1207525,45736.0,45735.0,39832.0,,,,no_longer_flagged
1207530,45736.0,45735.0,39832.0,,,,no_longer_flagged
1207532,45736.0,45735.0,31101.0,,,,no_longer_flagged
1207539,,,,670.0,666.0,41187.0,newly_flagged
1207549,10258.0,599.0,13468.0,10258.0,599.0,12476.0,unchanged
1207550,10258.0,599.0,13468.0,10258.0,599.0,12476.0,unchanged
1207551,10318.0,599.0,13468.0,10318.0,599.0,12476.0,unchanged
1207552,10225.0,599.0,13468.0,10225.0,599.0,12476.0,unchanged
1207659,10511.0,10548.0,46427.0,10511.0,10548.0,41206.0,unchanged
1207682,12416.0,12485.0,44249.0,12416.0,12485.0,39283.0,unchanged
1207735,335035.0,599.0,13468.0,335035.0,599.0,12476.0,unchanged
1207760,,,,24986.0,12353.0,19048.0,newly_flagged
1207763,,,,24986.0,12353.0,19048.0,newly_flagged
1207777,11248.0,11301.0,40506.0,,,,no_longer_flagged
1207778,11248.0,11301.0,34342.0,,,,no_longer_flagged
1207779,11248.0,11301.0,34342.0,,,,no_longer_flagged
1207810,12693.0,1101.0,3876.0,12693.0,1101.0,3565.0,unchanged
1207817,24904.0,12186.0,44243.0,24904.0,12186.0,39280.0,unchanged
1207844,12755.0,12813.0,39986.0,12755.0,12813.0,35655.0,unchanged
1207910,20064.0,1263.0,33155.0,20064.0,1306.0,30142.0,recommendation_changed
1207913,20064.0,1263.0,33155.0,20064.0,1306.0,30142.0,recommendation_changed
1207914,20064.0,1263.0,33155.0,20064.0,1306.0,30142.0,recommendation_changed
1207916,20064.0,1263.0,33155.0,20064.0,1306.0,30142.0,recommendation_changed
1207953,13507.0,1486.0,29158.0,13507.0,1486.0,26372.0,unchanged
1207955,13507.0,1486.0,29158.0,13507.0,1486.0,26372.0,unchanged
1207997,930.0,928.0,33814.0,930.0,928.0,30764.0,unchanged
1208046,10225.0,599.0,13468.0,10225.0,599.0,12476.0,unchanged
1208073,928.0,930.0,44211.0,928.0,930.0,39255.0,unchanged
1208225,927.0,914.0,44210.0,927.0,914.0,39254.0,unchanged
1208237,11181.0,114219.0,45249.0,11181.0,114219.0,40192.0,unchanged
1208238,,,,1331.0,20084.0,28278.0,newly_flagged
1208241,24575.0,11288.0,23946.0,24575.0,11288.0,22117.0,unchanged
1208266,927.0,914.0,44210.0,927.0,914.0,39254.0,unchanged
1208267,927.0,914.0,44210.0,927.0,914.0,39254.0,unchanged
1208286,24787.0,24757.0,45424.0,24787.0,24757.0,40380.0,unchanged
1208290,24787.0,11999.0,39984.0,24787.0,11999.0,35651.0,unchanged
1208292,24787.0,24757.0,45424.0,24787.0,24757.0,40380.0,unchanged
1208297,1036.0,19987.0,44204.0,1036.0,19987.0,39249.0,unchanged
1208332,12086.0,12121.0,39978.0,12086.0,12121.0,35647.0,unchanged
1208343,1036.0,19987.0,44204.0,1036.0,19987.0,39249.0,unchanged
1208350,11357.0,11338.0,18622.0,11357.0,11338.0,17369.0,unchanged
1208362,1036.0,19987.0,44204.0,1036.0,19987.0,39249.0,unchanged
1208412,11690.0,11687.0,45925.0,11690.0,11687.0,40815.0,unchanged
1208415,139205.0,10520.0,45881.0,139205.0,10520.0,40771.0,unchanged
1208417,11219.0,24506.0,14371.0,11219.0,24506.0,13371.0,unchanged
1208457,11690.0,11687.0,45925.0,11690.0,11687.0,40815.0,unchanged
1208458,11690.0,11687.0,45925.0,11690.0,11687.0,40815.0,unchanged
1208466,11848.0,11840.0,40496.0,11848.0,11840.0,36103.0,unchanged
1208547,13393.0,13431.0,39834.0,13393.0,13431.0,35523.0,unchanged
1208553,11291.0,11288.0,23946.0,11291.0,11288.0,22117.0,unchanged
1208569,,,,11083.0,11104.0,13372.0,newly_flagged
1208571,,,,11083.0,11104.0,13372.0,newly_flagged
1208574,11104.0,11083.0,14372.0,,,,no_longer_flagged
1208575,11104.0,11083.0,14372.0,,,,no_longer_flagged
1208576,11104.0,11083.0,14372.0,,,,no_longer_flagged
1208591,,,,11083.0,11104.0,13372.0,newly_flagged
1208604,24786.0,24800.0,46660.0,24786.0,24800.0,41376.0,unchanged
1208605,,,,10600.0,599.0,12476.0,newly_flagged
1208614,11136.0,11163.0,46664.0,11136.0,11163.0,41379.0,unchanged
1208620,11104.0,11083.0,14372.0,,,,no_longer_flagged
1208631,11163.0,11136.0,46666.0,11163.0,11136.0,41380.0,unchanged
1208639,,,,11083.0,11104.0,13372.0,newly_flagged
1208642,630.0,599.0,13468.0,630.0,599.0,12476.0,unchanged
1208643,630.0,599.0,13468.0,630.0,599.0,12476.0,unchanged
1208644,77083.0,599.0,13468.0,77083.0,599.0,12476.0,unchanged
1208653,,,,617.0,599.0,12476.0,newly_flagged
1208654,623.0,599.0,13468.0,623.0,599.0,12476.0,unchanged
1208655,617.0,599.0,13468.0,617.0,599.0,12476.0,unchanged
1208656,623.0,599.0,13468.0,623.0,599.0,12476.0,unchanged
1208671,20150.0,20141.0,46381.0,20150.0,20141.0,41181.0,unchanged
1208746,54367.0,24172.0,33467.0,,,,no_longer_flagged
1208748,60447.0,24172.0,33467.0,60447.0,54369.0,41406.0,recommendation_changed
1208909,20064.0,1263.0,33155.0,20064.0,1306.0,30142.0,recommendation_changed
1208911,54368.0,24172.0,33467.0,,,,no_longer_flagged
1208929,54369.0,24172.0,33467.0,,,,no_longer_flagged
1208931,54369.0,24172.0,33467.0,,,,no_longer_flagged
1208932,54368.0,24172.0,33467.0,,,,no_longer_flagged
1208954,647.0,10551.0,46612.0,647.0,10551.0,41332.0,unchanged
1208973,10609.0,10483.0,46741.0,10609.0,10483.0,41438.0,unchanged
1208981,10601.0,10562.0,46613.0,10601.0,10562.0,41333.0,unchanged
1209013,24228.0,10484.0,40053.0,24228.0,10484.0,35711.0,unchanged
1209030,10551.0,10640.0,14561.0,10551.0,10640.0,13555.0,unchanged
1209038,10640.0,10609.0,46745.0,10640.0,10609.0,41442.0,unchanged
1209083,,,,536224.0,536225.0,14545.0,newly_flagged
1209105,11463.0,11455.0,40222.0,11463.0,11455.0,35853.0,unchanged
1209137,,,,415420.0,415422.0,15202.0,newly_flagged
1209146,1299.0,20047.0,30044.0,1299.0,20047.0,13559.0,unchanged
1209169,13704.0,13712.0,46474.0,,,,no_longer_flagged
1209172,13704.0,13712.0,46474.0,,,,no_longer_flagged
1209185,13704.0,13712.0,46474.0,,,,no_longer_flagged
1209188,13707.0,13704.0,46805.0,13707.0,13704.0,41492.0,unchanged
1209217,13704.0,13712.0,46474.0,,,,no_longer_flagged
1209218,13704.0,13712.0,46474.0,,,,no_longer_flagged
1209219,13704.0,13712.0,46474.0,,,,no_longer_flagged
1209221,24742.0,24760.0,40023.0,24742.0,24760.0,35692.0,unchanged
1209222,24742.0,24760.0,40023.0,24742.0,24760.0,35692.0,unchanged
1209284,,,,12547.0,12473.0,26635.0,newly_flagged
1209318,,,,473132.0,473122.0,4509.0,newly_flagged
1209344,,,,1596.0,1675.0,41412.0,newly_flagged
1209374,25303.0,12942.0,33177.0,25303.0,12942.0,30164.0,unchanged
1209378,24550.0,11248.0,39969.0,,,,no_longer_flagged
1209398,119019.0,1486.0,29158.0,119019.0,1486.0,26372.0,unchanged
1209399,119019.0,1486.0,29158.0,119019.0,1486.0,26372.0,unchanged
1209441,11158.0,11183.0,46854.0,11158.0,11183.0,41527.0,unchanged
1209442,11158.0,11183.0,46854.0,11158.0,11183.0,41527.0,unchanged
1209476,,,,20073.0,20084.0,28278.0,newly_flagged
1209502,10226.0,15032.0,23760.0,10226.0,15032.0,21946.0,unchanged
1209527,164810.0,798.0,4381.0,,,,no_longer_flagged
1209577,12131.0,24926.0,40196.0,,,,no_longer_flagged
1209579,12131.0,24926.0,40196.0,,,,no_longer_flagged
1209580,12131.0,24926.0,40196.0,,,,no_longer_flagged
1209581,12201.0,24946.0,34382.0,,,,no_longer_flagged
1209582,12201.0,24946.0,34382.0,,,,no_longer_flagged
1209583,12201.0,24946.0,34382.0,,,,no_longer_flagged
1209584,12201.0,24946.0,34382.0,,,,no_longer_flagged
1209589,12201.0,12131.0,34378.0,,,,no_longer_flagged
1209591,12201.0,12131.0,34378.0,,,,no_longer_flagged
1209592,12201.0,12131.0,34378.0,,,,no_longer_flagged
1209597,12201.0,24946.0,34382.0,,,,no_longer_flagged
1209598,12201.0,24946.0,34382.0,,,,no_longer_flagged
1209599,12201.0,24946.0,34382.0,,,,no_longer_flagged
1209600,12201.0,24946.0,34382.0,,,,no_longer_flagged
1209601,12201.0,12131.0,34378.0,,,,no_longer_flagged
1209603,12201.0,12131.0,34378.0,,,,no_longer_flagged
1209604,12201.0,12131.0,34378.0,,,,no_longer_flagged
1209624,164806.0,798.0,4381.0,,,,no_longer_flagged
1209645,164807.0,798.0,4381.0,,,,no_longer_flagged
1209646,164807.0,798.0,4381.0,,,,no_longer_flagged
1209647,164809.0,798.0,4381.0,,,,no_longer_flagged
1209648,164807.0,798.0,4381.0,,,,no_longer_flagged
1209654,1138.0,1175.0,32326.0,1138.0,1175.0,29335.0,unchanged
1209660,24238.0,10523.0,30907.0,24238.0,10523.0,27972.0,unchanged
1209673,164809.0,798.0,4381.0,,,,no_longer_flagged
1209674,164807.0,798.0,4381.0,,,,no_longer_flagged
1209676,164809.0,798.0,4381.0,,,,no_longer_flagged
1209678,165116.0,165117.0,46891.0,165116.0,165117.0,41562.0,unchanged
1209695,114220.0,114219.0,45249.0,114220.0,114219.0,40192.0,unchanged
1209696,114220.0,114219.0,45249.0,114220.0,114219.0,40192.0,unchanged
1209728,103643.0,830.0,30948.0,103643.0,855.0,28013.0,recommendation_changed
1209761,24926.0,24946.0,34382.0,,,,no_longer_flagged
1209762,24926.0,24946.0,34382.0,,,,no_longer_flagged
1209763,24926.0,24946.0,34382.0,,,,no_longer_flagged
1209764,24926.0,24946.0,34382.0,,,,no_longer_flagged
1209767,,,,10284.0,24172.0,30440.0,newly_flagged
1209768,,,,10284.0,24172.0,30440.0,newly_flagged
1209770,24189.0,24172.0,33467.0,24189.0,24172.0,30440.0,unchanged
1209772,24189.0,24172.0,33467.0,24189.0,24172.0,30440.0,unchanged
1209834,12132.0,12110.0,45253.0,12132.0,12110.0,40196.0,unchanged
1209855,12817.0,12787.0,30947.0,12817.0,12787.0,28012.0,unchanged
1209877,24926.0,24946.0,34382.0,,,,no_longer_flagged
1209878,24926.0,24946.0,34382.0,,,,no_longer_flagged
1209879,24926.0,24946.0,34382.0,,,,no_longer_flagged
1209880,24926.0,24946.0,34382.0,,,,no_longer_flagged
1209899,12132.0,12110.0,45253.0,12132.0,12110.0,40196.0,unchanged
1209900,12132.0,12110.0,45253.0,12132.0,12110.0,40196.0,unchanged
1209915,1331.0,20070.0,33610.0,1331.0,20084.0,28278.0,recommendation_changed
1209923,,,,20073.0,20084.0,28278.0,newly_flagged
1209950,119019.0,1486.0,29158.0,119019.0,1486.0,26372.0,unchanged
1209952,119019.0,1486.0,29158.0,119019.0,1486.0,26372.0,unchanged
1210075,1503.0,1498.0,33435.0,1503.0,1498.0,30407.0,unchanged
1210094,,,,20070.0,20084.0,28278.0,newly_flagged
1210106,,,,501853.0,501855.0,6805.0,newly_flagged
1210111,24064.0,10251.0,40193.0,24064.0,10251.0,35834.0,unchanged
1210115,20180.0,20187.0,30124.0,20180.0,20187.0,27278.0,unchanged
1210126,10787.0,10792.0,40158.0,10787.0,10792.0,35805.0,unchanged
1210133,1741.0,1671.0,46991.0,1741.0,1671.0,41631.0,unchanged
1210138,,,,20070.0,20084.0,28278.0,newly_flagged
1210145,1741.0,1671.0,46991.0,1741.0,1671.0,41631.0,unchanged
1210150,17227.0,17254.0,3014.0,17227.0,17254.0,34501.0,unchanged
1210159,,,,20070.0,20084.0,28278.0,newly_flagged
1210162,12194.0,12200.0,26390.0,,,,no_longer_flagged
1210163,12194.0,12200.0,26390.0,,,,no_longer_flagged
1210164,12194.0,12200.0,26390.0,,,,no_longer_flagged
1210181,,,,25323.0,25307.0,26362.0,newly_flagged
1210205,1095.0,1101.0,3876.0,1095.0,1101.0,3565.0,unchanged
1210206,20004.0,1101.0,3876.0,20004.0,1101.0,3565.0,unchanged
1210209,24570.0,24506.0,14371.0,24570.0,24506.0,13371.0,unchanged
1210210,24571.0,24506.0,14371.0,24571.0,24506.0,13371.0,unchanged
1210211,24571.0,24506.0,14371.0,24571.0,24506.0,13371.0,unchanged
1210212,24570.0,24506.0,14371.0,24570.0,24506.0,13371.0,unchanged
1210219,12693.0,1101.0,3876.0,12693.0,1101.0,3565.0,unchanged
1210228,,,,1263.0,1306.0,30142.0,newly_flagged
1210255,,,,1303.0,20084.0,28278.0,newly_flagged
1210256,,,,1303.0,20084.0,28278.0,newly_flagged
1210269,,,,1263.0,1306.0,30142.0,newly_flagged
1210271,,,,20063.0,20084.0,28278.0,newly_flagged
1210272,,,,20063.0,20084.0,28278.0,newly_flagged
1210281,12880.0,12825.0,20583.0,12880.0,12825.0,19009.0,unchanged
1210284,12693.0,1101.0,3876.0,12693.0,1101.0,3565.0,unchanged
1210289,54369.0,24172.0,33467.0,,,,no_longer_flagged
1210291,54367.0,24172.0,33467.0,,,,no_longer_flagged
1210293,,,,11163.0,11180.0,33998.0,newly_flagged
1210304,1314.0,1263.0,33155.0,1314.0,1306.0,30142.0,recommendation_changed
1210317,24570.0,24506.0,14371.0,24570.0,24506.0,13371.0,unchanged
1210325,12755.0,12813.0,39986.0,12755.0,12813.0,35655.0,unchanged
1210326,12755.0,12813.0,39986.0,12755.0,12813.0,35655.0,unchanged
1210369,,,,1560.0,1606.0,35640.0,newly_flagged
1210386,12758.0,12813.0,39986.0,12758.0,12813.0,35655.0,unchanged
1210400,13487.0,25423.0,46483.0,13487.0,25423.0,41242.0,unchanged
1210415,,,,25323.0,25307.0,26362.0,newly_flagged
1210429,13301.0,13255.0,47043.0,13301.0,13255.0,41664.0,unchanged
1210430,13301.0,13255.0,47043.0,13301.0,13255.0,41664.0,unchanged
1210431,13301.0,13255.0,47043.0,13301.0,13255.0,41664.0,unchanged
1210432,13301.0,13255.0,47043.0,13301.0,13255.0,41664.0,unchanged
1210461,12758.0,12813.0,39986.0,12758.0,12813.0,35655.0,unchanged
1210464,12758.0,12813.0,39986.0,12758.0,12813.0,35655.0,unchanged
1210471,25313.0,25303.0,47012.0,25313.0,25303.0,41647.0,unchanged
1210478,25307.0,25292.0,14512.0,25307.0,25292.0,13506.0,unchanged
1210591,1741.0,1671.0,46991.0,1741.0,1671.0,41631.0,unchanged
1210598,119019.0,1486.0,29158.0,119019.0,1486.0,26372.0,unchanged
1210649,13389.0,13255.0,47043.0,13389.0,13255.0,41664.0,unchanged
1210675,12194.0,12200.0,26390.0,,,,no_longer_flagged
1210685,54369.0,24172.0,33467.0,,,,no_longer_flagged
1210701,54369.0,24172.0,33467.0,,,,no_longer_flagged
1210702,54368.0,24172.0,33467.0,,,,no_longer_flagged
1210735,1741.0,1671.0,46991.0,1741.0,1671.0,41631.0,unchanged
1210786,1200.0,1234.0,47097.0,1200.0,1234.0,41698.0,unchanged
1210820,10539.0,10621.0,43906.0,10539.0,10621.0,39023.0,unchanged
1210854,19886.0,599.0,13468.0,19886.0,599.0,12476.0,unchanged
1210855,19886.0,599.0,13468.0,19886.0,599.0,12476.0,unchanged
1210889,1138.0,1175.0,32326.0,1138.0,1175.0,29335.0,unchanged
1210974,12614.0,12548.0,39852.0,12614.0,12548.0,35541.0,unchanged
1210981,12473.0,12547.0,46827.0,,,,no_longer_flagged
1210983,,,,12547.0,12473.0,26635.0,newly_flagged
1210986,12473.0,12416.0,29451.0,12473.0,12416.0,26634.0,unchanged
1210988,,,,12547.0,12473.0,26635.0,newly_flagged
1211001,12666.0,12689.0,47121.0,12666.0,12689.0,41717.0,unchanged
1211026,,,,927.0,914.0,39254.0,newly_flagged
1211046,45736.0,45735.0,39832.0,,,,no_longer_flagged
1211047,45736.0,45735.0,39832.0,,,,no_longer_flagged
1211048,10225.0,599.0,13468.0,10225.0,599.0,12476.0,unchanged
1211053,19918.0,724.0,39831.0,19918.0,724.0,35519.0,unchanged
1211054,19918.0,724.0,39831.0,19918.0,724.0,35519.0,unchanged
1211057,24533.0,11168.0,44235.0,24533.0,11168.0,39271.0,unchanged
1211081,10845.0,10847.0,44260.0,10845.0,10847.0,39293.0,unchanged
1211082,10845.0,10847.0,44260.0,10845.0,10847.0,39293.0,unchanged
1211084,10849.0,10847.0,44260.0,10849.0,10847.0,39293.0,unchanged
1211245,24871.0,24912.0,14418.0,24871.0,12039.0,13416.0,recommendation_changed
1211248,32928.0,32929.0,3879.0,32928.0,32929.0,3568.0,unchanged
1211250,16777.0,32929.0,3879.0,,,,no_longer_flagged
1215683,22176.0,22157.0,32563.0,22176.0,22157.0,29564.0,unchanged
1215687,,,,4766.0,4735.0,12118.0,newly_flagged
1215688,343964.0,21395.0,39761.0,343964.0,21395.0,35446.0,unchanged
1215691,,,,3760.0,425180.0,12106.0,newly_flagged
1215698,22472.0,22426.0,18235.0,,,,no_longer_flagged
1215726,415453.0,1743.0,33437.0,415453.0,1743.0,30410.0,unchanged
1215982,50845.0,50844.0,47199.0,50845.0,50844.0,41793.0,unchanged
1215990,8840.0,8638.0,20575.0,8840.0,8638.0,19001.0,unchanged
1215996,26655.0,17153.0,33251.0,,,,no_longer_flagged
1215999,7316.0,7264.0,47200.0,7316.0,7264.0,41794.0,unchanged
1216028,8615.0,8550.0,20573.0,8615.0,8550.0,18999.0,unchanged
1216039,,,,9833.0,9878.0,21646.0,newly_flagged
1216068,210882.0,123190.0,23845.0,210882.0,123190.0,22023.0,unchanged
1216104,279077.0,279078.0,47233.0,279077.0,279078.0,41826.0,unchanged
1216105,279077.0,279355.0,31964.0,279077.0,279355.0,40932.0,unchanged
1216106,279077.0,279078.0,47233.0,279077.0,279078.0,41826.0,unchanged
1216110,279080.0,279079.0,47226.0,279080.0,279079.0,41819.0,unchanged
1216111,280637.0,280635.0,47234.0,280637.0,280635.0,41827.0,unchanged
1216114,280637.0,280638.0,32682.0,280637.0,280642.0,29677.0,recommendation_changed
1216115,21546.0,4282.0,47237.0,,,,no_longer_flagged
1216134,82843.0,15199.0,23775.0,82843.0,15199.0,21958.0,unchanged
1216138,,,,6387.0,6365.0,13516.0,newly_flagged
1216148,,,,279358.0,279078.0,41826.0,newly_flagged
1216164,,,,279358.0,279078.0,41826.0,newly_flagged
1216177,8128.0,8098.0,19918.0,8128.0,8044.0,29667.0,recommendation_changed
1216184,19237.0,19293.0,46063.0,19237.0,19293.0,40944.0,unchanged
1216189,17433.0,17434.0,47268.0,,,,no_longer_flagged
1216191,,,,259199.0,17535.0,26109.0,newly_flagged
1216192,,,,4845.0,26796.0,4969.0,newly_flagged
1216196,17535.0,26765.0,47271.0,,,,no_longer_flagged
1216202,17667.0,17688.0,47277.0,17667.0,17688.0,41865.0,unchanged
1216206,26575.0,26568.0,47279.0,26575.0,26568.0,41867.0,unchanged
1216224,11674.0,11684.0,44565.0,11674.0,11615.0,39345.0,recommendation_changed
1216225,11674.0,11684.0,44565.0,11674.0,11615.0,39345.0,recommendation_changed
1216236,24389.0,10778.0,44397.0,,,,no_longer_flagged
1216238,,,,10778.0,24389.0,39405.0,newly_flagged
1216255,10806.0,10832.0,44402.0,,,,no_longer_flagged
1216268,11676.0,11684.0,44565.0,11676.0,11615.0,39345.0,recommendation_changed
1216308,10667.0,10747.0,47324.0,10667.0,10747.0,41909.0,unchanged
1216329,,,,10123.0,10078.0,17903.0,newly_flagged
1216330,,,,10123.0,10078.0,17903.0,newly_flagged
1216360,644.0,635.0,45618.0,644.0,635.0,40533.0,unchanged
1216361,,,,652.0,654.0,30929.0,newly_flagged
1216364,26123.0,26121.0,32813.0,26123.0,26121.0,29808.0,unchanged
1216377,644.0,635.0,45618.0,644.0,635.0,40533.0,unchanged
1216390,,,,12719.0,12700.0,39884.0,newly_flagged
1216557,,,,563.0,537.0,41976.0,newly_flagged
1216559,,,,551.0,537.0,41976.0,newly_flagged
1216562,11157.0,82208.0,47382.0,11157.0,82208.0,41962.0,unchanged
1216597,8067.0,8071.0,47409.0,,,,no_longer_flagged
1216619,,,,10778.0,24389.0,39405.0,newly_flagged
1216736,23515.0,9000.0,33052.0,23515.0,9000.0,30040.0,unchanged
1216738,23515.0,9000.0,33052.0,23515.0,9000.0,30040.0,unchanged
1216761,24477.0,24464.0,23830.0,24477.0,24464.0,22008.0,unchanged
1216762,24477.0,24464.0,23830.0,24477.0,24464.0,22008.0,unchanged
1216834,10754.0,10731.0,44449.0,,,,no_longer_flagged
1216836,444.0,437.0,44499.0,,,,no_longer_flagged
1216837,444.0,437.0,44499.0,,,,no_longer_flagged
1216838,444.0,437.0,44499.0,,,,no_longer_flagged
1216854,10754.0,10731.0,44449.0,,,,no_longer_flagged
1216873,8511.0,8486.0,47479.0,8511.0,8486.0,42042.0,unchanged
1216875,24381.0,10720.0,30884.0,24381.0,10720.0,27950.0,unchanged
1216878,,,,9940.0,23914.0,30351.0,newly_flagged
1216906,10754.0,10731.0,44449.0,,,,no_longer_flagged
1216908,10754.0,10722.0,44320.0,,,,no_longer_flagged
1216910,10754.0,10722.0,44313.0,,,,no_longer_flagged
1216911,10754.0,10722.0,44313.0,,,,no_longer_flagged
1216920,10754.0,10722.0,44313.0,,,,no_longer_flagged
1216922,10754.0,10722.0,44313.0,,,,no_longer_flagged
1216924,10754.0,10731.0,44449.0,,,,no_longer_flagged
1216926,10754.0,10731.0,44446.0,,,,no_longer_flagged
1216977,11022.0,11065.0,21101.0,,,,no_longer_flagged
1216979,11022.0,11065.0,21101.0,,,,no_longer_flagged
1216984,,,,10778.0,24389.0,39405.0,newly_flagged
1217012,11315.0,11332.0,44571.0,11315.0,11332.0,39563.0,unchanged
1217076,,,,280965.0,280966.0,33060.0,newly_flagged
1217077,,,,280966.0,280965.0,10423.0,newly_flagged
1217078,280966.0,280965.0,47526.0,280966.0,280965.0,10423.0,unchanged
1217079,280966.0,280965.0,47526.0,,,,no_longer_flagged
1217096,280966.0,280965.0,11269.0,,,,no_longer_flagged
1217098,,,,280965.0,280966.0,33060.0,newly_flagged
1217105,24048.0,10123.0,19185.0,,,,no_longer_flagged
1217106,24048.0,10123.0,19185.0,,,,no_longer_flagged
1217107,24048.0,10123.0,19185.0,,,,no_longer_flagged
1217131,10124.0,10123.0,19185.0,,,,no_longer_flagged
1217133,10124.0,10123.0,19185.0,,,,no_longer_flagged
1217135,10124.0,10123.0,19185.0,,,,no_longer_flagged
1217160,,,,280965.0,280966.0,33060.0,newly_flagged
1217161,,,,280965.0,280966.0,33060.0,newly_flagged
1217163,280966.0,280965.0,47541.0,,,,no_longer_flagged
1217168,,,,280965.0,280966.0,33060.0,newly_flagged
1217169,280965.0,280966.0,44826.0,280965.0,280966.0,33060.0,unchanged
1217206,11110.0,11065.0,21101.0,,,,no_longer_flagged
1217207,11110.0,11065.0,21101.0,,,,no_longer_flagged
1217224,11122.0,11065.0,21101.0,,,,no_longer_flagged
1217227,11122.0,11065.0,21101.0,,,,no_longer_flagged
1217248,19882.0,518.0,30950.0,19882.0,558.0,28556.0,recommendation_changed
1217249,569.0,518.0,30950.0,569.0,558.0,28556.0,recommendation_changed
1217250,19882.0,518.0,30950.0,19882.0,558.0,28556.0,recommendation_changed
1217251,569.0,518.0,30950.0,569.0,558.0,28556.0,recommendation_changed
1217261,11613.0,11684.0,44565.0,11613.0,11615.0,39345.0,recommendation_changed
1217270,583.0,557.0,31087.0,583.0,557.0,28141.0,unchanged
1217337,12622.0,25094.0,44407.0,12622.0,25094.0,39416.0,unchanged
1217358,10791.0,24415.0,47602.0,10791.0,24415.0,42139.0,unchanged
1217401,10075.0,10161.0,44872.0,10075.0,10161.0,39837.0,unchanged
1217462,11432.0,11447.0,28640.0,11432.0,11447.0,25877.0,unchanged
1217509,81891.0,265281.0,12989.0,81891.0,265281.0,12074.0,unchanged
1217511,81891.0,265281.0,12989.0,81891.0,265281.0,12074.0,unchanged
1217518,444.0,437.0,47634.0,444.0,437.0,42172.0,unchanged
1217519,444.0,437.0,44499.0,,,,no_longer_flagged
1217544,8412.0,8389.0,47642.0,,,,no_longer_flagged
1217546,473084.0,635.0,45618.0,473084.0,635.0,40533.0,unchanged
1217581,512.0,521.0,47651.0,512.0,521.0,42191.0,unchanged
1217584,24026.0,10123.0,19185.0,24026.0,10124.0,42085.0,recommendation_changed
1217605,,,,24951.0,12359.0,11797.0,newly_flagged
1217607,,,,24951.0,12359.0,11797.0,newly_flagged
1217704,11099.0,11065.0,21101.0,,,,no_longer_flagged
1217705,11099.0,11065.0,21101.0,,,,no_longer_flagged
1217706,11099.0,11065.0,21101.0,,,,no_longer_flagged
1217707,11099.0,11065.0,21101.0,,,,no_longer_flagged
1217727,24486.0,24483.0,47511.0,24486.0,24483.0,42066.0,unchanged
1217737,512.0,521.0,47651.0,512.0,521.0,42191.0,unchanged
1217790,11022.0,11065.0,21101.0,,,,no_longer_flagged
1217791,24498.0,11065.0,21101.0,,,,no_longer_flagged
1217815,,,,24849.0,12113.0,28463.0,newly_flagged
1217867,12010.0,11958.0,36788.0,12010.0,11958.0,33067.0,unchanged
1217917,9656.0,9715.0,12862.0,9656.0,9715.0,11945.0,unchanged
1217928,11574.0,11631.0,31662.0,11574.0,11631.0,28697.0,unchanged
1217936,24733.0,24717.0,45134.0,24733.0,24717.0,40079.0,unchanged
1218019,11631.0,11574.0,47657.0,11631.0,11574.0,42196.0,unchanged
1218024,10614.0,10632.0,44582.0,,,,no_longer_flagged
1218025,10614.0,10632.0,44582.0,,,,no_longer_flagged
1218026,10614.0,10632.0,44582.0,,,,no_longer_flagged
1218027,10614.0,10632.0,44582.0,,,,no_longer_flagged
1218057,,,,24834.0,12113.0,28463.0,newly_flagged
1218058,24850.0,12115.0,31418.0,24850.0,12113.0,28463.0,recommendation_changed
1218059,287678.0,11958.0,36788.0,287678.0,11958.0,33067.0,unchanged
1218060,12050.0,12048.0,47761.0,,,,no_longer_flagged
1218061,12050.0,12048.0,47761.0,,,,no_longer_flagged
1218062,12050.0,12048.0,47761.0,,,,no_longer_flagged
1218076,24850.0,12115.0,31418.0,24850.0,12113.0,28463.0,recommendation_changed
1218077,24850.0,12115.0,31418.0,24850.0,12113.0,28463.0,recommendation_changed
1218078,12113.0,12115.0,31418.0,,,,no_longer_flagged
1218079,,,,24834.0,12113.0,28463.0,newly_flagged
1218085,24052.0,24013.0,36739.0,24052.0,24013.0,33017.0,unchanged
1218086,24025.0,24013.0,36739.0,24025.0,24013.0,33017.0,unchanged
1218088,24874.0,12048.0,15921.0,,,,no_longer_flagged
1218089,24874.0,12048.0,15921.0,,,,no_longer_flagged
1218090,24874.0,12048.0,15921.0,,,,no_longer_flagged
1218091,24874.0,12048.0,15921.0,,,,no_longer_flagged
1218111,24876.0,12048.0,15921.0,,,,no_longer_flagged
1218116,24052.0,24013.0,36739.0,24052.0,24013.0,33017.0,unchanged
1218117,24025.0,24013.0,36739.0,24025.0,24013.0,33017.0,unchanged
1218118,24052.0,24013.0,36739.0,24052.0,24013.0,33017.0,unchanged
1218119,24052.0,24013.0,36739.0,24052.0,24013.0,33017.0,unchanged
1218120,24876.0,12048.0,15921.0,,,,no_longer_flagged
1218121,24876.0,12048.0,15921.0,,,,no_longer_flagged
1218122,24876.0,12048.0,15921.0,,,,no_longer_flagged
1218123,24876.0,12048.0,15921.0,,,,no_longer_flagged
1218124,,,,12048.0,12050.0,42285.0,newly_flagged
1218125,,,,12048.0,12050.0,42285.0,newly_flagged
1218126,,,,12048.0,12050.0,42285.0,newly_flagged
1218131,,,,12115.0,12113.0,28463.0,newly_flagged
1218140,,,,280965.0,280966.0,33060.0,newly_flagged
1218142,,,,280965.0,280966.0,33060.0,newly_flagged
1218165,9749.0,60452.0,38315.0,9749.0,60452.0,34220.0,unchanged
1218201,12077.0,12124.0,47598.0,12077.0,12124.0,42135.0,unchanged
1218212,24267.0,24276.0,36691.0,24267.0,24276.0,32971.0,unchanged
1218214,24267.0,24276.0,36691.0,24267.0,24276.0,32971.0,unchanged
1218215,24267.0,24276.0,36691.0,24267.0,24276.0,32971.0,unchanged
1218262,11552.0,11501.0,44910.0,11552.0,11501.0,39869.0,unchanged
1218266,11674.0,11684.0,44565.0,11674.0,11615.0,39345.0,recommendation_changed
1218412,12204.0,12239.0,31002.0,12204.0,12239.0,28063.0,unchanged
1218460,11122.0,11065.0,21101.0,,,,no_longer_flagged
1218462,11122.0,11065.0,21101.0,,,,no_longer_flagged
1218472,11099.0,11065.0,21101.0,,,,no_longer_flagged
1218480,11040.0,11065.0,21101.0,,,,no_longer_flagged
1218481,11040.0,11065.0,21101.0,,,,no_longer_flagged
1218483,11040.0,11065.0,21101.0,,,,no_longer_flagged
1218487,11743.0,11722.0,47841.0,11743.0,11722.0,42355.0,unchanged
1218513,11432.0,11447.0,28640.0,11432.0,11447.0,25877.0,unchanged
1218528,11784.0,11849.0,44701.0,11784.0,11849.0,39679.0,unchanged
1218536,515.0,500.0,38852.0,515.0,500.0,34698.0,unchanged
1218537,515.0,500.0,38852.0,515.0,500.0,34698.0,unchanged
1218539,515.0,500.0,38852.0,515.0,500.0,34698.0,unchanged
1218564,9453.0,9473.0,44693.0,9453.0,9473.0,39671.0,unchanged
1218565,9432.0,9473.0,44693.0,9432.0,9473.0,39671.0,unchanged
1218566,9453.0,9473.0,44693.0,9453.0,9473.0,39671.0,unchanged
1218567,23736.0,9473.0,44693.0,23736.0,9473.0,39671.0,unchanged
1218573,25034.0,12477.0,36798.0,25034.0,12477.0,33078.0,unchanged
1218574,25034.0,12477.0,36798.0,25034.0,12477.0,33078.0,unchanged
1218575,25034.0,12477.0,36798.0,25034.0,12477.0,33078.0,unchanged
1218576,128300.0,12857.0,28020.0,128300.0,12562.0,25414.0,recommendation_changed
1218584,9432.0,9473.0,44693.0,9432.0,9473.0,39671.0,unchanged
1218586,9404.0,9473.0,44693.0,9404.0,9473.0,39671.0,unchanged
1218587,9404.0,9473.0,44693.0,9404.0,9473.0,39671.0,unchanged
1218596,25034.0,12477.0,36798.0,25034.0,12477.0,33078.0,unchanged
1218597,25034.0,12477.0,36798.0,25034.0,12477.0,33078.0,unchanged
1218610,,,,9453.0,9473.0,39671.0,newly_flagged
1218628,24742.0,24760.0,40023.0,24742.0,24760.0,35692.0,unchanged
1218633,12443.0,12359.0,12718.0,12443.0,12359.0,11797.0,unchanged
1218637,12443.0,12359.0,12718.0,12443.0,12359.0,11797.0,unchanged
1218646,11566.0,11506.0,47339.0,11566.0,11506.0,41923.0,unchanged
1218675,,,,536717.0,20813.0,21726.0,newly_flagged
1218725,11860.0,11832.0,44969.0,11860.0,11832.0,39922.0,unchanged
1218811,19212.0,19213.0,22520.0,19212.0,19213.0,20833.0,unchanged
1218843,11457.0,11525.0,47740.0,11457.0,11525.0,42263.0,unchanged
1218844,,,,5051.0,5053.0,18997.0,newly_flagged
1218913,11913.0,11868.0,47784.0,11913.0,11868.0,42302.0,unchanged
1218937,,,,4316.0,4268.0,27587.0,newly_flagged
1219016,,,,12719.0,12700.0,39884.0,newly_flagged
1219072,24746.0,11771.0,47792.0,24746.0,11771.0,42307.0,unchanged
1219073,24741.0,24746.0,47791.0,24741.0,24746.0,42306.0,unchanged
1219076,11757.0,11694.0,45283.0,11757.0,11694.0,40226.0,unchanged
1219077,11757.0,11694.0,45283.0,,,,no_longer_flagged
1219099,,,,5051.0,5053.0,18997.0,newly_flagged
1219127,18517.0,5017.0,40541.0,18517.0,5017.0,36141.0,unchanged
1219129,,,,50523.0,5055.0,28187.0,newly_flagged
1219133,,,,50523.0,5055.0,28187.0,newly_flagged
1219137,91180.0,5017.0,40541.0,91180.0,5017.0,36141.0,unchanged
1219139,91180.0,5017.0,40541.0,91180.0,5017.0,36141.0,unchanged
1219148,38699.0,56933.0,23971.0,38699.0,38405.0,37945.0,recommendation_changed
1219149,38699.0,56933.0,23971.0,38699.0,38405.0,37945.0,recommendation_changed
1219172,19629.0,19633.0,38950.0,19629.0,19633.0,11991.0,unchanged
1219185,18849.0,18813.0,39236.0,18849.0,18813.0,35029.0,unchanged
1219192,91180.0,5017.0,40541.0,91180.0,5017.0,36141.0,unchanged
1219195,91180.0,5017.0,40541.0,91180.0,5017.0,36141.0,unchanged
1219196,,,,5107.0,5087.0,28402.0,newly_flagged
1219197,,,,5107.0,5087.0,28402.0,newly_flagged
1219198,,,,5107.0,5087.0,28402.0,newly_flagged
1219265,4999.0,18324.0,38608.0,4999.0,18324.0,34495.0,unchanged
1219266,4999.0,18324.0,38608.0,4999.0,18324.0,34495.0,unchanged
1219280,18680.0,18647.0,39585.0,18680.0,18647.0,35281.0,unchanged
1219281,18680.0,18647.0,39585.0,18680.0,18647.0,35281.0,unchanged
1219340,38408.0,56933.0,23971.0,38408.0,38405.0,37945.0,recommendation_changed
1219341,38405.0,56933.0,23971.0,,,,no_longer_flagged
1219342,38408.0,56933.0,23971.0,38408.0,38405.0,37945.0,recommendation_changed
1219343,38408.0,56933.0,23971.0,38408.0,38405.0,37945.0,recommendation_changed
1219344,38702.0,38396.0,42738.0,38702.0,19623.0,20743.0,recommendation_changed
1219345,38702.0,38396.0,42738.0,38702.0,19623.0,20743.0,recommendation_changed
1219368,157756.0,157757.0,42752.0,157756.0,157757.0,37996.0,unchanged
1219369,157756.0,157757.0,42752.0,157756.0,157757.0,37996.0,unchanged
1219371,536369.0,536367.0,11391.0,536369.0,536374.0,10532.0,recommendation_changed
1219424,3624.0,40603.0,12517.0,3624.0,40603.0,11592.0,unchanged
1219430,,,,5051.0,5053.0,18997.0,newly_flagged
1219445,18717.0,18724.0,48004.0,,,,no_longer_flagged
1219484,3293.0,3267.0,43517.0,3293.0,3267.0,38682.0,unchanged
1219487,3293.0,3267.0,43517.0,3293.0,3267.0,38682.0,unchanged
1219488,21186.0,21156.0,40433.0,21186.0,21156.0,36048.0,unchanged
1219522,3979.0,4008.0,43510.0,3979.0,4008.0,38677.0,unchanged
1219561,,,,4113.0,4052.0,29716.0,newly_flagged
1219563,,,,4088.0,4052.0,29716.0,newly_flagged
1219570,3968.0,3979.0,42430.0,3968.0,3979.0,37686.0,unchanged
1219577,21513.0,3896.0,17974.0,21513.0,21494.0,16732.0,recommendation_changed
1219578,21513.0,3896.0,17974.0,21513.0,21494.0,16732.0,recommendation_changed
1219599,383836.0,377979.0,24190.0,383836.0,377979.0,22342.0,unchanged
1219660,4347.0,4298.0,42968.0,4347.0,4298.0,38211.0,unchanged
1219662,4347.0,4298.0,42968.0,4347.0,4298.0,38211.0,unchanged
1219663,4347.0,4298.0,42968.0,4347.0,4298.0,38211.0,unchanged
1219742,21186.0,21156.0,17523.0,21186.0,21156.0,16284.0,unchanged
1219793,21225.0,21215.0,39743.0,21225.0,21215.0,35426.0,unchanged
1219794,21225.0,21215.0,39743.0,21225.0,21215.0,35426.0,unchanged
1219835,21225.0,21215.0,39743.0,21225.0,21215.0,35426.0,unchanged
1219839,236157.0,236158.0,43601.0,236157.0,236158.0,38758.0,unchanged
1219871,27171.0,5032.0,45709.0,27171.0,5032.0,40609.0,unchanged
1219872,,,,5045.0,5054.0,27717.0,newly_flagged
1219898,18564.0,18543.0,48087.0,18564.0,18543.0,42566.0,unchanged
1219904,18808.0,18831.0,39663.0,18808.0,18831.0,35360.0,unchanged
1219905,18808.0,18831.0,39663.0,18808.0,18831.0,35360.0,unchanged
1219907,18808.0,18831.0,39663.0,18808.0,18831.0,35360.0,unchanged
1219914,,,,5051.0,5053.0,18997.0,newly_flagged
1219916,18517.0,5017.0,40541.0,18517.0,5017.0,36141.0,unchanged
1219918,18517.0,5017.0,40541.0,18517.0,5017.0,36141.0,unchanged
1219921,21742.0,5009.0,39405.0,21742.0,5009.0,35160.0,unchanged
1219922,21742.0,5009.0,39405.0,21742.0,5009.0,35160.0,unchanged
1219953,18176.0,27051.0,39554.0,18176.0,27051.0,35253.0,unchanged
1219987,18536.0,5017.0,40541.0,18536.0,5017.0,36141.0,unchanged
1219994,5011.0,5009.0,39405.0,5011.0,5009.0,35160.0,unchanged
1220007,,,,50523.0,5055.0,28187.0,newly_flagged
1220023,21734.0,18324.0,38608.0,21734.0,18324.0,34495.0,unchanged
1220031,5011.0,5009.0,39405.0,5011.0,5009.0,35160.0,unchanged
1220040,,,,18784.0,27213.0,40704.0,newly_flagged
1220041,27213.0,18784.0,45806.0,,,,no_longer_flagged
1220042,,,,18784.0,27213.0,40704.0,newly_flagged
1220043,27213.0,18784.0,45806.0,,,,no_longer_flagged
1220102,21734.0,18324.0,38608.0,21734.0,18324.0,34495.0,unchanged
1220110,5055.0,50523.0,36561.0,,,,no_longer_flagged
1220115,5006.0,18324.0,38608.0,5006.0,18324.0,34495.0,unchanged
1220123,,,,21760.0,5055.0,28187.0,newly_flagged
1220140,5052.0,50523.0,36561.0,5052.0,5055.0,28187.0,recommendation_changed
1220177,18941.0,19058.0,39418.0,,,,no_longer_flagged
1220179,18893.0,19008.0,4172.0,18893.0,19008.0,3856.0,unchanged
1220181,18903.0,19008.0,4172.0,18903.0,19008.0,3856.0,unchanged
1220188,5054.0,5045.0,36564.0,,,,no_longer_flagged
1220194,18903.0,19008.0,4172.0,18903.0,19008.0,3856.0,unchanged
1220195,18903.0,19008.0,4172.0,18903.0,19008.0,3856.0,unchanged
1220231,,,,5027.0,5029.0,12151.0,newly_flagged
1220235,5055.0,50523.0,36561.0,,,,no_longer_flagged
1220252,19051.0,19090.0,38528.0,19051.0,19090.0,34425.0,unchanged
1220293,18463.0,18478.0,4327.0,18463.0,18478.0,4010.0,unchanged
1220295,18457.0,18471.0,32187.0,18457.0,18444.0,15970.0,recommendation_changed
1220320,18176.0,27051.0,39554.0,18176.0,27051.0,35253.0,unchanged
1220332,18450.0,18453.0,45718.0,18450.0,18492.0,19611.0,recommendation_changed
1220333,18450.0,18453.0,45718.0,18450.0,18492.0,19611.0,recommendation_changed
1220335,18497.0,18478.0,4327.0,18497.0,18478.0,4010.0,unchanged
1220336,18468.0,18478.0,4327.0,18468.0,18478.0,4010.0,unchanged
1220339,18450.0,18453.0,45718.0,18450.0,18492.0,19611.0,recommendation_changed
1220341,383835.0,377983.0,43504.0,383835.0,377983.0,38670.0,unchanged
1220345,18455.0,18478.0,4327.0,18455.0,18478.0,4010.0,unchanged
1220349,19085.0,19069.0,38721.0,19085.0,19069.0,34598.0,unchanged
1220350,19085.0,19069.0,38721.0,19085.0,19069.0,34598.0,unchanged
1220351,19085.0,19069.0,38721.0,19085.0,19069.0,34598.0,unchanged
1220357,18524.0,18550.0,12860.0,18524.0,18550.0,11943.0,unchanged
1220360,21554.0,4416.0,42827.0,21554.0,4416.0,38069.0,unchanged
1220362,21554.0,4416.0,42827.0,21554.0,4416.0,38069.0,unchanged
1220376,19040.0,18998.0,39387.0,,,,no_longer_flagged
1220380,,,,18998.0,19040.0,35143.0,newly_flagged
1220381,,,,18998.0,19040.0,35143.0,newly_flagged
1220382,,,,18998.0,19040.0,35143.0,newly_flagged
1220383,,,,18998.0,19040.0,35143.0,newly_flagged
1220388,19040.0,18998.0,48164.0,19040.0,18998.0,42639.0,unchanged
1220389,19040.0,18998.0,48164.0,19040.0,18998.0,42639.0,unchanged
1220390,19040.0,18998.0,48164.0,19040.0,18998.0,42639.0,unchanged
1220391,19040.0,18998.0,48164.0,19040.0,18998.0,42639.0,unchanged
1220392,53404.0,53403.0,32240.0,53404.0,53403.0,29254.0,unchanged
1220396,18497.0,18478.0,4327.0,18497.0,18478.0,4010.0,unchanged
1220409,19085.0,19069.0,38721.0,19085.0,19069.0,34598.0,unchanged
1220410,19085.0,19069.0,38721.0,19085.0,19069.0,34598.0,unchanged
1220412,,,,18457.0,18444.0,15970.0,newly_flagged
1220445,,,,5045.0,5054.0,27717.0,newly_flagged
1220446,,,,5045.0,5054.0,27717.0,newly_flagged
1220493,27171.0,5032.0,45709.0,27171.0,5032.0,40609.0,unchanged
1220495,,,,5045.0,5054.0,27717.0,newly_flagged
1220508,26970.0,17999.0,21836.0,26970.0,17999.0,20186.0,unchanged
1220516,17999.0,17992.0,21833.0,17999.0,17992.0,20183.0,unchanged
1220540,19013.0,19038.0,39558.0,19013.0,19038.0,42662.0,unchanged
1220543,19013.0,19038.0,39558.0,19013.0,19038.0,42662.0,unchanged
1220545,,,,5107.0,5087.0,28402.0,newly_flagged
1220547,21759.0,27172.0,32265.0,21759.0,27172.0,29279.0,unchanged
1220555,18082.0,18058.0,12894.0,18082.0,18058.0,11976.0,unchanged
1220567,5054.0,5045.0,36564.0,,,,no_longer_flagged
1220600,,,,18486.0,18492.0,19611.0,newly_flagged
1220601,,,,18453.0,18492.0,19611.0,newly_flagged
1220621,19131.0,19057.0,22490.0,,,,no_longer_flagged
1220623,19131.0,19057.0,22490.0,,,,no_longer_flagged
1220625,5431.0,5427.0,16736.0,5431.0,5427.0,15509.0,unchanged
1220628,27254.0,19013.0,48204.0,27254.0,19013.0,42670.0,unchanged
1220643,19038.0,19068.0,48205.0,19038.0,19068.0,42672.0,unchanged
1220669,18997.0,19048.0,45796.0,18997.0,19048.0,40693.0,unchanged
1220671,18997.0,19048.0,45796.0,18997.0,19048.0,40693.0,unchanged
1220681,19068.0,19038.0,39558.0,19068.0,19038.0,42677.0,unchanged
1220686,,,,19073.0,19054.0,42680.0,newly_flagged
1220696,19048.0,18997.0,45785.0,,,,no_longer_flagged
1220697,19048.0,18997.0,45785.0,,,,no_longer_flagged
1220698,19048.0,18997.0,45785.0,,,,no_longer_flagged
1220699,19048.0,18997.0,45785.0,,,,no_longer_flagged
1220701,18997.0,19048.0,45796.0,18997.0,19048.0,40693.0,unchanged
1220706,18997.0,19048.0,45796.0,18997.0,19048.0,40693.0,unchanged
1220707,18997.0,19048.0,45796.0,18997.0,19048.0,40693.0,unchanged
1220713,,,,18997.0,19048.0,40680.0,newly_flagged
1220750,19054.0,19073.0,48211.0,,,,no_longer_flagged
1220762,,,,19073.0,19068.0,42672.0,newly_flagged
1220784,18095.0,27003.0,20317.0,,,,no_longer_flagged
1220785,27020.0,18091.0,20665.0,,,,no_longer_flagged
1220786,18095.0,27003.0,20317.0,,,,no_longer_flagged
1220810,19068.0,19038.0,39558.0,19068.0,19038.0,35257.0,unchanged
1220819,55014.0,38414.0,48229.0,,,,no_longer_flagged
1220827,1598.0,20204.0,29044.0,1598.0,20204.0,26258.0,unchanged
1220905,13239.0,13290.0,29495.0,13239.0,13290.0,26676.0,unchanged
1220908,1031.0,1044.0,29929.0,1031.0,1044.0,27088.0,unchanged
1220909,1031.0,1044.0,29929.0,1031.0,1044.0,27088.0,unchanged
1220911,1031.0,1044.0,29929.0,1031.0,1044.0,27088.0,unchanged
1220926,2374.0,20535.0,30118.0,2374.0,20535.0,27271.0,unchanged
1220928,12542.0,25051.0,29244.0,12542.0,25051.0,26450.0,unchanged
1220940,12542.0,12534.0,29398.0,12542.0,12534.0,26582.0,unchanged
1220960,13388.0,13352.0,39793.0,13388.0,13352.0,35482.0,unchanged
1220965,20028.0,20030.0,33928.0,20028.0,20030.0,30863.0,unchanged
1220978,25096.0,12601.0,48254.0,25096.0,12601.0,42707.0,unchanged
1221052,12580.0,12578.0,39877.0,12580.0,12578.0,35562.0,unchanged
1221056,13427.0,13388.0,46312.0,13427.0,13388.0,41133.0,unchanged
1221059,13388.0,13352.0,39793.0,13388.0,13352.0,35482.0,unchanged
1221109,13427.0,13388.0,46312.0,13427.0,13388.0,41133.0,unchanged
1221195,1138.0,1175.0,32326.0,1138.0,1175.0,29335.0,unchanged
1221212,164806.0,798.0,4381.0,,,,no_longer_flagged
1221213,164806.0,798.0,4381.0,,,,no_longer_flagged
1221214,164806.0,798.0,4381.0,,,,no_longer_flagged
1221215,164806.0,798.0,4381.0,,,,no_longer_flagged
1221231,165116.0,798.0,4381.0,165116.0,164809.0,28102.0,recommendation_changed
1221240,164810.0,798.0,4381.0,,,,no_longer_flagged
1221241,164810.0,798.0,4381.0,,,,no_longer_flagged
1221242,164810.0,798.0,4381.0,,,,no_longer_flagged
1221243,164810.0,798.0,4381.0,,,,no_longer_flagged
1221246,165116.0,165117.0,46891.0,165116.0,165117.0,41562.0,unchanged
1221273,,,,25323.0,25307.0,26362.0,newly_flagged
1221304,1471.0,126394.0,17414.0,1471.0,13539.0,26764.0,recommendation_changed
1221334,10779.0,10762.0,21883.0,,,,no_longer_flagged
1221344,9605.0,9575.0,45103.0,9605.0,9575.0,40053.0,unchanged
1221347,9605.0,9575.0,45103.0,9605.0,9575.0,40053.0,unchanged
1221353,9589.0,9575.0,45103.0,9589.0,9575.0,40053.0,unchanged
1221354,9589.0,9575.0,45103.0,9589.0,9575.0,40053.0,unchanged
1221356,12510.0,12497.0,36811.0,,,,no_longer_flagged
1221357,12510.0,12497.0,36811.0,,,,no_longer_flagged
1221358,12510.0,12497.0,36811.0,,,,no_longer_flagged
1221359,12510.0,12497.0,36811.0,,,,no_longer_flagged
1221377,,,,11065.0,11040.0,19474.0,newly_flagged
1221378,,,,11065.0,11040.0,19474.0,newly_flagged
1221379,,,,11065.0,11040.0,19474.0,newly_flagged
1221392,23783.0,9715.0,12862.0,23783.0,9715.0,11945.0,unchanged
1221426,24491.0,11091.0,17997.0,24491.0,11091.0,16756.0,unchanged
1221463,123507.0,24123.0,48338.0,123507.0,24123.0,42783.0,unchanged
1221480,,,,11340.0,11225.0,42782.0,newly_flagged
1221504,12257.0,12200.0,26390.0,,,,no_longer_flagged
1221505,12257.0,12200.0,26390.0,,,,no_longer_flagged
1221506,12257.0,12200.0,26390.0,,,,no_longer_flagged
1221507,12257.0,12200.0,26390.0,,,,no_longer_flagged
1221510,9722.0,9715.0,12862.0,9722.0,9715.0,11945.0,unchanged
1221518,24795.0,12006.0,45421.0,,,,no_longer_flagged
1221528,12257.0,12200.0,26390.0,,,,no_longer_flagged
1221529,12257.0,12200.0,26390.0,,,,no_longer_flagged
1221530,12257.0,12194.0,48353.0,,,,no_longer_flagged
1221531,12257.0,12200.0,26390.0,,,,no_longer_flagged
1221547,,,,299200.0,19937.0,30449.0,newly_flagged
1221612,12194.0,12260.0,38416.0,,,,no_longer_flagged
1221614,12200.0,12194.0,48353.0,,,,no_longer_flagged
1221630,12200.0,12141.0,48376.0,,,,no_longer_flagged
1221644,12260.0,12194.0,34369.0,,,,no_longer_flagged
1221645,12260.0,12194.0,34369.0,,,,no_longer_flagged
1221646,12260.0,12194.0,34369.0,,,,no_longer_flagged
1221659,12201.0,12131.0,34378.0,,,,no_longer_flagged
1221661,271047.0,165117.0,45469.0,271047.0,165117.0,40424.0,unchanged
1221663,,,,834.0,164809.0,28102.0,newly_flagged
1221717,12208.0,12180.0,45271.0,12208.0,12180.0,40212.0,unchanged
1221726,,,,,12464.0,21739.0,newly_flagged
1221738,11882.0,11938.0,31587.0,11882.0,11938.0,28621.0,unchanged
1221739,10799.0,10888.0,40141.0,10799.0,10888.0,35791.0,unchanged
1221743,11882.0,11938.0,31587.0,11882.0,11938.0,28621.0,unchanged
1221748,12510.0,12497.0,36811.0,,,,no_longer_flagged
1221749,12510.0,12497.0,36811.0,,,,no_longer_flagged
1221750,12510.0,12497.0,36811.0,,,,no_longer_flagged
1221751,12510.0,12497.0,36811.0,,,,no_longer_flagged
1221789,24219.0,10368.0,44014.0,24219.0,10368.0,39106.0,unchanged
1221800,,,,10579.0,10572.0,21123.0,newly_flagged
1221803,12306.0,12356.0,44557.0,12306.0,12356.0,40131.0,unchanged
1221826,24310.0,10644.0,17104.0,,,,no_longer_flagged
1221839,10446.0,10478.0,40244.0,10446.0,10478.0,35872.0,unchanged
1221841,,,,9806.0,9926.0,13288.0,newly_flagged
1221844,,,,9806.0,9926.0,13288.0,newly_flagged
1221857,11412.0,11408.0,34370.0,11412.0,11408.0,31283.0,unchanged
1221860,24310.0,10644.0,17104.0,,,,no_longer_flagged
1221861,24310.0,10644.0,17104.0,,,,no_longer_flagged
1221892,12817.0,12787.0,30947.0,12817.0,12787.0,28012.0,unchanged
1221897,24813.0,12006.0,45421.0,24813.0,12006.0,40377.0,unchanged
1221912,19996.0,12274.0,42282.0,19996.0,12137.0,37547.0,recommendation_changed
1221942,11130.0,11134.0,48427.0,11130.0,11134.0,42873.0,unchanged
1221943,11130.0,11134.0,48427.0,11130.0,11134.0,42873.0,unchanged
1221946,,,,12274.0,12137.0,37547.0,newly_flagged
1221947,12213.0,12148.0,48437.0,12213.0,12148.0,42882.0,unchanged
1221950,,,,12225.0,12137.0,37547.0,newly_flagged
1221960,,,,12274.0,12345.0,42849.0,newly_flagged
1221963,12258.0,12225.0,48440.0,12258.0,12137.0,37547.0,recommendation_changed
1221964,12225.0,24853.0,48445.0,12225.0,12137.0,37547.0,recommendation_changed
1221966,12225.0,24853.0,48445.0,12225.0,12137.0,37547.0,recommendation_changed
1221967,,,,24853.0,12137.0,37547.0,newly_flagged
1221968,11181.0,114219.0,45249.0,11181.0,114219.0,40192.0,unchanged
1221969,11181.0,114219.0,45249.0,11181.0,114219.0,40192.0,unchanged
1221976,12194.0,12200.0,26390.0,,,,no_longer_flagged
1221977,12194.0,12200.0,26390.0,,,,no_longer_flagged
1221978,12194.0,12200.0,26390.0,,,,no_longer_flagged
1221980,12141.0,12200.0,48375.0,,,,no_longer_flagged
1221982,12141.0,12200.0,48375.0,,,,no_longer_flagged
1221983,12141.0,12200.0,48375.0,,,,no_longer_flagged
1222120,4728.0,21656.0,17125.0,4728.0,21656.0,15894.0,unchanged
1222124,24740.0,11671.0,48484.0,24740.0,11671.0,42922.0,unchanged
1222133,12250.0,24957.0,34017.0,12250.0,24957.0,30946.0,unchanged
1222208,,,,12112.0,12084.0,30854.0,newly_flagged
1222228,12462.0,12435.0,36843.0,12462.0,12435.0,33151.0,unchanged
1222230,12462.0,12435.0,36843.0,12462.0,12435.0,33151.0,unchanged
1222231,12462.0,12435.0,36843.0,12462.0,12435.0,33151.0,unchanged
1222253,444222.0,444219.0,23746.0,444222.0,444223.0,26002.0,recommendation_changed
1222270,12820.0,12903.0,45008.0,12820.0,12903.0,39960.0,unchanged
1222281,12820.0,12903.0,45008.0,12820.0,12903.0,39960.0,unchanged
1222293,24498.0,11065.0,21101.0,,,,no_longer_flagged
1222294,24498.0,11065.0,21101.0,,,,no_longer_flagged
1222300,10862.0,285756.0,43940.0,10862.0,285756.0,21799.0,unchanged
1222305,12572.0,12530.0,44814.0,12572.0,12530.0,30680.0,unchanged
1222322,10178.0,10131.0,44887.0,10178.0,10131.0,39849.0,unchanged
1222328,,,,617.0,599.0,12476.0,newly_flagged
1222349,10725.0,10706.0,40001.0,10725.0,10706.0,35678.0,unchanged
1222400,,,,11340.0,11225.0,42782.0,newly_flagged
1222436,12820.0,12903.0,45008.0,12820.0,12903.0,39960.0,unchanged
1222437,12820.0,12903.0,45008.0,12820.0,12903.0,39960.0,unchanged
1222449,,,,11340.0,11225.0,42782.0,newly_flagged
1222451,,,,11340.0,11225.0,42782.0,newly_flagged
1222456,12352.0,359734.0,29017.0,12352.0,359734.0,26236.0,unchanged
1222481,12598.0,12608.0,45311.0,,,,no_longer_flagged
1222483,12598.0,12608.0,45311.0,,,,no_longer_flagged
1222488,12607.0,12709.0,45418.0,12607.0,12598.0,40255.0,recommendation_changed
1222489,12607.0,12608.0,45311.0,12607.0,12598.0,40255.0,recommendation_changed
1222490,25072.0,12608.0,45311.0,,,,no_longer_flagged
1222492,,,,25064.0,12598.0,40255.0,newly_flagged
1222493,25081.0,12608.0,45311.0,25081.0,12598.0,40255.0,recommendation_changed
1222494,,,,25082.0,12598.0,40255.0,newly_flagged
1222495,25081.0,12608.0,45311.0,,,,no_longer_flagged
1222498,25075.0,12608.0,45311.0,,,,no_longer_flagged
1222504,,,,12608.0,12598.0,40255.0,newly_flagged
1222505,12594.0,12608.0,45311.0,,,,no_longer_flagged
1222506,25091.0,12673.0,45415.0,25091.0,12594.0,42977.0,recommendation_changed
1222507,25091.0,12608.0,45311.0,,,,no_longer_flagged
1222509,25128.0,12608.0,45311.0,,,,no_longer_flagged
1222510,12629.0,12608.0,45311.0,12629.0,12598.0,40255.0,recommendation_changed
1222511,12629.0,12608.0,45311.0,12629.0,12598.0,40255.0,recommendation_changed
1222524,25086.0,12608.0,45311.0,25086.0,12598.0,40255.0,recommendation_changed
1222525,12585.0,12608.0,45311.0,12585.0,12598.0,40255.0,recommendation_changed
1222528,12643.0,12608.0,45311.0,,,,no_longer_flagged
1222530,11757.0,11694.0,45283.0,11757.0,11694.0,40226.0,unchanged
1222536,12604.0,12608.0,45311.0,,,,no_longer_flagged
1222537,25081.0,12608.0,45311.0,,,,no_longer_flagged
1222538,25075.0,12608.0,45311.0,,,,no_longer_flagged
1222539,12604.0,12608.0,45311.0,,,,no_longer_flagged
1222544,12570.0,12608.0,45311.0,,,,no_longer_flagged
1222545,12612.0,12608.0,45311.0,,,,no_longer_flagged
1222546,12612.0,12673.0,45415.0,,,,no_longer_flagged
1222547,12643.0,12608.0,45311.0,,,,no_longer_flagged
1222570,10747.0,10820.0,47435.0,10747.0,10820.0,42010.0,unchanged
1222664,9579.0,9703.0,31221.0,9579.0,9703.0,28274.0,unchanged
1222666,23790.0,9703.0,31221.0,23790.0,9703.0,28274.0,unchanged
1222751,8412.0,8389.0,47642.0,,,,no_longer_flagged
1222788,504.0,521.0,47651.0,504.0,521.0,42191.0,unchanged
1222789,504.0,521.0,47651.0,504.0,521.0,42191.0,unchanged
1222790,9696.0,500.0,38852.0,9696.0,500.0,34698.0,unchanged
1222791,9696.0,500.0,38852.0,9696.0,500.0,34698.0,unchanged
1222792,10679.0,10731.0,44323.0,,,,no_longer_flagged
1222793,10679.0,10731.0,44323.0,,,,no_longer_flagged
1222795,10679.0,10731.0,44323.0,,,,no_longer_flagged
1222796,537446.0,537444.0,45533.0,537446.0,537444.0,40468.0,unchanged
1222808,11110.0,11065.0,21101.0,,,,no_longer_flagged
1222809,11110.0,11065.0,21101.0,,,,no_longer_flagged
1222810,11110.0,11065.0,21101.0,,,,no_longer_flagged
1222836,8213.0,8123.0,47637.0,8213.0,8123.0,42175.0,unchanged
1222850,10791.0,24415.0,47602.0,10791.0,24415.0,42139.0,unchanged
1222852,10830.0,10800.0,16527.0,10830.0,10800.0,15307.0,unchanged
1222859,10889.0,10858.0,48602.0,10889.0,10858.0,43039.0,unchanged
1222871,8566.0,8560.0,48605.0,8566.0,8560.0,43042.0,unchanged
1222879,23220.0,23226.0,4705.0,,,,no_longer_flagged
1222884,23220.0,23226.0,4705.0,,,,no_longer_flagged
1222894,10855.0,24446.0,30842.0,10855.0,24446.0,27908.0,unchanged
1222895,10855.0,24446.0,30842.0,10855.0,24446.0,27908.0,unchanged
1222903,10830.0,10800.0,16527.0,10830.0,10800.0,15307.0,unchanged
1222904,10889.0,10858.0,48602.0,10889.0,10858.0,43039.0,unchanged
1222927,23220.0,23226.0,4705.0,,,,no_longer_flagged
1222937,,,,24853.0,12137.0,37547.0,newly_flagged
1222939,,,,24853.0,12137.0,37547.0,newly_flagged
1222951,,,,24719.0,24739.0,41538.0,newly_flagged
1222974,24735.0,11632.0,44028.0,24735.0,11632.0,39116.0,unchanged
1222980,24735.0,11632.0,44028.0,24735.0,11632.0,39116.0,unchanged
1222981,24735.0,11632.0,44028.0,24735.0,11632.0,39116.0,unchanged
1222983,24735.0,11632.0,44028.0,24735.0,11632.0,39116.0,unchanged
1223013,11645.0,11632.0,44028.0,11645.0,11632.0,39116.0,unchanged
1223015,11645.0,11632.0,44028.0,11645.0,11632.0,39116.0,unchanged
1223022,11180.0,11192.0,46725.0,11180.0,11192.0,41425.0,unchanged
1223026,24735.0,11632.0,44028.0,24735.0,11632.0,39116.0,unchanged
1223030,11860.0,11832.0,44969.0,11860.0,11832.0,39922.0,unchanged
1223045,12194.0,12260.0,38416.0,,,,no_longer_flagged
1223046,12194.0,12260.0,38416.0,,,,no_longer_flagged
1223047,24893.0,12260.0,38416.0,,,,no_longer_flagged
1223060,12194.0,12260.0,38416.0,,,,no_longer_flagged
1223061,12194.0,12260.0,38416.0,,,,no_longer_flagged
1223062,12194.0,12260.0,38416.0,,,,no_longer_flagged
1223063,12194.0,12260.0,38416.0,,,,no_longer_flagged
1223089,12137.0,24853.0,48445.0,,,,no_longer_flagged
1223125,12141.0,12200.0,48375.0,,,,no_longer_flagged
1223126,12141.0,12200.0,48375.0,,,,no_longer_flagged
1223127,12141.0,12200.0,48375.0,,,,no_longer_flagged
1223144,,,,702.0,683.0,29336.0,newly_flagged
1223147,,,,702.0,683.0,29336.0,newly_flagged
1223152,,,,702.0,683.0,29336.0,newly_flagged
1223155,,,,702.0,683.0,29336.0,newly_flagged
1223161,683.0,702.0,33536.0,,,,no_longer_flagged
1223162,,,,702.0,683.0,29336.0,newly_flagged
1223178,,,,702.0,683.0,29336.0,newly_flagged
1223180,25797.0,14487.0,33846.0,25797.0,14487.0,30795.0,unchanged
1223182,24751.0,11841.0,30919.0,24751.0,11662.0,35688.0,recommendation_changed
1223193,24342.0,24359.0,30898.0,24342.0,24359.0,27963.0,unchanged
1223197,,,,702.0,683.0,29336.0,newly_flagged
1223202,,,,702.0,683.0,29336.0,newly_flagged
1223227,12734.0,25149.0,44502.0,12734.0,25149.0,39501.0,unchanged
1223248,24325.0,10644.0,17104.0,24325.0,24310.0,42869.0,recommendation_changed
1223258,24751.0,11841.0,30919.0,24751.0,11662.0,35688.0,recommendation_changed
1223268,24751.0,11841.0,30919.0,24751.0,11662.0,35688.0,recommendation_changed
1223312,11950.0,11841.0,30919.0,,,,no_longer_flagged
1223313,11950.0,11841.0,30919.0,,,,no_longer_flagged
1223319,24751.0,11841.0,30919.0,24751.0,11662.0,35688.0,recommendation_changed
1223417,775.0,19940.0,17476.0,775.0,19940.0,16236.0,unchanged
1223489,11961.0,24795.0,46932.0,11961.0,24795.0,41593.0,unchanged
1223493,19907.0,222715.0,46927.0,19907.0,222715.0,29598.0,unchanged
1223618,140162.0,16737.0,17521.0,140162.0,16737.0,16282.0,unchanged
1223620,370354.0,282566.0,17715.0,370354.0,282566.0,16475.0,unchanged
1223669,26430.0,16379.0,17694.0,,,,no_longer_flagged
1223682,,,,16091.0,16075.0,16524.0,newly_flagged
1223685,91809.0,16158.0,17649.0,91809.0,16158.0,16409.0,unchanged
1223758,27256.0,27249.0,39730.0,27256.0,27249.0,35416.0,unchanged
1223765,,,,5107.0,5087.0,28402.0,newly_flagged
1224490,482699.0,1929.0,36387.0,482699.0,1929.0,32706.0,unchanged
1224523,,,,27072.0,27080.0,43135.0,newly_flagged
1224531,26652.0,17075.0,28885.0,26652.0,17075.0,26106.0,unchanged
1224532,9377.0,23634.0,45025.0,9377.0,23634.0,39807.0,unchanged
1224533,274559.0,25168.0,45266.0,274559.0,25168.0,40208.0,unchanged
1224534,274562.0,25168.0,45266.0,274562.0,25168.0,40208.0,unchanged
1224535,274566.0,25168.0,45266.0,274566.0,25168.0,40208.0,unchanged
1224536,274555.0,25168.0,45266.0,274555.0,25168.0,40208.0,unchanged
1224537,274250.0,25168.0,45266.0,274250.0,25168.0,40208.0,unchanged
1224538,274557.0,25168.0,45266.0,274557.0,25168.0,40208.0,unchanged
1224539,274248.0,25168.0,45266.0,274248.0,25168.0,40208.0,unchanged
1224540,274249.0,25168.0,45266.0,274249.0,25168.0,40208.0,unchanged
1224765,281278.0,281281.0,46044.0,281278.0,281281.0,40924.0,unchanged
1224766,281278.0,281281.0,46044.0,281278.0,281281.0,40924.0,unchanged
1224767,281278.0,281281.0,46044.0,281278.0,281281.0,40924.0,unchanged
1224768,,,,281279.0,281281.0,40924.0,newly_flagged
1224772,280645.0,280643.0,43833.0,,,,no_longer_flagged
1224777,281280.0,281281.0,46044.0,281280.0,281281.0,40924.0,unchanged
1224778,,,,281280.0,281281.0,40924.0,newly_flagged
1224779,281280.0,281281.0,46044.0,281280.0,281281.0,40924.0,unchanged
1224780,281280.0,281281.0,46044.0,281280.0,281281.0,40924.0,unchanged
1224781,,,,281279.0,281281.0,40924.0,newly_flagged
1224782,,,,281279.0,281281.0,40924.0,newly_flagged
1224783,281284.0,281279.0,48748.0,281284.0,281281.0,40924.0,recommendation_changed
1224784,,,,281279.0,281281.0,40924.0,newly_flagged
1224785,276479.0,276478.0,43818.0,276479.0,276478.0,38938.0,unchanged
1224786,276479.0,276478.0,43818.0,276479.0,276478.0,38938.0,unchanged
1224789,279074.0,279361.0,46048.0,,,,no_longer_flagged
1224790,279075.0,279361.0,46048.0,279075.0,279078.0,41826.0,recommendation_changed
1224791,279075.0,279361.0,46048.0,279075.0,279078.0,41826.0,recommendation_changed
1224792,279074.0,279361.0,46048.0,,,,no_longer_flagged
1224821,279074.0,279361.0,46048.0,,,,no_longer_flagged
1224822,279074.0,279361.0,46048.0,,,,no_longer_flagged
1224823,279074.0,279361.0,46048.0,,,,no_longer_flagged
1224824,279074.0,279361.0,46048.0,,,,no_longer_flagged
1224825,280645.0,280643.0,43833.0,,,,no_longer_flagged
1224827,281278.0,281281.0,46044.0,281278.0,281281.0,40924.0,unchanged
1224828,281278.0,281281.0,46044.0,281278.0,281281.0,40924.0,unchanged
1224839,280635.0,280638.0,32682.0,280635.0,280642.0,29677.0,recommendation_changed
1224840,280637.0,280638.0,32682.0,280637.0,280642.0,29677.0,recommendation_changed
1224841,280644.0,280638.0,32682.0,280644.0,280642.0,29677.0,recommendation_changed
1224844,280644.0,280638.0,32682.0,280644.0,280642.0,29677.0,recommendation_changed
1224857,280641.0,280640.0,48759.0,280641.0,280640.0,43159.0,unchanged
1224858,280641.0,280638.0,32682.0,280641.0,280638.0,43162.0,unchanged
1224859,280641.0,280638.0,32682.0,280641.0,280638.0,43162.0,unchanged
1224860,280641.0,280638.0,32682.0,280641.0,280638.0,43162.0,unchanged
1224861,272636.0,272642.0,32130.0,,,,no_longer_flagged
1224862,272636.0,272642.0,32130.0,,,,no_longer_flagged
1224863,272636.0,272642.0,32130.0,,,,no_longer_flagged
1224864,272636.0,272642.0,32130.0,,,,no_longer_flagged
1224887,280329.0,280638.0,32682.0,280329.0,280642.0,29677.0,recommendation_changed
1224889,280329.0,280638.0,32682.0,280329.0,280642.0,29677.0,recommendation_changed
1224891,280329.0,280638.0,32682.0,280329.0,280642.0,29677.0,recommendation_changed
1224892,280329.0,280638.0,32682.0,280329.0,280642.0,29677.0,recommendation_changed
1224910,280635.0,280638.0,32682.0,,,,no_longer_flagged
1224911,280635.0,280638.0,32682.0,,,,no_longer_flagged
1224928,280644.0,280638.0,32682.0,280644.0,280642.0,29677.0,recommendation_changed
1224939,24968.0,12294.0,33968.0,24968.0,12294.0,30901.0,unchanged
1224946,24280.0,24241.0,48771.0,24280.0,24241.0,43172.0,unchanged
1224947,24238.0,10523.0,30907.0,24238.0,10523.0,27972.0,unchanged
1224948,10639.0,10644.0,17104.0,10639.0,10644.0,15872.0,unchanged
1224949,24893.0,24926.0,40196.0,,,,no_longer_flagged
1224963,,,,23389.0,23439.0,18319.0,newly_flagged
1224990,,,,8098.0,8059.0,43183.0,newly_flagged
1225003,389931.0,389927.0,11101.0,389931.0,389927.0,10276.0,unchanged
1225014,9202.0,9000.0,33052.0,,,,no_longer_flagged
1225018,8976.0,8774.0,23470.0,8976.0,8700.0,8527.0,recommendation_changed
1225019,8926.0,8774.0,23470.0,8926.0,8700.0,8527.0,recommendation_changed
1225047,23751.0,23763.0,18089.0,23751.0,23763.0,16849.0,unchanged
1225048,23751.0,23763.0,18089.0,23751.0,23763.0,16849.0,unchanged
1225050,8986.0,8774.0,23470.0,8986.0,8700.0,8527.0,recommendation_changed
1225051,9117.0,8774.0,23470.0,9117.0,8700.0,8527.0,recommendation_changed
1225068,24376.0,10777.0,44510.0,24376.0,10777.0,39508.0,unchanged
1225085,23778.0,9618.0,48815.0,,,,no_longer_flagged
1225238,23812.0,9816.0,33077.0,23812.0,9816.0,30065.0,unchanged
1225256,24554.0,11272.0,47427.0,24554.0,11272.0,42004.0,unchanged
1225262,23675.0,23666.0,48879.0,,,,no_longer_flagged
1225263,23675.0,23666.0,48879.0,,,,no_longer_flagged
1225265,23675.0,23666.0,48879.0,,,,no_longer_flagged
1225359,23404.0,23387.0,48910.0,23404.0,23387.0,43287.0,unchanged
1225412,147840.0,96298.0,48925.0,147840.0,96298.0,43301.0,unchanged
1225414,12127.0,12032.0,48927.0,12127.0,12032.0,43303.0,unchanged
1225420,8995.0,8962.0,33112.0,8995.0,8962.0,30101.0,unchanged
1225430,9614.0,9700.0,48934.0,9614.0,9700.0,43310.0,unchanged
1225536,9923.0,9779.0,48976.0,,,,no_longer_flagged
1225537,9923.0,9903.0,48977.0,9923.0,9903.0,43344.0,unchanged
1225574,23562.0,9152.0,14533.0,,,,no_longer_flagged
1225642,8751.0,23297.0,33088.0,8751.0,23297.0,30076.0,unchanged
1225695,22452.0,7037.0,33947.0,,,,no_longer_flagged
1225698,23718.0,9479.0,30965.0,,,,no_longer_flagged
1225699,23718.0,9479.0,30965.0,,,,no_longer_flagged
1225714,23718.0,9479.0,30965.0,,,,no_longer_flagged
1225715,23718.0,9479.0,30965.0,,,,no_longer_flagged
1225717,23718.0,9479.0,30965.0,,,,no_longer_flagged
1225777,91487.0,91488.0,48995.0,91487.0,91488.0,43404.0,unchanged
1225794,9185.0,9193.0,30731.0,9185.0,9193.0,27807.0,unchanged
1225816,24004.0,10000.0,44494.0,,,,no_longer_flagged
1225828,8040.0,23010.0,48936.0,8040.0,23010.0,43312.0,unchanged
1225838,8566.0,8560.0,48605.0,8566.0,8560.0,43042.0,unchanged
1225839,8566.0,8560.0,48605.0,8566.0,8560.0,43042.0,unchanged
1225842,23010.0,23030.0,49052.0,,,,no_longer_flagged
1225848,23263.0,8802.0,5674.0,,,,no_longer_flagged
1225854,444.0,437.0,44499.0,,,,no_longer_flagged
1226054,,,,16694.0,4337.0,43457.0,newly_flagged
1226055,16703.0,16694.0,49091.0,16703.0,4337.0,43457.0,recommendation_changed
1226124,9388.0,9338.0,44743.0,9388.0,9338.0,39720.0,unchanged
1226168,23665.0,9338.0,44743.0,23665.0,9338.0,39720.0,unchanged
1226169,23665.0,9338.0,44743.0,23665.0,9338.0,39720.0,unchanged
1226176,9411.0,9357.0,45360.0,9411.0,9357.0,40308.0,unchanged
1226178,23849.0,9770.0,4751.0,23849.0,9821.0,4421.0,recommendation_changed
1226241,23269.0,8780.0,45079.0,23269.0,8780.0,40029.0,unchanged
1226315,251847.0,2839.0,41770.0,251847.0,2839.0,37118.0,unchanged
1226316,14598.0,14671.0,49157.0,14598.0,14563.0,43525.0,recommendation_changed
1226363,16359.0,16386.0,24061.0,16359.0,16386.0,22226.0,unchanged
1226366,16796.0,16688.0,33811.0,16796.0,16688.0,30761.0,unchanged
1226450,23675.0,23666.0,48879.0,,,,no_longer_flagged
1226451,23675.0,23666.0,48879.0,,,,no_longer_flagged
1226453,23675.0,23666.0,48879.0,,,,no_longer_flagged
1226463,,,,23090.0,8360.0,28825.0,newly_flagged
1226465,,,,23090.0,8360.0,28825.0,newly_flagged
1226527,,,,23797.0,23798.0,43574.0,newly_flagged
1226529,9566.0,9618.0,48815.0,,,,no_longer_flagged
1226546,8652.0,23218.0,49211.0,,,,no_longer_flagged
1226549,8652.0,23218.0,49211.0,,,,no_longer_flagged
1226697,23130.0,8492.0,48951.0,23130.0,8492.0,43319.0,unchanged
1226700,,,,23218.0,23220.0,4379.0,newly_flagged
1226701,,,,23218.0,23220.0,4379.0,newly_flagged
1226727,,,,23461.0,23497.0,3281.0,newly_flagged
1226729,23430.0,23461.0,12684.0,23430.0,23497.0,3281.0,recommendation_changed
1226745,415422.0,449264.0,4360.0,,,,no_longer_flagged
1226768,,,,8307.0,23086.0,43628.0,newly_flagged
1226786,23355.0,23350.0,49263.0,23355.0,23350.0,43632.0,unchanged
1226788,23355.0,23350.0,49263.0,23355.0,23350.0,43632.0,unchanged
1226848,2485.0,2488.0,49277.0,2485.0,2488.0,43646.0,unchanged
1226852,23355.0,23350.0,49263.0,23355.0,23350.0,43632.0,unchanged
1226860,23355.0,23350.0,49263.0,23355.0,23350.0,43632.0,unchanged
1226867,,,,23461.0,23497.0,3281.0,newly_flagged
1226885,23030.0,23047.0,2633.0,23030.0,23047.0,2399.0,unchanged
1227016,10188.0,10077.0,30723.0,10188.0,10077.0,27799.0,unchanged
1227034,23351.0,23297.0,33088.0,23351.0,23297.0,30076.0,unchanged
1227035,23351.0,23297.0,33088.0,23351.0,23297.0,30076.0,unchanged
1227037,23330.0,23297.0,33088.0,23330.0,23297.0,30076.0,unchanged
1227074,9712.0,9716.0,44672.0,9712.0,23827.0,43683.0,recommendation_changed
1227075,9712.0,9716.0,44672.0,9712.0,23827.0,43683.0,recommendation_changed
1227142,23330.0,23297.0,33088.0,23330.0,23297.0,30076.0,unchanged
1227143,23351.0,23297.0,33088.0,23351.0,23297.0,30076.0,unchanged
1227144,23330.0,23297.0,33088.0,23330.0,23297.0,30076.0,unchanged
1227145,23330.0,23297.0,33088.0,23330.0,23297.0,30076.0,unchanged
1227147,8899.0,8950.0,49249.0,8899.0,8950.0,43614.0,unchanged
1227244,9183.0,9164.0,44358.0,9183.0,9164.0,39366.0,unchanged
1227245,23509.0,23522.0,5660.0,23509.0,23522.0,5311.0,unchanged
1227253,12151.0,12032.0,48927.0,12151.0,12032.0,43303.0,unchanged
1227270,23263.0,8802.0,5674.0,,,,no_longer_flagged
1227272,23263.0,8802.0,5674.0,,,,no_longer_flagged
1227273,23263.0,8802.0,5674.0,,,,no_longer_flagged
1227283,,,,23218.0,23220.0,4379.0,newly_flagged
1227284,,,,23218.0,23220.0,4379.0,newly_flagged
1227285,,,,23218.0,23220.0,4379.0,newly_flagged
1227299,24242.0,24251.0,36826.0,24242.0,24251.0,33106.0,unchanged
1227306,,,,551.0,537.0,41976.0,newly_flagged
1227353,9587.0,9542.0,30688.0,9587.0,9542.0,27770.0,unchanged
1227359,9696.0,500.0,38852.0,9696.0,500.0,34698.0,unchanged
1227378,23790.0,9703.0,31221.0,23790.0,9703.0,28274.0,unchanged
1227380,23790.0,9703.0,31221.0,23790.0,9703.0,28274.0,unchanged
1227382,9705.0,500.0,38852.0,9705.0,500.0,34698.0,unchanged
1227385,,,,10000.0,24004.0,39494.0,newly_flagged
1227403,,,,9554.0,23684.0,4702.0,newly_flagged
1227415,23466.0,23389.0,48775.0,23466.0,23439.0,18319.0,recommendation_changed
1227417,23466.0,23389.0,48775.0,23466.0,23439.0,18319.0,recommendation_changed
1227439,23252.0,23245.0,5916.0,23252.0,23245.0,5564.0,unchanged
1227447,10631.0,10599.0,44532.0,10631.0,10599.0,39525.0,unchanged
1227472,23262.0,8763.0,49391.0,23262.0,8763.0,43756.0,unchanged
1227473,23262.0,8763.0,49391.0,23262.0,8763.0,43756.0,unchanged
1227480,23228.0,23262.0,49392.0,23228.0,23262.0,43757.0,unchanged
1227490,24004.0,10000.0,44494.0,,,,no_longer_flagged
1227519,8880.0,23376.0,12582.0,8880.0,23376.0,11659.0,unchanged
1227521,8880.0,23376.0,12582.0,8880.0,23376.0,11659.0,unchanged
1227549,23253.0,8802.0,5674.0,23253.0,8802.0,5567.0,unchanged
1227550,23148.0,23177.0,49390.0,23148.0,23177.0,43755.0,unchanged
1227595,23836.0,9881.0,49415.0,23836.0,23847.0,43783.0,recommendation_changed
1227596,23836.0,9881.0,49415.0,23836.0,23847.0,43783.0,recommendation_changed
1227597,23836.0,9881.0,49415.0,23836.0,23847.0,43783.0,recommendation_changed
1227610,9720.0,9806.0,48421.0,9720.0,9926.0,13288.0,recommendation_changed
1227718,9755.0,9703.0,31221.0,9755.0,9703.0,28274.0,unchanged
1227729,8112.0,22990.0,49431.0,8112.0,22990.0,43800.0,unchanged
1227769,8131.0,8198.0,49437.0,,,,no_longer_flagged
1227812,23253.0,8802.0,5674.0,23253.0,8802.0,5567.0,unchanged
1227866,,,,10000.0,24004.0,39494.0,newly_flagged
1227868,,,,10000.0,24004.0,39494.0,newly_flagged
1227891,23426.0,23362.0,47827.0,23426.0,23362.0,42341.0,unchanged
1227916,570.0,555.0,30867.0,570.0,555.0,27933.0,unchanged
1227919,19905.0,662.0,44561.0,19905.0,662.0,39553.0,unchanged
1227930,19900.0,663.0,44533.0,19900.0,663.0,39526.0,unchanged
1227999,23351.0,23297.0,33088.0,23351.0,23297.0,30076.0,unchanged
1228001,23330.0,23297.0,33088.0,23330.0,23297.0,30076.0,unchanged
1228010,23136.0,23148.0,49409.0,23136.0,23148.0,43775.0,unchanged
1228012,23136.0,23148.0,49409.0,23136.0,23148.0,43775.0,unchanged
1228055,205115.0,19883.0,44534.0,205115.0,19883.0,39527.0,unchanged
1228098,,,,554.0,534.0,28742.0,newly_flagged
1228099,,,,554.0,534.0,28742.0,newly_flagged
1228100,561.0,543.0,44637.0,561.0,543.0,39623.0,unchanged
1228101,561.0,543.0,44637.0,561.0,543.0,39623.0,unchanged
1228138,23540.0,23533.0,49510.0,23540.0,23552.0,30055.0,recommendation_changed
1228162,23637.0,23618.0,49514.0,23637.0,23618.0,43881.0,unchanged
1228234,8412.0,8389.0,47642.0,,,,no_longer_flagged
1228235,8412.0,8389.0,47642.0,,,,no_longer_flagged
1228236,8412.0,8389.0,47642.0,,,,no_longer_flagged
1228237,8412.0,8389.0,47642.0,,,,no_longer_flagged
1228247,8507.0,8526.0,49530.0,8507.0,8526.0,43894.0,unchanged
1228248,8507.0,8526.0,49530.0,8507.0,8526.0,43894.0,unchanged
1228294,23743.0,9546.0,23854.0,23743.0,9580.0,22033.0,recommendation_changed
1228366,23509.0,23522.0,5660.0,23509.0,23522.0,5311.0,unchanged
1228382,9695.0,500.0,38852.0,9695.0,500.0,34698.0,unchanged
1228383,9695.0,500.0,38852.0,9695.0,500.0,34698.0,unchanged
1228384,9695.0,500.0,38852.0,9695.0,500.0,34698.0,unchanged
1228385,9694.0,500.0,38852.0,9694.0,500.0,34698.0,unchanged
1228386,9694.0,500.0,38852.0,9694.0,500.0,34698.0,unchanged
1228387,9696.0,500.0,38852.0,9696.0,500.0,34698.0,unchanged
1228389,9694.0,500.0,38852.0,9694.0,500.0,34698.0,unchanged
1228450,8486.0,8469.0,49564.0,8486.0,8469.0,43923.0,unchanged
1228451,8486.0,8469.0,49564.0,8486.0,8469.0,43923.0,unchanged
1228452,8486.0,8469.0,49564.0,8486.0,8469.0,43923.0,unchanged
1228453,8486.0,8469.0,49564.0,8486.0,8469.0,43923.0,unchanged
1228507,22958.0,7994.0,47686.0,22958.0,7994.0,42220.0,unchanged
1228508,,,,473132.0,473122.0,4509.0,newly_flagged
1228514,9705.0,500.0,38852.0,9705.0,500.0,34698.0,unchanged
1228516,9705.0,500.0,38852.0,9705.0,500.0,34698.0,unchanged
1228517,9705.0,500.0,38852.0,9705.0,500.0,34698.0,unchanged
1228522,570.0,555.0,30867.0,570.0,555.0,27933.0,unchanged
1228523,570.0,555.0,30867.0,570.0,555.0,27933.0,unchanged
1228529,8566.0,8560.0,48605.0,8566.0,8560.0,43042.0,unchanged
1228545,631.0,629.0,45619.0,631.0,629.0,40534.0,unchanged
1228554,10660.0,10591.0,44677.0,10660.0,10591.0,39656.0,unchanged
1228558,,,,583.0,557.0,28141.0,newly_flagged
1228581,9859.0,23845.0,49606.0,9859.0,23845.0,43953.0,unchanged
1228585,,,,23040.0,23003.0,42996.0,newly_flagged
1228594,11040.0,11065.0,21101.0,,,,no_longer_flagged
1228596,,,,11065.0,11040.0,19474.0,newly_flagged
1228597,11022.0,11065.0,21101.0,,,,no_longer_flagged
1228602,319995.0,557.0,31087.0,319995.0,557.0,28141.0,unchanged
1228609,473084.0,635.0,45618.0,473084.0,635.0,40533.0,unchanged
1228614,11365.0,11343.0,49617.0,,,,no_longer_flagged
1228624,23009.0,8225.0,49236.0,23009.0,8225.0,43602.0,unchanged
1228638,23031.0,8278.0,23568.0,,,,no_longer_flagged
1228639,23031.0,8278.0,23568.0,,,,no_longer_flagged
1228640,23031.0,8278.0,23568.0,,,,no_longer_flagged
1228641,23031.0,8278.0,23568.0,,,,no_longer_flagged
1228702,23031.0,8278.0,23568.0,,,,no_longer_flagged
1228703,23031.0,8278.0,23568.0,,,,no_longer_flagged
1228705,23031.0,8278.0,23568.0,,,,no_longer_flagged
1228706,23031.0,8278.0,23568.0,,,,no_longer_flagged
1228711,,,,23389.0,23439.0,18319.0,newly_flagged
1228718,23509.0,23522.0,5660.0,23509.0,23522.0,5311.0,unchanged
1228720,23509.0,23522.0,5660.0,23509.0,23522.0,5311.0,unchanged
1228732,504.0,521.0,47651.0,504.0,521.0,42191.0,unchanged
1228740,,,,536717.0,20813.0,21726.0,newly_flagged
1228741,512.0,521.0,47651.0,512.0,521.0,42191.0,unchanged
1228750,8412.0,8389.0,47642.0,,,,no_longer_flagged
1228751,8412.0,8389.0,47642.0,,,,no_longer_flagged
1228752,8412.0,8389.0,47642.0,,,,no_longer_flagged
1228753,8412.0,8389.0,47642.0,,,,no_longer_flagged
1228764,23404.0,23387.0,48910.0,23404.0,23387.0,43287.0,unchanged
1228765,23404.0,23387.0,48910.0,23404.0,23387.0,43287.0,unchanged
1228767,,,,23389.0,23439.0,18319.0,newly_flagged
1228769,,,,23389.0,23439.0,18319.0,newly_flagged
1228787,23031.0,8278.0,23568.0,,,,no_longer_flagged
1228804,9722.0,9715.0,12862.0,9722.0,9715.0,11945.0,unchanged
1228810,9755.0,9703.0,31221.0,9755.0,9703.0,28274.0,unchanged
1228812,23790.0,9703.0,31221.0,23790.0,9703.0,28274.0,unchanged
1228847,9738.0,23851.0,10144.0,9738.0,23851.0,9388.0,unchanged
1228848,9738.0,23851.0,10144.0,9738.0,23851.0,9388.0,unchanged
1228849,9671.0,9715.0,12862.0,9671.0,9715.0,11945.0,unchanged
1228854,23790.0,9703.0,31221.0,23790.0,9703.0,28274.0,unchanged
1228914,,,,473133.0,473122.0,4509.0,newly_flagged
1228952,9258.0,23584.0,49675.0,9258.0,23584.0,44021.0,unchanged
1228958,24025.0,24013.0,36739.0,24025.0,24013.0,33017.0,unchanged
1228963,9587.0,9542.0,30688.0,9587.0,9542.0,27770.0,unchanged
1228966,,,,535.0,548.0,39537.0,newly_flagged
1228967,548.0,518.0,30950.0,,,,no_longer_flagged
1228968,,,,535.0,548.0,39537.0,newly_flagged
1228969,,,,535.0,548.0,39537.0,newly_flagged
1229012,24498.0,11065.0,21101.0,,,,no_longer_flagged
1229013,24498.0,11065.0,21101.0,,,,no_longer_flagged
1229026,,,,498.0,518.0,28015.0,newly_flagged
1229028,,,,365116.0,518.0,28015.0,newly_flagged
1229034,510.0,518.0,30950.0,510.0,518.0,28015.0,unchanged
1229065,525.0,518.0,30950.0,525.0,518.0,28015.0,unchanged
1229079,23062.0,8278.0,23568.0,,,,no_longer_flagged
1229081,23062.0,8278.0,23568.0,,,,no_longer_flagged
1229100,,,,12591.0,12617.0,40257.0,newly_flagged
1229101,12618.0,12617.0,45313.0,12618.0,12617.0,40257.0,unchanged
1229149,8412.0,8389.0,47642.0,,,,no_longer_flagged
1229182,11525.0,11457.0,44634.0,11525.0,11457.0,39620.0,unchanged
1229203,,,,588.0,558.0,28556.0,newly_flagged
1229206,,,,498.0,518.0,28015.0,newly_flagged
1229215,22958.0,7994.0,47686.0,22958.0,7994.0,42220.0,unchanged
1229224,525.0,518.0,30950.0,525.0,518.0,28015.0,unchanged
1229225,525.0,518.0,30950.0,525.0,518.0,28015.0,unchanged
1229226,510.0,518.0,30950.0,510.0,518.0,28015.0,unchanged
1229227,,,,498.0,518.0,28015.0,newly_flagged
1229229,510.0,518.0,30950.0,510.0,518.0,28015.0,unchanged
1229235,,,,551.0,537.0,41976.0,newly_flagged
1229258,12597.0,12617.0,45313.0,12597.0,12617.0,40257.0,unchanged
1229259,25050.0,12617.0,45313.0,25050.0,12617.0,40257.0,unchanged
1229284,11315.0,11332.0,44571.0,11315.0,11332.0,39563.0,unchanged
1229336,11968.0,11975.0,33998.0,11968.0,11975.0,30928.0,unchanged
1229339,,,,10000.0,24004.0,39494.0,newly_flagged
1229363,,,,24276.0,24264.0,43664.0,newly_flagged
1229382,8511.0,8486.0,47479.0,8511.0,8486.0,42042.0,unchanged
1229383,8511.0,8486.0,47479.0,8511.0,8486.0,42042.0,unchanged
1229385,8511.0,8486.0,47479.0,8511.0,8486.0,42042.0,unchanged
1229389,9738.0,23851.0,10144.0,9738.0,23851.0,9388.0,unchanged
1229393,8412.0,8389.0,47642.0,,,,no_longer_flagged
1229402,19905.0,662.0,44561.0,19905.0,662.0,39553.0,unchanged
1229403,19905.0,662.0,44561.0,19905.0,662.0,39553.0,unchanged
1229408,640.0,19899.0,14549.0,640.0,19899.0,13543.0,unchanged
1229420,265282.0,265281.0,12989.0,265282.0,265281.0,12074.0,unchanged
1229421,265282.0,265281.0,12989.0,265282.0,265281.0,12074.0,unchanged
1229427,10704.0,10599.0,44532.0,10704.0,10599.0,39525.0,unchanged
1229428,10704.0,10599.0,44532.0,10704.0,10599.0,39525.0,unchanged
1229429,10704.0,10675.0,49758.0,10704.0,10675.0,44103.0,unchanged
1229434,265282.0,265281.0,12989.0,265282.0,265281.0,12074.0,unchanged
1229435,265282.0,265281.0,12989.0,265282.0,265281.0,12074.0,unchanged
1229439,9469.0,9498.0,5528.0,9469.0,9498.0,5184.0,unchanged
1229442,10704.0,10675.0,49758.0,10704.0,10675.0,44103.0,unchanged
1229467,9512.0,9583.0,28663.0,9512.0,9523.0,33141.0,recommendation_changed
1229468,23731.0,9583.0,28663.0,23731.0,9523.0,33141.0,recommendation_changed
1229499,183042.0,654.0,2612.0,183042.0,654.0,2381.0,unchanged
1229501,652.0,663.0,44533.0,652.0,663.0,39526.0,unchanged
1229506,23073.0,8305.0,47652.0,,,,no_longer_flagged
1229507,23073.0,8305.0,49646.0,,,,no_longer_flagged
1229509,23073.0,8305.0,47652.0,,,,no_longer_flagged
1229511,23062.0,8278.0,23568.0,,,,no_longer_flagged
1229512,23062.0,8278.0,23568.0,,,,no_longer_flagged
1229513,23062.0,8278.0,23568.0,,,,no_longer_flagged
1229516,8751.0,23297.0,33088.0,8751.0,23297.0,30076.0,unchanged
1229554,23031.0,8278.0,23568.0,,,,no_longer_flagged
1229555,23031.0,8278.0,23568.0,,,,no_longer_flagged
1229556,23031.0,8278.0,23568.0,,,,no_longer_flagged
1229557,23031.0,8278.0,23568.0,,,,no_longer_flagged
1229562,23062.0,8278.0,23568.0,,,,no_longer_flagged
1229563,23062.0,8278.0,23568.0,,,,no_longer_flagged
1229564,23062.0,8278.0,23568.0,,,,no_longer_flagged
1229565,23062.0,8278.0,23568.0,,,,no_longer_flagged
1229584,10324.0,24100.0,49787.0,10324.0,24100.0,44133.0,unchanged
1229588,569.0,518.0,30950.0,569.0,558.0,28556.0,recommendation_changed
1229589,569.0,518.0,30950.0,569.0,558.0,28556.0,recommendation_changed
1229607,11221.0,11253.0,44575.0,11221.0,11253.0,39567.0,unchanged
1229638,19891.0,19899.0,14549.0,19891.0,19899.0,13543.0,unchanged
1229639,640.0,19899.0,14549.0,640.0,19899.0,13543.0,unchanged
1229664,11157.0,11197.0,31458.0,11157.0,11197.0,28500.0,unchanged
1229697,,,,588.0,558.0,28556.0,newly_flagged
1229698,,,,588.0,558.0,28556.0,newly_flagged
1229699,,,,588.0,558.0,28556.0,newly_flagged
1229700,,,,588.0,558.0,28556.0,newly_flagged
1229715,,,,18523.0,18596.0,11871.0,newly_flagged
1229760,,,,27409.0,19469.0,4939.0,newly_flagged
1229774,19623.0,19628.0,17751.0,19623.0,19628.0,16511.0,unchanged
1229777,,,,19429.0,19401.0,20842.0,newly_flagged
1229782,,,,27066.0,18311.0,19846.0,newly_flagged
1229794,13769.0,13752.0,30439.0,13769.0,13752.0,27556.0,unchanged
1231762,81569.0,285756.0,32539.0,81569.0,285756.0,29540.0,unchanged
1231809,19702.0,19693.0,1253.0,19702.0,19693.0,1143.0,unchanged
1231824,,,,7368.0,7366.0,30576.0,newly_flagged
1231834,,,,200.0,199.0,29644.0,newly_flagged
1231846,5431.0,5427.0,16736.0,5431.0,5427.0,15509.0,unchanged
1231954,22067.0,5881.0,16731.0,,,,no_longer_flagged
1231968,15941.0,15931.0,22228.0,15941.0,15931.0,31540.0,unchanged
1231978,25813.0,14517.0,27620.0,25813.0,14517.0,25090.0,unchanged
1232000,9366.0,9471.0,4042.0,9366.0,9471.0,3727.0,unchanged
1232026,1411.0,20102.0,29458.0,1411.0,20102.0,26640.0,unchanged
1232062,16032.0,16022.0,14747.0,16032.0,16022.0,13742.0,unchanged
1232065,,,,20758.0,20750.0,36831.0,newly_flagged
1232075,375023.0,375020.0,17807.0,375023.0,375020.0,16568.0,unchanged
1232076,6907.0,22511.0,47214.0,6907.0,22511.0,41807.0,unchanged
1232460,,473127.0,49868.0,,473122.0,4509.0,recommendation_changed
1232465,,525844.0,10585.0,,525844.0,9776.0,unchanged
1232466,434685.0,434688.0,340.0,434685.0,434687.0,11608.0,recommendation_changed
1232467,,497070.0,28814.0,,497070.0,26036.0,unchanged
1232469,415420.0,449264.0,4360.0,415420.0,415422.0,15202.0,recommendation_changed
1232471,449046.0,449044.0,33874.0,449046.0,449044.0,30821.0,unchanged
1232472,,,,477883.0,473122.0,4509.0,newly_flagged
1232474,,525836.0,49870.0,,525836.0,44204.0,unchanged
1232476,,391282.0,1291.0,,391280.0,1175.0,recommendation_changed
1232483,,535979.0,23975.0,,535979.0,22142.0,unchanged
1232488,,536372.0,23977.0,,536372.0,22146.0,unchanged
1232493,,473122.0,28797.0,,473122.0,4509.0,unchanged
1232495,506658.0,506657.0,1269.0,506658.0,506657.0,1157.0,unchanged
1232497,,444308.0,23974.0,,444308.0,22143.0,unchanged
1232501,,,,,530655.0,26032.0,newly_flagged
1232503,,536187.0,24000.0,,536187.0,22170.0,unchanged
1232505,,535483.0,28791.0,,535483.0,26018.0,unchanged
1232507,,535979.0,23975.0,,535979.0,22142.0,unchanged
1232508,,473122.0,33870.0,,473122.0,4509.0,unchanged
1232514,,530655.0,28810.0,,530655.0,26032.0,unchanged
1232515,537075.0,26101.0,23695.0,537075.0,26101.0,21890.0,unchanged
1232516,535485.0,535484.0,23976.0,535485.0,535484.0,22144.0,unchanged
1232517,535485.0,535484.0,23976.0,535485.0,535484.0,22144.0,unchanged
1232520,477883.0,473127.0,49875.0,,,,no_longer_flagged
1232528,,506687.0,28789.0,,506687.0,26017.0,unchanged
1232529,,506690.0,8785.0,,506690.0,12785.0,unchanged
1232532,,506639.0,2922.0,,506639.0,2664.0,unchanged
1232533,,389930.0,24025.0,,389930.0,22194.0,unchanged
1232534,,530655.0,28810.0,,530655.0,26032.0,unchanged
1232536,477883.0,473123.0,28788.0,477883.0,473122.0,4509.0,recommendation_changed
1232537,,,,473127.0,473122.0,4509.0,newly_flagged
1232538,,536367.0,11391.0,,536367.0,30806.0,unchanged
1232539,,477883.0,49877.0,,473122.0,4509.0,recommendation_changed
1232544,537072.0,537069.0,30693.0,,,,no_longer_flagged
1232548,,,,477883.0,473122.0,4509.0,newly_flagged
1232549,,,,473127.0,473122.0,4509.0,newly_flagged
1232551,477883.0,473122.0,28787.0,477883.0,473122.0,4509.0,unchanged
1232552,,535483.0,28791.0,,535483.0,26018.0,unchanged
1232553,473127.0,473122.0,28787.0,473127.0,473122.0,4509.0,unchanged
1232554,,535484.0,23976.0,,535484.0,22144.0,unchanged
1232555,,536187.0,24000.0,,536187.0,22170.0,unchanged
1232942,,,,,535978.0,44215.0,newly_flagged
1232945,,,,535977.0,535975.0,5583.0,newly_flagged
1232949,,537134.0,28794.0,,537134.0,26021.0,unchanged
1232952,473127.0,473122.0,28787.0,473127.0,473122.0,4509.0,unchanged
1232953,,391281.0,49886.0,,391281.0,44218.0,unchanged
1232954,473127.0,473123.0,28788.0,473127.0,473122.0,4509.0,recommendation_changed
1232955,,449264.0,4360.0,,415422.0,15202.0,recommendation_changed
1232956,,391281.0,49886.0,,391281.0,44218.0,unchanged
1232957,391276.0,391282.0,1291.0,391276.0,391280.0,1175.0,recommendation_changed
1232959,391276.0,391282.0,1291.0,391276.0,391280.0,1175.0,recommendation_changed
1232961,,,,,535978.0,44215.0,newly_flagged
1232963,535978.0,535977.0,49884.0,,,,no_longer_flagged
1232964,,536187.0,24000.0,,536187.0,22170.0,unchanged
1232969,473127.0,473122.0,28787.0,473127.0,473122.0,4509.0,unchanged
1232970,,,,530660.0,530655.0,26032.0,newly_flagged
1232971,473127.0,473122.0,28787.0,473127.0,473122.0,4509.0,unchanged
1232972,,535975.0,98.0,,,,no_longer_flagged
1232973,537450.0,537451.0,15352.0,,,,no_longer_flagged
1232976,535979.0,535975.0,29261.0,,,,no_longer_flagged
1232979,,384663.0,5220.0,,384663.0,4894.0,unchanged
1232982,,439454.0,49890.0,,439454.0,44220.0,unchanged
1232985,453917.0,536366.0,4625.0,,,,no_longer_flagged
1232986,453917.0,536366.0,4625.0,,,,no_longer_flagged
1232987,536369.0,536367.0,11391.0,536369.0,536374.0,10532.0,recommendation_changed
1232993,,536699.0,23823.0,,536699.0,22001.0,unchanged
1232994,4375.0,4268.0,30477.0,4375.0,4268.0,27587.0,unchanged
1232995,,26101.0,23695.0,,26101.0,21890.0,unchanged
1232996,,530655.0,28810.0,,530655.0,26032.0,unchanged
1232997,439456.0,439454.0,49890.0,439456.0,439454.0,44220.0,unchanged
1232998,530660.0,530655.0,28810.0,530660.0,530655.0,26032.0,unchanged
1233000,,506645.0,24860.0,,506645.0,22890.0,unchanged
1233002,,537121.0,17021.0,,537121.0,15788.0,unchanged
1233004,,535979.0,49889.0,,535979.0,22142.0,unchanged
1233006,535996.0,506690.0,8785.0,,,,no_longer_flagged
1233008,,439454.0,49890.0,,439454.0,44220.0,unchanged
1233013,,477901.0,23992.0,,,,no_longer_flagged
1233016,,535788.0,31178.0,,535788.0,25331.0,unchanged
1233018,,525843.0,4732.0,,525843.0,4405.0,unchanged
1233022,,535995.0,28798.0,,535995.0,26024.0,unchanged
1233024,,535975.0,98.0,,535975.0,5583.0,unchanged
1233025,,,,535977.0,535975.0,5583.0,newly_flagged
1233026,,525843.0,4732.0,,525843.0,4405.0,unchanged
1233027,530635.0,530638.0,10084.0,530635.0,530638.0,9329.0,unchanged
1233028,477883.0,473122.0,28787.0,477883.0,473122.0,4509.0,unchanged
1233029,,501855.0,7272.0,,501855.0,6805.0,unchanged
1233030,,473122.0,28787.0,,473122.0,4509.0,unchanged
1233031,,473127.0,49868.0,,473122.0,4509.0,recommendation_changed
1233033,,449264.0,4360.0,,415422.0,15202.0,recommendation_changed
1233615,,,,5161.0,5138.0,3860.0,newly_flagged
1233887,425195.0,14822.0,26912.0,425195.0,14822.0,24462.0,unchanged
1233901,,873.0,44225.0,,873.0,39263.0,unchanged
1234463,,285756.0,43940.0,,285756.0,21799.0,unchanged
1234572,473205.0,449264.0,4360.0,473205.0,449264.0,4300.0,unchanged
1234575,,12623.0,31412.0,,25117.0,28457.0,recommendation_changed
1234799,54368.0,24172.0,33467.0,,,,no_longer_flagged
1234802,9040.0,9004.0,32373.0,9040.0,9004.0,29381.0,unchanged
1234806,14761.0,14852.0,32419.0,14761.0,14852.0,29427.0,unchanged
1234813,16298.0,16379.0,17694.0,16298.0,16379.0,16454.0,unchanged
1234981,12417.0,12188.0,14420.0,12417.0,12188.0,13418.0,unchanged
1235080,7235.0,22664.0,49953.0,7235.0,22664.0,44278.0,unchanged
1235082,56931.0,56930.0,39172.0,56931.0,56930.0,34979.0,unchanged
1235094,50.0,47.0,49956.0,50.0,47.0,44281.0,unchanged
1237748,17247.0,17203.0,37976.0,17247.0,17203.0,33970.0,unchanged
1237778,156485.0,156484.0,16182.0,156485.0,156484.0,14982.0,unchanged
1239145,16563.0,4177.0,31854.0,16563.0,4177.0,28878.0,unchanged
1239146,453996.0,191678.0,26341.0,453996.0,191678.0,24012.0,unchanged
1240143,468220.0,468234.0,2950.0,,,,no_longer_flagged
1240541,,536734.0,49997.0,,536734.0,44317.0,unchanged
1246063,5930.0,5914.0,16383.0,5930.0,5914.0,15168.0,unchanged
1246076,,,,19793.0,199.0,29644.0,newly_flagged
1246081,405742.0,410573.0,28727.0,405742.0,410573.0,25962.0,unchanged
1246088,10344.0,24201.0,32533.0,10344.0,24201.0,29535.0,unchanged
1246110,266879.0,20047.0,30044.0,266879.0,20047.0,13559.0,unchanged
1246111,69412.0,11873.0,4113.0,69412.0,11873.0,3796.0,unchanged
1247601,,,,57568.0,350097.0,12041.0,newly_flagged
1247604,,530638.0,10084.0,,530638.0,9329.0,unchanged
1247641,312316.0,21783.0,31645.0,312316.0,21783.0,28678.0,unchanged
1247642,192008.0,26065.0,14336.0,192008.0,26065.0,13336.0,unchanged
1247659,22622.0,7073.0,50076.0,22622.0,7073.0,44395.0,unchanged
1247663,9069.0,23524.0,33748.0,9069.0,23524.0,30705.0,unchanged
1247669,23849.0,9770.0,4751.0,23849.0,9821.0,4421.0,recommendation_changed
1247844,,76763.0,32353.0,,76763.0,29362.0,unchanged
1247846,,14575.0,22237.0,,14575.0,20577.0,unchanged
1247847,377227.0,377212.0,42346.0,377227.0,377212.0,37607.0,unchanged
1248132,18929.0,18812.0,26539.0,,,,no_longer_flagged
1248134,18920.0,18904.0,15126.0,18920.0,18904.0,14064.0,unchanged
1248277,,,,7040.0,6925.0,44342.0,newly_flagged
1248279,343164.0,4378.0,2058.0,343164.0,4378.0,1901.0,unchanged
1248300,473208.0,449264.0,4360.0,473208.0,473209.0,10486.0,recommendation_changed
1248301,,248004.0,32755.0,,248004.0,29750.0,unchanged
1248302,85730.0,19899.0,14549.0,85730.0,19899.0,13543.0,unchanged
1248320,10294.0,10241.0,50100.0,10294.0,10241.0,44409.0,unchanged
1248337,16311.0,26393.0,22191.0,16311.0,16324.0,12010.0,recommendation_changed
1249652,506691.0,506690.0,8785.0,506691.0,535996.0,8181.0,recommendation_changed
1249667,17299.0,4651.0,30131.0,17299.0,4651.0,27284.0,unchanged
1249668,,,,7368.0,7366.0,30576.0,newly_flagged
1249684,4548.0,229442.0,31203.0,,,,no_longer_flagged
1249702,22067.0,5881.0,16731.0,,,,no_longer_flagged
1249730,,,,18471.0,18444.0,15970.0,newly_flagged
1249744,22622.0,7073.0,50076.0,22622.0,7073.0,44395.0,unchanged
1249802,8615.0,8550.0,20573.0,8615.0,8550.0,18999.0,unchanged
1249816,7865.0,7867.0,31053.0,7865.0,7867.0,28107.0,unchanged
1249841,7316.0,7264.0,47200.0,7316.0,7264.0,41794.0,unchanged
1249844,11378.0,11446.0,3866.0,11378.0,11446.0,3555.0,unchanged
1249886,7785.0,22857.0,8088.0,,,,no_longer_flagged
1249892,310077.0,343405.0,4282.0,310077.0,343405.0,3965.0,unchanged
1249925,,,,25057.0,25041.0,3333.0,newly_flagged
1249959,,,,19793.0,199.0,29644.0,newly_flagged
1249964,,,,200.0,199.0,29644.0,newly_flagged
1249967,302716.0,123.0,31791.0,302716.0,123.0,24021.0,unchanged
1249988,23153.0,23143.0,32246.0,23153.0,23143.0,29260.0,unchanged
1249989,7240.0,7226.0,33354.0,7240.0,7226.0,30328.0,unchanged
1249997,9069.0,23524.0,33748.0,9069.0,23524.0,30705.0,unchanged
1250042,,,,444411.0,13823.0,33427.0,newly_flagged
1250149,165129.0,168320.0,9387.0,165129.0,168320.0,8740.0,unchanged
1250162,22472.0,22426.0,18235.0,,,,no_longer_flagged
1250166,1411.0,20102.0,29458.0,1411.0,20102.0,26640.0,unchanged
1250211,384477.0,384479.0,3511.0,,,,no_longer_flagged
1250219,1672.0,20263.0,29182.0,1672.0,20263.0,26394.0,unchanged
1250236,6638.0,6684.0,9294.0,6638.0,6684.0,8647.0,unchanged
1250417,27405.0,27403.0,16766.0,27405.0,27403.0,15538.0,unchanged
1250421,8831.0,8761.0,31423.0,8831.0,8761.0,28468.0,unchanged
1250550,9104.0,23490.0,32424.0,,,,no_longer_flagged
1250552,8840.0,8638.0,20575.0,8840.0,8638.0,19001.0,unchanged
1250601,11600.0,11587.0,17814.0,11600.0,11587.0,16575.0,unchanged
1250651,310079.0,343406.0,4132.0,310079.0,343406.0,3817.0,unchanged
1250701,384814.0,389929.0,4713.0,,,,no_longer_flagged
1250714,,,,22563.0,22521.0,29630.0,newly_flagged
1250722,,,,378059.0,375327.0,285.0,newly_flagged
1250761,22852.0,22805.0,32442.0,22852.0,22805.0,29448.0,unchanged
1250769,,,,6383.0,6368.0,29918.0,newly_flagged
1250778,22271.0,7.0,17801.0,22271.0,7.0,16560.0,unchanged
1250791,210882.0,123190.0,23845.0,210882.0,123190.0,22023.0,unchanged
1250832,12364.0,12188.0,14420.0,12364.0,12188.0,13418.0,unchanged
1250846,,,,23516.0,23497.0,3281.0,newly_flagged
1250925,,,,6014.0,6020.0,29093.0,newly_flagged
1250937,7035.0,7088.0,32924.0,7035.0,7088.0,29914.0,unchanged
1250938,,,,7067.0,7128.0,16987.0,newly_flagged
1250942,6707.0,6776.0,43758.0,6707.0,6776.0,38878.0,unchanged
1250948,8556.0,8550.0,20573.0,8556.0,8550.0,18999.0,unchanged
1250974,8673.0,8672.0,32092.0,,,,no_longer_flagged
1250996,27133.0,18296.0,50201.0,27133.0,18373.0,31078.0,recommendation_changed
1251048,290235.0,280961.0,11531.0,290235.0,280961.0,10659.0,unchanged
1251058,,,,24436.0,10887.0,3116.0,newly_flagged
1251069,9469.0,9498.0,5528.0,9469.0,9498.0,5184.0,unchanged
1251101,1305.0,20046.0,15772.0,1305.0,20046.0,14588.0,unchanged
1253731,5431.0,5427.0,16736.0,5431.0,5427.0,15509.0,unchanged
1253748,22595.0,22591.0,18034.0,22595.0,7064.0,16793.0,recommendation_changed
1253760,,14484.0,37615.0,,14484.0,33727.0,unchanged
1254961,384814.0,389929.0,4713.0,,,,no_longer_flagged
1254991,,,,22563.0,22521.0,29630.0,newly_flagged
1255956,,,,12448.0,25032.0,33064.0,newly_flagged
1255963,309760.0,309757.0,6014.0,309760.0,309757.0,5664.0,unchanged
1255978,,,,319359.0,343989.0,12606.0,newly_flagged
1257361,,,,,19899.0,13543.0,newly_flagged
1257369,,,,,444305.0,3039.0,newly_flagged
1257370,,,,,11985.0,44568.0,newly_flagged
1257371,,,,,444305.0,3039.0,newly_flagged
1257372,,,,,79965.0,2855.0,newly_flagged
1257373,,,,,375330.0,650.0,newly_flagged
1257374,,6059.0,32020.0,,6059.0,29040.0,unchanged
1257381,63655.0,3533.0,2535.0,63655.0,3533.0,2302.0,unchanged
1257390,,16768.0,23181.0,,16768.0,21388.0,unchanged
1257409,,,,,22735.0,44573.0,newly_flagged
1257410,,23433.0,50278.0,,23433.0,44574.0,unchanged
1257411,,11934.0,31858.0,,11934.0,28882.0,unchanged
1257413,,5051.0,50280.0,,5051.0,44576.0,unchanged
1257414,,264325.0,50281.0,,264325.0,44577.0,unchanged
1257418,,27159.0,50282.0,,27159.0,44578.0,unchanged
1257419,,4489.0,50283.0,,4489.0,23446.0,unchanged
1257421,,111662.0,34357.0,,111662.0,31270.0,unchanged
1257422,,17101.0,22813.0,,17101.0,21107.0,unchanged
1257424,,,,,25542.0,44580.0,newly_flagged
1257425,,,,,665.0,44581.0,newly_flagged
1257426,,20603.0,41319.0,,20603.0,36782.0,unchanged
1257430,,17057.0,24380.0,,17057.0,22514.0,unchanged
1257440,,21487.0,43513.0,,21487.0,38679.0,unchanged
1257443,,26678.0,24878.0,,26678.0,44584.0,unchanged
1257444,,24984.0,44720.0,,24984.0,39697.0,unchanged
1257445,,16576.0,50289.0,,16576.0,44585.0,unchanged
1257447,,1086.0,49944.0,,1086.0,44269.0,unchanged
1257453,,27371.0,18416.0,,27371.0,17161.0,unchanged
1257454,,5210.0,50293.0,,5210.0,23948.0,unchanged
1257455,,14008.0,49926.0,,14008.0,25680.0,unchanged
1257557,,,,,4830.0,44591.0,newly_flagged
1257558,,,,,23110.0,43689.0,newly_flagged
1257564,12443.0,12359.0,12718.0,12443.0,12359.0,11797.0,unchanged
1257565,12443.0,12359.0,12718.0,12443.0,12359.0,11797.0,unchanged
1257596,,476.0,50306.0,,476.0,44601.0,unchanged
1257644,,,,1166.0,1136.0,28080.0,newly_flagged
1257649,,161599.0,16102.0,,161599.0,14908.0,unchanged
1257651,,6101.0,50318.0,,6101.0,38968.0,unchanged
1257653,,14180.0,50319.0,,14180.0,44613.0,unchanged
1257655,,3369.0,49916.0,,3369.0,30120.0,unchanged
1257657,,,,,153917.0,8332.0,newly_flagged
1257661,,536189.0,49937.0,,536189.0,44262.0,unchanged
1257668,21913.0,21917.0,1293.0,21913.0,21917.0,1177.0,unchanged
1257669,25887.0,20742.0,32571.0,25887.0,20742.0,3558.0,unchanged
1257683,640.0,19899.0,14549.0,640.0,19899.0,13543.0,unchanged
1257704,6889.0,22426.0,18235.0,,,,no_longer_flagged
1257706,,23720.0,13481.0,,23720.0,12489.0,unchanged
1257711,12417.0,12188.0,14420.0,12417.0,12188.0,13418.0,unchanged
1257712,,7913.0,49901.0,,7913.0,44228.0,unchanged
1261263,310077.0,343405.0,4282.0,310077.0,343405.0,3965.0,unchanged
1261292,,,,375329.0,375330.0,650.0,newly_flagged
1261347,,,,640.0,19899.0,13543.0,newly_flagged
1261390,25887.0,20742.0,32571.0,25887.0,20742.0,3558.0,unchanged
1261420,6889.0,22426.0,18235.0,,,,no_longer_flagged
1261432,21915.0,21917.0,1293.0,21915.0,21917.0,1177.0,unchanged
1262405,640.0,19899.0,14549.0,640.0,19899.0,13543.0,unchanged
1262410,530637.0,530638.0,10084.0,530637.0,530638.0,9329.0,unchanged
1262427,9167.0,9150.0,30587.0,9167.0,9150.0,27674.0,unchanged
1262500,12443.0,12359.0,12718.0,12443.0,12359.0,11797.0,unchanged
1262501,12443.0,12359.0,12718.0,12443.0,12359.0,11797.0,unchanged
1265276,11004.0,24476.0,50396.0,11004.0,24476.0,44686.0,unchanged
1265287,,,,281915.0,243520.0,44695.0,newly_flagged
1265289,13184.0,13175.0,18198.0,13184.0,13175.0,16956.0,unchanged
1265294,,,,11048.0,74212.0,13406.0,newly_flagged
1265302,14421.0,2498.0,30552.0,14421.0,2498.0,27642.0,unchanged
1265308,335995.0,22893.0,8588.0,335995.0,22893.0,7999.0,unchanged
1265509,,,,319359.0,343989.0,12606.0,newly_flagged
1265511,,,,1166.0,1136.0,28080.0,newly_flagged
1265537,268159.0,1238.0,14566.0,268159.0,20047.0,13559.0,recommendation_changed
1265540,389675.0,8202.0,50468.0,389675.0,8202.0,44754.0,unchanged
1265541,14421.0,2498.0,30552.0,14421.0,2498.0,27642.0,unchanged
1265544,12696.0,20008.0,40466.0,12696.0,20008.0,36078.0,unchanged
1265550,,384443.0,2488.0,,384443.0,2263.0,unchanged
1265551,,376736.0,6974.0,,376736.0,6542.0,unchanged
1265558,274564.0,25168.0,45266.0,274564.0,25168.0,40208.0,unchanged
1265559,274565.0,25168.0,45266.0,274565.0,25168.0,40208.0,unchanged
1265560,274563.0,25168.0,45266.0,274563.0,25168.0,40208.0,unchanged
1265562,274560.0,25168.0,45266.0,,,,no_longer_flagged
1265563,274558.0,25168.0,45266.0,274558.0,25168.0,40208.0,unchanged
1265564,274561.0,25168.0,45266.0,274561.0,25168.0,40208.0,unchanged
1265565,12743.0,25168.0,45266.0,12743.0,25168.0,40208.0,unchanged
1265723,12636.0,12502.0,44938.0,12636.0,12502.0,16606.0,unchanged
1265727,24977.0,12240.0,44698.0,24977.0,12240.0,39676.0,unchanged
1265747,10614.0,10632.0,44582.0,,,,no_longer_flagged
1265781,10779.0,10762.0,21883.0,,,,no_longer_flagged
1265783,10779.0,10768.0,44529.0,,,,no_longer_flagged
1265807,10744.0,10768.0,44529.0,10744.0,10768.0,39522.0,unchanged
1265811,23062.0,8278.0,23568.0,,,,no_longer_flagged
1265819,19878.0,557.0,31087.0,19878.0,557.0,28141.0,unchanged
1265862,281275.0,280970.0,47778.0,281275.0,280970.0,42077.0,unchanged
1265863,,,,12171.0,12233.0,33012.0,newly_flagged
1265876,23051.0,23031.0,49631.0,,,,no_longer_flagged
1265877,23031.0,8278.0,23568.0,,,,no_longer_flagged
1265880,24267.0,24276.0,36691.0,24267.0,24276.0,32971.0,unchanged
1265881,10754.0,10722.0,44312.0,,,,no_longer_flagged
1265884,12020.0,24945.0,30827.0,12020.0,24945.0,27893.0,unchanged
1265888,10731.0,10754.0,47469.0,,,,no_longer_flagged
1265931,23295.0,8728.0,12745.0,,,,no_longer_flagged
1265949,9214.0,9167.0,49213.0,9214.0,9167.0,43581.0,unchanged
1265964,23515.0,9000.0,33052.0,23515.0,9000.0,30040.0,unchanged
1265982,55978.0,23153.0,49471.0,55978.0,23153.0,43837.0,unchanged
1265993,23362.0,8797.0,50546.0,,,,no_longer_flagged
1266000,23675.0,23666.0,48879.0,,,,no_longer_flagged
1266015,9167.0,9150.0,30587.0,9167.0,9150.0,27674.0,unchanged
1266020,,,,88289.0,10183.0,39848.0,newly_flagged
1266032,338235.0,9495.0,5064.0,338235.0,9495.0,4736.0,unchanged
1266046,9671.0,9715.0,12862.0,9671.0,9715.0,11945.0,unchanged
1266047,9722.0,9715.0,12862.0,9722.0,9715.0,11945.0,unchanged
1266075,,,,23845.0,23799.0,16895.0,newly_flagged
1266087,12314.0,12374.0,44760.0,12314.0,12374.0,39738.0,unchanged
1266088,23073.0,8305.0,31566.0,,,,no_longer_flagged
1266089,23062.0,8278.0,23568.0,,,,no_longer_flagged
1266094,23031.0,23044.0,44643.0,,,,no_longer_flagged
1266157,23847.0,9881.0,49415.0,,,,no_longer_flagged
1266158,23847.0,9881.0,49415.0,,,,no_longer_flagged
1266173,23762.0,9477.0,50609.0,23762.0,9477.0,44880.0,unchanged
1266174,23762.0,9477.0,50609.0,23762.0,9477.0,44880.0,unchanged
1266175,23762.0,9477.0,50609.0,23762.0,9477.0,44880.0,unchanged
1266178,23762.0,9477.0,50609.0,23762.0,9477.0,44880.0,unchanged
1266186,9026.0,8774.0,23470.0,9026.0,8700.0,8527.0,recommendation_changed
1266219,23839.0,9893.0,50624.0,23839.0,9893.0,44896.0,unchanged
1266220,23897.0,23867.0,50625.0,23897.0,23867.0,44897.0,unchanged
1266222,9801.0,9893.0,50624.0,9801.0,9893.0,44896.0,unchanged
1266235,,,,23946.0,9963.0,30808.0,newly_flagged
1266238,,,,23946.0,9963.0,30808.0,newly_flagged
1266244,23827.0,9716.0,44672.0,,,,no_longer_flagged
1266245,23827.0,9716.0,44672.0,,,,no_longer_flagged
1266253,12536.0,12575.0,50635.0,12536.0,12575.0,44903.0,unchanged
1266292,8320.0,8307.0,49259.0,8320.0,23086.0,43628.0,recommendation_changed
1266293,8379.0,23090.0,31799.0,8379.0,8360.0,28825.0,recommendation_changed
1266295,9398.0,9428.0,50210.0,9398.0,9428.0,44297.0,unchanged
1266297,9398.0,9428.0,50210.0,9398.0,9428.0,44297.0,unchanged
1266312,4887.0,4882.0,34275.0,4887.0,4882.0,31184.0,unchanged
1266324,25522.0,25535.0,50665.0,25522.0,25535.0,44934.0,unchanged
1266326,25522.0,25535.0,50665.0,25522.0,25535.0,44934.0,unchanged
1266333,,,,47028.0,10750.0,44939.0,newly_flagged
1266342,25070.0,25088.0,33706.0,25070.0,25088.0,30660.0,unchanged
1266348,25070.0,25088.0,33706.0,,,,no_longer_flagged
1266349,25070.0,25088.0,33706.0,,,,no_longer_flagged
1266350,25070.0,25088.0,33706.0,,,,no_longer_flagged
1266351,25070.0,25088.0,33706.0,25070.0,25088.0,30660.0,unchanged
1266353,25070.0,25088.0,33706.0,25070.0,25088.0,30660.0,unchanged
1266371,104.0,196.0,4405.0,104.0,145.0,21937.0,recommendation_changed
1266373,103.0,22676.0,50680.0,103.0,22676.0,44953.0,unchanged
1266374,405771.0,196.0,4405.0,405771.0,145.0,21937.0,recommendation_changed
1266472,10169.0,24057.0,50726.0,10169.0,24057.0,44984.0,unchanged
1266492,,,,188477.0,12074.0,4964.0,newly_flagged
1266493,,,,188477.0,12074.0,4964.0,newly_flagged
1266518,12198.0,12156.0,48597.0,12198.0,12156.0,43034.0,unchanged
1266559,8723.0,8712.0,17098.0,8723.0,8712.0,13377.0,unchanged
1266574,11817.0,11783.0,50768.0,11817.0,11783.0,45008.0,unchanged
1266595,314.0,19808.0,50734.0,314.0,19808.0,44989.0,unchanged
1266658,9545.0,9631.0,30712.0,9545.0,9631.0,27791.0,unchanged
1266687,24021.0,9991.0,31810.0,,,,no_longer_flagged
1266701,11389.0,11422.0,33061.0,11389.0,11422.0,30049.0,unchanged
1266726,434687.0,434688.0,340.0,,,,no_longer_flagged
1266762,2198.0,136958.0,33702.0,2198.0,136958.0,30657.0,unchanged
1266772,2271.0,84132.0,50826.0,2271.0,84132.0,45066.0,unchanged
1266851,23515.0,9000.0,33052.0,23515.0,9000.0,30040.0,unchanged
1266853,23515.0,9000.0,33052.0,23515.0,9000.0,30040.0,unchanged
1266875,9518.0,9542.0,30688.0,9518.0,9542.0,27770.0,unchanged
1266877,9587.0,9542.0,30688.0,9587.0,9542.0,27770.0,unchanged
1266878,9587.0,9542.0,30688.0,9587.0,9542.0,27770.0,unchanged
1266895,,,,8334.0,8242.0,28000.0,newly_flagged
1266898,8304.0,8242.0,30937.0,8304.0,8242.0,28000.0,unchanged
1266907,8926.0,8774.0,23470.0,8926.0,8774.0,45094.0,unchanged
1266912,10188.0,10077.0,30723.0,10188.0,10077.0,27799.0,unchanged
1266913,10188.0,10077.0,30723.0,10188.0,10077.0,27799.0,unchanged
1266927,23990.0,23974.0,50851.0,23990.0,23975.0,45102.0,recommendation_changed
1266928,23990.0,23974.0,50851.0,23990.0,23975.0,45102.0,recommendation_changed
1266967,23975.0,23974.0,50851.0,,,,no_longer_flagged
1266968,23975.0,23974.0,50851.0,,,,no_longer_flagged
1266970,23975.0,23974.0,50851.0,,,,no_longer_flagged
1266982,583.0,557.0,31087.0,583.0,557.0,28141.0,unchanged
1266997,,,,12115.0,12113.0,28463.0,newly_flagged
1267000,,,,10000.0,24004.0,39494.0,newly_flagged
1267002,24849.0,12115.0,31418.0,24849.0,12113.0,28463.0,recommendation_changed
1267021,24264.0,10674.0,44387.0,24264.0,10674.0,39395.0,unchanged
1267048,8499.0,8450.0,50882.0,8499.0,8450.0,45125.0,unchanged
1267053,9602.0,9620.0,30569.0,,,,no_longer_flagged
1267075,8400.0,8273.0,50887.0,8400.0,8273.0,45131.0,unchanged
1267076,8400.0,8273.0,50887.0,8400.0,8273.0,45131.0,unchanged
1267086,8346.0,8273.0,50887.0,8346.0,8273.0,45131.0,unchanged
1267123,8400.0,8273.0,50887.0,8400.0,8273.0,45131.0,unchanged
1267147,23477.0,23460.0,50912.0,23477.0,23460.0,45155.0,unchanged
1267148,23477.0,23460.0,50912.0,23477.0,23460.0,45155.0,unchanged
1267153,23477.0,23460.0,50912.0,23477.0,23460.0,45155.0,unchanged
1267154,23477.0,23460.0,50912.0,23477.0,23460.0,45155.0,unchanged
1267213,4548.0,229442.0,31203.0,,,,no_longer_flagged
1267216,4548.0,229442.0,31203.0,,,,no_longer_flagged
1267218,4548.0,229442.0,31203.0,,,,no_longer_flagged
1267239,4770.0,4753.0,16088.0,,,,no_longer_flagged
1267242,4770.0,4753.0,16088.0,,,,no_longer_flagged
1267267,4589.0,98527.0,31175.0,,,,no_longer_flagged
1267394,9235.0,23579.0,30831.0,9235.0,23579.0,27897.0,unchanged
1267420,875.0,850.0,50995.0,875.0,850.0,45231.0,unchanged
1267475,,,,5045.0,5054.0,27717.0,newly_flagged
1267480,384829.0,384828.0,17103.0,384829.0,384828.0,15871.0,unchanged
1267489,23348.0,8774.0,23470.0,23348.0,8774.0,45094.0,unchanged
1267490,23348.0,8774.0,23470.0,23348.0,8774.0,45094.0,unchanged
1267528,18467.0,18457.0,20715.0,18467.0,18444.0,15970.0,recommendation_changed
1267530,18455.0,18478.0,4327.0,18455.0,18478.0,4010.0,unchanged
1267548,23582.0,23577.0,5190.0,23582.0,23577.0,4862.0,unchanged
1267549,23582.0,23577.0,5190.0,23582.0,23577.0,4862.0,unchanged
1267559,12070.0,11944.0,51023.0,,,,no_longer_flagged
1267570,314.0,19808.0,50734.0,314.0,19808.0,44989.0,unchanged
1267605,23306.0,23328.0,51044.0,23306.0,23328.0,45276.0,unchanged
1267653,9877.0,9770.0,4751.0,,,,no_longer_flagged
1267654,9877.0,9770.0,4751.0,,,,no_longer_flagged
1267655,9877.0,9770.0,4751.0,,,,no_longer_flagged
1267659,24021.0,9991.0,31810.0,,,,no_longer_flagged
1267662,24021.0,9991.0,31810.0,,,,no_longer_flagged
1267665,10188.0,10180.0,18217.0,10188.0,10180.0,16973.0,unchanged
1267666,9805.0,9770.0,4751.0,9805.0,9821.0,4421.0,recommendation_changed
1267667,,,,25122.0,25119.0,45291.0,newly_flagged
1267669,25122.0,25119.0,51064.0,25122.0,25119.0,45291.0,unchanged
1267670,25122.0,25119.0,51065.0,25122.0,25119.0,45291.0,unchanged
1267683,9976.0,23946.0,33860.0,9976.0,9963.0,30808.0,recommendation_changed
1267685,9976.0,23946.0,33860.0,9976.0,9963.0,30808.0,recommendation_changed
1267686,9976.0,23946.0,33860.0,9976.0,9963.0,30808.0,recommendation_changed
1267688,23946.0,9976.0,51069.0,23946.0,9976.0,45297.0,unchanged
1267689,9972.0,23946.0,33860.0,9972.0,9963.0,30808.0,recommendation_changed
1267690,,,,23946.0,9963.0,30808.0,newly_flagged
1267698,23849.0,9770.0,4751.0,23849.0,9821.0,4421.0,recommendation_changed
1267715,,,,23977.0,10179.0,29968.0,newly_flagged
1267717,24021.0,9991.0,31810.0,,,,no_longer_flagged
1267718,,,,23977.0,10179.0,29968.0,newly_flagged
1267719,24012.0,9991.0,31810.0,24012.0,9991.0,28837.0,unchanged
1267720,24012.0,9991.0,31810.0,24012.0,9991.0,28837.0,unchanged
1267721,24032.0,9991.0,31810.0,24032.0,10179.0,29968.0,recommendation_changed
1267722,24032.0,9991.0,31810.0,24032.0,10179.0,29968.0,recommendation_changed
1267725,8829.0,23348.0,18091.0,8829.0,8700.0,8527.0,recommendation_changed
1267726,8926.0,8774.0,23470.0,8926.0,8774.0,45094.0,unchanged
1267733,9972.0,23946.0,33860.0,9972.0,9963.0,30808.0,recommendation_changed
1267734,,,,23977.0,10179.0,29968.0,newly_flagged
1267736,9972.0,23946.0,33860.0,9972.0,9963.0,30808.0,recommendation_changed
1267743,24055.0,10261.0,51081.0,24055.0,10261.0,45305.0,unchanged
1267771,8723.0,8712.0,17098.0,8723.0,8712.0,13377.0,unchanged
1267784,11739.0,11721.0,51083.0,11739.0,11721.0,45307.0,unchanged
1267786,11739.0,11721.0,51083.0,11739.0,11721.0,45307.0,unchanged
1267787,8531.0,8590.0,51092.0,8531.0,8590.0,45315.0,unchanged
1267790,8723.0,8712.0,17098.0,8723.0,8712.0,13377.0,unchanged
1267808,8723.0,8712.0,17098.0,8723.0,8712.0,13377.0,unchanged
1267816,11739.0,11774.0,33690.0,11739.0,11774.0,30647.0,unchanged
1267817,11693.0,11818.0,48744.0,11693.0,11818.0,43144.0,unchanged
1267818,11693.0,11818.0,48744.0,11693.0,11818.0,43144.0,unchanged
1267829,11739.0,11721.0,51083.0,11739.0,11721.0,45307.0,unchanged
1267830,11739.0,11721.0,51083.0,11739.0,11721.0,45307.0,unchanged
1267844,8986.0,8774.0,23470.0,8986.0,8700.0,8527.0,recommendation_changed
1267845,9014.0,8774.0,23470.0,9014.0,8700.0,8527.0,recommendation_changed
1267855,8869.0,8774.0,23470.0,8869.0,8700.0,8527.0,recommendation_changed
1267872,8959.0,8920.0,14375.0,8959.0,8909.0,13375.0,recommendation_changed
1267873,,,,8920.0,8909.0,13375.0,newly_flagged
1267874,8959.0,8920.0,14375.0,8959.0,8909.0,13375.0,recommendation_changed
1267877,23635.0,9272.0,51111.0,23635.0,9272.0,45337.0,unchanged
1267900,9014.0,8774.0,23470.0,9014.0,8700.0,8527.0,recommendation_changed
1267901,8986.0,8774.0,23470.0,8986.0,8700.0,8527.0,recommendation_changed
1267903,9026.0,8774.0,23470.0,9026.0,8700.0,8527.0,recommendation_changed
1267905,9014.0,8949.0,2888.0,9014.0,8949.0,2629.0,unchanged
1267906,8976.0,8949.0,2888.0,8976.0,8949.0,2629.0,unchanged
1267910,22958.0,7994.0,47686.0,22958.0,7994.0,42220.0,unchanged
1267920,8909.0,8920.0,14375.0,,,,no_longer_flagged
1267926,8652.0,23218.0,49211.0,,,,no_longer_flagged
1267948,23816.0,9881.0,49415.0,23816.0,23847.0,43783.0,recommendation_changed
1267963,9784.0,9716.0,44672.0,9784.0,23827.0,43683.0,recommendation_changed
1267976,9881.0,23860.0,50592.0,9881.0,23860.0,44863.0,unchanged
1267984,78049.0,78047.0,51139.0,78049.0,78047.0,45362.0,unchanged
1268000,9566.0,9618.0,48815.0,,,,no_longer_flagged
1268011,25122.0,25119.0,51146.0,,,,no_longer_flagged
1268012,,,,25119.0,25122.0,44977.0,newly_flagged
1268077,23169.0,23160.0,31155.0,23169.0,23160.0,28209.0,unchanged
1268111,23589.0,9247.0,51169.0,23589.0,9247.0,45383.0,unchanged
1268114,,,,9194.0,9104.0,43877.0,newly_flagged
1268119,158084.0,83804.0,51173.0,158084.0,83804.0,45386.0,unchanged
1268122,158084.0,83804.0,51173.0,158084.0,83804.0,45386.0,unchanged
1268127,23718.0,9479.0,30965.0,,,,no_longer_flagged
1268129,23718.0,9479.0,30965.0,,,,no_longer_flagged
1268147,12019.0,24869.0,51181.0,12019.0,24869.0,45396.0,unchanged
1268148,12019.0,11986.0,51182.0,12019.0,11986.0,45397.0,unchanged
1268159,8356.0,8362.0,51187.0,8356.0,8362.0,45402.0,unchanged
1268160,8356.0,8362.0,51187.0,8356.0,8362.0,45402.0,unchanged
1268164,,,,8586.0,8612.0,45245.0,newly_flagged
1268215,965.0,958.0,51200.0,965.0,958.0,45415.0,unchanged
1268243,397.0,389.0,51209.0,397.0,389.0,45424.0,unchanged
1268245,397.0,389.0,51209.0,397.0,389.0,45424.0,unchanged
1268253,8774.0,8692.0,51212.0,8774.0,8692.0,45426.0,unchanged
1268267,8610.0,8643.0,51204.0,8610.0,8643.0,45419.0,unchanged
1268289,17068.0,17092.0,33663.0,17068.0,17092.0,30619.0,unchanged
1268292,299516.0,11053.0,51223.0,299516.0,11053.0,45436.0,unchanged
1268301,9380.0,23656.0,33399.0,9380.0,9267.0,30370.0,recommendation_changed
1268324,8790.0,8835.0,31708.0,8790.0,8835.0,28741.0,unchanged
1268325,8835.0,8882.0,50847.0,8835.0,8882.0,45096.0,unchanged
1268326,8849.0,8829.0,51228.0,8849.0,8829.0,45441.0,unchanged
1268405,9587.0,9542.0,30688.0,9587.0,9542.0,27770.0,unchanged
1268416,23020.0,8073.0,51109.0,23020.0,8073.0,45335.0,unchanged
1268455,9877.0,9770.0,4751.0,,,,no_longer_flagged
1268457,9877.0,9770.0,4751.0,,,,no_longer_flagged
1268458,9877.0,9770.0,4751.0,,,,no_longer_flagged
1268459,,,,9770.0,9821.0,4421.0,newly_flagged
1268460,,,,9770.0,9821.0,4421.0,newly_flagged
1268515,8806.0,8727.0,51225.0,8806.0,8727.0,45438.0,unchanged
1268532,,,,8837.0,8727.0,45438.0,newly_flagged
1268533,,,,8837.0,8727.0,45438.0,newly_flagged
1268534,,,,8837.0,8727.0,45438.0,newly_flagged
1268583,407.0,404.0,51299.0,407.0,404.0,45499.0,unchanged
1268584,407.0,404.0,51299.0,407.0,404.0,45499.0,unchanged
1268598,9784.0,9716.0,44672.0,9784.0,23827.0,43683.0,recommendation_changed
1268602,23477.0,23460.0,50912.0,23477.0,23460.0,45155.0,unchanged
1268625,11587.0,11596.0,51196.0,11587.0,11596.0,45410.0,unchanged
1268635,25119.0,25122.0,51304.0,25119.0,25122.0,44977.0,unchanged
1268675,23873.0,9858.0,51314.0,23873.0,9858.0,45511.0,unchanged
1268718,8805.0,8712.0,17098.0,8805.0,8712.0,13377.0,unchanged
1268729,23671.0,23655.0,51325.0,23671.0,23655.0,45522.0,unchanged
1268753,8727.0,8837.0,51286.0,,,,no_longer_flagged
1268769,12150.0,12156.0,48597.0,12150.0,12156.0,43034.0,unchanged
1268858,,,,12912.0,25244.0,45544.0,newly_flagged
1268903,10179.0,9991.0,31810.0,,,,no_longer_flagged
1268924,10235.0,10241.0,50100.0,10235.0,10241.0,44409.0,unchanged
1268925,10235.0,10241.0,50100.0,10235.0,10241.0,44409.0,unchanged
1268998,11433.0,11420.0,51383.0,11433.0,11420.0,45574.0,unchanged
1269019,965.0,958.0,51200.0,965.0,958.0,45415.0,unchanged
1269020,965.0,958.0,51200.0,965.0,958.0,45415.0,unchanged
1269021,965.0,958.0,51200.0,965.0,958.0,45415.0,unchanged
1269022,965.0,958.0,51200.0,965.0,958.0,45415.0,unchanged
1269039,12119.0,12038.0,14908.0,12119.0,12038.0,13896.0,unchanged
1269040,12119.0,12038.0,14908.0,12119.0,12038.0,13896.0,unchanged
1269042,12119.0,12038.0,14908.0,12119.0,12038.0,13896.0,unchanged
1269074,11358.0,11304.0,18127.0,11358.0,11304.0,16888.0,unchanged
1269123,9002.0,8774.0,23470.0,9002.0,8700.0,8527.0,recommendation_changed
1269124,9002.0,8774.0,23470.0,9002.0,8700.0,8527.0,recommendation_changed
1269125,9002.0,8774.0,23470.0,9002.0,8700.0,8527.0,recommendation_changed
1269166,22976.0,22991.0,48834.0,22976.0,22991.0,43223.0,unchanged
1269173,8723.0,8712.0,17098.0,8723.0,8712.0,13377.0,unchanged
1269187,12127.0,12032.0,48927.0,12127.0,12032.0,43303.0,unchanged
1269188,12127.0,12032.0,48927.0,12127.0,12032.0,43303.0,unchanged
1269226,396.0,52763.0,20596.0,396.0,52763.0,19021.0,unchanged
1269236,12127.0,12032.0,48927.0,12127.0,12032.0,43303.0,unchanged
1269255,12089.0,12032.0,48927.0,12089.0,12032.0,43303.0,unchanged
1269256,12089.0,12032.0,48927.0,12089.0,12032.0,43303.0,unchanged
1269257,12089.0,12032.0,48927.0,12089.0,12032.0,43303.0,unchanged
1269269,197115.0,8273.0,50887.0,197115.0,8273.0,45131.0,unchanged
1269299,8725.0,8696.0,51428.0,,,,no_longer_flagged
1269300,8725.0,8696.0,51428.0,,,,no_longer_flagged
1269301,397.0,389.0,51209.0,397.0,389.0,45424.0,unchanged
1269302,397.0,389.0,51209.0,397.0,389.0,45424.0,unchanged
1269309,9258.0,23584.0,49675.0,9258.0,23584.0,44021.0,unchanged
1269340,390721.0,243520.0,51439.0,390721.0,243520.0,44695.0,unchanged
1269344,8879.0,8895.0,33080.0,8879.0,8895.0,30068.0,unchanged
1269355,8945.0,8727.0,51225.0,8945.0,8727.0,45438.0,unchanged
1269356,8945.0,8727.0,51225.0,8945.0,8727.0,45438.0,unchanged
1269357,8945.0,8727.0,51225.0,8945.0,8727.0,45438.0,unchanged
1269434,8103.0,8015.0,50915.0,,,,no_longer_flagged
1269453,9117.0,8774.0,23470.0,9117.0,8700.0,8527.0,recommendation_changed
1269552,9410.0,23655.0,51325.0,9410.0,23655.0,45522.0,unchanged
1269567,24264.0,10674.0,44387.0,24264.0,10674.0,39395.0,unchanged
1269572,11705.0,11718.0,51178.0,11705.0,11718.0,45392.0,unchanged
1269574,11705.0,11714.0,50638.0,11705.0,11714.0,44906.0,unchanged
1269578,11866.0,11810.0,31634.0,11866.0,11810.0,28667.0,unchanged
1269628,10270.0,10237.0,23837.0,10270.0,10237.0,22015.0,unchanged
1269629,10270.0,10237.0,23837.0,10270.0,10237.0,22015.0,unchanged
1269657,,,,23804.0,9631.0,27791.0,newly_flagged
1269658,23804.0,9631.0,30712.0,23804.0,9631.0,27791.0,unchanged
1269662,10270.0,10265.0,50692.0,10270.0,10265.0,44962.0,unchanged
1269695,9058.0,9112.0,50112.0,9058.0,9112.0,44419.0,unchanged
1269698,23515.0,9000.0,33052.0,23515.0,9000.0,30040.0,unchanged
1269779,9619.0,9542.0,30688.0,9619.0,9542.0,27770.0,unchanged
1269780,9619.0,9542.0,30688.0,9619.0,9542.0,27770.0,unchanged
1269808,23326.0,23394.0,48847.0,23326.0,23394.0,43232.0,unchanged
1269814,12151.0,12032.0,48927.0,12151.0,12032.0,43303.0,unchanged
1269847,23856.0,23879.0,51533.0,23856.0,23879.0,45723.0,unchanged
1269848,23856.0,23879.0,51533.0,23856.0,23879.0,45723.0,unchanged
1269849,23856.0,23879.0,51533.0,23856.0,23879.0,45723.0,unchanged
1269851,23651.0,23656.0,33399.0,23651.0,9267.0,30370.0,recommendation_changed
1269852,23847.0,9881.0,49415.0,,,,no_longer_flagged
1269853,23847.0,9881.0,49415.0,,,,no_longer_flagged
1269854,23847.0,9881.0,49415.0,,,,no_longer_flagged
1269983,909.0,923.0,50674.0,909.0,923.0,44942.0,unchanged
1269991,11418.0,11438.0,18604.0,,,,no_longer_flagged
1269992,11418.0,11438.0,18604.0,,,,no_longer_flagged
1269995,11345.0,11433.0,51194.0,,,,no_longer_flagged
1269996,11345.0,11433.0,51194.0,,,,no_longer_flagged
1269997,11345.0,11433.0,51194.0,,,,no_longer_flagged
1269998,11345.0,11433.0,51194.0,,,,no_longer_flagged
1270021,23562.0,9152.0,14533.0,,,,no_longer_flagged
1270035,9923.0,9779.0,48976.0,,,,no_longer_flagged
1270037,9962.0,9903.0,48977.0,9962.0,9903.0,43344.0,unchanged
1270071,24030.0,10108.0,24128.0,24030.0,10126.0,45760.0,recommendation_changed
1270072,10126.0,10108.0,24128.0,,,,no_longer_flagged
1270073,10142.0,10108.0,24128.0,10142.0,10126.0,45760.0,recommendation_changed
1270081,8906.0,8774.0,23470.0,,,,no_longer_flagged
1270148,1870.0,378268.0,4364.0,1870.0,378268.0,4047.0,unchanged
1270158,14688.0,14767.0,50181.0,14688.0,14767.0,44481.0,unchanged
1270159,25673.0,14281.0,14414.0,25673.0,14281.0,13412.0,unchanged
1270160,25673.0,14281.0,14414.0,25673.0,14281.0,13412.0,unchanged
1270172,14864.0,14831.0,32470.0,14864.0,14831.0,29820.0,unchanged
1270187,10991.0,10968.0,51592.0,10991.0,10968.0,42202.0,unchanged
1270263,23827.0,9716.0,44672.0,,,,no_longer_flagged
1270264,9712.0,9716.0,44672.0,9712.0,23827.0,43683.0,recommendation_changed
1270271,23698.0,9452.0,50599.0,23698.0,9452.0,44869.0,unchanged
1270295,23791.0,9716.0,44672.0,23791.0,23827.0,43683.0,recommendation_changed
1270347,14688.0,14767.0,50181.0,14688.0,14767.0,44481.0,unchanged
1270359,8033.0,7993.0,51642.0,8033.0,7993.0,45829.0,unchanged
1270374,14986.0,14962.0,51650.0,14986.0,14962.0,45837.0,unchanged
1270452,,,,23090.0,8360.0,28825.0,newly_flagged
1270456,9662.0,9575.0,45103.0,9662.0,9575.0,40053.0,unchanged
1270483,8165.0,23018.0,51404.0,8165.0,23018.0,45599.0,unchanged
1270489,,,,23017.0,8161.0,11934.0,newly_flagged
1270498,22976.0,22991.0,48834.0,22976.0,22991.0,43223.0,unchanged
1270500,,,,23090.0,8360.0,28825.0,newly_flagged
1270505,,,,23017.0,8161.0,11934.0,newly_flagged
1270506,,,,23017.0,8161.0,11934.0,newly_flagged
1270610,4589.0,98527.0,31175.0,,,,no_longer_flagged
1270671,23839.0,9893.0,50624.0,23839.0,9893.0,44896.0,unchanged
1270683,,,,25531.0,25521.0,27993.0,newly_flagged
1270684,,,,13703.0,25521.0,27993.0,newly_flagged
1270688,536191.0,536813.0,11874.0,,,,no_longer_flagged
1270689,536191.0,536813.0,11874.0,,,,no_longer_flagged
1270739,25875.0,14669.0,51762.0,25875.0,14669.0,45928.0,unchanged
1270742,,,,25690.0,25668.0,45775.0,newly_flagged
1270753,535856.0,535858.0,11679.0,535856.0,535858.0,10808.0,unchanged
1270776,14906.0,14831.0,32470.0,14906.0,14831.0,29820.0,unchanged
1270777,14612.0,14688.0,51579.0,14612.0,14688.0,45771.0,unchanged
1270789,14906.0,14831.0,32470.0,14906.0,14831.0,29820.0,unchanged
1270791,14669.0,14598.0,31078.0,14669.0,14598.0,28132.0,unchanged
1270797,14929.0,14893.0,16327.0,14929.0,14893.0,15114.0,unchanged
1270836,9255.0,104285.0,31234.0,9255.0,104285.0,28287.0,unchanged
1270839,23404.0,23387.0,48910.0,23404.0,23387.0,43287.0,unchanged
1270842,875.0,850.0,50995.0,875.0,850.0,45231.0,unchanged
1270859,9705.0,500.0,38852.0,9705.0,500.0,34698.0,unchanged
1270894,22452.0,7037.0,33947.0,,,,no_longer_flagged
1270897,9916.0,9886.0,51795.0,9916.0,9886.0,45953.0,unchanged
1270923,,,,8499.0,8450.0,45655.0,newly_flagged
1270925,8499.0,8450.0,51803.0,8499.0,8450.0,45656.0,unchanged
1270926,8499.0,8450.0,51458.0,8499.0,8450.0,45656.0,unchanged
1270939,9202.0,9000.0,33052.0,,,,no_longer_flagged
1270940,9202.0,9000.0,33052.0,,,,no_longer_flagged
1270941,9202.0,9000.0,33052.0,,,,no_longer_flagged
1270942,9202.0,9000.0,33052.0,,,,no_longer_flagged
1270943,,,,9227.0,9202.0,28833.0,newly_flagged
1270944,,,,9227.0,9202.0,28833.0,newly_flagged
1270963,23778.0,9618.0,48815.0,,,,no_longer_flagged
1270964,23778.0,9618.0,48815.0,,,,no_longer_flagged
1270965,23778.0,9618.0,48815.0,,,,no_longer_flagged
1270974,,,,8499.0,8450.0,45656.0,newly_flagged
1270975,8499.0,8450.0,50882.0,8499.0,8450.0,45125.0,unchanged
1270977,8499.0,8450.0,50882.0,8499.0,8450.0,45125.0,unchanged
1270978,8499.0,8450.0,50882.0,8499.0,8450.0,45125.0,unchanged
1271011,,,,8499.0,8450.0,45656.0,newly_flagged
1271013,,,,8499.0,8450.0,45656.0,newly_flagged
1271027,23572.0,23542.0,51045.0,23572.0,23542.0,45277.0,unchanged
1271047,23651.0,23656.0,33399.0,23651.0,9267.0,30370.0,recommendation_changed
1271048,,,,23656.0,9267.0,30370.0,newly_flagged
1271049,,,,23656.0,9267.0,30370.0,newly_flagged
1271050,23651.0,23656.0,33399.0,23651.0,9267.0,30370.0,recommendation_changed
1271060,9566.0,9618.0,48815.0,,,,no_longer_flagged
1271069,965.0,958.0,51200.0,965.0,958.0,45415.0,unchanged
1271072,8851.0,8920.0,14375.0,8851.0,8909.0,13375.0,recommendation_changed
1271073,8851.0,8920.0,14375.0,8851.0,8909.0,13375.0,recommendation_changed
1271074,8851.0,8920.0,14375.0,8851.0,8909.0,13375.0,recommendation_changed
1271077,19900.0,663.0,44533.0,19900.0,663.0,39526.0,unchanged
1271080,23610.0,23656.0,33399.0,23610.0,9267.0,30370.0,recommendation_changed
1271090,9566.0,9618.0,48815.0,,,,no_longer_flagged
1271098,23610.0,23656.0,33399.0,23610.0,9267.0,30370.0,recommendation_changed
1271134,23630.0,23617.0,51399.0,23630.0,23617.0,45594.0,unchanged
1271225,14493.0,14441.0,51844.0,14493.0,14441.0,45995.0,unchanged
1271232,14870.0,14917.0,51587.0,14870.0,14917.0,45779.0,unchanged
1271245,14366.0,14441.0,51844.0,14366.0,14441.0,45995.0,unchanged
1271254,20581.0,2430.0,51860.0,20581.0,2430.0,46010.0,unchanged
1271261,26626.0,21629.0,51863.0,26626.0,21629.0,46014.0,unchanged
1271263,14381.0,14323.0,51602.0,14381.0,14323.0,45787.0,unchanged
1271265,14281.0,14323.0,51602.0,14281.0,14323.0,45787.0,unchanged
1271268,14306.0,14333.0,51865.0,14306.0,14333.0,46016.0,unchanged
1271269,14306.0,14333.0,51865.0,14306.0,14333.0,46016.0,unchanged
1271289,10200.0,10132.0,4476.0,10200.0,10132.0,4162.0,unchanged
1271304,25687.0,14310.0,51875.0,25687.0,14310.0,46025.0,unchanged
1271315,25646.0,14281.0,14414.0,25646.0,14281.0,13412.0,unchanged
1271316,25646.0,14281.0,14414.0,25646.0,14281.0,13412.0,unchanged
1271317,25646.0,14281.0,14414.0,25646.0,14281.0,13412.0,unchanged
1271331,25666.0,25687.0,51874.0,25666.0,25687.0,46024.0,unchanged
1271394,22574.0,22563.0,32635.0,,,,no_longer_flagged
1271419,,,,4282.0,21546.0,28605.0,newly_flagged
1271420,21549.0,4282.0,47237.0,21549.0,21546.0,28605.0,recommendation_changed
1271421,,,,4282.0,21546.0,28605.0,newly_flagged
1271428,,,,6387.0,6365.0,13516.0,newly_flagged
1271429,6371.0,6387.0,40417.0,6371.0,6365.0,13516.0,recommendation_changed
1271444,10332.0,10287.0,51910.0,10332.0,10287.0,46052.0,unchanged
1271445,24212.0,10287.0,51910.0,24212.0,10287.0,46052.0,unchanged
1271450,,,,10278.0,10287.0,46052.0,newly_flagged
1271459,24212.0,10287.0,51910.0,24212.0,10287.0,46052.0,unchanged
1271460,24212.0,10287.0,51910.0,24212.0,10287.0,46052.0,unchanged
1271462,24212.0,10287.0,51910.0,24212.0,10287.0,46052.0,unchanged
1271464,,,,10278.0,10287.0,46052.0,newly_flagged
1271467,12198.0,12156.0,48597.0,12198.0,12156.0,43034.0,unchanged
1271471,9545.0,9631.0,30712.0,9545.0,9631.0,27791.0,unchanged
1271472,9545.0,9631.0,30712.0,9545.0,9631.0,27791.0,unchanged
1271473,9545.0,9631.0,30712.0,9545.0,9631.0,27791.0,unchanged
1271474,9545.0,9631.0,30712.0,9545.0,9631.0,27791.0,unchanged
1271496,24654.0,11503.0,50813.0,24654.0,11503.0,45054.0,unchanged
1271526,11866.0,11810.0,31634.0,11866.0,11810.0,28667.0,unchanged
1271529,10275.0,10077.0,30723.0,10275.0,10077.0,27799.0,unchanged
1271536,11866.0,11815.0,51390.0,11866.0,11815.0,45584.0,unchanged
1271544,9015.0,8921.0,50803.0,9015.0,8921.0,45042.0,unchanged
1271566,11866.0,11810.0,31634.0,11866.0,11810.0,28667.0,unchanged
1271575,11302.0,11304.0,18127.0,11302.0,11304.0,16888.0,unchanged
1271578,11358.0,11304.0,18127.0,11358.0,11304.0,16888.0,unchanged
1271647,11365.0,11343.0,49617.0,,,,no_longer_flagged
1271649,11365.0,11343.0,49617.0,,,,no_longer_flagged
1271675,158083.0,83804.0,51173.0,158083.0,83804.0,45386.0,unchanged
1271676,158083.0,83804.0,51173.0,158083.0,83804.0,45386.0,unchanged
1271677,158083.0,83804.0,51173.0,158083.0,83804.0,45386.0,unchanged
1271678,158083.0,83804.0,51173.0,158083.0,83804.0,45386.0,unchanged
1271683,8423.0,228155.0,33715.0,8423.0,228155.0,30670.0,unchanged
1271684,8423.0,228155.0,33715.0,8423.0,228155.0,30670.0,unchanged
1271685,8423.0,228155.0,33715.0,8423.0,228155.0,30670.0,unchanged
1271707,8958.0,8774.0,23470.0,8958.0,8700.0,8527.0,recommendation_changed
1271708,8948.0,8774.0,23470.0,8948.0,8700.0,8527.0,recommendation_changed
1271709,8948.0,8774.0,23470.0,8948.0,8700.0,8527.0,recommendation_changed
1271711,9380.0,23656.0,33399.0,9380.0,9267.0,30370.0,recommendation_changed
1271712,23635.0,9272.0,51111.0,23635.0,9272.0,45337.0,unchanged
1271713,9380.0,23656.0,33399.0,9380.0,9267.0,30370.0,recommendation_changed
1271714,9380.0,23656.0,33399.0,9380.0,9267.0,30370.0,recommendation_changed
1271729,23572.0,23542.0,51045.0,23572.0,23542.0,45277.0,unchanged
1271730,23572.0,23542.0,51045.0,23572.0,23542.0,45277.0,unchanged
1271816,23615.0,23626.0,51821.0,23615.0,23626.0,45975.0,unchanged
1271829,12151.0,12032.0,48927.0,12151.0,12032.0,43303.0,unchanged
1271830,12151.0,12032.0,48927.0,12151.0,12032.0,43303.0,unchanged
1271852,23379.0,8908.0,51962.0,23379.0,8908.0,46100.0,unchanged
1271883,8122.0,8090.0,23808.0,8122.0,8090.0,46106.0,unchanged
1271885,8122.0,8090.0,23808.0,8122.0,8090.0,46106.0,unchanged
1271894,23836.0,9881.0,49415.0,23836.0,23847.0,43783.0,recommendation_changed
1271902,10157.0,10108.0,24128.0,10157.0,10126.0,45760.0,recommendation_changed
1271925,23578.0,23586.0,51120.0,23578.0,23586.0,45346.0,unchanged
1271939,,,,8122.0,8090.0,46106.0,newly_flagged
1271943,8122.0,8090.0,23808.0,8122.0,8090.0,46106.0,unchanged
1271958,537450.0,537451.0,15352.0,,,,no_longer_flagged
1271967,9139.0,9162.0,50617.0,9139.0,9162.0,44889.0,unchanged
1271971,23589.0,9247.0,51169.0,23589.0,9247.0,45383.0,unchanged
1271986,,,,9194.0,9104.0,43877.0,newly_flagged
1272021,,,,437.0,444.0,6763.0,newly_flagged
1272027,9264.0,9247.0,51169.0,9264.0,9247.0,45383.0,unchanged
1272028,9264.0,9247.0,51169.0,9264.0,9247.0,45383.0,unchanged
1272063,8499.0,8450.0,50881.0,8499.0,8450.0,45125.0,unchanged
1272085,9237.0,9284.0,33060.0,9237.0,9284.0,30048.0,unchanged
1272095,,,,14671.0,14563.0,43525.0,newly_flagged
1272097,14669.0,14598.0,31078.0,14669.0,14598.0,28132.0,unchanged
1272098,,,,14671.0,14563.0,43525.0,newly_flagged
1272099,,,,23656.0,9267.0,30370.0,newly_flagged
1272100,23635.0,9272.0,51111.0,23635.0,9272.0,45337.0,unchanged
1272101,23635.0,9272.0,51111.0,23635.0,9272.0,45337.0,unchanged
1272102,,,,23656.0,9267.0,30370.0,newly_flagged
1272127,23804.0,9631.0,30712.0,23804.0,9631.0,27791.0,unchanged
1272128,23804.0,9631.0,30712.0,23804.0,9631.0,27791.0,unchanged
1272138,,,,23656.0,9267.0,30370.0,newly_flagged
1272155,25569.0,13891.0,52002.0,25569.0,13891.0,46124.0,unchanged
1272162,,,,13703.0,25521.0,27993.0,newly_flagged
1272170,2207.0,2196.0,33337.0,2207.0,2196.0,30312.0,unchanged
1272199,161275.0,3338.0,30858.0,161275.0,3338.0,27924.0,unchanged
1272200,190087.0,3338.0,30858.0,190087.0,3338.0,27924.0,unchanged
1272211,4770.0,4753.0,16088.0,,,,no_longer_flagged
1272213,4770.0,4753.0,16088.0,,,,no_longer_flagged
1272214,4770.0,4753.0,16088.0,,,,no_longer_flagged
1272215,21657.0,4753.0,16088.0,,,,no_longer_flagged
1272216,21657.0,4753.0,16088.0,,,,no_longer_flagged
1272221,21657.0,4753.0,16088.0,,,,no_longer_flagged
1272224,21657.0,4753.0,16088.0,,,,no_longer_flagged
1272227,4669.0,17155.0,52026.0,4669.0,17155.0,46146.0,unchanged
1272228,4669.0,17155.0,52026.0,4669.0,17155.0,46146.0,unchanged
1272236,25530.0,20323.0,51598.0,25530.0,20323.0,45786.0,unchanged
1272238,25530.0,20323.0,51598.0,25530.0,20323.0,45786.0,unchanged
1272257,22855.0,7724.0,52033.0,22855.0,7724.0,46153.0,unchanged
1272258,22855.0,7724.0,52033.0,22855.0,7724.0,46153.0,unchanged
1272270,11297.0,11318.0,50645.0,,,,no_longer_flagged
1272271,12038.0,11998.0,52035.0,12038.0,11998.0,46155.0,unchanged
1272283,12150.0,12156.0,48597.0,12150.0,12156.0,43034.0,unchanged
1272284,12150.0,12156.0,48597.0,12150.0,12156.0,43034.0,unchanged
1272287,10270.0,10237.0,23837.0,10270.0,10237.0,22015.0,unchanged
1272289,10270.0,10237.0,23837.0,10270.0,10237.0,22015.0,unchanged
1272291,12111.0,12064.0,52038.0,12111.0,12064.0,46157.0,unchanged
1272295,11302.0,11304.0,18127.0,11302.0,11304.0,16888.0,unchanged
1272316,11371.0,11348.0,51316.0,11371.0,11348.0,45515.0,unchanged
1272358,9931.0,9986.0,14400.0,9931.0,9986.0,13400.0,unchanged
1272368,3495.0,3338.0,30858.0,3495.0,3338.0,27924.0,unchanged
1272369,,,,133.0,165.0,13584.0,newly_flagged
1272377,23788.0,9643.0,52053.0,23788.0,9643.0,46170.0,unchanged
1272433,7339.0,7264.0,47200.0,7339.0,7322.0,46179.0,recommendation_changed
1272434,7376.0,7410.0,52066.0,7376.0,7410.0,46180.0,unchanged
1272472,9784.0,9716.0,44672.0,9784.0,23827.0,43683.0,recommendation_changed
1272473,23827.0,9716.0,44672.0,,,,no_longer_flagged
1272474,9784.0,9716.0,44672.0,9784.0,23827.0,43683.0,recommendation_changed
1272503,,,,23533.0,23552.0,30055.0,newly_flagged
1272504,,,,23533.0,23552.0,30055.0,newly_flagged
1272505,,,,23533.0,23552.0,30055.0,newly_flagged
1272506,,,,23533.0,23552.0,30055.0,newly_flagged
1272513,23420.0,8877.0,15503.0,23420.0,8877.0,14367.0,unchanged
1272515,23730.0,23738.0,47867.0,23730.0,23738.0,42387.0,unchanged
1272537,9656.0,9715.0,12862.0,9656.0,9715.0,11945.0,unchanged
1272547,8805.0,8712.0,17098.0,8805.0,8712.0,13377.0,unchanged
1272548,8805.0,8712.0,17098.0,8805.0,8712.0,13377.0,unchanged
1272550,12198.0,12156.0,48597.0,12198.0,12156.0,43034.0,unchanged
1272560,,,,12150.0,12156.0,43034.0,newly_flagged
1272573,12212.0,12156.0,48597.0,12212.0,12156.0,43034.0,unchanged
1272583,,,,23872.0,9829.0,46191.0,newly_flagged
1272584,,,,23872.0,9829.0,46191.0,newly_flagged
1272599,8735.0,8816.0,50909.0,8735.0,8816.0,45152.0,unchanged
1272605,23572.0,23542.0,51045.0,23572.0,23542.0,45277.0,unchanged
1272629,23562.0,9152.0,14533.0,,,,no_longer_flagged
1272647,166717.0,166721.0,49365.0,,,,no_longer_flagged
1272648,166717.0,166721.0,49365.0,,,,no_longer_flagged
1272649,166717.0,166721.0,49365.0,,,,no_longer_flagged
1272650,166717.0,166721.0,49365.0,,,,no_longer_flagged
1272711,9234.0,9227.0,31807.0,9234.0,9202.0,28833.0,recommendation_changed
1272713,,,,9227.0,9202.0,28833.0,newly_flagged
1272715,9566.0,9618.0,48815.0,,,,no_longer_flagged
1272716,9566.0,9618.0,48815.0,,,,no_longer_flagged
1272717,9566.0,9618.0,48815.0,,,,no_longer_flagged
1272718,9566.0,9618.0,48815.0,,,,no_longer_flagged
1272734,23778.0,9618.0,48815.0,,,,no_longer_flagged
1272753,23386.0,23359.0,51955.0,23386.0,23359.0,46092.0,unchanged
1272937,16959.0,73900.0,36501.0,16959.0,73900.0,32793.0,unchanged
1272979,2269.0,14093.0,52160.0,2269.0,14093.0,46255.0,unchanged
1272981,2269.0,14093.0,52160.0,2269.0,14093.0,46255.0,unchanged
1272982,2269.0,14093.0,52160.0,2269.0,14093.0,46255.0,unchanged
1272992,536374.0,536367.0,11391.0,,,,no_longer_flagged
1272997,14956.0,14831.0,32470.0,14956.0,14831.0,29820.0,unchanged
1273003,14108.0,14089.0,51791.0,14108.0,14089.0,45950.0,unchanged
1273004,14108.0,14089.0,51791.0,14108.0,14089.0,45950.0,unchanged
1273005,14108.0,14095.0,52163.0,14108.0,14095.0,46258.0,unchanged
1273008,14095.0,14089.0,51791.0,14095.0,14089.0,45950.0,unchanged
1273023,25625.0,14095.0,52163.0,25625.0,14095.0,46258.0,unchanged
1273024,25625.0,14095.0,52163.0,25625.0,14095.0,46258.0,unchanged
1273025,14108.0,14095.0,52163.0,14108.0,14095.0,46258.0,unchanged
1273046,,,,9868.0,9970.0,44916.0,newly_flagged
1273055,14001.0,14000.0,52173.0,14001.0,14000.0,46267.0,unchanged
1273056,14001.0,14000.0,52173.0,14001.0,14000.0,46267.0,unchanged
1273057,14001.0,14000.0,52173.0,14001.0,14000.0,46267.0,unchanged
1273058,14001.0,14000.0,52173.0,14001.0,14000.0,46267.0,unchanged
1273069,25690.0,25668.0,51583.0,25690.0,25668.0,45775.0,unchanged
1273070,25676.0,25670.0,5295.0,25676.0,25670.0,4971.0,unchanged
1273074,,,,7185.0,7159.0,46272.0,newly_flagged
1273087,,,,2038.0,1997.0,46277.0,newly_flagged
1273120,14774.0,25875.0,51774.0,14774.0,25875.0,45936.0,unchanged
1273131,12070.0,11944.0,51023.0,,,,no_longer_flagged
1273133,12070.0,11944.0,51023.0,,,,no_longer_flagged
1273134,12070.0,11944.0,51023.0,,,,no_longer_flagged
1273175,23306.0,23328.0,51044.0,23306.0,23328.0,45276.0,unchanged
1273211,12019.0,24869.0,51181.0,12019.0,24869.0,45396.0,unchanged
1273214,12019.0,24869.0,51181.0,12019.0,24869.0,45396.0,unchanged
1273223,23196.0,8664.0,52206.0,23196.0,8664.0,46300.0,unchanged
1273224,23196.0,8664.0,52206.0,23196.0,8664.0,46300.0,unchanged
1273233,,,,223675.0,234237.0,16794.0,newly_flagged
1273241,23196.0,8664.0,52206.0,23196.0,8664.0,46300.0,unchanged
1273243,7984.0,331.0,52207.0,7984.0,331.0,46302.0,unchanged
1273246,325.0,331.0,52207.0,325.0,331.0,46302.0,unchanged
1273263,9410.0,23655.0,51325.0,9410.0,23655.0,45522.0,unchanged
1273282,909.0,923.0,50674.0,909.0,923.0,44942.0,unchanged
1273312,11600.0,11562.0,51174.0,11600.0,11562.0,45387.0,unchanged
1273329,,,,19636.0,19638.0,22084.0,newly_flagged
1273364,11418.0,11438.0,18604.0,,,,no_longer_flagged
1273366,11418.0,11438.0,18604.0,,,,no_longer_flagged
1273403,736.0,733.0,50775.0,736.0,733.0,45013.0,unchanged
1273405,10974.0,10934.0,52230.0,10974.0,10934.0,46322.0,unchanged
1273508,13597.0,13590.0,49158.0,13597.0,13590.0,43526.0,unchanged
1273511,9891.0,9920.0,33541.0,9891.0,9920.0,29974.0,unchanged
1273512,9891.0,9920.0,33541.0,9891.0,9920.0,29974.0,unchanged
1273513,9891.0,9920.0,33541.0,9891.0,9920.0,29974.0,unchanged
1273532,9923.0,9779.0,48976.0,,,,no_longer_flagged
1273533,23951.0,23959.0,33660.0,23951.0,23959.0,30616.0,unchanged
1273539,24939.0,24888.0,23687.0,24939.0,12074.0,4964.0,recommendation_changed
1273540,24939.0,24888.0,23687.0,24939.0,12074.0,4964.0,recommendation_changed
1273541,37736.0,24888.0,23687.0,37736.0,12074.0,4964.0,recommendation_changed
1273542,24939.0,24888.0,23687.0,24939.0,12074.0,4964.0,recommendation_changed
1273555,25122.0,25119.0,52267.0,25122.0,25119.0,45291.0,unchanged
1273558,25119.0,25122.0,51062.0,,,,no_longer_flagged
1273563,10396.0,24055.0,28664.0,,,,no_longer_flagged
1273569,23839.0,9893.0,50624.0,23839.0,9893.0,44896.0,unchanged
1273571,,,,25122.0,25119.0,45291.0,newly_flagged
1273572,,,,25122.0,25119.0,45291.0,newly_flagged
1273574,25122.0,25119.0,52267.0,25122.0,25119.0,45291.0,unchanged
1273577,25122.0,25119.0,52267.0,25122.0,25119.0,45291.0,unchanged
1273578,25122.0,25119.0,52267.0,25122.0,25119.0,45291.0,unchanged
1273587,23849.0,9770.0,4751.0,23849.0,9821.0,4421.0,recommendation_changed
1273588,,,,9770.0,9821.0,4421.0,newly_flagged
1273589,,,,9770.0,9821.0,4421.0,newly_flagged
1273599,4562.0,21621.0,33943.0,,,,no_longer_flagged
1273601,4562.0,21621.0,33943.0,,,,no_longer_flagged
1273602,4562.0,21621.0,33943.0,,,,no_longer_flagged
1273611,,,,9770.0,9821.0,4421.0,newly_flagged
1273613,23849.0,9770.0,4751.0,23849.0,9821.0,4421.0,recommendation_changed
1273623,10050.0,10137.0,33809.0,10050.0,10137.0,30759.0,unchanged
1273634,25680.0,14281.0,14414.0,25680.0,14281.0,13412.0,unchanged
1273673,10103.0,10137.0,33809.0,10103.0,10137.0,30759.0,unchanged
1273677,376206.0,20381.0,52300.0,376206.0,20381.0,46374.0,unchanged
1273682,25650.0,25648.0,52284.0,25650.0,25648.0,46365.0,unchanged
1273692,376206.0,2011.0,52307.0,376206.0,2011.0,46377.0,unchanged
1273695,2011.0,20381.0,52308.0,2011.0,20381.0,41150.0,unchanged
1273707,20381.0,2011.0,52309.0,20381.0,2011.0,46378.0,unchanged
1273711,20381.0,2011.0,46346.0,20381.0,2011.0,41164.0,unchanged
1273712,2011.0,20381.0,46326.0,2011.0,20381.0,41150.0,unchanged
1273715,24183.0,24055.0,28664.0,,,,no_longer_flagged
1273716,24147.0,24055.0,28664.0,24147.0,24055.0,25899.0,unchanged
1273717,10396.0,24055.0,28664.0,,,,no_longer_flagged
1273718,10396.0,24055.0,28664.0,,,,no_longer_flagged
1273719,9946.0,23897.0,5286.0,9946.0,23897.0,4962.0,unchanged
1273758,20335.0,13800.0,52322.0,20335.0,13800.0,46391.0,unchanged
1273782,24021.0,9991.0,31810.0,,,,no_longer_flagged
1273811,,,,188477.0,12074.0,4964.0,newly_flagged
1273812,,,,188477.0,12074.0,4964.0,newly_flagged
1273813,,,,24888.0,12074.0,4964.0,newly_flagged
1273814,,,,24888.0,12074.0,4964.0,newly_flagged
1273831,24931.0,24888.0,23687.0,24931.0,12074.0,4964.0,recommendation_changed
1273850,10294.0,10241.0,50100.0,10294.0,10241.0,44409.0,unchanged
1273870,,,,376012.0,12683.0,34224.0,newly_flagged
1273887,23788.0,9643.0,52053.0,23788.0,9643.0,46170.0,unchanged
1273899,,,,24888.0,12074.0,4964.0,newly_flagged
1273900,12238.0,24888.0,23687.0,12238.0,12074.0,4964.0,recommendation_changed
1273901,,,,24888.0,12074.0,4964.0,newly_flagged
1273902,12238.0,24888.0,23687.0,12238.0,12074.0,4964.0,recommendation_changed
1273942,24011.0,10168.0,52368.0,24011.0,10168.0,46429.0,unchanged
1273955,4562.0,21621.0,33943.0,,,,no_longer_flagged
1273958,4562.0,21621.0,33943.0,,,,no_longer_flagged
1273967,8875.0,8996.0,52374.0,,,,no_longer_flagged
1273969,8875.0,8996.0,52374.0,,,,no_longer_flagged
1273988,,,,21621.0,4562.0,30877.0,newly_flagged
1273991,536224.0,536226.0,13666.0,536224.0,536225.0,14545.0,recommendation_changed
1273995,9949.0,9973.0,52378.0,9949.0,9973.0,46439.0,unchanged
1274001,9996.0,9973.0,52378.0,9996.0,9973.0,46439.0,unchanged
1274002,14402.0,14440.0,52380.0,14402.0,14440.0,46440.0,unchanged
1274032,,,,25122.0,25119.0,15885.0,newly_flagged
1274033,,,,25122.0,25119.0,15885.0,newly_flagged
1274034,,,,25122.0,25119.0,15885.0,newly_flagged
1274081,9643.0,9606.0,52259.0,9643.0,9606.0,46344.0,unchanged
1274087,24021.0,9991.0,31810.0,,,,no_longer_flagged
1274089,,,,23977.0,10179.0,29968.0,newly_flagged
1274091,9386.0,9367.0,52396.0,9386.0,9367.0,46450.0,unchanged
1274157,9982.0,9933.0,51732.0,9982.0,9933.0,45899.0,unchanged
1274231,12750.0,1238.0,14566.0,12750.0,20047.0,13559.0,recommendation_changed
1274233,12784.0,1238.0,14566.0,12784.0,20047.0,13559.0,recommendation_changed
1274234,218877.0,1238.0,14566.0,218877.0,20047.0,13559.0,recommendation_changed
1274248,4589.0,98527.0,31175.0,,,,no_longer_flagged
1274254,10050.0,10137.0,33809.0,10050.0,10137.0,30759.0,unchanged
1274267,,,,25274.0,12891.0,44456.0,newly_flagged
1274269,,,,25274.0,12891.0,44456.0,newly_flagged
1274279,25150.0,25068.0,52446.0,25150.0,12528.0,29960.0,recommendation_changed
1274285,12602.0,25068.0,52446.0,12602.0,12528.0,29960.0,recommendation_changed
1274286,12631.0,25068.0,52446.0,12631.0,12528.0,29960.0,recommendation_changed
1274342,,,,9890.0,9965.0,46498.0,newly_flagged
1274387,10344.0,24201.0,32533.0,10344.0,24201.0,29535.0,unchanged
1274436,25387.0,13343.0,12884.0,25387.0,13343.0,11966.0,unchanged
1274449,683.0,702.0,33536.0,,,,no_longer_flagged
1274450,,,,12734.0,25202.0,3915.0,newly_flagged
1274473,42204.0,42203.0,30273.0,42204.0,42203.0,27415.0,unchanged
1274508,20054.0,1318.0,17618.0,20054.0,1318.0,16378.0,unchanged
1274527,42204.0,42203.0,30273.0,42204.0,42203.0,27415.0,unchanged
1274531,42204.0,42203.0,30273.0,42204.0,42203.0,27415.0,unchanged
1274539,,,,24951.0,12359.0,11797.0,newly_flagged
1274553,1260.0,13194.0,24148.0,1260.0,13194.0,22305.0,unchanged
1274564,160960.0,7237.0,23756.0,,,,no_longer_flagged
1274565,26424.0,16386.0,24061.0,26424.0,16386.0,22226.0,unchanged
1274569,265599.0,31005.0,33262.0,265599.0,73897.0,30244.0,recommendation_changed
1275380,64283.0,18549.0,21913.0,64283.0,18549.0,20265.0,unchanged
1275386,13007.0,439438.0,19757.0,13007.0,439438.0,18318.0,unchanged
1275389,20025.0,439438.0,19757.0,20025.0,439438.0,18318.0,unchanged
1275390,390509.0,390508.0,4621.0,390509.0,390508.0,4305.0,unchanged
1275396,3551.0,3338.0,30858.0,3551.0,3338.0,27924.0,unchanged
1275616,12163.0,24945.0,30827.0,12163.0,24945.0,27893.0,unchanged
1275629,23470.0,9007.0,47440.0,23470.0,9007.0,42017.0,unchanged
1275631,8122.0,8090.0,23808.0,8122.0,8090.0,46106.0,unchanged
1275655,9578.0,9581.0,49196.0,9578.0,9581.0,43564.0,unchanged
1275698,23586.0,23595.0,33113.0,,,,no_longer_flagged
1275704,378668.0,23853.0,51126.0,378668.0,23853.0,45350.0,unchanged
1275712,224637.0,8273.0,50887.0,224637.0,8273.0,45131.0,unchanged
1275716,23856.0,23879.0,51533.0,23856.0,23879.0,45723.0,unchanged
1275736,55966.0,9862.0,31882.0,55966.0,9862.0,28905.0,unchanged
1275775,10179.0,9991.0,31810.0,,,,no_longer_flagged
1275787,23513.0,23512.0,5694.0,23513.0,23512.0,5345.0,unchanged
1275820,23306.0,23328.0,51044.0,23306.0,23328.0,45276.0,unchanged
1275831,23533.0,9104.0,49511.0,23533.0,9104.0,43877.0,unchanged
1275832,23637.0,127023.0,6445.0,23637.0,9396.0,46554.0,recommendation_changed
1275866,52446.0,9862.0,31882.0,52446.0,9862.0,28905.0,unchanged
1275868,23778.0,9618.0,48815.0,,,,no_longer_flagged
1275899,23947.0,9819.0,47000.0,23947.0,9819.0,41641.0,unchanged
1275907,,,,909.0,906.0,30006.0,newly_flagged
1275914,7984.0,331.0,52207.0,7984.0,331.0,46302.0,unchanged
1275919,,,,23946.0,23984.0,29528.0,newly_flagged
1275968,23562.0,9152.0,14533.0,,,,no_longer_flagged
1276005,21711.0,4936.0,30922.0,21711.0,4936.0,27987.0,unchanged
1276010,17719.0,26847.0,52534.0,17719.0,26847.0,46583.0,unchanged
1276011,26847.0,17719.0,52543.0,26847.0,17719.0,46591.0,unchanged
1276014,26951.0,17986.0,5303.0,26951.0,17986.0,4979.0,unchanged
1276039,6536.0,6512.0,52555.0,6536.0,6512.0,46602.0,unchanged
1276063,17719.0,26847.0,52534.0,17719.0,26847.0,46583.0,unchanged
1276080,4769.0,4768.0,10147.0,4769.0,4768.0,9391.0,unchanged
1276081,7422.0,7463.0,52570.0,7422.0,7463.0,46617.0,unchanged
1276134,22767.0,22823.0,28712.0,22767.0,22802.0,3883.0,recommendation_changed
1276136,7388.0,7366.0,33616.0,7388.0,7366.0,30576.0,unchanged
1276163,22697.0,22693.0,52595.0,22697.0,22693.0,46638.0,unchanged
1276164,7254.0,22693.0,52595.0,7254.0,22693.0,46638.0,unchanged
1276198,22694.0,7249.0,52611.0,22694.0,7249.0,46650.0,unchanged
1276241,7299.0,7330.0,52625.0,7299.0,7330.0,46664.0,unchanged
1276247,7249.0,22673.0,52575.0,7249.0,22673.0,46621.0,unchanged
1276251,8141.0,8137.0,52630.0,8141.0,8137.0,46668.0,unchanged
1276253,,,,7954.0,7952.0,46669.0,newly_flagged
1276255,,,,7816.0,7750.0,46671.0,newly_flagged
1276306,14917.0,14960.0,51760.0,14917.0,14960.0,45926.0,unchanged
1276322,,,,17961.0,4949.0,46696.0,newly_flagged
1276330,7811.0,7806.0,52665.0,,,,no_longer_flagged
1276331,7811.0,7806.0,52665.0,,,,no_longer_flagged
1276368,14270.0,2409.0,52676.0,14270.0,2409.0,46713.0,unchanged
1276390,21657.0,4753.0,16088.0,,,,no_longer_flagged
1276392,21657.0,4753.0,16088.0,,,,no_longer_flagged
1276418,,,,25110.0,25166.0,46729.0,newly_flagged
1276431,4769.0,4768.0,10147.0,4769.0,4768.0,9391.0,unchanged
1276447,17155.0,17151.0,32803.0,17155.0,17151.0,29798.0,unchanged
1276449,17155.0,17151.0,32803.0,17155.0,17151.0,29798.0,unchanged
1276450,17155.0,17151.0,32803.0,17155.0,17151.0,29798.0,unchanged
1276467,25982.0,15004.0,49218.0,25982.0,15004.0,43586.0,unchanged
1276470,93728.0,93727.0,34009.0,93728.0,93727.0,30938.0,unchanged
1276485,25552.0,20323.0,51598.0,25552.0,20323.0,45786.0,unchanged
1276486,13812.0,20323.0,51598.0,13812.0,20323.0,45786.0,unchanged
1276488,,,,25552.0,13812.0,29753.0,newly_flagged
1276496,13930.0,13965.0,24881.0,13930.0,13965.0,22908.0,unchanged
1276504,251847.0,2839.0,41770.0,251847.0,2839.0,37118.0,unchanged
1276505,7235.0,22664.0,49953.0,7235.0,22664.0,44278.0,unchanged
1276514,15026.0,15004.0,49218.0,15026.0,15004.0,43586.0,unchanged
1276517,15026.0,15004.0,49218.0,15026.0,15004.0,43586.0,unchanged
1276519,15026.0,15004.0,49218.0,15026.0,15004.0,43586.0,unchanged
1276521,25921.0,25905.0,52720.0,25921.0,25905.0,46751.0,unchanged
1276529,14722.0,14755.0,31611.0,14722.0,14755.0,28644.0,unchanged
1276599,20518.0,20537.0,52745.0,20518.0,20537.0,46773.0,unchanged
1276600,20518.0,20537.0,52745.0,20518.0,20537.0,46773.0,unchanged
1276621,13795.0,20323.0,51598.0,13795.0,20323.0,45786.0,unchanged
1276624,25530.0,13783.0,52751.0,25530.0,13783.0,46778.0,unchanged
1276637,,,,25530.0,20323.0,45786.0,newly_flagged
1276650,17834.0,26897.0,52760.0,17834.0,26897.0,46786.0,unchanged
1276693,7668.0,7619.0,52563.0,7668.0,7632.0,46803.0,recommendation_changed
1276694,7632.0,7619.0,52563.0,,,,no_longer_flagged
1276696,7632.0,7598.0,52784.0,7632.0,7598.0,46804.0,unchanged
1276714,27025.0,27023.0,33760.0,27025.0,27023.0,30685.0,unchanged
1276715,27025.0,27023.0,33760.0,27025.0,27023.0,30685.0,unchanged
1276721,8030.0,8010.0,52793.0,,,,no_longer_flagged
1276723,,,,8010.0,8030.0,46813.0,newly_flagged
1276726,82.0,22670.0,33440.0,82.0,22670.0,30413.0,unchanged
1276727,6999.0,6997.0,32630.0,,,,no_longer_flagged
1276733,,,,17834.0,17879.0,46793.0,newly_flagged
1276736,,,,17834.0,17879.0,46793.0,newly_flagged
1276769,26876.0,26899.0,52811.0,26876.0,26899.0,46826.0,unchanged
1276772,26876.0,26899.0,52811.0,26876.0,26899.0,46826.0,unchanged
1276773,15258.0,15199.0,23775.0,15258.0,15199.0,21958.0,unchanged
1276774,383597.0,15199.0,23775.0,383597.0,15199.0,21958.0,unchanged
1276775,154565.0,3017.0,52813.0,154565.0,15199.0,21958.0,recommendation_changed
1276776,,,,2929.0,15199.0,21958.0,newly_flagged
1276795,,,,3844.0,53416.0,27722.0,newly_flagged
1276796,3871.0,3844.0,30636.0,3871.0,53416.0,27722.0,recommendation_changed
1276813,415453.0,1743.0,33437.0,415453.0,1743.0,30410.0,unchanged
1276814,20243.0,1743.0,33437.0,20243.0,1743.0,30410.0,unchanged
1276821,26637.0,17068.0,52838.0,26637.0,17068.0,46849.0,unchanged
1276877,17666.0,17668.0,52860.0,17666.0,17648.0,46865.0,recommendation_changed
1276878,17648.0,17668.0,52860.0,,,,no_longer_flagged
1276879,17648.0,17668.0,52860.0,,,,no_longer_flagged
1276880,17652.0,17668.0,52860.0,17652.0,17648.0,46865.0,recommendation_changed
1276888,192007.0,2081.0,52863.0,192007.0,2081.0,46868.0,unchanged
1276895,20422.0,20408.0,52870.0,20422.0,20408.0,46875.0,unchanged
1276921,,,,17721.0,26838.0,46880.0,newly_flagged
1276924,17712.0,17668.0,52860.0,17712.0,26838.0,46880.0,recommendation_changed
1276941,20314.0,20328.0,50183.0,20314.0,20328.0,44483.0,unchanged
1276944,20314.0,20328.0,50183.0,20314.0,20328.0,44483.0,unchanged
1276949,3623.0,73897.0,50184.0,3623.0,73897.0,30244.0,unchanged
1276950,3573.0,73897.0,50184.0,3573.0,73897.0,30244.0,unchanged
1276951,15707.0,73897.0,50184.0,15707.0,73897.0,30244.0,unchanged
1276952,3573.0,31005.0,33262.0,3573.0,73897.0,30244.0,recommendation_changed
1276966,169597.0,73897.0,50184.0,169597.0,73897.0,30244.0,unchanged
1276967,,,,3696.0,53416.0,27722.0,newly_flagged
1276974,283842.0,154239.0,5294.0,283842.0,154239.0,4970.0,unchanged
1276977,21480.0,3830.0,31707.0,21480.0,3830.0,28740.0,unchanged
1276978,,,,3714.0,53416.0,27722.0,newly_flagged
1276979,,,,3830.0,3728.0,21805.0,newly_flagged
1276990,,,,94050.0,98204.0,26015.0,newly_flagged
1276997,21480.0,3756.0,52899.0,21480.0,3756.0,46901.0,unchanged
1276998,,,,3775.0,3756.0,46901.0,newly_flagged
1277000,3794.0,3714.0,52893.0,3794.0,53416.0,27722.0,recommendation_changed
1277021,312315.0,110073.0,5625.0,312315.0,110073.0,5279.0,unchanged
1277036,25687.0,14310.0,51875.0,25687.0,14310.0,46025.0,unchanged
1277046,,,,365403.0,365412.0,555.0,newly_flagged
1277049,25667.0,25668.0,33810.0,25667.0,25668.0,30760.0,unchanged
1277050,25667.0,25668.0,33810.0,25667.0,25668.0,30760.0,unchanged
1277051,25667.0,25668.0,33810.0,25667.0,25668.0,30760.0,unchanged
1277060,10200.0,10132.0,4476.0,10200.0,10132.0,4162.0,unchanged
1277101,25680.0,14281.0,14414.0,25680.0,14281.0,13412.0,unchanged
1277102,25680.0,14281.0,14414.0,25680.0,14281.0,13412.0,unchanged
1277125,,,,23872.0,9829.0,46191.0,newly_flagged
1277126,,,,23872.0,9829.0,46191.0,newly_flagged
1277127,,,,23872.0,9829.0,46191.0,newly_flagged
1277198,4572.0,4597.0,33997.0,4572.0,4597.0,30927.0,unchanged
1277213,2133.0,20441.0,52938.0,2133.0,20441.0,46938.0,unchanged
1277217,17183.0,4682.0,52957.0,17183.0,4682.0,46956.0,unchanged
1277218,17183.0,4682.0,52957.0,17183.0,4682.0,46956.0,unchanged
1277220,17204.0,4682.0,52957.0,17204.0,4682.0,46956.0,unchanged
1277226,79004.0,93724.0,52965.0,79004.0,93724.0,46963.0,unchanged
1277241,22552.0,93723.0,52964.0,22552.0,93723.0,46962.0,unchanged
1277266,8095.0,8069.0,52975.0,8095.0,8069.0,46972.0,unchanged
1277286,16359.0,26401.0,47282.0,16359.0,26401.0,41870.0,unchanged
1277300,9143.0,23508.0,17117.0,9143.0,23508.0,15886.0,unchanged
1277315,4808.0,4809.0,5242.0,4808.0,4809.0,4918.0,unchanged
1277317,,,,4983.0,405675.0,3564.0,newly_flagged
1277320,4808.0,4809.0,5242.0,4808.0,4809.0,4918.0,unchanged
1277325,1785.0,1820.0,24897.0,1785.0,1820.0,22922.0,unchanged
1277348,6437.0,6429.0,53002.0,6437.0,6429.0,46997.0,unchanged
1277351,21657.0,4753.0,16088.0,,,,no_longer_flagged
1277355,20480.0,20503.0,52997.0,20480.0,20503.0,46992.0,unchanged
1277364,8346.0,8273.0,50887.0,8346.0,8273.0,45131.0,unchanged
1277386,,,,3815.0,53416.0,27722.0,newly_flagged
1277387,3797.0,3794.0,53017.0,3797.0,3794.0,47009.0,unchanged
1277417,,,,14671.0,14563.0,43525.0,newly_flagged
1277418,25782.0,25805.0,53025.0,25782.0,25805.0,47017.0,unchanged
1277419,14641.0,14671.0,49157.0,14641.0,14563.0,43525.0,recommendation_changed
1277420,,,,14671.0,14563.0,43525.0,newly_flagged
1277471,9400.0,9365.0,51734.0,9400.0,9365.0,45901.0,unchanged
1277477,9265.0,9288.0,51738.0,9265.0,9288.0,45905.0,unchanged
1277479,9265.0,9288.0,51738.0,9265.0,9288.0,45905.0,unchanged
1277480,9265.0,9288.0,51738.0,9265.0,9288.0,45905.0,unchanged
1277533,21623.0,4580.0,7172.0,21623.0,4580.0,6723.0,unchanged
1277534,21623.0,17061.0,5854.0,21623.0,17061.0,5505.0,unchanged
1277555,4808.0,4809.0,5242.0,4808.0,4809.0,4918.0,unchanged
1277593,4770.0,4753.0,16088.0,,,,no_longer_flagged
1277595,4770.0,4753.0,16088.0,,,,no_longer_flagged
1277596,4770.0,4753.0,16088.0,,,,no_longer_flagged
1277636,1785.0,20265.0,51560.0,1785.0,20265.0,45756.0,unchanged
1277662,21213.0,3183.0,31010.0,21213.0,3183.0,28072.0,unchanged
1277664,82204.0,3183.0,31010.0,82204.0,3183.0,28072.0,unchanged
1277707,14518.0,14489.0,53083.0,14518.0,14489.0,47081.0,unchanged
1277807,,,,536893.0,536892.0,8287.0,newly_flagged
1277911,530652.0,530651.0,33861.0,530652.0,530651.0,30809.0,unchanged
1277925,20388.0,2033.0,9397.0,20388.0,2033.0,8751.0,unchanged
1277929,17058.0,17073.0,52373.0,17058.0,17073.0,46434.0,unchanged
1277930,17058.0,17073.0,52373.0,17058.0,17073.0,46434.0,unchanged
1277931,17058.0,17073.0,52373.0,17058.0,17073.0,46434.0,unchanged
1277932,17058.0,17073.0,52373.0,17058.0,17073.0,46434.0,unchanged
1277959,14089.0,25625.0,52151.0,14089.0,25625.0,46247.0,unchanged
1277960,14089.0,25625.0,52151.0,14089.0,25625.0,46247.0,unchanged
1278025,7930.0,7977.0,30593.0,7930.0,7977.0,27680.0,unchanged
1278028,7930.0,7977.0,30593.0,7930.0,7977.0,27680.0,unchanged
1278039,14965.0,25947.0,53141.0,14965.0,25947.0,47135.0,unchanged
1278045,20317.0,20315.0,53142.0,20317.0,20315.0,47136.0,unchanged
1278058,25969.0,25982.0,52671.0,25969.0,25982.0,46708.0,unchanged
1278062,2112.0,152955.0,53145.0,2112.0,152955.0,47138.0,unchanged
1278064,,,,2112.0,2085.0,47068.0,newly_flagged
1278071,20376.0,20371.0,32843.0,20376.0,20371.0,29834.0,unchanged
1278077,3623.0,73897.0,50184.0,3623.0,73897.0,30244.0,unchanged
1278086,151035.0,2063.0,53155.0,151035.0,2063.0,47143.0,unchanged
1278087,2190.0,2063.0,53155.0,2190.0,2063.0,47143.0,unchanged
1278097,6916.0,6883.0,53161.0,6916.0,6883.0,47148.0,unchanged
1278130,21599.0,21595.0,53178.0,21599.0,21595.0,45947.0,unchanged
1278177,4503.0,4519.0,53191.0,4503.0,4519.0,47173.0,unchanged
1278182,4498.0,4503.0,53177.0,4498.0,4503.0,47161.0,unchanged
1278200,9119.0,23532.0,51754.0,9119.0,23532.0,45920.0,unchanged
1278201,9923.0,9779.0,48976.0,,,,no_longer_flagged
1278206,9180.0,9119.0,51722.0,9180.0,9119.0,45888.0,unchanged
1278212,9939.0,9970.0,50647.0,9939.0,9970.0,44916.0,unchanged
1278214,9775.0,9721.0,52169.0,9775.0,9721.0,46263.0,unchanged
1278215,9939.0,9970.0,50647.0,9939.0,9970.0,44916.0,unchanged
1278216,9909.0,9868.0,52170.0,9909.0,9970.0,44916.0,recommendation_changed
1278249,9545.0,9631.0,30712.0,9545.0,9631.0,27791.0,unchanged
1278250,9545.0,9631.0,30712.0,9545.0,9631.0,27791.0,unchanged
1278305,2033.0,207678.0,11511.0,2033.0,207678.0,10635.0,unchanged
1278306,2033.0,207678.0,11511.0,2033.0,207678.0,10635.0,unchanged
1278312,20531.0,20490.0,53222.0,20531.0,20490.0,47202.0,unchanged
1278317,,,,193.0,169.0,8055.0,newly_flagged
1278334,2321.0,2299.0,53232.0,2321.0,2299.0,47210.0,unchanged
1278351,,,,270078.0,53416.0,27722.0,newly_flagged
1278352,390590.0,3696.0,52887.0,390590.0,53416.0,27722.0,recommendation_changed
1278378,27057.0,27023.0,33760.0,27057.0,27023.0,30685.0,unchanged
1278381,27076.0,27065.0,33728.0,27076.0,27023.0,30685.0,recommendation_changed
1278382,27076.0,27065.0,33728.0,27076.0,27023.0,30685.0,recommendation_changed
1278383,,,,27065.0,27023.0,30685.0,newly_flagged
1278384,27076.0,27065.0,33728.0,27076.0,27023.0,30685.0,recommendation_changed
1278418,160.0,196.0,4405.0,160.0,196.0,29652.0,unchanged
1278425,,,,27065.0,27023.0,30685.0,newly_flagged
1278426,,,,27065.0,27023.0,30685.0,newly_flagged
1278428,,,,27065.0,27023.0,30685.0,newly_flagged
1278437,8095.0,8069.0,52975.0,8095.0,8069.0,46972.0,unchanged
1278438,8095.0,8069.0,52975.0,8095.0,8069.0,46972.0,unchanged
1278439,8095.0,8069.0,52975.0,8095.0,8069.0,46972.0,unchanged
1278442,27057.0,27023.0,33760.0,27057.0,27023.0,30685.0,unchanged
1278513,26629.0,17061.0,5854.0,26629.0,17061.0,5505.0,unchanged
1278514,26629.0,17061.0,5854.0,26629.0,17061.0,5505.0,unchanged
1278517,17117.0,17061.0,5854.0,17117.0,17061.0,5505.0,unchanged
1278518,17102.0,17061.0,53277.0,,,,no_longer_flagged
1278534,17102.0,17061.0,53277.0,,,,no_longer_flagged
1278536,17102.0,17061.0,53277.0,,,,no_longer_flagged
1278542,,,,344301.0,335676.0,4968.0,newly_flagged
1278549,26629.0,17061.0,5854.0,26629.0,17061.0,5505.0,unchanged
1278550,26629.0,17061.0,5854.0,26629.0,17061.0,5505.0,unchanged
1278561,,,,17061.0,17102.0,47249.0,newly_flagged
1278563,,,,17061.0,17102.0,47249.0,newly_flagged
1278564,,,,17061.0,17102.0,47249.0,newly_flagged
1278565,17117.0,17061.0,5854.0,17117.0,17061.0,5505.0,unchanged
1278566,17117.0,17061.0,5854.0,17117.0,17061.0,5505.0,unchanged
1278567,17117.0,17061.0,5854.0,17117.0,17061.0,5505.0,unchanged
1278568,17117.0,17061.0,5854.0,17117.0,17061.0,5505.0,unchanged
1278598,3551.0,3338.0,30858.0,3551.0,3338.0,27924.0,unchanged
1278601,17096.0,17061.0,5854.0,17096.0,17061.0,5505.0,unchanged
1278602,17096.0,17061.0,5854.0,17096.0,17061.0,5505.0,unchanged
1278604,17096.0,17061.0,5854.0,17096.0,17061.0,5505.0,unchanged
1278611,,,,102690.0,108.0,47273.0,newly_flagged
1278617,15499.0,3338.0,30858.0,15499.0,3338.0,27924.0,unchanged
1278618,15499.0,3338.0,30858.0,15499.0,3338.0,27924.0,unchanged
1278620,196477.0,3338.0,30858.0,196477.0,3338.0,27924.0,unchanged
1278622,,,,21711.0,4936.0,27987.0,newly_flagged
1278656,,16010.0,20989.0,,16010.0,19374.0,unchanged
1278670,,,,2211.0,2276.0,47288.0,newly_flagged
1278674,2157.0,2200.0,34101.0,2157.0,2200.0,31019.0,unchanged
1278675,,,,2157.0,20451.0,47289.0,newly_flagged
1278726,26883.0,26899.0,52811.0,26883.0,26899.0,46826.0,unchanged
1278728,26883.0,26899.0,52811.0,26883.0,26899.0,46826.0,unchanged
1278737,,,,3017.0,15199.0,21958.0,newly_flagged
1278744,17151.0,26657.0,52967.0,17151.0,26657.0,46966.0,unchanged
1278757,4808.0,4809.0,5242.0,4808.0,4809.0,4918.0,unchanged
1278764,1914.0,85409.0,52187.0,1914.0,85409.0,46281.0,unchanged
1278790,536283.0,375710.0,53363.0,536283.0,375710.0,47312.0,unchanged
1278797,,,,7014.0,6925.0,44342.0,newly_flagged
1278799,,,,7014.0,6925.0,44342.0,newly_flagged
1278800,,,,7014.0,6925.0,44342.0,newly_flagged
1278829,7234.0,378638.0,4376.0,7234.0,378638.0,4059.0,unchanged
1278832,7234.0,378638.0,4376.0,7234.0,378638.0,4059.0,unchanged
1278845,7215.0,7213.0,53380.0,7215.0,7213.0,47328.0,unchanged
1278882,4790.0,186235.0,52817.0,,,,no_longer_flagged
1278883,4790.0,186235.0,52817.0,,,,no_longer_flagged
1278919,7649.0,7724.0,52033.0,7649.0,7724.0,46153.0,unchanged
1278920,,,,22795.0,7548.0,28109.0,newly_flagged
1278987,2486.0,2451.0,53403.0,2486.0,20624.0,2781.0,recommendation_changed
1279004,281918.0,20466.0,53407.0,281918.0,20466.0,47354.0,unchanged
1279005,,,,20466.0,20480.0,41153.0,newly_flagged
1279006,20480.0,153291.0,53004.0,20480.0,153291.0,46999.0,unchanged
1279007,,,,20466.0,20480.0,41153.0,newly_flagged
1279008,20480.0,153291.0,53004.0,20480.0,153291.0,46999.0,unchanged
1279027,20505.0,20515.0,51716.0,20505.0,20515.0,45883.0,unchanged
1279028,20505.0,20515.0,51716.0,20505.0,20515.0,45883.0,unchanged
1279042,255996.0,207678.0,53414.0,255996.0,207678.0,47358.0,unchanged
1279043,1945.0,207678.0,53414.0,1945.0,207678.0,47358.0,unchanged
1279046,152955.0,151038.0,53415.0,152955.0,151038.0,47359.0,unchanged
1279074,26671.0,4667.0,53421.0,26671.0,4667.0,47366.0,unchanged
1279081,14713.0,20742.0,32571.0,14713.0,20742.0,3558.0,unchanged
1279082,14713.0,20742.0,32571.0,14713.0,20742.0,3558.0,unchanged
1279088,142401.0,20742.0,32571.0,142401.0,20742.0,3558.0,unchanged
1279114,251845.0,2839.0,41770.0,251845.0,2839.0,37118.0,unchanged
1279115,279996.0,2839.0,41770.0,279996.0,2839.0,37118.0,unchanged
1279117,365291.0,2839.0,41770.0,365291.0,2839.0,37118.0,unchanged
1279118,116471.0,2839.0,41770.0,116471.0,2839.0,37118.0,unchanged
1279132,14967.0,2839.0,41770.0,14967.0,2839.0,37118.0,unchanged
1279203,4721.0,4676.0,53462.0,4721.0,4676.0,47403.0,unchanged
1279206,16361.0,16386.0,24061.0,,,,no_longer_flagged
1279226,7124.0,7142.0,33147.0,7124.0,7142.0,30135.0,unchanged
1279244,8344.0,8318.0,53471.0,8344.0,8318.0,47411.0,unchanged
1279251,,,,17961.0,4949.0,46696.0,newly_flagged
1279263,7339.0,7264.0,47200.0,7339.0,7322.0,46179.0,recommendation_changed
1279278,22705.0,7264.0,47200.0,22705.0,7322.0,46179.0,recommendation_changed
1279285,,,,4930.0,17750.0,6728.0,newly_flagged
1279298,330558.0,17465.0,53492.0,330558.0,17465.0,47430.0,unchanged
1279301,,,,26766.0,17497.0,36018.0,newly_flagged
1279314,7848.0,7977.0,30593.0,7848.0,7977.0,27680.0,unchanged
1279316,7848.0,7977.0,30593.0,7848.0,7977.0,27680.0,unchanged
1279337,150075.0,18264.0,14568.0,150075.0,18264.0,13561.0,unchanged
1279345,4159.0,4115.0,53508.0,4159.0,4115.0,47442.0,unchanged
1279349,21711.0,4936.0,30922.0,21711.0,4936.0,27987.0,unchanged
1279361,7362.0,7300.0,3595.0,7362.0,7300.0,3287.0,unchanged
1279363,7362.0,7300.0,3595.0,7362.0,7300.0,3287.0,unchanged
1279364,7362.0,7300.0,3595.0,7362.0,7300.0,3287.0,unchanged
1279371,21546.0,4282.0,47237.0,,,,no_longer_flagged
1279375,21544.0,4183.0,53521.0,21544.0,4183.0,47453.0,unchanged
1279377,4181.0,4183.0,53521.0,4181.0,4183.0,47453.0,unchanged
1279379,4181.0,4183.0,53521.0,4181.0,4183.0,47453.0,unchanged
1279385,,,,4905.0,17750.0,6728.0,newly_flagged
1279391,107499.0,4864.0,53530.0,107499.0,4864.0,47459.0,unchanged
1279401,4118.0,4115.0,53508.0,4118.0,4115.0,47442.0,unchanged
1279427,24767.0,24760.0,40023.0,24767.0,24760.0,35692.0,unchanged
1279437,17511.0,26750.0,40400.0,17511.0,17497.0,36018.0,recommendation_changed
1279438,17475.0,17478.0,53549.0,17475.0,17478.0,47477.0,unchanged
1279439,26764.0,17478.0,53549.0,26764.0,17478.0,47477.0,unchanged
1279486,26754.0,26750.0,40400.0,26754.0,17497.0,36018.0,recommendation_changed
1279487,,,,26750.0,17497.0,36018.0,newly_flagged
1279488,,,,246718.0,17497.0,36018.0,newly_flagged
1279507,,,,26765.0,17535.0,41860.0,newly_flagged
1279541,17800.0,17790.0,53576.0,17800.0,17790.0,47508.0,unchanged
1279549,17795.0,17720.0,46049.0,17795.0,17720.0,40930.0,unchanged
1279550,17746.0,17720.0,46049.0,17746.0,17720.0,40930.0,unchanged
1279551,17746.0,17720.0,46049.0,17746.0,17720.0,40930.0,unchanged
1279552,17746.0,17720.0,46049.0,17746.0,17720.0,40930.0,unchanged
1279565,6707.0,6776.0,43758.0,6707.0,6776.0,38878.0,unchanged
1279567,6707.0,6776.0,43758.0,6707.0,6776.0,38878.0,unchanged
1279581,7661.0,7686.0,53589.0,,,,no_longer_flagged
1279621,17299.0,4651.0,30131.0,17299.0,4651.0,27284.0,unchanged
1279622,17299.0,4651.0,30131.0,17299.0,4651.0,27284.0,unchanged
1279629,16539.0,16542.0,53604.0,16539.0,16542.0,47538.0,unchanged
1279638,27305.0,19237.0,53608.0,27305.0,19237.0,47542.0,unchanged
1279649,7455.0,7452.0,53612.0,7455.0,7452.0,47546.0,unchanged
1279650,19746.0,64.0,53613.0,19746.0,64.0,47547.0,unchanged
1279652,,,,6978.0,22436.0,47549.0,newly_flagged
1279703,322880.0,21574.0,26399.0,322880.0,21574.0,24067.0,unchanged
1279761,79005.0,79004.0,33803.0,79005.0,79004.0,30753.0,unchanged
1279763,79005.0,79004.0,33803.0,79005.0,79004.0,30753.0,unchanged
1279775,322880.0,21574.0,26399.0,322880.0,21574.0,24067.0,unchanged
1279777,7520.0,22784.0,49154.0,7520.0,22784.0,43522.0,unchanged
1279789,79006.0,79004.0,33803.0,79006.0,79004.0,30753.0,unchanged
1279790,79006.0,79004.0,33803.0,79006.0,79004.0,30753.0,unchanged
1279791,79006.0,79004.0,33803.0,79006.0,79004.0,30753.0,unchanged
1279792,79006.0,79004.0,33803.0,79006.0,79004.0,30753.0,unchanged
1279841,16359.0,16386.0,24061.0,16359.0,16386.0,22226.0,unchanged
1279844,16359.0,16386.0,24061.0,16359.0,16386.0,22226.0,unchanged
1279846,4276.0,4337.0,53669.0,4276.0,4337.0,43457.0,unchanged
1279848,4276.0,4337.0,53669.0,4276.0,4337.0,43457.0,unchanged
1279849,22694.0,7249.0,52611.0,,,,no_longer_flagged
1279860,18632.0,18589.0,53671.0,,,,no_longer_flagged
1279919,3729.0,3696.0,52887.0,3729.0,53416.0,27722.0,recommendation_changed
1279921,14598.0,14489.0,53083.0,14598.0,14489.0,47081.0,unchanged
1279922,14563.0,14671.0,49157.0,,,,no_longer_flagged
1279923,14563.0,14671.0,49157.0,,,,no_longer_flagged
1279924,14563.0,14671.0,49157.0,,,,no_longer_flagged
1279945,1920.0,323835.0,52317.0,1920.0,323835.0,46388.0,unchanged
1279953,,,,13925.0,13895.0,47622.0,newly_flagged
1279973,14641.0,14671.0,49157.0,14641.0,14563.0,43525.0,recommendation_changed
1279985,13978.0,13968.0,52711.0,13978.0,13968.0,46741.0,unchanged
1279986,13978.0,13968.0,52711.0,13978.0,13968.0,46741.0,unchanged
1279987,13978.0,13968.0,52711.0,13978.0,13968.0,46741.0,unchanged
1279988,13978.0,13968.0,52711.0,13978.0,13968.0,46741.0,unchanged
1279989,,,,14001.0,13978.0,47624.0,newly_flagged
1279990,14001.0,13978.0,53712.0,14001.0,13978.0,47624.0,unchanged
1279991,14001.0,13978.0,53712.0,14001.0,13978.0,47624.0,unchanged
1279992,14001.0,13978.0,53712.0,14001.0,13978.0,47624.0,unchanged
1279993,20595.0,2430.0,53720.0,20595.0,2430.0,47631.0,unchanged
1280002,13925.0,13970.0,15284.0,13925.0,13970.0,14194.0,unchanged
1280007,,,,91806.0,2038.0,47633.0,newly_flagged
1280049,8298.0,8343.0,32042.0,,,,no_longer_flagged
1280051,8298.0,8343.0,32042.0,,,,no_longer_flagged
1280052,8298.0,8343.0,32042.0,,,,no_longer_flagged
1280057,4360.0,4337.0,53669.0,4360.0,4337.0,43457.0,unchanged
1280060,4360.0,4337.0,53669.0,4360.0,4337.0,43457.0,unchanged
1280090,4275.0,4313.0,32872.0,4275.0,4313.0,29862.0,unchanged
1280091,4275.0,4313.0,32872.0,4275.0,4313.0,29862.0,unchanged
1280110,,,,135660.0,4885.0,46599.0,newly_flagged
1280134,18300.0,18322.0,53751.0,18300.0,18322.0,47659.0,unchanged
1280135,18300.0,18322.0,53751.0,18300.0,18322.0,47659.0,unchanged
1280138,4577.0,21619.0,4071.0,4577.0,21619.0,3755.0,unchanged
1280164,376209.0,4638.0,53593.0,376209.0,4638.0,47526.0,unchanged
1280167,4909.0,4912.0,33420.0,4909.0,4912.0,30393.0,unchanged
1280173,80603.0,21618.0,53763.0,,,,no_longer_flagged
1280178,18107.0,18072.0,53766.0,18107.0,18072.0,47673.0,unchanged
1280184,4635.0,26630.0,53759.0,4635.0,26630.0,47665.0,unchanged
1280198,26424.0,16386.0,24061.0,26424.0,16386.0,22226.0,unchanged
1280202,4548.0,229442.0,31203.0,,,,no_longer_flagged
1280203,22941.0,7949.0,53770.0,22941.0,7949.0,47677.0,unchanged
1280209,9057.0,9119.0,51722.0,9057.0,9119.0,45888.0,unchanged
1280252,8611.0,8549.0,30874.0,8611.0,8549.0,27940.0,unchanged
1280257,4678.0,4680.0,50961.0,4678.0,4680.0,45204.0,unchanged
1280285,22266.0,6349.0,31979.0,22266.0,6349.0,28996.0,unchanged
1280286,22266.0,6349.0,31979.0,22266.0,6349.0,28996.0,unchanged
1280296,4553.0,21604.0,34277.0,4553.0,21604.0,31186.0,unchanged
1280301,20548.0,20581.0,51858.0,20548.0,20581.0,46008.0,unchanged
1280306,,,,2451.0,20624.0,2781.0,newly_flagged
1280307,,,,2451.0,20624.0,2781.0,newly_flagged
1280308,,,,2451.0,20624.0,2781.0,newly_flagged
1280310,20548.0,20581.0,51858.0,20548.0,20581.0,46008.0,unchanged
1280319,2420.0,2451.0,53403.0,2420.0,20624.0,2781.0,recommendation_changed
1280346,,,,20349.0,1943.0,45777.0,newly_flagged
1280368,2269.0,14093.0,52160.0,2269.0,14093.0,46255.0,unchanged
1280382,,,,536369.0,536374.0,10532.0,newly_flagged
1280416,8761.0,8831.0,53835.0,8761.0,8831.0,47725.0,unchanged
1280430,4957.0,4963.0,53840.0,4957.0,4963.0,47730.0,unchanged
1280446,,,,7974.0,22954.0,47740.0,newly_flagged
1280448,,,,7974.0,22954.0,47740.0,newly_flagged
1280456,4136.0,4115.0,53508.0,4136.0,4115.0,47442.0,unchanged
1280475,19736.0,6569.0,33989.0,19736.0,6569.0,28359.0,unchanged
1280481,26650.0,21629.0,53571.0,26650.0,21629.0,47503.0,unchanged
1280498,23103.0,8343.0,32042.0,,,,no_longer_flagged
1280500,23103.0,8343.0,32042.0,,,,no_longer_flagged
1280504,7397.0,7386.0,53877.0,7397.0,7386.0,47770.0,unchanged
1280509,7865.0,7867.0,31053.0,7865.0,7867.0,28107.0,unchanged
1280511,8066.0,8108.0,30936.0,8066.0,8108.0,27999.0,unchanged
1280517,22951.0,8019.0,53882.0,22951.0,8019.0,47775.0,unchanged
1280518,,,,7298.0,7272.0,47776.0,newly_flagged
1280519,7326.0,7298.0,53883.0,7326.0,7272.0,47776.0,recommendation_changed
1280520,,,,7298.0,7272.0,47776.0,newly_flagged
1280531,22773.0,22788.0,53891.0,22773.0,22788.0,47783.0,unchanged
1280533,7731.0,7645.0,24131.0,7731.0,7549.0,22290.0,recommendation_changed
1280554,7401.0,7392.0,53895.0,7401.0,7392.0,47787.0,unchanged
1280606,,,,91806.0,1997.0,46277.0,newly_flagged
1280638,7364.0,22716.0,53911.0,7364.0,22716.0,47800.0,unchanged
1280678,26664.0,17130.0,53916.0,26664.0,17130.0,47805.0,unchanged
1280679,26661.0,17130.0,53916.0,26661.0,17130.0,47805.0,unchanged
1280686,,,,26645.0,26619.0,26108.0,newly_flagged
1280687,,,,26645.0,26619.0,26108.0,newly_flagged
1280714,10991.0,10968.0,53923.0,10991.0,10968.0,47810.0,unchanged
1280751,17155.0,17151.0,32803.0,17155.0,17151.0,29798.0,unchanged
1280788,,,,22965.0,7955.0,47821.0,newly_flagged
1280808,7358.0,22738.0,53892.0,7358.0,7300.0,3287.0,recommendation_changed
1280811,365408.0,365403.0,612.0,365408.0,365412.0,555.0,recommendation_changed
1280819,22686.0,7208.0,53354.0,22686.0,7366.0,30576.0,recommendation_changed
1280849,19.0,14.0,53861.0,19.0,14.0,47753.0,unchanged
1280853,51163.0,6428.0,14466.0,51163.0,6428.0,13460.0,unchanged
1280874,4548.0,229442.0,31203.0,,,,no_longer_flagged
1280876,4548.0,229442.0,31203.0,,,,no_longer_flagged
1280917,21312.0,3338.0,30858.0,21312.0,3338.0,27924.0,unchanged
1280918,161276.0,3338.0,30858.0,161276.0,3338.0,27924.0,unchanged
1280919,21331.0,3338.0,30858.0,21331.0,3338.0,27924.0,unchanged
1280920,21331.0,3338.0,30858.0,21331.0,3338.0,27924.0,unchanged
1280928,145.0,196.0,4405.0,,,,no_longer_flagged
1280967,25782.0,25805.0,53025.0,25782.0,25805.0,47017.0,unchanged
1280972,,428.0,713.0,,428.0,638.0,unchanged
1280974,30696.0,30685.0,512.0,30696.0,30685.0,468.0,unchanged
1280975,530.0,529.0,782.0,530.0,529.0,706.0,unchanged
1280976,,,,383627.0,282.0,388.0,newly_flagged
1280977,18426.0,18423.0,5433.0,18426.0,18423.0,5089.0,unchanged
1280979,18426.0,18423.0,5433.0,18426.0,18423.0,5089.0,unchanged
1280982,18370.0,18277.0,16692.0,18370.0,18303.0,15464.0,recommendation_changed
1280987,21685.0,26750.0,40400.0,21685.0,17497.0,36018.0,recommendation_changed
1280998,18402.0,18451.0,22868.0,18402.0,18451.0,19979.0,unchanged
1280999,18402.0,18451.0,22868.0,18402.0,18451.0,19979.0,unchanged
1281007,26761.0,26750.0,40400.0,26761.0,17497.0,36018.0,recommendation_changed
1281053,,,,26766.0,17497.0,36018.0,newly_flagged
1281054,,,,26766.0,17497.0,36018.0,newly_flagged
1281055,26761.0,26750.0,40400.0,26761.0,17497.0,36018.0,recommendation_changed
1281056,,,,4845.0,26796.0,4969.0,newly_flagged
1281063,63015.0,17756.0,53996.0,63015.0,17756.0,47881.0,unchanged
1281103,15043.0,15049.0,52719.0,15043.0,15049.0,46750.0,unchanged
1281108,4562.0,21621.0,33943.0,,,,no_longer_flagged
1281114,15004.0,25966.0,17918.0,15004.0,25966.0,16677.0,unchanged
1281144,10785.0,10875.0,31402.0,10785.0,10875.0,28447.0,unchanged
1281151,25969.0,14965.0,53135.0,25969.0,14965.0,47128.0,unchanged
1281156,,,,91806.0,2038.0,47633.0,newly_flagged
1281162,18036.0,18052.0,52546.0,18036.0,18052.0,46594.0,unchanged
1281165,27027.0,18052.0,52546.0,,,,no_longer_flagged
1281166,27027.0,18052.0,52546.0,,,,no_longer_flagged
1281167,27027.0,18052.0,52546.0,,,,no_longer_flagged
1281168,27027.0,18052.0,52546.0,,,,no_longer_flagged
1281215,17812.0,17825.0,54045.0,17812.0,17825.0,47925.0,unchanged
1281227,26882.0,17800.0,53577.0,26882.0,17800.0,47509.0,unchanged
1281233,4943.0,4940.0,50111.0,4943.0,4940.0,44418.0,unchanged
1281241,4926.0,4915.0,54058.0,4926.0,4915.0,47936.0,unchanged
1281266,4922.0,21713.0,32773.0,4922.0,21713.0,29768.0,unchanged
1281287,,,,17895.0,21707.0,26096.0,newly_flagged
1281304,7954.0,7952.0,52798.0,7954.0,7952.0,46669.0,unchanged
1281305,7632.0,7619.0,52563.0,,,,no_longer_flagged
1281343,17834.0,26897.0,52760.0,17834.0,26897.0,46786.0,unchanged
1281353,26820.0,17668.0,52860.0,,,,no_longer_flagged
1281354,,,,17683.0,26820.0,47965.0,newly_flagged
1281358,26867.0,26899.0,52811.0,,,,no_longer_flagged
1281359,17666.0,17668.0,52860.0,17666.0,17648.0,46865.0,recommendation_changed
1281360,26832.0,17668.0,52860.0,26832.0,17664.0,47970.0,recommendation_changed
1281361,26895.0,26885.0,54095.0,26895.0,26885.0,47971.0,unchanged
1281372,26820.0,17668.0,52860.0,,,,no_longer_flagged
1281373,17623.0,17668.0,52860.0,,,,no_longer_flagged
1281377,,,,123186.0,98204.0,26015.0,newly_flagged
1281380,98203.0,98204.0,28785.0,98203.0,98204.0,26015.0,unchanged
1281402,26867.0,26899.0,52811.0,,,,no_longer_flagged
1281405,26867.0,26899.0,52811.0,,,,no_longer_flagged
1281406,26867.0,26899.0,52811.0,,,,no_longer_flagged
1281415,26820.0,17668.0,52860.0,,,,no_longer_flagged
1281420,,,,244160.0,3494.0,47989.0,newly_flagged
1281422,3538.0,40603.0,12517.0,3538.0,40603.0,11592.0,unchanged
1281424,,,,384062.0,40603.0,11592.0,newly_flagged
1281426,18009.0,17986.0,5303.0,18009.0,17986.0,4979.0,unchanged
1281429,18010.0,17986.0,5303.0,18010.0,17986.0,4979.0,unchanged
1281431,18008.0,17986.0,5303.0,18008.0,17986.0,4979.0,unchanged
1281432,18010.0,17986.0,5303.0,18010.0,17986.0,4979.0,unchanged
1281470,19320.0,19293.0,46063.0,19320.0,19293.0,40944.0,unchanged
1281509,7376.0,7410.0,52066.0,7376.0,7410.0,46180.0,unchanged
1281511,7376.0,7394.0,52065.0,7376.0,7394.0,46178.0,unchanged
1281513,21716.0,487548.0,11515.0,21716.0,487548.0,10639.0,unchanged
1281515,390748.0,21749.0,54146.0,,,,no_longer_flagged
1281517,27327.0,19293.0,46063.0,,,,no_longer_flagged
1281518,19291.0,19293.0,46063.0,19291.0,19293.0,40944.0,unchanged
1281520,19291.0,19293.0,46063.0,19291.0,19293.0,40944.0,unchanged
1281522,18386.0,18423.0,5433.0,18386.0,18423.0,5089.0,unchanged
1281523,18407.0,18423.0,5433.0,18407.0,18423.0,5089.0,unchanged
1281525,18370.0,18277.0,16692.0,18370.0,18303.0,15464.0,recommendation_changed
1281583,535973.0,535974.0,23956.0,,,,no_longer_flagged
1281589,,,,530637.0,530638.0,9329.0,newly_flagged
1281594,6285.0,6274.0,32720.0,6285.0,6274.0,29715.0,unchanged
1281640,506648.0,506646.0,7314.0,506648.0,506646.0,6837.0,unchanged
1281653,7397.0,7386.0,53877.0,7397.0,7386.0,47770.0,unchanged
1281666,6371.0,6387.0,40417.0,6371.0,6365.0,13516.0,recommendation_changed
1281678,,,,21682.0,107500.0,25887.0,newly_flagged
1281679,,,,107499.0,107500.0,25887.0,newly_flagged
1281684,4979.0,27080.0,54190.0,4979.0,27080.0,43135.0,unchanged
1281694,,,,6694.0,22376.0,13485.0,newly_flagged
1281695,,,,6694.0,22376.0,13485.0,newly_flagged
1281696,6707.0,6776.0,43758.0,6707.0,6776.0,38878.0,unchanged
1281719,4275.0,4313.0,32872.0,4275.0,4313.0,29862.0,unchanged
1281720,4275.0,4313.0,32872.0,4275.0,4313.0,29862.0,unchanged
1281727,136329.0,19540.0,45886.0,136329.0,19540.0,40776.0,unchanged
1281728,97563.0,19540.0,45886.0,97563.0,19540.0,40776.0,unchanged
1281729,,,,74851.0,19540.0,40776.0,newly_flagged
1281730,97564.0,19540.0,45886.0,97564.0,19540.0,40776.0,unchanged
1281731,97563.0,19540.0,45886.0,97563.0,19540.0,40776.0,unchanged
1281732,105914.0,19540.0,45886.0,105914.0,19540.0,40776.0,unchanged
1281737,27322.0,19293.0,46063.0,27322.0,19293.0,40944.0,unchanged
1281738,27322.0,19293.0,46063.0,27322.0,19293.0,40944.0,unchanged
1281739,27322.0,19293.0,46063.0,27322.0,19293.0,40944.0,unchanged
1281740,27322.0,19293.0,46063.0,27322.0,19293.0,40944.0,unchanged
1281754,,,,27323.0,19293.0,40944.0,newly_flagged
1281755,27323.0,19293.0,46063.0,27323.0,19293.0,40944.0,unchanged
1281787,19541.0,19525.0,22593.0,19541.0,19525.0,20903.0,unchanged
1281820,21719.0,4959.0,53686.0,21719.0,4959.0,47604.0,unchanged
1281830,21661.0,17293.0,54236.0,21661.0,17293.0,48090.0,unchanged
1281909,16374.0,16386.0,24061.0,16374.0,16386.0,22226.0,unchanged
1281914,4104.0,4115.0,53508.0,,,,no_longer_flagged
1281918,4104.0,4115.0,53508.0,,,,no_longer_flagged
1281926,16415.0,16386.0,24061.0,16415.0,16386.0,22226.0,unchanged
1281928,16415.0,16386.0,24061.0,16415.0,16386.0,22226.0,unchanged
1281961,16750.0,16690.0,53670.0,16750.0,16690.0,47590.0,unchanged
1281962,16750.0,16690.0,53670.0,16750.0,16690.0,47590.0,unchanged
1281964,16750.0,16690.0,53670.0,16750.0,16690.0,47590.0,unchanged
1281981,16723.0,16688.0,33811.0,16723.0,16688.0,30761.0,unchanged
1281983,16723.0,16688.0,33811.0,16723.0,16688.0,30761.0,unchanged
1281989,,,,7546.0,7621.0,48123.0,newly_flagged
1281992,4275.0,4313.0,32872.0,4275.0,4313.0,29862.0,unchanged
1281993,7946.0,22946.0,54259.0,7946.0,22946.0,48110.0,unchanged
1281995,7946.0,22946.0,54259.0,7946.0,22946.0,48110.0,unchanged
1281996,7946.0,22946.0,54259.0,7946.0,22946.0,48110.0,unchanged
1281999,17014.0,26609.0,54276.0,17014.0,26609.0,47586.0,unchanged
1282001,16936.0,16952.0,32309.0,16936.0,16952.0,29321.0,unchanged
1282004,,,,16952.0,16936.0,48127.0,newly_flagged
1282017,4350.0,4337.0,53669.0,4350.0,4337.0,43457.0,unchanged
1282018,4350.0,4337.0,53669.0,4350.0,4337.0,43457.0,unchanged
1282019,4350.0,4337.0,53669.0,4350.0,4337.0,43457.0,unchanged
1282042,16738.0,16725.0,54283.0,16738.0,16725.0,48131.0,unchanged
1282045,391280.0,391282.0,1291.0,,,,no_longer_flagged
1282053,6836.0,6749.0,54290.0,6836.0,6749.0,48138.0,unchanged
1282054,6836.0,6749.0,54290.0,6836.0,6749.0,48138.0,unchanged
1282059,7316.0,7264.0,47200.0,7316.0,7264.0,41794.0,unchanged
1282060,7316.0,7264.0,47200.0,7316.0,7264.0,41794.0,unchanged
1282068,8418.0,8348.0,54296.0,8418.0,8348.0,48144.0,unchanged
1282095,6927.0,6749.0,54290.0,6927.0,6749.0,48138.0,unchanged
1282097,6863.0,6749.0,54290.0,6863.0,6749.0,48138.0,unchanged
1282098,6863.0,6749.0,54290.0,6863.0,6749.0,48138.0,unchanged
1282099,6863.0,6749.0,54290.0,6863.0,6749.0,48138.0,unchanged
1282100,6863.0,6749.0,54290.0,6863.0,6749.0,48138.0,unchanged
1282121,19466.0,19497.0,31776.0,19466.0,19497.0,28803.0,unchanged
1282128,17683.0,17668.0,52860.0,17683.0,26820.0,47965.0,recommendation_changed
1282150,,,,376812.0,99171.0,22141.0,newly_flagged
1282159,,,,3582.0,124779.0,21993.0,newly_flagged
1282162,21364.0,3535.0,54319.0,21364.0,3535.0,48164.0,unchanged
1282163,425035.0,376812.0,23972.0,425035.0,99171.0,22141.0,recommendation_changed
1282164,21361.0,3535.0,54319.0,21361.0,3535.0,48164.0,unchanged
1282197,21408.0,73897.0,50184.0,21408.0,73897.0,30244.0,unchanged
1282199,3623.0,73897.0,50184.0,3623.0,73897.0,30244.0,unchanged
1282205,15738.0,73897.0,50184.0,15738.0,73897.0,30244.0,unchanged
1282207,21408.0,73897.0,50184.0,21408.0,73897.0,30244.0,unchanged
1282208,15738.0,73897.0,50184.0,15738.0,73897.0,30244.0,unchanged
1282209,26775.0,17478.0,53549.0,26775.0,17478.0,47477.0,unchanged
1282212,26732.0,26750.0,40400.0,26732.0,17497.0,36018.0,recommendation_changed
1282214,17812.0,17825.0,54045.0,17812.0,17825.0,47925.0,unchanged
1282220,4678.0,4680.0,50961.0,4678.0,4680.0,45204.0,unchanged
1282225,,,,74851.0,19540.0,40776.0,newly_flagged
1282226,,,,74851.0,19540.0,40776.0,newly_flagged
1282227,,,,74851.0,19540.0,40776.0,newly_flagged
1282228,19512.0,19506.0,33264.0,19512.0,19506.0,30246.0,unchanged
1282239,4580.0,4594.0,52673.0,4580.0,4594.0,46710.0,unchanged
1282260,26665.0,26666.0,54351.0,26665.0,26666.0,48191.0,unchanged
1282268,19512.0,19506.0,33264.0,19512.0,19506.0,30246.0,unchanged
1282284,26665.0,26666.0,54351.0,26665.0,26666.0,48191.0,unchanged
1282297,19520.0,19524.0,53945.0,19520.0,19524.0,47831.0,unchanged
1282334,,,,7280.0,7294.0,47536.0,newly_flagged
1282336,,,,7280.0,7294.0,47536.0,newly_flagged
1282341,6558.0,22321.0,31285.0,,,,no_longer_flagged
1282342,6558.0,22321.0,31285.0,,,,no_longer_flagged
1282343,6558.0,22321.0,31285.0,,,,no_longer_flagged
1282344,6558.0,22321.0,31285.0,,,,no_longer_flagged
1282349,,,,136642.0,283540.0,48209.0,newly_flagged
1282353,,,,105913.0,27444.0,48051.0,newly_flagged
1282354,,,,105913.0,27444.0,48051.0,newly_flagged
1282363,,,,10378.0,449115.0,21980.0,newly_flagged
1282369,4225.0,4219.0,30917.0,4225.0,4219.0,27981.0,unchanged
1282372,4225.0,4219.0,30917.0,4225.0,4219.0,27981.0,unchanged
1282373,4224.0,4313.0,32872.0,4224.0,4313.0,29862.0,unchanged
1282374,4224.0,4313.0,32872.0,4224.0,4313.0,29862.0,unchanged
1282385,4219.0,4182.0,52573.0,4219.0,4182.0,46619.0,unchanged
1282393,4136.0,4115.0,53508.0,4136.0,4115.0,47442.0,unchanged
1282394,4159.0,4115.0,53508.0,4159.0,4115.0,47442.0,unchanged
1282396,4136.0,4115.0,53508.0,4136.0,4115.0,47442.0,unchanged
1282405,7730.0,7727.0,54386.0,7730.0,7727.0,48217.0,unchanged
1282416,4580.0,4594.0,52673.0,4580.0,4594.0,46710.0,unchanged
1282431,19312.0,19285.0,13080.0,19312.0,19285.0,12165.0,unchanged
1282432,19312.0,19285.0,13080.0,19312.0,19285.0,12165.0,unchanged
1282440,19312.0,19285.0,13080.0,19312.0,19285.0,12165.0,unchanged
1282451,19381.0,19380.0,54402.0,19381.0,19380.0,48232.0,unchanged
1282459,4503.0,4498.0,53189.0,4503.0,4498.0,47171.0,unchanged
1282469,19400.0,27349.0,54403.0,19400.0,19370.0,48233.0,recommendation_changed
1282472,,,,27349.0,19370.0,48233.0,newly_flagged
1282477,,,,27349.0,19370.0,48233.0,newly_flagged
1282478,,,,27349.0,19370.0,48233.0,newly_flagged
1282480,19400.0,27349.0,54403.0,19400.0,19370.0,48233.0,recommendation_changed
1282485,27349.0,19389.0,17220.0,27349.0,19389.0,15985.0,unchanged
1282517,19321.0,19334.0,54399.0,19321.0,19334.0,48229.0,unchanged
1282527,26634.0,26660.0,24272.0,26634.0,26660.0,22418.0,unchanged
1282613,27429.0,27422.0,53638.0,27429.0,27422.0,47569.0,unchanged
1282616,19506.0,27429.0,54442.0,19506.0,27429.0,48267.0,unchanged
1282620,19466.0,19497.0,31776.0,19466.0,19497.0,28803.0,unchanged
1282664,4864.0,4840.0,54456.0,4864.0,4840.0,48280.0,unchanged
1282687,19466.0,19497.0,31776.0,19466.0,19497.0,28803.0,unchanged
1282689,,,,19464.0,19512.0,21658.0,newly_flagged
1282696,19370.0,27337.0,54447.0,19370.0,27337.0,48272.0,unchanged
1282697,27367.0,19416.0,54461.0,27367.0,19416.0,48284.0,unchanged
1282722,27377.0,19416.0,54461.0,27377.0,19416.0,48284.0,unchanged
1282727,17623.0,17668.0,52860.0,,,,no_longer_flagged
1282728,17623.0,17668.0,52860.0,,,,no_longer_flagged
1282731,19466.0,19497.0,31776.0,19466.0,19497.0,28803.0,unchanged
1282750,19587.0,19575.0,31516.0,19587.0,19575.0,28553.0,unchanged
1282780,19464.0,19475.0,54476.0,19464.0,19475.0,47588.0,unchanged
1282790,19582.0,19575.0,31516.0,19582.0,19575.0,28553.0,unchanged
1282794,163196.0,153291.0,54478.0,163196.0,153291.0,48295.0,unchanged
1282816,160955.0,153291.0,54478.0,160955.0,153291.0,48295.0,unchanged
1282830,14967.0,2839.0,41770.0,14967.0,2839.0,37118.0,unchanged
1282841,2104.0,3512.0,17706.0,2104.0,3512.0,16466.0,unchanged
1282854,2045.0,20375.0,54477.0,2045.0,20375.0,48294.0,unchanged
1282871,153292.0,2112.0,31726.0,153292.0,2112.0,28757.0,unchanged
1282877,187515.0,246715.0,31723.0,187515.0,246715.0,28755.0,unchanged
1282878,187515.0,153291.0,54478.0,187515.0,153291.0,48295.0,unchanged
1282879,187515.0,153291.0,54478.0,187515.0,153291.0,48295.0,unchanged
1282907,163196.0,153291.0,54478.0,163196.0,153291.0,48295.0,unchanged
1282909,2081.0,192007.0,52865.0,2081.0,192007.0,46870.0,unchanged
1282913,246715.0,2000.0,48739.0,246715.0,2000.0,43138.0,unchanged
1282914,187515.0,2000.0,48739.0,187515.0,2000.0,43138.0,unchanged
1282916,96294.0,2000.0,48739.0,96294.0,2000.0,43138.0,unchanged
1282963,187516.0,207677.0,54508.0,187516.0,207677.0,48318.0,unchanged
1282993,27324.0,19293.0,46063.0,27324.0,19293.0,40944.0,unchanged
1282994,27327.0,19293.0,46063.0,,,,no_longer_flagged
1282995,27326.0,19293.0,46063.0,27326.0,19293.0,40944.0,unchanged
1282996,27326.0,19293.0,46063.0,27326.0,19293.0,40944.0,unchanged
1283001,17880.0,17873.0,54225.0,17880.0,17873.0,48080.0,unchanged
1283004,17880.0,17873.0,54225.0,17880.0,17873.0,48080.0,unchanged
1283009,21627.0,21618.0,53763.0,,,,no_longer_flagged
1283010,21627.0,21618.0,53763.0,,,,no_longer_flagged
1283011,21628.0,21618.0,53763.0,21628.0,21627.0,48328.0,recommendation_changed
1283012,21627.0,21618.0,53763.0,,,,no_longer_flagged
1283014,21620.0,21618.0,53763.0,21620.0,21627.0,48328.0,recommendation_changed
1283015,21620.0,21618.0,53763.0,21620.0,21627.0,48328.0,recommendation_changed
1283016,21628.0,21618.0,53763.0,21628.0,21627.0,48328.0,recommendation_changed
1283036,7319.0,7330.0,52625.0,7319.0,7330.0,46664.0,unchanged
1283037,17880.0,17873.0,54225.0,17880.0,17873.0,48080.0,unchanged
1283075,7359.0,7373.0,31331.0,7359.0,7373.0,28381.0,unchanged
1283098,21627.0,21618.0,53763.0,,,,no_longer_flagged
1283103,22943.0,7946.0,54537.0,22943.0,7946.0,48346.0,unchanged
1283118,26919.0,17834.0,52797.0,26919.0,17879.0,46793.0,recommendation_changed
1283119,26919.0,17834.0,52797.0,26919.0,17879.0,46793.0,recommendation_changed
1283122,21542.0,26419.0,54540.0,21542.0,26419.0,48350.0,unchanged
1283123,190.0,196.0,4405.0,190.0,196.0,29652.0,unchanged
1283129,45085.0,79004.0,33803.0,45085.0,79004.0,30753.0,unchanged
1283131,45085.0,79004.0,33803.0,45085.0,79004.0,30753.0,unchanged
1283141,17535.0,26765.0,47271.0,,,,no_longer_flagged
1283143,17535.0,26765.0,47271.0,,,,no_longer_flagged
1283161,,,,17834.0,17879.0,46793.0,newly_flagged
1283164,26919.0,17834.0,52797.0,26919.0,17879.0,46793.0,recommendation_changed
1283177,22768.0,22730.0,54547.0,22768.0,22730.0,48356.0,unchanged
1283178,22768.0,22730.0,54547.0,22768.0,22730.0,48356.0,unchanged
1283180,22768.0,22730.0,54547.0,22768.0,22730.0,48356.0,unchanged
1283182,7415.0,22730.0,54547.0,7415.0,22730.0,48356.0,unchanged
1283186,22935.0,22925.0,54549.0,22935.0,22925.0,48358.0,unchanged
1283187,22935.0,22925.0,54549.0,22935.0,22925.0,48358.0,unchanged
1283189,7304.0,7353.0,52578.0,7304.0,7353.0,46624.0,unchanged
1283190,7304.0,7353.0,52578.0,7304.0,7353.0,46624.0,unchanged
1283191,22709.0,7353.0,52578.0,22709.0,7353.0,46624.0,unchanged
1283192,22709.0,7353.0,52578.0,22709.0,7353.0,46624.0,unchanged
1283237,7415.0,22730.0,54547.0,7415.0,22730.0,48356.0,unchanged
1283250,22691.0,7353.0,52578.0,22691.0,7353.0,46624.0,unchanged
1283251,22709.0,7353.0,52578.0,22709.0,7353.0,46624.0,unchanged
1283252,23103.0,8343.0,32042.0,,,,no_longer_flagged
1283253,22768.0,22730.0,54547.0,22768.0,22730.0,48356.0,unchanged
1283256,7415.0,22745.0,54567.0,7415.0,22745.0,48376.0,unchanged
1283270,482623.0,482621.0,2554.0,482623.0,482621.0,2321.0,unchanged
1283288,9523.0,9583.0,28663.0,,,,no_longer_flagged
1283294,26467.0,26447.0,17692.0,26467.0,16464.0,16452.0,recommendation_changed
1283383,16767.0,16688.0,33811.0,16767.0,16688.0,30761.0,unchanged
1283428,7194.0,22621.0,20607.0,7194.0,22621.0,19032.0,unchanged
1283441,,,,12171.0,12233.0,33012.0,newly_flagged
1283460,13498.0,13524.0,18214.0,13498.0,13524.0,16970.0,unchanged
1283469,,,,114219.0,24543.0,31337.0,newly_flagged
1285266,22502.0,6924.0,18013.0,,,,no_longer_flagged
1285272,266878.0,1238.0,14566.0,266878.0,20047.0,13559.0,recommendation_changed
1285307,,378461.0,4853.0,,378461.0,4527.0,unchanged
1285312,7897.0,7850.0,31855.0,7897.0,7850.0,28879.0,unchanged
1285323,736.0,733.0,50775.0,736.0,733.0,45013.0,unchanged
1285324,26640.0,17075.0,28885.0,26640.0,17075.0,26106.0,unchanged
1285325,17857.0,17750.0,33944.0,17857.0,17750.0,6728.0,unchanged
1285326,343883.0,11300.0,3892.0,343883.0,11300.0,3580.0,unchanged
1285327,18009.0,17986.0,5303.0,18009.0,17986.0,4979.0,unchanged
1285328,17137.0,17075.0,28885.0,17137.0,17075.0,26106.0,unchanged
1285837,316157.0,19813.0,50728.0,316157.0,19813.0,44986.0,unchanged
1285838,,,,234235.0,234237.0,16794.0,newly_flagged
1285854,515.0,500.0,38852.0,,,,no_longer_flagged
1285856,8973.0,9097.0,51043.0,8973.0,9097.0,45275.0,unchanged
1285857,9396.0,127023.0,6445.0,,,,no_longer_flagged
1285858,8658.0,23230.0,14322.0,8658.0,23230.0,13321.0,unchanged
1285860,,,,350047.0,61412.0,13507.0,newly_flagged
1285864,,,,21621.0,4562.0,30877.0,newly_flagged
1285872,19847.0,9284.0,33060.0,19847.0,9284.0,30048.0,unchanged
1285884,9258.0,23584.0,49675.0,9258.0,23584.0,44021.0,unchanged
1285887,9398.0,9369.0,50650.0,9398.0,9369.0,44919.0,unchanged
1285894,23625.0,23604.0,54627.0,,,,no_longer_flagged
1285905,220795.0,343628.0,14600.0,220795.0,343628.0,13593.0,unchanged
1285956,18078.0,4969.0,54651.0,18078.0,4969.0,48455.0,unchanged
1285994,262718.0,261118.0,32472.0,262718.0,261118.0,29475.0,unchanged
1286002,,,,26765.0,17535.0,41860.0,newly_flagged
1286008,17915.0,17887.0,28628.0,17915.0,17887.0,25865.0,unchanged
1286009,4667.0,26671.0,53420.0,4667.0,26671.0,47365.0,unchanged
1286024,,,,4864.0,4900.0,47656.0,newly_flagged
1286059,17184.0,17159.0,31192.0,17184.0,17159.0,28246.0,unchanged
1286089,9249.0,23588.0,52210.0,9249.0,23588.0,46305.0,unchanged
1286109,19360.0,19327.0,54326.0,19360.0,19327.0,48168.0,unchanged
1286118,,,,31005.0,73897.0,30244.0,newly_flagged
1286124,2085.0,152955.0,53145.0,2085.0,152955.0,47138.0,unchanged
1286128,20277.0,20274.0,53290.0,20277.0,20274.0,47260.0,unchanged
1286143,8298.0,8343.0,32042.0,,,,no_longer_flagged
1286164,265599.0,31005.0,33262.0,265599.0,73897.0,30244.0,recommendation_changed
1286165,375012.0,4594.0,52673.0,375012.0,4594.0,46710.0,unchanged
1286175,17712.0,26899.0,52811.0,17712.0,26899.0,46826.0,unchanged
1286207,17434.0,17433.0,54691.0,,,,no_longer_flagged
1286208,,,,18244.0,18373.0,31078.0,newly_flagged
1286214,,,,26750.0,17497.0,36018.0,newly_flagged
1286222,25119.0,25122.0,17116.0,,,,no_longer_flagged
1286232,20421.0,20440.0,30845.0,20421.0,20440.0,27911.0,unchanged
1286296,268165.0,1238.0,14566.0,268165.0,20047.0,13559.0,recommendation_changed
1286300,14956.0,14831.0,32470.0,,,,no_longer_flagged
1286318,9891.0,9815.0,52345.0,9891.0,9815.0,45900.0,unchanged
1286331,16767.0,16688.0,33811.0,16767.0,16688.0,30761.0,unchanged
1286333,16767.0,16688.0,33811.0,16767.0,16688.0,30761.0,unchanged
1286357,7397.0,7386.0,53877.0,7397.0,7386.0,47770.0,unchanged
1286358,7397.0,7386.0,53877.0,7397.0,7386.0,47770.0,unchanged
1286359,6479.0,6428.0,14466.0,6479.0,6428.0,13460.0,unchanged
1286360,6479.0,6428.0,14466.0,6479.0,6428.0,13460.0,unchanged
1286362,6479.0,6428.0,14466.0,6479.0,6428.0,13460.0,unchanged
1286371,,,,6522.0,22335.0,38879.0,newly_flagged
1286372,6495.0,6428.0,14466.0,6495.0,6428.0,13460.0,unchanged
1286373,6495.0,6428.0,14466.0,6495.0,6428.0,13460.0,unchanged
1286391,,,,6383.0,6368.0,29918.0,newly_flagged
1286393,,,,6383.0,6368.0,29918.0,newly_flagged
1286415,22773.0,7382.0,54727.0,22773.0,7382.0,48536.0,unchanged
1286423,8298.0,8343.0,32042.0,,,,no_longer_flagged
1286438,7851.0,7806.0,52665.0,7851.0,7811.0,46703.0,recommendation_changed
1286443,67.0,47.0,49956.0,67.0,47.0,44281.0,unchanged
1286453,4181.0,4183.0,53521.0,4181.0,4183.0,47453.0,unchanged
1286474,,,,6.0,2.0,48547.0,newly_flagged
1286489,8.0,2.0,54740.0,8.0,2.0,48547.0,unchanged
1286504,4181.0,4183.0,53521.0,4181.0,4183.0,47453.0,unchanged
1286517,9629.0,9575.0,45103.0,9629.0,9575.0,40053.0,unchanged
1286526,,,,6522.0,22335.0,38879.0,newly_flagged
1286528,7384.0,22738.0,53892.0,7384.0,7300.0,3287.0,recommendation_changed
1286533,7549.0,7643.0,54771.0,,,,no_longer_flagged
1286534,7549.0,7643.0,54771.0,,,,no_longer_flagged
1286538,7349.0,7344.0,54772.0,7349.0,7344.0,48575.0,unchanged
1286543,7642.0,7680.0,54774.0,7642.0,7680.0,48577.0,unchanged
1286564,79005.0,160959.0,54782.0,79005.0,160959.0,48585.0,unchanged
1286565,160960.0,7237.0,23756.0,,,,no_longer_flagged
1286566,160960.0,7237.0,23756.0,,,,no_longer_flagged
1286579,160957.0,7237.0,23756.0,160957.0,7237.0,21943.0,unchanged
1286580,160957.0,7237.0,23756.0,160957.0,7237.0,21943.0,unchanged
1286581,160957.0,7237.0,23756.0,160957.0,7237.0,21943.0,unchanged
1286582,160957.0,7237.0,23756.0,160957.0,7237.0,21943.0,unchanged
1286595,160958.0,7237.0,23756.0,160958.0,7237.0,21943.0,unchanged
1286596,160956.0,7237.0,23756.0,160956.0,7237.0,21943.0,unchanged
1286610,23103.0,8343.0,32042.0,,,,no_longer_flagged
1286627,22622.0,22618.0,31174.0,22622.0,22618.0,28229.0,unchanged
1286633,160960.0,7237.0,23756.0,,,,no_longer_flagged
1286637,22394.0,22382.0,54794.0,22394.0,22382.0,48595.0,unchanged
1286639,,,,7809.0,7775.0,13956.0,newly_flagged
1286655,25129.0,25068.0,52446.0,25129.0,12528.0,29960.0,recommendation_changed
1286656,,,,25068.0,12528.0,29960.0,newly_flagged
1286667,12710.0,12744.0,54808.0,12710.0,12744.0,48607.0,unchanged
1286669,535595.0,390530.0,3114.0,,,,no_longer_flagged
1286671,25235.0,25271.0,24152.0,25235.0,25271.0,4945.0,unchanged
1286685,25119.0,25122.0,50715.0,25119.0,25122.0,44977.0,unchanged
1286697,12074.0,24888.0,23687.0,,,,no_longer_flagged
1286717,12624.0,12528.0,32975.0,12624.0,12528.0,29960.0,unchanged
1286725,,,,2189.0,2276.0,47288.0,newly_flagged
1286743,7376.0,7410.0,52066.0,7376.0,7410.0,46180.0,unchanged
1286745,7321.0,7264.0,47200.0,7321.0,7322.0,46179.0,recommendation_changed
1286747,7666.0,7614.0,54824.0,7666.0,7614.0,48620.0,unchanged
1286757,,,,7715.0,7775.0,13956.0,newly_flagged
1286758,,,,7715.0,7775.0,13956.0,newly_flagged
1286764,7144.0,7107.0,54832.0,7144.0,7107.0,48625.0,unchanged
1286766,7144.0,7107.0,54832.0,7144.0,7107.0,48625.0,unchanged
1286767,7731.0,7645.0,24131.0,7731.0,7549.0,22290.0,recommendation_changed
1286769,,,,7645.0,7549.0,22290.0,newly_flagged
1286790,7487.0,7488.0,54840.0,7487.0,7488.0,48634.0,unchanged
1286793,22788.0,22805.0,18161.0,22788.0,22805.0,16922.0,unchanged
1286795,22760.0,7488.0,54840.0,22760.0,7488.0,48634.0,unchanged
1286796,22760.0,7488.0,54840.0,22760.0,7488.0,48634.0,unchanged
1286798,22760.0,7488.0,54840.0,22760.0,7488.0,48634.0,unchanged
1286800,,,,7643.0,7549.0,22290.0,newly_flagged
1286801,,,,7643.0,7549.0,22290.0,newly_flagged
1286805,22760.0,7488.0,54840.0,22760.0,7488.0,48634.0,unchanged
1286807,22788.0,22805.0,18161.0,22788.0,22805.0,16922.0,unchanged
1286813,7487.0,7488.0,54840.0,7487.0,7488.0,48634.0,unchanged
1286818,7615.0,7614.0,54824.0,7615.0,7614.0,48620.0,unchanged
1286820,7615.0,7614.0,54824.0,7615.0,7614.0,48620.0,unchanged
1286821,7615.0,7614.0,54824.0,7615.0,7614.0,48620.0,unchanged
1286822,7615.0,7614.0,54824.0,7615.0,7614.0,48620.0,unchanged
1286823,7549.0,7643.0,54771.0,,,,no_longer_flagged
1286824,7519.0,7643.0,54771.0,7519.0,7549.0,22290.0,recommendation_changed
1286825,7519.0,7643.0,54771.0,7519.0,7549.0,22290.0,recommendation_changed
1286826,7519.0,7643.0,54771.0,7519.0,7549.0,22290.0,recommendation_changed
1286835,,,,6435.0,6423.0,48641.0,newly_flagged
1286843,23078.0,8343.0,32042.0,23078.0,8298.0,47640.0,recommendation_changed
1286844,23078.0,8343.0,32042.0,23078.0,8298.0,47640.0,recommendation_changed
1286845,23078.0,8343.0,32042.0,23078.0,8298.0,47640.0,recommendation_changed
1286846,23078.0,8343.0,32042.0,23078.0,8298.0,47640.0,recommendation_changed
1286865,6427.0,6428.0,14466.0,6427.0,6428.0,13460.0,unchanged
1286885,7326.0,7298.0,53883.0,7326.0,7272.0,47776.0,recommendation_changed
1286886,7326.0,7298.0,53883.0,7326.0,7272.0,47776.0,recommendation_changed
1286898,,,,6522.0,22335.0,38879.0,newly_flagged
1286907,,,,6482.0,6423.0,48641.0,newly_flagged
1286908,,,,6482.0,6423.0,48641.0,newly_flagged
1286909,,,,6435.0,6423.0,48641.0,newly_flagged
1286910,,,,6482.0,6423.0,48641.0,newly_flagged
1286955,17535.0,26765.0,47271.0,,,,no_longer_flagged
1286956,17535.0,26765.0,47271.0,,,,no_longer_flagged
1286957,17535.0,26765.0,47271.0,,,,no_longer_flagged
1286958,17535.0,26765.0,47271.0,,,,no_longer_flagged
1286996,376209.0,4638.0,53593.0,376209.0,4638.0,47526.0,unchanged
1286998,4671.0,4662.0,19942.0,4671.0,4662.0,18466.0,unchanged
1286999,359595.0,26630.0,54883.0,359595.0,26630.0,48675.0,unchanged
1287011,4671.0,4662.0,19942.0,4671.0,4662.0,18466.0,unchanged
1287028,22773.0,7382.0,54727.0,22773.0,7382.0,48536.0,unchanged
1287029,22773.0,7382.0,54727.0,22773.0,7382.0,48536.0,unchanged
1287030,22773.0,7382.0,54727.0,22773.0,7382.0,48536.0,unchanged
1287031,22888.0,7806.0,52665.0,,,,no_longer_flagged
1287032,22888.0,7806.0,52665.0,,,,no_longer_flagged
1287033,22888.0,7806.0,52665.0,,,,no_longer_flagged
1287034,22888.0,7806.0,52665.0,,,,no_longer_flagged
1287042,22682.0,7274.0,54889.0,22682.0,7353.0,46624.0,recommendation_changed
1287043,7760.0,7806.0,52665.0,7760.0,7811.0,46703.0,recommendation_changed
1287045,7760.0,7806.0,52665.0,7760.0,7811.0,46703.0,recommendation_changed
1287046,7757.0,7806.0,52665.0,7757.0,7811.0,46703.0,recommendation_changed
1287057,69086.0,7305.0,33471.0,69086.0,7305.0,30444.0,unchanged
1287059,7760.0,7806.0,52665.0,7760.0,7811.0,46703.0,recommendation_changed
1287060,7760.0,7806.0,52665.0,7760.0,7811.0,46703.0,recommendation_changed
1287061,7760.0,7806.0,52665.0,7760.0,7811.0,46703.0,recommendation_changed
1287063,22691.0,7353.0,52578.0,22691.0,7353.0,46624.0,unchanged
1287064,22682.0,7274.0,54889.0,22682.0,7353.0,46624.0,recommendation_changed
1287082,7760.0,22878.0,53079.0,7760.0,22878.0,47077.0,unchanged
1287087,192.0,7208.0,53354.0,192.0,7366.0,30576.0,recommendation_changed
1287088,,,,536717.0,20813.0,21726.0,newly_flagged
1287090,7388.0,7208.0,53354.0,7388.0,7366.0,30576.0,recommendation_changed
1287091,,,,7715.0,7775.0,13956.0,newly_flagged
1287093,,,,7643.0,7549.0,22290.0,newly_flagged
1287099,22888.0,7806.0,52665.0,,,,no_longer_flagged
1287100,22888.0,7806.0,52665.0,,,,no_longer_flagged
1287104,,,,7757.0,22878.0,47077.0,newly_flagged
1287105,,,,7757.0,22878.0,47077.0,newly_flagged
1287106,,,,7757.0,22878.0,47077.0,newly_flagged
1287108,7731.0,7645.0,24131.0,7731.0,7549.0,22290.0,recommendation_changed
1287110,7731.0,7645.0,24131.0,7731.0,7549.0,22290.0,recommendation_changed
1287115,7760.0,22878.0,53079.0,7760.0,22878.0,47077.0,unchanged
1287117,7760.0,22878.0,53079.0,7760.0,22878.0,47077.0,unchanged
1287138,4671.0,4662.0,19942.0,4671.0,4662.0,18466.0,unchanged
1287140,79005.0,79004.0,33803.0,79005.0,79004.0,30753.0,unchanged
1287141,79005.0,79004.0,33803.0,79005.0,79004.0,30753.0,unchanged
1287142,79005.0,79004.0,33803.0,79005.0,79004.0,30753.0,unchanged
1287143,45086.0,79004.0,33803.0,45086.0,79004.0,30753.0,unchanged
1287145,45086.0,79004.0,33803.0,45086.0,79004.0,30753.0,unchanged
1287146,22622.0,79004.0,33803.0,22622.0,79004.0,30753.0,unchanged
1287152,7976.0,8118.0,54907.0,7976.0,8118.0,48691.0,unchanged
1287165,22622.0,45087.0,54905.0,22622.0,45087.0,48689.0,unchanged
1287189,,,,18277.0,18303.0,15464.0,newly_flagged
1287190,,,,18277.0,18303.0,15464.0,newly_flagged
1287195,21604.0,4553.0,54916.0,21604.0,4553.0,48700.0,unchanged
1287198,19748.0,6850.0,54918.0,19748.0,6850.0,48702.0,unchanged
1287202,4553.0,21604.0,34277.0,4553.0,21604.0,31186.0,unchanged
1287212,4636.0,4618.0,47218.0,4636.0,4618.0,41811.0,unchanged
1287227,19320.0,19293.0,46063.0,19320.0,19293.0,40944.0,unchanged
1287228,27327.0,19293.0,46063.0,,,,no_longer_flagged
1287229,27327.0,19293.0,46063.0,,,,no_longer_flagged
1287239,,,,9844.0,23866.0,30852.0,newly_flagged
1287260,718.0,299516.0,52509.0,718.0,299516.0,48705.0,unchanged
1287281,10358.0,10292.0,51265.0,10358.0,10292.0,45473.0,unchanged
1287285,10332.0,10287.0,51910.0,10332.0,10287.0,46052.0,unchanged
1287289,24212.0,10287.0,51910.0,24212.0,10287.0,46052.0,unchanged
1287295,24183.0,24055.0,28664.0,,,,no_longer_flagged
1287296,24183.0,24055.0,28664.0,,,,no_longer_flagged
1287297,24183.0,24055.0,28664.0,,,,no_longer_flagged
1287298,24183.0,24055.0,28664.0,,,,no_longer_flagged
1287300,23959.0,23951.0,52264.0,23959.0,23951.0,46350.0,unchanged
1287349,16796.0,16688.0,33811.0,16796.0,16688.0,30761.0,unchanged
1287353,22686.0,7208.0,53354.0,22686.0,7366.0,30576.0,recommendation_changed
1287366,9676.0,9569.0,50623.0,9676.0,9569.0,44895.0,unchanged
1287374,,,,23977.0,10179.0,29968.0,newly_flagged
1287441,9821.0,23864.0,52265.0,9821.0,23864.0,46351.0,unchanged
1287469,23912.0,9993.0,54970.0,23912.0,9993.0,48737.0,unchanged
1287484,1662.0,1520.0,54947.0,1662.0,1520.0,48722.0,unchanged
1287487,23825.0,23866.0,33915.0,23825.0,23866.0,30852.0,unchanged
1287488,23825.0,23866.0,33915.0,23825.0,23866.0,30852.0,unchanged
1287489,23825.0,23866.0,33915.0,23825.0,23866.0,30852.0,unchanged
1287504,13661.0,1520.0,54947.0,13661.0,1520.0,48722.0,unchanged
1287516,,,,9779.0,9923.0,43343.0,newly_flagged
1287517,,,,9779.0,9923.0,43343.0,newly_flagged
1287535,25119.0,25122.0,17116.0,,,,no_longer_flagged
1287536,25119.0,25122.0,17116.0,25119.0,25122.0,48740.0,unchanged
1287569,,,,9779.0,9923.0,43343.0,newly_flagged
1287609,9870.0,9857.0,49185.0,9870.0,9857.0,43554.0,unchanged
1287615,314.0,19808.0,50734.0,314.0,19808.0,44989.0,unchanged
1287616,314.0,19808.0,50734.0,314.0,19808.0,44989.0,unchanged
1287631,9817.0,9785.0,17091.0,9817.0,9785.0,15862.0,unchanged
1287633,9817.0,9785.0,17091.0,9817.0,9785.0,15862.0,unchanged
1287643,9848.0,9949.0,20560.0,9848.0,9949.0,18987.0,unchanged
1287644,9949.0,9973.0,52378.0,9949.0,9973.0,46439.0,unchanged
1287648,10112.0,10159.0,50714.0,,,,no_longer_flagged
1287650,10112.0,10159.0,50714.0,,,,no_longer_flagged
1287664,10275.0,10077.0,30723.0,10275.0,10077.0,27799.0,unchanged
1287665,10275.0,10077.0,30723.0,10275.0,10077.0,27799.0,unchanged
1287683,10112.0,10159.0,50714.0,,,,no_longer_flagged
1287684,10112.0,10159.0,50714.0,,,,no_longer_flagged
1287685,10112.0,10159.0,50714.0,,,,no_longer_flagged
1287686,10112.0,10159.0,50714.0,,,,no_longer_flagged
1287702,25379.0,13183.0,24938.0,25379.0,13183.0,22954.0,unchanged
1287707,25379.0,13183.0,24938.0,25379.0,13183.0,22954.0,unchanged
1287710,25379.0,13183.0,24938.0,25379.0,13183.0,22954.0,unchanged
1287712,25344.0,13183.0,24938.0,25344.0,13183.0,22954.0,unchanged
1287713,25344.0,13183.0,24938.0,25344.0,13183.0,22954.0,unchanged
1287733,9891.0,9920.0,33541.0,9891.0,9920.0,29974.0,unchanged
1287734,9891.0,9920.0,33541.0,9891.0,9920.0,29974.0,unchanged
1287739,,,,365403.0,365412.0,555.0,newly_flagged
1287747,1550.0,1554.0,55014.0,1550.0,1554.0,48774.0,unchanged
1287779,9265.0,9288.0,51738.0,9265.0,9288.0,45905.0,unchanged
1287784,9119.0,23532.0,51754.0,9119.0,23532.0,45920.0,unchanged
1287788,13107.0,13183.0,24938.0,13107.0,13183.0,22954.0,unchanged
1287789,,,,23977.0,10179.0,29968.0,newly_flagged
1287790,13107.0,13183.0,24938.0,13107.0,13183.0,22954.0,unchanged
1287793,13107.0,13183.0,24938.0,13107.0,13183.0,22954.0,unchanged
1287801,370272.0,370271.0,49674.0,370272.0,370271.0,44020.0,unchanged
1287820,,,,25550.0,20298.0,48786.0,newly_flagged
1287839,9781.0,9767.0,51388.0,9781.0,9767.0,45581.0,unchanged
1287841,9781.0,9767.0,51388.0,9781.0,9767.0,45581.0,unchanged
1287842,9781.0,9767.0,51388.0,9781.0,9767.0,45581.0,unchanged
1287847,10275.0,10077.0,30723.0,10275.0,10077.0,27799.0,unchanged
1287859,9781.0,9767.0,51388.0,9781.0,9767.0,45581.0,unchanged
1287860,9781.0,9767.0,51388.0,9781.0,9767.0,45581.0,unchanged
1287878,9857.0,9802.0,54638.0,9857.0,9802.0,48443.0,unchanged
1287912,9753.0,9719.0,51254.0,9753.0,9719.0,45464.0,unchanged
1287914,9753.0,9719.0,51254.0,9753.0,9719.0,45464.0,unchanged
1287932,9939.0,9970.0,50647.0,9939.0,9970.0,44916.0,unchanged
1287934,24183.0,24055.0,28664.0,,,,no_longer_flagged
1287992,8067.0,8071.0,47409.0,,,,no_longer_flagged
1287994,8067.0,8071.0,47409.0,,,,no_longer_flagged
1288000,12074.0,12061.0,5288.0,,,,no_longer_flagged
1288002,,,,12061.0,12074.0,4964.0,newly_flagged
1288011,,,,9844.0,23866.0,30852.0,newly_flagged
1288012,,,,9844.0,23866.0,30852.0,newly_flagged
1288013,,,,9844.0,23866.0,30852.0,newly_flagged
1288014,,,,9844.0,23866.0,30852.0,newly_flagged
1288025,25522.0,25535.0,50665.0,25522.0,25535.0,44934.0,unchanged
1288037,,,,25088.0,25070.0,11668.0,newly_flagged
1288055,,,,25088.0,25070.0,11668.0,newly_flagged
1288056,25088.0,25070.0,12590.0,,,,no_longer_flagged
1288057,,,,25070.0,25088.0,48816.0,newly_flagged
1288058,25088.0,25070.0,12590.0,25088.0,25070.0,11668.0,unchanged
1288060,9845.0,9904.0,55067.0,9845.0,9904.0,48817.0,unchanged
1288067,,,,25070.0,25088.0,48816.0,newly_flagged
1288069,,,,25088.0,25070.0,11668.0,newly_flagged
1288070,,,,25070.0,25088.0,48816.0,newly_flagged
1288071,25088.0,25070.0,55069.0,,,,no_longer_flagged
1288072,25088.0,25070.0,12590.0,,,,no_longer_flagged
1288073,25088.0,25070.0,12590.0,,,,no_longer_flagged
1288079,9994.0,9904.0,55067.0,9994.0,9904.0,48817.0,unchanged
1288081,9994.0,9904.0,55067.0,9994.0,9904.0,48817.0,unchanged
1288084,9931.0,9986.0,14400.0,9931.0,9986.0,13400.0,unchanged
1288112,25088.0,25070.0,55062.0,25088.0,25070.0,48815.0,unchanged
1288113,25088.0,25070.0,55062.0,25088.0,25070.0,48815.0,unchanged
1288114,25088.0,25070.0,55062.0,25088.0,25070.0,48815.0,unchanged
1288129,9322.0,23604.0,54627.0,9322.0,23604.0,48784.0,unchanged
1288130,9322.0,23604.0,54627.0,9322.0,23604.0,48784.0,unchanged
1288132,283840.0,1238.0,14566.0,283840.0,20047.0,13559.0,recommendation_changed
1288139,10280.0,10132.0,4476.0,10280.0,10132.0,4162.0,unchanged
1288140,10280.0,10132.0,4476.0,10280.0,10132.0,4162.0,unchanged
1288144,10280.0,10132.0,4476.0,10280.0,10132.0,4162.0,unchanged
1288146,10280.0,10132.0,4476.0,10280.0,10132.0,4162.0,unchanged
1288164,9771.0,9659.0,55039.0,9771.0,9659.0,48796.0,unchanged
1288167,9759.0,9707.0,33719.0,9759.0,9707.0,30674.0,unchanged
1288204,9845.0,9904.0,55067.0,9845.0,9904.0,48817.0,unchanged
1288231,25088.0,25070.0,55062.0,25088.0,25070.0,48815.0,unchanged
1288234,25088.0,25070.0,12590.0,25088.0,25070.0,11668.0,unchanged
1288241,,,,12061.0,12074.0,4964.0,newly_flagged
1288244,25088.0,25070.0,12590.0,25088.0,25070.0,11668.0,unchanged
1288267,1718.0,1695.0,32814.0,1718.0,1695.0,6175.0,unchanged
1288270,,,,25550.0,20298.0,48786.0,newly_flagged
1288276,370269.0,370270.0,31513.0,370269.0,370270.0,28551.0,unchanged
1288297,375246.0,2200.0,54952.0,375246.0,2200.0,48726.0,unchanged
1288301,5453.0,5324.0,47280.0,5453.0,5324.0,41868.0,unchanged
1288325,10268.0,10163.0,52376.0,10268.0,10163.0,46437.0,unchanged
1288337,25173.0,25110.0,55102.0,25173.0,25110.0,48844.0,unchanged
1288406,13123.0,13181.0,55112.0,13123.0,13181.0,48852.0,unchanged
1288468,13123.0,13183.0,24938.0,13123.0,13183.0,22954.0,unchanged
1288470,13037.0,13183.0,24938.0,13037.0,13183.0,22954.0,unchanged
1288471,9860.0,9896.0,12931.0,9860.0,9896.0,12013.0,unchanged
1288484,13037.0,13183.0,24938.0,13037.0,13183.0,22954.0,unchanged
1288488,10228.0,10203.0,52354.0,10228.0,10203.0,46416.0,unchanged
1288504,25001.0,12575.0,50635.0,25001.0,12575.0,44903.0,unchanged
1288505,188475.0,12061.0,5288.0,188475.0,12074.0,4964.0,recommendation_changed
1288528,12238.0,24888.0,23687.0,12238.0,12074.0,4964.0,recommendation_changed
1288529,12074.0,24888.0,23687.0,,,,no_longer_flagged
1288532,,,,14489.0,14440.0,46440.0,newly_flagged
1288534,14489.0,14440.0,52380.0,14489.0,14440.0,46440.0,unchanged
1288535,23895.0,9893.0,50624.0,23895.0,9893.0,44896.0,unchanged
1288538,23839.0,9893.0,50624.0,23839.0,9893.0,44896.0,unchanged
1288539,9753.0,9805.0,52274.0,9753.0,9805.0,46359.0,unchanged
1288541,9753.0,9805.0,52274.0,9753.0,9805.0,46359.0,unchanged
1288554,,,,25380.0,13183.0,22954.0,newly_flagged
1288556,11600.0,11587.0,51302.0,11600.0,11587.0,45502.0,unchanged
1288561,,,,188484.0,188480.0,4973.0,newly_flagged
1288562,188485.0,188480.0,23533.0,188485.0,188480.0,4973.0,unchanged
1288563,22628.0,22634.0,55141.0,22628.0,22634.0,48872.0,unchanged
1288570,359595.0,26630.0,54883.0,359595.0,26630.0,48675.0,unchanged
1288584,7331.0,7300.0,3595.0,7331.0,7300.0,3287.0,unchanged
1288587,7323.0,7300.0,3595.0,7323.0,7300.0,3287.0,unchanged
1288592,19735.0,20.0,55150.0,19735.0,20.0,48881.0,unchanged
1288595,,,,535791.0,535788.0,25331.0,newly_flagged
1288597,,,,535791.0,535788.0,25331.0,newly_flagged
1288609,34.0,6569.0,33989.0,34.0,6569.0,28359.0,unchanged
1288611,22703.0,7278.0,55157.0,22703.0,7267.0,48888.0,recommendation_changed
1288612,7267.0,7278.0,55157.0,,,,no_longer_flagged
1288613,22703.0,7278.0,55157.0,22703.0,7267.0,48888.0,recommendation_changed
1288614,22703.0,7278.0,55157.0,22703.0,7267.0,48888.0,recommendation_changed
1288615,7459.0,22730.0,54547.0,7459.0,22730.0,48356.0,unchanged
1288616,,,,22774.0,22730.0,48356.0,newly_flagged
1288617,,,,7559.0,22730.0,48356.0,newly_flagged
1288618,,,,22774.0,22730.0,48356.0,newly_flagged
1288623,7521.0,22823.0,28712.0,7521.0,22802.0,3883.0,recommendation_changed
1288625,7521.0,22823.0,28712.0,7521.0,22802.0,3883.0,recommendation_changed
1288626,7521.0,22823.0,28712.0,7521.0,22802.0,3883.0,recommendation_changed
1288627,7890.0,7867.0,31053.0,7890.0,7867.0,28107.0,unchanged
1288629,7867.0,7853.0,53449.0,7867.0,7853.0,47389.0,unchanged
1288648,22802.0,22823.0,28712.0,,,,no_longer_flagged
1288652,,,,22774.0,22730.0,48356.0,newly_flagged
1288653,,,,22774.0,22730.0,48356.0,newly_flagged
1288667,10179.0,9991.0,31810.0,,,,no_longer_flagged
1288668,10179.0,9991.0,31810.0,,,,no_longer_flagged
1288669,24032.0,9991.0,31810.0,24032.0,10179.0,29968.0,recommendation_changed
1288671,10179.0,9991.0,31810.0,,,,no_longer_flagged
1288673,10294.0,10241.0,50100.0,10294.0,10241.0,44409.0,unchanged
1288674,24032.0,9991.0,31810.0,24032.0,10179.0,29968.0,recommendation_changed
1288675,1961.0,1804.0,51074.0,1961.0,1804.0,45301.0,unchanged
1288699,17299.0,4651.0,30131.0,17299.0,4651.0,27284.0,unchanged
1288762,6749.0,22394.0,55178.0,6749.0,22394.0,48904.0,unchanged
1288771,,,,7040.0,6925.0,44342.0,newly_flagged
1288775,,,,55.0,6925.0,44342.0,newly_flagged
1288776,,,,55.0,6925.0,44342.0,newly_flagged
1288777,19752.0,7040.0,50090.0,19752.0,6925.0,44342.0,recommendation_changed
1288778,19752.0,7040.0,50090.0,19752.0,6925.0,44342.0,recommendation_changed
1288803,,,,7278.0,7267.0,48888.0,newly_flagged
1288804,7278.0,7261.0,55195.0,7278.0,7261.0,48919.0,unchanged
1288808,7267.0,7278.0,55157.0,,,,no_longer_flagged
1288810,7267.0,7278.0,55157.0,,,,no_longer_flagged
1288815,,,,7278.0,7267.0,48888.0,newly_flagged
1288817,,,,7278.0,7267.0,48888.0,newly_flagged
1288818,,,,7278.0,7267.0,48888.0,newly_flagged
1288839,54.0,55.0,55185.0,54.0,6925.0,44342.0,recommendation_changed
1288840,61085.0,22586.0,55201.0,61085.0,22586.0,48923.0,unchanged
1288860,17014.0,26609.0,54276.0,17014.0,26609.0,47586.0,unchanged
1288869,,,,21756.0,18481.0,48929.0,newly_flagged
1288884,4219.0,4182.0,52573.0,4219.0,4182.0,46619.0,unchanged
1288894,18443.0,18414.0,55221.0,18443.0,18414.0,48938.0,unchanged
1288928,365035.0,18485.0,55213.0,365035.0,18485.0,48932.0,unchanged
1288935,18443.0,18414.0,55221.0,18443.0,18414.0,48938.0,unchanged
1288940,27144.0,18414.0,55221.0,27144.0,18414.0,48938.0,unchanged
1288955,24994.0,12305.0,20626.0,24994.0,12305.0,19051.0,unchanged
1288956,,,,12376.0,24994.0,4946.0,newly_flagged
1288957,,,,12376.0,24994.0,4946.0,newly_flagged
1288959,227200.0,227197.0,5260.0,227200.0,227197.0,4936.0,unchanged
1288962,12280.0,12376.0,5270.0,12280.0,24994.0,4946.0,recommendation_changed
1288973,25235.0,25271.0,24152.0,25235.0,25271.0,4945.0,unchanged
1288975,25004.0,12376.0,5270.0,25004.0,24994.0,4946.0,recommendation_changed
1288977,24994.0,12376.0,5270.0,,,,no_longer_flagged
1288978,,,,12305.0,24994.0,4946.0,newly_flagged
1288982,10030.0,10073.0,54623.0,10030.0,10073.0,48428.0,unchanged
1288987,,,,12821.0,25271.0,4945.0,newly_flagged
1288989,25308.0,25271.0,24152.0,25308.0,25271.0,4945.0,unchanged
1288991,,,,25066.0,12528.0,29960.0,newly_flagged
1288992,,,,25115.0,12528.0,29960.0,newly_flagged
1288993,,,,25115.0,12528.0,29960.0,newly_flagged
1288999,,,,20322.0,20341.0,48895.0,newly_flagged
1289002,,,,20322.0,20341.0,48895.0,newly_flagged
1289003,25119.0,25122.0,17116.0,25119.0,25122.0,48740.0,unchanged
1289004,25119.0,25122.0,17116.0,,,,no_longer_flagged
1289005,25119.0,25122.0,17116.0,,,,no_longer_flagged
1289006,25119.0,25122.0,17116.0,,,,no_longer_flagged
1289008,25119.0,25122.0,50715.0,25119.0,25122.0,44977.0,unchanged
1289009,,,,25119.0,25122.0,44977.0,newly_flagged
1289011,,,,25122.0,25119.0,48824.0,newly_flagged
1289013,,,,25119.0,25122.0,44977.0,newly_flagged
1289017,,,,20304.0,1804.0,45301.0,newly_flagged
1289019,12912.0,25244.0,55258.0,12912.0,25244.0,45544.0,unchanged
1289022,25215.0,12741.0,55011.0,25215.0,12741.0,48772.0,unchanged
1289024,10228.0,10203.0,52354.0,10228.0,10203.0,46416.0,unchanged
1289025,188476.0,12061.0,5288.0,188476.0,12074.0,4964.0,recommendation_changed
1289030,,,,25110.0,25166.0,46729.0,newly_flagged
1289031,,,,25172.0,12528.0,29960.0,newly_flagged
1289032,25172.0,25115.0,55248.0,25172.0,12528.0,29960.0,recommendation_changed
1289036,227200.0,227197.0,5260.0,227200.0,227197.0,4936.0,unchanged
1289037,227203.0,227197.0,5260.0,227203.0,227197.0,4936.0,unchanged
1289038,227198.0,227197.0,5260.0,227198.0,227197.0,4936.0,unchanged
1289039,,,,25068.0,12528.0,29960.0,newly_flagged
1289041,10228.0,10169.0,50727.0,,,,no_longer_flagged
1289158,17667.0,17688.0,47277.0,17667.0,17688.0,41865.0,unchanged
1289159,17667.0,17688.0,47277.0,17667.0,17688.0,41865.0,unchanged
1289160,17667.0,17688.0,47277.0,17667.0,17688.0,41865.0,unchanged
1289180,20312.0,25550.0,55028.0,20312.0,20298.0,48786.0,recommendation_changed
1289192,17059.0,17084.0,30756.0,,,,no_longer_flagged
1289200,11548.0,11270.0,51507.0,11548.0,11270.0,45699.0,unchanged
1289201,11548.0,11270.0,51508.0,11548.0,11270.0,45700.0,unchanged
1289208,10294.0,10241.0,50100.0,10294.0,10241.0,44409.0,unchanged
1289220,24032.0,9991.0,31810.0,24032.0,10179.0,29968.0,recommendation_changed
1289251,7221.0,7237.0,23756.0,7221.0,7237.0,21943.0,unchanged
1289252,7221.0,7237.0,23756.0,7221.0,7237.0,21943.0,unchanged
1289253,7237.0,7206.0,18031.0,7237.0,7206.0,16790.0,unchanged
1289255,7746.0,7850.0,31855.0,7746.0,7850.0,28879.0,unchanged
1289256,7735.0,7850.0,31855.0,7735.0,7850.0,28879.0,unchanged
1289276,6558.0,22321.0,31285.0,,,,no_longer_flagged
1289289,22574.0,22563.0,32635.0,,,,no_longer_flagged
1289307,17834.0,17849.0,53631.0,17834.0,17849.0,47563.0,unchanged
1289313,7292.0,7294.0,53602.0,7292.0,7294.0,47536.0,unchanged
1289314,7292.0,7294.0,53602.0,7292.0,7294.0,47536.0,unchanged
1289318,,,,7043.0,7064.0,16793.0,newly_flagged
1289331,7428.0,22823.0,28712.0,7428.0,22802.0,3883.0,recommendation_changed
1289332,216.0,7368.0,49828.0,216.0,7366.0,30576.0,recommendation_changed
1289334,7479.0,7366.0,33616.0,7479.0,7366.0,30576.0,unchanged
1289339,22532.0,6749.0,54290.0,22532.0,6749.0,48138.0,unchanged
1289340,22532.0,6749.0,54290.0,22532.0,6749.0,48138.0,unchanged
1289341,6863.0,6749.0,54290.0,6863.0,6749.0,48138.0,unchanged
1289342,22532.0,6749.0,54290.0,22532.0,6749.0,48138.0,unchanged
1289343,22532.0,6749.0,54290.0,22532.0,6749.0,48138.0,unchanged
1289344,46043.0,6749.0,54290.0,46043.0,6749.0,48138.0,unchanged
1289346,22532.0,6749.0,54290.0,22532.0,6749.0,48138.0,unchanged
1289348,7428.0,22823.0,28712.0,7428.0,22802.0,3883.0,recommendation_changed
1289350,22767.0,22823.0,28712.0,22767.0,22802.0,3883.0,recommendation_changed
1289351,378637.0,378638.0,4376.0,378637.0,378638.0,4059.0,unchanged
1289354,7388.0,7366.0,33616.0,7388.0,7366.0,30576.0,unchanged
1289355,6927.0,6749.0,54290.0,6927.0,6749.0,48138.0,unchanged
1289357,6927.0,6749.0,54290.0,6927.0,6749.0,48138.0,unchanged
1289366,22686.0,7208.0,53354.0,22686.0,7366.0,30576.0,recommendation_changed
1289388,,,,7809.0,7775.0,13956.0,newly_flagged
1289390,,,,7809.0,7775.0,13956.0,newly_flagged
1289394,22532.0,6749.0,54290.0,22532.0,6749.0,48138.0,unchanged
1289407,6927.0,6749.0,54290.0,6927.0,6749.0,48138.0,unchanged
1289409,6927.0,6749.0,54290.0,6927.0,6749.0,48138.0,unchanged
1289410,,,,6927.0,6749.0,48138.0,newly_flagged
1289411,,,,7368.0,7366.0,30576.0,newly_flagged
1289413,,,,7368.0,7366.0,30576.0,newly_flagged
1289415,22704.0,22714.0,43808.0,22704.0,22714.0,38929.0,unchanged
1289417,,,,7274.0,7353.0,46624.0,newly_flagged
1289418,,,,7274.0,7353.0,46624.0,newly_flagged
1289510,9817.0,9785.0,17091.0,9817.0,9785.0,15862.0,unchanged
1289530,9869.0,9860.0,54631.0,9869.0,9860.0,48436.0,unchanged
1289541,24147.0,24055.0,28664.0,24147.0,24055.0,25899.0,unchanged
1289542,10396.0,24055.0,28664.0,,,,no_longer_flagged
1289552,188482.0,188480.0,23533.0,188482.0,188480.0,4973.0,unchanged
1289573,9923.0,9779.0,48976.0,,,,no_longer_flagged
1289575,,,,23930.0,23938.0,30853.0,newly_flagged
1289578,,,,23930.0,23938.0,30853.0,newly_flagged
1289587,,,,23930.0,23938.0,30853.0,newly_flagged
1289590,23930.0,9965.0,54932.0,23930.0,9965.0,46498.0,unchanged
1289594,9869.0,9890.0,52461.0,9869.0,9890.0,46500.0,unchanged
1289595,25489.0,13590.0,49158.0,25489.0,13590.0,43526.0,unchanged
1289612,1580.0,1520.0,54947.0,1580.0,1520.0,48722.0,unchanged
1289626,9869.0,9860.0,54631.0,9869.0,9860.0,48436.0,unchanged
1289628,9869.0,9860.0,54631.0,9869.0,9860.0,48436.0,unchanged
1289629,9753.0,9719.0,51254.0,9753.0,9719.0,45464.0,unchanged
1289717,24052.0,24013.0,36739.0,24052.0,24013.0,33017.0,unchanged
1289726,9722.0,9715.0,12862.0,9722.0,9715.0,11945.0,unchanged
1289727,9671.0,9715.0,12862.0,9671.0,9715.0,11945.0,unchanged
1289753,9214.0,9167.0,49213.0,9214.0,9167.0,43581.0,unchanged
1289757,23295.0,8728.0,12745.0,,,,no_longer_flagged
1289802,,,,8797.0,23362.0,42341.0,newly_flagged
1289825,82843.0,15199.0,23775.0,82843.0,15199.0,21958.0,unchanged
1289849,6836.0,6749.0,54290.0,6836.0,6749.0,48138.0,unchanged
1289850,6879.0,22436.0,55197.0,6879.0,22436.0,47549.0,unchanged
1289851,,,,222091.0,27023.0,30685.0,newly_flagged
1289855,21687.0,21684.0,55378.0,21687.0,21684.0,49045.0,unchanged
1289857,9705.0,500.0,38852.0,9705.0,500.0,34698.0,unchanged
1289865,27129.0,18490.0,55385.0,27129.0,18490.0,49051.0,unchanged
1291132,,,,542988.0,4343.0,10823.0,newly_flagged
1297489,23703.0,9474.0,13538.0,23703.0,9474.0,12547.0,unchanged
1297490,6110.0,6101.0,43844.0,6110.0,6101.0,38968.0,unchanged
1297507,19161.0,19186.0,55405.0,19161.0,27307.0,49068.0,recommendation_changed
1297527,234877.0,343628.0,14600.0,234877.0,343628.0,13593.0,unchanged
1297528,8020.0,7876.0,50395.0,8020.0,7876.0,44685.0,unchanged
1297534,,,,4856.0,4854.0,49081.0,newly_flagged
1297546,22454.0,22436.0,55197.0,22454.0,22436.0,47549.0,unchanged
1297559,91811.0,4638.0,53593.0,91811.0,4638.0,47526.0,unchanged
1297561,22751.0,7423.0,53865.0,22751.0,7423.0,47757.0,unchanged
1297562,132.0,122.0,25606.0,132.0,122.0,23450.0,unchanged
1297563,,,,238715.0,234237.0,16794.0,newly_flagged
1297564,22364.0,6681.0,33469.0,22364.0,6681.0,30442.0,unchanged
1297565,,,,344971.0,222.0,49096.0,newly_flagged
1297566,6211.0,6205.0,18048.0,6211.0,6205.0,16807.0,unchanged
1297569,7502.0,7573.0,55437.0,7502.0,7573.0,49097.0,unchanged
1297577,23021.0,8224.0,32003.0,,,,no_longer_flagged
1297579,,,,4893.0,4882.0,47871.0,newly_flagged
1297599,364830.0,5939.0,18301.0,364830.0,5939.0,17052.0,unchanged
1297602,7719.0,7766.0,55447.0,7719.0,7766.0,49106.0,unchanged
1297604,,,,238715.0,234237.0,16794.0,newly_flagged
1297617,58.0,6820.0,55452.0,58.0,6820.0,49111.0,unchanged
1297619,5974.0,5954.0,55453.0,5974.0,5954.0,49112.0,unchanged
1297621,7611.0,234237.0,33747.0,7611.0,234237.0,16794.0,unchanged
1297646,22178.0,22170.0,55455.0,22178.0,22173.0,30258.0,recommendation_changed
1297666,7416.0,7378.0,55458.0,7416.0,7378.0,49116.0,unchanged
1297694,20547.0,20540.0,55470.0,,,,no_longer_flagged
1297698,26639.0,17100.0,54418.0,26639.0,17100.0,48246.0,unchanged
1297699,18056.0,18052.0,52546.0,18056.0,18052.0,46594.0,unchanged
1297701,19466.0,19497.0,31776.0,19466.0,19497.0,28803.0,unchanged
1297720,,,,20408.0,20422.0,47370.0,newly_flagged
1297733,21623.0,17061.0,5854.0,21623.0,17061.0,5505.0,unchanged
1297744,,,,20540.0,20547.0,45930.0,newly_flagged
1297762,26860.0,4905.0,53525.0,26860.0,17750.0,6728.0,recommendation_changed
1297764,,,,8996.0,8875.0,46435.0,newly_flagged
1297768,25603.0,20421.0,52434.0,25603.0,20421.0,46480.0,unchanged
1297777,3518.0,3338.0,30858.0,3518.0,3338.0,27924.0,unchanged
1297781,15258.0,3338.0,30858.0,15258.0,3338.0,27924.0,unchanged
1297794,376208.0,4638.0,53593.0,376208.0,4638.0,47526.0,unchanged
1297795,376208.0,4638.0,53593.0,376208.0,4638.0,47526.0,unchanged
1297797,376208.0,4638.0,53593.0,376208.0,4638.0,47526.0,unchanged
1297806,,,,17496.0,17497.0,36018.0,newly_flagged
1297818,15961.0,3844.0,30636.0,15961.0,53416.0,27722.0,recommendation_changed
1297820,270079.0,3844.0,30636.0,270079.0,53416.0,27722.0,recommendation_changed
1297846,4790.0,186235.0,52817.0,,,,no_longer_flagged
1297849,4790.0,186235.0,52817.0,,,,no_longer_flagged
1297860,26952.0,26980.0,55540.0,26952.0,26980.0,49188.0,unchanged
1297867,7642.0,22847.0,55543.0,7642.0,22847.0,49191.0,unchanged
1297871,7608.0,7642.0,55542.0,7608.0,7642.0,49190.0,unchanged
1297891,7642.0,7680.0,54774.0,7642.0,7680.0,48577.0,unchanged
1297916,7540.0,22751.0,47243.0,7540.0,22751.0,41835.0,unchanged
1297917,7540.0,22751.0,47243.0,7540.0,22751.0,41835.0,unchanged
1297923,7887.0,22941.0,31583.0,7887.0,22941.0,28617.0,unchanged
1297926,7652.0,7573.0,55437.0,7652.0,7573.0,49097.0,unchanged
1297958,6584.0,6569.0,33989.0,6584.0,6569.0,28359.0,unchanged
1297959,,,,86050.0,6569.0,28359.0,newly_flagged
1297960,6584.0,6569.0,33989.0,6584.0,6569.0,28359.0,unchanged
1297961,86050.0,6569.0,33989.0,86050.0,6569.0,28359.0,unchanged
1298045,8214.0,42523.0,32495.0,,,,no_longer_flagged
1298064,,,,7828.0,7811.0,46703.0,newly_flagged
1298070,,,,7645.0,7549.0,22290.0,newly_flagged
1298072,7742.0,7693.0,55587.0,7742.0,7693.0,49223.0,unchanged
1298074,,,,7014.0,6925.0,44342.0,newly_flagged
1298075,,,,7014.0,6925.0,44342.0,newly_flagged
1298086,22892.0,7844.0,53954.0,22892.0,7844.0,47840.0,unchanged
1298087,7858.0,7844.0,53954.0,7858.0,7844.0,47840.0,unchanged
1298088,22892.0,7844.0,53954.0,22892.0,7844.0,47840.0,unchanged
1298098,7858.0,7844.0,53954.0,7858.0,7844.0,47840.0,unchanged
1298100,7858.0,7844.0,53954.0,7858.0,7844.0,47840.0,unchanged
1298103,22935.0,22925.0,54549.0,22935.0,22925.0,48358.0,unchanged
1298106,22905.0,7828.0,55584.0,22905.0,7811.0,46703.0,recommendation_changed
1298107,22905.0,7828.0,55584.0,22905.0,7811.0,46703.0,recommendation_changed
1298109,22905.0,7828.0,55584.0,22905.0,7811.0,46703.0,recommendation_changed
1298125,22963.0,22942.0,33357.0,22963.0,22942.0,30331.0,unchanged
1298138,23103.0,8343.0,32042.0,,,,no_longer_flagged
1298139,23103.0,8343.0,32042.0,,,,no_longer_flagged
1298140,23103.0,8343.0,32042.0,,,,no_longer_flagged
1298141,23103.0,8343.0,32042.0,,,,no_longer_flagged
1298142,22925.0,22911.0,54555.0,22925.0,22911.0,48364.0,unchanged
1298143,22935.0,22925.0,54549.0,22935.0,22925.0,48358.0,unchanged
1298144,22925.0,22911.0,54555.0,22925.0,22911.0,48364.0,unchanged
1298168,7954.0,7952.0,52798.0,7954.0,7952.0,46669.0,unchanged
1298178,21228.0,21230.0,52825.0,21228.0,21230.0,46838.0,unchanged
1298180,21206.0,21230.0,52825.0,21206.0,21230.0,46838.0,unchanged
1298184,95007.0,95006.0,53289.0,95007.0,95006.0,47259.0,unchanged
1298212,14300.0,14333.0,51865.0,14300.0,14333.0,46016.0,unchanged
1298227,17897.0,17889.0,52877.0,17897.0,17889.0,46881.0,unchanged
1298251,,,,7503.0,7400.0,29763.0,newly_flagged
1298255,,,,7503.0,7400.0,29763.0,newly_flagged
1298276,50216.0,50210.0,53361.0,50216.0,50210.0,47310.0,unchanged
1298281,7455.0,7489.0,54759.0,7455.0,7489.0,48564.0,unchanged
1298315,7452.0,7490.0,55632.0,7452.0,7490.0,49263.0,unchanged
1298343,7358.0,22738.0,53892.0,7358.0,7300.0,3287.0,recommendation_changed
1298358,7384.0,22738.0,53892.0,7384.0,7300.0,3287.0,recommendation_changed
1298363,40.0,42.0,55654.0,40.0,42.0,49286.0,unchanged
1298366,,,,51.0,43.0,49287.0,newly_flagged
1298370,7124.0,7142.0,33147.0,7124.0,7142.0,30135.0,unchanged
1298371,7171.0,7142.0,33147.0,7171.0,7142.0,30135.0,unchanged
1298373,7171.0,7142.0,33147.0,7171.0,7142.0,30135.0,unchanged
1298387,94366.0,41.0,55667.0,94366.0,42.0,49286.0,recommendation_changed
1298389,,,,41.0,42.0,49286.0,newly_flagged
1298394,22734.0,22738.0,53892.0,22734.0,7300.0,3287.0,recommendation_changed
1298395,22734.0,22738.0,53892.0,22734.0,7300.0,3287.0,recommendation_changed
1298396,22734.0,22738.0,53892.0,22734.0,7300.0,3287.0,recommendation_changed
1298400,50.0,47.0,49956.0,50.0,47.0,44281.0,unchanged
1298407,7666.0,7614.0,54824.0,7666.0,7614.0,48620.0,unchanged
1298408,7666.0,7614.0,54824.0,7666.0,7614.0,48620.0,unchanged
1298409,7666.0,7614.0,54824.0,7666.0,7614.0,48620.0,unchanged
1298416,7144.0,7107.0,54832.0,7144.0,7107.0,48625.0,unchanged
1298422,19750.0,7040.0,50090.0,19750.0,6925.0,44342.0,recommendation_changed
1298425,19755.0,7040.0,50090.0,19755.0,6925.0,44342.0,recommendation_changed
1298426,,,,81566.0,6925.0,44342.0,newly_flagged
1298427,6992.0,7040.0,50090.0,6992.0,6925.0,44342.0,recommendation_changed
1298428,22570.0,7040.0,50090.0,22570.0,6925.0,44342.0,recommendation_changed
1298429,22564.0,7040.0,50090.0,22564.0,6925.0,44342.0,recommendation_changed
1298430,60.0,48.0,55682.0,60.0,48.0,49309.0,unchanged
1298431,60.0,48.0,55682.0,60.0,48.0,49309.0,unchanged
1298447,,,,4899.0,4900.0,47656.0,newly_flagged
1298458,21703.0,4923.0,33840.0,21703.0,4923.0,30789.0,unchanged
1298475,26668.0,17159.0,31192.0,26668.0,17159.0,28246.0,unchanged
1298488,10280.0,10132.0,4476.0,10280.0,10132.0,4162.0,unchanged
1298490,14906.0,14831.0,32470.0,14906.0,14831.0,29820.0,unchanged
1298491,335675.0,335676.0,5292.0,335675.0,335676.0,4968.0,unchanged
1298510,22694.0,7299.0,53747.0,22694.0,7299.0,47655.0,unchanged
1298524,18402.0,18451.0,22868.0,18402.0,18451.0,19979.0,unchanged
1298538,6879.0,22436.0,55197.0,6879.0,22436.0,47549.0,unchanged
1298552,19762.0,19760.0,55711.0,19762.0,19760.0,49332.0,unchanged
1298557,,,,6978.0,22436.0,47549.0,newly_flagged
1298566,6879.0,22436.0,55197.0,6879.0,22436.0,47549.0,unchanged
1298567,6879.0,22436.0,55197.0,6879.0,22436.0,47549.0,unchanged
1298569,6879.0,22436.0,55197.0,6879.0,22436.0,47549.0,unchanged
1298606,4224.0,4313.0,32872.0,4224.0,4313.0,29862.0,unchanged
1298610,,,,7828.0,7811.0,46703.0,newly_flagged
1298642,7273.0,7294.0,53602.0,7273.0,7294.0,47536.0,unchanged
1298643,7323.0,7300.0,3595.0,7323.0,7300.0,3287.0,unchanged
1298644,7309.0,7294.0,53602.0,7309.0,7294.0,47536.0,unchanged
1298645,7323.0,7300.0,3595.0,7323.0,7300.0,3287.0,unchanged
1298693,,,,4905.0,17750.0,6728.0,newly_flagged
1298707,150075.0,18264.0,14568.0,150075.0,18264.0,13561.0,unchanged
1298709,150075.0,18264.0,14568.0,150075.0,18264.0,13561.0,unchanged
1298712,22266.0,6349.0,31979.0,22266.0,6349.0,28996.0,unchanged
1298731,18628.0,18589.0,55751.0,18628.0,18589.0,49359.0,unchanged
1298732,18641.0,18634.0,53688.0,18641.0,18634.0,47605.0,unchanged
1298733,18641.0,18634.0,53688.0,18641.0,18634.0,47605.0,unchanged
1298734,,,,8464.0,8656.0,49360.0,newly_flagged
1298735,,,,8631.0,8656.0,49360.0,newly_flagged
1298739,8800.0,8711.0,49063.0,,,,no_longer_flagged
1298746,18628.0,18589.0,55751.0,18628.0,18589.0,49359.0,unchanged
1298748,18628.0,18589.0,55751.0,18628.0,18589.0,49359.0,unchanged
1298750,4136.0,4115.0,53508.0,4136.0,4115.0,47442.0,unchanged
1298751,4136.0,4115.0,53508.0,4136.0,4115.0,47442.0,unchanged
1298754,4225.0,4219.0,30917.0,4225.0,4219.0,27981.0,unchanged
1298774,126.0,22664.0,49953.0,126.0,22664.0,44278.0,unchanged
1298775,22802.0,22823.0,28712.0,,,,no_longer_flagged
1298776,7521.0,22823.0,28712.0,7521.0,22802.0,3883.0,recommendation_changed
1298781,19551.0,19536.0,54445.0,19551.0,19536.0,48270.0,unchanged
1298806,19312.0,19285.0,13080.0,19312.0,19285.0,12165.0,unchanged
1298807,19536.0,19524.0,53945.0,19536.0,19524.0,47831.0,unchanged
1298819,8033.0,7993.0,51642.0,8033.0,7993.0,45829.0,unchanged
1298821,8033.0,7993.0,51642.0,8033.0,7993.0,45829.0,unchanged
1298837,94.0,22664.0,49953.0,94.0,22664.0,44278.0,unchanged
1298844,8912.0,8831.0,53835.0,8912.0,8831.0,47725.0,unchanged
1298882,,,,84.0,6925.0,44342.0,newly_flagged
1298890,22926.0,22909.0,55771.0,22926.0,22909.0,49375.0,unchanged
1298891,22926.0,22909.0,55771.0,22926.0,22909.0,49375.0,unchanged
1298892,22926.0,22909.0,55771.0,22926.0,22909.0,49375.0,unchanged
1298893,22926.0,22909.0,55771.0,22926.0,22909.0,49375.0,unchanged
1298932,463436.0,463437.0,11095.0,463436.0,463437.0,10270.0,unchanged
1298953,7986.0,8012.0,55787.0,7986.0,8012.0,49389.0,unchanged
1298960,7546.0,7621.0,54385.0,7546.0,7621.0,48123.0,unchanged
1298966,7735.0,7850.0,31855.0,7735.0,7850.0,28879.0,unchanged
1298967,7735.0,7850.0,31855.0,7735.0,7850.0,28879.0,unchanged
1298968,7746.0,7850.0,31855.0,7746.0,7850.0,28879.0,unchanged
1298969,7735.0,7850.0,31855.0,7735.0,7850.0,28879.0,unchanged
1298970,7746.0,7850.0,31855.0,7746.0,7850.0,28879.0,unchanged
1298982,7897.0,7850.0,31855.0,7897.0,7850.0,28879.0,unchanged
1298983,7897.0,7850.0,31855.0,7897.0,7850.0,28879.0,unchanged
1298984,7897.0,7850.0,31855.0,7897.0,7850.0,28879.0,unchanged
1299006,6705.0,22438.0,30864.0,6705.0,22350.0,27930.0,recommendation_changed
1299008,6705.0,22399.0,55798.0,6705.0,22399.0,49398.0,unchanged
1299023,7285.0,7306.0,31318.0,7285.0,7306.0,28369.0,unchanged
1299038,7262.0,7281.0,32596.0,7262.0,7281.0,29595.0,unchanged
1299041,7262.0,7281.0,32596.0,7262.0,7281.0,29595.0,unchanged
1299042,,,,6383.0,6368.0,29918.0,newly_flagged
1299045,,,,6383.0,6368.0,29918.0,newly_flagged
1299051,22283.0,6468.0,53792.0,22283.0,6468.0,47695.0,unchanged
1299052,,,,6383.0,6368.0,29918.0,newly_flagged
1299053,,,,6383.0,6368.0,29918.0,newly_flagged
1299068,7851.0,7806.0,52665.0,7851.0,7806.0,47362.0,unchanged
1299069,7851.0,7806.0,52665.0,7851.0,7806.0,47362.0,unchanged
1299124,16533.0,16512.0,55800.0,16533.0,16512.0,47405.0,unchanged
1299133,7423.0,22751.0,47243.0,7423.0,22751.0,41835.0,unchanged
1299134,16415.0,16386.0,24061.0,16415.0,16386.0,22226.0,unchanged
1299136,16361.0,16386.0,24061.0,,,,no_longer_flagged
1299137,16361.0,16386.0,24061.0,,,,no_longer_flagged
1299138,8009.0,7979.0,30699.0,8009.0,7979.0,27778.0,unchanged
1299154,,,,19318.0,19359.0,36589.0,newly_flagged
1299171,5953.0,5955.0,55826.0,5953.0,5955.0,49422.0,unchanged
1299187,4599.0,4651.0,30131.0,4599.0,4651.0,27284.0,unchanged
1299198,32926.0,4676.0,53462.0,32926.0,4676.0,47403.0,unchanged
1299199,,,,536717.0,20813.0,21726.0,newly_flagged
1299205,21549.0,4282.0,47237.0,21549.0,21546.0,28605.0,recommendation_changed
1299218,26838.0,17668.0,52860.0,,,,no_longer_flagged
1299219,26838.0,17668.0,52860.0,,,,no_longer_flagged
1299220,26838.0,17668.0,52860.0,,,,no_longer_flagged
1299221,26838.0,17668.0,52860.0,,,,no_longer_flagged
1299225,21660.0,4734.0,53243.0,,,,no_longer_flagged
1299233,458747.0,172495.0,32078.0,458747.0,172495.0,29096.0,unchanged
1299258,4275.0,4313.0,32872.0,4275.0,4313.0,29862.0,unchanged
1299261,,,,4926.0,21707.0,26096.0,newly_flagged
1299280,4769.0,4768.0,10147.0,4769.0,4768.0,9391.0,unchanged
1299285,21660.0,4734.0,53243.0,,,,no_longer_flagged
1299302,27011.0,27023.0,33760.0,27011.0,27023.0,30685.0,unchanged
1299303,27025.0,27023.0,33760.0,27025.0,27023.0,30685.0,unchanged
1299304,27025.0,27023.0,33760.0,27025.0,27023.0,30685.0,unchanged
1299305,,,,27011.0,27023.0,30685.0,newly_flagged
1299323,26634.0,17099.0,55861.0,26634.0,17099.0,49452.0,unchanged
1299330,,,,18155.0,18152.0,49454.0,newly_flagged
1299336,27002.0,27000.0,55866.0,27002.0,27000.0,49457.0,unchanged
1299377,,536734.0,49997.0,,536734.0,44317.0,unchanged
1299413,4597.0,4572.0,52950.0,,,,no_longer_flagged
1299422,229115.0,4760.0,55885.0,229115.0,4760.0,49476.0,unchanged
1299457,,,,4930.0,17750.0,6728.0,newly_flagged
1299493,26924.0,17897.0,30921.0,26924.0,17897.0,27986.0,unchanged
1299525,4224.0,4313.0,32872.0,4224.0,4313.0,29862.0,unchanged
1299526,27307.0,19186.0,55405.0,,,,no_longer_flagged
1299527,18966.0,18935.0,31857.0,18966.0,18935.0,28881.0,unchanged
1299529,19028.0,18935.0,31857.0,19028.0,18935.0,28881.0,unchanged
1299543,21708.0,4929.0,53511.0,21708.0,4929.0,47445.0,unchanged
1299545,21708.0,4929.0,53511.0,21708.0,4929.0,47445.0,unchanged
1299555,21708.0,4929.0,53511.0,21708.0,4929.0,47445.0,unchanged
1299556,21708.0,4929.0,53511.0,21708.0,4929.0,47445.0,unchanged
1299567,27131.0,18414.0,55221.0,27131.0,18414.0,48938.0,unchanged
1299569,27144.0,18414.0,55221.0,27144.0,18414.0,48938.0,unchanged
1299574,27307.0,19186.0,55405.0,,,,no_longer_flagged
1299575,27307.0,19186.0,55405.0,,,,no_longer_flagged
1299576,27307.0,19186.0,55405.0,,,,no_longer_flagged
1299577,27307.0,19186.0,55405.0,,,,no_longer_flagged
1299593,,,,17954.0,26953.0,49513.0,newly_flagged
1299598,26764.0,17478.0,53549.0,26764.0,17478.0,47477.0,unchanged
1299599,26732.0,26750.0,40400.0,26732.0,17497.0,36018.0,recommendation_changed
1299606,18561.0,5049.0,55938.0,18561.0,5049.0,49519.0,unchanged
1299607,,,,18665.0,74531.0,4958.0,newly_flagged
1299609,,,,18665.0,74531.0,4958.0,newly_flagged
1299611,18910.0,18897.0,55413.0,18910.0,18897.0,49074.0,unchanged
1299617,195214.0,21639.0,53597.0,195214.0,21639.0,47530.0,unchanged
1299626,27033.0,18052.0,52546.0,27033.0,18052.0,46594.0,unchanged
1299627,27033.0,18052.0,52546.0,27033.0,18052.0,46594.0,unchanged
1299628,27033.0,18052.0,52546.0,27033.0,18052.0,46594.0,unchanged
1299629,27033.0,18052.0,52546.0,27033.0,18052.0,46594.0,unchanged
1299642,21639.0,17213.0,55946.0,,,,no_longer_flagged
1299647,17280.0,17159.0,31192.0,17280.0,17159.0,28246.0,unchanged
1299653,26708.0,17159.0,31192.0,26708.0,17159.0,28246.0,unchanged
1299669,18910.0,18897.0,55413.0,18910.0,18897.0,49074.0,unchanged
1299683,,,,17213.0,21639.0,49131.0,newly_flagged
1299686,,,,473133.0,473122.0,4509.0,newly_flagged
1299697,,,,21658.0,17159.0,28246.0,newly_flagged
1299703,4224.0,4313.0,32872.0,4224.0,4313.0,29862.0,unchanged
1299705,4224.0,4313.0,32872.0,4224.0,4313.0,29862.0,unchanged
1299710,26682.0,17159.0,31192.0,26682.0,17159.0,28246.0,unchanged
1299713,,,,26707.0,17159.0,28246.0,newly_flagged
1299715,,,,17213.0,17159.0,28246.0,newly_flagged
1299719,17280.0,17159.0,31192.0,17280.0,17159.0,28246.0,unchanged
1299721,,,,17257.0,17159.0,28246.0,newly_flagged
1299722,26708.0,17159.0,31192.0,26708.0,17159.0,28246.0,unchanged
1299723,26708.0,17159.0,31192.0,26708.0,17159.0,28246.0,unchanged
1299735,,,,17213.0,17159.0,28246.0,newly_flagged
1299749,,,,27094.0,18373.0,31078.0,newly_flagged
1299763,17184.0,17159.0,31192.0,17184.0,17159.0,28246.0,unchanged
1299764,17184.0,17159.0,31192.0,17184.0,17159.0,28246.0,unchanged
1299765,26682.0,17159.0,31192.0,26682.0,17159.0,28246.0,unchanged
1299774,4118.0,4115.0,53508.0,4118.0,4115.0,47442.0,unchanged
1299776,349653.0,50844.0,47199.0,349653.0,50844.0,41793.0,unchanged
1299782,,,,18400.0,18367.0,49566.0,newly_flagged
1299785,,,,18296.0,18373.0,31078.0,newly_flagged
1299787,,,,113907.0,18490.0,49051.0,newly_flagged
1299789,21736.0,4982.0,34167.0,21736.0,405675.0,3564.0,recommendation_changed
1299801,23990.0,23974.0,50851.0,23990.0,23975.0,45102.0,recommendation_changed
1299804,18401.0,18344.0,56009.0,18401.0,18344.0,49572.0,unchanged
1299815,17434.0,17433.0,54691.0,,,,no_longer_flagged
1299816,17434.0,17433.0,54691.0,,,,no_longer_flagged
1299818,17434.0,17433.0,54691.0,,,,no_longer_flagged
1299819,17434.0,17433.0,54691.0,,,,no_longer_flagged
1299823,,,,18394.0,18367.0,49566.0,newly_flagged
1299827,27185.0,18589.0,55751.0,27185.0,18589.0,49359.0,unchanged
1299828,27185.0,18589.0,55751.0,27185.0,18589.0,49359.0,unchanged
1299830,,,,18394.0,18367.0,49566.0,newly_flagged
1299832,,,,18400.0,18367.0,49566.0,newly_flagged
1299835,27140.0,18490.0,55385.0,27140.0,18490.0,49051.0,unchanged
1299836,27140.0,18490.0,55385.0,27140.0,18490.0,49051.0,unchanged
1299841,18344.0,18384.0,56007.0,18344.0,18384.0,49570.0,unchanged
1299850,18347.0,18296.0,50201.0,18347.0,18373.0,31078.0,recommendation_changed
1299851,,,,18296.0,18373.0,31078.0,newly_flagged
1299852,,,,384187.0,18373.0,31078.0,newly_flagged
1299853,384187.0,18296.0,50201.0,384187.0,18373.0,31078.0,recommendation_changed
1299858,,,,18638.0,18661.0,49481.0,newly_flagged
1299870,,,,18400.0,18367.0,49566.0,newly_flagged
1299871,,,,18417.0,18367.0,49566.0,newly_flagged
1299872,18394.0,18400.0,56001.0,18394.0,18367.0,49566.0,recommendation_changed
1299874,27185.0,18616.0,30799.0,27185.0,18616.0,27868.0,unchanged
1299895,26882.0,17800.0,53577.0,26882.0,17800.0,47509.0,unchanged
1299917,,,,26874.0,17770.0,49515.0,newly_flagged
1299918,,,,46367.0,27142.0,47396.0,newly_flagged
1299920,244165.0,18561.0,5285.0,244165.0,18561.0,4961.0,unchanged
1299921,,,,27162.0,18561.0,4961.0,newly_flagged
1299929,,,,58848.0,17788.0,49590.0,newly_flagged
1299937,26965.0,17986.0,5303.0,26965.0,17986.0,4979.0,unchanged
1299973,74530.0,18665.0,5282.0,74530.0,74531.0,4958.0,recommendation_changed
1300010,17014.0,26609.0,54276.0,17014.0,26609.0,49354.0,unchanged
1300016,21690.0,4880.0,56076.0,21690.0,4880.0,49621.0,unchanged
1300031,18661.0,18638.0,56021.0,,,,no_longer_flagged
1300047,18421.0,18414.0,55221.0,18421.0,18414.0,48938.0,unchanged
1300048,18421.0,18414.0,55221.0,18421.0,18414.0,48938.0,unchanged
1300049,18421.0,18414.0,55221.0,18421.0,18414.0,48938.0,unchanged
1300053,18437.0,18414.0,55221.0,18437.0,18414.0,48938.0,unchanged
1300075,7436.0,7456.0,31977.0,7436.0,7456.0,28994.0,unchanged
1300076,7436.0,7456.0,31977.0,7436.0,7456.0,28994.0,unchanged
1300082,8739.0,8682.0,5254.0,8739.0,8682.0,4930.0,unchanged
1300086,7259.0,7281.0,32596.0,7259.0,7281.0,29595.0,unchanged
1300088,7259.0,7281.0,32596.0,7259.0,7281.0,29595.0,unchanged
1300089,9063.0,9042.0,56091.0,9063.0,9042.0,49633.0,unchanged
1300091,8868.0,8808.0,5291.0,8868.0,8808.0,4967.0,unchanged
1300092,8739.0,8682.0,5254.0,8739.0,8682.0,4930.0,unchanged
1300100,7972.0,7935.0,55428.0,7972.0,7935.0,49089.0,unchanged
1300113,7980.0,7968.0,56101.0,7980.0,7968.0,49642.0,unchanged
1300118,7931.0,22948.0,31369.0,7931.0,22948.0,28416.0,unchanged
1300122,7980.0,22948.0,31369.0,7980.0,22948.0,28416.0,unchanged
1300137,6014.0,6003.0,56107.0,6014.0,6003.0,49647.0,unchanged
1300139,7931.0,22948.0,31369.0,7931.0,22948.0,28416.0,unchanged
1300141,7931.0,22948.0,31369.0,7931.0,22948.0,28416.0,unchanged
1300154,8764.0,8775.0,56114.0,8764.0,8775.0,49654.0,unchanged
1300158,7363.0,7264.0,47200.0,7363.0,7322.0,46179.0,recommendation_changed
1300160,7324.0,7264.0,47200.0,7324.0,7322.0,46179.0,recommendation_changed
1300161,7363.0,7264.0,47200.0,7363.0,7322.0,46179.0,recommendation_changed
1300162,7363.0,7264.0,47200.0,7363.0,7322.0,46179.0,recommendation_changed
1300172,344173.0,458668.0,52476.0,344173.0,458668.0,46514.0,unchanged
1300188,78.0,76.0,56123.0,78.0,76.0,30379.0,unchanged
1300195,7898.0,458668.0,52476.0,7898.0,458668.0,46514.0,unchanged
1300196,7911.0,458668.0,52476.0,7911.0,458668.0,46514.0,unchanged
1300210,22710.0,7353.0,52578.0,22710.0,7353.0,46624.0,unchanged
1300213,22710.0,7353.0,52578.0,22710.0,7353.0,46624.0,unchanged
1300217,7304.0,7353.0,52578.0,7304.0,7353.0,46624.0,unchanged
1300220,,,,7274.0,7353.0,46624.0,newly_flagged
1300244,22710.0,7353.0,52578.0,22710.0,7353.0,46624.0,unchanged
1300288,178.0,133.0,14591.0,178.0,165.0,13584.0,recommendation_changed
1300289,,,,224.0,165.0,13584.0,newly_flagged
1300381,7684.0,22841.0,56150.0,7684.0,22841.0,49687.0,unchanged
1300385,6705.0,22438.0,30864.0,6705.0,22350.0,27930.0,recommendation_changed
1300417,7737.0,7724.0,52033.0,7737.0,7724.0,46153.0,unchanged
1300430,7933.0,7724.0,52033.0,7933.0,7724.0,46153.0,unchanged
1300431,7933.0,7724.0,52033.0,7933.0,7724.0,46153.0,unchanged
1300434,,,,22438.0,6820.0,49111.0,newly_flagged
1300435,,,,22438.0,6820.0,49111.0,newly_flagged
1300437,,,,22438.0,6820.0,49111.0,newly_flagged
1300447,8291.0,8292.0,53878.0,,,,no_longer_flagged
1300448,8291.0,8292.0,53878.0,,,,no_longer_flagged
1300464,7517.0,7524.0,56168.0,7517.0,7524.0,49705.0,unchanged
1300482,,,,7298.0,7272.0,47776.0,newly_flagged
1300483,,,,7298.0,7272.0,47776.0,newly_flagged
1300484,7326.0,7298.0,53883.0,7326.0,7272.0,47776.0,recommendation_changed
1300485,,,,7298.0,7272.0,47776.0,newly_flagged
1300490,22951.0,8019.0,53882.0,22951.0,8019.0,47775.0,unchanged
1300491,22951.0,8019.0,53882.0,22951.0,8019.0,47775.0,unchanged
1300496,7648.0,7609.0,56175.0,7648.0,7609.0,49710.0,unchanged
1300499,7272.0,7298.0,53883.0,,,,no_longer_flagged
1300501,7494.0,7556.0,53953.0,7494.0,7556.0,47839.0,unchanged
1300505,7851.0,7806.0,52665.0,7851.0,7811.0,46703.0,recommendation_changed
1300513,7910.0,7724.0,52033.0,7910.0,7724.0,46153.0,unchanged
1300521,8875.0,8996.0,52374.0,,,,no_longer_flagged
1300526,7272.0,7298.0,53883.0,,,,no_longer_flagged
1300527,7272.0,7298.0,53883.0,,,,no_longer_flagged
1300528,7272.0,7298.0,53883.0,,,,no_longer_flagged
1300554,8214.0,42523.0,32495.0,,,,no_longer_flagged
1300557,8081.0,8118.0,54907.0,8081.0,8118.0,48691.0,unchanged
1300595,,,,22852.0,22914.0,49415.0,newly_flagged
1300596,22852.0,22805.0,32442.0,22852.0,22805.0,29448.0,unchanged
1300598,28.0,6569.0,33989.0,28.0,6569.0,28359.0,unchanged
1300599,19741.0,6569.0,33989.0,19741.0,6569.0,28359.0,unchanged
1300600,34.0,6569.0,33989.0,34.0,6569.0,28359.0,unchanged
1300608,21.0,22.0,50027.0,21.0,22.0,44347.0,unchanged
1300609,19.0,14.0,53862.0,19.0,14.0,47754.0,unchanged
1300611,8214.0,42523.0,32495.0,,,,no_longer_flagged
1300613,8214.0,42523.0,32495.0,,,,no_longer_flagged
1300618,22941.0,7949.0,53770.0,22941.0,7949.0,47677.0,unchanged
1300620,22941.0,7949.0,53770.0,22941.0,7949.0,47677.0,unchanged
1300621,22941.0,7949.0,53770.0,22941.0,7949.0,47677.0,unchanged
1300624,7310.0,7337.0,31292.0,7310.0,7337.0,28344.0,unchanged
1300631,,,,7643.0,7549.0,22290.0,newly_flagged
1300638,7273.0,7294.0,53602.0,7273.0,7294.0,47536.0,unchanged
1300640,7292.0,7294.0,53602.0,7292.0,7294.0,47536.0,unchanged
1300641,,,,7280.0,7294.0,47536.0,newly_flagged
1300667,7067.0,7128.0,18232.0,7067.0,7128.0,16987.0,unchanged
1300668,7067.0,7128.0,18232.0,7067.0,7128.0,16987.0,unchanged
1300686,7067.0,7128.0,18232.0,7067.0,7128.0,16987.0,unchanged
1300695,255368.0,269.0,56230.0,255368.0,269.0,49745.0,unchanged
1300712,,,,19780.0,167.0,16768.0,newly_flagged
1300713,,,,19780.0,167.0,16768.0,newly_flagged
1300714,225.0,7408.0,32170.0,225.0,7408.0,29185.0,unchanged
1300731,202.0,19780.0,18009.0,202.0,167.0,16768.0,recommendation_changed
1300732,248.0,7408.0,32170.0,248.0,7408.0,29185.0,unchanged
1300733,202.0,19780.0,18009.0,202.0,167.0,16768.0,recommendation_changed
1300735,22426.0,6716.0,56243.0,22426.0,6716.0,49757.0,unchanged
1300759,22410.0,22444.0,56252.0,22410.0,22444.0,49765.0,unchanged
1300773,145.0,196.0,4405.0,,,,no_longer_flagged
1300794,22600.0,22670.0,33440.0,22600.0,22670.0,30413.0,unchanged
1300797,82.0,22670.0,33440.0,82.0,22670.0,30413.0,unchanged
1300798,129911.0,102685.0,33492.0,129911.0,102685.0,30464.0,unchanged
1300799,129911.0,102685.0,33492.0,129911.0,102685.0,30464.0,unchanged
1300800,129911.0,102685.0,33492.0,129911.0,102685.0,30464.0,unchanged
1300801,129911.0,102685.0,33492.0,129911.0,102685.0,30464.0,unchanged
1300811,,,,265.0,237.0,29624.0,newly_flagged
1300812,,,,265.0,237.0,29624.0,newly_flagged
1300813,,,,265.0,237.0,29624.0,newly_flagged
1300822,,,,239.0,237.0,29624.0,newly_flagged
1300824,233.0,196.0,4405.0,233.0,196.0,29652.0,unchanged
1300827,160.0,196.0,4405.0,160.0,196.0,29652.0,unchanged
1300849,535973.0,535975.0,98.0,,,,no_longer_flagged
1300882,7698.0,22893.0,8588.0,7698.0,22893.0,7999.0,unchanged
1300886,,,,22890.0,22895.0,29614.0,newly_flagged
1300887,,,,22890.0,22895.0,29614.0,newly_flagged
1300888,22895.0,22890.0,56281.0,,,,no_longer_flagged
1300889,,,,22890.0,22895.0,29614.0,newly_flagged
1300890,,,,22890.0,22895.0,29614.0,newly_flagged
1300893,,,,22890.0,22895.0,29614.0,newly_flagged
1300898,,,,22890.0,22895.0,29614.0,newly_flagged
1300899,22895.0,22890.0,56280.0,,,,no_longer_flagged
1300900,22895.0,22890.0,56282.0,22895.0,22890.0,49785.0,unchanged
1300905,22410.0,22444.0,56252.0,22410.0,22444.0,49765.0,unchanged
1300914,22895.0,22890.0,56290.0,,,,no_longer_flagged
1300915,104.0,196.0,4405.0,104.0,145.0,21937.0,recommendation_changed
1300916,,,,22890.0,22895.0,29614.0,newly_flagged
1300917,405771.0,196.0,4405.0,405771.0,145.0,21937.0,recommendation_changed
1300934,22856.0,7796.0,56293.0,22856.0,7796.0,49790.0,unchanged
1300935,22856.0,7796.0,56293.0,22856.0,7796.0,49790.0,unchanged
1300943,,,,6074.0,6069.0,1741.0,newly_flagged
1300961,6512.0,6528.0,56209.0,6512.0,6528.0,28657.0,unchanged
1300984,7702.0,7796.0,56293.0,7702.0,7796.0,49790.0,unchanged
1301009,22952.0,22950.0,56321.0,22952.0,22950.0,49816.0,unchanged
1301014,,,,22866.0,7705.0,49798.0,newly_flagged
1301015,,,,22866.0,7705.0,49798.0,newly_flagged
1301016,,,,22866.0,7705.0,49798.0,newly_flagged
1301017,,,,22866.0,7705.0,49798.0,newly_flagged
1301022,191.0,199.0,32650.0,191.0,199.0,29644.0,unchanged
1301070,6945.0,6888.0,23853.0,6945.0,6888.0,22032.0,unchanged
1301071,6945.0,6888.0,23853.0,6945.0,6888.0,22032.0,unchanged
1301072,6945.0,6888.0,23853.0,6945.0,6888.0,22032.0,unchanged
1301073,6945.0,6888.0,23853.0,6945.0,6888.0,22032.0,unchanged
1301074,22286.0,22270.0,56336.0,22286.0,22270.0,49834.0,unchanged
1301075,22286.0,22270.0,56336.0,22286.0,22270.0,49834.0,unchanged
1301084,7012.0,22594.0,30935.0,7012.0,22594.0,27998.0,unchanged
1301123,162.0,196.0,4405.0,162.0,145.0,21937.0,recommendation_changed
1301130,22501.0,6905.0,24109.0,22501.0,6852.0,47022.0,recommendation_changed
1301142,22521.0,6852.0,53030.0,,,,no_longer_flagged
1301143,22521.0,6852.0,53030.0,,,,no_longer_flagged
1301144,22521.0,6852.0,53030.0,,,,no_longer_flagged
1301147,22501.0,6905.0,24109.0,22501.0,6852.0,47022.0,recommendation_changed
1301163,22501.0,6905.0,24109.0,22501.0,6852.0,47022.0,recommendation_changed
1301190,6945.0,6888.0,23853.0,6945.0,6888.0,22032.0,unchanged
1301192,6945.0,6888.0,23853.0,6945.0,6888.0,22032.0,unchanged
1301216,,,,6905.0,6852.0,47022.0,newly_flagged
1301222,7848.0,7977.0,30593.0,7848.0,7977.0,27680.0,unchanged
1301271,,,,6951.0,7027.0,15621.0,newly_flagged
1301278,165.0,133.0,14591.0,,,,no_longer_flagged
1301279,7253.0,133.0,14591.0,7253.0,165.0,13584.0,recommendation_changed
1301281,,,,133.0,165.0,13584.0,newly_flagged
1301303,22565.0,7027.0,31068.0,22565.0,7027.0,15621.0,unchanged
1301304,6952.0,7027.0,31068.0,6952.0,7027.0,15621.0,unchanged
1301305,6952.0,6935.0,56377.0,6952.0,6935.0,49879.0,unchanged
1301359,22452.0,7037.0,33947.0,,,,no_longer_flagged
1301374,,,,22421.0,22411.0,28134.0,newly_flagged
1301375,,,,22421.0,22411.0,28134.0,newly_flagged
1301426,,,,138.0,196.0,29652.0,newly_flagged
1301427,,,,138.0,196.0,29652.0,newly_flagged
1301428,101.0,196.0,4405.0,101.0,196.0,29652.0,unchanged
1301429,100.0,196.0,4405.0,100.0,196.0,29652.0,unchanged
1301435,22286.0,22270.0,56336.0,22286.0,22270.0,49834.0,unchanged
1301436,22286.0,22270.0,56336.0,22286.0,22270.0,49834.0,unchanged
1301452,6092.0,6096.0,56411.0,6092.0,6096.0,49916.0,unchanged
1301463,6503.0,6485.0,51665.0,6503.0,6485.0,45849.0,unchanged
1301483,444222.0,444219.0,23746.0,444222.0,444223.0,26002.0,recommendation_changed
1301505,22503.0,22489.0,56421.0,22503.0,22489.0,49926.0,unchanged
1301535,,,,175.0,165.0,13584.0,newly_flagged
1301538,6101.0,6173.0,52048.0,6101.0,6173.0,46167.0,unchanged
1301560,6286.0,22240.0,56441.0,,,,no_longer_flagged
1301576,22240.0,22244.0,56443.0,22240.0,22244.0,49952.0,unchanged
1301577,22240.0,22244.0,56443.0,22240.0,22244.0,49952.0,unchanged
1301616,7954.0,7952.0,52798.0,7954.0,7952.0,46669.0,unchanged
1301627,7776.0,7769.0,56458.0,7776.0,7769.0,49964.0,unchanged
1301628,7776.0,7769.0,56458.0,7776.0,7769.0,49964.0,unchanged
1301666,22925.0,22911.0,54555.0,22925.0,22911.0,48364.0,unchanged
1301711,6944.0,6888.0,23853.0,,,,no_longer_flagged
1301774,7776.0,7826.0,56313.0,7776.0,7826.0,49806.0,unchanged
1301775,7776.0,7769.0,56458.0,7776.0,7769.0,49964.0,unchanged
1301776,7776.0,7826.0,56313.0,7776.0,7826.0,49806.0,unchanged
1301777,7776.0,7826.0,56313.0,7776.0,7826.0,49806.0,unchanged
1301788,6754.0,22426.0,18235.0,6754.0,22426.0,16990.0,unchanged
1301831,7235.0,22664.0,49953.0,7235.0,22664.0,44278.0,unchanged
1301842,22621.0,7041.0,32058.0,22621.0,7041.0,29078.0,unchanged
1301874,6287.0,6286.0,56511.0,6287.0,6286.0,50018.0,unchanged
1301898,,,,6905.0,6852.0,47022.0,newly_flagged
1301900,,,,6905.0,6852.0,47022.0,newly_flagged
1301901,,,,6905.0,6852.0,47022.0,newly_flagged
1301912,7008.0,7037.0,33947.0,,,,no_longer_flagged
1301915,243.0,19780.0,18009.0,243.0,167.0,16768.0,recommendation_changed
1301934,84.0,7040.0,50090.0,84.0,6925.0,44342.0,recommendation_changed
1301935,7305.0,7208.0,53354.0,7305.0,7366.0,30576.0,recommendation_changed
1301936,7179.0,22664.0,49953.0,7179.0,22664.0,44278.0,unchanged
1301944,,,,6905.0,6852.0,47022.0,newly_flagged
1301961,,,,473132.0,473122.0,4509.0,newly_flagged
1301983,22553.0,7037.0,33947.0,22553.0,7037.0,30880.0,unchanged
1302013,370319.0,2497.0,17831.0,370319.0,2497.0,16592.0,unchanged
1302034,,,,177.0,148.0,29653.0,newly_flagged
1302035,,,,177.0,148.0,29653.0,newly_flagged
1302038,6313.0,6362.0,56413.0,,,,no_longer_flagged
1302066,7803.0,7841.0,56494.0,7803.0,7841.0,49999.0,unchanged
1302087,22490.0,6852.0,53030.0,22490.0,6852.0,47022.0,unchanged
1302089,22490.0,6852.0,53030.0,22490.0,6852.0,47022.0,unchanged
1302096,22490.0,6852.0,53030.0,22490.0,6852.0,47022.0,unchanged
1302113,,,,19766.0,167.0,16768.0,newly_flagged
1302115,,,,8334.0,8242.0,28000.0,newly_flagged
1302128,6982.0,6820.0,55452.0,6982.0,6820.0,49111.0,unchanged
1302131,561.0,543.0,44637.0,561.0,543.0,39623.0,unchanged
1302136,,,,22563.0,22574.0,29886.0,newly_flagged
1302137,22521.0,6852.0,53030.0,,,,no_longer_flagged
1302139,22605.0,22585.0,56562.0,22605.0,22585.0,50071.0,unchanged
1302140,,,,22563.0,22574.0,29886.0,newly_flagged
1302141,22574.0,22563.0,32635.0,,,,no_longer_flagged
1302158,2014.0,2079.0,56565.0,2014.0,2079.0,50074.0,unchanged
1302178,22521.0,6852.0,53030.0,,,,no_longer_flagged
1302179,22521.0,6852.0,53030.0,,,,no_longer_flagged
1302180,22574.0,22563.0,32635.0,,,,no_longer_flagged
1302202,22553.0,7037.0,33947.0,22553.0,7037.0,30880.0,unchanged
1302206,6810.0,6789.0,56572.0,6810.0,6789.0,50081.0,unchanged
1302207,6810.0,6789.0,56572.0,6810.0,6789.0,50081.0,unchanged
1302209,6810.0,6789.0,56572.0,6810.0,6789.0,50081.0,unchanged
1302219,22553.0,7037.0,33947.0,22553.0,7037.0,30880.0,unchanged
1302245,1358.0,1378.0,29646.0,1358.0,1378.0,26815.0,unchanged
1302252,,,,7587.0,7724.0,46153.0,newly_flagged
1302262,22484.0,7037.0,33947.0,,,,no_longer_flagged
1302263,22484.0,7037.0,33947.0,,,,no_longer_flagged
1302265,22484.0,7037.0,33947.0,,,,no_longer_flagged
1302285,22605.0,22585.0,56562.0,22605.0,22585.0,50071.0,unchanged
1302289,22605.0,22585.0,56562.0,22605.0,22585.0,50071.0,unchanged
1302290,22585.0,6951.0,16849.0,22585.0,7027.0,15621.0,recommendation_changed
1302293,7034.0,6951.0,16849.0,,,,no_longer_flagged
1302300,7034.0,7074.0,56602.0,7034.0,7074.0,50110.0,unchanged
1302302,22585.0,6951.0,16849.0,22585.0,7027.0,15621.0,recommendation_changed
1302306,22490.0,6852.0,53030.0,22490.0,6852.0,47022.0,unchanged
1302322,7034.0,6951.0,16849.0,,,,no_longer_flagged
1302326,,,,22563.0,22574.0,29886.0,newly_flagged
1302327,,,,22563.0,22574.0,29886.0,newly_flagged
1302334,7034.0,6951.0,16849.0,,,,no_longer_flagged
1302335,22585.0,6951.0,16849.0,22585.0,7027.0,15621.0,recommendation_changed
1302336,22585.0,6951.0,16849.0,22585.0,7027.0,15621.0,recommendation_changed
1302337,22583.0,7122.0,56596.0,22583.0,7122.0,22344.0,unchanged
1302348,22252.0,6341.0,33567.0,22252.0,6341.0,29896.0,unchanged
1302355,,,,18471.0,18444.0,15970.0,newly_flagged
1302360,6902.0,7037.0,33947.0,6902.0,7037.0,30880.0,unchanged
1302426,6637.0,6591.0,31652.0,6637.0,6591.0,28686.0,unchanged
1302428,6637.0,6591.0,31652.0,6637.0,6591.0,28686.0,unchanged
1302429,6637.0,6591.0,31652.0,6637.0,6591.0,28686.0,unchanged
1302441,26888.0,26899.0,52811.0,26888.0,26899.0,46826.0,unchanged
1302507,6891.0,6924.0,18013.0,,,,no_longer_flagged
1302567,6811.0,22462.0,56568.0,6811.0,22462.0,50078.0,unchanged
1302587,6568.0,6564.0,53450.0,6568.0,6564.0,47390.0,unchanged
1302594,449044.0,449045.0,9107.0,449044.0,449045.0,8468.0,unchanged
1302622,375057.0,19737.0,53543.0,375057.0,19737.0,47471.0,unchanged
1302656,415425.0,449264.0,4360.0,415425.0,415422.0,15202.0,recommendation_changed
1302661,415425.0,449264.0,4360.0,415425.0,415422.0,15202.0,recommendation_changed
1302662,6478.0,6509.0,17904.0,6478.0,6509.0,16664.0,unchanged
1302688,6367.0,6362.0,56413.0,6367.0,6362.0,49918.0,unchanged
1302722,473207.0,449264.0,4360.0,473207.0,449264.0,4300.0,unchanged
1302726,22522.0,6888.0,23853.0,22522.0,6888.0,22032.0,unchanged
1302728,22522.0,6888.0,23853.0,22522.0,6888.0,22032.0,unchanged
1302772,6501.0,6451.0,17813.0,6501.0,6451.0,16574.0,unchanged
1302794,501853.0,501855.0,7272.0,501853.0,501855.0,6805.0,unchanged
1302797,535856.0,535858.0,11679.0,535856.0,535858.0,10808.0,unchanged
1302837,,,,506644.0,506642.0,5743.0,newly_flagged
1302839,5976.0,22086.0,32550.0,5976.0,22086.0,29551.0,unchanged
1302851,391248.0,391247.0,10377.0,,,,no_longer_flagged
1302910,165.0,133.0,14591.0,,,,no_longer_flagged
1302911,223.0,133.0,14591.0,223.0,165.0,13584.0,recommendation_changed
1302912,223.0,133.0,14591.0,223.0,165.0,13584.0,recommendation_changed
1302913,165.0,133.0,14591.0,,,,no_longer_flagged
1302919,134.0,133.0,14591.0,134.0,165.0,13584.0,recommendation_changed
1302922,330237.0,330236.0,56690.0,330237.0,330236.0,50199.0,unchanged
1302925,22585.0,6951.0,16849.0,22585.0,7027.0,15621.0,recommendation_changed
1302927,,,,224.0,165.0,13584.0,newly_flagged
1302929,330235.0,330236.0,56690.0,330235.0,330236.0,50199.0,unchanged
1302934,7959.0,7896.0,56469.0,7959.0,7896.0,49978.0,unchanged
1302937,7959.0,7896.0,56469.0,7959.0,7896.0,49978.0,unchanged
1302944,220.0,177.0,56540.0,220.0,148.0,29653.0,recommendation_changed
1302946,22895.0,22890.0,56282.0,,,,no_longer_flagged
1302949,22895.0,22890.0,56696.0,,,,no_longer_flagged
1302958,22349.0,6653.0,34008.0,22349.0,6653.0,30937.0,unchanged
1302962,115.0,93.0,56554.0,115.0,93.0,50064.0,unchanged
1302982,6934.0,6967.0,9474.0,6934.0,6967.0,8792.0,unchanged
1302983,,,,19780.0,167.0,16768.0,newly_flagged
1302989,6934.0,6967.0,9474.0,6934.0,6967.0,8792.0,unchanged
1303035,6796.0,7037.0,33947.0,6796.0,22484.0,50097.0,recommendation_changed
1303083,6617.0,6653.0,34008.0,6617.0,6653.0,30937.0,unchanged
1303087,22252.0,6341.0,33567.0,22252.0,6341.0,29896.0,unchanged
1303089,5146.0,5165.0,2056.0,5146.0,5165.0,1899.0,unchanged
1303110,22490.0,6852.0,53030.0,22490.0,6852.0,47022.0,unchanged
1303152,22553.0,7037.0,33947.0,22553.0,7037.0,30880.0,unchanged
1303154,6834.0,22457.0,56730.0,6834.0,22457.0,50238.0,unchanged
1303170,22433.0,22444.0,56252.0,22433.0,22444.0,49765.0,unchanged
1303173,22433.0,22444.0,56252.0,22433.0,22444.0,49765.0,unchanged
1303185,22395.0,22410.0,56737.0,22395.0,22410.0,50246.0,unchanged
1303186,22428.0,22457.0,56730.0,22428.0,22457.0,50238.0,unchanged
1303205,57245.0,7149.0,31102.0,57245.0,7149.0,28158.0,unchanged
1303219,7287.0,7290.0,56736.0,7287.0,7290.0,50245.0,unchanged
1303248,248.0,7408.0,32170.0,248.0,7408.0,29185.0,unchanged
1303299,7008.0,7037.0,33947.0,,,,no_longer_flagged
1303300,7008.0,7037.0,33947.0,,,,no_longer_flagged
1303317,22252.0,6341.0,33567.0,22252.0,6341.0,29896.0,unchanged
1303398,6437.0,6429.0,53002.0,6437.0,6429.0,46997.0,unchanged
1303399,6437.0,6429.0,53002.0,6437.0,6429.0,46997.0,unchanged
1303400,6437.0,6429.0,53002.0,6437.0,6429.0,46997.0,unchanged
1303401,6437.0,6429.0,53002.0,6437.0,6429.0,46997.0,unchanged
1303402,6443.0,6429.0,53002.0,,,,no_longer_flagged
1303403,6443.0,6429.0,53002.0,,,,no_longer_flagged
1303405,6443.0,6429.0,53002.0,,,,no_longer_flagged
1303414,6860.0,22457.0,56730.0,6860.0,22457.0,50238.0,unchanged
1303434,57245.0,7149.0,31102.0,57245.0,7149.0,28158.0,unchanged
1303435,57245.0,7149.0,31102.0,57245.0,7149.0,28158.0,unchanged
1303436,57245.0,7149.0,31102.0,,,,no_longer_flagged
1303462,22522.0,6888.0,23853.0,22522.0,6888.0,22032.0,unchanged
1303464,22522.0,6888.0,23853.0,22522.0,6888.0,22032.0,unchanged
1303465,22522.0,6888.0,23853.0,22522.0,6888.0,22032.0,unchanged
1303496,6336.0,6362.0,56413.0,6336.0,6313.0,50051.0,recommendation_changed
1303499,22294.0,22290.0,56409.0,22294.0,22290.0,49914.0,unchanged
1303503,22428.0,22449.0,56775.0,22428.0,22449.0,50297.0,unchanged
1303504,22428.0,22449.0,56775.0,22428.0,22449.0,50297.0,unchanged
1303538,330237.0,330236.0,56690.0,330237.0,330236.0,50199.0,unchanged
1303540,,,,224.0,165.0,13584.0,newly_flagged
1303568,22522.0,6888.0,23853.0,22522.0,6888.0,22032.0,unchanged
1303569,22522.0,6888.0,23853.0,22522.0,6888.0,22032.0,unchanged
1303578,22411.0,22421.0,31080.0,,,,no_longer_flagged
1303580,22411.0,22421.0,31080.0,,,,no_longer_flagged
1303581,22411.0,22421.0,31080.0,,,,no_longer_flagged
1303586,6944.0,6888.0,23853.0,,,,no_longer_flagged
1303587,6944.0,6888.0,23853.0,,,,no_longer_flagged
1303588,6944.0,6888.0,23853.0,,,,no_longer_flagged
1303589,6893.0,6888.0,23853.0,6893.0,6888.0,22032.0,unchanged
1303606,6893.0,6888.0,23853.0,6893.0,6888.0,22032.0,unchanged
1303608,6893.0,6888.0,23853.0,6893.0,6888.0,22032.0,unchanged
1303609,6893.0,6888.0,23853.0,6893.0,6888.0,22032.0,unchanged
1303612,22452.0,7037.0,33947.0,,,,no_longer_flagged
1303614,,,,6893.0,6888.0,22032.0,newly_flagged
1303615,6944.0,6888.0,23853.0,,,,no_longer_flagged
1303616,6944.0,6888.0,23853.0,,,,no_longer_flagged
1303617,6944.0,6888.0,23853.0,,,,no_longer_flagged
1303620,22522.0,6888.0,23853.0,22522.0,6888.0,22032.0,unchanged
1303636,92774.0,92773.0,56796.0,92774.0,92773.0,50317.0,unchanged
1303756,7071.0,22625.0,32644.0,7071.0,22625.0,29638.0,unchanged
1303771,7071.0,22625.0,32644.0,7071.0,22625.0,29638.0,unchanged
1303817,6648.0,6636.0,56836.0,,,,no_longer_flagged
1303820,6636.0,6648.0,56837.0,,,,no_longer_flagged
1303824,6636.0,6648.0,56834.0,,,,no_longer_flagged
1303834,6648.0,6636.0,56843.0,,,,no_longer_flagged
1303850,6648.0,6636.0,32616.0,,,,no_longer_flagged
1303851,6648.0,6636.0,56836.0,,,,no_longer_flagged
1303853,6648.0,6636.0,56836.0,,,,no_longer_flagged
1303866,,,,6951.0,7027.0,15621.0,newly_flagged
1303867,6910.0,6890.0,32897.0,6910.0,6890.0,29887.0,unchanged
1303868,,,,6951.0,7027.0,15621.0,newly_flagged
1303911,7120.0,7190.0,50305.0,7120.0,7190.0,44600.0,unchanged
1303934,6824.0,22449.0,56775.0,6824.0,22449.0,50297.0,unchanged
1303935,6824.0,22449.0,56775.0,6824.0,22449.0,50297.0,unchanged
1303936,6824.0,22449.0,56775.0,6824.0,22449.0,50297.0,unchanged
1303937,22428.0,22449.0,56775.0,22428.0,22449.0,50297.0,unchanged
1303950,,,,19793.0,199.0,29644.0,newly_flagged
1303953,95.0,22664.0,49953.0,95.0,22664.0,44278.0,unchanged
1303966,22424.0,22401.0,56870.0,22424.0,22401.0,50363.0,unchanged
1303967,22424.0,6804.0,2832.0,22424.0,6804.0,2576.0,unchanged
1303969,22424.0,6804.0,2832.0,22424.0,6804.0,2576.0,unchanged
1303991,22401.0,6804.0,2832.0,22401.0,6804.0,2576.0,unchanged
1304018,,,,269.0,7408.0,29185.0,newly_flagged
1304019,,,,270.0,7408.0,29185.0,newly_flagged
1304023,22626.0,7050.0,32605.0,22626.0,7050.0,29605.0,unchanged
1304026,537133.0,537131.0,4809.0,537133.0,537135.0,8653.0,recommendation_changed
1304030,247.0,7505.0,56877.0,247.0,7505.0,50367.0,unchanged
1304034,22800.0,7446.0,18010.0,22800.0,208.0,16769.0,recommendation_changed
1304035,343372.0,7669.0,40397.0,343372.0,7408.0,29185.0,recommendation_changed
1304036,,,,7529.0,7408.0,29185.0,newly_flagged
1304046,19788.0,7408.0,32170.0,19788.0,7408.0,29185.0,unchanged
1304047,19788.0,7408.0,32170.0,19788.0,7408.0,29185.0,unchanged
1304056,,,,19759.0,93.0,50064.0,newly_flagged
1304057,7103.0,7031.0,32083.0,7103.0,7031.0,49746.0,unchanged
1304072,7067.0,7128.0,18232.0,7067.0,7128.0,16987.0,unchanged
1304079,7694.0,22872.0,56892.0,7694.0,22872.0,50375.0,unchanged
1304082,7331.0,7300.0,3595.0,7331.0,7300.0,3287.0,unchanged
1304090,7893.0,7918.0,56222.0,7893.0,7918.0,49737.0,unchanged
1304098,210.0,209.0,32636.0,210.0,209.0,29631.0,unchanged
1304111,,,,154.0,119.0,10375.0,newly_flagged
1304148,8352.0,8277.0,56916.0,8352.0,8277.0,50399.0,unchanged
1304174,7194.0,22621.0,20607.0,7194.0,22621.0,19032.0,unchanged
1304196,22136.0,6063.0,56924.0,22136.0,6063.0,50407.0,unchanged
1304205,22401.0,6804.0,2832.0,22401.0,6804.0,2576.0,unchanged
1304219,6351.0,6322.0,56442.0,6351.0,6322.0,49947.0,unchanged
1304242,22503.0,22489.0,56421.0,22503.0,22489.0,49926.0,unchanged
1304250,6182.0,6158.0,34133.0,6182.0,6158.0,31046.0,unchanged
1304253,6182.0,6158.0,34133.0,6182.0,6158.0,31046.0,unchanged
1304260,7194.0,22621.0,20607.0,7194.0,22621.0,19032.0,unchanged
1304299,22952.0,7896.0,56469.0,22952.0,7896.0,49978.0,unchanged
1304320,,,,94374.0,18876.0,49587.0,newly_flagged
1304323,19707.0,19702.0,152.0,19707.0,19702.0,146.0,unchanged
1304326,,,,140.0,148.0,29653.0,newly_flagged
1304329,,,,140.0,148.0,29653.0,newly_flagged
1304351,7995.0,22943.0,56950.0,7995.0,22943.0,50426.0,unchanged
1304353,,,,22438.0,6820.0,49111.0,newly_flagged
1304359,11460.0,11438.0,18604.0,11460.0,11418.0,17352.0,recommendation_changed
1304361,11460.0,11438.0,18604.0,11460.0,11418.0,17352.0,recommendation_changed
1304372,12682.0,12621.0,24600.0,,,,no_longer_flagged
1304374,100.0,196.0,4405.0,100.0,196.0,29652.0,unchanged
1304384,,,,537119.0,542510.0,1725.0,newly_flagged
1304400,6443.0,6429.0,53002.0,,,,no_longer_flagged
1304407,37117.0,37118.0,56807.0,37117.0,37118.0,50431.0,unchanged
1304418,6313.0,6362.0,56413.0,,,,no_longer_flagged
1304421,6313.0,6362.0,56413.0,,,,no_longer_flagged
1304466,22417.0,6767.0,56624.0,,,,no_longer_flagged
1304510,7891.0,7877.0,56974.0,7891.0,7877.0,50447.0,unchanged
1304592,376459.0,375710.0,53363.0,376459.0,375710.0,47312.0,unchanged
1304640,,,,7191.0,119.0,10375.0,newly_flagged
1304641,117.0,118.0,32656.0,117.0,118.0,29650.0,unchanged
1304654,19770.0,19780.0,18009.0,19770.0,167.0,16768.0,recommendation_changed
1304656,115.0,116.0,33499.0,115.0,116.0,30470.0,unchanged
1304658,,,,154.0,119.0,10375.0,newly_flagged
1304663,22952.0,7896.0,56469.0,22952.0,7896.0,49978.0,unchanged
1304665,7959.0,7896.0,56469.0,7959.0,7896.0,49978.0,unchanged
1304666,22952.0,7896.0,56469.0,22952.0,7896.0,49978.0,unchanged
1304687,214.0,184.0,5276.0,214.0,184.0,4952.0,unchanged
1304688,,,,250.0,199.0,29644.0,newly_flagged
1304694,113.0,143.0,53739.0,113.0,143.0,47648.0,unchanged
1304695,113.0,143.0,53739.0,113.0,143.0,47648.0,unchanged
1304698,168956.0,250.0,57019.0,168956.0,199.0,29644.0,recommendation_changed
1304699,168956.0,250.0,57019.0,168956.0,199.0,29644.0,recommendation_changed
1304708,370388.0,84132.0,50826.0,370388.0,84132.0,45066.0,unchanged
1304742,,,,200.0,199.0,29644.0,newly_flagged
1304746,125.0,152.0,57037.0,125.0,130.0,27864.0,recommendation_changed
1304747,,,,152.0,130.0,27864.0,newly_flagged
1304750,8075.0,8033.0,53447.0,8075.0,8033.0,47387.0,unchanged
1304752,8544.0,8694.0,31921.0,8544.0,8694.0,28940.0,unchanged
1304758,134.0,133.0,14591.0,134.0,165.0,13584.0,recommendation_changed
1304760,178.0,133.0,14591.0,178.0,165.0,13584.0,recommendation_changed
1304761,,,,175.0,165.0,13584.0,newly_flagged
1304763,,,,152.0,130.0,27864.0,newly_flagged
1304764,,,,152.0,130.0,27864.0,newly_flagged
1304766,125.0,152.0,57037.0,125.0,130.0,27864.0,recommendation_changed
1304771,,,,181.0,199.0,29644.0,newly_flagged
1304772,,,,250.0,199.0,29644.0,newly_flagged
1304782,6999.0,6997.0,32630.0,,,,no_longer_flagged
1304786,6999.0,6997.0,32630.0,,,,no_longer_flagged
1304798,85732.0,22670.0,33440.0,85732.0,22670.0,30413.0,unchanged
1304799,85732.0,22670.0,33440.0,85732.0,22670.0,30413.0,unchanged
1304815,22545.0,22536.0,57051.0,22545.0,22536.0,50487.0,unchanged
1304835,22600.0,22670.0,33440.0,22600.0,22670.0,30413.0,unchanged
1304871,,,,254.0,237.0,29624.0,newly_flagged
1304873,253.0,239.0,32629.0,253.0,237.0,29624.0,recommendation_changed
1304874,,,,254.0,237.0,29624.0,newly_flagged
1304877,266.0,239.0,32629.0,266.0,237.0,29624.0,recommendation_changed
1304884,109.0,22670.0,33440.0,109.0,22670.0,30413.0,unchanged
1304891,190.0,196.0,4405.0,190.0,196.0,29652.0,unchanged
1304892,162.0,196.0,4405.0,162.0,145.0,21937.0,recommendation_changed
1304893,162.0,195.0,57067.0,162.0,195.0,50501.0,unchanged
1304894,168.0,196.0,4405.0,168.0,196.0,29652.0,unchanged
1304896,168.0,196.0,4405.0,168.0,196.0,29652.0,unchanged
1304897,159.0,196.0,4405.0,159.0,196.0,29652.0,unchanged
1304901,168.0,196.0,4405.0,168.0,196.0,29652.0,unchanged
1304902,195.0,196.0,4405.0,195.0,196.0,29652.0,unchanged
1304907,195.0,196.0,4405.0,195.0,196.0,29652.0,unchanged
1304908,195.0,196.0,4405.0,195.0,196.0,29652.0,unchanged
1304909,233.0,196.0,4405.0,233.0,196.0,29652.0,unchanged
1304911,271.0,239.0,32629.0,271.0,237.0,29624.0,recommendation_changed
1304912,233.0,196.0,4405.0,233.0,196.0,29652.0,unchanged
1304914,260.0,239.0,32629.0,260.0,237.0,29624.0,recommendation_changed
1304918,,,,241.0,234.0,50503.0,newly_flagged
1304921,,,,241.0,234.0,50503.0,newly_flagged
1304924,186.0,167.0,57076.0,186.0,167.0,16768.0,unchanged
1304925,19770.0,19780.0,18009.0,19770.0,167.0,16768.0,recommendation_changed
1304942,186.0,167.0,57076.0,186.0,167.0,16768.0,unchanged
1304952,201.0,184.0,5276.0,201.0,184.0,4952.0,unchanged
1304954,145.0,196.0,4405.0,,,,no_longer_flagged
1304955,145.0,196.0,4405.0,,,,no_longer_flagged
1304957,159.0,196.0,4405.0,159.0,196.0,29652.0,unchanged
1304968,330238.0,330239.0,31246.0,330238.0,330239.0,28299.0,unchanged
1304977,7041.0,7138.0,56216.0,,,,no_longer_flagged
1304979,7041.0,7138.0,56216.0,,,,no_longer_flagged
1304991,7041.0,7138.0,56216.0,,,,no_longer_flagged
1305001,22663.0,7149.0,31102.0,,,,no_longer_flagged
1305023,,,,7686.0,7661.0,47522.0,newly_flagged
1305030,6998.0,6997.0,32630.0,6998.0,6997.0,29625.0,unchanged
1305031,6998.0,6997.0,32630.0,6998.0,6997.0,29625.0,unchanged
1305032,6998.0,6997.0,32630.0,6998.0,6997.0,29625.0,unchanged
1305033,6998.0,6997.0,32630.0,6998.0,6997.0,29625.0,unchanged
1305079,22092.0,5965.0,30613.0,22092.0,5965.0,27700.0,unchanged
1305124,22521.0,6852.0,53030.0,,,,no_longer_flagged
1305125,370238.0,6472.0,28895.0,,,,no_longer_flagged
1305131,5950.0,5954.0,55453.0,5950.0,5954.0,49112.0,unchanged
1305151,,,,239.0,237.0,29624.0,newly_flagged
1305198,5973.0,5986.0,56108.0,5973.0,5986.0,49648.0,unchanged
1305230,23895.0,9893.0,50624.0,23895.0,9893.0,44896.0,unchanged
1305255,204.0,7408.0,32170.0,204.0,7408.0,29185.0,unchanged
1305278,22943.0,7946.0,54537.0,22943.0,7946.0,48346.0,unchanged
1305279,22943.0,7946.0,54537.0,22943.0,7946.0,48346.0,unchanged
1305280,22943.0,7946.0,54537.0,22943.0,7946.0,48346.0,unchanged
1305283,22946.0,7979.0,51643.0,22946.0,7979.0,45830.0,unchanged
1305284,22946.0,7979.0,51643.0,22946.0,7979.0,45830.0,unchanged
1305285,22946.0,7979.0,51643.0,22946.0,7979.0,45830.0,unchanged
1305295,,,,7990.0,22954.0,50549.0,newly_flagged
1305296,,,,7990.0,22954.0,50549.0,newly_flagged
1305299,22954.0,7990.0,57147.0,,,,no_longer_flagged
1305300,22954.0,7990.0,57147.0,,,,no_longer_flagged
1305301,22954.0,7990.0,57147.0,,,,no_longer_flagged
1305308,639.0,599.0,13468.0,639.0,599.0,12476.0,unchanged
1305319,26608.0,26606.0,30904.0,26608.0,26606.0,27969.0,unchanged
1305384,16359.0,16386.0,24061.0,16359.0,16361.0,47406.0,recommendation_changed
1305394,8563.0,8694.0,31921.0,8563.0,8694.0,28940.0,unchanged
1305436,21871.0,5460.0,57175.0,21871.0,5460.0,50570.0,unchanged
1305438,7144.0,7107.0,54832.0,7144.0,7107.0,48625.0,unchanged
1305470,9063.0,9042.0,56091.0,9063.0,9042.0,49633.0,unchanged
1305472,9063.0,9042.0,56091.0,9063.0,9042.0,49633.0,unchanged
1305473,9063.0,9042.0,56091.0,9063.0,9042.0,49633.0,unchanged
1305481,8141.0,8137.0,52630.0,8141.0,8137.0,46668.0,unchanged
1305482,8068.0,8081.0,57182.0,8068.0,8081.0,50576.0,unchanged
1305495,8068.0,8081.0,57182.0,8068.0,8081.0,50576.0,unchanged
1305498,8141.0,8137.0,52630.0,8141.0,8137.0,46668.0,unchanged
1305500,8141.0,8137.0,52630.0,8141.0,8137.0,46668.0,unchanged
1305526,8101.0,8088.0,21120.0,8101.0,8088.0,12555.0,unchanged
1305529,8043.0,8088.0,21120.0,8043.0,8088.0,12555.0,unchanged
1305617,5906.0,22074.0,57207.0,5906.0,22074.0,50599.0,unchanged
1305621,,,,8722.0,8636.0,50600.0,newly_flagged
1305626,22714.0,7301.0,56128.0,22714.0,7301.0,49666.0,unchanged
1305639,7649.0,7724.0,52033.0,7649.0,7724.0,46153.0,unchanged
1305640,7649.0,7724.0,52033.0,7649.0,7724.0,46153.0,unchanged
1305654,8673.0,8672.0,32092.0,,,,no_longer_flagged
1305657,8673.0,8672.0,32092.0,,,,no_longer_flagged
1305666,4265.0,4219.0,30917.0,4265.0,4219.0,27981.0,unchanged
1305669,26424.0,16386.0,24061.0,26424.0,16386.0,22226.0,unchanged
1305673,8101.0,8088.0,21120.0,8101.0,8088.0,12555.0,unchanged
1305768,7363.0,7264.0,47200.0,7363.0,7322.0,46179.0,recommendation_changed
1305794,8380.0,8321.0,57239.0,8380.0,8321.0,50620.0,unchanged
1305799,,,,22795.0,7548.0,28109.0,newly_flagged
1305803,,,,22795.0,7548.0,28109.0,newly_flagged
1305804,,,,22795.0,7548.0,28109.0,newly_flagged
1305818,,,,7587.0,7724.0,46153.0,newly_flagged
1305827,22855.0,7724.0,52033.0,22855.0,7724.0,46153.0,unchanged
1305829,22855.0,7724.0,52033.0,22855.0,7724.0,46153.0,unchanged
1305841,,,,239.0,237.0,29624.0,newly_flagged
1305876,22172.0,22163.0,18337.0,22172.0,22163.0,17086.0,unchanged
1305928,,,,22896.0,22900.0,29601.0,newly_flagged
1305929,,,,22896.0,22900.0,29601.0,newly_flagged
1305936,,,,22896.0,22900.0,29601.0,newly_flagged
1305939,,,,22896.0,22900.0,29601.0,newly_flagged
1305941,,,,22890.0,22895.0,29614.0,newly_flagged
1305947,,,,22896.0,22900.0,29601.0,newly_flagged
1305949,22900.0,22896.0,57293.0,,,,no_longer_flagged
1305954,22896.0,22900.0,57285.0,22896.0,22900.0,29601.0,unchanged
1305955,,,,22896.0,22900.0,29601.0,newly_flagged
1305957,,,,22896.0,22900.0,29601.0,newly_flagged
1305966,,,,22890.0,22895.0,29614.0,newly_flagged
1305967,,,,22890.0,22895.0,29614.0,newly_flagged
1305990,6999.0,6997.0,32630.0,,,,no_longer_flagged
1305993,6999.0,6997.0,32630.0,,,,no_longer_flagged
1306022,22954.0,7974.0,53849.0,,,,no_longer_flagged
1306023,,,,7974.0,22954.0,47740.0,newly_flagged
1306024,22954.0,7974.0,53849.0,,,,no_longer_flagged
1306025,22954.0,7974.0,53849.0,,,,no_longer_flagged
1306027,22954.0,7974.0,53849.0,,,,no_longer_flagged
1306041,,,,7990.0,22954.0,50549.0,newly_flagged
1306056,7555.0,7733.0,6749.0,7555.0,7733.0,6327.0,unchanged
1306058,8030.0,8010.0,52793.0,,,,no_longer_flagged
1306059,8030.0,8010.0,52793.0,,,,no_longer_flagged
1306061,8030.0,8010.0,52793.0,,,,no_longer_flagged
1306074,8587.0,8812.0,33936.0,8587.0,8636.0,50600.0,recommendation_changed
1306075,8636.0,8812.0,33936.0,,,,no_longer_flagged
1306076,8636.0,8812.0,33936.0,,,,no_longer_flagged
1306077,8636.0,8812.0,33936.0,,,,no_longer_flagged
1306084,23058.0,23074.0,57307.0,23058.0,23074.0,50649.0,unchanged
1306098,,,,22965.0,7955.0,47821.0,newly_flagged
1306106,8065.0,8030.0,54258.0,8065.0,8030.0,48109.0,unchanged
1306108,8065.0,8030.0,54258.0,8065.0,8030.0,48109.0,unchanged
1306109,8065.0,8030.0,54258.0,8065.0,8030.0,48109.0,unchanged
1306127,8132.0,8081.0,57182.0,8132.0,8081.0,50576.0,unchanged
1306129,8132.0,8081.0,57182.0,8132.0,8081.0,50576.0,unchanged
1306138,7608.0,7642.0,55542.0,7608.0,7642.0,49190.0,unchanged
1306140,7608.0,7642.0,55542.0,7608.0,7642.0,49190.0,unchanged
1306162,7649.0,7724.0,52033.0,7649.0,7724.0,46153.0,unchanged
1306165,,,,7587.0,7724.0,46153.0,newly_flagged
1306170,8606.0,8632.0,53946.0,,,,no_longer_flagged
1306172,8606.0,8632.0,53946.0,,,,no_longer_flagged
1306190,7887.0,22941.0,31583.0,7887.0,22941.0,28617.0,unchanged
1306209,8606.0,8632.0,53946.0,,,,no_longer_flagged
1306218,4950.0,4948.0,57337.0,4950.0,4948.0,28118.0,unchanged
1306222,26606.0,17007.0,57342.0,26606.0,17007.0,50681.0,unchanged
1306225,26606.0,17007.0,57342.0,26606.0,17007.0,50681.0,unchanged
1306240,26606.0,17007.0,57342.0,26606.0,17007.0,50681.0,unchanged
1306273,20243.0,1845.0,52835.0,20243.0,1845.0,46847.0,unchanged
1306274,335675.0,335676.0,5292.0,335675.0,335676.0,4968.0,unchanged
1306275,,,,14607.0,2700.0,49166.0,newly_flagged
1306279,936.0,837.0,53054.0,936.0,837.0,47050.0,unchanged
1306291,17863.0,26899.0,52811.0,17863.0,26899.0,46826.0,unchanged
1306293,17863.0,26899.0,52811.0,17863.0,26899.0,46826.0,unchanged
1306294,26887.0,26899.0,52811.0,26887.0,26899.0,46826.0,unchanged
1306295,26870.0,26899.0,52811.0,26870.0,26899.0,46826.0,unchanged
1306296,26870.0,26899.0,52811.0,26870.0,26899.0,46826.0,unchanged
1306297,,,,26887.0,26899.0,46826.0,newly_flagged
1306299,,,,21169.0,15199.0,21958.0,newly_flagged
1306301,21106.0,15199.0,23775.0,21106.0,15199.0,21958.0,unchanged
1306326,21628.0,21618.0,53763.0,21628.0,21627.0,48328.0,recommendation_changed
1306327,21627.0,21618.0,53763.0,,,,no_longer_flagged
1306328,21628.0,21618.0,53763.0,21628.0,21627.0,48328.0,recommendation_changed
1306329,21628.0,21618.0,53763.0,21628.0,21627.0,48328.0,recommendation_changed
1306398,16813.0,16690.0,53670.0,16813.0,16690.0,47590.0,unchanged
1306399,16750.0,16690.0,53670.0,16750.0,16690.0,47590.0,unchanged
1306414,21452.0,3830.0,52894.0,21452.0,3728.0,21805.0,recommendation_changed
1306415,39003.0,124779.0,23813.0,39003.0,124779.0,21993.0,unchanged
1306421,,,,3578.0,3587.0,48496.0,newly_flagged
1306438,5453.0,5324.0,47280.0,5453.0,5324.0,41868.0,unchanged
1306444,23103.0,8343.0,32042.0,,,,no_longer_flagged
1306446,391280.0,391282.0,1291.0,,,,no_longer_flagged
1306494,26626.0,21629.0,51863.0,26626.0,21629.0,46014.0,unchanged
1306504,191680.0,3714.0,52893.0,191680.0,53416.0,27722.0,recommendation_changed
1306522,8124.0,8149.0,33732.0,8124.0,8149.0,30690.0,unchanged
1306570,,,,7828.0,7811.0,46703.0,newly_flagged
1306571,22905.0,22888.0,54898.0,22905.0,22888.0,48685.0,unchanged
1306573,,,,7828.0,7811.0,46703.0,newly_flagged
1306588,18152.0,18132.0,57430.0,18152.0,18132.0,47836.0,unchanged
1306608,17790.0,26856.0,52537.0,17790.0,26856.0,46586.0,unchanged
1306609,17790.0,26856.0,52537.0,17790.0,26856.0,46586.0,unchanged
1306641,18228.0,18264.0,14568.0,18228.0,18264.0,13561.0,unchanged
1306659,27057.0,27023.0,33760.0,27057.0,27023.0,30685.0,unchanged
1306660,27057.0,27023.0,33760.0,27057.0,27023.0,30685.0,unchanged
1306678,21542.0,26419.0,54540.0,21542.0,26419.0,48350.0,unchanged
1306680,21542.0,26419.0,54540.0,21542.0,26419.0,48350.0,unchanged
1306682,27129.0,18490.0,55385.0,27129.0,18490.0,49051.0,unchanged
1306691,4973.0,4969.0,54651.0,4973.0,4969.0,48455.0,unchanged
1306729,23103.0,8343.0,32042.0,,,,no_longer_flagged
1306759,18303.0,18277.0,16692.0,,,,no_longer_flagged
1306761,18303.0,18277.0,16692.0,,,,no_longer_flagged
1306765,246718.0,26750.0,40400.0,246718.0,17497.0,36018.0,recommendation_changed
1306774,4671.0,4662.0,19942.0,4671.0,4662.0,18466.0,unchanged
1306785,6178.0,6197.0,31293.0,6178.0,6197.0,28345.0,unchanged
1306792,6721.0,6697.0,54724.0,6721.0,6697.0,48533.0,unchanged
1306797,6907.0,22511.0,47214.0,6907.0,22511.0,41807.0,unchanged
1306808,4561.0,21606.0,33900.0,4561.0,21606.0,30841.0,unchanged
1306811,116471.0,2839.0,41770.0,116471.0,2839.0,37118.0,unchanged
1306818,536347.0,25963.0,38438.0,536347.0,25963.0,34333.0,unchanged
1306819,536347.0,25963.0,38438.0,536347.0,25963.0,34333.0,unchanged
1306820,536347.0,25963.0,38438.0,536347.0,25963.0,34333.0,unchanged
1306839,7993.0,7974.0,53850.0,7993.0,7974.0,47741.0,unchanged
1306845,6617.0,6653.0,34008.0,6617.0,6653.0,30937.0,unchanged
1306846,17078.0,17075.0,28885.0,17078.0,17075.0,26106.0,unchanged
1306860,12625.0,12622.0,44841.0,12625.0,12622.0,39803.0,unchanged
1306889,7839.0,22912.0,57197.0,7839.0,22912.0,50589.0,unchanged
1306891,7839.0,7807.0,57496.0,7839.0,7807.0,50786.0,unchanged
1306893,7839.0,22912.0,57197.0,7839.0,22912.0,50589.0,unchanged
1306896,22919.0,7925.0,57198.0,22919.0,7925.0,50590.0,unchanged
1306900,8558.0,8565.0,53120.0,8558.0,8565.0,47115.0,unchanged
1306902,,,,193.0,169.0,8055.0,newly_flagged
1306923,7763.0,7807.0,57496.0,7763.0,7807.0,50786.0,unchanged
1306925,8344.0,8318.0,53471.0,8344.0,8318.0,47411.0,unchanged
1306931,7763.0,7807.0,57496.0,7763.0,7807.0,50786.0,unchanged
1306933,7763.0,7807.0,57496.0,7763.0,7807.0,50786.0,unchanged
1306960,8422.0,8382.0,5120.0,8422.0,8382.0,4789.0,unchanged
1306961,8422.0,8382.0,5120.0,8422.0,8382.0,4789.0,unchanged
1306967,8101.0,8088.0,21120.0,8101.0,8088.0,12555.0,unchanged
1306968,8043.0,8088.0,21120.0,8043.0,8088.0,12555.0,unchanged
1307005,8428.0,8694.0,31921.0,8428.0,8694.0,28940.0,unchanged
1307015,7322.0,7264.0,47200.0,,,,no_longer_flagged
1307016,7322.0,7264.0,47200.0,,,,no_longer_flagged
1307027,7551.0,7651.0,57523.0,7551.0,7651.0,50813.0,unchanged
1307031,8525.0,8694.0,31921.0,8525.0,8694.0,28940.0,unchanged
1307032,8563.0,8694.0,31921.0,8563.0,8694.0,28940.0,unchanged
1307033,8563.0,8694.0,31921.0,8563.0,8694.0,28940.0,unchanged
1307051,22705.0,7264.0,47200.0,22705.0,7322.0,46179.0,recommendation_changed
1307052,22705.0,7264.0,47200.0,22705.0,7322.0,46179.0,recommendation_changed
1307054,7416.0,7378.0,55458.0,7416.0,7378.0,49116.0,unchanged
1307055,7416.0,7378.0,55458.0,7416.0,7378.0,49116.0,unchanged
1307056,7416.0,7378.0,55458.0,7416.0,7378.0,49116.0,unchanged
1307057,,,,7503.0,7400.0,29763.0,newly_flagged
1307062,9021.0,8983.0,57530.0,9021.0,8983.0,50818.0,unchanged
1307064,,,,6971.0,7064.0,16793.0,newly_flagged
1307068,6837.0,6820.0,55452.0,6837.0,6820.0,49111.0,unchanged
1307071,6907.0,22511.0,47214.0,6907.0,22511.0,41807.0,unchanged
1307073,6907.0,22511.0,47214.0,6907.0,22511.0,41807.0,unchanged
1307083,7620.0,7651.0,57523.0,7620.0,7651.0,50813.0,unchanged
1307085,7620.0,7651.0,57523.0,7620.0,7651.0,50813.0,unchanged
1307091,,,,264960.0,264959.0,29139.0,newly_flagged
1307092,264960.0,264959.0,57539.0,264960.0,264959.0,29139.0,unchanged
1307112,7501.0,7651.0,57523.0,7501.0,7651.0,50813.0,unchanged
1307117,8168.0,8185.0,57549.0,8168.0,8185.0,50832.0,unchanged
1307132,9414.0,9443.0,57553.0,9414.0,9443.0,50837.0,unchanged
1307133,9414.0,9443.0,57553.0,9414.0,9443.0,50837.0,unchanged
1307134,8216.0,8202.0,50468.0,8216.0,8202.0,44754.0,unchanged
1307135,8216.0,8202.0,50468.0,8216.0,8202.0,44754.0,unchanged
1307136,8216.0,8202.0,50468.0,8216.0,8202.0,44754.0,unchanged
1307137,8216.0,8202.0,50468.0,8216.0,8202.0,44754.0,unchanged
1307144,16361.0,16386.0,24061.0,,,,no_longer_flagged
1307149,5129.0,5086.0,55235.0,5129.0,5086.0,48947.0,unchanged
1307158,,,,22890.0,22895.0,29614.0,newly_flagged
1307166,,,,264960.0,264959.0,29139.0,newly_flagged
1307167,264960.0,264959.0,57539.0,264960.0,264959.0,29139.0,unchanged
1307169,264960.0,264959.0,57539.0,264960.0,264959.0,29139.0,unchanged
1307174,17664.0,17668.0,52860.0,,,,no_longer_flagged
1307175,17664.0,17668.0,52860.0,,,,no_longer_flagged
1307191,,,,2211.0,2276.0,47288.0,newly_flagged
1307192,,,,2189.0,2276.0,47288.0,newly_flagged
1307210,4746.0,4721.0,1742.0,4746.0,4721.0,1621.0,unchanged
1307211,4746.0,4721.0,1742.0,4746.0,4721.0,1621.0,unchanged
1307212,4744.0,4721.0,1742.0,4744.0,4721.0,1621.0,unchanged
1307213,4744.0,4721.0,1742.0,4744.0,4721.0,1621.0,unchanged
1307256,,,,17961.0,4949.0,46696.0,newly_flagged
1307260,335675.0,335676.0,5292.0,335675.0,335676.0,4968.0,unchanged
1307266,321916.0,124779.0,23813.0,321916.0,124779.0,21993.0,unchanged
1307276,8352.0,8277.0,56916.0,8352.0,8277.0,50399.0,unchanged
1307278,8801.0,8724.0,45614.0,8801.0,8724.0,40529.0,unchanged
1307279,8821.0,8881.0,54874.0,8821.0,8881.0,48667.0,unchanged
1307302,5921.0,5915.0,57584.0,5921.0,5915.0,50863.0,unchanged
1307303,5921.0,5915.0,57584.0,5921.0,5915.0,50863.0,unchanged
1307305,5921.0,5915.0,57584.0,5921.0,5915.0,50863.0,unchanged
1307309,5906.0,22076.0,57586.0,5906.0,22076.0,50865.0,unchanged
1307310,8648.0,8535.0,57587.0,,,,no_longer_flagged
1307311,8648.0,8535.0,57587.0,,,,no_longer_flagged
1307313,8648.0,8535.0,57587.0,,,,no_longer_flagged
1307322,,,,8464.0,8656.0,49360.0,newly_flagged
1307323,,,,8464.0,8656.0,49360.0,newly_flagged
1307336,5921.0,5915.0,57584.0,5921.0,5915.0,50863.0,unchanged
1307337,5921.0,5915.0,57584.0,5921.0,5915.0,50863.0,unchanged
1307362,8648.0,8535.0,57587.0,,,,no_longer_flagged
1307364,8648.0,8535.0,57587.0,,,,no_longer_flagged
1307367,151036.0,151035.0,57599.0,,,,no_longer_flagged
1307368,2190.0,2063.0,53155.0,2190.0,2063.0,47143.0,unchanged
1307379,20278.0,13730.0,57604.0,20278.0,20250.0,46234.0,recommendation_changed
1307380,,,,20278.0,20250.0,46234.0,newly_flagged
1307394,,,,13730.0,20250.0,46234.0,newly_flagged
1307395,,,,13730.0,20250.0,46234.0,newly_flagged
1307405,370388.0,75164.0,52678.0,370388.0,75164.0,46715.0,unchanged
1307431,,,,2189.0,2276.0,47288.0,newly_flagged
1307432,151036.0,2189.0,54817.0,151036.0,2276.0,47288.0,recommendation_changed
1307433,151036.0,2189.0,54817.0,151036.0,2276.0,47288.0,recommendation_changed
1307442,22622.0,7073.0,50076.0,22622.0,7073.0,44395.0,unchanged
1307447,151036.0,151035.0,57607.0,,,,no_longer_flagged
1307448,151036.0,151035.0,57607.0,,,,no_longer_flagged
1307449,151036.0,151035.0,57607.0,,,,no_longer_flagged
1307450,,,,151035.0,151036.0,50878.0,newly_flagged
1307451,,,,151035.0,151036.0,50878.0,newly_flagged
1307452,151036.0,151035.0,57607.0,,,,no_longer_flagged
1307453,,,,151035.0,151036.0,50878.0,newly_flagged
1307462,8291.0,8230.0,24041.0,8291.0,8230.0,22207.0,unchanged
1307466,8291.0,8230.0,24041.0,8291.0,8230.0,22207.0,unchanged
1307467,8291.0,8230.0,24041.0,8291.0,8230.0,22207.0,unchanged
1307468,8291.0,8230.0,24041.0,8291.0,8230.0,22207.0,unchanged
1307474,8639.0,8631.0,55753.0,8639.0,8656.0,49360.0,recommendation_changed
1307475,8605.0,8464.0,55752.0,8605.0,8656.0,49360.0,recommendation_changed
1307476,8639.0,8631.0,55753.0,8639.0,8656.0,49360.0,recommendation_changed
1307477,8639.0,8631.0,55753.0,8639.0,8656.0,49360.0,recommendation_changed
1307478,8246.0,8291.0,57624.0,8246.0,8291.0,50893.0,unchanged
1307483,,,,7178.0,119.0,10375.0,newly_flagged
1307484,,,,7178.0,119.0,10375.0,newly_flagged
1307485,,,,7191.0,119.0,10375.0,newly_flagged
1307501,7620.0,7651.0,57523.0,7620.0,7651.0,50813.0,unchanged
1307503,530652.0,530651.0,33861.0,530652.0,530651.0,30809.0,unchanged
1307509,7930.0,7977.0,30593.0,7930.0,7977.0,27680.0,unchanged
1307543,7930.0,7977.0,30593.0,7930.0,7977.0,27680.0,unchanged
1307555,8344.0,8318.0,53471.0,8344.0,8318.0,47411.0,unchanged
1307557,8344.0,8318.0,53471.0,8344.0,8318.0,47411.0,unchanged
1307583,7321.0,7264.0,47200.0,7321.0,7322.0,46179.0,recommendation_changed
1307584,7321.0,7264.0,47200.0,7321.0,7322.0,46179.0,recommendation_changed
1307596,8042.0,8024.0,57651.0,8042.0,8024.0,50913.0,unchanged
1307618,8069.0,8042.0,57658.0,8069.0,8042.0,50915.0,unchanged
1307619,8069.0,8042.0,57658.0,8069.0,8042.0,50915.0,unchanged
1307640,,,,8010.0,8030.0,46813.0,newly_flagged
1307641,,,,8010.0,8030.0,46813.0,newly_flagged
1307646,8065.0,8030.0,54258.0,8065.0,8030.0,48109.0,unchanged
1307648,8111.0,8098.0,19918.0,,,,no_longer_flagged
1307651,8095.0,8120.0,51644.0,8095.0,8120.0,45831.0,unchanged
1307677,136327.0,19540.0,45886.0,136327.0,19540.0,40776.0,unchanged
1307686,8868.0,8808.0,5291.0,8868.0,8808.0,4967.0,unchanged
1307700,7737.0,7724.0,52033.0,7737.0,7724.0,46153.0,unchanged
1307720,8101.0,8088.0,21120.0,8101.0,8088.0,12555.0,unchanged
1307722,22895.0,22890.0,56281.0,,,,no_longer_flagged
1307744,8739.0,8682.0,5254.0,8739.0,8682.0,4930.0,unchanged
1307745,8739.0,8682.0,5254.0,8739.0,8682.0,4930.0,unchanged
1307746,7910.0,7861.0,56159.0,7910.0,7861.0,49694.0,unchanged
1307754,7830.0,7807.0,57496.0,7830.0,7807.0,50786.0,unchanged
1307755,7717.0,7734.0,57500.0,7717.0,7734.0,50789.0,unchanged
1307756,7830.0,7807.0,57496.0,7830.0,7807.0,50786.0,unchanged
1307757,7830.0,7807.0,57496.0,7830.0,7807.0,50786.0,unchanged
1307799,7234.0,378638.0,4376.0,7234.0,378638.0,4059.0,unchanged
1307805,128945.0,14573.0,57687.0,128945.0,14573.0,50938.0,unchanged
1307817,370388.0,84132.0,50826.0,370388.0,84132.0,45066.0,unchanged
1307821,7235.0,22664.0,49953.0,7235.0,22664.0,44278.0,unchanged
1307893,20503.0,20484.0,53399.0,20503.0,20484.0,47346.0,unchanged
1307901,3253.0,21250.0,57707.0,3253.0,21250.0,50955.0,unchanged
1307907,67504.0,67503.0,52646.0,67504.0,67503.0,46685.0,unchanged
1307956,23674.0,9443.0,57553.0,23674.0,9443.0,50837.0,unchanged
1307976,7972.0,7938.0,27691.0,7972.0,7938.0,25153.0,unchanged
1308001,7846.0,7724.0,52033.0,7846.0,7724.0,46153.0,unchanged
1308008,7972.0,7938.0,27691.0,7972.0,7938.0,25153.0,unchanged
1308018,8274.0,8236.0,14674.0,8274.0,8236.0,13665.0,unchanged
1308054,8075.0,8033.0,53447.0,8075.0,8033.0,47387.0,unchanged
1308055,8059.0,8098.0,48785.0,,,,no_longer_flagged
1308056,8075.0,8033.0,53447.0,8075.0,8033.0,47387.0,unchanged
1308057,8075.0,8033.0,53447.0,8075.0,8033.0,47387.0,unchanged
1308062,8544.0,8694.0,31921.0,8544.0,8694.0,28940.0,unchanged
1308065,8544.0,8694.0,31921.0,8544.0,8694.0,28940.0,unchanged
1308074,8059.0,8098.0,48785.0,,,,no_longer_flagged
1308077,8059.0,8098.0,48785.0,,,,no_longer_flagged
1308082,,,,8098.0,8059.0,43183.0,newly_flagged
1308084,,,,8098.0,8059.0,43183.0,newly_flagged
1308102,5936.0,22082.0,57643.0,5936.0,22082.0,50910.0,unchanged
1308147,7971.0,22943.0,56950.0,7971.0,22943.0,50426.0,unchanged
1308203,,,,102690.0,108.0,47273.0,newly_flagged
1308215,6834.0,6898.0,56335.0,6834.0,6898.0,49833.0,unchanged
1308222,,,,7884.0,7775.0,13956.0,newly_flagged
1308223,,,,7884.0,7775.0,13956.0,newly_flagged
1308231,8046.0,22948.0,31369.0,8046.0,22948.0,28416.0,unchanged
1308251,8047.0,8046.0,57768.0,8047.0,8046.0,50998.0,unchanged
1308254,156.0,122.0,25606.0,156.0,122.0,23450.0,unchanged
1308258,8095.0,8120.0,51644.0,8095.0,8120.0,45831.0,unchanged
1308259,,,,8095.0,8120.0,45831.0,newly_flagged
1308266,,,,8555.0,8550.0,18999.0,newly_flagged
1308268,,,,8555.0,8550.0,18999.0,newly_flagged
1308269,,,,8555.0,8550.0,18999.0,newly_flagged
1308293,8069.0,8042.0,57658.0,8069.0,8042.0,50915.0,unchanged
1308295,22948.0,8046.0,57768.0,22948.0,8046.0,50998.0,unchanged
1308304,8042.0,8024.0,57651.0,8042.0,8024.0,50913.0,unchanged
1308305,8042.0,8024.0,57651.0,8042.0,8024.0,50913.0,unchanged
1308308,23248.0,8641.0,57715.0,23248.0,8641.0,50962.0,unchanged
1308310,8587.0,8812.0,33936.0,8587.0,8636.0,50600.0,recommendation_changed
1308311,8587.0,8812.0,33936.0,8587.0,8636.0,50600.0,recommendation_changed
1308312,8636.0,8812.0,33936.0,,,,no_longer_flagged
1308313,,,,8555.0,8550.0,18999.0,newly_flagged
1308324,8544.0,8694.0,31921.0,8544.0,8694.0,28940.0,unchanged
1308327,,,,8464.0,8656.0,49360.0,newly_flagged
1308330,,,,8631.0,8656.0,49360.0,newly_flagged
1308346,8416.0,8549.0,30874.0,8416.0,8549.0,27940.0,unchanged
1308358,8416.0,8549.0,30874.0,8416.0,8549.0,27940.0,unchanged
1308360,8347.0,8549.0,30874.0,8347.0,8549.0,27940.0,unchanged
1308361,8347.0,8549.0,30874.0,8347.0,8549.0,27940.0,unchanged
1308372,23529.0,23508.0,17117.0,23529.0,23508.0,15886.0,unchanged
1308373,23529.0,23508.0,17117.0,23529.0,23508.0,15886.0,unchanged
1308403,9143.0,23508.0,17117.0,9143.0,23508.0,15886.0,unchanged
1308421,,,,8631.0,8656.0,49360.0,newly_flagged
1308428,7954.0,7952.0,52798.0,7954.0,7952.0,46669.0,unchanged
1308444,8066.0,8108.0,30936.0,8066.0,8108.0,27999.0,unchanged
1308446,8066.0,8108.0,30936.0,8066.0,8108.0,27999.0,unchanged
1308449,8066.0,8108.0,30936.0,8066.0,8108.0,27999.0,unchanged
1308463,8168.0,8092.0,43764.0,8168.0,8092.0,38884.0,unchanged
1308482,8508.0,8420.0,53781.0,8508.0,8420.0,47687.0,unchanged
1308483,8508.0,8420.0,53781.0,8508.0,8420.0,47687.0,unchanged
1308484,8508.0,8420.0,53781.0,8508.0,8420.0,47687.0,unchanged
1308486,68.0,76.0,56123.0,68.0,76.0,30379.0,unchanged
1308487,,,,57.0,62.0,51038.0,newly_flagged
1308492,71.0,76.0,56123.0,71.0,76.0,30379.0,unchanged
1308493,487563.0,76.0,56123.0,487563.0,76.0,30379.0,unchanged
1308503,,,,81.0,76.0,30379.0,newly_flagged
1308505,85.0,81.0,57823.0,85.0,81.0,51041.0,unchanged
1308506,,,,92.0,76.0,30379.0,newly_flagged
1308507,,,,92.0,76.0,30379.0,newly_flagged
1308509,,,,72.0,79.0,51043.0,newly_flagged
1308515,,,,8246.0,8291.0,50893.0,newly_flagged
1308517,8246.0,8291.0,57624.0,8246.0,8291.0,50893.0,unchanged
1308529,8982.0,8897.0,33931.0,8982.0,8897.0,30866.0,unchanged
1308530,8981.0,9046.0,32508.0,8981.0,9046.0,29512.0,unchanged
1308531,8981.0,9046.0,32508.0,8981.0,9046.0,29512.0,unchanged
1308532,8981.0,9046.0,32508.0,8981.0,9046.0,29512.0,unchanged
1308539,7322.0,7264.0,47200.0,,,,no_longer_flagged
1308562,58.0,63.0,57835.0,58.0,63.0,21886.0,unchanged
1308563,58.0,6820.0,55452.0,58.0,6820.0,49111.0,unchanged
1308610,19764.0,79.0,57846.0,19764.0,79.0,51043.0,unchanged
1308617,8605.0,8464.0,55752.0,8605.0,8656.0,49360.0,recommendation_changed
1308635,7551.0,7651.0,57523.0,7551.0,7651.0,50813.0,unchanged
1308636,7537.0,7508.0,57853.0,7537.0,7508.0,51062.0,unchanged
1308639,8067.0,8071.0,47409.0,,,,no_longer_flagged
1308640,8067.0,8071.0,47409.0,,,,no_longer_flagged
1308660,23421.0,23332.0,32044.0,23421.0,23332.0,29064.0,unchanged
1308670,7542.0,7651.0,57523.0,,,,no_longer_flagged
1308672,7542.0,7651.0,57523.0,,,,no_longer_flagged
1308675,7501.0,7651.0,57523.0,7501.0,7651.0,50813.0,unchanged
1308677,7542.0,7651.0,57523.0,7542.0,7651.0,50813.0,unchanged
1308707,,,,18589.0,18632.0,46807.0,newly_flagged
1308713,9010.0,8960.0,57219.0,9010.0,8960.0,50610.0,unchanged
1308734,118.0,116.0,33499.0,118.0,116.0,30470.0,unchanged
1308735,,,,117.0,119.0,10375.0,newly_flagged
1308736,,,,154.0,119.0,10375.0,newly_flagged
1308769,8988.0,9033.0,57479.0,8988.0,9033.0,50772.0,unchanged
1308778,536238.0,3512.0,17706.0,536238.0,3512.0,16466.0,unchanged
1308800,,,,177.0,148.0,29653.0,newly_flagged
1308842,23248.0,8641.0,57715.0,23248.0,8641.0,50962.0,unchanged
1308843,23248.0,8641.0,57715.0,23248.0,8641.0,50962.0,unchanged
1308844,23248.0,8641.0,57715.0,23248.0,8641.0,50962.0,unchanged
1308889,22084.0,5953.0,12861.0,22084.0,5953.0,11944.0,unchanged
1308903,8111.0,8098.0,19918.0,,,,no_longer_flagged
1308913,8508.0,8420.0,53781.0,8508.0,8420.0,47687.0,unchanged
1308922,8024.0,7971.0,54266.0,8024.0,7971.0,48117.0,unchanged
1308924,8024.0,7971.0,54266.0,8024.0,7971.0,48117.0,unchanged
1308926,8024.0,7971.0,54266.0,8024.0,7971.0,48117.0,unchanged
1308928,8024.0,7971.0,54266.0,8024.0,7971.0,48117.0,unchanged
1308942,8525.0,8694.0,31921.0,8525.0,8694.0,28940.0,unchanged
1308943,8101.0,8088.0,21120.0,8101.0,8088.0,12555.0,unchanged
1308944,8525.0,8694.0,31921.0,8525.0,8694.0,28940.0,unchanged
1308991,9039.0,59175.0,57871.0,9039.0,59175.0,51076.0,unchanged
1309020,8800.0,8711.0,49063.0,,,,no_longer_flagged
1309021,8800.0,8711.0,49063.0,,,,no_longer_flagged
1309030,,,,8640.0,8694.0,28940.0,newly_flagged
1309031,,,,8640.0,8694.0,28940.0,newly_flagged
1309034,8760.0,8650.0,45600.0,8760.0,8650.0,40515.0,unchanged
1309035,8760.0,8650.0,45600.0,8760.0,8650.0,40515.0,unchanged
1309037,8760.0,8650.0,45600.0,8760.0,8650.0,40515.0,unchanged
1309040,,,,7043.0,7064.0,16793.0,newly_flagged
1309047,8741.0,8711.0,49063.0,8741.0,8800.0,49362.0,recommendation_changed
1309048,8741.0,8711.0,49063.0,8741.0,8800.0,49362.0,recommendation_changed
1309049,8741.0,8711.0,49063.0,8741.0,8800.0,49362.0,recommendation_changed
1309050,8741.0,8711.0,49063.0,8741.0,8800.0,49362.0,recommendation_changed
1309066,8722.0,8812.0,33936.0,8722.0,8636.0,50600.0,recommendation_changed
1309067,8722.0,8812.0,33936.0,8722.0,8636.0,50600.0,recommendation_changed
1309074,7221.0,7237.0,23756.0,7221.0,7237.0,21943.0,unchanged
1309081,8722.0,8812.0,33936.0,8722.0,8636.0,50600.0,recommendation_changed
1309083,8555.0,8587.0,57769.0,8555.0,8587.0,50999.0,unchanged
1309104,8772.0,8743.0,57917.0,8772.0,8743.0,51115.0,unchanged
1309105,8772.0,8743.0,57917.0,8772.0,8743.0,51115.0,unchanged
1309112,9021.0,8881.0,54874.0,9021.0,8881.0,48667.0,unchanged
1309114,54378.0,8724.0,45614.0,54378.0,8724.0,40529.0,unchanged
1309115,8801.0,8724.0,45614.0,8801.0,8724.0,40529.0,unchanged
1309116,8821.0,8881.0,54874.0,8821.0,8881.0,48667.0,unchanged
1309117,54378.0,8724.0,45614.0,54378.0,8724.0,40529.0,unchanged
1309125,,,,8640.0,8694.0,28940.0,newly_flagged
1309142,8772.0,8743.0,57917.0,8772.0,8743.0,51115.0,unchanged
1309143,8772.0,8743.0,57917.0,8772.0,8743.0,51115.0,unchanged
1309159,136.0,121.0,57928.0,136.0,121.0,51126.0,unchanged
1309163,78.0,76.0,56123.0,78.0,76.0,30379.0,unchanged
1309164,141.0,122.0,25606.0,141.0,122.0,23450.0,unchanged
1309170,8981.0,9046.0,32508.0,8981.0,9046.0,29512.0,unchanged
1309171,8981.0,9046.0,32508.0,8981.0,9046.0,29512.0,unchanged
1309172,8981.0,9046.0,32508.0,8981.0,9046.0,29512.0,unchanged
1309179,83.0,76.0,56123.0,83.0,76.0,30379.0,unchanged
1309180,6982.0,6820.0,55452.0,6982.0,6820.0,49111.0,unchanged
1309184,103965.0,6971.0,57531.0,103965.0,7064.0,16793.0,recommendation_changed
1309187,,,,92.0,76.0,30379.0,newly_flagged
1309202,22368.0,22438.0,30864.0,22368.0,22350.0,27930.0,recommendation_changed
1309203,22350.0,22438.0,30864.0,,,,no_longer_flagged
1309204,22350.0,22438.0,30864.0,,,,no_longer_flagged
1309205,22368.0,22438.0,30864.0,22368.0,22350.0,27930.0,recommendation_changed
1309206,97564.0,19540.0,45886.0,97564.0,19540.0,40776.0,unchanged
1309207,18353.0,27131.0,56068.0,18353.0,27131.0,49614.0,unchanged
1309215,7933.0,7724.0,52033.0,7933.0,7724.0,46153.0,unchanged
1309216,7933.0,7724.0,52033.0,7933.0,7724.0,46153.0,unchanged
1309227,8291.0,8292.0,53878.0,,,,no_longer_flagged
1309228,7737.0,7724.0,52033.0,7737.0,7724.0,46153.0,unchanged
1309232,7933.0,7724.0,52033.0,7933.0,7724.0,46153.0,unchanged
1309235,8012.0,7991.0,57941.0,8012.0,7991.0,51139.0,unchanged
1309260,27441.0,19551.0,55763.0,27441.0,19551.0,49367.0,unchanged
1309263,,,,8292.0,8291.0,49700.0,newly_flagged
1309264,,,,8292.0,8291.0,49700.0,newly_flagged
1309265,,,,8292.0,8291.0,49700.0,newly_flagged
1309266,,,,22471.0,6820.0,49111.0,newly_flagged
1309267,,,,22471.0,6820.0,49111.0,newly_flagged
1309269,,,,22471.0,6820.0,49111.0,newly_flagged
1309281,7910.0,7724.0,52033.0,7910.0,7724.0,46153.0,unchanged
1309283,7846.0,7724.0,52033.0,7846.0,7724.0,46153.0,unchanged
1309294,8970.0,8848.0,55576.0,,,,no_longer_flagged
1309297,8868.0,8808.0,5291.0,8868.0,8808.0,4967.0,unchanged
1309298,8800.0,8711.0,49063.0,,,,no_longer_flagged
1309299,8800.0,8711.0,49063.0,,,,no_longer_flagged
1309302,8970.0,8848.0,55576.0,,,,no_longer_flagged
1309303,8970.0,8848.0,55576.0,,,,no_longer_flagged
1309304,8970.0,8848.0,55576.0,,,,no_longer_flagged
1309306,8970.0,8848.0,55576.0,,,,no_longer_flagged
1309307,8868.0,8808.0,5291.0,8868.0,8808.0,4967.0,unchanged
1309311,9021.0,8881.0,54874.0,9021.0,8881.0,48667.0,unchanged
1309313,9021.0,8881.0,54874.0,9021.0,8881.0,48667.0,unchanged
1309319,7477.0,7468.0,55631.0,7477.0,7468.0,49262.0,unchanged
1309321,7322.0,7264.0,47200.0,,,,no_longer_flagged
1309338,9414.0,9443.0,57553.0,9414.0,9443.0,50837.0,unchanged
1309341,9414.0,9443.0,57553.0,9414.0,9443.0,50837.0,unchanged
1309358,23508.0,23447.0,57954.0,23508.0,23447.0,51149.0,unchanged
1309374,23674.0,9443.0,57553.0,23674.0,9443.0,50837.0,unchanged
1309375,23674.0,9443.0,57553.0,23674.0,9443.0,50837.0,unchanged
1309376,23674.0,9443.0,57553.0,23674.0,9443.0,50837.0,unchanged
1309377,23674.0,9443.0,57553.0,23674.0,9443.0,50837.0,unchanged
1309418,242238.0,47.0,49956.0,242238.0,47.0,44281.0,unchanged
1309447,,,,7884.0,7775.0,13956.0,newly_flagged
1309448,7972.0,7938.0,27691.0,7972.0,7938.0,25153.0,unchanged
1309462,9065.0,9036.0,33904.0,9065.0,9036.0,30845.0,unchanged
1309463,9065.0,9036.0,33904.0,9065.0,9036.0,30845.0,unchanged
1309466,9065.0,9036.0,33904.0,9065.0,9036.0,30845.0,unchanged
1309502,8009.0,8059.0,57739.0,8009.0,8059.0,50976.0,unchanged
1309504,8009.0,8059.0,57739.0,8009.0,8059.0,50976.0,unchanged
1309505,8009.0,8059.0,57739.0,8009.0,8059.0,50976.0,unchanged
1309506,7993.0,7974.0,53850.0,7993.0,7974.0,47741.0,unchanged
1309508,7993.0,7974.0,53850.0,7993.0,7974.0,47741.0,unchanged
1309509,,,,7993.0,7974.0,47741.0,newly_flagged
1309511,4949.0,17961.0,52658.0,,,,no_longer_flagged
1309518,,,,7587.0,7724.0,46153.0,newly_flagged
1309521,,,,7587.0,7724.0,46153.0,newly_flagged
1309522,8009.0,7979.0,30699.0,8009.0,7979.0,27778.0,unchanged
1309524,8009.0,7979.0,30699.0,8009.0,7979.0,27778.0,unchanged
1309525,8009.0,7979.0,30699.0,8009.0,7979.0,27778.0,unchanged
1309526,7374.0,7410.0,52066.0,7374.0,7410.0,46180.0,unchanged
1309528,7404.0,7410.0,52066.0,7404.0,7410.0,46180.0,unchanged
1309529,7376.0,7394.0,52065.0,7376.0,7394.0,46178.0,unchanged
1309531,7404.0,7410.0,52066.0,7404.0,7410.0,46180.0,unchanged
1309532,7404.0,7410.0,52066.0,7404.0,7410.0,46180.0,unchanged
1309533,7404.0,7410.0,52066.0,7404.0,7410.0,46180.0,unchanged
1309534,,,,8996.0,8875.0,46435.0,newly_flagged
1309535,,,,8996.0,8875.0,46435.0,newly_flagged
1309546,7374.0,7410.0,52066.0,7374.0,7410.0,46180.0,unchanged
1309547,7374.0,7410.0,52066.0,7374.0,7410.0,46180.0,unchanged
1309549,7374.0,7410.0,52066.0,7374.0,7410.0,46180.0,unchanged
1309594,6034.0,6024.0,32022.0,6034.0,6024.0,29042.0,unchanged
1309596,6034.0,6024.0,32022.0,6034.0,6024.0,29042.0,unchanged
1309597,6034.0,6024.0,32022.0,6034.0,6024.0,29042.0,unchanged
1309670,8317.0,8242.0,30937.0,8317.0,8242.0,28000.0,unchanged
1309671,8317.0,8242.0,30937.0,8317.0,8242.0,28000.0,unchanged
1309690,8167.0,8128.0,18033.0,8167.0,8128.0,16792.0,unchanged
1309692,7490.0,7538.0,32503.0,7490.0,7538.0,29507.0,unchanged
1309721,8415.0,8277.0,56916.0,,,,no_longer_flagged
1309723,8317.0,8242.0,30937.0,8317.0,8242.0,28000.0,unchanged
1309724,8415.0,8277.0,56916.0,,,,no_longer_flagged
1309751,8359.0,8277.0,56916.0,8359.0,8277.0,50399.0,unchanged
1309754,8352.0,8277.0,56916.0,8352.0,8277.0,50399.0,unchanged
1309755,8359.0,8277.0,56916.0,8359.0,8277.0,50399.0,unchanged
1309756,8415.0,8277.0,56916.0,,,,no_longer_flagged
1309757,8359.0,8277.0,56916.0,8359.0,8277.0,50399.0,unchanged
1309776,269129.0,6417.0,31883.0,269129.0,6417.0,28906.0,unchanged
1309824,8583.0,23232.0,57672.0,8583.0,23232.0,50924.0,unchanged
1309842,,,,8334.0,8242.0,28000.0,newly_flagged
1309843,,,,8334.0,8242.0,28000.0,newly_flagged
1309895,6096.0,6102.0,32900.0,6096.0,6102.0,29890.0,unchanged
1309899,220.0,177.0,56540.0,220.0,148.0,29653.0,recommendation_changed
1309900,220.0,177.0,56540.0,220.0,148.0,29653.0,recommendation_changed
1309915,6081.0,6067.0,58047.0,,,,no_longer_flagged
1309970,8335.0,8374.0,57242.0,8335.0,8374.0,50623.0,unchanged
1309991,7873.0,310717.0,53224.0,7873.0,310717.0,47203.0,unchanged
1309993,7873.0,310717.0,53224.0,7873.0,310717.0,47203.0,unchanged
1310006,7829.0,7793.0,58069.0,7829.0,7793.0,51240.0,unchanged
1310018,5949.0,5905.0,57753.0,5949.0,5905.0,50987.0,unchanged
1310042,7873.0,310717.0,53224.0,7873.0,310717.0,47203.0,unchanged
1310056,8606.0,8632.0,53946.0,,,,no_longer_flagged
1310123,,,,6074.0,6069.0,1741.0,newly_flagged
1310124,,,,6074.0,6069.0,1741.0,newly_flagged
1310150,,,,22896.0,22900.0,29601.0,newly_flagged
1310176,,,,22890.0,22895.0,29614.0,newly_flagged
1310314,6044.0,49250.0,57135.0,6044.0,49250.0,50543.0,unchanged
1310319,6087.0,6093.0,58117.0,6087.0,6093.0,51280.0,unchanged
1310328,22301.0,6485.0,51665.0,22301.0,6485.0,45849.0,unchanged
1310354,6083.0,6092.0,57112.0,6083.0,6092.0,50527.0,unchanged
1310355,6092.0,6096.0,56411.0,6092.0,6096.0,49916.0,unchanged
1310394,100765.0,100766.0,57111.0,100765.0,100766.0,50526.0,unchanged
1310462,,,,22170.0,22173.0,30258.0,newly_flagged
1310463,,,,22170.0,22173.0,30258.0,newly_flagged
1310499,6085.0,22170.0,55455.0,6085.0,22173.0,30258.0,recommendation_changed
1310500,,,,22170.0,22173.0,30258.0,newly_flagged
1310526,6086.0,6069.0,1876.0,6086.0,6069.0,1741.0,unchanged
1310527,6086.0,6069.0,1876.0,6086.0,6069.0,1741.0,unchanged
1310528,6086.0,6069.0,1876.0,6086.0,6069.0,1741.0,unchanged
1310529,6086.0,6069.0,1876.0,6086.0,6069.0,1741.0,unchanged
1310550,343950.0,143.0,53739.0,343950.0,143.0,47648.0,unchanged
1310554,,,,113.0,143.0,47648.0,newly_flagged
1310555,114.0,113.0,57023.0,114.0,113.0,50467.0,unchanged
1310556,189.0,19780.0,18009.0,189.0,167.0,16768.0,recommendation_changed
1310557,19766.0,19780.0,18009.0,19766.0,167.0,16768.0,recommendation_changed
1310615,144.0,143.0,53739.0,144.0,143.0,47648.0,unchanged
1310616,19778.0,19780.0,18009.0,19778.0,167.0,16768.0,recommendation_changed
1310617,189.0,19780.0,18009.0,189.0,167.0,16768.0,recommendation_changed
1310620,144.0,143.0,53739.0,144.0,143.0,47648.0,unchanged
1310666,22126.0,6042.0,56904.0,22126.0,6042.0,50390.0,unchanged
1310683,22802.0,22823.0,28712.0,,,,no_longer_flagged
1310690,5973.0,5999.0,57592.0,,,,no_longer_flagged
1310691,5973.0,5999.0,57592.0,,,,no_longer_flagged
1310692,5973.0,5986.0,56108.0,5973.0,5986.0,49648.0,unchanged
1310707,,,,22896.0,22900.0,29601.0,newly_flagged
1310708,,,,22896.0,22900.0,29601.0,newly_flagged
1310709,22900.0,22896.0,58197.0,,,,no_longer_flagged
1310718,6729.0,6747.0,57054.0,6729.0,6747.0,50491.0,unchanged
1310732,19772.0,148.0,32658.0,19772.0,148.0,29653.0,unchanged
1310734,187.0,148.0,32658.0,187.0,148.0,29653.0,unchanged
1310735,187.0,148.0,32658.0,187.0,148.0,29653.0,unchanged
1310739,213.0,177.0,56540.0,213.0,148.0,29653.0,recommendation_changed
1310746,8111.0,8098.0,19918.0,,,,no_longer_flagged
1310747,4225.0,4219.0,30917.0,4225.0,4219.0,27981.0,unchanged
1310751,7702.0,7796.0,56293.0,7702.0,7796.0,49790.0,unchanged
1310816,22856.0,50218.0,56306.0,22856.0,50218.0,49801.0,unchanged
1310855,8902.0,8905.0,58059.0,8902.0,8905.0,51234.0,unchanged
1310857,8902.0,8905.0,58059.0,8902.0,8905.0,51234.0,unchanged
1310874,,,,8896.0,8866.0,27746.0,newly_flagged
1310946,6083.0,6092.0,57112.0,6083.0,6092.0,50527.0,unchanged
1310989,187.0,148.0,32658.0,187.0,148.0,29653.0,unchanged
1310992,6025.0,6031.0,58060.0,6025.0,6031.0,29453.0,unchanged
1310993,6025.0,6031.0,58060.0,6025.0,6031.0,29453.0,unchanged
1310995,22130.0,6040.0,58227.0,22130.0,6040.0,51347.0,unchanged
1311006,6025.0,6031.0,58060.0,6025.0,6031.0,29453.0,unchanged
1311013,6025.0,6031.0,58060.0,6025.0,6031.0,29453.0,unchanged
1311026,5278.0,5324.0,47280.0,5278.0,5324.0,41868.0,unchanged
1311090,7661.0,7686.0,53589.0,,,,no_longer_flagged
1311091,,,,7686.0,7661.0,47522.0,newly_flagged
1311092,,,,7686.0,7661.0,47522.0,newly_flagged
1311093,,,,7686.0,7661.0,47522.0,newly_flagged
1311102,9033.0,9038.0,58067.0,9033.0,9038.0,51239.0,unchanged
1311266,,,,6113.0,6077.0,51269.0,newly_flagged
1311267,,,,6113.0,6077.0,51269.0,newly_flagged
1311268,,,,6113.0,6077.0,51269.0,newly_flagged
1311283,8525.0,8694.0,31921.0,8525.0,8694.0,28940.0,unchanged
1311287,167.0,19780.0,18009.0,,,,no_longer_flagged
1311289,167.0,19780.0,18009.0,,,,no_longer_flagged
1311330,6005.0,5992.0,56113.0,6005.0,5992.0,49653.0,unchanged
1311332,6020.0,6005.0,58306.0,6020.0,6005.0,51387.0,unchanged
1311334,264965.0,264966.0,32116.0,,,,no_longer_flagged
1311336,,,,264966.0,264965.0,51388.0,newly_flagged
1311337,,,,264965.0,264966.0,29135.0,newly_flagged
1311338,264965.0,264966.0,32116.0,,,,no_longer_flagged
1311339,,,,264966.0,264965.0,51388.0,newly_flagged
1311341,,,,264966.0,264965.0,51388.0,newly_flagged
1311367,6837.0,6820.0,55452.0,6837.0,6820.0,49111.0,unchanged
1311368,22705.0,7264.0,47200.0,22705.0,7322.0,46179.0,recommendation_changed
1311373,6020.0,6005.0,58306.0,6020.0,6005.0,51387.0,unchanged
1311430,,,,7816.0,7750.0,46671.0,newly_flagged
1311433,,,,7816.0,7750.0,46671.0,newly_flagged
1311446,22771.0,22823.0,28712.0,22771.0,22802.0,3883.0,recommendation_changed
1311448,22771.0,22823.0,28712.0,22771.0,22802.0,3883.0,recommendation_changed
1311449,22771.0,22823.0,28712.0,22771.0,22802.0,3883.0,recommendation_changed
1311450,8357.0,8242.0,30937.0,8357.0,8242.0,28000.0,unchanged
1311453,8357.0,8242.0,30937.0,8357.0,8242.0,28000.0,unchanged
1311454,,,,6905.0,6852.0,47022.0,newly_flagged
1311470,,,,7776.0,7769.0,51401.0,newly_flagged
1311471,7769.0,7776.0,58326.0,,,,no_longer_flagged
1311472,7769.0,7776.0,58326.0,,,,no_longer_flagged
1311473,7769.0,7776.0,58326.0,,,,no_longer_flagged
1311492,,,,7776.0,7769.0,51401.0,newly_flagged
1311493,,,,7776.0,7769.0,51401.0,newly_flagged
1311520,264965.0,264966.0,56184.0,264965.0,264966.0,29135.0,unchanged
1311522,,,,264966.0,264965.0,51388.0,newly_flagged
1311524,264965.0,264966.0,32116.0,,,,no_longer_flagged
1311525,,,,264966.0,264965.0,51388.0,newly_flagged
1311534,264965.0,264966.0,32116.0,,,,no_longer_flagged
1311535,,,,264966.0,264965.0,51388.0,newly_flagged
1311537,,,,264966.0,264965.0,51388.0,newly_flagged
1311569,9016.0,8977.0,57185.0,9016.0,8977.0,50578.0,unchanged
1311670,22896.0,22900.0,32601.0,22896.0,22900.0,29601.0,unchanged
1311673,,,,22896.0,22900.0,29601.0,newly_flagged
1311674,22895.0,22890.0,57288.0,,,,no_longer_flagged
1311675,22895.0,22890.0,56282.0,,,,no_longer_flagged
1311677,,,,22890.0,22895.0,29614.0,newly_flagged
1311683,,,,22896.0,22900.0,29601.0,newly_flagged
1311685,22896.0,22900.0,32601.0,22896.0,22900.0,29601.0,unchanged
1311709,,,,6113.0,6077.0,51269.0,newly_flagged
1311757,6067.0,6081.0,55773.0,6067.0,6081.0,49377.0,unchanged
1311792,536225.0,536226.0,13666.0,,,,no_longer_flagged
1311795,8611.0,8549.0,30874.0,8611.0,8549.0,27940.0,unchanged
1311827,5450.0,5324.0,47280.0,5450.0,5324.0,41868.0,unchanged
1311828,5450.0,5324.0,47280.0,5450.0,5324.0,41868.0,unchanged
1311836,129.0,196.0,4405.0,129.0,145.0,21937.0,recommendation_changed
1311839,7829.0,7793.0,58069.0,,,,no_longer_flagged
1311857,7622.0,7619.0,52563.0,7622.0,7619.0,46610.0,unchanged
1311914,136315.0,23427.0,58423.0,136315.0,23427.0,51438.0,unchanged
1311940,,,,535791.0,535788.0,25331.0,newly_flagged
1311997,22452.0,7037.0,33947.0,,,,no_longer_flagged
1311999,9003.0,8896.0,30661.0,9003.0,8866.0,27746.0,recommendation_changed
1312001,9003.0,8896.0,30661.0,9003.0,8866.0,27746.0,recommendation_changed
1312066,,,,8896.0,8866.0,27746.0,newly_flagged
1312069,,,,8896.0,8866.0,27746.0,newly_flagged
1312182,7661.0,7686.0,53589.0,,,,no_longer_flagged
1312183,7661.0,7686.0,53589.0,,,,no_longer_flagged
1312185,,,,7686.0,7661.0,47522.0,newly_flagged
1312189,7622.0,7619.0,52563.0,7622.0,7619.0,46610.0,unchanged
1312203,,,,7619.0,7632.0,46803.0,newly_flagged
1312204,7627.0,7619.0,52563.0,7627.0,7619.0,46610.0,unchanged
1312234,,,,8497.0,8277.0,50399.0,newly_flagged
1312235,,,,8497.0,8277.0,50399.0,newly_flagged
1312236,,,,8497.0,8277.0,50399.0,newly_flagged
1312237,,,,8497.0,8277.0,50399.0,newly_flagged
1312281,,,,7816.0,7750.0,46671.0,newly_flagged
1312296,7632.0,7619.0,52563.0,,,,no_longer_flagged
1312314,,,,193.0,169.0,8055.0,newly_flagged
1312316,,,,193.0,169.0,8055.0,newly_flagged
1312349,22771.0,22823.0,28712.0,22771.0,22802.0,3883.0,recommendation_changed
1312386,220476.0,220480.0,1681.0,220476.0,220480.0,1562.0,unchanged
1312387,220476.0,220480.0,1681.0,220476.0,220480.0,1562.0,unchanged
1312388,26838.0,17668.0,52860.0,,,,no_longer_flagged
1312407,7626.0,7645.0,24131.0,7626.0,7549.0,22290.0,recommendation_changed
1312429,,,,11340.0,11225.0,42782.0,newly_flagged
1312472,264960.0,264959.0,57537.0,264960.0,264959.0,29139.0,unchanged
1312473,264960.0,264959.0,32123.0,264960.0,264959.0,29139.0,unchanged
1312484,7259.0,7281.0,32596.0,7259.0,7281.0,29595.0,unchanged
1312486,7259.0,7281.0,32596.0,7259.0,7281.0,29595.0,unchanged
1312489,264960.0,264959.0,57539.0,264960.0,264959.0,29139.0,unchanged
1312491,264960.0,264959.0,57539.0,264960.0,264959.0,29139.0,unchanged
1312494,,,,264960.0,264959.0,29139.0,newly_flagged
1312543,,,,262090.0,262721.0,29688.0,newly_flagged
1312544,262720.0,262721.0,32694.0,262720.0,262721.0,29688.0,unchanged
1312546,274241.0,274240.0,32502.0,274241.0,274240.0,29506.0,unchanged
1312547,376209.0,4638.0,53593.0,376209.0,4638.0,47526.0,unchanged
