BADGE,CURRENT_TRANSFORMER,RECOMMENDED_TRANSFORMER,CLUSTER,CLUSTER_SIZE,MAPPED_PEERS,CURRENT_VOTES,MAJORITY_VOTES,MAJORITY_SHARE,CONFIDENCE_GAP,PEER_STABILITY,PEERS_CONSIDERED,TIMES_RECOMMENDED,BADGE_N_RUNS,RECOMMENDATION_STABILITY
1257453,,27371,17228,9,8,0,8,1.0,1.0,1.0,8,9,9,1.0
1232465,,525844,9821,8,7,0,7,1.0,1.0,1.0,7,9,9,1.0
1232532,,506639,2690,7,6,0,6,1.0,1.0,1.0,6,9,9,1.0
1232538,,536367,30851,7,6,0,6,1.0,1.0,1.0,6,9,9,1.0
1232979,,384663,4907,6,5,0,5,1.0,1.0,1.0,5,9,9,1.0
1232467,,497070,26053,6,5,0,5,1.0,1.0,1.0,5,9,9,1.0
1257706,,23720,12534,5,4,0,4,1.0,1.0,1.0,4,9,9,1.0
1097161,,537121,15850,6,4,0,4,1.0,1.0,1.0,5,9,9,1.0
1233002,,537121,15850,6,4,0,4,1.0,1.0,1.0,5,9,9,1.0
1096654,,536699,22071,6,4,0,4,1.0,1.0,1.0,5,9,9,1.0
1232993,,536699,22071,6,4,0,4,1.0,1.0,1.0,5,9,9,1.0
1240541,,536734,44623,6,4,0,4,1.0,1.0,1.0,5,9,9,1.0
1299377,,536734,44623,6,4,0,4,1.0,1.0,1.0,5,9,9,1.0
1113152,25813,14647,25080,14,14,1,13,0.9286,0.8571,1.0,13,9,9,1.0
1000727,221438,5576,59,13,13,1,12,0.9231,0.8462,1.0,12,9,9,1.0
1035302,286723,286724,3105,13,13,1,12,0.9231,0.8462,1.0,12,9,9,1.0
1090506,1307,1332,13456,12,12,1,11,0.9167,0.8333,1.0,11,9,9,1.0
1007408,10755,24394,855,11,11,1,10,0.9091,0.8182,1.0,10,9,9,1.0
1011409,6657,6551,1265,11,11,1,10,0.9091,0.8182,1.0,10,9,9,1.0
1300735,22426,6716,50217,11,11,1,10,0.9091,0.8182,1.0,10,9,9,1.0
1005541,280,294,486,10,10,1,9,0.9,0.8,1.0,9,9,9,1.0
1303089,5146,5165,1928,10,10,1,9,0.9,0.8,1.0,9,9,9,1.0
1096135,375313,375310,4893,10,10,1,9,0.9,0.8,1.0,9,9,9,1.0
1056582,376047,376048,7462,10,10,1,9,0.9,0.8,1.0,9,9,9,1.0
1128856,11940,11955,12030,10,10,1,9,0.9,0.8,1.0,9,9,9,1.0
1060487,370188,370187,12044,10,10,1,9,0.9,0.8,1.0,9,9,9,1.0
1079334,16151,16123,13784,10,10,1,9,0.9,0.8,1.0,9,9,9,1.0
1304023,22626,7050,29645,10,10,1,9,0.9,0.8,1.0,9,9,9,1.0
1145057,14487,14481,30667,10,10,1,9,0.9,0.8,1.0,9,9,9,1.0
1276470,93728,93727,30983,10,10,1,9,0.9,0.8,1.0,9,9,9,1.0
1189188,4310,4297,35101,10,10,1,9,0.9,0.8,1.0,9,9,9,1.0
1275629,23470,9007,42314,10,10,1,9,0.9,0.8,1.0,9,9,9,1.0
1097193,,391152,22008,6,5,0,4,0.8,0.8,1.0,5,9,9,1.0
1001688,327,322,528,9,9,1,8,0.8889,0.7778,1.0,8,9,9,1.0
1004441,9224,23592,1471,9,9,1,8,0.8889,0.7778,1.0,8,9,9,1.0
1025076,10149,10140,1698,9,9,1,8,0.8889,0.7778,1.0,8,9,9,1.0
1005587,11328,11397,1841,9,9,1,8,0.8889,0.7778,1.0,8,9,9,1.0
1018997,22934,22944,5093,9,9,1,8,0.8889,0.7778,1.0,8,9,9,1.0
1024053,23997,23979,6397,9,9,1,8,0.8889,0.7778,1.0,8,9,9,1.0
1034362,159048,159049,8883,9,9,1,8,0.8889,0.7778,1.0,8,9,9,1.0
1039816,23622,23608,9957,9,9,1,8,0.8889,0.7778,1.0,8,9,9,1.0
1044203,343808,343807,11027,9,9,1,8,0.8889,0.7778,1.0,8,9,9,1.0
1045563,8972,8941,11268,9,9,1,8,0.8889,0.7778,1.0,8,9,9,1.0
1048004,349595,349596,11703,9,9,1,8,0.8889,0.7778,1.0,8,9,9,1.0
1057063,175356,172500,12793,9,9,1,8,0.8889,0.7778,1.0,8,9,9,1.0
1079095,5431,5428,15855,9,9,1,8,0.8889,0.7778,1.0,8,9,9,1.0
1282485,27349,19389,16048,9,9,1,8,0.8889,0.7778,1.0,8,9,9,1.0
1071231,27374,27382,16095,9,9,1,8,0.8889,0.7778,1.0,8,9,9,1.0
1076760,145602,130227,17633,9,9,1,8,0.8889,0.7778,1.0,8,9,9,1.0
1089109,14423,14385,19761,9,9,1,8,0.8889,0.7778,1.0,8,9,9,1.0
1116653,13710,13656,20481,9,9,1,8,0.8889,0.7778,1.0,8,9,9,1.0
1119059,10750,429852,21973,9,9,1,8,0.8889,0.7778,1.0,8,9,9,1.0
1123978,12282,12286,26217,9,9,1,8,0.8889,0.7778,1.0,8,9,9,1.0
1189766,4538,4532,30767,9,9,1,8,0.8889,0.7778,1.0,8,9,9,1.0
1157830,17404,17344,33488,9,9,1,8,0.8889,0.7778,1.0,8,9,9,1.0
1164250,3234,21246,34469,9,9,1,8,0.8889,0.7778,1.0,8,9,9,1.0
1277226,79004,93724,47327,9,9,1,8,0.8889,0.7778,1.0,8,9,9,1.0
1005526,351,347,438,8,8,1,7,0.875,0.75,1.0,7,9,9,1.0
1005076,11956,24827,1116,8,8,1,7,0.875,0.75,1.0,7,9,9,1.0
1004836,9983,23915,1615,8,8,1,7,0.875,0.75,1.0,7,9,9,1.0
1119481,396227,430002,1650,8,8,1,7,0.875,0.75,1.0,7,9,9,1.0
1006685,23950,23909,2040,8,8,1,7,0.875,0.75,1.0,7,9,9,1.0
1025254,12705,25132,2351,8,8,1,7,0.875,0.75,1.0,7,9,9,1.0
1023258,145275,235200,3184,8,8,1,7,0.875,0.75,1.0,7,9,9,1.0
1132993,278401,168318,3967,8,8,1,7,0.875,0.75,1.0,7,9,9,1.0
1013186,375723,23402,4008,8,8,1,7,0.875,0.75,1.0,7,9,9,1.0
1270148,1870,378268,4062,8,8,1,7,0.875,0.75,1.0,7,9,9,1.0
1015390,350091,350092,4063,8,8,1,7,0.875,0.75,1.0,7,9,9,1.0
1095103,390688,390689,4452,8,8,1,7,0.875,0.75,1.0,7,9,9,1.0
1135976,195839,263050,4830,8,8,1,7,0.875,0.75,1.0,7,9,9,1.0
1020669,9073,9027,5518,8,8,1,7,0.875,0.75,1.0,7,9,9,1.0
1022790,449229,449228,6088,8,8,1,7,0.875,0.75,1.0,7,9,9,1.0
1040672,22392,22423,7206,8,8,1,7,0.875,0.75,1.0,7,9,9,1.0
1041457,6408,6372,8288,8,8,1,7,0.875,0.75,1.0,7,9,9,1.0
1037994,6431,6381,8317,8,8,1,7,0.875,0.75,1.0,7,9,9,1.0
1032790,370316,370315,8540,8,8,1,7,0.875,0.75,1.0,7,9,9,1.0
1037142,23585,9300,9487,8,8,1,7,0.875,0.75,1.0,7,9,9,1.0
1057413,14138,20530,12867,8,8,1,7,0.875,0.75,1.0,7,9,9,1.0
1059836,22069,22066,13113,8,8,1,7,0.875,0.75,1.0,7,9,9,1.0
1061976,21998,21995,13288,8,8,1,7,0.875,0.75,1.0,7,9,9,1.0
1059849,94047,3371,13710,8,8,1,7,0.875,0.75,1.0,7,9,9,1.0
1083674,26240,26239,13755,8,8,1,7,0.875,0.75,1.0,7,9,9,1.0
1068313,384031,383573,15340,8,8,1,7,0.875,0.75,1.0,7,9,9,1.0
1079891,26311,26310,16677,8,8,1,7,0.875,0.75,1.0,7,9,9,1.0
1093244,18022,26992,18231,8,8,1,7,0.875,0.75,1.0,7,9,9,1.0
1088661,14558,14744,19783,8,8,1,7,0.875,0.75,1.0,7,9,9,1.0
1096000,390699,396060,21682,8,8,1,7,0.875,0.75,1.0,7,9,9,1.0
1132492,391359,391357,21789,8,8,1,7,0.875,0.75,1.0,7,9,9,1.0
1124384,2431,2452,22024,8,8,1,7,0.875,0.75,1.0,7,9,9,1.0
1183770,280966,24453,22068,8,8,1,7,0.875,0.75,1.0,7,9,9,1.0
1147446,2833,20942,25174,8,8,1,7,0.875,0.75,1.0,7,9,9,1.0
1119131,425115,429851,25978,8,8,1,7,0.875,0.75,1.0,7,9,9,1.0
1123083,25391,13336,26680,8,8,1,7,0.875,0.75,1.0,7,9,9,1.0
1127612,21407,21400,27913,8,8,1,7,0.875,0.75,1.0,7,9,9,1.0
1286232,20421,20440,27939,8,8,1,7,0.875,0.75,1.0,7,9,9,1.0
1154340,17363,17409,28114,8,8,1,7,0.875,0.75,1.0,7,9,9,1.0
1299023,7285,7306,28394,8,8,1,7,0.875,0.75,1.0,7,9,9,1.0
1283075,7359,7373,28407,8,8,1,7,0.875,0.75,1.0,7,9,9,1.0
1282871,153292,2112,28788,8,8,1,7,0.875,0.75,1.0,7,9,9,1.0
1303867,6910,6890,29929,8,8,1,7,0.875,0.75,1.0,7,9,9,1.0
1136190,8501,8681,30462,8,8,1,7,0.875,0.75,1.0,7,9,9,1.0
1298458,21703,4923,30834,8,8,1,7,0.875,0.75,1.0,7,9,9,1.0
1152942,19438,27362,32895,8,8,1,7,0.875,0.75,1.0,7,9,9,1.0
1156715,84768,20436,33740,8,8,1,7,0.875,0.75,1.0,7,9,9,1.0
1183710,26015,2943,37807,8,8,1,7,0.875,0.75,1.0,7,9,9,1.0
1207682,12416,12485,39534,8,8,1,7,0.875,0.75,1.0,7,9,9,1.0
1210400,13487,25423,41521,8,8,1,7,0.875,0.75,1.0,7,9,9,1.0
1223022,11180,11192,41716,8,8,1,7,0.875,0.75,1.0,7,9,9,1.0
1287212,4636,4618,42106,8,8,1,7,0.875,0.75,1.0,7,9,9,1.0
1219898,18564,18543,42884,8,8,1,7,0.875,0.75,1.0,7,9,9,1.0
1227480,23228,23262,44066,8,8,1,7,0.875,0.75,1.0,7,9,9,1.0
1285887,9398,9369,45209,8,8,1,7,0.875,0.75,1.0,7,9,9,1.0
1301538,6101,6173,46498,8,8,1,7,0.875,0.75,1.0,7,9,9,1.0
1297867,7642,22847,49651,8,8,1,7,0.875,0.75,1.0,7,9,9,1.0
1000970,10502,24265,260,7,7,1,6,0.8571,0.7143,1.0,6,9,9,1.0
1001938,157,205,366,7,7,1,6,0.8571,0.7143,1.0,6,9,9,1.0
1127600,178568,272956,684,7,7,1,6,0.8571,0.7143,1.0,6,9,9,1.0
1011260,30683,30685,749,7,7,1,6,0.8571,0.7143,1.0,6,9,9,1.0
1027818,8288,8252,834,7,7,1,6,0.8571,0.7143,1.0,6,9,9,1.0
1003542,11956,11954,1130,7,7,1,6,0.8571,0.7143,1.0,6,9,9,1.0
1004359,13274,13311,1286,7,7,1,6,0.8571,0.7143,1.0,6,9,9,1.0
1055107,7510,7465,1712,7,7,1,6,0.8571,0.7143,1.0,6,9,9,1.0
1010338,10837,24388,1731,7,7,1,6,0.8571,0.7143,1.0,6,9,9,1.0
1148232,25871,25840,1935,7,7,1,6,0.8571,0.7143,1.0,6,9,9,1.0
1014398,405742,425118,2100,7,7,1,6,0.8571,0.7143,1.0,6,9,9,1.0
1006593,10102,10136,2131,7,7,1,6,0.8571,0.7143,1.0,6,9,9,1.0
1014643,129261,129264,2227,7,7,1,6,0.8571,0.7143,1.0,6,9,9,1.0
1007797,24101,24086,2268,7,7,1,6,0.8571,0.7143,1.0,6,9,9,1.0
1012911,11732,11740,2667,7,7,1,6,0.8571,0.7143,1.0,6,9,9,1.0
1053916,22886,7845,3455,7,7,1,6,0.8571,0.7143,1.0,6,9,9,1.0
1097379,377867,377857,3768,7,7,1,6,0.8571,0.7143,1.0,6,9,9,1.0
1013177,38079,68771,4001,7,7,1,6,0.8571,0.7143,1.0,6,9,9,1.0
1013554,389921,389920,4118,7,7,1,6,0.8571,0.7143,1.0,6,9,9,1.0
1074775,25510,13671,4815,7,7,1,6,0.8571,0.7143,1.0,6,9,9,1.0
1027601,7929,7967,5266,7,7,1,6,0.8571,0.7143,1.0,6,9,9,1.0
1023636,158080,158079,5505,7,7,1,6,0.8571,0.7143,1.0,6,9,9,1.0
1227439,23252,23245,5586,7,7,1,6,0.8571,0.7143,1.0,6,9,9,1.0
1024549,9032,23468,5592,7,7,1,6,0.8571,0.7143,1.0,6,9,9,1.0
1024210,10859,24430,6431,7,7,1,6,0.8571,0.7143,1.0,6,9,9,1.0
1029825,6961,6960,7100,7,7,1,6,0.8571,0.7143,1.0,6,9,9,1.0
1081570,13887,13880,7353,7,7,1,6,0.8571,0.7143,1.0,6,9,9,1.0
1063504,370574,370573,7411,7,7,1,6,0.8571,0.7143,1.0,6,9,9,1.0
1042033,22799,7498,7705,7,7,1,6,0.8571,0.7143,1.0,6,9,9,1.0
1041818,7773,7723,8245,7,7,1,6,0.8571,0.7143,1.0,6,9,9,1.0
1040772,22516,6911,8563,7,7,1,6,0.8571,0.7143,1.0,6,9,9,1.0
1033024,22498,6859,8595,7,7,1,6,0.8571,0.7143,1.0,6,9,9,1.0
1034520,7732,7713,8599,7,7,1,6,0.8571,0.7143,1.0,6,9,9,1.0
1035593,376893,376892,9159,7,7,1,6,0.8571,0.7143,1.0,6,9,9,1.0
1036052,77723,77724,9249,7,7,1,6,0.8571,0.7143,1.0,6,9,9,1.0
1038244,375004,375005,9456,7,7,1,6,0.8571,0.7143,1.0,6,9,9,1.0
1037027,226242,256640,9465,7,7,1,6,0.8571,0.7143,1.0,6,9,9,1.0
1053650,22561,22550,9603,7,7,1,6,0.8571,0.7143,1.0,6,9,9,1.0
1038005,6552,6510,9658,7,7,1,6,0.8571,0.7143,1.0,6,9,9,1.0
1042231,118715,118714,10497,7,7,1,6,0.8571,0.7143,1.0,6,9,9,1.0
1041985,375407,370511,10547,7,7,1,6,0.8571,0.7143,1.0,6,9,9,1.0
1042059,375410,375406,10550,7,7,1,6,0.8571,0.7143,1.0,6,9,9,1.0
1048010,40608,40606,10760,7,7,1,6,0.8571,0.7143,1.0,6,9,9,1.0
1058465,350255,350254,11181,7,7,1,6,0.8571,0.7143,1.0,6,9,9,1.0
1060281,192316,323837,11728,7,7,1,6,0.8571,0.7143,1.0,6,9,9,1.0
1082229,14063,14027,11972,7,7,1,6,0.8571,0.7143,1.0,6,9,9,1.0
1186871,47004,75492,13465,7,7,1,6,0.8571,0.7143,1.0,6,9,9,1.0
1155450,18933,18959,13662,7,7,1,6,0.8571,0.7143,1.0,6,9,9,1.0
1061126,293758,344470,14076,7,7,1,6,0.8571,0.7143,1.0,6,9,9,1.0
1068352,280958,280957,14711,7,7,1,6,0.8571,0.7143,1.0,6,9,9,1.0
1123127,20017,12867,14781,7,7,1,6,0.8571,0.7143,1.0,6,9,9,1.0
1068133,5762,5763,14881,7,7,1,6,0.8571,0.7143,1.0,6,9,9,1.0
1121062,19426,21806,15376,7,7,1,6,0.8571,0.7143,1.0,6,9,9,1.0
1069859,19297,19282,15530,7,7,1,6,0.8571,0.7143,1.0,6,9,9,1.0
1222120,4728,21656,15957,7,7,1,6,0.8571,0.7143,1.0,6,9,9,1.0
1079881,26321,26325,16046,7,7,1,6,0.8571,0.7143,1.0,6,9,9,1.0
1076678,284157,284155,17607,7,7,1,6,0.8571,0.7143,1.0,6,9,9,1.0
1077951,129905,129908,17883,7,7,1,6,0.8571,0.7143,1.0,6,9,9,1.0
1099551,26361,26356,18054,7,7,1,6,0.8571,0.7143,1.0,6,9,9,1.0
1079832,26327,26329,18276,7,7,1,6,0.8571,0.7143,1.0,6,9,9,1.0
1157398,2178,20439,19224,7,7,1,6,0.8571,0.7143,1.0,6,9,9,1.0
1083679,14353,14325,19376,7,7,1,6,0.8571,0.7143,1.0,6,9,9,1.0
1084101,13537,13541,19506,7,7,1,6,0.8571,0.7143,1.0,6,9,9,1.0
1088709,14708,14733,19796,7,7,1,6,0.8571,0.7143,1.0,6,9,9,1.0
1220516,17999,17992,20250,7,7,1,6,0.8571,0.7143,1.0,6,9,9,1.0
1220508,26970,17999,20253,7,7,1,6,0.8571,0.7143,1.0,6,9,9,1.0
1092652,18357,18320,20502,7,7,1,6,0.8571,0.7143,1.0,6,9,9,1.0
1091348,13566,13550,20606,7,7,1,6,0.8571,0.7143,1.0,6,9,9,1.0
1186343,19553,19558,20983,7,7,1,6,0.8571,0.7143,1.0,6,9,9,1.0
1092617,26866,17780,21051,7,7,1,6,0.8571,0.7143,1.0,6,9,9,1.0
1110144,14092,14057,21686,7,7,1,6,0.8571,0.7143,1.0,6,9,9,1.0
1137506,11928,11940,21858,7,7,1,6,0.8571,0.7143,1.0,6,9,9,1.0
1118612,396082,396084,21995,7,7,1,6,0.8571,0.7143,1.0,6,9,9,1.0
1099261,71649,71653,22485,7,7,1,6,0.8571,0.7143,1.0,6,9,9,1.0
1112860,19284,19325,25028,7,7,1,6,0.8571,0.7143,1.0,6,9,9,1.0
1142805,14125,25615,25512,7,7,1,6,0.8571,0.7143,1.0,6,9,9,1.0
1121489,535612,1044,26237,7,7,1,6,0.8571,0.7143,1.0,6,9,9,1.0
1171159,1074,1087,26361,7,7,1,6,0.8571,0.7143,1.0,6,9,9,1.0
1122344,25105,25096,26464,7,7,1,6,0.8571,0.7143,1.0,6,9,9,1.0
1205608,1420,1418,27196,7,7,1,6,0.8571,0.7143,1.0,6,9,9,1.0
1125885,1854,1835,27335,7,7,1,6,0.8571,0.7143,1.0,6,9,9,1.0
1305079,22092,5965,27730,7,7,1,6,0.8571,0.7143,1.0,6,9,9,1.0
1127791,396123,1925,28031,7,7,1,6,0.8571,0.7143,1.0,6,9,9,1.0
1286627,22622,22618,28255,7,7,1,6,0.8571,0.7143,1.0,6,9,9,1.0
1270836,9255,104285,28312,7,7,1,6,0.8571,0.7143,1.0,6,9,9,1.0
1229664,11157,11197,28525,7,7,1,6,0.8571,0.7143,1.0,6,9,9,1.0
1143839,25824,25865,28714,7,7,1,6,0.8571,0.7143,1.0,6,9,9,1.0
1282001,16936,16952,29357,7,7,1,6,0.8571,0.7143,1.0,6,9,9,1.0
1133502,6037,22138,29675,7,7,1,6,0.8571,0.7143,1.0,6,9,9,1.0
1199291,9863,9818,30177,7,7,1,6,0.8571,0.7143,1.0,6,9,9,1.0
1137838,27365,27366,30874,7,7,1,6,0.8571,0.7143,1.0,6,9,9,1.0
1306808,4561,21606,30886,7,7,1,6,0.8571,0.7143,1.0,6,9,9,1.0
1146908,2611,20782,32162,7,7,1,6,0.8571,0.7143,1.0,6,9,9,1.0
1227299,24242,24251,33127,7,7,1,6,0.8571,0.7143,1.0,6,9,9,1.0
1184861,18887,18924,35018,7,7,1,6,0.8571,0.7143,1.0,6,9,9,1.0
1175982,20667,243842,36596,7,7,1,6,0.8571,0.7143,1.0,6,9,9,1.0
1219570,3968,3979,37929,7,7,1,6,0.8571,0.7143,1.0,6,9,9,1.0
1185893,19574,19576,38274,7,7,1,6,0.8571,0.7143,1.0,6,9,9,1.0
1189785,4444,4431,38359,7,7,1,6,0.8571,0.7143,1.0,6,9,9,1.0
1199709,10006,23941,40291,7,7,1,6,0.8571,0.7143,1.0,6,9,9,1.0
1216110,279080,279079,42114,7,7,1,6,0.8571,0.7143,1.0,6,9,9,1.0
1218487,11743,11722,42662,7,7,1,6,0.8571,0.7143,1.0,6,9,9,1.0
1227147,8899,8950,43918,7,7,1,6,0.8571,0.7143,1.0,6,9,9,1.0
1228162,23637,23618,44193,7,7,1,6,0.8571,0.7143,1.0,6,9,9,1.0
1277636,1785,20265,46081,7,7,1,6,0.8571,0.7143,1.0,6,9,9,1.0
1274081,9643,9606,46686,7,7,1,6,0.8571,0.7143,1.0,6,9,9,1.0
1276039,6536,6512,46951,7,7,1,6,0.8571,0.7143,1.0,6,9,9,1.0
1276081,7422,7463,46966,7,7,1,6,0.8571,0.7143,1.0,6,9,9,1.0
1306900,8558,8565,47482,7,7,1,6,0.8571,0.7143,1.0,6,9,9,1.0
1278845,7215,7213,47704,7,7,1,6,0.8571,0.7143,1.0,6,9,9,1.0
1279649,7455,7452,47929,7,7,1,6,0.8571,0.7143,1.0,6,9,9,1.0
1298510,22694,7299,48050,7,7,1,6,0.8571,0.7143,1.0,6,9,9,1.0
1286109,19360,19327,48590,7,7,1,6,0.8571,0.7143,1.0,6,9,9,1.0
1282451,19381,19380,48655,7,7,1,6,0.8571,0.7143,1.0,6,9,9,1.0
1298781,19551,19536,48694,7,7,1,6,0.8571,0.7143,1.0,6,9,9,1.0
1282963,187516,207677,48743,7,7,1,6,0.8571,0.7143,1.0,6,9,9,1.0
1298281,7455,7489,48989,7,7,1,6,0.8571,0.7143,1.0,6,9,9,1.0
1286637,22394,22382,49022,7,7,1,6,0.8571,0.7143,1.0,6,9,9,1.0
1288563,22628,22634,49308,7,7,1,6,0.8571,0.7143,1.0,6,9,9,1.0
1309319,7477,7468,49719,7,7,1,6,0.8571,0.7143,1.0,6,9,9,1.0
1300154,8764,8775,50108,7,7,1,6,0.8571,0.7143,1.0,6,9,9,1.0
1310666,22126,6042,50854,7,7,1,6,0.8571,0.7143,1.0,6,9,9,1.0
1306084,23058,23074,51110,7,7,1,6,0.8571,0.7143,1.0,6,9,9,1.0
1310995,22130,6040,51820,7,7,1,6,0.8571,0.7143,1.0,6,9,9,1.0
1249892,310077,343405,3980,13,13,2,11,0.8462,0.6923,1.0,12,9,9,1.0
1261263,310077,343405,3980,13,13,2,11,0.8462,0.6923,1.0,12,9,9,1.0
1158399,3869,3906,30679,13,13,2,11,0.8462,0.6923,1.0,12,9,9,1.0
1158383,3869,3906,30679,13,13,2,11,0.8462,0.6923,1.0,12,9,9,1.0
1146024,14724,25873,31991,9,9,1,7,0.7778,0.6667,1.0,8,9,9,1.0
1146055,25813,25873,31991,9,9,1,7,0.7778,0.6667,1.0,8,9,9,1.0
1158516,17241,17203,34014,9,9,1,7,0.7778,0.6667,1.0,8,9,9,1.0
1237748,17247,17203,34014,9,9,1,7,0.7778,0.6667,1.0,8,9,9,1.0
1186373,19561,19566,38352,9,9,1,7,0.7778,0.6667,1.0,8,9,9,1.0
1186332,27437,19566,38352,9,9,1,7,0.7778,0.6667,1.0,8,9,9,1.0
1304323,19707,19702,147,6,6,1,5,0.8333,0.6667,1.0,5,9,9,1.0
1003705,19681,19683,166,6,6,1,5,0.8333,0.6667,1.0,5,9,9,1.0
1003659,302,298,187,6,6,1,5,0.8333,0.6667,1.0,5,9,9,1.0
1000836,19677,19676,193,6,6,1,5,0.8333,0.6667,1.0,5,9,9,1.0
1001994,327,342,526,6,6,1,5,0.8333,0.6667,1.0,5,9,9,1.0
1001578,9403,19852,534,6,6,1,5,0.8333,0.6667,1.0,5,9,9,1.0
1002612,24265,10453,987,6,6,1,5,0.8333,0.6667,1.0,5,9,9,1.0
1002678,17682,17646,1051,6,6,1,5,0.8333,0.6667,1.0,5,9,9,1.0
1231809,19702,19693,1163,6,6,1,5,0.8333,0.6667,1.0,5,9,9,1.0
1025449,24846,24837,1356,6,6,1,5,0.8333,0.6667,1.0,5,9,9,1.0
1004281,22789,7486,1405,6,6,1,5,0.8333,0.6667,1.0,5,9,9,1.0
1004581,23048,23066,1500,6,6,1,5,0.8333,0.6667,1.0,5,9,9,1.0
1006545,9651,9637,1774,6,6,1,5,0.8333,0.6667,1.0,5,9,9,1.0
1009014,24254,10571,2069,6,6,1,5,0.8333,0.6667,1.0,5,9,9,1.0
1006359,10593,10532,2079,6,6,1,5,0.8333,0.6667,1.0,5,9,9,1.0
1021215,12214,12271,2191,6,6,1,5,0.8333,0.6667,1.0,5,9,9,1.0
1257381,63655,3533,2325,6,6,1,5,0.8333,0.6667,1.0,5,9,9,1.0
1010385,49568,35177,2860,6,6,1,5,0.8333,0.6667,1.0,5,9,9,1.0
1010609,79969,79968,3033,6,6,1,5,0.8333,0.6667,1.0,5,9,9,1.0
1027467,24072,24044,3167,6,6,1,5,0.8333,0.6667,1.0,5,9,9,1.0
1054104,88287,88286,3335,6,6,1,5,0.8333,0.6667,1.0,5,9,9,1.0
1011673,6780,6741,3449,6,6,1,5,0.8333,0.6667,1.0,5,9,9,1.0
1011863,376717,376718,3499,6,6,1,5,0.8333,0.6667,1.0,5,9,9,1.0
1036357,22540,22526,3549,6,6,1,5,0.8333,0.6667,1.0,5,9,9,1.0
1012844,6909,6970,3766,6,6,1,5,0.8333,0.6667,1.0,5,9,9,1.0
1144593,2896,21025,4077,6,6,1,5,0.8333,0.6667,1.0,5,9,9,1.0
1059113,383807,383787,4222,6,6,1,5,0.8333,0.6667,1.0,5,9,9,1.0
1124193,932,942,4685,6,6,1,5,0.8333,0.6667,1.0,5,9,9,1.0
1059542,384084,384085,4731,6,6,1,5,0.8333,0.6667,1.0,5,9,9,1.0
1158259,17307,17357,4766,6,6,1,5,0.8333,0.6667,1.0,5,9,9,1.0
1088800,26160,15688,4816,6,6,1,5,0.8333,0.6667,1.0,5,9,9,1.0
1027851,23639,9317,5380,6,6,1,5,0.8333,0.6667,1.0,5,9,9,1.0
1023650,23134,8466,5408,6,6,1,5,0.8333,0.6667,1.0,5,9,9,1.0
1020353,8923,9019,5451,6,6,1,5,0.8333,0.6667,1.0,5,9,9,1.0
1020879,23690,23710,5452,6,6,1,5,0.8333,0.6667,1.0,5,9,9,1.0
1027073,8757,8708,5550,6,6,1,5,0.8333,0.6667,1.0,5,9,9,1.0
1026304,13088,13016,5726,6,6,1,5,0.8333,0.6667,1.0,5,9,9,1.0
1021570,7478,7427,5751,6,6,1,5,0.8333,0.6667,1.0,5,9,9,1.0
1021672,13223,13211,5783,6,6,1,5,0.8333,0.6667,1.0,5,9,9,1.0
1021778,36133,36134,5800,6,6,1,5,0.8333,0.6667,1.0,5,9,9,1.0
1035418,24329,10654,5810,6,6,1,5,0.8333,0.6667,1.0,5,9,9,1.0
1185358,19545,19569,6230,6,6,1,5,0.8333,0.6667,1.0,5,9,9,1.0
1093836,17861,17860,6407,6,6,1,5,0.8333,0.6667,1.0,5,9,9,1.0
1024794,16877,4497,6559,6,6,1,5,0.8333,0.6667,1.0,5,9,9,1.0
1035092,6790,22519,6875,6,6,1,5,0.8333,0.6667,1.0,5,9,9,1.0
1053661,24416,24396,6953,6,6,1,5,0.8333,0.6667,1.0,5,9,9,1.0
1029970,6382,6433,7141,6,6,1,5,0.8333,0.6667,1.0,5,9,9,1.0
1028564,375244,17083,7336,6,6,1,5,0.8333,0.6667,1.0,5,9,9,1.0
1080041,279680,26274,7383,6,6,1,5,0.8333,0.6667,1.0,5,9,9,1.0
1028620,17661,17563,7387,6,6,1,5,0.8333,0.6667,1.0,5,9,9,1.0
1068248,22420,6818,7864,6,6,1,5,0.8333,0.6667,1.0,5,9,9,1.0
1044507,7162,22635,8279,6,6,1,5,0.8333,0.6667,1.0,5,9,9,1.0
1044005,6446,6496,8472,6,6,1,5,0.8333,0.6667,1.0,5,9,9,1.0
1032886,6867,22469,8519,6,6,1,5,0.8333,0.6667,1.0,5,9,9,1.0
1041499,22435,22475,8568,6,6,1,5,0.8333,0.6667,1.0,5,9,9,1.0
1033550,349773,349776,8713,6,6,1,5,0.8333,0.6667,1.0,5,9,9,1.0
1033813,109419,109114,8762,6,6,1,5,0.8333,0.6667,1.0,5,9,9,1.0
1044551,6763,6726,8768,6,6,1,5,0.8333,0.6667,1.0,5,9,9,1.0
1133894,9112,9058,8882,6,6,1,5,0.8333,0.6667,1.0,5,9,9,1.0
1037959,6730,6770,9037,6,6,1,5,0.8333,0.6667,1.0,5,9,9,1.0
1044549,6726,6763,9038,6,6,1,5,0.8333,0.6667,1.0,5,9,9,1.0
1035839,458703,458701,9198,6,6,1,5,0.8333,0.6667,1.0,5,9,9,1.0
1041316,7835,22910,9377,6,6,1,5,0.8333,0.6667,1.0,5,9,9,1.0
1144724,13137,13124,9681,6,6,1,5,0.8333,0.6667,1.0,5,9,9,1.0
1038452,345055,354828,9767,6,6,1,5,0.8333,0.6667,1.0,5,9,9,1.0
1041935,20855,20827,10538,6,6,1,5,0.8333,0.6667,1.0,5,9,9,1.0
1042454,148182,148180,10633,6,6,1,5,0.8333,0.6667,1.0,5,9,9,1.0
1044965,148807,148804,11158,6,6,1,5,0.8333,0.6667,1.0,5,9,9,1.0
1046605,343195,350008,11471,6,6,1,5,0.8333,0.6667,1.0,5,9,9,1.0
1046808,167998,167999,11497,6,6,1,5,0.8333,0.6667,1.0,5,9,9,1.0
1047043,342716,340480,11522,6,6,1,5,0.8333,0.6667,1.0,5,9,9,1.0
1056430,201607,201608,11764,6,6,1,5,0.8333,0.6667,1.0,5,9,9,1.0
1048361,91168,91171,11777,6,6,1,5,0.8333,0.6667,1.0,5,9,9,1.0
1128504,22658,22597,11979,6,6,1,5,0.8333,0.6667,1.0,5,9,9,1.0
1181208,15982,15965,11989,6,6,1,5,0.8333,0.6667,1.0,5,9,9,1.0
1054765,143039,143038,12496,6,6,1,5,0.8333,0.6667,1.0,5,9,9,1.0
1066708,247045,247044,13202,6,6,1,5,0.8333,0.6667,1.0,5,9,9,1.0
1096902,23113,8491,13371,6,6,1,5,0.8333,0.6667,1.0,5,9,9,1.0
1146612,3108,343932,13414,6,6,1,5,0.8333,0.6667,1.0,5,9,9,1.0
1059442,12105,12188,13463,6,6,1,5,0.8333,0.6667,1.0,5,9,9,1.0
1091862,17524,17540,13650,6,6,1,5,0.8333,0.6667,1.0,5,9,9,1.0
1089381,15541,15540,13851,6,6,1,5,0.8333,0.6667,1.0,5,9,9,1.0
1060759,383565,383564,13984,6,6,1,5,0.8333,0.6667,1.0,5,9,9,1.0
1060802,87334,87333,13991,6,6,1,5,0.8333,0.6667,1.0,5,9,9,1.0
1248134,18920,18904,14107,6,6,1,5,0.8333,0.6667,1.0,5,9,9,1.0
1061408,20666,181759,14144,6,6,1,5,0.8333,0.6667,1.0,5,9,9,1.0
1065360,123180,122872,14693,6,6,1,5,0.8333,0.6667,1.0,5,9,9,1.0
1066900,133741,5660,14784,6,6,1,5,0.8333,0.6667,1.0,5,9,9,1.0
1066399,275841,275844,14910,6,6,1,5,0.8333,0.6667,1.0,5,9,9,1.0
1067144,128630,128622,14962,6,6,1,5,0.8333,0.6667,1.0,5,9,9,1.0
1068901,164798,161603,14995,6,6,1,5,0.8333,0.6667,1.0,5,9,9,1.0
1237778,156485,156484,15042,6,6,1,5,0.8333,0.6667,1.0,5,9,9,1.0
1067608,115181,115182,15187,6,6,1,5,0.8333,0.6667,1.0,5,9,9,1.0
1070505,5291,5303,15412,6,6,1,5,0.8333,0.6667,1.0,5,9,9,1.0
1078466,19311,19292,15683,6,6,1,5,0.8333,0.6667,1.0,5,9,9,1.0
1095592,5314,5284,15915,6,6,1,5,0.8333,0.6667,1.0,5,9,9,1.0
1070869,14608,14574,15926,6,6,1,5,0.8333,0.6667,1.0,5,9,9,1.0
1104408,16972,16950,16006,6,6,1,5,0.8333,0.6667,1.0,5,9,9,1.0
1075217,35493,35490,16121,6,6,1,5,0.8333,0.6667,1.0,5,9,9,1.0
1175161,24825,24807,16152,6,6,1,5,0.8333,0.6667,1.0,5,9,9,1.0
1077548,19172,19181,16155,6,6,1,5,0.8333,0.6667,1.0,5,9,9,1.0
1072319,364860,429979,16300,6,6,1,5,0.8333,0.6667,1.0,5,9,9,1.0
1074789,13969,14055,17194,6,6,1,5,0.8333,0.6667,1.0,5,9,9,1.0
1077093,19547,27431,17256,6,6,1,5,0.8333,0.6667,1.0,5,9,9,1.0
1075194,35494,35492,17270,6,6,1,5,0.8333,0.6667,1.0,5,9,9,1.0
1075731,27404,27413,17405,6,6,1,5,0.8333,0.6667,1.0,5,9,9,1.0
1077372,19250,19276,17533,6,6,1,5,0.8333,0.6667,1.0,5,9,9,1.0
1078243,18038,18081,17943,6,6,1,5,0.8333,0.6667,1.0,5,9,9,1.0
1083918,35166,96296,18201,6,6,1,5,0.8333,0.6667,1.0,5,9,9,1.0
1079837,26310,16066,18273,6,6,1,5,0.8333,0.6667,1.0,5,9,9,1.0
1079834,26325,26327,18278,6,6,1,5,0.8333,0.6667,1.0,5,9,9,1.0
1137103,13963,13994,18393,6,6,1,5,0.8333,0.6667,1.0,5,9,9,1.0
1082011,14867,14922,18536,6,6,1,5,0.8333,0.6667,1.0,5,9,9,1.0
1137067,15839,15826,18702,6,6,1,5,0.8333,0.6667,1.0,5,9,9,1.0
1082102,15764,15784,18711,6,6,1,5,0.8333,0.6667,1.0,5,9,9,1.0
1082326,15789,15829,18911,6,6,1,5,0.8333,0.6667,1.0,5,9,9,1.0
1082712,15759,15785,19027,6,6,1,5,0.8333,0.6667,1.0,5,9,9,1.0
1287643,9848,9949,19047,6,6,1,5,0.8333,0.6667,1.0,5,9,9,1.0
1210281,12880,12825,19069,6,6,1,5,0.8333,0.6667,1.0,5,9,9,1.0
1113818,14476,25785,19248,6,6,1,5,0.8333,0.6667,1.0,5,9,9,1.0
1174731,27272,19050,19298,6,6,1,5,0.8333,0.6667,1.0,5,9,9,1.0
1174451,19075,19089,19301,6,6,1,5,0.8333,0.6667,1.0,5,9,9,1.0
1088120,16033,16015,19618,6,6,1,5,0.8333,0.6667,1.0,5,9,9,1.0
1089253,14577,14599,19933,6,6,1,5,0.8333,0.6667,1.0,5,9,9,1.0
1112442,14413,14374,19978,6,6,1,5,0.8333,0.6667,1.0,5,9,9,1.0
1090703,15368,15385,20175,6,6,1,5,0.8333,0.6667,1.0,5,9,9,1.0
1167917,18591,18572,20324,6,6,1,5,0.8333,0.6667,1.0,5,9,9,1.0
1275380,64283,18549,20330,6,6,1,5,0.8333,0.6667,1.0,5,9,9,1.0
1111797,16771,16758,20424,6,6,1,5,0.8333,0.6667,1.0,5,9,9,1.0
1111932,25327,25338,20439,6,6,1,5,0.8333,0.6667,1.0,5,9,9,1.0
1090981,18283,18250,20444,6,6,1,5,0.8333,0.6667,1.0,5,9,9,1.0
1188353,19586,19601,20801,6,6,1,5,0.8333,0.6667,1.0,5,9,9,1.0
1186162,19226,19259,20909,6,6,1,5,0.8333,0.6667,1.0,5,9,9,1.0
1102915,26362,26363,20967,6,6,1,5,0.8333,0.6667,1.0,5,9,9,1.0
1185724,19559,19538,20987,6,6,1,5,0.8333,0.6667,1.0,5,9,9,1.0
1092578,25251,25263,21043,6,6,1,5,0.8333,0.6667,1.0,5,9,9,1.0
1185275,19642,19640,21083,6,6,1,5,0.8333,0.6667,1.0,5,9,9,1.0
1100624,17143,17120,21194,6,6,1,5,0.8333,0.6667,1.0,5,9,9,1.0
1093261,17562,17544,21234,6,6,1,5,0.8333,0.6667,1.0,5,9,9,1.0
1093360,19284,19253,21266,6,6,1,5,0.8333,0.6667,1.0,5,9,9,1.0
1093736,17852,17815,21361,6,6,1,5,0.8333,0.6667,1.0,5,9,9,1.0
1093797,17686,17660,21365,6,6,1,5,0.8333,0.6667,1.0,5,9,9,1.0
1094722,26722,26718,21605,6,6,1,5,0.8333,0.6667,1.0,5,9,9,1.0
1101345,26723,17394,21614,6,6,1,5,0.8333,0.6667,1.0,5,9,9,1.0
1176535,11468,11490,21658,6,6,1,5,0.8333,0.6667,1.0,5,9,9,1.0
1095114,375025,120939,21660,6,6,1,5,0.8333,0.6667,1.0,5,9,9,1.0
1099829,17314,17315,22616,6,6,1,5,0.8333,0.6667,1.0,5,9,9,1.0
1121104,26497,26510,22630,6,6,1,5,0.8333,0.6667,1.0,5,9,9,1.0
1106050,26713,26727,22661,6,6,1,5,0.8333,0.6667,1.0,5,9,9,1.0
1121103,17027,17056,22775,6,6,1,5,0.8333,0.6667,1.0,5,9,9,1.0
1103408,16697,16682,22896,6,6,1,5,0.8333,0.6667,1.0,5,9,9,1.0
1101902,17843,17819,23060,6,6,1,5,0.8333,0.6667,1.0,5,9,9,1.0
1103194,26474,26475,23319,6,6,1,5,0.8333,0.6667,1.0,5,9,9,1.0
1103290,14697,14679,23338,6,6,1,5,0.8333,0.6667,1.0,5,9,9,1.0
1111378,17414,17423,23435,6,6,1,5,0.8333,0.6667,1.0,5,9,9,1.0
1104482,25655,14166,23610,6,6,1,5,0.8333,0.6667,1.0,5,9,9,1.0
1121065,396191,13276,23706,6,6,1,5,0.8333,0.6667,1.0,5,9,9,1.0
1109321,17373,17346,23753,6,6,1,5,0.8333,0.6667,1.0,5,9,9,1.0
1171203,4545,4535,23916,6,6,1,5,0.8333,0.6667,1.0,5,9,9,1.0
1108598,19201,19217,24114,6,6,1,5,0.8333,0.6667,1.0,5,9,9,1.0
1108931,17321,17303,24193,6,6,1,5,0.8333,0.6667,1.0,5,9,9,1.0
1112142,27104,27102,24225,6,6,1,5,0.8333,0.6667,1.0,5,9,9,1.0
1109117,14792,14802,24231,6,6,1,5,0.8333,0.6667,1.0,5,9,9,1.0
1109475,15869,15859,24288,6,6,1,5,0.8333,0.6667,1.0,5,9,9,1.0
1109814,18812,18825,24360,6,6,1,5,0.8333,0.6667,1.0,5,9,9,1.0
1111613,13767,13758,24365,6,6,1,5,0.8333,0.6667,1.0,5,9,9,1.0
1114763,25412,25413,24447,6,6,1,5,0.8333,0.6667,1.0,5,9,9,1.0
1112140,18270,18266,24465,6,6,1,5,0.8333,0.6667,1.0,5,9,9,1.0
1110689,18118,18122,24528,6,6,1,5,0.8333,0.6667,1.0,5,9,9,1.0
1114587,13143,13164,24544,6,6,1,5,0.8333,0.6667,1.0,5,9,9,1.0
1138780,13803,13785,24715,6,6,1,5,0.8333,0.6667,1.0,5,9,9,1.0
1111943,25830,14601,24773,6,6,1,5,0.8333,0.6667,1.0,5,9,9,1.0
1112389,18235,27105,24808,6,6,1,5,0.8333,0.6667,1.0,5,9,9,1.0
1121091,13025,13048,24844,6,6,1,5,0.8333,0.6667,1.0,5,9,9,1.0
1145045,25312,13111,24847,6,6,1,5,0.8333,0.6667,1.0,5,9,9,1.0
1113182,14196,14404,25128,6,6,1,5,0.8333,0.6667,1.0,5,9,9,1.0
1142846,25210,25233,25221,6,6,1,5,0.8333,0.6667,1.0,5,9,9,1.0
1150174,25401,13418,25306,6,6,1,5,0.8333,0.6667,1.0,5,9,9,1.0
1121075,13691,13676,25771,6,6,1,5,0.8333,0.6667,1.0,5,9,9,1.0
1121122,27124,27126,26171,6,6,1,5,0.8333,0.6667,1.0,5,9,9,1.0
1124469,25404,13360,26974,6,6,1,5,0.8333,0.6667,1.0,5,9,9,1.0
1126002,14340,14395,27369,6,6,1,5,0.8333,0.6667,1.0,5,9,9,1.0
1127353,8076,23019,27789,6,6,1,5,0.8333,0.6667,1.0,5,9,9,1.0
1223193,24342,24359,27991,6,6,1,5,0.8333,0.6667,1.0,5,9,9,1.0
1185642,19652,19649,28139,6,6,1,5,0.8333,0.6667,1.0,5,9,9,1.0
1148412,2005,20395,28142,6,6,1,5,0.8333,0.6667,1.0,5,9,9,1.0
1268077,23169,23160,28236,6,6,1,5,0.8333,0.6667,1.0,5,9,9,1.0
1128631,6716,6754,28371,6,6,1,5,0.8333,0.6667,1.0,5,9,9,1.0
1128831,15630,15603,28473,6,6,1,5,0.8333,0.6667,1.0,5,9,9,1.0
1128961,9805,9867,28528,6,6,1,5,0.8333,0.6667,1.0,5,9,9,1.0
1217928,11574,11631,28727,6,6,1,5,0.8333,0.6667,1.0,5,9,9,1.0
1132177,22827,22848,29102,6,6,1,5,0.8333,0.6667,1.0,5,9,9,1.0
1132754,150730,150727,29335,6,6,1,5,0.8333,0.6667,1.0,5,9,9,1.0
1309895,6096,6102,29932,6,6,1,5,0.8333,0.6667,1.0,5,9,9,1.0
1134939,10049,10018,30134,6,6,1,5,0.8333,0.6667,1.0,5,9,9,1.0
1209374,25303,12942,30203,6,6,1,5,0.8333,0.6667,1.0,5,9,9,1.0
1268289,17068,17092,30662,6,6,1,5,0.8333,0.6667,1.0,5,9,9,1.0
1149303,14183,25697,30689,6,6,1,5,0.8333,0.6667,1.0,5,9,9,1.0
1267816,11739,11774,30691,6,6,1,5,0.8333,0.6667,1.0,5,9,9,1.0
1266762,2198,136958,30700,6,6,1,5,0.8333,0.6667,1.0,5,9,9,1.0
1288167,9759,9707,30720,6,6,1,5,0.8333,0.6667,1.0,5,9,9,1.0
1143017,10259,24105,31328,6,6,1,5,0.8333,0.6667,1.0,5,9,9,1.0
1143402,26288,15933,31454,6,6,1,5,0.8333,0.6667,1.0,5,9,9,1.0
1152845,7392,22740,32833,6,6,1,5,0.8333,0.6667,1.0,5,9,9,1.0
1159398,102364,102365,33212,6,6,1,5,0.8333,0.6667,1.0,5,9,9,1.0
1203055,26989,18033,33952,6,6,1,5,0.8333,0.6667,1.0,5,9,9,1.0
1175286,25486,25499,34031,6,6,1,5,0.8333,0.6667,1.0,5,9,9,1.0
1164802,3757,3796,34572,6,6,1,5,0.8333,0.6667,1.0,5,9,9,1.0
1165765,3398,265927,34760,6,6,1,5,0.8333,0.6667,1.0,5,9,9,1.0
1174476,19116,27287,35373,6,6,1,5,0.8333,0.6667,1.0,5,9,9,1.0
1168598,19182,19200,35391,6,6,1,5,0.8333,0.6667,1.0,5,9,9,1.0
1202425,27019,27032,35434,6,6,1,5,0.8333,0.6667,1.0,5,9,9,1.0
1221739,10799,10888,35874,6,6,1,5,0.8333,0.6667,1.0,5,9,9,1.0
1196276,24378,10685,35881,6,6,1,5,0.8333,0.6667,1.0,5,9,9,1.0
1174002,16210,16237,36139,6,6,1,5,0.8333,0.6667,1.0,5,9,9,1.0
1178735,123189,123188,36495,6,6,1,5,0.8333,0.6667,1.0,5,9,9,1.0
1206847,25834,25861,36784,6,6,1,5,0.8333,0.6667,1.0,5,9,9,1.0
1180811,16524,16462,37683,6,6,1,5,0.8333,0.6667,1.0,5,9,9,1.0
1186338,19558,19565,38038,6,6,1,5,0.8333,0.6667,1.0,5,9,9,1.0
1188374,19268,19207,38200,6,6,1,5,0.8333,0.6667,1.0,5,9,9,1.0
1190741,47004,47005,38455,6,6,1,5,0.8333,0.6667,1.0,5,9,9,1.0
1190074,21254,21233,38913,6,6,1,5,0.8333,0.6667,1.0,5,9,9,1.0
1219839,236157,236158,38996,6,6,1,5,0.8333,0.6667,1.0,5,9,9,1.0
1221789,24219,10368,39354,6,6,1,5,0.8333,0.6667,1.0,5,9,9,1.0
1197486,11702,11675,39596,6,6,1,5,0.8333,0.6667,1.0,5,9,9,1.0
1197548,8718,8644,39625,6,6,1,5,0.8333,0.6667,1.0,5,9,9,1.0
1198015,10346,10377,39799,6,6,1,5,0.8333,0.6667,1.0,5,9,9,1.0
1198181,11390,11360,39843,6,6,1,5,0.8333,0.6667,1.0,5,9,9,1.0
1198289,24233,10506,39874,6,6,1,5,0.8333,0.6667,1.0,5,9,9,1.0
1228554,10660,10591,39916,6,6,1,5,0.8333,0.6667,1.0,5,9,9,1.0
1306860,12625,12622,40063,6,6,1,5,0.8333,0.6667,1.0,5,9,9,1.0
1222322,10178,10131,40108,6,6,1,5,0.8333,0.6667,1.0,5,9,9,1.0
1218262,11552,11501,40128,6,6,1,5,0.8333,0.6667,1.0,5,9,9,1.0
1200873,12341,24992,40380,6,6,1,5,0.8333,0.6667,1.0,5,9,9,1.0
1201478,10809,10766,40707,6,6,1,5,0.8333,0.6667,1.0,5,9,9,1.0
1201852,23556,23548,40790,6,6,1,5,0.8333,0.6667,1.0,5,9,9,1.0
1207659,10511,10548,41483,6,6,1,5,0.8333,0.6667,1.0,5,9,9,1.0
1208954,647,10551,41623,6,6,1,5,0.8333,0.6667,1.0,5,9,9,1.0
1208981,10601,10562,41624,6,6,1,5,0.8333,0.6667,1.0,5,9,9,1.0
1208604,24786,24800,41667,6,6,1,5,0.8333,0.6667,1.0,5,9,9,1.0
1209038,10640,10609,41734,6,6,1,5,0.8333,0.6667,1.0,5,9,9,1.0
1225256,24554,11272,42301,6,6,1,5,0.8333,0.6667,1.0,5,9,9,1.0
1222570,10747,10820,42307,6,6,1,5,0.8333,0.6667,1.0,5,9,9,1.0
1222836,8213,8123,42477,6,6,1,5,0.8333,0.6667,1.0,5,9,9,1.0
1225412,147840,96298,43605,6,6,1,5,0.8333,0.6667,1.0,5,9,9,1.0
1275655,9578,9581,43867,6,6,1,5,0.8333,0.6667,1.0,5,9,9,1.0
1227550,23148,23177,44064,6,6,1,5,0.8333,0.6667,1.0,5,9,9,1.0
1228581,9859,23845,44269,6,6,1,5,0.8333,0.6667,1.0,5,9,9,1.0
1269695,9058,9112,44716,6,6,1,5,0.8333,0.6667,1.0,5,9,9,1.0
1270271,23698,9452,45156,6,6,1,5,0.8333,0.6667,1.0,5,9,9,1.0
1287366,9676,9569,45183,6,6,1,5,0.8333,0.6667,1.0,5,9,9,1.0
1269574,11705,11714,45196,6,6,1,5,0.8333,0.6667,1.0,5,9,9,1.0
1269662,10270,10265,45250,6,6,1,5,0.8333,0.6667,1.0,5,9,9,1.0
1271544,9015,8921,45334,6,6,1,5,0.8333,0.6667,1.0,5,9,9,1.0
1267743,24055,10261,45608,6,6,1,5,0.8333,0.6667,1.0,5,9,9,1.0
1269572,11705,11718,45702,6,6,1,5,0.8333,0.6667,1.0,5,9,9,1.0
1268253,8774,8692,45739,6,6,1,5,0.8333,0.6667,1.0,5,9,9,1.0
1271536,11866,11815,45907,6,6,1,5,0.8333,0.6667,1.0,5,9,9,1.0
1271134,23630,23617,45919,6,6,1,5,0.8333,0.6667,1.0,5,9,9,1.0
1270777,14612,14688,46096,6,6,1,5,0.8333,0.6667,1.0,5,9,9,1.0
1277471,9400,9365,46218,6,6,1,5,0.8333,0.6667,1.0,5,9,9,1.0
1271816,23615,23626,46295,6,6,1,5,0.8333,0.6667,1.0,5,9,9,1.0
1271331,25666,25687,46346,6,6,1,5,0.8333,0.6667,1.0,5,9,9,1.0
1272271,12038,11998,46485,6,6,1,5,0.8333,0.6667,1.0,5,9,9,1.0
1273682,25650,25648,46705,6,6,1,5,0.8333,0.6667,1.0,5,9,9,1.0
1288325,10268,10163,46779,6,6,1,5,0.8333,0.6667,1.0,5,9,9,1.0
1278039,14965,25947,47500,6,6,1,5,0.8333,0.6667,1.0,5,9,9,1.0
1298184,95007,95006,47631,6,6,1,5,0.8333,0.6667,1.0,5,9,9,1.0
1279629,16539,16542,47921,6,6,1,5,0.8333,0.6667,1.0,5,9,9,1.0
1280184,4635,26630,48061,6,6,1,5,0.8333,0.6667,1.0,5,9,9,1.0
1297561,22751,7423,48161,6,6,1,5,0.8333,0.6667,1.0,5,9,9,1.0
1280531,22773,22788,48187,6,6,1,5,0.8333,0.6667,1.0,5,9,9,1.0
1280554,7401,7392,48191,6,6,1,5,0.8333,0.6667,1.0,5,9,9,1.0
1282696,19370,27337,48696,6,6,1,5,0.8333,0.6667,1.0,5,9,9,1.0
1288982,10030,10073,48849,6,6,1,5,0.8333,0.6667,1.0,5,9,9,1.0
1288164,9771,9659,49221,6,6,1,5,0.8333,0.6667,1.0,5,9,9,1.0
1288762,6749,22394,49343,6,6,1,5,0.8333,0.6667,1.0,5,9,9,1.0
1288928,365035,18485,49372,6,6,1,5,0.8333,0.6667,1.0,5,9,9,1.0
1309260,27441,19551,49824,6,6,1,5,0.8333,0.6667,1.0,5,9,9,1.0
1311757,6067,6081,49834,6,6,1,5,0.8333,0.6667,1.0,5,9,9,1.0
1298953,7986,8012,49846,6,6,1,5,0.8333,0.6667,1.0,5,9,9,1.0
1299124,16533,16512,49856,6,6,1,5,0.8333,0.6667,1.0,5,9,9,1.0
1299841,18344,18384,50024,6,6,1,5,0.8333,0.6667,1.0,5,9,9,1.0
1309207,18353,27131,50067,6,6,1,5,0.8333,0.6667,1.0,5,9,9,1.0
1300137,6014,6003,50101,6,6,1,5,0.8333,0.6667,1.0,5,9,9,1.0
1301874,6287,6286,50473,6,6,1,5,0.8333,0.6667,1.0,5,9,9,1.0
1303219,7287,7290,50699,6,6,1,5,0.8333,0.6667,1.0,5,9,9,1.0
1303185,22395,22410,50700,6,6,1,5,0.8333,0.6667,1.0,5,9,9,1.0
1304079,7694,22872,50840,6,6,1,5,0.8333,0.6667,1.0,5,9,9,1.0
1304815,22545,22536,50949,6,6,1,5,0.8333,0.6667,1.0,5,9,9,1.0
1305617,5906,22074,51057,6,6,1,5,0.8333,0.6667,1.0,5,9,9,1.0
1308769,8988,9033,51244,6,6,1,5,0.8333,0.6667,1.0,5,9,9,1.0
1307309,5906,22076,51341,6,6,1,5,0.8333,0.6667,1.0,5,9,9,1.0
1309824,8583,23232,51406,6,6,1,5,0.8333,0.6667,1.0,5,9,9,1.0
1308991,9039,59175,51560,6,6,1,5,0.8333,0.6667,1.0,5,9,9,1.0
1013503,9047,23438,3187,11,11,2,9,0.8182,0.6364,1.0,10,9,9,1.0
1135550,9047,23438,3187,11,11,2,9,0.8182,0.6364,1.0,10,9,9,1.0
1136700,290235,280961,10709,11,11,2,9,0.8182,0.6364,1.0,10,9,9,1.0
1251048,290235,280961,10709,11,11,2,9,0.8182,0.6364,1.0,10,9,9,1.0
1134982,13387,13421,11706,11,11,2,9,0.8182,0.6364,1.0,10,9,9,1.0
1127523,13387,13421,11706,11,11,2,9,0.8182,0.6364,1.0,10,9,9,1.0
1088697,14744,14763,19794,8,8,1,6,0.75,0.625,1.0,7,9,9,1.0
1109282,14719,14763,19794,8,8,1,6,0.75,0.625,1.0,7,9,9,1.0
1267394,9235,23579,27925,8,8,1,6,0.75,0.625,1.0,7,9,9,1.0
1127634,9262,23579,27925,8,8,1,6,0.75,0.625,1.0,7,9,9,1.0
1280209,9057,9119,46210,8,8,1,6,0.75,0.625,1.0,7,9,9,1.0
1278206,9180,9119,46210,8,8,1,6,0.75,0.625,1.0,7,9,9,1.0
1196941,12614,12548,35621,15,15,3,12,0.8,0.6,1.0,14,9,9,1.0
1210974,12614,12548,35621,15,15,3,12,0.8,0.6,1.0,14,9,9,1.0
1169525,12614,12548,35621,15,15,3,12,0.8,0.6,1.0,14,9,9,1.0
1104511,14618,14684,15928,10,10,2,8,0.8,0.6,1.0,9,9,9,1.0
1109251,14618,14684,15928,10,10,2,8,0.8,0.6,1.0,9,9,9,1.0
1133308,254716,254717,16371,10,10,2,8,0.8,0.6,1.0,9,9,9,1.0
1073112,254716,254717,16371,10,10,2,8,0.8,0.6,1.0,9,9,9,1.0
1106561,14225,14240,19849,10,10,2,8,0.8,0.6,1.0,9,9,9,1.0
1088940,14225,14240,19849,10,10,2,8,0.8,0.6,1.0,9,9,9,1.0
1014291,375317,375316,132,6,5,1,4,0.8,0.6,1.0,5,9,9,1.0
1001153,74844,19767,350,5,5,1,4,0.8,0.6,1.0,4,9,9,1.0
1080713,19801,279,388,5,5,1,4,0.8,0.6,1.0,4,9,9,1.0
1001266,19821,19820,392,5,5,1,4,0.8,0.6,1.0,4,9,9,1.0
1001764,7721,274,609,5,5,1,4,0.8,0.6,1.0,4,9,9,1.0
1010376,24240,10491,2836,5,5,1,4,0.8,0.6,1.0,4,9,9,1.0
1011865,376718,376717,3528,5,5,1,4,0.8,0.6,1.0,4,9,9,1.0
1014919,15860,15875,4799,5,5,1,4,0.8,0.6,1.0,4,9,9,1.0
1018860,7591,22820,5051,5,5,1,4,0.8,0.6,1.0,4,9,9,1.0
1020028,8614,8562,5116,5,5,1,4,0.8,0.6,1.0,4,9,9,1.0
1020701,9107,9177,5214,5,5,1,4,0.8,0.6,1.0,4,9,9,1.0
1020183,114862,114863,5251,5,5,1,4,0.8,0.6,1.0,4,9,9,1.0
1020629,23541,23527,5495,5,5,1,4,0.8,0.6,1.0,4,9,9,1.0
1020624,23527,23541,5506,5,5,1,4,0.8,0.6,1.0,4,9,9,1.0
1026857,23832,23844,6883,5,5,1,4,0.8,0.6,1.0,4,9,9,1.0
1030350,343094,343093,7885,5,5,1,4,0.8,0.6,1.0,4,9,9,1.0
1045348,6151,6128,8305,5,5,1,4,0.8,0.6,1.0,4,9,9,1.0
1063497,172475,172169,9048,5,5,1,4,0.8,0.6,1.0,4,9,9,1.0
1036015,6734,22373,9235,5,5,1,4,0.8,0.6,1.0,4,9,9,1.0
1041327,7859,7872,9385,5,5,1,4,0.8,0.6,1.0,4,9,9,1.0
1197008,12017,12078,10463,5,5,1,4,0.8,0.6,1.0,4,9,9,1.0
1044709,139202,139203,10524,5,5,1,4,0.8,0.6,1.0,4,9,9,1.0
1043483,276801,279038,10873,5,5,1,4,0.8,0.6,1.0,4,9,9,1.0
1044028,22432,22391,10996,5,5,1,4,0.8,0.6,1.0,4,9,9,1.0
1044311,110068,110067,11044,5,5,1,4,0.8,0.6,1.0,4,9,9,1.0
1046611,350009,350005,11477,5,5,1,4,0.8,0.6,1.0,4,9,9,1.0
1053442,350252,350253,12309,5,5,1,4,0.8,0.6,1.0,4,9,9,1.0
1069219,5838,22054,13105,5,5,1,4,0.8,0.6,1.0,4,9,9,1.0
1067504,5819,22048,13123,5,5,1,4,0.8,0.6,1.0,4,9,9,1.0
1059462,17130,26664,13480,5,5,1,4,0.8,0.6,1.0,4,9,9,1.0
1069145,5853,5860,13705,5,5,1,4,0.8,0.6,1.0,4,9,9,1.0
1068658,119660,122861,14823,5,5,1,4,0.8,0.6,1.0,4,9,9,1.0
1068869,265919,265920,14940,5,5,1,4,0.8,0.6,1.0,4,9,9,1.0
1070106,199042,199043,15154,5,5,1,4,0.8,0.6,1.0,4,9,9,1.0
1069762,119024,119025,15668,5,5,1,4,0.8,0.6,1.0,4,9,9,1.0
1127860,5271,5301,15723,5,5,1,4,0.8,0.6,1.0,4,9,9,1.0
1082330,13998,13984,16000,5,5,1,4,0.8,0.6,1.0,4,9,9,1.0
1073248,349965,332797,16631,5,5,1,4,0.8,0.6,1.0,4,9,9,1.0
1073590,9342,9383,16803,5,5,1,4,0.8,0.6,1.0,4,9,9,1.0
1079122,18742,18766,17454,5,5,1,4,0.8,0.6,1.0,4,9,9,1.0
1077972,19294,19289,17744,5,5,1,4,0.8,0.6,1.0,4,9,9,1.0
1082040,15780,15756,18714,5,5,1,4,0.8,0.6,1.0,4,9,9,1.0
1082537,14178,14179,18980,5,5,1,4,0.8,0.6,1.0,4,9,9,1.0
1090350,14454,14544,19677,5,5,1,4,0.8,0.6,1.0,4,9,9,1.0
1088365,14347,14407,19695,5,5,1,4,0.8,0.6,1.0,4,9,9,1.0
1188254,19566,27437,20061,5,5,1,4,0.8,0.6,1.0,4,9,9,1.0
1130672,14720,14803,20076,5,5,1,4,0.8,0.6,1.0,4,9,9,1.0
1116667,13106,13160,20289,5,5,1,4,0.8,0.6,1.0,4,9,9,1.0
1113708,14126,14091,20388,5,5,1,4,0.8,0.6,1.0,4,9,9,1.0
1111576,25411,25420,20922,5,5,1,4,0.8,0.6,1.0,4,9,9,1.0
1145231,15950,15976,21139,5,5,1,4,0.8,0.6,1.0,4,9,9,1.0
1133253,391151,391152,22008,6,5,1,4,0.8,0.6,1.0,5,9,9,1.0
1096912,18556,18570,22179,5,5,1,4,0.8,0.6,1.0,4,9,9,1.0
1097125,,535484,22220,7,5,0,3,0.6,0.6,1.0,6,9,9,1.0
1232554,,535484,22220,7,5,0,3,0.6,0.6,1.0,6,9,9,1.0
1103840,26364,16171,23455,5,5,1,4,0.8,0.6,1.0,4,9,9,1.0
1105037,17346,17347,23755,5,5,1,4,0.8,0.6,1.0,4,9,9,1.0
1108909,17298,17250,23760,5,5,1,4,0.8,0.6,1.0,4,9,9,1.0
1110546,17427,17425,24505,5,5,1,4,0.8,0.6,1.0,4,9,9,1.0
1112294,13442,13432,24865,5,5,1,4,0.8,0.6,1.0,4,9,9,1.0
1130843,13634,25473,25196,5,5,1,4,0.8,0.6,1.0,4,9,9,1.0
1113602,25434,13513,25225,5,5,1,4,0.8,0.6,1.0,4,9,9,1.0
1116304,25828,14677,25259,5,5,1,4,0.8,0.6,1.0,4,9,9,1.0
1116130,12919,13004,25720,5,5,1,4,0.8,0.6,1.0,4,9,9,1.0
1197868,11329,11320,25878,5,5,1,4,0.8,0.6,1.0,4,9,9,1.0
1120954,68124,25165,26139,5,5,1,4,0.8,0.6,1.0,4,9,9,1.0
1122609,24967,24972,26345,5,5,1,4,0.8,0.6,1.0,4,9,9,1.0
1122112,1822,20266,26379,5,5,1,4,0.8,0.6,1.0,4,9,9,1.0
1197330,25003,25099,26466,5,5,1,4,0.8,0.6,1.0,4,9,9,1.0
1123493,12378,12429,26823,5,5,1,4,0.8,0.6,1.0,4,9,9,1.0
1125853,56304,1071,26893,5,5,1,4,0.8,0.6,1.0,4,9,9,1.0
1126170,1402,1370,27439,5,5,1,4,0.8,0.6,1.0,4,9,9,1.0
1225794,9185,9193,27836,5,5,1,4,0.8,0.6,1.0,4,9,9,1.0
1216875,24381,10720,27978,5,5,1,4,0.8,0.6,1.0,4,9,9,1.0
1272097,14669,14598,28159,5,5,1,4,0.8,0.6,1.0,4,9,9,1.0
1301842,22621,7041,29115,5,5,1,4,0.8,0.6,1.0,4,9,9,1.0
1133207,282563,282562,29195,5,5,1,4,0.8,0.6,1.0,4,9,9,1.0
1132747,325436,9429,29331,5,5,1,4,0.8,0.6,1.0,4,9,9,1.0
1309692,7490,7538,29546,5,5,1,4,0.8,0.6,1.0,4,9,9,1.0
1304098,210,209,29672,5,5,1,4,0.8,0.6,1.0,4,9,9,1.0
1225420,8995,8962,30140,5,5,1,4,0.8,0.6,1.0,4,9,9,1.0
1298125,22963,22942,30372,5,5,1,4,0.8,0.6,1.0,4,9,9,1.0
1197927,11171,24538,30404,5,5,1,4,0.8,0.6,1.0,4,9,9,1.0
1308529,8982,8897,30912,5,5,1,4,0.8,0.6,1.0,4,9,9,1.0
1144903,14217,14174,31759,5,5,1,4,0.8,0.6,1.0,4,9,9,1.0
1165191,17357,17403,33723,5,5,1,4,0.8,0.6,1.0,4,9,9,1.0
1167071,18924,27247,35041,5,5,1,4,0.8,0.6,1.0,4,9,9,1.0
1185643,19652,19647,35058,5,5,1,4,0.8,0.6,1.0,4,9,9,1.0
1167735,27181,18609,35084,5,5,1,4,0.8,0.6,1.0,4,9,9,1.0
1170425,24644,11493,35846,5,5,1,4,0.8,0.6,1.0,4,9,9,1.0
1170807,24105,24174,35961,5,5,1,4,0.8,0.6,1.0,4,9,9,1.0
1173572,18132,18133,36100,5,5,1,4,0.8,0.6,1.0,4,9,9,1.0
1174439,27264,27265,36204,5,5,1,4,0.8,0.6,1.0,4,9,9,1.0
1188065,25246,12933,36303,5,5,1,4,0.8,0.6,1.0,4,9,9,1.0
1179157,1678,1617,37360,5,5,1,4,0.8,0.6,1.0,4,9,9,1.0
1180831,15649,26140,37586,5,5,1,4,0.8,0.6,1.0,4,9,9,1.0
1188389,19588,19600,38270,5,5,1,4,0.8,0.6,1.0,4,9,9,1.0
1189189,4297,4310,38349,5,5,1,4,0.8,0.6,1.0,4,9,9,1.0
1219522,3979,4008,38918,5,5,1,4,0.8,0.6,1.0,4,9,9,1.0
1205552,12192,12241,40653,5,5,1,4,0.8,0.6,1.0,4,9,9,1.0
1202489,18121,18106,40850,5,5,1,4,0.8,0.6,1.0,4,9,9,1.0
1277286,16359,26401,42169,5,5,1,4,0.8,0.6,1.0,4,9,9,1.0
1218646,11566,11506,42219,5,5,1,4,0.8,0.6,1.0,4,9,9,1.0
1217727,24486,24483,42362,5,5,1,4,0.8,0.6,1.0,4,9,9,1.0
1219072,24746,11771,42613,5,5,1,4,0.8,0.6,1.0,4,9,9,1.0
1226697,23130,8492,43623,5,5,1,4,0.8,0.6,1.0,4,9,9,1.0
1229584,10324,24100,44448,5,5,1,4,0.8,0.6,1.0,4,9,9,1.0
1271967,9139,9162,45177,5,5,1,4,0.8,0.6,1.0,4,9,9,1.0
1266373,103,22676,45241,5,5,1,4,0.8,0.6,1.0,4,9,9,1.0
1272599,8735,8816,45444,5,5,1,4,0.8,0.6,1.0,4,9,9,1.0
1275704,378668,23853,45658,5,5,1,4,0.8,0.6,1.0,4,9,9,1.0
1288556,11600,11587,45815,5,5,1,4,0.8,0.6,1.0,4,9,9,1.0
1268675,23873,9858,45825,5,5,1,4,0.8,0.6,1.0,4,9,9,1.0
1277036,25687,14310,46348,5,5,1,4,0.8,0.6,1.0,4,9,9,1.0
1272155,25569,13891,46452,5,5,1,4,0.8,0.6,1.0,4,9,9,1.0
1272291,12111,12064,46488,5,5,1,4,0.8,0.6,1.0,4,9,9,1.0
1287300,23959,23951,46692,5,5,1,4,0.8,0.6,1.0,4,9,9,1.0
1276011,26847,17719,46939,5,5,1,4,0.8,0.6,1.0,4,9,9,1.0
1278058,25969,25982,47058,5,5,1,4,0.8,0.6,1.0,4,9,9,1.0
1276888,192007,2081,47228,5,5,1,4,0.8,0.6,1.0,4,9,9,1.0
1299617,195214,21639,47913,5,5,1,4,0.8,0.6,1.0,4,9,9,1.0
1282613,27429,27422,47950,5,5,1,4,0.8,0.6,1.0,4,9,9,1.0
1280638,7364,22716,48205,5,5,1,4,0.8,0.6,1.0,4,9,9,1.0
1297698,26639,17100,48670,5,5,1,4,0.8,0.6,1.0,4,9,9,1.0
1287469,23912,9993,49161,5,5,1,4,0.8,0.6,1.0,4,9,9,1.0
1299008,6705,22399,49855,5,5,1,4,0.8,0.6,1.0,4,9,9,1.0
1300381,7684,22841,50142,5,5,1,4,0.8,0.6,1.0,4,9,9,1.0
1308215,6834,6898,50289,5,5,1,4,0.8,0.6,1.0,4,9,9,1.0
1302688,6367,6362,50376,5,5,1,4,0.8,0.6,1.0,4,9,9,1.0
1302066,7803,7841,50456,5,5,1,4,0.8,0.6,1.0,4,9,9,1.0
1304196,22136,6063,50869,5,5,1,4,0.8,0.6,1.0,4,9,9,1.0
1310718,6729,6747,50953,5,5,1,4,0.8,0.6,1.0,4,9,9,1.0
1306896,22919,7925,51048,5,5,1,4,0.8,0.6,1.0,4,9,9,1.0
1169921,10609,10640,13598,7,7,1,5,0.7143,0.5714,1.0,6,9,9,1.0
1209030,10551,10640,13598,7,7,1,5,0.7143,0.5714,1.0,6,9,9,1.0
1081520,13980,13983,18651,7,7,1,5,0.7143,0.5714,1.0,6,9,9,1.0
1081523,13981,13983,18651,7,7,1,5,0.7143,0.5714,1.0,6,9,9,1.0
1128625,7424,7337,28367,7,7,1,5,0.7143,0.5714,1.0,6,9,9,1.0
1300624,7310,7337,28367,7,7,1,5,0.7143,0.5714,1.0,6,9,9,1.0
1273508,13597,13590,43829,7,7,1,5,0.7143,0.5714,1.0,6,9,9,1.0
1289595,25489,13590,43829,7,7,1,5,0.7143,0.5714,1.0,6,9,9,1.0
1305131,5950,5954,49564,7,7,1,5,0.7143,0.5714,1.0,6,9,9,1.0
1297619,5974,5954,49564,7,7,1,5,0.7143,0.5714,1.0,6,9,9,1.0
1303186,22428,22457,50701,7,7,1,5,0.7143,0.5714,1.0,6,9,9,1.0
1303414,6860,22457,50701,7,7,1,5,0.7143,0.5714,1.0,6,9,9,1.0
1307212,4744,4721,1643,16,16,2,11,0.6875,0.5625,1.0,15,9,9,1.0
1307213,4744,4721,1643,16,16,2,11,0.6875,0.5625,1.0,15,9,9,1.0
1035968,6734,22373,3114,9,9,2,7,0.7778,0.5556,1.0,8,9,9,1.0
1028002,6734,22373,3114,9,9,2,7,0.7778,0.5556,1.0,8,9,9,1.0
1068991,19143,19166,6478,9,9,1,6,0.6667,0.5556,1.0,8,9,9,1.0
1044614,22837,7603,7470,9,9,2,7,0.7778,0.5556,1.0,8,9,9,1.0
1048929,22837,7603,7470,9,9,2,7,0.7778,0.5556,1.0,8,9,9,1.0
1282268,19512,19506,30285,9,9,2,7,0.7778,0.5556,1.0,8,9,9,1.0
1282228,19512,19506,30285,9,9,2,7,0.7778,0.5556,1.0,8,9,9,1.0
1272227,4669,17155,46477,9,9,2,7,0.7778,0.5556,1.0,8,9,9,1.0
1272228,4669,17155,46477,9,9,2,7,0.7778,0.5556,1.0,8,9,9,1.0
1102160,89567,17109,4594,11,11,1,7,0.6364,0.5455,1.0,10,9,9,1.0
1093146,88613,17109,4594,11,11,1,7,0.6364,0.5455,1.0,10,9,9,1.0
1149985,14705,25838,25121,11,11,1,7,0.6364,0.5455,1.0,10,9,9,1.0
1299543,21708,4929,47830,17,17,4,13,0.7647,0.5294,1.0,16,9,9,1.0
1299545,21708,4929,47830,17,17,4,13,0.7647,0.5294,1.0,16,9,9,1.0
1299555,21708,4929,47830,17,17,4,13,0.7647,0.5294,1.0,16,9,9,1.0
1299556,21708,4929,47830,17,17,4,13,0.7647,0.5294,1.0,16,9,9,1.0
1307210,4746,4721,1643,16,16,3,11,0.6875,0.5,1.0,15,9,9,1.0
1307211,4746,4721,1643,16,16,3,11,0.6875,0.5,1.0,15,9,9,1.0
1004925,4746,4721,1643,16,16,3,11,0.6875,0.5,1.0,15,9,9,1.0
1158701,3804,3812,28213,12,12,3,9,0.75,0.5,1.0,11,9,9,1.0
1165235,3804,3812,28213,12,12,3,9,0.75,0.5,1.0,11,9,9,1.0
1159673,3804,3812,28213,12,12,3,9,0.75,0.5,1.0,11,9,9,1.0
1001373,244,232,442,8,8,1,5,0.625,0.5,1.0,7,9,9,1.0
1006203,11852,11897,1772,8,8,2,6,0.75,0.5,1.0,7,9,9,1.0
1006204,11852,11897,1772,8,8,2,6,0.75,0.5,1.0,7,9,9,1.0
1046974,65249,40616,3713,8,8,1,5,0.625,0.5,1.0,7,9,9,1.0
1153887,2478,2384,19233,8,8,2,6,0.75,0.5,1.0,7,9,9,1.0
1153889,2478,2384,19233,8,8,2,6,0.75,0.5,1.0,7,9,9,1.0
1168799,27268,27272,19297,8,8,1,5,0.625,0.5,1.0,7,9,9,1.0
1145398,2580,2572,20993,8,8,2,6,0.75,0.5,1.0,7,9,9,1.0
1145404,2580,2572,20993,8,8,2,6,0.75,0.5,1.0,7,9,9,1.0
1113567,18959,18973,24566,8,8,2,6,0.75,0.5,1.0,7,9,9,1.0
1113565,18959,18973,24566,8,8,2,6,0.75,0.5,1.0,7,9,9,1.0
1121642,20719,25806,26296,8,8,1,5,0.625,0.5,1.0,7,9,9,1.0
1123906,12263,12262,26813,8,8,2,6,0.75,0.5,1.0,7,9,9,1.0
1123908,12263,12262,26813,8,8,2,6,0.75,0.5,1.0,7,9,9,1.0
1125559,20056,20061,27272,8,8,2,6,0.75,0.5,1.0,7,9,9,1.0
1171392,20056,20061,27272,8,8,2,6,0.75,0.5,1.0,7,9,9,1.0
1136444,6786,22409,28698,8,8,2,6,0.75,0.5,1.0,7,9,9,1.0
1134539,6786,22409,28698,8,8,2,6,0.75,0.5,1.0,7,9,9,1.0
1133650,2091,2044,29762,8,8,2,6,0.75,0.5,1.0,7,9,9,1.0
1179037,2091,2044,29762,8,8,2,6,0.75,0.5,1.0,7,9,9,1.0
1287202,4553,21604,31228,8,8,2,6,0.75,0.5,1.0,7,9,9,1.0
1280296,4553,21604,31228,8,8,2,6,0.75,0.5,1.0,7,9,9,1.0
1145389,2580,2572,31850,8,8,2,6,0.75,0.5,1.0,7,9,9,1.0
1145399,2580,2572,31850,8,8,2,6,0.75,0.5,1.0,7,9,9,1.0
1278200,9119,23532,46240,8,8,2,6,0.75,0.5,1.0,7,9,9,1.0
1287784,9119,23532,46240,8,8,2,6,0.75,0.5,1.0,7,9,9,1.0
1306608,17790,26856,46934,8,8,2,6,0.75,0.5,1.0,7,9,9,1.0
1306609,17790,26856,46934,8,8,2,6,0.75,0.5,1.0,7,9,9,1.0
1000666,5576,221438,72,6,6,1,4,0.6667,0.5,1.0,5,9,9,1.0
1000685,5580,221438,72,6,6,1,4,0.6667,0.5,1.0,5,9,9,1.0
1003820,19681,19682,1172,6,6,1,4,0.6667,0.5,1.0,5,9,9,1.0
1003615,19685,19682,1172,6,6,1,4,0.6667,0.5,1.0,5,9,9,1.0
1024483,9053,9032,5598,6,6,1,4,0.6667,0.5,1.0,5,9,9,1.0
1023546,23452,9032,5598,6,6,1,4,0.6667,0.5,1.0,5,9,9,1.0
1028536,375309,370350,7311,6,6,1,4,0.6667,0.5,1.0,5,9,9,1.0
1032017,370358,370350,7311,6,6,1,4,0.6667,0.5,1.0,5,9,9,1.0
1076464,19231,19225,16159,6,6,1,4,0.6667,0.5,1.0,5,9,9,1.0
1076466,19208,19225,16159,6,6,1,4,0.6667,0.5,1.0,5,9,9,1.0
1102857,15750,15778,18784,6,6,1,4,0.6667,0.5,1.0,5,9,9,1.0
1082027,15796,15778,18784,6,6,1,4,0.6667,0.5,1.0,5,9,9,1.0
1103062,17186,17172,23289,6,6,1,4,0.6667,0.5,1.0,5,9,9,1.0
1103097,17180,17172,23289,6,6,1,4,0.6667,0.5,1.0,5,9,9,1.0
1112435,14431,14391,24519,6,6,1,4,0.6667,0.5,1.0,5,9,9,1.0
1110701,14416,14391,24519,6,6,1,4,0.6667,0.5,1.0,5,9,9,1.0
1122693,25024,25013,26576,6,6,1,4,0.6667,0.5,1.0,5,9,9,1.0
1122629,25018,25013,26576,6,6,1,4,0.6667,0.5,1.0,5,9,9,1.0
1275616,12163,24945,27921,6,6,1,4,0.6667,0.5,1.0,5,9,9,1.0
1265884,12020,24945,27921,6,6,1,4,0.6667,0.5,1.0,5,9,9,1.0
1282750,19587,19575,28577,6,6,1,4,0.6667,0.5,1.0,5,9,9,1.0
1282790,19582,19575,28577,6,6,1,4,0.6667,0.5,1.0,5,9,9,1.0
1306522,8124,8149,30733,6,6,1,4,0.6667,0.5,1.0,5,9,9,1.0
1137190,8091,8149,30733,6,6,1,4,0.6667,0.5,1.0,5,9,9,1.0
1170055,24840,11999,35730,6,6,1,4,0.6667,0.5,1.0,5,9,9,1.0
1208290,24787,11999,35730,6,6,1,4,0.6667,0.5,1.0,5,9,9,1.0
1188399,19620,27451,38175,6,6,1,4,0.6667,0.5,1.0,5,9,9,1.0
1186445,19612,27451,38175,6,6,1,4,0.6667,0.5,1.0,5,9,9,1.0
1271263,14381,14323,46115,6,6,1,4,0.6667,0.5,1.0,5,9,9,1.0
1271265,14281,14323,46115,6,6,1,4,0.6667,0.5,1.0,5,9,9,1.0
1271245,14366,14441,46316,6,6,1,4,0.6667,0.5,1.0,5,9,9,1.0
1271225,14493,14441,46316,6,6,1,4,0.6667,0.5,1.0,5,9,9,1.0
1297569,7502,7573,49549,6,6,1,4,0.6667,0.5,1.0,5,9,9,1.0
1297926,7652,7573,49549,6,6,1,4,0.6667,0.5,1.0,5,9,9,1.0
1308147,7971,22943,50890,6,6,1,4,0.6667,0.5,1.0,5,9,9,1.0
1304351,7995,22943,50890,6,6,1,4,0.6667,0.5,1.0,5,9,9,1.0
1000893,83807,5465,209,4,4,1,3,0.75,0.5,1.0,3,9,9,1.0
1006651,30364,24109,221,4,4,1,3,0.75,0.5,1.0,3,9,9,1.0
1001049,219,218,291,4,4,1,3,0.75,0.5,1.0,3,9,9,1.0
1001462,19819,19823,393,4,4,1,3,0.75,0.5,1.0,3,9,9,1.0
1001748,227,212,601,4,4,1,3,0.75,0.5,1.0,3,9,9,1.0
1007358,10404,10453,988,4,4,1,3,0.75,0.5,1.0,3,9,9,1.0
1003609,19710,19711,1169,4,4,1,3,0.75,0.5,1.0,3,9,9,1.0
1003823,19686,19689,1184,4,4,1,3,0.75,0.5,1.0,3,9,9,1.0
1003710,19711,27471,1201,4,4,1,3,0.75,0.5,1.0,3,9,9,1.0
1119488,25509,13678,1409,4,4,1,3,0.75,0.5,1.0,3,9,9,1.0
1004420,133432,133434,1461,4,4,1,3,0.75,0.5,1.0,3,9,9,1.0
1128761,131184,131185,2847,4,4,1,3,0.75,0.5,1.0,3,9,9,1.0
1013029,3933,3916,3896,4,4,1,3,0.75,0.5,1.0,3,9,9,1.0
1023961,24382,10715,4620,4,4,1,3,0.75,0.5,1.0,3,9,9,1.0
1027256,9059,23496,5111,4,4,1,3,0.75,0.5,1.0,3,9,9,1.0
1020592,9287,9241,5204,4,4,1,3,0.75,0.5,1.0,3,9,9,1.0
1046155,24406,24411,6004,4,4,1,3,0.75,0.5,1.0,3,9,9,1.0
1035239,6028,22111,9092,4,4,1,3,0.75,0.5,1.0,3,9,9,1.0
1042508,343708,343709,10239,4,4,1,3,0.75,0.5,1.0,3,9,9,1.0
1136930,181763,171839,12962,4,4,1,3,0.75,0.5,1.0,3,9,9,1.0
1308018,8274,8236,13708,4,4,1,3,0.75,0.5,1.0,3,9,9,1.0
1066736,247045,247043,14895,4,4,1,3,0.75,0.5,1.0,3,9,9,1.0
1067749,39337,39335,15226,4,4,1,3,0.75,0.5,1.0,3,9,9,1.0
1075750,27361,27352,17412,4,4,1,3,0.75,0.5,1.0,3,9,9,1.0
1090029,14083,14023,18255,4,4,1,3,0.75,0.5,1.0,3,9,9,1.0
1081528,13984,13998,18653,4,4,1,3,0.75,0.5,1.0,3,9,9,1.0
1081778,15751,15742,18713,4,4,1,3,0.75,0.5,1.0,3,9,9,1.0
1108667,17494,26746,19816,4,4,1,3,0.75,0.5,1.0,3,9,9,1.0
1089823,14148,14083,20044,4,4,1,3,0.75,0.5,1.0,3,9,9,1.0
1116403,13110,13173,20263,4,4,1,3,0.75,0.5,1.0,3,9,9,1.0
1113711,14078,14070,20387,4,4,1,3,0.75,0.5,1.0,3,9,9,1.0
1186188,19319,19353,20829,4,4,1,3,0.75,0.5,1.0,3,9,9,1.0
1154732,16930,16946,21448,4,4,1,3,0.75,0.5,1.0,3,9,9,1.0
1111762,18290,18234,21456,4,4,1,3,0.75,0.5,1.0,3,9,9,1.0
1189729,4391,4411,22456,4,4,1,3,0.75,0.5,1.0,3,9,9,1.0
1154796,26696,17225,22732,4,4,1,3,0.75,0.5,1.0,3,9,9,1.0
1276496,13930,13965,22993,4,4,1,3,0.75,0.5,1.0,3,9,9,1.0
1103078,26662,26670,23303,4,4,1,3,0.75,0.5,1.0,3,9,9,1.0
1106452,26696,17239,23305,4,4,1,3,0.75,0.5,1.0,3,9,9,1.0
1135863,40931,5041,24281,4,4,1,3,0.75,0.5,1.0,3,9,9,1.0
1112395,18183,18181,24890,4,4,1,3,0.75,0.5,1.0,3,9,9,1.0
1112927,12969,13008,25045,4,4,1,3,0.75,0.5,1.0,3,9,9,1.0
1116110,13064,13100,25127,4,4,1,3,0.75,0.5,1.0,3,9,9,1.0
1149716,234557,3194,25162,4,4,1,3,0.75,0.5,1.0,3,9,9,1.0
1113837,18239,18271,25270,4,4,1,3,0.75,0.5,1.0,3,9,9,1.0
1114755,13372,25408,25390,4,4,1,3,0.75,0.5,1.0,3,9,9,1.0
1118846,473035,473039,25862,4,4,1,3,0.75,0.5,1.0,3,9,9,1.0
1122390,1374,1391,26522,4,4,1,3,0.75,0.5,1.0,3,9,9,1.0
1143139,12207,19989,26907,4,4,1,3,0.75,0.5,1.0,3,9,9,1.0
1124725,1755,20257,27117,4,4,1,3,0.75,0.5,1.0,3,9,9,1.0
1206624,20978,25972,27598,4,4,1,3,0.75,0.5,1.0,3,9,9,1.0
1136226,145278,131510,29154,4,4,1,3,0.75,0.5,1.0,3,9,9,1.0
1269344,8879,8895,30107,4,4,1,3,0.75,0.5,1.0,3,9,9,1.0
1273533,23951,23959,30659,4,4,1,3,0.75,0.5,1.0,3,9,9,1.0
1220965,20028,20030,30909,4,4,1,3,0.75,0.5,1.0,3,9,9,1.0
1148355,20436,84768,32392,4,4,1,3,0.75,0.5,1.0,3,9,9,1.0
1154741,20391,20394,33444,4,4,1,3,0.75,0.5,1.0,3,9,9,1.0
1165472,17247,17241,34569,4,4,1,3,0.75,0.5,1.0,3,9,9,1.0
1196036,11419,11428,35840,4,4,1,3,0.75,0.5,1.0,3,9,9,1.0
1183657,4274,4318,36146,4,4,1,3,0.75,0.5,1.0,3,9,9,1.0
1175757,12399,12357,36528,4,4,1,3,0.75,0.5,1.0,3,9,9,1.0
1183802,73895,73894,37074,4,4,1,3,0.75,0.5,1.0,3,9,9,1.0
1179315,1497,1464,37379,4,4,1,3,0.75,0.5,1.0,3,9,9,1.0
1180368,26140,15649,37585,4,4,1,3,0.75,0.5,1.0,3,9,9,1.0
1181114,26303,16025,37745,4,4,1,3,0.75,0.5,1.0,3,9,9,1.0
1223227,12734,25149,39760,4,4,1,3,0.75,0.5,1.0,3,9,9,1.0
1197985,595,85730,39789,4,4,1,3,0.75,0.5,1.0,3,9,9,1.0
1226241,23269,8780,40287,4,4,1,3,0.75,0.5,1.0,3,9,9,1.0
1217936,24733,24717,40341,4,4,1,3,0.75,0.5,1.0,3,9,9,1.0
1269808,23326,23394,43541,4,4,1,3,0.75,0.5,1.0,3,9,9,1.0
1225430,9614,9700,43614,4,4,1,3,0.75,0.5,1.0,3,9,9,1.0
1266220,23897,23867,45185,4,4,1,3,0.75,0.5,1.0,3,9,9,1.0
1276306,14917,14960,46246,4,4,1,3,0.75,0.5,1.0,3,9,9,1.0
1274091,9386,9367,46794,4,4,1,3,0.75,0.5,1.0,3,9,9,1.0
1278177,4503,4519,47540,4,4,1,3,0.75,0.5,1.0,3,9,9,1.0
1288629,7867,7853,47773,4,4,1,3,0.75,0.5,1.0,3,9,9,1.0
1304090,7893,7918,50197,4,4,1,3,0.75,0.5,1.0,3,9,9,1.0
1301009,22952,22950,50273,4,4,1,3,0.75,0.5,1.0,3,9,9,1.0
1305794,8380,8321,51079,4,4,1,3,0.75,0.5,1.0,3,9,9,1.0
1309083,8555,8587,51482,4,4,1,3,0.75,0.5,1.0,3,9,9,1.0
1309358,23508,23447,51633,4,4,1,3,0.75,0.5,1.0,3,9,9,1.0
1111197,21779,5145,24378,16,16,4,12,0.75,0.5,0.993,15,9,9,1.0
1110163,21779,5145,24378,16,16,4,12,0.75,0.5,0.993,15,9,9,1.0
1111199,21779,5145,24378,16,16,4,12,0.75,0.5,0.993,15,9,9,1.0
1111196,21779,5145,24378,16,16,4,12,0.75,0.5,0.993,15,9,9,1.0
1007399,24891,24882,2308,14,14,1,13,0.9286,0.8571,0.991,13,9,9,1.0
1076628,284155,282241,17606,13,13,1,12,0.9231,0.8462,0.991,12,9,9,1.0
1188497,3217,3178,15976,12,12,1,11,0.9167,0.8333,0.99,11,9,9,1.0
1183819,2571,2574,36856,12,12,1,7,0.5833,0.5,0.99,11,9,9,1.0
1278305,2033,207678,10685,11,11,2,9,0.8182,0.6364,0.989,10,9,9,1.0
1145039,25784,14525,23854,11,11,2,9,0.8182,0.6364,0.989,10,9,9,1.0
1145040,25784,14525,23854,11,11,2,9,0.8182,0.6364,0.989,10,9,9,1.0
1010398,49568,49567,3014,10,10,1,9,0.9,0.8,0.988,9,9,9,1.0
1207205,1846,1815,26611,10,10,1,9,0.9,0.8,0.988,9,9,9,1.0
1303911,7120,7190,44896,10,10,1,9,0.9,0.8,0.988,9,9,9,1.0
1133034,46684,8437,1274,9,9,1,8,0.8889,0.7778,0.986,8,9,9,1.0
1039475,378395,378400,4088,9,9,1,8,0.8889,0.7778,0.986,8,9,9,1.0
1202902,27207,18762,4640,9,9,1,8,0.8889,0.7778,0.986,8,9,9,1.0
1023211,8818,23313,6192,9,9,1,8,0.8889,0.7778,0.986,8,9,9,1.0
1267665,10188,10180,17039,9,9,1,8,0.8889,0.7778,0.986,8,9,9,1.0
1077597,19304,19305,17692,9,9,1,8,0.8889,0.7778,0.986,8,9,9,1.0
1121063,13060,13138,21225,9,9,1,8,0.8889,0.7778,0.986,8,9,9,1.0
1064947,22215,6186,8952,9,9,1,6,0.6667,0.5556,0.986,8,9,9,1.0
1100225,116779,116781,11642,9,9,2,7,0.7778,0.5556,0.986,8,9,9,1.0
1090807,116779,116781,11642,9,9,2,7,0.7778,0.5556,0.986,8,9,9,1.0
1205564,47027,1800,13544,9,9,2,7,0.7778,0.5556,0.986,8,9,9,1.0
1089682,47027,1800,13544,9,9,2,7,0.7778,0.5556,0.986,8,9,9,1.0
1012954,10245,24288,2210,8,8,1,7,0.875,0.75,0.984,7,9,9,1.0
1054402,364609,364608,3478,8,8,1,7,0.875,0.75,0.984,7,9,9,1.0
1023514,7558,7575,4614,8,8,1,7,0.875,0.75,0.984,7,9,9,1.0
1121804,24987,12390,4667,8,8,1,7,0.875,0.75,0.984,7,9,9,1.0
1125432,1342,1326,4789,8,8,1,7,0.875,0.75,0.984,7,9,9,1.0
1027124,9809,9808,5539,8,8,1,7,0.875,0.75,0.984,7,9,9,1.0
1034905,22377,22393,9011,8,8,1,7,0.875,0.75,0.984,7,9,9,1.0
1060037,26242,26240,13566,8,8,1,7,0.875,0.75,0.984,7,9,9,1.0
1070185,19111,19110,15548,8,8,1,7,0.875,0.75,0.984,7,9,9,1.0
1187329,26227,26204,34861,8,8,1,7,0.875,0.75,0.984,7,9,9,1.0
1197147,11212,11190,39456,8,8,1,7,0.875,0.75,0.984,7,9,9,1.0
1287609,9870,9857,43856,8,8,1,7,0.875,0.75,0.984,7,9,9,1.0
1302587,6568,6564,47774,8,8,1,7,0.875,0.75,0.984,7,9,9,1.0
1119698,370224,370222,14063,8,8,2,6,0.75,0.5,0.984,7,9,9,1.0
1063214,370224,370222,14063,8,8,2,6,0.75,0.5,0.984,7,9,9,1.0
1249989,7240,7226,30369,8,8,2,6,0.75,0.5,0.984,7,9,9,1.0
1266295,9398,9428,44807,8,8,2,6,0.75,0.5,0.984,7,9,9,1.0
1276063,17719,26847,46931,8,8,2,6,0.75,0.5,0.984,7,9,9,1.0
1276010,17719,26847,46931,8,8,2,6,0.75,0.5,0.984,7,9,9,1.0
1003804,19691,19694,175,7,7,1,6,0.8571,0.7143,0.981,6,9,9,1.0
1001794,157,185,530,7,7,1,6,0.8571,0.7143,0.981,6,9,9,1.0
1025644,12688,25174,2401,7,7,1,6,0.8571,0.7143,0.981,6,9,9,1.0
1226885,23030,23047,2420,7,7,1,6,0.8571,0.7143,0.981,6,9,9,1.0
1008288,11349,24576,2568,7,7,1,6,0.8571,0.7143,0.981,6,9,9,1.0
1008719,139848,139846,2645,7,7,1,6,0.8571,0.7143,0.981,6,9,9,1.0
1013173,7419,22742,3998,7,7,1,6,0.8571,0.7143,0.981,6,9,9,1.0
1059175,9340,9287,5191,7,7,1,6,0.8571,0.7143,0.981,6,9,9,1.0
1040531,6504,6477,5932,7,7,1,6,0.8571,0.7143,0.981,6,9,9,1.0
1035820,326398,326396,7293,7,7,1,6,0.8571,0.7143,0.981,6,9,9,1.0
1036043,6480,6453,8338,7,7,1,6,0.8571,0.7143,0.981,6,9,9,1.0
1032661,287998,313597,8448,7,7,1,6,0.8571,0.7143,0.981,6,9,9,1.0
1034555,7759,7740,8923,7,7,1,6,0.8571,0.7143,0.981,6,9,9,1.0
1043767,7810,7832,10050,7,7,1,6,0.8571,0.7143,0.981,6,9,9,1.0
1308889,22084,5953,11987,7,7,1,6,0.8571,0.7143,0.981,6,9,9,1.0
1171398,11844,11843,13108,7,7,1,6,0.8571,0.7143,0.981,6,9,9,1.0
1069841,19297,19303,15526,7,7,1,6,0.8571,0.7143,0.981,6,9,9,1.0
1079224,378177,378176,18010,7,7,1,6,0.8571,0.7143,0.981,6,9,9,1.0
1082691,14119,14150,18397,7,7,1,6,0.8571,0.7143,0.981,6,9,9,1.0
1105947,15397,15417,20066,7,7,1,6,0.8571,0.7143,0.981,6,9,9,1.0
1277325,1785,1820,23008,7,7,1,6,0.8571,0.7143,0.981,6,9,9,1.0
1103101,26601,16999,23297,7,7,1,6,0.8571,0.7143,0.981,6,9,9,1.0
1114077,13646,25495,24736,7,7,1,6,0.8571,0.7143,0.981,6,9,9,1.0
1220928,12542,25051,26463,7,7,1,6,0.8571,0.7143,0.981,6,9,9,1.0
1127065,20017,12869,26698,7,7,1,6,0.8571,0.7143,0.981,6,9,9,1.0
1127056,20017,12868,26702,7,7,1,6,0.8571,0.7143,0.981,6,9,9,1.0
1132028,19573,27442,28995,7,7,1,6,0.8571,0.7143,0.981,6,9,9,1.0
1136057,18753,18739,30417,7,7,1,6,0.8571,0.7143,0.981,6,9,9,1.0
1147251,2364,81243,31870,7,7,1,6,0.8571,0.7143,0.981,6,9,9,1.0
1175048,143999,143998,36323,7,7,1,6,0.8571,0.7143,0.981,6,9,9,1.0
1298315,7452,7490,49720,7,7,1,6,0.8571,0.7143,0.981,6,9,9,1.0
1309970,8335,8374,51082,7,7,1,6,0.8571,0.7143,0.981,6,9,9,1.0
1310319,6087,6093,51764,7,7,1,6,0.8571,0.7143,0.981,6,9,9,1.0
1170151,10678,10644,15935,7,7,1,5,0.7143,0.5714,0.981,6,9,9,1.0
1270037,9962,9903,43648,7,7,1,5,0.7143,0.5714,0.981,6,9,9,1.0
1225537,9923,9903,43648,7,7,1,5,0.7143,0.5714,0.981,6,9,9,1.0
1278656,,16010,19437,6,5,0,5,1.0,1.0,0.978,5,9,9,1.0
1232488,,536372,22222,6,5,0,5,1.0,1.0,0.978,5,9,9,1.0
1033222,285128,285129,8639,11,11,1,10,0.9091,0.8182,0.978,10,9,9,1.0
1039913,8889,8911,808,6,6,1,5,0.8333,0.6667,0.978,5,9,9,1.0
1003612,19695,19685,1170,6,6,1,5,0.8333,0.6667,0.978,5,9,9,1.0
1266032,338235,9495,4750,6,6,1,5,0.8333,0.6667,0.978,5,9,9,1.0
1046179,173130,173122,6150,6,6,1,5,0.8333,0.6667,0.978,5,9,9,1.0
1023528,23402,8927,6269,6,6,1,5,0.8333,0.6667,0.978,5,9,9,1.0
1024652,8665,8663,6524,6,6,1,5,0.8333,0.6667,0.978,5,9,9,1.0
1177913,2096,2128,8340,6,6,1,5,0.8333,0.6667,0.978,5,9,9,1.0
1042716,22316,6547,10675,6,6,1,5,0.8333,0.6667,0.978,5,9,9,1.0
1065843,119663,119665,10949,6,6,1,5,0.8333,0.6667,0.978,5,9,9,1.0
1056452,99489,99497,11778,6,6,1,5,0.8333,0.6667,0.978,5,9,9,1.0
1126025,14450,14389,11932,6,6,1,5,0.8333,0.6667,0.978,5,9,9,1.0
1210478,25307,25292,13550,6,6,1,5,0.8333,0.6667,0.978,5,9,9,1.0
1082115,26192,26198,13809,6,6,1,5,0.8333,0.6667,0.978,5,9,9,1.0
1121113,54048,35484,16174,6,6,1,5,0.8333,0.6667,0.978,5,9,9,1.0
1078583,18782,18732,18003,6,6,1,5,0.8333,0.6667,0.978,5,9,9,1.0
1089721,129899,129903,18128,6,6,1,5,0.8333,0.6667,0.978,5,9,9,1.0
1099362,15864,15846,18623,6,6,1,5,0.8333,0.6667,0.978,5,9,9,1.0
1082001,15828,15847,18777,6,6,1,5,0.8333,0.6667,0.978,5,9,9,1.0
1174419,19089,19088,19305,6,6,1,5,0.8333,0.6667,0.978,5,9,9,1.0
1091277,14417,14419,19660,6,6,1,5,0.8333,0.6667,0.978,5,9,9,1.0
1100260,16655,16644,22704,6,6,1,5,0.8333,0.6667,0.978,5,9,9,1.0
1103076,17188,17225,22733,6,6,1,5,0.8333,0.6667,0.978,5,9,9,1.0
1111866,16679,16663,22908,6,6,1,5,0.8333,0.6667,0.978,5,9,9,1.0
1110186,17345,17349,23431,6,6,1,5,0.8333,0.6667,0.978,5,9,9,1.0
1111977,13479,13444,24497,6,6,1,5,0.8333,0.6667,0.978,5,9,9,1.0
1110544,17399,17427,24504,6,6,1,5,0.8333,0.6667,0.978,5,9,9,1.0
1110672,18113,18100,24520,6,6,1,5,0.8333,0.6667,0.978,5,9,9,1.0
1112157,18226,27081,24817,6,6,1,5,0.8333,0.6667,0.978,5,9,9,1.0
1115321,50858,50857,25569,6,6,1,5,0.8333,0.6667,0.978,5,9,9,1.0
1123342,13520,13539,26788,6,6,1,5,0.8333,0.6667,0.978,5,9,9,1.0
1266875,9518,9542,27800,6,6,1,5,0.8333,0.6667,0.978,5,9,9,1.0
1218412,12204,12239,28090,6,6,1,5,0.8333,0.6667,0.978,5,9,9,1.0
1200914,11038,24511,28507,6,6,1,5,0.8333,0.6667,0.978,5,9,9,1.0
1220252,19051,19090,34485,6,6,1,5,0.8333,0.6667,0.978,5,9,9,1.0
1209013,24228,10484,35789,6,6,1,5,0.8333,0.6667,0.978,5,9,9,1.0
1197993,11250,11223,39780,6,6,1,5,0.8333,0.6667,0.978,5,9,9,1.0
1200199,12769,12779,39808,6,6,1,5,0.8333,0.6667,0.978,5,9,9,1.0
1218019,11631,11574,42497,6,6,1,5,0.8333,0.6667,0.978,5,9,9,1.0
1225828,8040,23010,43616,6,6,1,5,0.8333,0.6667,0.978,5,9,9,1.0
1270483,8165,23018,45924,6,6,1,5,0.8333,0.6667,0.978,5,9,9,1.0
1305626,22714,7301,50121,6,6,1,5,0.8333,0.6667,0.978,5,9,9,1.0
1304030,247,7505,50831,6,6,1,5,0.8333,0.6667,0.978,5,9,9,1.0
1310006,7829,7793,51726,6,6,1,5,0.8333,0.6667,0.978,5,9,9,1.0
1135306,15911,26227,19092,11,11,2,9,0.8182,0.6364,0.978,10,9,9,1.0
1082838,15911,26227,19092,11,11,2,9,0.8182,0.6364,0.978,10,9,9,1.0
1131341,13549,13546,19827,11,11,2,9,0.8182,0.6364,0.978,10,9,9,1.0
1132943,13549,13546,19827,11,11,2,9,0.8182,0.6364,0.978,10,9,9,1.0
1003779,19704,19703,1186,6,6,1,4,0.6667,0.5,0.978,5,9,9,1.0
1285905,220795,343628,13636,6,6,1,4,0.6667,0.5,0.978,5,9,9,1.0
1297527,234877,343628,13636,6,6,1,4,0.6667,0.5,0.978,5,9,9,1.0
1279203,4721,4676,47787,6,6,1,4,0.6667,0.5,0.978,5,9,9,1.0
1022685,370382,370381,6058,10,10,1,9,0.9,0.8,0.975,9,9,9,1.0
1097190,,378639,4068,5,4,0,4,1.0,1.0,0.972,4,9,9,1.0
1004226,12680,12713,1324,9,9,1,8,0.8889,0.7778,0.972,8,9,9,1.0
1282517,19321,19334,48652,9,9,1,8,0.8889,0.7778,0.972,8,9,9,1.0
1003697,455,19855,656,5,5,1,4,0.8,0.6,0.972,4,9,9,1.0
1221426,24491,11091,16824,5,5,1,4,0.8,0.6,0.972,4,9,9,1.0
1083901,26283,26275,18721,5,5,1,4,0.8,0.6,0.972,4,9,9,1.0
1188408,18970,18956,18756,5,5,1,4,0.8,0.6,0.972,4,9,9,1.0
1308660,23421,23332,29101,5,5,1,4,0.8,0.6,0.972,4,9,9,1.0
1144359,370335,370334,31652,5,5,1,4,0.8,0.6,0.972,4,9,9,1.0
1153105,23944,9928,32988,5,5,1,4,0.8,0.6,0.972,4,9,9,1.0
1196585,23920,9975,35925,5,5,1,4,0.8,0.6,0.972,4,9,9,1.0
1200313,12370,12287,40432,5,5,1,4,0.8,0.6,0.972,4,9,9,1.0
1202828,19048,18997,40941,5,5,1,4,0.8,0.6,0.972,4,9,9,1.0
1268267,8610,8643,45732,5,5,1,4,0.8,0.6,0.972,4,9,9,1.0
1278764,1914,85409,46619,5,5,1,4,0.8,0.6,0.972,4,9,9,1.0
1280714,10991,10968,48216,5,5,1,4,0.8,0.6,0.972,4,9,9,1.0
1282068,8418,8348,48565,5,5,1,4,0.8,0.6,0.972,4,9,9,1.0
1282405,7730,7727,48640,5,5,1,4,0.8,0.6,0.972,4,9,9,1.0
1202208,17992,26968,23295,9,9,1,6,0.6667,0.5556,0.972,8,9,9,1.0
1227473,23262,8763,44065,9,9,2,7,0.7778,0.5556,0.972,8,9,9,1.0
1228247,8507,8526,44207,9,9,2,7,0.7778,0.5556,0.972,8,9,9,1.0
1228248,8507,8526,44207,9,9,2,7,0.7778,0.5556,0.972,8,9,9,1.0
1135854,23153,23143,29297,12,12,2,10,0.8333,0.6667,0.97,11,9,9,1.0
1249988,23153,23143,29297,12,12,2,10,0.8333,0.6667,0.97,11,9,9,1.0
1005401,148183,143045,1773,8,8,1,7,0.875,0.75,0.968,7,9,9,1.0
1078092,27043,27054,17914,8,8,1,7,0.875,0.75,0.968,7,9,9,1.0
1093365,18338,18374,20680,8,8,1,7,0.875,0.75,0.968,7,9,9,1.0
1302245,1358,1378,26829,8,8,1,7,0.875,0.75,0.968,7,9,9,1.0
1208547,13393,13431,35604,8,8,1,7,0.875,0.75,0.968,7,9,9,1.0
1078700,19160,19163,15485,8,8,1,5,0.625,0.5,0.968,7,9,9,1.0
1275390,390509,390508,4318,11,11,1,10,0.9091,0.8182,0.967,10,9,9,1.0
1030156,6227,6181,7289,11,11,1,10,0.9091,0.8182,0.967,10,9,9,1.0
1126397,2530,2467,26579,11,11,1,10,0.9091,0.8182,0.967,10,9,9,1.0
1020748,23284,23285,5542,11,11,2,9,0.8182,0.6364,0.967,10,9,9,1.0
1048992,23284,23285,5542,11,11,2,9,0.8182,0.6364,0.967,10,9,9,1.0
1004143,13223,13202,1343,10,10,1,9,0.9,0.8,0.963,9,9,9,1.0
1005016,9915,9967,1575,10,10,1,9,0.9,0.8,0.963,9,9,9,1.0
1011664,16197,16233,3444,10,10,1,9,0.9,0.8,0.963,9,9,9,1.0
1011822,377665,377666,3504,10,10,1,9,0.9,0.8,0.963,9,9,9,1.0
1036995,271038,265621,9461,10,10,1,9,0.9,0.8,0.963,9,9,9,1.0
1265982,55978,23153,44146,10,10,1,9,0.9,0.8,0.963,9,9,9,1.0
1012979,13395,13414,51,7,7,1,6,0.8571,0.7143,0.963,6,9,9,1.0
1099283,370422,17063,906,7,7,1,6,0.8571,0.7143,0.963,6,9,9,1.0
1006530,9766,9768,1775,7,7,1,6,0.8571,0.7143,0.963,6,9,9,1.0
1027635,22789,7534,5695,7,7,1,6,0.8571,0.7143,0.963,6,9,9,1.0
1036722,158075,159044,7529,7,7,1,6,0.8571,0.7143,0.963,6,9,9,1.0
1133033,156167,130542,8060,7,7,1,6,0.8571,0.7143,0.963,6,9,9,1.0
1039566,9206,9192,10028,7,7,1,6,0.8571,0.7143,0.963,6,9,9,1.0
1090193,15595,15578,13778,7,7,1,6,0.8571,0.7143,0.963,6,9,9,1.0
1063211,370222,370224,14523,7,7,1,6,0.8571,0.7143,0.963,6,9,9,1.0
1184982,19146,19094,16887,7,7,1,6,0.8571,0.7143,0.963,6,9,9,1.0
1090491,26691,26684,20229,7,7,1,6,0.8571,0.7143,0.963,6,9,9,1.0
1096567,391361,391360,21901,7,7,1,6,0.8571,0.7143,0.963,6,9,9,1.0
1123722,11884,24781,26328,7,7,1,6,0.8571,0.7143,0.963,6,9,9,1.0
1277198,4572,4597,30972,7,7,1,6,0.8571,0.7143,0.963,6,9,9,1.0
1221897,24813,12006,40644,7,7,1,6,0.8571,0.7143,0.963,6,9,9,1.0
1203321,19178,19175,41019,7,7,1,6,0.8571,0.7143,0.963,6,9,9,1.0
1279777,7520,22784,43825,7,7,1,6,0.8571,0.7143,0.963,6,9,9,1.0
1304219,6351,6322,50404,7,7,1,6,0.8571,0.7143,0.963,6,9,9,1.0
1123909,12261,12263,26848,10,10,2,8,0.8,0.6,0.963,9,9,9,1.0
1123980,12261,12263,26848,10,10,2,8,0.8,0.6,0.963,9,9,9,1.0
1061321,370342,370341,13940,7,7,1,5,0.7143,0.5714,0.963,6,9,9,1.0
1014562,5413,5416,3877,4,4,1,3,0.75,0.5,0.963,3,9,9,1.0
1093115,17769,26859,18092,4,4,1,3,0.75,0.5,0.963,3,9,9,1.0
1120609,26931,21707,26113,4,4,1,3,0.75,0.5,0.963,3,9,9,1.0
1127611,20432,20386,27912,4,4,1,3,0.75,0.5,0.963,3,9,9,1.0
1164297,21124,15105,34499,4,4,1,3,0.75,0.5,0.963,3,9,9,1.0
1270374,14986,14962,46165,4,4,1,3,0.75,0.5,0.963,3,9,9,1.0
1276696,7632,7598,47157,4,4,1,3,0.75,0.5,0.963,3,9,9,1.0
1282459,4503,4498,47538,4,4,1,3,0.75,0.5,0.963,3,9,9,1.0
1283256,7415,22745,48797,4,4,1,3,0.75,0.5,0.963,3,9,9,1.0
1304510,7891,7877,50915,4,4,1,3,0.75,0.5,0.963,3,9,9,1.0
1309235,8012,7991,51621,4,4,1,3,0.75,0.5,0.963,3,9,9,1.0
1084339,294400,294399,17054,12,12,2,10,0.8333,0.6667,0.96,11,9,9,1.0
1075104,294400,294399,17054,12,12,2,10,0.8333,0.6667,0.96,11,9,9,1.0
1025106,10616,10636,1132,9,9,1,8,0.8889,0.7778,0.958,8,9,9,1.0
1025329,25283,12911,1237,9,9,1,8,0.8889,0.7778,0.958,8,9,9,1.0
1132984,8836,8852,5386,9,9,1,8,0.8889,0.7778,0.958,8,9,9,1.0
1039608,375060,375061,10040,9,9,1,8,0.8889,0.7778,0.958,8,9,9,1.0
1077739,19283,19275,17620,9,9,1,8,0.8889,0.7778,0.958,8,9,9,1.0
1205875,10725,10709,39333,9,9,1,8,0.8889,0.7778,0.958,8,9,9,1.0
1001401,302,323,385,9,9,1,7,0.7778,0.6667,0.958,8,9,9,1.0
1001998,320,323,385,9,9,1,7,0.7778,0.6667,0.958,8,9,9,1.0
1029681,370384,370382,6067,11,11,1,10,0.9091,0.8182,0.956,10,9,9,1.0
1157251,359665,359664,29370,11,11,1,10,0.9091,0.8182,0.956,10,9,9,1.0
1003688,19685,19695,1159,6,6,1,5,0.8333,0.6667,0.956,5,9,9,1.0
1275787,23513,23512,5362,6,6,1,5,0.8333,0.6667,0.956,5,9,9,1.0
1028584,26566,16888,7355,6,6,1,5,0.8333,0.6667,0.956,5,9,9,1.0
1028989,261755,261450,7534,6,6,1,5,0.8333,0.6667,0.956,5,9,9,1.0
1044783,170236,170237,11127,6,6,1,5,0.8333,0.6667,0.956,5,9,9,1.0
1081628,18817,18782,18007,6,6,1,5,0.8333,0.6667,0.956,5,9,9,1.0
1082319,15778,15796,18661,6,6,1,5,0.8333,0.6667,0.956,5,9,9,1.0
1092716,27028,18074,18968,6,6,1,5,0.8333,0.6667,0.956,5,9,9,1.0
1109471,15841,15827,19146,6,6,1,5,0.8333,0.6667,0.956,5,9,9,1.0
1186430,19259,19260,20908,6,6,1,5,0.8333,0.6667,0.956,5,9,9,1.0
1113095,13288,13332,25101,6,6,1,5,0.8333,0.6667,0.956,5,9,9,1.0
1126463,20989,21013,27513,6,6,1,5,0.8333,0.6667,0.956,5,9,9,1.0
1187689,3084,3113,38470,6,6,1,5,0.8333,0.6667,0.956,5,9,9,1.0
1217401,10075,10161,40097,6,6,1,5,0.8333,0.6667,0.956,5,9,9,1.0
1286318,9891,9815,46750,6,6,1,5,0.8333,0.6667,0.956,5,9,9,1.0
1299171,5953,5955,49879,6,6,1,5,0.8333,0.6667,0.956,5,9,9,1.0
1023831,7679,7733,6343,6,6,1,4,0.6667,0.5,0.956,5,9,9,1.0
1010066,35170,24581,2673,8,8,1,7,0.875,0.75,0.952,7,9,9,1.0
1019684,23453,23449,5259,8,8,1,7,0.875,0.75,0.952,7,9,9,1.0
1036093,6565,6523,9261,8,8,1,7,0.875,0.75,0.952,7,9,9,1.0
1074807,264003,264004,15734,8,8,1,7,0.875,0.75,0.952,7,9,9,1.0
1094294,16860,16909,21482,8,8,1,7,0.875,0.75,0.952,7,9,9,1.0
1101192,37734,37733,22918,8,8,1,7,0.875,0.75,0.952,7,9,9,1.0
1114013,25505,25508,25298,8,8,1,7,0.875,0.75,0.952,7,9,9,1.0
1138100,12478,12415,28607,8,8,1,7,0.875,0.75,0.952,7,9,9,1.0
1198914,9544,9598,39945,8,8,1,7,0.875,0.75,0.952,7,9,9,1.0
1280416,8761,8831,48130,8,8,1,6,0.75,0.625,0.952,7,9,9,1.0
1036845,,4768,9426,8,7,0,4,0.5714,0.5714,0.952,7,9,9,1.0
1128556,23898,23883,6972,8,8,2,6,0.75,0.5,0.952,7,9,9,1.0
1027549,23898,23883,6972,8,8,2,6,0.75,0.5,0.952,7,9,9,1.0
1186602,273916,273917,35525,8,8,2,6,0.75,0.5,0.952,7,9,9,1.0
1186604,273916,273917,35525,8,8,2,6,0.75,0.5,0.952,7,9,9,1.0
1265949,9214,9167,43884,8,8,2,6,0.75,0.5,0.952,7,9,9,1.0
1289753,9214,9167,43884,8,8,2,6,0.75,0.5,0.952,7,9,9,1.0
1042677,22180,6118,10678,10,10,1,9,0.9,0.8,0.951,9,9,9,1.0
1227521,8880,23376,11710,10,10,2,8,0.8,0.6,0.951,9,9,9,1.0
1227519,8880,23376,11710,10,10,2,8,0.8,0.6,0.951,9,9,9,1.0
1265550,,384443,2282,7,6,0,6,1.0,1.0,0.944,6,9,9,1.0
1043269,156167,129268,7202,13,13,1,12,0.9231,0.8462,0.944,12,9,9,1.0
1132978,7670,7641,7180,9,9,1,8,0.8889,0.7778,0.944,8,9,9,1.0
1037296,22551,6894,7230,9,9,1,8,0.8889,0.7778,0.944,8,9,9,1.0
1077335,284158,284157,17475,9,9,1,8,0.8889,0.7778,0.944,8,9,9,1.0
1303499,22294,22290,50372,9,9,1,8,0.8889,0.7778,0.944,8,9,9,1.0
1093324,17670,17644,1087,7,7,1,6,0.8571,0.7143,0.944,6,9,9,1.0
1047397,184648,170236,3126,7,7,1,6,0.8571,0.7143,0.944,6,9,9,1.0
1014796,389917,389916,4366,7,7,1,6,0.8571,0.7143,0.944,6,9,9,1.0
1059237,26592,16937,13347,7,7,1,6,0.8571,0.7143,0.944,6,9,9,1.0
1201933,11955,11957,16326,7,7,1,6,0.8571,0.7143,0.944,6,9,9,1.0
1084029,16869,16861,19475,7,7,1,6,0.8571,0.7143,0.944,6,9,9,1.0
1091074,18352,18328,20494,7,7,1,6,0.8571,0.7143,0.944,6,9,9,1.0
1096827,396077,396078,21896,7,7,1,6,0.8571,0.7143,0.944,6,9,9,1.0
1112940,14531,25816,24913,7,7,1,6,0.8571,0.7143,0.944,6,9,9,1.0
1178651,21210,21186,37271,7,7,1,6,0.8571,0.7143,0.944,6,9,9,1.0
1210471,25313,25303,41936,7,7,1,6,0.8571,0.7143,0.944,6,9,9,1.0
1027254,23496,9059,5509,5,5,1,4,0.8,0.6,0.944,4,9,9,1.0
1027660,23184,23213,7042,5,5,1,4,0.8,0.6,0.944,4,9,9,1.0
1031985,6469,22305,8351,5,5,1,4,0.8,0.6,0.944,4,9,9,1.0
1089156,14527,31349,19905,5,5,1,4,0.8,0.6,0.944,4,9,9,1.0
1113899,5189,21785,23988,5,5,1,4,0.8,0.6,0.944,4,9,9,1.0
1108975,17298,17266,24191,5,5,1,4,0.8,0.6,0.944,4,9,9,1.0
1216364,26123,26121,29847,5,5,1,4,0.8,0.6,0.944,4,9,9,1.0
1178155,20343,20366,37161,5,5,1,4,0.8,0.6,0.944,4,9,9,1.0
1308463,8168,8092,39127,5,5,1,4,0.8,0.6,0.944,4,9,9,1.0
1196912,11254,11292,39487,5,5,1,4,0.8,0.6,0.944,4,9,9,1.0
1271232,14870,14917,46105,5,5,1,4,0.8,0.6,0.944,4,9,9,1.0
1273120,14774,25875,46257,5,5,1,4,0.8,0.6,0.944,4,9,9,1.0
1279004,281918,20466,47735,5,5,1,4,0.8,0.6,0.944,4,9,9,1.0
1299323,26634,17099,49909,5,5,1,4,0.8,0.6,0.944,4,9,9,1.0
1021421,25390,13249,1441,7,7,1,5,0.7143,0.5714,0.944,6,9,9,1.0
1026368,13223,13249,1441,7,7,1,5,0.7143,0.5714,0.944,6,9,9,1.0
1038238,6712,6745,9706,7,7,1,5,0.7143,0.5714,0.944,6,9,9,1.0
1038187,6709,6745,9706,7,7,1,5,0.7143,0.5714,0.944,6,9,9,1.0
1276241,7299,7330,47016,7,7,1,5,0.7143,0.5714,0.944,6,9,9,1.0
1073716,1019,1018,4395,16,16,1,13,0.8125,0.75,0.941,15,9,9,1.0
1099390,13803,1018,4395,16,16,1,13,0.8125,0.75,0.941,15,9,9,1.0
1014037,1027,1018,4395,16,16,1,13,0.8125,0.75,0.941,15,9,9,1.0
1223758,27256,27249,35501,12,12,2,10,0.8333,0.6667,0.939,11,9,9,1.0
1174425,27256,27249,35501,12,12,2,10,0.8333,0.6667,0.939,11,9,9,1.0
1088792,349711,349710,11558,12,12,3,9,0.75,0.5,0.939,11,9,9,1.0
1048290,74203,65251,3940,10,10,1,9,0.9,0.8,0.938,9,9,9,1.0
1014182,384035,384036,4064,10,10,1,9,0.9,0.8,0.938,9,9,9,1.0
1040942,34530,23353,10113,10,10,1,9,0.9,0.8,0.938,9,9,9,1.0
1061804,343533,343532,14242,10,10,1,9,0.9,0.8,0.938,9,9,9,1.0
1199327,9523,9496,40189,10,10,2,8,0.8,0.6,0.938,9,9,9,1.0
1199601,9523,9496,40189,10,10,2,8,0.8,0.6,0.938,9,9,9,1.0
1093664,17809,17835,6423,8,8,1,7,0.875,0.75,0.937,7,9,9,1.0
1041827,7825,7870,10512,8,8,1,7,0.875,0.75,0.937,7,9,9,1.0
1059222,15003,15043,13342,8,8,1,7,0.875,0.75,0.937,7,9,9,1.0
1078103,145605,145606,17921,8,8,1,7,0.875,0.75,0.937,7,9,9,1.0
1221052,12580,12578,35642,8,8,1,7,0.875,0.75,0.937,7,9,9,1.0
1211057,24533,11168,39520,8,8,1,7,0.875,0.75,0.937,7,9,9,1.0
1227244,9183,9164,39621,8,8,1,7,0.875,0.75,0.937,7,9,9,1.0
1103169,26475,26470,22747,8,8,1,5,0.625,0.5,0.937,7,9,9,1.0
1100427,26474,26470,22747,8,8,1,5,0.625,0.5,0.937,7,9,9,1.0
1311332,6020,6005,51860,8,8,2,6,0.75,0.5,0.937,7,9,9,1.0
1311373,6020,6005,51860,8,8,2,6,0.75,0.5,0.937,7,9,9,1.0
1125045,13473,13455,27158,11,11,1,10,0.9091,0.8182,0.933,10,9,9,1.0
1302567,6811,22462,50537,11,11,1,10,0.9091,0.8182,0.933,10,9,9,1.0
1020775,9027,8974,5533,6,6,1,5,0.8333,0.6667,0.933,5,9,9,1.0
1024554,24061,10130,6404,6,6,1,5,0.8333,0.6667,0.933,5,9,9,1.0
1089427,15554,15551,19981,6,6,1,5,0.8333,0.6667,0.933,5,9,9,1.0
1167603,27034,27024,20486,6,6,1,5,0.8333,0.6667,0.933,5,9,9,1.0
1092185,18364,18319,20898,6,6,1,5,0.8333,0.6667,0.933,5,9,9,1.0
1102089,16532,16575,21362,6,6,1,5,0.8333,0.6667,0.933,5,9,9,1.0
1179834,15445,15412,36322,6,6,1,5,0.8333,0.6667,0.933,5,9,9,1.0
1183648,15403,3372,37839,6,6,1,5,0.8333,0.6667,0.933,5,9,9,1.0
1226176,9411,9357,40578,6,6,1,5,0.8333,0.6667,0.933,5,9,9,1.0
1289307,17834,17849,47944,6,6,1,5,0.8333,0.6667,0.933,5,9,9,1.0
1009969,11777,11796,1115,6,6,1,4,0.6667,0.5,0.933,5,9,9,1.0
1047657,1789,180797,11632,6,6,1,4,0.6667,0.5,0.933,5,9,9,1.0
1010560,88606,88607,2915,9,9,1,8,0.8889,0.7778,0.931,8,9,9,1.0
1063164,343680,375307,13971,9,9,1,8,0.8889,0.7778,0.931,8,9,9,1.0
1155299,146556,146557,33525,9,9,1,8,0.8889,0.7778,0.931,8,9,9,1.0
1298276,50216,50210,47687,9,9,1,8,0.8889,0.7778,0.931,8,9,9,1.0
1005474,341,320,387,9,9,1,7,0.7778,0.6667,0.931,8,9,9,1.0
1005918,327,320,387,9,9,1,7,0.7778,0.6667,0.931,8,9,9,1.0
1267984,78049,78047,45670,9,9,2,7,0.7778,0.5556,0.931,8,9,9,1.0
1186812,26106,26118,28432,12,12,1,11,0.9167,0.8333,0.929,11,9,9,1.0
1008326,24698,24718,1657,13,13,1,12,0.9231,0.8462,0.926,12,9,9,1.0
1053440,345244,345245,11695,10,10,1,9,0.9,0.8,0.926,9,9,9,1.0
1269226,396,52763,19082,10,10,1,9,0.9,0.8,0.926,9,9,9,1.0
1118945,473035,473036,25942,10,10,1,9,0.9,0.8,0.926,9,9,9,1.0
1003924,22739,7431,501,7,7,1,6,0.8571,0.7143,0.926,6,9,9,1.0
1010797,24660,11594,2654,7,7,1,6,0.8571,0.7143,0.926,6,9,9,1.0
1040649,390639,390643,6069,7,7,1,6,0.8571,0.7143,0.926,6,9,9,1.0
1032749,6246,6260,7209,7,7,1,6,0.8571,0.7143,0.926,6,9,9,1.0
1033564,350075,349900,8715,7,7,1,6,0.8571,0.7143,0.926,6,9,9,1.0
1048132,90207,90208,11480,7,7,1,6,0.8571,0.7143,0.926,6,9,9,1.0
1063072,110702,110701,13199,7,7,1,6,0.8571,0.7143,0.926,6,9,9,1.0
1069997,264001,264002,15720,7,7,1,6,0.8571,0.7143,0.926,6,9,9,1.0
1090368,14451,14477,18869,7,7,1,6,0.8571,0.7143,0.926,6,9,9,1.0
1092159,18219,18302,20672,7,7,1,6,0.8571,0.7143,0.926,6,9,9,1.0
1109401,17225,26696,23304,7,7,1,6,0.8571,0.7143,0.926,6,9,9,1.0
1112420,18125,27046,24522,7,7,1,6,0.8571,0.7143,0.926,6,9,9,1.0
1119690,425116,425117,25935,7,7,1,6,0.8571,0.7143,0.926,6,9,9,1.0
1189254,4006,4018,28599,7,7,1,6,0.8571,0.7143,0.926,6,9,9,1.0
1184440,3113,3121,37500,7,7,1,6,0.8571,0.7143,0.926,6,9,9,1.0
1199824,24957,24964,40297,7,7,1,6,0.8571,0.7143,0.926,6,9,9,1.0
1219073,24741,24746,42612,7,7,1,6,0.8571,0.7143,0.926,6,9,9,1.0
1228624,23009,8225,43904,7,7,1,6,0.8571,0.7143,0.926,6,9,9,1.0
1273312,11600,11562,45697,7,7,1,6,0.8571,0.7143,0.926,6,9,9,1.0
1005794,12471,12506,1320,7,7,1,5,0.7143,0.5714,0.926,6,9,9,1.0
1004067,12481,12506,1320,7,7,1,5,0.7143,0.5714,0.926,6,9,9,1.0
1108971,26689,26697,23758,7,7,1,5,0.7143,0.5714,0.926,6,9,9,1.0
1105066,17373,26697,23758,7,7,1,5,0.7143,0.5714,0.926,6,9,9,1.0
1191008,18938,27253,26170,7,7,1,5,0.7143,0.5714,0.926,6,9,9,1.0
1229499,183042,654,2403,4,4,1,3,0.75,0.5,0.926,3,9,9,1.0
1072926,259527,149118,16487,4,4,1,3,0.75,0.5,0.926,3,9,9,1.0
1110968,4990,4980,24012,4,4,1,3,0.75,0.5,0.926,3,9,9,1.0
1219185,18849,18813,35110,4,4,1,3,0.75,0.5,0.926,3,9,9,1.0
1281361,26895,26885,48388,4,4,1,3,0.75,0.5,0.926,3,9,9,1.0
1035783,306237,319035,6047,11,11,1,10,0.9091,0.8182,0.922,10,9,9,1.0
1089484,349715,349714,18001,11,11,1,10,0.9091,0.8182,0.922,10,9,9,1.0
1019294,8134,22966,5040,8,8,1,7,0.875,0.75,0.921,7,9,9,1.0
1022466,10893,24439,5994,8,8,1,7,0.875,0.75,0.921,7,9,9,1.0
1090420,26089,26087,13858,8,8,1,7,0.875,0.75,0.921,7,9,9,1.0
1089627,14360,14339,19453,8,8,1,7,0.875,0.75,0.921,7,9,9,1.0
1099523,13025,13076,22550,8,8,1,7,0.875,0.75,0.921,7,9,9,1.0
1102271,16923,16961,23162,8,8,1,7,0.875,0.75,0.921,7,9,9,1.0
1142982,25513,155515,26519,8,8,1,7,0.875,0.75,0.921,7,9,9,1.0
1123790,12073,12046,26846,8,8,1,7,0.875,0.75,0.921,7,9,9,1.0
1272316,11371,11348,45829,8,8,1,7,0.875,0.75,0.921,7,9,9,1.0
1007367,13242,13287,1304,8,8,1,6,0.75,0.625,0.921,7,9,9,1.0
1123181,12834,20017,26728,8,8,1,5,0.625,0.5,0.921,7,9,9,1.0
1136699,27217,27216,30613,8,8,2,6,0.75,0.5,0.921,7,9,9,1.0
1202686,27217,27216,30613,8,8,2,6,0.75,0.5,0.921,7,9,9,1.0
1183659,14699,14616,34396,8,8,2,6,0.75,0.5,0.921,7,9,9,1.0
1184444,14699,14616,34396,8,8,2,6,0.75,0.5,0.921,7,9,9,1.0
1131849,345084,20786,4821,12,12,1,11,0.9167,0.8333,0.919,11,9,9,1.0
1060743,267521,267520,13977,9,9,1,8,0.8889,0.7778,0.917,8,9,9,1.0
1190401,4210,4222,16460,9,9,1,8,0.8889,0.7778,0.917,8,9,9,1.0
1009033,24071,24088,1838,5,5,1,4,0.8,0.6,0.917,4,9,9,1.0
1067506,114868,114867,15157,5,5,1,4,0.8,0.6,0.917,4,9,9,1.0
1068100,5773,5772,15301,5,5,1,4,0.8,0.6,0.917,4,9,9,1.0
1115927,14051,14015,25681,5,5,1,4,0.8,0.6,0.917,4,9,9,1.0
1150414,3598,3603,30871,5,5,1,4,0.8,0.6,0.917,4,9,9,1.0
1189204,4019,4005,38754,5,5,1,4,0.8,0.6,0.917,4,9,9,1.0
1197869,11427,11429,39747,5,5,1,4,0.8,0.6,0.917,4,9,9,1.0
1287801,370272,370271,44334,14,14,1,13,0.9286,0.8571,0.915,13,9,9,1.0
1201098,12002,24865,39237,10,10,1,9,0.9,0.8,0.914,9,9,9,1.0
1247846,,14575,20649,6,5,0,5,1.0,1.0,0.911,5,9,9,1.0
1176845,20763,20774,27669,11,11,1,10,0.9091,0.8182,0.911,10,9,9,1.0
1146041,14643,14724,30410,11,11,1,9,0.8182,0.7273,0.911,10,9,9,1.0
1089891,14442,14490,12510,6,6,1,5,0.8333,0.6667,0.911,5,9,9,1.0
1126398,2467,2530,13537,6,6,1,5,0.8333,0.6667,0.911,5,9,9,1.0
1281114,15004,25966,16746,6,6,1,5,0.8333,0.6667,0.911,5,9,9,1.0
1133690,14137,14176,18983,6,6,1,5,0.8333,0.6667,0.911,5,9,9,1.0
1083324,25785,25832,19257,6,6,1,5,0.8333,0.6667,0.911,5,9,9,1.0
1090587,15328,15332,20079,6,6,1,5,0.8333,0.6667,0.911,5,9,9,1.0
1108944,17373,17321,24197,6,6,1,5,0.8333,0.6667,0.911,5,9,9,1.0
1300961,6512,6528,28684,6,6,1,5,0.8333,0.6667,0.911,5,9,9,1.0
1185641,19647,19648,35093,6,6,1,5,0.8333,0.6667,0.911,5,9,9,1.0
1222124,24740,11671,43229,6,6,1,5,0.8333,0.6667,0.911,5,9,9,1.0
1281151,25969,14965,47494,6,6,1,5,0.8333,0.6667,0.911,5,9,9,1.0
1287260,718,299516,49129,6,6,1,5,0.8333,0.6667,0.911,5,9,9,1.0
1301463,6503,6485,46177,6,6,1,4,0.6667,0.5,0.911,5,9,9,1.0
1301788,6754,22426,17056,12,12,1,11,0.9167,0.8333,0.909,11,9,9,1.0
1074042,349711,349710,11558,12,12,3,9,0.75,0.5,0.909,11,9,9,1.0
1052301,349711,349710,11558,12,12,3,9,0.75,0.5,0.909,11,9,9,1.0
1011407,10930,24459,3289,7,7,1,6,0.8571,0.7143,0.907,6,9,9,1.0
1023985,10115,10184,6371,7,7,1,6,0.8571,0.7143,0.907,6,9,9,1.0
1028538,8717,23274,6898,7,7,1,6,0.8571,0.7143,0.907,6,9,9,1.0
1031262,283200,283199,8126,7,7,1,6,0.8571,0.7143,0.907,6,9,9,1.0
1034164,294077,294076,8846,7,7,1,6,0.8571,0.7143,0.907,6,9,9,1.0
1133006,22142,22143,9078,7,7,1,6,0.8571,0.7143,0.907,6,9,9,1.0
1164858,3595,316475,33472,7,7,1,6,0.8571,0.7143,0.907,6,9,9,1.0
1185046,19657,19658,38128,7,7,1,6,0.8571,0.7143,0.907,6,9,9,1.0
1288804,7278,7261,49358,7,7,1,6,0.8571,0.7143,0.907,6,9,9,1.0
1232528,,506687,26035,8,7,0,7,1.0,1.0,0.905,7,9,9,1.0
1032520,344459,344462,8479,8,8,1,7,0.875,0.75,0.905,7,9,9,1.0
1123073,13336,25391,26681,8,8,1,7,0.875,0.75,0.905,7,9,9,1.0
1307893,20503,20484,47725,8,8,1,7,0.875,0.75,0.905,7,9,9,1.0
1303636,92774,92773,50776,8,8,1,7,0.875,0.75,0.905,7,9,9,1.0
1310314,6044,49250,50995,8,8,1,7,0.875,0.75,0.905,7,9,9,1.0
1308102,5936,22082,51390,8,8,1,7,0.875,0.75,0.905,7,9,9,1.0
1167629,18153,27049,35181,8,8,1,6,0.75,0.625,0.905,7,9,9,1.0
1167631,27061,27049,35181,8,8,1,6,0.75,0.625,0.905,7,9,9,1.0
1026068,24035,24062,1989,8,8,1,5,0.625,0.5,0.905,7,9,9,1.0
1218811,19212,19213,20910,8,8,2,6,0.75,0.5,0.905,7,9,9,1.0
1042104,344491,391375,5679,9,9,1,8,0.8889,0.7778,0.903,8,9,9,1.0
1069930,19143,19107,15713,9,9,1,8,0.8889,0.7778,0.903,8,9,9,1.0
1077938,145609,145917,17889,9,9,1,8,0.8889,0.7778,0.903,8,9,9,1.0
1187590,227516,227517,35553,9,9,1,8,0.8889,0.7778,0.903,8,9,9,1.0
1181363,283543,287362,3863,17,17,2,15,0.8824,0.7647,0.903,16,9,9,1.0
1156332,283543,287362,3863,17,17,2,15,0.8824,0.7647,0.903,16,9,9,1.0
1030714,271036,271037,7225,10,10,1,9,0.9,0.8,0.901,9,9,9,1.0
1189994,21233,21254,38912,10,10,1,9,0.9,0.8,0.901,9,9,9,1.0
1039174,226242,130540,9920,11,11,1,10,0.9091,0.8182,0.9,10,9,9,1.0
1067852,118722,123514,11893,11,11,1,10,0.9091,0.8182,0.9,10,9,9,1.0
1020546,9204,9212,3257,11,11,1,10,0.9091,0.8182,0.889,10,9,9,1.0
1058778,375981,375980,4510,10,10,1,9,0.9,0.8,0.889,9,9,9,1.0
1024899,20857,20823,6578,10,10,1,9,0.9,0.8,0.889,9,9,9,1.0
1032209,287998,287997,7120,9,9,1,8,0.8889,0.7778,0.889,8,9,9,1.0
1038770,9650,9678,9830,9,9,1,8,0.8889,0.7778,0.889,8,9,9,1.0
1142968,123507,24149,30631,8,8,1,7,0.875,0.75,0.889,7,9,9,1.0
1065967,128624,128625,14814,7,7,1,6,0.8571,0.7143,0.889,6,9,9,1.0
1104365,16913,59483,23572,7,7,1,6,0.8571,0.7143,0.889,6,9,9,1.0
1127266,444222,444220,25940,7,7,1,6,0.8571,0.7143,0.889,6,9,9,1.0
1266087,12314,12374,39997,7,7,1,6,0.8571,0.7143,0.889,6,9,9,1.0
1272753,23386,23359,46418,7,7,1,6,0.8571,0.7143,0.889,6,9,9,1.0
1001786,19782,227,596,6,6,1,5,0.8333,0.6667,0.889,5,9,9,1.0
1005143,6657,6656,1701,6,6,1,5,0.8333,0.6667,0.889,5,9,9,1.0
1063050,375107,375106,13262,6,6,1,5,0.8333,0.6667,0.889,5,9,9,1.0
1149888,14277,14343,18851,6,6,1,5,0.8333,0.6667,0.889,5,9,9,1.0
1114487,25190,25229,25397,6,6,1,5,0.8333,0.6667,0.889,5,9,9,1.0
1207817,24904,12186,39529,6,6,1,5,0.8333,0.6667,0.889,5,9,9,1.0
1282780,19464,19475,47969,6,6,1,5,0.8333,0.6667,0.889,5,9,9,1.0
1132807,11378,11446,3572,11,11,2,9,0.8182,0.6364,0.889,10,9,9,1.0
1249844,11378,11446,3572,11,11,2,9,0.8182,0.6364,0.889,10,9,9,1.0
1196560,11163,11180,34042,10,10,2,8,0.8,0.6,0.889,9,9,9,1.0
1029678,6199,6219,7693,5,5,1,4,0.8,0.6,0.889,4,9,9,1.0
1115807,13608,13637,13409,5,5,1,4,0.8,0.6,0.889,4,9,9,1.0
1095805,2409,20549,21900,5,5,1,4,0.8,0.6,0.889,4,9,9,1.0
1110681,16993,245115,23329,5,5,1,4,0.8,0.6,0.889,4,9,9,1.0
1175947,20981,20975,36271,5,5,1,4,0.8,0.6,0.889,4,9,9,1.0
1300501,7494,7556,48246,5,5,1,4,0.8,0.6,0.889,4,9,9,1.0
1299336,27002,27000,49914,5,5,1,4,0.8,0.6,0.889,4,9,9,1.0
1123711,12104,12160,26864,9,9,2,7,0.7778,0.5556,0.889,8,9,9,1.0
1304250,6182,6158,31091,8,8,2,6,0.75,0.5,0.889,7,9,9,1.0
1304253,6182,6158,31091,8,8,2,6,0.75,0.5,0.889,7,9,9,1.0
1267905,9014,8949,2655,6,6,1,4,0.6667,0.5,0.889,5,9,9,1.0
1308251,8047,8046,51481,6,6,1,4,0.6667,0.5,0.889,5,9,9,1.0
1308295,22948,8046,51481,6,6,1,4,0.6667,0.5,0.889,5,9,9,1.0
1036968,375008,375007,9449,4,4,1,3,0.75,0.5,0.889,3,9,9,1.0
1300113,7980,7968,50096,4,4,1,3,0.75,0.5,0.889,3,9,9,1.0
1308562,58,63,51532,4,4,1,3,0.75,0.5,0.889,3,9,9,1.0
1011710,375502,375501,3473,12,12,1,11,0.9167,0.8333,0.879,11,9,9,1.0
1145065,25814,25784,23853,12,12,1,11,0.9167,0.8333,0.879,11,9,9,1.0
1032340,343565,343567,8430,9,9,1,8,0.8889,0.7778,0.875,8,9,9,1.0
1034515,7779,7777,8922,9,9,1,8,0.8889,0.7778,0.875,8,9,9,1.0
1034187,294076,309758,8709,9,9,2,7,0.7778,0.5556,0.875,8,9,9,1.0
1186058,19397,19395,20833,5,4,1,3,0.75,0.5,0.875,4,9,9,1.0
1002522,56923,24178,970,8,8,1,7,0.875,0.75,0.873,7,9,9,1.0
1023903,23967,23956,6208,8,8,1,7,0.875,0.75,0.873,7,9,9,1.0
1302594,449044,449045,8504,8,8,1,7,0.875,0.75,0.873,7,9,9,1.0
1038670,9248,9198,9808,8,8,1,7,0.875,0.75,0.873,7,9,9,1.0
1075156,27407,27411,17254,8,8,1,7,0.875,0.75,0.873,7,9,9,1.0
1001054,19802,219,290,8,8,1,5,0.625,0.5,0.873,7,9,9,1.0
1007782,19781,219,290,8,8,1,5,0.625,0.5,0.873,7,9,9,1.0
1001052,242,219,290,8,8,1,5,0.625,0.5,0.873,7,9,9,1.0
1125280,12542,12534,26594,8,8,2,6,0.75,0.5,0.873,7,9,9,1.0
1220940,12542,12534,26594,8,8,2,6,0.75,0.5,0.873,7,9,9,1.0
1185083,19410,19390,38131,8,8,2,6,0.75,0.5,0.873,7,9,9,1.0
1185084,19410,19390,38131,8,8,2,6,0.75,0.5,0.873,7,9,9,1.0
1288884,4219,4182,46968,8,8,2,6,0.75,0.5,0.873,7,9,9,1.0
1282385,4219,4182,46968,8,8,2,6,0.75,0.5,0.873,7,9,9,1.0
1014181,390373,390374,4103,7,7,1,6,0.8571,0.7143,0.87,6,9,9,1.0
1081079,95978,95976,18193,7,7,1,6,0.8571,0.7143,0.87,6,9,9,1.0
1110763,15480,15444,18335,7,7,1,6,0.8571,0.7143,0.87,6,9,9,1.0
1208073,928,930,39505,7,7,1,6,0.8571,0.7143,0.87,6,9,9,1.0
1199590,25079,12596,40030,7,7,1,6,0.8571,0.7143,0.87,6,9,9,1.0
1223489,11961,24795,41880,7,7,1,6,0.8571,0.7143,0.87,6,9,9,1.0
1054417,365058,365056,3832,11,11,1,10,0.9091,0.8182,0.867,10,9,9,1.0
1311569,9016,8977,51038,11,11,1,10,0.9091,0.8182,0.867,10,9,9,1.0
1038052,148480,148479,9434,6,6,1,5,0.8333,0.6667,0.867,5,9,9,1.0
1080708,16191,16160,18061,6,6,1,5,0.8333,0.6667,0.867,5,9,9,1.0
1307117,8168,8185,51306,6,6,1,5,0.8333,0.6667,0.867,5,9,9,1.0
1282697,27367,19416,48707,6,6,1,4,0.6667,0.5,0.867,5,9,9,1.0
1233016,,535788,25355,15,14,0,7,0.5,0.5,0.865,14,9,9,1.0
1097769,23822,23799,16961,10,10,2,7,0.7,0.5,0.864,9,9,9,1.0
1073862,23822,23799,16961,10,10,2,7,0.7,0.5,0.864,9,9,9,1.0
1121115,295677,179523,11983,9,9,1,8,0.8889,0.7778,0.861,8,9,9,1.0
1123169,12869,12870,26723,9,9,1,8,0.8889,0.7778,0.861,8,9,9,1.0
1153112,12154,12163,32993,9,9,1,8,0.8889,0.7778,0.861,8,9,9,1.0
1127174,39015,39011,15390,5,5,1,4,0.8,0.6,0.861,4,9,9,1.0
1128258,20948,2791,27651,5,5,1,4,0.8,0.6,0.861,4,9,9,1.0
1285856,8973,9097,45575,5,5,1,4,0.8,0.6,0.861,4,9,9,1.0
1170520,10685,24378,23134,8,8,1,5,0.625,0.5,0.857,7,9,9,1.0
1275831,23533,9104,44189,8,8,1,5,0.625,0.5,0.857,7,9,9,1.0
1276941,20314,20328,44781,8,8,2,6,0.75,0.5,0.857,7,9,9,1.0
1276944,20314,20328,44781,8,8,2,6,0.75,0.5,0.857,7,9,9,1.0
1029649,370383,370384,6053,11,11,1,10,0.9091,0.8182,0.856,10,9,9,1.0
1112354,25725,25732,24879,11,11,1,10,0.9091,0.8182,0.856,10,9,9,1.0
1257390,,16768,21464,10,9,0,9,1.0,1.0,0.852,9,9,9,1.0
1035517,55648,55647,9143,10,10,1,9,0.9,0.8,0.852,9,9,9,1.0
1133467,6976,22592,27947,10,10,1,9,0.9,0.8,0.852,9,9,9,1.0
1179149,20262,1769,29787,10,10,1,9,0.9,0.8,0.852,9,9,9,1.0
1109953,27199,27192,4795,7,7,1,6,0.8571,0.7143,0.852,6,9,9,1.0
1036299,6297,22246,7173,7,7,1,6,0.8571,0.7143,0.852,6,9,9,1.0
1047486,292160,292157,9082,7,7,1,6,0.8571,0.7143,0.852,6,9,9,1.0
1267976,9881,23860,45157,7,7,1,6,0.8571,0.7143,0.852,6,9,9,1.0
1286124,2085,152955,47504,10,10,1,8,0.8,0.7,0.852,9,9,9,1.0
1278062,2112,152955,47504,10,10,1,8,0.8,0.7,0.852,9,9,9,1.0
1132927,310079,343406,3831,13,13,2,11,0.8462,0.6923,0.852,12,9,9,1.0
1250651,310079,343406,3831,13,13,2,11,0.8462,0.6923,0.852,12,9,9,1.0
1208553,11291,11288,22188,7,7,1,5,0.7143,0.5714,0.852,6,9,9,1.0
1208241,24575,11288,22188,7,7,1,5,0.7143,0.5714,0.852,6,9,9,1.0
1108994,17275,17282,24203,4,4,1,3,0.75,0.5,0.852,3,9,9,1.0
1109075,26584,16913,23582,9,9,2,7,0.7778,0.5556,0.847,8,9,9,1.0
1106095,17328,26724,22662,6,6,1,5,0.8333,0.6667,0.844,5,9,9,1.0
1276895,20422,20408,47235,6,6,1,5,0.8333,0.6667,0.844,5,9,9,1.0
1310394,100765,100766,50982,6,6,1,5,0.8333,0.6667,0.844,5,9,9,1.0
1008361,145599,145600,2583,8,8,1,7,0.875,0.75,0.841,7,9,9,1.0
1227729,8112,22990,3568,8,8,1,7,0.875,0.75,0.841,7,9,9,1.0
1207997,930,928,30809,12,12,1,11,0.9167,0.8333,0.838,11,9,9,1.0
1075443,276156,262407,15894,9,9,1,8,0.8889,0.7778,0.833,8,9,9,1.0
1121134,18314,18342,18075,9,9,1,8,0.8889,0.7778,0.833,8,9,9,1.0
1179303,1352,1384,36292,9,9,1,8,0.8889,0.7778,0.833,8,9,9,1.0
1024259,10397,10400,6450,7,7,1,6,0.8571,0.7143,0.833,6,9,9,1.0
1081247,26260,26253,13830,7,7,1,6,0.8571,0.7143,0.833,6,9,9,1.0
1112869,12781,25221,24451,7,7,1,6,0.8571,0.7143,0.833,6,9,9,1.0
1311102,9033,9038,49440,7,7,1,6,0.8571,0.7143,0.833,6,9,9,1.0
1047106,24227,24273,8237,7,7,1,5,0.7143,0.5714,0.833,6,9,9,1.0
1181085,16596,16629,28279,7,7,1,5,0.7143,0.5714,0.833,6,9,9,1.0
1188439,16645,16629,28279,7,7,1,5,0.7143,0.5714,0.833,6,9,9,1.0
1029873,278086,278085,7749,12,12,1,10,0.8333,0.75,0.828,11,9,9,1.0
1103111,140795,140490,23314,10,10,2,8,0.8,0.6,0.827,9,9,9,1.0
1286165,375012,4594,47060,10,10,1,7,0.7,0.6,0.827,9,9,9,1.0
1067014,156475,156483,15045,8,8,1,7,0.875,0.75,0.825,7,9,9,1.0
1037817,,13491,9630,6,5,0,5,1.0,1.0,0.822,5,9,9,1.0
1221803,12306,12356,40395,6,6,1,5,0.8333,0.6667,0.822,5,9,9,1.0
1280178,18107,18072,48069,6,6,1,5,0.8333,0.6667,0.822,5,9,9,1.0
1056106,178557,185916,12608,10,10,1,9,0.9,0.8,0.815,9,9,9,1.0
1231846,5431,5427,15577,16,16,3,13,0.8125,0.625,0.815,15,9,9,1.0
1253731,5431,5427,15577,16,16,3,13,0.8125,0.625,0.815,15,9,9,1.0
1220625,5431,5427,15577,16,16,3,13,0.8125,0.625,0.815,15,9,9,1.0
1277241,22552,93723,47326,11,11,1,10,0.9091,0.8182,0.811,10,9,9,1.0
1033223,341120,343394,8648,9,9,1,8,0.8889,0.7778,0.806,8,9,9,1.0
1092288,25421,13474,20878,9,9,1,8,0.8889,0.7778,0.806,8,9,9,1.0
1165849,21246,3234,3403,7,7,1,6,0.8571,0.7143,0.806,6,9,9,1.0
1097208,,536190,22226,10,8,0,8,1.0,1.0,0.802,9,9,9,1.0
1001928,446,438,445,6,6,1,5,0.8333,0.6667,0.8,5,9,9,1.0
1019066,175995,175996,5107,6,6,1,5,0.8333,0.6667,0.8,5,9,9,1.0
1033282,291199,294077,8661,6,6,1,5,0.8333,0.6667,0.8,5,9,9,1.0
1272515,23730,23738,42697,6,6,1,5,0.8333,0.6667,0.8,5,9,9,1.0
1257426,,20603,36909,7,6,0,6,1.0,1.0,0.796,6,9,9,1.0
1257440,,21487,38921,7,6,0,6,1.0,1.0,0.796,6,9,9,1.0
1001881,84773,385,541,7,7,1,6,0.8571,0.7143,0.796,6,9,9,1.0
1152427,260481,3261,18618,7,7,1,6,0.8571,0.7143,0.796,6,9,9,1.0
1082290,16920,26582,18892,7,7,1,6,0.8571,0.7143,0.796,6,9,9,1.0
1186145,19636,19635,13607,7,7,1,5,0.7143,0.5714,0.796,6,9,9,1.0
1196646,,449042,25921,8,7,0,7,1.0,1.0,0.794,7,9,9,1.0
1286128,20277,20274,47632,8,8,1,7,0.875,0.75,0.794,7,9,9,1.0
1311330,6005,5992,50107,8,8,1,7,0.875,0.75,0.794,7,9,9,1.0
1022901,11012,11017,3170,9,9,1,8,0.8889,0.7778,0.792,8,9,9,1.0
1210075,1503,1498,30446,9,9,1,8,0.8889,0.7778,0.792,8,9,9,1.0
1147181,2703,2680,30167,9,9,2,7,0.7778,0.5556,0.792,8,9,9,1.0
1150586,2703,2680,30167,9,9,2,7,0.7778,0.5556,0.792,8,9,9,1.0
1093870,18361,18332,21401,18,18,1,17,0.9444,0.8889,0.778,17,9,9,1.0
1025480,33260,33259,1677,11,11,1,10,0.9091,0.8182,0.778,10,9,9,1.0
1288267,1718,1695,29848,9,9,1,8,0.8889,0.7778,0.778,8,9,9,1.0
1132965,12680,12656,493,8,8,1,7,0.875,0.75,0.778,7,9,9,1.0
1142777,12991,13035,25525,7,7,1,6,0.8571,0.7143,0.778,6,9,9,1.0
1227891,23426,23362,42648,8,8,1,6,0.75,0.625,0.778,7,9,9,1.0
1219172,19629,19633,12033,5,5,1,4,0.8,0.6,0.778,4,9,9,1.0
1122230,2440,2431,26287,4,4,1,3,0.75,0.5,0.778,3,9,9,1.0
1159913,21340,3392,12982,16,16,2,14,0.875,0.75,0.77,15,9,9,1.0
1149601,21340,3392,12982,16,16,2,14,0.875,0.75,0.77,15,9,9,1.0
1054829,33260,33261,2759,10,10,1,9,0.9,0.8,0.765,9,9,9,1.0
1080758,35164,95971,18367,10,10,1,9,0.9,0.8,0.765,9,9,9,1.0
1273712,2011,20381,41425,8,8,2,6,0.75,0.5,0.762,7,9,9,1.0
1035435,344337,343441,9114,14,14,2,12,0.8571,0.7143,0.761,13,9,9,1.0
1112474,14625,25871,1056,15,15,1,12,0.8,0.7333,0.754,14,9,9,1.0
1062759,5669,5665,14464,10,10,2,8,0.8,0.6,0.753,9,9,9,1.0
1219488,21186,21156,36130,9,9,1,8,0.8889,0.7778,0.75,8,9,9,1.0
1278182,4498,4503,47529,5,5,1,4,0.8,0.6,0.75,4,9,9,1.0
1303966,22424,22401,50827,12,12,1,11,0.9167,0.8333,0.747,11,9,9,1.0
1005593,1019,345275,1846,12,12,1,10,0.8333,0.75,0.747,11,9,9,1.0
1229336,11968,11975,30973,8,8,1,7,0.875,0.75,0.746,7,9,9,1.0
1216111,280637,280635,42120,7,7,1,6,0.8571,0.7143,0.741,6,9,9,1.0
1297490,6110,6101,39209,7,6,1,5,0.8333,0.6667,0.741,6,9,9,1.0
1062824,5669,5665,14464,10,10,2,8,0.8,0.6,0.741,9,9,9,1.0
1026947,9730,9732,6906,12,12,2,10,0.8333,0.6667,0.737,11,9,9,1.0
1026948,9730,9732,6906,12,12,2,10,0.8333,0.6667,0.737,11,9,9,1.0
1008888,11377,11313,2686,9,9,1,8,0.8889,0.7778,0.736,8,9,9,1.0
1001888,274,268,608,6,6,1,5,0.8333,0.6667,0.733,5,9,9,1.0
1281233,4943,4940,44715,6,6,1,5,0.8333,0.6667,0.733,5,9,9,1.0
1278312,20531,20490,47571,6,6,1,5,0.8333,0.6667,0.733,5,9,9,1.0
1046471,376998,376999,11441,13,13,1,12,0.9231,0.8462,0.731,12,9,9,1.0
1274157,9982,9933,30033,8,8,1,7,0.875,0.75,0.73,7,9,9,1.0
1110155,17039,17037,22707,8,8,2,6,0.75,0.5,0.73,7,9,9,1.0
1257444,,24984,39957,7,6,0,6,1.0,1.0,0.722,6,9,9,1.0
1116256,14318,14342,1057,17,17,1,16,0.9412,0.8824,0.722,16,9,9,1.0
1306588,18152,18132,48243,5,5,1,4,0.8,0.6,0.722,4,9,9,1.0
1044959,344337,343441,9115,9,9,2,7,0.7778,0.5556,0.722,8,9,9,1.0
1111508,378251,246722,19900,6,6,1,5,0.8333,0.6667,0.711,5,9,9,1.0
1273282,909,923,11563,12,12,2,10,0.8333,0.6667,0.707,11,9,9,1.0
1269983,909,923,11563,12,12,2,10,0.8333,0.6667,0.707,11,9,9,1.0
1111015,14594,1593,24594,4,4,1,3,0.75,0.5,0.704,3,9,9,1.0
1115523,,3004,25619,8,7,0,7,1.0,1.0,1.0,7,8,9,0.889
1056174,265930,266235,11173,8,8,1,7,0.875,0.75,1.0,7,8,9,0.889
1057656,344283,344284,12917,7,7,1,6,0.8571,0.7143,1.0,6,8,9,0.889
1066401,166076,166077,14908,7,7,1,6,0.8571,0.7143,1.0,6,8,9,0.889
1077622,18974,19010,15245,7,7,1,6,0.8571,0.7143,1.0,6,8,9,0.889
1068319,364956,364955,15333,7,7,1,6,0.8571,0.7143,1.0,6,8,9,0.889
1167133,18538,18604,20063,7,7,1,6,0.8571,0.7143,1.0,6,8,9,0.889
1286089,9249,23588,46645,7,7,1,6,0.8571,0.7143,1.0,6,8,9,0.889
1003753,19708,19706,1191,6,6,1,5,0.8333,0.6667,1.0,5,8,9,0.889
1008477,24691,11715,1784,6,6,1,5,0.8333,0.6667,1.0,5,8,9,0.889
1057375,344286,344287,3358,6,6,1,5,0.8333,0.6667,1.0,5,8,9,0.889
1132992,246730,247035,7061,6,6,1,5,0.8333,0.6667,1.0,5,8,9,0.889
1034360,159047,159048,8891,6,6,1,5,0.8333,0.6667,1.0,5,8,9,0.889
1054647,349595,349598,12473,6,6,1,5,0.8333,0.6667,1.0,5,8,9,0.889
1081723,27176,18557,18329,6,6,1,5,0.8333,0.6667,1.0,5,8,9,0.889
1153883,2251,425292,20996,6,6,1,5,0.8333,0.6667,1.0,5,8,9,0.889
1103675,26724,17414,23436,6,6,1,5,0.8333,0.6667,1.0,5,8,9,0.889
1133342,15533,15504,23891,6,6,1,5,0.8333,0.6667,1.0,5,8,9,0.889
1306785,6178,6197,28368,6,6,1,5,0.8333,0.6667,1.0,5,8,9,0.889
1167203,19622,38406,35079,6,6,1,5,0.8333,0.6667,1.0,5,8,9,0.889
1180485,15630,15635,37609,6,6,1,5,0.8333,0.6667,1.0,5,8,9,0.889
1218528,11784,11849,39939,6,6,1,5,0.8333,0.6667,1.0,5,8,9,0.889
1220978,25096,12601,43022,6,6,1,5,0.8333,0.6667,1.0,5,8,9,0.889
1268416,23020,8073,45643,6,6,1,5,0.8333,0.6667,1.0,5,8,9,0.889
1270897,9916,9886,46275,6,6,1,5,0.8333,0.6667,1.0,5,8,9,0.889
1287878,9857,9802,48865,6,6,1,5,0.8333,0.6667,1.0,5,8,9,0.889
1166065,26212,26226,34814,8,8,1,6,0.75,0.625,1.0,7,8,9,0.889
1187331,15916,26226,34814,8,8,1,6,0.75,0.625,1.0,7,8,9,0.889
1099225,16181,26368,1358,5,5,1,4,0.8,0.6,1.0,4,8,9,0.889
1133017,60769,261117,5065,5,5,1,4,0.8,0.6,1.0,4,8,9,0.889
1023775,8702,8705,6326,5,5,1,4,0.8,0.6,1.0,4,8,9,0.889
1067786,171836,171835,14905,5,5,1,4,0.8,0.6,1.0,4,8,9,0.889
1080908,13900,13907,18535,5,5,1,4,0.8,0.6,1.0,4,8,9,0.889
1094718,26718,26709,21604,5,5,1,4,0.8,0.6,1.0,4,8,9,0.889
1114669,25596,25599,25366,5,5,1,4,0.8,0.6,1.0,4,8,9,0.889
1125614,13000,13070,26884,5,5,1,4,0.8,0.6,1.0,4,8,9,0.889
1124094,937,932,26971,5,5,1,4,0.8,0.6,1.0,4,8,9,0.889
1125447,1087,1074,27259,5,5,1,4,0.8,0.6,1.0,4,8,9,0.889
1185013,19094,19146,38025,5,5,1,4,0.8,0.6,1.0,4,8,9,0.889
1289415,22704,22714,39171,5,5,1,4,0.8,0.6,1.0,4,8,9,0.889
1197922,24341,24350,39766,5,5,1,4,0.8,0.6,1.0,4,8,9,0.889
1201625,11534,24645,40745,5,5,1,4,0.8,0.6,1.0,4,8,9,0.889
1208973,10609,10483,41730,5,5,1,4,0.8,0.6,1.0,4,8,9,0.889
1271852,23379,8908,46427,5,5,1,4,0.8,0.6,1.0,4,8,9,0.889
1012976,336002,336000,3855,8,8,2,6,0.75,0.5,1.0,7,8,9,0.889
1052489,336002,336000,3855,8,8,2,6,0.75,0.5,1.0,7,8,9,0.889
1154465,3049,21135,31705,8,8,2,6,0.75,0.5,1.0,7,8,9,0.889
1148621,3049,21135,31705,8,8,2,6,0.75,0.5,1.0,7,8,9,0.889
1200415,12130,12180,40483,6,6,1,4,0.6667,0.5,1.0,5,8,9,0.889
1221717,12208,12180,40483,6,6,1,4,0.6667,0.5,1.0,5,8,9,0.889
1001282,279,19794,397,4,4,1,3,0.75,0.5,1.0,3,8,9,0.889
1002507,24383,10783,963,4,4,1,3,0.75,0.5,1.0,3,8,9,0.889
1033287,294077,291199,7503,4,4,1,3,0.75,0.5,1.0,3,8,9,0.889
1091847,17518,17524,18111,4,4,1,3,0.75,0.5,1.0,3,8,9,0.889
1092844,26251,26268,21128,4,4,1,3,0.75,0.5,1.0,3,8,9,0.889
1109901,15799,15783,24205,4,4,1,3,0.75,0.5,1.0,3,8,9,0.889
1167441,18664,18696,35046,4,4,1,3,0.75,0.5,1.0,3,8,9,0.889
1174724,18498,18511,36246,4,4,1,3,0.75,0.5,1.0,3,8,9,0.889
1175195,26417,16378,36372,4,4,1,3,0.75,0.5,1.0,3,8,9,0.889
1181256,16044,16092,37247,4,4,1,3,0.75,0.5,1.0,3,8,9,0.889
1210981,12473,12547,41795,4,4,1,3,0.75,0.5,1.0,3,8,9,0.889
1266574,11817,11783,45299,4,4,1,3,0.75,0.5,1.0,3,8,9,0.889
1271496,24654,11503,45346,4,4,1,3,0.75,0.5,1.0,3,8,9,0.889
1278097,6916,6883,47515,4,4,1,3,0.75,0.5,1.0,3,8,9,0.889
1306571,22905,22888,49110,4,4,1,3,0.75,0.5,1.0,3,8,9,0.889
1287165,22622,45087,49114,4,4,1,3,0.75,0.5,1.0,3,8,9,0.889
1232533,,389930,22269,7,6,0,6,1.0,1.0,0.981,6,8,9,0.889
1057696,283838,283837,12930,7,7,1,6,0.8571,0.7143,0.981,6,8,9,0.889
1088795,349710,349711,19807,7,7,1,6,0.8571,0.7143,0.981,6,8,9,0.889
1205748,281284,282249,29198,7,7,1,6,0.8571,0.7143,0.981,6,8,9,0.889
1008891,11667,24729,548,6,6,1,5,0.8333,0.6667,0.978,5,8,9,0.889
1069186,5838,5846,13087,6,6,1,5,0.8333,0.6667,0.978,5,8,9,0.889
1114568,13103,13117,25417,6,6,1,5,0.8333,0.6667,0.978,5,8,9,0.889
1184713,19613,19618,38065,6,6,1,5,0.8333,0.6667,0.978,5,8,9,0.889
1100118,17509,17486,21293,5,5,1,4,0.8,0.6,0.972,4,8,9,0.889
1268998,11433,11420,45897,8,8,1,7,0.875,0.75,0.968,7,8,9,0.889
1301303,22565,7027,28149,8,8,1,6,0.75,0.625,0.968,7,8,9,0.889
1301304,6952,7027,28149,8,8,1,6,0.75,0.625,0.968,7,8,9,0.889
1288488,10228,10203,46756,8,8,2,6,0.75,0.5,0.968,7,8,9,0.889
1289024,10228,10203,46756,8,8,2,6,0.75,0.5,0.968,7,8,9,0.889
1221246,165116,165117,41849,8,8,2,6,0.75,0.5,0.952,7,8,9,0.889
1209678,165116,165117,41849,8,8,2,6,0.75,0.5,0.952,7,8,9,0.889
1072451,132141,132140,1568,7,7,1,6,0.8571,0.7143,0.944,6,8,9,0.889
1057691,283837,283836,12931,7,7,1,5,0.7143,0.5714,0.944,6,8,9,0.889
1138508,172493,172492,12646,9,9,1,6,0.6667,0.5556,0.944,8,8,9,0.889
1288129,9322,23604,49207,9,9,2,7,0.7778,0.5556,0.944,8,8,9,0.889
1288130,9322,23604,49207,9,9,2,7,0.7778,0.5556,0.944,8,8,9,0.889
1009259,359723,359732,884,6,6,1,5,0.8333,0.6667,0.933,5,8,9,0.889
1045994,328315,328316,11359,6,6,1,5,0.8333,0.6667,0.933,5,8,9,0.889
1289253,7237,7206,16856,6,6,1,5,0.8333,0.6667,0.933,5,8,9,0.889
1185035,19648,19646,38126,6,6,1,5,0.8333,0.6667,0.933,5,8,9,0.889
1034721,292162,292159,8973,10,10,1,9,0.9,0.8,0.926,9,8,9,0.889
1175511,13459,25417,36457,7,7,1,6,0.8571,0.7143,0.926,6,8,9,0.889
1206020,21055,21068,41254,4,4,1,3,0.75,0.5,0.926,3,8,9,0.889
1302158,2014,2079,50533,4,4,1,3,0.75,0.5,0.926,3,8,9,0.889
1095085,420288,420286,6622,11,11,1,10,0.9091,0.8182,0.922,10,8,9,0.889
1047426,10857,10822,11587,8,8,2,6,0.75,0.5,0.921,7,8,9,0.889
1062681,281923,281924,14450,5,5,1,4,0.8,0.6,0.917,4,8,9,0.889
1178998,13847,13875,37324,5,5,1,4,0.8,0.6,0.917,4,8,9,0.889
1297699,18056,18052,46943,6,6,1,4,0.6667,0.5,0.911,5,8,9,0.889
1281162,18036,18052,46943,6,6,1,4,0.6667,0.5,0.911,5,8,9,0.889
1300557,8081,8118,49116,6,6,1,4,0.6667,0.5,0.911,5,8,9,0.889
1179888,,477901,22236,7,6,0,6,1.0,1.0,0.907,6,8,9,0.889
1280430,4957,4963,48135,7,7,1,6,0.8571,0.7143,0.907,6,8,9,0.889
1073278,343755,20713,12019,14,14,3,11,0.7857,0.5714,0.906,13,8,9,0.889
1156699,343755,20713,12019,14,14,3,11,0.7857,0.5714,0.906,13,8,9,0.889
1052645,343755,20713,12019,14,14,3,11,0.7857,0.5714,0.906,13,8,9,0.889
1019164,36137,36138,5119,8,8,1,7,0.875,0.75,0.905,7,8,9,0.889
1199153,12380,12375,22088,8,8,1,7,0.875,0.75,0.905,7,8,9,0.889
1027179,25279,12954,915,8,8,2,6,0.75,0.5,0.905,7,8,9,0.889
1048564,25279,12954,915,8,8,2,6,0.75,0.5,0.905,7,8,9,0.889
1073019,370354,282566,16540,8,8,2,6,0.75,0.5,0.905,7,8,9,0.889
1223620,370354,282566,16540,8,8,2,6,0.75,0.5,0.905,7,8,9,0.889
1138048,6478,6509,16733,8,8,2,6,0.75,0.5,0.905,7,8,9,0.889
1302662,6478,6509,16733,8,8,2,6,0.75,0.5,0.905,7,8,9,0.889
1169310,162238,162239,35567,8,8,2,6,0.75,0.5,0.905,7,8,9,0.889
1169308,162238,162239,35567,8,8,2,6,0.75,0.5,0.905,7,8,9,0.889
1057930,349867,349853,11696,9,9,2,7,0.7778,0.5556,0.903,8,8,9,0.889
1088989,5257,188801,15792,9,9,2,7,0.7778,0.5556,0.903,8,8,9,0.889
1070271,5257,188801,15792,9,9,2,7,0.7778,0.5556,0.903,8,8,9,0.889
1179919,25101,12657,37493,9,9,2,7,0.7778,0.5556,0.903,8,8,9,0.889
1179936,25101,12657,37493,9,9,2,7,0.7778,0.5556,0.903,8,8,9,0.889
1232503,,536187,22246,10,7,0,7,1.0,1.0,0.901,9,8,9,0.889
1232555,,536187,22246,10,7,0,7,1.0,1.0,0.901,9,8,9,0.889
1232949,,537134,26039,6,5,0,5,1.0,1.0,0.9,5,8,9,0.889
1262501,12443,12359,19080,11,11,2,9,0.8182,0.6364,0.9,10,8,9,0.889
1257564,12443,12359,19080,11,11,2,9,0.8182,0.6364,0.9,10,8,9,0.889
1075914,273278,282235,17442,13,13,1,12,0.9231,0.8462,0.889,12,8,9,0.889
1065577,257928,257929,14577,9,9,1,8,0.8889,0.7778,0.889,8,8,9,0.889
1091065,18320,18357,20490,8,8,1,7,0.875,0.75,0.889,7,8,9,0.889
1095444,391393,391390,853,7,7,1,6,0.8571,0.7143,0.889,6,8,9,0.889
1027825,7365,7398,981,7,7,1,6,0.8571,0.7143,0.889,6,8,9,0.889
1010176,10916,24468,2797,7,7,1,6,0.8571,0.7143,0.889,6,8,9,0.889
1155813,536072,112634,4752,7,7,1,6,0.8571,0.7143,0.889,6,8,9,0.889
1056850,192324,192327,12749,7,7,1,6,0.8571,0.7143,0.889,6,8,9,0.889
1066788,119660,119661,13171,7,7,1,6,0.8571,0.7143,0.889,6,8,9,0.889
1067733,171835,273280,15218,7,7,1,6,0.8571,0.7143,0.889,6,8,9,0.889
1081486,14121,14158,18647,7,7,1,6,0.8571,0.7143,0.889,6,8,9,0.889
1082268,15942,15943,18885,7,7,1,6,0.8571,0.7143,0.889,6,8,9,0.889
1099208,17555,26755,21320,7,7,1,6,0.8571,0.7143,0.889,6,8,9,0.889
1111205,86366,86365,24285,7,7,1,6,0.8571,0.7143,0.889,6,8,9,0.889
1299493,26924,17897,28014,7,7,1,6,0.8571,0.7143,0.889,6,8,9,0.889
1228585,23040,23003,43302,7,7,1,6,0.8571,0.7143,0.889,6,8,9,0.889
1025619,10416,10336,2264,6,6,1,5,0.8333,0.6667,0.889,5,8,9,0.889
1039194,7417,7402,7592,6,6,1,5,0.8333,0.6667,0.889,5,8,9,0.889
1079797,26310,26311,13386,6,6,1,5,0.8333,0.6667,0.889,5,8,9,0.889
1068328,364958,364957,15345,6,6,1,5,0.8333,0.6667,0.889,5,8,9,0.889
1081694,19172,19144,15646,6,6,1,5,0.8333,0.6667,0.889,5,8,9,0.889
1105978,15462,15454,18961,6,6,1,5,0.8333,0.6667,0.889,5,8,9,0.889
1119310,425117,425116,25856,6,6,1,5,0.8333,0.6667,0.889,5,8,9,0.889
1286008,17915,17887,25879,6,6,1,5,0.8333,0.6667,0.889,5,8,9,0.889
1246081,405742,410573,25976,6,6,1,5,0.8333,0.6667,0.889,5,8,9,0.889
1196589,9975,23924,28791,6,6,1,5,0.8333,0.6667,0.889,5,8,9,0.889
1167023,18824,18807,35023,6,6,1,5,0.8333,0.6667,0.889,5,8,9,0.889
1168263,27211,27204,35303,6,6,1,5,0.8333,0.6667,0.889,5,8,9,0.889
1208332,12086,12121,35726,6,6,1,5,0.8333,0.6667,0.889,5,8,9,0.889
1201301,11975,11968,39979,6,6,1,5,0.8333,0.6667,0.889,5,8,9,0.889
1208614,11136,11163,41671,6,6,1,5,0.8333,0.6667,0.889,5,8,9,0.889
1271925,23578,23586,45654,6,6,1,5,0.8333,0.6667,0.889,5,8,9,0.889
1299051,22283,6468,48092,6,6,1,5,0.8333,0.6667,0.889,5,8,9,0.889
1282004,16952,16936,48548,6,6,1,5,0.8333,0.6667,0.889,5,8,9,0.889
1278306,2033,207678,10685,11,11,2,9,0.8182,0.6364,0.889,10,8,9,0.889
1001187,205,238,367,5,5,1,4,0.8,0.6,0.889,4,8,9,0.889
1265723,12636,12502,16675,5,5,1,4,0.8,0.6,0.889,4,8,9,0.889
1089530,14293,14294,19235,5,5,1,4,0.8,0.6,0.889,4,8,9,0.889
1094164,18174,18290,21457,5,5,1,4,0.8,0.6,0.889,4,8,9,0.889
1113662,26727,26713,22561,5,5,1,4,0.8,0.6,0.889,4,8,9,0.889
1116632,13080,25298,25022,5,5,1,4,0.8,0.6,0.889,4,8,9,0.889
1123658,24750,24730,26491,5,5,1,4,0.8,0.6,0.889,4,8,9,0.889
1175148,24851,24868,36355,5,5,1,4,0.8,0.6,0.889,4,8,9,0.889
1277355,20480,20503,47356,5,5,1,4,0.8,0.6,0.889,4,8,9,0.889
1224948,10639,10644,15935,7,7,1,5,0.7143,0.5714,0.889,6,8,9,0.889
1206261,25699,25698,27419,9,9,2,7,0.7778,0.5556,0.889,8,8,9,0.889
1206262,25699,25698,27419,9,9,2,7,0.7778,0.5556,0.889,8,8,9,0.889
1135855,7240,7226,30369,8,8,2,6,0.75,0.5,0.889,7,8,9,0.889
1277911,530652,530651,30854,8,8,2,6,0.75,0.5,0.889,7,8,9,0.889
1266297,9398,9428,44807,8,8,2,6,0.75,0.5,0.889,7,8,9,0.889
1003704,19705,19703,1186,6,6,1,4,0.6667,0.5,0.889,5,8,9,0.889
1299198,32926,4676,47787,6,6,1,4,0.6667,0.5,0.889,5,8,9,0.889
1000661,5558,453995,90,4,4,1,3,0.75,0.5,0.889,3,8,9,0.889
1000832,19676,19679,192,4,4,1,3,0.75,0.5,0.889,3,8,9,0.889
1061722,344779,344972,14222,4,4,1,3,0.75,0.5,0.889,3,8,9,0.889
1091518,27466,27465,20650,4,4,1,3,0.75,0.5,0.889,3,8,9,0.889
1131205,25462,25453,24849,4,4,1,3,0.75,0.5,0.889,3,8,9,0.889
1205693,2009,1980,27484,4,4,1,3,0.75,0.5,0.889,3,8,9,0.889
1286717,12624,12528,30002,4,4,1,3,0.75,0.5,0.889,3,8,9,0.889
1149430,3055,275196,31689,4,4,1,3,0.75,0.5,0.889,3,8,9,0.889
1163827,20476,2309,34299,4,4,1,3,0.75,0.5,0.889,3,8,9,0.889
1220628,27254,19013,42984,4,4,1,3,0.75,0.5,0.889,3,8,9,0.889
1268325,8835,8882,45389,4,4,1,3,0.75,0.5,0.889,3,8,9,0.889
1298227,17897,17889,47241,4,4,1,3,0.75,0.5,0.889,3,8,9,0.889
1282616,19506,27429,48691,4,4,1,3,0.75,0.5,0.889,3,8,9,0.889
1299804,18401,18344,50026,4,4,1,3,0.75,0.5,0.889,3,8,9,0.889
1304407,37117,37118,50897,4,4,1,3,0.75,0.5,0.889,3,8,9,0.889
1197788,11112,24513,19938,11,11,1,10,0.9091,0.8182,0.878,10,8,9,0.889
1282239,4580,4594,47060,10,10,2,7,0.7,0.5,0.877,9,8,9,0.889
1282416,4580,4594,47060,10,10,2,7,0.7,0.5,0.877,9,8,9,0.889
1080154,15897,15893,1077,17,17,1,16,0.9412,0.8824,0.875,16,8,9,0.889
1047383,292161,292162,11583,9,9,1,8,0.8889,0.7778,0.875,8,8,9,0.889
1058507,344543,343236,13046,7,7,1,6,0.8571,0.7143,0.87,6,8,9,0.889
1001780,230,255,444,6,6,1,5,0.8333,0.6667,0.867,5,8,9,0.889
1102845,16841,16828,4587,6,6,1,5,0.8333,0.6667,0.867,5,8,9,0.889
1042083,376559,376558,10568,6,6,1,5,0.8333,0.6667,0.867,5,8,9,0.889
1190758,2977,15032,22013,10,10,2,7,0.7,0.5,0.864,9,8,9,0.889
1024392,10994,11012,6110,9,9,1,8,0.8889,0.7778,0.861,8,8,9,0.889
1054945,146880,146882,10317,9,9,1,8,0.8889,0.7778,0.861,8,8,9,0.889
1000779,19840,426,159,5,5,1,4,0.8,0.6,0.861,4,8,9,0.889
1233029,,501855,6828,7,6,0,3,0.5,0.5,0.861,6,8,9,0.889
1232497,,444308,22218,8,7,0,7,1.0,1.0,0.857,7,8,9,0.889
1030314,170237,170238,7878,8,8,1,7,0.875,0.75,0.857,7,8,9,0.889
1276599,20518,20537,47126,8,8,2,6,0.75,0.5,0.857,7,8,9,0.889
1276600,20518,20537,47126,8,8,2,6,0.75,0.5,0.857,7,8,9,0.889
1281999,17014,26609,47967,10,10,2,8,0.8,0.6,0.852,9,8,9,0.889
1288860,17014,26609,47967,10,10,2,8,0.8,0.6,0.852,9,8,9,0.889
1283036,7319,7330,47016,7,7,1,5,0.7143,0.5714,0.852,6,8,9,0.889
1188850,4462,4479,38667,4,4,1,3,0.75,0.5,0.852,3,8,9,0.889
1001409,232,244,443,6,6,1,5,0.8333,0.6667,0.844,5,8,9,0.889
1021985,10120,10158,5851,6,6,1,5,0.8333,0.6667,0.844,5,8,9,0.889
1136195,375934,1994,27277,6,6,1,5,0.8333,0.6667,0.844,5,8,9,0.889
1222133,12250,24957,30990,11,11,1,10,0.9091,0.8182,0.833,10,8,9,0.889
1061603,344131,344130,14185,9,9,1,8,0.8889,0.7778,0.833,8,8,9,0.889
1198646,12374,12380,39941,7,7,1,6,0.8571,0.7143,0.833,6,8,9,0.889
1137774,537132,537131,4495,6,6,1,5,0.8333,0.6667,0.833,5,8,9,0.889
1146835,2947,2916,4434,9,9,2,7,0.7778,0.5556,0.833,8,8,9,0.889
1146822,2947,2916,4434,9,9,2,7,0.7778,0.5556,0.833,8,8,9,0.889
1057931,349867,349853,11696,9,9,2,7,0.7778,0.5556,0.833,8,8,9,0.889
1005219,109106,109104,1618,8,8,2,6,0.75,0.5,0.825,7,8,9,0.889
1047425,10857,10822,11587,8,8,2,6,0.75,0.5,0.825,7,8,9,0.889
1307503,530652,530651,30854,8,8,2,6,0.75,0.5,0.825,7,8,9,0.889
1066886,376834,376833,14713,11,11,1,10,0.9091,0.8182,0.822,10,8,9,0.889
1216562,11157,82208,42258,6,6,1,5,0.8333,0.6667,0.822,5,8,9,0.889
1202934,18762,18764,40915,9,9,2,7,0.7778,0.5556,0.819,8,8,9,0.889
1308713,9010,8960,51068,7,7,1,6,0.8571,0.7143,0.815,6,8,9,0.889
1013491,290,284,412,4,4,1,3,0.75,0.5,0.815,3,8,9,0.889
1159319,102363,102058,33529,11,11,1,10,0.9091,0.8182,0.811,10,8,9,0.889
1282909,2081,192007,47230,5,5,1,4,0.8,0.6,0.806,4,8,9,0.889
1021870,11987,24777,5822,6,6,1,5,0.8333,0.6667,0.8,5,8,9,0.889
1205500,13839,1875,27962,6,6,1,5,0.8333,0.6667,0.8,5,8,9,0.889
1282722,27377,19416,48707,6,6,1,4,0.6667,0.5,0.8,5,8,9,0.889
1067270,118723,118722,13286,7,7,1,6,0.8571,0.7143,0.796,6,8,9,0.889
1138160,17387,17368,23902,7,7,1,6,0.8571,0.7143,0.796,6,8,9,0.889
1170482,24378,24393,35872,8,8,1,7,0.875,0.75,0.794,7,8,9,0.889
1300010,17014,26609,49812,8,8,1,7,0.875,0.75,0.794,7,8,9,0.889
1170521,10785,10875,28474,8,8,2,6,0.75,0.5,0.794,7,8,9,0.889
1203002,18762,18764,40915,9,9,2,7,0.7778,0.5556,0.792,8,8,9,0.889
1032627,345249,345246,8502,12,12,1,11,0.9167,0.8333,0.778,11,8,9,0.889
1216308,10667,10747,42207,8,8,1,7,0.875,0.75,0.778,7,8,9,0.889
1135988,11963,10230,30388,6,6,1,5,0.8333,0.6667,0.778,5,8,9,0.889
1034188,294076,309758,8709,9,9,2,7,0.7778,0.5556,0.778,8,8,9,0.889
1044960,344337,343441,9115,9,9,2,7,0.7778,0.5556,0.778,8,8,9,0.889
1035835,336319,336316,8468,8,8,1,7,0.875,0.75,0.762,7,8,9,0.889
1225777,91487,91488,43708,7,7,1,6,0.8571,0.7143,0.759,6,8,9,0.889
1232483,,535979,22217,10,7,0,7,1.0,1.0,0.753,9,8,9,0.889
1103113,140795,140490,23314,10,10,2,8,0.8,0.6,0.753,9,8,9,0.889
1022741,344333,344334,6060,9,9,1,8,0.8889,0.7778,0.75,8,8,9,0.889
1134141,384796,384797,4229,11,11,2,9,0.8182,0.6364,0.744,10,8,9,0.889
1218201,12077,12124,42435,4,4,1,3,0.75,0.5,0.741,3,8,9,0.889
1097145,,536190,22226,10,8,0,8,1.0,1.0,0.728,9,8,9,0.889
1232507,,535979,22217,10,7,0,7,1.0,1.0,0.728,9,8,9,0.889
1097124,,535979,22217,10,7,0,7,1.0,1.0,0.728,9,8,9,0.889
1179080,25468,13592,16357,11,11,1,10,0.9091,0.8182,0.722,10,8,9,0.889
1005867,87003,5586,1817,5,5,1,4,0.8,0.6,0.722,4,8,9,0.889
1121787,24781,24770,26333,7,7,1,6,0.8571,0.7143,1.0,6,7,9,0.778
1001991,19820,356,439,6,6,1,5,0.8333,0.6667,1.0,5,7,9,0.778
1301084,7012,22594,28026,6,6,1,5,0.8333,0.6667,1.0,5,7,9,0.778
1147453,83806,2512,32259,6,6,1,5,0.8333,0.6667,1.0,5,7,9,0.778
1180700,121579,121580,37648,6,6,1,5,0.8333,0.6667,1.0,5,7,9,0.778
1045845,69092,53090,10281,5,5,1,4,0.8,0.6,1.0,4,7,9,0.778
1068354,74524,5787,13236,5,5,1,4,0.8,0.6,1.0,4,7,9,0.778
1282042,16738,16725,48553,5,5,1,4,0.8,0.6,1.0,4,7,9,0.778
1131094,21653,21657,28785,4,4,1,3,0.75,0.5,1.0,3,7,9,0.778
1167374,18684,18671,35111,4,4,1,3,0.75,0.5,1.0,3,7,9,0.778
1175042,3367,15428,36320,4,4,1,3,0.75,0.5,1.0,3,7,9,0.778
1185352,27453,38407,38145,4,4,1,3,0.75,0.5,1.0,3,7,9,0.778
1105738,1676,1679,23898,4,4,1,3,0.75,0.5,0.963,3,7,9,0.778
1185133,19119,19185,37825,7,7,1,6,0.8571,0.7143,0.944,6,7,9,0.778
1266472,10169,24057,45272,7,7,1,6,0.8571,0.7143,0.889,6,7,9,0.778
1095731,190079,19285,21880,5,5,1,4,0.8,0.6,0.889,4,7,9,0.778
1180329,12441,12398,36632,5,5,1,4,0.8,0.6,0.889,4,7,9,0.778
1171473,1094,20001,28770,4,4,1,3,0.75,0.5,0.889,3,7,9,0.778
1028624,16206,16233,7391,7,7,1,6,0.8571,0.7143,0.87,6,7,9,0.778
1065075,345362,345359,3975,13,13,2,9,0.6923,0.5385,0.87,12,7,9,0.778
1065076,345360,345359,3975,13,13,2,9,0.6923,0.5385,0.87,12,7,9,0.778
1054641,345362,345359,3975,13,13,2,9,0.6923,0.5385,0.87,12,7,9,0.778
1054677,345360,345359,3975,13,13,2,9,0.6923,0.5385,0.87,12,7,9,0.778
1287152,7976,8118,49116,6,6,1,4,0.6667,0.5,0.867,5,7,9,0.778
1233000,,506645,22974,8,7,0,6,0.8571,0.8571,0.857,7,7,9,0.778
1101528,16640,506645,22974,8,7,1,6,0.8571,0.7143,0.857,7,7,9,0.778
1232964,,536187,22246,10,7,0,7,1.0,1.0,0.84,9,7,9,0.778
1188756,20929,20938,37491,6,6,1,5,0.8333,0.6667,0.822,5,7,9,0.778
1266253,12536,12575,45193,5,5,1,4,0.8,0.6,0.806,4,7,9,0.778
1052324,18515,18596,11917,9,9,2,7,0.7778,0.5556,0.806,8,7,9,0.778
1074072,18515,18596,11917,9,9,2,7,0.7778,0.5556,0.806,8,7,9,0.778
1083927,16026,16033,18269,10,10,1,9,0.9,0.8,0.778,9,7,9,0.778
1077280,31364,27295,17740,9,9,1,8,0.8889,0.7778,0.778,8,7,9,0.778
1041470,6510,6475,9664,7,7,1,6,0.8571,0.7143,0.778,6,7,9,0.778
1145300,15976,15987,20032,7,7,1,6,0.8571,0.7143,0.778,6,7,9,0.778
1268625,11587,11596,45723,7,7,1,6,0.8571,0.7143,0.778,6,7,9,0.778
1060012,378462,378464,4283,6,6,1,5,0.8333,0.6667,0.778,5,7,9,0.778
1059150,375314,375315,13300,6,6,1,5,0.8333,0.6667,0.778,5,7,9,0.778
1097185,9673,9664,22237,6,6,1,5,0.8333,0.6667,0.778,5,7,9,0.778
1210820,10539,10621,39267,6,6,1,5,0.8333,0.6667,0.778,5,7,9,0.778
1211001,12666,12689,42013,6,6,1,5,0.8333,0.6667,0.778,5,7,9,0.778
1270739,25875,14669,46248,6,6,1,5,0.8333,0.6667,0.778,5,7,9,0.778
1003577,19694,19698,1152,5,5,1,4,0.8,0.6,0.778,4,7,9,0.778
1059061,5714,5718,13245,5,5,1,4,0.8,0.6,0.778,4,7,9,0.778
1093093,17120,17143,21195,5,5,1,4,0.8,0.6,0.778,4,7,9,0.778
1126805,25860,14692,27605,5,5,1,4,0.8,0.6,0.778,4,7,9,0.778
1057701,285120,283836,12931,7,7,1,5,0.7143,0.5714,0.778,6,7,9,0.778
1073759,370339,370341,13940,7,7,1,5,0.7143,0.5714,0.778,6,7,9,0.778
1127462,3102,3106,27850,9,9,2,7,0.7778,0.5556,0.778,8,7,9,0.778
1146625,3102,3106,27850,9,9,2,7,0.7778,0.5556,0.778,8,7,9,0.778
1227472,23262,8763,44065,9,9,2,7,0.7778,0.5556,0.778,8,7,9,0.778
1306056,7555,7733,6343,6,6,1,4,0.6667,0.5,0.778,5,7,9,0.778
1144536,178567,238075,31690,4,4,1,3,0.75,0.5,0.778,3,7,9,0.778
1307755,7717,7734,51263,4,4,1,3,0.75,0.5,0.778,3,7,9,0.778
1136237,24826,12048,30488,9,9,1,8,0.8889,0.7778,0.764,8,7,9,0.778
1267906,8976,8949,2655,6,6,1,4,0.6667,0.5,0.756,5,7,9,0.778
1077500,18273,27119,17798,5,5,1,4,0.8,0.6,0.75,4,7,9,0.778
1203534,7976,8028,41037,5,5,1,4,0.8,0.6,0.75,4,7,9,0.778
1232529,,506690,12829,6,5,0,5,1.0,1.0,0.744,5,7,9,0.778
1010846,11453,11362,3083,10,10,1,9,0.9,0.8,0.741,9,7,9,0.778
1082996,17486,17426,11853,10,10,1,9,0.9,0.8,0.741,9,7,9,0.778
1002666,19835,418,348,4,4,1,3,0.75,0.5,0.741,3,7,9,0.778
1007841,681,689,2464,4,4,1,3,0.75,0.5,0.741,3,7,9,0.778
1083587,26149,15607,17985,6,6,1,5,0.8333,0.6667,0.733,5,7,9,0.778
1154281,2408,473020,25969,9,9,1,8,0.8889,0.7778,0.722,8,7,9,0.778
1187034,259527,330875,16512,5,5,1,4,0.8,0.6,0.722,4,7,9,0.778
1281144,10785,10875,28474,8,8,2,6,0.75,0.5,0.714,7,7,9,0.778
1128252,10797,10774,28166,6,6,1,5,0.8333,0.6667,0.711,5,7,9,0.778
1289590,23930,9965,46848,6,6,1,4,0.6667,0.5,0.711,5,7,9,0.778
1279507,26765,17535,42158,9,9,2,7,0.7778,0.5556,0.708,8,7,9,0.778
