BADGE,CURRENT_TRANSFORMER,RECOMMENDED_TRANSFORMER,CLUSTER,CLUSTER_SIZE,MAPPED_PEERS,CURRENT_VOTES,MAJORITY_VOTES,MAJORITY_SHARE,CONFIDENCE_GAP,PEER_STABILITY,PEERS_CONSIDERED,TIMES_RECOMMENDED,BADGE_N_RUNS,RECOMMENDATION_STABILITY
1257453,,27371,17228,9,8,0,8,1.0,1.0,1.0,8,9,9,1.0
1232465,,525844,9821,8,7,0,7,1.0,1.0,1.0,7,9,9,1.0
1232532,,506639,2690,7,6,0,6,1.0,1.0,1.0,6,9,9,1.0
1232538,,536367,30851,7,6,0,6,1.0,1.0,1.0,6,9,9,1.0
1232979,,384663,4907,6,5,0,5,1.0,1.0,1.0,5,9,9,1.0
1232467,,497070,26053,6,5,0,5,1.0,1.0,1.0,5,9,9,1.0
1257706,,23720,12534,5,4,0,4,1.0,1.0,1.0,4,9,9,1.0
1097161,,537121,15850,6,4,0,4,1.0,1.0,1.0,5,9,9,1.0
1233002,,537121,15850,6,4,0,4,1.0,1.0,1.0,5,9,9,1.0
1096654,,536699,22071,6,4,0,4,1.0,1.0,1.0,5,9,9,1.0
1232993,,536699,22071,6,4,0,4,1.0,1.0,1.0,5,9,9,1.0
1240541,,536734,44623,6,4,0,4,1.0,1.0,1.0,5,9,9,1.0
1299377,,536734,44623,6,4,0,4,1.0,1.0,1.0,5,9,9,1.0
1069017,,20540,15495,4,3,0,3,1.0,1.0,1.0,3,9,9,1.0
1232505,,535483,26036,5,3,0,3,1.0,1.0,1.0,4,9,9,1.0
1232552,,535483,26036,5,3,0,3,1.0,1.0,1.0,4,9,9,1.0
1280972,,428,648,3,2,0,2,1.0,1.0,1.0,2,9,9,1.0
1130929,,62688,17123,3,2,0,2,1.0,1.0,1.0,2,9,9,1.0
1074805,,4623,17201,3,2,0,2,1.0,1.0,1.0,2,9,9,1.0
1062586,,1532,14419,2,1,0,1,1.0,1.0,1.0,1,9,9,1.0
1169183,,20955,35528,2,1,0,1,1.0,1.0,1.0,1,9,9,1.0
1257712,,7913,44572,2,1,0,1,1.0,1.0,1.0,1,9,9,1.0
1257596,,476,44897,2,1,0,1,1.0,1.0,1.0,1,9,9,1.0
1257653,,14180,44909,2,1,0,1,1.0,1.0,1.0,1,9,9,1.0
1113152,25813,14647,25080,14,14,1,13,0.9286,0.8571,1.0,13,9,9,1.0
1000727,221438,5576,59,13,13,1,12,0.9231,0.8462,1.0,12,9,9,1.0
1035302,286723,286724,3105,13,13,1,12,0.9231,0.8462,1.0,12,9,9,1.0
1090506,1307,1332,13456,12,12,1,11,0.9167,0.8333,1.0,11,9,9,1.0
1007408,10755,24394,855,11,11,1,10,0.9091,0.8182,1.0,10,9,9,1.0
1011409,6657,6551,1265,11,11,1,10,0.9091,0.8182,1.0,10,9,9,1.0
1300735,22426,6716,50217,11,11,1,10,0.9091,0.8182,1.0,10,9,9,1.0
1005541,280,294,486,10,10,1,9,0.9,0.8,1.0,9,9,9,1.0
1303089,5146,5165,1928,10,10,1,9,0.9,0.8,1.0,9,9,9,1.0
1096135,375313,375310,4893,10,10,1,9,0.9,0.8,1.0,9,9,9,1.0
1056582,376047,376048,7462,10,10,1,9,0.9,0.8,1.0,9,9,9,1.0
1128856,11940,11955,12030,10,10,1,9,0.9,0.8,1.0,9,9,9,1.0
1060487,370188,370187,12044,10,10,1,9,0.9,0.8,1.0,9,9,9,1.0
1079334,16151,16123,13784,10,10,1,9,0.9,0.8,1.0,9,9,9,1.0
1304023,22626,7050,29645,10,10,1,9,0.9,0.8,1.0,9,9,9,1.0
1145057,14487,14481,30667,10,10,1,9,0.9,0.8,1.0,9,9,9,1.0
1276470,93728,93727,30983,10,10,1,9,0.9,0.8,1.0,9,9,9,1.0
1189188,4310,4297,35101,10,10,1,9,0.9,0.8,1.0,9,9,9,1.0
1275629,23470,9007,42314,10,10,1,9,0.9,0.8,1.0,9,9,9,1.0
1097193,,391152,22008,6,5,0,4,0.8,0.8,1.0,5,9,9,1.0
1001688,327,322,528,9,9,1,8,0.8889,0.7778,1.0,8,9,9,1.0
1004441,9224,23592,1471,9,9,1,8,0.8889,0.7778,1.0,8,9,9,1.0
1025076,10149,10140,1698,9,9,1,8,0.8889,0.7778,1.0,8,9,9,1.0
1005587,11328,11397,1841,9,9,1,8,0.8889,0.7778,1.0,8,9,9,1.0
1018997,22934,22944,5093,9,9,1,8,0.8889,0.7778,1.0,8,9,9,1.0
1024053,23997,23979,6397,9,9,1,8,0.8889,0.7778,1.0,8,9,9,1.0
1034362,159048,159049,8883,9,9,1,8,0.8889,0.7778,1.0,8,9,9,1.0
1039816,23622,23608,9957,9,9,1,8,0.8889,0.7778,1.0,8,9,9,1.0
1044203,343808,343807,11027,9,9,1,8,0.8889,0.7778,1.0,8,9,9,1.0
1045563,8972,8941,11268,9,9,1,8,0.8889,0.7778,1.0,8,9,9,1.0
1048004,349595,349596,11703,9,9,1,8,0.8889,0.7778,1.0,8,9,9,1.0
1057063,175356,172500,12793,9,9,1,8,0.8889,0.7778,1.0,8,9,9,1.0
1079095,5431,5428,15855,9,9,1,8,0.8889,0.7778,1.0,8,9,9,1.0
1282485,27349,19389,16048,9,9,1,8,0.8889,0.7778,1.0,8,9,9,1.0
1071231,27374,27382,16095,9,9,1,8,0.8889,0.7778,1.0,8,9,9,1.0
1076760,145602,130227,17633,9,9,1,8,0.8889,0.7778,1.0,8,9,9,1.0
1089109,14423,14385,19761,9,9,1,8,0.8889,0.7778,1.0,8,9,9,1.0
1116653,13710,13656,20481,9,9,1,8,0.8889,0.7778,1.0,8,9,9,1.0
1119059,10750,429852,21973,9,9,1,8,0.8889,0.7778,1.0,8,9,9,1.0
1123978,12282,12286,26217,9,9,1,8,0.8889,0.7778,1.0,8,9,9,1.0
1189766,4538,4532,30767,9,9,1,8,0.8889,0.7778,1.0,8,9,9,1.0
1157830,17404,17344,33488,9,9,1,8,0.8889,0.7778,1.0,8,9,9,1.0
1164250,3234,21246,34469,9,9,1,8,0.8889,0.7778,1.0,8,9,9,1.0
1277226,79004,93724,47327,9,9,1,8,0.8889,0.7778,1.0,8,9,9,1.0
1005526,351,347,438,8,8,1,7,0.875,0.75,1.0,7,9,9,1.0
1005076,11956,24827,1116,8,8,1,7,0.875,0.75,1.0,7,9,9,1.0
1004836,9983,23915,1615,8,8,1,7,0.875,0.75,1.0,7,9,9,1.0
1119481,396227,430002,1650,8,8,1,7,0.875,0.75,1.0,7,9,9,1.0
1006685,23950,23909,2040,8,8,1,7,0.875,0.75,1.0,7,9,9,1.0
1025254,12705,25132,2351,8,8,1,7,0.875,0.75,1.0,7,9,9,1.0
1023258,145275,235200,3184,8,8,1,7,0.875,0.75,1.0,7,9,9,1.0
1132993,278401,168318,3967,8,8,1,7,0.875,0.75,1.0,7,9,9,1.0
1013186,375723,23402,4008,8,8,1,7,0.875,0.75,1.0,7,9,9,1.0
1270148,1870,378268,4062,8,8,1,7,0.875,0.75,1.0,7,9,9,1.0
1015390,350091,350092,4063,8,8,1,7,0.875,0.75,1.0,7,9,9,1.0
1095103,390688,390689,4452,8,8,1,7,0.875,0.75,1.0,7,9,9,1.0
1135976,195839,263050,4830,8,8,1,7,0.875,0.75,1.0,7,9,9,1.0
1020669,9073,9027,5518,8,8,1,7,0.875,0.75,1.0,7,9,9,1.0
1022790,449229,449228,6088,8,8,1,7,0.875,0.75,1.0,7,9,9,1.0
1040672,22392,22423,7206,8,8,1,7,0.875,0.75,1.0,7,9,9,1.0
1041457,6408,6372,8288,8,8,1,7,0.875,0.75,1.0,7,9,9,1.0
1037994,6431,6381,8317,8,8,1,7,0.875,0.75,1.0,7,9,9,1.0
1032790,370316,370315,8540,8,8,1,7,0.875,0.75,1.0,7,9,9,1.0
1037142,23585,9300,9487,8,8,1,7,0.875,0.75,1.0,7,9,9,1.0
1057413,14138,20530,12867,8,8,1,7,0.875,0.75,1.0,7,9,9,1.0
1059836,22069,22066,13113,8,8,1,7,0.875,0.75,1.0,7,9,9,1.0
1061976,21998,21995,13288,8,8,1,7,0.875,0.75,1.0,7,9,9,1.0
1059849,94047,3371,13710,8,8,1,7,0.875,0.75,1.0,7,9,9,1.0
1083674,26240,26239,13755,8,8,1,7,0.875,0.75,1.0,7,9,9,1.0
1068313,384031,383573,15340,8,8,1,7,0.875,0.75,1.0,7,9,9,1.0
1079891,26311,26310,16677,8,8,1,7,0.875,0.75,1.0,7,9,9,1.0
1093244,18022,26992,18231,8,8,1,7,0.875,0.75,1.0,7,9,9,1.0
1088661,14558,14744,19783,8,8,1,7,0.875,0.75,1.0,7,9,9,1.0
1096000,390699,396060,21682,8,8,1,7,0.875,0.75,1.0,7,9,9,1.0
1132492,391359,391357,21789,8,8,1,7,0.875,0.75,1.0,7,9,9,1.0
1124384,2431,2452,22024,8,8,1,7,0.875,0.75,1.0,7,9,9,1.0
1183770,280966,24453,22068,8,8,1,7,0.875,0.75,1.0,7,9,9,1.0
1147446,2833,20942,25174,8,8,1,7,0.875,0.75,1.0,7,9,9,1.0
1119131,425115,429851,25978,8,8,1,7,0.875,0.75,1.0,7,9,9,1.0
1123083,25391,13336,26680,8,8,1,7,0.875,0.75,1.0,7,9,9,1.0
1127612,21407,21400,27913,8,8,1,7,0.875,0.75,1.0,7,9,9,1.0
1286232,20421,20440,27939,8,8,1,7,0.875,0.75,1.0,7,9,9,1.0
1154340,17363,17409,28114,8,8,1,7,0.875,0.75,1.0,7,9,9,1.0
1299023,7285,7306,28394,8,8,1,7,0.875,0.75,1.0,7,9,9,1.0
1283075,7359,7373,28407,8,8,1,7,0.875,0.75,1.0,7,9,9,1.0
1282871,153292,2112,28788,8,8,1,7,0.875,0.75,1.0,7,9,9,1.0
1303867,6910,6890,29929,8,8,1,7,0.875,0.75,1.0,7,9,9,1.0
1136190,8501,8681,30462,8,8,1,7,0.875,0.75,1.0,7,9,9,1.0
1298458,21703,4923,30834,8,8,1,7,0.875,0.75,1.0,7,9,9,1.0
1152942,19438,27362,32895,8,8,1,7,0.875,0.75,1.0,7,9,9,1.0
1156715,84768,20436,33740,8,8,1,7,0.875,0.75,1.0,7,9,9,1.0
1183710,26015,2943,37807,8,8,1,7,0.875,0.75,1.0,7,9,9,1.0
1207682,12416,12485,39534,8,8,1,7,0.875,0.75,1.0,7,9,9,1.0
1210400,13487,25423,41521,8,8,1,7,0.875,0.75,1.0,7,9,9,1.0
1223022,11180,11192,41716,8,8,1,7,0.875,0.75,1.0,7,9,9,1.0
1287212,4636,4618,42106,8,8,1,7,0.875,0.75,1.0,7,9,9,1.0
1219898,18564,18543,42884,8,8,1,7,0.875,0.75,1.0,7,9,9,1.0
1227480,23228,23262,44066,8,8,1,7,0.875,0.75,1.0,7,9,9,1.0
1285887,9398,9369,45209,8,8,1,7,0.875,0.75,1.0,7,9,9,1.0
1301538,6101,6173,46498,8,8,1,7,0.875,0.75,1.0,7,9,9,1.0
1297867,7642,22847,49651,8,8,1,7,0.875,0.75,1.0,7,9,9,1.0
1000970,10502,24265,260,7,7,1,6,0.8571,0.7143,1.0,6,9,9,1.0
1001938,157,205,366,7,7,1,6,0.8571,0.7143,1.0,6,9,9,1.0
1127600,178568,272956,684,7,7,1,6,0.8571,0.7143,1.0,6,9,9,1.0
1011260,30683,30685,749,7,7,1,6,0.8571,0.7143,1.0,6,9,9,1.0
1027818,8288,8252,834,7,7,1,6,0.8571,0.7143,1.0,6,9,9,1.0
1003542,11956,11954,1130,7,7,1,6,0.8571,0.7143,1.0,6,9,9,1.0
1004359,13274,13311,1286,7,7,1,6,0.8571,0.7143,1.0,6,9,9,1.0
1055107,7510,7465,1712,7,7,1,6,0.8571,0.7143,1.0,6,9,9,1.0
1010338,10837,24388,1731,7,7,1,6,0.8571,0.7143,1.0,6,9,9,1.0
1148232,25871,25840,1935,7,7,1,6,0.8571,0.7143,1.0,6,9,9,1.0
1014398,405742,425118,2100,7,7,1,6,0.8571,0.7143,1.0,6,9,9,1.0
1006593,10102,10136,2131,7,7,1,6,0.8571,0.7143,1.0,6,9,9,1.0
1014643,129261,129264,2227,7,7,1,6,0.8571,0.7143,1.0,6,9,9,1.0
1007797,24101,24086,2268,7,7,1,6,0.8571,0.7143,1.0,6,9,9,1.0
1012911,11732,11740,2667,7,7,1,6,0.8571,0.7143,1.0,6,9,9,1.0
1053916,22886,7845,3455,7,7,1,6,0.8571,0.7143,1.0,6,9,9,1.0
1097379,377867,377857,3768,7,7,1,6,0.8571,0.7143,1.0,6,9,9,1.0
1013177,38079,68771,4001,7,7,1,6,0.8571,0.7143,1.0,6,9,9,1.0
1013554,389921,389920,4118,7,7,1,6,0.8571,0.7143,1.0,6,9,9,1.0
1074775,25510,13671,4815,7,7,1,6,0.8571,0.7143,1.0,6,9,9,1.0
1027601,7929,7967,5266,7,7,1,6,0.8571,0.7143,1.0,6,9,9,1.0
1023636,158080,158079,5505,7,7,1,6,0.8571,0.7143,1.0,6,9,9,1.0
1227439,23252,23245,5586,7,7,1,6,0.8571,0.7143,1.0,6,9,9,1.0
1024549,9032,23468,5592,7,7,1,6,0.8571,0.7143,1.0,6,9,9,1.0
1024210,10859,24430,6431,7,7,1,6,0.8571,0.7143,1.0,6,9,9,1.0
1029825,6961,6960,7100,7,7,1,6,0.8571,0.7143,1.0,6,9,9,1.0
1081570,13887,13880,7353,7,7,1,6,0.8571,0.7143,1.0,6,9,9,1.0
1063504,370574,370573,7411,7,7,1,6,0.8571,0.7143,1.0,6,9,9,1.0
1042033,22799,7498,7705,7,7,1,6,0.8571,0.7143,1.0,6,9,9,1.0
1041818,7773,7723,8245,7,7,1,6,0.8571,0.7143,1.0,6,9,9,1.0
1040772,22516,6911,8563,7,7,1,6,0.8571,0.7143,1.0,6,9,9,1.0
1033024,22498,6859,8595,7,7,1,6,0.8571,0.7143,1.0,6,9,9,1.0
1034520,7732,7713,8599,7,7,1,6,0.8571,0.7143,1.0,6,9,9,1.0
1035593,376893,376892,9159,7,7,1,6,0.8571,0.7143,1.0,6,9,9,1.0
1036052,77723,77724,9249,7,7,1,6,0.8571,0.7143,1.0,6,9,9,1.0
1038244,375004,375005,9456,7,7,1,6,0.8571,0.7143,1.0,6,9,9,1.0
1037027,226242,256640,9465,7,7,1,6,0.8571,0.7143,1.0,6,9,9,1.0
1053650,22561,22550,9603,7,7,1,6,0.8571,0.7143,1.0,6,9,9,1.0
1038005,6552,6510,9658,7,7,1,6,0.8571,0.7143,1.0,6,9,9,1.0
1042231,118715,118714,10497,7,7,1,6,0.8571,0.7143,1.0,6,9,9,1.0
1041985,375407,370511,10547,7,7,1,6,0.8571,0.7143,1.0,6,9,9,1.0
1042059,375410,375406,10550,7,7,1,6,0.8571,0.7143,1.0,6,9,9,1.0
1048010,40608,40606,10760,7,7,1,6,0.8571,0.7143,1.0,6,9,9,1.0
1058465,350255,350254,11181,7,7,1,6,0.8571,0.7143,1.0,6,9,9,1.0
1060281,192316,323837,11728,7,7,1,6,0.8571,0.7143,1.0,6,9,9,1.0
1082229,14063,14027,11972,7,7,1,6,0.8571,0.7143,1.0,6,9,9,1.0
1186871,47004,75492,13465,7,7,1,6,0.8571,0.7143,1.0,6,9,9,1.0
1155450,18933,18959,13662,7,7,1,6,0.8571,0.7143,1.0,6,9,9,1.0
1061126,293758,344470,14076,7,7,1,6,0.8571,0.7143,1.0,6,9,9,1.0
1068352,280958,280957,14711,7,7,1,6,0.8571,0.7143,1.0,6,9,9,1.0
1123127,20017,12867,14781,7,7,1,6,0.8571,0.7143,1.0,6,9,9,1.0
1068133,5762,5763,14881,7,7,1,6,0.8571,0.7143,1.0,6,9,9,1.0
1121062,19426,21806,15376,7,7,1,6,0.8571,0.7143,1.0,6,9,9,1.0
1069859,19297,19282,15530,7,7,1,6,0.8571,0.7143,1.0,6,9,9,1.0
1222120,4728,21656,15957,7,7,1,6,0.8571,0.7143,1.0,6,9,9,1.0
1079881,26321,26325,16046,7,7,1,6,0.8571,0.7143,1.0,6,9,9,1.0
1076678,284157,284155,17607,7,7,1,6,0.8571,0.7143,1.0,6,9,9,1.0
1077951,129905,129908,17883,7,7,1,6,0.8571,0.7143,1.0,6,9,9,1.0
1099551,26361,26356,18054,7,7,1,6,0.8571,0.7143,1.0,6,9,9,1.0
1079832,26327,26329,18276,7,7,1,6,0.8571,0.7143,1.0,6,9,9,1.0
1157398,2178,20439,19224,7,7,1,6,0.8571,0.7143,1.0,6,9,9,1.0
1083679,14353,14325,19376,7,7,1,6,0.8571,0.7143,1.0,6,9,9,1.0
1084101,13537,13541,19506,7,7,1,6,0.8571,0.7143,1.0,6,9,9,1.0
1088709,14708,14733,19796,7,7,1,6,0.8571,0.7143,1.0,6,9,9,1.0
1220516,17999,17992,20250,7,7,1,6,0.8571,0.7143,1.0,6,9,9,1.0
1220508,26970,17999,20253,7,7,1,6,0.8571,0.7143,1.0,6,9,9,1.0
1092652,18357,18320,20502,7,7,1,6,0.8571,0.7143,1.0,6,9,9,1.0
1091348,13566,13550,20606,7,7,1,6,0.8571,0.7143,1.0,6,9,9,1.0
1186343,19553,19558,20983,7,7,1,6,0.8571,0.7143,1.0,6,9,9,1.0
1092617,26866,17780,21051,7,7,1,6,0.8571,0.7143,1.0,6,9,9,1.0
1110144,14092,14057,21686,7,7,1,6,0.8571,0.7143,1.0,6,9,9,1.0
1137506,11928,11940,21858,7,7,1,6,0.8571,0.7143,1.0,6,9,9,1.0
1118612,396082,396084,21995,7,7,1,6,0.8571,0.7143,1.0,6,9,9,1.0
1099261,71649,71653,22485,7,7,1,6,0.8571,0.7143,1.0,6,9,9,1.0
1112860,19284,19325,25028,7,7,1,6,0.8571,0.7143,1.0,6,9,9,1.0
1142805,14125,25615,25512,7,7,1,6,0.8571,0.7143,1.0,6,9,9,1.0
1121489,535612,1044,26237,7,7,1,6,0.8571,0.7143,1.0,6,9,9,1.0
1171159,1074,1087,26361,7,7,1,6,0.8571,0.7143,1.0,6,9,9,1.0
1122344,25105,25096,26464,7,7,1,6,0.8571,0.7143,1.0,6,9,9,1.0
1205608,1420,1418,27196,7,7,1,6,0.8571,0.7143,1.0,6,9,9,1.0
1125885,1854,1835,27335,7,7,1,6,0.8571,0.7143,1.0,6,9,9,1.0
1305079,22092,5965,27730,7,7,1,6,0.8571,0.7143,1.0,6,9,9,1.0
1127791,396123,1925,28031,7,7,1,6,0.8571,0.7143,1.0,6,9,9,1.0
1286627,22622,22618,28255,7,7,1,6,0.8571,0.7143,1.0,6,9,9,1.0
1270836,9255,104285,28312,7,7,1,6,0.8571,0.7143,1.0,6,9,9,1.0
1229664,11157,11197,28525,7,7,1,6,0.8571,0.7143,1.0,6,9,9,1.0
1143839,25824,25865,28714,7,7,1,6,0.8571,0.7143,1.0,6,9,9,1.0
1282001,16936,16952,29357,7,7,1,6,0.8571,0.7143,1.0,6,9,9,1.0
1133502,6037,22138,29675,7,7,1,6,0.8571,0.7143,1.0,6,9,9,1.0
1199291,9863,9818,30177,7,7,1,6,0.8571,0.7143,1.0,6,9,9,1.0
1137838,27365,27366,30874,7,7,1,6,0.8571,0.7143,1.0,6,9,9,1.0
1306808,4561,21606,30886,7,7,1,6,0.8571,0.7143,1.0,6,9,9,1.0
1146908,2611,20782,32162,7,7,1,6,0.8571,0.7143,1.0,6,9,9,1.0
1227299,24242,24251,33127,7,7,1,6,0.8571,0.7143,1.0,6,9,9,1.0
1184861,18887,18924,35018,7,7,1,6,0.8571,0.7143,1.0,6,9,9,1.0
1175982,20667,243842,36596,7,7,1,6,0.8571,0.7143,1.0,6,9,9,1.0
1219570,3968,3979,37929,7,7,1,6,0.8571,0.7143,1.0,6,9,9,1.0
1185893,19574,19576,38274,7,7,1,6,0.8571,0.7143,1.0,6,9,9,1.0
1189785,4444,4431,38359,7,7,1,6,0.8571,0.7143,1.0,6,9,9,1.0
1199709,10006,23941,40291,7,7,1,6,0.8571,0.7143,1.0,6,9,9,1.0
1216110,279080,279079,42114,7,7,1,6,0.8571,0.7143,1.0,6,9,9,1.0
1218487,11743,11722,42662,7,7,1,6,0.8571,0.7143,1.0,6,9,9,1.0
1227147,8899,8950,43918,7,7,1,6,0.8571,0.7143,1.0,6,9,9,1.0
1228162,23637,23618,44193,7,7,1,6,0.8571,0.7143,1.0,6,9,9,1.0
1277636,1785,20265,46081,7,7,1,6,0.8571,0.7143,1.0,6,9,9,1.0
1274081,9643,9606,46686,7,7,1,6,0.8571,0.7143,1.0,6,9,9,1.0
1276039,6536,6512,46951,7,7,1,6,0.8571,0.7143,1.0,6,9,9,1.0
1276081,7422,7463,46966,7,7,1,6,0.8571,0.7143,1.0,6,9,9,1.0
1306900,8558,8565,47482,7,7,1,6,0.8571,0.7143,1.0,6,9,9,1.0
1278845,7215,7213,47704,7,7,1,6,0.8571,0.7143,1.0,6,9,9,1.0
1279649,7455,7452,47929,7,7,1,6,0.8571,0.7143,1.0,6,9,9,1.0
1298510,22694,7299,48050,7,7,1,6,0.8571,0.7143,1.0,6,9,9,1.0
1286109,19360,19327,48590,7,7,1,6,0.8571,0.7143,1.0,6,9,9,1.0
1282451,19381,19380,48655,7,7,1,6,0.8571,0.7143,1.0,6,9,9,1.0
1298781,19551,19536,48694,7,7,1,6,0.8571,0.7143,1.0,6,9,9,1.0
1282963,187516,207677,48743,7,7,1,6,0.8571,0.7143,1.0,6,9,9,1.0
1298281,7455,7489,48989,7,7,1,6,0.8571,0.7143,1.0,6,9,9,1.0
1286637,22394,22382,49022,7,7,1,6,0.8571,0.7143,1.0,6,9,9,1.0
1288563,22628,22634,49308,7,7,1,6,0.8571,0.7143,1.0,6,9,9,1.0
1309319,7477,7468,49719,7,7,1,6,0.8571,0.7143,1.0,6,9,9,1.0
1300154,8764,8775,50108,7,7,1,6,0.8571,0.7143,1.0,6,9,9,1.0
1310666,22126,6042,50854,7,7,1,6,0.8571,0.7143,1.0,6,9,9,1.0
1306084,23058,23074,51110,7,7,1,6,0.8571,0.7143,1.0,6,9,9,1.0
1310995,22130,6040,51820,7,7,1,6,0.8571,0.7143,1.0,6,9,9,1.0
1249892,310077,343405,3980,13,13,2,11,0.8462,0.6923,1.0,12,9,9,1.0
1261263,310077,343405,3980,13,13,2,11,0.8462,0.6923,1.0,12,9,9,1.0
1158399,3869,3906,30679,13,13,2,11,0.8462,0.6923,1.0,12,9,9,1.0
1158383,3869,3906,30679,13,13,2,11,0.8462,0.6923,1.0,12,9,9,1.0
1146024,14724,25873,31991,9,9,1,7,0.7778,0.6667,1.0,8,9,9,1.0
1146055,25813,25873,31991,9,9,1,7,0.7778,0.6667,1.0,8,9,9,1.0
1158516,17241,17203,34014,9,9,1,7,0.7778,0.6667,1.0,8,9,9,1.0
1237748,17247,17203,34014,9,9,1,7,0.7778,0.6667,1.0,8,9,9,1.0
1186373,19561,19566,38352,9,9,1,7,0.7778,0.6667,1.0,8,9,9,1.0
1186332,27437,19566,38352,9,9,1,7,0.7778,0.6667,1.0,8,9,9,1.0
1304323,19707,19702,147,6,6,1,5,0.8333,0.6667,1.0,5,9,9,1.0
1003705,19681,19683,166,6,6,1,5,0.8333,0.6667,1.0,5,9,9,1.0
1003659,302,298,187,6,6,1,5,0.8333,0.6667,1.0,5,9,9,1.0
1000836,19677,19676,193,6,6,1,5,0.8333,0.6667,1.0,5,9,9,1.0
1001994,327,342,526,6,6,1,5,0.8333,0.6667,1.0,5,9,9,1.0
1001578,9403,19852,534,6,6,1,5,0.8333,0.6667,1.0,5,9,9,1.0
1002612,24265,10453,987,6,6,1,5,0.8333,0.6667,1.0,5,9,9,1.0
1002678,17682,17646,1051,6,6,1,5,0.8333,0.6667,1.0,5,9,9,1.0
1231809,19702,19693,1163,6,6,1,5,0.8333,0.6667,1.0,5,9,9,1.0
1025449,24846,24837,1356,6,6,1,5,0.8333,0.6667,1.0,5,9,9,1.0
1004281,22789,7486,1405,6,6,1,5,0.8333,0.6667,1.0,5,9,9,1.0
1004581,23048,23066,1500,6,6,1,5,0.8333,0.6667,1.0,5,9,9,1.0
1006545,9651,9637,1774,6,6,1,5,0.8333,0.6667,1.0,5,9,9,1.0
1009014,24254,10571,2069,6,6,1,5,0.8333,0.6667,1.0,5,9,9,1.0
1006359,10593,10532,2079,6,6,1,5,0.8333,0.6667,1.0,5,9,9,1.0
1021215,12214,12271,2191,6,6,1,5,0.8333,0.6667,1.0,5,9,9,1.0
1257381,63655,3533,2325,6,6,1,5,0.8333,0.6667,1.0,5,9,9,1.0
1010385,49568,35177,2860,6,6,1,5,0.8333,0.6667,1.0,5,9,9,1.0
1010609,79969,79968,3033,6,6,1,5,0.8333,0.6667,1.0,5,9,9,1.0
1027467,24072,24044,3167,6,6,1,5,0.8333,0.6667,1.0,5,9,9,1.0
1054104,88287,88286,3335,6,6,1,5,0.8333,0.6667,1.0,5,9,9,1.0
1011673,6780,6741,3449,6,6,1,5,0.8333,0.6667,1.0,5,9,9,1.0
1011863,376717,376718,3499,6,6,1,5,0.8333,0.6667,1.0,5,9,9,1.0
1036357,22540,22526,3549,6,6,1,5,0.8333,0.6667,1.0,5,9,9,1.0
1012844,6909,6970,3766,6,6,1,5,0.8333,0.6667,1.0,5,9,9,1.0
1144593,2896,21025,4077,6,6,1,5,0.8333,0.6667,1.0,5,9,9,1.0
1059113,383807,383787,4222,6,6,1,5,0.8333,0.6667,1.0,5,9,9,1.0
1124193,932,942,4685,6,6,1,5,0.8333,0.6667,1.0,5,9,9,1.0
1059542,384084,384085,4731,6,6,1,5,0.8333,0.6667,1.0,5,9,9,1.0
1158259,17307,17357,4766,6,6,1,5,0.8333,0.6667,1.0,5,9,9,1.0
1088800,26160,15688,4816,6,6,1,5,0.8333,0.6667,1.0,5,9,9,1.0
1027851,23639,9317,5380,6,6,1,5,0.8333,0.6667,1.0,5,9,9,1.0
1023650,23134,8466,5408,6,6,1,5,0.8333,0.6667,1.0,5,9,9,1.0
1020353,8923,9019,5451,6,6,1,5,0.8333,0.6667,1.0,5,9,9,1.0
1020879,23690,23710,5452,6,6,1,5,0.8333,0.6667,1.0,5,9,9,1.0
1027073,8757,8708,5550,6,6,1,5,0.8333,0.6667,1.0,5,9,9,1.0
1026304,13088,13016,5726,6,6,1,5,0.8333,0.6667,1.0,5,9,9,1.0
1021570,7478,7427,5751,6,6,1,5,0.8333,0.6667,1.0,5,9,9,1.0
1021672,13223,13211,5783,6,6,1,5,0.8333,0.6667,1.0,5,9,9,1.0
1021778,36133,36134,5800,6,6,1,5,0.8333,0.6667,1.0,5,9,9,1.0
1035418,24329,10654,5810,6,6,1,5,0.8333,0.6667,1.0,5,9,9,1.0
1185358,19545,19569,6230,6,6,1,5,0.8333,0.6667,1.0,5,9,9,1.0
1093836,17861,17860,6407,6,6,1,5,0.8333,0.6667,1.0,5,9,9,1.0
1024794,16877,4497,6559,6,6,1,5,0.8333,0.6667,1.0,5,9,9,1.0
1035092,6790,22519,6875,6,6,1,5,0.8333,0.6667,1.0,5,9,9,1.0
1053661,24416,24396,6953,6,6,1,5,0.8333,0.6667,1.0,5,9,9,1.0
1029970,6382,6433,7141,6,6,1,5,0.8333,0.6667,1.0,5,9,9,1.0
1028564,375244,17083,7336,6,6,1,5,0.8333,0.6667,1.0,5,9,9,1.0
1080041,279680,26274,7383,6,6,1,5,0.8333,0.6667,1.0,5,9,9,1.0
1028620,17661,17563,7387,6,6,1,5,0.8333,0.6667,1.0,5,9,9,1.0
1068248,22420,6818,7864,6,6,1,5,0.8333,0.6667,1.0,5,9,9,1.0
1044507,7162,22635,8279,6,6,1,5,0.8333,0.6667,1.0,5,9,9,1.0
1044005,6446,6496,8472,6,6,1,5,0.8333,0.6667,1.0,5,9,9,1.0
1032886,6867,22469,8519,6,6,1,5,0.8333,0.6667,1.0,5,9,9,1.0
1041499,22435,22475,8568,6,6,1,5,0.8333,0.6667,1.0,5,9,9,1.0
1033550,349773,349776,8713,6,6,1,5,0.8333,0.6667,1.0,5,9,9,1.0
1033813,109419,109114,8762,6,6,1,5,0.8333,0.6667,1.0,5,9,9,1.0
1044551,6763,6726,8768,6,6,1,5,0.8333,0.6667,1.0,5,9,9,1.0
1133894,9112,9058,8882,6,6,1,5,0.8333,0.6667,1.0,5,9,9,1.0
1037959,6730,6770,9037,6,6,1,5,0.8333,0.6667,1.0,5,9,9,1.0
1044549,6726,6763,9038,6,6,1,5,0.8333,0.6667,1.0,5,9,9,1.0
1035839,458703,458701,9198,6,6,1,5,0.8333,0.6667,1.0,5,9,9,1.0
1041316,7835,22910,9377,6,6,1,5,0.8333,0.6667,1.0,5,9,9,1.0
1144724,13137,13124,9681,6,6,1,5,0.8333,0.6667,1.0,5,9,9,1.0
1038452,345055,354828,9767,6,6,1,5,0.8333,0.6667,1.0,5,9,9,1.0
1041935,20855,20827,10538,6,6,1,5,0.8333,0.6667,1.0,5,9,9,1.0
1042454,148182,148180,10633,6,6,1,5,0.8333,0.6667,1.0,5,9,9,1.0
1044965,148807,148804,11158,6,6,1,5,0.8333,0.6667,1.0,5,9,9,1.0
1046605,343195,350008,11471,6,6,1,5,0.8333,0.6667,1.0,5,9,9,1.0
1046808,167998,167999,11497,6,6,1,5,0.8333,0.6667,1.0,5,9,9,1.0
1047043,342716,340480,11522,6,6,1,5,0.8333,0.6667,1.0,5,9,9,1.0
1056430,201607,201608,11764,6,6,1,5,0.8333,0.6667,1.0,5,9,9,1.0
1048361,91168,91171,11777,6,6,1,5,0.8333,0.6667,1.0,5,9,9,1.0
1128504,22658,22597,11979,6,6,1,5,0.8333,0.6667,1.0,5,9,9,1.0
1181208,15982,15965,11989,6,6,1,5,0.8333,0.6667,1.0,5,9,9,1.0
1054765,143039,143038,12496,6,6,1,5,0.8333,0.6667,1.0,5,9,9,1.0
1066708,247045,247044,13202,6,6,1,5,0.8333,0.6667,1.0,5,9,9,1.0
1096902,23113,8491,13371,6,6,1,5,0.8333,0.6667,1.0,5,9,9,1.0
1146612,3108,343932,13414,6,6,1,5,0.8333,0.6667,1.0,5,9,9,1.0
1059442,12105,12188,13463,6,6,1,5,0.8333,0.6667,1.0,5,9,9,1.0
1091862,17524,17540,13650,6,6,1,5,0.8333,0.6667,1.0,5,9,9,1.0
1089381,15541,15540,13851,6,6,1,5,0.8333,0.6667,1.0,5,9,9,1.0
1060759,383565,383564,13984,6,6,1,5,0.8333,0.6667,1.0,5,9,9,1.0
1060802,87334,87333,13991,6,6,1,5,0.8333,0.6667,1.0,5,9,9,1.0
1248134,18920,18904,14107,6,6,1,5,0.8333,0.6667,1.0,5,9,9,1.0
1061408,20666,181759,14144,6,6,1,5,0.8333,0.6667,1.0,5,9,9,1.0
1065360,123180,122872,14693,6,6,1,5,0.8333,0.6667,1.0,5,9,9,1.0
1066900,133741,5660,14784,6,6,1,5,0.8333,0.6667,1.0,5,9,9,1.0
1066399,275841,275844,14910,6,6,1,5,0.8333,0.6667,1.0,5,9,9,1.0
1067144,128630,128622,14962,6,6,1,5,0.8333,0.6667,1.0,5,9,9,1.0
1068901,164798,161603,14995,6,6,1,5,0.8333,0.6667,1.0,5,9,9,1.0
1237778,156485,156484,15042,6,6,1,5,0.8333,0.6667,1.0,5,9,9,1.0
1067608,115181,115182,15187,6,6,1,5,0.8333,0.6667,1.0,5,9,9,1.0
1070505,5291,5303,15412,6,6,1,5,0.8333,0.6667,1.0,5,9,9,1.0
1078466,19311,19292,15683,6,6,1,5,0.8333,0.6667,1.0,5,9,9,1.0
1095592,5314,5284,15915,6,6,1,5,0.8333,0.6667,1.0,5,9,9,1.0
1070869,14608,14574,15926,6,6,1,5,0.8333,0.6667,1.0,5,9,9,1.0
1104408,16972,16950,16006,6,6,1,5,0.8333,0.6667,1.0,5,9,9,1.0
1075217,35493,35490,16121,6,6,1,5,0.8333,0.6667,1.0,5,9,9,1.0
1175161,24825,24807,16152,6,6,1,5,0.8333,0.6667,1.0,5,9,9,1.0
1077548,19172,19181,16155,6,6,1,5,0.8333,0.6667,1.0,5,9,9,1.0
1072319,364860,429979,16300,6,6,1,5,0.8333,0.6667,1.0,5,9,9,1.0
1074789,13969,14055,17194,6,6,1,5,0.8333,0.6667,1.0,5,9,9,1.0
1077093,19547,27431,17256,6,6,1,5,0.8333,0.6667,1.0,5,9,9,1.0
1075194,35494,35492,17270,6,6,1,5,0.8333,0.6667,1.0,5,9,9,1.0
1075731,27404,27413,17405,6,6,1,5,0.8333,0.6667,1.0,5,9,9,1.0
1077372,19250,19276,17533,6,6,1,5,0.8333,0.6667,1.0,5,9,9,1.0
1078243,18038,18081,17943,6,6,1,5,0.8333,0.6667,1.0,5,9,9,1.0
1083918,35166,96296,18201,6,6,1,5,0.8333,0.6667,1.0,5,9,9,1.0
1079837,26310,16066,18273,6,6,1,5,0.8333,0.6667,1.0,5,9,9,1.0
1079834,26325,26327,18278,6,6,1,5,0.8333,0.6667,1.0,5,9,9,1.0
1137103,13963,13994,18393,6,6,1,5,0.8333,0.6667,1.0,5,9,9,1.0
1082011,14867,14922,18536,6,6,1,5,0.8333,0.6667,1.0,5,9,9,1.0
1137067,15839,15826,18702,6,6,1,5,0.8333,0.6667,1.0,5,9,9,1.0
1082102,15764,15784,18711,6,6,1,5,0.8333,0.6667,1.0,5,9,9,1.0
1082326,15789,15829,18911,6,6,1,5,0.8333,0.6667,1.0,5,9,9,1.0
1082712,15759,15785,19027,6,6,1,5,0.8333,0.6667,1.0,5,9,9,1.0
1287643,9848,9949,19047,6,6,1,5,0.8333,0.6667,1.0,5,9,9,1.0
1210281,12880,12825,19069,6,6,1,5,0.8333,0.6667,1.0,5,9,9,1.0
1113818,14476,25785,19248,6,6,1,5,0.8333,0.6667,1.0,5,9,9,1.0
1174731,27272,19050,19298,6,6,1,5,0.8333,0.6667,1.0,5,9,9,1.0
1174451,19075,19089,19301,6,6,1,5,0.8333,0.6667,1.0,5,9,9,1.0
1088120,16033,16015,19618,6,6,1,5,0.8333,0.6667,1.0,5,9,9,1.0
1089253,14577,14599,19933,6,6,1,5,0.8333,0.6667,1.0,5,9,9,1.0
1112442,14413,14374,19978,6,6,1,5,0.8333,0.6667,1.0,5,9,9,1.0
1090703,15368,15385,20175,6,6,1,5,0.8333,0.6667,1.0,5,9,9,1.0
1167917,18591,18572,20324,6,6,1,5,0.8333,0.6667,1.0,5,9,9,1.0
1275380,64283,18549,20330,6,6,1,5,0.8333,0.6667,1.0,5,9,9,1.0
1111797,16771,16758,20424,6,6,1,5,0.8333,0.6667,1.0,5,9,9,1.0
1111932,25327,25338,20439,6,6,1,5,0.8333,0.6667,1.0,5,9,9,1.0
1090981,18283,18250,20444,6,6,1,5,0.8333,0.6667,1.0,5,9,9,1.0
1188353,19586,19601,20801,6,6,1,5,0.8333,0.6667,1.0,5,9,9,1.0
1186162,19226,19259,20909,6,6,1,5,0.8333,0.6667,1.0,5,9,9,1.0
1102915,26362,26363,20967,6,6,1,5,0.8333,0.6667,1.0,5,9,9,1.0
1185724,19559,19538,20987,6,6,1,5,0.8333,0.6667,1.0,5,9,9,1.0
1092578,25251,25263,21043,6,6,1,5,0.8333,0.6667,1.0,5,9,9,1.0
1185275,19642,19640,21083,6,6,1,5,0.8333,0.6667,1.0,5,9,9,1.0
1100624,17143,17120,21194,6,6,1,5,0.8333,0.6667,1.0,5,9,9,1.0
1093261,17562,17544,21234,6,6,1,5,0.8333,0.6667,1.0,5,9,9,1.0
1093360,19284,19253,21266,6,6,1,5,0.8333,0.6667,1.0,5,9,9,1.0
1093736,17852,17815,21361,6,6,1,5,0.8333,0.6667,1.0,5,9,9,1.0
1093797,17686,17660,21365,6,6,1,5,0.8333,0.6667,1.0,5,9,9,1.0
1094722,26722,26718,21605,6,6,1,5,0.8333,0.6667,1.0,5,9,9,1.0
1101345,26723,17394,21614,6,6,1,5,0.8333,0.6667,1.0,5,9,9,1.0
1176535,11468,11490,21658,6,6,1,5,0.8333,0.6667,1.0,5,9,9,1.0
1095114,375025,120939,21660,6,6,1,5,0.8333,0.6667,1.0,5,9,9,1.0
1099829,17314,17315,22616,6,6,1,5,0.8333,0.6667,1.0,5,9,9,1.0
1121104,26497,26510,22630,6,6,1,5,0.8333,0.6667,1.0,5,9,9,1.0
1106050,26713,26727,22661,6,6,1,5,0.8333,0.6667,1.0,5,9,9,1.0
1121103,17027,17056,22775,6,6,1,5,0.8333,0.6667,1.0,5,9,9,1.0
1103408,16697,16682,22896,6,6,1,5,0.8333,0.6667,1.0,5,9,9,1.0
1101902,17843,17819,23060,6,6,1,5,0.8333,0.6667,1.0,5,9,9,1.0
1103194,26474,26475,23319,6,6,1,5,0.8333,0.6667,1.0,5,9,9,1.0
1103290,14697,14679,23338,6,6,1,5,0.8333,0.6667,1.0,5,9,9,1.0
1111378,17414,17423,23435,6,6,1,5,0.8333,0.6667,1.0,5,9,9,1.0
1104482,25655,14166,23610,6,6,1,5,0.8333,0.6667,1.0,5,9,9,1.0
1121065,396191,13276,23706,6,6,1,5,0.8333,0.6667,1.0,5,9,9,1.0
1109321,17373,17346,23753,6,6,1,5,0.8333,0.6667,1.0,5,9,9,1.0
1171203,4545,4535,23916,6,6,1,5,0.8333,0.6667,1.0,5,9,9,1.0
1108598,19201,19217,24114,6,6,1,5,0.8333,0.6667,1.0,5,9,9,1.0
1108931,17321,17303,24193,6,6,1,5,0.8333,0.6667,1.0,5,9,9,1.0
1112142,27104,27102,24225,6,6,1,5,0.8333,0.6667,1.0,5,9,9,1.0
1109117,14792,14802,24231,6,6,1,5,0.8333,0.6667,1.0,5,9,9,1.0
1109475,15869,15859,24288,6,6,1,5,0.8333,0.6667,1.0,5,9,9,1.0
1109814,18812,18825,24360,6,6,1,5,0.8333,0.6667,1.0,5,9,9,1.0
1111613,13767,13758,24365,6,6,1,5,0.8333,0.6667,1.0,5,9,9,1.0
1114763,25412,25413,24447,6,6,1,5,0.8333,0.6667,1.0,5,9,9,1.0
1112140,18270,18266,24465,6,6,1,5,0.8333,0.6667,1.0,5,9,9,1.0
1110689,18118,18122,24528,6,6,1,5,0.8333,0.6667,1.0,5,9,9,1.0
1114587,13143,13164,24544,6,6,1,5,0.8333,0.6667,1.0,5,9,9,1.0
1138780,13803,13785,24715,6,6,1,5,0.8333,0.6667,1.0,5,9,9,1.0
1111943,25830,14601,24773,6,6,1,5,0.8333,0.6667,1.0,5,9,9,1.0
1112389,18235,27105,24808,6,6,1,5,0.8333,0.6667,1.0,5,9,9,1.0
1121091,13025,13048,24844,6,6,1,5,0.8333,0.6667,1.0,5,9,9,1.0
1145045,25312,13111,24847,6,6,1,5,0.8333,0.6667,1.0,5,9,9,1.0
1113182,14196,14404,25128,6,6,1,5,0.8333,0.6667,1.0,5,9,9,1.0
1142846,25210,25233,25221,6,6,1,5,0.8333,0.6667,1.0,5,9,9,1.0
1150174,25401,13418,25306,6,6,1,5,0.8333,0.6667,1.0,5,9,9,1.0
1121075,13691,13676,25771,6,6,1,5,0.8333,0.6667,1.0,5,9,9,1.0
1121122,27124,27126,26171,6,6,1,5,0.8333,0.6667,1.0,5,9,9,1.0
1124469,25404,13360,26974,6,6,1,5,0.8333,0.6667,1.0,5,9,9,1.0
1126002,14340,14395,27369,6,6,1,5,0.8333,0.6667,1.0,5,9,9,1.0
1127353,8076,23019,27789,6,6,1,5,0.8333,0.6667,1.0,5,9,9,1.0
1223193,24342,24359,27991,6,6,1,5,0.8333,0.6667,1.0,5,9,9,1.0
1185642,19652,19649,28139,6,6,1,5,0.8333,0.6667,1.0,5,9,9,1.0
1148412,2005,20395,28142,6,6,1,5,0.8333,0.6667,1.0,5,9,9,1.0
1268077,23169,23160,28236,6,6,1,5,0.8333,0.6667,1.0,5,9,9,1.0
1128631,6716,6754,28371,6,6,1,5,0.8333,0.6667,1.0,5,9,9,1.0
1128831,15630,15603,28473,6,6,1,5,0.8333,0.6667,1.0,5,9,9,1.0
1128961,9805,9867,28528,6,6,1,5,0.8333,0.6667,1.0,5,9,9,1.0
1217928,11574,11631,28727,6,6,1,5,0.8333,0.6667,1.0,5,9,9,1.0
1132177,22827,22848,29102,6,6,1,5,0.8333,0.6667,1.0,5,9,9,1.0
1132754,150730,150727,29335,6,6,1,5,0.8333,0.6667,1.0,5,9,9,1.0
1309895,6096,6102,29932,6,6,1,5,0.8333,0.6667,1.0,5,9,9,1.0
1134939,10049,10018,30134,6,6,1,5,0.8333,0.6667,1.0,5,9,9,1.0
1209374,25303,12942,30203,6,6,1,5,0.8333,0.6667,1.0,5,9,9,1.0
1268289,17068,17092,30662,6,6,1,5,0.8333,0.6667,1.0,5,9,9,1.0
1149303,14183,25697,30689,6,6,1,5,0.8333,0.6667,1.0,5,9,9,1.0
1267816,11739,11774,30691,6,6,1,5,0.8333,0.6667,1.0,5,9,9,1.0
1266762,2198,136958,30700,6,6,1,5,0.8333,0.6667,1.0,5,9,9,1.0
1288167,9759,9707,30720,6,6,1,5,0.8333,0.6667,1.0,5,9,9,1.0
1143017,10259,24105,31328,6,6,1,5,0.8333,0.6667,1.0,5,9,9,1.0
1143402,26288,15933,31454,6,6,1,5,0.8333,0.6667,1.0,5,9,9,1.0
1152845,7392,22740,32833,6,6,1,5,0.8333,0.6667,1.0,5,9,9,1.0
1159398,102364,102365,33212,6,6,1,5,0.8333,0.6667,1.0,5,9,9,1.0
1203055,26989,18033,33952,6,6,1,5,0.8333,0.6667,1.0,5,9,9,1.0
1175286,25486,25499,34031,6,6,1,5,0.8333,0.6667,1.0,5,9,9,1.0
1164802,3757,3796,34572,6,6,1,5,0.8333,0.6667,1.0,5,9,9,1.0
1165765,3398,265927,34760,6,6,1,5,0.8333,0.6667,1.0,5,9,9,1.0
1174476,19116,27287,35373,6,6,1,5,0.8333,0.6667,1.0,5,9,9,1.0
1168598,19182,19200,35391,6,6,1,5,0.8333,0.6667,1.0,5,9,9,1.0
1202425,27019,27032,35434,6,6,1,5,0.8333,0.6667,1.0,5,9,9,1.0
1221739,10799,10888,35874,6,6,1,5,0.8333,0.6667,1.0,5,9,9,1.0
1196276,24378,10685,35881,6,6,1,5,0.8333,0.6667,1.0,5,9,9,1.0
1174002,16210,16237,36139,6,6,1,5,0.8333,0.6667,1.0,5,9,9,1.0
1178735,123189,123188,36495,6,6,1,5,0.8333,0.6667,1.0,5,9,9,1.0
1206847,25834,25861,36784,6,6,1,5,0.8333,0.6667,1.0,5,9,9,1.0
1180811,16524,16462,37683,6,6,1,5,0.8333,0.6667,1.0,5,9,9,1.0
1186338,19558,19565,38038,6,6,1,5,0.8333,0.6667,1.0,5,9,9,1.0
1188374,19268,19207,38200,6,6,1,5,0.8333,0.6667,1.0,5,9,9,1.0
1190741,47004,47005,38455,6,6,1,5,0.8333,0.6667,1.0,5,9,9,1.0
1190074,21254,21233,38913,6,6,1,5,0.8333,0.6667,1.0,5,9,9,1.0
1219839,236157,236158,38996,6,6,1,5,0.8333,0.6667,1.0,5,9,9,1.0
1221789,24219,10368,39354,6,6,1,5,0.8333,0.6667,1.0,5,9,9,1.0
1197486,11702,11675,39596,6,6,1,5,0.8333,0.6667,1.0,5,9,9,1.0
1197548,8718,8644,39625,6,6,1,5,0.8333,0.6667,1.0,5,9,9,1.0
1198015,10346,10377,39799,6,6,1,5,0.8333,0.6667,1.0,5,9,9,1.0
1198181,11390,11360,39843,6,6,1,5,0.8333,0.6667,1.0,5,9,9,1.0
1198289,24233,10506,39874,6,6,1,5,0.8333,0.6667,1.0,5,9,9,1.0
1228554,10660,10591,39916,6,6,1,5,0.8333,0.6667,1.0,5,9,9,1.0
1306860,12625,12622,40063,6,6,1,5,0.8333,0.6667,1.0,5,9,9,1.0
1222322,10178,10131,40108,6,6,1,5,0.8333,0.6667,1.0,5,9,9,1.0
1218262,11552,11501,40128,6,6,1,5,0.8333,0.6667,1.0,5,9,9,1.0
1200873,12341,24992,40380,6,6,1,5,0.8333,0.6667,1.0,5,9,9,1.0
1201478,10809,10766,40707,6,6,1,5,0.8333,0.6667,1.0,5,9,9,1.0
1201852,23556,23548,40790,6,6,1,5,0.8333,0.6667,1.0,5,9,9,1.0
1207659,10511,10548,41483,6,6,1,5,0.8333,0.6667,1.0,5,9,9,1.0
1208954,647,10551,41623,6,6,1,5,0.8333,0.6667,1.0,5,9,9,1.0
1208981,10601,10562,41624,6,6,1,5,0.8333,0.6667,1.0,5,9,9,1.0
1208604,24786,24800,41667,6,6,1,5,0.8333,0.6667,1.0,5,9,9,1.0
1209038,10640,10609,41734,6,6,1,5,0.8333,0.6667,1.0,5,9,9,1.0
1225256,24554,11272,42301,6,6,1,5,0.8333,0.6667,1.0,5,9,9,1.0
1222570,10747,10820,42307,6,6,1,5,0.8333,0.6667,1.0,5,9,9,1.0
1222836,8213,8123,42477,6,6,1,5,0.8333,0.6667,1.0,5,9,9,1.0
1225412,147840,96298,43605,6,6,1,5,0.8333,0.6667,1.0,5,9,9,1.0
1275655,9578,9581,43867,6,6,1,5,0.8333,0.6667,1.0,5,9,9,1.0
1227550,23148,23177,44064,6,6,1,5,0.8333,0.6667,1.0,5,9,9,1.0
1228581,9859,23845,44269,6,6,1,5,0.8333,0.6667,1.0,5,9,9,1.0
1269695,9058,9112,44716,6,6,1,5,0.8333,0.6667,1.0,5,9,9,1.0
1270271,23698,9452,45156,6,6,1,5,0.8333,0.6667,1.0,5,9,9,1.0
1287366,9676,9569,45183,6,6,1,5,0.8333,0.6667,1.0,5,9,9,1.0
1269574,11705,11714,45196,6,6,1,5,0.8333,0.6667,1.0,5,9,9,1.0
1269662,10270,10265,45250,6,6,1,5,0.8333,0.6667,1.0,5,9,9,1.0
1271544,9015,8921,45334,6,6,1,5,0.8333,0.6667,1.0,5,9,9,1.0
1267743,24055,10261,45608,6,6,1,5,0.8333,0.6667,1.0,5,9,9,1.0
1269572,11705,11718,45702,6,6,1,5,0.8333,0.6667,1.0,5,9,9,1.0
1268253,8774,8692,45739,6,6,1,5,0.8333,0.6667,1.0,5,9,9,1.0
1271536,11866,11815,45907,6,6,1,5,0.8333,0.6667,1.0,5,9,9,1.0
1271134,23630,23617,45919,6,6,1,5,0.8333,0.6667,1.0,5,9,9,1.0
1270777,14612,14688,46096,6,6,1,5,0.8333,0.6667,1.0,5,9,9,1.0
1277471,9400,9365,46218,6,6,1,5,0.8333,0.6667,1.0,5,9,9,1.0
1271816,23615,23626,46295,6,6,1,5,0.8333,0.6667,1.0,5,9,9,1.0
1271331,25666,25687,46346,6,6,1,5,0.8333,0.6667,1.0,5,9,9,1.0
1272271,12038,11998,46485,6,6,1,5,0.8333,0.6667,1.0,5,9,9,1.0
1273682,25650,25648,46705,6,6,1,5,0.8333,0.6667,1.0,5,9,9,1.0
1288325,10268,10163,46779,6,6,1,5,0.8333,0.6667,1.0,5,9,9,1.0
1278039,14965,25947,47500,6,6,1,5,0.8333,0.6667,1.0,5,9,9,1.0
1298184,95007,95006,47631,6,6,1,5,0.8333,0.6667,1.0,5,9,9,1.0
1279629,16539,16542,47921,6,6,1,5,0.8333,0.6667,1.0,5,9,9,1.0
1280184,4635,26630,48061,6,6,1,5,0.8333,0.6667,1.0,5,9,9,1.0
1297561,22751,7423,48161,6,6,1,5,0.8333,0.6667,1.0,5,9,9,1.0
1280531,22773,22788,48187,6,6,1,5,0.8333,0.6667,1.0,5,9,9,1.0
1280554,7401,7392,48191,6,6,1,5,0.8333,0.6667,1.0,5,9,9,1.0
1282696,19370,27337,48696,6,6,1,5,0.8333,0.6667,1.0,5,9,9,1.0
1288982,10030,10073,48849,6,6,1,5,0.8333,0.6667,1.0,5,9,9,1.0
1288164,9771,9659,49221,6,6,1,5,0.8333,0.6667,1.0,5,9,9,1.0
1288762,6749,22394,49343,6,6,1,5,0.8333,0.6667,1.0,5,9,9,1.0
1288928,365035,18485,49372,6,6,1,5,0.8333,0.6667,1.0,5,9,9,1.0
1309260,27441,19551,49824,6,6,1,5,0.8333,0.6667,1.0,5,9,9,1.0
1311757,6067,6081,49834,6,6,1,5,0.8333,0.6667,1.0,5,9,9,1.0
1298953,7986,8012,49846,6,6,1,5,0.8333,0.6667,1.0,5,9,9,1.0
1299124,16533,16512,49856,6,6,1,5,0.8333,0.6667,1.0,5,9,9,1.0
1299841,18344,18384,50024,6,6,1,5,0.8333,0.6667,1.0,5,9,9,1.0
1309207,18353,27131,50067,6,6,1,5,0.8333,0.6667,1.0,5,9,9,1.0
1300137,6014,6003,50101,6,6,1,5,0.8333,0.6667,1.0,5,9,9,1.0
1301874,6287,6286,50473,6,6,1,5,0.8333,0.6667,1.0,5,9,9,1.0
1303219,7287,7290,50699,6,6,1,5,0.8333,0.6667,1.0,5,9,9,1.0
1303185,22395,22410,50700,6,6,1,5,0.8333,0.6667,1.0,5,9,9,1.0
1304079,7694,22872,50840,6,6,1,5,0.8333,0.6667,1.0,5,9,9,1.0
1304815,22545,22536,50949,6,6,1,5,0.8333,0.6667,1.0,5,9,9,1.0
1305617,5906,22074,51057,6,6,1,5,0.8333,0.6667,1.0,5,9,9,1.0
1308769,8988,9033,51244,6,6,1,5,0.8333,0.6667,1.0,5,9,9,1.0
1307309,5906,22076,51341,6,6,1,5,0.8333,0.6667,1.0,5,9,9,1.0
1309824,8583,23232,51406,6,6,1,5,0.8333,0.6667,1.0,5,9,9,1.0
1308991,9039,59175,51560,6,6,1,5,0.8333,0.6667,1.0,5,9,9,1.0
1142375,,389963,5001,4,3,0,2,0.6667,0.6667,1.0,3,9,9,1.0
1013503,9047,23438,3187,11,11,2,9,0.8182,0.6364,1.0,10,9,9,1.0
1135550,9047,23438,3187,11,11,2,9,0.8182,0.6364,1.0,10,9,9,1.0
1136700,290235,280961,10709,11,11,2,9,0.8182,0.6364,1.0,10,9,9,1.0
1251048,290235,280961,10709,11,11,2,9,0.8182,0.6364,1.0,10,9,9,1.0
1134982,13387,13421,11706,11,11,2,9,0.8182,0.6364,1.0,10,9,9,1.0
1127523,13387,13421,11706,11,11,2,9,0.8182,0.6364,1.0,10,9,9,1.0
1088697,14744,14763,19794,8,8,1,6,0.75,0.625,1.0,7,9,9,1.0
1109282,14719,14763,19794,8,8,1,6,0.75,0.625,1.0,7,9,9,1.0
1267394,9235,23579,27925,8,8,1,6,0.75,0.625,1.0,7,9,9,1.0
1127634,9262,23579,27925,8,8,1,6,0.75,0.625,1.0,7,9,9,1.0
1280209,9057,9119,46210,8,8,1,6,0.75,0.625,1.0,7,9,9,1.0
1278206,9180,9119,46210,8,8,1,6,0.75,0.625,1.0,7,9,9,1.0
1196941,12614,12548,35621,15,15,3,12,0.8,0.6,1.0,14,9,9,1.0
1210974,12614,12548,35621,15,15,3,12,0.8,0.6,1.0,14,9,9,1.0
1169525,12614,12548,35621,15,15,3,12,0.8,0.6,1.0,14,9,9,1.0
1104511,14618,14684,15928,10,10,2,8,0.8,0.6,1.0,9,9,9,1.0
1109251,14618,14684,15928,10,10,2,8,0.8,0.6,1.0,9,9,9,1.0
1133308,254716,254717,16371,10,10,2,8,0.8,0.6,1.0,9,9,9,1.0
1073112,254716,254717,16371,10,10,2,8,0.8,0.6,1.0,9,9,9,1.0
1106561,14225,14240,19849,10,10,2,8,0.8,0.6,1.0,9,9,9,1.0
1088940,14225,14240,19849,10,10,2,8,0.8,0.6,1.0,9,9,9,1.0
1014291,375317,375316,132,6,5,1,4,0.8,0.6,1.0,5,9,9,1.0
1001153,74844,19767,350,5,5,1,4,0.8,0.6,1.0,4,9,9,1.0
1080713,19801,279,388,5,5,1,4,0.8,0.6,1.0,4,9,9,1.0
1001266,19821,19820,392,5,5,1,4,0.8,0.6,1.0,4,9,9,1.0
1001764,7721,274,609,5,5,1,4,0.8,0.6,1.0,4,9,9,1.0
1010376,24240,10491,2836,5,5,1,4,0.8,0.6,1.0,4,9,9,1.0
1011865,376718,376717,3528,5,5,1,4,0.8,0.6,1.0,4,9,9,1.0
1014919,15860,15875,4799,5,5,1,4,0.8,0.6,1.0,4,9,9,1.0
1018860,7591,22820,5051,5,5,1,4,0.8,0.6,1.0,4,9,9,1.0
1020028,8614,8562,5116,5,5,1,4,0.8,0.6,1.0,4,9,9,1.0
1020701,9107,9177,5214,5,5,1,4,0.8,0.6,1.0,4,9,9,1.0
1020183,114862,114863,5251,5,5,1,4,0.8,0.6,1.0,4,9,9,1.0
1020629,23541,23527,5495,5,5,1,4,0.8,0.6,1.0,4,9,9,1.0
1020624,23527,23541,5506,5,5,1,4,0.8,0.6,1.0,4,9,9,1.0
1026857,23832,23844,6883,5,5,1,4,0.8,0.6,1.0,4,9,9,1.0
1030350,343094,343093,7885,5,5,1,4,0.8,0.6,1.0,4,9,9,1.0
1045348,6151,6128,8305,5,5,1,4,0.8,0.6,1.0,4,9,9,1.0
1063497,172475,172169,9048,5,5,1,4,0.8,0.6,1.0,4,9,9,1.0
1036015,6734,22373,9235,5,5,1,4,0.8,0.6,1.0,4,9,9,1.0
1041327,7859,7872,9385,5,5,1,4,0.8,0.6,1.0,4,9,9,1.0
1197008,12017,12078,10463,5,5,1,4,0.8,0.6,1.0,4,9,9,1.0
1044709,139202,139203,10524,5,5,1,4,0.8,0.6,1.0,4,9,9,1.0
1043483,276801,279038,10873,5,5,1,4,0.8,0.6,1.0,4,9,9,1.0
1044028,22432,22391,10996,5,5,1,4,0.8,0.6,1.0,4,9,9,1.0
1044311,110068,110067,11044,5,5,1,4,0.8,0.6,1.0,4,9,9,1.0
1046611,350009,350005,11477,5,5,1,4,0.8,0.6,1.0,4,9,9,1.0
1053442,350252,350253,12309,5,5,1,4,0.8,0.6,1.0,4,9,9,1.0
1069219,5838,22054,13105,5,5,1,4,0.8,0.6,1.0,4,9,9,1.0
1067504,5819,22048,13123,5,5,1,4,0.8,0.6,1.0,4,9,9,1.0
1059462,17130,26664,13480,5,5,1,4,0.8,0.6,1.0,4,9,9,1.0
1069145,5853,5860,13705,5,5,1,4,0.8,0.6,1.0,4,9,9,1.0
1068658,119660,122861,14823,5,5,1,4,0.8,0.6,1.0,4,9,9,1.0
1068869,265919,265920,14940,5,5,1,4,0.8,0.6,1.0,4,9,9,1.0
1070106,199042,199043,15154,5,5,1,4,0.8,0.6,1.0,4,9,9,1.0
1069762,119024,119025,15668,5,5,1,4,0.8,0.6,1.0,4,9,9,1.0
1127860,5271,5301,15723,5,5,1,4,0.8,0.6,1.0,4,9,9,1.0
1082330,13998,13984,16000,5,5,1,4,0.8,0.6,1.0,4,9,9,1.0
1073248,349965,332797,16631,5,5,1,4,0.8,0.6,1.0,4,9,9,1.0
1073590,9342,9383,16803,5,5,1,4,0.8,0.6,1.0,4,9,9,1.0
1079122,18742,18766,17454,5,5,1,4,0.8,0.6,1.0,4,9,9,1.0
1077972,19294,19289,17744,5,5,1,4,0.8,0.6,1.0,4,9,9,1.0
1082040,15780,15756,18714,5,5,1,4,0.8,0.6,1.0,4,9,9,1.0
1082537,14178,14179,18980,5,5,1,4,0.8,0.6,1.0,4,9,9,1.0
1090350,14454,14544,19677,5,5,1,4,0.8,0.6,1.0,4,9,9,1.0
1088365,14347,14407,19695,5,5,1,4,0.8,0.6,1.0,4,9,9,1.0
1188254,19566,27437,20061,5,5,1,4,0.8,0.6,1.0,4,9,9,1.0
1130672,14720,14803,20076,5,5,1,4,0.8,0.6,1.0,4,9,9,1.0
1116667,13106,13160,20289,5,5,1,4,0.8,0.6,1.0,4,9,9,1.0
1113708,14126,14091,20388,5,5,1,4,0.8,0.6,1.0,4,9,9,1.0
1111576,25411,25420,20922,5,5,1,4,0.8,0.6,1.0,4,9,9,1.0
1145231,15950,15976,21139,5,5,1,4,0.8,0.6,1.0,4,9,9,1.0
1133253,391151,391152,22008,6,5,1,4,0.8,0.6,1.0,5,9,9,1.0
1096912,18556,18570,22179,5,5,1,4,0.8,0.6,1.0,4,9,9,1.0
1097125,,535484,22220,7,5,0,3,0.6,0.6,1.0,6,9,9,1.0
1232554,,535484,22220,7,5,0,3,0.6,0.6,1.0,6,9,9,1.0
1103840,26364,16171,23455,5,5,1,4,0.8,0.6,1.0,4,9,9,1.0
1105037,17346,17347,23755,5,5,1,4,0.8,0.6,1.0,4,9,9,1.0
1108909,17298,17250,23760,5,5,1,4,0.8,0.6,1.0,4,9,9,1.0
1110546,17427,17425,24505,5,5,1,4,0.8,0.6,1.0,4,9,9,1.0
1112294,13442,13432,24865,5,5,1,4,0.8,0.6,1.0,4,9,9,1.0
1130843,13634,25473,25196,5,5,1,4,0.8,0.6,1.0,4,9,9,1.0
1113602,25434,13513,25225,5,5,1,4,0.8,0.6,1.0,4,9,9,1.0
1116304,25828,14677,25259,5,5,1,4,0.8,0.6,1.0,4,9,9,1.0
1116130,12919,13004,25720,5,5,1,4,0.8,0.6,1.0,4,9,9,1.0
1197868,11329,11320,25878,5,5,1,4,0.8,0.6,1.0,4,9,9,1.0
1120954,68124,25165,26139,5,5,1,4,0.8,0.6,1.0,4,9,9,1.0
1122609,24967,24972,26345,5,5,1,4,0.8,0.6,1.0,4,9,9,1.0
1122112,1822,20266,26379,5,5,1,4,0.8,0.6,1.0,4,9,9,1.0
1197330,25003,25099,26466,5,5,1,4,0.8,0.6,1.0,4,9,9,1.0
1123493,12378,12429,26823,5,5,1,4,0.8,0.6,1.0,4,9,9,1.0
1125853,56304,1071,26893,5,5,1,4,0.8,0.6,1.0,4,9,9,1.0
1126170,1402,1370,27439,5,5,1,4,0.8,0.6,1.0,4,9,9,1.0
1225794,9185,9193,27836,5,5,1,4,0.8,0.6,1.0,4,9,9,1.0
1216875,24381,10720,27978,5,5,1,4,0.8,0.6,1.0,4,9,9,1.0
1272097,14669,14598,28159,5,5,1,4,0.8,0.6,1.0,4,9,9,1.0
1301842,22621,7041,29115,5,5,1,4,0.8,0.6,1.0,4,9,9,1.0
1133207,282563,282562,29195,5,5,1,4,0.8,0.6,1.0,4,9,9,1.0
1132747,325436,9429,29331,5,5,1,4,0.8,0.6,1.0,4,9,9,1.0
1309692,7490,7538,29546,5,5,1,4,0.8,0.6,1.0,4,9,9,1.0
1304098,210,209,29672,5,5,1,4,0.8,0.6,1.0,4,9,9,1.0
1225420,8995,8962,30140,5,5,1,4,0.8,0.6,1.0,4,9,9,1.0
1298125,22963,22942,30372,5,5,1,4,0.8,0.6,1.0,4,9,9,1.0
1197927,11171,24538,30404,5,5,1,4,0.8,0.6,1.0,4,9,9,1.0
1308529,8982,8897,30912,5,5,1,4,0.8,0.6,1.0,4,9,9,1.0
1144903,14217,14174,31759,5,5,1,4,0.8,0.6,1.0,4,9,9,1.0
1165191,17357,17403,33723,5,5,1,4,0.8,0.6,1.0,4,9,9,1.0
1167071,18924,27247,35041,5,5,1,4,0.8,0.6,1.0,4,9,9,1.0
1185643,19652,19647,35058,5,5,1,4,0.8,0.6,1.0,4,9,9,1.0
1167735,27181,18609,35084,5,5,1,4,0.8,0.6,1.0,4,9,9,1.0
1170425,24644,11493,35846,5,5,1,4,0.8,0.6,1.0,4,9,9,1.0
1170807,24105,24174,35961,5,5,1,4,0.8,0.6,1.0,4,9,9,1.0
1173572,18132,18133,36100,5,5,1,4,0.8,0.6,1.0,4,9,9,1.0
1174439,27264,27265,36204,5,5,1,4,0.8,0.6,1.0,4,9,9,1.0
1188065,25246,12933,36303,5,5,1,4,0.8,0.6,1.0,4,9,9,1.0
1179157,1678,1617,37360,5,5,1,4,0.8,0.6,1.0,4,9,9,1.0
1180831,15649,26140,37586,5,5,1,4,0.8,0.6,1.0,4,9,9,1.0
1188389,19588,19600,38270,5,5,1,4,0.8,0.6,1.0,4,9,9,1.0
1189189,4297,4310,38349,5,5,1,4,0.8,0.6,1.0,4,9,9,1.0
1219522,3979,4008,38918,5,5,1,4,0.8,0.6,1.0,4,9,9,1.0
1205552,12192,12241,40653,5,5,1,4,0.8,0.6,1.0,4,9,9,1.0
1202489,18121,18106,40850,5,5,1,4,0.8,0.6,1.0,4,9,9,1.0
1277286,16359,26401,42169,5,5,1,4,0.8,0.6,1.0,4,9,9,1.0
1218646,11566,11506,42219,5,5,1,4,0.8,0.6,1.0,4,9,9,1.0
1217727,24486,24483,42362,5,5,1,4,0.8,0.6,1.0,4,9,9,1.0
1219072,24746,11771,42613,5,5,1,4,0.8,0.6,1.0,4,9,9,1.0
1226697,23130,8492,43623,5,5,1,4,0.8,0.6,1.0,4,9,9,1.0
1229584,10324,24100,44448,5,5,1,4,0.8,0.6,1.0,4,9,9,1.0
1271967,9139,9162,45177,5,5,1,4,0.8,0.6,1.0,4,9,9,1.0
1266373,103,22676,45241,5,5,1,4,0.8,0.6,1.0,4,9,9,1.0
1272599,8735,8816,45444,5,5,1,4,0.8,0.6,1.0,4,9,9,1.0
1275704,378668,23853,45658,5,5,1,4,0.8,0.6,1.0,4,9,9,1.0
1288556,11600,11587,45815,5,5,1,4,0.8,0.6,1.0,4,9,9,1.0
1268675,23873,9858,45825,5,5,1,4,0.8,0.6,1.0,4,9,9,1.0
1277036,25687,14310,46348,5,5,1,4,0.8,0.6,1.0,4,9,9,1.0
1272155,25569,13891,46452,5,5,1,4,0.8,0.6,1.0,4,9,9,1.0
1272291,12111,12064,46488,5,5,1,4,0.8,0.6,1.0,4,9,9,1.0
1287300,23959,23951,46692,5,5,1,4,0.8,0.6,1.0,4,9,9,1.0
1276011,26847,17719,46939,5,5,1,4,0.8,0.6,1.0,4,9,9,1.0
1278058,25969,25982,47058,5,5,1,4,0.8,0.6,1.0,4,9,9,1.0
1276888,192007,2081,47228,5,5,1,4,0.8,0.6,1.0,4,9,9,1.0
1299617,195214,21639,47913,5,5,1,4,0.8,0.6,1.0,4,9,9,1.0
1282613,27429,27422,47950,5,5,1,4,0.8,0.6,1.0,4,9,9,1.0
1280638,7364,22716,48205,5,5,1,4,0.8,0.6,1.0,4,9,9,1.0
1297698,26639,17100,48670,5,5,1,4,0.8,0.6,1.0,4,9,9,1.0
1287469,23912,9993,49161,5,5,1,4,0.8,0.6,1.0,4,9,9,1.0
1299008,6705,22399,49855,5,5,1,4,0.8,0.6,1.0,4,9,9,1.0
1300381,7684,22841,50142,5,5,1,4,0.8,0.6,1.0,4,9,9,1.0
1308215,6834,6898,50289,5,5,1,4,0.8,0.6,1.0,4,9,9,1.0
1302688,6367,6362,50376,5,5,1,4,0.8,0.6,1.0,4,9,9,1.0
1302066,7803,7841,50456,5,5,1,4,0.8,0.6,1.0,4,9,9,1.0
1304196,22136,6063,50869,5,5,1,4,0.8,0.6,1.0,4,9,9,1.0
1310718,6729,6747,50953,5,5,1,4,0.8,0.6,1.0,4,9,9,1.0
1306896,22919,7925,51048,5,5,1,4,0.8,0.6,1.0,4,9,9,1.0
1169921,10609,10640,13598,7,7,1,5,0.7143,0.5714,1.0,6,9,9,1.0
1209030,10551,10640,13598,7,7,1,5,0.7143,0.5714,1.0,6,9,9,1.0
1081520,13980,13983,18651,7,7,1,5,0.7143,0.5714,1.0,6,9,9,1.0
1081523,13981,13983,18651,7,7,1,5,0.7143,0.5714,1.0,6,9,9,1.0
1128625,7424,7337,28367,7,7,1,5,0.7143,0.5714,1.0,6,9,9,1.0
1300624,7310,7337,28367,7,7,1,5,0.7143,0.5714,1.0,6,9,9,1.0
1273508,13597,13590,43829,7,7,1,5,0.7143,0.5714,1.0,6,9,9,1.0
1289595,25489,13590,43829,7,7,1,5,0.7143,0.5714,1.0,6,9,9,1.0
1305131,5950,5954,49564,7,7,1,5,0.7143,0.5714,1.0,6,9,9,1.0
1297619,5974,5954,49564,7,7,1,5,0.7143,0.5714,1.0,6,9,9,1.0
1303186,22428,22457,50701,7,7,1,5,0.7143,0.5714,1.0,6,9,9,1.0
1303414,6860,22457,50701,7,7,1,5,0.7143,0.5714,1.0,6,9,9,1.0
1307212,4744,4721,1643,16,16,2,11,0.6875,0.5625,1.0,15,9,9,1.0
1307213,4744,4721,1643,16,16,2,11,0.6875,0.5625,1.0,15,9,9,1.0
1035968,6734,22373,3114,9,9,2,7,0.7778,0.5556,1.0,8,9,9,1.0
1028002,6734,22373,3114,9,9,2,7,0.7778,0.5556,1.0,8,9,9,1.0
1068991,19143,19166,6478,9,9,1,6,0.6667,0.5556,1.0,8,9,9,1.0
1044614,22837,7603,7470,9,9,2,7,0.7778,0.5556,1.0,8,9,9,1.0
1048929,22837,7603,7470,9,9,2,7,0.7778,0.5556,1.0,8,9,9,1.0
1282268,19512,19506,30285,9,9,2,7,0.7778,0.5556,1.0,8,9,9,1.0
1282228,19512,19506,30285,9,9,2,7,0.7778,0.5556,1.0,8,9,9,1.0
1272227,4669,17155,46477,9,9,2,7,0.7778,0.5556,1.0,8,9,9,1.0
1272228,4669,17155,46477,9,9,2,7,0.7778,0.5556,1.0,8,9,9,1.0
1102160,89567,17109,4594,11,11,1,7,0.6364,0.5455,1.0,10,9,9,1.0
1093146,88613,17109,4594,11,11,1,7,0.6364,0.5455,1.0,10,9,9,1.0
1149985,14705,25838,25121,11,11,1,7,0.6364,0.5455,1.0,10,9,9,1.0
1299543,21708,4929,47830,17,17,4,13,0.7647,0.5294,1.0,16,9,9,1.0
1299545,21708,4929,47830,17,17,4,13,0.7647,0.5294,1.0,16,9,9,1.0
1299555,21708,4929,47830,17,17,4,13,0.7647,0.5294,1.0,16,9,9,1.0
1299556,21708,4929,47830,17,17,4,13,0.7647,0.5294,1.0,16,9,9,1.0
1307210,4746,4721,1643,16,16,3,11,0.6875,0.5,1.0,15,9,9,1.0
1307211,4746,4721,1643,16,16,3,11,0.6875,0.5,1.0,15,9,9,1.0
1004925,4746,4721,1643,16,16,3,11,0.6875,0.5,1.0,15,9,9,1.0
1158701,3804,3812,28213,12,12,3,9,0.75,0.5,1.0,11,9,9,1.0
1165235,3804,3812,28213,12,12,3,9,0.75,0.5,1.0,11,9,9,1.0
1159673,3804,3812,28213,12,12,3,9,0.75,0.5,1.0,11,9,9,1.0
1001373,244,232,442,8,8,1,5,0.625,0.5,1.0,7,9,9,1.0
1006203,11852,11897,1772,8,8,2,6,0.75,0.5,1.0,7,9,9,1.0
1006204,11852,11897,1772,8,8,2,6,0.75,0.5,1.0,7,9,9,1.0
1046974,65249,40616,3713,8,8,1,5,0.625,0.5,1.0,7,9,9,1.0
1153887,2478,2384,19233,8,8,2,6,0.75,0.5,1.0,7,9,9,1.0
1153889,2478,2384,19233,8,8,2,6,0.75,0.5,1.0,7,9,9,1.0
1168799,27268,27272,19297,8,8,1,5,0.625,0.5,1.0,7,9,9,1.0
1145398,2580,2572,20993,8,8,2,6,0.75,0.5,1.0,7,9,9,1.0
1145404,2580,2572,20993,8,8,2,6,0.75,0.5,1.0,7,9,9,1.0
1113567,18959,18973,24566,8,8,2,6,0.75,0.5,1.0,7,9,9,1.0
1113565,18959,18973,24566,8,8,2,6,0.75,0.5,1.0,7,9,9,1.0
1121642,20719,25806,26296,8,8,1,5,0.625,0.5,1.0,7,9,9,1.0
1123906,12263,12262,26813,8,8,2,6,0.75,0.5,1.0,7,9,9,1.0
1123908,12263,12262,26813,8,8,2,6,0.75,0.5,1.0,7,9,9,1.0
1125559,20056,20061,27272,8,8,2,6,0.75,0.5,1.0,7,9,9,1.0
1171392,20056,20061,27272,8,8,2,6,0.75,0.5,1.0,7,9,9,1.0
1136444,6786,22409,28698,8,8,2,6,0.75,0.5,1.0,7,9,9,1.0
1134539,6786,22409,28698,8,8,2,6,0.75,0.5,1.0,7,9,9,1.0
1133650,2091,2044,29762,8,8,2,6,0.75,0.5,1.0,7,9,9,1.0
1179037,2091,2044,29762,8,8,2,6,0.75,0.5,1.0,7,9,9,1.0
1287202,4553,21604,31228,8,8,2,6,0.75,0.5,1.0,7,9,9,1.0
1280296,4553,21604,31228,8,8,2,6,0.75,0.5,1.0,7,9,9,1.0
1145389,2580,2572,31850,8,8,2,6,0.75,0.5,1.0,7,9,9,1.0
1145399,2580,2572,31850,8,8,2,6,0.75,0.5,1.0,7,9,9,1.0
1278200,9119,23532,46240,8,8,2,6,0.75,0.5,1.0,7,9,9,1.0
1287784,9119,23532,46240,8,8,2,6,0.75,0.5,1.0,7,9,9,1.0
1306608,17790,26856,46934,8,8,2,6,0.75,0.5,1.0,7,9,9,1.0
1306609,17790,26856,46934,8,8,2,6,0.75,0.5,1.0,7,9,9,1.0
1000666,5576,221438,72,6,6,1,4,0.6667,0.5,1.0,5,9,9,1.0
1000685,5580,221438,72,6,6,1,4,0.6667,0.5,1.0,5,9,9,1.0
1003820,19681,19682,1172,6,6,1,4,0.6667,0.5,1.0,5,9,9,1.0
1003615,19685,19682,1172,6,6,1,4,0.6667,0.5,1.0,5,9,9,1.0
1024483,9053,9032,5598,6,6,1,4,0.6667,0.5,1.0,5,9,9,1.0
1023546,23452,9032,5598,6,6,1,4,0.6667,0.5,1.0,5,9,9,1.0
1028536,375309,370350,7311,6,6,1,4,0.6667,0.5,1.0,5,9,9,1.0
1032017,370358,370350,7311,6,6,1,4,0.6667,0.5,1.0,5,9,9,1.0
1076464,19231,19225,16159,6,6,1,4,0.6667,0.5,1.0,5,9,9,1.0
1076466,19208,19225,16159,6,6,1,4,0.6667,0.5,1.0,5,9,9,1.0
1102857,15750,15778,18784,6,6,1,4,0.6667,0.5,1.0,5,9,9,1.0
1082027,15796,15778,18784,6,6,1,4,0.6667,0.5,1.0,5,9,9,1.0
1103062,17186,17172,23289,6,6,1,4,0.6667,0.5,1.0,5,9,9,1.0
1103097,17180,17172,23289,6,6,1,4,0.6667,0.5,1.0,5,9,9,1.0
1112435,14431,14391,24519,6,6,1,4,0.6667,0.5,1.0,5,9,9,1.0
1110701,14416,14391,24519,6,6,1,4,0.6667,0.5,1.0,5,9,9,1.0
1122693,25024,25013,26576,6,6,1,4,0.6667,0.5,1.0,5,9,9,1.0
1122629,25018,25013,26576,6,6,1,4,0.6667,0.5,1.0,5,9,9,1.0
1275616,12163,24945,27921,6,6,1,4,0.6667,0.5,1.0,5,9,9,1.0
1265884,12020,24945,27921,6,6,1,4,0.6667,0.5,1.0,5,9,9,1.0
1282750,19587,19575,28577,6,6,1,4,0.6667,0.5,1.0,5,9,9,1.0
1282790,19582,19575,28577,6,6,1,4,0.6667,0.5,1.0,5,9,9,1.0
1306522,8124,8149,30733,6,6,1,4,0.6667,0.5,1.0,5,9,9,1.0
1137190,8091,8149,30733,6,6,1,4,0.6667,0.5,1.0,5,9,9,1.0
1170055,24840,11999,35730,6,6,1,4,0.6667,0.5,1.0,5,9,9,1.0
1208290,24787,11999,35730,6,6,1,4,0.6667,0.5,1.0,5,9,9,1.0
1188399,19620,27451,38175,6,6,1,4,0.6667,0.5,1.0,5,9,9,1.0
1186445,19612,27451,38175,6,6,1,4,0.6667,0.5,1.0,5,9,9,1.0
1271263,14381,14323,46115,6,6,1,4,0.6667,0.5,1.0,5,9,9,1.0
1271265,14281,14323,46115,6,6,1,4,0.6667,0.5,1.0,5,9,9,1.0
1271245,14366,14441,46316,6,6,1,4,0.6667,0.5,1.0,5,9,9,1.0
1271225,14493,14441,46316,6,6,1,4,0.6667,0.5,1.0,5,9,9,1.0
1297569,7502,7573,49549,6,6,1,4,0.6667,0.5,1.0,5,9,9,1.0
1297926,7652,7573,49549,6,6,1,4,0.6667,0.5,1.0,5,9,9,1.0
1308147,7971,22943,50890,6,6,1,4,0.6667,0.5,1.0,5,9,9,1.0
1304351,7995,22943,50890,6,6,1,4,0.6667,0.5,1.0,5,9,9,1.0
1000893,83807,5465,209,4,4,1,3,0.75,0.5,1.0,3,9,9,1.0
1006651,30364,24109,221,4,4,1,3,0.75,0.5,1.0,3,9,9,1.0
1001049,219,218,291,4,4,1,3,0.75,0.5,1.0,3,9,9,1.0
1001462,19819,19823,393,4,4,1,3,0.75,0.5,1.0,3,9,9,1.0
1001748,227,212,601,4,4,1,3,0.75,0.5,1.0,3,9,9,1.0
1007358,10404,10453,988,4,4,1,3,0.75,0.5,1.0,3,9,9,1.0
1003609,19710,19711,1169,4,4,1,3,0.75,0.5,1.0,3,9,9,1.0
1003823,19686,19689,1184,4,4,1,3,0.75,0.5,1.0,3,9,9,1.0
1003710,19711,27471,1201,4,4,1,3,0.75,0.5,1.0,3,9,9,1.0
1119488,25509,13678,1409,4,4,1,3,0.75,0.5,1.0,3,9,9,1.0
1004420,133432,133434,1461,4,4,1,3,0.75,0.5,1.0,3,9,9,1.0
1128761,131184,131185,2847,4,4,1,3,0.75,0.5,1.0,3,9,9,1.0
1013029,3933,3916,3896,4,4,1,3,0.75,0.5,1.0,3,9,9,1.0
1023961,24382,10715,4620,4,4,1,3,0.75,0.5,1.0,3,9,9,1.0
1027256,9059,23496,5111,4,4,1,3,0.75,0.5,1.0,3,9,9,1.0
1020592,9287,9241,5204,4,4,1,3,0.75,0.5,1.0,3,9,9,1.0
1046155,24406,24411,6004,4,4,1,3,0.75,0.5,1.0,3,9,9,1.0
1035239,6028,22111,9092,4,4,1,3,0.75,0.5,1.0,3,9,9,1.0
1042508,343708,343709,10239,4,4,1,3,0.75,0.5,1.0,3,9,9,1.0
1136930,181763,171839,12962,4,4,1,3,0.75,0.5,1.0,3,9,9,1.0
1308018,8274,8236,13708,4,4,1,3,0.75,0.5,1.0,3,9,9,1.0
1066736,247045,247043,14895,4,4,1,3,0.75,0.5,1.0,3,9,9,1.0
1067749,39337,39335,15226,4,4,1,3,0.75,0.5,1.0,3,9,9,1.0
1075750,27361,27352,17412,4,4,1,3,0.75,0.5,1.0,3,9,9,1.0
1090029,14083,14023,18255,4,4,1,3,0.75,0.5,1.0,3,9,9,1.0
1081528,13984,13998,18653,4,4,1,3,0.75,0.5,1.0,3,9,9,1.0
1081778,15751,15742,18713,4,4,1,3,0.75,0.5,1.0,3,9,9,1.0
1108667,17494,26746,19816,4,4,1,3,0.75,0.5,1.0,3,9,9,1.0
1089823,14148,14083,20044,4,4,1,3,0.75,0.5,1.0,3,9,9,1.0
1116403,13110,13173,20263,4,4,1,3,0.75,0.5,1.0,3,9,9,1.0
1113711,14078,14070,20387,4,4,1,3,0.75,0.5,1.0,3,9,9,1.0
1186188,19319,19353,20829,4,4,1,3,0.75,0.5,1.0,3,9,9,1.0
1154732,16930,16946,21448,4,4,1,3,0.75,0.5,1.0,3,9,9,1.0
1111762,18290,18234,21456,4,4,1,3,0.75,0.5,1.0,3,9,9,1.0
1189729,4391,4411,22456,4,4,1,3,0.75,0.5,1.0,3,9,9,1.0
1154796,26696,17225,22732,4,4,1,3,0.75,0.5,1.0,3,9,9,1.0
1276496,13930,13965,22993,4,4,1,3,0.75,0.5,1.0,3,9,9,1.0
1103078,26662,26670,23303,4,4,1,3,0.75,0.5,1.0,3,9,9,1.0
1106452,26696,17239,23305,4,4,1,3,0.75,0.5,1.0,3,9,9,1.0
1135863,40931,5041,24281,4,4,1,3,0.75,0.5,1.0,3,9,9,1.0
1112395,18183,18181,24890,4,4,1,3,0.75,0.5,1.0,3,9,9,1.0
1112927,12969,13008,25045,4,4,1,3,0.75,0.5,1.0,3,9,9,1.0
1116110,13064,13100,25127,4,4,1,3,0.75,0.5,1.0,3,9,9,1.0
1149716,234557,3194,25162,4,4,1,3,0.75,0.5,1.0,3,9,9,1.0
1113837,18239,18271,25270,4,4,1,3,0.75,0.5,1.0,3,9,9,1.0
1114755,13372,25408,25390,4,4,1,3,0.75,0.5,1.0,3,9,9,1.0
1118846,473035,473039,25862,4,4,1,3,0.75,0.5,1.0,3,9,9,1.0
1122390,1374,1391,26522,4,4,1,3,0.75,0.5,1.0,3,9,9,1.0
1143139,12207,19989,26907,4,4,1,3,0.75,0.5,1.0,3,9,9,1.0
1124725,1755,20257,27117,4,4,1,3,0.75,0.5,1.0,3,9,9,1.0
1206624,20978,25972,27598,4,4,1,3,0.75,0.5,1.0,3,9,9,1.0
1136226,145278,131510,29154,4,4,1,3,0.75,0.5,1.0,3,9,9,1.0
1269344,8879,8895,30107,4,4,1,3,0.75,0.5,1.0,3,9,9,1.0
1273533,23951,23959,30659,4,4,1,3,0.75,0.5,1.0,3,9,9,1.0
1220965,20028,20030,30909,4,4,1,3,0.75,0.5,1.0,3,9,9,1.0
1148355,20436,84768,32392,4,4,1,3,0.75,0.5,1.0,3,9,9,1.0
1154741,20391,20394,33444,4,4,1,3,0.75,0.5,1.0,3,9,9,1.0
1165472,17247,17241,34569,4,4,1,3,0.75,0.5,1.0,3,9,9,1.0
1196036,11419,11428,35840,4,4,1,3,0.75,0.5,1.0,3,9,9,1.0
1183657,4274,4318,36146,4,4,1,3,0.75,0.5,1.0,3,9,9,1.0
1175757,12399,12357,36528,4,4,1,3,0.75,0.5,1.0,3,9,9,1.0
1183802,73895,73894,37074,4,4,1,3,0.75,0.5,1.0,3,9,9,1.0
1179315,1497,1464,37379,4,4,1,3,0.75,0.5,1.0,3,9,9,1.0
1180368,26140,15649,37585,4,4,1,3,0.75,0.5,1.0,3,9,9,1.0
1181114,26303,16025,37745,4,4,1,3,0.75,0.5,1.0,3,9,9,1.0
1223227,12734,25149,39760,4,4,1,3,0.75,0.5,1.0,3,9,9,1.0
1197985,595,85730,39789,4,4,1,3,0.75,0.5,1.0,3,9,9,1.0
1226241,23269,8780,40287,4,4,1,3,0.75,0.5,1.0,3,9,9,1.0
1217936,24733,24717,40341,4,4,1,3,0.75,0.5,1.0,3,9,9,1.0
1269808,23326,23394,43541,4,4,1,3,0.75,0.5,1.0,3,9,9,1.0
1225430,9614,9700,43614,4,4,1,3,0.75,0.5,1.0,3,9,9,1.0
1266220,23897,23867,45185,4,4,1,3,0.75,0.5,1.0,3,9,9,1.0
1276306,14917,14960,46246,4,4,1,3,0.75,0.5,1.0,3,9,9,1.0
1274091,9386,9367,46794,4,4,1,3,0.75,0.5,1.0,3,9,9,1.0
1278177,4503,4519,47540,4,4,1,3,0.75,0.5,1.0,3,9,9,1.0
1288629,7867,7853,47773,4,4,1,3,0.75,0.5,1.0,3,9,9,1.0
1304090,7893,7918,50197,4,4,1,3,0.75,0.5,1.0,3,9,9,1.0
1301009,22952,22950,50273,4,4,1,3,0.75,0.5,1.0,3,9,9,1.0
1305794,8380,8321,51079,4,4,1,3,0.75,0.5,1.0,3,9,9,1.0
1309083,8555,8587,51482,4,4,1,3,0.75,0.5,1.0,3,9,9,1.0
1309358,23508,23447,51633,4,4,1,3,0.75,0.5,1.0,3,9,9,1.0
1156918,17430,17442,1076,11,11,3,8,0.7273,0.4545,1.0,10,9,9,1.0
1157599,17430,17442,1076,11,11,3,8,0.7273,0.4545,1.0,10,9,9,1.0
1154875,17430,17442,1076,11,11,3,8,0.7273,0.4545,1.0,10,9,9,1.0
1014507,140163,17109,4594,11,11,2,7,0.6364,0.4545,1.0,10,9,9,1.0
1093145,140163,17109,4594,11,11,2,7,0.6364,0.4545,1.0,10,9,9,1.0
1262427,9167,9150,27704,11,11,2,7,0.6364,0.4545,1.0,10,9,9,1.0
1266015,9167,9150,27704,11,11,2,7,0.6364,0.4545,1.0,10,9,9,1.0
1137078,9116,9150,27704,11,11,2,7,0.6364,0.4545,1.0,10,9,9,1.0
1134060,9116,9150,27704,11,11,2,7,0.6364,0.4545,1.0,10,9,9,1.0
1135530,19211,19166,6478,9,9,2,6,0.6667,0.4444,1.0,8,9,9,1.0
1024348,19211,19166,6478,9,9,2,6,0.6667,0.4444,1.0,8,9,9,1.0
1145117,14647,25813,25104,9,9,1,5,0.5556,0.4444,1.0,8,9,9,1.0
1021163,8646,8669,1467,7,7,2,5,0.7143,0.4286,1.0,6,9,9,1.0
1021199,8646,8669,1467,7,7,2,5,0.7143,0.4286,1.0,6,9,9,1.0
1145648,2853,2870,2972,7,7,2,5,0.7143,0.4286,1.0,6,9,9,1.0
1145619,2853,2870,2972,7,7,2,5,0.7143,0.4286,1.0,6,9,9,1.0
1246111,69412,11873,3812,7,7,2,5,0.7143,0.4286,1.0,6,9,9,1.0
1012908,69412,11873,3812,7,7,2,5,0.7143,0.4286,1.0,6,9,9,1.0
1306960,8422,8382,4803,7,7,2,5,0.7143,0.4286,1.0,6,9,9,1.0
1306961,8422,8382,4803,7,7,2,5,0.7143,0.4286,1.0,6,9,9,1.0
1053304,22783,7558,6260,7,7,2,5,0.7143,0.4286,1.0,6,9,9,1.0
1027183,22783,7558,6260,7,7,2,5,0.7143,0.4286,1.0,6,9,9,1.0
1044617,22837,7696,11105,7,7,2,5,0.7143,0.4286,1.0,6,9,9,1.0
1044618,22837,7696,11105,7,7,2,5,0.7143,0.4286,1.0,6,9,9,1.0
1070618,5400,21852,11570,7,7,2,5,0.7143,0.4286,1.0,6,9,9,1.0
1047308,5400,21852,11570,7,7,2,5,0.7143,0.4286,1.0,6,9,9,1.0
1077429,5243,375227,17410,7,7,2,5,0.7143,0.4286,1.0,6,9,9,1.0
1076772,5243,375227,17410,7,7,2,5,0.7143,0.4286,1.0,6,9,9,1.0
1109390,86364,5212,24278,7,7,2,5,0.7143,0.4286,1.0,6,9,9,1.0
1171715,86364,5212,24278,7,7,2,5,0.7143,0.4286,1.0,6,9,9,1.0
1111244,5088,5091,24286,7,7,2,5,0.7143,0.4286,1.0,6,9,9,1.0
1111245,5088,5091,24286,7,7,2,5,0.7143,0.4286,1.0,6,9,9,1.0
1132967,9040,9004,29419,7,7,2,5,0.7143,0.4286,1.0,6,9,9,1.0
1234802,9040,9004,29419,7,7,2,5,0.7143,0.4286,1.0,6,9,9,1.0
1302958,22349,6653,30982,7,7,1,4,0.5714,0.4286,1.0,6,9,9,1.0
1174452,27285,19116,33973,7,7,2,5,0.7143,0.4286,1.0,6,9,9,1.0
1174453,27285,19116,33973,7,7,2,5,0.7143,0.4286,1.0,6,9,9,1.0
1183895,26945,26958,34829,7,7,1,4,0.5714,0.4286,1.0,6,9,9,1.0
1184826,18832,18849,35033,7,7,2,5,0.7143,0.4286,1.0,6,9,9,1.0
1167045,18832,18849,35033,7,7,2,5,0.7143,0.4286,1.0,6,9,9,1.0
1180670,12824,12915,36307,7,7,2,5,0.7143,0.4286,1.0,6,9,9,1.0
1180671,12824,12915,36307,7,7,2,5,0.7143,0.4286,1.0,6,9,9,1.0
1175083,16333,16407,36318,7,7,1,4,0.5714,0.4286,1.0,6,9,9,1.0
1190454,2783,20926,38968,7,7,2,5,0.7143,0.4286,1.0,6,9,9,1.0
1190427,2783,20926,38968,7,7,2,5,0.7143,0.4286,1.0,6,9,9,1.0
1195606,258242,258236,39187,7,7,2,5,0.7143,0.4286,1.0,6,9,9,1.0
1195607,258242,258236,39187,7,7,2,5,0.7143,0.4286,1.0,6,9,9,1.0
1229501,652,663,39784,7,7,1,4,0.5714,0.4286,1.0,6,9,9,1.0
1223030,11860,11832,40179,7,7,2,5,0.7143,0.4286,1.0,6,9,9,1.0
1218725,11860,11832,40179,7,7,2,5,0.7143,0.4286,1.0,6,9,9,1.0
1280257,4678,4680,45496,7,7,2,5,0.7143,0.4286,1.0,6,9,9,1.0
1282220,4678,4680,45496,7,7,2,5,0.7143,0.4286,1.0,6,9,9,1.0
1268159,8356,8362,45713,7,7,2,5,0.7143,0.4286,1.0,6,9,9,1.0
1268160,8356,8362,45713,7,7,2,5,0.7143,0.4286,1.0,6,9,9,1.0
1306494,26626,21629,46335,7,7,2,5,0.7143,0.4286,1.0,6,9,9,1.0
1271261,26626,21629,46335,7,7,2,5,0.7143,0.4286,1.0,6,9,9,1.0
1281343,17834,26897,47139,7,7,2,5,0.7143,0.4286,1.0,6,9,9,1.0
1276650,17834,26897,47139,7,7,2,5,0.7143,0.4286,1.0,6,9,9,1.0
1280134,18300,18322,48053,7,7,2,5,0.7143,0.4286,1.0,6,9,9,1.0
1280135,18300,18322,48053,7,7,2,5,0.7143,0.4286,1.0,6,9,9,1.0
1183852,18902,19008,3871,12,12,1,6,0.5,0.4167,1.0,11,9,9,1.0
1195390,19560,27436,9140,10,10,1,5,0.5,0.4,1.0,9,9,9,1.0
1035511,19546,27436,9140,10,10,1,5,0.5,0.4,1.0,9,9,9,1.0
1076584,5223,5227,17414,10,10,3,7,0.7,0.4,1.0,9,9,9,1.0
1075756,5223,5227,17414,10,10,3,7,0.7,0.4,1.0,9,9,9,1.0
1076729,5223,5227,17414,10,10,3,7,0.7,0.4,1.0,9,9,9,1.0
1112528,14672,14592,24920,10,10,3,7,0.7,0.4,1.0,9,9,9,1.0
1112531,14672,14592,24920,10,10,3,7,0.7,0.4,1.0,9,9,9,1.0
1144727,14672,14592,24920,10,10,3,7,0.7,0.4,1.0,9,9,9,1.0
1200564,9626,9660,28398,10,10,1,5,0.5,0.4,1.0,9,9,9,1.0
1202560,16932,53403,29291,10,10,1,5,0.5,0.4,1.0,9,9,9,1.0
1001379,268161,298,352,5,5,1,3,0.6,0.4,1.0,4,9,9,1.0
1005477,301,298,352,5,5,1,3,0.6,0.4,1.0,4,9,9,1.0
1068149,5767,5773,15300,5,5,1,3,0.6,0.4,1.0,4,9,9,1.0
1068132,5772,5773,15300,5,5,1,3,0.6,0.4,1.0,4,9,9,1.0
1109910,15764,15743,18823,5,5,1,3,0.6,0.4,1.0,4,9,9,1.0
1082141,15751,15743,18823,5,5,1,3,0.6,0.4,1.0,4,9,9,1.0
1111002,18116,18129,23871,5,5,1,3,0.6,0.4,1.0,4,9,9,1.0
1111319,18154,18129,23871,5,5,1,3,0.6,0.4,1.0,4,9,9,1.0
1109834,18825,18827,24206,5,5,1,3,0.6,0.4,1.0,4,9,9,1.0
1110692,14166,25657,24529,5,5,1,3,0.6,0.4,1.0,4,9,9,1.0
1155769,14341,25657,24529,5,5,1,3,0.6,0.4,1.0,4,9,9,1.0
1002198,255,232,442,8,8,2,5,0.625,0.375,1.0,7,9,9,1.0
1001382,255,232,442,8,8,2,5,0.625,0.375,1.0,7,9,9,1.0
1046972,40615,40616,3713,8,8,2,5,0.625,0.375,1.0,7,9,9,1.0
1046973,40615,40616,3713,8,8,2,5,0.625,0.375,1.0,7,9,9,1.0
1168993,19050,27272,19297,8,8,2,5,0.625,0.375,1.0,7,9,9,1.0
1083408,19050,27272,19297,8,8,2,5,0.625,0.375,1.0,7,9,9,1.0
1184699,19626,19625,20793,8,8,1,4,0.5,0.375,1.0,7,9,9,1.0
1178157,2544,25806,26296,8,8,2,5,0.625,0.375,1.0,7,9,9,1.0
1178159,2544,25806,26296,8,8,2,5,0.625,0.375,1.0,7,9,9,1.0
1218584,9432,9473,39932,8,8,1,4,0.5,0.375,1.0,7,9,9,1.0
1198437,9501,9473,39932,8,8,1,4,0.5,0.375,1.0,7,9,9,1.0
1106252,19269,5210,21703,11,11,2,6,0.5455,0.3636,1.0,10,9,9,1.0
1106253,19269,5210,21703,11,11,2,6,0.5455,0.3636,1.0,10,9,9,1.0
1113149,25797,25838,25121,11,11,3,7,0.6364,0.3636,1.0,10,9,9,1.0
1113151,25797,25838,25121,11,11,3,7,0.6364,0.3636,1.0,10,9,9,1.0
1149941,25797,25838,25121,11,11,3,7,0.6364,0.3636,1.0,10,9,9,1.0
1231978,25813,14517,25117,12,12,4,8,0.6667,0.3333,1.0,11,9,9,1.0
1118785,25813,14517,25117,12,12,4,8,0.6667,0.3333,1.0,11,9,9,1.0
1113138,25813,14517,25117,12,12,4,8,0.6667,0.3333,1.0,11,9,9,1.0
1113139,25813,14517,25117,12,12,4,8,0.6667,0.3333,1.0,11,9,9,1.0
1175068,16540,26489,36333,12,12,1,5,0.4167,0.3333,1.0,11,9,9,1.0
1070663,5325,5321,15870,9,9,3,6,0.6667,0.3333,1.0,8,9,9,1.0
1074956,5325,5321,15870,9,9,3,6,0.6667,0.3333,1.0,8,9,9,1.0
1084424,5325,5321,15870,9,9,3,6,0.6667,0.3333,1.0,8,9,9,1.0
1072461,343147,1479,16364,9,9,3,6,0.6667,0.3333,1.0,8,9,9,1.0
1122617,343147,1479,16364,9,9,3,6,0.6667,0.3333,1.0,8,9,9,1.0
1125063,343147,1479,16364,9,9,3,6,0.6667,0.3333,1.0,8,9,9,1.0
1180952,15625,15627,28387,9,9,3,6,0.6667,0.3333,1.0,8,9,9,1.0
1166224,15625,15627,28387,9,9,3,6,0.6667,0.3333,1.0,8,9,9,1.0
1180188,15625,15627,28387,9,9,3,6,0.6667,0.3333,1.0,8,9,9,1.0
1309594,6034,6024,29079,9,9,3,6,0.6667,0.3333,1.0,8,9,9,1.0
1309596,6034,6024,29079,9,9,3,6,0.6667,0.3333,1.0,8,9,9,1.0
1309597,6034,6024,29079,9,9,3,6,0.6667,0.3333,1.0,8,9,9,1.0
1279226,7124,7142,30174,9,9,2,5,0.5556,0.3333,1.0,8,9,9,1.0
1298370,7124,7142,30174,9,9,2,5,0.5556,0.3333,1.0,8,9,9,1.0
1298371,7171,7142,30174,9,9,2,5,0.5556,0.3333,1.0,8,9,9,1.0
1298373,7171,7142,30174,9,9,2,5,0.5556,0.3333,1.0,8,9,9,1.0
1210649,13389,13255,41957,9,9,1,4,0.4444,0.3333,1.0,8,9,9,1.0
1306398,16813,16690,47972,9,9,1,4,0.4444,0.3333,1.0,8,9,9,1.0
1308563,58,6820,49563,9,9,2,5,0.5556,0.3333,1.0,8,9,9,1.0
1311367,6837,6820,49563,9,9,2,5,0.5556,0.3333,1.0,8,9,9,1.0
1307068,6837,6820,49563,9,9,2,5,0.5556,0.3333,1.0,8,9,9,1.0
1297617,58,6820,49563,9,9,2,5,0.5556,0.3333,1.0,8,9,9,1.0
1306240,26606,17007,51142,9,9,3,6,0.6667,0.3333,1.0,8,9,9,1.0
1306222,26606,17007,51142,9,9,3,6,0.6667,0.3333,1.0,8,9,9,1.0
1306225,26606,17007,51142,9,9,3,6,0.6667,0.3333,1.0,8,9,9,1.0
1003639,19696,19690,153,6,6,1,3,0.5,0.3333,1.0,5,9,9,1.0
1000990,19706,19708,270,6,6,2,4,0.6667,0.3333,1.0,5,9,9,1.0
1003821,19706,19708,270,6,6,2,4,0.6667,0.3333,1.0,5,9,9,1.0
1009051,23926,23936,1537,6,6,2,4,0.6667,0.3333,1.0,5,9,9,1.0
1048664,23926,23936,1537,6,6,2,4,0.6667,0.3333,1.0,5,9,9,1.0
1005926,14290,14321,1961,6,6,2,4,0.6667,0.3333,1.0,5,9,9,1.0
1109836,14290,14321,1961,6,6,2,4,0.6667,0.3333,1.0,5,9,9,1.0
1134634,383823,383824,3493,6,6,2,4,0.6667,0.3333,1.0,5,9,9,1.0
1070880,383823,383824,3493,6,6,2,4,0.6667,0.3333,1.0,5,9,9,1.0
1027878,7797,7852,5082,6,6,2,4,0.6667,0.3333,1.0,5,9,9,1.0
1053951,7797,7852,5082,6,6,2,4,0.6667,0.3333,1.0,5,9,9,1.0
1022578,10909,10942,6028,6,6,2,4,0.6667,0.3333,1.0,5,9,9,1.0
1022580,10909,10942,6028,6,6,2,4,0.6667,0.3333,1.0,5,9,9,1.0
1024239,24445,66227,6442,6,6,2,4,0.6667,0.3333,1.0,5,9,9,1.0
1024240,24445,66227,6442,6,6,2,4,0.6667,0.3333,1.0,5,9,9,1.0
1068321,19183,19179,7322,6,6,2,4,0.6667,0.3333,1.0,5,9,9,1.0
1068324,19183,19179,7322,6,6,2,4,0.6667,0.3333,1.0,5,9,9,1.0
1029454,7628,22837,7653,6,6,2,4,0.6667,0.3333,1.0,5,9,9,1.0
1029497,7628,22837,7653,6,6,2,4,0.6667,0.3333,1.0,5,9,9,1.0
1045398,6135,22208,8063,6,6,2,4,0.6667,0.3333,1.0,5,9,9,1.0
1045402,6135,22208,8063,6,6,2,4,0.6667,0.3333,1.0,5,9,9,1.0
1064943,7708,7732,8925,6,6,1,3,0.5,0.3333,1.0,5,9,9,1.0
1298932,463436,463437,10315,6,6,2,4,0.6667,0.3333,1.0,5,9,9,1.0
1040797,463436,463437,10315,6,6,2,4,0.6667,0.3333,1.0,5,9,9,1.0
1056802,99484,99485,11779,6,6,2,4,0.6667,0.3333,1.0,5,9,9,1.0
1084744,99484,99485,11779,6,6,2,4,0.6667,0.3333,1.0,5,9,9,1.0
1058820,376003,375133,13111,6,6,2,4,0.6667,0.3333,1.0,5,9,9,1.0
1059366,376003,375133,13111,6,6,2,4,0.6667,0.3333,1.0,5,9,9,1.0
1090732,15479,15470,13776,6,6,2,4,0.6667,0.3333,1.0,5,9,9,1.0
1060084,15479,15470,13776,6,6,2,4,0.6667,0.3333,1.0,5,9,9,1.0
1083057,15803,26199,13796,6,6,2,4,0.6667,0.3333,1.0,5,9,9,1.0
1087843,15803,26199,13796,6,6,2,4,0.6667,0.3333,1.0,5,9,9,1.0
1060143,15850,26223,13798,6,6,2,4,0.6667,0.3333,1.0,5,9,9,1.0
1089940,15850,26223,13798,6,6,2,4,0.6667,0.3333,1.0,5,9,9,1.0
1069040,19229,19227,15503,6,6,2,4,0.6667,0.3333,1.0,5,9,9,1.0
1069992,19229,19227,15503,6,6,2,4,0.6667,0.3333,1.0,5,9,9,1.0
1069314,19183,19170,15551,6,6,2,4,0.6667,0.3333,1.0,5,9,9,1.0
1069302,19183,19170,15551,6,6,2,4,0.6667,0.3333,1.0,5,9,9,1.0
1189830,384831,384828,15934,6,6,1,3,0.5,0.3333,1.0,5,9,9,1.0
1302772,6501,6451,16641,6,6,2,4,0.6667,0.3333,1.0,5,9,9,1.0
1073259,6501,6451,16641,6,6,2,4,0.6667,0.3333,1.0,5,9,9,1.0
1250601,11600,11587,16642,6,6,2,4,0.6667,0.3333,1.0,5,9,9,1.0
1136119,11600,11587,16642,6,6,2,4,0.6667,0.3333,1.0,5,9,9,1.0
1225047,23751,23763,16916,6,6,2,4,0.6667,0.3333,1.0,5,9,9,1.0
1225048,23751,23763,16916,6,6,2,4,0.6667,0.3333,1.0,5,9,9,1.0
1208350,11357,11338,17430,6,6,2,4,0.6667,0.3333,1.0,5,9,9,1.0
1075835,11357,11338,17430,6,6,2,4,0.6667,0.3333,1.0,5,9,9,1.0
1076171,243205,179527,17494,6,6,2,4,0.6667,0.3333,1.0,5,9,9,1.0
1076187,243205,179527,17494,6,6,2,4,0.6667,0.3333,1.0,5,9,9,1.0
1079485,16569,16559,18203,6,6,2,4,0.6667,0.3333,1.0,5,9,9,1.0
1090025,16569,16559,18203,6,6,2,4,0.6667,0.3333,1.0,5,9,9,1.0
1082293,15748,15789,18895,6,6,2,4,0.6667,0.3333,1.0,5,9,9,1.0
1082295,15748,15789,18895,6,6,2,4,0.6667,0.3333,1.0,5,9,9,1.0
1090628,26149,15648,19724,6,6,2,4,0.6667,0.3333,1.0,5,9,9,1.0
1090279,26149,15648,19724,6,6,2,4,0.6667,0.3333,1.0,5,9,9,1.0
1089827,25787,14589,19771,6,6,2,4,0.6667,0.3333,1.0,5,9,9,1.0
1088629,25787,14589,19771,6,6,2,4,0.6667,0.3333,1.0,5,9,9,1.0
1089407,14467,14486,19974,6,6,2,4,0.6667,0.3333,1.0,5,9,9,1.0
1114101,14467,14486,19974,6,6,2,4,0.6667,0.3333,1.0,5,9,9,1.0
1089412,14435,14467,19977,6,6,2,4,0.6667,0.3333,1.0,5,9,9,1.0
1089413,14435,14467,19977,6,6,2,4,0.6667,0.3333,1.0,5,9,9,1.0
1185981,19539,27426,20984,6,6,1,3,0.5,0.3333,1.0,5,9,9,1.0
1185499,19542,19521,20989,6,6,2,4,0.6667,0.3333,1.0,5,9,9,1.0
1092432,19542,19521,20989,6,6,2,4,0.6667,0.3333,1.0,5,9,9,1.0
1113158,13168,13247,21859,6,6,2,4,0.6667,0.3333,1.0,5,9,9,1.0
1112654,13168,13247,21859,6,6,2,4,0.6667,0.3333,1.0,5,9,9,1.0
1219599,383836,377979,22416,6,6,1,3,0.5,0.3333,1.0,5,9,9,1.0
1191065,377982,377979,22416,6,6,1,3,0.5,0.3333,1.0,5,9,9,1.0
1164089,377980,377979,22416,6,6,1,3,0.5,0.3333,1.0,5,9,9,1.0
1103070,16157,16197,23296,6,6,2,4,0.6667,0.3333,1.0,5,9,9,1.0
1103071,16157,16197,23296,6,6,2,4,0.6667,0.3333,1.0,5,9,9,1.0
1113668,26594,26601,23309,6,6,2,4,0.6667,0.3333,1.0,5,9,9,1.0
1113673,26594,26601,23309,6,6,2,4,0.6667,0.3333,1.0,5,9,9,1.0
1111891,14679,14697,23340,6,6,1,3,0.5,0.3333,1.0,5,9,9,1.0
1103614,17349,17360,23420,6,6,2,4,0.6667,0.3333,1.0,5,9,9,1.0
1103617,17349,17360,23420,6,6,2,4,0.6667,0.3333,1.0,5,9,9,1.0
1111446,5137,5155,23627,6,6,2,4,0.6667,0.3333,1.0,5,9,9,1.0
1111447,5137,5155,23627,6,6,2,4,0.6667,0.3333,1.0,5,9,9,1.0
1105762,5153,5160,23901,6,6,2,4,0.6667,0.3333,1.0,5,9,9,1.0
1105765,5153,5160,23901,6,6,2,4,0.6667,0.3333,1.0,5,9,9,1.0
1109178,18131,27069,24233,6,6,2,4,0.6667,0.3333,1.0,5,9,9,1.0
1109179,18131,27069,24233,6,6,2,4,0.6667,0.3333,1.0,5,9,9,1.0
1110002,18159,27058,24401,6,6,2,4,0.6667,0.3333,1.0,5,9,9,1.0
1110432,18159,27058,24401,6,6,2,4,0.6667,0.3333,1.0,5,9,9,1.0
1111009,27071,18183,24593,6,6,1,3,0.5,0.3333,1.0,5,9,9,1.0
1114930,12937,12936,24654,6,6,2,4,0.6667,0.3333,1.0,5,9,9,1.0
1114893,12937,12936,24654,6,6,2,4,0.6667,0.3333,1.0,5,9,9,1.0
1149742,27105,18238,24809,6,6,2,4,0.6667,0.3333,1.0,5,9,9,1.0
1112428,27105,18238,24809,6,6,2,4,0.6667,0.3333,1.0,5,9,9,1.0
1113894,14455,14415,24895,6,6,2,4,0.6667,0.3333,1.0,5,9,9,1.0
1112449,14455,14415,24895,6,6,2,4,0.6667,0.3333,1.0,5,9,9,1.0
1112457,14701,25840,24898,6,6,2,4,0.6667,0.3333,1.0,5,9,9,1.0
1112458,14701,25840,24898,6,6,2,4,0.6667,0.3333,1.0,5,9,9,1.0
1119265,473039,473040,25854,6,6,2,4,0.6667,0.3333,1.0,5,9,9,1.0
1119214,473039,473040,25854,6,6,2,4,0.6667,0.3333,1.0,5,9,9,1.0
1119326,473038,473036,25998,6,6,2,4,0.6667,0.3333,1.0,5,9,9,1.0
1119313,473038,473036,25998,6,6,2,4,0.6667,0.3333,1.0,5,9,9,1.0
1122685,25036,12458,26590,6,6,2,4,0.6667,0.3333,1.0,5,9,9,1.0
1122686,25036,12458,26590,6,6,2,4,0.6667,0.3333,1.0,5,9,9,1.0
1171342,12458,12391,26602,6,6,2,4,0.6667,0.3333,1.0,5,9,9,1.0
1122680,12458,12391,26602,6,6,2,4,0.6667,0.3333,1.0,5,9,9,1.0
1124059,53725,13371,26965,6,6,2,4,0.6667,0.3333,1.0,5,9,9,1.0
1124060,53725,13371,26965,6,6,2,4,0.6667,0.3333,1.0,5,9,9,1.0
1125655,2374,20535,27292,6,6,2,4,0.6667,0.3333,1.0,5,9,9,1.0
1220926,2374,20535,27292,6,6,2,4,0.6667,0.3333,1.0,5,9,9,1.0
1126027,14389,14329,27378,6,6,2,4,0.6667,0.3333,1.0,5,9,9,1.0
1126028,14389,14329,27378,6,6,2,4,0.6667,0.3333,1.0,5,9,9,1.0
1133159,260166,261118,29513,6,6,1,3,0.5,0.3333,1.0,5,9,9,1.0
1308734,118,116,30509,6,6,1,3,0.5,0.3333,1.0,5,9,9,1.0
1277050,25667,25668,30805,6,6,2,4,0.6667,0.3333,1.0,5,9,9,1.0
1277051,25667,25668,30805,6,6,2,4,0.6667,0.3333,1.0,5,9,9,1.0
1149921,25761,25762,30838,6,6,2,4,0.6667,0.3333,1.0,5,9,9,1.0
1137579,25761,25762,30838,6,6,2,4,0.6667,0.3333,1.0,5,9,9,1.0
1187214,15548,15519,31039,6,6,2,4,0.6667,0.3333,1.0,5,9,9,1.0
1186809,15548,15519,31039,6,6,2,4,0.6667,0.3333,1.0,5,9,9,1.0
1179795,345003,350091,31126,6,6,2,4,0.6667,0.3333,1.0,5,9,9,1.0
1179975,345003,350091,31126,6,6,2,4,0.6667,0.3333,1.0,5,9,9,1.0
1166063,16395,16400,34813,6,6,1,3,0.5,0.3333,1.0,5,9,9,1.0
1220960,13388,13352,35565,6,6,2,4,0.6667,0.3333,1.0,5,9,9,1.0
1221059,13388,13352,35565,6,6,2,4,0.6667,0.3333,1.0,5,9,9,1.0
1169997,11229,11248,35723,6,6,2,4,0.6667,0.3333,1.0,5,9,9,1.0
1169998,11229,11248,35723,6,6,2,4,0.6667,0.3333,1.0,5,9,9,1.0
1221839,10446,10478,35953,6,6,2,4,0.6667,0.3333,1.0,5,9,9,1.0
1196283,10446,10478,35953,6,6,2,4,0.6667,0.3333,1.0,5,9,9,1.0
1188783,20977,2805,37490,6,6,2,4,0.6667,0.3333,1.0,5,9,9,1.0
1179904,20977,2805,37490,6,6,2,4,0.6667,0.3333,1.0,5,9,9,1.0
1180765,16186,16137,37587,6,6,2,4,0.6667,0.3333,1.0,5,9,9,1.0
1180766,16186,16137,37587,6,6,2,4,0.6667,0.3333,1.0,5,9,9,1.0
1188336,19430,19445,38263,6,6,2,4,0.6667,0.3333,1.0,5,9,9,1.0
1188308,19430,19445,38263,6,6,2,4,0.6667,0.3333,1.0,5,9,9,1.0
1196888,10814,10846,39478,6,6,2,4,0.6667,0.3333,1.0,5,9,9,1.0
1207177,10814,10846,39478,6,6,2,4,0.6667,0.3333,1.0,5,9,9,1.0
1217012,11315,11332,39821,6,6,2,4,0.6667,0.3333,1.0,5,9,9,1.0
1229284,11315,11332,39821,6,6,2,4,0.6667,0.3333,1.0,5,9,9,1.0
1198229,10739,10770,39841,6,6,2,4,0.6667,0.3333,1.0,5,9,9,1.0
1198138,10739,10770,39841,6,6,2,4,0.6667,0.3333,1.0,5,9,9,1.0
1199871,24914,24947,40334,6,6,2,4,0.6667,0.3333,1.0,5,9,9,1.0
1201243,24914,24947,40334,6,6,2,4,0.6667,0.3333,1.0,5,9,9,1.0
1273711,20381,2011,41438,6,6,2,4,0.6667,0.3333,1.0,5,9,9,1.0
1207273,20381,2011,41438,6,6,2,4,0.6667,0.3333,1.0,5,9,9,1.0
1222859,10889,10858,43348,6,6,2,4,0.6667,0.3333,1.0,5,9,9,1.0
1222904,10889,10858,43348,6,6,2,4,0.6667,0.3333,1.0,5,9,9,1.0
1267817,11693,11818,43452,6,6,2,4,0.6667,0.3333,1.0,5,9,9,1.0
1267818,11693,11818,43452,6,6,2,4,0.6667,0.3333,1.0,5,9,9,1.0
1229429,10704,10675,44419,6,6,2,4,0.6667,0.3333,1.0,5,9,9,1.0
1229442,10704,10675,44419,6,6,2,4,0.6667,0.3333,1.0,5,9,9,1.0
1268729,23671,23655,45837,6,6,1,3,0.5,0.3333,1.0,5,9,9,1.0
1274001,9996,9973,46781,6,6,1,3,0.5,0.3333,1.0,5,9,9,1.0
1277418,25782,25805,47383,6,6,2,4,0.6667,0.3333,1.0,5,9,9,1.0
1280967,25782,25805,47383,6,6,2,4,0.6667,0.3333,1.0,5,9,9,1.0
1310355,6092,6096,50374,6,6,2,4,0.6667,0.3333,1.0,5,9,9,1.0
1301452,6092,6096,50374,6,6,2,4,0.6667,0.3333,1.0,5,9,9,1.0
1304242,22503,22489,50384,6,6,2,4,0.6667,0.3333,1.0,5,9,9,1.0
1301505,22503,22489,50384,6,6,2,4,0.6667,0.3333,1.0,5,9,9,1.0
1301576,22240,22244,50409,6,6,2,4,0.6667,0.3333,1.0,5,9,9,1.0
1301577,22240,22244,50409,6,6,2,4,0.6667,0.3333,1.0,5,9,9,1.0
1310354,6083,6092,50983,6,6,2,4,0.6667,0.3333,1.0,5,9,9,1.0
1310946,6083,6092,50983,6,6,2,4,0.6667,0.3333,1.0,5,9,9,1.0
1012540,15373,501900,21,3,3,1,2,0.6667,0.3333,1.0,2,9,9,1.0
1000841,19709,5495,197,3,3,1,2,0.6667,0.3333,1.0,2,9,9,1.0
1001232,446,19848,381,3,3,1,2,0.6667,0.3333,1.0,2,9,9,1.0
1001945,294,280,634,3,3,1,2,0.6667,0.3333,1.0,2,9,9,1.0
1002164,432,427,790,3,3,1,2,0.6667,0.3333,1.0,2,9,9,1.0
1018702,69414,9681,1118,3,3,1,2,0.6667,0.3333,1.0,2,9,9,1.0
1005535,136638,5583,1129,3,3,1,2,0.6667,0.3333,1.0,2,9,9,1.0
1011456,136299,11205,2001,3,3,1,2,0.6667,0.3333,1.0,2,9,9,1.0
1133325,22027,331196,3764,3,3,1,2,0.6667,0.3333,1.0,2,9,9,1.0
1013176,9478,9433,4000,3,3,1,2,0.6667,0.3333,1.0,2,9,9,1.0
1014331,453851,453852,4532,3,3,1,2,0.6667,0.3333,1.0,2,9,9,1.0
1273719,9946,23897,4977,3,3,1,2,0.6667,0.3333,1.0,2,9,9,1.0
1276974,283842,154239,4985,3,3,1,2,0.6667,0.3333,1.0,2,9,9,1.0
1142388,3036,389963,5001,4,3,1,2,0.6667,0.3333,1.0,3,9,9,1.0
1020760,23286,8744,5547,3,3,1,2,0.6667,0.3333,1.0,2,9,9,1.0
1026746,24125,10354,6501,3,3,1,2,0.6667,0.3333,1.0,2,9,9,1.0
1197353,175682,20045,6633,3,3,1,2,0.6667,0.3333,1.0,2,9,9,1.0
1277533,21623,4580,6745,3,3,1,2,0.6667,0.3333,1.0,2,9,9,1.0
1036696,7872,7892,9384,3,3,1,2,0.6667,0.3333,1.0,2,9,9,1.0
1136078,70685,31363,11339,3,3,1,2,0.6667,0.3333,1.0,2,9,9,1.0
1288471,9860,9896,12056,3,3,1,2,0.6667,0.3333,1.0,2,9,9,1.0
1070989,9715,9758,15987,3,3,1,2,0.6667,0.3333,1.0,2,9,9,1.0
1180616,390722,48612,16497,3,3,1,2,0.6667,0.3333,1.0,2,9,9,1.0
1072952,242235,2851,16509,3,3,1,2,0.6667,0.3333,1.0,2,9,9,1.0
1073559,21816,19377,16780,3,3,1,2,0.6667,0.3333,1.0,2,9,9,1.0
1073695,375935,5978,16874,3,3,1,2,0.6667,0.3333,1.0,2,9,9,1.0
1111854,16060,16080,17527,3,3,1,2,0.6667,0.3333,1.0,2,9,9,1.0
1076620,19234,19235,17605,3,3,1,2,0.6667,0.3333,1.0,2,9,9,1.0
1079304,15962,26260,18159,3,3,1,2,0.6667,0.3333,1.0,2,9,9,1.0
1082249,15973,15983,18876,3,3,1,2,0.6667,0.3333,1.0,2,9,9,1.0
1082566,15465,15482,18993,3,3,1,2,0.6667,0.3333,1.0,2,9,9,1.0
1288955,24994,12305,19112,3,3,1,2,0.6667,0.3333,1.0,2,9,9,1.0
1088814,391051,375453,19811,3,3,1,2,0.6667,0.3333,1.0,2,9,9,1.0
1133691,209276,53412,19961,3,3,1,2,0.6667,0.3333,1.0,2,9,9,1.0
1111938,5158,5173,22515,3,3,1,2,0.6667,0.3333,1.0,2,9,9,1.0
1105602,14015,14051,23850,3,3,1,2,0.6667,0.3333,1.0,2,9,9,1.0
1121071,3322,3337,26145,3,3,1,2,0.6667,0.3333,1.0,2,9,9,1.0
1125093,1375,1336,26488,3,3,1,2,0.6667,0.3333,1.0,2,9,9,1.0
1126081,25691,14276,27402,3,3,1,2,0.6667,0.3333,1.0,2,9,9,1.0
1132010,258250,258249,28983,3,3,1,2,0.6667,0.3333,1.0,2,9,9,1.0
1299233,458747,172495,29134,3,3,1,2,0.6667,0.3333,1.0,2,9,9,1.0
1281594,6285,6274,29756,3,3,1,2,0.6667,0.3333,1.0,2,9,9,1.0
1278071,20376,20371,29873,3,3,1,2,0.6667,0.3333,1.0,2,9,9,1.0
1142969,10426,24192,30493,3,3,1,2,0.6667,0.3333,1.0,2,9,9,1.0
1143093,1875,13839,31362,3,3,1,2,0.6667,0.3333,1.0,2,9,9,1.0
1152864,15952,226244,32847,3,3,1,2,0.6667,0.3333,1.0,2,9,9,1.0
1157614,17355,17310,33878,3,3,1,2,0.6667,0.3333,1.0,2,9,9,1.0
1170414,11344,24567,35854,3,3,1,2,0.6667,0.3333,1.0,2,9,9,1.0
1208466,11848,11840,36183,3,3,1,2,0.6667,0.3333,1.0,2,9,9,1.0
1177233,13999,13967,36958,3,3,1,2,0.6667,0.3333,1.0,2,9,9,1.0
1187219,3550,3584,38482,3,3,1,2,0.6667,0.3333,1.0,2,9,9,1.0
1188991,344378,4388,38767,3,3,1,2,0.6667,0.3333,1.0,2,9,9,1.0
1229182,11525,11457,39877,3,3,1,2,0.6667,0.3333,1.0,2,9,9,1.0
1199574,24049,10113,40257,3,3,1,2,0.6667,0.3333,1.0,2,9,9,1.0
1202490,18453,18454,40886,3,3,1,2,0.6667,0.3333,1.0,2,9,9,1.0
1205679,2289,20528,41162,3,3,1,2,0.6667,0.3333,1.0,2,9,9,1.0
1217518,444,437,42474,3,3,1,2,0.6667,0.3333,1.0,2,9,9,1.0
1224857,280641,280640,43468,3,3,1,2,0.6667,0.3333,1.0,2,9,9,1.0
1287281,10358,10292,45786,3,3,1,2,0.6667,0.3333,1.0,2,9,9,1.0
1289201,11548,11270,46024,3,3,1,2,0.6667,0.3333,1.0,2,9,9,1.0
1287441,9821,23864,46693,3,3,1,2,0.6667,0.3333,1.0,2,9,9,1.0
1273707,20381,2011,46718,3,3,1,2,0.6667,0.3333,1.0,2,9,9,1.0
1289594,9869,9890,46850,3,3,1,2,0.6667,0.3333,1.0,2,9,9,1.0
1276247,7249,22673,46970,3,3,1,2,0.6667,0.3333,1.0,2,9,9,1.0
1276521,25921,25905,47105,3,3,1,2,0.6667,0.3333,1.0,2,9,9,1.0
1286009,4667,26671,47746,3,3,1,2,0.6667,0.3333,1.0,2,9,9,1.0
1280849,19,14,48157,3,3,1,2,0.6667,0.3333,1.0,2,9,9,1.0
1281241,4926,4915,48350,3,3,1,2,0.6667,0.3333,1.0,2,9,9,1.0
1286667,12710,12744,49035,3,3,1,2,0.6667,0.3333,1.0,2,9,9,1.0
1288297,375246,2200,49150,3,3,1,2,0.6667,0.3333,1.0,2,9,9,1.0
1287747,1550,1554,49197,3,3,1,2,0.6667,0.3333,1.0,2,9,9,1.0
1289019,12912,25244,49404,3,3,1,2,0.6667,0.3333,1.0,2,9,9,1.0
1297860,26952,26980,49648,3,3,1,2,0.6667,0.3333,1.0,2,9,9,1.0
1299422,229115,4760,49933,3,3,1,2,0.6667,0.3333,1.0,2,9,9,1.0
1301305,6952,6935,50337,3,3,1,2,0.6667,0.3333,1.0,2,9,9,1.0
1304893,162,195,50962,3,3,1,2,0.6667,0.3333,1.0,2,9,9,1.0
1307062,9021,8983,51291,3,3,1,2,0.6667,0.3333,1.0,2,9,9,1.0
1307901,3253,21250,51439,3,3,1,2,0.6667,0.3333,1.0,2,9,9,1.0
1309159,136,121,51609,3,3,1,2,0.6667,0.3333,1.0,2,9,9,1.0
1181207,116141,3981,19099,16,16,3,8,0.5,0.3125,1.0,15,9,9,1.0
1133695,116141,3981,19099,16,16,3,8,0.5,0.3125,1.0,15,9,9,1.0
1181206,116141,3981,19099,16,16,3,8,0.5,0.3125,1.0,15,9,9,1.0
1276951,15707,73897,44782,14,14,1,5,0.3571,0.2857,1.0,13,9,9,1.0
1276966,169597,73897,44782,14,14,1,5,0.3571,0.2857,1.0,13,9,9,1.0
1133163,262410,260165,29194,7,7,1,3,0.4286,0.2857,1.0,6,9,9,1.0
1132317,261446,260165,29194,7,7,1,3,0.4286,0.2857,1.0,6,9,9,1.0
1303083,6617,6653,30982,7,7,2,4,0.5714,0.2857,1.0,6,9,9,1.0
1306845,6617,6653,30982,7,7,2,4,0.5714,0.2857,1.0,6,9,9,1.0
1202566,26950,26958,34829,7,7,2,4,0.5714,0.2857,1.0,6,9,9,1.0
1202569,26950,26958,34829,7,7,2,4,0.5714,0.2857,1.0,6,9,9,1.0
1175078,16351,16407,36318,7,7,2,4,0.5714,0.2857,1.0,6,9,9,1.0
1175034,16351,16407,36318,7,7,2,4,0.5714,0.2857,1.0,6,9,9,1.0
1271077,19900,663,39784,7,7,2,4,0.5714,0.2857,1.0,6,9,9,1.0
1227930,19900,663,39784,7,7,2,4,0.5714,0.2857,1.0,6,9,9,1.0
1106218,19290,5210,21703,11,11,3,6,0.5455,0.2727,1.0,10,9,9,1.0
1106219,19290,5210,21703,11,11,3,6,0.5455,0.2727,1.0,10,9,9,1.0
1112150,19290,5210,21703,11,11,3,6,0.5455,0.2727,1.0,10,9,9,1.0
1266222,9801,9893,45184,11,11,1,4,0.3636,0.2727,1.0,10,9,9,1.0
1268119,158084,83804,45696,11,11,2,5,0.4545,0.2727,1.0,10,9,9,1.0
1268122,158084,83804,45696,11,11,2,5,0.4545,0.2727,1.0,10,9,9,1.0
1306925,8344,8318,47794,11,11,4,7,0.6364,0.2727,1.0,10,9,9,1.0
1279244,8344,8318,47794,11,11,4,7,0.6364,0.2727,1.0,10,9,9,1.0
1307555,8344,8318,47794,11,11,4,7,0.6364,0.2727,1.0,10,9,9,1.0
1307557,8344,8318,47794,11,11,4,7,0.6364,0.2727,1.0,10,9,9,1.0
1279114,251845,2839,37297,15,15,1,5,0.3333,0.2667,1.0,14,9,9,1.0
1279115,279996,2839,37297,15,15,1,5,0.3333,0.2667,1.0,14,9,9,1.0
1279117,365291,2839,37297,15,15,1,5,0.3333,0.2667,1.0,14,9,9,1.0
1180800,16596,26489,36333,12,12,2,5,0.4167,0.25,1.0,11,9,9,1.0
1180803,16596,26489,36333,12,12,2,5,0.4167,0.25,1.0,11,9,9,1.0
1002536,111980,111985,975,8,8,3,5,0.625,0.25,1.0,7,9,9,1.0
1002538,111980,111985,975,8,8,3,5,0.625,0.25,1.0,7,9,9,1.0
1002539,111980,111985,975,8,8,3,5,0.625,0.25,1.0,7,9,9,1.0
1109160,14718,14708,2050,8,8,3,5,0.625,0.25,1.0,7,9,9,1.0
1006259,14718,14708,2050,8,8,3,5,0.625,0.25,1.0,7,9,9,1.0
1109180,14718,14708,2050,8,8,3,5,0.625,0.25,1.0,7,9,9,1.0
1306274,335675,335676,4983,8,8,3,5,0.625,0.25,1.0,7,9,9,1.0
1298491,335675,335676,4983,8,8,3,5,0.625,0.25,1.0,7,9,9,1.0
1307260,335675,335676,4983,8,8,3,5,0.625,0.25,1.0,7,9,9,1.0
1053604,6566,6553,8473,8,8,3,5,0.625,0.25,1.0,7,9,9,1.0
1033999,6566,6553,8473,8,8,3,5,0.625,0.25,1.0,7,9,9,1.0
1034001,6566,6553,8473,8,8,3,5,0.625,0.25,1.0,7,9,9,1.0
1119456,425277,425280,9428,8,8,3,5,0.625,0.25,1.0,7,9,9,1.0
1119403,425277,425280,9428,8,8,3,5,0.625,0.25,1.0,7,9,9,1.0
1119439,425277,425280,9428,8,8,3,5,0.625,0.25,1.0,7,9,9,1.0
1045542,150724,150718,11265,8,8,3,5,0.625,0.25,1.0,7,9,9,1.0
1045539,150724,150718,11265,8,8,3,5,0.625,0.25,1.0,7,9,9,1.0
1045541,150724,150718,11265,8,8,3,5,0.625,0.25,1.0,7,9,9,1.0
1166952,20846,2716,20340,8,8,3,5,0.625,0.25,1.0,7,9,9,1.0
1166449,20846,2716,20340,8,8,3,5,0.625,0.25,1.0,7,9,9,1.0
1166475,20846,2716,20340,8,8,3,5,0.625,0.25,1.0,7,9,9,1.0
1210986,12473,12416,26646,8,8,3,5,0.625,0.25,1.0,7,9,9,1.0
1122844,12473,12416,26646,8,8,3,5,0.625,0.25,1.0,7,9,9,1.0
1137457,12473,12416,26646,8,8,3,5,0.625,0.25,1.0,7,9,9,1.0
1219280,18680,18647,35362,8,8,3,5,0.625,0.25,1.0,7,9,9,1.0
1219281,18680,18647,35362,8,8,3,5,0.625,0.25,1.0,7,9,9,1.0
1168467,18680,18647,35362,8,8,3,5,0.625,0.25,1.0,7,9,9,1.0
1218586,9404,9473,39932,8,8,2,4,0.5,0.25,1.0,7,9,9,1.0
1218587,9404,9473,39932,8,8,2,4,0.5,0.25,1.0,7,9,9,1.0
1275820,23306,23328,45576,8,8,3,5,0.625,0.25,1.0,7,9,9,1.0
1267605,23306,23328,45576,8,8,3,5,0.625,0.25,1.0,7,9,9,1.0
1273175,23306,23328,45576,8,8,3,5,0.625,0.25,1.0,7,9,9,1.0
1094415,439437,11186,2133,4,4,1,2,0.5,0.25,1.0,3,9,9,1.0
1006598,11149,11186,2133,4,4,1,2,0.5,0.25,1.0,3,9,9,1.0
1204971,22194,6162,3631,4,4,1,2,0.5,0.25,1.0,3,9,9,1.0
1012607,320636,6162,3631,4,4,1,2,0.5,0.25,1.0,3,9,9,1.0
1090227,15648,26149,3638,4,4,1,2,0.5,0.25,1.0,3,9,9,1.0
1012625,15674,26149,3638,4,4,1,2,0.5,0.25,1.0,3,9,9,1.0
1036877,285127,283197,9432,4,4,1,2,0.5,0.25,1.0,3,9,9,1.0
1036878,285124,283197,9432,4,4,1,2,0.5,0.25,1.0,3,9,9,1.0
1219424,3624,40603,11645,4,4,1,2,0.5,0.25,1.0,3,9,9,1.0
1281422,3538,40603,11645,4,4,1,2,0.5,0.25,1.0,3,9,9,1.0
1074267,375820,22163,17155,4,4,1,2,0.5,0.25,1.0,3,9,9,1.0
1305876,22172,22163,17155,4,4,1,2,0.5,0.25,1.0,3,9,9,1.0
1090427,60780,3035,20202,4,4,1,2,0.5,0.25,1.0,3,9,9,1.0
1090425,15036,3035,20202,4,4,1,2,0.5,0.25,1.0,3,9,9,1.0
1149098,13579,13529,32515,4,4,1,2,0.5,0.25,1.0,3,9,9,1.0
1149101,279364,13529,32515,4,4,1,2,0.5,0.25,1.0,3,9,9,1.0
1288534,14489,14440,46783,4,4,1,2,0.5,0.25,1.0,3,9,9,1.0
1274002,14402,14440,46783,4,4,1,2,0.5,0.25,1.0,3,9,9,1.0
1298180,21206,21230,47193,4,4,1,2,0.5,0.25,1.0,3,9,9,1.0
1298178,21228,21230,47193,4,4,1,2,0.5,0.25,1.0,3,9,9,1.0
1298807,19536,19524,48238,4,4,1,2,0.5,0.25,1.0,3,9,9,1.0
1282297,19520,19524,48238,4,4,1,2,0.5,0.25,1.0,3,9,9,1.0
1052272,9448,9471,3744,13,13,5,8,0.6154,0.2308,1.0,12,9,9,1.0
1020402,9448,9471,3744,13,13,5,8,0.6154,0.2308,1.0,12,9,9,1.0
1020831,9448,9471,3744,13,13,5,8,0.6154,0.2308,1.0,12,9,9,1.0
1027193,9448,9471,3744,13,13,5,8,0.6154,0.2308,1.0,12,9,9,1.0
1012816,9448,9471,3744,13,13,5,8,0.6154,0.2308,1.0,12,9,9,1.0
1123348,1632,1653,6425,9,9,2,4,0.4444,0.2222,1.0,8,9,9,1.0
1126258,1632,1653,6425,9,9,2,4,0.4444,0.2222,1.0,8,9,9,1.0
1176574,375022,375020,16635,9,9,1,3,0.3333,0.2222,1.0,8,9,9,1.0
1109969,18146,18123,24392,9,9,2,4,0.4444,0.2222,1.0,8,9,9,1.0
1110666,18146,18123,24392,9,9,2,4,0.4444,0.2222,1.0,8,9,9,1.0
1145102,14517,25813,25104,9,9,3,5,0.5556,0.2222,1.0,8,9,9,1.0
1145106,14517,25813,25104,9,9,3,5,0.5556,0.2222,1.0,8,9,9,1.0
1145109,14517,25813,25104,9,9,3,5,0.5556,0.2222,1.0,8,9,9,1.0
1282205,15738,73897,44782,14,14,2,5,0.3571,0.2143,1.0,13,9,9,1.0
1282207,21408,73897,44782,14,14,2,5,0.3571,0.2143,1.0,13,9,9,1.0
1282208,15738,73897,44782,14,14,2,5,0.3571,0.2143,1.0,13,9,9,1.0
1282197,21408,73897,44782,14,14,2,5,0.3571,0.2143,1.0,13,9,9,1.0
1080765,3635,3682,18498,15,15,6,9,0.6,0.2,1.0,14,9,9,1.0
1191300,3635,3682,18498,15,15,6,9,0.6,0.2,1.0,14,9,9,1.0
1157707,3635,3682,18498,15,15,6,9,0.6,0.2,1.0,14,9,9,1.0
1157706,3635,3682,18498,15,15,6,9,0.6,0.2,1.0,14,9,9,1.0
1157708,3635,3682,18498,15,15,6,9,0.6,0.2,1.0,14,9,9,1.0
1158841,3635,3682,18498,15,15,6,9,0.6,0.2,1.0,14,9,9,1.0
1279132,14967,2839,37297,15,15,2,5,0.3333,0.2,1.0,14,9,9,1.0
1276504,251847,2839,37297,15,15,2,5,0.3333,0.2,1.0,14,9,9,1.0
1226315,251847,2839,37297,15,15,2,5,0.3333,0.2,1.0,14,9,9,1.0
1282830,14967,2839,37297,15,15,2,5,0.3333,0.2,1.0,14,9,9,1.0
1011738,12814,307837,3488,10,10,2,4,0.4,0.2,1.0,9,9,9,1.0
1175357,12814,307837,3488,10,10,2,4,0.4,0.2,1.0,9,9,9,1.0
1186006,27432,27436,9140,10,10,3,5,0.5,0.2,1.0,9,9,9,1.0
1186008,27432,27436,9140,10,10,3,5,0.5,0.2,1.0,9,9,9,1.0
1186009,27432,27436,9140,10,10,3,5,0.5,0.2,1.0,9,9,9,1.0
1306774,4671,4662,18522,10,10,4,6,0.6,0.2,1.0,9,9,9,1.0
1287138,4671,4662,18522,10,10,4,6,0.6,0.2,1.0,9,9,9,1.0
1287011,4671,4662,18522,10,10,4,6,0.6,0.2,1.0,9,9,9,1.0
1286998,4671,4662,18522,10,10,4,6,0.6,0.2,1.0,9,9,9,1.0
1272287,10270,10237,22085,10,10,4,6,0.6,0.2,1.0,9,9,9,1.0
1272289,10270,10237,22085,10,10,4,6,0.6,0.2,1.0,9,9,9,1.0
1269628,10270,10237,22085,10,10,4,6,0.6,0.2,1.0,9,9,9,1.0
1269629,10270,10237,22085,10,10,4,6,0.6,0.2,1.0,9,9,9,1.0
1003644,19702,19707,697,5,5,2,3,0.6,0.2,1.0,4,9,9,1.0
1003645,19702,19707,697,5,5,2,3,0.6,0.2,1.0,4,9,9,1.0
1031967,204797,19925,3600,5,5,1,2,0.4,0.2,1.0,4,9,9,1.0
1012555,334715,19925,3600,5,5,1,2,0.4,0.2,1.0,4,9,9,1.0
1047737,282878,19925,3600,5,5,1,2,0.4,0.2,1.0,4,9,9,1.0
1280138,4577,21619,3772,5,5,2,3,0.6,0.2,1.0,4,9,9,1.0
1129039,4577,21619,3772,5,5,2,3,0.6,0.2,1.0,4,9,9,1.0
1113466,26596,16993,4767,5,5,2,3,0.6,0.2,1.0,4,9,9,1.0
1014877,26596,16993,4767,5,5,2,3,0.6,0.2,1.0,4,9,9,1.0
1030659,6370,22265,7959,5,5,2,3,0.6,0.2,1.0,4,9,9,1.0
1030660,6370,22265,7959,5,5,2,3,0.6,0.2,1.0,4,9,9,1.0
1073371,14798,14870,16672,5,5,2,3,0.6,0.2,1.0,4,9,9,1.0
1097737,14798,14870,16672,5,5,2,3,0.6,0.2,1.0,4,9,9,1.0
1119587,536765,536764,18497,5,5,2,3,0.6,0.2,1.0,4,9,9,1.0
1119605,536765,536764,18497,5,5,2,3,0.6,0.2,1.0,4,9,9,1.0
1117146,221440,2476,18715,5,5,1,2,0.4,0.2,1.0,4,9,9,1.0
1094556,18341,18336,20548,5,5,2,3,0.6,0.2,1.0,4,9,9,1.0
1094557,18341,18336,20548,5,5,2,3,0.6,0.2,1.0,4,9,9,1.0
1281787,19541,19525,20980,5,5,2,3,0.6,0.2,1.0,4,9,9,1.0
1184510,19541,19525,20980,5,5,2,3,0.6,0.2,1.0,4,9,9,1.0
1185982,27425,19543,20985,5,5,2,3,0.6,0.2,1.0,4,9,9,1.0
1184958,27425,19543,20985,5,5,2,3,0.6,0.2,1.0,4,9,9,1.0
1232516,535485,535484,22220,7,5,2,3,0.6,0.2,1.0,6,9,9,1.0
1232517,535485,535484,22220,7,5,2,3,0.6,0.2,1.0,6,9,9,1.0
1178350,214716,214715,22249,5,5,1,2,0.4,0.2,1.0,4,9,9,1.0
1108946,17346,17373,24198,5,5,2,3,0.6,0.2,1.0,4,9,9,1.0
1108985,17346,17373,24198,5,5,2,3,0.6,0.2,1.0,4,9,9,1.0
1109000,17236,17219,24208,5,5,2,3,0.6,0.2,1.0,4,9,9,1.0
1109003,17236,17219,24208,5,5,2,3,0.6,0.2,1.0,4,9,9,1.0
1109261,14683,14734,24251,5,5,2,3,0.6,0.2,1.0,4,9,9,1.0
1109262,14683,14734,24251,5,5,2,3,0.6,0.2,1.0,4,9,9,1.0
1109317,13695,13715,24260,5,5,2,3,0.6,0.2,1.0,4,9,9,1.0
1109316,13695,13715,24260,5,5,2,3,0.6,0.2,1.0,4,9,9,1.0
1116334,25828,14652,24695,5,5,2,3,0.6,0.2,1.0,4,9,9,1.0
1116306,25828,14652,24695,5,5,2,3,0.6,0.2,1.0,4,9,9,1.0
1126956,12838,25250,27649,5,5,2,3,0.6,0.2,1.0,4,9,9,1.0
1126961,12838,25250,27649,5,5,2,3,0.6,0.2,1.0,4,9,9,1.0
1190179,21530,21529,28490,5,5,2,3,0.6,0.2,1.0,4,9,9,1.0
1190181,21530,21529,28490,5,5,2,3,0.6,0.2,1.0,4,9,9,1.0
1195615,258239,258244,29090,5,5,2,3,0.6,0.2,1.0,4,9,9,1.0
1132161,258239,258244,29090,5,5,2,3,0.6,0.2,1.0,4,9,9,1.0
1142755,14127,14155,29209,5,5,1,2,0.4,0.2,1.0,4,9,9,1.0
1150379,14123,14155,29209,5,5,1,2,0.4,0.2,1.0,4,9,9,1.0
1132373,147839,14155,29209,5,5,1,2,0.4,0.2,1.0,4,9,9,1.0
1281266,4922,21713,29809,5,5,2,3,0.6,0.2,1.0,4,9,9,1.0
1142850,4922,21713,29809,5,5,2,3,0.6,0.2,1.0,4,9,9,1.0
1143576,2588,2607,31476,5,5,2,3,0.6,0.2,1.0,4,9,9,1.0
1143500,2588,2607,31476,5,5,2,3,0.6,0.2,1.0,4,9,9,1.0
1180256,16373,16390,37556,5,5,2,3,0.6,0.2,1.0,4,9,9,1.0
1180257,16373,16390,37556,5,5,2,3,0.6,0.2,1.0,4,9,9,1.0
1185512,4511,4475,38206,5,5,2,3,0.6,0.2,1.0,4,9,9,1.0
1188956,4511,4475,38206,5,5,2,3,0.6,0.2,1.0,4,9,9,1.0
1188068,3184,3220,38617,6,5,2,3,0.6,0.2,1.0,5,9,9,1.0
1188069,3184,3220,38617,6,5,2,3,0.6,0.2,1.0,5,9,9,1.0
1208286,24787,24757,40647,5,5,2,3,0.6,0.2,1.0,4,9,9,1.0
1208292,24787,24757,40647,5,5,2,3,0.6,0.2,1.0,4,9,9,1.0
1217358,10791,24415,42439,5,5,2,3,0.6,0.2,1.0,4,9,9,1.0
1222850,10791,24415,42439,5,5,2,3,0.6,0.2,1.0,4,9,9,1.0
1228010,23136,23148,44087,5,5,2,3,0.6,0.2,1.0,4,9,9,1.0
1228012,23136,23148,44087,5,5,2,3,0.6,0.2,1.0,4,9,9,1.0
1272377,23788,9643,46501,5,5,2,3,0.6,0.2,1.0,4,9,9,1.0
1273887,23788,9643,46501,5,5,2,3,0.6,0.2,1.0,4,9,9,1.0
1273246,325,331,46642,5,5,1,2,0.4,0.2,1.0,4,9,9,1.0
1288539,9753,9805,46700,5,5,2,3,0.6,0.2,1.0,4,9,9,1.0
1288541,9753,9805,46700,5,5,2,3,0.6,0.2,1.0,4,9,9,1.0
1300195,7898,458668,46865,5,5,1,2,0.4,0.2,1.0,4,9,9,1.0
1300196,7911,458668,46865,5,5,1,2,0.4,0.2,1.0,4,9,9,1.0
1300172,344173,458668,46865,5,5,1,2,0.4,0.2,1.0,4,9,9,1.0
1277220,17204,4682,47320,5,5,1,2,0.4,0.2,1.0,4,9,9,1.0
1282284,26665,26666,48612,5,5,2,3,0.6,0.2,1.0,4,9,9,1.0
1282260,26665,26666,48612,5,5,2,3,0.6,0.2,1.0,4,9,9,1.0
1166188,4004,3981,19099,16,16,5,8,0.5,0.1875,1.0,15,9,9,1.0
1166192,4004,3981,19099,16,16,5,8,0.5,0.1875,1.0,15,9,9,1.0
1166193,4004,3981,19099,16,16,5,8,0.5,0.1875,1.0,15,9,9,1.0
1187884,4004,3981,19099,16,16,5,8,0.5,0.1875,1.0,15,9,9,1.0
1136177,4004,3981,19099,16,16,5,8,0.5,0.1875,1.0,15,9,9,1.0
1305230,23895,9893,45184,11,11,2,4,0.3636,0.1818,1.0,10,9,9,1.0
1288535,23895,9893,45184,11,11,2,4,0.3636,0.1818,1.0,10,9,9,1.0
1191040,18725,18757,19544,12,12,5,7,0.5833,0.1667,1.0,11,9,9,1.0
1087766,18725,18757,19544,12,12,5,7,0.5833,0.1667,1.0,11,9,9,1.0
1185366,18725,18757,19544,12,12,5,7,0.5833,0.1667,1.0,11,9,9,1.0
1185368,18725,18757,19544,12,12,5,7,0.5833,0.1667,1.0,11,9,9,1.0
1185369,18725,18757,19544,12,12,5,7,0.5833,0.1667,1.0,11,9,9,1.0
1000772,19689,19690,153,6,6,2,3,0.5,0.1667,1.0,5,9,9,1.0
1000775,19689,19690,153,6,6,2,3,0.5,0.1667,1.0,5,9,9,1.0
1034560,7740,7732,8925,6,6,2,3,0.5,0.1667,1.0,5,9,9,1.0
1034562,7740,7732,8925,6,6,2,3,0.5,0.1667,1.0,5,9,9,1.0
1267480,384829,384828,15934,6,6,2,3,0.5,0.1667,1.0,5,9,9,1.0
1190534,384829,384828,15934,6,6,2,3,0.5,0.1667,1.0,5,9,9,1.0
1186003,19543,27426,20984,6,6,2,3,0.5,0.1667,1.0,5,9,9,1.0
1186004,19543,27426,20984,6,6,2,3,0.5,0.1667,1.0,5,9,9,1.0
1111890,25832,14697,23340,6,6,2,3,0.5,0.1667,1.0,5,9,9,1.0
1111581,25832,14697,23340,6,6,2,3,0.5,0.1667,1.0,5,9,9,1.0
1112377,27091,18183,24593,6,6,2,3,0.5,0.1667,1.0,5,9,9,1.0
1112378,27091,18183,24593,6,6,2,3,0.5,0.1667,1.0,5,9,9,1.0
1285994,262718,261118,29513,6,6,2,3,0.5,0.1667,1.0,5,9,9,1.0
1133217,262718,261118,29513,6,6,2,3,0.5,0.1667,1.0,5,9,9,1.0
1304656,115,116,30509,6,6,2,3,0.5,0.1667,1.0,5,9,9,1.0
1136386,115,116,30509,6,6,2,3,0.5,0.1667,1.0,5,9,9,1.0
1188660,16439,16400,34813,6,6,2,3,0.5,0.1667,1.0,5,9,9,1.0
1188684,16439,16400,34813,6,6,2,3,0.5,0.1667,1.0,5,9,9,1.0
1269552,9410,23655,45837,6,6,2,3,0.5,0.1667,1.0,5,9,9,1.0
1273263,9410,23655,45837,6,6,2,3,0.5,0.1667,1.0,5,9,9,1.0
1287644,9949,9973,46781,6,6,2,3,0.5,0.1667,1.0,5,9,9,1.0
1273995,9949,9973,46781,6,6,2,3,0.5,0.1667,1.0,5,9,9,1.0
1223015,11645,11632,39363,13,13,3,5,0.3846,0.1538,1.0,12,9,9,1.0
1200582,11645,11632,39363,13,13,3,5,0.3846,0.1538,1.0,12,9,9,1.0
1223013,11645,11632,39363,13,13,3,5,0.3846,0.1538,1.0,12,9,9,1.0
1282199,3623,73897,44782,14,14,3,5,0.3571,0.1429,1.0,13,9,9,1.0
1278077,3623,73897,44782,14,14,3,5,0.3571,0.1429,1.0,13,9,9,1.0
1276949,3623,73897,44782,14,14,3,5,0.3571,0.1429,1.0,13,9,9,1.0
1150194,3648,3642,4642,7,7,3,4,0.5714,0.1429,1.0,6,9,9,1.0
1150130,3648,3642,4642,7,7,3,4,0.5714,0.1429,1.0,6,9,9,1.0
1014573,3648,3642,4642,7,7,3,4,0.5714,0.1429,1.0,6,9,9,1.0
1059106,15492,15503,13281,7,7,3,4,0.5714,0.1429,1.0,6,9,9,1.0
1089936,15492,15503,13281,7,7,3,4,0.5714,0.1429,1.0,6,9,9,1.0
1060111,15492,15503,13281,7,7,3,4,0.5714,0.1429,1.0,6,9,9,1.0
1077700,19153,19208,17565,7,7,3,4,0.5714,0.1429,1.0,6,9,9,1.0
1077701,19153,19208,17565,7,7,3,4,0.5714,0.1429,1.0,6,9,9,1.0
1077702,19153,19208,17565,7,7,3,4,0.5714,0.1429,1.0,6,9,9,1.0
1093011,18143,18175,18033,7,7,3,4,0.5714,0.1429,1.0,6,9,9,1.0
1091592,18143,18175,18033,7,7,3,4,0.5714,0.1429,1.0,6,9,9,1.0
1091593,18143,18175,18033,7,7,3,4,0.5714,0.1429,1.0,6,9,9,1.0
1083358,27031,18095,19271,7,7,3,4,0.5714,0.1429,1.0,6,9,9,1.0
1083359,27031,18095,19271,7,7,3,4,0.5714,0.1429,1.0,6,9,9,1.0
1202098,27031,18095,19271,7,7,3,4,0.5714,0.1429,1.0,6,9,9,1.0
1155927,12939,12919,20338,7,7,3,4,0.5714,0.1429,1.0,6,9,9,1.0
1116162,12939,12919,20338,7,7,3,4,0.5714,0.1429,1.0,6,9,9,1.0
1116161,12939,12919,20338,7,7,3,4,0.5714,0.1429,1.0,6,9,9,1.0
1111068,14651,14719,23624,7,7,3,4,0.5714,0.1429,1.0,6,9,9,1.0
1111080,14651,14719,23624,7,7,3,4,0.5714,0.1429,1.0,6,9,9,1.0
1104526,14651,14719,23624,7,7,3,4,0.5714,0.1429,1.0,6,9,9,1.0
1111316,14802,14787,24234,7,7,3,4,0.5714,0.1429,1.0,6,9,9,1.0
1111317,14802,14787,24234,7,7,3,4,0.5714,0.1429,1.0,6,9,9,1.0
1138563,14802,14787,24234,7,7,3,4,0.5714,0.1429,1.0,6,9,9,1.0
1111372,14714,14651,24655,7,7,3,4,0.5714,0.1429,1.0,6,9,9,1.0
1111374,14714,14651,24655,7,7,3,4,0.5714,0.1429,1.0,6,9,9,1.0
1111375,14714,14651,24655,7,7,3,4,0.5714,0.1429,1.0,6,9,9,1.0
1171404,25013,24997,26588,7,7,2,3,0.4286,0.1429,1.0,6,9,9,1.0
1171405,25013,24997,26588,7,7,2,3,0.4286,0.1429,1.0,6,9,9,1.0
1122677,24987,24997,26588,7,7,2,3,0.4286,0.1429,1.0,6,9,9,1.0
1122662,24987,24997,26588,7,7,2,3,0.4286,0.1429,1.0,6,9,9,1.0
1126305,2229,2166,27464,7,7,3,4,0.5714,0.1429,1.0,6,9,9,1.0
1126306,2229,2166,27464,7,7,3,4,0.5714,0.1429,1.0,6,9,9,1.0
1126307,2229,2166,27464,7,7,3,4,0.5714,0.1429,1.0,6,9,9,1.0
1200321,12817,12787,28040,7,7,3,4,0.5714,0.1429,1.0,6,9,9,1.0
1221892,12817,12787,28040,7,7,3,4,0.5714,0.1429,1.0,6,9,9,1.0
1209855,12817,12787,28040,7,7,3,4,0.5714,0.1429,1.0,6,9,9,1.0
1132077,7436,7456,29031,7,7,3,4,0.5714,0.1429,1.0,6,9,9,1.0
1300075,7436,7456,29031,7,7,3,4,0.5714,0.1429,1.0,6,9,9,1.0
1300076,7436,7456,29031,7,7,3,4,0.5714,0.1429,1.0,6,9,9,1.0
1298712,22266,6349,29033,7,7,3,4,0.5714,0.1429,1.0,6,9,9,1.0
1280285,22266,6349,29033,7,7,3,4,0.5714,0.1429,1.0,6,9,9,1.0
1280286,22266,6349,29033,7,7,3,4,0.5714,0.1429,1.0,6,9,9,1.0
1133165,262076,260165,29194,7,7,2,3,0.4286,0.1429,1.0,6,9,9,1.0
1136708,262076,260165,29194,7,7,2,3,0.4286,0.1429,1.0,6,9,9,1.0
1215683,22176,22157,29605,7,7,3,4,0.5714,0.1429,1.0,6,9,9,1.0
1133552,22176,22157,29605,7,7,3,4,0.5714,0.1429,1.0,6,9,9,1.0
1133359,22176,22157,29605,7,7,3,4,0.5714,0.1429,1.0,6,9,9,1.0
1306819,536347,25963,34389,7,7,3,4,0.5714,0.1429,1.0,6,9,9,1.0
1306820,536347,25963,34389,7,7,3,4,0.5714,0.1429,1.0,6,9,9,1.0
1306818,536347,25963,34389,7,7,3,4,0.5714,0.1429,1.0,6,9,9,1.0
1170118,10725,10706,35756,7,7,3,4,0.5714,0.1429,1.0,6,9,9,1.0
1170119,10725,10706,35756,7,7,3,4,0.5714,0.1429,1.0,6,9,9,1.0
1222349,10725,10706,35756,7,7,3,4,0.5714,0.1429,1.0,6,9,9,1.0
1311026,5278,5324,42167,7,7,1,2,0.2857,0.1429,1.0,6,9,9,1.0
1266324,25522,25535,45224,7,7,3,4,0.5714,0.1429,1.0,6,9,9,1.0
1266326,25522,25535,45224,7,7,3,4,0.5714,0.1429,1.0,6,9,9,1.0
1288025,25522,25535,45224,7,7,3,4,0.5714,0.1429,1.0,6,9,9,1.0
1271566,11866,11810,45704,7,7,3,4,0.5714,0.1429,1.0,6,9,9,1.0
1269578,11866,11810,45704,7,7,3,4,0.5714,0.1429,1.0,6,9,9,1.0
1271526,11866,11810,45704,7,7,3,4,0.5714,0.1429,1.0,6,9,9,1.0
1281993,7946,22946,48531,7,7,3,4,0.5714,0.1429,1.0,6,9,9,1.0
1281995,7946,22946,48531,7,7,3,4,0.5714,0.1429,1.0,6,9,9,1.0
1281996,7946,22946,48531,7,7,3,4,0.5714,0.1429,1.0,6,9,9,1.0
1302206,6810,6789,50539,7,7,3,4,0.5714,0.1429,1.0,6,9,9,1.0
1302207,6810,6789,50539,7,7,3,4,0.5714,0.1429,1.0,6,9,9,1.0
1302209,6810,6789,50539,7,7,3,4,0.5714,0.1429,1.0,6,9,9,1.0
1279118,116471,2839,37297,15,15,3,5,0.3333,0.1333,1.0,14,9,9,1.0
1178809,116471,2839,37297,15,15,3,5,0.3333,0.1333,1.0,14,9,9,1.0
1306811,116471,2839,37297,15,15,3,5,0.3333,0.1333,1.0,14,9,9,1.0
1302982,6934,6967,8834,8,8,2,3,0.375,0.125,1.0,7,9,9,1.0
1302989,6934,6967,8834,8,8,2,3,0.375,0.125,1.0,7,9,9,1.0
1184591,19627,19625,20793,8,8,3,4,0.5,0.125,1.0,7,9,9,1.0
1184592,19627,19625,20793,8,8,3,4,0.5,0.125,1.0,7,9,9,1.0
1184593,19627,19625,20793,8,8,3,4,0.5,0.125,1.0,7,9,9,1.0
1312386,220476,220480,1585,9,9,4,5,0.5556,0.1111,1.0,8,9,9,1.0
1312387,220476,220480,1585,9,9,4,5,0.5556,0.1111,1.0,8,9,9,1.0
1109845,220476,220480,1585,9,9,4,5,0.5556,0.1111,1.0,8,9,9,1.0
1155451,220476,220480,1585,9,9,4,5,0.5556,0.1111,1.0,8,9,9,1.0
1014813,384435,389904,4126,9,9,4,5,0.5556,0.1111,1.0,8,9,9,1.0
1059640,384435,389904,4126,9,9,4,5,0.5556,0.1111,1.0,8,9,9,1.0
1013374,384435,389904,4126,9,9,4,5,0.5556,0.1111,1.0,8,9,9,1.0
1059641,384435,389904,4126,9,9,4,5,0.5556,0.1111,1.0,8,9,9,1.0
1277315,4808,4809,4934,9,9,4,5,0.5556,0.1111,1.0,8,9,9,1.0
1278757,4808,4809,4934,9,9,4,5,0.5556,0.1111,1.0,8,9,9,1.0
1277320,4808,4809,4934,9,9,4,5,0.5556,0.1111,1.0,8,9,9,1.0
1277555,4808,4809,4934,9,9,4,5,0.5556,0.1111,1.0,8,9,9,1.0
1021759,8553,8677,5562,9,9,4,5,0.5556,0.1111,1.0,8,9,9,1.0
1020814,8553,8677,5562,9,9,4,5,0.5556,0.1111,1.0,8,9,9,1.0
1020815,8553,8677,5562,9,9,4,5,0.5556,0.1111,1.0,8,9,9,1.0
1021761,8553,8677,5562,9,9,4,5,0.5556,0.1111,1.0,8,9,9,1.0
1024184,103003,1653,6425,9,9,3,4,0.4444,0.1111,1.0,8,9,9,1.0
1126449,103003,1653,6425,9,9,3,4,0.4444,0.1111,1.0,8,9,9,1.0
1126322,103003,1653,6425,9,9,3,4,0.4444,0.1111,1.0,8,9,9,1.0
1027019,115521,391220,6919,9,9,4,5,0.5556,0.1111,1.0,8,9,9,1.0
1027021,115521,391220,6919,9,9,4,5,0.5556,0.1111,1.0,8,9,9,1.0
1026999,115521,391220,6919,9,9,4,5,0.5556,0.1111,1.0,8,9,9,1.0
1027000,115521,391220,6919,9,9,4,5,0.5556,0.1111,1.0,8,9,9,1.0
1067965,164490,164488,14912,9,9,4,5,0.5556,0.1111,1.0,8,9,9,1.0
1067967,164490,164488,14912,9,9,4,5,0.5556,0.1111,1.0,8,9,9,1.0
1068714,164490,164488,14912,9,9,4,5,0.5556,0.1111,1.0,8,9,9,1.0
1068715,164490,164488,14912,9,9,4,5,0.5556,0.1111,1.0,8,9,9,1.0
1070842,5284,5265,15594,9,9,4,5,0.5556,0.1111,1.0,8,9,9,1.0
1070843,5284,5265,15594,9,9,4,5,0.5556,0.1111,1.0,8,9,9,1.0
1128560,5284,5265,15594,9,9,4,5,0.5556,0.1111,1.0,8,9,9,1.0
1071625,5284,5265,15594,9,9,4,5,0.5556,0.1111,1.0,8,9,9,1.0
1181369,375023,375020,16635,9,9,2,3,0.3333,0.1111,1.0,8,9,9,1.0
1232075,375023,375020,16635,9,9,2,3,0.3333,0.1111,1.0,8,9,9,1.0
1109452,15841,15802,18710,9,9,4,5,0.5556,0.1111,1.0,8,9,9,1.0
1109453,15841,15802,18710,9,9,4,5,0.5556,0.1111,1.0,8,9,9,1.0
1109469,15841,15802,18710,9,9,4,5,0.5556,0.1111,1.0,8,9,9,1.0
1109470,15841,15802,18710,9,9,4,5,0.5556,0.1111,1.0,8,9,9,1.0
1137350,14460,14449,18907,9,9,4,5,0.5556,0.1111,1.0,8,9,9,1.0
1149290,14460,14449,18907,9,9,4,5,0.5556,0.1111,1.0,8,9,9,1.0
1149291,14460,14449,18907,9,9,4,5,0.5556,0.1111,1.0,8,9,9,1.0
1149292,14460,14449,18907,9,9,4,5,0.5556,0.1111,1.0,8,9,9,1.0
1102277,16569,26473,20227,9,9,4,5,0.5556,0.1111,1.0,8,9,9,1.0
1102244,16569,26473,20227,9,9,4,5,0.5556,0.1111,1.0,8,9,9,1.0
1090485,16569,26473,20227,9,9,4,5,0.5556,0.1111,1.0,8,9,9,1.0
1099331,16569,26473,20227,9,9,4,5,0.5556,0.1111,1.0,8,9,9,1.0
1113769,13814,13799,20391,9,9,4,5,0.5556,0.1111,1.0,8,9,9,1.0
1113709,13814,13799,20391,9,9,4,5,0.5556,0.1111,1.0,8,9,9,1.0
1115952,13814,13799,20391,9,9,4,5,0.5556,0.1111,1.0,8,9,9,1.0
1115953,13814,13799,20391,9,9,4,5,0.5556,0.1111,1.0,8,9,9,1.0
1155011,2690,2666,20774,9,9,4,5,0.5556,0.1111,1.0,8,9,9,1.0
1155012,2690,2666,20774,9,9,4,5,0.5556,0.1111,1.0,8,9,9,1.0
1143527,2690,2666,20774,9,9,4,5,0.5556,0.1111,1.0,8,9,9,1.0
1091827,2690,2666,20774,9,9,4,5,0.5556,0.1111,1.0,8,9,9,1.0
1110640,18113,18123,24392,9,9,3,4,0.4444,0.1111,1.0,8,9,9,1.0
1110641,18113,18123,24392,9,9,3,4,0.4444,0.1111,1.0,8,9,9,1.0
1110642,18113,18123,24392,9,9,3,4,0.4444,0.1111,1.0,8,9,9,1.0
1122521,989,986,26295,9,9,4,5,0.5556,0.1111,1.0,8,9,9,1.0
1122522,989,986,26295,9,9,4,5,0.5556,0.1111,1.0,8,9,9,1.0
1122523,989,986,26295,9,9,4,5,0.5556,0.1111,1.0,8,9,9,1.0
1122524,989,986,26295,9,9,4,5,0.5556,0.1111,1.0,8,9,9,1.0
1124729,1682,20215,27112,9,9,4,5,0.5556,0.1111,1.0,8,9,9,1.0
1124732,1682,20215,27112,9,9,4,5,0.5556,0.1111,1.0,8,9,9,1.0
1127125,1682,20215,27112,9,9,4,5,0.5556,0.1111,1.0,8,9,9,1.0
1127126,1682,20215,27112,9,9,4,5,0.5556,0.1111,1.0,8,9,9,1.0
1130751,7887,22941,28644,9,9,4,5,0.5556,0.1111,1.0,8,9,9,1.0
1306190,7887,22941,28644,9,9,4,5,0.5556,0.1111,1.0,8,9,9,1.0
1131229,7887,22941,28644,9,9,4,5,0.5556,0.1111,1.0,8,9,9,1.0
1297923,7887,22941,28644,9,9,4,5,0.5556,0.1111,1.0,8,9,9,1.0
1137887,9065,9036,30890,9,9,4,5,0.5556,0.1111,1.0,8,9,9,1.0
1309463,9065,9036,30890,9,9,4,5,0.5556,0.1111,1.0,8,9,9,1.0
1309466,9065,9036,30890,9,9,4,5,0.5556,0.1111,1.0,8,9,9,1.0
1309462,9065,9036,30890,9,9,4,5,0.5556,0.1111,1.0,8,9,9,1.0
1198912,9544,9533,39925,9,9,4,5,0.5556,0.1111,1.0,8,9,9,1.0
1198913,9544,9533,39925,9,9,4,5,0.5556,0.1111,1.0,8,9,9,1.0
1199470,9544,9533,39925,9,9,4,5,0.5556,0.1111,1.0,8,9,9,1.0
1199473,9544,9533,39925,9,9,4,5,0.5556,0.1111,1.0,8,9,9,1.0
1269847,23856,23879,46050,9,9,4,5,0.5556,0.1111,1.0,8,9,9,1.0
1269848,23856,23879,46050,9,9,4,5,0.5556,0.1111,1.0,8,9,9,1.0
1269849,23856,23879,46050,9,9,4,5,0.5556,0.1111,1.0,8,9,9,1.0
1275716,23856,23879,46050,9,9,4,5,0.5556,0.1111,1.0,8,9,9,1.0
1273055,14001,14000,46604,9,9,4,5,0.5556,0.1111,1.0,8,9,9,1.0
1273056,14001,14000,46604,9,9,4,5,0.5556,0.1111,1.0,8,9,9,1.0
1273057,14001,14000,46604,9,9,4,5,0.5556,0.1111,1.0,8,9,9,1.0
1273058,14001,14000,46604,9,9,4,5,0.5556,0.1111,1.0,8,9,9,1.0
1199423,9661,9660,28398,10,10,4,5,0.5,0.1,1.0,9,9,9,1.0
1199426,9661,9660,28398,10,10,4,5,0.5,0.1,1.0,9,9,9,1.0
1199429,9661,9660,28398,10,10,4,5,0.5,0.1,1.0,9,9,9,1.0
1128665,9661,9660,28398,10,10,4,5,0.5,0.1,1.0,9,9,9,1.0
1186285,53404,53403,29291,10,10,4,5,0.5,0.1,1.0,9,9,9,1.0
1191210,53404,53403,29291,10,10,4,5,0.5,0.1,1.0,9,9,9,1.0
1220392,53404,53403,29291,10,10,4,5,0.5,0.1,1.0,9,9,9,1.0
1190933,53404,53403,29291,10,10,4,5,0.5,0.1,1.0,9,9,9,1.0
1015422,8739,8682,4946,11,11,5,6,0.5455,0.0909,1.0,10,9,9,1.0
1300092,8739,8682,4946,11,11,5,6,0.5455,0.0909,1.0,10,9,9,1.0
1307744,8739,8682,4946,11,11,5,6,0.5455,0.0909,1.0,10,9,9,1.0
1307745,8739,8682,4946,11,11,5,6,0.5455,0.0909,1.0,10,9,9,1.0
1300082,8739,8682,4946,11,11,5,6,0.5455,0.0909,1.0,10,9,9,1.0
1073537,6970,6987,7174,11,11,5,6,0.5455,0.0909,1.0,10,9,9,1.0
1030740,6970,6987,7174,11,11,5,6,0.5455,0.0909,1.0,10,9,9,1.0
1030741,6970,6987,7174,11,11,5,6,0.5455,0.0909,1.0,10,9,9,1.0
1028068,6970,6987,7174,11,11,5,6,0.5455,0.0909,1.0,10,9,9,1.0
1097708,6970,6987,7174,11,11,5,6,0.5455,0.0909,1.0,10,9,9,1.0
1271675,158083,83804,45696,11,11,4,5,0.4545,0.0909,1.0,10,9,9,1.0
1271676,158083,83804,45696,11,11,4,5,0.4545,0.0909,1.0,10,9,9,1.0
1271677,158083,83804,45696,11,11,4,5,0.4545,0.0909,1.0,10,9,9,1.0
1271678,158083,83804,45696,11,11,4,5,0.4545,0.0909,1.0,10,9,9,1.0
1220181,18903,19008,3871,12,12,5,6,0.5,0.0833,1.0,11,9,9,1.0
1220194,18903,19008,3871,12,12,5,6,0.5,0.0833,1.0,11,9,9,1.0
1012996,18903,19008,3871,12,12,5,6,0.5,0.0833,1.0,11,9,9,1.0
1220195,18903,19008,3871,12,12,5,6,0.5,0.0833,1.0,11,9,9,1.0
1097962,18903,19008,3871,12,12,5,6,0.5,0.0833,1.0,11,9,9,1.0
1180645,16547,26489,36333,12,12,4,5,0.4167,0.0833,1.0,11,9,9,1.0
1180646,16547,26489,36333,12,12,4,5,0.4167,0.0833,1.0,11,9,9,1.0
1175069,16547,26489,36333,12,12,4,5,0.4167,0.0833,1.0,11,9,9,1.0
1175071,16547,26489,36333,12,12,4,5,0.4167,0.0833,1.0,11,9,9,1.0
1127292,71011,123833,1572,13,13,6,7,0.5385,0.0769,1.0,12,9,9,1.0
1052536,71011,123833,1572,13,13,6,7,0.5385,0.0769,1.0,12,9,9,1.0
1007880,71011,123833,1572,13,13,6,7,0.5385,0.0769,1.0,12,9,9,1.0
1004946,71011,123833,1572,13,13,6,7,0.5385,0.0769,1.0,12,9,9,1.0
1004947,71011,123833,1572,13,13,6,7,0.5385,0.0769,1.0,12,9,9,1.0
1004949,71011,123833,1572,13,13,6,7,0.5385,0.0769,1.0,12,9,9,1.0
1066686,172510,172509,14631,13,13,4,5,0.3846,0.0769,1.0,12,9,9,1.0
1066657,172507,172509,14631,13,13,4,5,0.3846,0.0769,1.0,12,9,9,1.0
1066659,172510,172509,14631,13,13,4,5,0.3846,0.0769,1.0,12,9,9,1.0
1066660,172507,172509,14631,13,13,4,5,0.3846,0.0769,1.0,12,9,9,1.0
1065595,172507,172509,14631,13,13,4,5,0.3846,0.0769,1.0,12,9,9,1.0
1119412,172507,172509,14631,13,13,4,5,0.3846,0.0769,1.0,12,9,9,1.0
1063514,172510,172509,14631,13,13,4,5,0.3846,0.0769,1.0,12,9,9,1.0
1066678,172510,172509,14631,13,13,4,5,0.3846,0.0769,1.0,12,9,9,1.0
1056737,282887,282889,3986,15,15,7,8,0.5333,0.0667,1.0,14,9,9,1.0
1065012,282887,282889,3986,15,15,7,8,0.5333,0.0667,1.0,14,9,9,1.0
1043976,282887,282889,3986,15,15,7,8,0.5333,0.0667,1.0,14,9,9,1.0
1043977,282887,282889,3986,15,15,7,8,0.5333,0.0667,1.0,14,9,9,1.0
1057466,282887,282889,3986,15,15,7,8,0.5333,0.0667,1.0,14,9,9,1.0
1057468,282887,282889,3986,15,15,7,8,0.5333,0.0667,1.0,14,9,9,1.0
1056735,282887,282889,3986,15,15,7,8,0.5333,0.0667,1.0,14,9,9,1.0
1122987,1349,20088,17175,15,15,7,8,0.5333,0.0667,1.0,14,9,9,1.0
1122989,1349,20088,17175,15,15,7,8,0.5333,0.0667,1.0,14,9,9,1.0
1122991,1349,20088,17175,15,15,7,8,0.5333,0.0667,1.0,14,9,9,1.0
1122992,1349,20088,17175,15,15,7,8,0.5333,0.0667,1.0,14,9,9,1.0
1169453,1349,20088,17175,15,15,7,8,0.5333,0.0667,1.0,14,9,9,1.0
1169452,1349,20088,17175,15,15,7,8,0.5333,0.0667,1.0,14,9,9,1.0
1169454,1349,20088,17175,15,15,7,8,0.5333,0.0667,1.0,14,9,9,1.0
1269255,12089,12032,43607,15,15,3,4,0.2667,0.0667,1.0,14,9,9,1.0
1269256,12089,12032,43607,15,15,3,4,0.2667,0.0667,1.0,14,9,9,1.0
1269257,12089,12032,43607,15,15,3,4,0.2667,0.0667,1.0,14,9,9,1.0
1072884,216330,216318,12265,16,16,8,8,0.5,0.0,1.0,15,9,9,1.0
1073159,216330,216318,12265,16,16,8,8,0.5,0.0,1.0,15,9,9,1.0
1073160,216330,216318,12265,16,16,8,8,0.5,0.0,1.0,15,9,9,1.0
1073161,216330,216318,12265,16,16,8,8,0.5,0.0,1.0,15,9,9,1.0
1073162,216330,216318,12265,16,16,8,8,0.5,0.0,1.0,15,9,9,1.0
1072881,216330,216318,12265,16,16,8,8,0.5,0.0,1.0,15,9,9,1.0
1072882,216330,216318,12265,16,16,8,8,0.5,0.0,1.0,15,9,9,1.0
1072883,216330,216318,12265,16,16,8,8,0.5,0.0,1.0,15,9,9,1.0
1269187,12127,12032,43607,15,15,4,4,0.2667,0.0,1.0,14,9,9,1.0
1269188,12127,12032,43607,15,15,4,4,0.2667,0.0,1.0,14,9,9,1.0
1271829,12151,12032,43607,15,15,4,4,0.2667,0.0,1.0,14,9,9,1.0
1271830,12151,12032,43607,15,15,4,4,0.2667,0.0,1.0,14,9,9,1.0
1269236,12127,12032,43607,15,15,4,4,0.2667,0.0,1.0,14,9,9,1.0
1269814,12151,12032,43607,15,15,4,4,0.2667,0.0,1.0,14,9,9,1.0
1227253,12151,12032,43607,15,15,4,4,0.2667,0.0,1.0,14,9,9,1.0
1225414,12127,12032,43607,15,15,4,4,0.2667,0.0,1.0,14,9,9,1.0
1222981,24735,11632,39363,13,13,5,5,0.3846,0.0,1.0,12,9,9,1.0
1222983,24735,11632,39363,13,13,5,5,0.3846,0.0,1.0,12,9,9,1.0
1223026,24735,11632,39363,13,13,5,5,0.3846,0.0,1.0,12,9,9,1.0
1222980,24735,11632,39363,13,13,5,5,0.3846,0.0,1.0,12,9,9,1.0
1222974,24735,11632,39363,13,13,5,5,0.3846,0.0,1.0,12,9,9,1.0
1273569,23839,9893,45184,11,11,4,4,0.3636,0.0,1.0,10,9,9,1.0
1270671,23839,9893,45184,11,11,4,4,0.3636,0.0,1.0,10,9,9,1.0
1266219,23839,9893,45184,11,11,4,4,0.3636,0.0,1.0,10,9,9,1.0
1288538,23839,9893,45184,11,11,4,4,0.3636,0.0,1.0,10,9,9,1.0
1175338,307838,307837,3488,10,10,4,4,0.4,0.0,1.0,9,9,9,1.0
1175339,307838,307837,3488,10,10,4,4,0.4,0.0,1.0,9,9,9,1.0
1095932,307838,307837,3488,10,10,4,4,0.4,0.0,1.0,9,9,9,1.0
1175336,307838,307837,3488,10,10,4,4,0.4,0.0,1.0,9,9,9,1.0
1105350,16230,16226,23808,10,10,5,5,0.5,0.0,1.0,9,9,9,1.0
1105351,16230,16226,23808,10,10,5,5,0.5,0.0,1.0,9,9,9,1.0
1105352,16230,16226,23808,10,10,5,5,0.5,0.0,1.0,9,9,9,1.0
1105353,16230,16226,23808,10,10,5,5,0.5,0.0,1.0,9,9,9,1.0
1105394,16230,16226,23808,10,10,5,5,0.5,0.0,1.0,9,9,9,1.0
1300798,129911,102685,30503,10,10,5,5,0.5,0.0,1.0,9,9,9,1.0
1300799,129911,102685,30503,10,10,5,5,0.5,0.0,1.0,9,9,9,1.0
1300800,129911,102685,30503,10,10,5,5,0.5,0.0,1.0,9,9,9,1.0
1300801,129911,102685,30503,10,10,5,5,0.5,0.0,1.0,9,9,9,1.0
1136361,129911,102685,30503,10,10,5,5,0.5,0.0,1.0,9,9,9,1.0
1148166,20893,2761,31629,10,10,5,5,0.5,0.0,1.0,9,9,9,1.0
1145497,20893,2761,31629,10,10,5,5,0.5,0.0,1.0,9,9,9,1.0
1149415,20893,2761,31629,10,10,5,5,0.5,0.0,1.0,9,9,9,1.0
1149389,20893,2761,31629,10,10,5,5,0.5,0.0,1.0,9,9,9,1.0
1160003,20893,2761,31629,10,10,5,5,0.5,0.0,1.0,9,9,9,1.0
1149685,3647,3630,32574,10,10,5,5,0.5,0.0,1.0,9,9,9,1.0
1149725,3647,3630,32574,10,10,5,5,0.5,0.0,1.0,9,9,9,1.0
1149485,3647,3630,32574,10,10,5,5,0.5,0.0,1.0,9,9,9,1.0
1149682,3647,3630,32574,10,10,5,5,0.5,0.0,1.0,9,9,9,1.0
1149683,3647,3630,32574,10,10,5,5,0.5,0.0,1.0,9,9,9,1.0
1218573,25034,12477,33099,10,10,5,5,0.5,0.0,1.0,9,9,9,1.0
1218574,25034,12477,33099,10,10,5,5,0.5,0.0,1.0,9,9,9,1.0
1218575,25034,12477,33099,10,10,5,5,0.5,0.0,1.0,9,9,9,1.0
1218596,25034,12477,33099,10,10,5,5,0.5,0.0,1.0,9,9,9,1.0
1218597,25034,12477,33099,10,10,5,5,0.5,0.0,1.0,9,9,9,1.0
1287839,9781,9767,49213,10,10,5,5,0.5,0.0,1.0,9,9,9,1.0
1287841,9781,9767,49213,10,10,5,5,0.5,0.0,1.0,9,9,9,1.0
1287842,9781,9767,49213,10,10,5,5,0.5,0.0,1.0,9,9,9,1.0
1287859,9781,9767,49213,10,10,5,5,0.5,0.0,1.0,9,9,9,1.0
1287860,9781,9767,49213,10,10,5,5,0.5,0.0,1.0,9,9,9,1.0
1307302,5921,5915,51339,10,10,5,5,0.5,0.0,1.0,9,9,9,1.0
1307303,5921,5915,51339,10,10,5,5,0.5,0.0,1.0,9,9,9,1.0
1307336,5921,5915,51339,10,10,5,5,0.5,0.0,1.0,9,9,9,1.0
1307305,5921,5915,51339,10,10,5,5,0.5,0.0,1.0,9,9,9,1.0
1307337,5921,5915,51339,10,10,5,5,0.5,0.0,1.0,9,9,9,1.0
1176536,375024,375020,16635,9,9,3,3,0.3333,0.0,1.0,8,9,9,1.0
1176539,375024,375020,16635,9,9,3,3,0.3333,0.0,1.0,8,9,9,1.0
1176573,375024,375020,16635,9,9,3,3,0.3333,0.0,1.0,8,9,9,1.0
1210429,13301,13255,41957,9,9,4,4,0.4444,0.0,1.0,8,9,9,1.0
1210430,13301,13255,41957,9,9,4,4,0.4444,0.0,1.0,8,9,9,1.0
1210431,13301,13255,41957,9,9,4,4,0.4444,0.0,1.0,8,9,9,1.0
1210432,13301,13255,41957,9,9,4,4,0.4444,0.0,1.0,8,9,9,1.0
1306399,16750,16690,47972,9,9,4,4,0.4444,0.0,1.0,8,9,9,1.0
1281961,16750,16690,47972,9,9,4,4,0.4444,0.0,1.0,8,9,9,1.0
1281962,16750,16690,47972,9,9,4,4,0.4444,0.0,1.0,8,9,9,1.0
1281964,16750,16690,47972,9,9,4,4,0.4444,0.0,1.0,8,9,9,1.0
1098555,3102,3101,1026,8,8,4,4,0.5,0.0,1.0,7,9,9,1.0
1002642,3102,3101,1026,8,8,4,4,0.5,0.0,1.0,7,9,9,1.0
1073869,3102,3101,1026,8,8,4,4,0.5,0.0,1.0,7,9,9,1.0
1073871,3102,3101,1026,8,8,4,4,0.5,0.0,1.0,7,9,9,1.0
1094505,22558,6967,8834,8,8,3,3,0.375,0.0,1.0,7,9,9,1.0
1034111,22558,6967,8834,8,8,3,3,0.375,0.0,1.0,7,9,9,1.0
1070819,22558,6967,8834,8,8,3,3,0.375,0.0,1.0,7,9,9,1.0
1057362,276799,276796,10984,8,8,4,4,0.5,0.0,1.0,7,9,9,1.0
1057363,276799,276796,10984,8,8,4,4,0.5,0.0,1.0,7,9,9,1.0
1057365,276799,276796,10984,8,8,4,4,0.5,0.0,1.0,7,9,9,1.0
1043984,276799,276796,10984,8,8,4,4,0.5,0.0,1.0,7,9,9,1.0
1068961,5909,5900,12811,8,8,4,4,0.5,0.0,1.0,7,9,9,1.0
1069419,5909,5900,12811,8,8,4,4,0.5,0.0,1.0,7,9,9,1.0
1067768,5909,5900,12811,8,8,4,4,0.5,0.0,1.0,7,9,9,1.0
1057147,5909,5900,12811,8,8,4,4,0.5,0.0,1.0,7,9,9,1.0
1104199,25520,13749,21030,8,8,4,4,0.5,0.0,1.0,7,9,9,1.0
1104201,25520,13749,21030,8,8,4,4,0.5,0.0,1.0,7,9,9,1.0
1112842,25520,13749,21030,8,8,4,4,0.5,0.0,1.0,7,9,9,1.0
1092542,25520,13749,21030,8,8,4,4,0.5,0.0,1.0,7,9,9,1.0
1115448,25288,12979,24777,8,8,4,4,0.5,0.0,1.0,7,9,9,1.0
1115453,25288,12979,24777,8,8,4,4,0.5,0.0,1.0,7,9,9,1.0
1115455,25288,12979,24777,8,8,4,4,0.5,0.0,1.0,7,9,9,1.0
1115435,25288,12979,24777,8,8,4,4,0.5,0.0,1.0,7,9,9,1.0
1113408,14932,14923,25169,8,8,4,4,0.5,0.0,1.0,7,9,9,1.0
1113409,14932,14923,25169,8,8,4,4,0.5,0.0,1.0,7,9,9,1.0
1113410,14932,14923,25169,8,8,4,4,0.5,0.0,1.0,7,9,9,1.0
1113411,14932,14923,25169,8,8,4,4,0.5,0.0,1.0,7,9,9,1.0
1125536,20238,1688,26317,8,8,4,4,0.5,0.0,1.0,7,9,9,1.0
1121710,20238,1688,26317,8,8,4,4,0.5,0.0,1.0,7,9,9,1.0
1125513,20238,1688,26317,8,8,4,4,0.5,0.0,1.0,7,9,9,1.0
1125516,20238,1688,26317,8,8,4,4,0.5,0.0,1.0,7,9,9,1.0
1124893,13011,12968,26922,8,8,4,4,0.5,0.0,1.0,7,9,9,1.0
1124894,13011,12968,26922,8,8,4,4,0.5,0.0,1.0,7,9,9,1.0
1124895,13011,12968,26922,8,8,4,4,0.5,0.0,1.0,7,9,9,1.0
1124896,13011,12968,26922,8,8,4,4,0.5,0.0,1.0,7,9,9,1.0
1153742,84774,2223,32439,8,8,4,4,0.5,0.0,1.0,7,9,9,1.0
1153743,84774,2223,32439,8,8,4,4,0.5,0.0,1.0,7,9,9,1.0
1148512,84774,2223,32439,8,8,4,4,0.5,0.0,1.0,7,9,9,1.0
1148515,84774,2223,32439,8,8,4,4,0.5,0.0,1.0,7,9,9,1.0
1196724,19918,724,35600,8,8,4,4,0.5,0.0,1.0,7,9,9,1.0
1196725,19918,724,35600,8,8,4,4,0.5,0.0,1.0,7,9,9,1.0
1211053,19918,724,35600,8,8,4,4,0.5,0.0,1.0,7,9,9,1.0
1211054,19918,724,35600,8,8,4,4,0.5,0.0,1.0,7,9,9,1.0
1205916,25760,14443,41242,8,8,4,4,0.5,0.0,1.0,7,9,9,1.0
1205913,25760,14443,41242,8,8,4,4,0.5,0.0,1.0,7,9,9,1.0
1205915,25760,14443,41242,8,8,4,4,0.5,0.0,1.0,7,9,9,1.0
1205914,25760,14443,41242,8,8,4,4,0.5,0.0,1.0,7,9,9,1.0
1210735,1741,1671,41917,8,8,4,4,0.5,0.0,1.0,7,9,9,1.0
1210133,1741,1671,41917,8,8,4,4,0.5,0.0,1.0,7,9,9,1.0
1210145,1741,1671,41917,8,8,4,4,0.5,0.0,1.0,7,9,9,1.0
1210591,1741,1671,41917,8,8,4,4,0.5,0.0,1.0,7,9,9,1.0
1229385,8511,8486,42339,8,8,4,4,0.5,0.0,1.0,7,9,9,1.0
1216873,8511,8486,42339,8,8,4,4,0.5,0.0,1.0,7,9,9,1.0
1229382,8511,8486,42339,8,8,4,4,0.5,0.0,1.0,7,9,9,1.0
1229383,8511,8486,42339,8,8,4,4,0.5,0.0,1.0,7,9,9,1.0
1226786,23355,23350,43938,8,8,4,4,0.5,0.0,1.0,7,9,9,1.0
1226788,23355,23350,43938,8,8,4,4,0.5,0.0,1.0,7,9,9,1.0
1226852,23355,23350,43938,8,8,4,4,0.5,0.0,1.0,7,9,9,1.0
1226860,23355,23350,43938,8,8,4,4,0.5,0.0,1.0,7,9,9,1.0
1279985,13978,13968,47096,8,8,4,4,0.5,0.0,1.0,7,9,9,1.0
1279986,13978,13968,47096,8,8,4,4,0.5,0.0,1.0,7,9,9,1.0
1279987,13978,13968,47096,8,8,4,4,0.5,0.0,1.0,7,9,9,1.0
1279988,13978,13968,47096,8,8,4,4,0.5,0.0,1.0,7,9,9,1.0
1281653,7397,7386,48174,8,8,4,4,0.5,0.0,1.0,7,9,9,1.0
1280504,7397,7386,48174,8,8,4,4,0.5,0.0,1.0,7,9,9,1.0
1286357,7397,7386,48174,8,8,4,4,0.5,0.0,1.0,7,9,9,1.0
1286358,7397,7386,48174,8,8,4,4,0.5,0.0,1.0,7,9,9,1.0
1283103,22943,7946,48769,8,8,4,4,0.5,0.0,1.0,7,9,9,1.0
1305278,22943,7946,48769,8,8,4,4,0.5,0.0,1.0,7,9,9,1.0
1305279,22943,7946,48769,8,8,4,4,0.5,0.0,1.0,7,9,9,1.0
1305280,22943,7946,48769,8,8,4,4,0.5,0.0,1.0,7,9,9,1.0
1298890,22926,22909,49832,8,8,4,4,0.5,0.0,1.0,7,9,9,1.0
1298891,22926,22909,49832,8,8,4,4,0.5,0.0,1.0,7,9,9,1.0
1298892,22926,22909,49832,8,8,4,4,0.5,0.0,1.0,7,9,9,1.0
1298893,22926,22909,49832,8,8,4,4,0.5,0.0,1.0,7,9,9,1.0
1300089,9063,9042,50086,8,8,4,4,0.5,0.0,1.0,7,9,9,1.0
1305470,9063,9042,50086,8,8,4,4,0.5,0.0,1.0,7,9,9,1.0
1305472,9063,9042,50086,8,8,4,4,0.5,0.0,1.0,7,9,9,1.0
1305473,9063,9042,50086,8,8,4,4,0.5,0.0,1.0,7,9,9,1.0
1288301,5453,5324,42167,7,7,2,2,0.2857,0.0,1.0,6,9,9,1.0
1306438,5453,5324,42167,7,7,2,2,0.2857,0.0,1.0,6,9,9,1.0
1311827,5450,5324,42167,7,7,2,2,0.2857,0.0,1.0,6,9,9,1.0
1311828,5450,5324,42167,7,7,2,2,0.2857,0.0,1.0,6,9,9,1.0
1022530,24411,24406,6005,6,6,3,3,0.5,0.0,1.0,5,9,9,1.0
1022531,24411,24406,6005,6,6,3,3,0.5,0.0,1.0,5,9,9,1.0
1022493,24411,24406,6005,6,6,3,3,0.5,0.0,1.0,5,9,9,1.0
1044172,22169,6115,11007,6,6,3,3,0.5,0.0,1.0,5,9,9,1.0
1044177,22169,6115,11007,6,6,3,3,0.5,0.0,1.0,5,9,9,1.0
1044178,22169,6115,11007,6,6,3,3,0.5,0.0,1.0,5,9,9,1.0
1059133,26208,15867,13299,6,6,3,3,0.5,0.0,1.0,5,9,9,1.0
1060169,26208,15867,13299,6,6,3,3,0.5,0.0,1.0,5,9,9,1.0
1082994,26208,15867,13299,6,6,3,3,0.5,0.0,1.0,5,9,9,1.0
1112118,14601,14536,19239,6,6,3,3,0.5,0.0,1.0,5,9,9,1.0
1083314,14601,14536,19239,6,6,3,3,0.5,0.0,1.0,5,9,9,1.0
1111910,14601,14536,19239,6,6,3,3,0.5,0.0,1.0,5,9,9,1.0
1106194,26727,17386,21430,6,6,3,3,0.5,0.0,1.0,5,9,9,1.0
1094035,26727,17386,21430,6,6,3,3,0.5,0.0,1.0,5,9,9,1.0
1113660,26727,17386,21430,6,6,3,3,0.5,0.0,1.0,5,9,9,1.0
1109260,14683,14602,24250,6,6,3,3,0.5,0.0,1.0,5,9,9,1.0
1111018,14683,14602,24250,6,6,3,3,0.5,0.0,1.0,5,9,9,1.0
1111021,14683,14602,24250,6,6,3,3,0.5,0.0,1.0,5,9,9,1.0
1120629,17149,17075,26123,6,6,1,1,0.1667,0.0,1.0,5,9,9,1.0
1285324,26640,17075,26123,6,6,1,1,0.1667,0.0,1.0,5,9,9,1.0
1285328,17137,17075,26123,6,6,1,1,0.1667,0.0,1.0,5,9,9,1.0
1224531,26652,17075,26123,6,6,1,1,0.1667,0.0,1.0,5,9,9,1.0
1306846,17078,17075,26123,6,6,1,1,0.1667,0.0,1.0,5,9,9,1.0
1124506,13079,13012,26805,6,6,3,3,0.5,0.0,1.0,5,9,9,1.0
1123415,13079,13012,26805,6,6,3,3,0.5,0.0,1.0,5,9,9,1.0
1124508,13079,13012,26805,6,6,3,3,0.5,0.0,1.0,5,9,9,1.0
1128903,26608,26606,27997,6,6,3,3,0.5,0.0,1.0,5,9,9,1.0
1127741,26608,26606,27997,6,6,3,3,0.5,0.0,1.0,5,9,9,1.0
1305319,26608,26606,27997,6,6,3,3,0.5,0.0,1.0,5,9,9,1.0
1147508,26048,15252,32094,6,6,3,3,0.5,0.0,1.0,5,9,9,1.0
1146557,26048,15252,32094,6,6,3,3,0.5,0.0,1.0,5,9,9,1.0
1146541,26048,15252,32094,6,6,3,3,0.5,0.0,1.0,5,9,9,1.0
1179290,1457,1427,37375,6,6,3,3,0.5,0.0,1.0,5,9,9,1.0
1179291,1457,1427,37375,6,6,3,3,0.5,0.0,1.0,5,9,9,1.0
1179267,1457,1427,37375,6,6,3,3,0.5,0.0,1.0,5,9,9,1.0
1180261,16434,16390,37552,6,6,3,3,0.5,0.0,1.0,5,9,9,1.0
1180262,16434,16390,37552,6,6,3,3,0.5,0.0,1.0,5,9,9,1.0
1180263,16434,16390,37552,6,6,3,3,0.5,0.0,1.0,5,9,9,1.0
1185890,19564,19559,38272,6,6,3,3,0.5,0.0,1.0,5,9,9,1.0
1185892,19564,19559,38272,6,6,3,3,0.5,0.0,1.0,5,9,9,1.0
1185899,19564,19559,38272,6,6,3,3,0.5,0.0,1.0,5,9,9,1.0
1189699,344378,4388,38841,6,6,3,3,0.5,0.0,1.0,5,9,9,1.0
1189701,344378,4388,38841,6,6,3,3,0.5,0.0,1.0,5,9,9,1.0
1189413,344378,4388,38841,6,6,3,3,0.5,0.0,1.0,5,9,9,1.0
1219871,27171,5032,40875,6,6,3,3,0.5,0.0,1.0,5,9,9,1.0
1202428,27171,5032,40875,6,6,3,3,0.5,0.0,1.0,5,9,9,1.0
1220493,27171,5032,40875,6,6,3,3,0.5,0.0,1.0,5,9,9,1.0
1272027,9264,9247,45693,6,6,2,2,0.3333,0.0,1.0,5,9,9,1.0
1272028,9264,9247,45693,6,6,2,2,0.3333,0.0,1.0,5,9,9,1.0
1268111,23589,9247,45693,6,6,2,2,0.3333,0.0,1.0,5,9,9,1.0
1271971,23589,9247,45693,6,6,2,2,0.3333,0.0,1.0,5,9,9,1.0
1305283,22946,7979,46158,6,6,3,3,0.5,0.0,1.0,5,9,9,1.0
1305284,22946,7979,46158,6,6,3,3,0.5,0.0,1.0,5,9,9,1.0
1305285,22946,7979,46158,6,6,3,3,0.5,0.0,1.0,5,9,9,1.0
1308304,8042,8024,51393,6,6,3,3,0.5,0.0,1.0,5,9,9,1.0
1308305,8042,8024,51393,6,6,3,3,0.5,0.0,1.0,5,9,9,1.0
1307596,8042,8024,51393,6,6,3,3,0.5,0.0,1.0,5,9,9,1.0
1081788,69090,2476,18715,5,5,2,2,0.4,0.0,1.0,4,9,9,1.0
1081789,69090,2476,18715,5,5,2,2,0.4,0.0,1.0,4,9,9,1.0
1181372,214717,214715,22249,5,5,2,2,0.4,0.0,1.0,4,9,9,1.0
1181381,214717,214715,22249,5,5,2,2,0.4,0.0,1.0,4,9,9,1.0
1273243,7984,331,46642,5,5,2,2,0.4,0.0,1.0,4,9,9,1.0
1275914,7984,331,46642,5,5,2,2,0.4,0.0,1.0,4,9,9,1.0
1277217,17183,4682,47320,5,5,2,2,0.4,0.0,1.0,4,9,9,1.0
1277218,17183,4682,47320,5,5,2,2,0.4,0.0,1.0,4,9,9,1.0
1000892,5474,5472,222,4,4,2,2,0.5,0.0,1.0,3,9,9,1.0
1003686,5474,5472,222,4,4,2,2,0.5,0.0,1.0,3,9,9,1.0
1007057,30364,24069,2130,4,4,2,2,0.5,0.0,1.0,3,9,9,1.0
1007054,30364,24069,2130,4,4,2,2,0.5,0.0,1.0,3,9,9,1.0
1014512,227518,3224,4597,4,4,2,2,0.5,0.0,1.0,3,9,9,1.0
1157961,227518,3224,4597,4,4,2,2,0.5,0.0,1.0,3,9,9,1.0
1107787,344373,16818,4949,4,4,2,2,0.5,0.0,1.0,3,9,9,1.0
1015378,344373,16818,4949,4,4,2,2,0.5,0.0,1.0,3,9,9,1.0
1068024,400927,130219,7907,4,4,2,2,0.5,0.0,1.0,3,9,9,1.0
1030439,400927,130219,7907,4,4,2,2,0.5,0.0,1.0,3,9,9,1.0
1036695,7871,7837,9375,4,4,2,2,0.5,0.0,1.0,3,9,9,1.0
1041361,7871,7837,9375,4,4,2,2,0.5,0.0,1.0,3,9,9,1.0
1100010,17766,17709,18060,4,4,1,1,0.25,0.0,1.0,3,9,9,1.0
1091712,26839,17709,18060,4,4,1,1,0.25,0.0,1.0,3,9,9,1.0
1155209,26716,17709,18060,4,4,1,1,0.25,0.0,1.0,3,9,9,1.0
1109866,15794,15749,18622,4,4,2,2,0.5,0.0,1.0,3,9,9,1.0
1081373,15794,15749,18622,4,4,2,2,0.5,0.0,1.0,3,9,9,1.0
1198185,24339,24317,19170,4,4,2,2,0.5,0.0,1.0,3,9,9,1.0
1198183,24339,24317,19170,4,4,2,2,0.5,0.0,1.0,3,9,9,1.0
1092464,18356,18341,21005,4,4,2,2,0.5,0.0,1.0,3,9,9,1.0
1137420,18356,18341,21005,4,4,2,2,0.5,0.0,1.0,3,9,9,1.0
1109932,4499,4448,24229,4,4,2,2,0.5,0.0,1.0,3,9,9,1.0
1109933,4499,4448,24229,4,4,2,2,0.5,0.0,1.0,3,9,9,1.0
1127568,27185,18616,27896,4,4,2,2,0.5,0.0,1.0,3,9,9,1.0
1299874,27185,18616,27896,4,4,2,2,0.5,0.0,1.0,3,9,9,1.0
1312546,274241,274240,29545,4,4,2,2,0.5,0.0,1.0,3,9,9,1.0
1133218,274241,274240,29545,4,4,2,2,0.5,0.0,1.0,3,9,9,1.0
1178112,74534,2091,29764,4,4,2,2,0.5,0.0,1.0,3,9,9,1.0
1178113,74534,2091,29764,4,4,2,2,0.5,0.0,1.0,3,9,9,1.0
1165783,376684,3058,34218,4,4,2,2,0.5,0.0,1.0,3,9,9,1.0
1165258,376684,3058,34218,4,4,2,2,0.5,0.0,1.0,3,9,9,1.0
1195378,383451,21395,35530,4,4,1,1,0.25,0.0,1.0,3,9,9,1.0
1206338,343965,21395,35530,4,4,1,1,0.25,0.0,1.0,3,9,9,1.0
1215688,343964,21395,35530,4,4,1,1,0.25,0.0,1.0,3,9,9,1.0
1197920,24376,10777,39767,4,4,2,2,0.5,0.0,1.0,3,9,9,1.0
1225068,24376,10777,39767,4,4,2,2,0.5,0.0,1.0,3,9,9,1.0
1298733,18641,18634,47990,4,4,2,2,0.5,0.0,1.0,3,9,9,1.0
1298732,18641,18634,47990,4,4,2,2,0.5,0.0,1.0,3,9,9,1.0
1288570,359595,26630,49099,4,4,2,2,0.5,0.0,1.0,3,9,9,1.0
1286999,359595,26630,49099,4,4,2,2,0.5,0.0,1.0,3,9,9,1.0
1009120,420267,415483,2743,3,3,1,1,0.3333,0.0,1.0,2,9,9,1.0
1138579,420268,415483,2743,3,3,1,1,0.3333,0.0,1.0,2,9,9,1.0
1113677,27164,18448,25238,3,3,1,1,0.3333,0.0,1.0,2,9,9,1.0
1113676,18495,18448,25238,3,3,1,1,0.3333,0.0,1.0,2,9,9,1.0
1163424,6502,6417,28939,3,3,1,1,0.3333,0.0,1.0,2,9,9,1.0
1309776,269129,6417,28939,3,3,1,1,0.3333,0.0,1.0,2,9,9,1.0
1218059,287678,11958,33088,3,3,1,1,0.3333,0.0,1.0,2,9,9,1.0
1217867,12010,11958,33088,3,3,1,1,0.3333,0.0,1.0,2,9,9,1.0
1153390,375259,19665,33178,3,3,1,1,0.3333,0.0,1.0,2,9,9,1.0
1191343,259516,19665,33178,3,3,1,1,0.3333,0.0,1.0,2,9,9,1.0
1201192,23789,9592,40217,3,3,1,1,0.3333,0.0,1.0,2,9,9,1.0
1201193,9635,9592,40217,3,3,1,1,0.3333,0.0,1.0,2,9,9,1.0
1299776,349653,50844,42088,3,3,1,1,0.3333,0.0,1.0,2,9,9,1.0
1215982,50845,50844,42088,3,3,1,1,0.3333,0.0,1.0,2,9,9,1.0
1304592,376459,375710,47689,3,3,1,1,0.3333,0.0,1.0,2,9,9,1.0
1278790,536283,375710,47689,3,3,1,1,0.3333,0.0,1.0,2,9,9,1.0
1285956,18078,4969,48878,3,3,1,1,0.3333,0.0,1.0,2,9,9,1.0
1306691,4973,4969,48878,3,3,1,1,0.3333,0.0,1.0,2,9,9,1.0
1202843,264643,31358,0,2,2,1,1,0.5,0.0,1.0,1,9,9,1.0
1000734,5522,5520,129,2,2,1,1,0.5,0.0,1.0,1,9,9,1.0
1001987,449260,85736,204,2,2,1,1,0.5,0.0,1.0,1,9,9,1.0
1001252,19804,290,390,2,2,1,1,0.5,0.0,1.0,1,9,9,1.0
1001659,19798,264,403,2,2,1,1,0.5,0.0,1.0,1,9,9,1.0
1001292,286,282,405,2,2,1,1,0.5,0.0,1.0,1,9,9,1.0
1005463,19843,438,447,2,2,1,1,0.5,0.0,1.0,1,9,9,1.0
1001407,19843,438,454,2,2,1,1,0.5,0.0,1.0,1,9,9,1.0
1001808,87331,727,620,2,2,1,1,0.5,0.0,1.0,1,9,9,1.0
1001815,428,362,624,2,2,1,1,0.5,0.0,1.0,1,9,9,1.0
1002092,9403,454,753,2,2,1,1,0.5,0.0,1.0,1,9,9,1.0
1002282,53724,10912,839,2,2,1,1,0.5,0.0,1.0,1,9,9,1.0
1002451,343741,343740,938,2,2,1,1,0.5,0.0,1.0,1,9,9,1.0
1002677,20780,20760,1050,2,2,1,1,0.5,0.0,1.0,1,9,9,1.0
1002932,10486,10430,1119,2,2,1,1,0.5,0.0,1.0,1,9,9,1.0
1005869,21884,21883,1217,2,2,1,1,0.5,0.0,1.0,1,9,9,1.0
1005505,83808,5478,1225,2,2,1,1,0.5,0.0,1.0,1,9,9,1.0
1190755,21426,3708,1501,2,2,1,1,0.5,0.0,1.0,1,9,9,1.0
1005912,5480,5479,1798,2,2,1,1,0.5,0.0,1.0,1,9,9,1.0
1005523,21875,21874,1816,2,2,1,1,0.5,0.0,1.0,1,9,9,1.0
1005923,15946,15936,1958,2,2,1,1,0.5,0.0,1.0,1,9,9,1.0
1006794,10317,10245,2179,2,2,1,1,0.5,0.0,1.0,1,9,9,1.0
1009171,158740,677,2433,2,2,1,1,0.5,0.0,1.0,1,9,9,1.0
1013844,324,317,2449,2,2,1,1,0.5,0.0,1.0,1,9,9,1.0
1012902,11782,11770,2621,2,2,1,1,0.5,0.0,1.0,1,9,9,1.0
1011287,349565,343179,3220,2,2,1,1,0.5,0.0,1.0,1,9,9,1.0
1018943,7205,7202,3291,2,2,1,1,0.5,0.0,1.0,1,9,9,1.0
1130659,349899,344587,3340,2,2,1,1,0.5,0.0,1.0,1,9,9,1.0
1012909,69412,11823,3602,2,2,1,1,0.5,0.0,1.0,1,9,9,1.0
1012552,359581,81565,3609,2,2,1,1,0.5,0.0,1.0,1,9,9,1.0
1012753,24170,24139,3696,2,2,1,1,0.5,0.0,1.0,1,9,9,1.0
1068816,5801,5796,3778,2,2,1,1,0.5,0.0,1.0,1,9,9,1.0
1013194,6282,6245,4016,2,2,1,1,0.5,0.0,1.0,1,9,9,1.0
1015169,289597,3936,4904,2,2,1,1,0.5,0.0,1.0,1,9,9,1.0
1015490,15904,15891,4989,2,2,1,1,0.5,0.0,1.0,1,9,9,1.0
1090031,85411,21163,5000,2,2,1,1,0.5,0.0,1.0,1,9,9,1.0
1277021,312315,110073,5294,2,2,1,1,0.5,0.0,1.0,1,9,9,1.0
1148902,343612,47020,5979,2,2,1,1,0.5,0.0,1.0,1,9,9,1.0
1028541,15374,15360,7314,2,2,1,1,0.5,0.0,1.0,1,9,9,1.0
1031783,7385,7341,8273,2,2,1,1,0.5,0.0,1.0,1,9,9,1.0
1053001,377211,4227,12148,2,2,1,1,0.5,0.0,1.0,1,9,9,1.0
1053016,343963,3588,12162,2,2,1,1,0.5,0.0,1.0,1,9,9,1.0
1132046,130219,97884,12192,2,2,1,1,0.5,0.0,1.0,1,9,9,1.0
1053063,24621,11404,12198,2,2,1,1,0.5,0.0,1.0,1,9,9,1.0
1153039,3706,3667,12205,2,2,1,1,0.5,0.0,1.0,1,9,9,1.0
1055680,123505,120304,12580,2,2,1,1,0.5,0.0,1.0,1,9,9,1.0
1056400,537211,536253,12661,2,2,1,1,0.5,0.0,1.0,1,9,9,1.0
1066154,384171,349566,14851,2,2,1,1,0.5,0.0,1.0,1,9,9,1.0
1133654,365326,199035,15200,2,2,1,1,0.5,0.0,1.0,1,9,9,1.0
1246063,5930,5914,15230,2,2,1,1,0.5,0.0,1.0,1,9,9,1.0
1136097,5831,5782,15231,2,2,1,1,0.5,0.0,1.0,1,9,9,1.0
1077522,21860,21857,15246,2,2,1,1,0.5,0.0,1.0,1,9,9,1.0
1148484,383484,229436,15304,2,2,1,1,0.5,0.0,1.0,1,9,9,1.0
1072087,299196,299195,16233,2,2,1,1,0.5,0.0,1.0,1,9,9,1.0
1144995,25891,14721,16241,2,2,1,1,0.5,0.0,1.0,1,9,9,1.0
1219742,21186,21156,16346,2,2,1,1,0.5,0.0,1.0,1,9,9,1.0
1072457,343515,55963,16363,2,2,1,1,0.5,0.0,1.0,1,9,9,1.0
1098919,339835,339516,16368,2,2,1,1,0.5,0.0,1.0,1,9,9,1.0
1133485,22505,22499,16838,2,2,1,1,0.5,0.0,1.0,1,9,9,1.0
1136080,178877,178561,16862,2,2,1,1,0.5,0.0,1.0,1,9,9,1.0
1090495,156159,57887,16914,2,2,1,1,0.5,0.0,1.0,1,9,9,1.0
1074179,359665,359664,17112,2,2,1,1,0.5,0.0,1.0,1,9,9,1.0
1136338,22218,22216,17121,2,2,1,1,0.5,0.0,1.0,1,9,9,1.0
1074269,69725,58206,17157,2,2,1,1,0.5,0.0,1.0,1,9,9,1.0
1136933,14884,14847,17193,2,2,1,1,0.5,0.0,1.0,1,9,9,1.0
1077230,26130,21369,17741,2,2,1,1,0.5,0.0,1.0,1,9,9,1.0
1090082,390331,5180,18022,2,2,1,1,0.5,0.0,1.0,1,9,9,1.0
1090742,169595,18409,20328,2,2,1,1,0.5,0.0,1.0,1,9,9,1.0
1090911,344443,235516,20406,2,2,1,1,0.5,0.0,1.0,1,9,9,1.0
1091501,17839,16079,20643,2,2,1,1,0.5,0.0,1.0,1,9,9,1.0
1092407,176955,17574,20976,2,2,1,1,0.5,0.0,1.0,1,9,9,1.0
1104437,26925,26923,21379,2,2,1,1,0.5,0.0,1.0,1,9,9,1.0
1133026,16867,4477,22384,2,2,1,1,0.5,0.0,1.0,1,9,9,1.0
1107888,1852,1830,24090,2,2,1,1,0.5,0.0,1.0,1,9,9,1.0
1176606,3114,3090,24103,2,2,1,1,0.5,0.0,1.0,1,9,9,1.0
1108692,26809,26778,24151,2,2,1,1,0.5,0.0,1.0,1,9,9,1.0
1133276,102376,5161,25411,2,2,1,1,0.5,0.0,1.0,1,9,9,1.0
1116418,25778,14546,25766,2,2,1,1,0.5,0.0,1.0,1,9,9,1.0
1170051,364651,10906,26164,2,2,1,1,0.5,0.0,1.0,1,9,9,1.0
1133687,53726,19206,26180,2,2,1,1,0.5,0.0,1.0,1,9,9,1.0
1121148,26938,17931,26189,2,2,1,1,0.5,0.0,1.0,1,9,9,1.0
1124832,24816,24815,27136,2,2,1,1,0.5,0.0,1.0,1,9,9,1.0
1126074,25691,2470,27399,2,2,1,1,0.5,0.0,1.0,1,9,9,1.0
1126692,25739,14359,27426,2,2,1,1,0.5,0.0,1.0,1,9,9,1.0
1128426,536459,236156,28260,2,2,1,1,0.5,0.0,1.0,1,9,9,1.0
1185470,16504,4198,28758,2,2,1,1,0.5,0.0,1.0,1,9,9,1.0
1276977,21480,3830,28771,2,2,1,1,0.5,0.0,1.0,1,9,9,1.0
1239145,16563,4177,28911,2,2,1,1,0.5,0.0,1.0,1,9,9,1.0
1132124,260163,259521,29070,2,2,1,1,0.5,0.0,1.0,1,9,9,1.0
1136230,21758,21098,29292,2,2,1,1,0.5,0.0,1.0,1,9,9,1.0
1132740,343339,10023,29326,2,2,1,1,0.5,0.0,1.0,1,9,9,1.0
1136159,17636,4853,29397,2,2,1,1,0.5,0.0,1.0,1,9,9,1.0
1133558,281930,264316,29710,2,2,1,1,0.5,0.0,1.0,1,9,9,1.0
1136181,12923,1231,30457,2,2,1,1,0.5,0.0,1.0,1,9,9,1.0
1136197,224955,35183,30468,2,2,1,1,0.5,0.0,1.0,1,9,9,1.0
1136208,349868,10232,30475,2,2,1,1,0.5,0.0,1.0,1,9,9,1.0
1152437,25889,14709,30482,2,2,1,1,0.5,0.0,1.0,1,9,9,1.0
1181385,240636,11888,31125,2,2,1,1,0.5,0.0,1.0,1,9,9,1.0
1266312,4887,4882,31226,2,2,1,1,0.5,0.0,1.0,1,9,9,1.0
1221857,11412,11408,31324,2,2,1,1,0.5,0.0,1.0,1,9,9,1.0
1143165,171518,24959,31402,2,2,1,1,0.5,0.0,1.0,1,9,9,1.0
1145205,21462,3765,31801,2,2,1,1,0.5,0.0,1.0,1,9,9,1.0
1145121,21462,3765,31803,2,2,1,1,0.5,0.0,1.0,1,9,9,1.0
1149847,157767,13989,32609,2,2,1,1,0.5,0.0,1.0,1,9,9,1.0
1150134,15971,3789,32647,2,2,1,1,0.5,0.0,1.0,1,9,9,1.0
1152939,4586,4551,32892,2,2,1,1,0.5,0.0,1.0,1,9,9,1.0
1153035,3319,3317,32951,2,2,1,1,0.5,0.0,1.0,1,9,9,1.0
1158299,17431,17402,33361,2,2,1,1,0.5,0.0,1.0,1,9,9,1.0
1157661,21237,3197,33625,2,2,1,1,0.5,0.0,1.0,1,9,9,1.0
1160007,25707,14355,34230,2,2,1,1,0.5,0.0,1.0,1,9,9,1.0
1183811,14633,14588,34374,2,2,1,1,0.5,0.0,1.0,1,9,9,1.0
1164305,246401,4114,34508,2,2,1,1,0.5,0.0,1.0,1,9,9,1.0
1164694,3796,3757,34573,2,2,1,1,0.5,0.0,1.0,1,9,9,1.0
1164814,263360,3543,34600,2,2,1,1,0.5,0.0,1.0,1,9,9,1.0
1165875,3415,3411,34780,2,2,1,1,0.5,0.0,1.0,1,9,9,1.0
1171309,1188,1161,36024,2,2,1,1,0.5,0.0,1.0,1,9,9,1.0
1175126,25264,12878,36351,2,2,1,1,0.5,0.0,1.0,1,9,9,1.0
1175611,12251,12188,36487,2,2,1,1,0.5,0.0,1.0,1,9,9,1.0
1175898,25486,13542,36576,2,2,1,1,0.5,0.0,1.0,1,9,9,1.0
1187902,26245,3767,37029,2,2,1,1,0.5,0.0,1.0,1,9,9,1.0
1183775,26556,26537,37053,2,2,1,1,0.5,0.0,1.0,1,9,9,1.0
1182960,8271,376,37783,2,2,1,1,0.5,0.0,1.0,1,9,9,1.0
1183639,4479,4462,37809,2,2,1,1,0.5,0.0,1.0,1,9,9,1.0
1185356,19576,19574,38178,2,2,1,1,0.5,0.0,1.0,1,9,9,1.0
1222796,537446,537444,40736,2,2,1,1,0.5,0.0,1.0,1,9,9,1.0
1201864,272316,5076,40792,2,2,1,1,0.5,0.0,1.0,1,9,9,1.0
1208631,11163,11136,41672,2,2,1,1,0.5,0.0,1.0,1,9,9,1.0
1221463,123507,24123,43095,2,2,1,1,0.5,0.0,1.0,1,9,9,1.0
1224946,24280,24241,43481,2,2,1,1,0.5,0.0,1.0,1,9,9,1.0
1297528,8020,7876,44968,2,2,1,1,0.5,0.0,1.0,1,9,9,1.0
1267688,23946,9976,45597,2,2,1,1,0.5,0.0,1.0,1,9,9,1.0
1268148,12019,11986,45708,2,2,1,1,0.5,0.0,1.0,1,9,9,1.0
1268292,299516,11053,45749,2,2,1,1,0.5,0.0,1.0,1,9,9,1.0
1289200,11548,11270,46023,2,2,1,1,0.5,0.0,1.0,1,9,9,1.0
1271254,20581,2430,46331,2,2,1,1,0.5,0.0,1.0,1,9,9,1.0
1278214,9775,9721,46600,2,2,1,1,0.5,0.0,1.0,1,9,9,1.0
1273405,10974,10934,46663,2,2,1,1,0.5,0.0,1.0,1,9,9,1.0
1273677,376206,20381,46714,2,2,1,1,0.5,0.0,1.0,1,9,9,1.0
1273758,20335,13800,46729,2,2,1,1,0.5,0.0,1.0,1,9,9,1.0
1297768,25603,20421,46826,2,2,1,1,0.5,0.0,1.0,1,9,9,1.0
1307405,370388,75164,47065,2,2,1,1,0.5,0.0,1.0,1,9,9,1.0
1276821,26637,17068,47204,2,2,1,1,0.5,0.0,1.0,1,9,9,1.0
1306279,936,837,47413,2,2,1,1,0.5,0.0,1.0,1,9,9,1.0
1279046,152955,151038,47741,2,2,1,1,0.5,0.0,1.0,1,9,9,1.0
1279074,26671,4667,47747,2,2,1,1,0.5,0.0,1.0,1,9,9,1.0
1279391,107499,4864,47844,2,2,1,1,0.5,0.0,1.0,1,9,9,1.0
1302622,375057,19737,47856,2,2,1,1,0.5,0.0,1.0,1,9,9,1.0
1280481,26650,21629,47887,2,2,1,1,0.5,0.0,1.0,1,9,9,1.0
1281820,21719,4959,47989,2,2,1,1,0.5,0.0,1.0,1,9,9,1.0
1282162,21364,3535,48582,2,2,1,1,0.5,0.0,1.0,1,9,9,1.0
1282664,4864,4840,48703,2,2,1,1,0.5,0.0,1.0,1,9,9,1.0
1286538,7349,7344,49002,2,2,1,1,0.5,0.0,1.0,1,9,9,1.0
1287195,21604,4553,49124,2,2,1,1,0.5,0.0,1.0,1,9,9,1.0
1289022,25215,12741,49194,2,2,1,1,0.5,0.0,1.0,1,9,9,1.0
1288337,25173,25110,49276,2,2,1,1,0.5,0.0,1.0,1,9,9,1.0
1288592,19735,20,49317,2,2,1,1,0.5,0.0,1.0,1,9,9,1.0
1289855,21687,21684,49499,2,2,1,1,0.5,0.0,1.0,1,9,9,1.0
1300100,7972,7935,49542,2,2,1,1,0.5,0.0,1.0,1,9,9,1.0
1298552,19762,19760,49788,2,2,1,1,0.5,0.0,1.0,1,9,9,1.0
1299606,18561,5049,49974,2,2,1,1,0.5,0.0,1.0,1,9,9,1.0
1300016,21690,4880,50073,2,2,1,1,0.5,0.0,1.0,1,9,9,1.0
1300496,7648,7609,50167,2,2,1,1,0.5,0.0,1.0,1,9,9,1.0
1304057,7103,7031,50206,2,2,1,1,0.5,0.0,1.0,1,9,9,1.0
1310555,114,113,50931,2,2,1,1,0.5,0.0,1.0,1,9,9,1.0
1306218,4950,4948,51137,2,2,1,1,0.5,0.0,1.0,1,9,9,1.0
1311914,136315,23427,51908,2,2,1,1,0.5,0.0,1.0,1,9,9,1.0
1274508,20054,1318,16442,24,24,7,17,0.7083,0.4167,0.995,23,9,9,1.0
1123819,20054,1318,16442,24,24,7,17,0.7083,0.4167,0.995,23,9,9,1.0
1125243,20054,1318,16442,24,24,7,17,0.7083,0.4167,0.995,23,9,9,1.0
1124745,20054,1318,16442,24,24,7,17,0.7083,0.4167,0.995,23,9,9,1.0
1125259,20054,1318,16442,24,24,7,17,0.7083,0.4167,0.995,23,9,9,1.0
1143020,20054,1318,16442,24,24,7,17,0.7083,0.4167,0.995,23,9,9,1.0
1121544,20054,1318,16442,24,24,7,17,0.7083,0.4167,0.995,23,9,9,1.0
1005486,58205,21917,1199,23,23,1,4,0.1739,0.1304,0.995,22,9,9,1.0
1257668,21913,21917,1199,23,23,1,4,0.1739,0.1304,0.995,22,9,9,1.0
1003703,21911,21917,1199,23,23,1,4,0.1739,0.1304,0.995,22,9,9,1.0
1005551,152637,21917,1199,23,23,1,4,0.1739,0.1304,0.995,22,9,9,1.0
1005488,5595,21917,1199,23,23,2,4,0.1739,0.087,0.995,22,9,9,1.0
1005489,5595,21917,1199,23,23,2,4,0.1739,0.087,0.995,22,9,9,1.0
1003786,21920,21917,1199,23,23,3,4,0.1739,0.0435,0.995,22,9,9,1.0
1003787,21922,21917,1199,23,23,3,4,0.1739,0.0435,0.995,22,9,9,1.0
1003788,21920,21917,1199,23,23,3,4,0.1739,0.0435,0.995,22,9,9,1.0
1005499,21915,21917,1199,23,23,3,4,0.1739,0.0435,0.995,22,9,9,1.0
1005501,21922,21917,1199,23,23,3,4,0.1739,0.0435,0.995,22,9,9,1.0
1005518,21915,21917,1199,23,23,3,4,0.1739,0.0435,0.995,22,9,9,1.0
1005520,21912,21917,1199,23,23,3,4,0.1739,0.0435,0.995,22,9,9,1.0
1005521,21912,21917,1199,23,23,3,4,0.1739,0.0435,0.995,22,9,9,1.0
1005540,21922,21917,1199,23,23,3,4,0.1739,0.0435,0.995,22,9,9,1.0
1261432,21915,21917,1199,23,23,3,4,0.1739,0.0435,0.995,22,9,9,1.0
1005842,21912,21917,1199,23,23,3,4,0.1739,0.0435,0.995,22,9,9,1.0
1005851,21920,21917,1199,23,23,3,4,0.1739,0.0435,0.995,22,9,9,1.0
1111197,21779,5145,24378,16,16,4,12,0.75,0.5,0.993,15,9,9,1.0
1110163,21779,5145,24378,16,16,4,12,0.75,0.5,0.993,15,9,9,1.0
1111199,21779,5145,24378,16,16,4,12,0.75,0.5,0.993,15,9,9,1.0
1111196,21779,5145,24378,16,16,4,12,0.75,0.5,0.993,15,9,9,1.0
1007399,24891,24882,2308,14,14,1,13,0.9286,0.8571,0.991,13,9,9,1.0
1076628,284155,282241,17606,13,13,1,12,0.9231,0.8462,0.991,12,9,9,1.0
1188497,3217,3178,15976,12,12,1,11,0.9167,0.8333,0.99,11,9,9,1.0
1183819,2571,2574,36856,12,12,1,7,0.5833,0.5,0.99,11,9,9,1.0
1176953,2576,2574,36856,12,12,4,7,0.5833,0.25,0.99,11,9,9,1.0
1207013,2576,2574,36856,12,12,4,7,0.5833,0.25,0.99,11,9,9,1.0
1207016,2576,2574,36856,12,12,4,7,0.5833,0.25,0.99,11,9,9,1.0
1227812,23253,8802,5589,12,12,5,7,0.5833,0.1667,0.99,11,9,9,1.0
1020986,23253,8802,5589,12,12,5,7,0.5833,0.1667,0.99,11,9,9,1.0
1020987,23253,8802,5589,12,12,5,7,0.5833,0.1667,0.99,11,9,9,1.0
1020989,23253,8802,5589,12,12,5,7,0.5833,0.1667,0.99,11,9,9,1.0
1227549,23253,8802,5589,12,12,5,7,0.5833,0.1667,0.99,11,9,9,1.0
1278305,2033,207678,10685,11,11,2,9,0.8182,0.6364,0.989,10,9,9,1.0
1145039,25784,14525,23854,11,11,2,9,0.8182,0.6364,0.989,10,9,9,1.0
1145040,25784,14525,23854,11,11,2,9,0.8182,0.6364,0.989,10,9,9,1.0
1280060,4360,4337,48032,11,11,2,6,0.5455,0.3636,0.989,10,9,9,1.0
1282017,4350,4337,48032,11,11,3,6,0.5455,0.2727,0.989,10,9,9,1.0
1282019,4350,4337,48032,11,11,3,6,0.5455,0.2727,0.989,10,9,9,1.0
1282018,4350,4337,48032,11,11,3,6,0.5455,0.2727,0.989,10,9,9,1.0
1010398,49568,49567,3014,10,10,1,9,0.9,0.8,0.988,9,9,9,1.0
1207205,1846,1815,26611,10,10,1,9,0.9,0.8,0.988,9,9,9,1.0
1303911,7120,7190,44896,10,10,1,9,0.9,0.8,0.988,9,9,9,1.0
1177615,16803,16720,28795,10,10,1,4,0.4,0.3,0.988,9,9,9,1.0
1181382,226247,16720,28795,10,10,1,4,0.4,0.3,0.988,9,9,9,1.0
1180568,16766,16720,28795,10,10,2,4,0.4,0.2,0.988,9,9,9,1.0
1180572,16726,16720,28795,10,10,2,4,0.4,0.2,0.988,9,9,9,1.0
1177383,16766,16720,28795,10,10,2,4,0.4,0.2,0.988,9,9,9,1.0
1309142,8772,8743,51599,10,10,4,6,0.6,0.2,0.988,9,9,9,1.0
1309143,8772,8743,51599,10,10,4,6,0.6,0.2,0.988,9,9,9,1.0
1309104,8772,8743,51599,10,10,4,6,0.6,0.2,0.988,9,9,9,1.0
1309105,8772,8743,51599,10,10,4,6,0.6,0.2,0.988,9,9,9,1.0
1133034,46684,8437,1274,9,9,1,8,0.8889,0.7778,0.986,8,9,9,1.0
1039475,378395,378400,4088,9,9,1,8,0.8889,0.7778,0.986,8,9,9,1.0
1202902,27207,18762,4640,9,9,1,8,0.8889,0.7778,0.986,8,9,9,1.0
1023211,8818,23313,6192,9,9,1,8,0.8889,0.7778,0.986,8,9,9,1.0
1267665,10188,10180,17039,9,9,1,8,0.8889,0.7778,0.986,8,9,9,1.0
1077597,19304,19305,17692,9,9,1,8,0.8889,0.7778,0.986,8,9,9,1.0
1121063,13060,13138,21225,9,9,1,8,0.8889,0.7778,0.986,8,9,9,1.0
1064947,22215,6186,8952,9,9,1,6,0.6667,0.5556,0.986,8,9,9,1.0
1100225,116779,116781,11642,9,9,2,7,0.7778,0.5556,0.986,8,9,9,1.0
1090807,116779,116781,11642,9,9,2,7,0.7778,0.5556,0.986,8,9,9,1.0
1205564,47027,1800,13544,9,9,2,7,0.7778,0.5556,0.986,8,9,9,1.0
1089682,47027,1800,13544,9,9,2,7,0.7778,0.5556,0.986,8,9,9,1.0
1041544,6160,6186,8952,9,9,2,6,0.6667,0.4444,0.986,8,9,9,1.0
1041545,6160,6186,8952,9,9,2,6,0.6667,0.4444,0.986,8,9,9,1.0
1084024,15724,26177,19121,9,9,1,5,0.5556,0.4444,0.986,8,9,9,1.0
1175000,12824,12747,36306,9,9,1,4,0.4444,0.3333,0.986,8,9,9,1.0
1082893,15791,26177,19121,9,9,3,5,0.5556,0.2222,0.986,8,9,9,1.0
1082895,15791,26177,19121,9,9,3,5,0.5556,0.2222,0.986,8,9,9,1.0
1008565,370356,370355,2620,9,9,4,5,0.5556,0.1111,0.986,8,9,9,1.0
1206122,370356,370355,2620,9,9,4,5,0.5556,0.1111,0.986,8,9,9,1.0
1206121,370356,370355,2620,9,9,4,5,0.5556,0.1111,0.986,8,9,9,1.0
1222871,8566,8560,43351,9,9,4,5,0.5556,0.1111,0.986,8,9,9,1.0
1225838,8566,8560,43351,9,9,4,5,0.5556,0.1111,0.986,8,9,9,1.0
1225839,8566,8560,43351,9,9,4,5,0.5556,0.1111,0.986,8,9,9,1.0
1175105,25207,12747,36306,9,9,4,4,0.4444,0.0,0.986,8,9,9,1.0
1176012,25207,12747,36306,9,9,4,4,0.4444,0.0,0.986,8,9,9,1.0
1176014,25207,12747,36306,9,9,4,4,0.4444,0.0,0.986,8,9,9,1.0
1012954,10245,24288,2210,8,8,1,7,0.875,0.75,0.984,7,9,9,1.0
1054402,364609,364608,3478,8,8,1,7,0.875,0.75,0.984,7,9,9,1.0
1023514,7558,7575,4614,8,8,1,7,0.875,0.75,0.984,7,9,9,1.0
1121804,24987,12390,4667,8,8,1,7,0.875,0.75,0.984,7,9,9,1.0
1125432,1342,1326,4789,8,8,1,7,0.875,0.75,0.984,7,9,9,1.0
1027124,9809,9808,5539,8,8,1,7,0.875,0.75,0.984,7,9,9,1.0
1034905,22377,22393,9011,8,8,1,7,0.875,0.75,0.984,7,9,9,1.0
1060037,26242,26240,13566,8,8,1,7,0.875,0.75,0.984,7,9,9,1.0
1070185,19111,19110,15548,8,8,1,7,0.875,0.75,0.984,7,9,9,1.0
1187329,26227,26204,34861,8,8,1,7,0.875,0.75,0.984,7,9,9,1.0
1197147,11212,11190,39456,8,8,1,7,0.875,0.75,0.984,7,9,9,1.0
1287609,9870,9857,43856,8,8,1,7,0.875,0.75,0.984,7,9,9,1.0
1302587,6568,6564,47774,8,8,1,7,0.875,0.75,0.984,7,9,9,1.0
1119698,370224,370222,14063,8,8,2,6,0.75,0.5,0.984,7,9,9,1.0
1063214,370224,370222,14063,8,8,2,6,0.75,0.5,0.984,7,9,9,1.0
1249989,7240,7226,30369,8,8,2,6,0.75,0.5,0.984,7,9,9,1.0
1266295,9398,9428,44807,8,8,2,6,0.75,0.5,0.984,7,9,9,1.0
1276063,17719,26847,46931,8,8,2,6,0.75,0.5,0.984,7,9,9,1.0
1276010,17719,26847,46931,8,8,2,6,0.75,0.5,0.984,7,9,9,1.0
1111144,5130,5127,22526,22,22,6,16,0.7273,0.4545,0.984,21,9,9,1.0
1111034,5130,5127,22526,22,22,6,16,0.7273,0.4545,0.984,21,9,9,1.0
1111033,5130,5127,22526,22,22,6,16,0.7273,0.4545,0.984,21,9,9,1.0
1109888,5130,5127,22526,22,22,6,16,0.7273,0.4545,0.984,21,9,9,1.0
1109890,5130,5127,22526,22,22,6,16,0.7273,0.4545,0.984,21,9,9,1.0
1022482,24266,10497,5859,8,8,3,5,0.625,0.25,0.984,7,9,9,1.0
1022484,24266,10497,5859,8,8,3,5,0.625,0.25,0.984,7,9,9,1.0
1022485,24266,10497,5859,8,8,3,5,0.625,0.25,0.984,7,9,9,1.0
1289530,9869,9860,48857,8,8,3,5,0.625,0.25,0.984,7,9,9,1.0
1289628,9869,9860,48857,8,8,3,5,0.625,0.25,0.984,7,9,9,1.0
1289626,9869,9860,48857,8,8,3,5,0.625,0.25,0.984,7,9,9,1.0
1299567,27131,18414,49377,14,14,1,5,0.3571,0.2857,0.983,13,9,9,1.0
1300053,18437,18414,49377,14,14,1,5,0.3571,0.2857,0.983,13,9,9,1.0
1288940,27144,18414,49377,14,14,2,5,0.3571,0.2143,0.983,13,9,9,1.0
1299569,27144,18414,49377,14,14,2,5,0.3571,0.2143,0.983,13,9,9,1.0
1300048,18421,18414,49377,14,14,3,5,0.3571,0.1429,0.983,13,9,9,1.0
1300049,18421,18414,49377,14,14,3,5,0.3571,0.1429,0.983,13,9,9,1.0
1300047,18421,18414,49377,14,14,3,5,0.3571,0.1429,0.983,13,9,9,1.0
1003804,19691,19694,175,7,7,1,6,0.8571,0.7143,0.981,6,9,9,1.0
1001794,157,185,530,7,7,1,6,0.8571,0.7143,0.981,6,9,9,1.0
1025644,12688,25174,2401,7,7,1,6,0.8571,0.7143,0.981,6,9,9,1.0
1226885,23030,23047,2420,7,7,1,6,0.8571,0.7143,0.981,6,9,9,1.0
1008288,11349,24576,2568,7,7,1,6,0.8571,0.7143,0.981,6,9,9,1.0
1008719,139848,139846,2645,7,7,1,6,0.8571,0.7143,0.981,6,9,9,1.0
1013173,7419,22742,3998,7,7,1,6,0.8571,0.7143,0.981,6,9,9,1.0
1059175,9340,9287,5191,7,7,1,6,0.8571,0.7143,0.981,6,9,9,1.0
1040531,6504,6477,5932,7,7,1,6,0.8571,0.7143,0.981,6,9,9,1.0
1035820,326398,326396,7293,7,7,1,6,0.8571,0.7143,0.981,6,9,9,1.0
1036043,6480,6453,8338,7,7,1,6,0.8571,0.7143,0.981,6,9,9,1.0
1032661,287998,313597,8448,7,7,1,6,0.8571,0.7143,0.981,6,9,9,1.0
1034555,7759,7740,8923,7,7,1,6,0.8571,0.7143,0.981,6,9,9,1.0
1043767,7810,7832,10050,7,7,1,6,0.8571,0.7143,0.981,6,9,9,1.0
1308889,22084,5953,11987,7,7,1,6,0.8571,0.7143,0.981,6,9,9,1.0
1171398,11844,11843,13108,7,7,1,6,0.8571,0.7143,0.981,6,9,9,1.0
1069841,19297,19303,15526,7,7,1,6,0.8571,0.7143,0.981,6,9,9,1.0
1079224,378177,378176,18010,7,7,1,6,0.8571,0.7143,0.981,6,9,9,1.0
1082691,14119,14150,18397,7,7,1,6,0.8571,0.7143,0.981,6,9,9,1.0
1105947,15397,15417,20066,7,7,1,6,0.8571,0.7143,0.981,6,9,9,1.0
1277325,1785,1820,23008,7,7,1,6,0.8571,0.7143,0.981,6,9,9,1.0
1103101,26601,16999,23297,7,7,1,6,0.8571,0.7143,0.981,6,9,9,1.0
1114077,13646,25495,24736,7,7,1,6,0.8571,0.7143,0.981,6,9,9,1.0
1220928,12542,25051,26463,7,7,1,6,0.8571,0.7143,0.981,6,9,9,1.0
1127065,20017,12869,26698,7,7,1,6,0.8571,0.7143,0.981,6,9,9,1.0
1127056,20017,12868,26702,7,7,1,6,0.8571,0.7143,0.981,6,9,9,1.0
1132028,19573,27442,28995,7,7,1,6,0.8571,0.7143,0.981,6,9,9,1.0
1136057,18753,18739,30417,7,7,1,6,0.8571,0.7143,0.981,6,9,9,1.0
1147251,2364,81243,31870,7,7,1,6,0.8571,0.7143,0.981,6,9,9,1.0
1175048,143999,143998,36323,7,7,1,6,0.8571,0.7143,0.981,6,9,9,1.0
1298315,7452,7490,49720,7,7,1,6,0.8571,0.7143,0.981,6,9,9,1.0
1309970,8335,8374,51082,7,7,1,6,0.8571,0.7143,0.981,6,9,9,1.0
1310319,6087,6093,51764,7,7,1,6,0.8571,0.7143,0.981,6,9,9,1.0
1170151,10678,10644,15935,7,7,1,5,0.7143,0.5714,0.981,6,9,9,1.0
1270037,9962,9903,43648,7,7,1,5,0.7143,0.5714,0.981,6,9,9,1.0
1225537,9923,9903,43648,7,7,1,5,0.7143,0.5714,0.981,6,9,9,1.0
1006427,12055,12024,2092,7,7,2,5,0.7143,0.4286,0.981,6,9,9,1.0
1006428,12055,12024,2092,7,7,2,5,0.7143,0.4286,0.981,6,9,9,1.0
1068112,115504,86052,7317,7,7,2,5,0.7143,0.4286,0.981,6,9,9,1.0
1035328,344636,306237,9100,7,7,2,5,0.7143,0.4286,0.981,6,9,9,1.0
1035288,344636,306237,9100,7,7,2,5,0.7143,0.4286,0.981,6,9,9,1.0
1043762,7815,7842,10372,7,7,2,5,0.7143,0.4286,0.981,6,9,9,1.0
1075728,19159,19160,15477,7,7,1,4,0.5714,0.4286,0.981,6,9,9,1.0
1099475,17582,17606,21280,7,7,2,5,0.7143,0.4286,0.981,6,9,9,1.0
1133085,14761,14852,29465,7,7,2,5,0.7143,0.4286,0.981,6,9,9,1.0
1234806,14761,14852,29465,7,7,2,5,0.7143,0.4286,0.981,6,9,9,1.0
1232471,449046,449044,30866,7,7,2,5,0.7143,0.4286,0.981,6,9,9,1.0
1289003,25119,25122,49164,7,7,2,5,0.7143,0.4286,0.981,6,9,9,1.0
1068986,19163,19160,15477,7,7,2,4,0.5714,0.2857,0.981,6,9,9,1.0
1024156,24061,24078,6401,7,7,3,4,0.5714,0.1429,0.981,6,9,9,1.0
1024157,24061,24078,6401,7,7,3,4,0.5714,0.1429,0.981,6,9,9,1.0
1113789,25829,25828,24334,7,7,3,4,0.5714,0.1429,0.981,6,9,9,1.0
1113791,25829,25828,24334,7,7,3,4,0.5714,0.1429,0.981,6,9,9,1.0
1271683,8423,228155,30716,7,7,3,4,0.5714,0.1429,0.981,6,9,9,1.0
1271684,8423,228155,30716,7,7,3,4,0.5714,0.1429,0.981,6,9,9,1.0
1309502,8009,8059,51461,7,7,3,4,0.5714,0.1429,0.981,6,9,9,1.0
1309505,8009,8059,51461,7,7,3,4,0.5714,0.1429,0.981,6,9,9,1.0
1054782,176640,176638,10935,19,19,4,5,0.2632,0.0526,0.981,18,9,9,1.0
1054783,176640,176638,10935,19,19,4,5,0.2632,0.0526,0.981,18,9,9,1.0
1054806,176640,176638,10935,19,19,4,5,0.2632,0.0526,0.981,18,9,9,1.0
1054780,176640,176638,10935,19,19,4,5,0.2632,0.0526,0.981,18,9,9,1.0
1054737,176639,176638,10935,19,19,5,5,0.2632,0.0,0.981,18,9,9,1.0
1054739,176639,176638,10935,19,19,5,5,0.2632,0.0,0.981,18,9,9,1.0
1054756,176641,176638,10935,19,19,5,5,0.2632,0.0,0.981,18,9,9,1.0
1054757,176641,176638,10935,19,19,5,5,0.2632,0.0,0.981,18,9,9,1.0
1054758,176641,176638,10935,19,19,5,5,0.2632,0.0,0.981,18,9,9,1.0
1054759,176641,176638,10935,19,19,5,5,0.2632,0.0,0.981,18,9,9,1.0
1054781,176639,176638,10935,19,19,5,5,0.2632,0.0,0.981,18,9,9,1.0
1278656,,16010,19437,6,5,0,5,1.0,1.0,0.978,5,9,9,1.0
1232488,,536372,22222,6,5,0,5,1.0,1.0,0.978,5,9,9,1.0
1033222,285128,285129,8639,11,11,1,10,0.9091,0.8182,0.978,10,9,9,1.0
1039913,8889,8911,808,6,6,1,5,0.8333,0.6667,0.978,5,9,9,1.0
1003612,19695,19685,1170,6,6,1,5,0.8333,0.6667,0.978,5,9,9,1.0
1266032,338235,9495,4750,6,6,1,5,0.8333,0.6667,0.978,5,9,9,1.0
1046179,173130,173122,6150,6,6,1,5,0.8333,0.6667,0.978,5,9,9,1.0
1023528,23402,8927,6269,6,6,1,5,0.8333,0.6667,0.978,5,9,9,1.0
1024652,8665,8663,6524,6,6,1,5,0.8333,0.6667,0.978,5,9,9,1.0
1177913,2096,2128,8340,6,6,1,5,0.8333,0.6667,0.978,5,9,9,1.0
1042716,22316,6547,10675,6,6,1,5,0.8333,0.6667,0.978,5,9,9,1.0
1065843,119663,119665,10949,6,6,1,5,0.8333,0.6667,0.978,5,9,9,1.0
1056452,99489,99497,11778,6,6,1,5,0.8333,0.6667,0.978,5,9,9,1.0
1126025,14450,14389,11932,6,6,1,5,0.8333,0.6667,0.978,5,9,9,1.0
1210478,25307,25292,13550,6,6,1,5,0.8333,0.6667,0.978,5,9,9,1.0
1082115,26192,26198,13809,6,6,1,5,0.8333,0.6667,0.978,5,9,9,1.0
1121113,54048,35484,16174,6,6,1,5,0.8333,0.6667,0.978,5,9,9,1.0
1078583,18782,18732,18003,6,6,1,5,0.8333,0.6667,0.978,5,9,9,1.0
1089721,129899,129903,18128,6,6,1,5,0.8333,0.6667,0.978,5,9,9,1.0
1099362,15864,15846,18623,6,6,1,5,0.8333,0.6667,0.978,5,9,9,1.0
1082001,15828,15847,18777,6,6,1,5,0.8333,0.6667,0.978,5,9,9,1.0
1174419,19089,19088,19305,6,6,1,5,0.8333,0.6667,0.978,5,9,9,1.0
1091277,14417,14419,19660,6,6,1,5,0.8333,0.6667,0.978,5,9,9,1.0
1100260,16655,16644,22704,6,6,1,5,0.8333,0.6667,0.978,5,9,9,1.0
1103076,17188,17225,22733,6,6,1,5,0.8333,0.6667,0.978,5,9,9,1.0
1111866,16679,16663,22908,6,6,1,5,0.8333,0.6667,0.978,5,9,9,1.0
1110186,17345,17349,23431,6,6,1,5,0.8333,0.6667,0.978,5,9,9,1.0
1111977,13479,13444,24497,6,6,1,5,0.8333,0.6667,0.978,5,9,9,1.0
1110544,17399,17427,24504,6,6,1,5,0.8333,0.6667,0.978,5,9,9,1.0
1110672,18113,18100,24520,6,6,1,5,0.8333,0.6667,0.978,5,9,9,1.0
1112157,18226,27081,24817,6,6,1,5,0.8333,0.6667,0.978,5,9,9,1.0
1115321,50858,50857,25569,6,6,1,5,0.8333,0.6667,0.978,5,9,9,1.0
1123342,13520,13539,26788,6,6,1,5,0.8333,0.6667,0.978,5,9,9,1.0
1266875,9518,9542,27800,6,6,1,5,0.8333,0.6667,0.978,5,9,9,1.0
1218412,12204,12239,28090,6,6,1,5,0.8333,0.6667,0.978,5,9,9,1.0
1200914,11038,24511,28507,6,6,1,5,0.8333,0.6667,0.978,5,9,9,1.0
1220252,19051,19090,34485,6,6,1,5,0.8333,0.6667,0.978,5,9,9,1.0
1209013,24228,10484,35789,6,6,1,5,0.8333,0.6667,0.978,5,9,9,1.0
1197993,11250,11223,39780,6,6,1,5,0.8333,0.6667,0.978,5,9,9,1.0
1200199,12769,12779,39808,6,6,1,5,0.8333,0.6667,0.978,5,9,9,1.0
1218019,11631,11574,42497,6,6,1,5,0.8333,0.6667,0.978,5,9,9,1.0
1225828,8040,23010,43616,6,6,1,5,0.8333,0.6667,0.978,5,9,9,1.0
1270483,8165,23018,45924,6,6,1,5,0.8333,0.6667,0.978,5,9,9,1.0
1305626,22714,7301,50121,6,6,1,5,0.8333,0.6667,0.978,5,9,9,1.0
1304030,247,7505,50831,6,6,1,5,0.8333,0.6667,0.978,5,9,9,1.0
1310006,7829,7793,51726,6,6,1,5,0.8333,0.6667,0.978,5,9,9,1.0
1135306,15911,26227,19092,11,11,2,9,0.8182,0.6364,0.978,10,9,9,1.0
1082838,15911,26227,19092,11,11,2,9,0.8182,0.6364,0.978,10,9,9,1.0
1131341,13549,13546,19827,11,11,2,9,0.8182,0.6364,0.978,10,9,9,1.0
1132943,13549,13546,19827,11,11,2,9,0.8182,0.6364,0.978,10,9,9,1.0
1003779,19704,19703,1186,6,6,1,4,0.6667,0.5,0.978,5,9,9,1.0
1285905,220795,343628,13636,6,6,1,4,0.6667,0.5,0.978,5,9,9,1.0
1297527,234877,343628,13636,6,6,1,4,0.6667,0.5,0.978,5,9,9,1.0
1279203,4721,4676,47787,6,6,1,4,0.6667,0.5,0.978,5,9,9,1.0
1090503,18161,18141,1053,6,6,2,4,0.6667,0.3333,0.978,5,9,9,1.0
1091201,18161,18141,1053,6,6,2,4,0.6667,0.3333,0.978,5,9,9,1.0
1045392,22208,6135,9784,6,6,2,4,0.6667,0.3333,0.978,5,9,9,1.0
1062016,5709,22011,14289,6,6,2,4,0.6667,0.3333,0.978,5,9,9,1.0
1198144,10667,24320,21962,6,6,2,4,0.6667,0.3333,0.978,5,9,9,1.0
1197790,10667,24320,21962,6,6,2,4,0.6667,0.3333,0.978,5,9,9,1.0
1108938,17298,17322,23754,6,6,1,3,0.5,0.3333,0.978,5,9,9,1.0
1110974,18173,27089,24469,6,6,2,4,0.6667,0.3333,0.978,5,9,9,1.0
1110920,18173,27089,24469,6,6,2,4,0.6667,0.3333,0.978,5,9,9,1.0
1130991,12888,20017,27455,6,6,2,4,0.6667,0.3333,0.978,5,9,9,1.0
1136222,69086,7305,30481,6,6,2,4,0.6667,0.3333,0.978,5,9,9,1.0
1287057,69086,7305,30481,6,6,2,4,0.6667,0.3333,0.978,5,9,9,1.0
1167372,18684,18703,35095,6,6,2,4,0.6667,0.3333,0.978,5,9,9,1.0
1108958,17347,17322,23754,6,6,2,3,0.5,0.1667,0.978,5,9,9,1.0
1080813,21333,21330,18514,6,6,3,3,0.5,0.0,0.978,5,9,9,1.0
1157450,21333,21330,18514,6,6,3,3,0.5,0.0,0.978,5,9,9,1.0
1164696,21333,21330,18514,6,6,3,3,0.5,0.0,0.978,5,9,9,1.0
1110029,27081,18146,24391,6,6,3,3,0.5,0.0,0.978,5,9,9,1.0
1110030,27081,18146,24391,6,6,3,3,0.5,0.0,0.978,5,9,9,1.0
1202513,26950,17934,40880,6,6,3,3,0.5,0.0,0.978,5,9,9,1.0
1202461,26950,17934,40880,6,6,3,3,0.5,0.0,0.978,5,9,9,1.0
1302285,22605,22585,50530,6,6,3,3,0.5,0.0,0.978,5,9,9,1.0
1302289,22605,22585,50530,6,6,3,3,0.5,0.0,0.978,5,9,9,1.0
1022685,370382,370381,6058,10,10,1,9,0.9,0.8,0.975,9,9,9,1.0
1186464,176960,176961,38363,10,10,4,6,0.6,0.2,0.975,9,9,9,1.0
1186455,176960,176961,38363,10,10,4,6,0.6,0.2,0.975,9,9,9,1.0
1186456,176960,176961,38363,10,10,4,6,0.6,0.2,0.975,9,9,9,1.0
1202999,18820,18831,35441,10,10,3,4,0.4,0.1,0.975,9,9,9,1.0
1203000,18820,18831,35441,10,10,3,4,0.4,0.1,0.975,9,9,9,1.0
1203001,18820,18831,35441,10,10,3,4,0.4,0.1,0.975,9,9,9,1.0
1219905,18808,18831,35441,10,10,3,4,0.4,0.1,0.975,9,9,9,1.0
1219907,18808,18831,35441,10,10,3,4,0.4,0.1,0.975,9,9,9,1.0
1115470,25254,25203,25034,10,10,5,5,0.5,0.0,0.975,9,9,9,1.0
1115468,25254,25203,25034,10,10,5,5,0.5,0.0,0.975,9,9,9,1.0
1115438,25254,25203,25034,10,10,5,5,0.5,0.0,0.975,9,9,9,1.0
1072839,207036,207035,12238,14,14,6,8,0.5714,0.1429,0.974,13,9,9,1.0
1072840,207036,207035,12238,14,14,6,8,0.5714,0.1429,0.974,13,9,9,1.0
1099001,207036,207035,12238,14,14,6,8,0.5714,0.1429,0.974,13,9,9,1.0
1097190,,378639,4068,5,4,0,4,1.0,1.0,0.972,4,9,9,1.0
1004226,12680,12713,1324,9,9,1,8,0.8889,0.7778,0.972,8,9,9,1.0
1282517,19321,19334,48652,9,9,1,8,0.8889,0.7778,0.972,8,9,9,1.0
1003697,455,19855,656,5,5,1,4,0.8,0.6,0.972,4,9,9,1.0
1221426,24491,11091,16824,5,5,1,4,0.8,0.6,0.972,4,9,9,1.0
1083901,26283,26275,18721,5,5,1,4,0.8,0.6,0.972,4,9,9,1.0
1188408,18970,18956,18756,5,5,1,4,0.8,0.6,0.972,4,9,9,1.0
1308660,23421,23332,29101,5,5,1,4,0.8,0.6,0.972,4,9,9,1.0
1144359,370335,370334,31652,5,5,1,4,0.8,0.6,0.972,4,9,9,1.0
1153105,23944,9928,32988,5,5,1,4,0.8,0.6,0.972,4,9,9,1.0
1196585,23920,9975,35925,5,5,1,4,0.8,0.6,0.972,4,9,9,1.0
1200313,12370,12287,40432,5,5,1,4,0.8,0.6,0.972,4,9,9,1.0
1202828,19048,18997,40941,5,5,1,4,0.8,0.6,0.972,4,9,9,1.0
1268267,8610,8643,45732,5,5,1,4,0.8,0.6,0.972,4,9,9,1.0
1278764,1914,85409,46619,5,5,1,4,0.8,0.6,0.972,4,9,9,1.0
1280714,10991,10968,48216,5,5,1,4,0.8,0.6,0.972,4,9,9,1.0
1282068,8418,8348,48565,5,5,1,4,0.8,0.6,0.972,4,9,9,1.0
1282405,7730,7727,48640,5,5,1,4,0.8,0.6,0.972,4,9,9,1.0
1202208,17992,26968,23295,9,9,1,6,0.6667,0.5556,0.972,8,9,9,1.0
1227473,23262,8763,44065,9,9,2,7,0.7778,0.5556,0.972,8,9,9,1.0
1228247,8507,8526,44207,9,9,2,7,0.7778,0.5556,0.972,8,9,9,1.0
1228248,8507,8526,44207,9,9,2,7,0.7778,0.5556,0.972,8,9,9,1.0
1034654,6186,49258,8954,5,5,1,3,0.6,0.4,0.972,4,9,9,1.0
1034712,6216,49258,8954,5,5,1,3,0.6,0.4,0.972,4,9,9,1.0
1072581,149117,149116,16388,5,5,1,3,0.6,0.4,0.972,4,9,9,1.0
1276163,22697,22693,46988,5,5,1,3,0.6,0.4,0.972,4,9,9,1.0
1276164,7254,22693,46988,5,5,1,3,0.6,0.4,0.972,4,9,9,1.0
1001259,320,294,181,9,9,1,4,0.4444,0.3333,0.972,8,9,9,1.0
1122670,11850,24824,26600,5,5,1,2,0.4,0.2,0.972,4,9,9,1.0
1182965,24814,24824,26600,5,5,1,2,0.4,0.2,0.972,4,9,9,1.0
1175529,13478,13441,36471,5,5,2,3,0.6,0.2,0.972,4,9,9,1.0
1001256,268161,294,181,9,9,4,4,0.4444,0.0,0.972,8,9,9,1.0
1001258,268161,294,181,9,9,4,4,0.4444,0.0,0.972,8,9,9,1.0
1135854,23153,23143,29297,12,12,2,10,0.8333,0.6667,0.97,11,9,9,1.0
1249988,23153,23143,29297,12,12,2,10,0.8333,0.6667,0.97,11,9,9,1.0
1090309,15422,15426,18325,12,12,4,5,0.4167,0.0833,0.97,11,9,9,1.0
1090311,15422,15426,18325,12,12,4,5,0.4167,0.0833,0.97,11,9,9,1.0
1090286,15422,15426,18325,12,12,4,5,0.4167,0.0833,0.97,11,9,9,1.0
1090287,15422,15426,18325,12,12,4,5,0.4167,0.0833,0.97,11,9,9,1.0
1005401,148183,143045,1773,8,8,1,7,0.875,0.75,0.968,7,9,9,1.0
1078092,27043,27054,17914,8,8,1,7,0.875,0.75,0.968,7,9,9,1.0
1093365,18338,18374,20680,8,8,1,7,0.875,0.75,0.968,7,9,9,1.0
1302245,1358,1378,26829,8,8,1,7,0.875,0.75,0.968,7,9,9,1.0
1208547,13393,13431,35604,8,8,1,7,0.875,0.75,0.968,7,9,9,1.0
1078700,19160,19163,15485,8,8,1,5,0.625,0.5,0.968,7,9,9,1.0
1069023,27310,19163,15485,8,8,2,5,0.625,0.375,0.968,7,9,9,1.0
1084416,27310,19163,15485,8,8,2,5,0.625,0.375,0.968,7,9,9,1.0
1220908,1031,1044,27104,8,8,3,5,0.625,0.25,0.968,7,9,9,1.0
1220909,1031,1044,27104,8,8,3,5,0.625,0.25,0.968,7,9,9,1.0
1220911,1031,1044,27104,8,8,3,5,0.625,0.25,0.968,7,9,9,1.0
1278437,8095,8069,47334,8,8,4,4,0.5,0.0,0.968,7,9,9,1.0
1278438,8095,8069,47334,8,8,4,4,0.5,0.0,0.968,7,9,9,1.0
1278439,8095,8069,47334,8,8,4,4,0.5,0.0,0.968,7,9,9,1.0
1297666,7416,7378,49568,8,8,4,4,0.5,0.0,0.968,7,9,9,1.0
1307054,7416,7378,49568,8,8,4,4,0.5,0.0,0.968,7,9,9,1.0
1307056,7416,7378,49568,8,8,4,4,0.5,0.0,0.968,7,9,9,1.0
1275390,390509,390508,4318,11,11,1,10,0.9091,0.8182,0.967,10,9,9,1.0
1030156,6227,6181,7289,11,11,1,10,0.9091,0.8182,0.967,10,9,9,1.0
1126397,2530,2467,26579,11,11,1,10,0.9091,0.8182,0.967,10,9,9,1.0
1020748,23284,23285,5542,11,11,2,9,0.8182,0.6364,0.967,10,9,9,1.0
1048992,23284,23285,5542,11,11,2,9,0.8182,0.6364,0.967,10,9,9,1.0
1066914,331837,268803,10898,11,11,2,7,0.6364,0.4545,0.967,10,9,9,1.0
1133788,331837,268803,10898,11,11,2,7,0.6364,0.4545,0.967,10,9,9,1.0
1135152,268802,268803,10898,11,11,2,7,0.6364,0.4545,0.967,10,9,9,1.0
1136790,268802,268803,10898,11,11,2,7,0.6364,0.4545,0.967,10,9,9,1.0
1127786,8066,8108,28027,14,14,5,9,0.6429,0.2857,0.966,13,9,9,1.0
1308444,8066,8108,28027,14,14,5,9,0.6429,0.2857,0.966,13,9,9,1.0
1308446,8066,8108,28027,14,14,5,9,0.6429,0.2857,0.966,13,9,9,1.0
1308449,8066,8108,28027,14,14,5,9,0.6429,0.2857,0.966,13,9,9,1.0
1004143,13223,13202,1343,10,10,1,9,0.9,0.8,0.963,9,9,9,1.0
1005016,9915,9967,1575,10,10,1,9,0.9,0.8,0.963,9,9,9,1.0
1011664,16197,16233,3444,10,10,1,9,0.9,0.8,0.963,9,9,9,1.0
1011822,377665,377666,3504,10,10,1,9,0.9,0.8,0.963,9,9,9,1.0
1036995,271038,265621,9461,10,10,1,9,0.9,0.8,0.963,9,9,9,1.0
1265982,55978,23153,44146,10,10,1,9,0.9,0.8,0.963,9,9,9,1.0
1012979,13395,13414,51,7,7,1,6,0.8571,0.7143,0.963,6,9,9,1.0
1099283,370422,17063,906,7,7,1,6,0.8571,0.7143,0.963,6,9,9,1.0
1006530,9766,9768,1775,7,7,1,6,0.8571,0.7143,0.963,6,9,9,1.0
1027635,22789,7534,5695,7,7,1,6,0.8571,0.7143,0.963,6,9,9,1.0
1036722,158075,159044,7529,7,7,1,6,0.8571,0.7143,0.963,6,9,9,1.0
1133033,156167,130542,8060,7,7,1,6,0.8571,0.7143,0.963,6,9,9,1.0
1039566,9206,9192,10028,7,7,1,6,0.8571,0.7143,0.963,6,9,9,1.0
1090193,15595,15578,13778,7,7,1,6,0.8571,0.7143,0.963,6,9,9,1.0
1063211,370222,370224,14523,7,7,1,6,0.8571,0.7143,0.963,6,9,9,1.0
1184982,19146,19094,16887,7,7,1,6,0.8571,0.7143,0.963,6,9,9,1.0
1090491,26691,26684,20229,7,7,1,6,0.8571,0.7143,0.963,6,9,9,1.0
1096567,391361,391360,21901,7,7,1,6,0.8571,0.7143,0.963,6,9,9,1.0
1123722,11884,24781,26328,7,7,1,6,0.8571,0.7143,0.963,6,9,9,1.0
1277198,4572,4597,30972,7,7,1,6,0.8571,0.7143,0.963,6,9,9,1.0
1221897,24813,12006,40644,7,7,1,6,0.8571,0.7143,0.963,6,9,9,1.0
1203321,19178,19175,41019,7,7,1,6,0.8571,0.7143,0.963,6,9,9,1.0
1279777,7520,22784,43825,7,7,1,6,0.8571,0.7143,0.963,6,9,9,1.0
1304219,6351,6322,50404,7,7,1,6,0.8571,0.7143,0.963,6,9,9,1.0
1123909,12261,12263,26848,10,10,2,8,0.8,0.6,0.963,9,9,9,1.0
1123980,12261,12263,26848,10,10,2,8,0.8,0.6,0.963,9,9,9,1.0
1061321,370342,370341,13940,7,7,1,5,0.7143,0.5714,0.963,6,9,9,1.0
1014562,5413,5416,3877,4,4,1,3,0.75,0.5,0.963,3,9,9,1.0
1093115,17769,26859,18092,4,4,1,3,0.75,0.5,0.963,3,9,9,1.0
1120609,26931,21707,26113,4,4,1,3,0.75,0.5,0.963,3,9,9,1.0
1127611,20432,20386,27912,4,4,1,3,0.75,0.5,0.963,3,9,9,1.0
1164297,21124,15105,34499,4,4,1,3,0.75,0.5,0.963,3,9,9,1.0
1270374,14986,14962,46165,4,4,1,3,0.75,0.5,0.963,3,9,9,1.0
1276696,7632,7598,47157,4,4,1,3,0.75,0.5,0.963,3,9,9,1.0
1282459,4503,4498,47538,4,4,1,3,0.75,0.5,0.963,3,9,9,1.0
1283256,7415,22745,48797,4,4,1,3,0.75,0.5,0.963,3,9,9,1.0
1304510,7891,7877,50915,4,4,1,3,0.75,0.5,0.963,3,9,9,1.0
1309235,8012,7991,51621,4,4,1,3,0.75,0.5,0.963,3,9,9,1.0
1091916,19622,27452,4609,7,7,1,4,0.5714,0.4286,0.963,6,9,9,1.0
1286793,22788,22805,16989,7,7,2,5,0.7143,0.4286,0.963,6,9,9,1.0
1286807,22788,22805,16989,7,7,2,5,0.7143,0.4286,0.963,6,9,9,1.0
1093381,18145,18172,21274,7,7,2,5,0.7143,0.4286,0.963,6,9,9,1.0
1100057,18145,18172,21274,7,7,2,5,0.7143,0.4286,0.963,6,9,9,1.0
1118803,444302,444301,25846,7,7,2,5,0.7143,0.4286,0.963,6,9,9,1.0
1118666,444302,444301,25846,7,7,2,5,0.7143,0.4286,0.963,6,9,9,1.0
1279042,255996,207678,47740,4,4,1,2,0.5,0.25,0.963,3,9,9,1.0
1031083,343090,287682,3589,10,10,4,6,0.6,0.2,0.963,9,9,9,1.0
1031084,343090,287682,3589,10,10,4,6,0.6,0.2,0.963,9,9,9,1.0
1031085,343090,287682,3589,10,10,4,6,0.6,0.2,0.963,9,9,9,1.0
1031086,343090,287682,3589,10,10,4,6,0.6,0.2,0.963,9,9,9,1.0
1083982,13482,13462,19460,7,7,3,4,0.5714,0.1429,0.963,6,9,9,1.0
1181148,48608,48611,27640,7,7,2,3,0.4286,0.1429,0.963,6,9,9,1.0
1181150,48608,48611,27640,7,7,2,3,0.4286,0.1429,0.963,6,9,9,1.0
1201790,11900,24801,28124,7,7,1,2,0.2857,0.1429,0.963,6,9,9,1.0
1200013,11880,24801,28124,7,7,1,2,0.2857,0.1429,0.963,6,9,9,1.0
1201831,24799,24801,28124,7,7,1,2,0.2857,0.1429,0.963,6,9,9,1.0
1178288,14103,14087,16333,10,10,5,5,0.5,0.0,0.963,9,9,9,1.0
1178289,14103,14087,16333,10,10,5,5,0.5,0.0,0.963,9,9,9,1.0
1178290,14103,14087,16333,10,10,5,5,0.5,0.0,0.963,9,9,9,1.0
1178291,14103,14087,16333,10,10,5,5,0.5,0.0,0.963,9,9,9,1.0
1089829,15340,15334,19404,10,10,5,5,0.5,0.0,0.963,9,9,9,1.0
1089831,15340,15334,19404,10,10,5,5,0.5,0.0,0.963,9,9,9,1.0
1089938,15340,15334,19404,10,10,5,5,0.5,0.0,0.963,9,9,9,1.0
1047467,292160,292157,9085,4,4,2,2,0.5,0.0,0.963,3,9,9,1.0
1084339,294400,294399,17054,12,12,2,10,0.8333,0.6667,0.96,11,9,9,1.0
1075104,294400,294399,17054,12,12,2,10,0.8333,0.6667,0.96,11,9,9,1.0
1305030,6998,6997,29665,15,15,4,6,0.4,0.1333,0.96,14,9,9,1.0
1305031,6998,6997,29665,15,15,4,6,0.4,0.1333,0.96,14,9,9,1.0
1305032,6998,6997,29665,15,15,4,6,0.4,0.1333,0.96,14,9,9,1.0
1305033,6998,6997,29665,15,15,4,6,0.4,0.1333,0.96,14,9,9,1.0
1025106,10616,10636,1132,9,9,1,8,0.8889,0.7778,0.958,8,9,9,1.0
1025329,25283,12911,1237,9,9,1,8,0.8889,0.7778,0.958,8,9,9,1.0
1132984,8836,8852,5386,9,9,1,8,0.8889,0.7778,0.958,8,9,9,1.0
1039608,375060,375061,10040,9,9,1,8,0.8889,0.7778,0.958,8,9,9,1.0
1077739,19283,19275,17620,9,9,1,8,0.8889,0.7778,0.958,8,9,9,1.0
1205875,10725,10709,39333,9,9,1,8,0.8889,0.7778,0.958,8,9,9,1.0
1001401,302,323,385,9,9,1,7,0.7778,0.6667,0.958,8,9,9,1.0
1001998,320,323,385,9,9,1,7,0.7778,0.6667,0.958,8,9,9,1.0
1196136,10785,10724,28748,9,9,3,6,0.6667,0.3333,0.958,8,9,9,1.0
1196275,10785,10724,28748,9,9,3,6,0.6667,0.3333,0.958,8,9,9,1.0
1272982,2269,14093,46592,9,9,4,5,0.5556,0.1111,0.958,8,9,9,1.0
1280368,2269,14093,46592,9,9,4,5,0.5556,0.1111,0.958,8,9,9,1.0
1034886,7914,22893,8020,14,14,1,7,0.5,0.4286,0.957,13,9,9,1.0
1132980,7875,22893,8020,14,14,1,7,0.5,0.4286,0.957,13,9,9,1.0
1265308,335995,22893,8020,14,14,2,7,0.5,0.3571,0.957,13,9,9,1.0
1133274,335995,22893,8020,14,14,2,7,0.5,0.3571,0.957,13,9,9,1.0
1089667,7698,22893,8020,14,14,3,7,0.5,0.2857,0.957,13,9,9,1.0
1074308,7698,22893,8020,14,14,3,7,0.5,0.2857,0.957,13,9,9,1.0
1300882,7698,22893,8020,14,14,3,7,0.5,0.2857,0.957,13,9,9,1.0
1029681,370384,370382,6067,11,11,1,10,0.9091,0.8182,0.956,10,9,9,1.0
1157251,359665,359664,29370,11,11,1,10,0.9091,0.8182,0.956,10,9,9,1.0
1003688,19685,19695,1159,6,6,1,5,0.8333,0.6667,0.956,5,9,9,1.0
1275787,23513,23512,5362,6,6,1,5,0.8333,0.6667,0.956,5,9,9,1.0
1028584,26566,16888,7355,6,6,1,5,0.8333,0.6667,0.956,5,9,9,1.0
1028989,261755,261450,7534,6,6,1,5,0.8333,0.6667,0.956,5,9,9,1.0
1044783,170236,170237,11127,6,6,1,5,0.8333,0.6667,0.956,5,9,9,1.0
1081628,18817,18782,18007,6,6,1,5,0.8333,0.6667,0.956,5,9,9,1.0
1082319,15778,15796,18661,6,6,1,5,0.8333,0.6667,0.956,5,9,9,1.0
1092716,27028,18074,18968,6,6,1,5,0.8333,0.6667,0.956,5,9,9,1.0
1109471,15841,15827,19146,6,6,1,5,0.8333,0.6667,0.956,5,9,9,1.0
1186430,19259,19260,20908,6,6,1,5,0.8333,0.6667,0.956,5,9,9,1.0
1113095,13288,13332,25101,6,6,1,5,0.8333,0.6667,0.956,5,9,9,1.0
1126463,20989,21013,27513,6,6,1,5,0.8333,0.6667,0.956,5,9,9,1.0
1187689,3084,3113,38470,6,6,1,5,0.8333,0.6667,0.956,5,9,9,1.0
1217401,10075,10161,40097,6,6,1,5,0.8333,0.6667,0.956,5,9,9,1.0
1286318,9891,9815,46750,6,6,1,5,0.8333,0.6667,0.956,5,9,9,1.0
1299171,5953,5955,49879,6,6,1,5,0.8333,0.6667,0.956,5,9,9,1.0
1023831,7679,7733,6343,6,6,1,4,0.6667,0.5,0.956,5,9,9,1.0
1001018,454,441,282,6,6,1,3,0.5,0.3333,0.956,5,9,9,1.0
1001405,438,446,451,6,6,1,3,0.5,0.3333,0.956,5,9,9,1.0
1185592,27453,19626,3569,6,6,2,4,0.6667,0.3333,0.956,5,9,9,1.0
1185593,27453,19626,3569,6,6,2,4,0.6667,0.3333,0.956,5,9,9,1.0
1090470,15478,15477,13859,6,6,2,4,0.6667,0.3333,0.956,5,9,9,1.0
1060272,15478,15477,13859,6,6,2,4,0.6667,0.3333,0.956,5,9,9,1.0
1222852,10830,10800,15371,6,6,2,4,0.6667,0.3333,0.956,5,9,9,1.0
1222903,10830,10800,15371,6,6,2,4,0.6667,0.3333,0.956,5,9,9,1.0
1083293,14475,14504,19246,6,6,2,4,0.6667,0.3333,0.956,5,9,9,1.0
1112161,14475,14504,19246,6,6,2,4,0.6667,0.3333,0.956,5,9,9,1.0
1103077,17188,17180,22734,6,6,2,4,0.6667,0.3333,0.956,5,9,9,1.0
1109898,15794,15749,24204,6,6,2,4,0.6667,0.3333,0.956,5,9,9,1.0
1109882,15794,15749,24204,6,6,2,4,0.6667,0.3333,0.956,5,9,9,1.0
1280301,20548,20581,46329,6,6,2,4,0.6667,0.3333,0.956,5,9,9,1.0
1280310,20548,20581,46329,6,6,2,4,0.6667,0.3333,0.956,5,9,9,1.0
1281227,26882,17800,47894,6,6,2,4,0.6667,0.3333,0.956,5,9,9,1.0
1082006,14941,14930,18543,11,11,5,6,0.5455,0.0909,0.956,10,9,9,1.0
1081561,14941,14930,18543,11,11,5,6,0.5455,0.0909,0.956,10,9,9,1.0
1081567,14941,14930,18543,11,11,5,6,0.5455,0.0909,0.956,10,9,9,1.0
1081601,14941,14930,18543,11,11,5,6,0.5455,0.0909,0.956,10,9,9,1.0
1082023,14941,14930,18543,11,11,5,6,0.5455,0.0909,0.956,10,9,9,1.0
1110486,26612,17033,24485,6,6,3,3,0.5,0.0,0.956,5,9,9,1.0
1110484,26612,17033,24485,6,6,3,3,0.5,0.0,0.956,5,9,9,1.0
1010066,35170,24581,2673,8,8,1,7,0.875,0.75,0.952,7,9,9,1.0
1019684,23453,23449,5259,8,8,1,7,0.875,0.75,0.952,7,9,9,1.0
1036093,6565,6523,9261,8,8,1,7,0.875,0.75,0.952,7,9,9,1.0
1074807,264003,264004,15734,8,8,1,7,0.875,0.75,0.952,7,9,9,1.0
1094294,16860,16909,21482,8,8,1,7,0.875,0.75,0.952,7,9,9,1.0
1101192,37734,37733,22918,8,8,1,7,0.875,0.75,0.952,7,9,9,1.0
1114013,25505,25508,25298,8,8,1,7,0.875,0.75,0.952,7,9,9,1.0
1138100,12478,12415,28607,8,8,1,7,0.875,0.75,0.952,7,9,9,1.0
1198914,9544,9598,39945,8,8,1,7,0.875,0.75,0.952,7,9,9,1.0
1280416,8761,8831,48130,8,8,1,6,0.75,0.625,0.952,7,9,9,1.0
1036845,,4768,9426,8,7,0,4,0.5714,0.5714,0.952,7,9,9,1.0
1128556,23898,23883,6972,8,8,2,6,0.75,0.5,0.952,7,9,9,1.0
1027549,23898,23883,6972,8,8,2,6,0.75,0.5,0.952,7,9,9,1.0
1186602,273916,273917,35525,8,8,2,6,0.75,0.5,0.952,7,9,9,1.0
1186604,273916,273917,35525,8,8,2,6,0.75,0.5,0.952,7,9,9,1.0
1265949,9214,9167,43884,8,8,2,6,0.75,0.5,0.952,7,9,9,1.0
1289753,9214,9167,43884,8,8,2,6,0.75,0.5,0.952,7,9,9,1.0
1199187,9743,9749,28308,8,8,3,5,0.625,0.25,0.952,7,9,9,1.0
1138055,9743,9749,28308,8,8,3,5,0.625,0.25,0.952,7,9,9,1.0
1143085,42204,42203,29299,8,8,3,5,0.625,0.25,0.952,7,9,9,1.0
1143086,42204,42203,29299,8,8,3,5,0.625,0.25,0.952,7,9,9,1.0
1276080,4769,4768,9426,8,7,3,4,0.5714,0.1429,0.952,7,9,9,1.0
1276431,4769,4768,9426,8,7,3,4,0.5714,0.1429,0.952,7,9,9,1.0
1042677,22180,6118,10678,10,10,1,9,0.9,0.8,0.951,9,9,9,1.0
1227521,8880,23376,11710,10,10,2,8,0.8,0.6,0.951,9,9,9,1.0
1227519,8880,23376,11710,10,10,2,8,0.8,0.6,0.951,9,9,9,1.0
1083620,19508,27412,15564,19,19,5,8,0.4211,0.1579,0.951,18,9,9,1.0
1069584,19508,27412,15564,19,19,5,8,0.4211,0.1579,0.951,18,9,9,1.0
1075904,19508,27412,15564,19,19,5,8,0.4211,0.1579,0.951,18,9,9,1.0
1075905,19508,27412,15564,19,19,5,8,0.4211,0.1579,0.951,18,9,9,1.0
1075906,19508,27412,15564,19,19,5,8,0.4211,0.1579,0.951,18,9,9,1.0
1228382,9695,500,34768,27,27,3,8,0.2963,0.1852,0.949,26,9,9,1.0
1228383,9695,500,34768,27,27,3,8,0.2963,0.1852,0.949,26,9,9,1.0
1228384,9695,500,34768,27,27,3,8,0.2963,0.1852,0.949,26,9,9,1.0
1228385,9694,500,34768,27,27,3,8,0.2963,0.1852,0.949,26,9,9,1.0
1228386,9694,500,34768,27,27,3,8,0.2963,0.1852,0.949,26,9,9,1.0
1218536,515,500,34768,27,27,3,8,0.2963,0.1852,0.949,26,9,9,1.0
1218537,515,500,34768,27,27,3,8,0.2963,0.1852,0.949,26,9,9,1.0
1228387,9696,500,34768,27,27,4,8,0.2963,0.1481,0.949,26,9,9,1.0
1227359,9696,500,34768,27,27,4,8,0.2963,0.1481,0.949,26,9,9,1.0
1222790,9696,500,34768,27,27,4,8,0.2963,0.1481,0.949,26,9,9,1.0
1222791,9696,500,34768,27,27,4,8,0.2963,0.1481,0.949,26,9,9,1.0
1228514,9705,500,34768,27,27,6,8,0.2963,0.0741,0.949,26,9,9,1.0
1228516,9705,500,34768,27,27,6,8,0.2963,0.0741,0.949,26,9,9,1.0
1228517,9705,500,34768,27,27,6,8,0.2963,0.0741,0.949,26,9,9,1.0
1227382,9705,500,34768,27,27,6,8,0.2963,0.0741,0.949,26,9,9,1.0
1270859,9705,500,34768,27,27,6,8,0.2963,0.0741,0.949,26,9,9,1.0
1289857,9705,500,34768,27,27,6,8,0.2963,0.0741,0.949,26,9,9,1.0
1265550,,384443,2282,7,6,0,6,1.0,1.0,0.944,6,9,9,1.0
1043269,156167,129268,7202,13,13,1,12,0.9231,0.8462,0.944,12,9,9,1.0
1132978,7670,7641,7180,9,9,1,8,0.8889,0.7778,0.944,8,9,9,1.0
1037296,22551,6894,7230,9,9,1,8,0.8889,0.7778,0.944,8,9,9,1.0
1077335,284158,284157,17475,9,9,1,8,0.8889,0.7778,0.944,8,9,9,1.0
1303499,22294,22290,50372,9,9,1,8,0.8889,0.7778,0.944,8,9,9,1.0
1093324,17670,17644,1087,7,7,1,6,0.8571,0.7143,0.944,6,9,9,1.0
1047397,184648,170236,3126,7,7,1,6,0.8571,0.7143,0.944,6,9,9,1.0
1014796,389917,389916,4366,7,7,1,6,0.8571,0.7143,0.944,6,9,9,1.0
1059237,26592,16937,13347,7,7,1,6,0.8571,0.7143,0.944,6,9,9,1.0
1201933,11955,11957,16326,7,7,1,6,0.8571,0.7143,0.944,6,9,9,1.0
1084029,16869,16861,19475,7,7,1,6,0.8571,0.7143,0.944,6,9,9,1.0
1091074,18352,18328,20494,7,7,1,6,0.8571,0.7143,0.944,6,9,9,1.0
1096827,396077,396078,21896,7,7,1,6,0.8571,0.7143,0.944,6,9,9,1.0
1112940,14531,25816,24913,7,7,1,6,0.8571,0.7143,0.944,6,9,9,1.0
1178651,21210,21186,37271,7,7,1,6,0.8571,0.7143,0.944,6,9,9,1.0
1210471,25313,25303,41936,7,7,1,6,0.8571,0.7143,0.944,6,9,9,1.0
1027254,23496,9059,5509,5,5,1,4,0.8,0.6,0.944,4,9,9,1.0
1027660,23184,23213,7042,5,5,1,4,0.8,0.6,0.944,4,9,9,1.0
1031985,6469,22305,8351,5,5,1,4,0.8,0.6,0.944,4,9,9,1.0
1089156,14527,31349,19905,5,5,1,4,0.8,0.6,0.944,4,9,9,1.0
1113899,5189,21785,23988,5,5,1,4,0.8,0.6,0.944,4,9,9,1.0
1108975,17298,17266,24191,5,5,1,4,0.8,0.6,0.944,4,9,9,1.0
1216364,26123,26121,29847,5,5,1,4,0.8,0.6,0.944,4,9,9,1.0
1178155,20343,20366,37161,5,5,1,4,0.8,0.6,0.944,4,9,9,1.0
1308463,8168,8092,39127,5,5,1,4,0.8,0.6,0.944,4,9,9,1.0
1196912,11254,11292,39487,5,5,1,4,0.8,0.6,0.944,4,9,9,1.0
1271232,14870,14917,46105,5,5,1,4,0.8,0.6,0.944,4,9,9,1.0
1273120,14774,25875,46257,5,5,1,4,0.8,0.6,0.944,4,9,9,1.0
1279004,281918,20466,47735,5,5,1,4,0.8,0.6,0.944,4,9,9,1.0
1299323,26634,17099,49909,5,5,1,4,0.8,0.6,0.944,4,9,9,1.0
1021421,25390,13249,1441,7,7,1,5,0.7143,0.5714,0.944,6,9,9,1.0
1026368,13223,13249,1441,7,7,1,5,0.7143,0.5714,0.944,6,9,9,1.0
1038238,6712,6745,9706,7,7,1,5,0.7143,0.5714,0.944,6,9,9,1.0
1038187,6709,6745,9706,7,7,1,5,0.7143,0.5714,0.944,6,9,9,1.0
1276241,7299,7330,47016,7,7,1,5,0.7143,0.5714,0.944,6,9,9,1.0
1043508,,10378,10881,3,2,0,1,0.5,0.5,0.944,2,9,9,1.0
1027607,8001,7999,5024,7,7,2,5,0.7143,0.4286,0.944,6,9,9,1.0
1066949,156486,156485,15043,7,7,2,5,0.7143,0.4286,0.944,6,9,9,1.0
1110829,5149,5154,24561,7,7,2,5,0.7143,0.4286,0.944,6,9,9,1.0
1110831,5149,5154,24561,7,7,2,5,0.7143,0.4286,0.944,6,9,9,1.0
1158556,12832,20017,26700,7,7,2,5,0.7143,0.4286,0.944,6,9,9,1.0
1123101,12832,20017,26700,7,7,2,5,0.7143,0.4286,0.944,6,9,9,1.0
1221056,13427,13388,41411,7,7,2,5,0.7143,0.4286,0.944,6,9,9,1.0
1221109,13427,13388,41411,7,7,2,5,0.7143,0.4286,0.944,6,9,9,1.0
1098110,20395,2005,16925,15,15,1,7,0.4667,0.4,0.944,14,9,9,1.0
1136216,20010,1147,26510,5,5,1,3,0.6,0.4,0.944,4,9,9,1.0
1136253,13564,13630,26530,5,5,1,3,0.6,0.4,0.944,4,9,9,1.0
1299187,4599,4651,27305,9,9,1,4,0.4444,0.3333,0.944,8,9,9,1.0
1279298,330558,17465,47814,3,3,1,2,0.6667,0.3333,0.944,2,9,9,1.0
1279638,27305,19237,47925,3,3,1,2,0.6667,0.3333,0.944,2,9,9,1.0
1145311,21363,15500,20773,7,7,1,3,0.4286,0.2857,0.944,6,9,9,1.0
1125334,1296,1283,27087,11,11,4,7,0.6364,0.2727,0.944,10,9,9,1.0
1125225,1296,1283,27087,11,11,4,7,0.6364,0.2727,0.944,10,9,9,1.0
1125298,1296,1283,27087,11,11,4,7,0.6364,0.2727,0.944,10,9,9,1.0
1220293,18463,18478,4025,9,9,1,3,0.3333,0.2222,0.944,8,9,9,1.0
1282914,187515,2000,43446,5,5,1,2,0.4,0.2,0.944,4,9,9,1.0
1282916,96294,2000,43446,5,5,1,2,0.4,0.2,0.944,4,9,9,1.0
1004455,8540,23201,1460,7,7,3,4,0.5714,0.1429,0.944,6,9,9,1.0
1004456,8540,23201,1460,7,7,3,4,0.5714,0.1429,0.944,6,9,9,1.0
1163463,24566,11300,3597,7,7,1,2,0.2857,0.1429,0.944,6,9,9,1.0
1091903,3412,15500,20773,7,7,2,3,0.4286,0.1429,0.944,6,9,9,1.0
1091852,3412,15500,20773,7,7,2,3,0.4286,0.1429,0.944,6,9,9,1.0
1307442,22622,7073,44693,7,7,3,4,0.5714,0.1429,0.944,6,9,9,1.0
1303170,22433,22444,50225,7,7,2,3,0.4286,0.1429,0.944,6,9,9,1.0
1300759,22410,22444,50225,7,7,2,3,0.4286,0.1429,0.944,6,9,9,1.0
1303173,22433,22444,50225,7,7,2,3,0.4286,0.1429,0.944,6,9,9,1.0
1220345,18455,18478,4025,9,9,2,3,0.3333,0.1111,0.944,8,9,9,1.0
1267530,18455,18478,4025,9,9,2,3,0.3333,0.1111,0.944,8,9,9,1.0
1164742,375454,3058,33721,9,9,4,5,0.5556,0.1111,0.944,8,9,9,1.0
1301435,22286,22270,50291,9,9,4,5,0.5556,0.1111,0.944,8,9,9,1.0
1301436,22286,22270,50291,9,9,4,5,0.5556,0.1111,0.944,8,9,9,1.0
1137218,18497,18478,4025,9,9,3,3,0.3333,0.0,0.944,8,9,9,1.0
1011984,343883,11300,3597,7,7,2,2,0.2857,0.0,0.944,6,9,9,1.0
1285326,343883,11300,3597,7,7,2,2,0.2857,0.0,0.944,6,9,9,1.0
1015463,329279,11300,3597,7,7,2,2,0.2857,0.0,0.944,6,9,9,1.0
1073676,66221,8128,16858,3,3,1,1,0.3333,0.0,0.944,2,9,9,1.0
1073716,1019,1018,4395,16,16,1,13,0.8125,0.75,0.941,15,9,9,1.0
1099390,13803,1018,4395,16,16,1,13,0.8125,0.75,0.941,15,9,9,1.0
1014037,1027,1018,4395,16,16,1,13,0.8125,0.75,0.941,15,9,9,1.0
1223758,27256,27249,35501,12,12,2,10,0.8333,0.6667,0.939,11,9,9,1.0
1174425,27256,27249,35501,12,12,2,10,0.8333,0.6667,0.939,11,9,9,1.0
1088792,349711,349710,11558,12,12,3,9,0.75,0.5,0.939,11,9,9,1.0
1276485,25552,20323,46112,12,12,1,6,0.5,0.4167,0.939,11,9,9,1.0
1276486,13812,20323,46112,12,12,1,6,0.5,0.4167,0.939,11,9,9,1.0
1276621,13795,20323,46112,12,12,1,6,0.5,0.4167,0.939,11,9,9,1.0
1272236,25530,20323,46112,12,12,3,6,0.5,0.25,0.939,11,9,9,1.0
1206451,13717,13752,27585,21,21,1,3,0.1429,0.0952,0.939,20,9,9,1.0
1126776,25541,13752,27585,21,21,1,3,0.1429,0.0952,0.939,20,9,9,1.0
1176434,13747,13752,27585,21,21,1,3,0.1429,0.0952,0.939,20,9,9,1.0
1206449,13757,13752,27585,21,21,2,3,0.1429,0.0476,0.939,20,9,9,1.0
1205948,13797,13752,27585,21,21,2,3,0.1429,0.0476,0.939,20,9,9,1.0
1206372,25533,13752,27585,21,21,2,3,0.1429,0.0476,0.939,20,9,9,1.0
1206403,13757,13752,27585,21,21,2,3,0.1429,0.0476,0.939,20,9,9,1.0
1206404,25533,13752,27585,21,21,2,3,0.1429,0.0476,0.939,20,9,9,1.0
1176435,13797,13752,27585,21,21,2,3,0.1429,0.0476,0.939,20,9,9,1.0
1206450,25525,13752,27585,21,21,3,3,0.1429,0.0,0.939,20,9,9,1.0
1206452,25543,13752,27585,21,21,3,3,0.1429,0.0,0.939,20,9,9,1.0
1206369,25543,13752,27585,21,21,3,3,0.1429,0.0,0.939,20,9,9,1.0
1206370,25543,13752,27585,21,21,3,3,0.1429,0.0,0.939,20,9,9,1.0
1206401,25525,13752,27585,21,21,3,3,0.1429,0.0,0.939,20,9,9,1.0
1206402,25525,13752,27585,21,21,3,3,0.1429,0.0,0.939,20,9,9,1.0
1048290,74203,65251,3940,10,10,1,9,0.9,0.8,0.938,9,9,9,1.0
1014182,384035,384036,4064,10,10,1,9,0.9,0.8,0.938,9,9,9,1.0
1040942,34530,23353,10113,10,10,1,9,0.9,0.8,0.938,9,9,9,1.0
1061804,343533,343532,14242,10,10,1,9,0.9,0.8,0.938,9,9,9,1.0
1199327,9523,9496,40189,10,10,2,8,0.8,0.6,0.938,9,9,9,1.0
1199601,9523,9496,40189,10,10,2,8,0.8,0.6,0.938,9,9,9,1.0
1015393,227199,227197,4952,10,10,1,3,0.3,0.2,0.938,9,9,9,1.0
1015410,227198,227197,4952,10,10,1,3,0.3,0.2,0.938,9,9,9,1.0
1046935,9628,9595,9982,10,10,4,6,0.6,0.2,0.938,9,9,9,1.0
1046904,9628,9595,9982,10,10,4,6,0.6,0.2,0.938,9,9,9,1.0
1046930,9628,9595,9982,10,10,4,6,0.6,0.2,0.938,9,9,9,1.0
1289036,227200,227197,4952,10,10,2,3,0.3,0.1,0.938,9,9,9,1.0
1288959,227200,227197,4952,10,10,2,3,0.3,0.1,0.938,9,9,9,1.0
1153347,12462,12449,4825,10,10,5,5,0.5,0.0,0.938,9,9,9,1.0
1201458,12462,12449,4825,10,10,5,5,0.5,0.0,0.938,9,9,9,1.0
1201461,12462,12449,4825,10,10,5,5,0.5,0.0,0.938,9,9,9,1.0
1014948,12462,12449,4825,10,10,5,5,0.5,0.0,0.938,9,9,9,1.0
1093664,17809,17835,6423,8,8,1,7,0.875,0.75,0.937,7,9,9,1.0
1041827,7825,7870,10512,8,8,1,7,0.875,0.75,0.937,7,9,9,1.0
1059222,15003,15043,13342,8,8,1,7,0.875,0.75,0.937,7,9,9,1.0
1078103,145605,145606,17921,8,8,1,7,0.875,0.75,0.937,7,9,9,1.0
1221052,12580,12578,35642,8,8,1,7,0.875,0.75,0.937,7,9,9,1.0
1211057,24533,11168,39520,8,8,1,7,0.875,0.75,0.937,7,9,9,1.0
1227244,9183,9164,39621,8,8,1,7,0.875,0.75,0.937,7,9,9,1.0
1103169,26475,26470,22747,8,8,1,5,0.625,0.5,0.937,7,9,9,1.0
1100427,26474,26470,22747,8,8,1,5,0.625,0.5,0.937,7,9,9,1.0
1311332,6020,6005,51860,8,8,2,6,0.75,0.5,0.937,7,9,9,1.0
1311373,6020,6005,51860,8,8,2,6,0.75,0.5,0.937,7,9,9,1.0
1220905,13239,13290,26690,8,8,1,4,0.5,0.375,0.937,7,9,9,1.0
1126962,12838,20017,26765,8,8,1,4,0.5,0.375,0.937,7,9,9,1.0
1121458,1286,1301,26241,8,8,1,2,0.25,0.125,0.937,7,9,9,1.0
1126234,25250,20017,26765,8,8,3,4,0.5,0.125,0.937,7,9,9,1.0
1121460,20043,1301,26241,8,8,2,2,0.25,0.0,0.937,7,9,9,1.0
1121522,20043,1301,26241,8,8,2,2,0.25,0.0,0.937,7,9,9,1.0
1178271,25628,14118,37211,8,8,4,4,0.5,0.0,0.937,7,9,9,1.0
1178268,25628,14118,37211,8,8,4,4,0.5,0.0,0.937,7,9,9,1.0
1178269,25628,14118,37211,8,8,4,4,0.5,0.0,0.937,7,9,9,1.0
1279990,14001,13978,48014,8,8,4,4,0.5,0.0,0.937,7,9,9,1.0
1125045,13473,13455,27158,11,11,1,10,0.9091,0.8182,0.933,10,9,9,1.0
1302567,6811,22462,50537,11,11,1,10,0.9091,0.8182,0.933,10,9,9,1.0
1020775,9027,8974,5533,6,6,1,5,0.8333,0.6667,0.933,5,9,9,1.0
1024554,24061,10130,6404,6,6,1,5,0.8333,0.6667,0.933,5,9,9,1.0
1089427,15554,15551,19981,6,6,1,5,0.8333,0.6667,0.933,5,9,9,1.0
1167603,27034,27024,20486,6,6,1,5,0.8333,0.6667,0.933,5,9,9,1.0
1092185,18364,18319,20898,6,6,1,5,0.8333,0.6667,0.933,5,9,9,1.0
1102089,16532,16575,21362,6,6,1,5,0.8333,0.6667,0.933,5,9,9,1.0
1179834,15445,15412,36322,6,6,1,5,0.8333,0.6667,0.933,5,9,9,1.0
1183648,15403,3372,37839,6,6,1,5,0.8333,0.6667,0.933,5,9,9,1.0
1226176,9411,9357,40578,6,6,1,5,0.8333,0.6667,0.933,5,9,9,1.0
1289307,17834,17849,47944,6,6,1,5,0.8333,0.6667,0.933,5,9,9,1.0
1009969,11777,11796,1115,6,6,1,4,0.6667,0.5,0.933,5,9,9,1.0
1047657,1789,180797,11632,6,6,1,4,0.6667,0.5,0.933,5,9,9,1.0
1003603,19687,19691,174,6,6,2,4,0.6667,0.3333,0.933,5,9,9,1.0
1019787,23301,8702,5286,6,6,2,4,0.6667,0.3333,0.933,5,9,9,1.0
1019788,23301,8702,5286,6,6,2,4,0.6667,0.3333,0.933,5,9,9,1.0
1196241,24432,10793,10670,6,6,2,4,0.6667,0.3333,0.933,5,9,9,1.0
1042649,24432,10793,10670,6,6,2,4,0.6667,0.3333,0.933,5,9,9,1.0
1093659,16516,16522,21344,6,6,2,4,0.6667,0.3333,0.933,5,9,9,1.0
1207441,10729,10711,39470,6,6,2,4,0.6667,0.3333,0.933,5,9,9,1.0
1088139,15793,33245,18943,11,11,4,7,0.6364,0.2727,0.933,10,9,9,1.0
1082413,15793,33245,18943,11,11,4,7,0.6364,0.2727,0.933,10,9,9,1.0
1103899,4336,4322,23155,11,11,4,7,0.6364,0.2727,0.933,10,9,9,1.0
1103900,4336,4322,23155,11,11,4,7,0.6364,0.2727,0.933,10,9,9,1.0
1102266,4336,4322,23155,11,11,4,7,0.6364,0.2727,0.933,10,9,9,1.0
1102269,4336,4322,23155,11,11,4,7,0.6364,0.2727,0.933,10,9,9,1.0
1185706,19388,19363,20723,6,6,2,3,0.5,0.1667,0.933,5,9,9,1.0
1091662,19388,19363,20723,6,6,2,3,0.5,0.1667,0.933,5,9,9,1.0
1065563,21976,21975,14742,11,11,5,6,0.5455,0.0909,0.933,10,9,9,1.0
1066274,21976,21975,14742,11,11,5,6,0.5455,0.0909,0.933,10,9,9,1.0
1066275,21976,21975,14742,11,11,5,6,0.5455,0.0909,0.933,10,9,9,1.0
1065562,21976,21975,14742,11,11,5,6,0.5455,0.0909,0.933,10,9,9,1.0
1188539,21148,3084,37997,6,6,3,3,0.5,0.0,0.933,5,9,9,1.0
1308293,8069,8042,51395,6,6,3,3,0.5,0.0,0.933,5,9,9,1.0
1307618,8069,8042,51395,6,6,3,3,0.5,0.0,0.933,5,9,9,1.0
1010560,88606,88607,2915,9,9,1,8,0.8889,0.7778,0.931,8,9,9,1.0
1063164,343680,375307,13971,9,9,1,8,0.8889,0.7778,0.931,8,9,9,1.0
1155299,146556,146557,33525,9,9,1,8,0.8889,0.7778,0.931,8,9,9,1.0
1298276,50216,50210,47687,9,9,1,8,0.8889,0.7778,0.931,8,9,9,1.0
1005474,341,320,387,9,9,1,7,0.7778,0.6667,0.931,8,9,9,1.0
1005918,327,320,387,9,9,1,7,0.7778,0.6667,0.931,8,9,9,1.0
1267984,78049,78047,45670,9,9,2,7,0.7778,0.5556,0.931,8,9,9,1.0
1004002,13193,13229,1294,9,9,1,4,0.4444,0.3333,0.931,8,9,9,1.0
1288204,9845,9904,49246,9,9,2,5,0.5556,0.3333,0.931,8,9,9,1.0
1305255,204,7408,29224,9,9,1,3,0.3333,0.2222,0.931,8,9,9,1.0
1178813,20345,1855,3894,9,9,4,5,0.5556,0.1111,0.931,8,9,9,1.0
1186812,26106,26118,28432,12,12,1,11,0.9167,0.8333,0.929,11,9,9,1.0
1008326,24698,24718,1657,13,13,1,12,0.9231,0.8462,0.926,12,9,9,1.0
1053440,345244,345245,11695,10,10,1,9,0.9,0.8,0.926,9,9,9,1.0
1269226,396,52763,19082,10,10,1,9,0.9,0.8,0.926,9,9,9,1.0
1118945,473035,473036,25942,10,10,1,9,0.9,0.8,0.926,9,9,9,1.0
1003924,22739,7431,501,7,7,1,6,0.8571,0.7143,0.926,6,9,9,1.0
1010797,24660,11594,2654,7,7,1,6,0.8571,0.7143,0.926,6,9,9,1.0
1040649,390639,390643,6069,7,7,1,6,0.8571,0.7143,0.926,6,9,9,1.0
1032749,6246,6260,7209,7,7,1,6,0.8571,0.7143,0.926,6,9,9,1.0
1033564,350075,349900,8715,7,7,1,6,0.8571,0.7143,0.926,6,9,9,1.0
1048132,90207,90208,11480,7,7,1,6,0.8571,0.7143,0.926,6,9,9,1.0
1063072,110702,110701,13199,7,7,1,6,0.8571,0.7143,0.926,6,9,9,1.0
1069997,264001,264002,15720,7,7,1,6,0.8571,0.7143,0.926,6,9,9,1.0
1090368,14451,14477,18869,7,7,1,6,0.8571,0.7143,0.926,6,9,9,1.0
1092159,18219,18302,20672,7,7,1,6,0.8571,0.7143,0.926,6,9,9,1.0
1109401,17225,26696,23304,7,7,1,6,0.8571,0.7143,0.926,6,9,9,1.0
1112420,18125,27046,24522,7,7,1,6,0.8571,0.7143,0.926,6,9,9,1.0
1119690,425116,425117,25935,7,7,1,6,0.8571,0.7143,0.926,6,9,9,1.0
1189254,4006,4018,28599,7,7,1,6,0.8571,0.7143,0.926,6,9,9,1.0
1184440,3113,3121,37500,7,7,1,6,0.8571,0.7143,0.926,6,9,9,1.0
1199824,24957,24964,40297,7,7,1,6,0.8571,0.7143,0.926,6,9,9,1.0
1219073,24741,24746,42612,7,7,1,6,0.8571,0.7143,0.926,6,9,9,1.0
1228624,23009,8225,43904,7,7,1,6,0.8571,0.7143,0.926,6,9,9,1.0
1273312,11600,11562,45697,7,7,1,6,0.8571,0.7143,0.926,6,9,9,1.0
1005794,12471,12506,1320,7,7,1,5,0.7143,0.5714,0.926,6,9,9,1.0
1004067,12481,12506,1320,7,7,1,5,0.7143,0.5714,0.926,6,9,9,1.0
1108971,26689,26697,23758,7,7,1,5,0.7143,0.5714,0.926,6,9,9,1.0
1105066,17373,26697,23758,7,7,1,5,0.7143,0.5714,0.926,6,9,9,1.0
1191008,18938,27253,26170,7,7,1,5,0.7143,0.5714,0.926,6,9,9,1.0
1229499,183042,654,2403,4,4,1,3,0.75,0.5,0.926,3,9,9,1.0
1072926,259527,149118,16487,4,4,1,3,0.75,0.5,0.926,3,9,9,1.0
1110968,4990,4980,24012,4,4,1,3,0.75,0.5,0.926,3,9,9,1.0
1219185,18849,18813,35110,4,4,1,3,0.75,0.5,0.926,3,9,9,1.0
1281361,26895,26885,48388,4,4,1,3,0.75,0.5,0.926,3,9,9,1.0
1119962,20366,20415,16609,7,7,2,5,0.7143,0.4286,0.926,6,9,9,1.0
1074133,20366,20415,16609,7,7,2,5,0.7143,0.4286,0.926,6,9,9,1.0
1081056,13976,13982,18408,7,7,2,5,0.7143,0.4286,0.926,6,9,9,1.0
1081059,13976,13982,18408,7,7,2,5,0.7143,0.4286,0.926,6,9,9,1.0
1112147,14486,14512,24821,7,7,2,5,0.7143,0.4286,0.926,6,9,9,1.0
1114085,14486,14512,24821,7,7,2,5,0.7143,0.4286,0.926,6,9,9,1.0
1209441,11158,11183,41816,7,7,2,5,0.7143,0.4286,0.926,6,9,9,1.0
1228452,8486,8469,44239,7,7,2,5,0.7143,0.4286,0.926,6,9,9,1.0
1005543,5462,5461,1193,4,4,1,2,0.5,0.25,0.926,3,9,9,1.0
1143771,2748,2754,31524,10,10,2,4,0.4,0.2,0.926,9,9,9,1.0
1143773,2748,2754,31524,10,10,2,4,0.4,0.2,0.926,9,9,9,1.0
1190082,15056,26007,16550,7,7,3,4,0.5714,0.1429,0.926,6,9,9,1.0
1190083,15056,26007,16550,7,7,3,4,0.5714,0.1429,0.926,6,9,9,1.0
1190084,15056,26007,16550,7,7,3,4,0.5714,0.1429,0.926,6,9,9,1.0
1081502,14131,14104,18364,7,7,3,4,0.5714,0.1429,0.926,6,9,9,1.0
1081471,14131,14104,18364,7,7,3,4,0.5714,0.1429,0.926,6,9,9,1.0
1110491,17018,17033,24489,7,7,3,4,0.5714,0.1429,0.926,6,9,9,1.0
1113852,17018,17033,24489,7,7,3,4,0.5714,0.1429,0.926,6,9,9,1.0
1144223,2830,2754,31524,10,10,4,4,0.4,0.0,0.926,9,9,9,1.0
1147802,2830,2754,31524,10,10,4,4,0.4,0.0,0.926,9,9,9,1.0
1147804,2830,2754,31524,10,10,4,4,0.4,0.0,0.926,9,9,9,1.0
1097778,370398,370397,3322,4,4,2,2,0.5,0.0,0.926,3,9,9,1.0
1073872,370398,370397,3322,4,4,2,2,0.5,0.0,0.926,3,9,9,1.0
1035783,306237,319035,6047,11,11,1,10,0.9091,0.8182,0.922,10,9,9,1.0
1089484,349715,349714,18001,11,11,1,10,0.9091,0.8182,0.922,10,9,9,1.0
1019294,8134,22966,5040,8,8,1,7,0.875,0.75,0.921,7,9,9,1.0
1022466,10893,24439,5994,8,8,1,7,0.875,0.75,0.921,7,9,9,1.0
1090420,26089,26087,13858,8,8,1,7,0.875,0.75,0.921,7,9,9,1.0
1089627,14360,14339,19453,8,8,1,7,0.875,0.75,0.921,7,9,9,1.0
1099523,13025,13076,22550,8,8,1,7,0.875,0.75,0.921,7,9,9,1.0
1102271,16923,16961,23162,8,8,1,7,0.875,0.75,0.921,7,9,9,1.0
1142982,25513,155515,26519,8,8,1,7,0.875,0.75,0.921,7,9,9,1.0
1123790,12073,12046,26846,8,8,1,7,0.875,0.75,0.921,7,9,9,1.0
1272316,11371,11348,45829,8,8,1,7,0.875,0.75,0.921,7,9,9,1.0
1007367,13242,13287,1304,8,8,1,6,0.75,0.625,0.921,7,9,9,1.0
1123181,12834,20017,26728,8,8,1,5,0.625,0.5,0.921,7,9,9,1.0
1136699,27217,27216,30613,8,8,2,6,0.75,0.5,0.921,7,9,9,1.0
1202686,27217,27216,30613,8,8,2,6,0.75,0.5,0.921,7,9,9,1.0
1183659,14699,14616,34396,8,8,2,6,0.75,0.5,0.921,7,9,9,1.0
1184444,14699,14616,34396,8,8,2,6,0.75,0.5,0.921,7,9,9,1.0
1127100,12833,20017,26728,8,8,2,5,0.625,0.375,0.921,7,9,9,1.0
1220388,19040,18998,42952,8,8,4,4,0.5,0.0,0.921,7,9,9,1.0
1220389,19040,18998,42952,8,8,4,4,0.5,0.0,0.921,7,9,9,1.0
1220390,19040,18998,42952,8,8,4,4,0.5,0.0,0.921,7,9,9,1.0
1131849,345084,20786,4821,12,12,1,11,0.9167,0.8333,0.919,11,9,9,1.0
1281755,27323,19293,41212,12,12,2,4,0.3333,0.1667,0.919,11,9,9,1.0
1282993,27324,19293,41212,12,12,2,4,0.3333,0.1667,0.919,11,9,9,1.0
1282995,27326,19293,41212,12,12,2,4,0.3333,0.1667,0.919,11,9,9,1.0
1282996,27326,19293,41212,12,12,2,4,0.3333,0.1667,0.919,11,9,9,1.0
1281518,19291,19293,41212,12,12,2,4,0.3333,0.1667,0.919,11,9,9,1.0
1281520,19291,19293,41212,12,12,2,4,0.3333,0.1667,0.919,11,9,9,1.0
1060743,267521,267520,13977,9,9,1,8,0.8889,0.7778,0.917,8,9,9,1.0
1190401,4210,4222,16460,9,9,1,8,0.8889,0.7778,0.917,8,9,9,1.0
1009033,24071,24088,1838,5,5,1,4,0.8,0.6,0.917,4,9,9,1.0
1067506,114868,114867,15157,5,5,1,4,0.8,0.6,0.917,4,9,9,1.0
1068100,5773,5772,15301,5,5,1,4,0.8,0.6,0.917,4,9,9,1.0
1115927,14051,14015,25681,5,5,1,4,0.8,0.6,0.917,4,9,9,1.0
1150414,3598,3603,30871,5,5,1,4,0.8,0.6,0.917,4,9,9,1.0
1189204,4019,4005,38754,5,5,1,4,0.8,0.6,0.917,4,9,9,1.0
1197869,11427,11429,39747,5,5,1,4,0.8,0.6,0.917,4,9,9,1.0
1131095,187515,246715,28786,7,7,2,5,0.7143,0.4286,0.917,6,9,9,1.0
1282877,187515,246715,28786,7,7,2,5,0.7143,0.4286,0.917,6,9,9,1.0
1132166,248315,248316,29094,5,5,1,3,0.6,0.4,0.917,4,9,9,1.0
1128581,21789,21793,23961,9,9,3,6,0.6667,0.3333,0.917,8,9,9,1.0
1110984,21789,21793,23961,9,9,3,6,0.6667,0.3333,0.917,8,9,9,1.0
1110987,21789,21793,23961,9,9,3,6,0.6667,0.3333,0.917,8,9,9,1.0
1287801,370272,370271,44334,14,14,1,13,0.9286,0.8571,0.915,13,9,9,1.0
1201098,12002,24865,39237,10,10,1,9,0.9,0.8,0.914,9,9,9,1.0
1000782,5504,5509,161,10,10,2,5,0.5,0.3,0.914,9,9,9,1.0
1000818,5504,5509,161,10,10,2,5,0.5,0.3,0.914,9,9,9,1.0
1278212,9939,9970,45206,10,10,3,5,0.5,0.2,0.914,9,9,9,1.0
1278215,9939,9970,45206,10,10,3,5,0.5,0.2,0.914,9,9,9,1.0
1287932,9939,9970,45206,10,10,3,5,0.5,0.2,0.914,9,9,9,1.0
1247846,,14575,20649,6,5,0,5,1.0,1.0,0.911,5,9,9,1.0
1176845,20763,20774,27669,11,11,1,10,0.9091,0.8182,0.911,10,9,9,1.0
1146041,14643,14724,30410,11,11,1,9,0.8182,0.7273,0.911,10,9,9,1.0
1089891,14442,14490,12510,6,6,1,5,0.8333,0.6667,0.911,5,9,9,1.0
1126398,2467,2530,13537,6,6,1,5,0.8333,0.6667,0.911,5,9,9,1.0
1281114,15004,25966,16746,6,6,1,5,0.8333,0.6667,0.911,5,9,9,1.0
1133690,14137,14176,18983,6,6,1,5,0.8333,0.6667,0.911,5,9,9,1.0
1083324,25785,25832,19257,6,6,1,5,0.8333,0.6667,0.911,5,9,9,1.0
1090587,15328,15332,20079,6,6,1,5,0.8333,0.6667,0.911,5,9,9,1.0
1108944,17373,17321,24197,6,6,1,5,0.8333,0.6667,0.911,5,9,9,1.0
1300961,6512,6528,28684,6,6,1,5,0.8333,0.6667,0.911,5,9,9,1.0
1185641,19647,19648,35093,6,6,1,5,0.8333,0.6667,0.911,5,9,9,1.0
1222124,24740,11671,43229,6,6,1,5,0.8333,0.6667,0.911,5,9,9,1.0
1281151,25969,14965,47494,6,6,1,5,0.8333,0.6667,0.911,5,9,9,1.0
1287260,718,299516,49129,6,6,1,5,0.8333,0.6667,0.911,5,9,9,1.0
1301463,6503,6485,46177,6,6,1,4,0.6667,0.5,0.911,5,9,9,1.0
1108928,17303,17298,23759,6,6,2,4,0.6667,0.3333,0.911,5,9,9,1.0
1108929,17303,17298,23759,6,6,2,4,0.6667,0.3333,0.911,5,9,9,1.0
1132146,259196,259844,29051,6,6,2,4,0.6667,0.3333,0.911,5,9,9,1.0
1166075,21320,21309,34819,6,6,2,4,0.6667,0.3333,0.911,5,9,9,1.0
1190732,21320,21309,34819,6,6,2,4,0.6667,0.3333,0.911,5,9,9,1.0
1270347,14688,14767,46100,6,6,2,4,0.6667,0.3333,0.911,5,9,9,1.0
1270158,14688,14767,46100,6,6,2,4,0.6667,0.3333,0.911,5,9,9,1.0
1298212,14300,14333,46337,6,6,1,3,0.5,0.3333,0.911,5,9,9,1.0
1286543,7642,7680,49004,6,6,2,4,0.6667,0.3333,0.911,5,9,9,1.0
1297891,7642,7680,49004,6,6,2,4,0.6667,0.3333,0.911,5,9,9,1.0
1083662,295355,14229,18485,11,11,1,4,0.3636,0.2727,0.911,10,9,9,1.0
1083663,14203,14229,18485,11,11,1,4,0.3636,0.2727,0.911,10,9,9,1.0
1080697,14059,14229,18485,11,11,1,4,0.3636,0.2727,0.911,10,9,9,1.0
1220669,18997,19048,42980,11,11,5,6,0.5455,0.0909,0.911,10,9,9,1.0
1220671,18997,19048,42980,11,11,5,6,0.5455,0.0909,0.911,10,9,9,1.0
1084045,344699,235840,19480,6,6,1,1,0.1667,0.0,0.911,5,9,9,1.0
1084046,343420,235840,19480,6,6,1,1,0.1667,0.0,0.911,5,9,9,1.0
1084047,349579,235840,19480,6,6,1,1,0.1667,0.0,0.911,5,9,9,1.0
1084092,349643,235840,19480,6,6,1,1,0.1667,0.0,0.911,5,9,9,1.0
1301788,6754,22426,17056,12,12,1,11,0.9167,0.8333,0.909,11,9,9,1.0
1074042,349711,349710,11558,12,12,3,9,0.75,0.5,0.909,11,9,9,1.0
1052301,349711,349710,11558,12,12,3,9,0.75,0.5,0.909,11,9,9,1.0
1188180,16234,4054,27391,12,12,1,6,0.5,0.4167,0.909,11,9,9,1.0
1188178,4033,4054,27391,12,12,5,6,0.5,0.0833,0.909,11,9,9,1.0
1126581,4033,4054,27391,12,12,5,6,0.5,0.0833,0.909,11,9,9,1.0
1183791,4033,4054,27391,12,12,5,6,0.5,0.0833,0.909,11,9,9,1.0
1181203,4033,4054,27391,12,12,5,6,0.5,0.0833,0.909,11,9,9,1.0
1011407,10930,24459,3289,7,7,1,6,0.8571,0.7143,0.907,6,9,9,1.0
1023985,10115,10184,6371,7,7,1,6,0.8571,0.7143,0.907,6,9,9,1.0
1028538,8717,23274,6898,7,7,1,6,0.8571,0.7143,0.907,6,9,9,1.0
1031262,283200,283199,8126,7,7,1,6,0.8571,0.7143,0.907,6,9,9,1.0
1034164,294077,294076,8846,7,7,1,6,0.8571,0.7143,0.907,6,9,9,1.0
1133006,22142,22143,9078,7,7,1,6,0.8571,0.7143,0.907,6,9,9,1.0
1164858,3595,316475,33472,7,7,1,6,0.8571,0.7143,0.907,6,9,9,1.0
1185046,19657,19658,38128,7,7,1,6,0.8571,0.7143,0.907,6,9,9,1.0
1288804,7278,7261,49358,7,7,1,6,0.8571,0.7143,0.907,6,9,9,1.0
1003724,19678,19680,1203,7,7,2,5,0.7143,0.4286,0.907,6,9,9,1.0
1127179,453820,391373,2861,7,7,2,5,0.7143,0.4286,0.907,6,9,9,1.0
1186408,19558,19549,20982,7,7,2,5,0.7143,0.4286,0.907,6,9,9,1.0
1186409,19558,19549,20982,7,7,2,5,0.7143,0.4286,0.907,6,9,9,1.0
1273069,25690,25668,46101,7,7,2,5,0.7143,0.4286,0.907,6,9,9,1.0
1074016,13103,13175,17022,19,19,1,6,0.3158,0.2632,0.907,18,9,9,1.0
1114651,13047,13175,17022,19,19,1,6,0.3158,0.2632,0.907,18,9,9,1.0
1308056,8075,8033,47771,7,7,3,4,0.5714,0.1429,0.907,6,9,9,1.0
1232528,,506687,26035,8,7,0,7,1.0,1.0,0.905,7,9,9,1.0
1032520,344459,344462,8479,8,8,1,7,0.875,0.75,0.905,7,9,9,1.0
1123073,13336,25391,26681,8,8,1,7,0.875,0.75,0.905,7,9,9,1.0
1307893,20503,20484,47725,8,8,1,7,0.875,0.75,0.905,7,9,9,1.0
1303636,92774,92773,50776,8,8,1,7,0.875,0.75,0.905,7,9,9,1.0
1310314,6044,49250,50995,8,8,1,7,0.875,0.75,0.905,7,9,9,1.0
1308102,5936,22082,51390,8,8,1,7,0.875,0.75,0.905,7,9,9,1.0
1167629,18153,27049,35181,8,8,1,6,0.75,0.625,0.905,7,9,9,1.0
1167631,27061,27049,35181,8,8,1,6,0.75,0.625,0.905,7,9,9,1.0
1026068,24035,24062,1989,8,8,1,5,0.625,0.5,0.905,7,9,9,1.0
1218811,19212,19213,20910,8,8,2,6,0.75,0.5,0.905,7,9,9,1.0
1006011,30364,24062,1989,8,8,2,5,0.625,0.375,0.905,7,9,9,1.0
1020885,9019,8923,2306,8,8,1,4,0.5,0.375,0.905,7,9,9,1.0
1207953,13507,1486,26386,15,15,2,7,0.4667,0.3333,0.905,14,9,9,1.0
1207955,13507,1486,26386,15,15,2,7,0.4667,0.3333,0.905,14,9,9,1.0
1042104,344491,391375,5679,9,9,1,8,0.8889,0.7778,0.903,8,9,9,1.0
1069930,19143,19107,15713,9,9,1,8,0.8889,0.7778,0.903,8,9,9,1.0
1077938,145609,145917,17889,9,9,1,8,0.8889,0.7778,0.903,8,9,9,1.0
1187590,227516,227517,35553,9,9,1,8,0.8889,0.7778,0.903,8,9,9,1.0
1181363,283543,287362,3863,17,17,2,15,0.8824,0.7647,0.903,16,9,9,1.0
1156332,283543,287362,3863,17,17,2,15,0.8824,0.7647,0.903,16,9,9,1.0
1184650,18706,18686,35120,9,9,2,5,0.5556,0.3333,0.903,8,9,9,1.0
1167375,18706,18686,35120,9,9,2,5,0.5556,0.3333,0.903,8,9,9,1.0
1100298,16998,17015,22713,9,9,2,4,0.4444,0.2222,0.903,8,9,9,1.0
1100284,17037,17015,22713,9,9,3,4,0.4444,0.1111,0.903,8,9,9,1.0
1030714,271036,271037,7225,10,10,1,9,0.9,0.8,0.901,9,9,9,1.0
1189994,21233,21254,38912,10,10,1,9,0.9,0.8,0.901,9,9,9,1.0
1066004,21968,21966,14477,10,10,3,7,0.7,0.4,0.901,9,9,9,1.0
1062821,21968,21966,14477,10,10,3,7,0.7,0.4,0.901,9,9,9,1.0
1062563,21964,5663,14412,10,10,4,6,0.6,0.2,0.901,9,9,9,1.0
1062565,21964,5663,14412,10,10,4,6,0.6,0.2,0.901,9,9,9,1.0
1066023,21964,5663,14412,10,10,4,6,0.6,0.2,0.901,9,9,9,1.0
1062798,21964,5663,14412,10,10,4,6,0.6,0.2,0.901,9,9,9,1.0
1039174,226242,130540,9920,11,11,1,10,0.9091,0.8182,0.9,10,9,9,1.0
1067852,118722,123514,11893,11,11,1,10,0.9091,0.8182,0.9,10,9,9,1.0
1133019,143357,5138,3875,7,7,1,3,0.4286,0.2857,0.898,6,9,9,1.0
1013000,5118,5138,3875,7,7,1,3,0.4286,0.2857,0.898,6,9,9,1.0
1031363,3807,3788,7057,16,16,2,7,0.4375,0.3125,0.896,15,9,9,1.0
1150062,3807,3788,7057,16,16,2,7,0.4375,0.3125,0.896,15,9,9,1.0
1281909,16374,16386,22299,22,22,1,5,0.2273,0.1818,0.894,21,9,9,1.0
1299134,16415,16386,22299,22,22,3,5,0.2273,0.0909,0.894,21,9,9,1.0
1281926,16415,16386,22299,22,22,3,5,0.2273,0.0909,0.894,21,9,9,1.0
1281928,16415,16386,22299,22,22,3,5,0.2273,0.0909,0.894,21,9,9,1.0
1279841,16359,16386,22299,22,22,4,5,0.2273,0.0455,0.894,21,9,9,1.0
1279844,16359,16386,22299,22,22,4,5,0.2273,0.0455,0.894,21,9,9,1.0
1226363,16359,16386,22299,22,22,4,5,0.2273,0.0455,0.894,21,9,9,1.0
1134580,26424,16386,22299,22,22,5,5,0.2273,0.0,0.894,21,9,9,1.0
1274565,26424,16386,22299,22,22,5,5,0.2273,0.0,0.894,21,9,9,1.0
1097539,26424,16386,22299,22,22,5,5,0.2273,0.0,0.894,21,9,9,1.0
1305669,26424,16386,22299,22,22,5,5,0.2273,0.0,0.894,21,9,9,1.0
1280198,26424,16386,22299,22,22,5,5,0.2273,0.0,0.894,21,9,9,1.0
1233901,,873,39512,3,2,0,2,1.0,1.0,0.889,2,9,9,1.0
1020546,9204,9212,3257,11,11,1,10,0.9091,0.8182,0.889,10,9,9,1.0
1058778,375981,375980,4510,10,10,1,9,0.9,0.8,0.889,9,9,9,1.0
1024899,20857,20823,6578,10,10,1,9,0.9,0.8,0.889,9,9,9,1.0
1032209,287998,287997,7120,9,9,1,8,0.8889,0.7778,0.889,8,9,9,1.0
1038770,9650,9678,9830,9,9,1,8,0.8889,0.7778,0.889,8,9,9,1.0
1142968,123507,24149,30631,8,8,1,7,0.875,0.75,0.889,7,9,9,1.0
1065967,128624,128625,14814,7,7,1,6,0.8571,0.7143,0.889,6,9,9,1.0
1104365,16913,59483,23572,7,7,1,6,0.8571,0.7143,0.889,6,9,9,1.0
1127266,444222,444220,25940,7,7,1,6,0.8571,0.7143,0.889,6,9,9,1.0
1266087,12314,12374,39997,7,7,1,6,0.8571,0.7143,0.889,6,9,9,1.0
1272753,23386,23359,46418,7,7,1,6,0.8571,0.7143,0.889,6,9,9,1.0
1001786,19782,227,596,6,6,1,5,0.8333,0.6667,0.889,5,9,9,1.0
1005143,6657,6656,1701,6,6,1,5,0.8333,0.6667,0.889,5,9,9,1.0
1063050,375107,375106,13262,6,6,1,5,0.8333,0.6667,0.889,5,9,9,1.0
1149888,14277,14343,18851,6,6,1,5,0.8333,0.6667,0.889,5,9,9,1.0
1114487,25190,25229,25397,6,6,1,5,0.8333,0.6667,0.889,5,9,9,1.0
1207817,24904,12186,39529,6,6,1,5,0.8333,0.6667,0.889,5,9,9,1.0
1282780,19464,19475,47969,6,6,1,5,0.8333,0.6667,0.889,5,9,9,1.0
1132807,11378,11446,3572,11,11,2,9,0.8182,0.6364,0.889,10,9,9,1.0
1249844,11378,11446,3572,11,11,2,9,0.8182,0.6364,0.889,10,9,9,1.0
1196560,11163,11180,34042,10,10,2,8,0.8,0.6,0.889,9,9,9,1.0
1029678,6199,6219,7693,5,5,1,4,0.8,0.6,0.889,4,9,9,1.0
1115807,13608,13637,13409,5,5,1,4,0.8,0.6,0.889,4,9,9,1.0
1095805,2409,20549,21900,5,5,1,4,0.8,0.6,0.889,4,9,9,1.0
1110681,16993,245115,23329,5,5,1,4,0.8,0.6,0.889,4,9,9,1.0
1175947,20981,20975,36271,5,5,1,4,0.8,0.6,0.889,4,9,9,1.0
1300501,7494,7556,48246,5,5,1,4,0.8,0.6,0.889,4,9,9,1.0
1299336,27002,27000,49914,5,5,1,4,0.8,0.6,0.889,4,9,9,1.0
1123711,12104,12160,26864,9,9,2,7,0.7778,0.5556,0.889,8,9,9,1.0
1304250,6182,6158,31091,8,8,2,6,0.75,0.5,0.889,7,9,9,1.0
1304253,6182,6158,31091,8,8,2,6,0.75,0.5,0.889,7,9,9,1.0
1267905,9014,8949,2655,6,6,1,4,0.6667,0.5,0.889,5,9,9,1.0
1308251,8047,8046,51481,6,6,1,4,0.6667,0.5,0.889,5,9,9,1.0
1308295,22948,8046,51481,6,6,1,4,0.6667,0.5,0.889,5,9,9,1.0
1036968,375008,375007,9449,4,4,1,3,0.75,0.5,0.889,3,9,9,1.0
1300113,7980,7968,50096,4,4,1,3,0.75,0.5,0.889,3,9,9,1.0
1308562,58,63,51532,4,4,1,3,0.75,0.5,0.889,3,9,9,1.0
1143905,14592,25783,24923,11,11,3,8,0.7273,0.4545,0.889,10,9,9,1.0
1071155,5070,18587,16082,9,9,1,5,0.5556,0.4444,0.889,8,9,9,1.0
1137105,17305,17328,23421,7,7,2,5,0.7143,0.4286,0.889,6,9,9,1.0
1103656,17305,17328,23421,7,7,2,5,0.7143,0.4286,0.889,6,9,9,1.0
1305198,5973,5986,50102,7,7,2,5,0.7143,0.4286,0.889,6,9,9,1.0
1310692,5973,5986,50102,7,7,2,5,0.7143,0.4286,0.889,6,9,9,1.0
1145233,15950,15931,31583,15,15,1,6,0.4,0.3333,0.889,14,9,9,1.0
1297599,364830,5939,17122,6,6,1,3,0.5,0.3333,0.889,5,9,9,1.0
1074203,375941,5939,17122,6,6,1,3,0.5,0.3333,0.889,5,9,9,1.0
1185946,19432,19417,20865,6,6,2,4,0.6667,0.3333,0.889,5,9,9,1.0
1185947,19432,19417,20865,6,6,2,4,0.6667,0.3333,0.889,5,9,9,1.0
1112412,18181,27091,24886,6,6,2,4,0.6667,0.3333,0.889,5,9,9,1.0
1112415,18181,27091,24886,6,6,2,4,0.6667,0.3333,0.889,5,9,9,1.0
1121076,25230,25251,25722,6,6,2,4,0.6667,0.3333,0.889,5,9,9,1.0
1198758,12596,12588,40035,6,6,2,4,0.6667,0.3333,0.889,5,9,9,1.0
1299669,18910,18897,49527,6,6,2,4,0.6667,0.3333,0.889,5,9,9,1.0
1297489,23703,9474,12591,3,3,1,2,0.6667,0.3333,0.889,2,9,9,1.0
1278045,20317,20315,47501,3,3,1,2,0.6667,0.3333,0.889,2,9,9,1.0
1270172,14864,14831,29511,14,14,1,5,0.3571,0.2857,0.889,13,9,9,1.0
1090791,12910,12920,20352,11,11,3,6,0.5455,0.2727,0.889,10,9,9,1.0
1116127,12910,12920,20352,11,11,3,6,0.5455,0.2727,0.889,10,9,9,1.0
1116129,12910,12920,20352,11,11,3,6,0.5455,0.2727,0.889,10,9,9,1.0
1116387,25829,14652,24335,8,8,3,5,0.625,0.25,0.889,7,9,9,1.0
1113790,25829,14652,24335,8,8,3,5,0.625,0.25,0.889,7,9,9,1.0
1078594,18599,18587,16082,9,9,3,5,0.5556,0.2222,0.889,8,9,9,1.0
1079705,18599,18587,16082,9,9,3,5,0.5556,0.2222,0.889,8,9,9,1.0
1299920,244165,18561,4976,5,5,1,2,0.4,0.2,0.889,4,9,9,1.0
1173558,27174,18561,4976,5,5,1,2,0.4,0.2,0.889,4,9,9,1.0
1120631,17106,26619,26125,5,5,1,2,0.4,0.2,0.889,4,9,9,1.0
1272997,14956,14831,29511,14,14,3,5,0.3571,0.1429,0.889,13,9,9,1.0
1019451,9271,9223,5039,7,7,3,4,0.5714,0.1429,0.889,6,9,9,1.0
1018820,9271,9223,5039,7,7,3,4,0.5714,0.1429,0.889,6,9,9,1.0
1018821,9271,9223,5039,7,7,3,4,0.5714,0.1429,0.889,6,9,9,1.0
1089642,14438,14470,17977,7,7,3,4,0.5714,0.1429,0.889,6,9,9,1.0
1298490,14906,14831,29511,14,14,5,5,0.3571,0.0,0.889,13,9,9,1.0
1270776,14906,14831,29511,14,14,5,5,0.3571,0.0,0.889,13,9,9,1.0
1201460,12462,12449,4825,10,10,5,5,0.5,0.0,0.889,9,9,9,1.0
1112419,14431,14416,1963,6,6,3,3,0.5,0.0,0.889,5,9,9,1.0
1127814,14431,14416,1963,6,6,3,3,0.5,0.0,0.889,5,9,9,1.0
1167207,18648,18615,35081,6,6,3,3,0.5,0.0,0.889,5,9,9,1.0
1130967,4321,4328,23510,18,17,6,11,0.6471,0.2941,0.882,17,9,9,1.0
1104026,4321,4328,23510,18,17,6,11,0.6471,0.2941,0.882,17,9,9,1.0
1104029,4321,4328,23510,18,17,6,11,0.6471,0.2941,0.882,17,9,9,1.0
1112186,4321,4328,23510,18,17,6,11,0.6471,0.2941,0.882,17,9,9,1.0
1104684,4321,4328,23510,18,17,6,11,0.6471,0.2941,0.882,17,9,9,1.0
1104685,4321,4328,23510,18,17,6,11,0.6471,0.2941,0.882,17,9,9,1.0
1011710,375502,375501,3473,12,12,1,11,0.9167,0.8333,0.879,11,9,9,1.0
1145065,25814,25784,23853,12,12,1,11,0.9167,0.8333,0.879,11,9,9,1.0
1188469,2613,2571,15634,12,12,1,5,0.4167,0.3333,0.879,11,9,9,1.0
1187604,16053,3945,5511,24,24,1,7,0.2917,0.25,0.879,23,9,9,1.0
1020648,21522,3945,5511,24,24,1,7,0.2917,0.25,0.879,23,9,9,1.0
1187024,16035,3945,5511,24,24,2,7,0.2917,0.2083,0.879,23,9,9,1.0
1187194,16035,3945,5511,24,24,2,7,0.2917,0.2083,0.879,23,9,9,1.0
1270456,9662,9575,40311,11,11,1,3,0.2727,0.1818,0.878,10,9,9,1.0
1221344,9605,9575,40311,11,11,2,3,0.2727,0.0909,0.878,10,9,9,1.0
1221347,9605,9575,40311,11,11,2,3,0.2727,0.0909,0.878,10,9,9,1.0
1221353,9589,9575,40311,11,11,2,3,0.2727,0.0909,0.878,10,9,9,1.0
1221354,9589,9575,40311,11,11,2,3,0.2727,0.0909,0.878,10,9,9,1.0
1199782,9629,9575,40311,11,11,2,3,0.2727,0.0909,0.878,10,9,9,1.0
1286517,9629,9575,40311,11,11,2,3,0.2727,0.0909,0.878,10,9,9,1.0
1032340,343565,343567,8430,9,9,1,8,0.8889,0.7778,0.875,8,9,9,1.0
1034515,7779,7777,8922,9,9,1,8,0.8889,0.7778,0.875,8,9,9,1.0
1034187,294076,309758,8709,9,9,2,7,0.7778,0.5556,0.875,8,9,9,1.0
1186058,19397,19395,20833,5,4,1,3,0.75,0.5,0.875,4,9,9,1.0
1298086,22892,7844,48247,9,9,2,4,0.4444,0.2222,0.875,8,9,9,1.0
1298088,22892,7844,48247,9,9,2,4,0.4444,0.2222,0.875,8,9,9,1.0
1298098,7858,7844,48247,9,9,3,4,0.4444,0.1111,0.875,8,9,9,1.0
1298100,7858,7844,48247,9,9,3,4,0.4444,0.1111,0.875,8,9,9,1.0
1298087,7858,7844,48247,9,9,3,4,0.4444,0.1111,0.875,8,9,9,1.0
1301074,22286,22270,50291,9,9,4,5,0.5556,0.1111,0.875,8,9,9,1.0
1301075,22286,22270,50291,9,9,4,5,0.5556,0.1111,0.875,8,9,9,1.0
1002522,56923,24178,970,8,8,1,7,0.875,0.75,0.873,7,9,9,1.0
1023903,23967,23956,6208,8,8,1,7,0.875,0.75,0.873,7,9,9,1.0
1302594,449044,449045,8504,8,8,1,7,0.875,0.75,0.873,7,9,9,1.0
1038670,9248,9198,9808,8,8,1,7,0.875,0.75,0.873,7,9,9,1.0
1075156,27407,27411,17254,8,8,1,7,0.875,0.75,0.873,7,9,9,1.0
1001054,19802,219,290,8,8,1,5,0.625,0.5,0.873,7,9,9,1.0
1007782,19781,219,290,8,8,1,5,0.625,0.5,0.873,7,9,9,1.0
1001052,242,219,290,8,8,1,5,0.625,0.5,0.873,7,9,9,1.0
1125280,12542,12534,26594,8,8,2,6,0.75,0.5,0.873,7,9,9,1.0
1220940,12542,12534,26594,8,8,2,6,0.75,0.5,0.873,7,9,9,1.0
1185083,19410,19390,38131,8,8,2,6,0.75,0.5,0.873,7,9,9,1.0
1185084,19410,19390,38131,8,8,2,6,0.75,0.5,0.873,7,9,9,1.0
1288884,4219,4182,46968,8,8,2,6,0.75,0.5,0.873,7,9,9,1.0
1282385,4219,4182,46968,8,8,2,6,0.75,0.5,0.873,7,9,9,1.0
1005546,21905,21901,86,8,8,1,3,0.375,0.25,0.873,7,9,9,1.0
1000648,153928,21901,86,8,8,1,3,0.375,0.25,0.873,7,9,9,1.0
1000649,153929,21901,86,8,8,1,3,0.375,0.25,0.873,7,9,9,1.0
1275386,13007,439438,18380,8,8,1,3,0.375,0.25,0.873,7,9,9,1.0
1203520,303995,18993,8379,15,15,2,5,0.3333,0.2,0.873,14,9,9,1.0
1032122,303995,18993,8379,15,15,2,5,0.3333,0.2,0.873,14,9,9,1.0
1202130,19004,18993,8379,15,15,4,5,0.3333,0.0667,0.873,14,9,9,1.0
1202132,19004,18993,8379,15,15,4,5,0.3333,0.0667,0.873,14,9,9,1.0
1184871,19004,18993,8379,15,15,4,5,0.3333,0.0667,0.873,14,9,9,1.0
1186231,19004,18993,8379,15,15,4,5,0.3333,0.0667,0.873,14,9,9,1.0
1014181,390373,390374,4103,7,7,1,6,0.8571,0.7143,0.87,6,9,9,1.0
1081079,95978,95976,18193,7,7,1,6,0.8571,0.7143,0.87,6,9,9,1.0
1110763,15480,15444,18335,7,7,1,6,0.8571,0.7143,0.87,6,9,9,1.0
1208073,928,930,39505,7,7,1,6,0.8571,0.7143,0.87,6,9,9,1.0
1199590,25079,12596,40030,7,7,1,6,0.8571,0.7143,0.87,6,9,9,1.0
1223489,11961,24795,41880,7,7,1,6,0.8571,0.7143,0.87,6,9,9,1.0
1146488,3062,26065,13381,12,12,1,4,0.3333,0.25,0.869,11,9,9,1.0
1136100,192008,26065,13381,12,12,3,4,0.3333,0.0833,0.869,11,9,9,1.0
1247642,192008,26065,13381,12,12,3,4,0.3333,0.0833,0.869,11,9,9,1.0
1146559,192008,26065,13381,12,12,3,4,0.3333,0.0833,0.869,11,9,9,1.0
1054417,365058,365056,3832,11,11,1,10,0.9091,0.8182,0.867,10,9,9,1.0
1311569,9016,8977,51038,11,11,1,10,0.9091,0.8182,0.867,10,9,9,1.0
1038052,148480,148479,9434,6,6,1,5,0.8333,0.6667,0.867,5,9,9,1.0
1080708,16191,16160,18061,6,6,1,5,0.8333,0.6667,0.867,5,9,9,1.0
1307117,8168,8185,51306,6,6,1,5,0.8333,0.6667,0.867,5,9,9,1.0
1282697,27367,19416,48707,6,6,1,4,0.6667,0.5,0.867,5,9,9,1.0
1128491,14592,25783,24923,11,11,3,8,0.7273,0.4545,0.867,10,9,9,1.0
1112544,14592,25783,24923,11,11,3,8,0.7273,0.4545,0.867,10,9,9,1.0
1012959,276795,276506,3685,11,11,5,6,0.5455,0.0909,0.867,10,9,9,1.0
1113972,26850,17737,24147,6,6,3,3,0.5,0.0,0.867,5,9,9,1.0
1113974,26850,17737,24147,6,6,3,3,0.5,0.0,0.867,5,9,9,1.0
1222231,12462,12435,33172,6,6,3,3,0.5,0.0,0.867,5,9,9,1.0
1233016,,535788,25355,15,14,0,7,0.5,0.5,0.865,14,9,9,1.0
1128423,535792,535788,25355,15,14,4,7,0.5,0.2143,0.865,14,9,9,1.0
1097769,23822,23799,16961,10,10,2,7,0.7,0.5,0.864,9,9,9,1.0
1073862,23822,23799,16961,10,10,2,7,0.7,0.5,0.864,9,9,9,1.0
1022051,9412,9390,5860,10,10,3,7,0.7,0.4,0.864,9,9,9,1.0
1022031,9412,9390,5860,10,10,3,7,0.7,0.4,0.864,9,9,9,1.0
1022033,9412,9390,5860,10,10,3,7,0.7,0.4,0.864,9,9,9,1.0
1109813,14268,14241,23676,10,10,3,7,0.7,0.4,0.864,9,9,9,1.0
1126833,4195,4268,27616,10,10,1,2,0.2,0.1,0.864,9,9,9,1.0
1270160,25673,14281,13457,14,14,2,4,0.2857,0.1429,0.863,13,9,9,1.0
1270159,25673,14281,13457,14,14,2,4,0.2857,0.1429,0.863,13,9,9,1.0
1121115,295677,179523,11983,9,9,1,8,0.8889,0.7778,0.861,8,9,9,1.0
1123169,12869,12870,26723,9,9,1,8,0.8889,0.7778,0.861,8,9,9,1.0
1153112,12154,12163,32993,9,9,1,8,0.8889,0.7778,0.861,8,9,9,1.0
1127174,39015,39011,15390,5,5,1,4,0.8,0.6,0.861,4,9,9,1.0
1128258,20948,2791,27651,5,5,1,4,0.8,0.6,0.861,4,9,9,1.0
1285856,8973,9097,45575,5,5,1,4,0.8,0.6,0.861,4,9,9,1.0
1110535,16963,16962,22720,5,5,1,3,0.6,0.4,0.861,4,9,9,1.0
1220547,21759,27172,29315,9,9,1,3,0.3333,0.2222,0.861,8,9,9,1.0
1133442,248961,248962,29432,9,9,2,3,0.3333,0.1111,0.861,8,9,9,1.0
1133444,248961,248962,29432,9,9,2,3,0.3333,0.1111,0.861,8,9,9,1.0
1133445,285439,248962,29432,9,9,2,3,0.3333,0.1111,0.861,8,9,9,1.0
1133000,285439,248962,29432,9,9,2,3,0.3333,0.1111,0.861,8,9,9,1.0
1218116,24052,24013,33040,17,17,6,6,0.3529,0.0,0.861,16,9,9,1.0
1218085,24052,24013,33040,17,17,6,6,0.3529,0.0,0.861,16,9,9,1.0
1218119,24052,24013,33040,17,17,6,6,0.3529,0.0,0.861,16,9,9,1.0
1218118,24052,24013,33040,17,17,6,6,0.3529,0.0,0.861,16,9,9,1.0
1289717,24052,24013,33040,17,17,6,6,0.3529,0.0,0.861,16,9,9,1.0
1153198,24052,24013,33040,17,17,6,6,0.3529,0.0,0.861,16,9,9,1.0
1168900,27175,27172,29315,9,9,3,3,0.3333,0.0,0.861,8,9,9,1.0
1168902,27175,27172,29315,9,9,3,3,0.3333,0.0,0.861,8,9,9,1.0
1168391,27175,27172,29315,9,9,3,3,0.3333,0.0,0.861,8,9,9,1.0
1170520,10685,24378,23134,8,8,1,5,0.625,0.5,0.857,7,9,9,1.0
1275831,23533,9104,44189,8,8,1,5,0.625,0.5,0.857,7,9,9,1.0
1276941,20314,20328,44781,8,8,2,6,0.75,0.5,0.857,7,9,9,1.0
1276944,20314,20328,44781,8,8,2,6,0.75,0.5,0.857,7,9,9,1.0
1170500,24393,24378,23134,8,8,2,5,0.625,0.375,0.857,7,9,9,1.0
1196274,24393,24378,23134,8,8,2,5,0.625,0.375,0.857,7,9,9,1.0
1029649,370383,370384,6053,11,11,1,10,0.9091,0.8182,0.856,10,9,9,1.0
1112354,25725,25732,24879,11,11,1,10,0.9091,0.8182,0.856,10,9,9,1.0
1065306,21968,5667,14684,11,11,4,7,0.6364,0.2727,0.856,10,9,9,1.0
1065307,21968,5667,14684,11,11,4,7,0.6364,0.2727,0.856,10,9,9,1.0
1065311,21968,5667,14684,11,11,4,7,0.6364,0.2727,0.856,10,9,9,1.0
1127424,10188,10077,27828,14,14,4,6,0.4286,0.1429,0.855,13,9,9,1.0
1266912,10188,10077,27828,14,14,4,6,0.4286,0.1429,0.855,13,9,9,1.0
1266913,10188,10077,27828,14,14,4,6,0.4286,0.1429,0.855,13,9,9,1.0
1257390,,16768,21464,10,9,0,9,1.0,1.0,0.852,9,9,9,1.0
1233022,,535995,26042,4,3,0,3,1.0,1.0,0.852,3,9,9,1.0
1035517,55648,55647,9143,10,10,1,9,0.9,0.8,0.852,9,9,9,1.0
1133467,6976,22592,27947,10,10,1,9,0.9,0.8,0.852,9,9,9,1.0
1179149,20262,1769,29787,10,10,1,9,0.9,0.8,0.852,9,9,9,1.0
1109953,27199,27192,4795,7,7,1,6,0.8571,0.7143,0.852,6,9,9,1.0
1036299,6297,22246,7173,7,7,1,6,0.8571,0.7143,0.852,6,9,9,1.0
1047486,292160,292157,9082,7,7,1,6,0.8571,0.7143,0.852,6,9,9,1.0
1267976,9881,23860,45157,7,7,1,6,0.8571,0.7143,0.852,6,9,9,1.0
1286124,2085,152955,47504,10,10,1,8,0.8,0.7,0.852,9,9,9,1.0
1278062,2112,152955,47504,10,10,1,8,0.8,0.7,0.852,9,9,9,1.0
1132927,310079,343406,3831,13,13,2,11,0.8462,0.6923,0.852,12,9,9,1.0
1250651,310079,343406,3831,13,13,2,11,0.8462,0.6923,0.852,12,9,9,1.0
1208553,11291,11288,22188,7,7,1,5,0.7143,0.5714,0.852,6,9,9,1.0
1208241,24575,11288,22188,7,7,1,5,0.7143,0.5714,0.852,6,9,9,1.0
1108994,17275,17282,24203,4,4,1,3,0.75,0.5,0.852,3,9,9,1.0
1142370,22217,6205,16873,4,4,1,2,0.5,0.25,0.852,3,9,9,1.0
1041375,7892,22915,1135,7,7,3,4,0.5714,0.1429,0.852,6,9,9,1.0
1041376,7892,22915,1135,7,7,3,4,0.5714,0.1429,0.852,6,9,9,1.0
1088209,14716,14585,19640,4,4,1,1,0.25,0.0,0.852,3,9,9,1.0
1130673,210564,14585,19640,4,4,1,1,0.25,0.0,0.852,3,9,9,1.0
1220827,1598,20204,26273,24,24,7,9,0.375,0.0833,0.85,23,9,9,1.0
1121897,1598,20204,26273,24,24,7,9,0.375,0.0833,0.85,23,9,9,1.0
1121898,1598,20204,26273,24,24,7,9,0.375,0.0833,0.85,23,9,9,1.0
1125533,1598,20204,26273,24,24,7,9,0.375,0.0833,0.85,23,9,9,1.0
1121805,1598,20204,26273,24,24,7,9,0.375,0.0833,0.85,23,9,9,1.0
1121566,1598,20204,26273,24,24,7,9,0.375,0.0833,0.85,23,9,9,1.0
1125584,1598,20204,26273,24,24,7,9,0.375,0.0833,0.85,23,9,9,1.0
1310992,6025,6031,29492,12,12,4,8,0.6667,0.3333,0.848,11,9,9,1.0
1310993,6025,6031,29492,12,12,4,8,0.6667,0.3333,0.848,11,9,9,1.0
1311006,6025,6031,29492,12,12,4,8,0.6667,0.3333,0.848,11,9,9,1.0
1311013,6025,6031,29492,12,12,4,8,0.6667,0.3333,0.848,11,9,9,1.0
1270975,8499,8450,45419,12,12,5,7,0.5833,0.1667,0.848,11,9,9,1.0
1270977,8499,8450,45419,12,12,5,7,0.5833,0.1667,0.848,11,9,9,1.0
1109075,26584,16913,23582,9,9,2,7,0.7778,0.5556,0.847,8,9,9,1.0
1308530,8981,9046,29551,17,16,6,10,0.625,0.25,0.847,16,9,9,1.0
1308531,8981,9046,29551,17,16,6,10,0.625,0.25,0.847,16,9,9,1.0
1308532,8981,9046,29551,17,16,6,10,0.625,0.25,0.847,16,9,9,1.0
1309172,8981,9046,29551,17,16,6,10,0.625,0.25,0.847,16,9,9,1.0
1309171,8981,9046,29551,17,16,6,10,0.625,0.25,0.847,16,9,9,1.0
1276514,15026,15004,43889,9,9,3,5,0.5556,0.2222,0.847,8,9,9,1.0
1106095,17328,26724,22662,6,6,1,5,0.8333,0.6667,0.844,5,9,9,1.0
1276895,20422,20408,47235,6,6,1,5,0.8333,0.6667,0.844,5,9,9,1.0
1310394,100765,100766,50982,6,6,1,5,0.8333,0.6667,0.844,5,9,9,1.0
1058189,377753,377752,11308,6,6,2,4,0.6667,0.3333,0.844,5,9,9,1.0
1196239,10793,24432,35890,6,6,2,4,0.6667,0.3333,0.844,5,9,9,1.0
1008361,145599,145600,2583,8,8,1,7,0.875,0.75,0.841,7,9,9,1.0
1227729,8112,22990,3568,8,8,1,7,0.875,0.75,0.841,7,9,9,1.0
1150488,21445,21444,21138,15,15,1,8,0.5333,0.4667,0.841,14,9,9,1.0
1201879,644,635,40801,10,10,3,4,0.4,0.1,0.84,9,9,9,1.0
1216360,644,635,40801,10,10,3,4,0.4,0.1,0.84,9,9,9,1.0
1216377,644,635,40801,10,10,3,4,0.4,0.1,0.84,9,9,9,1.0
1312489,264960,264959,29177,21,21,10,11,0.5238,0.0476,0.839,20,9,9,1.0
1307167,264960,264959,29177,21,21,10,11,0.5238,0.0476,0.839,20,9,9,1.0
1307092,264960,264959,29177,21,21,10,11,0.5238,0.0476,0.839,20,9,9,1.0
1207997,930,928,30809,12,12,1,11,0.9167,0.8333,0.838,11,9,9,1.0
1075443,276156,262407,15894,9,9,1,8,0.8889,0.7778,0.833,8,9,9,1.0
1121134,18314,18342,18075,9,9,1,8,0.8889,0.7778,0.833,8,9,9,1.0
1179303,1352,1384,36292,9,9,1,8,0.8889,0.7778,0.833,8,9,9,1.0
1024259,10397,10400,6450,7,7,1,6,0.8571,0.7143,0.833,6,9,9,1.0
1081247,26260,26253,13830,7,7,1,6,0.8571,0.7143,0.833,6,9,9,1.0
1112869,12781,25221,24451,7,7,1,6,0.8571,0.7143,0.833,6,9,9,1.0
1311102,9033,9038,49440,7,7,1,6,0.8571,0.7143,0.833,6,9,9,1.0
1047106,24227,24273,8237,7,7,1,5,0.7143,0.5714,0.833,6,9,9,1.0
1181085,16596,16629,28279,7,7,1,5,0.7143,0.5714,0.833,6,9,9,1.0
1188439,16645,16629,28279,7,7,1,5,0.7143,0.5714,0.833,6,9,9,1.0
1205554,24645,11447,25891,9,9,1,5,0.5556,0.4444,0.833,8,9,9,1.0
1301628,7776,7769,50423,9,9,3,6,0.6667,0.3333,0.833,8,9,9,1.0
1301775,7776,7769,50423,9,9,3,6,0.6667,0.3333,0.833,8,9,9,1.0
1047375,340477,326399,5938,3,3,1,2,0.6667,0.3333,0.833,2,9,9,1.0
1174238,13612,43484,3765,9,9,1,3,0.3333,0.2222,0.833,8,9,9,1.0
1169729,13564,43484,3765,9,9,1,3,0.3333,0.2222,0.833,8,9,9,1.0
1169764,13610,43484,3765,9,9,1,3,0.3333,0.2222,0.833,8,9,9,1.0
1132493,13683,43484,3765,9,9,1,3,0.3333,0.2222,0.833,8,9,9,1.0
1000679,5563,5569,88,7,7,1,2,0.2857,0.1429,0.833,6,9,9,1.0
1000658,5570,5569,88,7,7,1,2,0.2857,0.1429,0.833,6,9,9,1.0
1201175,12746,12735,40640,9,9,4,5,0.5556,0.1111,0.833,8,9,9,1.0
1201176,12746,12735,40640,9,9,4,5,0.5556,0.1111,0.833,8,9,9,1.0
1201177,12746,12735,40640,9,9,4,5,0.5556,0.1111,0.833,8,9,9,1.0
1112476,1848,1841,20703,9,9,2,2,0.2222,0.0,0.833,8,9,9,1.0
1112478,1848,1841,20703,9,9,2,2,0.2222,0.0,0.833,8,9,9,1.0
1150742,1843,1841,20703,9,9,2,2,0.2222,0.0,0.833,8,9,9,1.0
1091600,1843,1841,20703,9,9,2,2,0.2222,0.0,0.833,8,9,9,1.0
1000655,5573,5569,88,7,7,2,2,0.2857,0.0,0.833,6,9,9,1.0
1000657,5573,5569,88,7,7,2,2,0.2857,0.0,0.833,6,9,9,1.0
1282794,163196,153291,48719,7,7,2,2,0.2857,0.0,0.833,6,9,9,1.0
1282907,163196,153291,48719,7,7,2,2,0.2857,0.0,0.833,6,9,9,1.0
1307032,8563,8694,28976,20,20,3,6,0.3,0.15,0.83,19,9,9,1.0
1307033,8563,8694,28976,20,20,3,6,0.3,0.15,0.83,19,9,9,1.0
1305394,8563,8694,28976,20,20,3,6,0.3,0.15,0.83,19,9,9,1.0
1060095,16032,16022,13781,14,14,4,10,0.7143,0.4286,0.829,13,9,9,1.0
1131264,16032,16022,13781,14,14,4,10,0.7143,0.4286,0.829,13,9,9,1.0
1232062,16032,16022,13781,14,14,4,10,0.7143,0.4286,0.829,13,9,9,1.0
1084677,16032,16022,13781,14,14,4,10,0.7143,0.4286,0.829,13,9,9,1.0
1029873,278086,278085,7749,12,12,1,10,0.8333,0.75,0.828,11,9,9,1.0
1103111,140795,140490,23314,10,10,2,8,0.8,0.6,0.827,9,9,9,1.0
1286165,375012,4594,47060,10,10,1,7,0.7,0.6,0.827,9,9,9,1.0
1062340,21974,5671,14359,10,10,4,6,0.6,0.2,0.827,9,9,9,1.0
1067014,156475,156483,15045,8,8,1,7,0.875,0.75,0.825,7,9,9,1.0
1297559,91811,4638,47909,13,13,1,6,0.4615,0.3846,0.824,12,9,9,1.0
1037817,,13491,9630,6,5,0,5,1.0,1.0,0.822,5,9,9,1.0
1221803,12306,12356,40395,6,6,1,5,0.8333,0.6667,0.822,5,9,9,1.0
1280178,18107,18072,48069,6,6,1,5,0.8333,0.6667,0.822,5,9,9,1.0
1299763,17184,17159,28272,21,21,3,3,0.1429,0.0,0.822,20,9,9,1.0
1299764,17184,17159,28272,21,21,3,3,0.1429,0.0,0.822,20,9,9,1.0
1286059,17184,17159,28272,21,21,3,3,0.1429,0.0,0.822,20,9,9,1.0
1110473,17018,16995,24492,6,6,3,3,0.5,0.0,0.822,5,9,9,1.0
1312491,264960,264959,29177,21,21,10,11,0.5238,0.0476,0.817,20,9,9,1.0
1307169,264960,264959,29177,21,21,10,11,0.5238,0.0476,0.817,20,9,9,1.0
1056106,178557,185916,12608,10,10,1,9,0.9,0.8,0.815,9,9,9,1.0
1231846,5431,5427,15577,16,16,3,13,0.8125,0.625,0.815,15,9,9,1.0
1253731,5431,5427,15577,16,16,3,13,0.8125,0.625,0.815,15,9,9,1.0
1220625,5431,5427,15577,16,16,3,13,0.8125,0.625,0.815,15,9,9,1.0
1040087,48286,37418,10158,10,10,4,6,0.6,0.2,0.815,9,9,9,1.0
1040088,48286,37418,10158,10,10,4,6,0.6,0.2,0.815,9,9,9,1.0
1040090,48286,37418,10158,10,10,4,6,0.6,0.2,0.815,9,9,9,1.0
1052984,51483,26437,12135,7,7,1,2,0.2857,0.1429,0.815,6,9,9,1.0
1110444,17033,26612,24148,7,7,3,4,0.5714,0.1429,0.815,6,9,9,1.0
1277241,22552,93723,47326,11,11,1,10,0.9091,0.8182,0.811,10,9,9,1.0
1312544,262720,262721,29728,8,8,1,3,0.375,0.25,0.81,7,9,9,1.0
1281431,18008,17986,4994,8,8,1,2,0.25,0.125,0.81,7,9,9,1.0
1299937,26965,17986,4994,8,8,1,2,0.25,0.125,0.81,7,9,9,1.0
1015462,17965,17986,4994,8,8,1,2,0.25,0.125,0.81,7,9,9,1.0
1107858,23679,9467,22404,8,8,1,2,0.25,0.125,0.81,7,9,9,1.0
1133620,262090,262721,29728,8,8,2,3,0.375,0.125,0.81,7,9,9,1.0
1033223,341120,343394,8648,9,9,1,8,0.8889,0.7778,0.806,8,9,9,1.0
1092288,25421,13474,20878,9,9,1,8,0.8889,0.7778,0.806,8,9,9,1.0
1165849,21246,3234,3403,7,7,1,6,0.8571,0.7143,0.806,6,9,9,1.0
1097208,,536190,22226,10,8,0,8,1.0,1.0,0.802,9,9,9,1.0
1062324,21974,5671,14359,10,10,4,6,0.6,0.2,0.802,9,9,9,1.0
1001928,446,438,445,6,6,1,5,0.8333,0.6667,0.8,5,9,9,1.0
1019066,175995,175996,5107,6,6,1,5,0.8333,0.6667,0.8,5,9,9,1.0
1033282,291199,294077,8661,6,6,1,5,0.8333,0.6667,0.8,5,9,9,1.0
1272515,23730,23738,42697,6,6,1,5,0.8333,0.6667,0.8,5,9,9,1.0
1298363,40,42,49742,6,6,1,3,0.5,0.3333,0.8,5,9,9,1.0
1185884,27451,19599,36230,11,11,1,4,0.3636,0.2727,0.8,10,9,9,1.0
1297621,7611,234237,16860,6,6,1,2,0.3333,0.1667,0.8,5,9,9,1.0
1257426,,20603,36909,7,6,0,6,1.0,1.0,0.796,6,9,9,1.0
1257440,,21487,38921,7,6,0,6,1.0,1.0,0.796,6,9,9,1.0
1001881,84773,385,541,7,7,1,6,0.8571,0.7143,0.796,6,9,9,1.0
1152427,260481,3261,18618,7,7,1,6,0.8571,0.7143,0.796,6,9,9,1.0
1082290,16920,26582,18892,7,7,1,6,0.8571,0.7143,0.796,6,9,9,1.0
1186145,19636,19635,13607,7,7,1,5,0.7143,0.5714,0.796,6,9,9,1.0
1109005,16928,16971,23594,7,7,3,4,0.5714,0.1429,0.796,6,9,9,1.0
1109006,16928,16971,23594,7,7,3,4,0.5714,0.1429,0.796,6,9,9,1.0
1196646,,449042,25921,8,7,0,7,1.0,1.0,0.794,7,9,9,1.0
1286128,20277,20274,47632,8,8,1,7,0.875,0.75,0.794,7,9,9,1.0
1311330,6005,5992,50107,8,8,1,7,0.875,0.75,0.794,7,9,9,1.0
1299133,7423,22751,42129,8,8,1,4,0.5,0.375,0.794,7,9,9,1.0
1021169,9331,9281,5649,8,8,3,5,0.625,0.25,0.794,7,9,9,1.0
1022901,11012,11017,3170,9,9,1,8,0.8889,0.7778,0.792,8,9,9,1.0
1210075,1503,1498,30446,9,9,1,8,0.8889,0.7778,0.792,8,9,9,1.0
1147181,2703,2680,30167,9,9,2,7,0.7778,0.5556,0.792,8,9,9,1.0
1150586,2703,2680,30167,9,9,2,7,0.7778,0.5556,0.792,8,9,9,1.0
1102513,26474,26481,7364,9,9,1,5,0.5556,0.4444,0.792,8,9,9,1.0
1304884,109,22670,30452,12,12,1,4,0.3333,0.25,0.788,11,9,9,1.0
1134628,9817,9785,15924,14,14,5,9,0.6429,0.2857,0.786,13,9,9,1.0
1287631,9817,9785,15924,14,14,5,9,0.6429,0.2857,0.786,13,9,9,1.0
1287633,9817,9785,15924,14,14,5,9,0.6429,0.2857,0.786,13,9,9,1.0
1070867,9817,9785,15924,14,14,5,9,0.6429,0.2857,0.786,13,9,9,1.0
1289510,9817,9785,15924,14,14,5,9,0.6429,0.2857,0.786,13,9,9,1.0
1176110,12147,12285,3588,21,21,1,5,0.2381,0.1905,0.783,20,9,9,1.0
1181386,12030,12285,3588,21,21,2,5,0.2381,0.1429,0.783,20,9,9,1.0
1176109,12232,12285,3588,21,21,3,5,0.2381,0.0952,0.783,20,9,9,1.0
1176111,12232,12285,3588,21,21,3,5,0.2381,0.0952,0.783,20,9,9,1.0
1174821,12232,12285,3588,21,21,3,5,0.2381,0.0952,0.783,20,9,9,1.0
1312473,264960,264959,29177,21,21,10,11,0.5238,0.0476,0.783,20,9,9,1.0
1093870,18361,18332,21401,18,18,1,17,0.9444,0.8889,0.778,17,9,9,1.0
1025480,33260,33259,1677,11,11,1,10,0.9091,0.8182,0.778,10,9,9,1.0
1288267,1718,1695,29848,9,9,1,8,0.8889,0.7778,0.778,8,9,9,1.0
1132965,12680,12656,493,8,8,1,7,0.875,0.75,0.778,7,9,9,1.0
1142777,12991,13035,25525,7,7,1,6,0.8571,0.7143,0.778,6,9,9,1.0
1227891,23426,23362,42648,8,8,1,6,0.75,0.625,0.778,7,9,9,1.0
1219172,19629,19633,12033,5,5,1,4,0.8,0.6,0.778,4,9,9,1.0
1122230,2440,2431,26287,4,4,1,3,0.75,0.5,0.778,3,9,9,1.0
1098535,5176,5172,3630,7,7,1,4,0.5714,0.4286,0.778,6,9,9,1.0
1081055,384699,5172,3630,7,7,1,4,0.5714,0.4286,0.778,6,9,9,1.0
1026888,9331,9320,6900,13,13,4,9,0.6923,0.3846,0.778,12,9,9,1.0
1026889,9331,9320,6900,13,13,4,9,0.6923,0.3846,0.778,12,9,9,1.0
1066261,21963,21961,4605,11,11,4,7,0.6364,0.2727,0.778,10,9,9,1.0
1143079,13509,126394,16237,11,11,1,4,0.3636,0.2727,0.778,10,9,9,1.0
1072092,13516,126394,16237,11,11,1,4,0.3636,0.2727,0.778,10,9,9,1.0
1069944,19227,27310,15497,8,8,3,5,0.625,0.25,0.778,7,9,9,1.0
1062323,21974,5671,14359,10,10,4,6,0.6,0.2,0.778,9,9,9,1.0
1125481,1471,126394,16237,11,11,2,4,0.3636,0.1818,0.778,10,9,9,1.0
1022896,11017,11009,6096,4,4,2,2,0.5,0.0,0.778,3,9,9,1.0
1159913,21340,3392,12982,16,16,2,14,0.875,0.75,0.77,15,9,9,1.0
1149601,21340,3392,12982,16,16,2,14,0.875,0.75,0.77,15,9,9,1.0
1271444,10332,10287,45296,13,13,2,6,0.4615,0.3077,0.769,12,9,9,1.0
1287285,10332,10287,45296,13,13,2,6,0.4615,0.3077,0.769,12,9,9,1.0
1001293,279,282,389,13,13,1,4,0.3077,0.2308,0.769,12,9,9,1.0
1266342,25070,25088,30703,13,13,5,8,0.6154,0.2308,0.769,12,9,9,1.0
1266353,25070,25088,30703,13,13,5,8,0.6154,0.2308,0.769,12,9,9,1.0
1065301,5668,5671,14366,11,11,5,6,0.5455,0.0909,0.767,10,9,9,1.0
1062333,5668,5671,14366,11,11,5,6,0.5455,0.0909,0.767,10,9,9,1.0
1054829,33260,33261,2759,10,10,1,9,0.9,0.8,0.765,9,9,9,1.0
1080758,35164,95971,18367,10,10,1,9,0.9,0.8,0.765,9,9,9,1.0
1062338,21974,5671,14359,10,10,4,6,0.6,0.2,0.765,9,9,9,1.0
1063507,202556,144329,14627,9,9,2,5,0.5556,0.3333,0.764,8,9,9,1.0
1273712,2011,20381,41425,8,8,2,6,0.75,0.5,0.762,7,9,9,1.0
1035435,344337,343441,9114,14,14,2,12,0.8571,0.7143,0.761,13,9,9,1.0
1118776,24147,24055,25912,20,20,4,6,0.3,0.1,0.76,19,9,9,1.0
1135251,24147,24055,25912,20,20,4,6,0.3,0.1,0.76,19,9,9,1.0
1289541,24147,24055,25912,20,20,4,6,0.3,0.1,0.76,19,9,9,1.0
1273716,24147,24055,25912,20,20,4,6,0.3,0.1,0.76,19,9,9,1.0
1001524,19825,375,512,7,7,2,5,0.7143,0.4286,0.759,6,9,9,1.0
1001623,19825,375,512,7,7,2,5,0.7143,0.4286,0.759,6,9,9,1.0
1091970,19624,19627,20805,7,7,3,4,0.5714,0.1429,0.759,6,9,9,1.0
1112474,14625,25871,1056,15,15,1,12,0.8,0.7333,0.754,14,9,9,1.0
1062759,5669,5665,14464,10,10,2,8,0.8,0.6,0.753,9,9,9,1.0
1205876,25387,13343,12008,10,10,2,4,0.4,0.2,0.753,9,9,9,1.0
1274436,25387,13343,12008,10,10,2,4,0.4,0.2,0.753,9,9,9,1.0
1274473,42204,42203,27442,10,10,4,6,0.6,0.2,0.753,9,9,9,1.0
1274527,42204,42203,27442,10,10,4,6,0.6,0.2,0.753,9,9,9,1.0
1274531,42204,42203,27442,10,10,4,6,0.6,0.2,0.753,9,9,9,1.0
1219488,21186,21156,36130,9,9,1,8,0.8889,0.7778,0.75,8,9,9,1.0
1278182,4498,4503,47529,5,5,1,4,0.8,0.6,0.75,4,9,9,1.0
1181210,16378,16379,16520,17,17,1,9,0.5294,0.4706,0.75,16,9,9,1.0
1127289,16298,16379,16520,17,17,3,9,0.5294,0.3529,0.75,16,9,9,1.0
1234813,16298,16379,16520,17,17,3,9,0.5294,0.3529,0.75,16,9,9,1.0
1188705,16298,16379,16520,17,17,3,9,0.5294,0.3529,0.75,16,9,9,1.0
1126045,14340,14367,27385,9,9,2,4,0.4444,0.2222,0.75,8,9,9,1.0
1126046,14340,14367,27385,9,9,2,4,0.4444,0.2222,0.75,8,9,9,1.0
1303966,22424,22401,50827,12,12,1,11,0.9167,0.8333,0.747,11,9,9,1.0
1005593,1019,345275,1846,12,12,1,10,0.8333,0.75,0.747,11,9,9,1.0
1272063,8499,8450,45419,12,12,5,7,0.5833,0.1667,0.747,11,9,9,1.0
1229336,11968,11975,30973,8,8,1,7,0.875,0.75,0.746,7,9,9,1.0
1312472,264960,264959,29177,21,21,10,11,0.5238,0.0476,0.744,20,9,9,1.0
1216111,280637,280635,42120,7,7,1,6,0.8571,0.7143,0.741,6,9,9,1.0
1297490,6110,6101,39209,7,6,1,5,0.8333,0.6667,0.741,6,9,9,1.0
1062824,5669,5665,14464,10,10,2,8,0.8,0.6,0.741,9,9,9,1.0
1026897,9331,9320,6900,13,13,4,9,0.6923,0.3846,0.741,12,9,9,1.0
1062327,5667,21968,14365,10,10,4,6,0.6,0.2,0.741,9,9,9,1.0
1065322,5667,21968,14365,10,10,4,6,0.6,0.2,0.741,9,9,9,1.0
1022849,11017,11009,6096,4,4,2,2,0.5,0.0,0.741,3,9,9,1.0
1026947,9730,9732,6906,12,12,2,10,0.8333,0.6667,0.737,11,9,9,1.0
1026948,9730,9732,6906,12,12,2,10,0.8333,0.6667,0.737,11,9,9,1.0
1008888,11377,11313,2686,9,9,1,8,0.8889,0.7778,0.736,8,9,9,1.0
1001888,274,268,608,6,6,1,5,0.8333,0.6667,0.733,5,9,9,1.0
1281233,4943,4940,44715,6,6,1,5,0.8333,0.6667,0.733,5,9,9,1.0
1278312,20531,20490,47571,6,6,1,5,0.8333,0.6667,0.733,5,9,9,1.0
1062770,5665,5669,14470,11,11,4,7,0.6364,0.2727,0.733,10,9,9,1.0
1046471,376998,376999,11441,13,13,1,12,0.9231,0.8462,0.731,12,9,9,1.0
1110443,16971,17001,23992,13,13,3,6,0.4615,0.2308,0.731,12,9,9,1.0
1217509,81891,265281,12117,20,20,2,6,0.3,0.2,0.731,19,9,9,1.0
1217511,81891,265281,12117,20,20,2,6,0.3,0.2,0.731,19,9,9,1.0
1110503,26612,17001,23992,13,13,4,6,0.4615,0.1538,0.731,12,9,9,1.0
1229420,265282,265281,12117,20,20,6,6,0.3,0.0,0.731,19,9,9,1.0
1229421,265282,265281,12117,20,20,6,6,0.3,0.0,0.731,19,9,9,1.0
1229434,265282,265281,12117,20,20,6,6,0.3,0.0,0.731,19,9,9,1.0
1229435,265282,265281,12117,20,20,6,6,0.3,0.0,0.731,19,9,9,1.0
1274157,9982,9933,30033,8,8,1,7,0.875,0.75,0.73,7,9,9,1.0
1110155,17039,17037,22707,8,8,2,6,0.75,0.5,0.73,7,9,9,1.0
1233887,425195,14822,24486,8,8,1,2,0.25,0.125,0.73,7,9,9,1.0
1110456,15013,14822,24486,8,8,2,2,0.25,0.0,0.73,7,9,9,1.0
1206309,15013,14822,24486,8,8,2,2,0.25,0.0,0.73,7,9,9,1.0
1105504,16433,16425,23212,12,12,6,6,0.5,0.0,0.727,11,9,9,1.0
1102572,16433,16425,23212,12,12,6,6,0.5,0.0,0.727,11,9,9,1.0
1105502,16433,16425,23212,12,12,6,6,0.5,0.0,0.727,11,9,9,1.0
1257444,,24984,39957,7,6,0,6,1.0,1.0,0.722,6,9,9,1.0
1116256,14318,14342,1057,17,17,1,16,0.9412,0.8824,0.722,16,9,9,1.0
1306588,18152,18132,48243,5,5,1,4,0.8,0.6,0.722,4,9,9,1.0
1044959,344337,343441,9115,9,9,2,7,0.7778,0.5556,0.722,8,9,9,1.0
1198484,9564,23776,39919,19,19,1,8,0.4211,0.3684,0.722,18,9,9,1.0
1302337,22583,7122,22418,3,3,1,2,0.6667,0.3333,0.722,2,9,9,1.0
1198483,9584,23776,39919,19,19,5,8,0.4211,0.1579,0.722,18,9,9,1.0
1198485,9584,23776,39919,19,19,5,8,0.4211,0.1579,0.722,18,9,9,1.0
1198937,9584,23776,39919,19,19,5,8,0.4211,0.1579,0.722,18,9,9,1.0
1198955,9584,23776,39919,19,19,5,8,0.4211,0.1579,0.722,18,9,9,1.0
1198962,9584,23776,39919,19,19,5,8,0.4211,0.1579,0.722,18,9,9,1.0
1286489,8,2,48972,3,3,1,1,0.3333,0.0,0.722,2,9,9,1.0
1111508,378251,246722,19900,6,6,1,5,0.8333,0.6667,0.711,5,9,9,1.0
1270925,8499,8450,45979,11,11,4,7,0.6364,0.2727,0.711,10,9,9,1.0
1273282,909,923,11563,12,12,2,10,0.8333,0.6667,0.707,11,9,9,1.0
1269983,909,923,11563,12,12,2,10,0.8333,0.6667,0.707,11,9,9,1.0
1111015,14594,1593,24594,4,4,1,3,0.75,0.5,0.704,3,9,9,1.0
1219794,21225,21215,35510,10,10,3,7,0.7,0.4,0.704,9,9,9,1.0
1219793,21225,21215,35510,10,10,3,7,0.7,0.4,0.704,9,9,9,1.0
1177644,16656,4364,16758,25,25,4,9,0.36,0.2,0.699,24,9,9,1.0
1181019,16656,4364,16758,25,25,4,9,0.36,0.2,0.699,24,9,9,1.0
1180399,16656,4364,16758,25,25,4,9,0.36,0.2,0.699,24,9,9,1.0
1180411,16656,4364,16758,25,25,4,9,0.36,0.2,0.699,24,9,9,1.0
1205993,2961,2920,30821,15,15,1,14,0.9333,0.8667,0.698,14,9,9,1.0
1103147,16349,16385,23231,16,16,5,11,0.6875,0.375,0.696,15,9,9,1.0
1009442,390898,390901,2814,21,19,2,17,0.8947,0.7895,0.694,20,9,9,1.0
1082395,33247,33246,18937,5,5,1,4,0.8,0.6,0.694,4,9,9,1.0
1272573,12212,12156,43341,13,13,1,5,0.3846,0.3077,0.694,12,9,9,1.0
1268769,12150,12156,43341,13,13,4,5,0.3846,0.0769,0.694,12,9,9,1.0
1272283,12150,12156,43341,13,13,4,5,0.3846,0.0769,0.694,12,9,9,1.0
1272284,12150,12156,43341,13,13,4,5,0.3846,0.0769,0.694,12,9,9,1.0
1042535,113586,90527,9877,14,14,2,12,0.8571,0.7143,0.692,13,9,9,1.0
1136666,113586,90527,9877,14,14,2,12,0.8571,0.7143,0.692,13,9,9,1.0
1126529,42204,42203,27442,10,10,4,6,0.6,0.2,0.691,9,9,9,1.0
1083216,33247,15790,13756,15,15,4,11,0.7333,0.4667,0.69,14,9,9,1.0
1273692,376206,2011,46717,8,8,1,7,0.875,0.75,0.683,7,9,9,1.0
1062813,21970,5669,14462,9,9,4,5,0.5556,0.1111,0.681,8,9,9,1.0
1100183,16349,26386,22681,17,17,8,9,0.5294,0.0588,0.681,16,9,9,1.0
1138408,26928,26920,20517,13,13,2,6,0.4615,0.3077,0.676,12,9,9,1.0
1146378,26928,26920,20517,13,13,2,6,0.4615,0.3077,0.676,12,9,9,1.0
1088993,14303,14384,19716,8,8,1,7,0.875,0.75,0.667,7,9,9,1.0
1001891,268,238,657,5,5,1,4,0.8,0.6,0.667,4,9,9,1.0
1298072,7742,7693,49681,4,4,1,3,0.75,0.5,0.667,3,9,9,1.0
1126718,40933,40934,27510,3,3,1,2,0.6667,0.3333,0.667,2,9,9,1.0
1105908,16971,16995,23930,7,7,3,4,0.5714,0.1429,0.667,6,9,9,1.0
1229065,525,518,28043,26,26,3,5,0.1923,0.0769,0.662,25,9,9,1.0
1229224,525,518,28043,26,26,3,5,0.1923,0.0769,0.662,25,9,9,1.0
1229225,525,518,28043,26,26,3,5,0.1923,0.0769,0.662,25,9,9,1.0
1066026,536893,536892,8319,11,7,3,4,0.5714,0.1429,0.65,10,9,9,1.0
1096620,8122,8090,22058,7,7,2,5,0.7143,0.4286,0.648,6,9,9,1.0
1278674,2157,2200,28841,6,6,1,5,0.8333,0.6667,0.644,5,9,9,1.0
1112499,14701,25871,1056,15,15,2,12,0.8,0.6667,0.643,14,9,9,1.0
1148201,14701,25871,1056,15,15,2,12,0.8,0.6667,0.643,14,9,9,1.0
1107880,1985,2106,10567,21,21,1,4,0.1905,0.1429,0.639,20,9,9,1.0
1042080,20372,2106,10567,21,21,1,4,0.1905,0.1429,0.639,20,9,9,1.0
1027678,1008,993,7046,5,5,1,1,0.2,0.0,0.639,4,9,9,1.0
1257454,,5210,24005,4,3,0,3,1.0,1.0,0.63,3,9,9,1.0
1125158,1418,1433,27038,10,10,1,9,0.9,0.8,0.63,9,9,9,1.0
1154675,20394,20391,33435,10,10,1,9,0.9,0.8,0.63,9,9,9,1.0
1150375,25711,14337,24962,4,4,1,3,0.75,0.5,0.63,3,9,9,1.0
1278130,21599,21595,46268,4,4,1,3,0.75,0.5,0.63,3,9,9,1.0
1171633,20355,20261,36075,4,4,1,1,0.25,0.0,0.63,3,9,9,1.0
1065297,5671,5668,14367,9,9,4,5,0.5556,0.1111,0.625,8,9,9,1.0
1116688,14342,25725,25250,19,19,1,18,0.9474,0.8947,0.623,18,9,9,1.0
1190628,4456,4463,38170,8,8,1,7,0.875,0.75,0.619,7,9,9,1.0
1136210,19907,734,30477,9,9,1,8,0.8889,0.7778,0.611,8,9,9,1.0
1110241,4712,4711,24194,7,7,1,6,0.8571,0.7143,0.611,6,9,9,1.0
1111587,25759,2656,24711,3,3,1,1,0.3333,0.0,0.611,2,9,9,1.0
1267048,8499,8450,45419,12,12,5,7,0.5833,0.1667,0.606,11,9,9,1.0
1273695,2011,20381,41425,8,8,2,6,0.75,0.5,0.603,7,9,9,1.0
1175221,24784,24745,27534,15,15,4,8,0.5333,0.2667,0.603,14,9,9,1.0
1056506,375989,375990,12679,11,11,1,10,0.9091,0.8182,0.578,10,9,9,1.0
1197071,535976,535975,5605,25,22,5,10,0.4545,0.2273,0.576,24,9,9,1.0
1097149,535976,535975,5605,25,22,5,10,0.4545,0.2273,0.576,24,9,9,1.0
1097174,535976,535975,5605,25,22,5,10,0.4545,0.2273,0.576,24,9,9,1.0
1113620,27029,27030,22523,8,8,1,4,0.5,0.375,0.571,7,9,9,1.0
1014794,3741,3727,4745,12,12,1,6,0.5,0.4167,0.566,11,9,9,1.0
1146487,26068,21273,32076,9,9,1,8,0.8889,0.7778,0.556,8,9,9,1.0
1220681,19068,19038,42975,9,9,1,6,0.6667,0.5556,0.556,8,9,9,1.0
1308610,19764,79,51526,5,5,1,2,0.4,0.2,0.556,4,9,9,1.0
1065093,96285,96286,3277,19,19,5,6,0.3158,0.0526,0.556,18,9,9,1.0
1048274,96285,96286,3277,19,19,5,6,0.3158,0.0526,0.556,18,9,9,1.0
1048275,96285,96286,3277,19,19,5,6,0.3158,0.0526,0.556,18,9,9,1.0
1048276,96285,96286,3277,19,19,5,6,0.3158,0.0526,0.556,18,9,9,1.0
1048278,96285,96286,3277,19,19,5,6,0.3158,0.0526,0.556,18,9,9,1.0
1115784,25577,25583,24778,13,13,1,12,0.9231,0.8462,0.546,12,9,9,1.0
1307907,67504,67503,44763,5,5,1,4,0.8,0.6,0.528,4,9,9,1.0
1288627,7890,7867,28134,11,11,1,4,0.3636,0.2727,0.522,10,9,9,1.0
1180891,26413,16379,16520,17,17,1,9,0.5294,0.4706,0.507,16,9,9,1.0
1066168,5672,5666,14546,11,11,3,8,0.7273,0.4545,0.5,10,9,9,1.0
1067078,5672,5666,14546,11,11,3,8,0.7273,0.4545,0.5,10,9,9,1.0
1013049,349835,11249,3915,11,11,3,5,0.4545,0.1818,0.5,10,9,9,1.0
1305954,22896,22900,29641,35,35,15,20,0.5714,0.1429,0.497,34,9,9,1.0
1083218,33247,15790,13756,15,15,4,11,0.7333,0.4667,0.484,14,9,9,1.0
1014137,18644,18679,4450,11,11,1,5,0.4545,0.3636,0.467,10,9,9,1.0
1174008,14987,15013,3516,6,6,1,3,0.5,0.3333,0.467,5,9,9,1.0
1116996,13128,13105,24361,10,10,1,5,0.5,0.4,0.457,9,9,9,1.0
1311520,264965,264966,29173,7,7,2,5,0.7143,0.4286,0.444,6,9,9,1.0
1257421,,111662,30746,12,10,0,9,0.9,0.9,0.434,11,9,9,1.0
1136362,376636,165,13627,39,39,1,4,0.1026,0.0769,0.33,38,9,9,1.0
1034078,98205,296,25,15,15,1,6,0.4,0.3333,0.135,14,9,9,1.0
1115523,,3004,25619,8,7,0,7,1.0,1.0,1.0,7,8,9,0.889
1232953,,391281,44529,4,2,0,2,1.0,1.0,1.0,3,8,9,0.889
1232956,,391281,44529,4,2,0,2,1.0,1.0,1.0,3,8,9,0.889
1257443,,26678,44882,2,1,0,1,1.0,1.0,1.0,1,8,9,0.889
1056174,265930,266235,11173,8,8,1,7,0.875,0.75,1.0,7,8,9,0.889
1057656,344283,344284,12917,7,7,1,6,0.8571,0.7143,1.0,6,8,9,0.889
1066401,166076,166077,14908,7,7,1,6,0.8571,0.7143,1.0,6,8,9,0.889
1077622,18974,19010,15245,7,7,1,6,0.8571,0.7143,1.0,6,8,9,0.889
1068319,364956,364955,15333,7,7,1,6,0.8571,0.7143,1.0,6,8,9,0.889
1167133,18538,18604,20063,7,7,1,6,0.8571,0.7143,1.0,6,8,9,0.889
1286089,9249,23588,46645,7,7,1,6,0.8571,0.7143,1.0,6,8,9,0.889
1003753,19708,19706,1191,6,6,1,5,0.8333,0.6667,1.0,5,8,9,0.889
1008477,24691,11715,1784,6,6,1,5,0.8333,0.6667,1.0,5,8,9,0.889
1057375,344286,344287,3358,6,6,1,5,0.8333,0.6667,1.0,5,8,9,0.889
1132992,246730,247035,7061,6,6,1,5,0.8333,0.6667,1.0,5,8,9,0.889
1034360,159047,159048,8891,6,6,1,5,0.8333,0.6667,1.0,5,8,9,0.889
1054647,349595,349598,12473,6,6,1,5,0.8333,0.6667,1.0,5,8,9,0.889
1081723,27176,18557,18329,6,6,1,5,0.8333,0.6667,1.0,5,8,9,0.889
1153883,2251,425292,20996,6,6,1,5,0.8333,0.6667,1.0,5,8,9,0.889
1103675,26724,17414,23436,6,6,1,5,0.8333,0.6667,1.0,5,8,9,0.889
1133342,15533,15504,23891,6,6,1,5,0.8333,0.6667,1.0,5,8,9,0.889
1306785,6178,6197,28368,6,6,1,5,0.8333,0.6667,1.0,5,8,9,0.889
1167203,19622,38406,35079,6,6,1,5,0.8333,0.6667,1.0,5,8,9,0.889
1180485,15630,15635,37609,6,6,1,5,0.8333,0.6667,1.0,5,8,9,0.889
1218528,11784,11849,39939,6,6,1,5,0.8333,0.6667,1.0,5,8,9,0.889
1220978,25096,12601,43022,6,6,1,5,0.8333,0.6667,1.0,5,8,9,0.889
1268416,23020,8073,45643,6,6,1,5,0.8333,0.6667,1.0,5,8,9,0.889
1270897,9916,9886,46275,6,6,1,5,0.8333,0.6667,1.0,5,8,9,0.889
1287878,9857,9802,48865,6,6,1,5,0.8333,0.6667,1.0,5,8,9,0.889
1166065,26212,26226,34814,8,8,1,6,0.75,0.625,1.0,7,8,9,0.889
1187331,15916,26226,34814,8,8,1,6,0.75,0.625,1.0,7,8,9,0.889
1099225,16181,26368,1358,5,5,1,4,0.8,0.6,1.0,4,8,9,0.889
1133017,60769,261117,5065,5,5,1,4,0.8,0.6,1.0,4,8,9,0.889
1023775,8702,8705,6326,5,5,1,4,0.8,0.6,1.0,4,8,9,0.889
1067786,171836,171835,14905,5,5,1,4,0.8,0.6,1.0,4,8,9,0.889
1080908,13900,13907,18535,5,5,1,4,0.8,0.6,1.0,4,8,9,0.889
1094718,26718,26709,21604,5,5,1,4,0.8,0.6,1.0,4,8,9,0.889
1114669,25596,25599,25366,5,5,1,4,0.8,0.6,1.0,4,8,9,0.889
1125614,13000,13070,26884,5,5,1,4,0.8,0.6,1.0,4,8,9,0.889
1124094,937,932,26971,5,5,1,4,0.8,0.6,1.0,4,8,9,0.889
1125447,1087,1074,27259,5,5,1,4,0.8,0.6,1.0,4,8,9,0.889
1185013,19094,19146,38025,5,5,1,4,0.8,0.6,1.0,4,8,9,0.889
1289415,22704,22714,39171,5,5,1,4,0.8,0.6,1.0,4,8,9,0.889
1197922,24341,24350,39766,5,5,1,4,0.8,0.6,1.0,4,8,9,0.889
1201625,11534,24645,40745,5,5,1,4,0.8,0.6,1.0,4,8,9,0.889
1208973,10609,10483,41730,5,5,1,4,0.8,0.6,1.0,4,8,9,0.889
1271852,23379,8908,46427,5,5,1,4,0.8,0.6,1.0,4,8,9,0.889
1012976,336002,336000,3855,8,8,2,6,0.75,0.5,1.0,7,8,9,0.889
1052489,336002,336000,3855,8,8,2,6,0.75,0.5,1.0,7,8,9,0.889
1154465,3049,21135,31705,8,8,2,6,0.75,0.5,1.0,7,8,9,0.889
1148621,3049,21135,31705,8,8,2,6,0.75,0.5,1.0,7,8,9,0.889
1200415,12130,12180,40483,6,6,1,4,0.6667,0.5,1.0,5,8,9,0.889
1221717,12208,12180,40483,6,6,1,4,0.6667,0.5,1.0,5,8,9,0.889
1001282,279,19794,397,4,4,1,3,0.75,0.5,1.0,3,8,9,0.889
1002507,24383,10783,963,4,4,1,3,0.75,0.5,1.0,3,8,9,0.889
1033287,294077,291199,7503,4,4,1,3,0.75,0.5,1.0,3,8,9,0.889
1091847,17518,17524,18111,4,4,1,3,0.75,0.5,1.0,3,8,9,0.889
1092844,26251,26268,21128,4,4,1,3,0.75,0.5,1.0,3,8,9,0.889
1109901,15799,15783,24205,4,4,1,3,0.75,0.5,1.0,3,8,9,0.889
1167441,18664,18696,35046,4,4,1,3,0.75,0.5,1.0,3,8,9,0.889
1174724,18498,18511,36246,4,4,1,3,0.75,0.5,1.0,3,8,9,0.889
1175195,26417,16378,36372,4,4,1,3,0.75,0.5,1.0,3,8,9,0.889
1181256,16044,16092,37247,4,4,1,3,0.75,0.5,1.0,3,8,9,0.889
1210981,12473,12547,41795,4,4,1,3,0.75,0.5,1.0,3,8,9,0.889
1266574,11817,11783,45299,4,4,1,3,0.75,0.5,1.0,3,8,9,0.889
1271496,24654,11503,45346,4,4,1,3,0.75,0.5,1.0,3,8,9,0.889
1278097,6916,6883,47515,4,4,1,3,0.75,0.5,1.0,3,8,9,0.889
1306571,22905,22888,49110,4,4,1,3,0.75,0.5,1.0,3,8,9,0.889
1287165,22622,45087,49114,4,4,1,3,0.75,0.5,1.0,3,8,9,0.889
1210150,17227,17254,34561,11,11,1,6,0.5455,0.4545,1.0,10,8,9,0.889
1011923,101725,101727,3565,9,9,1,5,0.5556,0.4444,1.0,8,8,9,0.889
1283460,13498,13524,17036,7,7,2,5,0.7143,0.4286,1.0,6,8,9,0.889
1153180,13498,13524,17036,7,7,2,5,0.7143,0.4286,1.0,6,8,9,0.889
1109202,14734,14792,24232,7,7,2,5,0.7143,0.4286,1.0,6,8,9,0.889
1109280,14734,14792,24232,7,7,2,5,0.7143,0.4286,1.0,6,8,9,0.889
1180244,16568,16520,37549,7,7,1,4,0.5714,0.4286,1.0,6,8,9,0.889
1028695,344332,350006,7426,10,10,1,5,0.5,0.4,1.0,9,8,9,0.889
1167066,18696,18688,35013,10,10,1,5,0.5,0.4,1.0,9,8,9,0.889
1167018,27180,18688,35013,10,10,1,5,0.5,0.4,1.0,9,8,9,0.889
1061808,13965,13970,14243,5,5,1,3,0.6,0.4,1.0,4,8,9,0.889
1280002,13925,13970,14243,5,5,1,3,0.6,0.4,1.0,4,8,9,0.889
1132316,276800,262404,29193,5,5,1,3,0.6,0.4,1.0,4,8,9,0.889
1133239,261118,262404,29193,5,5,1,3,0.6,0.4,1.0,4,8,9,0.889
1180789,16989,26602,37676,5,5,1,3,0.6,0.4,1.0,4,8,9,0.889
1180790,26604,26602,37676,5,5,1,3,0.6,0.4,1.0,4,8,9,0.889
1028610,17150,26672,7378,8,8,1,4,0.5,0.375,1.0,7,8,9,0.889
1028722,370587,375679,7431,8,8,1,4,0.5,0.375,1.0,7,8,9,0.889
1011424,23361,9030,2309,11,11,1,5,0.4545,0.3636,1.0,10,8,9,0.889
1168379,18120,27051,35334,6,6,1,3,0.5,0.3333,1.0,5,8,9,0.889
1169368,162246,162237,35585,6,6,2,4,0.6667,0.3333,1.0,5,8,9,0.889
1169370,162246,162237,35585,6,6,2,4,0.6667,0.3333,1.0,5,8,9,0.889
1175265,24873,24897,36386,6,6,2,4,0.6667,0.3333,1.0,5,8,9,0.889
1175267,24873,24897,36386,6,6,2,4,0.6667,0.3333,1.0,5,8,9,0.889
1059408,23189,8458,13439,3,3,1,2,0.6667,0.3333,1.0,2,8,9,0.889
1123657,11772,24731,26858,3,3,1,2,0.6667,0.3333,1.0,2,8,9,0.889
1175315,12863,12908,36404,3,3,1,2,0.6667,0.3333,1.0,2,8,9,0.889
1189205,4005,4019,38346,3,3,1,2,0.6667,0.3333,1.0,2,8,9,0.889
1210786,1200,1234,41994,3,3,1,2,0.6667,0.3333,1.0,2,8,9,0.889
1279945,1920,323835,46726,3,3,1,2,0.6667,0.3333,1.0,2,8,9,0.889
1126522,390796,2286,27457,10,10,2,5,0.5,0.3,1.0,9,8,9,0.889
1126493,390796,2286,27457,10,10,2,5,0.5,0.3,1.0,9,8,9,0.889
1226316,14598,14671,43828,10,10,1,4,0.4,0.3,1.0,9,8,9,0.889
1180245,26477,16520,37549,7,7,2,4,0.5714,0.2857,1.0,6,8,9,0.889
1180246,26477,16520,37549,7,7,2,4,0.5714,0.2857,1.0,6,8,9,0.889
1205503,901,11687,41080,7,7,1,3,0.4286,0.2857,1.0,6,8,9,0.889
1096181,497035,535853,1003,8,8,3,5,0.625,0.25,1.0,7,8,9,0.889
1002598,497035,535853,1003,8,8,3,5,0.625,0.25,1.0,7,8,9,0.889
1097321,497035,535853,1003,8,8,3,5,0.625,0.25,1.0,7,8,9,0.889
1026371,12906,12922,5765,8,8,3,5,0.625,0.25,1.0,7,8,9,0.889
1026114,12906,12922,5765,8,8,3,5,0.625,0.25,1.0,7,8,9,0.889
1026089,12906,12922,5765,8,8,3,5,0.625,0.25,1.0,7,8,9,0.889
1072439,364795,22667,3779,4,4,1,2,0.5,0.25,1.0,3,8,9,0.889
1038729,7083,22667,3779,4,4,1,2,0.5,0.25,1.0,3,8,9,0.889
1171365,1305,20046,14642,13,13,5,8,0.6154,0.2308,1.0,12,8,9,0.889
1171367,1305,20046,14642,13,13,5,8,0.6154,0.2308,1.0,12,8,9,0.889
1136059,1305,20046,14642,13,13,5,8,0.6154,0.2308,1.0,12,8,9,0.889
1064820,1305,20046,14642,13,13,5,8,0.6154,0.2308,1.0,12,8,9,0.889
1251101,1305,20046,14642,13,13,5,8,0.6154,0.2308,1.0,12,8,9,0.889
1069634,101724,101727,3565,9,9,3,5,0.5556,0.2222,1.0,8,8,9,0.889
1059799,101724,101727,3565,9,9,3,5,0.5556,0.2222,1.0,8,8,9,0.889
1068010,101724,101727,3565,9,9,3,5,0.5556,0.2222,1.0,8,8,9,0.889
1133057,6740,6667,8571,9,9,1,3,0.3333,0.2222,1.0,8,8,9,0.889
1126495,2361,2286,27457,10,10,3,5,0.5,0.2,1.0,9,8,9,0.889
1126237,2361,2286,27457,10,10,3,5,0.5,0.2,1.0,9,8,9,0.889
1126238,2361,2286,27457,10,10,3,5,0.5,0.2,1.0,9,8,9,0.889
1166996,18658,18688,35013,10,10,3,5,0.5,0.2,1.0,9,8,9,0.889
1188537,18658,18688,35013,10,10,3,5,0.5,0.2,1.0,9,8,9,0.889
1167019,18658,18688,35013,10,10,3,5,0.5,0.2,1.0,9,8,9,0.889
1277419,14641,14671,43828,10,10,2,4,0.4,0.2,1.0,9,8,9,0.889
1279973,14641,14671,43828,10,10,2,4,0.4,0.2,1.0,9,8,9,0.889
1012817,377424,377425,3745,5,5,2,3,0.6,0.2,1.0,4,8,9,0.889
1097719,377424,377425,3745,5,5,2,3,0.6,0.2,1.0,4,8,9,0.889
1109828,14486,14268,24349,5,5,1,2,0.4,0.2,1.0,4,8,9,0.889
1178062,16146,16156,27620,5,5,1,2,0.4,0.2,1.0,4,8,9,0.889
1127925,21217,3183,28098,5,5,1,2,0.4,0.2,1.0,4,8,9,0.889
1277662,21213,3183,28098,5,5,1,2,0.4,0.2,1.0,4,8,9,0.889
1277664,82204,3183,28098,5,5,1,2,0.4,0.2,1.0,4,8,9,0.889
1164833,17247,17241,34570,5,5,2,3,0.6,0.2,1.0,4,8,9,0.889
1164835,17247,17241,34570,5,5,2,3,0.6,0.2,1.0,4,8,9,0.889
1169568,10735,10814,35633,5,5,2,3,0.6,0.2,1.0,4,8,9,0.889
1169570,10735,10814,35633,5,5,2,3,0.6,0.2,1.0,4,8,9,0.889
1202976,27213,18784,40969,5,5,2,3,0.6,0.2,1.0,4,8,9,0.889
1202957,27213,18784,40969,5,5,2,3,0.6,0.2,1.0,4,8,9,0.889
1309529,7376,7394,46509,5,5,2,3,0.6,0.2,1.0,4,8,9,0.889
1281511,7376,7394,46509,5,5,2,3,0.6,0.2,1.0,4,8,9,0.889
1164746,17270,17254,34561,11,11,4,6,0.5455,0.1818,1.0,10,8,9,0.889
1164620,17270,17254,34561,11,11,4,6,0.5455,0.1818,1.0,10,8,9,0.889
1164621,17270,17254,34561,11,11,4,6,0.5455,0.1818,1.0,10,8,9,0.889
1164623,17270,17254,34561,11,11,4,6,0.5455,0.1818,1.0,10,8,9,0.889
1220320,18176,27051,35334,6,6,2,3,0.5,0.1667,1.0,5,8,9,0.889
1219953,18176,27051,35334,6,6,2,3,0.5,0.1667,1.0,5,8,9,0.889
1069025,5901,5894,7325,7,7,3,4,0.5714,0.1429,1.0,6,8,9,0.889
1068994,5901,5894,7325,7,7,3,4,0.5714,0.1429,1.0,6,8,9,0.889
1059816,5901,5894,7325,7,7,3,4,0.5714,0.1429,1.0,6,8,9,0.889
1068949,5887,5878,15475,7,7,3,4,0.5714,0.1429,1.0,6,8,9,0.889
1068951,5887,5878,15475,7,7,3,4,0.5714,0.1429,1.0,6,8,9,0.889
1095593,5887,5878,15475,7,7,3,4,0.5714,0.1429,1.0,6,8,9,0.889
1216619,10778,24389,39660,7,7,3,4,0.5714,0.1429,1.0,6,8,9,0.889
1216238,10778,24389,39660,7,7,3,4,0.5714,0.1429,1.0,6,8,9,0.889
1216984,10778,24389,39660,7,7,3,4,0.5714,0.1429,1.0,6,8,9,0.889
1100167,17215,26672,7378,8,8,3,4,0.5,0.125,1.0,7,8,9,0.889
1100168,17215,26672,7378,8,8,3,4,0.5,0.125,1.0,7,8,9,0.889
1100011,17215,26672,7378,8,8,3,4,0.5,0.125,1.0,7,8,9,0.889
1028707,370574,375679,7431,8,8,3,4,0.5,0.125,1.0,7,8,9,0.889
1028708,370574,375679,7431,8,8,3,4,0.5,0.125,1.0,7,8,9,0.889
1028721,370574,375679,7431,8,8,3,4,0.5,0.125,1.0,7,8,9,0.889
1074846,5313,5321,15857,8,8,2,3,0.375,0.125,1.0,7,8,9,0.889
1074847,5313,5321,15857,8,8,2,3,0.375,0.125,1.0,7,8,9,0.889
1035099,6702,6667,8571,9,9,2,3,0.3333,0.1111,1.0,8,8,9,0.889
1044056,6702,6667,8571,9,9,2,3,0.3333,0.1111,1.0,8,8,9,0.889
1041686,118721,148166,10357,9,9,4,5,0.5556,0.1111,1.0,8,8,9,0.889
1041681,118721,148166,10357,9,9,4,5,0.5556,0.1111,1.0,8,8,9,0.889
1041684,118721,148166,10357,9,9,4,5,0.5556,0.1111,1.0,8,8,9,0.889
1041685,118721,148166,10357,9,9,4,5,0.5556,0.1111,1.0,8,8,9,0.889
1179076,25488,25476,16605,9,9,4,5,0.5556,0.1111,1.0,8,8,9,0.889
1179079,25488,25476,16605,9,9,4,5,0.5556,0.1111,1.0,8,8,9,0.889
1179077,25488,25476,16605,9,9,4,5,0.5556,0.1111,1.0,8,8,9,0.889
1179384,25488,25476,16605,9,9,4,5,0.5556,0.1111,1.0,8,8,9,0.889
1180852,26330,26303,37601,9,9,4,5,0.5556,0.1111,1.0,8,8,9,0.889
1180855,26330,26303,37601,9,9,4,5,0.5556,0.1111,1.0,8,8,9,0.889
1180417,26330,26303,37601,9,9,4,5,0.5556,0.1111,1.0,8,8,9,0.889
1180418,26330,26303,37601,9,9,4,5,0.5556,0.1111,1.0,8,8,9,0.889
1280917,21312,3338,46471,9,9,1,2,0.2222,0.1111,1.0,8,8,9,0.889
1280918,161276,3338,46471,9,9,1,2,0.2222,0.1111,1.0,8,8,9,0.889
1297781,15258,3338,46471,9,9,1,2,0.2222,0.1111,1.0,8,8,9,0.889
1272199,161275,3338,46471,9,9,1,2,0.2222,0.1111,1.0,8,8,9,0.889
1272200,190087,3338,46471,9,9,1,2,0.2222,0.1111,1.0,8,8,9,0.889
1039663,344271,350006,7426,10,10,4,5,0.5,0.1,1.0,9,8,9,0.889
1028963,344271,350006,7426,10,10,4,5,0.5,0.1,1.0,9,8,9,0.889
1028965,344271,350006,7426,10,10,4,5,0.5,0.1,1.0,9,8,9,0.889
1048906,344271,350006,7426,10,10,4,5,0.5,0.1,1.0,9,8,9,0.889
1279922,14563,14671,43828,10,10,3,4,0.4,0.1,1.0,9,8,9,0.889
1279923,14563,14671,43828,10,10,3,4,0.4,0.1,1.0,9,8,9,0.889
1279924,14563,14671,43828,10,10,3,4,0.4,0.1,1.0,9,8,9,0.889
1020490,94044,94043,5479,11,11,5,6,0.5455,0.0909,1.0,10,8,9,0.889
1020492,94044,94043,5479,11,11,5,6,0.5455,0.0909,1.0,10,8,9,0.889
1020493,94044,94043,5479,11,11,5,6,0.5455,0.0909,1.0,10,8,9,0.889
1027038,94044,94043,5479,11,11,5,6,0.5455,0.0909,1.0,10,8,9,0.889
1047443,94044,94043,5479,11,11,5,6,0.5455,0.0909,1.0,10,8,9,0.889
1136771,165129,168320,8781,11,11,5,6,0.5455,0.0909,1.0,10,8,9,0.889
1033887,165129,168320,8781,11,11,5,6,0.5455,0.0909,1.0,10,8,9,0.889
1250149,165129,168320,8781,11,11,5,6,0.5455,0.0909,1.0,10,8,9,0.889
1033827,165129,168320,8781,11,11,5,6,0.5455,0.0909,1.0,10,8,9,0.889
1045050,165129,168320,8781,11,11,5,6,0.5455,0.0909,1.0,10,8,9,0.889
1039735,9080,9030,2309,11,11,5,5,0.4545,0.0,1.0,10,8,9,0.889
1039736,9080,9030,2309,11,11,5,5,0.4545,0.0,1.0,10,8,9,0.889
1039737,9080,9030,2309,11,11,5,5,0.4545,0.0,1.0,10,8,9,0.889
1039738,9080,9030,2309,11,11,5,5,0.4545,0.0,1.0,10,8,9,0.889
1039743,9080,9030,2309,11,11,5,5,0.4545,0.0,1.0,10,8,9,0.889
1042560,47333,7601,10663,10,10,5,5,0.5,0.0,1.0,9,8,9,0.889
1042561,47333,7601,10663,10,10,5,5,0.5,0.0,1.0,9,8,9,0.889
1042562,47333,7601,10663,10,10,5,5,0.5,0.0,1.0,9,8,9,0.889
1042564,47333,7601,10663,10,10,5,5,0.5,0.0,1.0,9,8,9,0.889
1042565,47333,7601,10663,10,10,5,5,0.5,0.0,1.0,9,8,9,0.889
1123313,13530,13520,26779,10,10,5,5,0.5,0.0,1.0,9,8,9,0.889
1123357,13530,13520,26779,10,10,5,5,0.5,0.0,1.0,9,8,9,0.889
1123358,13530,13520,26779,10,10,5,5,0.5,0.0,1.0,9,8,9,0.889
1123359,13530,13520,26779,10,10,5,5,0.5,0.0,1.0,9,8,9,0.889
1123360,13530,13520,26779,10,10,5,5,0.5,0.0,1.0,9,8,9,0.889
1032900,6766,6667,8571,9,9,3,3,0.3333,0.0,1.0,8,8,9,0.889
1032930,6766,6667,8571,9,9,3,3,0.3333,0.0,1.0,8,8,9,0.889
1032899,6766,6667,8571,9,9,3,3,0.3333,0.0,1.0,8,8,9,0.889
1280919,21331,3338,46471,9,9,2,2,0.2222,0.0,1.0,8,8,9,0.889
1280920,21331,3338,46471,9,9,2,2,0.2222,0.0,1.0,8,8,9,0.889
1034384,159357,159045,8888,8,8,4,4,0.5,0.0,1.0,7,8,9,0.889
1034385,159357,159045,8888,8,8,4,4,0.5,0.0,1.0,7,8,9,0.889
1034324,159357,159045,8888,8,8,4,4,0.5,0.0,1.0,7,8,9,0.889
1034326,159357,159045,8888,8,8,4,4,0.5,0.0,1.0,7,8,9,0.889
1048454,89244,89243,11407,8,8,4,4,0.5,0.0,1.0,7,8,9,0.889
1046362,89244,89243,11407,8,8,4,4,0.5,0.0,1.0,7,8,9,0.889
1048104,89244,89243,11407,8,8,4,4,0.5,0.0,1.0,7,8,9,0.889
1046308,89244,89243,11407,8,8,4,4,0.5,0.0,1.0,7,8,9,0.889
1070583,5325,5321,15857,8,8,3,3,0.375,0.0,1.0,7,8,9,0.889
1070588,5325,5321,15857,8,8,3,3,0.375,0.0,1.0,7,8,9,0.889
1137017,5325,5321,15857,8,8,3,3,0.375,0.0,1.0,7,8,9,0.889
1202950,27213,27202,40966,8,8,4,4,0.5,0.0,1.0,7,8,9,0.889
1202951,27213,27202,40966,8,8,4,4,0.5,0.0,1.0,7,8,9,0.889
1202952,27213,27202,40966,8,8,4,4,0.5,0.0,1.0,7,8,9,0.889
1202953,27213,27202,40966,8,8,4,4,0.5,0.0,1.0,7,8,9,0.889
1208412,11690,11687,41080,7,7,3,3,0.4286,0.0,1.0,6,8,9,0.889
1208457,11690,11687,41080,7,7,3,3,0.4286,0.0,1.0,6,8,9,0.889
1208458,11690,11687,41080,7,7,3,3,0.4286,0.0,1.0,6,8,9,0.889
1081076,95978,35166,18211,6,6,3,3,0.5,0.0,1.0,5,8,9,0.889
1081077,95978,35166,18211,6,6,3,3,0.5,0.0,1.0,5,8,9,0.889
1079501,95978,35166,18211,6,6,3,3,0.5,0.0,1.0,5,8,9,0.889
1170532,10785,10724,35883,6,6,3,3,0.5,0.0,1.0,5,8,9,0.889
1170533,10785,10724,35883,6,6,3,3,0.5,0.0,1.0,5,8,9,0.889
1196254,10785,10724,35883,6,6,3,3,0.5,0.0,1.0,5,8,9,0.889
1273023,25625,14095,46595,6,6,2,2,0.3333,0.0,1.0,5,8,9,0.889
1273024,25625,14095,46595,6,6,2,2,0.3333,0.0,1.0,5,8,9,0.889
1273025,14108,14095,46595,6,6,2,2,0.3333,0.0,1.0,5,8,9,0.889
1273005,14108,14095,46595,6,6,2,2,0.3333,0.0,1.0,5,8,9,0.889
1109782,14341,14268,24349,5,5,2,2,0.4,0.0,1.0,4,8,9,0.889
1109830,14341,14268,24349,5,5,2,2,0.4,0.0,1.0,4,8,9,0.889
1126841,16214,16156,27620,5,5,2,2,0.4,0.0,1.0,4,8,9,0.889
1178134,16214,16156,27620,5,5,2,2,0.4,0.0,1.0,4,8,9,0.889
1059301,9714,9628,3607,4,4,2,2,0.5,0.0,1.0,3,8,9,0.889
1012546,9714,9628,3607,4,4,2,2,0.5,0.0,1.0,3,8,9,0.889
1036574,22342,6626,3675,4,4,2,2,0.5,0.0,1.0,3,8,9,0.889
1028062,22342,6626,3675,4,4,2,2,0.5,0.0,1.0,3,8,9,0.889
1073887,179198,179197,12664,4,4,2,2,0.5,0.0,1.0,3,8,9,0.889
1097765,179198,179197,12664,4,4,2,2,0.5,0.0,1.0,3,8,9,0.889
1219577,21513,21494,16802,4,4,2,2,0.5,0.0,1.0,3,8,9,0.889
1219578,21513,21494,16802,4,4,2,2,0.5,0.0,1.0,3,8,9,0.889
1174723,26956,17939,36245,4,4,2,2,0.5,0.0,1.0,3,8,9,0.889
1202459,26956,17939,36245,4,4,2,2,0.5,0.0,1.0,3,8,9,0.889
1006071,24292,10671,34,2,2,1,1,0.5,0.0,1.0,1,8,9,0.889
1068872,191684,191683,14948,2,2,1,1,0.5,0.0,1.0,1,8,9,0.889
1072122,22057,5855,16246,2,2,1,1,0.5,0.0,1.0,1,8,9,0.889
1079323,27043,17979,18167,2,2,1,1,0.5,0.0,1.0,1,8,9,0.889
1149165,14574,14550,18717,2,2,1,1,0.5,0.0,1.0,1,8,9,0.889
1111900,25830,14646,24770,2,2,1,1,0.5,0.0,1.0,1,8,9,0.889
1297564,22364,6681,30479,2,2,1,1,0.5,0.0,1.0,1,8,9,0.889
1177679,68451,50207,36990,2,2,1,1,0.5,0.0,1.0,1,8,9,0.889
1195365,66222,26014,39109,2,2,1,1,0.5,0.0,1.0,1,8,9,0.889
1226055,16703,16694,43760,2,2,1,1,0.5,0.0,1.0,1,8,9,0.889
1300695,255368,269,50205,2,2,1,1,0.5,0.0,1.0,1,8,9,0.889
1190516,94372,140799,22181,12,12,4,8,0.6667,0.3333,0.99,11,8,9,0.889
1190521,94372,140799,22181,12,12,4,8,0.6667,0.3333,0.99,11,8,9,0.889
1190520,94372,140799,22181,12,12,4,8,0.6667,0.3333,0.99,11,8,9,0.889
1190515,94372,140799,22181,12,12,4,8,0.6667,0.3333,0.99,11,8,9,0.889
1307756,7830,7807,51261,11,11,3,5,0.4545,0.1818,0.989,10,8,9,0.889
1307754,7830,7807,51261,11,11,3,5,0.4545,0.1818,0.989,10,8,9,0.889
1307757,7830,7807,51261,11,11,3,5,0.4545,0.1818,0.989,10,8,9,0.889
1306923,7763,7807,51261,11,11,3,5,0.4545,0.1818,0.989,10,8,9,0.889
1306931,7763,7807,51261,11,11,3,5,0.4545,0.1818,0.989,10,8,9,0.889
1306933,7763,7807,51261,11,11,3,5,0.4545,0.1818,0.989,10,8,9,0.889
1045071,265928,265929,9964,11,11,5,6,0.5455,0.0909,0.989,10,8,9,0.889
1045074,265928,265929,9964,11,11,5,6,0.5455,0.0909,0.989,10,8,9,0.889
1039289,265928,265929,9964,11,11,5,6,0.5455,0.0909,0.989,10,8,9,0.889
1057441,265928,265929,9964,11,11,5,6,0.5455,0.0909,0.989,10,8,9,0.889
1044320,265928,265929,9964,11,11,5,6,0.5455,0.0909,0.989,10,8,9,0.889
1076271,19352,19323,17511,10,10,5,5,0.5,0.0,0.988,9,8,9,0.889
1076245,19352,19323,17511,10,10,5,5,0.5,0.0,0.988,9,8,9,0.889
1076246,19352,19323,17511,10,10,5,5,0.5,0.0,0.988,9,8,9,0.889
1077506,19352,19323,17511,10,10,5,5,0.5,0.0,0.988,9,8,9,0.889
1233026,,525843,4422,8,3,0,3,1.0,1.0,0.984,7,8,9,0.889
1096704,,525843,4422,8,3,0,3,1.0,1.0,0.984,7,8,9,0.889
1097172,,525843,4422,8,3,0,3,1.0,1.0,0.984,7,8,9,0.889
1019256,8871,8839,3432,8,8,3,5,0.625,0.25,0.984,7,8,9,0.889
1011647,8871,8839,3432,8,8,3,5,0.625,0.25,0.984,7,8,9,0.889
1019255,8871,8839,3432,8,8,3,5,0.625,0.25,0.984,7,8,9,0.889
1122169,13343,25387,26469,8,8,3,5,0.625,0.25,0.984,7,8,9,0.889
1122171,13343,25387,26469,8,8,3,5,0.625,0.25,0.984,7,8,9,0.889
1122172,13343,25387,26469,8,8,3,5,0.625,0.25,0.984,7,8,9,0.889
1034507,7740,7759,7249,8,8,2,3,0.375,0.125,0.984,7,8,9,0.889
1034510,7740,7759,7249,8,8,2,3,0.375,0.125,0.984,7,8,9,0.889
1034568,7777,7759,7249,8,8,3,3,0.375,0.0,0.984,7,8,9,0.889
1034569,7777,7759,7249,8,8,3,3,0.375,0.0,0.984,7,8,9,0.889
1028151,7777,7759,7249,8,8,3,3,0.375,0.0,0.984,7,8,9,0.889
1299138,8009,7979,27807,8,8,4,4,0.5,0.0,0.984,7,8,9,0.889
1309522,8009,7979,27807,8,8,4,4,0.5,0.0,0.984,7,8,9,0.889
1309525,8009,7979,27807,8,8,4,4,0.5,0.0,0.984,7,8,9,0.889
1308922,8024,7971,48538,8,8,4,4,0.5,0.0,0.984,7,8,9,0.889
1308924,8024,7971,48538,8,8,4,4,0.5,0.0,0.984,7,8,9,0.889
1308926,8024,7971,48538,8,8,4,4,0.5,0.0,0.984,7,8,9,0.889
1308928,8024,7971,48538,8,8,4,4,0.5,0.0,0.984,7,8,9,0.889
1232533,,389930,22269,7,6,0,6,1.0,1.0,0.981,6,8,9,0.889
1057696,283838,283837,12930,7,7,1,6,0.8571,0.7143,0.981,6,8,9,0.889
1088795,349710,349711,19807,7,7,1,6,0.8571,0.7143,0.981,6,8,9,0.889
1205748,281284,282249,29198,7,7,1,6,0.8571,0.7143,0.981,6,8,9,0.889
1149959,25869,14617,18688,7,7,3,4,0.5714,0.1429,0.981,6,8,9,0.889
1149961,25869,14617,18688,7,7,3,4,0.5714,0.1429,0.981,6,8,9,0.889
1081727,25869,14617,18688,7,7,3,4,0.5714,0.1429,0.981,6,8,9,0.889
1125829,12832,20017,26730,7,7,2,3,0.4286,0.1429,0.981,6,8,9,0.889
1125830,12833,20017,26730,7,7,2,3,0.4286,0.1429,0.981,6,8,9,0.889
1125832,12833,20017,26730,7,7,2,3,0.4286,0.1429,0.981,6,8,9,0.889
1125831,12832,20017,26730,7,7,2,3,0.4286,0.1429,0.981,6,8,9,0.889
1169153,4191,4172,35517,7,7,3,4,0.5714,0.1429,0.981,6,8,9,0.889
1190350,4191,4172,35517,7,7,3,4,0.5714,0.1429,0.981,6,8,9,0.889
1190352,4191,4172,35517,7,7,3,4,0.5714,0.1429,0.981,6,8,9,0.889
1300521,8875,8996,46776,7,7,3,4,0.5714,0.1429,0.981,6,8,9,0.889
1273967,8875,8996,46776,7,7,3,4,0.5714,0.1429,0.981,6,8,9,0.889
1273969,8875,8996,46776,7,7,3,4,0.5714,0.1429,0.981,6,8,9,0.889
1301777,7776,7826,50264,7,7,3,4,0.5714,0.1429,0.981,6,8,9,0.889
1301776,7776,7826,50264,7,7,3,4,0.5714,0.1429,0.981,6,8,9,0.889
1301774,7776,7826,50264,7,7,3,4,0.5714,0.1429,0.981,6,8,9,0.889
1008891,11667,24729,548,6,6,1,5,0.8333,0.6667,0.978,5,8,9,0.889
1069186,5838,5846,13087,6,6,1,5,0.8333,0.6667,0.978,5,8,9,0.889
1114568,13103,13117,25417,6,6,1,5,0.8333,0.6667,0.978,5,8,9,0.889
1184713,19613,19618,38065,6,6,1,5,0.8333,0.6667,0.978,5,8,9,0.889
1030631,331522,331523,7935,6,6,2,4,0.6667,0.3333,0.978,5,8,9,0.889
1094516,375812,375816,21547,6,6,2,4,0.6667,0.3333,0.978,5,8,9,0.889
1094519,375812,375816,21547,6,6,2,4,0.6667,0.3333,0.978,5,8,9,0.889
1277960,14089,25625,46583,6,6,2,4,0.6667,0.3333,0.978,5,8,9,0.889
1277959,14089,25625,46583,6,6,2,4,0.6667,0.3333,0.978,5,8,9,0.889
1310855,8902,8905,51721,6,6,2,4,0.6667,0.3333,0.978,5,8,9,0.889
1283129,45085,79004,30916,16,16,2,6,0.375,0.25,0.978,15,8,9,0.889
1283131,45085,79004,30916,16,16,2,6,0.375,0.25,0.978,15,8,9,0.889
1176409,20756,20735,16023,11,11,5,6,0.5455,0.0909,0.978,10,8,9,0.889
1135117,20756,20735,16023,11,11,5,6,0.5455,0.0909,0.978,10,8,9,0.889
1176414,20756,20735,16023,11,11,5,6,0.5455,0.0909,0.978,10,8,9,0.889
1071056,20756,20735,16023,11,11,5,6,0.5455,0.0909,0.978,10,8,9,0.889
1175626,20756,20735,16023,11,11,5,6,0.5455,0.0909,0.978,10,8,9,0.889
1287140,79005,79004,30916,16,16,5,6,0.375,0.0625,0.978,15,8,9,0.889
1287141,79005,79004,30916,16,16,5,6,0.375,0.0625,0.978,15,8,9,0.889
1287142,79005,79004,30916,16,16,5,6,0.375,0.0625,0.978,15,8,9,0.889
1279761,79005,79004,30916,16,16,5,6,0.375,0.0625,0.978,15,8,9,0.889
1279763,79005,79004,30916,16,16,5,6,0.375,0.0625,0.978,15,8,9,0.889
1076785,27267,19059,16162,6,6,3,3,0.5,0.0,0.978,5,8,9,0.889
1076736,27267,19059,16162,6,6,3,3,0.5,0.0,0.978,5,8,9,0.889
1200465,11757,11694,40495,6,6,3,3,0.5,0.0,0.978,5,8,9,0.889
1222530,11757,11694,40495,6,6,3,3,0.5,0.0,0.978,5,8,9,0.889
1072646,229764,233282,3545,45,45,4,9,0.2,0.1111,0.977,44,8,9,0.889
1072649,229764,233282,3545,45,45,4,9,0.2,0.1111,0.977,44,8,9,0.889
1108567,229764,233282,3545,45,45,4,9,0.2,0.1111,0.977,44,8,9,0.889
1108569,229764,233282,3545,45,45,4,9,0.2,0.1111,0.977,44,8,9,0.889
1099076,233283,233282,3545,45,45,8,9,0.2,0.0222,0.977,44,8,9,0.889
1099077,233283,233282,3545,45,45,8,9,0.2,0.0222,0.977,44,8,9,0.889
1073135,233283,233282,3545,45,45,8,9,0.2,0.0222,0.977,44,8,9,0.889
1073137,233283,233282,3545,45,45,8,9,0.2,0.0222,0.977,44,8,9,0.889
1073138,233283,233282,3545,45,45,8,9,0.2,0.0222,0.977,44,8,9,0.889
1053247,229766,233282,3545,45,45,8,9,0.2,0.0222,0.977,44,8,9,0.889
1053245,229766,233282,3545,45,45,8,9,0.2,0.0222,0.977,44,8,9,0.889
1053246,229766,233282,3545,45,45,8,9,0.2,0.0222,0.977,44,8,9,0.889
1053248,229766,233282,3545,45,45,8,9,0.2,0.0222,0.977,44,8,9,0.889
1099130,233284,233282,3545,45,45,8,9,0.2,0.0222,0.977,44,8,9,0.889
1099131,233284,233282,3545,45,45,8,9,0.2,0.0222,0.977,44,8,9,0.889
1099132,233284,233282,3545,45,45,8,9,0.2,0.0222,0.977,44,8,9,0.889
1099133,233284,233282,3545,45,45,8,9,0.2,0.0222,0.977,44,8,9,0.889
1053154,233276,233282,3545,45,45,8,9,0.2,0.0222,0.977,44,8,9,0.889
1053155,233276,233282,3545,45,45,8,9,0.2,0.0222,0.977,44,8,9,0.889
1053156,233276,233282,3545,45,45,8,9,0.2,0.0222,0.977,44,8,9,0.889
1053167,233276,233282,3545,45,45,8,9,0.2,0.0222,0.977,44,8,9,0.889
1072647,233283,233282,3545,45,45,8,9,0.2,0.0222,0.977,44,8,9,0.889
1099030,233276,233282,3545,45,45,8,9,0.2,0.0222,0.977,44,8,9,0.889
1099032,233276,233282,3545,45,45,8,9,0.2,0.0222,0.977,44,8,9,0.889
1099033,233276,233282,3545,45,45,8,9,0.2,0.0222,0.977,44,8,9,0.889
1011900,233283,233282,3545,45,45,8,9,0.2,0.0222,0.977,44,8,9,0.889
1108384,229766,233282,3545,45,45,8,9,0.2,0.0222,0.977,44,8,9,0.889
1108383,229766,233282,3545,45,45,8,9,0.2,0.0222,0.977,44,8,9,0.889
1108386,229766,233282,3545,45,45,8,9,0.2,0.0222,0.977,44,8,9,0.889
1108385,229766,233282,3545,45,45,8,9,0.2,0.0222,0.977,44,8,9,0.889
1099074,233283,233282,3545,45,45,8,9,0.2,0.0222,0.977,44,8,9,0.889
1307956,23674,9443,51311,10,10,1,5,0.5,0.4,0.975,9,8,9,0.889
1309338,9414,9443,51311,10,10,4,5,0.5,0.1,0.975,9,8,9,0.889
1309341,9414,9443,51311,10,10,4,5,0.5,0.1,0.975,9,8,9,0.889
1307132,9414,9443,51311,10,10,4,5,0.5,0.1,0.975,9,8,9,0.889
1307133,9414,9443,51311,10,10,4,5,0.5,0.1,0.975,9,8,9,0.889
1100118,17509,17486,21293,5,5,1,4,0.8,0.6,0.972,4,8,9,0.889
1109634,5093,370430,24032,5,5,2,3,0.6,0.2,0.972,4,8,9,0.889
1109635,5093,370430,24032,5,5,2,3,0.6,0.2,0.972,4,8,9,0.889
1198863,23673,9362,26140,5,5,1,2,0.4,0.2,0.972,4,8,9,0.889
1198866,9370,9362,26140,5,5,2,2,0.4,0.0,0.972,4,8,9,0.889
1198479,9370,9362,26140,5,5,2,2,0.4,0.0,0.972,4,8,9,0.889
1268998,11433,11420,45897,8,8,1,7,0.875,0.75,0.968,7,8,9,0.889
1301303,22565,7027,28149,8,8,1,6,0.75,0.625,0.968,7,8,9,0.889
1301304,6952,7027,28149,8,8,1,6,0.75,0.625,0.968,7,8,9,0.889
1288488,10228,10203,46756,8,8,2,6,0.75,0.5,0.968,7,8,9,0.889
1289024,10228,10203,46756,8,8,2,6,0.75,0.5,0.968,7,8,9,0.889
1034613,278398,274876,3127,17,17,8,9,0.5294,0.0588,0.965,16,8,9,0.889
1034631,278398,274876,3127,17,17,8,9,0.5294,0.0588,0.965,16,8,9,0.889
1034634,278398,274876,3127,17,17,8,9,0.5294,0.0588,0.965,16,8,9,0.889
1034633,278398,274876,3127,17,17,8,9,0.5294,0.0588,0.965,16,8,9,0.889
1034611,278398,274876,3127,17,17,8,9,0.5294,0.0588,0.965,16,8,9,0.889
1027963,278398,274876,3127,17,17,8,9,0.5294,0.0588,0.965,16,8,9,0.889
1127767,21711,4936,28015,7,7,3,4,0.5714,0.1429,0.963,6,8,9,0.889
1276005,21711,4936,28015,7,7,3,4,0.5714,0.1429,0.963,6,8,9,0.889
1279349,21711,4936,28015,7,7,3,4,0.5714,0.1429,0.963,6,8,9,0.889
1250761,22852,22805,29487,7,7,3,4,0.5714,0.1429,0.963,6,8,9,0.889
1133185,22852,22805,29487,7,7,3,4,0.5714,0.1429,0.963,6,8,9,0.889
1300596,22852,22805,29487,7,7,3,4,0.5714,0.1429,0.963,6,8,9,0.889
1166134,19085,19069,31111,7,7,3,4,0.5714,0.1429,0.963,6,8,9,0.889
1166135,19085,19069,31111,7,7,3,4,0.5714,0.1429,0.963,6,8,9,0.889
1308258,8095,8120,46159,7,7,3,4,0.5714,0.1429,0.963,6,8,9,0.889
1072989,248956,250558,12213,14,14,6,8,0.5714,0.1429,0.957,13,8,9,0.889
1072895,248956,250558,12213,14,14,6,8,0.5714,0.1429,0.957,13,8,9,0.889
1072893,248956,250558,12213,14,14,6,8,0.5714,0.1429,0.957,13,8,9,0.889
1053280,248956,250558,12213,14,14,6,8,0.5714,0.1429,0.957,13,8,9,0.889
1053282,248956,250558,12213,14,14,6,8,0.5714,0.1429,0.957,13,8,9,0.889
1072987,248956,250558,12213,14,14,6,8,0.5714,0.1429,0.957,13,8,9,0.889
1250948,8556,8550,19059,11,11,2,7,0.6364,0.4545,0.956,10,8,9,0.889
1132074,8556,8550,19059,11,11,2,7,0.6364,0.4545,0.956,10,8,9,0.889
1216028,8615,8550,19059,11,11,2,7,0.6364,0.4545,0.956,10,8,9,0.889
1249802,8615,8550,19059,11,11,2,7,0.6364,0.4545,0.956,10,8,9,0.889
1125615,1884,1930,3887,16,16,1,7,0.4375,0.375,0.956,15,8,9,0.889
1224786,276479,276478,39180,6,6,2,4,0.6667,0.3333,0.956,5,8,9,0.889
1224785,276479,276478,39180,6,6,2,4,0.6667,0.3333,0.956,5,8,9,0.889
1198498,12327,12395,39951,6,6,2,4,0.6667,0.3333,0.956,5,8,9,0.889
1198500,12327,12395,39951,6,6,2,4,0.6667,0.3333,0.956,5,8,9,0.889
1279006,20480,153291,47363,6,6,2,4,0.6667,0.3333,0.956,5,8,9,0.889
1279008,20480,153291,47363,6,6,2,4,0.6667,0.3333,0.956,5,8,9,0.889
1127198,1865,1930,3887,16,16,3,7,0.4375,0.25,0.956,15,8,9,0.889
1108589,1865,1930,3887,16,16,3,7,0.4375,0.25,0.956,15,8,9,0.889
1013013,1865,1930,3887,16,16,3,7,0.4375,0.25,0.956,15,8,9,0.889
1124753,20303,1930,3887,16,16,5,7,0.4375,0.125,0.956,15,8,9,0.889
1124754,20303,1930,3887,16,16,5,7,0.4375,0.125,0.956,15,8,9,0.889
1124755,20303,1930,3887,16,16,5,7,0.4375,0.125,0.956,15,8,9,0.889
1124802,20303,1930,3887,16,16,5,7,0.4375,0.125,0.956,15,8,9,0.889
1124034,20303,1930,3887,16,16,5,7,0.4375,0.125,0.956,15,8,9,0.889
1082355,1559,1483,18922,6,6,3,3,0.5,0.0,0.956,5,8,9,0.889
1111043,1559,1483,18922,6,6,3,3,0.5,0.0,0.956,5,8,9,0.889
1082352,1559,1483,18922,6,6,3,3,0.5,0.0,0.956,5,8,9,0.889
1174407,820,818,26196,6,6,3,3,0.5,0.0,0.956,5,8,9,0.889
1127299,820,818,26196,6,6,3,3,0.5,0.0,0.956,5,8,9,0.889
1127302,820,818,26196,6,6,3,3,0.5,0.0,0.956,5,8,9,0.889
1198578,9388,9338,39978,6,6,2,2,0.3333,0.0,0.956,5,8,9,0.889
1226124,9388,9338,39978,6,6,2,2,0.3333,0.0,0.956,5,8,9,0.889
1226168,23665,9338,39978,6,6,2,2,0.3333,0.0,0.956,5,8,9,0.889
1226169,23665,9338,39978,6,6,2,2,0.3333,0.0,0.956,5,8,9,0.889
1044323,343313,287042,3791,13,13,4,8,0.6154,0.3077,0.954,12,8,9,0.889
1065111,343313,287042,3791,13,13,4,8,0.6154,0.3077,0.954,12,8,9,0.889
1056723,343313,287042,3791,13,13,4,8,0.6154,0.3077,0.954,12,8,9,0.889
1065002,343313,287042,3791,13,13,4,8,0.6154,0.3077,0.954,12,8,9,0.889
1143926,14462,14497,31560,13,13,4,5,0.3846,0.0769,0.954,12,8,9,0.889
1143928,14462,14497,31560,13,13,4,5,0.3846,0.0769,0.954,12,8,9,0.889
1143900,14463,14497,31560,13,13,4,5,0.3846,0.0769,0.954,12,8,9,0.889
1143912,14463,14497,31560,13,13,4,5,0.3846,0.0769,0.954,12,8,9,0.889
1143954,14463,14497,31560,13,13,4,5,0.3846,0.0769,0.954,12,8,9,0.889
1143955,14463,14497,31560,13,13,4,5,0.3846,0.0769,0.954,12,8,9,0.889
1143956,14462,14497,31560,13,13,4,5,0.3846,0.0769,0.954,12,8,9,0.889
1143957,14462,14497,31560,13,13,4,5,0.3846,0.0769,0.954,12,8,9,0.889
1221246,165116,165117,41849,8,8,2,6,0.75,0.5,0.952,7,8,9,0.889
1209678,165116,165117,41849,8,8,2,6,0.75,0.5,0.952,7,8,9,0.889
1069311,19220,19224,15344,8,8,3,5,0.625,0.25,0.952,7,8,9,0.889
1069312,19220,19224,15344,8,8,3,5,0.625,0.25,0.952,7,8,9,0.889
1082429,14944,14918,18942,8,8,4,4,0.5,0.0,0.952,7,8,9,0.889
1082431,14944,14918,18942,8,8,4,4,0.5,0.0,0.952,7,8,9,0.889
1089582,14944,14918,18942,8,8,4,4,0.5,0.0,0.952,7,8,9,0.889
1072451,132141,132140,1568,7,7,1,6,0.8571,0.7143,0.944,6,8,9,0.889
1057691,283837,283836,12931,7,7,1,5,0.7143,0.5714,0.944,6,8,9,0.889
1138508,172493,172492,12646,9,9,1,6,0.6667,0.5556,0.944,8,8,9,0.889
1288129,9322,23604,49207,9,9,2,7,0.7778,0.5556,0.944,8,8,9,0.889
1288130,9322,23604,49207,9,9,2,7,0.7778,0.5556,0.944,8,8,9,0.889
1281215,17812,17825,48338,7,7,2,5,0.7143,0.4286,0.944,6,8,9,0.889
1037761,278079,375645,3221,3,3,1,2,0.6667,0.3333,0.944,2,8,9,0.889
1128609,204,19779,28356,3,3,1,2,0.6667,0.3333,0.944,2,8,9,0.889
1165379,3998,3999,33804,3,3,1,2,0.6667,0.3333,0.944,2,8,9,0.889
1178457,1726,13662,37093,3,3,1,2,0.6667,0.3333,0.944,2,8,9,0.889
1180896,271687,3436,37243,3,3,1,2,0.6667,0.3333,0.944,2,8,9,0.889
1174912,375026,1515,36281,5,5,2,3,0.6,0.2,0.944,4,8,9,0.889
1175497,375026,1515,36281,5,5,2,3,0.6,0.2,0.944,4,8,9,0.889
1023729,8705,23301,6327,7,7,3,4,0.5714,0.1429,0.944,6,8,9,0.889
1023728,8705,23301,6327,7,7,3,4,0.5714,0.1429,0.944,6,8,9,0.889
1179460,1574,1494,37397,7,7,3,4,0.5714,0.1429,0.944,6,8,9,0.889
1179461,1574,1494,37397,7,7,3,4,0.5714,0.1429,0.944,6,8,9,0.889
1179462,1574,1494,37397,7,7,3,4,0.5714,0.1429,0.944,6,8,9,0.889
1306294,26887,26899,47178,16,16,1,5,0.3125,0.25,0.941,15,8,9,0.889
1302441,26888,26899,47178,16,16,1,5,0.3125,0.25,0.941,15,8,9,0.889
1306291,17863,26899,47178,16,16,2,5,0.3125,0.1875,0.941,15,8,9,0.889
1306293,17863,26899,47178,16,16,2,5,0.3125,0.1875,0.941,15,8,9,0.889
1175726,12441,12223,36416,16,16,3,4,0.25,0.0625,0.941,15,8,9,0.889
1175758,12270,12223,36416,16,16,3,4,0.25,0.0625,0.941,15,8,9,0.889
1195011,12270,12223,36416,16,16,3,4,0.25,0.0625,0.941,15,8,9,0.889
1175748,12270,12223,36416,16,16,3,4,0.25,0.0625,0.941,15,8,9,0.889
1180328,12441,12223,36416,16,16,3,4,0.25,0.0625,0.941,15,8,9,0.889
1180330,12441,12223,36416,16,16,3,4,0.25,0.0625,0.941,15,8,9,0.889
1108303,233597,233596,12233,16,16,8,8,0.5,0.0,0.941,15,8,9,0.889
1099051,233597,233596,12233,16,16,8,8,0.5,0.0,0.941,15,8,9,0.889
1099052,233597,233596,12233,16,16,8,8,0.5,0.0,0.941,15,8,9,0.889
1099053,233597,233596,12233,16,16,8,8,0.5,0.0,0.941,15,8,9,0.889
1053274,233597,233596,12233,16,16,8,8,0.5,0.0,0.941,15,8,9,0.889
1053272,233597,233596,12233,16,16,8,8,0.5,0.0,0.941,15,8,9,0.889
1053273,233597,233596,12233,16,16,8,8,0.5,0.0,0.941,15,8,9,0.889
1099101,233597,233596,12233,16,16,8,8,0.5,0.0,0.941,15,8,9,0.889
1175727,12514,12223,36416,16,16,4,4,0.25,0.0,0.941,15,8,9,0.889
1175356,12514,12223,36416,16,16,4,4,0.25,0.0,0.941,15,8,9,0.889
1189172,4400,21574,24126,14,14,4,7,0.5,0.2143,0.94,13,8,9,0.889
1189244,4400,21574,24126,14,14,4,7,0.5,0.2143,0.94,13,8,9,0.889
1189159,4400,21574,24126,14,14,4,7,0.5,0.2143,0.94,13,8,9,0.889
1189295,4400,21574,24126,14,14,4,7,0.5,0.2143,0.94,13,8,9,0.889
1133232,284476,284167,29088,14,14,2,4,0.2857,0.1429,0.94,13,8,9,0.889
1133233,284479,284167,29088,14,14,2,4,0.2857,0.1429,0.94,13,8,9,0.889
1195451,284483,284167,29088,14,14,2,4,0.2857,0.1429,0.94,13,8,9,0.889
1195559,284483,284167,29088,14,14,2,4,0.2857,0.1429,0.94,13,8,9,0.889
1133563,284479,284167,29088,14,14,2,4,0.2857,0.1429,0.94,13,8,9,0.889
1181246,15955,15968,9789,14,14,3,4,0.2857,0.0714,0.94,13,8,9,0.889
1181140,15955,15968,9789,14,14,3,4,0.2857,0.0714,0.94,13,8,9,0.889
1038558,15955,15968,9789,14,14,3,4,0.2857,0.0714,0.94,13,8,9,0.889
1133562,285435,284167,29088,14,14,4,4,0.2857,0.0,0.94,13,8,9,0.889
1133564,285435,284167,29088,14,14,4,4,0.2857,0.0,0.94,13,8,9,0.889
1133565,285435,284167,29088,14,14,4,4,0.2857,0.0,0.94,13,8,9,0.889
1191066,19212,19168,20925,21,21,2,7,0.3333,0.2381,0.939,20,8,9,0.889
1191067,19212,19168,20925,21,21,2,7,0.3333,0.2381,0.939,20,8,9,0.889
1185417,19239,19168,20925,21,21,6,7,0.3333,0.0476,0.939,20,8,9,0.889
1185570,19239,19168,20925,21,21,6,7,0.3333,0.0476,0.939,20,8,9,0.889
1186159,19239,19168,20925,21,21,6,7,0.3333,0.0476,0.939,20,8,9,0.889
1183637,19239,19168,20925,21,21,6,7,0.3333,0.0476,0.939,20,8,9,0.889
1184879,19239,19168,20925,21,21,6,7,0.3333,0.0476,0.939,20,8,9,0.889
1031247,169285,167997,8121,10,10,5,5,0.5,0.0,0.938,9,8,9,0.889
1031248,169285,167997,8121,10,10,5,5,0.5,0.0,0.938,9,8,9,0.889
1031249,169285,167997,8121,10,10,5,5,0.5,0.0,0.938,9,8,9,0.889
1031250,169285,167997,8121,10,10,5,5,0.5,0.0,0.938,9,8,9,0.889
1031252,169285,167997,8121,10,10,5,5,0.5,0.0,0.938,9,8,9,0.889
1042827,280963,276504,10712,10,10,5,5,0.5,0.0,0.938,9,8,9,0.889
1042828,280963,276504,10712,10,10,5,5,0.5,0.0,0.938,9,8,9,0.889
1057740,280963,276504,10712,10,10,5,5,0.5,0.0,0.938,9,8,9,0.889
1042811,280963,276504,10712,10,10,5,5,0.5,0.0,0.938,9,8,9,0.889
1042824,280963,276504,10712,10,10,5,5,0.5,0.0,0.938,9,8,9,0.889
1196509,24064,10251,35915,10,10,5,5,0.5,0.0,0.938,9,8,9,0.889
1196006,24064,10251,35915,10,10,5,5,0.5,0.0,0.938,9,8,9,0.889
1210111,24064,10251,35915,10,10,5,5,0.5,0.0,0.938,9,8,9,0.889
1170653,24064,10251,35915,10,10,5,5,0.5,0.0,0.938,9,8,9,0.889
1170654,24064,10251,35915,10,10,5,5,0.5,0.0,0.938,9,8,9,0.889
1081938,18956,18970,18757,8,8,3,5,0.625,0.25,0.937,7,8,9,0.889
1185259,18956,18970,18757,8,8,3,5,0.625,0.25,0.937,7,8,9,0.889
1123080,13342,13290,26690,8,8,3,4,0.5,0.125,0.937,7,8,9,0.889
1123081,13342,13290,26690,8,8,3,4,0.5,0.125,0.937,7,8,9,0.889
1123058,13342,13290,26690,8,8,3,4,0.5,0.125,0.937,7,8,9,0.889
1128714,20389,2005,16925,15,15,7,7,0.4667,0.0,0.937,14,8,9,0.889
1155379,20389,2005,16925,15,15,7,7,0.4667,0.0,0.937,14,8,9,0.889
1155381,20389,2005,16925,15,15,7,7,0.4667,0.0,0.937,14,8,9,0.889
1155384,20389,2005,16925,15,15,7,7,0.4667,0.0,0.937,14,8,9,0.889
1154899,20389,2005,16925,15,15,7,7,0.4667,0.0,0.937,14,8,9,0.889
1155388,20389,2005,16925,15,15,7,7,0.4667,0.0,0.937,14,8,9,0.889
1154900,20389,2005,16925,15,15,7,7,0.4667,0.0,0.937,14,8,9,0.889
1021824,174408,174403,5811,8,8,4,4,0.5,0.0,0.937,7,8,9,0.889
1021825,174408,174403,5811,8,8,4,4,0.5,0.0,0.937,7,8,9,0.889
1021878,174408,174403,5811,8,8,4,4,0.5,0.0,0.937,7,8,9,0.889
1021879,174408,174403,5811,8,8,4,4,0.5,0.0,0.937,7,8,9,0.889
1209834,12132,12110,40466,8,8,4,4,0.5,0.0,0.937,7,8,9,0.889
1209899,12132,12110,40466,8,8,4,4,0.5,0.0,0.937,7,8,9,0.889
1209900,12132,12110,40466,8,8,4,4,0.5,0.0,0.937,7,8,9,0.889
1200334,12132,12110,40466,8,8,4,4,0.5,0.0,0.937,7,8,9,0.889
1009259,359723,359732,884,6,6,1,5,0.8333,0.6667,0.933,5,8,9,0.889
1045994,328315,328316,11359,6,6,1,5,0.8333,0.6667,0.933,5,8,9,0.889
1289253,7237,7206,16856,6,6,1,5,0.8333,0.6667,0.933,5,8,9,0.889
1185035,19648,19646,38126,6,6,1,5,0.8333,0.6667,0.933,5,8,9,0.889
1111912,14646,25830,24510,6,6,2,4,0.6667,0.3333,0.933,5,8,9,0.889
1110573,14646,25830,24510,6,6,2,4,0.6667,0.3333,0.933,5,8,9,0.889
1268924,10235,10241,44706,11,11,2,5,0.4545,0.2727,0.933,10,8,9,0.889
1268925,10235,10241,44706,11,11,2,5,0.4545,0.2727,0.933,10,8,9,0.889
1137819,482622,482621,2344,11,11,2,4,0.3636,0.1818,0.933,10,8,9,0.889
1202270,18093,18106,20504,6,6,2,3,0.5,0.1667,0.933,5,8,9,0.889
1202271,18093,18106,20504,6,6,2,3,0.5,0.1667,0.933,5,8,9,0.889
1027206,10544,10533,5913,11,11,5,6,0.5455,0.0909,0.933,10,8,9,0.889
1048883,10544,10533,5913,11,11,5,6,0.5455,0.0909,0.933,10,8,9,0.889
1022163,10544,10533,5913,11,11,5,6,0.5455,0.0909,0.933,10,8,9,0.889
1024170,10544,10533,5913,11,11,5,6,0.5455,0.0909,0.933,10,8,9,0.889
1022134,10544,10533,5913,11,11,5,6,0.5455,0.0909,0.933,10,8,9,0.889
1037175,23487,9102,9501,11,11,5,6,0.5455,0.0909,0.933,10,8,9,0.889
1037177,23487,9102,9501,11,11,5,6,0.5455,0.0909,0.933,10,8,9,0.889
1135451,23487,9102,9501,11,11,5,6,0.5455,0.0909,0.933,10,8,9,0.889
1054029,23487,9102,9501,11,11,5,6,0.5455,0.0909,0.933,10,8,9,0.889
1060445,23487,9102,9501,11,11,5,6,0.5455,0.0909,0.933,10,8,9,0.889
1248320,10294,10241,44706,11,11,4,5,0.4545,0.0909,0.933,10,8,9,0.889
1289208,10294,10241,44706,11,11,4,5,0.4545,0.0909,0.933,10,8,9,0.889
1273850,10294,10241,44706,11,11,4,5,0.4545,0.0909,0.933,10,8,9,0.889
1034755,482623,482621,2344,11,11,4,4,0.3636,0.0,0.933,10,8,9,0.889
1283270,482623,482621,2344,11,11,4,4,0.3636,0.0,0.933,10,8,9,0.889
1130978,482623,482621,2344,11,11,4,4,0.3636,0.0,0.933,10,8,9,0.889
1265540,389675,8202,45037,9,9,1,4,0.4444,0.3333,0.931,8,8,9,0.889
1096360,377611,12464,21809,9,8,2,3,0.375,0.125,0.931,8,8,9,0.889
1166149,377611,12464,21809,9,8,2,3,0.375,0.125,0.931,8,8,9,0.889
1076810,18871,18981,4776,9,9,4,5,0.5556,0.1111,0.931,8,8,9,0.889
1077785,18871,18981,4776,9,9,4,5,0.5556,0.1111,0.931,8,8,9,0.889
1076755,18871,18981,4776,9,9,4,5,0.5556,0.1111,0.931,8,8,9,0.889
1077829,18871,18981,4776,9,9,4,5,0.5556,0.1111,0.931,8,8,9,0.889
1202224,27176,18525,18331,9,9,4,5,0.5556,0.1111,0.931,8,8,9,0.889
1082487,27176,18525,18331,9,9,4,5,0.5556,0.1111,0.931,8,8,9,0.889
1202365,27176,18525,18331,9,9,4,5,0.5556,0.1111,0.931,8,8,9,0.889
1080063,27176,18525,18331,9,9,4,5,0.5556,0.1111,0.931,8,8,9,0.889
1145870,14364,14324,18996,9,9,4,5,0.5556,0.1111,0.931,8,8,9,0.889
1145873,14364,14324,18996,9,9,4,5,0.5556,0.1111,0.931,8,8,9,0.889
1148946,14364,14324,18996,9,9,4,5,0.5556,0.1111,0.931,8,8,9,0.889
1095295,14364,14324,18996,9,9,4,5,0.5556,0.1111,0.931,8,8,9,0.889
1302426,6637,6591,28717,9,9,4,5,0.5556,0.1111,0.931,8,8,9,0.889
1302429,6637,6591,28717,9,9,4,5,0.5556,0.1111,0.931,8,8,9,0.889
1302428,6637,6591,28717,9,9,4,5,0.5556,0.1111,0.931,8,8,9,0.889
1137541,6637,6591,28717,9,9,4,5,0.5556,0.1111,0.931,8,8,9,0.889
1225642,8751,23297,30115,9,9,4,5,0.5556,0.1111,0.931,8,8,9,0.889
1229516,8751,23297,30115,9,9,4,5,0.5556,0.1111,0.931,8,8,9,0.889
1201510,8751,23297,30115,9,9,4,5,0.5556,0.1111,0.931,8,8,9,0.889
1201511,8751,23297,30115,9,9,4,5,0.5556,0.1111,0.931,8,8,9,0.889
1222436,12820,12903,40215,9,9,4,5,0.5556,0.1111,0.931,8,8,9,0.889
1222437,12820,12903,40215,9,9,4,5,0.5556,0.1111,0.931,8,8,9,0.889
1222281,12820,12903,40215,9,9,4,5,0.5556,0.1111,0.931,8,8,9,0.889
1222270,12820,12903,40215,9,9,4,5,0.5556,0.1111,0.931,8,8,9,0.889
1287779,9265,9288,46222,9,9,4,5,0.5556,0.1111,0.931,8,8,9,0.889
1277477,9265,9288,46222,9,9,4,5,0.5556,0.1111,0.931,8,8,9,0.889
1277479,9265,9288,46222,9,9,4,5,0.5556,0.1111,0.931,8,8,9,0.889
1277480,9265,9288,46222,9,9,4,5,0.5556,0.1111,0.931,8,8,9,0.889
1308482,8508,8420,48084,9,9,4,5,0.5556,0.1111,0.931,8,8,9,0.889
1308484,8508,8420,48084,9,9,4,5,0.5556,0.1111,0.931,8,8,9,0.889
1308483,8508,8420,48084,9,9,4,5,0.5556,0.1111,0.931,8,8,9,0.889
1308913,8508,8420,48084,9,9,4,5,0.5556,0.1111,0.931,8,8,9,0.889
1006058,13257,13229,1294,9,9,4,4,0.4444,0.0,0.931,8,8,9,0.889
1006059,13257,13229,1294,9,9,4,4,0.4444,0.0,0.931,8,8,9,0.889
1006060,13257,13229,1294,9,9,4,4,0.4444,0.0,0.931,8,8,9,0.889
1055057,13257,13229,1294,9,9,4,4,0.4444,0.0,0.931,8,8,9,0.889
1279621,17299,4651,27305,9,9,4,4,0.4444,0.0,0.931,8,8,9,0.889
1279622,17299,4651,27305,9,9,4,4,0.4444,0.0,0.931,8,8,9,0.889
1249667,17299,4651,27305,9,9,4,4,0.4444,0.0,0.931,8,8,9,0.889
1288699,17299,4651,27305,9,9,4,4,0.4444,0.0,0.931,8,8,9,0.889
1307135,8216,8202,45037,9,9,4,4,0.4444,0.0,0.931,8,8,9,0.889
1307136,8216,8202,45037,9,9,4,4,0.4444,0.0,0.931,8,8,9,0.889
1307137,8216,8202,45037,9,9,4,4,0.4444,0.0,0.931,8,8,9,0.889
1180109,12508,12464,21809,9,8,3,3,0.375,0.0,0.931,8,8,9,0.889
1180111,12508,12464,21809,9,8,3,3,0.375,0.0,0.931,8,8,9,0.889
1095528,12508,12464,21809,9,8,3,3,0.375,0.0,0.931,8,8,9,0.889
1113054,210875,4212,22947,12,12,5,7,0.5833,0.1667,0.929,11,8,9,0.889
1101389,210875,4212,22947,12,12,5,7,0.5833,0.1667,0.929,11,8,9,0.889
1105006,210875,4212,22947,12,12,5,7,0.5833,0.1667,0.929,11,8,9,0.889
1105009,210875,4212,22947,12,12,5,7,0.5833,0.1667,0.929,11,8,9,0.889
1101403,210875,4212,22947,12,12,5,7,0.5833,0.1667,0.929,11,8,9,0.889
1034721,292162,292159,8973,10,10,1,9,0.9,0.8,0.926,9,8,9,0.889
1175511,13459,25417,36457,7,7,1,6,0.8571,0.7143,0.926,6,8,9,0.889
1206020,21055,21068,41254,4,4,1,3,0.75,0.5,0.926,3,8,9,0.889
1302158,2014,2079,50533,4,4,1,3,0.75,0.5,0.926,3,8,9,0.889
1009289,350227,350226,2767,7,7,2,5,0.7143,0.4286,0.926,6,8,9,0.889
1009286,350227,350226,2767,7,7,2,5,0.7143,0.4286,0.926,6,8,9,0.889
1066077,172164,172163,7977,10,10,4,6,0.6,0.2,0.926,9,8,9,0.889
1066337,172164,172163,7977,10,10,4,6,0.6,0.2,0.926,9,8,9,0.889
1066080,172164,172163,7977,10,10,4,6,0.6,0.2,0.926,9,8,9,0.889
1117142,172164,172163,7977,10,10,4,6,0.6,0.2,0.926,9,8,9,0.889
1036934,364526,344979,9440,10,10,4,6,0.6,0.2,0.926,9,8,9,0.889
1036935,364526,344979,9440,10,10,4,6,0.6,0.2,0.926,9,8,9,0.889
1036936,364526,344979,9440,10,10,4,6,0.6,0.2,0.926,9,8,9,0.889
1036937,364526,344979,9440,10,10,4,6,0.6,0.2,0.926,9,8,9,0.889
1082277,255690,14067,18642,10,10,4,6,0.6,0.2,0.926,9,8,9,0.889
1082278,255690,14067,18642,10,10,4,6,0.6,0.2,0.926,9,8,9,0.889
1082279,255690,14067,18642,10,10,4,6,0.6,0.2,0.926,9,8,9,0.889
1081473,255690,14067,18642,10,10,4,6,0.6,0.2,0.926,9,8,9,0.889
1035395,10871,66227,9117,7,7,2,3,0.4286,0.1429,0.926,6,8,9,0.889
1035397,10879,66227,9117,7,7,2,3,0.4286,0.1429,0.926,6,8,9,0.889
1035398,10871,66227,9117,7,7,2,3,0.4286,0.1429,0.926,6,8,9,0.889
1308057,8075,8033,47771,7,7,3,4,0.5714,0.1429,0.926,6,8,9,0.889
1138307,26262,15918,31055,10,10,5,5,0.5,0.0,0.926,9,8,9,0.889
1144744,26262,15918,31055,10,10,5,5,0.5,0.0,0.926,9,8,9,0.889
1144551,26262,15918,31055,10,10,5,5,0.5,0.0,0.926,9,8,9,0.889
1166036,26262,15918,31055,10,10,5,5,0.5,0.0,0.926,9,8,9,0.889
1138595,26262,15918,31055,10,10,5,5,0.5,0.0,0.926,9,8,9,0.889
1025657,56312,32607,1120,4,4,2,2,0.5,0.0,0.926,3,8,9,0.889
1002933,56312,32607,1120,4,4,2,2,0.5,0.0,0.926,3,8,9,0.889
1025753,11997,11987,6713,4,4,2,2,0.5,0.0,0.926,3,8,9,0.889
1048786,11997,11987,6713,4,4,2,2,0.5,0.0,0.926,3,8,9,0.889
1250778,22271,7,16627,4,4,2,2,0.5,0.0,0.926,3,8,9,0.889
1133193,22271,7,16627,4,4,2,2,0.5,0.0,0.926,3,8,9,0.889
1089265,14951,2857,19821,4,4,2,2,0.5,0.0,0.926,3,8,9,0.889
1090123,14951,2857,19821,4,4,2,2,0.5,0.0,0.926,3,8,9,0.889
1283428,7194,22621,19093,17,17,6,11,0.6471,0.2941,0.924,16,8,9,0.889
1304260,7194,22621,19093,17,17,6,11,0.6471,0.2941,0.924,16,8,9,0.889
1134125,7194,22621,19093,17,17,6,11,0.6471,0.2941,0.924,16,8,9,0.889
1136287,7194,22621,19093,17,17,6,11,0.6471,0.2941,0.924,16,8,9,0.889
1304174,7194,22621,19093,17,17,6,11,0.6471,0.2941,0.924,16,8,9,0.889
1082839,7194,22621,19093,17,17,6,11,0.6471,0.2941,0.924,16,8,9,0.889
1154692,20394,2110,20913,17,17,6,11,0.6471,0.2941,0.924,16,8,9,0.889
1154799,20394,2110,20913,17,17,6,11,0.6471,0.2941,0.924,16,8,9,0.889
1154800,20394,2110,20913,17,17,6,11,0.6471,0.2941,0.924,16,8,9,0.889
1154738,20394,2110,20913,17,17,6,11,0.6471,0.2941,0.924,16,8,9,0.889
1154739,20394,2110,20913,17,17,6,11,0.6471,0.2941,0.924,16,8,9,0.889
1137912,20394,2110,20913,17,17,6,11,0.6471,0.2941,0.924,16,8,9,0.889
1137034,15679,15668,3628,14,14,4,6,0.4286,0.1429,0.923,13,8,9,0.889
1081968,26160,15668,3628,14,14,4,6,0.4286,0.1429,0.923,13,8,9,0.889
1083137,26160,15668,3628,14,14,4,6,0.4286,0.1429,0.923,13,8,9,0.889
1083138,15679,15668,3628,14,14,4,6,0.4286,0.1429,0.923,13,8,9,0.889
1066152,15679,15668,3628,14,14,4,6,0.4286,0.1429,0.923,13,8,9,0.889
1088803,26160,15668,3628,14,14,4,6,0.4286,0.1429,0.923,13,8,9,0.889
1087896,15679,15668,3628,14,14,4,6,0.4286,0.1429,0.923,13,8,9,0.889
1090624,26160,15668,3628,14,14,4,6,0.4286,0.1429,0.923,13,8,9,0.889
1095085,420288,420286,6622,11,11,1,10,0.9091,0.8182,0.922,10,8,9,0.889
1278601,17096,17061,5522,18,18,4,5,0.2778,0.0556,0.922,17,8,9,0.889
1278604,17096,17061,5522,18,18,4,5,0.2778,0.0556,0.922,17,8,9,0.889
1278514,26629,17061,5522,18,18,4,5,0.2778,0.0556,0.922,17,8,9,0.889
1278549,26629,17061,5522,18,18,4,5,0.2778,0.0556,0.922,17,8,9,0.889
1278550,26629,17061,5522,18,18,4,5,0.2778,0.0556,0.922,17,8,9,0.889
1278567,17117,17061,5522,18,18,5,5,0.2778,0.0,0.922,17,8,9,0.889
1278517,17117,17061,5522,18,18,5,5,0.2778,0.0,0.922,17,8,9,0.889
1278568,17117,17061,5522,18,18,5,5,0.2778,0.0,0.922,17,8,9,0.889
1047426,10857,10822,11587,8,8,2,6,0.75,0.5,0.921,7,8,9,0.889
1027876,8138,22997,1103,15,15,5,10,0.6667,0.3333,0.921,14,8,9,0.889
1027879,8138,22997,1103,15,15,5,10,0.6667,0.3333,0.921,14,8,9,0.889
1027863,8138,22997,1103,15,15,5,10,0.6667,0.3333,0.921,14,8,9,0.889
1027881,8138,22997,1103,15,15,5,10,0.6667,0.3333,0.921,14,8,9,0.889
1027865,8138,22997,1103,15,15,5,10,0.6667,0.3333,0.921,14,8,9,0.889
1102963,16608,16600,23073,8,8,3,5,0.625,0.25,0.921,7,8,9,0.889
1171799,16608,16600,23073,8,8,3,5,0.625,0.25,0.921,7,8,9,0.889
1102964,16608,16600,23073,8,8,3,5,0.625,0.25,0.921,7,8,9,0.889
1267910,22958,7994,42523,8,8,3,5,0.625,0.25,0.921,7,8,9,0.889
1228507,22958,7994,42523,8,8,3,5,0.625,0.25,0.921,7,8,9,0.889
1229215,22958,7994,42523,8,8,3,5,0.625,0.25,0.921,7,8,9,0.889
1276727,6999,6997,29665,15,15,5,6,0.4,0.0667,0.921,14,8,9,0.889
1304782,6999,6997,29665,15,15,5,6,0.4,0.0667,0.921,14,8,9,0.889
1304786,6999,6997,29665,15,15,5,6,0.4,0.0667,0.921,14,8,9,0.889
1305990,6999,6997,29665,15,15,5,6,0.4,0.0667,0.921,14,8,9,0.889
1305993,6999,6997,29665,15,15,5,6,0.4,0.0667,0.921,14,8,9,0.889
1062681,281923,281924,14450,5,5,1,4,0.8,0.6,0.917,4,8,9,0.889
1178998,13847,13875,37324,5,5,1,4,0.8,0.6,0.917,4,8,9,0.889
1092314,16232,16268,2202,9,9,3,6,0.6667,0.3333,0.917,8,8,9,0.889
1092725,16232,16268,2202,9,9,3,6,0.6667,0.3333,0.917,8,8,9,0.889
1092313,16232,16268,2202,9,9,3,6,0.6667,0.3333,0.917,8,8,9,0.889
1136140,22990,8070,26085,5,5,2,3,0.6,0.2,0.917,4,8,9,0.889
1120024,22990,8070,26085,5,5,2,3,0.6,0.2,0.917,4,8,9,0.889
1144615,15692,26162,29211,5,5,2,3,0.6,0.2,0.917,4,8,9,0.889
1144583,15692,26162,29211,5,5,2,3,0.6,0.2,0.917,4,8,9,0.889
1148496,2995,3009,32435,5,5,2,3,0.6,0.2,0.917,4,8,9,0.889
1148504,2995,3009,32435,5,5,2,3,0.6,0.2,0.917,4,8,9,0.889
1268583,407,404,45811,5,5,2,3,0.6,0.2,0.917,4,8,9,0.889
1268584,407,404,45811,5,5,2,3,0.6,0.2,0.917,4,8,9,0.889
1307466,8291,8230,22281,9,9,4,5,0.5556,0.1111,0.917,8,8,9,0.889
1307468,8291,8230,22281,9,9,4,5,0.5556,0.1111,0.917,8,8,9,0.889
1307462,8291,8230,22281,9,9,4,5,0.5556,0.1111,0.917,8,8,9,0.889
1113599,25435,13463,25226,9,9,4,5,0.5556,0.1111,0.917,8,8,9,0.889
1113600,25435,13463,25226,9,9,4,5,0.5556,0.1111,0.917,8,8,9,0.889
1113596,25435,13463,25226,9,9,4,5,0.5556,0.1111,0.917,8,8,9,0.889
1113598,25435,13463,25226,9,9,4,5,0.5556,0.1111,0.917,8,8,9,0.889
1165091,375454,3058,33721,9,9,4,5,0.5556,0.1111,0.917,8,8,9,0.889
1164806,375454,3058,33721,9,9,4,5,0.5556,0.1111,0.917,8,8,9,0.889
1156559,375454,3058,33721,9,9,4,5,0.5556,0.1111,0.917,8,8,9,0.889
1272979,2269,14093,46592,9,9,4,5,0.5556,0.1111,0.917,8,8,9,0.889
1272981,2269,14093,46592,9,9,4,5,0.5556,0.1111,0.917,8,8,9,0.889
1181243,15948,15968,9789,14,14,3,4,0.2857,0.0714,0.915,13,8,9,0.889
1181260,15948,15968,9789,14,14,3,4,0.2857,0.0714,0.915,13,8,9,0.889
1181263,15948,15968,9789,14,14,3,4,0.2857,0.0714,0.915,13,8,9,0.889
1181261,15996,15968,9789,14,14,4,4,0.2857,0.0,0.915,13,8,9,0.889
1178032,25556,13852,27449,10,10,4,6,0.6,0.2,0.914,9,8,9,0.889
1178033,25556,13852,27449,10,10,4,6,0.6,0.2,0.914,9,8,9,0.889
1144062,15974,15931,31583,15,15,4,6,0.4,0.1333,0.913,14,8,9,0.889
1154891,15974,15931,31583,15,15,4,6,0.4,0.1333,0.913,14,8,9,0.889
1144064,15974,15931,31583,15,15,4,6,0.4,0.1333,0.913,14,8,9,0.889
1146883,15974,15931,31583,15,15,4,6,0.4,0.1333,0.913,14,8,9,0.889
1146207,15941,15931,31583,15,15,4,6,0.4,0.1333,0.913,14,8,9,0.889
1146206,15941,15931,31583,15,15,4,6,0.4,0.1333,0.913,14,8,9,0.889
1146209,15941,15931,31583,15,15,4,6,0.4,0.1333,0.913,14,8,9,0.889
1231968,15941,15931,31583,15,15,4,6,0.4,0.1333,0.913,14,8,9,0.889
1297699,18056,18052,46943,6,6,1,4,0.6667,0.5,0.911,5,8,9,0.889
1281162,18036,18052,46943,6,6,1,4,0.6667,0.5,0.911,5,8,9,0.889
1300557,8081,8118,49116,6,6,1,4,0.6667,0.5,0.911,5,8,9,0.889
1001412,433,441,282,6,6,1,3,0.5,0.3333,0.911,5,8,9,0.889
1001403,440,441,282,6,6,1,3,0.5,0.3333,0.911,5,8,9,0.889
1059491,10598,10560,13496,6,6,2,3,0.5,0.1667,0.911,5,8,9,0.889
1059847,10598,10560,13496,6,6,2,3,0.5,0.1667,0.911,5,8,9,0.889
1301130,22501,6905,22342,11,11,5,6,0.5455,0.0909,0.911,10,8,9,0.889
1301163,22501,6905,22342,11,11,5,6,0.5455,0.0909,0.911,10,8,9,0.889
1301147,22501,6905,22342,11,11,5,6,0.5455,0.0909,0.911,10,8,9,0.889
1003622,11542,11499,974,6,6,3,3,0.5,0.0,0.911,5,8,9,0.889
1002534,11542,11499,974,6,6,3,3,0.5,0.0,0.911,5,8,9,0.889
1104383,16971,16928,23579,6,6,3,3,0.5,0.0,0.911,5,8,9,0.889
1109070,16971,16928,23579,6,6,3,3,0.5,0.0,0.911,5,8,9,0.889
1224532,9377,23634,40067,17,17,1,6,0.3529,0.2941,0.91,16,8,9,0.889
1199479,23657,23634,40067,17,17,5,6,0.3529,0.0588,0.91,16,8,9,0.889
1199480,23657,23634,40067,17,17,5,6,0.3529,0.0588,0.91,16,8,9,0.889
1199481,23657,23634,40067,17,17,5,6,0.3529,0.0588,0.91,16,8,9,0.889
1199496,23657,23634,40067,17,17,5,6,0.3529,0.0588,0.91,16,8,9,0.889
1199478,23657,23634,40067,17,17,5,6,0.3529,0.0588,0.91,16,8,9,0.889
1039775,23622,23600,10082,12,12,4,8,0.6667,0.3333,0.909,11,8,9,0.889
1039778,23622,23600,10082,12,12,4,8,0.6667,0.3333,0.909,11,8,9,0.889
1039781,23622,23600,10082,12,12,4,8,0.6667,0.3333,0.909,11,8,9,0.889
1039782,23622,23600,10082,12,12,4,8,0.6667,0.3333,0.909,11,8,9,0.889
1090308,15405,15426,18325,12,12,3,5,0.4167,0.1667,0.909,11,8,9,0.889
1137184,15405,15426,18325,12,12,3,5,0.4167,0.1667,0.909,11,8,9,0.889
1080054,15405,15426,18325,12,12,3,5,0.4167,0.1667,0.909,11,8,9,0.889
1184644,18548,18583,35080,12,12,5,7,0.5833,0.1667,0.909,11,8,9,0.889
1184645,18548,18583,35080,12,12,5,7,0.5833,0.1667,0.909,11,8,9,0.889
1167270,18548,18583,35080,12,12,5,7,0.5833,0.1667,0.909,11,8,9,0.889
1167271,18548,18583,35080,12,12,5,7,0.5833,0.1667,0.909,11,8,9,0.889
1286359,6479,6428,13505,12,12,3,4,0.3333,0.0833,0.909,11,8,9,0.889
1286360,6479,6428,13505,12,12,3,4,0.3333,0.0833,0.909,11,8,9,0.889
1286362,6479,6428,13505,12,12,3,4,0.3333,0.0833,0.909,11,8,9,0.889
1059518,6495,6428,13505,12,12,3,4,0.3333,0.0833,0.909,11,8,9,0.889
1286372,6495,6428,13505,12,12,3,4,0.3333,0.0833,0.909,11,8,9,0.889
1286373,6495,6428,13505,12,12,3,4,0.3333,0.0833,0.909,11,8,9,0.889
1179888,,477901,22236,7,6,0,6,1.0,1.0,0.907,6,8,9,0.889
1280430,4957,4963,48135,7,7,1,6,0.8571,0.7143,0.907,6,8,9,0.889
1072494,229762,229767,16375,7,7,2,5,0.7143,0.4286,0.907,6,8,9,0.889
1108570,229762,229767,16375,7,7,2,5,0.7143,0.4286,0.907,6,8,9,0.889
1229774,19623,19628,16578,7,7,2,5,0.7143,0.4286,0.907,6,8,9,0.889
1073078,19623,19628,16578,7,7,2,5,0.7143,0.4286,0.907,6,8,9,0.889
1073617,6916,6921,16820,7,7,2,5,0.7143,0.4286,0.907,6,8,9,0.889
1097700,6916,6921,16820,7,7,2,5,0.7143,0.4286,0.907,6,8,9,0.889
1186117,19626,27452,4609,7,7,2,4,0.5714,0.2857,0.907,6,8,9,0.889
1185589,19626,27452,4609,7,7,2,4,0.5714,0.2857,0.907,6,8,9,0.889
1136850,19519,27412,15564,19,19,3,8,0.4211,0.2632,0.907,18,8,9,0.889
1070609,19519,27412,15564,19,19,3,8,0.4211,0.2632,0.907,18,8,9,0.889
1070635,27420,27412,15564,19,19,3,8,0.4211,0.2632,0.907,18,8,9,0.889
1070649,27420,27412,15564,19,19,3,8,0.4211,0.2632,0.907,18,8,9,0.889
1070652,27420,27412,15564,19,19,3,8,0.4211,0.2632,0.907,18,8,9,0.889
1079947,19519,27412,15564,19,19,3,8,0.4211,0.2632,0.907,18,8,9,0.889
1083981,13482,13462,19460,7,7,3,4,0.5714,0.1429,0.907,6,8,9,0.889
1083983,13482,13462,19460,7,7,3,4,0.5714,0.1429,0.907,6,8,9,0.889
1208362,1036,19987,39498,7,7,3,4,0.5714,0.1429,0.907,6,8,9,0.889
1208343,1036,19987,39498,7,7,3,4,0.5714,0.1429,0.907,6,8,9,0.889
1247659,22622,7073,44693,7,7,3,4,0.5714,0.1429,0.907,6,8,9,0.889
1249744,22622,7073,44693,7,7,3,4,0.5714,0.1429,0.907,6,8,9,0.889
1073278,343755,20713,12019,14,14,3,11,0.7857,0.5714,0.906,13,8,9,0.889
1156699,343755,20713,12019,14,14,3,11,0.7857,0.5714,0.906,13,8,9,0.889
1052645,343755,20713,12019,14,14,3,11,0.7857,0.5714,0.906,13,8,9,0.889
1279088,142401,20742,3575,14,14,1,7,0.5,0.4286,0.906,13,8,9,0.889
1279081,14713,20742,3575,14,14,2,7,0.5,0.3571,0.906,13,8,9,0.889
1261390,25887,20742,3575,14,14,2,7,0.5,0.3571,0.906,13,8,9,0.889
1257669,25887,20742,3575,14,14,2,7,0.5,0.3571,0.906,13,8,9,0.889
1279082,14713,20742,3575,14,14,2,7,0.5,0.3571,0.906,13,8,9,0.889
1053147,207036,207035,12238,14,14,6,8,0.5714,0.1429,0.906,13,8,9,0.889
1108360,207036,207035,12238,14,14,6,8,0.5714,0.1429,0.906,13,8,9,0.889
1108362,207036,207035,12238,14,14,6,8,0.5714,0.1429,0.906,13,8,9,0.889
1186699,15996,15968,9789,14,14,4,4,0.2857,0.0,0.906,13,8,9,0.889
1186700,15996,15968,9789,14,14,4,4,0.2857,0.0,0.906,13,8,9,0.889
1181251,15996,15968,9789,14,14,4,4,0.2857,0.0,0.906,13,8,9,0.889
1019164,36137,36138,5119,8,8,1,7,0.875,0.75,0.905,7,8,9,0.889
1199153,12380,12375,22088,8,8,1,7,0.875,0.75,0.905,7,8,9,0.889
1027179,25279,12954,915,8,8,2,6,0.75,0.5,0.905,7,8,9,0.889
1048564,25279,12954,915,8,8,2,6,0.75,0.5,0.905,7,8,9,0.889
1073019,370354,282566,16540,8,8,2,6,0.75,0.5,0.905,7,8,9,0.889
1223620,370354,282566,16540,8,8,2,6,0.75,0.5,0.905,7,8,9,0.889
1138048,6478,6509,16733,8,8,2,6,0.75,0.5,0.905,7,8,9,0.889
1302662,6478,6509,16733,8,8,2,6,0.75,0.5,0.905,7,8,9,0.889
1169310,162238,162239,35567,8,8,2,6,0.75,0.5,0.905,7,8,9,0.889
1169308,162238,162239,35567,8,8,2,6,0.75,0.5,0.905,7,8,9,0.889
1119112,506648,506646,6857,8,8,3,5,0.625,0.25,0.905,7,8,9,0.889
1281640,506648,506646,6857,8,8,3,5,0.625,0.25,0.905,7,8,9,0.889
1124539,25404,13391,22094,8,8,4,4,0.5,0.0,0.905,7,8,9,0.889
1124540,25404,13391,22094,8,8,4,4,0.5,0.0,0.905,7,8,9,0.889
1124104,25404,13391,22094,8,8,4,4,0.5,0.0,0.905,7,8,9,0.889
1269301,397,389,45737,8,8,4,4,0.5,0.0,0.905,7,8,9,0.889
1269302,397,389,45737,8,8,4,4,0.5,0.0,0.905,7,8,9,0.889
1268243,397,389,45737,8,8,4,4,0.5,0.0,0.905,7,8,9,0.889
1268245,397,389,45737,8,8,4,4,0.5,0.0,0.905,7,8,9,0.889
1298416,7144,7107,49054,8,8,4,4,0.5,0.0,0.905,7,8,9,0.889
1305438,7144,7107,49054,8,8,4,4,0.5,0.0,0.905,7,8,9,0.889
1286766,7144,7107,49054,8,8,4,4,0.5,0.0,0.905,7,8,9,0.889
1287146,22622,79004,30916,16,16,1,6,0.375,0.3125,0.904,15,8,9,0.889
1287143,45086,79004,30916,16,16,2,6,0.375,0.25,0.904,15,8,9,0.889
1287145,45086,79004,30916,16,16,2,6,0.375,0.25,0.904,15,8,9,0.889
1057930,349867,349853,11696,9,9,2,7,0.7778,0.5556,0.903,8,8,9,0.889
1088989,5257,188801,15792,9,9,2,7,0.7778,0.5556,0.903,8,8,9,0.889
1070271,5257,188801,15792,9,9,2,7,0.7778,0.5556,0.903,8,8,9,0.889
1179919,25101,12657,37493,9,9,2,7,0.7778,0.5556,0.903,8,8,9,0.889
1179936,25101,12657,37493,9,9,2,7,0.7778,0.5556,0.903,8,8,9,0.889
1110600,16962,16963,24503,9,9,3,6,0.6667,0.3333,0.903,8,8,9,0.889
1221738,11882,11938,28648,9,9,3,6,0.6667,0.3333,0.903,8,8,9,0.889
1130757,11882,11938,28648,9,9,3,6,0.6667,0.3333,0.903,8,8,9,0.889
1300714,225,7408,29224,9,9,1,3,0.3333,0.2222,0.903,8,8,9,0.889
1304046,19788,7408,29224,9,9,2,3,0.3333,0.1111,0.903,8,8,9,0.889
1304047,19788,7408,29224,9,9,2,3,0.3333,0.1111,0.903,8,8,9,0.889
1303248,248,7408,29224,9,9,2,3,0.3333,0.1111,0.903,8,8,9,0.889
1276251,8141,8137,47020,9,9,4,5,0.5556,0.1111,0.903,8,8,9,0.889
1305498,8141,8137,47020,9,9,4,5,0.5556,0.1111,0.903,8,8,9,0.889
1305500,8141,8137,47020,9,9,4,5,0.5556,0.1111,0.903,8,8,9,0.889
1305481,8141,8137,47020,9,9,4,5,0.5556,0.1111,0.903,8,8,9,0.889
1232503,,536187,22246,10,7,0,7,1.0,1.0,0.901,9,8,9,0.889
1232555,,536187,22246,10,7,0,7,1.0,1.0,0.901,9,8,9,0.889
1056028,309760,309757,5683,10,10,4,6,0.6,0.2,0.901,9,8,9,0.889
1135709,309760,309757,5683,10,10,4,6,0.6,0.2,0.901,9,8,9,0.889
1255963,309760,309757,5683,10,10,4,6,0.6,0.2,0.901,9,8,9,0.889
1021298,309760,309757,5683,10,10,4,6,0.6,0.2,0.901,9,8,9,0.889
1115454,25254,25203,25034,10,10,5,5,0.5,0.0,0.901,9,8,9,0.889
1115471,25254,25203,25034,10,10,5,5,0.5,0.0,0.901,9,8,9,0.889
1232949,,537134,26039,6,5,0,5,1.0,1.0,0.9,5,8,9,0.889
1262501,12443,12359,19080,11,11,2,9,0.8182,0.6364,0.9,10,8,9,0.889
1257564,12443,12359,19080,11,11,2,9,0.8182,0.6364,0.9,10,8,9,0.889
1007678,5478,83808,1221,11,11,1,4,0.3636,0.2727,0.9,10,8,9,0.889
1037771,6314,6308,7155,11,11,4,7,0.6364,0.2727,0.9,10,8,9,0.889
1037772,6314,6308,7155,11,11,4,7,0.6364,0.2727,0.9,10,8,9,0.889
1037775,6314,6308,7155,11,11,4,7,0.6364,0.2727,0.9,10,8,9,0.889
1037777,6314,6308,7155,11,11,4,7,0.6364,0.2727,0.9,10,8,9,0.889
1005504,5481,83808,1221,11,11,2,4,0.3636,0.1818,0.9,10,8,9,0.889
1003791,5481,83808,1221,11,11,2,4,0.3636,0.1818,0.9,10,8,9,0.889
1280853,51163,6428,13505,12,12,1,4,0.3333,0.25,0.899,11,8,9,0.889
1286865,6427,6428,13505,12,12,1,4,0.3333,0.25,0.899,11,8,9,0.889
1302934,7959,7896,50435,12,12,3,6,0.5,0.25,0.899,11,8,9,0.889
1302937,7959,7896,50435,12,12,3,6,0.5,0.25,0.899,11,8,9,0.889
1304663,22952,7896,50435,12,12,3,6,0.5,0.25,0.899,11,8,9,0.889
1304665,7959,7896,50435,12,12,3,6,0.5,0.25,0.899,11,8,9,0.889
1304666,22952,7896,50435,12,12,3,6,0.5,0.25,0.899,11,8,9,0.889
1288935,18443,18414,49377,14,14,2,5,0.3571,0.2143,0.897,13,8,9,0.889
1288894,18443,18414,49377,14,14,2,5,0.3571,0.2143,0.897,13,8,9,0.889
1181267,16379,16464,16518,16,16,1,4,0.25,0.1875,0.896,15,8,9,0.889
1233018,,525843,4422,8,3,0,3,1.0,1.0,0.889,7,8,9,0.889
1257414,,264325,44877,2,1,0,1,1.0,1.0,0.889,1,8,9,0.889
1257425,,665,44881,2,1,0,1,1.0,1.0,0.889,1,8,9,0.889
1257445,,16576,44883,2,1,0,1,1.0,1.0,0.889,1,8,9,0.889
1075914,273278,282235,17442,13,13,1,12,0.9231,0.8462,0.889,12,8,9,0.889
1065577,257928,257929,14577,9,9,1,8,0.8889,0.7778,0.889,8,8,9,0.889
1091065,18320,18357,20490,8,8,1,7,0.875,0.75,0.889,7,8,9,0.889
1095444,391393,391390,853,7,7,1,6,0.8571,0.7143,0.889,6,8,9,0.889
1027825,7365,7398,981,7,7,1,6,0.8571,0.7143,0.889,6,8,9,0.889
1010176,10916,24468,2797,7,7,1,6,0.8571,0.7143,0.889,6,8,9,0.889
1155813,536072,112634,4752,7,7,1,6,0.8571,0.7143,0.889,6,8,9,0.889
1056850,192324,192327,12749,7,7,1,6,0.8571,0.7143,0.889,6,8,9,0.889
1066788,119660,119661,13171,7,7,1,6,0.8571,0.7143,0.889,6,8,9,0.889
1067733,171835,273280,15218,7,7,1,6,0.8571,0.7143,0.889,6,8,9,0.889
1081486,14121,14158,18647,7,7,1,6,0.8571,0.7143,0.889,6,8,9,0.889
1082268,15942,15943,18885,7,7,1,6,0.8571,0.7143,0.889,6,8,9,0.889
1099208,17555,26755,21320,7,7,1,6,0.8571,0.7143,0.889,6,8,9,0.889
1111205,86366,86365,24285,7,7,1,6,0.8571,0.7143,0.889,6,8,9,0.889
1299493,26924,17897,28014,7,7,1,6,0.8571,0.7143,0.889,6,8,9,0.889
1228585,23040,23003,43302,7,7,1,6,0.8571,0.7143,0.889,6,8,9,0.889
1025619,10416,10336,2264,6,6,1,5,0.8333,0.6667,0.889,5,8,9,0.889
1039194,7417,7402,7592,6,6,1,5,0.8333,0.6667,0.889,5,8,9,0.889
1079797,26310,26311,13386,6,6,1,5,0.8333,0.6667,0.889,5,8,9,0.889
1068328,364958,364957,15345,6,6,1,5,0.8333,0.6667,0.889,5,8,9,0.889
1081694,19172,19144,15646,6,6,1,5,0.8333,0.6667,0.889,5,8,9,0.889
1105978,15462,15454,18961,6,6,1,5,0.8333,0.6667,0.889,5,8,9,0.889
1119310,425117,425116,25856,6,6,1,5,0.8333,0.6667,0.889,5,8,9,0.889
1286008,17915,17887,25879,6,6,1,5,0.8333,0.6667,0.889,5,8,9,0.889
1246081,405742,410573,25976,6,6,1,5,0.8333,0.6667,0.889,5,8,9,0.889
1196589,9975,23924,28791,6,6,1,5,0.8333,0.6667,0.889,5,8,9,0.889
1167023,18824,18807,35023,6,6,1,5,0.8333,0.6667,0.889,5,8,9,0.889
1168263,27211,27204,35303,6,6,1,5,0.8333,0.6667,0.889,5,8,9,0.889
1208332,12086,12121,35726,6,6,1,5,0.8333,0.6667,0.889,5,8,9,0.889
1201301,11975,11968,39979,6,6,1,5,0.8333,0.6667,0.889,5,8,9,0.889
1208614,11136,11163,41671,6,6,1,5,0.8333,0.6667,0.889,5,8,9,0.889
1271925,23578,23586,45654,6,6,1,5,0.8333,0.6667,0.889,5,8,9,0.889
1299051,22283,6468,48092,6,6,1,5,0.8333,0.6667,0.889,5,8,9,0.889
1282004,16952,16936,48548,6,6,1,5,0.8333,0.6667,0.889,5,8,9,0.889
1278306,2033,207678,10685,11,11,2,9,0.8182,0.6364,0.889,10,8,9,0.889
1001187,205,238,367,5,5,1,4,0.8,0.6,0.889,4,8,9,0.889
1265723,12636,12502,16675,5,5,1,4,0.8,0.6,0.889,4,8,9,0.889
1089530,14293,14294,19235,5,5,1,4,0.8,0.6,0.889,4,8,9,0.889
1094164,18174,18290,21457,5,5,1,4,0.8,0.6,0.889,4,8,9,0.889
1113662,26727,26713,22561,5,5,1,4,0.8,0.6,0.889,4,8,9,0.889
1116632,13080,25298,25022,5,5,1,4,0.8,0.6,0.889,4,8,9,0.889
1123658,24750,24730,26491,5,5,1,4,0.8,0.6,0.889,4,8,9,0.889
1175148,24851,24868,36355,5,5,1,4,0.8,0.6,0.889,4,8,9,0.889
1277355,20480,20503,47356,5,5,1,4,0.8,0.6,0.889,4,8,9,0.889
1224948,10639,10644,15935,7,7,1,5,0.7143,0.5714,0.889,6,8,9,0.889
1206261,25699,25698,27419,9,9,2,7,0.7778,0.5556,0.889,8,8,9,0.889
1206262,25699,25698,27419,9,9,2,7,0.7778,0.5556,0.889,8,8,9,0.889
1135855,7240,7226,30369,8,8,2,6,0.75,0.5,0.889,7,8,9,0.889
1277911,530652,530651,30854,8,8,2,6,0.75,0.5,0.889,7,8,9,0.889
1266297,9398,9428,44807,8,8,2,6,0.75,0.5,0.889,7,8,9,0.889
1003704,19705,19703,1186,6,6,1,4,0.6667,0.5,0.889,5,8,9,0.889
1299198,32926,4676,47787,6,6,1,4,0.6667,0.5,0.889,5,8,9,0.889
1000661,5558,453995,90,4,4,1,3,0.75,0.5,0.889,3,8,9,0.889
1000832,19676,19679,192,4,4,1,3,0.75,0.5,0.889,3,8,9,0.889
1061722,344779,344972,14222,4,4,1,3,0.75,0.5,0.889,3,8,9,0.889
1091518,27466,27465,20650,4,4,1,3,0.75,0.5,0.889,3,8,9,0.889
1131205,25462,25453,24849,4,4,1,3,0.75,0.5,0.889,3,8,9,0.889
1205693,2009,1980,27484,4,4,1,3,0.75,0.5,0.889,3,8,9,0.889
1286717,12624,12528,30002,4,4,1,3,0.75,0.5,0.889,3,8,9,0.889
1149430,3055,275196,31689,4,4,1,3,0.75,0.5,0.889,3,8,9,0.889
1163827,20476,2309,34299,4,4,1,3,0.75,0.5,0.889,3,8,9,0.889
1220628,27254,19013,42984,4,4,1,3,0.75,0.5,0.889,3,8,9,0.889
1268325,8835,8882,45389,4,4,1,3,0.75,0.5,0.889,3,8,9,0.889
1298227,17897,17889,47241,4,4,1,3,0.75,0.5,0.889,3,8,9,0.889
1282616,19506,27429,48691,4,4,1,3,0.75,0.5,0.889,3,8,9,0.889
1299804,18401,18344,50026,4,4,1,3,0.75,0.5,0.889,3,8,9,0.889
1304407,37117,37118,50897,4,4,1,3,0.75,0.5,0.889,3,8,9,0.889
1228614,11365,11343,44279,11,11,3,8,0.7273,0.4545,0.889,10,8,9,0.889
1271647,11365,11343,44279,11,11,3,8,0.7273,0.4545,0.889,10,8,9,0.889
1028545,115504,86052,7317,7,7,2,5,0.7143,0.4286,0.889,6,8,9,0.889
1043759,7815,7842,10372,7,7,2,5,0.7143,0.4286,0.889,6,8,9,0.889
1084153,22009,22008,13140,7,7,2,5,0.7143,0.4286,0.889,6,8,9,0.889
1062095,22009,22008,13140,7,7,2,5,0.7143,0.4286,0.889,6,8,9,0.889
1099483,17582,17606,21280,7,7,2,5,0.7143,0.4286,0.889,6,8,9,0.889
1137809,449046,449044,30866,7,7,2,5,0.7143,0.4286,0.889,6,8,9,0.889
1287536,25119,25122,49164,7,7,2,5,0.7143,0.4286,0.889,6,8,9,0.889
1127580,14860,149116,16388,5,5,1,3,0.6,0.4,0.889,4,8,9,0.889
1280057,4360,4337,48032,11,11,2,6,0.5455,0.3636,0.889,10,8,9,0.889
1030623,331522,331523,7935,6,6,2,4,0.6667,0.3333,0.889,5,8,9,0.889
1045391,22208,6135,9784,6,6,2,4,0.6667,0.3333,0.889,5,8,9,0.889
1128874,10612,10560,13496,6,6,1,3,0.5,0.3333,0.889,5,8,9,0.889
1062015,5709,22011,14289,6,6,2,4,0.6667,0.3333,0.889,5,8,9,0.889
1127145,12888,20017,27455,6,6,2,4,0.6667,0.3333,0.889,5,8,9,0.889
1167373,18684,18703,35095,6,6,2,4,0.6667,0.3333,0.889,5,8,9,0.889
1299895,26882,17800,47894,6,6,2,4,0.6667,0.3333,0.889,5,8,9,0.889
1310857,8902,8905,51721,6,6,2,4,0.6667,0.3333,0.889,5,8,9,0.889
1001212,19775,281919,369,3,3,1,2,0.6667,0.3333,0.889,2,8,9,0.889
1073971,5449,181767,3919,3,3,1,2,0.6667,0.3333,0.889,2,8,9,0.889
1015429,227204,227195,4947,3,3,1,2,0.6667,0.3333,0.889,2,8,9,0.889
1087945,14846,20924,13384,3,3,1,2,0.6667,0.3333,0.889,2,8,9,0.889
1072807,396191,13293,16453,3,3,1,2,0.6667,0.3333,0.889,2,8,9,0.889
1137986,15284,15184,20110,3,3,1,2,0.6667,0.3333,0.889,2,8,9,0.889
1115654,25318,25326,21230,3,3,1,2,0.6667,0.3333,0.889,2,8,9,0.889
1094584,26881,17833,21380,3,3,1,2,0.6667,0.3333,0.889,2,8,9,0.889
1114759,25501,13622,25466,3,3,1,2,0.6667,0.3333,0.889,2,8,9,0.889
1126427,13801,1807,26743,3,3,1,2,0.6667,0.3333,0.889,2,8,9,0.889
1130800,25500,25515,28671,3,3,1,2,0.6667,0.3333,0.889,2,8,9,0.889
1302839,5976,22086,29592,3,3,1,2,0.6667,0.3333,0.889,2,8,9,0.889
1133571,285436,285130,29714,3,3,1,2,0.6667,0.3333,0.889,2,8,9,0.889
1187888,378108,378107,34867,3,3,1,2,0.6667,0.3333,0.889,2,8,9,0.889
1218913,11913,11868,42608,3,3,1,2,0.6667,0.3333,0.889,2,8,9,0.889
1300608,21,22,44650,3,3,1,2,0.6667,0.3333,0.889,2,8,9,0.889
1288675,1961,1804,45603,3,3,1,2,0.6667,0.3333,0.889,2,8,9,0.889
1273942,24011,10168,46770,3,3,1,2,0.6667,0.3333,0.889,2,8,9,0.889
1282854,2045,20375,48718,3,3,1,2,0.6667,0.3333,0.889,2,8,9,0.889
1306792,6721,6697,48957,3,3,1,2,0.6667,0.3333,0.889,2,8,9,0.889
1308636,7537,7508,51546,3,3,1,2,0.6667,0.3333,0.889,2,8,9,0.889
1068988,19163,19160,15477,7,7,2,4,0.5714,0.2857,0.889,6,8,9,0.889
1180643,48605,48611,27640,7,7,1,3,0.4286,0.2857,0.889,6,8,9,0.889
1166177,48607,48611,27640,7,7,1,3,0.4286,0.2857,0.889,6,8,9,0.889
1053054,365227,10132,4177,16,16,1,5,0.3125,0.25,0.889,15,8,9,0.889
1180557,2576,2574,36856,12,12,4,7,0.5833,0.25,0.889,11,8,9,0.889
1279043,1945,207678,47740,4,4,1,2,0.5,0.25,0.889,3,8,9,0.889
1082894,15791,26177,19121,9,9,3,5,0.5556,0.2222,0.889,8,8,9,0.889
1126210,25556,13852,27449,10,10,4,6,0.6,0.2,0.889,9,8,9,0.889
1178053,25556,13852,27449,10,10,4,6,0.6,0.2,0.889,9,8,9,0.889
1175193,16726,16720,28795,10,10,2,4,0.4,0.2,0.889,9,8,9,0.889
1186465,176960,176961,38363,10,10,4,6,0.6,0.2,0.889,9,8,9,0.889
1136214,37148,24824,26600,5,5,1,2,0.4,0.2,0.889,4,8,9,0.889
1175528,13478,13441,36471,5,5,2,3,0.6,0.2,0.889,4,8,9,0.889
1005469,5491,83808,1221,11,11,2,4,0.3636,0.1818,0.889,10,8,9,0.889
1005914,5491,83808,1221,11,11,2,4,0.3636,0.1818,0.889,10,8,9,0.889
1217737,512,521,42492,11,11,3,5,0.4545,0.1818,0.889,10,8,9,0.889
1217581,512,521,42492,11,11,3,5,0.4545,0.1818,0.889,10,8,9,0.889
1007681,430,446,451,6,6,2,3,0.5,0.1667,0.889,5,8,9,0.889
1001400,430,446,451,6,6,2,3,0.5,0.1667,0.889,5,8,9,0.889
1105035,17347,17322,23754,6,6,2,3,0.5,0.1667,0.889,5,8,9,0.889
1024071,24061,24078,6401,7,7,3,4,0.5714,0.1429,0.889,6,8,9,0.889
1113773,25829,25828,24334,7,7,3,4,0.5714,0.1429,0.889,6,8,9,0.889
1271685,8423,228155,30716,7,7,3,4,0.5714,0.1429,0.889,6,8,9,0.889
1138678,19085,19069,31111,7,7,3,4,0.5714,0.1429,0.889,6,8,9,0.889
1208297,1036,19987,39498,7,7,3,4,0.5714,0.1429,0.889,6,8,9,0.889
1298819,8033,7993,46157,7,7,3,4,0.5714,0.1429,0.889,6,8,9,0.889
1298821,8033,7993,46157,7,7,3,4,0.5714,0.1429,0.889,6,8,9,0.889
1308054,8075,8033,47771,7,7,3,4,0.5714,0.1429,0.889,6,8,9,0.889
1309504,8009,8059,51461,7,7,3,4,0.5714,0.1429,0.889,6,8,9,0.889
1005500,5594,21917,1199,23,23,1,4,0.1739,0.1304,0.889,22,8,9,0.889
1163141,1321,1301,26241,8,8,1,2,0.25,0.125,0.889,7,8,9,0.889
1121473,1339,1301,26241,8,8,1,2,0.25,0.125,0.889,7,8,9,0.889
1206412,370356,370355,2620,9,9,4,5,0.5556,0.1111,0.889,8,8,9,0.889
1013026,20345,1855,3894,9,9,4,5,0.5556,0.1111,0.889,8,8,9,0.889
1097961,20345,1855,3894,9,9,4,5,0.5556,0.1111,0.889,8,8,9,0.889
1037504,6832,6845,9570,9,9,4,5,0.5556,0.1111,0.889,8,8,9,0.889
1037510,6832,6845,9570,9,9,4,5,0.5556,0.1111,0.889,8,8,9,0.889
1037511,6832,6845,9570,9,9,4,5,0.5556,0.1111,0.889,8,8,9,0.889
1307467,8291,8230,22281,9,9,4,5,0.5556,0.1111,0.889,8,8,9,0.889
1300732,248,7408,29224,9,9,2,3,0.3333,0.1111,0.889,8,8,9,0.889
1228529,8566,8560,43351,9,9,4,5,0.5556,0.1111,0.889,8,8,9,0.889
1065345,5671,21974,14364,11,11,5,6,0.5455,0.0909,0.889,10,8,9,0.889
1116532,13121,13175,17022,19,19,5,6,0.3158,0.0526,0.889,18,8,9,0.889
1116533,13121,13175,17022,19,19,5,6,0.3158,0.0526,0.889,18,8,9,0.889
1116535,13121,13175,17022,19,19,5,6,0.3158,0.0526,0.889,18,8,9,0.889
1157437,13121,13175,17022,19,19,5,6,0.3158,0.0526,0.889,18,8,9,0.889
1115840,13121,13175,17022,19,19,5,6,0.3158,0.0526,0.889,18,8,9,0.889
1054804,176641,176638,10935,19,19,5,5,0.2632,0.0,0.889,18,8,9,0.889
1054805,176639,176638,10935,19,19,5,5,0.2632,0.0,0.889,18,8,9,0.889
1054809,176639,176638,10935,19,19,5,5,0.2632,0.0,0.889,18,8,9,0.889
1013466,10200,10132,4177,16,16,5,5,0.3125,0.0,0.889,15,8,9,0.889
1277060,10200,10132,4177,16,16,5,5,0.3125,0.0,0.889,15,8,9,0.889
1271289,10200,10132,4177,16,16,5,5,0.3125,0.0,0.889,15,8,9,0.889
1138157,10200,10132,4177,16,16,5,5,0.3125,0.0,0.889,15,8,9,0.889
1135620,10200,10132,4177,16,16,5,5,0.3125,0.0,0.889,15,8,9,0.889
1076244,19352,19323,17511,10,10,5,5,0.5,0.0,0.889,9,8,9,0.889
1089830,15340,15334,19404,10,10,5,5,0.5,0.0,0.889,9,8,9,0.889
1089898,15340,15334,19404,10,10,5,5,0.5,0.0,0.889,9,8,9,0.889
1176015,25207,12747,36306,9,9,4,4,0.4444,0.0,0.889,8,8,9,0.889
1307134,8216,8202,45037,9,9,4,4,0.4444,0.0,0.889,8,8,9,0.889
1309524,8009,7979,27807,8,8,4,4,0.5,0.0,0.889,7,8,9,0.889
1002533,11542,11499,974,6,6,3,3,0.5,0.0,0.889,5,8,9,0.889
1076786,27267,19059,16162,6,6,3,3,0.5,0.0,0.889,5,8,9,0.889
1110018,27081,18146,24391,6,6,3,3,0.5,0.0,0.889,5,8,9,0.889
1110455,26612,17033,24485,6,6,3,3,0.5,0.0,0.889,5,8,9,0.889
1202460,26950,17934,40880,6,6,3,3,0.5,0.0,0.889,5,8,9,0.889
1302139,22605,22585,50530,6,6,3,3,0.5,0.0,0.889,5,8,9,0.889
1035212,292160,292157,9085,4,4,2,2,0.5,0.0,0.889,3,8,9,0.889
1309690,8167,8128,16858,3,3,1,1,0.3333,0.0,0.889,2,8,9,0.889
1000804,171195,7771,177,2,2,1,1,0.5,0.0,0.889,1,8,9,0.889
1002578,19834,418,450,2,2,1,1,0.5,0.0,0.889,1,8,9,0.889
1001532,766,732,515,2,2,1,1,0.5,0.0,0.889,1,8,9,0.889
1001789,19831,405,613,2,2,1,1,0.5,0.0,0.889,1,8,9,0.889
1011964,391165,26398,3584,2,2,1,1,0.5,0.0,0.889,1,8,9,0.889
1136212,24252,10378,10881,3,2,1,1,0.5,0.0,0.889,2,8,9,0.889
1089308,322882,14997,19948,2,2,1,1,0.5,0.0,0.889,1,8,9,0.889
1132756,25192,20016,26089,2,2,1,1,0.5,0.0,0.889,1,8,9,0.889
1124955,13013,13000,27045,2,2,1,1,0.5,0.0,0.889,1,8,9,0.889
1132719,365084,14855,29234,2,2,1,1,0.5,0.0,0.889,1,8,9,0.889
1132763,335996,6674,29338,2,2,1,1,0.5,0.0,0.889,1,8,9,0.889
1272170,2207,2196,30354,2,2,1,1,0.5,0.0,0.889,1,8,9,0.889
1136173,18275,18221,30451,2,2,1,1,0.5,0.0,0.889,1,8,9,0.889
1164112,12296,12288,31302,2,2,1,1,0.5,0.0,0.889,1,8,9,0.889
1148932,25917,25909,31520,2,2,1,1,0.5,0.0,0.889,1,8,9,0.889
1144550,26236,15890,31694,2,2,1,1,0.5,0.0,0.889,1,8,9,0.889
1164282,1640,1627,33575,2,2,1,1,0.5,0.0,0.889,1,8,9,0.889
1186803,26122,15519,34430,2,2,1,1,0.5,0.0,0.889,1,8,9,0.889
1268326,8849,8829,45756,2,2,1,1,0.5,0.0,0.889,1,8,9,0.889
1276368,14270,2409,47063,2,2,1,1,0.5,0.0,0.889,1,8,9,0.889
1306273,20243,1845,47202,2,2,1,1,0.5,0.0,0.889,1,8,9,0.889
1281830,21661,17293,48510,2,2,1,1,0.5,0.0,0.889,1,8,9,0.889
1287198,19748,6850,49126,2,2,1,1,0.5,0.0,0.889,1,8,9,0.889
1096546,449117,449115,22050,13,13,4,4,0.3077,0.0,0.884,12,8,9,0.889
1096953,449117,449115,22050,13,13,4,4,0.3077,0.0,0.884,12,8,9,0.889
1096549,449116,449115,22050,13,13,4,4,0.3077,0.0,0.884,12,8,9,0.889
1096955,449117,449115,22050,13,13,4,4,0.3077,0.0,0.884,12,8,9,0.889
1096956,449117,449115,22050,13,13,4,4,0.3077,0.0,0.884,12,8,9,0.889
1096615,449116,449115,22050,13,13,4,4,0.3077,0.0,0.884,12,8,9,0.889
1096616,449116,449115,22050,13,13,4,4,0.3077,0.0,0.884,12,8,9,0.889
1096598,449116,449115,22050,13,13,4,4,0.3077,0.0,0.884,12,8,9,0.889
1197788,11112,24513,19938,11,11,1,10,0.9091,0.8182,0.878,10,8,9,0.889
1005467,5484,83808,1221,11,11,1,4,0.3636,0.2727,0.878,10,8,9,0.889
1158562,482622,482621,2344,11,11,2,4,0.3636,0.1818,0.878,10,8,9,0.889
1282239,4580,4594,47060,10,10,2,7,0.7,0.5,0.877,9,8,9,0.889
1282416,4580,4594,47060,10,10,2,7,0.7,0.5,0.877,9,8,9,0.889
1000828,5507,5509,161,10,10,3,5,0.5,0.2,0.877,9,8,9,0.889
1000816,5507,5509,161,10,10,3,5,0.5,0.2,0.877,9,8,9,0.889
1003642,5507,5509,161,10,10,3,5,0.5,0.2,0.877,9,8,9,0.889
1053588,273927,273928,12328,10,10,3,5,0.5,0.2,0.877,9,8,9,0.889
1054768,273927,273928,12328,10,10,3,5,0.5,0.2,0.877,9,8,9,0.889
1053609,273927,273928,12328,10,10,3,5,0.5,0.2,0.877,9,8,9,0.889
1123186,12888,20017,26234,10,10,2,4,0.4,0.2,0.877,9,8,9,0.889
1123188,12888,20017,26234,10,10,2,4,0.4,0.2,0.877,9,8,9,0.889
1127153,12835,20017,26234,10,10,3,4,0.4,0.1,0.877,9,8,9,0.889
1127154,12835,20017,26234,10,10,3,4,0.4,0.1,0.877,9,8,9,0.889
1080154,15897,15893,1077,17,17,1,16,0.9412,0.8824,0.875,16,8,9,0.889
1047383,292161,292162,11583,9,9,1,8,0.8889,0.7778,0.875,8,8,9,0.889
1202145,18016,26968,23295,9,9,2,6,0.6667,0.4444,0.875,8,8,9,0.889
1103043,18016,26968,23295,9,9,2,6,0.6667,0.4444,0.875,8,8,9,0.889
1196134,10785,10724,28748,9,9,3,6,0.6667,0.3333,0.875,8,8,9,0.889
1178080,20345,1855,3894,9,9,4,5,0.5556,0.1111,0.875,8,8,9,0.889
1032475,278398,274876,3127,17,17,8,9,0.5294,0.0588,0.875,16,8,9,0.889
1298982,7897,7850,28912,17,17,4,5,0.2941,0.0588,0.875,16,8,9,0.889
1298983,7897,7850,28912,17,17,4,5,0.2941,0.0588,0.875,16,8,9,0.889
1298984,7897,7850,28912,17,17,4,5,0.2941,0.0588,0.875,16,8,9,0.889
1285312,7897,7850,28912,17,17,4,5,0.2941,0.0588,0.875,16,8,9,0.889
1001247,268161,294,181,9,9,4,4,0.4444,0.0,0.875,8,8,9,0.889
1001245,268161,294,181,9,9,4,4,0.4444,0.0,0.875,8,8,9,0.889
1004554,133427,133428,1497,8,8,3,5,0.625,0.25,0.873,7,8,9,0.889
1004555,133427,133428,1497,8,8,3,5,0.625,0.25,0.873,7,8,9,0.889
1132159,284476,284167,29088,14,14,2,4,0.2857,0.1429,0.872,13,8,9,0.889
1058507,344543,343236,13046,7,7,1,6,0.8571,0.7143,0.87,6,8,9,0.889
1285858,8658,23230,13367,7,7,2,5,0.7143,0.4286,0.87,6,8,9,0.889
1059279,8658,23230,13367,7,7,2,5,0.7143,0.4286,0.87,6,8,9,0.889
1153113,299835,26245,22185,19,19,1,8,0.4211,0.3684,0.87,18,8,9,0.889
1096921,257602,26245,22185,19,19,1,8,0.4211,0.3684,0.87,18,8,9,0.889
1187488,85734,26245,22185,19,19,2,8,0.4211,0.3158,0.87,18,8,9,0.889
1142383,21485,26245,22185,19,19,2,8,0.4211,0.3158,0.87,18,8,9,0.889
1164057,85734,26245,22185,19,19,2,8,0.4211,0.3158,0.87,18,8,9,0.889
1166189,21485,26245,22185,19,19,2,8,0.4211,0.3158,0.87,18,8,9,0.889
1265289,13184,13175,17022,19,19,1,6,0.3158,0.2632,0.87,18,8,9,0.889
1142807,25357,13175,17022,19,19,1,6,0.3158,0.2632,0.87,18,8,9,0.889
1201069,11906,24801,28124,7,7,1,2,0.2857,0.1429,0.87,6,8,9,0.889
1201791,11898,24801,28124,7,7,1,2,0.2857,0.1429,0.87,6,8,9,0.889
1307651,8095,8120,46159,7,7,3,4,0.5714,0.1429,0.87,6,8,9,0.889
1208417,11219,24506,39351,12,12,2,5,0.4167,0.25,0.869,11,8,9,0.889
1196244,11219,24506,39351,12,12,2,5,0.4167,0.25,0.869,11,8,9,0.889
1117097,27341,19366,20932,17,17,5,8,0.4706,0.1765,0.868,16,8,9,0.889
1184606,27341,19366,20932,17,17,5,8,0.4706,0.1765,0.868,16,8,9,0.889
1184608,27341,19366,20932,17,17,5,8,0.4706,0.1765,0.868,16,8,9,0.889
1184609,27341,19366,20932,17,17,5,8,0.4706,0.1765,0.868,16,8,9,0.889
1092272,27341,19366,20932,17,17,5,8,0.4706,0.1765,0.868,16,8,9,0.889
1289255,7746,7850,28912,17,17,3,5,0.2941,0.1176,0.868,16,8,9,0.889
1289256,7735,7850,28912,17,17,4,5,0.2941,0.0588,0.868,16,8,9,0.889
1298966,7735,7850,28912,17,17,4,5,0.2941,0.0588,0.868,16,8,9,0.889
1001780,230,255,444,6,6,1,5,0.8333,0.6667,0.867,5,8,9,0.889
1102845,16841,16828,4587,6,6,1,5,0.8333,0.6667,0.867,5,8,9,0.889
1042083,376559,376558,10568,6,6,1,5,0.8333,0.6667,0.867,5,8,9,0.889
1174397,11655,24724,36196,6,6,1,3,0.5,0.3333,0.867,5,8,9,0.889
1299611,18910,18897,49527,6,6,2,4,0.6667,0.3333,0.867,5,8,9,0.889
1088137,15793,33245,18943,11,11,4,7,0.6364,0.2727,0.867,10,8,9,0.889
1007400,482623,482621,2344,11,11,4,4,0.3636,0.0,0.867,10,8,9,0.889
1072334,370397,370395,12828,6,6,2,2,0.3333,0.0,0.867,5,8,9,0.889
1119892,370397,370395,12828,6,6,2,2,0.3333,0.0,0.867,5,8,9,0.889
1110490,17033,17018,24496,6,6,3,3,0.5,0.0,0.867,5,8,9,0.889
1184410,21148,3084,37997,6,6,3,3,0.5,0.0,0.867,5,8,9,0.889
1190758,2977,15032,22013,10,10,2,7,0.7,0.5,0.864,9,8,9,0.889
1289578,23930,23938,30899,10,10,3,7,0.7,0.4,0.864,9,8,9,0.889
1289575,23930,23938,30899,10,10,3,7,0.7,0.4,0.864,9,8,9,0.889
1015408,227202,227197,4952,10,10,1,3,0.3,0.2,0.864,9,8,9,0.889
1232994,4375,4268,27616,10,10,1,2,0.2,0.1,0.864,9,8,9,0.889
1180969,255366,4268,27616,10,10,1,2,0.2,0.1,0.864,9,8,9,0.889
1206283,4395,4268,27616,10,10,1,2,0.2,0.1,0.864,9,8,9,0.889
1280511,8066,8108,28027,14,14,5,9,0.6429,0.2857,0.863,13,8,9,0.889
1024392,10994,11012,6110,9,9,1,8,0.8889,0.7778,0.861,8,8,9,0.889
1054945,146880,146882,10317,9,9,1,8,0.8889,0.7778,0.861,8,8,9,0.889
1000779,19840,426,159,5,5,1,4,0.8,0.6,0.861,4,8,9,0.889
1233029,,501855,6828,7,6,0,3,0.5,0.5,0.861,6,8,9,0.889
1075695,536238,3512,16531,9,9,2,5,0.5556,0.3333,0.861,8,8,9,0.889
1308778,536238,3512,16531,9,9,2,5,0.5556,0.3333,0.861,8,8,9,0.889
1288079,9994,9904,49246,9,9,2,5,0.5556,0.3333,0.861,8,8,9,0.889
1288081,9994,9904,49246,9,9,2,5,0.5556,0.3333,0.861,8,8,9,0.889
1119427,501852,501855,6828,7,6,1,3,0.5,0.3333,0.861,6,8,9,0.889
1302794,501853,501855,6828,7,6,2,3,0.5,0.1667,0.861,6,8,9,0.889
1272238,25530,20323,46112,12,12,3,6,0.5,0.25,0.859,11,8,9,0.889
1232497,,444308,22218,8,7,0,7,1.0,1.0,0.857,7,8,9,0.889
1030314,170237,170238,7878,8,8,1,7,0.875,0.75,0.857,7,8,9,0.889
1276599,20518,20537,47126,8,8,2,6,0.75,0.5,0.857,7,8,9,0.889
1276600,20518,20537,47126,8,8,2,6,0.75,0.5,0.857,7,8,9,0.889
1301666,22925,22911,48785,8,8,3,5,0.625,0.25,0.857,7,8,9,0.889
1298142,22925,22911,48785,8,8,3,5,0.625,0.25,0.857,7,8,9,0.889
1298144,22925,22911,48785,8,8,3,5,0.625,0.25,0.857,7,8,9,0.889
1279992,14001,13978,48014,8,8,4,4,0.5,0.0,0.857,7,8,9,0.889
1187905,16154,3945,5511,24,24,1,7,0.2917,0.25,0.855,23,8,9,0.889
1187878,26342,3945,5511,24,24,5,7,0.2917,0.0833,0.855,23,8,9,0.889
1187879,26342,3945,5511,24,24,5,7,0.2917,0.0833,0.855,23,8,9,0.889
1187880,26342,3945,5511,24,24,5,7,0.2917,0.0833,0.855,23,8,9,0.889
1187881,26342,3945,5511,24,24,5,7,0.2917,0.0833,0.855,23,8,9,0.889
1187904,26342,3945,5511,24,24,5,7,0.2917,0.0833,0.855,23,8,9,0.889
1298967,7735,7850,28912,17,17,4,5,0.2941,0.0588,0.854,16,8,9,0.889
1281999,17014,26609,47967,10,10,2,8,0.8,0.6,0.852,9,8,9,0.889
1288860,17014,26609,47967,10,10,2,8,0.8,0.6,0.852,9,8,9,0.889
1283036,7319,7330,47016,7,7,1,5,0.7143,0.5714,0.852,6,8,9,0.889
1188850,4462,4479,38667,4,4,1,3,0.75,0.5,0.852,3,8,9,0.889
1047083,453820,391373,2861,7,7,2,5,0.7143,0.4286,0.852,6,8,9,0.889
1273003,14108,14089,46271,10,10,2,6,0.6,0.4,0.852,9,8,9,0.889
1273004,14108,14089,46271,10,10,2,6,0.6,0.4,0.852,9,8,9,0.889
1273008,14095,14089,46271,10,10,2,6,0.6,0.4,0.852,9,8,9,0.889
1270359,8033,7993,46157,7,7,3,4,0.5714,0.1429,0.852,6,8,9,0.889
1229794,13769,13752,27585,21,21,2,3,0.1429,0.0476,0.85,20,8,9,0.889
1176433,13769,13752,27585,21,21,2,3,0.1429,0.0476,0.85,20,8,9,0.889
1117095,19415,19366,20932,17,17,2,8,0.4706,0.3529,0.847,16,8,9,0.889
1092274,19415,19366,20932,17,17,2,8,0.4706,0.3529,0.847,16,8,9,0.889
1110599,16962,16963,24503,9,9,3,6,0.6667,0.3333,0.847,8,8,9,0.889
1288060,9845,9904,49246,9,9,2,5,0.5556,0.3333,0.847,8,8,9,0.889
1119756,21557,4402,16297,17,17,4,7,0.4118,0.1765,0.847,16,8,9,0.889
1136787,21557,4402,16297,17,17,4,7,0.4118,0.1765,0.847,16,8,9,0.889
1072315,21557,4402,16297,17,17,4,7,0.4118,0.1765,0.847,16,8,9,0.889
1165923,21557,4402,16297,17,17,4,7,0.4118,0.1765,0.847,16,8,9,0.889
1100283,17037,17015,22713,9,9,3,4,0.4444,0.1111,0.847,8,8,9,0.889
1100285,17037,17015,22713,9,9,3,4,0.4444,0.1111,0.847,8,8,9,0.889
1001409,232,244,443,6,6,1,5,0.8333,0.6667,0.844,5,8,9,0.889
1021985,10120,10158,5851,6,6,1,5,0.8333,0.6667,0.844,5,8,9,0.889
1136195,375934,1994,27277,6,6,1,5,0.8333,0.6667,0.844,5,8,9,0.889
1247604,,530638,9365,15,14,0,6,0.4286,0.4286,0.844,14,8,9,0.889
1138771,530640,530638,9365,15,14,1,6,0.4286,0.3571,0.844,14,8,9,0.889
1198765,12596,12588,40035,6,6,2,4,0.6667,0.3333,0.844,5,8,9,0.889
1279027,20505,20515,46205,6,6,2,4,0.6667,0.3333,0.844,5,8,9,0.889
1279028,20505,20515,46205,6,6,2,4,0.6667,0.3333,0.844,5,8,9,0.889
1036571,530635,530638,9365,15,14,3,6,0.4286,0.2143,0.844,14,8,9,0.889
1233027,530635,530638,9365,15,14,3,6,0.4286,0.2143,0.844,14,8,9,0.889
1137777,530635,530638,9365,15,14,3,6,0.4286,0.2143,0.844,14,8,9,0.889
1138716,530637,530638,9365,15,14,4,6,0.4286,0.1429,0.844,14,8,9,0.889
1262410,530637,530638,9365,15,14,4,6,0.4286,0.1429,0.844,14,8,9,0.889
1175724,12514,12223,36416,16,16,4,4,0.25,0.0,0.844,15,8,9,0.889
1110489,17033,17018,24496,6,6,3,3,0.5,0.0,0.844,5,8,9,0.889
1275389,20025,439438,18380,8,8,2,3,0.375,0.125,0.841,7,8,9,0.889
1183792,20025,439438,18380,8,8,2,3,0.375,0.125,0.841,7,8,9,0.889
1126964,25250,20017,26765,8,8,3,4,0.5,0.125,0.841,7,8,9,0.889
1279989,14001,13978,48014,8,8,4,4,0.5,0.0,0.841,7,8,9,0.889
1109815,14268,14241,23676,10,10,3,7,0.7,0.4,0.84,9,8,9,0.889
1181001,4290,4268,27616,10,10,1,2,0.2,0.1,0.84,9,8,9,0.889
1222133,12250,24957,30990,11,11,1,10,0.9091,0.8182,0.833,10,8,9,0.889
1061603,344131,344130,14185,9,9,1,8,0.8889,0.7778,0.833,8,8,9,0.889
1198646,12374,12380,39941,7,7,1,6,0.8571,0.7143,0.833,6,8,9,0.889
1137774,537132,537131,4495,6,6,1,5,0.8333,0.6667,0.833,5,8,9,0.889
1146835,2947,2916,4434,9,9,2,7,0.7778,0.5556,0.833,8,8,9,0.889
1146822,2947,2916,4434,9,9,2,7,0.7778,0.5556,0.833,8,8,9,0.889
1057931,349867,349853,11696,9,9,2,7,0.7778,0.5556,0.833,8,8,9,0.889
1186782,264955,3512,16531,9,9,1,5,0.5556,0.4444,0.833,8,8,9,0.889
1100317,16998,16962,22720,5,5,1,3,0.6,0.4,0.833,4,8,9,0.889
1173565,17505,17462,36097,3,3,1,2,0.6667,0.3333,0.833,2,8,9,0.889
1169813,1008,359734,26251,5,5,1,2,0.4,0.2,0.833,4,8,9,0.889
1121626,1059,359734,26251,5,5,1,2,0.4,0.2,0.833,4,8,9,0.889
1042511,26314,3945,5511,24,24,1,7,0.2917,0.25,0.831,23,8,9,0.889
1302306,22490,6852,47388,16,16,5,11,0.6875,0.375,0.83,15,8,9,0.889
1302087,22490,6852,47388,16,16,5,11,0.6875,0.375,0.83,15,8,9,0.889
1302089,22490,6852,47388,16,16,5,11,0.6875,0.375,0.83,15,8,9,0.889
1302096,22490,6852,47388,16,16,5,11,0.6875,0.375,0.83,15,8,9,0.889
1303110,22490,6852,47388,16,16,5,11,0.6875,0.375,0.83,15,8,9,0.889
1180866,16443,16464,16518,16,16,2,4,0.25,0.125,0.83,15,8,9,0.889
1180867,16443,16464,16518,16,16,2,4,0.25,0.125,0.83,15,8,9,0.889
1278565,17117,17061,5522,18,18,5,5,0.2778,0.0,0.83,17,8,9,0.889
1205642,2360,2282,24069,14,14,3,6,0.4286,0.2143,0.829,13,8,9,0.889
1205624,2377,2282,24069,14,14,3,6,0.4286,0.2143,0.829,13,8,9,0.889
1205625,2377,2282,24069,14,14,3,6,0.4286,0.2143,0.829,13,8,9,0.889
1185223,94693,19358,20926,12,12,1,6,0.5,0.4167,0.828,11,8,9,0.889
1066002,21968,21966,14477,10,10,3,7,0.7,0.4,0.827,9,8,9,0.889
1005219,109106,109104,1618,8,8,2,6,0.75,0.5,0.825,7,8,9,0.889
1047425,10857,10822,11587,8,8,2,6,0.75,0.5,0.825,7,8,9,0.889
1307503,530652,530651,30854,8,8,2,6,0.75,0.5,0.825,7,8,9,0.889
1165711,4045,4044,19339,8,8,3,3,0.375,0.0,0.825,7,8,9,0.889
1165234,4045,4044,19339,8,8,3,3,0.375,0.0,0.825,7,8,9,0.889
1156326,4045,4044,19339,8,8,3,3,0.375,0.0,0.825,7,8,9,0.889
1114533,172162,5138,3875,7,7,1,3,0.4286,0.2857,0.824,6,8,9,0.889
1066886,376834,376833,14713,11,11,1,10,0.9091,0.8182,0.822,10,8,9,0.889
1216562,11157,82208,42258,6,6,1,5,0.8333,0.6667,0.822,5,8,9,0.889
1093164,18166,18205,17811,6,6,1,3,0.5,0.3333,0.822,5,8,9,0.889
1185477,19402,19417,38022,6,6,2,4,0.6667,0.3333,0.822,5,8,9,0.889
1228741,512,521,42492,11,11,3,5,0.4545,0.1818,0.822,10,8,9,0.889
1304694,113,143,48041,11,11,3,5,0.4545,0.1818,0.822,10,8,9,0.889
1304695,113,143,48041,11,11,3,5,0.4545,0.1818,0.822,10,8,9,0.889
1062320,5671,21974,14364,11,11,5,6,0.5455,0.0909,0.822,10,8,9,0.889
1308008,7972,7938,25180,6,6,3,3,0.5,0.0,0.822,5,8,9,0.889
1202934,18762,18764,40915,9,9,2,7,0.7778,0.5556,0.819,8,8,9,0.889
1163926,144642,144647,27060,9,9,1,4,0.4444,0.3333,0.819,8,8,9,0.889
1169346,144645,144647,27060,9,9,1,4,0.4444,0.3333,0.819,8,8,9,0.889
1136062,144646,144647,27060,9,9,1,4,0.4444,0.3333,0.819,8,8,9,0.889
1132002,8459,8694,28976,20,20,1,6,0.3,0.25,0.819,19,8,9,0.889
1307005,8428,8694,28976,20,20,1,6,0.3,0.25,0.819,19,8,9,0.889
1308942,8525,8694,28976,20,20,4,6,0.3,0.1,0.819,19,8,9,0.889
1308944,8525,8694,28976,20,20,4,6,0.3,0.1,0.819,19,8,9,0.889
1311283,8525,8694,28976,20,20,4,6,0.3,0.1,0.819,19,8,9,0.889
1307031,8525,8694,28976,20,20,4,6,0.3,0.1,0.819,19,8,9,0.889
1299647,17280,17159,28272,21,21,2,3,0.1429,0.0476,0.817,20,8,9,0.889
1299719,17280,17159,28272,21,21,2,3,0.1429,0.0476,0.817,20,8,9,0.889
1299653,26708,17159,28272,21,21,3,3,0.1429,0.0,0.817,20,8,9,0.889
1299722,26708,17159,28272,21,21,3,3,0.1429,0.0,0.817,20,8,9,0.889
1299723,26708,17159,28272,21,21,3,3,0.1429,0.0,0.817,20,8,9,0.889
1308713,9010,8960,51068,7,7,1,6,0.8571,0.7143,0.815,6,8,9,0.889
1013491,290,284,412,4,4,1,3,0.75,0.5,0.815,3,8,9,0.889
1297566,6211,6205,16873,4,4,1,2,0.5,0.25,0.815,3,8,9,0.889
1205683,2289,2282,24069,14,14,2,6,0.4286,0.2857,0.812,13,8,9,0.889
1205684,2377,2282,24069,14,14,3,6,0.4286,0.2143,0.812,13,8,9,0.889
1159319,102363,102058,33529,11,11,1,10,0.9091,0.8182,0.811,10,8,9,0.889
1310550,343950,143,48041,11,11,1,5,0.4545,0.3636,0.811,10,8,9,0.889
1063499,144323,144324,14534,11,11,2,5,0.4545,0.2727,0.811,10,8,9,0.889
1069793,144323,144324,14534,11,11,2,5,0.4545,0.2727,0.811,10,8,9,0.889
1220707,18997,19048,42980,11,11,5,6,0.5455,0.0909,0.811,10,8,9,0.889
1282909,2081,192007,47230,5,5,1,4,0.8,0.6,0.806,4,8,9,0.889
1021870,11987,24777,5822,6,6,1,5,0.8333,0.6667,0.8,5,8,9,0.889
1205500,13839,1875,27962,6,6,1,5,0.8333,0.6667,0.8,5,8,9,0.889
1282722,27377,19416,48707,6,6,1,4,0.6667,0.5,0.8,5,8,9,0.889
1112154,27113,18268,24816,6,6,2,4,0.6667,0.3333,0.8,5,8,9,0.889
1119554,477918,477919,26030,6,6,2,4,0.6667,0.3333,0.8,5,8,9,0.889
1299765,26682,17159,28272,21,21,2,3,0.1429,0.0476,0.8,20,8,9,0.889
1299710,26682,17159,28272,21,21,2,3,0.1429,0.0476,0.8,20,8,9,0.889
1222228,12462,12435,33172,6,6,3,3,0.5,0.0,0.8,5,8,9,0.889
1163460,26072,26065,13381,12,12,1,4,0.3333,0.25,0.798,11,8,9,0.889
1270978,8499,8450,45419,12,12,5,7,0.5833,0.1667,0.798,11,8,9,0.889
1102654,16433,16425,22821,12,12,6,6,0.5,0.0,0.798,11,8,9,0.889
1100756,16433,16425,22821,12,12,6,6,0.5,0.0,0.798,11,8,9,0.889
1067270,118723,118722,13286,7,7,1,6,0.8571,0.7143,0.796,6,8,9,0.889
1138160,17387,17368,23902,7,7,1,6,0.8571,0.7143,0.796,6,8,9,0.889
1067526,16563,26437,12135,7,7,1,2,0.2857,0.1429,0.796,6,8,9,0.889
1089020,4156,26437,12135,7,7,1,2,0.2857,0.1429,0.796,6,8,9,0.889
1083344,14438,14470,17977,7,7,3,4,0.5714,0.1429,0.796,6,8,9,0.889
1091039,27028,18117,20472,7,7,3,4,0.5714,0.1429,0.796,6,8,9,0.889
1195628,270397,270395,39191,14,14,4,10,0.7143,0.4286,0.795,13,8,9,0.889
1195631,270397,270395,39191,14,14,4,10,0.7143,0.4286,0.795,13,8,9,0.889
1170482,24378,24393,35872,8,8,1,7,0.875,0.75,0.794,7,8,9,0.889
1300010,17014,26609,49812,8,8,1,7,0.875,0.75,0.794,7,8,9,0.889
1170521,10785,10875,28474,8,8,2,6,0.75,0.5,0.794,7,8,9,0.889
1273577,25122,25119,45232,8,8,3,5,0.625,0.25,0.794,7,8,9,0.889
1063278,280955,280649,14580,15,15,4,6,0.4,0.1333,0.794,14,8,9,0.889
1063279,280955,280649,14580,15,15,4,6,0.4,0.1333,0.794,14,8,9,0.889
1063280,280955,280649,14580,15,15,4,6,0.4,0.1333,0.794,14,8,9,0.889
1063281,280955,280649,14580,15,15,4,6,0.4,0.1333,0.794,14,8,9,0.889
1128446,17238,17159,28272,21,21,1,3,0.1429,0.0952,0.794,20,8,9,0.889
1298475,26668,17159,28272,21,21,1,3,0.1429,0.0952,0.794,20,8,9,0.889
1068471,22056,5837,13693,8,8,4,4,0.5,0.0,0.794,7,8,9,0.889
1203002,18762,18764,40915,9,9,2,7,0.7778,0.5556,0.792,8,8,9,0.889
1084111,18599,18587,16082,9,9,3,5,0.5556,0.2222,0.792,8,8,9,0.889
1065312,21968,5667,14684,11,11,4,7,0.6364,0.2727,0.789,10,8,9,0.889
1131991,105900,26065,13381,12,12,1,4,0.3333,0.25,0.788,11,8,9,0.889
1195630,270397,270395,39191,14,14,4,10,0.7143,0.4286,0.786,13,8,9,0.889
1195672,270397,270395,39191,14,14,4,10,0.7143,0.4286,0.786,13,8,9,0.889
1227016,10188,10077,27828,14,14,4,6,0.4286,0.1429,0.786,13,8,9,0.889
1191131,19643,19638,22155,16,16,5,6,0.375,0.0625,0.785,15,8,9,0.889
1191132,19643,19638,22155,16,16,5,6,0.375,0.0625,0.785,15,8,9,0.889
1191133,19643,19638,22155,16,16,5,6,0.375,0.0625,0.785,15,8,9,0.889
1203542,136330,19540,41041,19,19,1,6,0.3158,0.2632,0.784,18,8,9,0.889
1307677,136327,19540,41041,19,19,1,6,0.3158,0.2632,0.784,18,8,9,0.889
1281727,136329,19540,41041,19,19,1,6,0.3158,0.2632,0.784,18,8,9,0.889
1203540,97564,19540,41041,19,19,3,6,0.3158,0.1579,0.784,18,8,9,0.889
1309206,97564,19540,41041,19,19,3,6,0.3158,0.1579,0.784,18,8,9,0.889
1281730,97564,19540,41041,19,19,3,6,0.3158,0.1579,0.784,18,8,9,0.889
1032627,345249,345246,8502,12,12,1,11,0.9167,0.8333,0.778,11,8,9,0.889
1216308,10667,10747,42207,8,8,1,7,0.875,0.75,0.778,7,8,9,0.889
1135988,11963,10230,30388,6,6,1,5,0.8333,0.6667,0.778,5,8,9,0.889
1034188,294076,309758,8709,9,9,2,7,0.7778,0.5556,0.778,8,8,9,0.889
1044960,344337,343441,9115,9,9,2,7,0.7778,0.5556,0.778,8,8,9,0.889
1184529,26956,17963,5009,7,7,2,5,0.7143,0.4286,0.778,6,8,9,0.889
1184528,26956,17963,5009,7,7,2,5,0.7143,0.4286,0.778,6,8,9,0.889
1137499,535611,1177,26377,13,13,2,6,0.4615,0.3077,0.778,12,8,9,0.889
1123029,535611,1177,26377,13,13,2,6,0.4615,0.3077,0.778,12,8,9,0.889
1110445,17033,26612,24148,7,7,3,4,0.5714,0.1429,0.778,6,8,9,0.889
1110446,17033,26612,24148,7,7,3,4,0.5714,0.1429,0.778,6,8,9,0.889
1222230,12462,12435,33172,6,6,3,3,0.5,0.0,0.778,5,8,9,0.889
1188541,21148,3084,37997,6,6,3,3,0.5,0.0,0.778,5,8,9,0.889
1187986,251837,63005,370,4,4,1,1,0.25,0.0,0.778,3,8,9,0.889
1146897,26236,15861,31696,3,3,1,1,0.3333,0.0,0.778,2,8,9,0.889
1232534,,530655,26049,13,9,0,4,0.4444,0.4444,0.775,12,8,9,0.889
1136945,530657,530655,26049,13,9,1,4,0.4444,0.3333,0.775,12,8,9,0.889
1232998,530660,530655,26049,13,9,2,4,0.4444,0.2222,0.775,12,8,9,0.889
1309170,8981,9046,29551,17,16,6,10,0.625,0.25,0.771,16,8,9,0.889
1188278,27446,19599,36230,11,11,2,4,0.3636,0.1818,0.767,10,8,9,0.889
1188387,27446,19599,36230,11,11,2,4,0.3636,0.1818,0.767,10,8,9,0.889
1035835,336319,336316,8468,8,8,1,7,0.875,0.75,0.762,7,8,9,0.889
1301014,22866,7705,50257,8,8,3,5,0.625,0.25,0.762,7,8,9,0.889
1288468,13123,13183,23039,21,21,1,5,0.2381,0.1905,0.761,20,8,9,0.889
1288470,13037,13183,23039,21,21,2,5,0.2381,0.1429,0.761,20,8,9,0.889
1288484,13037,13183,23039,21,21,2,5,0.2381,0.1429,0.761,20,8,9,0.889
1287788,13107,13183,23039,21,21,3,5,0.2381,0.0952,0.761,20,8,9,0.889
1287790,13107,13183,23039,21,21,3,5,0.2381,0.0952,0.761,20,8,9,0.889
1287793,13107,13183,23039,21,21,3,5,0.2381,0.0952,0.761,20,8,9,0.889
1225777,91487,91488,43708,7,7,1,6,0.8571,0.7143,0.759,6,8,9,0.889
1309179,83,76,30421,15,15,1,4,0.2667,0.2,0.754,14,8,9,0.889
1300188,78,76,30421,15,15,2,4,0.2667,0.1333,0.754,14,8,9,0.889
1309163,78,76,30421,15,15,2,4,0.2667,0.1333,0.754,14,8,9,0.889
1232483,,535979,22217,10,7,0,7,1.0,1.0,0.753,9,8,9,0.889
1103113,140795,140490,23314,10,10,2,8,0.8,0.6,0.753,9,8,9,0.889
1306889,7839,22912,28857,10,10,2,4,0.4,0.2,0.753,9,8,9,0.889
1306893,7839,22912,28857,10,10,2,4,0.4,0.2,0.753,9,8,9,0.889
1022741,344333,344334,6060,9,9,1,8,0.8889,0.7778,0.75,8,8,9,0.889
1101846,389915,13183,23039,21,21,1,5,0.2381,0.1905,0.75,20,8,9,0.889
1134141,384796,384797,4229,11,11,2,9,0.8182,0.6364,0.744,10,8,9,0.889
1218201,12077,12124,42435,4,4,1,3,0.75,0.5,0.741,3,8,9,0.889
1164079,205116,12285,3588,21,21,2,5,0.2381,0.1429,0.739,20,8,9,0.889
1106648,205116,12285,3588,21,21,2,5,0.2381,0.1429,0.739,20,8,9,0.889
1071504,5230,19204,15544,15,15,1,5,0.3333,0.2667,0.738,14,8,9,0.889
1072452,5216,19204,15544,15,15,1,5,0.3333,0.2667,0.738,14,8,9,0.889
1308486,68,76,30421,15,15,1,4,0.2667,0.2,0.738,14,8,9,0.889
1308492,71,76,30421,15,15,1,4,0.2667,0.2,0.738,14,8,9,0.889
1249967,302716,123,24079,6,6,2,4,0.6667,0.3333,0.733,5,8,9,0.889
1131227,302716,123,24079,6,6,2,4,0.6667,0.3333,0.733,5,8,9,0.889
1174823,12030,12285,3588,21,21,2,5,0.2381,0.1429,0.733,20,8,9,0.889
1097145,,536190,22226,10,8,0,8,1.0,1.0,0.728,9,8,9,0.889
1232507,,535979,22217,10,7,0,7,1.0,1.0,0.728,9,8,9,0.889
1097124,,535979,22217,10,7,0,7,1.0,1.0,0.728,9,8,9,0.889
1179080,25468,13592,16357,11,11,1,10,0.9091,0.8182,0.722,10,8,9,0.889
1005867,87003,5586,1817,5,5,1,4,0.8,0.6,0.722,4,8,9,0.889
1001664,699,697,560,5,5,1,2,0.4,0.2,0.722,4,8,9,0.889
1232996,,530655,26049,13,9,0,4,0.4444,0.4444,0.72,12,8,9,0.889
1286685,25119,25122,45265,20,20,6,14,0.7,0.4,0.708,19,8,9,0.889
1000616,5581,5579,67,4,4,1,2,0.5,0.25,0.704,3,8,9,0.889
1110438,16971,17001,23992,13,13,3,6,0.4615,0.2308,0.704,12,8,9,0.889
1106230,26612,17001,23992,13,13,4,6,0.4615,0.1538,0.704,12,8,9,0.889
1027054,101410,100452,5364,10,10,3,4,0.4,0.1,0.704,9,8,9,0.889
1027055,101410,100452,5364,10,10,3,4,0.4,0.1,0.704,9,8,9,0.889
1027056,101410,100452,5364,10,10,3,4,0.4,0.1,0.704,9,8,9,0.889
1073490,8972,9118,3662,8,8,1,6,0.75,0.625,0.698,7,8,9,0.889
1102656,16433,16425,22821,12,12,6,6,0.5,0.0,0.697,11,8,9,0.889
1223493,19907,222715,29638,5,5,1,4,0.8,0.6,0.694,4,8,9,0.889
1069798,202556,144329,14627,9,9,2,5,0.5556,0.3333,0.694,8,8,9,0.889
1062553,21966,21968,14410,11,11,3,8,0.7273,0.4545,0.689,10,8,9,0.889
1299527,18966,18935,28914,6,6,1,3,0.5,0.3333,0.689,5,8,9,0.889
1043198,343403,286090,10788,7,7,2,5,0.7143,0.4286,0.685,6,8,9,0.889
1065059,343403,286090,10788,7,7,2,5,0.7143,0.4286,0.685,6,8,9,0.889
1063502,10392,10423,5884,23,23,5,7,0.3043,0.087,0.682,22,8,9,0.889
1055942,10392,10423,5884,23,23,5,7,0.3043,0.087,0.682,22,8,9,0.889
1024039,10392,10423,5884,23,23,5,7,0.3043,0.087,0.682,22,8,9,0.889
1022081,10392,10423,5884,23,23,5,7,0.3043,0.087,0.672,22,8,9,0.889
1257422,,17101,21184,7,6,0,6,1.0,1.0,0.667,6,8,9,0.889
1202279,18218,18255,35159,5,5,1,4,0.8,0.6,0.667,4,8,9,0.889
1206311,2561,14822,24486,8,8,1,2,0.25,0.125,0.667,7,8,9,0.889
1040089,48286,37418,10158,10,10,4,6,0.6,0.2,0.654,9,8,9,0.889
1201739,280965,280966,10469,34,34,11,23,0.6765,0.3529,0.653,33,8,9,0.889
1062811,21970,5669,14462,9,9,4,5,0.5556,0.1111,0.653,8,8,9,0.889
1100198,16349,26386,22681,17,17,8,9,0.5294,0.0588,0.646,16,8,9,0.889
1110495,17001,16971,23995,6,6,3,3,0.5,0.0,0.644,5,8,9,0.889
1186404,27406,27395,4163,10,10,1,5,0.5,0.4,0.642,9,8,9,0.889
1219835,21225,21215,35510,10,10,3,7,0.7,0.4,0.642,9,8,9,0.889
1185120,27343,27338,20929,12,12,4,6,0.5,0.1667,0.636,11,8,9,0.889
1185121,27343,27338,20929,12,12,4,6,0.5,0.1667,0.636,11,8,9,0.889
1185154,27343,27338,20929,12,12,4,6,0.5,0.1667,0.636,11,8,9,0.889
1184639,27343,27338,20929,12,12,4,6,0.5,0.1667,0.636,11,8,9,0.889
1177595,4281,4364,16758,25,25,4,9,0.36,0.2,0.634,24,8,9,0.889
1184786,18975,18980,21268,13,13,1,4,0.3077,0.2308,0.63,12,8,9,0.889
1177593,4281,4364,16758,25,25,4,9,0.36,0.2,0.63,24,8,9,0.889
1312204,7627,7619,46959,10,10,1,3,0.3,0.2,0.63,9,8,9,0.889
1312189,7622,7619,46959,10,10,2,3,0.3,0.1,0.63,9,8,9,0.889
1311857,7622,7619,46959,10,10,2,3,0.3,0.1,0.63,9,8,9,0.889
1185281,19634,27454,28206,6,6,1,5,0.8333,0.6667,0.622,5,8,9,0.889
1185619,157758,157757,38168,14,14,3,5,0.3571,0.1429,0.615,13,8,9,0.889
1188321,157758,157757,38168,14,14,3,5,0.3571,0.1429,0.615,13,8,9,0.889
1188320,157758,157757,38168,14,14,3,5,0.3571,0.1429,0.615,13,8,9,0.889
1133644,330559,287676,29758,3,2,1,1,0.5,0.0,0.611,2,8,9,0.889
1047194,344335,344336,11553,16,16,3,13,0.8125,0.625,0.607,15,8,9,0.889
1103185,16349,16385,23231,16,16,5,11,0.6875,0.375,0.607,15,8,9,0.889
1097131,536893,536892,8319,11,7,3,4,0.5714,0.1429,0.606,10,8,9,0.889
1153307,280967,280968,33114,13,13,1,12,0.9231,0.8462,0.602,12,8,9,0.889
1134868,23515,9000,28864,25,25,7,7,0.28,0.0,0.602,24,8,9,0.889
1216736,23515,9000,28864,25,25,7,7,0.28,0.0,0.602,24,8,9,0.889
1216738,23515,9000,28864,25,25,7,7,0.28,0.0,0.602,24,8,9,0.889
1266851,23515,9000,28864,25,25,7,7,0.28,0.0,0.602,24,8,9,0.889
1266853,23515,9000,28864,25,25,7,7,0.28,0.0,0.602,24,8,9,0.889
1269698,23515,9000,28864,25,25,7,7,0.28,0.0,0.602,24,8,9,0.889
1265964,23515,9000,28864,25,25,7,7,0.28,0.0,0.602,24,8,9,0.889
1219368,157756,157757,38168,14,14,2,5,0.3571,0.2143,0.598,13,8,9,0.889
1219369,157756,157757,38168,14,14,2,5,0.3571,0.2143,0.598,13,8,9,0.889
1265862,281275,280970,42374,5,5,1,4,0.8,0.6,0.583,4,8,9,0.889
1265551,,376736,6560,11,10,0,10,1.0,1.0,0.578,10,8,9,0.889
1069477,19232,19140,9124,20,20,5,6,0.3,0.05,0.573,19,8,9,0.889
1069482,19232,19140,9124,20,20,5,6,0.3,0.05,0.573,19,8,9,0.889
1069483,19232,19140,9124,20,20,5,6,0.3,0.05,0.573,19,8,9,0.889
1084245,19232,19140,9124,20,20,5,6,0.3,0.05,0.567,19,8,9,0.889
1069481,19232,19140,9124,20,20,5,6,0.3,0.05,0.567,19,8,9,0.889
1105964,16971,16995,23930,7,7,3,4,0.5714,0.1429,0.537,6,8,9,0.889
1220555,18082,18058,12018,12,12,4,4,0.3333,0.0,0.535,11,8,9,0.889
1280975,530,529,717,9,9,1,8,0.8889,0.7778,0.528,8,8,9,0.889
1145193,20618,2416,19212,30,30,4,13,0.4333,0.3,0.517,29,8,9,0.889
1147522,20618,2416,19212,30,30,4,13,0.4333,0.3,0.517,29,8,9,0.889
1147525,20618,2416,19212,30,30,4,13,0.4333,0.3,0.517,29,8,9,0.889
1147530,20618,2416,19212,30,30,4,13,0.4333,0.3,0.517,29,8,9,0.889
1101547,26503,16641,8936,22,22,3,5,0.2273,0.0909,0.508,21,8,9,0.889
1101519,26503,16641,8936,22,22,3,5,0.2273,0.0909,0.508,21,8,9,0.889
1101521,26503,16641,8936,22,22,3,5,0.2273,0.0909,0.508,21,8,9,0.889
1097132,,535975,5605,25,22,0,10,0.4545,0.4545,0.502,24,8,9,0.889
1097151,,535975,5605,25,22,0,10,0.4545,0.4545,0.502,24,8,9,0.889
1282059,7316,7264,42089,32,32,4,5,0.1562,0.0312,0.502,31,8,9,0.889
1282060,7316,7264,42089,32,32,4,5,0.1562,0.0312,0.502,31,8,9,0.889
1249841,7316,7264,42089,32,32,4,5,0.1562,0.0312,0.502,31,8,9,0.889
1215999,7316,7264,42089,32,32,4,5,0.1562,0.0312,0.502,31,8,9,0.889
1153262,10460,10419,33048,11,11,1,10,0.9091,0.8182,0.5,10,8,9,0.889
1273572,25122,25119,45232,8,8,3,5,0.625,0.25,0.492,7,8,9,0.889
1279650,19746,64,39078,4,4,1,2,0.5,0.25,0.481,3,8,9,0.889
1142997,878,111662,30746,12,10,1,9,0.9,0.8,0.444,11,8,9,0.889
1073588,21523,3904,16801,5,5,1,4,0.8,0.6,0.444,4,8,9,0.889
1058180,377753,377752,11308,6,6,2,4,0.6667,0.3333,0.444,5,8,9,0.889
1112417,14431,14416,1963,6,6,3,3,0.5,0.0,0.444,5,8,9,0.889
1276447,17155,17151,29838,20,20,4,6,0.3,0.1,0.392,19,8,9,0.889
1276449,17155,17151,29838,20,20,4,6,0.3,0.1,0.392,19,8,9,0.889
1276450,17155,17151,29838,20,20,4,6,0.3,0.1,0.392,19,8,9,0.889
1280751,17155,17151,29838,20,20,4,6,0.3,0.1,0.392,19,8,9,0.889
1011804,375966,375965,3510,23,23,3,6,0.2609,0.1304,0.328,22,8,9,0.889
1011841,375966,375965,3510,23,23,3,6,0.2609,0.1304,0.328,22,8,9,0.889
1257661,,536189,29769,4,2,0,2,1.0,1.0,0.296,3,8,9,0.889
1000993,94692,296,25,15,15,2,6,0.4,0.2667,0.127,14,8,9,0.889
1121787,24781,24770,26333,7,7,1,6,0.8571,0.7143,1.0,6,7,9,0.778
1001991,19820,356,439,6,6,1,5,0.8333,0.6667,1.0,5,7,9,0.778
1301084,7012,22594,28026,6,6,1,5,0.8333,0.6667,1.0,5,7,9,0.778
1147453,83806,2512,32259,6,6,1,5,0.8333,0.6667,1.0,5,7,9,0.778
1180700,121579,121580,37648,6,6,1,5,0.8333,0.6667,1.0,5,7,9,0.778
1045845,69092,53090,10281,5,5,1,4,0.8,0.6,1.0,4,7,9,0.778
1068354,74524,5787,13236,5,5,1,4,0.8,0.6,1.0,4,7,9,0.778
1282042,16738,16725,48553,5,5,1,4,0.8,0.6,1.0,4,7,9,0.778
1131094,21653,21657,28785,4,4,1,3,0.75,0.5,1.0,3,7,9,0.778
1167374,18684,18671,35111,4,4,1,3,0.75,0.5,1.0,3,7,9,0.778
1175042,3367,15428,36320,4,4,1,3,0.75,0.5,1.0,3,7,9,0.778
1185352,27453,38407,38145,4,4,1,3,0.75,0.5,1.0,3,7,9,0.778
1144942,2712,20944,26150,6,6,2,4,0.6667,0.3333,1.0,5,7,9,0.778
1144943,2712,20944,26150,6,6,2,4,0.6667,0.3333,1.0,5,7,9,0.778
1221943,11130,11134,43184,6,6,2,4,0.6667,0.3333,1.0,5,7,9,0.778
1221942,11130,11134,43184,6,6,2,4,0.6667,0.3333,1.0,5,7,9,0.778
1001919,426,19838,202,3,3,1,2,0.6667,0.3333,1.0,2,7,9,0.778
1099552,96924,102694,22558,3,3,1,2,0.6667,0.3333,1.0,2,7,9,0.778
1177376,50209,16714,4968,12,12,1,4,0.3333,0.25,1.0,11,7,9,0.778
1177378,50203,16714,4968,12,12,1,4,0.3333,0.25,1.0,11,7,9,0.778
1151124,50205,16714,4968,12,12,1,4,0.3333,0.25,1.0,11,7,9,0.778
1181383,50208,16714,4968,12,12,1,4,0.3333,0.25,1.0,11,7,9,0.778
1015404,391052,16714,4968,12,12,1,4,0.3333,0.25,1.0,11,7,9,0.778
1015405,391053,16714,4968,12,12,1,4,0.3333,0.25,1.0,11,7,9,0.778
1095715,24692,24720,21875,9,9,2,4,0.4444,0.2222,1.0,8,7,9,0.778
1176538,24692,24720,21875,9,9,2,4,0.4444,0.2222,1.0,8,7,9,0.778
1177676,50204,16714,4968,12,12,2,4,0.3333,0.1667,1.0,11,7,9,0.778
1177678,50204,16714,4968,12,12,2,4,0.3333,0.1667,1.0,11,7,9,0.778
1010824,24712,24671,727,9,9,4,5,0.5556,0.1111,1.0,8,7,9,0.778
1010827,24712,24671,727,9,9,4,5,0.5556,0.1111,1.0,8,7,9,0.778
1010828,24712,24671,727,9,9,4,5,0.5556,0.1111,1.0,8,7,9,0.778
1010831,24712,24671,727,9,9,4,5,0.5556,0.1111,1.0,8,7,9,0.778
1175466,24693,24720,21875,9,9,3,4,0.4444,0.1111,1.0,8,7,9,0.778
1175467,24693,24720,21875,9,9,3,4,0.4444,0.1111,1.0,8,7,9,0.778
1175465,24693,24720,21875,9,9,3,4,0.4444,0.1111,1.0,8,7,9,0.778
1282163,425035,376812,22216,3,3,1,1,0.3333,0.0,1.0,2,7,9,0.778
1097110,425036,376812,22216,3,3,1,1,0.3333,0.0,1.0,2,7,9,0.778
1071074,21720,4962,16034,2,2,1,1,0.5,0.0,1.0,1,7,9,0.778
1180819,17022,16994,37670,2,2,1,1,0.5,0.0,1.0,1,7,9,0.778
1223248,24325,24310,43180,2,2,1,1,0.5,0.0,1.0,1,7,9,0.778
1276775,154565,3017,47180,2,2,1,1,0.5,0.0,1.0,1,7,9,0.778
1279860,18632,18589,47975,2,2,1,1,0.5,0.0,1.0,1,7,9,0.778
1113447,15424,15397,18336,10,10,3,4,0.4,0.1,0.988,9,7,9,0.778
1082565,15465,15397,18336,10,10,3,4,0.4,0.1,0.988,9,7,9,0.778
1105979,15424,15397,18336,10,10,3,4,0.4,0.1,0.988,9,7,9,0.778
1113461,15465,15397,18336,10,10,3,4,0.4,0.1,0.988,9,7,9,0.778
1113462,15465,15397,18336,10,10,3,4,0.4,0.1,0.988,9,7,9,0.778
1081867,15424,15397,18336,10,10,3,4,0.4,0.1,0.988,9,7,9,0.778
1227595,23836,23847,44095,10,10,4,5,0.5,0.1,0.988,9,7,9,0.778
1227596,23836,23847,44095,10,10,4,5,0.5,0.1,0.988,9,7,9,0.778
1271894,23836,23847,44095,10,10,4,5,0.5,0.1,0.988,9,7,9,0.778
1227597,23836,23847,44095,10,10,4,5,0.5,0.1,0.988,9,7,9,0.778
1048956,22642,7102,7165,13,13,2,7,0.5385,0.3846,0.981,12,7,9,0.778
1030248,22642,7102,7165,13,13,2,7,0.5385,0.3846,0.981,12,7,9,0.778
1028108,7030,7102,7165,13,13,4,7,0.5385,0.2308,0.981,12,7,9,0.778
1033124,7030,7102,7165,13,13,4,7,0.5385,0.2308,0.981,12,7,9,0.778
1219660,4347,4298,38437,7,7,3,4,0.5714,0.1429,0.981,6,7,9,0.778
1219662,4347,4298,38437,7,7,3,4,0.5714,0.1429,0.981,6,7,9,0.778
1095214,2540,2541,21688,11,11,5,6,0.5455,0.0909,0.978,10,7,9,0.778
1153470,2540,2541,21688,11,11,5,6,0.5455,0.0909,0.978,10,7,9,0.778
1153472,2540,2541,21688,11,11,5,6,0.5455,0.0909,0.978,10,7,9,0.778
1156894,2540,2541,21688,11,11,5,6,0.5455,0.0909,0.978,10,7,9,0.778
1153430,2540,2541,21688,11,11,5,6,0.5455,0.0909,0.978,10,7,9,0.778
1076876,17616,17601,17657,10,10,5,5,0.5,0.0,0.975,9,7,9,0.778
1076845,17616,17601,17657,10,10,5,5,0.5,0.0,0.975,9,7,9,0.778
1092838,17616,17601,17657,10,10,5,5,0.5,0.0,0.975,9,7,9,0.778
1145333,17616,17601,17657,10,10,5,5,0.5,0.0,0.975,9,7,9,0.778
1092829,17616,17601,17657,10,10,5,5,0.5,0.0,0.975,9,7,9,0.778
1306106,8065,8030,48530,8,8,4,4,0.5,0.0,0.968,7,7,9,0.778
1306108,8065,8030,48530,8,8,4,4,0.5,0.0,0.968,7,7,9,0.778
1306109,8065,8030,48530,8,8,4,4,0.5,0.0,0.968,7,7,9,0.778
1307646,8065,8030,48530,8,8,4,4,0.5,0.0,0.968,7,7,9,0.778
1039767,9136,9062,10080,11,11,5,6,0.5455,0.0909,0.967,10,7,9,0.778
1039768,9136,9062,10080,11,11,5,6,0.5455,0.0909,0.967,10,7,9,0.778
1039769,9136,9062,10080,11,11,5,6,0.5455,0.0909,0.967,10,7,9,0.778
1039770,9136,9062,10080,11,11,5,6,0.5455,0.0909,0.967,10,7,9,0.778
1105738,1676,1679,23898,4,4,1,3,0.75,0.5,0.963,3,7,9,0.778
1005480,5464,5468,1224,4,4,1,2,0.5,0.25,0.963,3,7,9,0.778
1304205,22401,6804,2598,10,10,2,4,0.4,0.2,0.963,9,7,9,0.778
1218125,12048,12050,42590,7,7,3,4,0.5714,0.1429,0.963,6,7,9,0.778
1218124,12048,12050,42590,7,7,3,4,0.5714,0.1429,0.963,6,7,9,0.778
1218126,12048,12050,42590,7,7,3,4,0.5714,0.1429,0.963,6,7,9,0.778
1128296,22424,6804,2598,10,10,4,4,0.4,0.0,0.963,9,7,9,0.778
1303967,22424,6804,2598,10,10,4,4,0.4,0.0,0.963,9,7,9,0.778
1303969,22424,6804,2598,10,10,4,4,0.4,0.0,0.963,9,7,9,0.778
1008441,22424,6804,2598,10,10,4,4,0.4,0.0,0.963,9,7,9,0.778
1131993,20471,20516,3934,6,6,2,4,0.6667,0.3333,0.956,5,7,9,0.778
1013075,20471,20516,3934,6,6,2,4,0.6667,0.3333,0.956,5,7,9,0.778
1205811,284170,284164,30346,6,6,3,3,0.5,0.0,0.956,5,7,9,0.778
1205812,284170,284164,30346,6,6,3,3,0.5,0.0,0.956,5,7,9,0.778
1195574,284170,284164,30346,6,6,3,3,0.5,0.0,0.956,5,7,9,0.778
1167125,108151,108147,4610,12,12,1,3,0.25,0.1667,0.949,11,7,9,0.778
1167124,108153,108147,4610,12,12,2,3,0.25,0.0833,0.949,11,7,9,0.778
1167127,108153,108147,4610,12,12,2,3,0.25,0.0833,0.949,11,7,9,0.778
1185606,108148,108147,4610,12,12,2,3,0.25,0.0833,0.949,11,7,9,0.778
1185608,108148,108147,4610,12,12,2,3,0.25,0.0833,0.949,11,7,9,0.778
1184550,108152,108147,4610,12,12,3,3,0.25,0.0,0.949,11,7,9,0.778
1014525,108152,108147,4610,12,12,3,3,0.25,0.0,0.949,11,7,9,0.778
1184552,108152,108147,4610,12,12,3,3,0.25,0.0,0.949,11,7,9,0.778
1185133,19119,19185,37825,7,7,1,6,0.8571,0.7143,0.944,6,7,9,0.778
1307478,8246,8291,51372,7,7,3,4,0.5714,0.1429,0.944,6,7,9,0.778
1164675,17241,24276,32994,10,10,1,5,0.5,0.4,0.938,9,7,9,0.778
1218212,24267,24276,32994,10,10,4,5,0.5,0.1,0.938,9,7,9,0.778
1218214,24267,24276,32994,10,10,4,5,0.5,0.1,0.938,9,7,9,0.778
1218215,24267,24276,32994,10,10,4,5,0.5,0.1,0.938,9,7,9,0.778
1265880,24267,24276,32994,10,10,4,5,0.5,0.1,0.938,9,7,9,0.778
1037211,55649,47644,8866,10,10,5,5,0.5,0.0,0.938,9,7,9,0.778
1038808,55649,47644,8866,10,10,5,5,0.5,0.0,0.938,9,7,9,0.778
1034259,55649,47644,8866,10,10,5,5,0.5,0.0,0.938,9,7,9,0.778
1034261,55649,47644,8866,10,10,5,5,0.5,0.0,0.938,9,7,9,0.778
1034262,55649,47644,8866,10,10,5,5,0.5,0.0,0.938,9,7,9,0.778
1199774,23728,9467,22404,8,8,1,2,0.25,0.125,0.937,7,7,9,0.778
1199784,9554,9467,22404,8,8,1,2,0.25,0.125,0.937,7,7,9,0.778
1098585,23680,9467,22404,8,8,1,2,0.25,0.125,0.937,7,7,9,0.778
1199867,23727,9467,22404,8,8,2,2,0.25,0.0,0.937,7,7,9,0.778
1201237,23727,9467,22404,8,8,2,2,0.25,0.0,0.937,7,7,9,0.778
1115477,12808,12783,20350,6,6,3,3,0.5,0.0,0.933,5,7,9,0.778
1115512,12808,12783,20350,6,6,3,3,0.5,0.0,0.933,5,7,9,0.778
1159953,12808,12783,20350,6,6,3,3,0.5,0.0,0.933,5,7,9,0.778
1308403,9143,23508,15949,9,9,2,5,0.5556,0.3333,0.931,8,7,9,0.778
1308373,23529,23508,15949,9,9,2,5,0.5556,0.3333,0.931,8,7,9,0.778
1308372,23529,23508,15949,9,9,2,5,0.5556,0.3333,0.931,8,7,9,0.778
1277300,9143,23508,15949,9,9,2,5,0.5556,0.3333,0.931,8,7,9,0.778
1287487,23825,23866,30898,9,9,3,6,0.6667,0.3333,0.931,8,7,9,0.778
1287488,23825,23866,30898,9,9,3,6,0.6667,0.3333,0.931,8,7,9,0.778
1287489,23825,23866,30898,9,9,3,6,0.6667,0.3333,0.931,8,7,9,0.778
1269269,197115,8273,45424,10,10,1,3,0.3,0.2,0.926,9,7,9,0.778
1275712,224637,8273,45424,10,10,1,3,0.3,0.2,0.926,9,7,9,0.778
1022993,173127,258564,6115,7,7,3,4,0.5714,0.1429,0.926,6,7,9,0.778
1022916,173127,258564,6115,7,7,3,4,0.5714,0.1429,0.926,6,7,9,0.778
1267123,8400,8273,45424,10,10,3,3,0.3,0.0,0.926,9,7,9,0.778
1267075,8400,8273,45424,10,10,3,3,0.3,0.0,0.926,9,7,9,0.778
1267076,8400,8273,45424,10,10,3,3,0.3,0.0,0.926,9,7,9,0.778
1107850,189435,3208,16361,4,4,1,1,0.25,0.0,0.926,3,7,9,0.778
1072440,375943,3208,16361,4,4,1,1,0.25,0.0,0.926,3,7,9,0.778
1107849,189436,3208,16361,4,4,1,1,0.25,0.0,0.926,3,7,9,0.778
1150788,3726,21444,21138,15,15,6,8,0.5333,0.1333,0.921,14,7,9,0.778
1150789,3726,21444,21138,15,15,6,8,0.5333,0.1333,0.921,14,7,9,0.778
1092871,3726,21444,21138,15,15,6,8,0.5333,0.1333,0.921,14,7,9,0.778
1145950,3726,21444,21138,15,15,6,8,0.5333,0.1333,0.921,14,7,9,0.778
1145951,3726,21444,21138,15,15,6,8,0.5333,0.1333,0.921,14,7,9,0.778
1149384,3726,21444,21138,15,15,6,8,0.5333,0.1333,0.921,14,7,9,0.778
1104796,13092,12973,23702,6,6,2,4,0.6667,0.3333,0.911,5,7,9,0.778
1136723,13092,12973,23702,6,6,2,4,0.6667,0.3333,0.911,5,7,9,0.778
1286813,7487,7488,49063,11,11,2,5,0.4545,0.2727,0.911,10,7,9,0.778
1286790,7487,7488,49063,11,11,2,5,0.4545,0.2727,0.911,10,7,9,0.778
1286175,17712,26899,47178,16,16,1,5,0.3125,0.25,0.911,15,7,9,0.778
1306295,26870,26899,47178,16,16,2,5,0.3125,0.1875,0.911,15,7,9,0.778
1276769,26876,26899,47178,16,16,2,5,0.3125,0.1875,0.911,15,7,9,0.778
1278726,26883,26899,47178,16,16,2,5,0.3125,0.1875,0.911,15,7,9,0.778
1276772,26876,26899,47178,16,16,2,5,0.3125,0.1875,0.911,15,7,9,0.778
1126834,26442,16464,16518,16,16,2,4,0.25,0.125,0.911,15,7,9,0.778
1072965,26467,16464,16518,16,16,2,4,0.25,0.125,0.911,15,7,9,0.778
1180610,16552,16464,16518,16,16,2,4,0.25,0.125,0.911,15,7,9,0.778
1180869,26442,16464,16518,16,16,2,4,0.25,0.125,0.911,15,7,9,0.778
1180618,16552,16464,16518,16,16,2,4,0.25,0.125,0.911,15,7,9,0.778
1283294,26467,16464,16518,16,16,2,4,0.25,0.125,0.911,15,7,9,0.778
1286795,22760,7488,49063,11,11,4,5,0.4545,0.0909,0.911,10,7,9,0.778
1286796,22760,7488,49063,11,11,4,5,0.4545,0.0909,0.911,10,7,9,0.778
1286798,22760,7488,49063,11,11,4,5,0.4545,0.0909,0.911,10,7,9,0.778
1286805,22760,7488,49063,11,11,4,5,0.4545,0.0909,0.911,10,7,9,0.778
1105695,4379,4402,16297,17,17,6,7,0.4118,0.0588,0.91,16,7,9,0.778
1113465,4379,4402,16297,17,17,6,7,0.4118,0.0588,0.91,16,7,9,0.778
1105716,4379,4402,16297,17,17,6,7,0.4118,0.0588,0.91,16,7,9,0.778
1155519,4379,4402,16297,17,17,6,7,0.4118,0.0588,0.91,16,7,9,0.778
1104718,4379,4402,16297,17,17,6,7,0.4118,0.0588,0.91,16,7,9,0.778
1082280,4379,4402,16297,17,17,6,7,0.4118,0.0588,0.91,16,7,9,0.778
1163958,1260,13194,22378,7,7,2,5,0.7143,0.4286,0.907,6,7,9,0.778
1274553,1260,13194,22378,7,7,2,5,0.7143,0.4286,0.907,6,7,9,0.778
1071838,144328,144327,14621,8,8,3,5,0.625,0.25,0.905,7,7,9,0.778
1068351,144328,144327,14621,8,8,3,5,0.625,0.25,0.905,7,7,9,0.778
1288231,25088,25070,49244,8,8,4,4,0.5,0.0,0.905,7,7,9,0.778
1186181,27317,19168,20925,21,21,6,7,0.3333,0.0476,0.9,20,7,9,0.778
1186217,19239,19168,20925,21,21,6,7,0.3333,0.0476,0.9,20,7,9,0.778
1092261,27317,19168,20925,21,21,6,7,0.3333,0.0476,0.9,20,7,9,0.778
1186158,27317,19168,20925,21,21,6,7,0.3333,0.0476,0.9,20,7,9,0.778
1186161,27317,19168,20925,21,21,6,7,0.3333,0.0476,0.9,20,7,9,0.778
1180873,4330,4204,27618,22,22,1,2,0.0909,0.0455,0.899,21,7,9,0.778
1180878,4230,4204,27618,22,22,1,2,0.0909,0.0455,0.899,21,7,9,0.778
1177549,4302,4204,27618,22,22,1,2,0.0909,0.0455,0.899,21,7,9,0.778
1180654,16636,4204,27618,22,22,1,2,0.0909,0.0455,0.899,21,7,9,0.778
1126837,4419,4204,27618,22,22,1,2,0.0909,0.0455,0.899,21,7,9,0.778
1177597,390235,4204,27618,22,22,1,2,0.0909,0.0455,0.899,21,7,9,0.778
1177631,4436,4204,27618,22,22,2,2,0.0909,0.0,0.899,21,7,9,0.778
1180872,4387,4204,27618,22,22,2,2,0.0909,0.0,0.899,21,7,9,0.778
1180875,4248,4204,27618,22,22,2,2,0.0909,0.0,0.899,21,7,9,0.778
1180877,4250,4204,27618,22,22,2,2,0.0909,0.0,0.899,21,7,9,0.778
1180879,4250,4204,27618,22,22,2,2,0.0909,0.0,0.899,21,7,9,0.778
1126839,4387,4204,27618,22,22,2,2,0.0909,0.0,0.899,21,7,9,0.778
1180685,4248,4204,27618,22,22,2,2,0.0909,0.0,0.899,21,7,9,0.778
1183758,4436,4204,27618,22,22,2,2,0.0909,0.0,0.899,21,7,9,0.778
1028211,7030,7102,7165,13,13,4,7,0.5385,0.2308,0.898,12,7,9,0.778
1033120,7030,7102,7165,13,13,4,7,0.5385,0.2308,0.898,12,7,9,0.778
1282394,4159,4115,47827,16,16,2,7,0.4375,0.3125,0.896,15,7,9,0.778
1299774,4118,4115,47827,16,16,2,7,0.4375,0.3125,0.896,15,7,9,0.778
1279401,4118,4115,47827,16,16,2,7,0.4375,0.3125,0.896,15,7,9,0.778
1279345,4159,4115,47827,16,16,2,7,0.4375,0.3125,0.896,15,7,9,0.778
1282393,4136,4115,47827,16,16,5,7,0.4375,0.125,0.896,15,7,9,0.778
1282396,4136,4115,47827,16,16,5,7,0.4375,0.125,0.896,15,7,9,0.778
1298750,4136,4115,47827,16,16,5,7,0.4375,0.125,0.896,15,7,9,0.778
1298751,4136,4115,47827,16,16,5,7,0.4375,0.125,0.896,15,7,9,0.778
1280456,4136,4115,47827,16,16,5,7,0.4375,0.125,0.896,15,7,9,0.778
1266472,10169,24057,45272,7,7,1,6,0.8571,0.7143,0.889,6,7,9,0.778
1095731,190079,19285,21880,5,5,1,4,0.8,0.6,0.889,4,7,9,0.778
1180329,12441,12398,36632,5,5,1,4,0.8,0.6,0.889,4,7,9,0.778
1171473,1094,20001,28770,4,4,1,3,0.75,0.5,0.889,3,7,9,0.778
1267948,23816,23847,44095,10,10,1,5,0.5,0.4,0.889,9,7,9,0.778
1138001,24968,12294,30944,6,6,2,4,0.6667,0.3333,0.889,5,7,9,0.778
1137971,2189,20472,30929,3,3,1,2,0.6667,0.3333,0.889,2,7,9,0.778
1176210,1329,1385,36648,3,3,1,2,0.6667,0.3333,0.889,2,7,9,0.778
1209654,1138,1175,26556,16,16,3,7,0.4375,0.25,0.889,15,7,9,0.778
1221195,1138,1175,26556,16,16,3,7,0.4375,0.25,0.889,15,7,9,0.778
1069800,144328,144327,14621,8,8,3,5,0.625,0.25,0.889,7,7,9,0.778
1092745,16149,16176,21071,9,9,4,5,0.5556,0.1111,0.889,8,7,9,0.778
1094629,16149,16176,21071,9,9,4,5,0.5556,0.1111,0.889,8,7,9,0.778
1094628,16149,16176,21071,9,9,4,5,0.5556,0.1111,0.889,8,7,9,0.778
1094693,16149,16176,21071,9,9,4,5,0.5556,0.1111,0.889,8,7,9,0.778
1308308,23248,8641,51446,9,9,4,5,0.5556,0.1111,0.889,8,7,9,0.778
1308842,23248,8641,51446,9,9,4,5,0.5556,0.1111,0.889,8,7,9,0.778
1308844,23248,8641,51446,9,9,4,5,0.5556,0.1111,0.889,8,7,9,0.778
1009486,378059,375327,287,18,18,9,9,0.5,0.0,0.889,17,7,9,0.778
1009487,378059,375327,287,18,18,9,9,0.5,0.0,0.889,17,7,9,0.778
1009488,378059,375327,287,18,18,9,9,0.5,0.0,0.889,17,7,9,0.778
1048633,378059,375327,287,18,18,9,9,0.5,0.0,0.889,17,7,9,0.778
1250722,378059,375327,287,18,18,9,9,0.5,0.0,0.889,17,7,9,0.778
1009345,378059,375327,287,18,18,9,9,0.5,0.0,0.889,17,7,9,0.778
1009443,378059,375327,287,18,18,9,9,0.5,0.0,0.889,17,7,9,0.778
1132879,378059,375327,287,18,18,9,9,0.5,0.0,0.889,17,7,9,0.778
1009481,378059,375327,287,18,18,9,9,0.5,0.0,0.889,17,7,9,0.778
1101869,16128,16124,23051,10,10,5,5,0.5,0.0,0.889,9,7,9,0.778
1130786,16128,16124,23051,10,10,5,5,0.5,0.0,0.889,9,7,9,0.778
1101945,16128,16124,23051,10,10,5,5,0.5,0.0,0.889,9,7,9,0.778
1288114,25088,25070,49244,8,8,4,4,0.5,0.0,0.889,7,7,9,0.778
1109037,16971,16928,23579,6,6,3,3,0.5,0.0,0.889,5,7,9,0.778
1219076,11757,11694,40495,6,6,3,3,0.5,0.0,0.889,5,7,9,0.778
1306296,26870,26899,47178,16,16,2,5,0.3125,0.1875,0.881,15,7,9,0.778
1073083,233284,233282,3545,45,45,8,9,0.2,0.0222,0.881,44,7,9,0.778
1073084,233284,233282,3545,45,45,8,9,0.2,0.0222,0.881,44,7,9,0.778
1073085,233284,233282,3545,45,45,8,9,0.2,0.0222,0.881,44,7,9,0.778
1073086,233284,233282,3545,45,45,8,9,0.2,0.0222,0.881,44,7,9,0.778
1165380,3947,384818,27778,13,13,6,7,0.5385,0.0769,0.88,12,7,9,0.778
1158335,3947,384818,27778,13,13,6,7,0.5385,0.0769,0.88,12,7,9,0.778
1158337,3947,384818,27778,13,13,6,7,0.5385,0.0769,0.88,12,7,9,0.778
1158370,3947,384818,27778,13,13,6,7,0.5385,0.0769,0.88,12,7,9,0.778
1158371,3947,384818,27778,13,13,6,7,0.5385,0.0769,0.88,12,7,9,0.778
1127499,3947,384818,27778,13,13,6,7,0.5385,0.0769,0.88,12,7,9,0.778
1100501,13640,13616,18155,12,12,6,6,0.5,0.0,0.879,11,7,9,0.778
1091678,13640,13616,18155,12,12,6,6,0.5,0.0,0.879,11,7,9,0.778
1088715,13640,13616,18155,12,12,6,6,0.5,0.0,0.879,11,7,9,0.778
1079287,13640,13616,18155,12,12,6,6,0.5,0.0,0.879,11,7,9,0.778
1084034,13640,13616,18155,12,12,6,6,0.5,0.0,0.879,11,7,9,0.778
1084035,13640,13616,18155,12,12,6,6,0.5,0.0,0.879,11,7,9,0.778
1024525,155200,155197,6395,11,11,5,5,0.4545,0.0,0.878,10,7,9,0.778
1024562,155200,155197,6395,11,11,5,5,0.4545,0.0,0.878,10,7,9,0.778
1024046,155200,155197,6395,11,11,5,5,0.4545,0.0,0.878,10,7,9,0.778
1024049,155200,155197,6395,11,11,5,5,0.4545,0.0,0.878,10,7,9,0.778
1303991,22401,6804,2598,10,10,2,4,0.4,0.2,0.877,9,7,9,0.778
1277364,8346,8273,45424,10,10,2,3,0.3,0.1,0.877,9,7,9,0.778
1267086,8346,8273,45424,10,10,2,3,0.3,0.1,0.877,9,7,9,0.778
1137379,27011,27023,30729,19,19,3,4,0.2105,0.0526,0.877,18,7,9,0.778
1278442,27057,27023,30729,19,19,3,4,0.2105,0.0526,0.877,18,7,9,0.778
1306659,27057,27023,30729,19,19,3,4,0.2105,0.0526,0.877,18,7,9,0.778
1299302,27011,27023,30729,19,19,3,4,0.2105,0.0526,0.877,18,7,9,0.778
1278378,27057,27023,30729,19,19,3,4,0.2105,0.0526,0.877,18,7,9,0.778
1276714,27025,27023,30729,19,19,4,4,0.2105,0.0,0.877,18,7,9,0.778
1276715,27025,27023,30729,19,19,4,4,0.2105,0.0,0.877,18,7,9,0.778
1299303,27025,27023,30729,19,19,4,4,0.2105,0.0,0.877,18,7,9,0.778
1220409,19085,19069,34658,10,10,5,5,0.5,0.0,0.877,9,7,9,0.778
1220410,19085,19069,34658,10,10,5,5,0.5,0.0,0.877,9,7,9,0.778
1220350,19085,19069,34658,10,10,5,5,0.5,0.0,0.877,9,7,9,0.778
1220351,19085,19069,34658,10,10,5,5,0.5,0.0,0.877,9,7,9,0.778
1186497,21554,4416,38297,10,10,5,5,0.5,0.0,0.877,9,7,9,0.778
1220360,21554,4416,38297,10,10,5,5,0.5,0.0,0.877,9,7,9,0.778
1220362,21554,4416,38297,10,10,5,5,0.5,0.0,0.877,9,7,9,0.778
1189836,21554,4416,38297,10,10,5,5,0.5,0.0,0.877,9,7,9,0.778
1186490,21554,4416,38297,10,10,5,5,0.5,0.0,0.877,9,7,9,0.778
1128359,5334,21812,17299,17,17,8,9,0.5294,0.0588,0.875,16,7,9,0.778
1127196,5334,21812,17299,17,17,8,9,0.5294,0.0588,0.875,16,7,9,0.778
1075309,5334,21812,17299,17,17,8,9,0.5294,0.0588,0.875,16,7,9,0.778
1083604,5334,21812,17299,17,17,8,9,0.5294,0.0588,0.875,16,7,9,0.778
1075313,5334,21812,17299,17,17,8,9,0.5294,0.0588,0.875,16,7,9,0.778
1075348,5334,21812,17299,17,17,8,9,0.5294,0.0588,0.875,16,7,9,0.778
1075352,5334,21812,17299,17,17,8,9,0.5294,0.0588,0.875,16,7,9,0.778
1075353,5334,21812,17299,17,17,8,9,0.5294,0.0588,0.875,16,7,9,0.778
1069276,19220,19224,15344,8,8,3,5,0.625,0.25,0.873,7,7,9,0.778
1223180,25797,14487,30840,8,8,1,3,0.375,0.25,0.873,7,7,9,0.778
1300934,22856,7796,50248,8,8,2,4,0.5,0.25,0.873,7,7,9,0.778
1300935,22856,7796,50248,8,8,2,4,0.5,0.25,0.873,7,7,9,0.778
1310751,7702,7796,50248,8,8,2,4,0.5,0.25,0.873,7,7,9,0.778
1300984,7702,7796,50248,8,8,2,4,0.5,0.25,0.873,7,7,9,0.778
1071477,19228,19172,15645,8,8,4,4,0.5,0.0,0.873,7,7,9,0.778
1071479,19228,19172,15645,8,8,4,4,0.5,0.0,0.873,7,7,9,0.778
1071480,19228,19172,15645,8,8,4,4,0.5,0.0,0.873,7,7,9,0.778
1071453,19228,19172,15645,8,8,4,4,0.5,0.0,0.873,7,7,9,0.778
1272128,23804,9631,27820,8,8,4,4,0.5,0.0,0.873,7,7,9,0.778
1127406,23804,9631,27820,8,8,4,4,0.5,0.0,0.873,7,7,9,0.778
1269658,23804,9631,27820,8,8,4,4,0.5,0.0,0.873,7,7,9,0.778
1028624,16206,16233,7391,7,7,1,6,0.8571,0.7143,0.87,6,7,9,0.778
1065075,345362,345359,3975,13,13,2,9,0.6923,0.5385,0.87,12,7,9,0.778
1065076,345360,345359,3975,13,13,2,9,0.6923,0.5385,0.87,12,7,9,0.778
1054641,345362,345359,3975,13,13,2,9,0.6923,0.5385,0.87,12,7,9,0.778
1054677,345360,345359,3975,13,13,2,9,0.6923,0.5385,0.87,12,7,9,0.778
1308259,8095,8120,46159,7,7,3,4,0.5714,0.1429,0.87,6,7,9,0.778
1308517,8246,8291,51372,7,7,3,4,0.5714,0.1429,0.87,6,7,9,0.778
1097105,108150,108147,4610,12,12,1,3,0.25,0.1667,0.869,11,7,9,0.778
1287152,7976,8118,49116,6,6,1,4,0.6667,0.5,0.867,5,7,9,0.778
1146847,16027,3788,7057,16,16,1,7,0.4375,0.375,0.867,15,7,9,0.778
1146848,375932,3788,7057,16,16,1,7,0.4375,0.375,0.867,15,7,9,0.778
1146884,15981,3788,7057,16,16,1,7,0.4375,0.375,0.867,15,7,9,0.778
1063402,281925,281926,14416,6,6,2,4,0.6667,0.3333,0.867,5,7,9,0.778
1224939,24968,12294,30944,6,6,2,4,0.6667,0.3333,0.867,5,7,9,0.778
1143483,3847,3788,7057,16,16,4,7,0.4375,0.1875,0.867,15,7,9,0.778
1059276,3847,3788,7057,16,16,4,7,0.4375,0.1875,0.867,15,7,9,0.778
1150098,3847,3788,7057,16,16,4,7,0.4375,0.1875,0.867,15,7,9,0.778
1150100,3847,3788,7057,16,16,4,7,0.4375,0.1875,0.867,15,7,9,0.778
1188766,16879,32929,3585,11,11,1,3,0.2727,0.1818,0.867,10,7,9,0.778
1211248,32928,32929,3585,11,11,1,3,0.2727,0.1818,0.867,10,7,9,0.778
1082844,154880,32929,3585,11,11,2,3,0.2727,0.0909,0.867,10,7,9,0.778
1134183,154880,32929,3585,11,11,2,3,0.2727,0.0909,0.867,10,7,9,0.778
1223182,24751,11662,28011,15,15,5,5,0.3333,0.0,0.865,14,7,9,0.778
1223319,24751,11662,28011,15,15,5,5,0.3333,0.0,0.865,14,7,9,0.778
1223258,24751,11662,28011,15,15,5,5,0.3333,0.0,0.865,14,7,9,0.778
1223268,24751,11662,28011,15,15,5,5,0.3333,0.0,0.865,14,7,9,0.778
1093566,18292,18283,18024,10,10,5,5,0.5,0.0,0.864,9,7,9,0.778
1093564,18292,18283,18024,10,10,5,5,0.5,0.0,0.864,9,7,9,0.778
1273634,25680,14281,13457,14,14,4,4,0.2857,0.0,0.863,13,7,9,0.778
1271315,25646,14281,13457,14,14,4,4,0.2857,0.0,0.863,13,7,9,0.778
1271316,25646,14281,13457,14,14,4,4,0.2857,0.0,0.863,13,7,9,0.778
1271317,25646,14281,13457,14,14,4,4,0.2857,0.0,0.863,13,7,9,0.778
1059435,25646,14281,13457,14,14,4,4,0.2857,0.0,0.863,13,7,9,0.778
1277101,25680,14281,13457,14,14,4,4,0.2857,0.0,0.863,13,7,9,0.778
1277102,25680,14281,13457,14,14,4,4,0.2857,0.0,0.863,13,7,9,0.778
1135427,25680,14281,13457,14,14,4,4,0.2857,0.0,0.863,13,7,9,0.778
1022273,10557,24334,5951,9,9,4,5,0.5556,0.1111,0.861,8,7,9,0.778
1041409,10557,24334,5951,9,9,4,5,0.5556,0.1111,0.861,8,7,9,0.778
1024355,10557,24334,5951,9,9,4,5,0.5556,0.1111,0.861,8,7,9,0.778
1024298,10557,24334,5951,9,9,4,5,0.5556,0.1111,0.861,8,7,9,0.778
1081484,14121,14148,18645,9,9,4,5,0.5556,0.1111,0.861,8,7,9,0.778
1089576,14121,14148,18645,9,9,4,5,0.5556,0.1111,0.861,8,7,9,0.778
1089778,14121,14148,18645,9,9,4,5,0.5556,0.1111,0.861,8,7,9,0.778
1091656,14121,14148,18645,9,9,4,5,0.5556,0.1111,0.861,8,7,9,0.778
1307821,7235,22664,44583,13,13,4,5,0.3846,0.0769,0.861,12,7,9,0.778
1276505,7235,22664,44583,13,13,4,5,0.3846,0.0769,0.861,12,7,9,0.778
1301831,7235,22664,44583,13,13,4,5,0.3846,0.0769,0.861,12,7,9,0.778
1235080,7235,22664,44583,13,13,4,5,0.3846,0.0769,0.861,12,7,9,0.778
1199486,23687,23634,40067,17,17,5,6,0.3529,0.0588,0.861,16,7,9,0.778
1199488,23687,23634,40067,17,17,5,6,0.3529,0.0588,0.861,16,7,9,0.778
1198877,23687,23634,40067,17,17,5,6,0.3529,0.0588,0.861,16,7,9,0.778
1198851,23687,23634,40067,17,17,5,6,0.3529,0.0588,0.861,16,7,9,0.778
1198861,23687,23634,40067,17,17,5,6,0.3529,0.0588,0.861,16,7,9,0.778
1036505,22812,22817,7290,12,12,4,8,0.6667,0.3333,0.859,11,7,9,0.778
1028882,22812,22817,7290,12,12,4,8,0.6667,0.3333,0.859,11,7,9,0.778
1031731,22812,22817,7290,12,12,4,8,0.6667,0.3333,0.859,11,7,9,0.778
1036483,22812,22817,7290,12,12,4,8,0.6667,0.3333,0.859,11,7,9,0.778
1143539,3089,537308,4365,12,12,5,7,0.5833,0.1667,0.859,11,7,9,0.778
1143544,3089,537308,4365,12,12,5,7,0.5833,0.1667,0.859,11,7,9,0.778
1143545,3089,537308,4365,12,12,5,7,0.5833,0.1667,0.859,11,7,9,0.778
1150424,3089,537308,4365,12,12,5,7,0.5833,0.1667,0.859,11,7,9,0.778
1113402,3089,537308,4365,12,12,5,7,0.5833,0.1667,0.859,11,7,9,0.778
1175756,12399,12223,36416,16,16,2,4,0.25,0.125,0.859,15,7,9,0.778
1175713,12399,12223,36416,16,16,2,4,0.25,0.125,0.859,15,7,9,0.778
1233000,,506645,22974,8,7,0,6,0.8571,0.8571,0.857,7,7,9,0.778
1101528,16640,506645,22974,8,7,1,6,0.8571,0.7143,0.857,7,7,9,0.778
1121890,119019,1486,26386,15,15,6,7,0.4667,0.0667,0.857,14,7,9,0.778
1209398,119019,1486,26386,15,15,6,7,0.4667,0.0667,0.857,14,7,9,0.778
1209399,119019,1486,26386,15,15,6,7,0.4667,0.0667,0.857,14,7,9,0.778
1209950,119019,1486,26386,15,15,6,7,0.4667,0.0667,0.857,14,7,9,0.778
1209952,119019,1486,26386,15,15,6,7,0.4667,0.0667,0.857,14,7,9,0.778
1210598,119019,1486,26386,15,15,6,7,0.4667,0.0667,0.857,14,7,9,0.778
1278602,17096,17061,5522,18,18,4,5,0.2778,0.0556,0.856,17,7,9,0.778
1278513,26629,17061,5522,18,18,4,5,0.2778,0.0556,0.856,17,7,9,0.778
1278566,17117,17061,5522,18,18,5,5,0.2778,0.0,0.856,17,7,9,0.778
1185502,159365,159361,35119,14,14,4,4,0.2857,0.0,0.855,13,7,9,0.778
1185504,159365,159361,35119,14,14,4,4,0.2857,0.0,0.855,13,7,9,0.778
1185294,159365,159361,35119,14,14,4,4,0.2857,0.0,0.855,13,7,9,0.778
1167370,159365,159361,35119,14,14,4,4,0.2857,0.0,0.855,13,7,9,0.778
1020545,9340,9436,3192,16,16,6,10,0.625,0.25,0.852,15,7,9,0.778
1048980,9340,9436,3192,16,16,6,10,0.625,0.25,0.852,15,7,9,0.778
1020574,9340,9436,3192,16,16,6,10,0.625,0.25,0.852,15,7,9,0.778
1020542,9340,9436,3192,16,16,6,10,0.625,0.25,0.852,15,7,9,0.778
1020576,9340,9436,3192,16,16,6,10,0.625,0.25,0.852,15,7,9,0.778
1020577,9340,9436,3192,16,16,6,10,0.625,0.25,0.852,15,7,9,0.778
1010677,58530,58528,1205,10,10,4,6,0.6,0.2,0.852,9,7,9,0.778
1003736,58530,58528,1205,10,10,4,6,0.6,0.2,0.852,9,7,9,0.778
1010673,58530,58528,1205,10,10,4,6,0.6,0.2,0.852,9,7,9,0.778
1010675,58530,58528,1205,10,10,4,6,0.6,0.2,0.852,9,7,9,0.778
1073369,26447,16464,16518,16,16,3,4,0.25,0.0625,0.852,15,7,9,0.778
1181209,26447,16464,16518,16,16,3,4,0.25,0.0625,0.852,15,7,9,0.778
1097739,26447,16464,16518,16,16,3,4,0.25,0.0625,0.852,15,7,9,0.778
1119973,26509,26502,11845,4,4,2,2,0.5,0.0,0.852,3,7,9,0.778
1073478,26509,26502,11845,4,4,2,2,0.5,0.0,0.852,3,7,9,0.778
1311940,535791,535788,25355,15,14,3,7,0.5,0.2857,0.849,14,7,9,0.778
1288595,535791,535788,25355,15,14,3,7,0.5,0.2857,0.849,14,7,9,0.778
1288597,535791,535788,25355,15,14,3,7,0.5,0.2857,0.849,14,7,9,0.778
1138742,535792,535788,25355,15,14,4,7,0.5,0.2143,0.849,14,7,9,0.778
1138745,535792,535788,25355,15,14,4,7,0.5,0.2143,0.849,14,7,9,0.778
1138747,535792,535788,25355,15,14,4,7,0.5,0.2143,0.849,14,7,9,0.778
1187144,26369,16252,27711,12,12,6,6,0.5,0.0,0.848,11,7,9,0.778
1188194,26369,16252,27711,12,12,6,6,0.5,0.0,0.848,11,7,9,0.778
1188774,26369,16252,27711,12,12,6,6,0.5,0.0,0.848,11,7,9,0.778
1188775,26369,16252,27711,12,12,6,6,0.5,0.0,0.848,11,7,9,0.778
1195010,26369,16252,27711,12,12,6,6,0.5,0.0,0.848,11,7,9,0.778
1276467,25982,15004,43889,9,9,1,5,0.5556,0.4444,0.847,8,7,9,0.778
1276517,15026,15004,43889,9,9,3,5,0.5556,0.2222,0.847,8,7,9,0.778
1276519,15026,15004,43889,9,9,3,5,0.5556,0.2222,0.847,8,7,9,0.778
1188395,159364,159361,35119,14,14,3,4,0.2857,0.0714,0.846,13,7,9,0.778
1188396,159364,159361,35119,14,14,3,4,0.2857,0.0714,0.846,13,7,9,0.778
1188380,159364,159361,35119,14,14,3,4,0.2857,0.0714,0.846,13,7,9,0.778
1133231,285435,284167,29088,14,14,4,4,0.2857,0.0,0.846,13,7,9,0.778
1083661,65257,14229,18485,11,11,1,4,0.3636,0.2727,0.844,10,7,9,0.778
1133693,375937,14229,18485,11,11,1,4,0.3636,0.2727,0.844,10,7,9,0.778
1082017,49245,14229,18485,11,11,2,4,0.3636,0.1818,0.844,10,7,9,0.778
1083711,49245,14229,18485,11,11,2,4,0.3636,0.1818,0.844,10,7,9,0.778
1065352,5671,21974,14364,11,11,5,6,0.5455,0.0909,0.844,10,7,9,0.778
1303953,95,22664,44583,13,13,1,5,0.3846,0.3077,0.843,12,7,9,0.778
1298774,126,22664,44583,13,13,1,5,0.3846,0.3077,0.843,12,7,9,0.778
1115166,13280,13244,20279,8,8,3,5,0.625,0.25,0.841,7,7,9,0.778
1090618,13280,13244,20279,8,8,3,5,0.625,0.25,0.841,7,7,9,0.778
1131231,13280,13244,20279,8,8,3,5,0.625,0.25,0.841,7,7,9,0.778
1273211,12019,24869,45707,8,8,3,5,0.625,0.25,0.841,7,7,9,0.778
1273214,12019,24869,45707,8,8,3,5,0.625,0.25,0.841,7,7,9,0.778
1268147,12019,24869,45707,8,8,3,5,0.625,0.25,0.841,7,7,9,0.778
1007272,8843,8923,2306,8,8,3,4,0.5,0.125,0.841,7,7,9,0.778
1020903,8843,8923,2306,8,8,3,4,0.5,0.125,0.841,7,7,9,0.778
1020904,8843,8923,2306,8,8,3,4,0.5,0.125,0.841,7,7,9,0.778
1198038,19905,662,39810,8,8,4,4,0.5,0.0,0.841,7,7,9,0.778
1227919,19905,662,39810,8,8,4,4,0.5,0.0,0.841,7,7,9,0.778
1229402,19905,662,39810,8,8,4,4,0.5,0.0,0.841,7,7,9,0.778
1229403,19905,662,39810,8,8,4,4,0.5,0.0,0.841,7,7,9,0.778
1232964,,536187,22246,10,7,0,7,1.0,1.0,0.84,9,7,9,0.778
1181214,16044,16076,37737,10,10,3,7,0.7,0.4,0.84,9,7,9,0.778
1181215,16044,16076,37737,10,10,3,7,0.7,0.4,0.84,9,7,9,0.778
1187841,16044,16076,37737,10,10,3,7,0.7,0.4,0.84,9,7,9,0.778
1142385,21552,21574,24126,14,14,1,7,0.5,0.4286,0.838,13,7,9,0.778
1069616,2685,2571,15634,12,12,4,5,0.4167,0.0833,0.838,11,7,9,0.778
1180904,2685,2571,15634,12,12,4,5,0.4167,0.0833,0.838,11,7,9,0.778
1180905,2685,2571,15634,12,12,4,5,0.4167,0.0833,0.838,11,7,9,0.778
1180909,2685,2571,15634,12,12,4,5,0.4167,0.0833,0.838,11,7,9,0.778
1288139,10280,10132,4177,16,16,5,5,0.3125,0.0,0.837,15,7,9,0.778
1288140,10280,10132,4177,16,16,5,5,0.3125,0.0,0.837,15,7,9,0.778
1298488,10280,10132,4177,16,16,5,5,0.3125,0.0,0.837,15,7,9,0.778
1288146,10280,10132,4177,16,16,5,5,0.3125,0.0,0.837,15,7,9,0.778
1288144,10280,10132,4177,16,16,5,5,0.3125,0.0,0.837,15,7,9,0.778
1180734,4279,4204,27618,22,22,2,2,0.0909,0.0,0.836,21,7,9,0.778
1180687,4279,4204,27618,22,22,2,2,0.0909,0.0,0.836,21,7,9,0.778
1020525,100451,100449,5333,9,9,3,6,0.6667,0.3333,0.833,8,7,9,0.778
1027007,100451,100449,5333,9,9,3,6,0.6667,0.3333,0.833,8,7,9,0.778
1027006,100451,100449,5333,9,9,3,6,0.6667,0.3333,0.833,8,7,9,0.778
1307379,20278,13730,51357,3,3,1,2,0.6667,0.3333,0.833,2,7,9,0.778
1298837,94,22664,44583,13,13,1,5,0.3846,0.3077,0.833,12,7,9,0.778
1249997,9069,23524,30749,5,5,2,3,0.6,0.2,0.833,4,7,9,0.778
1247663,9069,23524,30749,5,5,2,3,0.6,0.2,0.833,4,7,9,0.778
1306127,8132,8081,51036,7,7,2,3,0.4286,0.1429,0.833,6,7,9,0.778
1306129,8132,8081,51036,7,7,2,3,0.4286,0.1429,0.833,6,7,9,0.778
1288673,10294,10241,44706,11,11,4,5,0.4545,0.0909,0.833,10,7,9,0.778
1280686,26645,26619,26125,5,5,2,2,0.4,0.0,0.833,4,7,9,0.778
1280687,26645,26619,26125,5,5,2,2,0.4,0.0,0.833,4,7,9,0.778
1180744,4368,4204,27618,22,22,1,2,0.0909,0.0455,0.831,21,7,9,0.778
1224827,281278,281281,41192,20,20,5,6,0.3,0.05,0.83,19,7,9,0.778
1224828,281278,281281,41192,20,20,5,6,0.3,0.05,0.83,19,7,9,0.778
1224765,281278,281281,41192,20,20,5,6,0.3,0.05,0.83,19,7,9,0.778
1224766,281278,281281,41192,20,20,5,6,0.3,0.05,0.83,19,7,9,0.778
1224767,281278,281281,41192,20,20,5,6,0.3,0.05,0.83,19,7,9,0.778
1289850,6879,22436,47931,14,14,5,6,0.4286,0.0714,0.829,13,7,9,0.778
1298567,6879,22436,47931,14,14,5,6,0.4286,0.0714,0.829,13,7,9,0.778
1083210,15805,15804,13294,8,8,4,4,0.5,0.0,0.825,7,7,9,0.778
1083211,15805,15804,13294,8,8,4,4,0.5,0.0,0.825,7,7,9,0.778
1082475,15805,15804,13294,8,8,4,4,0.5,0.0,0.825,7,7,9,0.778
1188756,20929,20938,37491,6,6,1,5,0.8333,0.6667,0.822,5,7,9,0.778
1156168,2070,2155,33249,11,11,3,8,0.7273,0.4545,0.822,10,7,9,0.778
1156779,2070,2155,33249,11,11,3,8,0.7273,0.4545,0.822,10,7,9,0.778
1153784,2070,2155,33249,11,11,3,8,0.7273,0.4545,0.822,10,7,9,0.778
1069211,5866,5858,13694,6,6,2,4,0.6667,0.3333,0.822,5,7,9,0.778
1069214,5866,5858,13694,6,6,2,4,0.6667,0.3333,0.822,5,7,9,0.778
1089917,14772,14786,19663,6,6,2,4,0.6667,0.3333,0.822,5,7,9,0.778
1089918,14772,14786,19663,6,6,2,4,0.6667,0.3333,0.822,5,7,9,0.778
1136131,4909,4912,30434,6,6,2,4,0.6667,0.3333,0.822,5,7,9,0.778
1280167,4909,4912,30434,6,6,2,4,0.6667,0.3333,0.822,5,7,9,0.778
1206578,21139,21127,36701,6,6,2,4,0.6667,0.3333,0.822,5,7,9,0.778
1191348,21139,21127,36701,6,6,2,4,0.6667,0.3333,0.822,5,7,9,0.778
1271268,14306,14333,46337,6,6,2,3,0.5,0.1667,0.822,5,7,9,0.778
1271269,14306,14333,46337,6,6,2,3,0.5,0.1667,0.822,5,7,9,0.778
1279438,17475,17478,47861,6,6,1,2,0.3333,0.1667,0.822,5,7,9,0.778
1279439,26764,17478,47861,6,6,2,2,0.3333,0.0,0.822,5,7,9,0.778
1298566,6879,22436,47931,14,14,5,6,0.4286,0.0714,0.821,13,7,9,0.778
1298569,6879,22436,47931,14,14,5,6,0.4286,0.0714,0.821,13,7,9,0.778
1091670,26950,26979,20728,9,9,2,4,0.4444,0.2222,0.819,8,7,9,0.778
1202567,26950,26979,20728,9,9,2,4,0.4444,0.2222,0.819,8,7,9,0.778
1111527,13467,13486,20921,17,17,2,5,0.2941,0.1765,0.819,16,7,9,0.778
1111540,13467,13486,20921,17,17,2,5,0.2941,0.1765,0.819,16,7,9,0.778
1184885,18548,18583,35080,12,12,5,7,0.5833,0.1667,0.818,11,7,9,0.778
1279486,26754,17497,36098,18,18,1,3,0.1667,0.1111,0.817,17,7,9,0.778
1280987,21685,17497,36098,18,18,1,3,0.1667,0.1111,0.817,17,7,9,0.778
1279437,17511,17497,36098,18,18,1,3,0.1667,0.1111,0.817,17,7,9,0.778
1279487,26750,17497,36098,18,18,3,3,0.1667,0.0,0.817,17,7,9,0.778
1286214,26750,17497,36098,18,18,3,3,0.1667,0.0,0.817,17,7,9,0.778
1173566,26750,17497,36098,18,18,3,3,0.1667,0.0,0.817,17,7,9,0.778
1176707,72607,14619,34295,24,24,12,12,0.5,0.0,0.816,23,7,9,0.778
1232026,1411,20102,26653,7,7,2,5,0.7143,0.4286,0.815,6,7,9,0.778
1250166,1411,20102,26653,7,7,2,5,0.7143,0.4286,0.815,6,7,9,0.778
1309418,242238,47,44586,7,7,1,3,0.4286,0.2857,0.815,6,7,9,0.778
1071022,5881,22067,12815,13,13,5,7,0.5385,0.1538,0.815,12,7,9,0.778
1135221,5881,22067,12815,13,13,5,7,0.5385,0.1538,0.815,12,7,9,0.778
1069369,5881,22067,12815,13,13,5,7,0.5385,0.1538,0.815,12,7,9,0.778
1298400,50,47,44586,7,7,2,3,0.4286,0.1429,0.815,6,7,9,0.778
1235094,50,47,44586,7,7,2,3,0.4286,0.1429,0.815,6,7,9,0.778
1116516,13197,13175,17022,19,19,4,6,0.3158,0.1053,0.815,18,7,9,0.778
1116517,13197,13175,17022,19,19,4,6,0.3158,0.1053,0.815,18,7,9,0.778
1115841,13197,13175,17022,19,19,4,6,0.3158,0.1053,0.815,18,7,9,0.778
1116487,13197,13175,17022,19,19,4,6,0.3158,0.1053,0.815,18,7,9,0.778
1062660,281926,268478,14417,4,4,2,2,0.5,0.0,0.815,3,7,9,0.778
1297546,22454,22436,47931,14,14,1,6,0.4286,0.3571,0.812,13,7,9,0.778
1300598,28,6569,28384,11,11,1,3,0.2727,0.1818,0.811,10,7,9,0.778
1026668,506648,506646,6857,8,8,3,5,0.625,0.25,0.81,7,7,9,0.778
1266253,12536,12575,45193,5,5,1,4,0.8,0.6,0.806,4,7,9,0.778
1052324,18515,18596,11917,9,9,2,7,0.7778,0.5556,0.806,8,7,9,0.778
1074072,18515,18596,11917,9,9,2,7,0.7778,0.5556,0.806,8,7,9,0.778
1072167,189440,172492,12646,9,9,2,6,0.6667,0.4444,0.806,8,7,9,0.778
1119812,189440,172492,12646,9,9,2,6,0.6667,0.4444,0.806,8,7,9,0.778
1221743,11882,11938,28648,9,9,3,6,0.6667,0.3333,0.806,8,7,9,0.778
1267877,23635,9272,45645,9,9,4,5,0.5556,0.1111,0.806,8,7,9,0.778
1271712,23635,9272,45645,9,9,4,5,0.5556,0.1111,0.806,8,7,9,0.778
1272100,23635,9272,45645,9,9,4,5,0.5556,0.1111,0.806,8,7,9,0.778
1288070,25070,25088,45231,14,14,5,9,0.6429,0.2857,0.803,13,7,9,0.778
1288057,25070,25088,45231,14,14,5,9,0.6429,0.2857,0.803,13,7,9,0.778
1289037,227203,227197,4952,10,10,2,3,0.3,0.1,0.802,9,7,9,0.778
1015381,227203,227197,4952,10,10,2,3,0.3,0.1,0.802,9,7,9,0.778
1101944,16128,16124,23051,10,10,5,5,0.5,0.0,0.802,9,7,9,0.778
1224777,281280,281281,41192,20,20,4,6,0.3,0.1,0.801,19,7,9,0.778
1224779,281280,281281,41192,20,20,4,6,0.3,0.1,0.801,19,7,9,0.778
1280475,19736,6569,28384,11,11,1,3,0.2727,0.1818,0.8,10,7,9,0.778
1297961,86050,6569,28384,11,11,2,3,0.2727,0.0909,0.8,10,7,9,0.778
1297958,6584,6569,28384,11,11,2,3,0.2727,0.0909,0.8,10,7,9,0.778
1297960,6584,6569,28384,11,11,2,3,0.2727,0.0909,0.8,10,7,9,0.778
1024065,155200,155197,6395,11,11,5,5,0.4545,0.0,0.8,10,7,9,0.778
1298968,7746,7850,28912,17,17,3,5,0.2941,0.1176,0.799,16,7,9,0.778
1298970,7746,7850,28912,17,17,3,5,0.2941,0.1176,0.799,16,7,9,0.778
1298969,7735,7850,28912,17,17,4,5,0.2941,0.0588,0.799,16,7,9,0.778
1132694,84765,2571,15634,12,12,2,5,0.4167,0.25,0.798,11,7,9,0.778
1180908,84765,2571,15634,12,12,2,5,0.4167,0.25,0.798,11,7,9,0.778
1304907,195,196,4104,28,28,2,5,0.1786,0.1071,0.798,27,7,9,0.778
1304957,159,196,4104,28,28,2,5,0.1786,0.1071,0.798,27,7,9,0.778
1304902,195,196,4104,28,28,2,5,0.1786,0.1071,0.798,27,7,9,0.778
1304894,168,196,4104,28,28,3,5,0.1786,0.0714,0.798,27,7,9,0.778
1304896,168,196,4104,28,28,3,5,0.1786,0.0714,0.798,27,7,9,0.778
1304901,168,196,4104,28,28,3,5,0.1786,0.0714,0.798,27,7,9,0.778
1011654,19801,282,389,13,13,2,4,0.3077,0.1538,0.796,12,7,9,0.778
1001635,19801,282,389,13,13,2,4,0.3077,0.1538,0.796,12,7,9,0.778
1069368,5881,22067,12815,13,13,5,7,0.5385,0.1538,0.796,12,7,9,0.778
1302131,561,543,39880,7,7,3,4,0.5714,0.1429,0.796,6,7,9,0.778
1228100,561,543,39880,7,7,3,4,0.5714,0.1429,0.796,6,7,9,0.778
1001251,19799,282,389,13,13,4,4,0.3077,0.0,0.796,12,7,9,0.778
1001632,19799,282,389,13,13,4,4,0.3077,0.0,0.796,12,7,9,0.778
1011940,25932,20742,3575,14,14,2,7,0.5,0.3571,0.795,13,7,9,0.778
1013064,25932,20742,3575,14,14,2,7,0.5,0.3571,0.795,13,7,9,0.778
1224780,281280,281281,41192,20,20,4,6,0.3,0.1,0.795,19,7,9,0.778
1083215,15805,15804,13294,8,8,4,4,0.5,0.0,0.794,7,7,9,0.778
1073586,4009,3989,16799,9,9,2,6,0.6667,0.4444,0.792,8,7,9,0.778
1202720,4009,3989,16799,9,9,2,6,0.6667,0.4444,0.792,8,7,9,0.778
1281007,26761,17497,36098,18,18,2,3,0.1667,0.0556,0.791,17,7,9,0.778
1281055,26761,17497,36098,18,18,2,3,0.1667,0.0556,0.791,17,7,9,0.778
1166191,21461,26245,22185,19,19,1,8,0.4211,0.3684,0.79,18,7,9,0.778
1271649,11365,11343,44279,11,11,3,8,0.7273,0.4545,0.789,10,7,9,0.778
1138036,27,6569,28384,11,11,1,3,0.2727,0.1818,0.789,10,7,9,0.778
1269355,8945,8727,45753,13,13,3,6,0.4615,0.2308,0.787,12,7,9,0.778
1269356,8945,8727,45753,13,13,3,6,0.4615,0.2308,0.787,12,7,9,0.778
1269357,8945,8727,45753,13,13,3,6,0.4615,0.2308,0.787,12,7,9,0.778
1282212,26732,17497,36098,18,18,2,3,0.1667,0.0556,0.784,17,7,9,0.778
1306765,246718,17497,36098,18,18,2,3,0.1667,0.0556,0.784,17,7,9,0.778
1299599,26732,17497,36098,18,18,2,3,0.1667,0.0556,0.784,17,7,9,0.778
1083927,16026,16033,18269,10,10,1,9,0.9,0.8,0.778,9,7,9,0.778
1077280,31364,27295,17740,9,9,1,8,0.8889,0.7778,0.778,8,7,9,0.778
1041470,6510,6475,9664,7,7,1,6,0.8571,0.7143,0.778,6,7,9,0.778
1145300,15976,15987,20032,7,7,1,6,0.8571,0.7143,0.778,6,7,9,0.778
1268625,11587,11596,45723,7,7,1,6,0.8571,0.7143,0.778,6,7,9,0.778
1060012,378462,378464,4283,6,6,1,5,0.8333,0.6667,0.778,5,7,9,0.778
1059150,375314,375315,13300,6,6,1,5,0.8333,0.6667,0.778,5,7,9,0.778
1097185,9673,9664,22237,6,6,1,5,0.8333,0.6667,0.778,5,7,9,0.778
1210820,10539,10621,39267,6,6,1,5,0.8333,0.6667,0.778,5,7,9,0.778
1211001,12666,12689,42013,6,6,1,5,0.8333,0.6667,0.778,5,7,9,0.778
1270739,25875,14669,46248,6,6,1,5,0.8333,0.6667,0.778,5,7,9,0.778
1003577,19694,19698,1152,5,5,1,4,0.8,0.6,0.778,4,7,9,0.778
1059061,5714,5718,13245,5,5,1,4,0.8,0.6,0.778,4,7,9,0.778
1093093,17120,17143,21195,5,5,1,4,0.8,0.6,0.778,4,7,9,0.778
1126805,25860,14692,27605,5,5,1,4,0.8,0.6,0.778,4,7,9,0.778
1057701,285120,283836,12931,7,7,1,5,0.7143,0.5714,0.778,6,7,9,0.778
1073759,370339,370341,13940,7,7,1,5,0.7143,0.5714,0.778,6,7,9,0.778
1127462,3102,3106,27850,9,9,2,7,0.7778,0.5556,0.778,8,7,9,0.778
1146625,3102,3106,27850,9,9,2,7,0.7778,0.5556,0.778,8,7,9,0.778
1227472,23262,8763,44065,9,9,2,7,0.7778,0.5556,0.778,8,7,9,0.778
1306056,7555,7733,6343,6,6,1,4,0.6667,0.5,0.778,5,7,9,0.778
1144536,178567,238075,31690,4,4,1,3,0.75,0.5,0.778,3,7,9,0.778
1307755,7717,7734,51263,4,4,1,3,0.75,0.5,0.778,3,7,9,0.778
1205530,1092,1147,26510,5,5,1,3,0.6,0.4,0.778,4,7,9,0.778
1163445,376028,13630,26530,5,5,1,3,0.6,0.4,0.778,4,7,9,0.778
1171220,1121,1154,35997,12,12,4,8,0.6667,0.3333,0.778,11,7,9,0.778
1171222,1121,1154,35997,12,12,4,8,0.6667,0.3333,0.778,11,7,9,0.778
1171223,1121,1154,35997,12,12,4,8,0.6667,0.3333,0.778,11,7,9,0.778
1171224,1121,1154,35997,12,12,4,8,0.6667,0.3333,0.778,11,7,9,0.778
1128391,27049,18106,20504,6,6,1,3,0.5,0.3333,0.778,5,7,9,0.778
1103074,17188,17180,22734,6,6,2,4,0.6667,0.3333,0.778,5,7,9,0.778
1132153,259196,259844,29051,6,6,2,4,0.6667,0.3333,0.778,5,7,9,0.778
1138315,309,305,487,3,3,1,2,0.6667,0.3333,0.778,2,7,9,0.778
1166008,21278,21272,18938,3,3,1,2,0.6667,0.3333,0.778,2,7,9,0.778
1088828,15138,15203,19818,3,3,1,2,0.6667,0.3333,0.778,2,7,9,0.778
1089194,21373,21375,19899,3,3,1,2,0.6667,0.3333,0.778,2,7,9,0.778
1132714,200955,200959,29312,3,3,1,2,0.6667,0.3333,0.778,2,7,9,0.778
1304641,117,118,29689,3,3,1,2,0.6667,0.3333,0.778,2,7,9,0.778
1152420,14948,2778,31959,3,3,1,2,0.6667,0.3333,0.778,2,7,9,0.778
1209344,1596,1675,41702,3,3,1,2,0.6667,0.3333,0.778,2,7,9,0.778
1270923,8499,8450,45977,3,3,1,2,0.6667,0.3333,0.778,2,7,9,0.778
1273070,25676,25670,46607,3,3,1,2,0.6667,0.3333,0.778,2,7,9,0.778
1278675,2157,20451,47667,3,3,1,2,0.6667,0.3333,0.778,2,7,9,0.778
1288406,13123,13181,49284,3,3,1,2,0.6667,0.3333,0.778,2,7,9,0.778
1307805,128945,14573,51422,3,3,1,2,0.6667,0.3333,0.778,2,7,9,0.778
1301936,7179,22664,44583,13,13,1,5,0.3846,0.3077,0.778,12,7,9,0.778
1286443,67,47,44586,7,7,1,3,0.4286,0.2857,0.778,6,7,9,0.778
1003781,5479,83808,1221,11,11,1,4,0.3636,0.2727,0.778,10,7,9,0.778
1088136,15793,33245,18943,11,11,4,7,0.6364,0.2727,0.778,10,7,9,0.778
1003687,5470,5461,1193,4,4,1,2,0.5,0.25,0.778,3,7,9,0.778
1282913,246715,2000,43446,5,5,1,2,0.4,0.2,0.778,4,7,9,0.778
1267771,8723,8712,13422,17,17,5,8,0.4706,0.1765,0.778,16,7,9,0.778
1267808,8723,8712,13422,17,17,5,8,0.4706,0.1765,0.778,16,7,9,0.778
1266559,8723,8712,13422,17,17,5,8,0.4706,0.1765,0.778,16,7,9,0.778
1267790,8723,8712,13422,17,17,5,8,0.4706,0.1765,0.778,16,7,9,0.778
1269173,8723,8712,13422,17,17,5,8,0.4706,0.1765,0.778,16,7,9,0.778
1282209,26775,17478,47861,6,6,1,2,0.3333,0.1667,0.778,5,7,9,0.778
1001280,40284,282,389,13,13,2,4,0.3077,0.1538,0.778,12,7,9,0.778
1001281,40284,282,389,13,13,2,4,0.3077,0.1538,0.778,12,7,9,0.778
1228101,561,543,39880,7,7,3,4,0.5714,0.1429,0.778,6,7,9,0.778
1122372,20067,1301,26241,8,8,1,2,0.25,0.125,0.778,7,7,9,0.778
1219904,18808,18831,35441,10,10,3,4,0.4,0.1,0.778,9,7,9,0.778
1309532,7404,7410,46510,16,16,4,5,0.3125,0.0625,0.778,15,7,9,0.778
1309533,7404,7410,46510,16,16,4,5,0.3125,0.0625,0.778,15,7,9,0.778
1082428,14944,14918,18942,8,8,4,4,0.5,0.0,0.778,7,7,9,0.778
1277266,8095,8069,47334,8,8,4,4,0.5,0.0,0.778,7,7,9,0.778
1307055,7416,7378,49568,8,8,4,4,0.5,0.0,0.778,7,7,9,0.778
1183625,18648,18615,35081,6,6,3,3,0.5,0.0,0.778,5,7,9,0.778
1186227,18648,18615,35081,6,6,3,3,0.5,0.0,0.778,5,7,9,0.778
1185182,27345,27339,38137,6,6,3,3,0.5,0.0,0.778,5,7,9,0.778
1185201,27345,27339,38137,6,6,3,3,0.5,0.0,0.778,5,7,9,0.778
1299598,26764,17478,47861,6,6,2,2,0.3333,0.0,0.778,5,7,9,0.778
1001692,341,323,559,2,2,1,1,0.5,0.0,0.778,1,7,9,0.778
1007742,661,650,866,2,2,1,1,0.5,0.0,0.778,1,7,9,0.778
1007839,689,681,2463,2,2,1,1,0.5,0.0,0.778,1,7,9,0.778
1152885,3215,3198,3612,2,2,1,1,0.5,0.0,0.778,1,7,9,0.778
1082383,21925,5619,18931,2,2,1,1,0.5,0.0,0.778,1,7,9,0.778
1107845,224640,17639,23874,2,2,1,1,0.5,0.0,0.778,1,7,9,0.778
1196281,11370,823,28402,2,2,1,1,0.5,0.0,0.778,1,7,9,0.778
1133627,283841,248963,29749,2,2,1,1,0.5,0.0,0.778,1,7,9,0.778
1153393,19673,19671,33179,2,2,1,1,0.5,0.0,0.778,1,7,9,0.778
1164304,344651,343646,34507,2,2,1,1,0.5,0.0,0.778,1,7,9,0.778
1176975,226235,72603,36864,2,2,1,1,0.5,0.0,0.778,1,7,9,0.778
1275899,23947,9819,41927,2,2,1,1,0.5,0.0,0.778,1,7,9,0.778
1278334,2321,2299,47579,2,2,1,1,0.5,0.0,0.778,1,7,9,0.778
1288840,61085,22586,49363,2,2,1,1,0.5,0.0,0.778,1,7,9,0.778
1308505,85,81,51524,2,2,1,1,0.5,0.0,0.778,1,7,9,0.778
1272434,7376,7410,46510,16,16,3,5,0.3125,0.125,0.77,15,7,9,0.778
1286743,7376,7410,46510,16,16,3,5,0.3125,0.125,0.77,15,7,9,0.778
1268515,8806,8727,45753,13,13,1,6,0.4615,0.3846,0.769,12,7,9,0.778
1286300,14956,14831,29511,14,14,3,5,0.3571,0.1429,0.769,13,7,9,0.778
1135357,14956,14831,29511,14,14,3,5,0.3571,0.1429,0.769,13,7,9,0.778
1133153,14906,14831,29511,14,14,5,5,0.3571,0.0,0.769,13,7,9,0.778
1304299,22952,7896,50435,12,12,3,6,0.5,0.25,0.768,11,7,9,0.778
1307799,7234,378638,4074,12,12,3,4,0.3333,0.0833,0.768,11,7,9,0.778
1278829,7234,378638,4074,12,12,3,4,0.3333,0.0833,0.768,11,7,9,0.778
1278832,7234,378638,4074,12,12,3,4,0.3333,0.0833,0.768,11,7,9,0.778
1121888,1686,20204,26273,24,24,8,9,0.375,0.0417,0.768,23,7,9,0.778
1121639,1686,20204,26273,24,24,8,9,0.375,0.0417,0.768,23,7,9,0.778
1171041,1686,20204,26273,24,24,8,9,0.375,0.0417,0.768,23,7,9,0.778
1171042,1686,20204,26273,24,24,8,9,0.375,0.0417,0.768,23,7,9,0.778
1171043,1686,20204,26273,24,24,8,9,0.375,0.0417,0.768,23,7,9,0.778
1171596,1686,20204,26273,24,24,8,9,0.375,0.0417,0.768,23,7,9,0.778
1171599,1686,20204,26273,24,24,8,9,0.375,0.0417,0.768,23,7,9,0.778
1180648,4373,4268,27616,10,10,1,2,0.2,0.1,0.765,9,7,9,0.778
1181003,4428,4268,27616,10,10,1,2,0.2,0.1,0.765,9,7,9,0.778
1136237,24826,12048,30488,9,9,1,8,0.8889,0.7778,0.764,8,7,9,0.778
1205813,284481,284480,39145,9,9,2,4,0.4444,0.2222,0.764,8,7,9,0.778
1205815,284481,284480,39145,9,9,2,4,0.4444,0.2222,0.764,8,7,9,0.778
1220396,18497,18478,4025,9,9,3,3,0.3333,0.0,0.764,8,7,9,0.778
1220335,18497,18478,4025,9,9,3,3,0.3333,0.0,0.764,8,7,9,0.778
1281509,7376,7410,46510,16,16,3,5,0.3125,0.125,0.763,15,7,9,0.778
1126963,25250,20017,26765,8,8,3,4,0.5,0.125,0.762,7,7,9,0.778
1279991,14001,13978,48014,8,8,4,4,0.5,0.0,0.762,7,7,9,0.778
1218539,515,500,34768,27,27,3,8,0.2963,0.1852,0.761,26,7,9,0.778
1298644,7309,7294,47919,13,13,1,4,0.3077,0.2308,0.759,12,7,9,0.778
1298642,7273,7294,47919,13,13,2,4,0.3077,0.1538,0.759,12,7,9,0.778
1300640,7292,7294,47919,13,13,3,4,0.3077,0.0769,0.759,12,7,9,0.778
1289313,7292,7294,47919,13,13,3,4,0.3077,0.0769,0.759,12,7,9,0.778
1210210,24571,24506,39351,12,12,2,5,0.4167,0.25,0.758,11,7,9,0.778
1210211,24571,24506,39351,12,12,2,5,0.4167,0.25,0.758,11,7,9,0.778
1210212,24570,24506,39351,12,12,3,5,0.4167,0.1667,0.758,11,7,9,0.778
1267906,8976,8949,2655,6,6,1,4,0.6667,0.5,0.756,5,7,9,0.778
1112155,27113,18268,24816,6,6,2,4,0.6667,0.3333,0.756,5,7,9,0.778
1222895,10855,24446,27936,6,6,2,4,0.6667,0.3333,0.756,5,7,9,0.778
1110510,17018,16995,24492,6,6,3,3,0.5,0.0,0.756,5,7,9,0.778
1307976,7972,7938,25180,6,6,3,3,0.5,0.0,0.756,5,7,9,0.778
1077500,18273,27119,17798,5,5,1,4,0.8,0.6,0.75,4,7,9,0.778
1203534,7976,8028,41037,5,5,1,4,0.8,0.6,0.75,4,7,9,0.778
1110457,17001,26612,24487,5,5,2,3,0.6,0.2,0.75,4,7,9,0.778
1110502,17001,26612,24487,5,5,2,3,0.6,0.2,0.75,4,7,9,0.778
1300638,7273,7294,47919,13,13,2,4,0.3077,0.1538,0.75,12,7,9,0.778
1289314,7292,7294,47919,13,13,3,4,0.3077,0.0769,0.75,12,7,9,0.778
1205823,27324,19293,41212,12,12,2,4,0.3333,0.1667,0.747,11,7,9,0.778
1232529,,506690,12829,6,5,0,5,1.0,1.0,0.744,5,7,9,0.778
1310615,144,143,48041,11,11,2,5,0.4545,0.2727,0.744,10,7,9,0.778
1310620,144,143,48041,11,11,2,5,0.4545,0.2727,0.744,10,7,9,0.778
1010846,11453,11362,3083,10,10,1,9,0.9,0.8,0.741,9,7,9,0.778
1082996,17486,17426,11853,10,10,1,9,0.9,0.8,0.741,9,7,9,0.778
1002666,19835,418,348,4,4,1,3,0.75,0.5,0.741,3,7,9,0.778
1007841,681,689,2464,4,4,1,3,0.75,0.5,0.741,3,7,9,0.778
1298431,60,48,49765,4,4,2,2,0.5,0.0,0.741,3,7,9,0.778
1083587,26149,15607,17985,6,6,1,5,0.8333,0.6667,0.733,5,7,9,0.778
1307166,264960,264959,29177,21,21,10,11,0.5238,0.0476,0.733,20,7,9,0.778
1309265,8292,8291,50157,6,6,3,3,0.5,0.0,0.733,5,7,9,0.778
1159515,21187,390779,7760,8,8,1,4,0.5,0.375,0.73,7,7,9,0.778
1127048,12833,20017,26728,8,8,2,5,0.625,0.375,0.73,7,7,9,0.778
1301015,22866,7705,50257,8,8,3,5,0.625,0.25,0.73,7,7,9,0.778
1301017,22866,7705,50257,8,8,3,5,0.625,0.25,0.73,7,7,9,0.778
1068469,22056,5837,13693,8,8,4,4,0.5,0.0,0.73,7,7,9,0.778
1268718,8805,8712,13422,17,17,4,8,0.4706,0.2353,0.729,16,7,9,0.778
1272548,8805,8712,13422,17,17,4,8,0.4706,0.2353,0.729,16,7,9,0.778
1128604,8805,8712,13422,17,17,4,8,0.4706,0.2353,0.729,16,7,9,0.778
1299735,17213,17159,28272,21,21,2,3,0.1429,0.0476,0.728,20,7,9,0.778
1299715,17213,17159,28272,21,21,2,3,0.1429,0.0476,0.728,20,7,9,0.778
1270789,14906,14831,29511,14,14,5,5,0.3571,0.0,0.726,13,7,9,0.778
1176712,72607,14619,34295,24,24,12,12,0.5,0.0,0.725,23,7,9,0.778
1154281,2408,473020,25969,9,9,1,8,0.8889,0.7778,0.722,8,7,9,0.778
1187034,259527,330875,16512,5,5,1,4,0.8,0.6,0.722,4,7,9,0.778
1018981,92775,65564,5088,15,15,4,9,0.6,0.3333,0.722,14,7,9,0.778
1054086,92775,65564,5088,15,15,4,9,0.6,0.3333,0.722,14,7,9,0.778
1048755,92775,65564,5088,15,15,4,9,0.6,0.3333,0.722,14,7,9,0.778
1059302,292475,26065,13381,12,12,1,4,0.3333,0.25,0.717,11,7,9,0.778
1066233,5666,5672,14871,10,10,3,7,0.7,0.4,0.716,9,7,9,0.778
1066248,5666,5672,14871,10,10,3,7,0.7,0.4,0.716,9,7,9,0.778
1217546,473084,635,40801,10,10,2,4,0.4,0.2,0.716,9,7,9,0.778
1228609,473084,635,40801,10,10,2,4,0.4,0.2,0.716,9,7,9,0.778
1272547,8805,8712,13422,17,17,4,8,0.4706,0.2353,0.715,16,7,9,0.778
1281144,10785,10875,28474,8,8,2,6,0.75,0.5,0.714,7,7,9,0.778
1281426,18009,17986,4994,8,8,2,2,0.25,0.0,0.714,7,7,9,0.778
1285327,18009,17986,4994,8,8,2,2,0.25,0.0,0.714,7,7,9,0.778
1289008,25119,25122,45265,20,20,6,14,0.7,0.4,0.713,19,7,9,0.778
1128252,10797,10774,28166,6,6,1,5,0.8333,0.6667,0.711,5,7,9,0.778
1289590,23930,9965,46848,6,6,1,4,0.6667,0.5,0.711,5,7,9,0.778
1279507,26765,17535,42158,9,9,2,7,0.7778,0.5556,0.708,8,7,9,0.778
1287702,25379,13183,23039,21,21,3,5,0.2381,0.0952,0.7,20,7,9,0.778
1287707,25379,13183,23039,21,21,3,5,0.2381,0.0952,0.7,20,7,9,0.778
1287710,25379,13183,23039,21,21,3,5,0.2381,0.0952,0.7,20,7,9,0.778
1297917,7540,22751,42129,8,8,3,4,0.5,0.125,0.698,7,7,9,0.778
1297916,7540,22751,42129,8,8,3,4,0.5,0.125,0.698,7,7,9,0.778
1002078,489,490,464,5,5,1,4,0.8,0.6,0.694,4,7,9,0.778
1277213,2133,20441,47303,5,5,1,4,0.8,0.6,0.694,4,7,9,0.778
1122187,20148,20182,6142,9,9,3,6,0.6667,0.3333,0.694,8,7,9,0.778
1022998,20148,20182,6142,9,9,3,6,0.6667,0.3333,0.694,8,7,9,0.778
1287712,25344,13183,23039,21,21,2,5,0.2381,0.1429,0.694,20,7,9,0.778
1287713,25344,13183,23039,21,21,2,5,0.2381,0.1429,0.694,20,7,9,0.778
1270956,875,850,45509,9,9,4,5,0.5556,0.1111,0.694,8,7,9,0.778
1267373,875,850,45509,9,9,4,5,0.5556,0.1111,0.694,8,7,9,0.778
1165744,21203,21199,34021,18,18,5,13,0.7222,0.4444,0.693,17,7,9,0.778
1165422,21203,21199,34021,18,18,5,13,0.7222,0.4444,0.693,17,7,9,0.778
1158534,21203,21199,34021,18,18,5,13,0.7222,0.4444,0.693,17,7,9,0.778
1286533,7549,7643,22363,20,20,3,5,0.25,0.1,0.69,19,7,9,0.778
1286534,7549,7643,22363,20,20,3,5,0.25,0.1,0.69,19,7,9,0.778
1286823,7549,7643,22363,20,20,3,5,0.25,0.1,0.69,19,7,9,0.778
1041364,7855,7871,9376,11,11,3,4,0.3636,0.0909,0.689,10,7,9,0.778
1041365,7855,7871,9376,11,11,3,4,0.3636,0.0909,0.689,10,7,9,0.778
1041366,7855,7871,9376,11,11,3,4,0.3636,0.0909,0.689,10,7,9,0.778
1286824,7519,7643,22363,20,20,3,5,0.25,0.1,0.684,19,7,9,0.778
1286826,7519,7643,22363,20,20,3,5,0.25,0.1,0.684,19,7,9,0.778
1222305,12572,12530,30724,8,8,1,7,0.875,0.75,0.683,7,7,9,0.778
1288562,188485,188480,4988,8,8,1,4,0.5,0.375,0.683,7,7,9,0.778
1301627,7776,7769,50423,9,9,3,6,0.6667,0.3333,0.681,8,7,9,0.778
1165388,21203,21199,34021,18,18,5,13,0.7222,0.4444,0.68,17,7,9,0.778
1123206,25250,20017,26234,10,10,1,4,0.4,0.3,0.679,9,7,9,0.778
1066019,5665,5669,14470,11,11,4,7,0.6364,0.2727,0.678,10,7,9,0.778
1174822,11888,12285,3588,21,21,3,5,0.2381,0.0952,0.678,20,7,9,0.778
1059445,11888,12285,3588,21,21,3,5,0.2381,0.0952,0.678,20,7,9,0.778
1308493,487563,76,30421,15,15,1,4,0.2667,0.2,0.675,14,7,9,0.778
1217098,280965,280966,10469,34,34,11,23,0.6765,0.3529,0.673,33,7,9,0.778
1012707,8915,9118,3662,8,8,1,6,0.75,0.625,0.667,7,7,9,0.778
1298776,7521,22802,3898,10,10,4,6,0.6,0.2,0.667,9,7,9,0.778
1208267,927,914,39504,9,9,4,5,0.5556,0.1111,0.667,8,7,9,0.778
1307091,264960,264959,29177,21,21,10,11,0.5238,0.0476,0.667,20,7,9,0.778
1269340,390721,243520,44977,3,3,1,1,0.3333,0.0,0.667,2,7,9,0.778
1199222,12167,12169,40147,9,9,1,8,0.8889,0.7778,0.653,8,7,9,0.778
1282620,19466,19497,28834,16,16,5,6,0.375,0.0625,0.652,15,7,9,0.778
1297701,19466,19497,28834,16,16,5,6,0.375,0.0625,0.652,15,7,9,0.778
1282687,19466,19497,28834,16,16,5,6,0.375,0.0625,0.652,15,7,9,0.778
1282731,19466,19497,28834,16,16,5,6,0.375,0.0625,0.652,15,7,9,0.778
1282121,19466,19497,28834,16,16,5,6,0.375,0.0625,0.652,15,7,9,0.778
1088081,33246,15793,13285,8,8,4,4,0.5,0.0,0.651,7,7,9,0.778
1001582,399,390,536,6,6,1,5,0.8333,0.6667,0.644,5,7,9,0.778
1210369,1560,1606,35718,6,6,1,5,0.8333,0.6667,0.644,5,7,9,0.778
1126127,21424,264637,746,6,6,1,2,0.3333,0.1667,0.644,5,7,9,0.778
1110442,17001,16971,23995,6,6,3,3,0.5,0.0,0.644,5,7,9,0.778
1232995,,26101,21955,15,14,0,6,0.4286,0.4286,0.643,14,7,9,0.778
1232515,537075,26101,21955,15,14,2,6,0.4286,0.2857,0.643,14,7,9,0.778
1234463,,285756,39297,9,8,0,4,0.5,0.5,0.639,8,7,9,0.778
1093931,18332,18361,21130,19,19,1,18,0.9474,0.8947,0.636,18,7,9,0.778
1097921,265282,265281,12117,20,20,6,6,0.3,0.0,0.626,19,7,9,0.778
1073508,265282,265281,12117,20,20,6,6,0.3,0.0,0.626,19,7,9,0.778
1307149,5129,5086,49389,3,3,1,2,0.6667,0.3333,0.611,2,7,9,0.778
1062801,21970,5669,14462,9,9,4,5,0.5556,0.1111,0.611,8,7,9,0.778
1281304,7954,7952,47021,17,17,5,5,0.2941,0.0,0.604,16,7,9,0.778
1298168,7954,7952,47021,17,17,5,5,0.2941,0.0,0.604,16,7,9,0.778
1308428,7954,7952,47021,17,17,5,5,0.2941,0.0,0.604,16,7,9,0.778
1229034,510,518,28043,26,26,3,5,0.1923,0.0769,0.6,25,7,9,0.778
1229229,510,518,28043,26,26,3,5,0.1923,0.0769,0.6,25,7,9,0.778
1229226,510,518,28043,26,26,3,5,0.1923,0.0769,0.6,25,7,9,0.778
1281684,4979,27080,43444,7,7,1,5,0.7143,0.5714,0.593,6,7,9,0.778
1220381,18998,19040,35223,13,13,4,9,0.6923,0.3846,0.593,12,7,9,0.778
1220382,18998,19040,35223,13,13,4,9,0.6923,0.3846,0.593,12,7,9,0.778
1220383,18998,19040,35223,13,13,4,9,0.6923,0.3846,0.593,12,7,9,0.778
1100184,16349,26386,22681,17,17,8,9,0.5294,0.0588,0.59,16,7,9,0.778
1301616,7954,7952,47021,17,17,5,5,0.2941,0.0,0.59,16,7,9,0.778
1187404,4281,4364,16758,25,25,4,9,0.36,0.2,0.579,24,7,9,0.778
1110494,17001,16971,23995,6,6,3,3,0.5,0.0,0.578,5,7,9,0.778
1052861,376540,375330,660,20,19,2,10,0.5263,0.4211,0.575,19,7,9,0.778
1011458,376540,375330,660,20,19,2,10,0.5263,0.4211,0.575,19,7,9,0.778
1187402,4281,4364,16758,25,25,4,9,0.36,0.2,0.574,24,7,9,0.778
1123364,13440,13468,26766,35,35,11,24,0.6857,0.3714,0.569,34,7,9,0.778
1029839,278084,278085,7749,12,12,1,10,0.8333,0.75,0.545,11,7,9,0.778
1035203,292157,292156,9080,7,7,1,6,0.8571,0.7143,0.5,6,7,9,0.778
1111512,25725,25720,24685,18,18,1,17,0.9444,0.8889,0.497,17,7,9,0.778
1268635,25119,25122,45265,20,20,6,14,0.7,0.4,0.485,19,7,9,0.778
1270187,10991,10968,42503,12,12,1,11,0.9167,0.8333,0.475,11,7,9,0.778
1201423,10459,24172,16754,29,29,4,6,0.2069,0.069,0.464,28,7,9,0.778
1201425,10459,24172,16754,29,29,4,6,0.2069,0.069,0.46,28,7,9,0.778
1209770,24189,24172,16754,29,29,2,6,0.2069,0.1379,0.456,28,7,9,0.778
1209772,24189,24172,16754,29,29,2,6,0.2069,0.1379,0.456,28,7,9,0.778
1015253,376521,376522,4921,9,9,1,8,0.8889,0.7778,0.444,8,7,9,0.778
1143818,18827,5108,24352,3,3,1,2,0.6667,0.3333,0.444,2,7,9,0.778
1132536,383807,383806,4085,23,23,2,9,0.3913,0.3043,0.394,22,7,9,0.778
1133766,383807,383806,4085,23,23,2,9,0.3913,0.3043,0.394,22,7,9,0.778
1056409,375966,375965,3510,23,23,3,6,0.2609,0.1304,0.232,22,7,9,0.778
1030513,,2516,7920,9,8,0,8,1.0,1.0,1.0,8,6,9,0.667
1082158,,20106,18836,8,7,0,7,1.0,1.0,1.0,7,6,9,0.667
1132422,,54370,29231,8,7,0,7,1.0,1.0,1.0,7,6,9,0.667
1013016,,194556,3665,7,6,0,6,1.0,1.0,1.0,6,6,9,0.667
1031540,,85727,8200,7,6,0,6,1.0,1.0,1.0,6,6,9,0.667
1143192,,20157,31418,7,6,0,6,1.0,1.0,1.0,6,6,9,0.667
1000526,,1517,4,6,5,0,5,1.0,1.0,1.0,5,6,9,0.667
1152875,,7010,8253,6,5,0,5,1.0,1.0,1.0,5,6,9,0.667
1125482,,444304,9345,6,5,0,5,1.0,1.0,1.0,5,6,9,0.667
1090429,,20961,20204,6,5,0,5,1.0,1.0,1.0,5,6,9,0.667
1066542,,4753,14951,5,4,0,4,1.0,1.0,1.0,4,6,9,0.667
1187454,,3296,38511,5,4,0,4,1.0,1.0,1.0,4,6,9,0.667
1020798,,1358,5561,4,3,0,3,1.0,1.0,1.0,3,6,9,0.667
1149577,,10559,32584,4,3,0,3,1.0,1.0,1.0,3,6,9,0.667
1000972,,725,262,2,1,0,1,1.0,1.0,1.0,1,6,9,0.667
1011278,,364699,820,2,1,0,1,1.0,1.0,1.0,1,6,9,0.667
1008423,,1697,2594,2,1,0,1,1.0,1.0,1.0,1,6,9,0.667
1073864,,23032,16962,2,1,0,1,1.0,1.0,1.0,1,6,9,0.667
1097547,,130219,20787,2,1,0,1,1.0,1.0,1.0,1,6,9,0.667
1133354,,473024,29603,2,1,0,1,1.0,1.0,1.0,1,6,9,0.667
1133393,,21114,29620,2,1,0,1,1.0,1.0,1.0,1,6,9,0.667
1164441,,3667,34528,2,1,0,1,1.0,1.0,1.0,1,6,9,0.667
1187889,,21516,38581,2,1,0,1,1.0,1.0,1.0,1,6,9,0.667
1121136,19423,3567,11956,16,16,1,15,0.9375,0.875,1.0,15,6,9,0.667
1000738,,375316,132,6,5,0,4,0.8,0.8,1.0,5,6,9,0.667
1142909,25058,25098,31248,7,7,1,6,0.8571,0.7143,1.0,6,6,9,0.667
1142979,344515,24253,31297,7,7,1,6,0.8571,0.7143,1.0,6,6,9,0.667
1133395,24214,5381,16154,6,6,1,5,0.8333,0.6667,1.0,5,6,9,0.667
1143129,66225,54371,30540,6,6,1,5,0.8333,0.6667,1.0,5,6,9,0.667
1019997,8788,23263,5342,5,5,1,4,0.8,0.6,1.0,4,6,9,0.667
1158564,24764,11892,26978,5,5,1,4,0.8,0.6,1.0,4,6,9,0.667
1276529,14722,14755,28672,5,5,1,4,0.8,0.6,1.0,4,6,9,0.667
1188143,,3220,38617,6,5,0,3,0.6,0.6,1.0,5,6,9,0.667
1229607,11221,11253,39825,5,5,1,4,0.8,0.6,1.0,4,6,9,0.667
1179794,350097,345003,22032,6,6,1,4,0.6667,0.5,1.0,5,6,9,0.667
1097466,344363,345003,22032,6,6,1,4,0.6667,0.5,1.0,5,6,9,0.667
1163984,11844,11884,26330,4,4,1,3,0.75,0.5,1.0,3,6,9,0.667
1114120,13803,18827,24206,5,5,1,3,0.6,0.4,1.0,4,6,9,0.667
1136207,22660,22625,29678,8,8,1,4,0.5,0.375,1.0,7,6,9,0.667
1122781,1800,1768,26609,6,6,2,4,0.6667,0.3333,1.0,5,6,9,0.667
1122782,1800,1768,26609,6,6,2,4,0.6667,0.3333,1.0,5,6,9,0.667
1061343,370342,370343,14135,3,3,1,2,0.6667,0.3333,1.0,2,6,9,0.667
1102454,26939,26922,18239,4,4,1,2,0.5,0.25,1.0,3,6,9,0.667
1079674,17884,26922,18239,4,4,1,2,0.5,0.25,1.0,3,6,9,0.667
1023602,24107,24054,6296,7,7,3,4,0.5714,0.1429,1.0,6,6,9,0.667
1024336,24107,24054,6296,7,7,3,4,0.5714,0.1429,1.0,6,6,9,0.667
1024337,24107,24054,6296,7,7,3,4,0.5714,0.1429,1.0,6,6,9,0.667
1303756,7071,22625,29678,8,8,3,4,0.5,0.125,1.0,7,6,9,0.667
1303771,7071,22625,29678,8,8,3,4,0.5,0.125,1.0,7,6,9,0.667
1133506,7071,22625,29678,8,8,3,4,0.5,0.125,1.0,7,6,9,0.667
1070637,27428,19554,15869,9,9,4,5,0.5556,0.1111,1.0,8,6,9,0.667
1070638,27428,19554,15869,9,9,4,5,0.5556,0.1111,1.0,8,6,9,0.667
1070639,27428,19554,15869,9,9,4,5,0.5556,0.1111,1.0,8,6,9,0.667
1070640,27428,19554,15869,9,9,4,5,0.5556,0.1111,1.0,8,6,9,0.667
1202485,18524,18550,11986,10,10,3,4,0.4,0.1,1.0,9,6,9,0.667
1167099,18537,18550,11986,10,10,3,4,0.4,0.1,1.0,9,6,9,0.667
1220357,18524,18550,11986,10,10,3,4,0.4,0.1,1.0,9,6,9,0.667
1202430,18537,18550,11986,10,10,3,4,0.4,0.1,1.0,9,6,9,0.667
1191084,18524,18550,11986,10,10,3,4,0.4,0.1,1.0,9,6,9,0.667
1202433,18537,18550,11986,10,10,3,4,0.4,0.1,1.0,9,6,9,0.667
1188707,16429,16408,37722,6,6,3,3,0.5,0.0,1.0,5,6,9,0.667
1188708,16429,16408,37722,6,6,3,3,0.5,0.0,1.0,5,6,9,0.667
1188712,16429,16408,37722,6,6,3,3,0.5,0.0,1.0,5,6,9,0.667
1000680,58523,5555,71,4,4,1,1,0.25,0.0,1.0,3,6,9,0.667
1000681,5564,5555,71,4,4,1,1,0.25,0.0,1.0,3,6,9,0.667
1000622,5565,5555,71,4,4,1,1,0.25,0.0,1.0,3,6,9,0.667
1219487,3293,3267,38923,4,4,2,2,0.5,0.0,1.0,3,6,9,0.667
1219484,3293,3267,38923,4,4,2,2,0.5,0.0,1.0,3,6,9,0.667
1198184,24348,10739,39836,4,4,2,2,0.5,0.0,1.0,3,6,9,0.667
1198121,24348,10739,39836,4,4,2,2,0.5,0.0,1.0,3,6,9,0.667
1201870,271047,165117,40691,4,4,2,2,0.5,0.0,1.0,3,6,9,0.667
1221661,271047,165117,40691,4,4,2,2,0.5,0.0,1.0,3,6,9,0.667
1011896,19867,9705,3542,2,2,1,1,0.5,0.0,1.0,1,6,9,0.667
1074787,139195,123822,15064,2,2,1,1,0.5,0.0,1.0,1,6,9,0.667
1105956,16995,16982,22899,2,2,1,1,0.5,0.0,1.0,1,6,9,0.667
1101933,26339,16128,23050,2,2,1,1,0.5,0.0,1.0,1,6,9,0.667
1132426,364894,140,29232,2,2,1,1,0.5,0.0,1.0,1,6,9,0.667
1189033,4480,4442,31129,2,2,1,1,0.5,0.0,1.0,1,6,9,0.667
1186905,4317,4293,38431,2,2,1,1,0.5,0.0,1.0,1,6,9,0.667
1279993,20595,2430,48021,2,2,1,1,0.5,0.0,1.0,1,6,9,0.667
1286843,23078,8298,48030,9,9,4,5,0.5556,0.1111,0.986,8,6,9,0.667
1286844,23078,8298,48030,9,9,4,5,0.5556,0.1111,0.986,8,6,9,0.667
1286845,23078,8298,48030,9,9,4,5,0.5556,0.1111,0.986,8,6,9,0.667
1286846,23078,8298,48030,9,9,4,5,0.5556,0.1111,0.986,8,6,9,0.667
1181373,350093,350094,36554,7,7,2,3,0.4286,0.1429,0.981,6,6,9,0.667
1176323,350093,350094,36554,7,7,2,3,0.4286,0.1429,0.981,6,6,9,0.667
1175839,350095,350094,36554,7,7,2,3,0.4286,0.1429,0.981,6,6,9,0.667
1195585,282555,282558,39168,12,12,5,7,0.5833,0.1667,0.98,11,6,9,0.667
1195586,282555,282558,39168,12,12,5,7,0.5833,0.1667,0.98,11,6,9,0.667
1195587,282555,282558,39168,12,12,5,7,0.5833,0.1667,0.98,11,6,9,0.667
1195536,282555,282558,39168,12,12,5,7,0.5833,0.1667,0.98,11,6,9,0.667
1195540,282555,282558,39168,12,12,5,7,0.5833,0.1667,0.98,11,6,9,0.667
1277925,20388,2033,8792,6,6,1,5,0.8333,0.6667,0.978,5,6,9,0.667
1111930,18954,18915,24780,5,5,1,4,0.8,0.6,0.972,4,6,9,0.667
1281696,6707,6776,39121,11,11,5,6,0.5455,0.0909,0.967,10,6,9,0.667
1279565,6707,6776,39121,11,11,5,6,0.5455,0.0909,0.967,10,6,9,0.667
1279567,6707,6776,39121,11,11,5,6,0.5455,0.0909,0.967,10,6,9,0.667
1195405,6707,6776,39121,11,11,5,6,0.5455,0.0909,0.967,10,6,9,0.667
1250942,6707,6776,39121,11,11,5,6,0.5455,0.0909,0.967,10,6,9,0.667
1045709,,23142,11306,7,6,0,6,1.0,1.0,0.963,6,6,9,0.667
1308082,8098,8059,43493,7,7,3,4,0.5714,0.1429,0.963,6,6,9,0.667
1308084,8098,8059,43493,7,7,3,4,0.5714,0.1429,0.963,6,6,9,0.667
1224990,8098,8059,43493,7,7,3,4,0.5714,0.1429,0.963,6,6,9,0.667
1090484,15389,15385,20226,4,4,2,2,0.5,0.0,0.963,3,6,9,0.667
1090487,15389,15385,20226,4,4,2,2,0.5,0.0,0.963,3,6,9,0.667
1299068,7851,7806,47743,9,9,2,7,0.7778,0.5556,0.958,8,6,9,0.667
1137801,706882,378465,22065,6,6,1,5,0.8333,0.6667,0.956,5,6,9,0.667
1116717,13064,13099,25126,11,11,2,4,0.3636,0.1818,0.956,10,6,9,0.667
1116175,13064,13099,25126,11,11,2,4,0.3636,0.1818,0.956,10,6,9,0.667
1113700,13128,13099,25126,11,11,4,4,0.3636,0.0,0.956,10,6,9,0.667
1113702,13128,13099,25126,11,11,4,4,0.3636,0.0,0.956,10,6,9,0.667
1116971,13128,13099,25126,11,11,4,4,0.3636,0.0,0.956,10,6,9,0.667
1116140,13128,13099,25126,11,11,4,4,0.3636,0.0,0.956,10,6,9,0.667
1112173,,506653,4155,8,7,0,7,1.0,1.0,0.952,7,6,9,0.667
1288112,25088,25070,49244,8,8,4,4,0.5,0.0,0.952,7,6,9,0.667
1288113,25088,25070,49244,8,8,4,4,0.5,0.0,0.952,7,6,9,0.667
1180236,331516,283526,16579,10,10,4,6,0.6,0.2,0.951,9,6,9,0.667
1180238,331516,283526,16579,10,10,4,6,0.6,0.2,0.951,9,6,9,0.667
1180295,331516,283526,16579,10,10,4,6,0.6,0.2,0.951,9,6,9,0.667
1138789,282566,345435,4954,5,5,1,4,0.8,0.6,0.944,4,6,9,0.667
1311836,129,145,45239,9,9,1,4,0.4444,0.3333,0.944,8,6,9,0.667
1300915,104,145,45239,9,9,2,4,0.4444,0.2222,0.944,8,6,9,0.667
1300917,405771,145,45239,9,9,2,4,0.4444,0.2222,0.944,8,6,9,0.667
1266371,104,145,45239,9,9,2,4,0.4444,0.2222,0.944,8,6,9,0.667
1266374,405771,145,45239,9,9,2,4,0.4444,0.2222,0.944,8,6,9,0.667
1077910,19250,27304,11832,7,7,3,4,0.5714,0.1429,0.944,6,6,9,0.667
1079761,19250,27304,11832,7,7,3,4,0.5714,0.1429,0.944,6,6,9,0.667
1049053,19250,27304,11832,7,7,3,4,0.5714,0.1429,0.944,6,6,9,0.667
1187989,191679,191678,24070,3,3,1,1,0.3333,0.0,0.944,2,6,9,0.667
1031547,142396,141435,8199,10,10,5,5,0.5,0.0,0.938,9,6,9,0.667
1031548,142396,141435,8199,10,10,5,5,0.5,0.0,0.938,9,6,9,0.667
1031544,142396,141435,8199,10,10,5,5,0.5,0.0,0.938,9,6,9,0.667
1031545,142396,141435,8199,10,10,5,5,0.5,0.0,0.938,9,6,9,0.667
1031546,142396,141435,8199,10,10,5,5,0.5,0.0,0.938,9,6,9,0.667
1138464,25630,2309,30706,15,15,5,5,0.3333,0.0,0.937,14,6,9,0.667
1163890,25630,2309,30706,15,15,5,5,0.3333,0.0,0.937,14,6,9,0.667
1178561,25634,2309,30706,15,15,5,5,0.3333,0.0,0.937,14,6,9,0.667
1178563,25634,2309,30706,15,15,5,5,0.3333,0.0,0.937,14,6,9,0.667
1163825,25634,2309,30706,15,15,5,5,0.3333,0.0,0.937,14,6,9,0.667
1137025,25630,2309,30706,15,15,5,5,0.3333,0.0,0.937,14,6,9,0.667
1178333,25630,2309,30706,15,15,5,5,0.3333,0.0,0.937,14,6,9,0.667
1019171,36136,36135,5131,8,8,4,4,0.5,0.0,0.937,7,6,9,0.667
1019172,36136,36135,5131,8,8,4,4,0.5,0.0,0.937,7,6,9,0.667
1019173,36136,36135,5131,8,8,4,4,0.5,0.0,0.937,7,6,9,0.667
1040401,237119,237120,4622,6,6,1,5,0.8333,0.6667,0.933,5,6,9,0.667
1303435,57245,7149,28185,6,6,3,3,0.5,0.0,0.933,5,6,9,0.667
1303205,57245,7149,28185,6,6,3,3,0.5,0.0,0.933,5,6,9,0.667
1303434,57245,7149,28185,6,6,3,3,0.5,0.0,0.933,5,6,9,0.667
1283001,17880,17873,48501,6,6,3,3,0.5,0.0,0.933,5,6,9,0.667
1283004,17880,17873,48501,6,6,3,3,0.5,0.0,0.933,5,6,9,0.667
1283037,17880,17873,48501,6,6,3,3,0.5,0.0,0.933,5,6,9,0.667
1084087,,27284,19502,4,3,0,3,1.0,1.0,0.926,3,6,9,0.667
1163998,13000,13028,26979,7,7,1,6,0.8571,0.7143,0.926,6,6,9,0.667
1090474,26089,15478,13869,7,7,3,3,0.4286,0.0,0.926,6,6,9,0.667
1148874,2795,105910,1663,14,14,6,8,0.5714,0.1429,0.923,13,6,9,0.667
1150271,2795,105910,1663,14,14,6,8,0.5714,0.1429,0.923,13,6,9,0.667
1128776,2795,105910,1663,14,14,6,8,0.5714,0.1429,0.923,13,6,9,0.667
1150273,2795,105910,1663,14,14,6,8,0.5714,0.1429,0.923,13,6,9,0.667
1148822,2795,105910,1663,14,14,6,8,0.5714,0.1429,0.923,13,6,9,0.667
1005004,2795,105910,1663,14,14,6,8,0.5714,0.1429,0.923,13,6,9,0.667
1137044,27335,19322,30710,8,8,4,4,0.5,0.0,0.921,7,6,9,0.667
1190930,27335,19322,30710,8,8,4,4,0.5,0.0,0.921,7,6,9,0.667
1041770,230401,230399,10501,12,12,5,7,0.5833,0.1667,0.909,11,6,9,0.667
1042945,230401,230399,10501,12,12,5,7,0.5833,0.1667,0.909,11,6,9,0.667
1042944,230401,230399,10501,12,12,5,7,0.5833,0.1667,0.909,11,6,9,0.667
1041781,230401,230399,10501,12,12,5,7,0.5833,0.1667,0.909,11,6,9,0.667
1145643,2849,2850,28320,12,12,5,7,0.5833,0.1667,0.909,11,6,9,0.667
1145645,2849,2850,28320,12,12,5,7,0.5833,0.1667,0.909,11,6,9,0.667
1128528,2849,2850,28320,12,12,5,7,0.5833,0.1667,0.909,11,6,9,0.667
1150520,2849,2850,28320,12,12,5,7,0.5833,0.1667,0.909,11,6,9,0.667
1145635,2849,2850,28320,12,12,5,7,0.5833,0.1667,0.909,11,6,9,0.667
1209502,10226,15032,22013,10,10,1,7,0.7,0.6,0.889,9,6,9,0.667
1186973,19439,19425,30696,5,5,1,4,0.8,0.6,0.889,4,6,9,0.667
1128487,12213,19996,28298,4,4,1,3,0.75,0.5,0.889,3,6,9,0.667
1288234,25088,25070,11718,6,6,2,4,0.6667,0.3333,0.889,5,6,9,0.667
1143108,12669,12682,31371,3,3,1,2,0.6667,0.3333,0.889,2,6,9,0.667
1003783,5469,5468,1224,4,4,1,2,0.5,0.25,0.889,3,6,9,0.667
1133313,15358,15437,7348,4,4,1,2,0.5,0.25,0.889,3,6,9,0.667
1028577,15420,15437,7348,4,4,1,2,0.5,0.25,0.889,3,6,9,0.667
1175836,350095,350094,36554,7,7,2,3,0.4286,0.1429,0.889,6,6,9,0.667
1219663,4347,4298,38437,7,7,3,4,0.5714,0.1429,0.889,6,6,9,0.667
1203513,11821,24694,36376,16,16,2,4,0.25,0.125,0.889,15,6,9,0.667
1179699,24726,24694,36376,16,16,2,4,0.25,0.125,0.889,15,6,9,0.667
1175201,11821,24694,36376,16,16,2,4,0.25,0.125,0.889,15,6,9,0.667
1175207,11652,24694,36376,16,16,3,4,0.25,0.0625,0.889,15,6,9,0.667
1175225,11728,24694,36376,16,16,3,4,0.25,0.0625,0.889,15,6,9,0.667
1175226,11728,24694,36376,16,16,3,4,0.25,0.0625,0.889,15,6,9,0.667
1175227,11728,24694,36376,16,16,3,4,0.25,0.0625,0.889,15,6,9,0.667
1175204,11652,24694,36376,16,16,3,4,0.25,0.0625,0.889,15,6,9,0.667
1175205,11652,24694,36376,16,16,3,4,0.25,0.0625,0.889,15,6,9,0.667
1185116,27335,19322,30710,8,8,4,4,0.5,0.0,0.889,7,6,9,0.667
1185117,27335,19322,30710,8,8,4,4,0.5,0.0,0.889,7,6,9,0.667
1185594,19462,19503,20857,26,26,1,5,0.1923,0.1538,0.876,25,6,9,0.667
1092072,19496,19503,20857,26,26,4,5,0.1923,0.0385,0.876,25,6,9,0.667
1185597,19496,19503,20857,26,26,4,5,0.1923,0.0385,0.876,25,6,9,0.667
1171847,19496,19503,20857,26,26,4,5,0.1923,0.0385,0.876,25,6,9,0.667
1185497,19496,19503,20857,26,26,4,5,0.1923,0.0385,0.876,25,6,9,0.667
1202848,18997,19048,40947,9,9,3,6,0.6667,0.3333,0.875,8,6,9,0.667
1220713,18997,19048,40947,9,9,3,6,0.6667,0.3333,0.875,8,6,9,0.667
1153333,12302,12320,33134,9,9,4,5,0.5556,0.1111,0.875,8,6,9,0.667
1200665,12302,12320,33134,9,9,4,5,0.5556,0.1111,0.875,8,6,9,0.667
1208909,20064,1263,30180,17,17,5,6,0.3529,0.0588,0.875,16,6,9,0.667
1207916,20064,1263,30180,17,17,5,6,0.3529,0.0588,0.875,16,6,9,0.667
1207914,20064,1263,30180,17,17,5,6,0.3529,0.0588,0.875,16,6,9,0.667
1014975,370401,370402,4488,8,8,1,7,0.875,0.75,0.873,7,6,9,0.667
1207910,20064,1263,30180,17,17,5,6,0.3529,0.0588,0.868,16,6,9,0.667
1207913,20064,1263,30180,17,17,5,6,0.3529,0.0588,0.868,16,6,9,0.667
1133689,4003,273279,17441,11,11,1,10,0.9091,0.8182,0.867,10,6,9,0.667
1000864,19688,19681,200,6,6,1,5,0.8333,0.6667,0.867,5,6,9,0.667
1176477,72607,14619,34295,24,24,12,12,0.5,0.0,0.865,23,6,9,0.667
1176516,72607,14619,34295,24,24,12,12,0.5,0.0,0.865,23,6,9,0.667
1163817,72607,14619,34295,24,24,12,12,0.5,0.0,0.865,23,6,9,0.667
1176705,72607,14619,34295,24,24,12,12,0.5,0.0,0.865,23,6,9,0.667
1176713,72607,14619,34295,24,24,12,12,0.5,0.0,0.865,23,6,9,0.667
1176714,72607,14619,34295,24,24,12,12,0.5,0.0,0.865,23,6,9,0.667
1176715,72607,14619,34295,24,24,12,12,0.5,0.0,0.865,23,6,9,0.667
1220643,19038,19068,42986,10,10,1,8,0.8,0.7,0.864,9,6,9,0.667
1180668,331516,283526,16579,10,10,4,6,0.6,0.2,0.864,9,6,9,0.667
1200193,1314,1263,30180,17,17,2,6,0.3529,0.2353,0.861,16,6,9,0.667
1210304,1314,1263,30180,17,17,2,6,0.3529,0.2353,0.861,16,6,9,0.667
1273532,9923,9779,43647,13,13,5,8,0.6154,0.2308,0.861,12,6,9,0.667
1278201,9923,9779,43647,13,13,5,8,0.6154,0.2308,0.861,12,6,9,0.667
1270035,9923,9779,43647,13,13,5,8,0.6154,0.2308,0.861,12,6,9,0.667
1225536,9923,9779,43647,13,13,5,8,0.6154,0.2308,0.861,12,6,9,0.667
1289573,9923,9779,43647,13,13,5,8,0.6154,0.2308,0.861,12,6,9,0.667
1068728,5886,5901,15443,5,5,2,3,0.6,0.2,0.861,4,6,9,0.667
1084255,5886,5901,15443,5,5,2,3,0.6,0.2,0.861,4,6,9,0.667
1042947,237757,237755,10506,8,8,1,7,0.875,0.75,0.857,7,6,9,0.667
1178332,25630,2309,30706,15,15,5,5,0.3333,0.0,0.857,14,6,9,0.667
1178560,25634,2309,30706,15,15,5,5,0.3333,0.0,0.857,14,6,9,0.667
1022914,173127,258564,6115,7,7,3,4,0.5714,0.1429,0.852,6,6,9,0.667
1308515,8246,8291,51372,7,7,3,4,0.5714,0.1429,0.852,6,6,9,0.667
1108311,235849,235843,16421,19,19,3,8,0.4211,0.2632,0.846,18,6,9,0.667
1108312,235849,235843,16421,19,19,3,8,0.4211,0.2632,0.846,18,6,9,0.667
1072903,235849,235843,16421,19,19,3,8,0.4211,0.2632,0.846,18,6,9,0.667
1072638,235848,235843,16421,19,19,8,8,0.4211,0.0,0.846,18,6,9,0.667
1072640,235848,235843,16421,19,19,8,8,0.4211,0.0,0.846,18,6,9,0.667
1072641,235848,235843,16421,19,19,8,8,0.4211,0.0,0.846,18,6,9,0.667
1108379,235848,235843,16421,19,19,8,8,0.4211,0.0,0.846,18,6,9,0.667
1108380,235848,235843,16421,19,19,8,8,0.4211,0.0,0.846,18,6,9,0.667
1108381,235848,235843,16421,19,19,8,8,0.4211,0.0,0.846,18,6,9,0.667
1108382,235848,235843,16421,19,19,8,8,0.4211,0.0,0.846,18,6,9,0.667
1287616,314,19808,45278,11,11,4,7,0.6364,0.2727,0.844,10,6,9,0.667
1266595,314,19808,45278,11,11,4,7,0.6364,0.2727,0.844,10,6,9,0.667
1267570,314,19808,45278,11,11,4,7,0.6364,0.2727,0.844,10,6,9,0.667
1281513,21716,487548,10689,8,8,1,7,0.875,0.75,0.841,7,6,9,0.667
1048807,12336,24922,2299,8,8,2,6,0.75,0.5,0.841,7,6,9,0.667
1024998,12336,24922,2299,8,8,2,6,0.75,0.5,0.841,7,6,9,0.667
1305666,4265,4219,28009,11,11,1,5,0.4545,0.3636,0.833,10,6,9,0.667
1202849,18997,19048,40947,9,9,3,6,0.6667,0.3333,0.833,8,6,9,0.667
1211081,10845,10847,39545,9,9,2,4,0.4444,0.2222,0.833,8,6,9,0.667
1211082,10845,10847,39545,9,9,2,4,0.4444,0.2222,0.833,8,6,9,0.667
1203270,2335,14184,33271,5,5,2,3,0.6,0.2,0.833,4,6,9,0.667
1153844,2335,14184,33271,5,5,2,3,0.6,0.2,0.833,4,6,9,0.667
1144610,21355,3505,30751,7,7,3,4,0.5714,0.1429,0.833,6,6,9,0.667
1148662,21355,3505,30751,7,7,3,4,0.5714,0.1429,0.833,6,6,9,0.667
1148664,21355,3505,30751,7,7,3,4,0.5714,0.1429,0.833,6,6,9,0.667
1200662,12302,12320,33134,9,9,4,5,0.5556,0.1111,0.833,8,6,9,0.667
1207495,10849,10847,39545,9,9,3,4,0.4444,0.1111,0.833,8,6,9,0.667
1207496,10849,10847,39545,9,9,3,4,0.4444,0.1111,0.833,8,6,9,0.667
1211084,10849,10847,39545,9,9,3,4,0.4444,0.1111,0.833,8,6,9,0.667
1127756,4225,4219,28009,11,11,5,5,0.4545,0.0,0.833,10,6,9,0.667
1282369,4225,4219,28009,11,11,5,5,0.4545,0.0,0.833,10,6,9,0.667
1282372,4225,4219,28009,11,11,5,5,0.4545,0.0,0.833,10,6,9,0.667
1310747,4225,4219,28009,11,11,5,5,0.4545,0.0,0.833,10,6,9,0.667
1298754,4225,4219,28009,11,11,5,5,0.4545,0.0,0.833,10,6,9,0.667
1142978,10737,10531,22141,3,3,1,1,0.3333,0.0,0.833,2,6,9,0.667
1096859,364828,10531,22141,3,3,1,1,0.3333,0.0,0.833,2,6,9,0.667
1190396,4184,4134,28245,3,3,1,1,0.3333,0.0,0.833,2,6,9,0.667
1190397,4194,4134,28245,3,3,1,1,0.3333,0.0,0.833,2,6,9,0.667
1298538,6879,22436,47931,14,14,5,6,0.4286,0.0714,0.829,13,6,9,0.667
1223270,11841,11662,28011,15,15,5,5,0.3333,0.0,0.825,14,6,9,0.667
1223183,11841,11662,28011,15,15,5,5,0.3333,0.0,0.825,14,6,9,0.667
1127760,11841,11662,28011,15,15,5,5,0.3333,0.0,0.825,14,6,9,0.667
1223269,11841,11662,28011,15,15,5,5,0.3333,0.0,0.825,14,6,9,0.667
1170144,11841,11662,28011,15,15,5,5,0.3333,0.0,0.825,14,6,9,0.667
1288615,7459,22730,48777,16,16,1,4,0.25,0.1875,0.822,15,6,9,0.667
1283237,7415,22730,48777,16,16,2,4,0.25,0.125,0.822,15,6,9,0.667
1283182,7415,22730,48777,16,16,2,4,0.25,0.125,0.822,15,6,9,0.667
1283177,22768,22730,48777,16,16,4,4,0.25,0.0,0.822,15,6,9,0.667
1283178,22768,22730,48777,16,16,4,4,0.25,0.0,0.822,15,6,9,0.667
1283180,22768,22730,48777,16,16,4,4,0.25,0.0,0.822,15,6,9,0.667
1283253,22768,22730,48777,16,16,4,4,0.25,0.0,0.822,15,6,9,0.667
1137167,27076,27023,30729,19,19,4,4,0.2105,0.0,0.821,18,6,9,0.667
1278381,27076,27023,30729,19,19,4,4,0.2105,0.0,0.821,18,6,9,0.667
1278382,27076,27023,30729,19,19,4,4,0.2105,0.0,0.821,18,6,9,0.667
1278384,27076,27023,30729,19,19,4,4,0.2105,0.0,0.821,18,6,9,0.667
1042946,230401,230399,10501,12,12,5,7,0.5833,0.1667,0.818,11,6,9,0.667
1224947,24238,10523,28000,12,12,5,5,0.4167,0.0,0.818,11,6,9,0.667
1170160,24238,10523,28000,12,12,5,5,0.4167,0.0,0.818,11,6,9,0.667
1170161,24238,10523,28000,12,12,5,5,0.4167,0.0,0.818,11,6,9,0.667
1209660,24238,10523,28000,12,12,5,5,0.4167,0.0,0.818,11,6,9,0.667
1127219,,7977,27710,10,9,0,5,0.5556,0.5556,0.815,9,6,9,0.667
1248302,85730,19899,13587,10,10,1,6,0.6,0.5,0.815,9,6,9,0.667
1149981,14880,131820,25655,10,10,1,5,0.5,0.4,0.815,9,6,9,0.667
1148735,25903,131820,25655,10,10,1,5,0.5,0.4,0.815,9,6,9,0.667
1229638,19891,19899,13587,10,10,3,6,0.6,0.3,0.815,9,6,9,0.667
1198317,19891,19899,13587,10,10,3,6,0.6,0.3,0.815,9,6,9,0.667
1115774,14842,131820,25655,10,10,3,5,0.5,0.2,0.815,9,6,9,0.667
1149978,14842,131820,25655,10,10,3,5,0.5,0.2,0.815,9,6,9,0.667
1149979,14842,131820,25655,10,10,3,5,0.5,0.2,0.815,9,6,9,0.667
1110521,17018,16995,24484,7,7,3,4,0.5714,0.1429,0.815,6,6,9,0.667
1110452,17018,16995,24484,7,7,3,4,0.5714,0.1429,0.815,6,6,9,0.667
1078675,18292,18283,18024,10,10,5,5,0.5,0.0,0.815,9,6,9,0.667
1200003,12112,12084,30900,10,10,5,5,0.5,0.0,0.815,9,6,9,0.667
1201951,12112,12084,30900,10,10,5,5,0.5,0.0,0.815,9,6,9,0.667
1201953,12112,12084,30900,10,10,5,5,0.5,0.0,0.815,9,6,9,0.667
1137911,12112,12084,30900,10,10,5,5,0.5,0.0,0.815,9,6,9,0.667
1222208,12112,12084,30900,10,10,5,5,0.5,0.0,0.815,9,6,9,0.667
1045718,375116,375117,11287,11,11,2,9,0.8182,0.6364,0.811,10,6,9,0.667
1188767,16868,32929,3585,11,11,2,3,0.2727,0.0909,0.811,10,6,9,0.667
1188768,16868,32929,3585,11,11,2,3,0.2727,0.0909,0.811,10,6,9,0.667
1019539,175995,175690,5210,8,8,4,4,0.5,0.0,0.81,7,6,9,0.667
1137480,24214,10523,28000,12,12,2,5,0.4167,0.25,0.808,11,6,9,0.667
1127744,24214,10523,28000,12,12,2,5,0.4167,0.25,0.808,11,6,9,0.667
1170162,24238,10523,28000,12,12,5,5,0.4167,0.0,0.808,11,6,9,0.667
1078530,18741,18814,17785,13,13,6,7,0.5385,0.0769,0.806,12,6,9,0.667
1077408,18741,18814,17785,13,13,6,7,0.5385,0.0769,0.806,12,6,9,0.667
1077409,18741,18814,17785,13,13,6,7,0.5385,0.0769,0.806,12,6,9,0.667
1084578,18741,18814,17785,13,13,6,7,0.5385,0.0769,0.806,12,6,9,0.667
1077410,18741,18814,17785,13,13,6,7,0.5385,0.0769,0.806,12,6,9,0.667
1077411,18741,18814,17785,13,13,6,7,0.5385,0.0769,0.806,12,6,9,0.667
1190996,27317,19168,20925,21,21,6,7,0.3333,0.0476,0.806,20,6,9,0.667
1092263,27317,19168,20925,21,21,6,7,0.3333,0.0476,0.806,20,6,9,0.667
1247844,,76763,29398,11,10,0,4,0.4,0.4,0.8,10,6,9,0.667
1288989,25308,25271,22381,6,6,1,3,0.5,0.3333,0.8,5,6,9,0.667
1276814,20243,1743,30449,6,6,1,3,0.5,0.3333,0.8,5,6,9,0.667
1073678,241595,234237,16860,6,6,1,2,0.3333,0.1667,0.8,5,6,9,0.667
1288973,25235,25271,22381,6,6,2,3,0.5,0.1667,0.8,5,6,9,0.667
1286671,25235,25271,22381,6,6,2,3,0.5,0.1667,0.8,5,6,9,0.667
1215726,415453,1743,30449,6,6,2,3,0.5,0.1667,0.8,5,6,9,0.667
1276813,415453,1743,30449,6,6,2,3,0.5,0.1667,0.8,5,6,9,0.667
1175206,24726,24694,36376,16,16,2,4,0.25,0.125,0.8,15,6,9,0.667
1027648,8218,8077,5517,11,11,5,6,0.5455,0.0909,0.8,10,6,9,0.667
1027646,8218,8077,5517,11,11,5,6,0.5455,0.0909,0.8,10,6,9,0.667
1023540,8218,8077,5517,11,11,5,6,0.5455,0.0909,0.8,10,6,9,0.667
1020679,8218,8077,5517,11,11,5,6,0.5455,0.0909,0.8,10,6,9,0.667
1020681,8218,8077,5517,11,11,5,6,0.5455,0.0909,0.8,10,6,9,0.667
1111492,14029,14037,24680,11,11,5,6,0.5455,0.0909,0.8,10,6,9,0.667
1111493,14029,14037,24680,11,11,5,6,0.5455,0.0909,0.8,10,6,9,0.667
1115386,14029,14037,24680,11,11,5,6,0.5455,0.0909,0.8,10,6,9,0.667
1112296,14029,14037,24680,11,11,5,6,0.5455,0.0909,0.8,10,6,9,0.667
1115601,14029,14037,24680,11,11,5,6,0.5455,0.0909,0.8,10,6,9,0.667
1132915,136956,76763,29398,11,10,4,4,0.4,0.0,0.8,10,6,9,0.667
1135794,136956,76763,29398,11,10,4,4,0.4,0.0,0.8,10,6,9,0.667
1135843,136956,76763,29398,11,10,4,4,0.4,0.0,0.8,10,6,9,0.667
1135844,136956,76763,29398,11,10,4,4,0.4,0.0,0.8,10,6,9,0.667
1297604,238715,234237,16860,6,6,2,2,0.3333,0.0,0.8,5,6,9,0.667
1297563,238715,234237,16860,6,6,2,2,0.3333,0.0,0.8,5,6,9,0.667
1110266,16958,16947,23598,6,6,3,3,0.5,0.0,0.8,5,6,9,0.667
1104453,16958,16947,23598,6,6,3,3,0.5,0.0,0.8,5,6,9,0.667
1185603,56931,56930,35062,6,6,3,3,0.5,0.0,0.8,5,6,9,0.667
1167130,56931,56930,35062,6,6,3,3,0.5,0.0,0.8,5,6,9,0.667
1235082,56931,56930,35062,6,6,3,3,0.5,0.0,0.8,5,6,9,0.667
1287912,9753,9719,45778,6,6,3,3,0.5,0.0,0.8,5,6,9,0.667
1287914,9753,9719,45778,6,6,3,3,0.5,0.0,0.8,5,6,9,0.667
1289629,9753,9719,45778,6,6,3,3,0.5,0.0,0.8,5,6,9,0.667
1026662,344336,344337,6023,9,9,2,7,0.7778,0.5556,0.792,8,6,9,0.667
1220540,19013,19038,42975,9,9,2,6,0.6667,0.4444,0.792,8,6,9,0.667
1111362,25411,13486,20921,17,17,3,5,0.2941,0.1176,0.792,16,6,9,0.667
1111381,25411,13486,20921,17,17,3,5,0.2941,0.1176,0.792,16,6,9,0.667
1111382,25411,13486,20921,17,17,3,5,0.2941,0.1176,0.792,16,6,9,0.667
1311709,6113,6077,51753,9,9,4,5,0.5556,0.1111,0.792,8,6,9,0.667
1311266,6113,6077,51753,9,9,4,5,0.5556,0.1111,0.792,8,6,9,0.667
1311267,6113,6077,51753,9,9,4,5,0.5556,0.1111,0.792,8,6,9,0.667
1311268,6113,6077,51753,9,9,4,5,0.5556,0.1111,0.792,8,6,9,0.667
1198875,19891,19899,13587,10,10,3,6,0.6,0.3,0.79,9,6,9,0.667
1136174,6989,22670,30452,12,12,1,4,0.3333,0.25,0.788,11,6,9,0.667
1276726,82,22670,30452,12,12,2,4,0.3333,0.1667,0.788,11,6,9,0.667
1304835,22600,22670,30452,12,12,2,4,0.3333,0.1667,0.788,11,6,9,0.667
1300794,22600,22670,30452,12,12,2,4,0.3333,0.1667,0.788,11,6,9,0.667
1300797,82,22670,30452,12,12,2,4,0.3333,0.1667,0.788,11,6,9,0.667
1185222,19335,19358,20926,12,12,5,6,0.5,0.0833,0.788,11,6,9,0.667
1185234,19335,19358,20926,12,12,5,6,0.5,0.0833,0.788,11,6,9,0.667
1184556,19335,19358,20926,12,12,5,6,0.5,0.0833,0.788,11,6,9,0.667
1185237,19335,19358,20926,12,12,5,6,0.5,0.0833,0.788,11,6,9,0.667
1288246,25070,25088,45231,14,14,5,9,0.6429,0.2857,0.786,13,6,9,0.667
1299703,4224,4313,29901,15,15,6,9,0.6,0.2,0.786,14,6,9,0.667
1298606,4224,4313,29901,15,15,6,9,0.6,0.2,0.786,14,6,9,0.667
1299705,4224,4313,29901,15,15,6,9,0.6,0.2,0.786,14,6,9,0.667
1282373,4224,4313,29901,15,15,6,9,0.6,0.2,0.786,14,6,9,0.667
1282374,4224,4313,29901,15,15,6,9,0.6,0.2,0.786,14,6,9,0.667
1299525,4224,4313,29901,15,15,6,9,0.6,0.2,0.786,14,6,9,0.667
1073124,216329,216958,16584,14,14,6,8,0.5714,0.1429,0.786,13,6,9,0.667
1098953,216329,216958,16584,14,14,6,8,0.5714,0.1429,0.786,13,6,9,0.667
1098989,216329,216958,16584,14,14,6,8,0.5714,0.1429,0.786,13,6,9,0.667
1073326,216329,216958,16584,14,14,6,8,0.5714,0.1429,0.786,13,6,9,0.667
1097827,216329,216958,16584,14,14,6,8,0.5714,0.1429,0.786,13,6,9,0.667
1127180,,15729,18268,11,10,0,10,1.0,1.0,0.778,10,6,9,0.667
1067210,128635,128642,14899,6,6,1,5,0.8333,0.6667,0.778,5,6,9,0.667
1171455,1168,84778,24121,5,5,1,4,0.8,0.6,0.778,4,6,9,0.667
1066267,21961,21963,14882,10,10,3,7,0.7,0.4,0.778,9,6,9,0.667
1066300,21961,21963,14882,10,10,3,7,0.7,0.4,0.778,9,6,9,0.667
1066285,21961,21963,14882,10,10,3,7,0.7,0.4,0.778,9,6,9,0.667
1062579,281925,281926,14416,6,6,2,4,0.6667,0.3333,0.778,5,6,9,0.667
1300464,7517,7524,50162,3,3,1,2,0.6667,0.3333,0.778,2,6,9,0.667
1220600,18486,18492,19676,8,8,3,5,0.625,0.25,0.778,7,6,9,0.667
1202502,18486,18492,19676,8,8,3,5,0.625,0.25,0.778,7,6,9,0.667
1163425,9706,60452,34271,4,4,1,2,0.5,0.25,0.778,3,6,9,0.667
1218165,9749,60452,34271,4,4,1,2,0.5,0.25,0.778,3,6,9,0.667
1077076,27405,27403,15605,13,13,5,8,0.6154,0.2308,0.778,12,6,9,0.667
1098568,27405,27403,15605,13,13,5,8,0.6154,0.2308,0.778,12,6,9,0.667
1077017,27405,27403,15605,13,13,5,8,0.6154,0.2308,0.778,12,6,9,0.667
1069552,27405,27403,15605,13,13,5,8,0.6154,0.2308,0.778,12,6,9,0.667
1250417,27405,27403,15605,13,13,5,8,0.6154,0.2308,0.778,12,6,9,0.667
1300686,7067,7128,17053,13,13,5,8,0.6154,0.2308,0.778,12,6,9,0.667
1304072,7067,7128,17053,13,13,5,8,0.6154,0.2308,0.778,12,6,9,0.667
1127475,7067,7128,17053,13,13,5,8,0.6154,0.2308,0.778,12,6,9,0.667
1300667,7067,7128,17053,13,13,5,8,0.6154,0.2308,0.778,12,6,9,0.667
1300668,7067,7128,17053,13,13,5,8,0.6154,0.2308,0.778,12,6,9,0.667
1287484,1662,1520,49146,5,5,1,2,0.4,0.2,0.778,4,6,9,0.667
1287504,13661,1520,49146,5,5,1,2,0.4,0.2,0.778,4,6,9,0.667
1278728,26883,26899,47178,16,16,2,5,0.3125,0.1875,0.778,15,6,9,0.667
1177958,15673,264637,746,6,6,1,2,0.3333,0.1667,0.778,5,6,9,0.667
1173931,84123,264637,746,6,6,1,2,0.3333,0.1667,0.778,5,6,9,0.667
1002079,489,264637,746,6,6,1,2,0.3333,0.1667,0.778,5,6,9,0.667
1133385,343164,4378,1930,7,7,3,4,0.5714,0.1429,0.778,6,6,9,0.667
1248279,343164,4378,1930,7,7,3,4,0.5714,0.1429,0.778,6,6,9,0.667
1130783,343164,4378,1930,7,7,3,4,0.5714,0.1429,0.778,6,6,9,0.667
1055339,275845,275843,12572,7,7,3,4,0.5714,0.1429,0.778,6,6,9,0.667
1066445,275845,275843,12572,7,7,3,4,0.5714,0.1429,0.778,6,6,9,0.667
1066447,275845,275843,12572,7,7,3,4,0.5714,0.1429,0.778,6,6,9,0.667
1066582,122865,122867,13196,7,7,3,4,0.5714,0.1429,0.778,6,6,9,0.667
1066581,122865,122867,13196,7,7,3,4,0.5714,0.1429,0.778,6,6,9,0.667
1066583,122865,122867,13196,7,7,3,4,0.5714,0.1429,0.778,6,6,9,0.667
1100306,16998,17015,22715,7,7,3,4,0.5714,0.1429,0.778,6,6,9,0.667
1286898,6522,22335,39122,7,7,3,4,0.5714,0.1429,0.778,6,6,9,0.667
1286526,6522,22335,39122,7,7,3,4,0.5714,0.1429,0.778,6,6,9,0.667
1286371,6522,22335,39122,7,7,3,4,0.5714,0.1429,0.778,6,6,9,0.667
1282816,160955,153291,48719,7,7,1,2,0.2857,0.1429,0.778,6,6,9,0.667
1281525,18370,18303,15529,10,10,3,4,0.4,0.1,0.778,9,6,9,0.667
1127223,18370,18303,15529,10,10,3,4,0.4,0.1,0.778,9,6,9,0.667
1188282,159362,159361,35119,14,14,3,4,0.2857,0.0714,0.778,13,6,9,0.667
1188284,159362,159361,35119,14,14,3,4,0.2857,0.0714,0.778,13,6,9,0.667
1188285,159362,159361,35119,14,14,3,4,0.2857,0.0714,0.778,13,6,9,0.667
1282878,187515,153291,48719,7,7,2,2,0.2857,0.0,0.778,6,6,9,0.667
1282879,187515,153291,48719,7,7,2,2,0.2857,0.0,0.778,6,6,9,0.667
1178844,13957,13935,31066,6,6,3,3,0.5,0.0,0.778,5,6,9,0.667
1178909,13957,13935,31066,6,6,3,3,0.5,0.0,0.778,5,6,9,0.667
1072913,91809,16158,16475,4,4,2,2,0.5,0.0,0.778,3,6,9,0.667
1223685,91809,16158,16475,4,4,2,2,0.5,0.0,0.778,3,6,9,0.667
1220686,19073,19054,42993,2,2,1,1,0.5,0.0,0.778,1,6,9,0.667
1133525,190,196,4104,28,28,3,5,0.1786,0.0714,0.774,27,6,9,0.667
1283123,190,196,4104,28,28,3,5,0.1786,0.0714,0.774,27,6,9,0.667
1304891,190,196,4104,28,28,3,5,0.1786,0.0714,0.774,27,6,9,0.667
1278418,160,196,4104,28,28,4,5,0.1786,0.0357,0.774,27,6,9,0.667
1300827,160,196,4104,28,28,4,5,0.1786,0.0357,0.774,27,6,9,0.667
1134546,160,196,4104,28,28,4,5,0.1786,0.0357,0.774,27,6,9,0.667
1136364,160,196,4104,28,28,4,5,0.1786,0.0357,0.774,27,6,9,0.667
1184709,19145,19057,20886,15,15,5,5,0.3333,0.0,0.77,14,6,9,0.667
1184711,19145,19057,20886,15,15,5,5,0.3333,0.0,0.77,14,6,9,0.667
1191057,19145,19057,20886,15,15,5,5,0.3333,0.0,0.77,14,6,9,0.667
1188423,19145,19057,20886,15,15,5,5,0.3333,0.0,0.77,14,6,9,0.667
1188361,19145,19057,20886,15,15,5,5,0.3333,0.0,0.77,14,6,9,0.667
1312547,376209,4638,47909,13,13,3,6,0.4615,0.2308,0.769,12,6,9,0.667
1286996,376209,4638,47909,13,13,3,6,0.4615,0.2308,0.769,12,6,9,0.667
1297794,376208,4638,47909,13,13,3,6,0.4615,0.2308,0.769,12,6,9,0.667
1297795,376208,4638,47909,13,13,3,6,0.4615,0.2308,0.769,12,6,9,0.667
1297797,376208,4638,47909,13,13,3,6,0.4615,0.2308,0.769,12,6,9,0.667
1128859,14924,14907,18619,12,12,4,8,0.6667,0.3333,0.768,11,6,9,0.667
1082478,14924,14907,18619,12,12,4,8,0.6667,0.3333,0.768,11,6,9,0.667
1082479,14924,14907,18619,12,12,4,8,0.6667,0.3333,0.768,11,6,9,0.667
1065944,95003,144324,14534,11,11,1,5,0.4545,0.3636,0.767,10,6,9,0.667
1063498,144322,144324,14534,11,11,3,5,0.4545,0.1818,0.767,10,6,9,0.667
1065961,144322,144324,14534,11,11,3,5,0.4545,0.1818,0.767,10,6,9,0.667
1063518,144322,144324,14534,11,11,3,5,0.4545,0.1818,0.767,10,6,9,0.667
1052541,276795,276506,3685,11,11,5,6,0.5455,0.0909,0.767,10,6,9,0.667
1057359,276795,276506,3685,11,11,5,6,0.5455,0.0909,0.767,10,6,9,0.667
1043992,276795,276506,3685,11,11,5,6,0.5455,0.0909,0.767,10,6,9,0.667
1057364,276795,276506,3685,11,11,5,6,0.5455,0.0909,0.767,10,6,9,0.667
1065350,5671,21974,14364,11,11,5,6,0.5455,0.0909,0.767,10,6,9,0.667
1280982,18370,18303,15529,10,10,3,4,0.4,0.1,0.765,9,6,9,0.667
1184700,27451,19622,3890,8,8,1,5,0.625,0.5,0.762,7,6,9,0.667
1188287,19620,19622,3890,8,8,2,5,0.625,0.375,0.762,7,6,9,0.667
1091919,19620,19622,3890,8,8,2,5,0.625,0.375,0.762,7,6,9,0.667
1202472,18486,18492,19676,8,8,3,5,0.625,0.25,0.762,7,6,9,0.667
1275866,52446,9862,28938,8,8,1,3,0.375,0.25,0.762,7,6,9,0.667
1275736,55966,9862,28938,8,8,1,3,0.375,0.25,0.762,7,6,9,0.667
1228952,9258,23584,44335,8,8,3,5,0.625,0.25,0.762,7,6,9,0.667
1269309,9258,23584,44335,8,8,3,5,0.625,0.25,0.762,7,6,9,0.667
1285884,9258,23584,44335,8,8,3,5,0.625,0.25,0.762,7,6,9,0.667
1131750,23780,9862,28938,8,8,2,3,0.375,0.125,0.762,7,6,9,0.667
1133646,23780,9862,28938,8,8,2,3,0.375,0.125,0.762,7,6,9,0.667
1306682,27129,18490,49505,8,8,2,3,0.375,0.125,0.762,7,6,9,0.667
1299835,27140,18490,49505,8,8,2,3,0.375,0.125,0.762,7,6,9,0.667
1299836,27140,18490,49505,8,8,2,3,0.375,0.125,0.762,7,6,9,0.667
1289865,27129,18490,49505,8,8,2,3,0.375,0.125,0.762,7,6,9,0.667
1019541,175995,175690,5210,8,8,4,4,0.5,0.0,0.762,7,6,9,0.667
1304897,159,196,4104,28,28,2,5,0.1786,0.1071,0.761,27,6,9,0.667
1096566,8122,8090,22058,7,7,2,5,0.7143,0.4286,0.759,6,6,9,0.667
1019970,23509,23522,5328,13,13,5,8,0.6154,0.2308,0.759,12,6,9,0.667
1228366,23509,23522,5328,13,13,5,8,0.6154,0.2308,0.759,12,6,9,0.667
1228718,23509,23522,5328,13,13,5,8,0.6154,0.2308,0.759,12,6,9,0.667
1227245,23509,23522,5328,13,13,5,8,0.6154,0.2308,0.759,12,6,9,0.667
1023727,8705,23301,6327,7,7,3,4,0.5714,0.1429,0.759,6,6,9,0.667
1041454,6549,22311,7856,11,11,4,7,0.6364,0.2727,0.756,10,6,9,0.667
1041491,6549,22311,7856,11,11,4,7,0.6364,0.2727,0.756,10,6,9,0.667
1030217,6549,22311,7856,11,11,4,7,0.6364,0.2727,0.756,10,6,9,0.667
1056083,6549,22311,7856,11,11,4,7,0.6364,0.2727,0.756,10,6,9,0.667
1178847,13957,13935,31066,6,6,3,3,0.5,0.0,0.756,5,6,9,0.667
1278028,7930,7977,27710,10,9,4,5,0.5556,0.1111,0.753,9,6,9,0.667
1307509,7930,7977,27710,10,9,4,5,0.5556,0.1111,0.753,9,6,9,0.667
1278025,7930,7977,27710,10,9,4,5,0.5556,0.1111,0.753,9,6,9,0.667
1015384,27397,19469,4955,10,10,4,4,0.4,0.0,0.753,9,6,9,0.667
1189532,27397,19469,4955,10,10,4,4,0.4,0.0,0.753,9,6,9,0.667
1186958,27397,19469,4955,10,10,4,4,0.4,0.0,0.753,9,6,9,0.667
1184946,27397,19469,4955,10,10,4,4,0.4,0.0,0.753,9,6,9,0.667
1108316,216329,216958,16584,14,14,6,8,0.5714,0.1429,0.752,13,6,9,0.667
1033099,6912,6867,3717,14,14,7,7,0.5,0.0,0.752,13,6,9,0.667
1033144,6912,6867,3717,14,14,7,7,0.5,0.0,0.752,13,6,9,0.667
1033095,6912,6867,3717,14,14,7,7,0.5,0.0,0.752,13,6,9,0.667
1033097,6912,6867,3717,14,14,7,7,0.5,0.0,0.752,13,6,9,0.667
1033098,6912,6867,3717,14,14,7,7,0.5,0.0,0.752,13,6,9,0.667
1268532,8837,8727,45753,13,13,3,6,0.4615,0.2308,0.75,12,6,9,0.667
1268533,8837,8727,45753,13,13,3,6,0.4615,0.2308,0.75,12,6,9,0.667
1268534,8837,8727,45753,13,13,3,6,0.4615,0.2308,0.75,12,6,9,0.667
1280977,18426,18423,5105,9,9,2,4,0.4444,0.2222,0.75,8,6,9,0.667
1280979,18426,18423,5105,9,9,2,4,0.4444,0.2222,0.75,8,6,9,0.667
1074108,21919,21914,1824,5,5,2,3,0.6,0.2,0.75,4,6,9,0.667
1048639,21919,21914,1824,5,5,2,3,0.6,0.2,0.75,4,6,9,0.667
1127143,20014,25191,26235,5,5,2,3,0.6,0.2,0.75,4,6,9,0.667
1121436,20014,25191,26235,5,5,2,3,0.6,0.2,0.75,4,6,9,0.667
1269166,22976,22991,43532,5,5,2,3,0.6,0.2,0.75,4,6,9,0.667
1270498,22976,22991,43532,5,5,2,3,0.6,0.2,0.75,4,6,9,0.667
1298960,7546,7621,48544,5,5,2,3,0.6,0.2,0.75,4,6,9,0.667
1201869,8801,8724,40797,9,9,3,4,0.4444,0.1111,0.75,8,6,9,0.667
1309115,8801,8724,40797,9,9,3,4,0.4444,0.1111,0.75,8,6,9,0.667
1307278,8801,8724,40797,9,9,3,4,0.4444,0.1111,0.75,8,6,9,0.667
1304708,370388,84132,45358,5,5,2,2,0.4,0.0,0.75,4,6,9,0.667
1307817,370388,84132,45358,5,5,2,2,0.4,0.0,0.75,4,6,9,0.667
1097636,339837,339836,14404,12,12,4,8,0.6667,0.3333,0.747,11,6,9,0.667
1084655,339837,339836,14404,12,12,4,8,0.6667,0.3333,0.747,11,6,9,0.667
1070562,339837,339836,14404,12,12,4,8,0.6667,0.3333,0.747,11,6,9,0.667
1071164,339837,339836,14404,12,12,4,8,0.6667,0.3333,0.747,11,6,9,0.667
1084751,343989,319362,11145,23,23,8,13,0.5652,0.2174,0.747,22,6,9,0.667
1056331,343989,319362,11145,23,23,8,13,0.5652,0.2174,0.747,22,6,9,0.667
1056332,343989,319362,11145,23,23,8,13,0.5652,0.2174,0.747,22,6,9,0.667
1056333,343989,319362,11145,23,23,8,13,0.5652,0.2174,0.747,22,6,9,0.667
1056342,343989,319362,11145,23,23,8,13,0.5652,0.2174,0.747,22,6,9,0.667
1056343,343989,319362,11145,23,23,8,13,0.5652,0.2174,0.747,22,6,9,0.667
1056344,343989,319362,11145,23,23,8,13,0.5652,0.2174,0.747,22,6,9,0.667
1092262,19335,19358,20926,12,12,5,6,0.5,0.0833,0.747,11,6,9,0.667
1167172,56926,56924,35070,12,12,5,5,0.4167,0.0,0.747,11,6,9,0.667
1167174,56926,56924,35070,12,12,5,5,0.4167,0.0,0.747,11,6,9,0.667
1186195,56926,56924,35070,12,12,5,5,0.4167,0.0,0.747,11,6,9,0.667
1153092,119339,390779,7760,8,8,3,4,0.5,0.125,0.746,7,6,9,0.667
1152878,119339,390779,7760,8,8,3,4,0.5,0.125,0.746,7,6,9,0.667
1019453,9469,9498,5199,15,15,7,8,0.5333,0.0667,0.746,14,6,9,0.667
1020438,9469,9498,5199,15,15,7,8,0.5333,0.0667,0.746,14,6,9,0.667
1229439,9469,9498,5199,15,15,7,8,0.5333,0.0667,0.746,14,6,9,0.667
1198090,9469,9498,5199,15,15,7,8,0.5333,0.0667,0.746,14,6,9,0.667
1063520,9469,9498,5199,15,15,7,8,0.5333,0.0667,0.746,14,6,9,0.667
1056087,155836,155838,5273,10,10,3,7,0.7,0.4,0.741,9,6,9,0.667
1029041,155836,155838,5273,10,10,3,7,0.7,0.4,0.741,9,6,9,0.667
1029045,155836,155838,5273,10,10,3,7,0.7,0.4,0.741,9,6,9,0.667
1113796,4839,4865,25265,10,10,3,5,0.5,0.2,0.741,9,6,9,0.667
1113799,4839,4865,25265,10,10,3,5,0.5,0.2,0.741,9,6,9,0.667
1113813,4839,4865,25265,10,10,3,5,0.5,0.2,0.741,9,6,9,0.667
1304909,233,196,4104,28,28,3,5,0.1786,0.0714,0.737,27,6,9,0.667
1300824,233,196,4104,28,28,3,5,0.1786,0.0714,0.737,27,6,9,0.667
1006314,148185,148186,1871,9,9,2,5,0.5556,0.3333,0.736,8,6,9,0.667
1180876,4226,4204,27618,22,22,1,2,0.0909,0.0455,0.735,21,6,9,0.667
1298447,4899,4900,48051,6,6,1,4,0.6667,0.5,0.733,5,6,9,0.667
1135076,8478,8509,30169,6,6,2,4,0.6667,0.3333,0.733,5,6,9,0.667
1136841,8478,8509,30169,6,6,2,4,0.6667,0.3333,0.733,5,6,9,0.667
1179959,20951,20947,30846,6,6,2,4,0.6667,0.3333,0.733,5,6,9,0.667
1137616,20951,20947,30846,6,6,2,4,0.6667,0.3333,0.733,5,6,9,0.667
1306797,6907,22511,42102,11,11,4,7,0.6364,0.2727,0.733,10,6,9,0.667
1307073,6907,22511,42102,11,11,4,7,0.6364,0.2727,0.733,10,6,9,0.667
1287615,314,19808,45278,11,11,4,7,0.6364,0.2727,0.733,10,6,9,0.667
1174412,19970,24724,36196,6,6,2,3,0.5,0.1667,0.733,5,6,9,0.667
1174413,19970,24724,36196,6,6,2,3,0.5,0.1667,0.733,5,6,9,0.667
1126172,13961,14003,27440,11,11,5,6,0.5455,0.0909,0.733,10,6,9,0.667
1180382,13961,14003,27440,11,11,5,6,0.5455,0.0909,0.733,10,6,9,0.667
1304912,233,196,4104,28,28,3,5,0.1786,0.0714,0.733,27,6,9,0.667
1309531,7404,7410,46510,16,16,4,5,0.3125,0.0625,0.733,15,6,9,0.667
1057200,370396,370395,12828,6,6,2,2,0.3333,0.0,0.733,5,6,9,0.667
1064989,370396,370395,12828,6,6,2,2,0.3333,0.0,0.733,5,6,9,0.667
1228720,23509,23522,5328,13,13,5,8,0.6154,0.2308,0.731,12,6,9,0.667
1184866,18972,18870,38079,13,13,6,7,0.5385,0.0769,0.731,12,6,9,0.667
1184869,18972,18870,38079,13,13,6,7,0.5385,0.0769,0.731,12,6,9,0.667
1153091,119339,390779,7760,8,8,3,4,0.5,0.125,0.73,7,6,9,0.667
1307543,7930,7977,27710,10,9,4,5,0.5556,0.1111,0.728,9,6,9,0.667
1287189,18277,18303,15529,10,10,3,4,0.4,0.1,0.728,9,6,9,0.667
1167175,56926,56924,35070,12,12,5,5,0.4167,0.0,0.727,11,6,9,0.667
1185686,38410,38405,16575,18,18,2,4,0.2222,0.1111,0.725,17,6,9,0.667
1185687,38410,38405,16575,18,18,2,4,0.2222,0.1111,0.725,17,6,9,0.667
1219343,38408,38405,16575,18,18,4,4,0.2222,0.0,0.725,17,6,9,0.667
1219342,38408,38405,16575,18,18,4,4,0.2222,0.0,0.725,17,6,9,0.667
1185683,38408,38405,16575,18,18,4,4,0.2222,0.0,0.725,17,6,9,0.667
1219340,38408,38405,16575,18,18,4,4,0.2222,0.0,0.725,17,6,9,0.667
1059970,,20874,13728,9,8,0,8,1.0,1.0,0.722,8,6,9,0.667
1047114,344339,344340,11542,9,9,1,8,0.8889,0.7778,0.722,8,6,9,0.667
1198862,23673,23684,4716,7,7,2,5,0.7143,0.4286,0.722,6,6,9,0.667
1198864,23673,23684,4716,7,7,2,5,0.7143,0.4286,0.722,6,6,9,0.667
1018907,22813,7591,5049,7,7,2,5,0.7143,0.4286,0.722,6,6,9,0.667
1018909,22813,7591,5049,7,7,2,5,0.7143,0.4286,0.722,6,6,9,0.667
1022085,24270,10495,5887,7,7,2,5,0.7143,0.4286,0.722,6,6,9,0.667
1022119,24270,10495,5887,7,7,2,5,0.7143,0.4286,0.722,6,6,9,0.667
1125669,2083,20344,27275,7,7,2,5,0.7143,0.4286,0.722,6,6,9,0.667
1125639,2083,20344,27275,7,7,2,5,0.7143,0.4286,0.722,6,6,9,0.667
1155765,20954,2766,31852,13,13,4,9,0.6923,0.3846,0.722,12,6,9,0.667
1145375,20954,2766,31852,13,13,4,9,0.6923,0.3846,0.722,12,6,9,0.667
1159903,20954,2766,31852,13,13,4,9,0.6923,0.3846,0.722,12,6,9,0.667
1199125,12719,12700,40142,9,9,3,6,0.6667,0.3333,0.722,8,6,9,0.667
1216390,12719,12700,40142,9,9,3,6,0.6667,0.3333,0.722,8,6,9,0.667
1219016,12719,12700,40142,9,9,3,6,0.6667,0.3333,0.722,8,6,9,0.667
1175375,12447,25056,36396,13,13,2,5,0.3846,0.2308,0.722,12,6,9,0.667
1289612,1580,1520,49146,5,5,1,2,0.4,0.2,0.722,4,6,9,0.667
1222788,504,521,42492,11,11,3,5,0.4545,0.1818,0.722,10,6,9,0.667
1222789,504,521,42492,11,11,3,5,0.4545,0.1818,0.722,10,6,9,0.667
1305495,8068,8081,51036,7,7,2,3,0.4286,0.1429,0.722,6,6,9,0.667
1305482,8068,8081,51036,7,7,2,3,0.4286,0.1429,0.722,6,6,9,0.667
1298707,150075,18264,13604,9,9,3,4,0.4444,0.1111,0.722,8,6,9,0.667
1298709,150075,18264,13604,9,9,3,4,0.4444,0.1111,0.722,8,6,9,0.667
1176449,13961,14003,27440,11,11,5,6,0.5455,0.0909,0.722,10,6,9,0.667
1175373,25031,25056,36396,13,13,4,5,0.3846,0.0769,0.722,12,6,9,0.667
1175309,25031,25056,36396,13,13,4,5,0.3846,0.0769,0.722,12,6,9,0.667
1175311,25031,25056,36396,13,13,4,5,0.3846,0.0769,0.722,12,6,9,0.667
1184867,18972,18870,38079,13,13,6,7,0.5385,0.0769,0.722,12,6,9,0.667
1196615,24024,10216,35919,14,14,5,5,0.3571,0.0,0.718,13,6,9,0.667
1196616,24024,10216,35919,14,14,5,5,0.3571,0.0,0.718,13,6,9,0.667
1196617,24024,10216,35919,14,14,5,5,0.3571,0.0,0.718,13,6,9,0.667
1070714,18749,18728,15531,21,21,1,7,0.3333,0.2857,0.717,20,6,9,0.667
1096052,378636,378638,4074,12,12,2,4,0.3333,0.1667,0.717,11,6,9,0.667
1131450,378636,378638,4074,12,12,2,4,0.3333,0.1667,0.717,11,6,9,0.667
1283189,7304,7353,46973,21,21,3,5,0.2381,0.0952,0.717,20,6,9,0.667
1283190,7304,7353,46973,21,21,3,5,0.2381,0.0952,0.717,20,6,9,0.667
1300210,22710,7353,46973,21,21,3,5,0.2381,0.0952,0.717,20,6,9,0.667
1300213,22710,7353,46973,21,21,3,5,0.2381,0.0952,0.717,20,6,9,0.667
1300217,7304,7353,46973,21,21,3,5,0.2381,0.0952,0.717,20,6,9,0.667
1300244,22710,7353,46973,21,21,3,5,0.2381,0.0952,0.717,20,6,9,0.667
1079972,18790,18728,15531,21,21,7,7,0.3333,0.0,0.717,20,6,9,0.667
1079081,18790,18728,15531,21,21,7,7,0.3333,0.0,0.717,20,6,9,0.667
1135239,18790,18728,15531,21,21,7,7,0.3333,0.0,0.717,20,6,9,0.667
1076290,18790,18728,15531,21,21,7,7,0.3333,0.0,0.717,20,6,9,0.667
1076291,18790,18728,15531,21,21,7,7,0.3333,0.0,0.717,20,6,9,0.667
1070931,18790,18728,15531,21,21,7,7,0.3333,0.0,0.717,20,6,9,0.667
1079059,18790,18728,15531,21,21,7,7,0.3333,0.0,0.717,20,6,9,0.667
1164598,21747,21743,34557,8,8,2,6,0.75,0.5,0.714,7,6,9,0.667
1203242,21747,21743,34557,8,8,2,6,0.75,0.5,0.714,7,6,9,0.667
1136187,25351,439438,18380,8,8,1,3,0.375,0.25,0.714,7,6,9,0.667
1136221,13258,439438,18380,8,8,1,3,0.375,0.25,0.714,7,6,9,0.667
1002137,209600,209599,741,8,7,3,4,0.5714,0.1429,0.714,7,6,9,0.667
1007373,209600,209599,741,8,7,3,4,0.5714,0.1429,0.714,7,6,9,0.667
1014453,378349,294715,4569,13,13,4,5,0.3846,0.0769,0.713,12,6,9,0.667
1053409,378349,294715,4569,13,13,4,5,0.3846,0.0769,0.713,12,6,9,0.667
1053411,378349,294715,4569,13,13,4,5,0.3846,0.0769,0.713,12,6,9,0.667
1053390,378349,294715,4569,13,13,4,5,0.3846,0.0769,0.713,12,6,9,0.667
1232076,6907,22511,42102,11,11,4,7,0.6364,0.2727,0.711,10,6,9,0.667
1228732,504,521,42492,11,11,3,5,0.4545,0.1818,0.711,10,6,9,0.667
1092057,18213,18205,17811,6,6,2,3,0.5,0.1667,0.711,5,6,9,0.667
1093167,18213,18205,17811,6,6,2,3,0.5,0.1667,0.711,5,6,9,0.667
1287063,22691,7353,46973,21,21,2,5,0.2381,0.1429,0.711,20,6,9,0.667
1283250,22691,7353,46973,21,21,2,5,0.2381,0.1429,0.711,20,6,9,0.667
1227718,9755,9703,28300,16,16,3,5,0.3125,0.125,0.711,15,6,9,0.667
1228810,9755,9703,28300,16,16,3,5,0.3125,0.125,0.711,15,6,9,0.667
1128489,9755,9703,28300,16,16,3,5,0.3125,0.125,0.711,15,6,9,0.667
1187294,16241,3945,5511,24,24,1,7,0.2917,0.25,0.71,23,6,9,0.667
1187296,16202,3945,5511,24,24,2,7,0.2917,0.2083,0.71,23,6,9,0.667
1187570,16201,3945,5511,24,24,2,7,0.2917,0.2083,0.71,23,6,9,0.667
1187571,16201,3945,5511,24,24,2,7,0.2917,0.2083,0.71,23,6,9,0.667
1273511,9891,9920,30016,14,14,5,9,0.6429,0.2857,0.709,13,6,9,0.667
1273512,9891,9920,30016,14,14,5,9,0.6429,0.2857,0.709,13,6,9,0.667
1273513,9891,9920,30016,14,14,5,9,0.6429,0.2857,0.709,13,6,9,0.667
1195820,24024,10216,35919,14,14,5,5,0.3571,0.0,0.709,13,6,9,0.667
1195821,24024,10216,35919,14,14,5,5,0.3571,0.0,0.709,13,6,9,0.667
1059659,150076,18264,13604,9,9,1,4,0.4444,0.3333,0.708,8,6,9,0.667
1306641,18228,18264,13604,9,9,1,4,0.4444,0.3333,0.708,8,6,9,0.667
1281523,18407,18423,5105,9,9,2,4,0.4444,0.2222,0.708,8,6,9,0.667
1137880,18407,18423,5105,9,9,2,4,0.4444,0.2222,0.708,8,6,9,0.667
1309114,54378,8724,40797,9,9,2,4,0.4444,0.2222,0.708,8,6,9,0.667
1309117,54378,8724,40797,9,9,2,4,0.4444,0.2222,0.708,8,6,9,0.667
1286415,22773,7382,48960,9,9,4,5,0.5556,0.1111,0.708,8,6,9,0.667
1287028,22773,7382,48960,9,9,4,5,0.5556,0.1111,0.708,8,6,9,0.667
1287030,22773,7382,48960,9,9,4,5,0.5556,0.1111,0.708,8,6,9,0.667
1289351,378637,378638,4074,12,12,3,4,0.3333,0.0833,0.707,11,6,9,0.667
1014335,378637,378638,4074,12,12,3,4,0.3333,0.0833,0.707,11,6,9,0.667
1089688,14308,14296,19723,7,7,1,4,0.5714,0.4286,0.704,6,6,9,0.667
1089689,14410,14296,19723,7,7,1,4,0.5714,0.4286,0.704,6,6,9,0.667
1250791,210882,123190,22093,7,7,2,5,0.7143,0.4286,0.704,6,6,9,0.667
1216068,210882,123190,22093,7,7,2,5,0.7143,0.4286,0.704,6,6,9,0.667
1113814,4876,4865,25265,10,10,2,5,0.5,0.3,0.704,9,6,9,0.667
1113815,4876,4865,25265,10,10,2,5,0.5,0.3,0.704,9,6,9,0.667
1073639,7446,208,16837,4,4,1,2,0.5,0.25,0.704,3,6,9,0.667
1304034,22800,208,16837,4,4,1,2,0.5,0.25,0.704,3,6,9,0.667
1158537,343949,3600,32943,10,10,1,3,0.3,0.2,0.704,9,6,9,0.667
1184868,18972,18870,38079,13,13,6,7,0.5385,0.0769,0.704,12,6,9,0.667
1228522,570,555,27961,10,10,4,4,0.4,0.0,0.704,9,6,9,0.667
1228523,570,555,27961,10,10,4,4,0.4,0.0,0.704,9,6,9,0.667
1227916,570,555,27961,10,10,4,4,0.4,0.0,0.704,9,6,9,0.667
1197923,570,555,27961,10,10,4,4,0.4,0.0,0.704,9,6,9,0.667
1154283,2359,2408,20840,14,14,4,5,0.3571,0.0714,0.701,13,6,9,0.667
1154284,2359,2408,20840,14,14,4,5,0.3571,0.0714,0.701,13,6,9,0.667
1154285,2359,2408,20840,14,14,4,5,0.3571,0.0714,0.701,13,6,9,0.667
1154234,2359,2408,20840,14,14,4,5,0.3571,0.0714,0.701,13,6,9,0.667
1073470,7657,7600,9292,11,11,2,9,0.8182,0.6364,0.7,10,6,9,0.667
1119974,7657,7600,9292,11,11,2,9,0.8182,0.6364,0.7,10,6,9,0.667
1304798,85732,22670,30452,12,12,2,4,0.3333,0.1667,0.697,11,6,9,0.667
1304799,85732,22670,30452,12,12,2,4,0.3333,0.1667,0.697,11,6,9,0.667
1210317,24570,24506,39351,12,12,3,5,0.4167,0.1667,0.697,11,6,9,0.667
1210209,24570,24506,39351,12,12,3,5,0.4167,0.1667,0.697,11,6,9,0.667
1221960,12274,12345,43161,5,5,1,4,0.8,0.6,0.694,4,6,9,0.667
1188264,18684,18686,35120,9,9,2,5,0.5556,0.3333,0.694,8,6,9,0.667
1279337,150075,18264,13604,9,9,3,4,0.4444,0.1111,0.694,8,6,9,0.667
1195484,284482,284480,39145,9,9,3,4,0.4444,0.1111,0.694,8,6,9,0.667
1195486,284482,284480,39145,9,9,3,4,0.4444,0.1111,0.694,8,6,9,0.667
1195487,284482,284480,39145,9,9,3,4,0.4444,0.1111,0.694,8,6,9,0.667
1167140,27214,18877,20767,22,22,5,5,0.2273,0.0,0.693,21,6,9,0.667
1091797,27214,18877,20767,22,22,5,5,0.2273,0.0,0.693,21,6,9,0.667
1185069,27214,18877,20767,22,22,5,5,0.2273,0.0,0.693,21,6,9,0.667
1273046,9868,9970,45206,10,10,1,5,0.5,0.4,0.691,9,6,9,0.667
1102895,26569,26565,23266,10,10,5,5,0.5,0.0,0.691,9,6,9,0.667
1102896,26569,26565,23266,10,10,5,5,0.5,0.0,0.691,9,6,9,0.667
1102852,26569,26565,23266,10,10,5,5,0.5,0.0,0.691,9,6,9,0.667
1271883,8122,8090,46433,10,10,5,5,0.5,0.0,0.691,9,6,9,0.667
1271885,8122,8090,46433,10,10,5,5,0.5,0.0,0.691,9,6,9,0.667
1275631,8122,8090,46433,10,10,5,5,0.5,0.0,0.691,9,6,9,0.667
1271943,8122,8090,46433,10,10,5,5,0.5,0.0,0.691,9,6,9,0.667
1289013,25119,25122,45265,20,20,6,14,0.7,0.4,0.69,19,6,9,0.667
1268012,25119,25122,45265,20,20,6,14,0.7,0.4,0.69,19,6,9,0.667
1000795,,383756,171,6,5,0,5,1.0,1.0,0.689,5,6,9,0.667
1307071,6907,22511,42102,11,11,4,7,0.6364,0.2727,0.689,10,6,9,0.667
1196079,76764,76763,29398,11,10,2,4,0.4,0.2,0.689,10,6,9,0.667
1137064,76764,76763,29398,11,10,2,4,0.4,0.2,0.689,10,6,9,0.667
1002371,305,299,490,6,6,1,2,0.3333,0.1667,0.689,5,6,9,0.667
1001824,309,299,490,6,6,1,2,0.3333,0.1667,0.689,5,6,9,0.667
1175202,11934,24694,36376,16,16,2,4,0.25,0.125,0.689,15,6,9,0.667
1175203,11934,24694,36376,16,16,2,4,0.25,0.125,0.689,15,6,9,0.667
1283191,22709,7353,46973,21,21,3,5,0.2381,0.0952,0.689,20,6,9,0.667
1283192,22709,7353,46973,21,21,3,5,0.2381,0.0952,0.689,20,6,9,0.667
1283251,22709,7353,46973,21,21,3,5,0.2381,0.0952,0.689,20,6,9,0.667
1065349,5671,21974,14364,11,11,5,6,0.5455,0.0909,0.689,10,6,9,0.667
1167142,27214,18877,20767,22,22,5,5,0.2273,0.0,0.688,21,6,9,0.667
1167143,27214,18877,20767,22,22,5,5,0.2273,0.0,0.688,21,6,9,0.667
1301429,100,196,4104,28,28,2,5,0.1786,0.1071,0.687,27,6,9,0.667
1304374,100,196,4104,28,28,2,5,0.1786,0.1071,0.687,27,6,9,0.667
1185026,18778,18719,20766,7,7,3,4,0.5714,0.1429,0.685,6,6,9,0.667
1184581,18778,18719,20766,7,7,3,4,0.5714,0.1429,0.685,6,6,9,0.667
1288067,25070,25088,45231,14,14,5,9,0.6429,0.2857,0.684,13,6,9,0.667
1272085,9237,9284,30087,8,8,1,6,0.75,0.625,0.683,7,6,9,0.667
1285872,19847,9284,30087,8,8,1,6,0.75,0.625,0.683,7,6,9,0.667
1091798,18785,18877,20767,22,22,3,5,0.2273,0.0909,0.683,21,6,9,0.667
1187573,16222,3945,5511,24,24,1,7,0.2917,0.25,0.681,23,6,9,0.667
1187607,16202,3945,5511,24,24,2,7,0.2917,0.2083,0.681,23,6,9,0.667
1091799,18802,18877,20767,22,22,4,5,0.2273,0.0455,0.677,21,6,9,0.667
1185241,18802,18877,20767,22,22,4,5,0.2273,0.0455,0.677,21,6,9,0.667
1188790,16091,16075,16591,23,23,5,6,0.2609,0.0435,0.677,22,6,9,0.667
1188792,16091,16075,16591,23,23,5,6,0.2609,0.0435,0.677,22,6,9,0.667
1073199,16091,16075,16591,23,23,5,6,0.2609,0.0435,0.677,22,6,9,0.667
1223682,16091,16075,16591,23,23,5,6,0.2609,0.0435,0.677,22,6,9,0.667
1188744,16091,16075,16591,23,23,5,6,0.2609,0.0435,0.677,22,6,9,0.667
1100757,16433,16425,22821,12,12,6,6,0.5,0.0,0.677,11,6,9,0.667
1287733,9891,9920,30016,14,14,5,9,0.6429,0.2857,0.675,13,6,9,0.667
1309723,8317,8242,28028,16,16,4,5,0.3125,0.0625,0.674,15,6,9,0.667
1127787,8317,8242,28028,16,16,4,5,0.3125,0.0625,0.674,15,6,9,0.667
1309670,8317,8242,28028,16,16,4,5,0.3125,0.0625,0.674,15,6,9,0.667
1309671,8317,8242,28028,16,16,4,5,0.3125,0.0625,0.674,15,6,9,0.667
1185066,18705,18877,20767,22,22,1,5,0.2273,0.1818,0.672,21,6,9,0.667
1185067,18770,18877,20767,22,22,4,5,0.2273,0.0455,0.672,21,6,9,0.667
1185239,18802,18877,20767,22,22,4,5,0.2273,0.0455,0.672,21,6,9,0.667
1185250,18770,18877,20767,22,22,4,5,0.2273,0.0455,0.672,21,6,9,0.667
1137183,,3488,13330,11,10,0,10,1.0,1.0,0.667,10,6,9,0.667
1059721,,4744,13647,6,5,0,5,1.0,1.0,0.667,5,6,9,0.667
1150133,,21399,31935,6,5,0,5,1.0,1.0,0.667,5,6,9,0.667
1257430,,17057,22596,4,3,0,3,1.0,1.0,0.667,3,6,9,0.667
1253760,,14484,33757,3,2,0,2,1.0,1.0,0.667,2,6,9,0.667
1190431,,405755,22213,2,1,0,1,1.0,1.0,0.667,1,6,9,0.667
1257411,,11934,28915,2,1,0,1,1.0,1.0,0.667,1,6,9,0.667
1248301,,248004,29791,2,1,0,1,1.0,1.0,0.667,1,6,9,0.667
1257447,,1086,44574,2,1,0,1,1.0,1.0,0.667,1,6,9,0.667
1257413,,5051,44876,2,1,0,1,1.0,1.0,0.667,1,6,9,0.667
1257418,,27159,44878,2,1,0,1,1.0,1.0,0.667,1,6,9,0.667
1009393,375324,375325,2768,11,11,1,10,0.9091,0.8182,0.667,10,6,9,0.667
1034950,177601,177602,3740,11,11,1,10,0.9091,0.8182,0.667,10,6,9,0.667
1021591,6587,6600,5757,9,9,1,8,0.8889,0.7778,0.667,8,6,9,0.667
1068607,5877,5873,13100,9,9,1,8,0.8889,0.7778,0.667,8,6,9,0.667
1225238,23812,9816,30104,9,9,1,8,0.8889,0.7778,0.667,8,6,9,0.667
1206755,14373,25723,27545,8,8,1,7,0.875,0.75,0.667,7,6,9,0.667
1278064,2112,2085,47430,8,8,1,7,0.875,0.75,0.667,7,6,9,0.667
1005893,19701,19692,1173,7,7,1,6,0.8571,0.7143,0.667,6,6,9,0.667
1038263,7623,7584,7928,7,7,1,6,0.8571,0.7143,0.667,6,6,9,0.667
1039327,9538,9537,9979,7,7,1,6,0.8571,0.7143,0.667,6,6,9,0.667
1099631,17843,17861,21393,7,7,1,6,0.8571,0.7143,0.667,6,6,9,0.667
1266701,11389,11422,30088,7,7,1,6,0.8571,0.7143,0.667,6,6,9,0.667
1209105,11463,11455,35935,7,7,1,6,0.8571,0.7143,0.667,6,6,9,0.667
1217337,12622,25094,39671,7,7,1,6,0.8571,0.7143,0.667,6,6,9,0.667
1004245,13370,13341,1300,6,6,1,5,0.8333,0.6667,0.667,5,6,9,0.667
1081322,13820,13833,6249,6,6,1,5,0.8333,0.6667,0.667,5,6,9,0.667
1029495,7629,7628,7506,6,6,1,5,0.8333,0.6667,0.667,5,6,9,0.667
1142784,18173,18235,24474,6,6,1,5,0.8333,0.6667,0.667,5,6,9,0.667
1247641,312316,21783,28709,6,6,1,5,0.8333,0.6667,0.667,5,6,9,0.667
1228545,631,629,40802,6,6,1,5,0.8333,0.6667,0.667,5,6,9,0.667
1298844,8912,8831,48130,8,8,1,6,0.75,0.625,0.667,7,6,9,0.667
1003795,19679,19684,1219,5,5,1,4,0.8,0.6,0.667,4,6,9,0.667
1019747,23390,23419,5280,5,5,1,4,0.8,0.6,0.667,4,6,9,0.667
1040187,71325,71326,10185,5,5,1,4,0.8,0.6,0.667,4,6,9,0.667
1187403,4281,4301,37597,5,5,1,4,0.8,0.6,0.667,4,6,9,0.667
1267787,8531,8590,45623,5,5,1,4,0.8,0.6,0.667,4,6,9,0.667
1307746,7910,7861,50151,5,5,1,4,0.8,0.6,0.667,4,6,9,0.667
1203546,332162,3989,16799,9,9,1,6,0.6667,0.5556,0.667,8,6,9,0.667
1130669,375100,11796,1115,6,6,1,4,0.6667,0.5,0.667,5,6,9,0.667
1115078,13603,180797,11632,6,6,1,4,0.6667,0.5,0.667,5,6,9,0.667
1007811,645,658,2444,4,4,1,3,0.75,0.5,0.667,3,6,9,0.667
1195013,19961,913,5002,4,4,1,3,0.75,0.5,0.667,3,6,9,0.667
1076022,18843,18858,15888,4,4,1,3,0.75,0.5,0.667,3,6,9,0.667
1202165,18412,18415,20599,4,4,1,3,0.75,0.5,0.667,3,6,9,0.667
1196247,11282,11319,30921,4,4,1,3,0.75,0.5,0.667,3,6,9,0.667
1281103,15043,15049,47104,4,4,1,3,0.75,0.5,0.667,3,6,9,0.667
1111028,5130,5127,22526,22,22,6,16,0.7273,0.4545,0.667,21,6,9,0.667
1282841,2104,3512,16531,9,9,1,5,0.5556,0.4444,0.667,8,6,9,0.667
1018746,8001,7999,5024,7,7,2,5,0.7143,0.4286,0.667,6,6,9,0.667
1066951,156486,156485,15043,7,7,2,5,0.7143,0.4286,0.667,6,6,9,0.667
1209442,11158,11183,41816,7,7,2,5,0.7143,0.4286,0.667,6,6,9,0.667
1109826,14268,14241,23676,10,10,3,7,0.7,0.4,0.667,9,6,9,0.667
1133544,248010,248316,29094,5,5,1,3,0.6,0.4,0.667,4,6,9,0.667
1145361,20954,2766,31852,13,13,4,9,0.6923,0.3846,0.667,12,6,9,0.667
1281522,18386,18423,5105,9,9,1,4,0.4444,0.3333,0.667,8,6,9,0.667
1003813,19687,19691,174,6,6,2,4,0.6667,0.3333,0.667,5,6,9,0.667
1185652,19369,19363,20723,6,6,1,3,0.5,0.3333,0.667,5,6,9,0.667
1093656,16516,16522,21344,6,6,2,4,0.6667,0.3333,0.667,5,6,9,0.667
1222894,10855,24446,27936,6,6,2,4,0.6667,0.3333,0.667,5,6,9,0.667
1155694,1942,2058,32355,6,6,2,4,0.6667,0.3333,0.667,5,6,9,0.667
1155697,1942,2058,32355,6,6,2,4,0.6667,0.3333,0.667,5,6,9,0.667
1196843,10729,10711,39470,6,6,2,4,0.6667,0.3333,0.667,5,6,9,0.667
1001404,438,430,452,3,3,1,2,0.6667,0.3333,0.667,2,6,9,0.667
1014559,6635,6679,4632,3,3,1,2,0.6667,0.3333,0.667,2,6,9,0.667
1095175,5014,154236,4969,3,3,1,2,0.6667,0.3333,0.667,2,6,9,0.667
1046856,6565,6523,7119,3,3,1,2,0.6667,0.3333,0.667,2,6,9,0.667
1098913,6307,6294,22420,3,3,1,2,0.6667,0.3333,0.667,2,6,9,0.667
1137755,535999,536000,23219,3,3,1,2,0.6667,0.3333,0.667,2,6,9,0.667
1116156,14988,54046,25724,3,3,1,2,0.6667,0.3333,0.667,2,6,9,0.667
1120627,18694,27189,26121,3,3,1,2,0.6667,0.3333,0.667,2,6,9,0.667
1126073,105580,20564,27398,3,3,1,2,0.6667,0.3333,0.667,2,6,9,0.667
1167368,18499,18538,35063,3,3,1,2,0.6667,0.3333,0.667,2,6,9,0.667
1169196,2668,2678,35534,3,3,1,2,0.6667,0.3333,0.667,2,6,9,0.667
1299918,46367,27142,47780,3,3,1,2,0.6667,0.3333,0.667,2,6,9,0.667
1282349,136642,283540,48630,3,3,1,2,0.6667,0.3333,0.667,2,6,9,0.667
1308487,57,62,51521,3,3,1,2,0.6667,0.3333,0.667,2,6,9,0.667
1205680,2289,2282,24069,14,14,2,6,0.4286,0.2857,0.667,13,6,9,0.667
1091855,3506,15500,20773,7,7,1,3,0.4286,0.2857,0.667,6,6,9,0.667
1128457,482624,482621,2344,11,11,1,4,0.3636,0.2727,0.667,10,6,9,0.667
1281732,105914,19540,41041,19,19,1,6,0.3158,0.2632,0.667,18,6,9,0.667
1185518,56927,56924,35070,12,12,2,5,0.4167,0.25,0.667,11,6,9,0.667
1186194,56927,56924,35070,12,12,2,5,0.4167,0.25,0.667,11,6,9,0.667
1128501,9743,9749,28308,8,8,3,5,0.625,0.25,0.667,7,6,9,0.667
1143048,42204,42203,29299,8,8,3,5,0.625,0.25,0.667,7,6,9,0.667
1182958,7744,7850,28912,17,17,1,5,0.2941,0.2353,0.667,16,6,9,0.667
1266293,8379,8360,28856,13,13,1,4,0.3077,0.2308,0.667,12,6,9,0.667
1205640,2360,2282,24069,14,14,3,6,0.4286,0.2143,0.667,13,6,9,0.667
1205641,2360,2282,24069,14,14,3,6,0.4286,0.2143,0.667,13,6,9,0.667
1281731,97563,19540,41041,19,19,2,6,0.3158,0.2105,0.667,18,6,9,0.667
1164652,21392,3600,32943,10,10,1,3,0.3,0.2,0.667,9,6,9,0.667
1222456,12352,359734,26251,5,5,1,2,0.4,0.2,0.667,4,6,9,0.667
1266772,2271,84132,45358,5,5,1,2,0.4,0.2,0.667,4,6,9,0.667
1002098,209600,209599,741,8,7,3,4,0.5714,0.1429,0.667,7,6,9,0.667
1004495,8540,23201,1460,7,7,3,4,0.5714,0.1429,0.667,6,6,9,0.667
1299280,4769,4768,9426,8,7,3,4,0.5714,0.1429,0.667,7,6,9,0.667
1184580,18778,18719,20766,7,7,3,4,0.5714,0.1429,0.667,6,6,9,0.667
1300905,22410,22444,50225,7,7,2,3,0.4286,0.1429,0.667,6,6,9,0.667
1272101,23635,9272,45645,9,9,4,5,0.5556,0.1111,0.667,8,6,9,0.667
1180649,4326,4268,27616,10,10,1,2,0.2,0.1,0.667,9,6,9,0.667
1014697,378637,378638,4074,12,12,3,4,0.3333,0.0833,0.667,11,6,9,0.667
1034632,278398,274876,3127,17,17,8,9,0.5294,0.0588,0.667,16,6,9,0.667
1178562,25634,2309,30706,15,15,5,5,0.3333,0.0,0.667,14,6,9,0.667
1270500,23090,8360,28856,13,13,4,4,0.3077,0.0,0.667,12,6,9,0.667
1226463,23090,8360,28856,13,13,4,4,0.3077,0.0,0.667,12,6,9,0.667
1226465,23090,8360,28856,13,13,4,4,0.3077,0.0,0.667,12,6,9,0.667
1270452,23090,8360,28856,13,13,4,4,0.3077,0.0,0.667,12,6,9,0.667
1181374,56926,56924,35070,12,12,5,5,0.4167,0.0,0.667,11,6,9,0.667
1073245,14103,14087,16333,10,10,5,5,0.5,0.0,0.667,9,6,9,0.667
1164830,343948,3600,32943,10,10,3,3,0.3,0.0,0.667,9,6,9,0.667
1164831,343948,3600,32943,10,10,3,3,0.3,0.0,0.667,9,6,9,0.667
1166039,343948,3600,32943,10,10,3,3,0.3,0.0,0.667,9,6,9,0.667
1182963,329279,11300,3597,7,7,2,2,0.2857,0.0,0.667,6,6,9,0.667
1113929,26850,17737,24147,6,6,3,3,0.5,0.0,0.667,5,6,9,0.667
1110506,17033,17018,24496,6,6,3,3,0.5,0.0,0.667,5,6,9,0.667
1309448,7972,7938,25180,6,6,3,3,0.5,0.0,0.667,5,6,9,0.667
1307619,8069,8042,51395,6,6,3,3,0.5,0.0,0.667,5,6,9,0.667
1175918,25528,13759,36580,4,4,2,2,0.5,0.0,0.667,3,6,9,0.667
1298430,60,48,49765,4,4,2,2,0.5,0.0,0.667,3,6,9,0.667
1001074,374,360,304,3,3,1,1,0.3333,0.0,0.667,2,6,9,0.667
1002278,368,360,304,3,3,1,1,0.3333,0.0,0.667,2,6,9,0.667
1152978,26201,15861,31696,3,3,1,1,0.3333,0.0,0.667,2,6,9,0.667
1025355,24858,11987,6654,2,2,1,1,0.5,0.0,0.667,1,6,9,0.667
1028533,74204,10730,7095,2,2,1,1,0.5,0.0,0.667,1,6,9,0.667
1068460,22012,22010,15381,2,2,1,1,0.5,0.0,0.667,1,6,9,0.667
1155746,391163,5002,24587,2,2,1,1,0.5,0.0,0.667,1,6,9,0.667
1131992,210562,9486,28975,2,2,1,1,0.5,0.0,0.667,1,6,9,0.667
1132706,375836,444,29307,2,2,1,1,0.5,0.0,0.667,1,6,9,0.667
1132946,9540,9519,29409,2,2,1,1,0.5,0.0,0.667,1,6,9,0.667
1133202,257605,252478,29540,2,2,1,1,0.5,0.0,0.667,1,6,9,0.667
1145720,15145,15104,31941,2,2,1,1,0.5,0.0,0.667,1,6,9,0.667
1177434,21149,21133,37006,2,2,1,1,0.5,0.0,0.667,1,6,9,0.667
1177820,3475,3462,37102,2,2,1,1,0.5,0.0,0.667,1,6,9,0.667
1178926,1719,1678,37181,2,2,1,1,0.5,0.0,0.667,1,6,9,0.667
1247847,377227,377212,37849,2,2,1,1,0.5,0.0,0.667,1,6,9,0.667
1195600,269121,269120,39184,2,2,1,1,0.5,0.0,0.667,1,6,9,0.667
1285837,316157,19813,45274,2,2,1,1,0.5,0.0,0.667,1,6,9,0.667
1281063,63015,17756,48292,2,2,1,1,0.5,0.0,0.667,1,6,9,0.667
1305436,21871,5460,51029,2,2,1,1,0.5,0.0,0.667,1,6,9,0.667
1217076,280965,280966,10469,34,34,11,23,0.6765,0.3529,0.663,33,6,9,0.667
1218140,280965,280966,10469,34,34,11,23,0.6765,0.3529,0.663,33,6,9,0.667
1218142,280965,280966,10469,34,34,11,23,0.6765,0.3529,0.663,33,6,9,0.667
1217168,280965,280966,10469,34,34,11,23,0.6765,0.3529,0.663,33,6,9,0.667
1167141,18785,18877,20767,22,22,3,5,0.2273,0.0909,0.661,21,6,9,0.667
1185432,18785,18877,20767,22,22,3,5,0.2273,0.0909,0.661,21,6,9,0.667
1185068,18770,18877,20767,22,22,4,5,0.2273,0.0455,0.661,21,6,9,0.667
1185253,18770,18877,20767,22,22,4,5,0.2273,0.0455,0.661,21,6,9,0.667
1309528,7404,7410,46510,16,16,4,5,0.3125,0.0625,0.659,15,6,9,0.667
1228389,9694,500,34768,27,27,3,8,0.2963,0.1852,0.658,26,6,9,0.667
1297762,26860,17750,6750,11,11,1,4,0.3636,0.2727,0.656,10,6,9,0.667
1298693,4905,17750,6750,11,11,2,4,0.3636,0.1818,0.656,10,6,9,0.667
1279385,4905,17750,6750,11,11,2,4,0.3636,0.1818,0.656,10,6,9,0.667
1281728,97563,19540,41041,19,19,2,6,0.3158,0.2105,0.654,18,6,9,0.667
1046905,9628,9595,9982,10,10,4,6,0.6,0.2,0.654,9,6,9,0.667
1102897,26569,26565,23266,10,10,5,5,0.5,0.0,0.654,9,6,9,0.667
1208225,927,914,39504,9,9,4,5,0.5556,0.1111,0.653,8,6,9,0.667
1208266,927,914,39504,9,9,4,5,0.5556,0.1111,0.653,8,6,9,0.667
1103142,26464,26470,22747,8,8,1,5,0.625,0.5,0.651,7,6,9,0.667
1116338,25829,14652,24335,8,8,3,5,0.625,0.25,0.651,7,6,9,0.667
1058251,,390901,2814,21,19,0,17,0.8947,0.8947,0.65,20,6,9,0.667
1287734,9891,9920,30016,14,14,5,9,0.6429,0.2857,0.65,13,6,9,0.667
1014251,370396,370397,3502,7,7,1,6,0.8571,0.7143,0.648,6,6,9,0.667
1028606,17769,26894,7374,7,7,1,6,0.8571,0.7143,0.648,6,6,9,0.667
1058997,5687,5689,13205,7,7,1,6,0.8571,0.7143,0.648,6,6,9,0.667
1207438,11733,24737,17052,7,7,1,6,0.8571,0.7143,0.648,6,6,9,0.667
1228453,8486,8469,44239,7,7,2,5,0.7143,0.4286,0.648,6,6,9,0.667
1196240,10793,24432,35890,6,6,2,4,0.6667,0.3333,0.644,5,6,9,0.667
1311450,8357,8242,28028,16,16,2,5,0.3125,0.1875,0.644,15,6,9,0.667
1311453,8357,8242,28028,16,16,2,5,0.3125,0.1875,0.644,15,6,9,0.667
1220706,18997,19048,42980,11,11,5,6,0.5455,0.0909,0.644,10,6,9,0.667
1220701,18997,19048,42980,11,11,5,6,0.5455,0.0909,0.644,10,6,9,0.667
1289354,7388,7366,30617,20,20,3,6,0.3,0.15,0.643,19,6,9,0.667
1276136,7388,7366,30617,20,20,3,6,0.3,0.15,0.643,19,6,9,0.667
1301428,101,196,4104,28,28,1,5,0.1786,0.1429,0.642,27,6,9,0.667
1026635,344336,344337,6023,9,9,2,7,0.7778,0.5556,0.639,8,6,9,0.667
1068952,5885,22067,12815,13,13,1,7,0.5385,0.4615,0.639,12,6,9,0.667
1266898,8304,8242,28028,16,16,1,5,0.3125,0.25,0.637,15,6,9,0.667
1114527,365212,345275,1846,12,12,1,10,0.8333,0.75,0.636,11,6,9,0.667
1217161,280965,280966,10469,34,34,11,23,0.6765,0.3529,0.636,33,6,9,0.667
1011891,184644,184645,3537,8,8,1,7,0.875,0.75,0.635,7,6,9,0.667
1071383,19292,19272,16142,8,8,1,7,0.875,0.75,0.635,7,6,9,0.667
1308254,156,122,23537,8,8,1,4,0.5,0.375,0.635,7,6,9,0.667
1309164,141,122,23537,8,8,1,4,0.5,0.375,0.635,7,6,9,0.667
1068472,22056,5837,13693,8,8,4,4,0.5,0.0,0.635,7,6,9,0.667
1123569,13440,13468,26766,35,35,11,24,0.6857,0.3714,0.634,34,6,9,0.667
1311683,22896,22900,29641,35,35,15,20,0.5714,0.1429,0.634,34,6,9,0.667
1305955,22896,22900,29641,35,35,15,20,0.5714,0.1429,0.634,34,6,9,0.667
1305928,22896,22900,29641,35,35,15,20,0.5714,0.1429,0.634,34,6,9,0.667
1154563,13964,2106,10567,21,21,3,4,0.1905,0.0476,0.633,20,6,9,0.667
1154564,13964,2106,10567,21,21,3,4,0.1905,0.0476,0.633,20,6,9,0.667
1154565,13964,2106,10567,21,21,3,4,0.1905,0.0476,0.633,20,6,9,0.667
1286825,7519,7643,22363,20,20,3,5,0.25,0.1,0.632,19,6,9,0.667
1023578,10401,10423,5884,23,23,4,7,0.3043,0.1304,0.631,22,6,9,0.667
1035711,10401,10423,5884,23,23,4,7,0.3043,0.1304,0.631,22,6,9,0.667
1035713,10401,10423,5884,23,23,4,7,0.3043,0.1304,0.631,22,6,9,0.667
1018945,22924,7782,5081,7,7,1,6,0.8571,0.7143,0.63,6,6,9,0.667
1042136,383482,383480,4734,7,7,2,5,0.7143,0.4286,0.63,6,6,9,0.667
1042146,383482,383480,4734,7,7,2,5,0.7143,0.4286,0.63,6,6,9,0.667
1131243,23101,8360,28856,13,13,1,4,0.3077,0.2308,0.63,12,6,9,0.667
1109069,16928,16971,23594,7,7,3,4,0.5714,0.1429,0.63,6,6,9,0.667
1232514,,530655,26049,13,9,0,4,0.4444,0.4444,0.627,12,6,9,0.667
1025979,477903,477905,6759,9,9,1,8,0.8889,0.7778,0.625,8,6,9,0.667
1287029,22773,7382,48960,9,9,4,5,0.5556,0.1111,0.625,8,6,9,0.667
1265544,12696,20008,36159,6,6,1,5,0.8333,0.6667,0.622,5,6,9,0.667
1273558,25119,25122,45592,11,11,4,7,0.6364,0.2727,0.622,10,6,9,0.667
1311670,22896,22900,29641,35,35,15,20,0.5714,0.1429,0.621,34,6,9,0.667
1020675,17096,17061,5522,18,18,4,5,0.2778,0.0556,0.621,17,6,9,0.667
1289552,188482,188480,4988,8,8,2,4,0.5,0.25,0.619,7,6,9,0.667
1123612,13440,13468,26766,35,35,11,24,0.6857,0.3714,0.618,34,6,9,0.667
1008085,,6229,2522,7,6,0,6,1.0,1.0,0.611,6,6,9,0.667
1233030,,477883,44518,7,5,0,5,1.0,1.0,0.611,6,6,9,0.667
1133642,,2256,27274,3,2,0,2,1.0,1.0,0.611,2,6,9,0.667
1106382,16644,16637,23371,7,7,1,6,0.8571,0.7143,0.611,6,6,9,0.667
1288276,370269,370270,28575,5,5,1,4,0.8,0.6,0.611,4,6,9,0.667
1000808,19816,346,144,7,7,1,5,0.7143,0.5714,0.611,6,6,9,0.667
1000810,334,346,144,7,7,1,5,0.7143,0.5714,0.611,6,6,9,0.667
1024063,155199,155197,6395,11,11,1,5,0.4545,0.3636,0.611,10,6,9,0.667
1006317,148185,148186,1871,9,9,2,5,0.5556,0.3333,0.611,8,6,9,0.667
1007316,18251,18241,2324,3,3,1,2,0.6667,0.3333,0.611,2,6,9,0.667
1308503,81,76,30421,15,15,2,4,0.2667,0.1333,0.611,14,6,9,0.667
1207275,13448,13419,41094,3,3,1,1,0.3333,0.0,0.611,2,6,9,0.667
1187401,365119,365120,34859,12,12,1,11,0.9167,0.8333,0.606,11,6,9,0.667
1026894,9331,9320,6900,13,13,4,9,0.6923,0.3846,0.602,12,6,9,0.667
1216206,26575,26568,42166,18,18,1,17,0.9444,0.8889,0.595,17,6,9,0.667
1046778,265622,265623,7255,13,13,2,11,0.8462,0.6923,0.593,12,6,9,0.667
1039152,265622,265623,7255,13,13,2,11,0.8462,0.6923,0.593,12,6,9,0.667
1226848,2485,2488,43952,4,4,1,3,0.75,0.5,0.593,3,6,9,0.667
1299330,18155,18152,49911,4,4,1,3,0.75,0.5,0.593,3,6,9,0.667
1302722,473207,449264,14721,10,10,1,4,0.4,0.3,0.593,9,6,9,0.667
1185195,19210,19284,21265,13,13,3,6,0.4615,0.2308,0.593,12,6,9,0.667
1185196,19210,19284,21265,13,13,3,6,0.4615,0.2308,0.593,12,6,9,0.667
1185197,19210,19284,21265,13,13,3,6,0.4615,0.2308,0.593,12,6,9,0.667
1153022,3537,3600,32943,10,10,1,3,0.3,0.2,0.593,9,6,9,0.667
1054068,,390898,163,21,19,0,19,1.0,1.0,0.589,20,6,9,0.667
1066917,10401,10423,5884,23,23,4,7,0.3043,0.1304,0.586,22,6,9,0.667
1074302,6771,6742,9714,5,5,1,3,0.6,0.4,0.583,4,6,9,0.667
1035436,344337,343441,9114,14,14,2,12,0.8571,0.7143,0.581,13,6,9,0.667
1232970,530660,530655,26049,13,9,2,4,0.4444,0.2222,0.581,12,6,9,0.667
1062567,21966,21968,14410,11,11,3,8,0.7273,0.4545,0.578,10,6,9,0.667
1249816,7865,7867,28134,11,11,3,4,0.3636,0.0909,0.578,10,6,9,0.667
1133551,7865,7867,28134,11,11,3,4,0.3636,0.0909,0.578,10,6,9,0.667
1280509,7865,7867,28134,11,11,3,4,0.3636,0.0909,0.578,10,6,9,0.667
1232942,,535978,44527,7,5,0,5,1.0,1.0,0.574,6,6,9,0.667
1197998,548,518,28043,26,26,4,5,0.1923,0.0385,0.573,25,6,9,0.667
1198000,548,518,28043,26,26,4,5,0.1923,0.0385,0.573,25,6,9,0.667
1228967,548,518,28043,26,26,4,5,0.1923,0.0385,0.573,25,6,9,0.667
1066003,21966,21968,14410,11,11,3,8,0.7273,0.4545,0.567,10,6,9,0.667
1285325,17857,17750,6750,11,11,1,4,0.3636,0.2727,0.567,10,6,9,0.667
1062332,5668,5671,14366,11,11,5,6,0.5455,0.0909,0.567,10,6,9,0.667
1100755,16433,16425,22821,12,12,6,6,0.5,0.0,0.566,11,6,9,0.667
1197999,548,518,28043,26,26,4,5,0.1923,0.0385,0.564,25,6,9,0.667
1208644,77083,599,12522,35,35,1,4,0.1143,0.0857,0.562,34,6,9,0.667
1035279,286726,344637,3122,9,9,1,8,0.8889,0.7778,0.556,8,6,9,0.667
1265727,24977,12240,19062,7,7,1,6,0.8571,0.7143,0.556,6,6,9,0.667
1109074,26584,16913,23582,9,9,2,7,0.7778,0.5556,0.556,8,6,9,0.667
1266351,25070,25088,30703,13,13,5,8,0.6154,0.2308,0.556,12,6,9,0.667
1163118,377926,376994,26159,9,9,1,3,0.3333,0.2222,0.556,8,6,9,0.667
1159695,3955,376994,26159,9,9,1,3,0.3333,0.2222,0.556,8,6,9,0.667
1078628,18565,18623,17997,5,5,2,3,0.6,0.2,0.556,4,6,9,0.667
1286821,7615,7614,49049,18,18,4,5,0.2778,0.0556,0.549,17,6,9,0.667
1286822,7615,7614,49049,18,18,4,5,0.2778,0.0556,0.549,17,6,9,0.667
1096059,537075,26101,21955,15,14,2,6,0.4286,0.2857,0.548,14,6,9,0.667
1062334,5671,5668,14367,9,9,4,5,0.5556,0.1111,0.542,8,6,9,0.667
1177088,25696,25723,27549,9,9,4,5,0.5556,0.1111,0.542,8,6,9,0.667
1177090,25696,25723,27549,9,9,4,5,0.5556,0.1111,0.542,8,6,9,0.667
1286818,7615,7614,49049,18,18,4,5,0.2778,0.0556,0.542,17,6,9,0.667
1286820,7615,7614,49049,18,18,4,5,0.2778,0.0556,0.542,17,6,9,0.667
1184598,19415,19403,20933,16,16,5,6,0.375,0.0625,0.533,15,6,9,0.667
1184599,19415,19403,20933,16,16,5,6,0.375,0.0625,0.533,15,6,9,0.667
1184607,19415,19403,20933,16,16,5,6,0.375,0.0625,0.533,15,6,9,0.667
1184613,19415,19403,20933,16,16,5,6,0.375,0.0625,0.533,15,6,9,0.667
1092275,19415,19403,20933,16,16,5,6,0.375,0.0625,0.533,15,6,9,0.667
1128731,473205,449264,14721,10,10,3,4,0.4,0.1,0.531,9,6,9,0.667
1081058,473205,449264,14721,10,10,3,4,0.4,0.1,0.531,9,6,9,0.667
1217169,280965,280966,10469,34,34,11,23,0.6765,0.3529,0.529,33,6,9,0.667
1311685,22896,22900,29641,35,35,15,20,0.5714,0.1429,0.529,34,6,9,0.667
1066286,21963,21961,4605,11,11,4,7,0.6364,0.2727,0.522,10,6,9,0.667
1185895,19477,27395,4163,10,10,1,5,0.5,0.4,0.519,9,6,9,0.667
1065313,5667,21968,14365,10,10,4,6,0.6,0.2,0.519,9,6,9,0.667
1062342,5671,5668,14367,9,9,4,5,0.5556,0.1111,0.514,8,6,9,0.667
1308635,7551,7651,28762,18,18,2,5,0.2778,0.1667,0.503,17,6,9,0.667
1307027,7551,7651,28762,18,18,2,5,0.2778,0.1667,0.503,17,6,9,0.667
1308677,7542,7651,28762,18,18,3,5,0.2778,0.1111,0.503,17,6,9,0.667
1199833,23783,9715,9423,24,24,4,5,0.2083,0.0417,0.502,23,6,9,0.667
1198940,23783,9715,9423,24,24,4,5,0.2083,0.0417,0.502,23,6,9,0.667
1198941,23783,9715,9423,24,24,4,5,0.2083,0.0417,0.502,23,6,9,0.667
1221392,23783,9715,9423,24,24,4,5,0.2083,0.0417,0.502,23,6,9,0.667
1232493,,473122,4525,10,9,0,8,0.8889,0.8889,0.494,9,6,9,0.667
1266046,9671,9715,9423,24,24,3,5,0.2083,0.0833,0.493,23,6,9,0.667
1228849,9671,9715,9423,24,24,3,5,0.2083,0.0833,0.493,23,6,9,0.667
1289727,9671,9715,9423,24,24,3,5,0.2083,0.0833,0.493,23,6,9,0.667
1257655,,3369,30158,6,5,0,5,1.0,1.0,0.489,5,6,9,0.667
1102636,16425,16433,23225,13,13,6,7,0.5385,0.0769,0.481,12,6,9,0.667
1217917,9656,9715,9423,24,24,2,5,0.2083,0.125,0.478,23,6,9,0.667
1272537,9656,9715,9423,24,24,2,5,0.2083,0.125,0.478,23,6,9,0.667
1123611,13440,13468,26766,35,35,11,24,0.6857,0.3714,0.477,34,6,9,0.667
1143711,3134,535916,9414,6,6,1,5,0.8333,0.6667,0.467,5,6,9,0.667
1097129,535976,535975,5605,25,22,5,10,0.4545,0.2273,0.465,24,6,9,0.667
1228804,9722,9715,9423,24,24,2,5,0.2083,0.125,0.449,23,6,9,0.667
1221510,9722,9715,9423,24,24,2,5,0.2083,0.125,0.449,23,6,9,0.667
1200855,10459,24172,16754,29,29,4,6,0.2069,0.069,0.433,28,6,9,0.667
1136211,108139,24172,16754,29,29,2,6,0.2069,0.1379,0.429,28,6,9,0.667
1163953,108139,24172,16754,29,29,2,6,0.2069,0.1379,0.429,28,6,9,0.667
1201422,10459,24172,16754,29,29,4,6,0.2069,0.069,0.429,28,6,9,0.667
1257651,,6101,39209,7,6,0,5,0.8333,0.8333,0.296,6,6,9,0.667
1257374,,6059,29077,11,10,0,10,1.0,1.0,0.625,10,5,8,0.625
1257649,,161599,14967,8,7,0,7,1.0,1.0,0.625,7,5,8,0.625
1257410,,23433,44874,2,1,0,1,1.0,1.0,0.625,1,5,8,0.625
1011969,542683,462,713,5,5,1,4,0.8,0.6,0.625,4,5,8,0.625
1257455,,14008,25698,4,3,0,3,1.0,1.0,0.542,3,5,8,0.625
1257419,,4489,23532,7,6,0,6,1.0,1.0,0.521,6,5,8,0.625
1007953,,25375,2488,2,1,0,1,1.0,1.0,1.0,1,5,9,0.556
1012567,,3292,3617,2,1,0,1,1.0,1.0,1.0,1,5,9,0.556
1109874,18695,27199,24374,5,5,1,4,0.8,0.6,1.0,4,5,9,0.556
1065867,247050,247355,14811,4,4,1,3,0.75,0.5,1.0,3,5,9,0.556
1007086,24928,24877,1028,10,10,1,4,0.4,0.3,1.0,9,5,9,0.556
1205764,286395,17720,41198,8,8,1,3,0.375,0.25,1.0,7,5,9,0.556
1279549,17795,17720,41198,8,8,1,3,0.375,0.25,1.0,7,5,9,0.556
1095240,24963,24877,1028,10,10,2,4,0.4,0.2,1.0,9,5,9,0.556
1134034,24963,24877,1028,10,10,2,4,0.4,0.2,1.0,9,5,9,0.556
1169116,26018,15056,7401,7,7,3,4,0.5714,0.1429,1.0,6,5,9,0.556
1190109,26018,15056,7401,7,7,3,4,0.5714,0.1429,1.0,6,5,9,0.556
1169132,26018,15056,7401,7,7,3,4,0.5714,0.1429,1.0,6,5,9,0.556
1024798,24950,24877,1028,10,10,3,4,0.4,0.1,1.0,9,5,9,0.556
1007066,24950,24877,1028,10,10,3,4,0.4,0.1,1.0,9,5,9,0.556
1002644,24950,24877,1028,10,10,3,4,0.4,0.1,1.0,9,5,9,0.556
1126444,20512,2307,27039,8,8,4,4,0.5,0.0,1.0,7,5,9,0.556
1126414,20512,2307,27039,8,8,4,4,0.5,0.0,1.0,7,5,9,0.556
1183903,20512,2307,27039,8,8,4,4,0.5,0.0,1.0,7,5,9,0.556
1124362,20512,2307,27039,8,8,4,4,0.5,0.0,1.0,7,5,9,0.556
1279550,17746,17720,41198,8,8,3,3,0.375,0.0,1.0,7,5,9,0.556
1279551,17746,17720,41198,8,8,3,3,0.375,0.0,1.0,7,5,9,0.556
1279552,17746,17720,41198,8,8,3,3,0.375,0.0,1.0,7,5,9,0.556
1106573,26283,16028,19436,2,2,1,1,0.5,0.0,1.0,1,5,9,0.556
1178528,370177,370171,27529,2,2,1,1,0.5,0.0,1.0,1,5,9,0.556
1297694,20547,20540,49580,2,2,1,1,0.5,0.0,1.0,1,5,9,0.556
1288611,22703,7278,49325,10,10,3,4,0.4,0.1,0.988,9,5,9,0.556
1288612,7267,7278,49325,10,10,3,4,0.4,0.1,0.988,9,5,9,0.556
1288613,22703,7278,49325,10,10,3,4,0.4,0.1,0.988,9,5,9,0.556
1288614,22703,7278,49325,10,10,3,4,0.4,0.1,0.988,9,5,9,0.556
1288808,7267,7278,49325,10,10,3,4,0.4,0.1,0.988,9,5,9,0.556
1014074,,525843,4422,8,3,0,3,1.0,1.0,0.984,7,5,9,0.556
1166367,19394,19374,20830,7,7,2,4,0.5714,0.2857,0.981,6,5,9,0.556
1185492,19394,19374,20830,7,7,2,4,0.5714,0.2857,0.981,6,5,9,0.556
1222253,444222,444223,26018,7,7,2,4,0.5714,0.2857,0.981,6,5,9,0.556
1301483,444222,444223,26018,7,7,2,4,0.5714,0.2857,0.981,6,5,9,0.556
1198141,24348,10599,39783,6,6,1,2,0.3333,0.1667,0.978,5,5,9,0.556
1189411,344378,344377,38842,6,6,3,3,0.5,0.0,0.978,5,5,9,0.556
1189412,344378,344377,38842,6,6,3,3,0.5,0.0,0.978,5,5,9,0.556
1229427,10704,10599,39783,6,6,2,2,0.3333,0.0,0.978,5,5,9,0.556
1229428,10704,10599,39783,6,6,2,2,0.3333,0.0,0.978,5,5,9,0.556
1108995,5095,18812,24207,5,5,1,4,0.8,0.6,0.972,4,5,9,0.556
1298103,22935,22925,48779,10,10,4,6,0.6,0.2,0.963,9,5,9,0.556
1283186,22935,22925,48779,10,10,4,6,0.6,0.2,0.963,9,5,9,0.556
1283187,22935,22925,48779,10,10,4,6,0.6,0.2,0.963,9,5,9,0.556
1072956,14616,14499,5012,10,10,5,5,0.5,0.0,0.963,9,5,9,0.556
1018717,14616,14499,5012,10,10,5,5,0.5,0.0,0.963,9,5,9,0.556
1073054,14616,14499,5012,10,10,5,5,0.5,0.0,0.963,9,5,9,0.556
1143027,24946,24926,31335,9,9,1,8,0.8889,0.7778,0.958,8,5,9,0.556
1285307,,378461,4543,6,5,0,5,1.0,1.0,0.956,5,5,9,0.556
1112385,14435,14498,24889,6,6,2,4,0.6667,0.3333,0.956,5,5,9,0.556
1072998,15076,15083,16525,11,11,4,7,0.6364,0.2727,0.956,10,5,9,0.556
1190098,15076,15083,16525,11,11,4,7,0.6364,0.2727,0.956,10,5,9,0.556
1190101,15076,15083,16525,11,11,4,7,0.6364,0.2727,0.956,10,5,9,0.556
1311492,7776,7769,51874,6,6,3,3,0.5,0.0,0.956,5,5,9,0.556
1311493,7776,7769,51874,6,6,3,3,0.5,0.0,0.956,5,5,9,0.556
1267685,9976,23946,30853,10,10,3,4,0.4,0.1,0.951,9,5,9,0.556
1267686,9976,23946,30853,10,10,3,4,0.4,0.1,0.951,9,5,9,0.556
1267689,9972,23946,30853,10,10,3,4,0.4,0.1,0.951,9,5,9,0.556
1267733,9972,23946,30853,10,10,3,4,0.4,0.1,0.951,9,5,9,0.556
1267736,9972,23946,30853,10,10,3,4,0.4,0.1,0.951,9,5,9,0.556
1082508,18335,18295,18025,10,10,5,5,0.5,0.0,0.951,9,5,9,0.556
1082511,18335,18295,18025,10,10,5,5,0.5,0.0,0.951,9,5,9,0.556
1052564,375998,375997,3796,11,11,2,9,0.8182,0.6364,0.944,10,5,9,0.556
1013135,375998,375997,3796,11,11,2,9,0.8182,0.6364,0.944,10,5,9,0.556
1229258,12597,12617,40527,7,7,1,2,0.2857,0.1429,0.944,6,5,9,0.556
1229101,12618,12617,40527,7,7,1,2,0.2857,0.1429,0.944,6,5,9,0.556
1229259,25050,12617,40527,7,7,2,2,0.2857,0.0,0.944,6,5,9,0.556
1200571,25050,12617,40527,7,7,2,2,0.2857,0.0,0.944,6,5,9,0.556
1068426,22057,5834,7340,8,8,2,3,0.375,0.125,0.937,7,5,9,0.556
1028569,22057,5834,7340,8,8,2,3,0.375,0.125,0.937,7,5,9,0.556
1058712,22053,5834,7340,8,8,3,3,0.375,0.0,0.937,7,5,9,0.556
1068382,22053,5834,7340,8,8,3,3,0.375,0.0,0.937,7,5,9,0.556
1068384,22053,5834,7340,8,8,3,3,0.375,0.0,0.937,7,5,9,0.556
1304026,537133,537135,8692,6,6,2,4,0.6667,0.3333,0.933,5,5,9,0.556
1119304,537133,537135,8692,6,6,2,4,0.6667,0.3333,0.933,5,5,9,0.556
1145044,,477906,8838,8,7,0,7,1.0,1.0,0.921,7,5,9,0.556
1307453,151035,151036,51352,8,8,3,5,0.625,0.25,0.921,7,5,9,0.556
1143674,3032,26008,4998,6,6,1,4,0.6667,0.5,0.911,5,5,9,0.556
1015475,2993,26008,4998,6,6,1,4,0.6667,0.5,0.911,5,5,9,0.556
1114167,14435,14498,24889,6,6,2,4,0.6667,0.3333,0.911,5,5,9,0.556
1060319,15495,15478,13869,7,7,1,3,0.4286,0.2857,0.907,6,5,9,0.556
1090473,26089,15478,13869,7,7,3,3,0.4286,0.0,0.907,6,5,9,0.556
1060320,26089,15478,13869,7,7,3,3,0.4286,0.0,0.907,6,5,9,0.556
1089920,13469,13462,19461,8,8,4,4,0.5,0.0,0.905,7,5,9,0.556
1089923,13469,13462,19461,8,8,4,4,0.5,0.0,0.905,7,5,9,0.556
1083985,13469,13462,19461,8,8,4,4,0.5,0.0,0.905,7,5,9,0.556
1220040,18784,27213,40971,10,10,2,4,0.4,0.2,0.901,9,5,9,0.556
1220042,18784,27213,40971,10,10,2,4,0.4,0.2,0.901,9,5,9,0.556
1202979,27218,27213,40971,10,10,4,4,0.4,0.0,0.901,9,5,9,0.556
1202980,27218,27213,40971,10,10,4,4,0.4,0.0,0.901,9,5,9,0.556
1202981,27218,27213,40971,10,10,4,4,0.4,0.0,0.901,9,5,9,0.556
1185531,297924,19503,20857,26,26,1,5,0.1923,0.1538,0.898,25,5,9,0.556
1186099,19528,19503,20857,26,26,2,5,0.1923,0.1154,0.898,25,5,9,0.556
1186100,19528,19503,20857,26,26,2,5,0.1923,0.1154,0.898,25,5,9,0.556
1185845,297926,19503,20857,26,26,3,5,0.1923,0.0769,0.898,25,5,9,0.556
1185843,297926,19503,20857,26,26,3,5,0.1923,0.0769,0.898,25,5,9,0.556
1188324,297926,19503,20857,26,26,3,5,0.1923,0.0769,0.898,25,5,9,0.556
1185532,297925,19503,20857,26,26,5,5,0.1923,0.0,0.898,25,5,9,0.556
1188416,297925,19503,20857,26,26,5,5,0.1923,0.0,0.898,25,5,9,0.556
1185623,297925,19503,20857,26,26,5,5,0.1923,0.0,0.898,25,5,9,0.556
1096145,391439,391437,21969,6,6,1,5,0.8333,0.6667,0.889,5,5,9,0.556
1187314,15779,15809,24106,6,6,1,5,0.8333,0.6667,0.889,5,5,9,0.556
1201634,12294,24968,40565,4,4,1,3,0.75,0.5,0.889,3,5,9,0.556
1003747,19693,19688,219,6,6,2,4,0.6667,0.3333,0.889,5,5,9,0.556
1307451,151035,151036,51352,8,8,3,5,0.625,0.25,0.889,7,5,9,0.556
1276952,3573,31005,30283,5,5,1,2,0.4,0.2,0.889,4,5,9,0.556
1227447,10631,10599,39783,6,6,1,2,0.3333,0.1667,0.889,5,5,9,0.556
1302797,535856,535858,10864,9,9,4,5,0.5556,0.1111,0.889,8,5,9,0.556
1138752,535856,535858,10864,9,9,4,5,0.5556,0.1111,0.889,8,5,9,0.556
1138754,535856,535858,10864,9,9,4,5,0.5556,0.1111,0.889,8,5,9,0.556
1270753,535856,535858,10864,9,9,4,5,0.5556,0.1111,0.889,8,5,9,0.556
1289158,17667,17688,42164,9,9,4,5,0.5556,0.1111,0.889,8,5,9,0.556
1289159,17667,17688,42164,9,9,4,5,0.5556,0.1111,0.889,8,5,9,0.556
1289160,17667,17688,42164,9,9,4,5,0.5556,0.1111,0.889,8,5,9,0.556
1082509,18335,18295,18025,10,10,5,5,0.5,0.0,0.889,9,5,9,0.556
1082510,18335,18295,18025,10,10,5,5,0.5,0.0,0.889,9,5,9,0.556
1273223,23196,8664,46641,6,6,3,3,0.5,0.0,0.889,5,5,9,0.556
1273224,23196,8664,46641,6,6,3,3,0.5,0.0,0.889,5,5,9,0.556
1091901,400895,344907,20108,5,5,1,1,0.2,0.0,0.889,4,5,9,0.556
1090004,390906,344907,20108,5,5,1,1,0.2,0.0,0.889,4,5,9,0.556
1156708,449147,344907,20108,5,5,1,1,0.2,0.0,0.889,4,5,9,0.556
1133429,400940,344907,20108,5,5,1,1,0.2,0.0,0.889,4,5,9,0.556
1239146,453996,191678,24070,3,3,1,1,0.3333,0.0,0.889,2,5,9,0.556
1167606,18513,18591,20325,17,17,4,5,0.2941,0.0588,0.882,16,5,9,0.556
1148953,18513,18591,20325,17,17,4,5,0.2941,0.0588,0.882,16,5,9,0.556
1167617,18556,18591,20325,17,17,4,5,0.2941,0.0588,0.882,16,5,9,0.556
1167619,18556,18591,20325,17,17,4,5,0.2941,0.0588,0.882,16,5,9,0.556
1167588,18556,18591,20325,17,17,4,5,0.2941,0.0588,0.882,16,5,9,0.556
1167591,18556,18591,20325,17,17,4,5,0.2941,0.0588,0.882,16,5,9,0.556
1202053,18513,18591,20325,17,17,4,5,0.2941,0.0588,0.882,16,5,9,0.556
1202048,18513,18591,20325,17,17,4,5,0.2941,0.0588,0.882,16,5,9,0.556
1298143,22935,22925,48779,10,10,4,6,0.6,0.2,0.877,9,5,9,0.556
1145061,25762,14487,30840,8,8,1,3,0.375,0.25,0.873,7,5,9,0.556
1224859,280641,280638,43470,8,8,3,5,0.625,0.25,0.873,7,5,9,0.556
1224858,280641,280638,43470,8,8,3,5,0.625,0.25,0.873,7,5,9,0.556
1224860,280641,280638,43470,8,8,3,5,0.625,0.25,0.873,7,5,9,0.556
1307450,151035,151036,51352,8,8,3,5,0.625,0.25,0.873,7,5,9,0.556
1145056,25765,14487,30840,8,8,3,3,0.375,0.0,0.873,7,5,9,0.556
1145058,25765,14487,30840,8,8,3,3,0.375,0.0,0.873,7,5,9,0.556
1145060,25765,14487,30840,8,8,3,3,0.375,0.0,0.873,7,5,9,0.556
1083023,18095,27020,19130,6,6,1,5,0.8333,0.6667,0.867,5,5,9,0.556
1062803,5663,21964,14426,11,11,5,6,0.5455,0.0909,0.867,10,5,9,0.556
1299827,27185,18589,49817,10,10,2,5,0.5,0.3,0.852,9,5,9,0.556
1299828,27185,18589,49817,10,10,2,5,0.5,0.3,0.852,9,5,9,0.556
1189986,26220,377983,38911,4,4,1,2,0.5,0.25,0.852,3,5,9,0.556
1298746,18628,18589,49817,10,10,3,5,0.5,0.2,0.852,9,5,9,0.556
1298731,18628,18589,49817,10,10,3,5,0.5,0.2,0.852,9,5,9,0.556
1298748,18628,18589,49817,10,10,3,5,0.5,0.2,0.852,9,5,9,0.556
1197970,205115,19883,39785,7,7,3,4,0.5714,0.1429,0.852,6,5,9,0.556
1197971,205115,19883,39785,7,7,3,4,0.5714,0.1429,0.852,6,5,9,0.556
1228055,205115,19883,39785,7,7,3,4,0.5714,0.1429,0.852,6,5,9,0.556
1280446,7974,22954,48145,7,7,3,4,0.5714,0.1429,0.852,6,5,9,0.556
1274090,23984,23946,29984,4,4,2,2,0.5,0.0,0.852,3,5,9,0.556
1274006,23984,23946,29984,4,4,2,2,0.5,0.0,0.852,3,5,9,0.556
1062814,5669,21970,14475,9,9,4,5,0.5556,0.1111,0.847,8,5,9,0.556
1062816,5669,21970,14475,9,9,4,5,0.5556,0.1111,0.847,8,5,9,0.556
1216202,17667,17688,42164,9,9,4,5,0.5556,0.1111,0.847,8,5,9,0.556
1201403,12493,25035,33122,8,8,3,5,0.625,0.25,0.841,7,5,9,0.556
1201405,12493,25035,33122,8,8,3,5,0.625,0.25,0.841,7,5,9,0.556
1019170,36136,36135,5131,8,8,4,4,0.5,0.0,0.841,7,5,9,0.556
1216105,279077,279355,41200,7,7,1,6,0.8571,0.7143,0.833,6,5,9,0.556
1211034,20011,1175,26556,16,16,6,7,0.4375,0.0625,0.83,15,5,9,0.556
1211035,20011,1175,26556,16,16,6,7,0.4375,0.0625,0.83,15,5,9,0.556
1211036,20011,1175,26556,16,16,6,7,0.4375,0.0625,0.83,15,5,9,0.556
1221063,20011,1175,26556,16,16,6,7,0.4375,0.0625,0.83,15,5,9,0.556
1196763,20011,1175,26556,16,16,6,7,0.4375,0.0625,0.83,15,5,9,0.556
1122498,20011,1175,26556,16,16,6,7,0.4375,0.0625,0.83,15,5,9,0.556
1136047,23610,9267,30412,21,21,3,6,0.2857,0.1429,0.828,20,5,9,0.556
1271047,23651,9267,30412,21,21,3,6,0.2857,0.1429,0.828,20,5,9,0.556
1271050,23651,9267,30412,21,21,3,6,0.2857,0.1429,0.828,20,5,9,0.556
1271080,23610,9267,30412,21,21,3,6,0.2857,0.1429,0.828,20,5,9,0.556
1271098,23610,9267,30412,21,21,3,6,0.2857,0.1429,0.828,20,5,9,0.556
1269851,23651,9267,30412,21,21,3,6,0.2857,0.1429,0.828,20,5,9,0.556
1271711,9380,9267,30412,21,21,4,6,0.2857,0.0952,0.828,20,5,9,0.556
1271713,9380,9267,30412,21,21,4,6,0.2857,0.0952,0.828,20,5,9,0.556
1271714,9380,9267,30412,21,21,4,6,0.2857,0.0952,0.828,20,5,9,0.556
1268301,9380,9267,30412,21,21,4,6,0.2857,0.0952,0.828,20,5,9,0.556
1271048,23656,9267,30412,21,21,5,6,0.2857,0.0476,0.828,20,5,9,0.556
1185533,297923,19503,20857,26,26,2,5,0.1923,0.1154,0.827,25,5,9,0.556
1186066,297923,19503,20857,26,26,2,5,0.1923,0.1154,0.827,25,5,9,0.556
1188385,297922,19503,20857,26,26,3,5,0.1923,0.0769,0.827,25,5,9,0.556
1186269,297922,19503,20857,26,26,3,5,0.1923,0.0769,0.827,25,5,9,0.556
1221377,11065,11040,19536,14,14,5,5,0.3571,0.0,0.821,13,5,9,0.556
1228596,11065,11040,19536,14,14,5,5,0.3571,0.0,0.821,13,5,9,0.556
1210205,1095,1101,3582,9,9,1,3,0.3333,0.2222,0.819,8,5,9,0.556
1210219,12693,1101,3582,9,9,3,3,0.3333,0.0,0.819,8,5,9,0.556
1210284,12693,1101,3582,9,9,3,3,0.3333,0.0,0.819,8,5,9,0.556
1207810,12693,1101,3582,9,9,3,3,0.3333,0.0,0.819,8,5,9,0.556
1134289,343993,319360,3946,18,18,9,9,0.5,0.0,0.817,17,5,9,0.556
1044939,343993,319360,3946,18,18,9,9,0.5,0.0,0.817,17,5,9,0.556
1044940,343993,319360,3946,18,18,9,9,0.5,0.0,0.817,17,5,9,0.556
1044941,343993,319360,3946,18,18,9,9,0.5,0.0,0.817,17,5,9,0.556
1056356,343993,319360,3946,18,18,9,9,0.5,0.0,0.817,17,5,9,0.556
1057823,343993,319360,3946,18,18,9,9,0.5,0.0,0.817,17,5,9,0.556
1056357,343993,319360,3946,18,18,9,9,0.5,0.0,0.817,17,5,9,0.556
1065024,343993,319360,3946,18,18,9,9,0.5,0.0,0.817,17,5,9,0.556
1129052,343993,319360,3946,18,18,9,9,0.5,0.0,0.817,17,5,9,0.556
1220341,383835,377983,38911,4,4,1,2,0.5,0.25,0.815,3,5,9,0.556
1063205,5664,21962,4608,10,10,4,6,0.6,0.2,0.815,9,5,9,0.556
1307432,151036,2189,47664,7,7,2,3,0.4286,0.1429,0.815,6,5,9,0.556
1307433,151036,2189,47664,7,7,2,3,0.4286,0.1429,0.815,6,5,9,0.556
1265798,10768,10744,39781,10,10,5,5,0.5,0.0,0.815,9,5,9,0.556
1198339,10768,10744,39781,10,10,5,5,0.5,0.0,0.815,9,5,9,0.556
1198341,10768,10744,39781,10,10,5,5,0.5,0.0,0.815,9,5,9,0.556
1210658,1306,1263,30180,17,17,4,6,0.3529,0.1176,0.812,16,5,9,0.556
1210469,1306,1263,30180,17,17,4,6,0.3529,0.1176,0.812,16,5,9,0.556
1209212,1306,1263,30180,17,17,4,6,0.3529,0.1176,0.812,16,5,9,0.556
1303934,6824,22449,50754,10,10,3,4,0.4,0.1,0.802,9,5,9,0.556
1303935,6824,22449,50754,10,10,3,4,0.4,0.1,0.802,9,5,9,0.556
1303936,6824,22449,50754,10,10,3,4,0.4,0.1,0.802,9,5,9,0.556
1303937,22428,22449,50754,10,10,3,4,0.4,0.1,0.802,9,5,9,0.556
1303503,22428,22449,50754,10,10,3,4,0.4,0.1,0.802,9,5,9,0.556
1303504,22428,22449,50754,10,10,3,4,0.4,0.1,0.802,9,5,9,0.556
1225003,389931,389927,10322,10,10,5,5,0.5,0.0,0.802,9,5,9,0.556
1095396,389931,389927,10322,10,10,5,5,0.5,0.0,0.802,9,5,9,0.556
1097360,389931,389927,10322,10,10,5,5,0.5,0.0,0.802,9,5,9,0.556
1040817,389931,389927,10322,10,10,5,5,0.5,0.0,0.802,9,5,9,0.556
1096239,389931,389927,10322,10,10,5,5,0.5,0.0,0.802,9,5,9,0.556
1188415,297925,19503,20857,26,26,5,5,0.1923,0.0,0.8,25,5,9,0.556
1186393,297925,19503,20857,26,26,5,5,0.1923,0.0,0.8,25,5,9,0.556
1210657,1306,1263,30180,17,17,4,6,0.3529,0.1176,0.799,16,5,9,0.556
1132354,273290,273289,29208,8,8,4,4,0.5,0.0,0.794,7,5,9,0.556
1132355,273290,273289,29208,8,8,4,4,0.5,0.0,0.794,7,5,9,0.556
1132357,273290,273289,29208,8,8,4,4,0.5,0.0,0.794,7,5,9,0.556
1176704,72607,14619,34295,24,24,12,12,0.5,0.0,0.792,23,5,9,0.556
1030779,6941,22567,7991,11,11,5,6,0.5455,0.0909,0.789,10,5,9,0.556
1030780,6941,22567,7991,11,11,5,6,0.5455,0.0909,0.789,10,5,9,0.556
1034022,6941,22567,7991,11,11,5,6,0.5455,0.0909,0.789,10,5,9,0.556
1030782,6941,22567,7991,11,11,5,6,0.5455,0.0909,0.789,10,5,9,0.556
1030763,6941,22567,7991,11,11,5,6,0.5455,0.0909,0.789,10,5,9,0.556
1198969,9579,9703,28300,16,16,3,5,0.3125,0.125,0.785,15,5,9,0.556
1222664,9579,9703,28300,16,16,3,5,0.3125,0.125,0.785,15,5,9,0.556
1198377,9579,9703,28300,16,16,3,5,0.3125,0.125,0.785,15,5,9,0.556
1222666,23790,9703,28300,16,16,5,5,0.3125,0.0,0.785,15,5,9,0.556
1228812,23790,9703,28300,16,16,5,5,0.3125,0.0,0.785,15,5,9,0.556
1228854,23790,9703,28300,16,16,5,5,0.3125,0.0,0.785,15,5,9,0.556
1227378,23790,9703,28300,16,16,5,5,0.3125,0.0,0.785,15,5,9,0.556
1227380,23790,9703,28300,16,16,5,5,0.3125,0.0,0.785,15,5,9,0.556
1271049,23656,9267,30412,21,21,5,6,0.2857,0.0476,0.783,20,5,9,0.556
1272099,23656,9267,30412,21,21,5,6,0.2857,0.0476,0.783,20,5,9,0.556
1272102,23656,9267,30412,21,21,5,6,0.2857,0.0476,0.783,20,5,9,0.556
1109514,,536226,12716,7,6,0,6,1.0,1.0,0.778,6,5,9,0.556
1105991,4269,4311,23509,14,14,3,11,0.7857,0.5714,0.778,13,5,9,0.556
1106032,4269,4311,23509,14,14,3,11,0.7857,0.5714,0.778,13,5,9,0.556
1105758,4269,4311,23509,14,14,3,11,0.7857,0.5714,0.778,13,5,9,0.556
1000711,399,402,119,3,3,1,2,0.6667,0.3333,0.778,2,5,9,0.556
1001797,209597,209598,616,3,3,1,2,0.6667,0.3333,0.778,2,5,9,0.556
1231762,81569,285756,29581,3,3,1,2,0.6667,0.3333,0.778,2,5,9,0.556
1299683,17213,21639,49584,3,3,1,2,0.6667,0.3333,0.778,2,5,9,0.556
1299038,7262,7281,29634,13,13,2,6,0.4615,0.3077,0.778,12,5,9,0.556
1299041,7262,7281,29634,13,13,2,6,0.4615,0.3077,0.778,12,5,9,0.556
1153382,12493,25035,33122,8,8,3,5,0.625,0.25,0.778,7,5,9,0.556
1072417,140162,16737,16344,5,5,2,3,0.6,0.2,0.778,4,5,9,0.556
1223618,140162,16737,16344,5,5,2,3,0.6,0.2,0.778,4,5,9,0.556
1300086,7259,7281,29634,13,13,5,6,0.4615,0.0769,0.778,12,5,9,0.556
1300088,7259,7281,29634,13,13,5,6,0.4615,0.0769,0.778,12,5,9,0.556
1312484,7259,7281,29634,13,13,5,6,0.4615,0.0769,0.778,12,5,9,0.556
1312486,7259,7281,29634,13,13,5,6,0.4615,0.0769,0.778,12,5,9,0.556
1133427,7259,7281,29634,13,13,5,6,0.4615,0.0769,0.778,12,5,9,0.556
1092718,18335,18295,18025,10,10,5,5,0.5,0.0,0.778,9,5,9,0.556
1273241,23196,8664,46641,6,6,3,3,0.5,0.0,0.778,5,5,9,0.556
1189162,258555,4566,27995,4,4,2,2,0.5,0.0,0.778,3,5,9,0.556
1189165,258555,4566,27995,4,4,2,2,0.5,0.0,0.778,3,5,9,0.556
1132742,384827,21406,16832,3,3,1,1,0.3333,0.0,0.778,2,5,9,0.556
1073632,207356,21406,16832,3,3,1,1,0.3333,0.0,0.778,2,5,9,0.556
1190061,389868,4056,12164,2,2,1,1,0.5,0.0,0.778,1,5,9,0.556
1088024,223676,223675,19599,2,2,1,1,0.5,0.0,0.778,1,5,9,0.556
1304654,19770,19780,16836,18,18,2,3,0.1667,0.0556,0.771,17,5,9,0.556
1304925,19770,19780,16836,18,18,2,3,0.1667,0.0556,0.771,17,5,9,0.556
1300731,202,19780,16836,18,18,2,3,0.1667,0.0556,0.771,17,5,9,0.556
1300733,202,19780,16836,18,18,2,3,0.1667,0.0556,0.771,17,5,9,0.556
1041383,126385,126383,8818,11,11,3,4,0.3636,0.0909,0.767,10,5,9,0.556
1041384,126385,126383,8818,11,11,3,4,0.3636,0.0909,0.767,10,5,9,0.556
1041385,126385,126383,8818,11,11,3,4,0.3636,0.0909,0.767,10,5,9,0.556
1110618,16962,16963,23997,9,9,3,6,0.6667,0.3333,0.764,8,5,9,0.556
1110539,16962,16963,23997,9,9,3,6,0.6667,0.3333,0.764,8,5,9,0.556
1011962,20004,1101,3582,9,9,2,3,0.3333,0.1111,0.764,8,5,9,0.556
1210206,20004,1101,3582,9,9,2,3,0.3333,0.1111,0.764,8,5,9,0.556
1058646,342077,342075,13075,8,8,4,4,0.5,0.0,0.762,7,5,9,0.556
1058696,342077,342075,13075,8,8,4,4,0.5,0.0,0.762,7,5,9,0.556
1132356,273290,273289,29208,8,8,4,4,0.5,0.0,0.762,7,5,9,0.556
1073638,19778,19780,16836,18,18,2,3,0.1667,0.0556,0.758,17,5,9,0.556
1310616,19778,19780,16836,18,18,2,3,0.1667,0.0556,0.758,17,5,9,0.556
1310617,189,19780,16836,18,18,2,3,0.1667,0.0556,0.758,17,5,9,0.556
1310556,189,19780,16836,18,18,2,3,0.1667,0.0556,0.758,17,5,9,0.556
1058003,19596,19595,12976,12,12,6,6,0.5,0.0,0.758,11,5,9,0.556
1188379,19596,19595,12976,12,12,6,6,0.5,0.0,0.758,11,5,9,0.556
1186327,19596,19595,12976,12,12,6,6,0.5,0.0,0.758,11,5,9,0.556
1186328,19596,19595,12976,12,12,6,6,0.5,0.0,0.758,11,5,9,0.556
1186329,19596,19595,12976,12,12,6,6,0.5,0.0,0.758,11,5,9,0.556
1189554,19596,19595,12976,12,12,6,6,0.5,0.0,0.758,11,5,9,0.556
1110797,13345,13486,20921,17,17,4,5,0.2941,0.0588,0.757,16,5,9,0.556
1113767,13345,13486,20921,17,17,4,5,0.2941,0.0588,0.757,16,5,9,0.556
1110796,13345,13486,20921,17,17,4,5,0.2941,0.0588,0.757,16,5,9,0.556
1112849,13345,13486,20921,17,17,4,5,0.2941,0.0588,0.757,16,5,9,0.556
1036819,22569,22540,9326,10,10,5,5,0.5,0.0,0.753,9,5,9,0.556
1036820,22569,22540,9326,10,10,5,5,0.5,0.0,0.753,9,5,9,0.556
1036821,22569,22540,9326,10,10,5,5,0.5,0.0,0.753,9,5,9,0.556
1036805,22569,22540,9326,10,10,5,5,0.5,0.0,0.753,9,5,9,0.556
1036806,22569,22540,9326,10,10,5,5,0.5,0.0,0.753,9,5,9,0.556
1267153,23477,23460,45447,10,10,5,5,0.5,0.0,0.753,9,5,9,0.556
1267154,23477,23460,45447,10,10,5,5,0.5,0.0,0.753,9,5,9,0.556
1267147,23477,23460,45447,10,10,5,5,0.5,0.0,0.753,9,5,9,0.556
1267148,23477,23460,45447,10,10,5,5,0.5,0.0,0.753,9,5,9,0.556
1268602,23477,23460,45447,10,10,5,5,0.5,0.0,0.753,9,5,9,0.556
1310557,19766,19780,16836,18,18,1,3,0.1667,0.1111,0.752,17,5,9,0.556
1301915,243,19780,16836,18,18,1,3,0.1667,0.1111,0.752,17,5,9,0.556
1167064,26956,26979,20728,9,9,3,4,0.4444,0.1111,0.75,8,5,9,0.556
1202598,26956,26979,20728,9,9,3,4,0.4444,0.1111,0.75,8,5,9,0.556
1184527,26956,26979,20728,9,9,3,4,0.4444,0.1111,0.75,8,5,9,0.556
1045720,375670,375672,3833,8,8,1,7,0.875,0.75,0.746,7,5,9,0.556
1069313,19183,19204,15544,15,15,4,5,0.3333,0.0667,0.746,14,5,9,0.556
1069315,19183,19204,15544,15,15,4,5,0.3333,0.0667,0.746,14,5,9,0.556
1069316,19183,19204,15544,15,15,4,5,0.3333,0.0667,0.746,14,5,9,0.556
1069265,19220,19204,15544,15,15,4,5,0.3333,0.0667,0.746,14,5,9,0.556
1069266,19220,19204,15544,15,15,4,5,0.3333,0.0667,0.746,14,5,9,0.556
1069267,19220,19204,15544,15,15,4,5,0.3333,0.0667,0.746,14,5,9,0.556
1069268,19220,19204,15544,15,15,4,5,0.3333,0.0667,0.746,14,5,9,0.556
1080217,19183,19204,15544,15,15,4,5,0.3333,0.0667,0.746,14,5,9,0.556
1266173,23762,9477,45168,8,8,4,4,0.5,0.0,0.746,7,5,9,0.556
1266174,23762,9477,45168,8,8,4,4,0.5,0.0,0.746,7,5,9,0.556
1266175,23762,9477,45168,8,8,4,4,0.5,0.0,0.746,7,5,9,0.556
1266178,23762,9477,45168,8,8,4,4,0.5,0.0,0.746,7,5,9,0.556
1311433,7816,7750,47023,8,8,4,4,0.5,0.0,0.746,7,5,9,0.556
1276255,7816,7750,47023,8,8,4,4,0.5,0.0,0.746,7,5,9,0.556
1311430,7816,7750,47023,8,8,4,4,0.5,0.0,0.746,7,5,9,0.556
1312281,7816,7750,47023,8,8,4,4,0.5,0.0,0.746,7,5,9,0.556
1280203,22941,7949,48074,8,8,4,4,0.5,0.0,0.746,7,5,9,0.556
1300618,22941,7949,48074,8,8,4,4,0.5,0.0,0.746,7,5,9,0.556
1300620,22941,7949,48074,8,8,4,4,0.5,0.0,0.746,7,5,9,0.556
1300621,22941,7949,48074,8,8,4,4,0.5,0.0,0.746,7,5,9,0.556
1067589,22046,5817,15180,10,10,4,5,0.5,0.1,0.741,9,5,9,0.556
1067590,22046,5817,15180,10,10,4,5,0.5,0.1,0.741,9,5,9,0.556
1068359,22046,5817,15180,10,10,4,5,0.5,0.1,0.741,9,5,9,0.556
1068360,22046,5817,15180,10,10,4,5,0.5,0.1,0.741,9,5,9,0.556
1072632,235848,235843,16421,19,19,8,8,0.4211,0.0,0.741,18,5,9,0.556
1181126,16072,16075,16591,23,23,4,6,0.2609,0.087,0.737,22,5,9,0.556
1181127,16072,16075,16591,23,23,4,6,0.2609,0.087,0.737,22,5,9,0.556
1181194,16072,16075,16591,23,23,4,6,0.2609,0.087,0.737,22,5,9,0.556
1181073,16072,16075,16591,23,23,4,6,0.2609,0.087,0.737,22,5,9,0.556
1181074,16146,16075,16591,23,23,4,6,0.2609,0.087,0.737,22,5,9,0.556
1181075,16146,16075,16591,23,23,4,6,0.2609,0.087,0.737,22,5,9,0.556
1188723,16146,16075,16591,23,23,4,6,0.2609,0.087,0.737,22,5,9,0.556
1188724,16146,16075,16591,23,23,4,6,0.2609,0.087,0.737,22,5,9,0.556
1099905,25480,13589,22633,19,19,1,6,0.3158,0.2632,0.735,18,5,9,0.556
1113793,13580,13589,22633,19,19,5,6,0.3158,0.0526,0.735,18,5,9,0.556
1113792,13580,13589,22633,19,19,5,6,0.3158,0.0526,0.735,18,5,9,0.556
1099903,13580,13589,22633,19,19,5,6,0.3158,0.0526,0.735,18,5,9,0.556
1113763,13580,13589,22633,19,19,5,6,0.3158,0.0526,0.735,18,5,9,0.556
1090188,15585,15527,16684,11,11,5,6,0.5455,0.0909,0.733,10,5,9,0.556
1073388,15585,15527,16684,11,11,5,6,0.5455,0.0909,0.733,10,5,9,0.556
1119966,15585,15527,16684,11,11,5,6,0.5455,0.0909,0.733,10,5,9,0.556
1089496,15585,15527,16684,11,11,5,6,0.5455,0.0909,0.733,10,5,9,0.556
1089497,15585,15527,16684,11,11,5,6,0.5455,0.0909,0.733,10,5,9,0.556
1164864,3922,3925,25880,11,11,5,6,0.5455,0.0909,0.733,10,5,9,0.556
1165012,3922,3925,25880,11,11,5,6,0.5455,0.0909,0.733,10,5,9,0.556
1165013,3922,3925,25880,11,11,5,6,0.5455,0.0909,0.733,10,5,9,0.556
1165014,3922,3925,25880,11,11,5,6,0.5455,0.0909,0.733,10,5,9,0.556
1165015,3922,3925,25880,11,11,5,6,0.5455,0.0909,0.733,10,5,9,0.556
1299205,21549,4282,42123,6,6,2,2,0.3333,0.0,0.733,5,5,9,0.556
1271420,21549,4282,42123,6,6,2,2,0.3333,0.0,0.733,5,5,9,0.556
1176519,72607,14619,34295,24,24,12,12,0.5,0.0,0.729,23,5,9,0.556
1048325,269760,269759,3965,30,30,8,14,0.4667,0.2,0.728,29,5,9,0.556
1048343,269760,269759,3965,30,30,8,14,0.4667,0.2,0.728,29,5,9,0.556
1048344,269760,269759,3965,30,30,8,14,0.4667,0.2,0.728,29,5,9,0.556
1048345,269760,269759,3965,30,30,8,14,0.4667,0.2,0.728,29,5,9,0.556
1048347,269760,269759,3965,30,30,8,14,0.4667,0.2,0.728,29,5,9,0.556
1048346,269760,269759,3965,30,30,8,14,0.4667,0.2,0.728,29,5,9,0.556
1048350,269761,269759,3965,30,30,8,14,0.4667,0.2,0.728,29,5,9,0.556
1084735,269760,269759,3965,30,30,8,14,0.4667,0.2,0.728,29,5,9,0.556
1093565,18292,18283,18024,10,10,5,5,0.5,0.0,0.728,9,5,9,0.556
1102892,16230,16226,18791,10,10,5,5,0.5,0.0,0.728,9,5,9,0.556
1224783,281284,281281,41192,20,20,1,6,0.3,0.25,0.725,19,5,9,0.556
1224781,281279,281281,41192,20,20,4,6,0.3,0.1,0.725,19,5,9,0.556
1059023,79008,82531,13223,13,13,4,6,0.4615,0.1538,0.722,12,5,9,0.556
1059025,79008,82531,13223,13,13,4,6,0.4615,0.1538,0.722,12,5,9,0.556
1068685,79008,82531,13223,13,13,4,6,0.4615,0.1538,0.722,12,5,9,0.556
1068688,79008,82531,13223,13,13,4,6,0.4615,0.1538,0.722,12,5,9,0.556
1210415,25323,25307,26376,9,9,4,5,0.5556,0.1111,0.722,8,5,9,0.556
1196045,25323,25307,26376,9,9,4,5,0.5556,0.1111,0.722,8,5,9,0.556
1210181,25323,25307,26376,9,9,4,5,0.5556,0.1111,0.722,8,5,9,0.556
1221273,25323,25307,26376,9,9,4,5,0.5556,0.1111,0.722,8,5,9,0.556
1198003,554,534,39753,9,9,4,5,0.5556,0.1111,0.722,8,5,9,0.556
1197885,554,534,39753,9,9,4,5,0.5556,0.1111,0.722,8,5,9,0.556
1228098,554,534,39753,9,9,4,5,0.5556,0.1111,0.722,8,5,9,0.556
1228099,554,534,39753,9,9,4,5,0.5556,0.1111,0.722,8,5,9,0.556
1220762,19073,19068,42986,10,10,1,8,0.8,0.7,0.716,9,5,9,0.556
1146422,20767,20748,32057,8,8,2,6,0.75,0.5,0.714,7,5,9,0.556
1147589,20767,20748,32057,8,8,2,6,0.75,0.5,0.714,7,5,9,0.556
1121066,12857,12562,25437,10,10,1,6,0.6,0.5,0.704,9,5,9,0.556
1218576,128300,12562,25437,10,10,1,6,0.6,0.5,0.704,9,5,9,0.556
1114619,12897,12562,25437,10,10,1,6,0.6,0.5,0.704,9,5,9,0.556
1120956,148813,12562,25437,10,10,1,6,0.6,0.5,0.704,9,5,9,0.556
1012841,23815,23832,3763,7,7,1,4,0.5714,0.4286,0.704,6,5,9,0.556
1024052,23811,23832,3763,7,7,2,4,0.5714,0.2857,0.704,6,5,9,0.556
1028909,23811,23832,3763,7,7,2,4,0.5714,0.2857,0.704,6,5,9,0.556
1066492,82530,82531,13223,13,13,3,6,0.4615,0.2308,0.704,12,5,9,0.556
1066538,82530,82531,13223,13,13,3,6,0.4615,0.2308,0.704,12,5,9,0.556
1066540,82530,82531,13223,13,13,3,6,0.4615,0.2308,0.704,12,5,9,0.556
1067492,22033,22034,13234,10,10,4,6,0.6,0.2,0.704,9,5,9,0.556
1067462,22033,22034,13234,10,10,4,6,0.6,0.2,0.704,9,5,9,0.556
1067467,22033,22034,13234,10,10,4,6,0.6,0.2,0.704,9,5,9,0.556
1059043,22033,22034,13234,10,10,4,6,0.6,0.2,0.704,9,5,9,0.556
1150116,3618,3615,4792,7,7,3,4,0.5714,0.1429,0.704,6,5,9,0.556
1130844,3618,3615,4792,7,7,3,4,0.5714,0.1429,0.704,6,5,9,0.556
1014910,3618,3615,4792,7,7,3,4,0.5714,0.1429,0.704,6,5,9,0.556
1066075,172475,172170,14625,7,7,3,4,0.5714,0.1429,0.704,6,5,9,0.556
1063496,172475,172170,14625,7,7,3,4,0.5714,0.1429,0.704,6,5,9,0.556
1066087,172475,172170,14625,7,7,3,4,0.5714,0.1429,0.704,6,5,9,0.556
1201880,652,654,30974,7,7,3,4,0.5714,0.1429,0.704,6,5,9,0.556
1216361,652,654,30974,7,7,3,4,0.5714,0.1429,0.704,6,5,9,0.556
1198378,652,654,30974,7,7,3,4,0.5714,0.1429,0.704,6,5,9,0.556
1309034,8760,8650,40783,7,7,3,4,0.5714,0.1429,0.704,6,5,9,0.556
1309035,8760,8650,40783,7,7,3,4,0.5714,0.1429,0.704,6,5,9,0.556
1309037,8760,8650,40783,7,7,3,4,0.5714,0.1429,0.704,6,5,9,0.556
1221968,11181,114219,41595,7,7,3,4,0.5714,0.1429,0.704,6,5,9,0.556
1221969,11181,114219,41595,7,7,3,4,0.5714,0.1429,0.704,6,5,9,0.556
1208237,11181,114219,41595,7,7,3,4,0.5714,0.1429,0.704,6,5,9,0.556
1097893,25730,14460,3872,4,4,2,2,0.5,0.0,0.704,3,5,9,0.556
1012997,25730,14460,3872,4,4,2,2,0.5,0.0,0.704,3,5,9,0.556
1013457,19200,19114,4168,4,4,2,2,0.5,0.0,0.704,3,5,9,0.556
1135112,19200,19114,4168,4,4,2,2,0.5,0.0,0.704,3,5,9,0.556
1068710,5852,5849,11552,4,4,2,2,0.5,0.0,0.704,3,5,9,0.556
1084297,5852,5849,11552,4,4,2,2,0.5,0.0,0.704,3,5,9,0.556
1281156,91806,2038,48023,4,4,2,2,0.5,0.0,0.704,3,5,9,0.556
1280007,91806,2038,48023,4,4,2,2,0.5,0.0,0.704,3,5,9,0.556
1036407,,390901,2814,21,19,0,17,0.8947,0.8947,0.7,20,5,9,0.556
1188727,16290,16169,27619,19,19,3,5,0.2632,0.1053,0.698,18,5,9,0.556
1188728,16290,16169,27619,19,19,3,5,0.2632,0.1053,0.698,18,5,9,0.556
1188731,16308,16169,27619,19,19,3,5,0.2632,0.1053,0.698,18,5,9,0.556
1188732,16308,16169,27619,19,19,3,5,0.2632,0.1053,0.698,18,5,9,0.556
1181096,16308,16169,27619,19,19,3,5,0.2632,0.1053,0.698,18,5,9,0.556
1188746,16290,16169,27619,19,19,3,5,0.2632,0.1053,0.698,18,5,9,0.556
1058694,342077,342075,13075,8,8,4,4,0.5,0.0,0.698,7,5,9,0.556
1058695,342077,342075,13075,8,8,4,4,0.5,0.0,0.698,7,5,9,0.556
1224841,280644,280642,29717,18,18,3,5,0.2778,0.1111,0.693,17,5,9,0.556
1224844,280644,280642,29717,18,18,3,5,0.2778,0.1111,0.693,17,5,9,0.556
1224928,280644,280642,29717,18,18,3,5,0.2778,0.1111,0.693,17,5,9,0.556
1156179,20647,2408,20840,14,14,5,5,0.3571,0.0,0.692,13,5,9,0.556
1155082,20647,2408,20840,14,14,5,5,0.3571,0.0,0.692,13,5,9,0.556
1155083,20647,2408,20840,14,14,5,5,0.3571,0.0,0.692,13,5,9,0.556
1156181,20647,2408,20840,14,14,5,5,0.3571,0.0,0.692,13,5,9,0.556
1156174,20647,2408,20840,14,14,5,5,0.3571,0.0,0.692,13,5,9,0.556
1224784,281279,281281,41192,20,20,4,6,0.3,0.1,0.69,19,5,9,0.556
1065847,163848,199048,14752,11,11,4,5,0.4545,0.0909,0.689,10,5,9,0.556
1065848,163848,199048,14752,11,11,4,5,0.4545,0.0909,0.689,10,5,9,0.556
1065606,163848,199048,14752,11,11,4,5,0.4545,0.0909,0.689,10,5,9,0.556
1084428,163848,199048,14752,11,11,4,5,0.4545,0.0909,0.689,10,5,9,0.556
1188364,19608,19599,36230,11,11,4,4,0.3636,0.0,0.689,10,5,9,0.556
1188365,19608,19599,36230,11,11,4,4,0.3636,0.0,0.689,10,5,9,0.556
1188363,19608,19599,36230,11,11,4,4,0.3636,0.0,0.689,10,5,9,0.556
1185878,19608,19599,36230,11,11,4,4,0.3636,0.0,0.689,10,5,9,0.556
1279703,322880,21574,24126,14,14,2,7,0.5,0.3571,0.684,13,5,9,0.556
1279775,322880,21574,24126,14,14,2,7,0.5,0.3571,0.684,13,5,9,0.556
1302837,506644,506642,5758,8,8,3,5,0.625,0.25,0.683,7,5,9,0.556
1036380,506644,506642,5758,8,8,3,5,0.625,0.25,0.683,7,5,9,0.556
1138704,506644,506642,5758,8,8,3,5,0.625,0.25,0.683,7,5,9,0.556
1283122,21542,26419,48772,8,8,3,5,0.625,0.25,0.683,7,5,9,0.556
1306678,21542,26419,48772,8,8,3,5,0.625,0.25,0.683,7,5,9,0.556
1306680,21542,26419,48772,8,8,3,5,0.625,0.25,0.683,7,5,9,0.556
1065627,280956,280649,14580,15,15,5,6,0.4,0.0667,0.683,14,5,9,0.556
1065629,280956,280649,14580,15,15,5,6,0.4,0.0667,0.683,14,5,9,0.556
1065631,280956,280649,14580,15,15,5,6,0.4,0.0667,0.683,14,5,9,0.556
1065632,280956,280649,14580,15,15,5,6,0.4,0.0667,0.683,14,5,9,0.556
1127642,280956,280649,14580,15,15,5,6,0.4,0.0667,0.683,14,5,9,0.556
1068086,5766,5767,15298,9,9,4,5,0.5556,0.1111,0.681,8,5,9,0.556
1068087,5766,5767,15298,9,9,4,5,0.5556,0.1111,0.681,8,5,9,0.556
1084478,5766,5767,15298,9,9,4,5,0.5556,0.1111,0.681,8,5,9,0.556
1202943,18536,5017,36222,18,18,5,5,0.2778,0.0,0.68,17,5,9,0.556
1202944,18536,5017,36222,18,18,5,5,0.2778,0.0,0.68,17,5,9,0.556
1202945,18536,5017,36222,18,18,5,5,0.2778,0.0,0.68,17,5,9,0.556
1300916,22890,22895,29654,28,28,13,15,0.5357,0.0714,0.679,27,5,9,0.556
1305966,22890,22895,29654,28,28,13,15,0.5357,0.0714,0.679,27,5,9,0.556
1300893,22890,22895,29654,28,28,13,15,0.5357,0.0714,0.679,27,5,9,0.556
1135020,24986,12353,19109,11,11,4,7,0.6364,0.2727,0.678,10,5,9,0.556
1082857,24986,12353,19109,11,11,4,7,0.6364,0.2727,0.678,10,5,9,0.556
1207763,24986,12353,19109,11,11,4,7,0.6364,0.2727,0.678,10,5,9,0.556
1185688,148483,38405,16575,18,18,2,4,0.2222,0.1111,0.673,17,5,9,0.556
1185689,148483,38405,16575,18,18,2,4,0.2222,0.1111,0.673,17,5,9,0.556
1219127,18517,5017,36222,18,18,3,5,0.2778,0.1111,0.673,17,5,9,0.556
1219918,18517,5017,36222,18,18,3,5,0.2778,0.1111,0.673,17,5,9,0.556
1299069,7851,7806,47743,9,9,2,7,0.7778,0.5556,0.667,8,5,9,0.556
1282214,17812,17825,48338,7,7,2,5,0.7143,0.4286,0.667,6,5,9,0.556
1082477,14924,14907,18619,12,12,4,8,0.6667,0.3333,0.667,11,5,9,0.556
1073024,376109,364940,16544,3,3,1,2,0.6667,0.3333,0.667,2,5,9,0.556
1073803,3515,21356,16936,3,3,1,2,0.6667,0.3333,0.667,2,5,9,0.556
1272937,16959,73900,32815,3,3,1,2,0.6667,0.3333,0.667,2,5,9,0.556
1222951,24719,24739,41826,3,3,1,2,0.6667,0.3333,0.667,2,5,9,0.556
1299858,18638,18661,49938,3,3,1,2,0.6667,0.3333,0.667,2,5,9,0.556
1218513,11432,11447,25891,9,9,3,5,0.5556,0.2222,0.667,8,5,9,0.556
1130755,11432,11447,25891,9,9,3,5,0.5556,0.2222,0.667,8,5,9,0.556
1217462,11432,11447,25891,9,9,3,5,0.5556,0.2222,0.667,8,5,9,0.556
1011936,20223,13632,3571,5,5,2,3,0.6,0.2,0.667,4,5,9,0.556
1013067,20223,13632,3571,5,5,2,3,0.6,0.2,0.667,4,5,9,0.556
1191238,17234,17274,21259,5,5,2,3,0.6,0.2,0.667,4,5,9,0.556
1155800,17234,17274,21259,5,5,2,3,0.6,0.2,0.667,4,5,9,0.556
1108848,16691,16677,22902,5,5,2,3,0.6,0.2,0.667,4,5,9,0.556
1108850,16691,16677,22902,5,5,2,3,0.6,0.2,0.667,4,5,9,0.556
1128877,8831,8761,28494,5,5,2,3,0.6,0.2,0.667,4,5,9,0.556
1250421,8831,8761,28494,5,5,2,3,0.6,0.2,0.667,4,5,9,0.556
1267021,24264,10674,39650,5,5,2,3,0.6,0.2,0.667,4,5,9,0.556
1269567,24264,10674,39650,5,5,2,3,0.6,0.2,0.667,4,5,9,0.556
1219916,18517,5017,36222,18,18,3,5,0.2778,0.1111,0.667,17,5,9,0.556
1195971,775,19940,16299,9,9,4,5,0.5556,0.1111,0.667,8,5,9,0.556
1223417,775,19940,16299,9,9,4,5,0.5556,0.1111,0.667,8,5,9,0.556
1224490,482699,1841,20703,9,9,1,2,0.2222,0.1111,0.667,8,5,9,0.556
1170531,10787,10792,35887,9,9,3,4,0.4444,0.1111,0.667,8,5,9,0.556
1210126,10787,10792,35887,9,9,3,4,0.4444,0.1111,0.667,8,5,9,0.556
1039771,9136,9062,10080,11,11,5,6,0.5455,0.0909,0.667,10,5,9,0.556
1058249,274235,294715,4569,13,13,4,5,0.3846,0.0769,0.667,12,5,9,0.556
1053454,274235,294715,4569,13,13,4,5,0.3846,0.0769,0.667,12,5,9,0.556
1053453,274235,294715,4569,13,13,4,5,0.3846,0.0769,0.667,12,5,9,0.556
1053455,274235,294715,4569,13,13,4,5,0.3846,0.0769,0.667,12,5,9,0.556
1102635,16425,16433,23225,13,13,6,7,0.5385,0.0769,0.667,12,5,9,0.556
1102698,16425,16433,23225,13,13,6,7,0.5385,0.0769,0.667,12,5,9,0.556
1218086,24025,24013,33040,17,17,5,6,0.3529,0.0588,0.667,16,5,9,0.556
1218117,24025,24013,33040,17,17,5,6,0.3529,0.0588,0.667,16,5,9,0.556
1197760,24025,24013,33040,17,17,5,6,0.3529,0.0588,0.667,16,5,9,0.556
1228958,24025,24013,33040,17,17,5,6,0.3529,0.0588,0.667,16,5,9,0.556
1197801,24025,24013,33040,17,17,5,6,0.3529,0.0588,0.667,16,5,9,0.556
1287934,24183,24055,25912,20,20,6,6,0.3,0.0,0.667,19,5,9,0.556
1287296,24183,24055,25912,20,20,6,6,0.3,0.0,0.667,19,5,9,0.556
1287297,24183,24055,25912,20,20,6,6,0.3,0.0,0.667,19,5,9,0.556
1287298,24183,24055,25912,20,20,6,6,0.3,0.0,0.667,19,5,9,0.556
1273715,24183,24055,25912,20,20,6,6,0.3,0.0,0.667,19,5,9,0.556
1150744,1929,1841,20703,9,9,2,2,0.2222,0.0,0.667,8,5,9,0.556
1150718,1929,1841,20703,9,9,2,2,0.2222,0.0,0.667,8,5,9,0.556
1299870,18400,18367,50020,9,9,3,3,0.3333,0.0,0.667,8,5,9,0.556
1299782,18400,18367,50020,9,9,3,3,0.3333,0.0,0.667,8,5,9,0.556
1286764,7144,7107,49054,8,8,4,4,0.5,0.0,0.667,7,5,9,0.556
1121093,32290,13534,17021,5,5,1,1,0.2,0.0,0.667,4,5,9,0.556
1145090,49248,13534,17021,5,5,1,1,0.2,0.0,0.667,4,5,9,0.556
1184328,344730,63005,370,4,4,1,1,0.25,0.0,0.667,3,5,9,0.556
1001191,376203,63005,370,4,4,1,1,0.25,0.0,0.667,3,5,9,0.556
1300886,22890,22895,29654,28,28,13,15,0.5357,0.0714,0.663,27,5,9,0.556
1110816,13217,13080,20278,17,17,4,4,0.2353,0.0,0.66,16,5,9,0.556
1110818,13217,13080,20278,17,17,4,4,0.2353,0.0,0.66,16,5,9,0.556
1110754,13217,13080,20278,17,17,4,4,0.2353,0.0,0.66,16,5,9,0.556
1090617,13217,13080,20278,17,17,4,4,0.2353,0.0,0.66,16,5,9,0.556
1170147,24751,11662,28011,15,15,5,5,0.3333,0.0,0.659,14,5,9,0.556
1271529,10275,10077,27828,14,14,4,6,0.4286,0.1429,0.658,13,5,9,0.556
1287847,10275,10077,27828,14,14,4,6,0.4286,0.1429,0.658,13,5,9,0.556
1287664,10275,10077,27828,14,14,4,6,0.4286,0.1429,0.658,13,5,9,0.556
1287665,10275,10077,27828,14,14,4,6,0.4286,0.1429,0.658,13,5,9,0.556
1170673,24154,10216,35919,14,14,4,5,0.3571,0.0714,0.658,13,5,9,0.556
1170674,24154,10216,35919,14,14,4,5,0.3571,0.0714,0.658,13,5,9,0.556
1170675,24154,10216,35919,14,14,4,5,0.3571,0.0714,0.658,13,5,9,0.556
1170751,24154,10216,35919,14,14,4,5,0.3571,0.0714,0.658,13,5,9,0.556
1188776,26369,16252,27711,12,12,6,6,0.5,0.0,0.657,11,5,9,0.556
1207760,24986,12353,19109,11,11,4,7,0.6364,0.2727,0.656,10,5,9,0.556
1288587,7323,7300,3306,22,22,3,7,0.3182,0.1818,0.656,21,5,9,0.556
1298643,7323,7300,3306,22,22,3,7,0.3182,0.1818,0.656,21,5,9,0.556
1279361,7362,7300,3306,22,22,3,7,0.3182,0.1818,0.656,21,5,9,0.556
1279364,7362,7300,3306,22,22,3,7,0.3182,0.1818,0.656,21,5,9,0.556
1279363,7362,7300,3306,22,22,3,7,0.3182,0.1818,0.656,21,5,9,0.556
1131023,18277,18303,15529,10,10,3,4,0.4,0.1,0.654,9,5,9,0.556
1287190,18277,18303,15529,10,10,3,4,0.4,0.1,0.654,9,5,9,0.556
1196078,10862,285756,39297,9,8,2,4,0.5,0.25,0.653,8,5,9,0.556
1170550,10745,10792,35887,9,9,2,4,0.4444,0.2222,0.653,8,5,9,0.556
1170551,10745,10792,35887,9,9,2,4,0.4444,0.2222,0.653,8,5,9,0.556
1195977,775,19940,16299,9,9,4,5,0.5556,0.1111,0.653,8,5,9,0.556
1186254,19126,18993,8379,15,15,4,5,0.3333,0.0667,0.651,14,5,9,0.556
1186255,19126,18993,8379,15,15,4,5,0.3333,0.0667,0.651,14,5,9,0.556
1186297,19126,18993,8379,15,15,4,5,0.3333,0.0667,0.651,14,5,9,0.556
1185207,19126,18993,8379,15,15,4,5,0.3333,0.0667,0.651,14,5,9,0.556
1308062,8544,8694,28976,20,20,5,6,0.3,0.05,0.649,19,5,9,0.556
1308065,8544,8694,28976,20,20,5,6,0.3,0.05,0.649,19,5,9,0.556
1308324,8544,8694,28976,20,20,5,6,0.3,0.05,0.649,19,5,9,0.556
1304752,8544,8694,28976,20,20,5,6,0.3,0.05,0.649,19,5,9,0.556
1137956,8544,8694,28976,20,20,5,6,0.3,0.05,0.649,19,5,9,0.556
1175341,25073,25056,36396,13,13,2,5,0.3846,0.2308,0.648,12,5,9,0.556
1175296,25073,25056,36396,13,13,2,5,0.3846,0.2308,0.648,12,5,9,0.556
1281694,6694,22376,13530,6,6,2,4,0.6667,0.3333,0.644,5,5,9,0.556
1281695,6694,22376,13530,6,6,2,4,0.6667,0.3333,0.644,5,5,9,0.556
1134693,9833,9878,21715,6,6,2,4,0.6667,0.3333,0.644,5,5,9,0.556
1216039,9833,9878,21715,6,6,2,4,0.6667,0.3333,0.644,5,5,9,0.556
1189309,4209,4213,38816,6,6,2,4,0.6667,0.3333,0.644,5,5,9,0.556
1189324,4209,4213,38816,6,6,2,4,0.6667,0.3333,0.644,5,5,9,0.556
1185479,19633,19638,22155,16,16,1,6,0.375,0.3125,0.644,15,5,9,0.556
1185480,19636,19638,22155,16,16,4,6,0.375,0.125,0.644,15,5,9,0.556
1185481,19636,19638,22155,16,16,4,6,0.375,0.125,0.644,15,5,9,0.556
1185334,19636,19638,22155,16,16,4,6,0.375,0.125,0.644,15,5,9,0.556
1273329,19636,19638,22155,16,16,4,6,0.375,0.125,0.644,15,5,9,0.556
1062330,5668,5671,14366,11,11,5,6,0.5455,0.0909,0.644,10,5,9,0.556
1065303,5668,5671,14366,11,11,5,6,0.5455,0.0909,0.644,10,5,9,0.556
1309546,7374,7410,46510,16,16,4,5,0.3125,0.0625,0.644,15,5,9,0.556
1309547,7374,7410,46510,16,16,4,5,0.3125,0.0625,0.644,15,5,9,0.556
1309549,7374,7410,46510,16,16,4,5,0.3125,0.0625,0.644,15,5,9,0.556
1309526,7374,7410,46510,16,16,4,5,0.3125,0.0625,0.644,15,5,9,0.556
1288584,7331,7300,3306,22,22,2,7,0.3182,0.2273,0.64,21,5,9,0.556
1304082,7331,7300,3306,22,22,2,7,0.3182,0.2273,0.64,21,5,9,0.556
1307144,16361,16386,22299,22,22,4,5,0.2273,0.0455,0.64,21,5,9,0.556
1279206,16361,16386,22299,22,22,4,5,0.2273,0.0455,0.64,21,5,9,0.556
1299136,16361,16386,22299,22,22,4,5,0.2273,0.0455,0.64,21,5,9,0.556
1299137,16361,16386,22299,22,22,4,5,0.2273,0.0455,0.64,21,5,9,0.556
1305384,16359,16386,22299,22,22,4,5,0.2273,0.0455,0.64,21,5,9,0.556
1200911,24425,285756,39297,9,8,1,4,0.5,0.375,0.639,8,5,9,0.556
1286331,16767,16688,30806,13,13,3,6,0.4615,0.2308,0.639,12,5,9,0.556
1286333,16767,16688,30806,13,13,3,6,0.4615,0.2308,0.639,12,5,9,0.556
1283383,16767,16688,30806,13,13,3,6,0.4615,0.2308,0.639,12,5,9,0.556
1196259,10787,10792,35887,9,9,3,4,0.4444,0.1111,0.639,8,5,9,0.556
1188271,18972,18870,38079,13,13,6,7,0.5385,0.0769,0.639,12,5,9,0.556
1186442,18972,18870,38079,13,13,6,7,0.5385,0.0769,0.639,12,5,9,0.556
1299832,18400,18367,50020,9,9,3,3,0.3333,0.0,0.639,8,5,9,0.556
1299872,18394,18367,50020,9,9,3,3,0.3333,0.0,0.639,8,5,9,0.556
1007743,739,697,560,5,5,2,2,0.4,0.0,0.639,4,5,9,0.556
1007802,739,697,560,5,5,2,2,0.4,0.0,0.639,4,5,9,0.556
1122538,1035,993,7046,5,5,1,1,0.2,0.0,0.639,4,5,9,0.556
1122539,370459,993,7046,5,5,1,1,0.2,0.0,0.639,4,5,9,0.556
1074015,25282,13534,17021,5,5,1,1,0.2,0.0,0.639,4,5,9,0.556
1112748,311356,13534,17021,5,5,1,1,0.2,0.0,0.639,4,5,9,0.556
1178151,13961,14003,27440,11,11,5,6,0.5455,0.0909,0.633,10,5,9,0.556
1220810,19068,19038,35338,4,4,1,3,0.75,0.5,0.63,3,5,9,0.556
1029068,375308,375309,7549,7,7,2,5,0.7143,0.4286,0.63,6,5,9,0.556
1097689,375308,375309,7549,7,7,2,5,0.7143,0.4286,0.63,6,5,9,0.556
1124409,2440,2374,26486,7,7,2,5,0.7143,0.4286,0.63,6,5,9,0.556
1122231,2440,2374,26486,7,7,2,5,0.7143,0.4286,0.63,6,5,9,0.556
1282225,74851,19540,41041,19,19,4,6,0.3158,0.1053,0.63,18,5,9,0.556
1282226,74851,19540,41041,19,19,4,6,0.3158,0.1053,0.63,18,5,9,0.556
1282227,74851,19540,41041,19,19,4,6,0.3158,0.1053,0.63,18,5,9,0.556
1281729,74851,19540,41041,19,19,4,6,0.3158,0.1053,0.63,18,5,9,0.556
1102894,26569,26565,23266,10,10,5,5,0.5,0.0,0.63,9,5,9,0.556
1062661,281926,268478,14417,4,4,2,2,0.5,0.0,0.63,3,5,9,0.556
1175917,25528,13759,36580,4,4,2,2,0.5,0.0,0.63,3,5,9,0.556
1272138,23656,9267,30412,21,21,5,6,0.2857,0.0476,0.628,20,5,9,0.556
1174526,5021,5017,36222,18,18,1,5,0.2778,0.2222,0.627,17,5,9,0.556
1219987,18536,5017,36222,18,18,5,5,0.2778,0.0,0.627,17,5,9,0.556
1289334,7479,7366,30617,20,20,1,6,0.3,0.25,0.626,19,5,9,0.556
1114798,13126,13080,20278,17,17,1,4,0.2353,0.1765,0.625,16,5,9,0.556
1036261,6638,6684,8686,14,14,3,11,0.7857,0.5714,0.624,13,5,9,0.556
1250236,6638,6684,8686,14,14,3,11,0.7857,0.5714,0.624,13,5,9,0.556
1132416,6638,6684,8686,14,14,3,11,0.7857,0.5714,0.624,13,5,9,0.556
1299304,27025,27023,30729,19,19,4,4,0.2105,0.0,0.623,18,5,9,0.556
1298387,94366,42,49742,6,6,1,3,0.5,0.3333,0.622,5,5,9,0.556
1298389,41,42,49742,6,6,1,3,0.5,0.3333,0.622,5,5,9,0.556
1298075,7014,6925,44645,16,16,5,8,0.5,0.1875,0.622,15,5,9,0.556
1278797,7014,6925,44645,16,16,5,8,0.5,0.1875,0.622,15,5,9,0.556
1278799,7014,6925,44645,16,16,5,8,0.5,0.1875,0.622,15,5,9,0.556
1278800,7014,6925,44645,16,16,5,8,0.5,0.1875,0.622,15,5,9,0.556
1299529,19028,18935,28914,6,6,2,3,0.5,0.1667,0.622,5,5,9,0.556
1131459,19028,18935,28914,6,6,2,3,0.5,0.1667,0.622,5,5,9,0.556
1303087,22252,6341,29939,11,11,5,6,0.5455,0.0909,0.622,10,5,9,0.556
1303317,22252,6341,29939,11,11,5,6,0.5455,0.0909,0.622,10,5,9,0.556
1302348,22252,6341,29939,11,11,5,6,0.5455,0.0909,0.622,10,5,9,0.556
1107881,2108,2106,10567,21,21,4,4,0.1905,0.0,0.622,20,5,9,0.556
1107883,2108,2106,10567,21,21,4,4,0.1905,0.0,0.622,20,5,9,0.556
1155700,2108,2106,10567,21,21,4,4,0.1905,0.0,0.622,20,5,9,0.556
1156361,2108,2106,10567,21,21,4,4,0.1905,0.0,0.622,20,5,9,0.556
1176165,2880,2841,36638,6,6,3,3,0.5,0.0,0.622,5,5,9,0.556
1176166,2880,2841,36638,6,6,3,3,0.5,0.0,0.622,5,5,9,0.556
1219192,91180,5017,36222,18,18,4,5,0.2778,0.0556,0.621,17,5,9,0.556
1219195,91180,5017,36222,18,18,4,5,0.2778,0.0556,0.621,17,5,9,0.556
1219137,91180,5017,36222,18,18,4,5,0.2778,0.0556,0.621,17,5,9,0.556
1219139,91180,5017,36222,18,18,4,5,0.2778,0.0556,0.621,17,5,9,0.556
1289542,10396,24055,25912,20,20,4,6,0.3,0.1,0.62,19,5,9,0.556
1273563,10396,24055,25912,20,20,4,6,0.3,0.1,0.62,19,5,9,0.556
1273717,10396,24055,25912,20,20,4,6,0.3,0.1,0.62,19,5,9,0.556
1273718,10396,24055,25912,20,20,4,6,0.3,0.1,0.62,19,5,9,0.556
1134436,8693,8638,19061,8,8,2,6,0.75,0.5,0.619,7,5,9,0.556
1082801,8693,8638,19061,8,8,2,6,0.75,0.5,0.619,7,5,9,0.556
1146535,15248,21174,32082,8,8,2,6,0.75,0.5,0.619,7,5,9,0.556
1171846,15248,21174,32082,8,8,2,6,0.75,0.5,0.619,7,5,9,0.556
1004528,133427,133428,1497,8,8,3,5,0.625,0.25,0.619,7,5,9,0.556
1005547,21908,21901,86,8,8,2,3,0.375,0.125,0.619,7,5,9,0.556
1005483,21908,21901,86,8,8,2,3,0.375,0.125,0.619,7,5,9,0.556
1156647,4038,4044,19339,8,8,2,3,0.375,0.125,0.619,7,5,9,0.556
1156649,4038,4044,19339,8,8,2,3,0.375,0.125,0.619,7,5,9,0.556
1133590,264323,262721,29728,8,8,2,3,0.375,0.125,0.619,7,5,9,0.556
1133593,264323,262721,29728,8,8,2,3,0.375,0.125,0.619,7,5,9,0.556
1232499,521053,521051,12790,8,8,1,7,0.875,0.75,0.615,7,5,9,0.556
1084402,18766,18806,10027,9,9,2,7,0.7778,0.5556,0.611,8,5,9,0.556
1096886,18766,18806,10027,9,9,2,7,0.7778,0.5556,0.611,8,5,9,0.556
1062597,5666,5670,13503,9,9,3,6,0.6667,0.3333,0.611,8,5,9,0.556
1059509,5666,5670,13503,9,9,3,6,0.6667,0.3333,0.611,8,5,9,0.556
1110536,16962,16963,23997,9,9,3,6,0.6667,0.3333,0.611,8,5,9,0.556
1226366,16796,16688,30806,13,13,2,6,0.4615,0.3077,0.611,12,5,9,0.556
1287349,16796,16688,30806,13,13,2,6,0.4615,0.3077,0.611,12,5,9,0.556
1281989,7546,7621,48544,5,5,2,3,0.6,0.2,0.611,4,5,9,0.556
1197287,10371,599,12522,35,35,1,4,0.1143,0.0857,0.611,34,5,9,0.556
1102700,16425,16433,23225,13,13,6,7,0.5385,0.0769,0.611,12,5,9,0.556
1207549,10258,599,12522,35,35,2,4,0.1143,0.0571,0.611,34,5,9,0.556
1207550,10258,599,12522,35,35,2,4,0.1143,0.0571,0.611,34,5,9,0.556
1197288,10327,599,12522,35,35,2,4,0.1143,0.0571,0.611,34,5,9,0.556
1299830,18394,18367,50020,9,9,3,3,0.3333,0.0,0.611,8,5,9,0.556
1299823,18394,18367,50020,9,9,3,3,0.3333,0.0,0.611,8,5,9,0.556
1302962,115,93,50521,3,3,1,1,0.3333,0.0,0.611,2,5,9,0.556
1084366,27417,27424,11850,18,18,4,10,0.5556,0.3333,0.608,17,5,9,0.556
1132498,27417,27424,11850,18,18,4,10,0.5556,0.3333,0.608,17,5,9,0.556
1052118,27417,27424,11850,18,18,4,10,0.5556,0.3333,0.608,17,5,9,0.556
1072151,27417,27424,11850,18,18,4,10,0.5556,0.3333,0.608,17,5,9,0.556
1127534,19889,599,12522,35,35,1,4,0.1143,0.0857,0.608,34,5,9,0.556
1098146,8743,8738,16896,10,10,2,8,0.8,0.6,0.605,9,5,9,0.556
1073733,8743,8738,16896,10,10,2,8,0.8,0.6,0.605,9,5,9,0.556
1090917,16812,16846,20410,10,10,2,8,0.8,0.6,0.605,9,5,9,0.556
1117023,16812,16846,20410,10,10,2,8,0.8,0.6,0.605,9,5,9,0.556
1153172,6014,6020,29131,10,10,2,8,0.8,0.6,0.605,9,5,9,0.556
1250925,6014,6020,29131,10,10,2,8,0.8,0.6,0.605,9,5,9,0.556
1126980,13440,13468,26766,35,35,11,24,0.6857,0.3714,0.605,34,5,9,0.556
1127228,,530639,8759,8,7,0,7,1.0,1.0,0.603,7,5,9,0.556
1271986,9194,9104,44189,8,8,2,5,0.625,0.375,0.603,7,5,9,0.556
1268114,9194,9104,44189,8,8,2,5,0.625,0.375,0.603,7,5,9,0.556
1001984,133420,19712,710,8,8,2,4,0.5,0.25,0.603,7,5,9,0.556
1171526,1179,1177,26377,13,13,4,6,0.4615,0.1538,0.602,12,5,9,0.556
1171532,1179,1177,26377,13,13,4,6,0.4615,0.1538,0.602,12,5,9,0.556
1123006,1179,1177,26377,13,13,4,6,0.4615,0.1538,0.602,12,5,9,0.556
1169787,1179,1177,26377,13,13,4,6,0.4615,0.1538,0.602,12,5,9,0.556
1185475,19402,19422,38041,11,11,4,6,0.5455,0.1818,0.6,10,5,9,0.556
1185476,19402,19422,38041,11,11,4,6,0.5455,0.1818,0.6,10,5,9,0.556
1133375,22501,6905,22342,11,11,5,6,0.5455,0.0909,0.6,10,5,9,0.556
1097665,22501,6905,22342,11,11,5,6,0.5455,0.0909,0.6,10,5,9,0.556
1100291,16998,16962,22710,6,6,3,3,0.5,0.0,0.6,5,5,9,0.556
1197289,10327,599,12522,35,35,2,4,0.1143,0.0571,0.598,34,5,9,0.556
1184653,18684,18686,35120,9,9,2,5,0.5556,0.3333,0.597,8,5,9,0.556
1037506,6832,6845,9570,9,9,4,5,0.5556,0.1111,0.597,8,5,9,0.556
1068088,5766,5767,15298,9,9,4,5,0.5556,0.1111,0.597,8,5,9,0.556
1195975,775,19940,16299,9,9,4,5,0.5556,0.1111,0.597,8,5,9,0.556
1308843,23248,8641,51446,9,9,4,5,0.5556,0.1111,0.597,8,5,9,0.556
1224768,281279,281281,41192,20,20,4,6,0.3,0.1,0.596,19,5,9,0.556
1224782,281279,281281,41192,20,20,4,6,0.3,0.1,0.596,19,5,9,0.556
1200302,10231,599,12522,35,35,2,4,0.1143,0.0571,0.595,34,5,9,0.556
1200305,10318,599,12522,35,35,2,4,0.1143,0.0571,0.595,34,5,9,0.556
1122307,20310,1822,26378,16,16,3,13,0.8125,0.625,0.593,15,5,9,0.556
1122128,20310,1822,26378,16,16,3,13,0.8125,0.625,0.593,15,5,9,0.556
1121873,20310,1822,26378,16,16,3,13,0.8125,0.625,0.593,15,5,9,0.556
1278216,9909,9970,45206,10,10,1,5,0.5,0.4,0.593,9,5,9,0.556
1186932,27409,19469,4955,10,10,2,4,0.4,0.2,0.593,9,5,9,0.556
1186261,27409,19469,4955,10,10,2,4,0.4,0.2,0.593,9,5,9,0.556
1298645,7323,7300,3306,22,22,3,7,0.3182,0.1818,0.593,21,5,9,0.556
1186336,4249,26437,12135,7,7,1,2,0.2857,0.1429,0.593,6,5,9,0.556
1188431,4231,26437,12135,7,7,1,2,0.2857,0.1429,0.593,6,5,9,0.556
1311673,22896,22900,29641,35,35,15,20,0.5714,0.1429,0.592,34,5,9,0.556
1200255,10231,599,12522,35,35,2,4,0.1143,0.0571,0.592,34,5,9,0.556
1279652,6978,22436,47931,14,14,2,6,0.4286,0.2857,0.59,13,5,9,0.556
1298557,6978,22436,47931,14,14,2,6,0.4286,0.2857,0.59,13,5,9,0.556
1033102,6912,6867,3717,14,14,7,7,0.5,0.0,0.59,13,5,9,0.556
1028210,6912,6867,3717,14,14,7,7,0.5,0.0,0.59,13,5,9,0.556
1217097,280965,280966,10469,34,34,11,23,0.6765,0.3529,0.589,33,5,9,0.556
1178695,13961,14003,27440,11,11,5,6,0.5455,0.0909,0.589,10,5,9,0.556
1299785,18296,18373,31123,11,11,2,3,0.2727,0.0909,0.589,10,5,9,0.556
1299851,18296,18373,31123,11,11,2,3,0.2727,0.0909,0.589,10,5,9,0.556
1279301,26766,17497,36098,18,18,3,3,0.1667,0.0,0.588,17,5,9,0.556
1281054,26766,17497,36098,18,18,3,3,0.1667,0.0,0.588,17,5,9,0.556
1159755,9469,9498,5199,15,15,7,8,0.5333,0.0667,0.587,14,5,9,0.556
1251069,9469,9498,5199,15,15,7,8,0.5333,0.0667,0.587,14,5,9,0.556
1134833,27343,19366,20932,17,17,2,8,0.4706,0.3529,0.583,16,5,9,0.556
1128301,27343,19366,20932,17,17,2,8,0.4706,0.3529,0.583,16,5,9,0.556
1305957,22896,22900,29641,35,35,15,20,0.5714,0.1429,0.582,34,5,9,0.556
1197286,10408,599,12522,35,35,2,4,0.1143,0.0571,0.582,34,5,9,0.556
1136417,7035,7088,29956,10,10,2,8,0.8,0.6,0.58,9,5,9,0.556
1250937,7035,7088,29956,10,10,2,8,0.8,0.6,0.58,9,5,9,0.556
1250996,27133,18373,31123,11,11,1,3,0.2727,0.1818,0.578,10,5,9,0.556
1299850,18347,18373,31123,11,11,1,3,0.2727,0.1818,0.578,10,5,9,0.556
1299853,384187,18373,31123,11,11,2,3,0.2727,0.0909,0.578,10,5,9,0.556
1305939,22896,22900,29641,35,35,15,20,0.5714,0.1429,0.575,34,5,9,0.556
1305936,22896,22900,29641,35,35,15,20,0.5714,0.1429,0.575,34,5,9,0.556
1281053,26766,17497,36098,18,18,3,3,0.1667,0.0,0.575,17,5,9,0.556
1281981,16723,16688,30806,13,13,2,6,0.4615,0.3077,0.574,12,5,9,0.556
1281983,16723,16688,30806,13,13,2,6,0.4615,0.3077,0.574,12,5,9,0.556
1208656,623,599,12522,35,35,3,4,0.1143,0.0286,0.572,34,5,9,0.556
1054960,623,599,12522,35,35,3,4,0.1143,0.0286,0.572,34,5,9,0.556
1015426,330558,26796,4984,8,8,1,4,0.5,0.375,0.571,7,5,9,0.556
1216192,4845,26796,4984,8,8,2,4,0.5,0.25,0.571,7,5,9,0.556
1281056,4845,26796,4984,8,8,2,4,0.5,0.25,0.571,7,5,9,0.556
1266336,25122,25119,45232,8,8,3,5,0.625,0.25,0.571,7,5,9,0.556
1134947,23586,23595,30141,9,9,2,7,0.7778,0.5556,0.569,8,5,9,0.556
1275698,23586,23595,30141,9,9,2,7,0.7778,0.5556,0.569,8,5,9,0.556
1220543,19013,19038,42975,9,9,2,6,0.6667,0.4444,0.569,8,5,9,0.556
1200664,12302,12320,33134,9,9,4,5,0.5556,0.1111,0.569,8,5,9,0.556
1208654,623,599,12522,35,35,3,4,0.1143,0.0286,0.569,34,5,9,0.556
1164357,4072,4052,29757,10,10,1,2,0.2,0.1,0.568,9,5,9,0.556
1096681,24477,24464,22078,13,13,4,5,0.3846,0.0769,0.565,12,5,9,0.556
1096664,24477,24464,22078,13,13,4,5,0.3846,0.0769,0.565,12,5,9,0.556
1216761,24477,24464,22078,13,13,4,5,0.3846,0.0769,0.565,12,5,9,0.556
1216762,24477,24464,22078,13,13,4,5,0.3846,0.0769,0.565,12,5,9,0.556
1207552,10225,599,12522,35,35,3,4,0.1143,0.0286,0.565,34,5,9,0.556
1211048,10225,599,12522,35,35,3,4,0.1143,0.0286,0.565,34,5,9,0.556
1232961,,535978,44527,7,5,0,5,1.0,1.0,0.556,6,5,9,0.556
1060426,,26961,13911,3,2,0,2,1.0,1.0,0.556,2,5,9,0.556
1000524,,3771,3,2,1,0,1,1.0,1.0,0.556,1,5,9,0.556
1034753,292159,292158,8978,11,11,1,10,0.9091,0.8182,0.556,10,5,9,0.556
1101986,16606,16615,16957,10,10,1,9,0.9,0.8,0.556,9,5,9,0.556
1113784,14298,25736,18878,9,9,1,8,0.8889,0.7778,0.556,8,5,9,0.556
1115718,25583,13942,25648,9,9,1,8,0.8889,0.7778,0.556,8,5,9,0.556
1028549,22870,7761,7321,8,8,1,7,0.875,0.75,0.556,7,5,9,0.556
1034849,7483,7514,8001,8,8,1,7,0.875,0.75,0.556,7,5,9,0.556
1146021,25873,14724,30410,11,11,1,9,0.8182,0.7273,0.556,10,5,9,0.556
1072192,376978,376976,3790,7,7,1,6,0.8571,0.7143,0.556,6,5,9,0.556
1024012,10047,10083,6385,7,7,1,6,0.8571,0.7143,0.556,6,5,9,0.556
1043119,279037,279035,10779,7,7,1,6,0.8571,0.7143,0.556,6,5,9,0.556
1178570,20431,271680,37262,7,7,1,6,0.8571,0.7143,0.556,6,5,9,0.556
1180420,16179,26320,37600,7,7,1,6,0.8571,0.7143,0.556,6,5,9,0.556
1189563,4550,4577,38867,7,7,1,6,0.8571,0.7143,0.556,6,5,9,0.556
1029861,278085,278086,7755,6,6,1,5,0.8333,0.6667,0.556,5,5,9,0.556
1282527,26634,26660,22494,6,6,1,5,0.8333,0.6667,0.556,5,5,9,0.556
1207260,24959,25069,26465,6,6,1,5,0.8333,0.6667,0.556,5,5,9,0.556
1168813,27287,27286,28242,6,6,1,5,0.8333,0.6667,0.556,5,5,9,0.556
1164518,189756,189755,33977,6,6,1,5,0.8333,0.6667,0.556,5,5,9,0.556
1185529,27467,27464,38205,6,6,1,5,0.8333,0.6667,0.556,5,5,9,0.556
1205566,24792,19984,39398,6,6,1,5,0.8333,0.6667,0.556,5,5,9,0.556
1004024,13318,13287,1304,8,8,1,6,0.75,0.625,0.556,7,5,9,0.556
1143011,9806,9926,13336,5,5,1,4,0.8,0.6,0.556,4,5,9,0.556
1133357,13851,13767,24618,5,5,1,4,0.8,0.6,0.556,4,5,9,0.556
1280110,135660,4885,46948,5,5,1,4,0.8,0.6,0.556,4,5,9,0.556
1297579,4893,4882,48283,5,5,1,4,0.8,0.6,0.556,4,5,9,0.556
1302300,7034,7074,50566,5,5,1,4,0.8,0.6,0.556,4,5,9,0.556
1121121,18887,27253,26170,7,7,1,5,0.7143,0.5714,0.556,6,5,9,0.556
1310328,22301,6485,46177,6,6,1,4,0.6667,0.5,0.556,5,5,9,0.556
1012612,2317,2321,3635,4,4,1,3,0.75,0.5,0.556,3,5,9,0.556
1087787,13861,1917,19557,4,4,1,3,0.75,0.5,0.556,3,5,9,0.556
1113055,18187,18219,21168,4,4,1,3,0.75,0.5,0.556,3,5,9,0.556
1126135,181757,20426,27423,4,4,1,3,0.75,0.5,0.556,3,5,9,0.556
1176444,197118,20678,36745,4,4,1,3,0.75,0.5,0.556,3,5,9,0.556
1297602,7719,7766,49558,4,4,1,3,0.75,0.5,0.556,3,5,9,0.556
1111820,5183,5172,3630,7,7,1,4,0.5714,0.4286,0.556,6,5,9,0.556
1089937,14317,14296,19723,7,7,1,4,0.5714,0.4286,0.556,6,5,9,0.556
1289587,23930,23938,30899,10,10,3,7,0.7,0.4,0.556,9,5,9,0.556
1136168,96,122,23537,8,8,1,4,0.5,0.375,0.556,7,5,9,0.556
1297562,132,122,23537,8,8,1,4,0.5,0.375,0.556,7,5,9,0.556
1196001,31333,285756,39297,9,8,1,4,0.5,0.375,0.556,8,5,9,0.556
1031662,24273,10549,8227,3,3,1,2,0.6667,0.3333,0.556,2,5,9,0.556
1035477,341122,343392,9133,3,3,1,2,0.6667,0.3333,0.556,2,5,9,0.556
1215687,4766,4735,12161,3,3,1,2,0.6667,0.3333,0.556,2,5,9,0.556
1288869,21756,18481,49369,3,3,1,2,0.6667,0.3333,0.556,2,5,9,0.556
1066287,21963,21961,4605,11,11,4,7,0.6364,0.2727,0.556,10,5,9,0.556
1063174,21963,21961,4605,11,11,4,7,0.6364,0.2727,0.556,10,5,9,0.556
1125336,1296,1283,27087,11,11,4,7,0.6364,0.2727,0.556,10,5,9,0.556
1276637,25530,20323,46112,12,12,3,6,0.5,0.25,0.556,11,5,9,0.556
1222300,10862,285756,39297,9,8,2,4,0.5,0.25,0.556,8,5,9,0.556
1299787,113907,18490,49505,8,8,1,3,0.375,0.25,0.556,7,5,9,0.556
1118719,11244,24564,25892,4,4,1,2,0.5,0.25,0.556,3,5,9,0.556
1170841,24558,24564,25892,4,4,1,2,0.5,0.25,0.556,3,5,9,0.556
1280164,376209,4638,47909,13,13,3,6,0.4615,0.2308,0.556,12,5,9,0.556
1299921,27162,18561,4976,5,5,1,2,0.4,0.2,0.556,4,5,9,0.556
1310554,113,143,48041,11,11,3,5,0.4545,0.1818,0.556,10,5,9,0.556
1081452,14131,14104,18364,7,7,3,4,0.5714,0.1429,0.556,6,5,9,0.556
1110519,17018,17033,24489,7,7,3,4,0.5714,0.1429,0.556,6,5,9,0.556
1312543,262090,262721,29728,8,8,2,3,0.375,0.125,0.556,7,5,9,0.556
1211026,927,914,39504,9,9,4,5,0.5556,0.1111,0.556,8,5,9,0.556
1267420,875,850,45509,9,9,4,5,0.5556,0.1111,0.556,8,5,9,0.556
1270842,875,850,45509,9,9,4,5,0.5556,0.1111,0.556,8,5,9,0.556
1185238,18802,18877,20767,22,22,4,5,0.2273,0.0455,0.556,21,5,9,0.556
1208046,10225,599,12522,35,35,3,4,0.1143,0.0286,0.556,34,5,9,0.556
1110769,13167,13080,20278,17,17,4,4,0.2353,0.0,0.556,16,5,9,0.556
1220349,19085,19069,34658,10,10,5,5,0.5,0.0,0.556,9,5,9,0.556
1202978,27218,27213,40971,10,10,4,4,0.4,0.0,0.556,9,5,9,0.556
1272127,23804,9631,27820,8,8,4,4,0.5,0.0,0.556,7,5,9,0.556
1178270,25628,14118,37211,8,8,4,4,0.5,0.0,0.556,7,5,9,0.556
1220391,19040,18998,42952,8,8,4,4,0.5,0.0,0.556,7,5,9,0.556
1001827,316,299,490,6,6,2,2,0.3333,0.0,0.556,5,5,9,0.556
1001847,316,299,490,6,6,2,2,0.3333,0.0,0.556,5,5,9,0.556
1136638,24436,10887,3134,6,6,2,2,0.3333,0.0,0.556,5,5,9,0.556
1251058,24436,10887,3134,6,6,2,2,0.3333,0.0,0.556,5,5,9,0.556
1084093,345325,235840,19480,6,6,1,1,0.1667,0.0,0.556,5,5,9,0.556
1185183,27345,27339,38137,6,6,3,3,0.5,0.0,0.556,5,5,9,0.556
1088235,65247,14585,19640,4,4,1,1,0.25,0.0,0.556,3,5,9,0.556
1265287,281915,243520,44977,3,3,1,1,0.3333,0.0,0.556,2,5,9,0.556
1001075,374,355,306,2,2,1,1,0.5,0.0,0.556,1,5,9,0.556
1002332,658,645,349,2,2,1,1,0.5,0.0,0.556,1,5,9,0.556
1158344,21500,21493,12141,2,2,1,1,0.5,0.0,0.556,1,5,9,0.556
1104745,246722,3519,23681,2,2,1,1,0.5,0.0,0.556,1,5,9,0.556
1128619,370420,27141,28365,2,2,1,1,0.5,0.0,0.556,1,5,9,0.556
1250042,444411,13823,33463,2,2,1,1,0.5,0.0,0.556,1,5,9,0.556
1232065,20758,20750,36966,2,2,1,1,0.5,0.0,0.556,1,5,9,0.556
1297534,4856,4854,49534,2,2,1,1,0.5,0.0,0.556,1,5,9,0.556
1200805,639,599,12522,35,35,2,4,0.1143,0.0571,0.552,34,5,9,0.556
1305308,639,599,12522,35,35,2,4,0.1143,0.0571,0.552,34,5,9,0.556
1207735,335035,599,12522,35,35,1,4,0.1143,0.0857,0.549,34,5,9,0.556
1169798,10384,599,12522,35,35,1,4,0.1143,0.0857,0.549,34,5,9,0.556
1210854,19886,599,12522,35,35,2,4,0.1143,0.0571,0.549,34,5,9,0.556
1210855,19886,599,12522,35,35,2,4,0.1143,0.0571,0.549,34,5,9,0.556
1199926,628,599,12522,35,35,2,4,0.1143,0.0571,0.549,34,5,9,0.556
1207551,10318,599,12522,35,35,2,4,0.1143,0.0571,0.549,34,5,9,0.556
1201164,10408,599,12522,35,35,2,4,0.1143,0.0571,0.549,34,5,9,0.556
1205523,628,599,12522,35,35,2,4,0.1143,0.0571,0.549,34,5,9,0.556
1208655,617,599,12522,35,35,4,4,0.1143,0.0,0.549,34,5,9,0.556
1137527,617,599,12522,35,35,4,4,0.1143,0.0,0.549,34,5,9,0.556
1001289,19799,282,389,13,13,4,4,0.3077,0.0,0.546,12,5,9,0.556
1127724,14215,25640,18405,12,12,3,6,0.5,0.25,0.545,11,5,9,0.556
1126540,14215,25640,18405,12,12,3,6,0.5,0.25,0.545,11,5,9,0.556
1038761,9678,9597,9827,9,9,2,7,0.7778,0.5556,0.542,8,5,9,0.556
1201174,12746,12735,40640,9,9,4,5,0.5556,0.1111,0.542,8,5,9,0.556
1100145,16349,26386,22681,17,17,8,9,0.5294,0.0588,0.542,16,5,9,0.556
1008113,10026,9978,1662,8,8,1,7,0.875,0.75,0.54,7,5,9,0.556
1015431,188482,188480,4988,8,8,2,4,0.5,0.25,0.54,7,5,9,0.556
1076101,27414,27408,15465,7,7,1,6,0.8571,0.7143,0.537,6,5,9,0.556
1271011,8499,8450,45979,11,11,4,7,0.6364,0.2727,0.533,10,5,9,0.556
1298074,7014,6925,44645,16,16,5,8,0.5,0.1875,0.533,15,5,9,0.556
1299749,27094,18373,31123,11,11,1,3,0.2727,0.1818,0.533,10,5,9,0.556
1266075,23845,23799,16961,10,10,1,7,0.7,0.6,0.531,9,5,9,0.556
1286747,7666,7614,49049,18,18,4,5,0.2778,0.0556,0.529,17,5,9,0.556
1298407,7666,7614,49049,18,18,4,5,0.2778,0.0556,0.529,17,5,9,0.556
1298408,7666,7614,49049,18,18,4,5,0.2778,0.0556,0.529,17,5,9,0.556
1298409,7666,7614,49049,18,18,4,5,0.2778,0.0556,0.529,17,5,9,0.556
1299713,26707,17159,28272,21,21,1,3,0.1429,0.0952,0.528,20,5,9,0.556
1185242,19411,19420,20834,16,16,5,7,0.4375,0.125,0.526,15,5,9,0.556
1185243,19411,19420,20834,16,16,5,7,0.4375,0.125,0.526,15,5,9,0.556
1185244,19411,19420,20834,16,16,5,7,0.4375,0.125,0.526,15,5,9,0.556
1186036,19411,19420,20834,16,16,5,7,0.4375,0.125,0.526,15,5,9,0.556
1186037,19411,19420,20834,16,16,5,7,0.4375,0.125,0.526,15,5,9,0.556
1067045,21975,21976,14540,8,8,2,6,0.75,0.5,0.524,7,5,9,0.556
1063191,21975,21976,14540,8,8,2,6,0.75,0.5,0.524,7,5,9,0.556
1021168,9331,9281,5649,8,8,3,5,0.625,0.25,0.524,7,5,9,0.556
1217249,569,558,28581,20,20,4,6,0.3,0.1,0.52,19,5,9,0.556
1217251,569,558,28581,20,20,4,6,0.3,0.1,0.52,19,5,9,0.556
1229588,569,558,28581,20,20,4,6,0.3,0.1,0.52,19,5,9,0.556
1229589,569,558,28581,20,20,4,6,0.3,0.1,0.52,19,5,9,0.556
1219445,18717,18724,42814,7,7,1,6,0.8571,0.7143,0.519,6,5,9,0.556
1065324,5667,21968,14365,10,10,4,6,0.6,0.2,0.519,9,5,9,0.556
1206701,14215,25640,18405,12,12,3,6,0.5,0.25,0.515,11,5,9,0.556
1045642,375116,375117,11287,11,11,2,9,0.8182,0.6364,0.511,10,5,9,0.556
1229026,498,518,28043,26,26,3,5,0.1923,0.0769,0.511,25,5,9,0.556
1229206,498,518,28043,26,26,3,5,0.1923,0.0769,0.511,25,5,9,0.556
1229227,498,518,28043,26,26,3,5,0.1923,0.0769,0.511,25,5,9,0.556
1300890,22890,22895,29654,28,28,13,15,0.5357,0.0714,0.51,27,5,9,0.556
1026604,184639,184637,3379,8,8,1,7,0.875,0.75,0.508,7,5,9,0.556
1063469,5666,5670,14614,10,10,4,6,0.6,0.2,0.506,9,5,9,0.556
1300513,7910,7724,46483,31,31,2,6,0.1935,0.129,0.504,30,5,9,0.556
1309281,7910,7724,46483,31,31,2,6,0.1935,0.129,0.504,30,5,9,0.556
1309283,7846,7724,46483,31,31,2,6,0.1935,0.129,0.504,30,5,9,0.556
1308001,7846,7724,46483,31,31,2,6,0.1935,0.129,0.504,30,5,9,0.556
1185266,19643,19638,22155,16,16,5,6,0.375,0.0625,0.504,15,5,9,0.556
1185268,19643,19638,22155,16,16,5,6,0.375,0.0625,0.504,15,5,9,0.556
1104126,16659,16641,8936,22,22,5,5,0.2273,0.0,0.503,21,5,9,0.556
1101603,16659,16641,8936,22,22,5,5,0.2273,0.0,0.503,21,5,9,0.556
1034554,16659,16641,8936,22,22,5,5,0.2273,0.0,0.503,21,5,9,0.556
1101526,16659,16641,8936,22,22,5,5,0.2273,0.0,0.503,21,5,9,0.556
1311677,22890,22895,29654,28,28,13,15,0.5357,0.0714,0.502,27,5,9,0.556
1066188,5672,5666,14546,11,11,3,8,0.7273,0.4545,0.5,10,5,9,0.556
1038210,22419,6742,9714,5,5,1,3,0.6,0.4,0.5,4,5,9,0.556
1305929,22896,22900,29641,35,35,15,20,0.5714,0.1429,0.5,34,5,9,0.556
1300417,7737,7724,46483,31,31,3,6,0.1935,0.0968,0.5,30,5,9,0.556
1309228,7737,7724,46483,31,31,3,6,0.1935,0.0968,0.5,30,5,9,0.556
1307700,7737,7724,46483,31,31,3,6,0.1935,0.0968,0.5,30,5,9,0.556
1101704,264640,26949,23003,3,3,1,1,0.3333,0.0,0.5,2,5,9,0.556
1063467,5666,5670,14614,10,10,4,6,0.6,0.2,0.494,9,5,9,0.556
1309215,7933,7724,46483,31,31,5,6,0.1935,0.0323,0.493,30,5,9,0.556
1309216,7933,7724,46483,31,31,5,6,0.1935,0.0323,0.493,30,5,9,0.556
1300430,7933,7724,46483,31,31,5,6,0.1935,0.0323,0.493,30,5,9,0.556
1300431,7933,7724,46483,31,31,5,6,0.1935,0.0323,0.493,30,5,9,0.556
1309232,7933,7724,46483,31,31,5,6,0.1935,0.0323,0.493,30,5,9,0.556
1138692,13150,13149,823,26,26,7,8,0.3077,0.0385,0.484,25,5,9,0.556
1135554,13150,13149,823,26,26,7,8,0.3077,0.0385,0.484,25,5,9,0.556
1218843,11457,11525,42569,7,7,1,6,0.8571,0.7143,0.481,6,5,9,0.556
1186144,19630,19635,13607,7,7,1,5,0.7143,0.5714,0.481,6,5,9,0.556
1221923,20289,20261,36075,4,4,1,1,0.25,0.0,0.481,3,5,9,0.556
1136995,13083,13149,823,26,26,5,8,0.3077,0.1154,0.48,25,5,9,0.556
1135257,13083,13149,823,26,26,5,8,0.3077,0.1154,0.48,25,5,9,0.556
1229028,365116,518,28043,26,26,1,5,0.1923,0.1538,0.476,25,5,9,0.556
1123278,13440,13468,26766,35,35,11,24,0.6857,0.3714,0.474,34,5,9,0.556
1123610,13440,13468,26766,35,35,11,24,0.6857,0.3714,0.474,34,5,9,0.556
1307112,7501,7651,28762,18,18,2,5,0.2778,0.1667,0.464,17,5,9,0.556
1308675,7501,7651,28762,18,18,2,5,0.2778,0.1667,0.464,17,5,9,0.556
1080220,35164,35163,18369,7,7,1,6,0.8571,0.7143,0.463,6,5,9,0.556
1026042,,535975,5605,25,22,0,10,0.4545,0.4545,0.461,24,5,9,0.556
1159697,21496,376994,26159,9,9,1,3,0.3333,0.2222,0.458,8,5,9,0.556
1234572,473205,449264,14721,10,10,3,4,0.4,0.1,0.457,9,5,9,0.556
1083466,33247,15790,13756,15,15,4,11,0.7333,0.4667,0.452,14,5,9,0.556
1054071,,390898,163,21,19,0,19,1.0,1.0,0.444,20,5,9,0.556
1010005,390898,390901,2814,21,19,2,17,0.8947,0.7895,0.444,20,5,9,0.556
1021144,9331,9281,5649,8,8,3,5,0.625,0.25,0.444,7,5,9,0.556
1105955,16995,16982,22900,11,11,3,5,0.4545,0.1818,0.444,10,5,9,0.556
1031913,,536892,8319,11,7,0,4,0.5714,0.5714,0.439,10,5,9,0.556
1056054,343552,343550,7624,25,25,4,12,0.48,0.32,0.431,24,5,9,0.556
1056056,343552,343550,7624,25,25,4,12,0.48,0.32,0.431,24,5,9,0.556
1029373,343552,343550,7624,25,25,4,12,0.48,0.32,0.431,24,5,9,0.556
1029374,343552,343550,7624,25,25,4,12,0.48,0.32,0.431,24,5,9,0.556
1048691,13087,13149,823,26,26,2,8,0.3077,0.2308,0.413,25,5,9,0.556
1055066,13087,13149,823,26,26,2,8,0.3077,0.2308,0.413,25,5,9,0.556
1149054,370332,370333,31664,10,10,2,8,0.8,0.6,0.395,9,5,9,0.556
1302919,134,165,13627,39,39,2,4,0.1026,0.0513,0.389,38,5,9,0.556
1304758,134,165,13627,39,39,2,4,0.1026,0.0513,0.389,38,5,9,0.556
1074998,133,165,13627,39,39,3,4,0.1026,0.0256,0.389,38,5,9,0.556
1301281,133,165,13627,39,39,3,4,0.1026,0.0256,0.389,38,5,9,0.556
1000634,5547,5541,73,3,3,1,1,0.3333,0.0,0.389,2,5,9,0.556
1201449,24245,24172,16754,29,29,3,6,0.2069,0.1034,0.385,28,5,9,0.556
1201443,24245,24172,16754,29,29,3,6,0.2069,0.1034,0.385,28,5,9,0.556
1300288,178,165,13627,39,39,2,4,0.1026,0.0513,0.38,38,5,9,0.556
1304760,178,165,13627,39,39,2,4,0.1026,0.0513,0.38,38,5,9,0.556
1059683,175,165,13627,39,39,3,4,0.1026,0.0256,0.38,38,5,9,0.556
1133455,7253,165,13627,39,39,3,4,0.1026,0.0256,0.38,38,5,9,0.556
1134532,7253,165,13627,39,39,3,4,0.1026,0.0256,0.38,38,5,9,0.556
1301279,7253,165,13627,39,39,3,4,0.1026,0.0256,0.38,38,5,9,0.556
1065393,344124,344123,14316,9,9,1,8,0.8889,0.7778,0.375,8,5,9,0.556
1201444,24245,24172,16754,29,29,3,6,0.2069,0.1034,0.369,28,5,9,0.556
1272369,133,165,13627,39,39,3,4,0.1026,0.0256,0.363,38,5,9,0.556
1114171,14569,14535,23976,11,11,1,10,0.9091,0.8182,0.322,10,5,9,0.556
1232474,,525836,35970,5,1,0,1,1.0,1.0,0.222,4,5,9,0.556
1070361,19164,19147,15802,15,15,1,4,0.2667,0.2,0.159,14,5,9,0.556
1001986,,383756,711,11,10,0,10,1.0,1.0,0.133,10,5,9,0.556
1257558,,23110,43996,11,10,0,10,1.0,1.0,0.5,10,4,8,0.5
1257657,,153917,14273,10,9,0,9,1.0,1.0,0.5,9,4,8,0.5
1257372,,79965,2876,9,8,0,8,1.0,1.0,0.5,8,4,8,0.5
1257369,,444305,3057,10,8,0,8,1.0,1.0,0.5,9,4,8,0.5
1257371,,444305,3057,10,8,0,8,1.0,1.0,0.5,9,4,8,0.5
1137848,,139208,10770,6,5,0,5,1.0,1.0,0.5,5,4,8,0.5
1257370,,11985,44869,2,1,0,1,1.0,1.0,0.5,1,4,8,0.5
1257409,,22735,44873,2,1,0,1,1.0,1.0,0.5,1,4,8,0.5
1257424,,25542,44880,2,1,0,1,1.0,1.0,0.5,1,4,8,0.5
1257557,,4830,44889,2,1,0,1,1.0,1.0,0.5,1,4,8,0.5
1132264,,19395,20833,5,4,0,3,0.75,0.75,0.5,4,4,8,0.5
1001983,453918,453917,709,6,5,1,3,0.6,0.4,0.5,5,4,8,0.5
1034938,536814,536191,9026,5,5,1,3,0.6,0.4,0.5,4,4,8,0.5
1233615,5161,5138,3875,7,7,1,3,0.4286,0.2857,0.5,6,4,8,0.5
1282363,10378,449115,22050,13,13,1,4,0.3077,0.2308,0.5,12,4,8,0.5
1210106,501853,501855,6828,7,6,2,3,0.5,0.1667,0.5,6,4,8,0.5
1280382,536369,536374,10583,9,9,4,5,0.5556,0.1111,0.5,8,4,8,0.5
1281589,530637,530638,9365,15,14,4,6,0.4286,0.1429,0.491,14,4,8,0.5
1277807,536893,536892,8319,11,7,3,4,0.5714,0.1429,0.4,10,4,8,0.5
1125556,2484,370319,16661,5,5,1,4,0.8,0.6,1.0,4,4,9,0.444
1179826,15428,15438,37156,5,5,1,4,0.8,0.6,1.0,4,4,9,0.444
1179041,2193,2138,37319,5,5,1,4,0.8,0.6,1.0,4,4,9,0.444
1178632,3140,3173,37086,4,4,1,3,0.75,0.5,1.0,3,4,9,0.444
1208671,20150,20141,41455,4,4,1,3,0.75,0.5,1.0,3,4,9,0.444
1303496,6336,6313,50507,4,4,1,3,0.75,0.5,1.0,3,4,9,0.444
1279427,24767,24760,35771,10,10,1,5,0.5,0.4,1.0,9,4,9,0.444
1201186,23740,9580,22103,8,8,1,4,0.5,0.375,1.0,7,4,9,0.444
1111929,18929,5114,24355,3,3,1,2,0.6667,0.3333,1.0,2,4,9,0.444
1124082,24755,11772,26973,3,3,1,2,0.6667,0.3333,1.0,2,4,9,0.444
1185891,19559,19564,38273,3,3,1,2,0.6667,0.3333,1.0,2,4,9,0.444
1281360,26832,17664,48387,3,3,1,2,0.6667,0.3333,1.0,2,4,9,0.444
1302136,22563,22574,29928,10,10,4,6,0.6,0.2,1.0,9,4,9,0.444
1302140,22563,22574,29928,10,10,4,6,0.6,0.2,1.0,9,4,9,0.444
1302326,22563,22574,29928,10,10,4,6,0.6,0.2,1.0,9,4,9,0.444
1302327,22563,22574,29928,10,10,4,6,0.6,0.2,1.0,9,4,9,0.444
1110068,5207,5236,1950,12,12,5,7,0.5833,0.1667,1.0,11,4,9,0.444
1110624,5207,5236,1950,12,12,5,7,0.5833,0.1667,1.0,11,4,9,0.444
1110625,5207,5236,1950,12,12,5,7,0.5833,0.1667,1.0,11,4,9,0.444
1110083,5207,5236,1950,12,12,5,7,0.5833,0.1667,1.0,11,4,9,0.444
1110540,5207,5236,1950,12,12,5,7,0.5833,0.1667,1.0,11,4,9,0.444
1228294,23743,9580,22103,8,8,3,4,0.5,0.125,1.0,7,4,9,0.444
1197551,23743,9580,22103,8,8,3,4,0.5,0.125,1.0,7,4,9,0.444
1201188,23743,9580,22103,8,8,3,4,0.5,0.125,1.0,7,4,9,0.444
1209222,24742,24760,35771,10,10,4,5,0.5,0.1,1.0,9,4,9,0.444
1171502,24742,24760,35771,10,10,4,5,0.5,0.1,1.0,9,4,9,0.444
1209221,24742,24760,35771,10,10,4,5,0.5,0.1,1.0,9,4,9,0.444
1218628,24742,24760,35771,10,10,4,5,0.5,0.1,1.0,9,4,9,0.444
1175709,24871,12039,13461,8,8,4,4,0.5,0.0,1.0,7,4,9,0.444
1059439,24871,12039,13461,8,8,4,4,0.5,0.0,1.0,7,4,9,0.444
1211245,24871,12039,13461,8,8,4,4,0.5,0.0,1.0,7,4,9,0.444
1180784,24871,12039,13461,8,8,4,4,0.5,0.0,1.0,7,4,9,0.444
1061717,343248,343247,14112,8,8,4,4,0.5,0.0,1.0,7,4,9,0.444
1061238,343248,343247,14112,8,8,4,4,0.5,0.0,1.0,7,4,9,0.444
1061239,343248,343247,14112,8,8,4,4,0.5,0.0,1.0,7,4,9,0.444
1061240,343248,343247,14112,8,8,4,4,0.5,0.0,1.0,7,4,9,0.444
1301374,22421,22411,28161,6,6,3,3,0.5,0.0,1.0,5,4,9,0.444
1301375,22421,22411,28161,6,6,3,3,0.5,0.0,1.0,5,4,9,0.444
1128245,22421,22411,28161,6,6,3,3,0.5,0.0,1.0,5,4,9,0.444
1119210,473039,473038,25987,4,4,2,2,0.5,0.0,1.0,3,4,9,0.444
1119247,473039,473038,25987,4,4,2,2,0.5,0.0,1.0,3,4,9,0.444
1278352,390590,3696,47253,3,3,1,1,0.3333,0.0,1.0,2,4,9,0.444
1279919,3729,3696,47253,3,3,1,1,0.3333,0.0,1.0,2,4,9,0.444
1187634,47336,15814,16537,2,2,1,1,0.5,0.0,1.0,1,4,9,0.444
1122533,937,932,26564,2,2,1,1,0.5,0.0,1.0,1,4,9,0.444
1127284,3845,3844,27751,2,2,1,1,0.5,0.0,1.0,1,4,9,0.444
1179983,20947,20938,37509,2,2,1,1,0.5,0.0,1.0,1,4,9,0.444
1275832,23637,9396,46903,2,2,1,1,0.5,0.0,1.0,1,4,9,0.444
1087785,8043,8101,19555,8,8,3,5,0.625,0.25,0.984,7,4,9,0.444
1305529,8043,8101,19555,8,8,3,5,0.625,0.25,0.984,7,4,9,0.444
1306968,8043,8101,19555,8,8,3,5,0.625,0.25,0.984,7,4,9,0.444
1011576,66531,66530,3390,6,6,1,5,0.8333,0.6667,0.978,5,4,9,0.444
1202112,18068,26990,19142,6,6,1,5,0.8333,0.6667,0.978,5,4,9,0.444
1297507,19161,27307,49521,6,6,1,5,0.8333,0.6667,0.978,5,4,9,0.444
1081300,383516,383515,16793,6,6,2,4,0.6667,0.3333,0.978,5,4,9,0.444
1081302,383516,383515,16793,6,6,2,4,0.6667,0.3333,0.978,5,4,9,0.444
1001439,30689,30695,473,4,4,1,2,0.5,0.25,0.963,3,4,9,0.444
1169119,26025,26024,7403,7,7,3,4,0.5714,0.1429,0.963,6,4,9,0.444
1190123,26025,26024,7403,7,7,3,4,0.5714,0.1429,0.963,6,4,9,0.444
1307640,8010,8030,47166,7,7,3,4,0.5714,0.1429,0.963,6,4,9,0.444
1307641,8010,8030,47166,7,7,3,4,0.5714,0.1429,0.963,6,4,9,0.444
1300484,7326,7272,48180,14,14,4,5,0.3571,0.0714,0.957,13,4,9,0.444
1286885,7326,7272,48180,14,14,4,5,0.3571,0.0714,0.957,13,4,9,0.444
1286886,7326,7272,48180,14,14,4,5,0.3571,0.0714,0.957,13,4,9,0.444
1280519,7326,7272,48180,14,14,4,5,0.3571,0.0714,0.957,13,4,9,0.444
1300482,7298,7272,48180,14,14,5,5,0.3571,0.0,0.957,13,4,9,0.444
1300483,7298,7272,48180,14,14,5,5,0.3571,0.0,0.957,13,4,9,0.444
1300485,7298,7272,48180,14,14,5,5,0.3571,0.0,0.957,13,4,9,0.444
1280518,7298,7272,48180,14,14,5,5,0.3571,0.0,0.957,13,4,9,0.444
1280520,7298,7272,48180,14,14,5,5,0.3571,0.0,0.957,13,4,9,0.444
1188546,4138,4108,37712,10,10,1,5,0.5,0.4,0.951,9,4,9,0.444
1149451,15918,15914,32120,3,3,1,2,0.6667,0.3333,0.944,2,4,9,0.444
1278561,17061,17102,47620,7,7,3,4,0.5714,0.1429,0.944,6,4,9,0.444
1278563,17061,17102,47620,7,7,3,4,0.5714,0.1429,0.944,6,4,9,0.444
1278564,17061,17102,47620,7,7,3,4,0.5714,0.1429,0.944,6,4,9,0.444
1188323,19470,19450,38264,3,3,1,1,0.3333,0.0,0.944,2,4,9,0.444
1190994,19488,19450,38264,3,3,1,1,0.3333,0.0,0.944,2,4,9,0.444
1299801,23990,23975,45395,6,6,3,3,0.5,0.0,0.933,5,4,9,0.444
1266927,23990,23975,45395,6,6,3,3,0.5,0.0,0.933,5,4,9,0.444
1266928,23990,23975,45395,6,6,3,3,0.5,0.0,0.933,5,4,9,0.444
1225816,24004,10000,39752,9,9,4,5,0.5556,0.1111,0.931,8,4,9,0.444
1197973,24004,10000,39752,9,9,4,5,0.5556,0.1111,0.931,8,4,9,0.444
1198005,24004,10000,39752,9,9,4,5,0.5556,0.1111,0.931,8,4,9,0.444
1197884,24004,10000,39752,9,9,4,5,0.5556,0.1111,0.931,8,4,9,0.444
1136837,537451,537452,14300,4,4,1,2,0.5,0.25,0.926,3,4,9,0.444
1062029,537436,537452,14300,4,4,1,2,0.5,0.25,0.926,3,4,9,0.444
1286296,268165,1238,13602,17,17,1,6,0.3529,0.2941,0.917,16,4,9,0.444
1288132,283840,1238,13602,17,17,1,6,0.3529,0.2941,0.917,16,4,9,0.444
1133029,266877,1238,13602,17,17,1,6,0.3529,0.2941,0.917,16,4,9,0.444
1132695,375944,1238,13602,17,17,1,6,0.3529,0.2941,0.917,16,4,9,0.444
1205555,20013,1238,13602,17,17,1,6,0.3529,0.2941,0.917,16,4,9,0.444
1265537,268159,1238,13602,17,17,1,6,0.3529,0.2941,0.917,16,4,9,0.444
1285272,266878,1238,13602,17,17,1,6,0.3529,0.2941,0.917,16,4,9,0.444
1206100,25808,25819,36847,6,6,1,5,0.8333,0.6667,0.911,5,4,9,0.444
1062754,5663,21964,14426,11,11,5,6,0.5455,0.0909,0.911,10,4,9,0.444
1062755,5663,21964,14426,11,11,5,6,0.5455,0.0909,0.911,10,4,9,0.444
1067571,5663,21964,14426,11,11,5,6,0.5455,0.0909,0.911,10,4,9,0.444
1062804,5663,21964,14426,11,11,5,6,0.5455,0.0909,0.911,10,4,9,0.444
1190005,26013,15076,38914,6,6,3,3,0.5,0.0,0.911,5,4,9,0.444
1203133,26013,15076,38914,6,6,3,3,0.5,0.0,0.911,5,4,9,0.444
1190002,26013,15076,38914,6,6,3,3,0.5,0.0,0.911,5,4,9,0.444
1074063,286088,310078,10863,7,7,2,5,0.7143,0.4286,0.907,6,4,9,0.444
1052321,286088,310078,10863,7,7,2,5,0.7143,0.4286,0.907,6,4,9,0.444
1202050,18515,18523,35178,7,7,2,5,0.7143,0.4286,0.907,6,4,9,0.444
1202051,18515,18523,35178,7,7,2,5,0.7143,0.4286,0.907,6,4,9,0.444
1265558,274564,274565,40478,7,7,1,2,0.2857,0.1429,0.907,6,4,9,0.444
1224535,274566,274565,40478,7,7,1,2,0.2857,0.1429,0.907,6,4,9,0.444
1276723,8010,8030,47166,7,7,3,4,0.5714,0.1429,0.907,6,4,9,0.444
1043139,276802,276803,10743,10,10,3,7,0.7,0.4,0.901,9,4,9,0.444
1043180,276802,276803,10743,10,10,3,7,0.7,0.4,0.901,9,4,9,0.444
1043182,276802,276803,10743,10,10,3,7,0.7,0.4,0.901,9,4,9,0.444
1098932,21390,425182,22430,11,11,1,4,0.3636,0.2727,0.9,10,4,9,0.444
1189091,425183,425182,22430,11,11,1,4,0.3636,0.2727,0.9,10,4,9,0.444
1107836,434624,425182,22430,11,11,1,4,0.3636,0.2727,0.9,10,4,9,0.444
1184726,26167,425182,22430,11,11,3,4,0.3636,0.0909,0.9,10,4,9,0.444
1184728,26167,425182,22430,11,11,3,4,0.3636,0.0909,0.9,10,4,9,0.444
1184729,26167,425182,22430,11,11,3,4,0.3636,0.0909,0.9,10,4,9,0.444
1180264,257600,257599,37553,12,12,2,6,0.5,0.3333,0.899,11,4,9,0.444
1232955,,415422,15265,13,10,0,4,0.4,0.4,0.898,12,4,9,0.444
1096703,,415422,15265,13,10,0,4,0.4,0.4,0.898,12,4,9,0.444
1233033,,415422,15265,13,10,0,4,0.4,0.4,0.898,12,4,9,0.444
1137967,415426,415422,15265,13,10,1,4,0.4,0.3,0.898,12,4,9,0.444
1302661,415425,415422,15265,13,10,2,4,0.4,0.2,0.898,12,4,9,0.444
1232469,415420,415422,15265,13,10,3,4,0.4,0.1,0.898,12,4,9,0.444
1118887,415420,415422,15265,13,10,3,4,0.4,0.1,0.898,12,4,9,0.444
1111898,5119,18929,6766,7,7,1,4,0.5714,0.4286,0.889,6,4,9,0.444
1272021,437,444,6788,7,7,2,5,0.7143,0.4286,0.889,6,4,9,0.444
1092029,19397,19374,20830,7,7,1,4,0.5714,0.4286,0.889,6,4,9,0.444
1128682,444224,444223,26018,7,7,1,4,0.5714,0.4286,0.889,6,4,9,0.444
1111899,18900,18929,6766,7,7,2,4,0.5714,0.2857,0.889,6,4,9,0.444
1169118,26025,26024,7403,7,7,3,4,0.5714,0.1429,0.889,6,4,9,0.444
1288810,7267,7278,49325,10,10,3,4,0.4,0.1,0.889,9,4,9,0.444
1073053,14616,14499,5012,10,10,5,5,0.5,0.0,0.889,9,4,9,0.444
1265564,274561,12743,40479,10,10,1,1,0.1,0.0,0.889,9,4,9,0.444
1224536,274555,12743,40479,10,10,1,1,0.1,0.0,0.889,9,4,9,0.444
1224538,274557,12743,40479,10,10,1,1,0.1,0.0,0.889,9,4,9,0.444
1224539,274248,12743,40479,10,10,1,1,0.1,0.0,0.889,9,4,9,0.444
1224540,274249,12743,40479,10,10,1,1,0.1,0.0,0.889,9,4,9,0.444
1189402,344378,344377,38842,6,6,3,3,0.5,0.0,0.889,5,4,9,0.444
1311470,7776,7769,51874,6,6,3,3,0.5,0.0,0.889,5,4,9,0.444
1004092,58203,33262,1332,2,2,1,1,0.5,0.0,0.889,1,4,9,0.444
1113805,17015,16998,22717,2,2,1,1,0.5,0.0,0.889,1,4,9,0.444
1127853,405723,95964,28058,2,2,1,1,0.5,0.0,0.889,1,4,9,0.444
1150173,15989,3819,21111,12,12,2,4,0.3333,0.1667,0.879,11,4,9,0.444
1150135,15981,3819,21111,12,12,2,4,0.3333,0.1667,0.879,11,4,9,0.444
1150170,15989,3819,21111,12,12,2,4,0.3333,0.1667,0.879,11,4,9,0.444
1150172,15981,3819,21111,12,12,2,4,0.3333,0.1667,0.879,11,4,9,0.444
1156146,15979,3819,21111,12,12,4,4,0.3333,0.0,0.879,11,4,9,0.444
1155503,15979,3819,21111,12,12,4,4,0.3333,0.0,0.879,11,4,9,0.444
1150123,15979,3819,21111,12,12,4,4,0.3333,0.0,0.879,11,4,9,0.444
1138422,15979,3819,21111,12,12,4,4,0.3333,0.0,0.879,11,4,9,0.444
1274034,25122,25119,15948,10,10,4,6,0.6,0.2,0.877,9,4,9,0.444
1042430,535598,535595,2871,8,8,4,4,0.5,0.0,0.873,7,4,9,0.444
1191135,18951,18899,18763,8,8,4,4,0.5,0.0,0.873,7,4,9,0.444
1191136,18951,18899,18763,8,8,4,4,0.5,0.0,0.873,7,4,9,0.444
1184925,18951,18899,18763,8,8,4,4,0.5,0.0,0.873,7,4,9,0.444
1081958,18951,18899,18763,8,8,4,4,0.5,0.0,0.873,7,4,9,0.444
1197154,11278,11279,39453,7,7,2,5,0.7143,0.4286,0.87,6,4,9,0.444
1197156,11278,11279,39453,7,7,2,5,0.7143,0.4286,0.87,6,4,9,0.444
1046196,24420,24411,6021,7,7,3,4,0.5714,0.1429,0.87,6,4,9,0.444
1046197,24420,24411,6021,7,7,3,4,0.5714,0.1429,0.87,6,4,9,0.444
1046195,24420,24411,6021,7,7,3,4,0.5714,0.1429,0.87,6,4,9,0.444
1175305,12721,12803,36391,12,11,2,3,0.2727,0.0909,0.869,11,4,9,0.444
1175304,12721,12803,36391,12,11,2,3,0.2727,0.0909,0.869,11,4,9,0.444
1175312,12863,12803,36391,12,11,3,3,0.2727,0.0,0.869,11,4,9,0.444
1175314,12863,12803,36391,12,11,3,3,0.2727,0.0,0.869,11,4,9,0.444
1175283,12863,12803,36391,12,11,3,3,0.2727,0.0,0.869,11,4,9,0.444
1180640,16064,26326,21843,15,15,3,5,0.3333,0.1333,0.865,14,4,9,0.444
1180642,16064,26326,21843,15,15,3,5,0.3333,0.1333,0.865,14,4,9,0.444
1095630,16064,26326,21843,15,15,3,5,0.3333,0.1333,0.865,14,4,9,0.444
1180641,26317,26326,21843,15,15,4,5,0.3333,0.0667,0.865,14,4,9,0.444
1187868,26317,26326,21843,15,15,4,5,0.3333,0.0667,0.865,14,4,9,0.444
1187869,26317,26326,21843,15,15,4,5,0.3333,0.0667,0.865,14,4,9,0.444
1166178,26317,26326,21843,15,15,4,5,0.3333,0.0667,0.865,14,4,9,0.444
1208571,11083,11104,13417,10,10,4,6,0.6,0.2,0.864,9,4,9,0.444
1208639,11083,11104,13417,10,10,4,6,0.6,0.2,0.864,9,4,9,0.444
1208591,11083,11104,13417,10,10,4,6,0.6,0.2,0.864,9,4,9,0.444
1070914,25122,25119,15948,10,10,4,6,0.6,0.2,0.864,9,4,9,0.444
1274033,25122,25119,15948,10,10,4,6,0.6,0.2,0.864,9,4,9,0.444
1066322,5664,5668,14885,9,9,3,6,0.6667,0.3333,0.861,8,4,9,0.444
1271902,10157,10108,22360,5,5,1,1,0.2,0.0,0.861,4,4,9,0.444
1270071,24030,10108,22360,5,5,1,1,0.2,0.0,0.861,4,4,9,0.444
1270072,10126,10108,22360,5,5,1,1,0.2,0.0,0.861,4,4,9,0.444
1270073,10142,10108,22360,5,5,1,1,0.2,0.0,0.861,4,4,9,0.444
1115276,25596,25593,1055,6,6,1,5,0.8333,0.6667,0.844,5,4,9,0.444
1108845,16958,16947,23602,6,6,3,3,0.5,0.0,0.844,5,4,9,0.444
1108846,16958,16947,23602,6,6,3,3,0.5,0.0,0.844,5,4,9,0.444
1309263,8292,8291,50157,6,6,3,3,0.5,0.0,0.844,5,4,9,0.444
1309264,8292,8291,50157,6,6,3,3,0.5,0.0,0.844,5,4,9,0.444
1274032,25122,25119,15948,10,10,4,6,0.6,0.2,0.84,9,4,9,0.444
1102893,16230,16226,18791,10,10,5,5,0.5,0.0,0.84,9,4,9,0.444
1105391,16230,16226,18791,10,10,5,5,0.5,0.0,0.84,9,4,9,0.444
1082045,16230,16226,18791,10,10,5,5,0.5,0.0,0.84,9,4,9,0.444
1143826,18954,453917,709,6,5,1,3,0.6,0.4,0.833,5,4,9,0.444
1066278,5664,5668,14885,9,9,3,6,0.6667,0.3333,0.833,8,4,9,0.444
1274569,265599,31005,30283,5,5,2,2,0.4,0.0,0.833,4,4,9,0.444
1286164,265599,31005,30283,5,5,2,2,0.4,0.0,0.833,4,4,9,0.444
1069737,305917,287036,15281,10,10,5,5,0.5,0.0,0.827,9,4,9,0.444
1069738,305917,287036,15281,10,10,5,5,0.5,0.0,0.827,9,4,9,0.444
1069739,305917,287036,15281,10,10,5,5,0.5,0.0,0.827,9,4,9,0.444
1069716,305917,287036,15281,10,10,5,5,0.5,0.0,0.827,9,4,9,0.444
1100412,535598,535595,2871,8,8,4,4,0.5,0.0,0.825,7,4,9,0.444
1083984,13469,13462,19461,8,8,4,4,0.5,0.0,0.825,7,4,9,0.444
1143051,24815,24764,26856,12,12,4,4,0.3333,0.0,0.818,11,4,9,0.444
1124830,24815,24764,26856,12,12,4,4,0.3333,0.0,0.818,11,4,9,0.444
1124833,24815,24764,26856,12,12,4,4,0.3333,0.0,0.818,11,4,9,0.444
1124834,24815,24764,26856,12,12,4,4,0.3333,0.0,0.818,11,4,9,0.444
1100571,16414,26425,20598,7,7,2,5,0.7143,0.4286,0.815,6,4,9,0.444
1100573,16414,26425,20598,7,7,2,5,0.7143,0.4286,0.815,6,4,9,0.444
1128752,18900,18929,6766,7,7,2,4,0.5714,0.2857,0.815,6,4,9,0.444
1196035,24322,10579,28383,13,13,2,5,0.3846,0.2308,0.815,12,4,9,0.444
1196145,24322,10579,28383,13,13,2,5,0.3846,0.2308,0.815,12,4,9,0.444
1196180,10707,10579,28383,13,13,2,5,0.3846,0.2308,0.815,12,4,9,0.444
1196579,10707,10579,28383,13,13,2,5,0.3846,0.2308,0.815,12,4,9,0.444
1302656,415425,415422,15265,13,10,2,4,0.4,0.2,0.815,12,4,9,0.444
1170746,10623,10579,28383,13,13,4,5,0.3846,0.0769,0.815,12,4,9,0.444
1170799,10623,10579,28383,13,13,4,5,0.3846,0.0769,0.815,12,4,9,0.444
1170745,10623,10579,28383,13,13,4,5,0.3846,0.0769,0.815,12,4,9,0.444
1170747,10623,10579,28383,13,13,4,5,0.3846,0.0769,0.815,12,4,9,0.444
1186178,19331,19300,19861,14,14,4,5,0.3571,0.0714,0.812,13,4,9,0.444
1088988,19331,19300,19861,14,14,4,5,0.3571,0.0714,0.812,13,4,9,0.444
1174697,19331,19300,19861,14,14,4,5,0.3571,0.0714,0.812,13,4,9,0.444
1186212,19307,19300,19861,14,14,5,5,0.3571,0.0,0.812,13,4,9,0.444
1186221,19307,19300,19861,14,14,5,5,0.3571,0.0,0.812,13,4,9,0.444
1186199,19307,19300,19861,14,14,5,5,0.3571,0.0,0.812,13,4,9,0.444
1186201,19307,19300,19861,14,14,5,5,0.3571,0.0,0.812,13,4,9,0.444
1186172,19307,19300,19861,14,14,5,5,0.3571,0.0,0.812,13,4,9,0.444
1180267,257600,257599,37553,12,12,2,6,0.5,0.3333,0.808,11,4,9,0.444
1105907,16971,16995,23929,5,5,2,3,0.6,0.2,0.806,4,4,9,0.444
1209137,415420,415422,15265,13,10,3,4,0.4,0.1,0.806,12,4,9,0.444
1302336,22585,6951,15684,13,13,5,5,0.3846,0.0,0.806,12,4,9,0.444
1302302,22585,6951,15684,13,13,5,5,0.3846,0.0,0.806,12,4,9,0.444
1302335,22585,6951,15684,13,13,5,5,0.3846,0.0,0.806,12,4,9,0.444
1302290,22585,6951,15684,13,13,5,5,0.3846,0.0,0.806,12,4,9,0.444
1302925,22585,6951,15684,13,13,5,5,0.3846,0.0,0.806,12,4,9,0.444
1124375,13000,13013,27025,10,10,3,7,0.7,0.4,0.802,9,4,9,0.444
1180270,257598,257599,37553,12,12,4,6,0.5,0.1667,0.798,11,4,9,0.444
1180234,257598,257599,37553,12,12,4,6,0.5,0.1667,0.798,11,4,9,0.444
1180266,257598,257599,37553,12,12,4,6,0.5,0.1667,0.798,11,4,9,0.444
1073127,219846,219845,16338,9,9,4,5,0.5556,0.1111,0.792,8,4,9,0.444
1072825,219846,219845,16338,9,9,4,5,0.5556,0.1111,0.792,8,4,9,0.444
1072828,219846,219845,16338,9,9,4,5,0.5556,0.1111,0.792,8,4,9,0.444
1073130,219846,219845,16338,9,9,4,5,0.5556,0.1111,0.792,8,4,9,0.444
1288674,24032,10179,30010,17,17,5,6,0.3529,0.0588,0.792,16,4,9,0.444
1267721,24032,10179,30010,17,17,5,6,0.3529,0.0588,0.792,16,4,9,0.444
1267722,24032,10179,30010,17,17,5,6,0.3529,0.0588,0.792,16,4,9,0.444
1288669,24032,10179,30010,17,17,5,6,0.3529,0.0588,0.792,16,4,9,0.444
1289220,24032,10179,30010,17,17,5,6,0.3529,0.0588,0.792,16,4,9,0.444
1176152,365411,365412,562,10,10,1,3,0.3,0.2,0.79,9,4,9,0.444
1277046,365403,365412,562,10,10,2,3,0.3,0.1,0.79,9,4,9,0.444
1204972,365408,365412,562,10,10,2,3,0.3,0.1,0.79,9,4,9,0.444
1280811,365408,365412,562,10,10,2,3,0.3,0.1,0.79,9,4,9,0.444
1287739,365403,365412,562,10,10,2,3,0.3,0.1,0.79,9,4,9,0.444
1164014,14616,14499,5012,10,10,5,5,0.5,0.0,0.79,9,4,9,0.444
1069740,305917,287036,15281,10,10,5,5,0.5,0.0,0.79,9,4,9,0.444
1124098,24808,24764,26856,12,12,1,4,0.3333,0.25,0.788,11,4,9,0.444
1124100,11967,24764,26856,12,12,3,4,0.3333,0.0833,0.788,11,4,9,0.444
1124099,11967,24764,26856,12,12,3,4,0.3333,0.0833,0.788,11,4,9,0.444
1124107,11967,24764,26856,12,12,3,4,0.3333,0.0833,0.788,11,4,9,0.444
1278086,151035,2190,47509,3,3,1,2,0.6667,0.3333,0.778,2,4,9,0.444
1063154,5664,21962,4608,10,10,4,6,0.6,0.2,0.778,9,4,9,0.444
1113277,21379,21381,25142,12,12,5,7,0.5833,0.1667,0.778,11,4,9,0.444
1113278,21379,21381,25142,12,12,5,7,0.5833,0.1667,0.778,11,4,9,0.444
1113397,21379,21381,25142,12,12,5,7,0.5833,0.1667,0.778,11,4,9,0.444
1229100,12591,12617,40527,7,7,1,2,0.2857,0.1429,0.778,6,4,9,0.444
1082181,13791,13845,18745,17,17,3,5,0.2941,0.1176,0.778,16,4,9,0.444
1082183,13791,13845,18745,17,17,3,5,0.2941,0.1176,0.778,16,4,9,0.444
1082506,13791,13845,18745,17,17,3,5,0.2941,0.1176,0.778,16,4,9,0.444
1062806,5669,21970,14475,9,9,4,5,0.5556,0.1111,0.778,8,4,9,0.444
1026556,535598,535595,2871,8,8,4,4,0.5,0.0,0.778,7,4,9,0.444
1103906,16385,16349,23227,2,2,1,1,0.5,0.0,0.778,1,4,9,0.444
1289011,25122,25119,49254,2,2,1,1,0.5,0.0,0.778,1,4,9,0.444
1216977,11022,11040,19536,14,14,4,5,0.3571,0.0714,0.769,13,4,9,0.444
1216979,11022,11040,19536,14,14,4,5,0.3571,0.0714,0.769,13,4,9,0.444
1113233,21379,21381,25142,12,12,5,7,0.5833,0.1667,0.768,11,4,9,0.444
1159873,21379,21381,25142,12,12,5,7,0.5833,0.1667,0.768,11,4,9,0.444
1175307,25141,12803,36391,12,11,3,3,0.2727,0.0,0.768,11,4,9,0.444
1124915,13000,13013,27025,10,10,3,7,0.7,0.4,0.765,9,4,9,0.444
1197537,24849,12113,28489,18,18,2,3,0.1667,0.0556,0.765,17,4,9,0.444
1266997,12115,12113,28489,18,18,3,3,0.1667,0.0,0.765,17,4,9,0.444
1197723,12115,12113,28489,18,18,3,3,0.1667,0.0,0.765,17,4,9,0.444
1218131,12115,12113,28489,18,18,3,3,0.1667,0.0,0.765,17,4,9,0.444
1030757,6870,6871,7990,17,17,2,8,0.4706,0.3529,0.764,16,4,9,0.444
1030758,6870,6871,7990,17,17,2,8,0.4706,0.3529,0.764,16,4,9,0.444
1045736,22476,6871,7990,17,17,7,8,0.4706,0.0588,0.764,16,4,9,0.444
1045738,22476,6871,7990,17,17,7,8,0.4706,0.0588,0.764,16,4,9,0.444
1045739,22476,6871,7990,17,17,7,8,0.4706,0.0588,0.764,16,4,9,0.444
1045740,22476,6871,7990,17,17,7,8,0.4706,0.0588,0.764,16,4,9,0.444
1031228,22476,6871,7990,17,17,7,8,0.4706,0.0588,0.764,16,4,9,0.444
1045751,22476,6871,7990,17,17,7,8,0.4706,0.0588,0.764,16,4,9,0.444
1025030,10160,10100,1829,23,23,9,14,0.6087,0.2174,0.763,22,4,9,0.444
1025031,10160,10100,1829,23,23,9,14,0.6087,0.2174,0.763,22,4,9,0.444
1025032,10160,10100,1829,23,23,9,14,0.6087,0.2174,0.763,22,4,9,0.444
1025033,10160,10100,1829,23,23,9,14,0.6087,0.2174,0.763,22,4,9,0.444
1018959,10160,10100,1829,23,23,9,14,0.6087,0.2174,0.763,22,4,9,0.444
1281666,6371,6365,13560,8,8,2,3,0.375,0.125,0.762,7,4,9,0.444
1271429,6371,6365,13560,8,8,2,3,0.375,0.125,0.762,7,4,9,0.444
1282469,19400,19370,48656,8,8,2,3,0.375,0.125,0.762,7,4,9,0.444
1282480,19400,19370,48656,8,8,2,3,0.375,0.125,0.762,7,4,9,0.444
1216138,6387,6365,13560,8,8,3,3,0.375,0.0,0.762,7,4,9,0.444
1173946,6387,6365,13560,8,8,3,3,0.375,0.0,0.762,7,4,9,0.444
1271428,6387,6365,13560,8,8,3,3,0.375,0.0,0.762,7,4,9,0.444
1282472,27349,19370,48656,8,8,3,3,0.375,0.0,0.762,7,4,9,0.444
1282477,27349,19370,48656,8,8,3,3,0.375,0.0,0.762,7,4,9,0.444
1282478,27349,19370,48656,8,8,3,3,0.375,0.0,0.762,7,4,9,0.444
1221379,11065,11040,19536,14,14,5,5,0.3571,0.0,0.761,13,4,9,0.444
1198535,11065,11040,19536,14,14,5,5,0.3571,0.0,0.761,13,4,9,0.444
1306023,7974,22954,48145,7,7,3,4,0.5714,0.1429,0.759,6,4,9,0.444
1138376,10160,10100,1829,23,23,9,14,0.6087,0.2174,0.758,22,4,9,0.444
1009081,10160,10100,1829,23,23,9,14,0.6087,0.2174,0.758,22,4,9,0.444
1048667,10160,10100,1829,23,23,9,14,0.6087,0.2174,0.758,22,4,9,0.444
1135328,10160,10100,1829,23,23,9,14,0.6087,0.2174,0.758,22,4,9,0.444
1300386,7530,7455,29547,12,12,6,6,0.5,0.0,0.758,11,4,9,0.444
1300387,7530,7455,29547,12,12,6,6,0.5,0.0,0.758,11,4,9,0.444
1286802,7530,7455,29547,12,12,6,6,0.5,0.0,0.758,11,4,9,0.444
1298312,7530,7455,29547,12,12,6,6,0.5,0.0,0.758,11,4,9,0.444
1298313,7530,7455,29547,12,12,6,6,0.5,0.0,0.758,11,4,9,0.444
1288798,7530,7455,29547,12,12,6,6,0.5,0.0,0.758,11,4,9,0.444
1042943,232635,230402,10587,6,6,1,5,0.8333,0.6667,0.756,5,4,9,0.444
1276322,17961,4949,47045,6,6,3,3,0.5,0.0,0.756,5,4,9,0.444
1307256,17961,4949,47045,6,6,3,3,0.5,0.0,0.756,5,4,9,0.444
1279251,17961,4949,47045,6,6,3,3,0.5,0.0,0.756,5,4,9,0.444
1112119,17039,17037,22716,10,10,3,7,0.7,0.4,0.753,9,4,9,0.444
1001389,438,461,28,10,10,1,3,0.3,0.2,0.753,9,4,9,0.444
1001390,446,461,28,10,10,2,3,0.3,0.1,0.753,9,4,9,0.444
1001422,446,461,28,10,10,2,3,0.3,0.1,0.753,9,4,9,0.444
1072091,365405,365412,562,10,10,2,3,0.3,0.1,0.753,9,4,9,0.444
1001666,365405,365412,562,10,10,2,3,0.3,0.1,0.753,9,4,9,0.444
1276733,17834,17879,47148,10,10,3,4,0.4,0.1,0.753,9,4,9,0.444
1276736,17834,17879,47148,10,10,3,4,0.4,0.1,0.753,9,4,9,0.444
1283118,26919,17879,47148,10,10,3,4,0.4,0.1,0.753,9,4,9,0.444
1283119,26919,17879,47148,10,10,3,4,0.4,0.1,0.753,9,4,9,0.444
1283161,17834,17879,47148,10,10,3,4,0.4,0.1,0.753,9,4,9,0.444
1283164,26919,17879,47148,10,10,3,4,0.4,0.1,0.753,9,4,9,0.444
1185491,19331,19300,19861,14,14,4,5,0.3571,0.0714,0.752,13,4,9,0.444
1197660,24867,12113,28489,18,18,2,3,0.1667,0.0556,0.752,17,4,9,0.444
1200074,12145,12113,28489,18,18,2,3,0.1667,0.0556,0.752,17,4,9,0.444
1198473,12145,12113,28489,18,18,2,3,0.1667,0.0556,0.752,17,4,9,0.444
1128867,24867,12113,28489,18,18,2,3,0.1667,0.0556,0.752,17,4,9,0.444
1066321,5664,5668,14885,9,9,3,6,0.6667,0.3333,0.75,8,4,9,0.444
1127373,537069,537072,22576,3,3,1,2,0.6667,0.3333,0.75,2,4,9,0.444
1186275,19003,18980,21268,13,13,2,4,0.3077,0.1538,0.75,12,4,9,0.444
1185188,19003,18980,21268,13,13,2,4,0.3077,0.1538,0.75,12,4,9,0.444
1093362,19077,18980,21268,13,13,4,4,0.3077,0.0,0.75,12,4,9,0.444
1186291,19077,18980,21268,13,13,4,4,0.3077,0.0,0.75,12,4,9,0.444
1186299,19077,18980,21268,13,13,4,4,0.3077,0.0,0.75,12,4,9,0.444
1186301,19077,18980,21268,13,13,4,4,0.3077,0.0,0.75,12,4,9,0.444
1286002,26765,17535,42158,9,9,2,7,0.7778,0.5556,0.736,8,4,9,0.444
1124341,536224,536225,10426,14,13,5,6,0.4615,0.0769,0.736,13,4,9,0.444
1273991,536224,536225,10426,14,13,5,6,0.4615,0.0769,0.736,13,4,9,0.444
1154861,536224,536225,10426,14,13,5,6,0.4615,0.0769,0.736,13,4,9,0.444
1189385,536224,536225,10426,14,13,5,6,0.4615,0.0769,0.736,13,4,9,0.444
1110249,16958,16982,22900,11,11,3,5,0.4545,0.1818,0.733,10,4,9,0.444
1110250,16958,16982,22900,11,11,3,5,0.4545,0.1818,0.733,10,4,9,0.444
1110251,16958,16982,22900,11,11,3,5,0.4545,0.1818,0.733,10,4,9,0.444
1279371,21546,4282,42123,6,6,2,2,0.3333,0.0,0.733,5,4,9,0.444
1216115,21546,4282,42123,6,6,2,2,0.3333,0.0,0.733,5,4,9,0.444
1088077,33246,15793,13285,8,8,4,4,0.5,0.0,0.73,7,4,9,0.444
1088079,33246,15793,13285,8,8,4,4,0.5,0.0,0.73,7,4,9,0.444
1132454,18471,18444,16033,10,10,3,3,0.3,0.0,0.728,9,4,9,0.444
1249730,18471,18444,16033,10,10,3,3,0.3,0.0,0.728,9,4,9,0.444
1220295,18457,18444,16033,10,10,3,3,0.3,0.0,0.728,9,4,9,0.444
1302355,18471,18444,16033,10,10,3,3,0.3,0.0,0.728,9,4,9,0.444
1269779,9619,9587,44041,7,7,2,5,0.7143,0.4286,0.722,6,4,9,0.444
1269780,9619,9587,44041,7,7,2,5,0.7143,0.4286,0.722,6,4,9,0.444
1216268,11676,11615,39598,11,11,1,5,0.4545,0.3636,0.722,10,4,9,0.444
1217261,11613,11615,39598,11,11,2,5,0.4545,0.2727,0.722,10,4,9,0.444
1198052,11613,11615,39598,11,11,2,5,0.4545,0.2727,0.722,10,4,9,0.444
1216224,11674,11615,39598,11,11,3,5,0.4545,0.1818,0.722,10,4,9,0.444
1218266,11674,11615,39598,11,11,3,5,0.4545,0.1818,0.722,10,4,9,0.444
1173538,7669,7529,36095,3,3,1,1,0.3333,0.0,0.722,2,4,9,0.444
1304035,343372,7529,36095,3,3,1,1,0.3333,0.0,0.722,2,4,9,0.444
1001415,433,461,28,10,10,1,3,0.3,0.2,0.716,9,4,9,0.444
1001016,440,461,28,10,10,1,3,0.3,0.2,0.716,9,4,9,0.444
1265563,274558,12743,40479,10,10,1,1,0.1,0.0,0.716,9,4,9,0.444
1200400,25168,12743,40479,10,10,1,1,0.1,0.0,0.716,9,4,9,0.444
1185186,19037,18980,21268,13,13,2,4,0.3077,0.1538,0.713,12,4,9,0.444
1186298,19037,18980,21268,13,13,2,4,0.3077,0.1538,0.713,12,4,9,0.444
1176740,2337,2412,27536,16,16,7,9,0.5625,0.125,0.711,15,4,9,0.444
1176743,2337,2412,27536,16,16,7,9,0.5625,0.125,0.711,15,4,9,0.444
1127132,2337,2412,27536,16,16,7,9,0.5625,0.125,0.711,15,4,9,0.444
1177651,2337,2412,27536,16,16,7,9,0.5625,0.125,0.711,15,4,9,0.444
1105974,16995,16982,23936,6,6,3,3,0.5,0.0,0.711,5,4,9,0.444
1218058,24850,12113,28489,18,18,3,3,0.1667,0.0,0.706,17,4,9,0.444
1218076,24850,12113,28489,18,18,3,3,0.1667,0.0,0.706,17,4,9,0.444
1105920,16995,16982,22900,11,11,3,5,0.4545,0.1818,0.7,10,4,9,0.444
1065338,21962,5664,14535,11,11,5,6,0.5455,0.0909,0.7,10,4,9,0.444
1163816,72607,14619,34295,24,24,12,12,0.5,0.0,0.7,23,4,9,0.444
1218077,24850,12113,28489,18,18,3,3,0.1667,0.0,0.699,17,4,9,0.444
1176741,2337,2412,27536,16,16,7,9,0.5625,0.125,0.696,15,4,9,0.444
1176746,2337,2412,27536,16,16,7,9,0.5625,0.125,0.696,15,4,9,0.444
1110205,17039,17037,22716,10,10,3,7,0.7,0.4,0.691,9,4,9,0.444
1228138,23540,23552,30094,10,10,1,5,0.5,0.4,0.691,9,4,9,0.444
1000997,443,461,28,10,10,1,3,0.3,0.2,0.691,9,4,9,0.444
1272504,23533,23552,30094,10,10,4,5,0.5,0.1,0.691,9,4,9,0.444
1272503,23533,23552,30094,10,10,4,5,0.5,0.1,0.691,9,4,9,0.444
1272506,23533,23552,30094,10,10,4,5,0.5,0.1,0.691,9,4,9,0.444
1272505,23533,23552,30094,10,10,4,5,0.5,0.1,0.691,9,4,9,0.444
1054530,23145,8513,5707,10,10,5,5,0.5,0.0,0.691,9,4,9,0.444
1054466,23145,8513,5707,10,10,5,5,0.5,0.0,0.691,9,4,9,0.444
1054531,23145,8513,5707,10,10,5,5,0.5,0.0,0.691,9,4,9,0.444
1032407,23145,8513,5707,10,10,5,5,0.5,0.0,0.691,9,4,9,0.444
1053970,23145,8513,5707,10,10,5,5,0.5,0.0,0.691,9,4,9,0.444
1229777,19429,19401,20919,10,10,5,5,0.5,0.0,0.691,9,4,9,0.444
1184602,19429,19401,20919,10,10,5,5,0.5,0.0,0.691,9,4,9,0.444
1184603,19429,19401,20919,10,10,5,5,0.5,0.0,0.691,9,4,9,0.444
1184605,19429,19401,20919,10,10,5,5,0.5,0.0,0.691,9,4,9,0.444
1191223,19429,19401,20919,10,10,5,5,0.5,0.0,0.691,9,4,9,0.444
1312066,8896,8866,27775,10,10,4,4,0.4,0.0,0.691,9,4,9,0.444
1127326,8896,8866,27775,10,10,4,4,0.4,0.0,0.691,9,4,9,0.444
1310874,8896,8866,27775,10,10,4,4,0.4,0.0,0.691,9,4,9,0.444
1203418,275837,283536,17001,11,11,4,7,0.6364,0.2727,0.689,10,4,9,0.444
1159371,275837,283536,17001,11,11,4,7,0.6364,0.2727,0.689,10,4,9,0.444
1191246,275837,283536,17001,11,11,4,7,0.6364,0.2727,0.689,10,4,9,0.444
1159132,275837,283536,17001,11,11,4,7,0.6364,0.2727,0.689,10,4,9,0.444
1176736,2337,2412,27536,16,16,7,9,0.5625,0.125,0.689,15,4,9,0.444
1105954,16995,16982,23936,6,6,3,3,0.5,0.0,0.689,5,4,9,0.444
1042159,536369,536374,10583,9,9,4,5,0.5556,0.1111,0.688,8,4,9,0.444
1232987,536369,536374,10583,9,9,4,5,0.5556,0.1111,0.688,8,4,9,0.444
1219371,536369,536374,10583,9,9,4,5,0.5556,0.1111,0.688,8,4,9,0.444
1077811,129905,129902,17872,12,12,4,5,0.4167,0.0833,0.687,11,4,9,0.444
1079157,129905,129902,17872,12,12,4,5,0.4167,0.0833,0.687,11,4,9,0.444
1077808,129905,129902,17872,12,12,4,5,0.4167,0.0833,0.687,11,4,9,0.444
1077809,129905,129902,17872,12,12,4,5,0.4167,0.0833,0.687,11,4,9,0.444
1132427,140159,477918,26017,7,7,1,4,0.5714,0.4286,0.685,6,4,9,0.444
1119492,477919,477918,26017,7,7,2,4,0.5714,0.2857,0.685,6,4,9,0.444
1221378,11065,11040,19536,14,14,5,5,0.3571,0.0,0.684,13,4,9,0.444
1224839,280635,280642,29717,18,18,1,5,0.2778,0.2222,0.68,17,4,9,0.444
1133576,280637,280642,29717,18,18,3,5,0.2778,0.1111,0.68,17,4,9,0.444
1224840,280637,280642,29717,18,18,3,5,0.2778,0.1111,0.68,17,4,9,0.444
1216114,280637,280642,29717,18,18,3,5,0.2778,0.1111,0.68,17,4,9,0.444
1224887,280329,280642,29717,18,18,4,5,0.2778,0.0556,0.68,17,4,9,0.444
1224889,280329,280642,29717,18,18,4,5,0.2778,0.0556,0.68,17,4,9,0.444
1224891,280329,280642,29717,18,18,4,5,0.2778,0.0556,0.68,17,4,9,0.444
1224892,280329,280642,29717,18,18,4,5,0.2778,0.0556,0.68,17,4,9,0.444
1148332,2926,2998,31733,10,10,4,6,0.6,0.2,0.679,9,4,9,0.444
1154454,2926,2998,31733,10,10,4,6,0.6,0.2,0.679,9,4,9,0.444
1220412,18457,18444,16033,10,10,3,3,0.3,0.0,0.679,9,4,9,0.444
1083112,18457,18444,16033,10,10,3,3,0.3,0.0,0.679,9,4,9,0.444
1115883,25381,13206,20244,11,11,1,5,0.4545,0.3636,0.678,10,4,9,0.444
1216225,11674,11615,39598,11,11,3,5,0.4545,0.1818,0.678,10,4,9,0.444
1107882,13948,2106,10567,21,21,1,4,0.1905,0.1429,0.678,20,4,9,0.444
1107890,13953,2106,10567,21,21,1,4,0.1905,0.1429,0.678,20,4,9,0.444
1107892,13899,2106,10567,21,21,1,4,0.1905,0.1429,0.678,20,4,9,0.444
1156362,13937,2106,10567,21,21,1,4,0.1905,0.1429,0.678,20,4,9,0.444
1156363,344060,2106,10567,21,21,1,4,0.1905,0.1429,0.678,20,4,9,0.444
1107877,13934,2106,10567,21,21,1,4,0.1905,0.1429,0.678,20,4,9,0.444
1107878,13928,2106,10567,21,21,1,4,0.1905,0.1429,0.678,20,4,9,0.444
1107879,13910,2106,10567,21,21,1,4,0.1905,0.1429,0.678,20,4,9,0.444
1036463,131506,126383,8818,11,11,4,4,0.3636,0.0,0.678,10,4,9,0.444
1036464,131506,126383,8818,11,11,4,4,0.3636,0.0,0.678,10,4,9,0.444
1034028,131506,126383,8818,11,11,4,4,0.3636,0.0,0.678,10,4,9,0.444
1036445,131506,126383,8818,11,11,4,4,0.3636,0.0,0.678,10,4,9,0.444
1115830,25384,13206,20244,11,11,5,5,0.4545,0.0,0.678,10,4,9,0.444
1115880,25384,13206,20244,11,11,5,5,0.4545,0.0,0.678,10,4,9,0.444
1115828,25384,13206,20244,11,11,5,5,0.4545,0.0,0.678,10,4,9,0.444
1145738,3715,3727,4745,12,12,5,6,0.5,0.0833,0.677,11,4,9,0.444
1145740,3715,3727,4745,12,12,5,6,0.5,0.0833,0.677,11,4,9,0.444
1150110,3715,3727,4745,12,12,5,6,0.5,0.0833,0.677,11,4,9,0.444
1143709,3715,3727,4745,12,12,5,6,0.5,0.0833,0.677,11,4,9,0.444
1209083,536224,536225,10426,14,13,5,6,0.4615,0.0769,0.676,13,4,9,0.444
1271707,8958,8700,8562,31,31,1,5,0.1613,0.129,0.674,30,4,9,0.444
1267855,8869,8700,8562,31,31,1,5,0.1613,0.129,0.674,30,4,9,0.444
1136024,23392,8700,8562,31,31,2,5,0.1613,0.0968,0.674,30,4,9,0.444
1271708,8948,8700,8562,31,31,2,5,0.1613,0.0968,0.674,30,4,9,0.444
1271709,8948,8700,8562,31,31,2,5,0.1613,0.0968,0.674,30,4,9,0.444
1134789,23392,8700,8562,31,31,2,5,0.1613,0.0968,0.674,30,4,9,0.444
1148170,13580,13589,22633,19,19,5,6,0.3158,0.0526,0.673,18,4,9,0.444
1208748,60447,54369,41697,6,6,1,5,0.8333,0.6667,0.667,5,4,9,0.444
1154836,14728,20818,31051,12,12,2,6,0.5,0.3333,0.667,11,4,9,0.444
1154835,14728,20818,31051,12,12,2,6,0.5,0.3333,0.667,11,4,9,0.444
1288037,25088,25070,11718,6,6,2,4,0.6667,0.3333,0.667,5,4,9,0.444
1255956,12448,25032,33085,3,3,1,2,0.6667,0.3333,0.667,2,4,9,0.444
1154077,20817,20818,31051,12,12,3,6,0.5,0.25,0.667,11,4,9,0.444
1173533,20817,20818,31051,12,12,3,6,0.5,0.25,0.667,11,4,9,0.444
1154074,20817,20818,31051,12,12,3,6,0.5,0.25,0.667,11,4,9,0.444
1277000,3794,53416,44768,4,4,1,2,0.5,0.25,0.667,3,4,9,0.444
1276978,3714,53416,44768,4,4,1,2,0.5,0.25,0.667,3,4,9,0.444
1267528,18467,18444,16033,10,10,1,3,0.3,0.2,0.667,9,4,9,0.444
1146663,2926,2998,31733,10,10,4,6,0.6,0.2,0.667,9,4,9,0.444
1147202,2926,2998,31733,10,10,4,6,0.6,0.2,0.667,9,4,9,0.444
1074989,21830,21819,16111,5,5,2,3,0.6,0.2,0.667,4,4,9,0.444
1074990,21830,21819,16111,5,5,2,3,0.6,0.2,0.667,4,4,9,0.444
1079158,129906,129902,17872,12,12,3,5,0.4167,0.1667,0.667,11,4,9,0.444
1079188,129906,129902,17872,12,12,3,5,0.4167,0.1667,0.667,11,4,9,0.444
1079191,129906,129902,17872,12,12,3,5,0.4167,0.1667,0.667,11,4,9,0.444
1180271,257598,257599,37553,12,12,4,6,0.5,0.1667,0.667,11,4,9,0.444
1267845,9014,8700,8562,31,31,2,5,0.1613,0.0968,0.667,30,4,9,0.444
1267900,9014,8700,8562,31,31,2,5,0.1613,0.0968,0.667,30,4,9,0.444
1226700,23218,23220,4396,11,11,5,6,0.5455,0.0909,0.667,10,4,9,0.444
1226701,23218,23220,4396,11,11,5,6,0.5455,0.0909,0.667,10,4,9,0.444
1227283,23218,23220,4396,11,11,5,6,0.5455,0.0909,0.667,10,4,9,0.444
1227285,23218,23220,4396,11,11,5,6,0.5455,0.0909,0.667,10,4,9,0.444
1227284,23218,23220,4396,11,11,5,6,0.5455,0.0909,0.667,10,4,9,0.444
1063131,21962,5664,14535,11,11,5,6,0.5455,0.0909,0.667,10,4,9,0.444
1202042,9879,23908,40289,11,11,5,6,0.5455,0.0909,0.667,10,4,9,0.444
1202043,9879,23908,40289,11,11,5,6,0.5455,0.0909,0.667,10,4,9,0.444
1202044,9879,23908,40289,11,11,5,6,0.5455,0.0909,0.667,10,4,9,0.444
1202045,9879,23908,40289,11,11,5,6,0.5455,0.0909,0.667,10,4,9,0.444
1199699,9879,23908,40289,11,11,5,6,0.5455,0.0909,0.667,10,4,9,0.444
1210159,20070,20084,28303,12,12,3,4,0.3333,0.0833,0.667,11,4,9,0.444
1210138,20070,20084,28303,12,12,3,4,0.3333,0.0833,0.667,11,4,9,0.444
1209915,1331,20084,28303,12,12,3,4,0.3333,0.0833,0.667,11,4,9,0.444
1136696,1331,20084,28303,12,12,3,4,0.3333,0.0833,0.667,11,4,9,0.444
1269453,9117,8700,8562,31,31,3,5,0.1613,0.0645,0.667,30,4,9,0.444
1225051,9117,8700,8562,31,31,3,5,0.1613,0.0645,0.667,30,4,9,0.444
1312069,8896,8866,27775,10,10,4,4,0.4,0.0,0.667,9,4,9,0.444
1074030,2908,21052,4704,14,14,1,8,0.5714,0.5,0.658,13,4,9,0.444
1144824,2932,21052,4704,14,14,2,8,0.5714,0.4286,0.658,13,4,9,0.444
1014683,2932,21052,4704,14,14,2,8,0.5714,0.4286,0.658,13,4,9,0.444
1145293,21054,21052,4704,14,14,3,8,0.5714,0.3571,0.658,13,4,9,0.444
1147395,21054,21052,4704,14,14,3,8,0.5714,0.3571,0.658,13,4,9,0.444
1147043,21054,21052,4704,14,14,3,8,0.5714,0.3571,0.658,13,4,9,0.444
1110154,17039,17037,22716,10,10,3,7,0.7,0.4,0.654,9,4,9,0.444
1154324,2037,2095,32385,10,10,3,7,0.7,0.4,0.654,9,4,9,0.444
1154325,2037,2095,32385,10,10,3,7,0.7,0.4,0.654,9,4,9,0.444
1154265,2037,2095,32385,10,10,3,7,0.7,0.4,0.654,9,4,9,0.444
1311999,9003,8866,27775,10,10,2,4,0.4,0.2,0.654,9,4,9,0.444
1312001,9003,8866,27775,10,10,2,4,0.4,0.2,0.654,9,4,9,0.444
1093567,18292,18283,18024,10,10,5,5,0.5,0.0,0.654,9,4,9,0.444
1009748,37428,37425,1640,9,9,4,5,0.5556,0.1111,0.653,8,4,9,0.444
1009749,37428,37425,1640,9,9,4,5,0.5556,0.1111,0.653,8,4,9,0.444
1004906,37428,37425,1640,9,9,4,5,0.5556,0.1111,0.653,8,4,9,0.444
1004909,37428,37425,1640,9,9,4,5,0.5556,0.1111,0.653,8,4,9,0.444
1024473,23934,10092,6073,9,9,4,5,0.5556,0.1111,0.653,8,4,9,0.444
1024425,23934,10092,6073,9,9,4,5,0.5556,0.1111,0.653,8,4,9,0.444
1024395,23934,10092,6073,9,9,4,5,0.5556,0.1111,0.653,8,4,9,0.444
1024471,23934,10092,6073,9,9,4,5,0.5556,0.1111,0.653,8,4,9,0.444
1065958,21972,21979,13177,9,9,4,5,0.5556,0.1111,0.653,8,4,9,0.444
1065937,21972,21979,13177,9,9,4,5,0.5556,0.1111,0.653,8,4,9,0.444
1065938,21972,21979,13177,9,9,4,5,0.5556,0.1111,0.653,8,4,9,0.444
1065939,21972,21979,13177,9,9,4,5,0.5556,0.1111,0.653,8,4,9,0.444
1093220,12984,12972,21224,9,9,4,5,0.5556,0.1111,0.653,8,4,9,0.444
1115641,12984,12972,21224,9,9,4,5,0.5556,0.1111,0.653,8,4,9,0.444
1115642,12984,12972,21224,9,9,4,5,0.5556,0.1111,0.653,8,4,9,0.444
1115643,12984,12972,21224,9,9,4,5,0.5556,0.1111,0.653,8,4,9,0.444
1278920,22795,7548,28136,9,9,4,5,0.5556,0.1111,0.653,8,4,9,0.444
1305799,22795,7548,28136,9,9,4,5,0.5556,0.1111,0.653,8,4,9,0.444
1305803,22795,7548,28136,9,9,4,5,0.5556,0.1111,0.653,8,4,9,0.444
1305804,22795,7548,28136,9,9,4,5,0.5556,0.1111,0.653,8,4,9,0.444
1225018,8976,8700,8562,31,31,1,5,0.1613,0.129,0.652,30,4,9,0.444
1225019,8926,8700,8562,31,31,1,5,0.1613,0.129,0.652,30,4,9,0.444
1266186,9026,8700,8562,31,31,2,5,0.1613,0.0968,0.652,30,4,9,0.444
1267903,9026,8700,8562,31,31,2,5,0.1613,0.0968,0.652,30,4,9,0.444
1269123,9002,8700,8562,31,31,3,5,0.1613,0.0645,0.652,30,4,9,0.444
1269124,9002,8700,8562,31,31,3,5,0.1613,0.0645,0.652,30,4,9,0.444
1269125,9002,8700,8562,31,31,3,5,0.1613,0.0645,0.652,30,4,9,0.444
1311339,264966,264965,51861,14,14,7,7,0.5,0.0,0.65,13,4,9,0.444
1311341,264966,264965,51861,14,14,7,7,0.5,0.0,0.65,13,4,9,0.444
1071209,5348,5341,4796,12,12,5,7,0.5833,0.1667,0.646,11,4,9,0.444
1074876,5348,5341,4796,12,12,5,7,0.5833,0.1667,0.646,11,4,9,0.444
1074877,5348,5341,4796,12,12,5,7,0.5833,0.1667,0.646,11,4,9,0.444
1074878,5348,5341,4796,12,12,5,7,0.5833,0.1667,0.646,11,4,9,0.444
1070069,5348,5341,4796,12,12,5,7,0.5833,0.1667,0.646,11,4,9,0.444
1115817,25384,13206,20244,11,11,5,5,0.4545,0.0,0.644,10,4,9,0.444
1224537,274250,12743,40479,10,10,1,1,0.1,0.0,0.642,9,4,9,0.444
1210094,20070,20084,28303,12,12,3,4,0.3333,0.0833,0.636,11,4,9,0.444
1298394,22734,7300,3306,22,22,3,7,0.3182,0.1818,0.635,21,4,9,0.444
1298395,22734,7300,3306,22,22,3,7,0.3182,0.1818,0.635,21,4,9,0.444
1298396,22734,7300,3306,22,22,3,7,0.3182,0.1818,0.635,21,4,9,0.444
1009685,535598,535595,2871,8,8,4,4,0.5,0.0,0.635,7,4,9,0.444
1013819,,453917,709,6,5,0,3,0.6,0.6,0.633,5,4,9,0.444
1063203,5664,21962,4608,10,10,4,6,0.6,0.2,0.63,9,4,9,0.444
1266569,10374,10287,45296,13,13,5,6,0.4615,0.0769,0.63,12,4,9,0.444
1287283,10374,10287,45296,13,13,5,6,0.4615,0.0769,0.63,12,4,9,0.444
1298438,10374,10287,45296,13,13,5,6,0.4615,0.0769,0.63,12,4,9,0.444
1287286,10374,10287,45296,13,13,5,6,0.4615,0.0769,0.63,12,4,9,0.444
1266570,10374,10287,45296,13,13,5,6,0.4615,0.0769,0.63,12,4,9,0.444
1305941,22890,22895,29654,28,28,13,15,0.5357,0.0714,0.63,27,4,9,0.444
1305967,22890,22895,29654,28,28,13,15,0.5357,0.0714,0.63,27,4,9,0.444
1307158,22890,22895,29654,28,28,13,15,0.5357,0.0714,0.63,27,4,9,0.444
1310176,22890,22895,29654,28,28,13,15,0.5357,0.0714,0.63,27,4,9,0.444
1163839,13385,13343,12008,10,10,4,4,0.4,0.0,0.63,9,4,9,0.444
1098245,13385,13343,12008,10,10,4,4,0.4,0.0,0.63,9,4,9,0.444
1207084,13385,13343,12008,10,10,4,4,0.4,0.0,0.63,9,4,9,0.444
1059635,13385,13343,12008,10,10,4,4,0.4,0.0,0.63,9,4,9,0.444
1143120,114219,24543,31380,4,4,2,2,0.5,0.0,0.63,3,4,9,0.444
1283469,114219,24543,31380,4,4,2,2,0.5,0.0,0.63,3,4,9,0.444
1298070,7645,7643,22363,20,20,4,5,0.25,0.05,0.626,19,4,9,0.444
1136481,7645,7643,22363,20,20,4,5,0.25,0.05,0.626,19,4,9,0.444
1097934,7645,7643,22363,20,20,4,5,0.25,0.05,0.626,19,4,9,0.444
1286769,7645,7643,22363,20,20,4,5,0.25,0.05,0.626,19,4,9,0.444
1286528,7384,7300,3306,22,22,2,7,0.3182,0.2273,0.624,21,4,9,0.444
1298343,7358,7300,3306,22,22,2,7,0.3182,0.2273,0.624,21,4,9,0.444
1298358,7384,7300,3306,22,22,2,7,0.3182,0.2273,0.624,21,4,9,0.444
1280808,7358,7300,3306,22,22,2,7,0.3182,0.2273,0.624,21,4,9,0.444
1095293,9117,8700,8562,31,31,3,5,0.1613,0.0645,0.622,30,4,9,0.444
1104451,16958,16947,23598,6,6,3,3,0.5,0.0,0.622,5,4,9,0.444
1084737,269760,269759,3965,30,30,8,14,0.4667,0.2,0.621,29,4,9,0.444
1127948,197119,26326,21843,15,15,1,5,0.3333,0.2667,0.619,14,4,9,0.444
1005513,488,491,340,8,8,1,3,0.375,0.25,0.619,7,4,9,0.444
1001138,484,491,340,8,8,1,3,0.375,0.25,0.619,7,4,9,0.444
1001303,495,491,340,8,8,1,3,0.375,0.25,0.619,7,4,9,0.444
1001307,505,491,340,8,8,1,3,0.375,0.25,0.619,7,4,9,0.444
1177998,3837,26326,21843,15,15,2,5,0.3333,0.2,0.619,14,4,9,0.444
1177999,3837,26326,21843,15,15,2,5,0.3333,0.2,0.619,14,4,9,0.444
1223144,702,683,29372,17,17,8,8,0.4706,0.0,0.618,16,4,9,0.444
1223202,702,683,29372,17,17,8,8,0.4706,0.0,0.618,16,4,9,0.444
1274089,23977,10179,30010,17,17,6,6,0.3529,0.0,0.618,16,4,9,0.444
1267715,23977,10179,30010,17,17,6,6,0.3529,0.0,0.618,16,4,9,0.444
1267718,23977,10179,30010,17,17,6,6,0.3529,0.0,0.618,16,4,9,0.444
1267734,23977,10179,30010,17,17,6,6,0.3529,0.0,0.618,16,4,9,0.444
1287789,23977,10179,30010,17,17,6,6,0.3529,0.0,0.618,16,4,9,0.444
1287374,23977,10179,30010,17,17,6,6,0.3529,0.0,0.618,16,4,9,0.444
1000564,19848,461,28,10,10,1,3,0.3,0.2,0.617,9,4,9,0.444
1310526,6086,6069,1767,10,10,4,6,0.6,0.2,0.617,9,4,9,0.444
1310527,6086,6069,1767,10,10,4,6,0.6,0.2,0.617,9,4,9,0.444
1310528,6086,6069,1767,10,10,4,6,0.6,0.2,0.617,9,4,9,0.444
1310529,6086,6069,1767,10,10,4,6,0.6,0.2,0.617,9,4,9,0.444
1288623,7521,22802,3898,10,10,4,6,0.6,0.2,0.617,9,4,9,0.444
1288626,7521,22802,3898,10,10,4,6,0.6,0.2,0.617,9,4,9,0.444
1288625,7521,22802,3898,10,10,4,6,0.6,0.2,0.617,9,4,9,0.444
1066303,5668,5664,14743,10,10,4,6,0.6,0.2,0.617,9,4,9,0.444
1065565,5668,5664,14743,10,10,4,6,0.6,0.2,0.617,9,4,9,0.444
1306793,22947,22912,28857,10,10,4,4,0.4,0.0,0.617,9,4,9,0.444
1309230,22947,22912,28857,10,10,4,4,0.4,0.0,0.617,9,4,9,0.444
1297530,22947,22912,28857,10,10,4,4,0.4,0.0,0.617,9,4,9,0.444
1002389,375329,375330,660,20,19,7,10,0.5263,0.1579,0.614,19,4,9,0.444
1010822,375329,375330,660,20,19,7,10,0.5263,0.1579,0.614,19,4,9,0.444
1001900,375329,375330,660,20,19,7,10,0.5263,0.1579,0.614,19,4,9,0.444
1001903,375329,375330,660,20,19,7,10,0.5263,0.1579,0.614,19,4,9,0.444
1002584,375329,375330,660,20,19,7,10,0.5263,0.1579,0.614,19,4,9,0.444
1267666,9805,9821,43790,13,13,1,7,0.5385,0.4615,0.611,12,4,9,0.444
1093456,18283,18295,21296,3,3,1,2,0.6667,0.3333,0.611,2,4,9,0.444
1119493,477919,477918,26017,7,7,2,4,0.5714,0.2857,0.611,6,4,9,0.444
1138791,4982,405675,3581,5,5,1,2,0.4,0.2,0.611,4,4,9,0.444
1299789,21736,405675,3581,5,5,1,2,0.4,0.2,0.611,4,4,9,0.444
1221304,1471,126394,16237,11,11,2,4,0.3636,0.1818,0.611,10,4,9,0.444
1185536,38396,19623,20819,13,13,4,6,0.4615,0.1538,0.611,12,4,9,0.444
1185537,38396,19623,20819,13,13,4,6,0.4615,0.1538,0.611,12,4,9,0.444
1185736,38396,19623,20819,13,13,4,6,0.4615,0.1538,0.611,12,4,9,0.444
1185737,38396,19623,20819,13,13,4,6,0.4615,0.1538,0.611,12,4,9,0.444
1226178,23849,9821,43790,13,13,5,7,0.5385,0.1538,0.611,12,4,9,0.444
1267698,23849,9821,43790,13,13,5,7,0.5385,0.1538,0.611,12,4,9,0.444
1273613,23849,9821,43790,13,13,5,7,0.5385,0.1538,0.611,12,4,9,0.444
1273587,23849,9821,43790,13,13,5,7,0.5385,0.1538,0.611,12,4,9,0.444
1092791,27028,18117,20472,7,7,3,4,0.5714,0.1429,0.611,6,4,9,0.444
1123345,13539,126394,16237,11,11,3,4,0.3636,0.0909,0.611,10,4,9,0.444
1123315,13539,126394,16237,11,11,3,4,0.3636,0.0909,0.611,10,4,9,0.444
1123347,13539,126394,16237,11,11,3,4,0.3636,0.0909,0.611,10,4,9,0.444
1223152,702,683,29372,17,17,8,8,0.4706,0.0,0.611,16,4,9,0.444
1223162,702,683,29372,17,17,8,8,0.4706,0.0,0.611,16,4,9,0.444
1175438,12852,12759,36443,11,11,4,4,0.3636,0.0,0.611,10,4,9,0.444
1175439,12852,12759,36443,11,11,4,4,0.3636,0.0,0.611,10,4,9,0.444
1175429,12852,12759,36443,11,11,4,4,0.3636,0.0,0.611,10,4,9,0.444
1175430,12852,12759,36443,11,11,4,4,0.3636,0.0,0.611,10,4,9,0.444
1219148,38699,38405,16575,18,18,2,4,0.2222,0.1111,0.608,17,4,9,0.444
1219149,38699,38405,16575,18,18,2,4,0.2222,0.1111,0.608,17,4,9,0.444
1287108,7731,7643,22363,20,20,4,5,0.25,0.05,0.608,19,4,9,0.444
1287110,7731,7643,22363,20,20,4,5,0.25,0.05,0.608,19,4,9,0.444
1286767,7731,7643,22363,20,20,4,5,0.25,0.05,0.608,19,4,9,0.444
1267844,8986,8700,8562,31,31,3,5,0.1613,0.0645,0.607,30,4,9,0.444
1267901,8986,8700,8562,31,31,3,5,0.1613,0.0645,0.607,30,4,9,0.444
1225050,8986,8700,8562,31,31,3,5,0.1613,0.0645,0.607,30,4,9,0.444
1124373,13000,13013,27025,10,10,3,7,0.7,0.4,0.605,9,4,9,0.444
1198340,10768,10744,39781,10,10,5,5,0.5,0.0,0.605,9,4,9,0.444
1083240,26194,15805,18944,8,8,4,4,0.5,0.0,0.603,7,4,9,0.444
1083242,26194,15805,18944,8,8,4,4,0.5,0.0,0.603,7,4,9,0.444
1083250,26194,15805,18944,8,8,4,4,0.5,0.0,0.603,7,4,9,0.444
1202111,26990,27003,18844,6,6,1,5,0.8333,0.6667,0.6,5,4,9,0.444
1286909,6435,6423,49068,6,6,2,4,0.6667,0.3333,0.6,5,4,9,0.444
1286835,6435,6423,49068,6,6,2,4,0.6667,0.3333,0.6,5,4,9,0.444
1153518,15489,3464,33206,9,9,3,6,0.6667,0.3333,0.597,8,4,9,0.444
1153519,15489,3464,33206,9,9,3,6,0.6667,0.3333,0.597,8,4,9,0.444
1114802,13224,13080,20278,17,17,3,4,0.2353,0.0588,0.597,16,4,9,0.444
1114803,13224,13080,20278,17,17,3,4,0.2353,0.0588,0.597,16,4,9,0.444
1110768,13224,13080,20278,17,17,3,4,0.2353,0.0588,0.597,16,4,9,0.444
1208238,1331,20084,28303,12,12,3,4,0.3333,0.0833,0.596,11,4,9,0.444
1123563,1253,1302,26833,15,15,4,9,0.6,0.3333,0.595,14,4,9,0.444
1123564,1253,1302,26833,15,15,4,9,0.6,0.3333,0.595,14,4,9,0.444
1125721,1253,1302,26833,15,15,4,9,0.6,0.3333,0.595,14,4,9,0.444
1125394,1253,1302,26833,15,15,4,9,0.6,0.3333,0.595,14,4,9,0.444
1096208,110384,458683,21989,7,7,2,5,0.7143,0.4286,0.593,6,4,9,0.444
1131244,22947,22912,28857,10,10,4,4,0.4,0.0,0.593,9,4,9,0.444
1278611,102690,108,47647,4,4,2,2,0.5,0.0,0.593,3,4,9,0.444
1308203,102690,108,47647,4,4,2,2,0.5,0.0,0.593,3,4,9,0.444
1226729,23430,23497,3300,18,18,1,7,0.3889,0.3333,0.588,17,4,9,0.444
1197671,23461,23497,3300,18,18,6,7,0.3889,0.0556,0.588,17,4,9,0.444
1053491,23461,23497,3300,18,18,6,7,0.3889,0.0556,0.588,17,4,9,0.444
1226727,23461,23497,3300,18,18,6,7,0.3889,0.0556,0.588,17,4,9,0.444
1226867,23461,23497,3300,18,18,6,7,0.3889,0.0556,0.588,17,4,9,0.444
1048703,23461,23497,3300,18,18,6,7,0.3889,0.0556,0.588,17,4,9,0.444
1053488,23461,23497,3300,18,18,6,7,0.3889,0.0556,0.588,17,4,9,0.444
1001777,19776,212,603,8,8,3,5,0.625,0.25,0.587,7,4,9,0.444
1001779,19776,212,603,8,8,3,5,0.625,0.25,0.587,7,4,9,0.444
1003629,133420,19712,710,8,8,2,4,0.5,0.25,0.587,7,4,9,0.444
1145744,3715,3727,4745,12,12,5,6,0.5,0.0833,0.586,11,4,9,0.444
1101317,391273,391280,1197,11,9,3,4,0.4444,0.1111,0.584,10,4,9,0.444
1003698,391273,391280,1197,11,9,3,4,0.4444,0.1111,0.584,10,4,9,0.444
1028594,26505,26481,7364,9,9,1,5,0.5556,0.4444,0.583,8,4,9,0.444
1044359,536811,536191,9026,5,5,1,3,0.6,0.4,0.583,4,4,9,0.444
1102946,16594,26481,7364,9,9,2,5,0.5556,0.3333,0.583,8,4,9,0.444
1102947,16594,26481,7364,9,9,2,5,0.5556,0.3333,0.583,8,4,9,0.444
1125438,1517,1531,27106,9,9,3,6,0.6667,0.3333,0.583,8,4,9,0.444
1125477,1517,1531,27106,9,9,3,6,0.6667,0.3333,0.583,8,4,9,0.444
1124652,1517,1531,27106,9,9,3,6,0.6667,0.3333,0.583,8,4,9,0.444
1156400,15489,3464,33206,9,9,3,6,0.6667,0.3333,0.583,8,4,9,0.444
1223147,702,683,29372,17,17,8,8,0.4706,0.0,0.583,16,4,9,0.444
1223178,702,683,29372,17,17,8,8,0.4706,0.0,0.583,16,4,9,0.444
1223155,702,683,29372,17,17,8,8,0.4706,0.0,0.583,16,4,9,0.444
1223197,702,683,29372,17,17,8,8,0.4706,0.0,0.583,16,4,9,0.444
1311525,264966,264965,51861,14,14,7,7,0.5,0.0,0.581,13,4,9,0.444
1311336,264966,264965,51861,14,14,7,7,0.5,0.0,0.581,13,4,9,0.444
1066175,5672,5674,14868,10,10,4,6,0.6,0.2,0.58,9,4,9,0.444
1185031,19131,19057,20886,15,15,5,5,0.3333,0.0,0.579,14,4,9,0.444
1220621,19131,19057,20886,15,15,5,5,0.3333,0.0,0.579,14,4,9,0.444
1220623,19131,19057,20886,15,15,5,5,0.3333,0.0,0.579,14,4,9,0.444
1184719,19131,19057,20886,15,15,5,5,0.3333,0.0,0.579,14,4,9,0.444
1210889,1138,1175,26556,16,16,3,7,0.4375,0.25,0.578,15,4,9,0.444
1076007,18843,18728,15531,21,21,6,7,0.3333,0.0476,0.578,20,4,9,0.444
1071277,18843,18728,15531,21,21,6,7,0.3333,0.0476,0.578,20,4,9,0.444
1076020,18843,18728,15531,21,21,6,7,0.3333,0.0476,0.578,20,4,9,0.444
1076023,18843,18728,15531,21,21,6,7,0.3333,0.0476,0.578,20,4,9,0.444
1083572,18843,18728,15531,21,21,6,7,0.3333,0.0476,0.578,20,4,9,0.444
1100312,17037,17015,22718,6,6,3,3,0.5,0.0,0.578,5,4,9,0.444
1100302,17037,17015,22718,6,6,3,3,0.5,0.0,0.578,5,4,9,0.444
1123363,13440,13468,26766,35,35,11,24,0.6857,0.3714,0.575,34,4,9,0.444
1219344,38702,19623,20819,13,13,3,6,0.4615,0.2308,0.574,12,4,9,0.444
1219345,38702,19623,20819,13,13,3,6,0.4615,0.2308,0.574,12,4,9,0.444
1185735,38702,19623,20819,13,13,3,6,0.4615,0.2308,0.574,12,4,9,0.444
1110270,16958,16982,22898,7,7,3,4,0.5714,0.1429,0.574,6,4,9,0.444
1104465,16958,16982,22898,7,7,3,4,0.5714,0.1429,0.574,6,4,9,0.444
1312407,7626,7643,22363,20,20,1,5,0.25,0.2,0.573,19,4,9,0.444
1280533,7731,7643,22363,20,20,4,5,0.25,0.05,0.573,19,4,9,0.444
1070302,21839,21843,15799,15,15,5,10,0.6667,0.3333,0.571,14,4,9,0.444
1070304,21839,21843,15799,15,15,5,10,0.6667,0.3333,0.571,14,4,9,0.444
1070799,21839,21843,15799,15,15,5,10,0.6667,0.3333,0.571,14,4,9,0.444
1002154,19861,491,340,8,8,1,3,0.375,0.25,0.571,7,4,9,0.444
1114799,13167,13080,20278,17,17,4,4,0.2353,0.0,0.569,16,4,9,0.444
1110770,13167,13080,20278,17,17,4,4,0.2353,0.0,0.569,16,4,9,0.444
1110771,13167,13080,20278,17,17,4,4,0.2353,0.0,0.569,16,4,9,0.444
1270505,23017,8161,11977,10,10,3,7,0.7,0.4,0.568,9,4,9,0.444
1270506,23017,8161,11977,10,10,3,7,0.7,0.4,0.568,9,4,9,0.444
1270489,23017,8161,11977,10,10,3,7,0.7,0.4,0.568,9,4,9,0.444
1066221,5672,5674,14868,10,10,4,6,0.6,0.2,0.568,9,4,9,0.444
1066222,5672,5674,14868,10,10,4,6,0.6,0.2,0.568,9,4,9,0.444
1024404,281927,10423,5884,23,23,3,7,0.3043,0.1739,0.566,22,4,9,0.444
1024411,281927,10423,5884,23,23,3,7,0.3043,0.1739,0.566,22,4,9,0.444
1024383,24128,10423,5884,23,23,4,7,0.3043,0.1304,0.566,22,4,9,0.444
1024399,24128,10423,5884,23,23,4,7,0.3043,0.1304,0.566,22,4,9,0.444
1024400,24128,10423,5884,23,23,4,7,0.3043,0.1304,0.566,22,4,9,0.444
1072827,219843,219850,12227,46,46,4,9,0.1957,0.1087,0.565,45,4,9,0.444
1098944,219843,219850,12227,46,46,4,9,0.1957,0.1087,0.565,45,4,9,0.444
1073128,219843,219850,12227,46,46,4,9,0.1957,0.1087,0.565,45,4,9,0.444
1108432,219844,219850,12227,46,46,4,9,0.1957,0.1087,0.565,45,4,9,0.444
1108434,219844,219850,12227,46,46,4,9,0.1957,0.1087,0.565,45,4,9,0.444
1072831,219844,219850,12227,46,46,4,9,0.1957,0.1087,0.565,45,4,9,0.444
1108395,219843,219850,12227,46,46,4,9,0.1957,0.1087,0.565,45,4,9,0.444
1073129,219842,219850,12227,46,46,6,9,0.1957,0.0652,0.565,45,4,9,0.444
1053123,219842,219850,12227,46,46,6,9,0.1957,0.0652,0.565,45,4,9,0.444
1053205,219842,219850,12227,46,46,6,9,0.1957,0.0652,0.565,45,4,9,0.444
1072826,219842,219850,12227,46,46,6,9,0.1957,0.0652,0.565,45,4,9,0.444
1053207,219842,219850,12227,46,46,6,9,0.1957,0.0652,0.565,45,4,9,0.444
1287295,24183,24055,25912,20,20,6,6,0.3,0.0,0.561,19,4,9,0.444
1276924,17712,26838,47242,6,6,1,5,0.8333,0.6667,0.556,5,4,9,0.444
1286024,4864,4900,48051,6,6,1,4,0.6667,0.5,0.556,5,4,9,0.444
1131139,2997,2969,28806,4,4,1,3,0.75,0.5,0.556,3,4,9,0.444
1184964,18733,18677,38116,4,4,1,3,0.75,0.5,0.556,3,4,9,0.444
1070800,21839,21843,15799,15,15,5,10,0.6667,0.3333,0.556,14,4,9,0.444
1073546,13920,13846,16772,6,6,2,4,0.6667,0.3333,0.556,5,4,9,0.444
1097728,13920,13846,16772,6,6,2,4,0.6667,0.3333,0.556,5,4,9,0.444
1190089,15076,15083,16525,11,11,4,7,0.6364,0.2727,0.556,10,4,9,0.444
1081957,18956,18970,18757,8,8,3,5,0.625,0.25,0.556,7,4,9,0.444
1063177,5664,21962,4608,10,10,4,6,0.6,0.2,0.556,9,4,9,0.444
1080781,15663,15664,4011,5,5,1,2,0.4,0.2,0.556,4,4,9,0.444
1072329,26143,15664,4011,5,5,1,2,0.4,0.2,0.556,4,4,9,0.444
1105922,16971,16995,23929,5,5,2,3,0.6,0.2,0.556,4,4,9,0.444
1035447,10879,66227,9117,7,7,2,3,0.4286,0.1429,0.556,6,4,9,0.444
1104247,27028,18117,20472,7,7,3,4,0.5714,0.1429,0.556,6,4,9,0.444
1106233,16998,17015,22715,7,7,3,4,0.5714,0.1429,0.556,6,4,9,0.444
1299457,4930,17750,6750,11,11,3,4,0.3636,0.0909,0.556,10,4,9,0.444
1025946,4930,17750,6750,11,11,3,4,0.3636,0.0909,0.556,10,4,9,0.444
1279285,4930,17750,6750,11,11,3,4,0.3636,0.0909,0.556,10,4,9,0.444
1179819,343676,12759,36443,11,11,3,4,0.3636,0.0909,0.556,10,4,9,0.444
1179816,343676,12759,36443,11,11,3,4,0.3636,0.0909,0.556,10,4,9,0.444
1179817,343676,12759,36443,11,11,3,4,0.3636,0.0909,0.556,10,4,9,0.444
1102637,16425,16433,23225,13,13,6,7,0.5385,0.0769,0.556,12,4,9,0.444
1309842,8334,8242,28028,16,16,4,5,0.3125,0.0625,0.556,15,4,9,0.444
1302115,8334,8242,28028,16,16,4,5,0.3125,0.0625,0.556,15,4,9,0.444
1309843,8334,8242,28028,16,16,4,5,0.3125,0.0625,0.556,15,4,9,0.444
1266895,8334,8242,28028,16,16,4,5,0.3125,0.0625,0.556,15,4,9,0.444
1076021,18843,18728,15531,21,21,6,7,0.3333,0.0476,0.556,20,4,9,0.444
1288616,22774,22730,48777,16,16,4,4,0.25,0.0,0.556,15,4,9,0.444
1288618,22774,22730,48777,16,16,4,4,0.25,0.0,0.556,15,4,9,0.444
1288652,22774,22730,48777,16,16,4,4,0.25,0.0,0.556,15,4,9,0.444
1288653,22774,22730,48777,16,16,4,4,0.25,0.0,0.556,15,4,9,0.444
1115831,25384,13206,20244,11,11,5,5,0.4545,0.0,0.556,10,4,9,0.444
1148354,21240,3237,3634,6,6,2,2,0.3333,0.0,0.556,5,4,9,0.444
1150873,21240,3237,3634,6,6,2,2,0.3333,0.0,0.556,5,4,9,0.444
1108844,16958,16947,23602,6,6,3,3,0.5,0.0,0.556,5,4,9,0.444
1180972,20849,20831,37717,2,2,1,1,0.5,0.0,0.556,1,4,9,0.444
1289851,222091,27023,30729,19,19,1,4,0.2105,0.1579,0.549,18,4,9,0.444
1072487,219839,219850,12227,46,46,2,9,0.1957,0.1522,0.548,45,4,9,0.444
1072703,219839,219850,12227,46,46,2,9,0.1957,0.1522,0.548,45,4,9,0.444
1053122,219841,219850,12227,46,46,6,9,0.1957,0.0652,0.548,45,4,9,0.444
1053124,219841,219850,12227,46,46,6,9,0.1957,0.0652,0.548,45,4,9,0.444
1072489,219841,219850,12227,46,46,6,9,0.1957,0.0652,0.548,45,4,9,0.444
1053206,219841,219850,12227,46,46,6,9,0.1957,0.0652,0.548,45,4,9,0.444
1053208,219841,219850,12227,46,46,6,9,0.1957,0.0652,0.548,45,4,9,0.444
1072704,219841,219850,12227,46,46,6,9,0.1957,0.0652,0.548,45,4,9,0.444
1072472,219849,219850,12227,46,46,7,9,0.1957,0.0435,0.548,45,4,9,0.444
1072690,219849,219850,12227,46,46,7,9,0.1957,0.0435,0.548,45,4,9,0.444
1072544,219849,219850,12227,46,46,7,9,0.1957,0.0435,0.548,45,4,9,0.444
1072692,219849,219850,12227,46,46,7,9,0.1957,0.0435,0.548,45,4,9,0.444
1072545,219849,219850,12227,46,46,7,9,0.1957,0.0435,0.548,45,4,9,0.444
1072543,219849,219850,12227,46,46,7,9,0.1957,0.0435,0.548,45,4,9,0.444
1072705,219849,219850,12227,46,46,7,9,0.1957,0.0435,0.548,45,4,9,0.444
1098982,216956,219850,12227,46,46,8,9,0.1957,0.0217,0.548,45,4,9,0.444
1098983,216956,219850,12227,46,46,8,9,0.1957,0.0217,0.548,45,4,9,0.444
1098984,216956,219850,12227,46,46,8,9,0.1957,0.0217,0.548,45,4,9,0.444
1098985,216956,219850,12227,46,46,8,9,0.1957,0.0217,0.548,45,4,9,0.444
1073171,216956,219850,12227,46,46,8,9,0.1957,0.0217,0.548,45,4,9,0.444
1073172,216956,219850,12227,46,46,8,9,0.1957,0.0217,0.548,45,4,9,0.444
1073173,216956,219850,12227,46,46,8,9,0.1957,0.0217,0.548,45,4,9,0.444
1142782,2670,20818,31051,12,12,1,6,0.5,0.4167,0.545,11,4,9,0.444
1134985,199047,199048,14752,11,11,2,5,0.4545,0.2727,0.544,10,4,9,0.444
1127941,199047,199048,14752,11,11,2,5,0.4545,0.2727,0.544,10,4,9,0.444
1001902,375329,375330,660,20,19,7,10,0.5263,0.1579,0.544,19,4,9,0.444
1208569,11083,11104,13417,10,10,4,6,0.6,0.2,0.543,9,4,9,0.444
1066294,5668,5664,14743,10,10,4,6,0.6,0.2,0.543,9,4,9,0.444
1066224,5672,5674,14868,10,10,4,6,0.6,0.2,0.543,9,4,9,0.444
1105392,16230,16226,18791,10,10,5,5,0.5,0.0,0.543,9,4,9,0.444
1137753,535787,144647,27060,9,9,2,4,0.4444,0.2222,0.542,8,4,9,0.444
1298735,8631,8656,34273,16,16,3,5,0.3125,0.125,0.541,15,4,9,0.444
1307474,8639,8656,34273,16,16,3,5,0.3125,0.125,0.541,15,4,9,0.444
1307476,8639,8656,34273,16,16,3,5,0.3125,0.125,0.541,15,4,9,0.444
1307477,8639,8656,34273,16,16,3,5,0.3125,0.125,0.541,15,4,9,0.444
1308421,8631,8656,34273,16,16,3,5,0.3125,0.125,0.541,15,4,9,0.444
1308330,8631,8656,34273,16,16,3,5,0.3125,0.125,0.541,15,4,9,0.444
1019538,175995,175690,5210,8,8,4,4,0.5,0.0,0.54,7,4,9,0.444
1083243,33246,15793,13285,8,8,4,4,0.5,0.0,0.54,7,4,9,0.444
1083300,63645,101404,18838,7,7,2,5,0.7143,0.4286,0.537,6,4,9,0.444
1083301,63645,101404,18838,7,7,2,5,0.7143,0.4286,0.537,6,4,9,0.444
1195548,284162,284163,29039,7,7,2,5,0.7143,0.4286,0.537,6,4,9,0.444
1195549,284162,284163,29039,7,7,2,5,0.7143,0.4286,0.537,6,4,9,0.444
1167201,19624,19627,20805,7,7,3,4,0.5714,0.1429,0.537,6,4,9,0.444
1186108,19624,19627,20805,7,7,3,4,0.5714,0.1429,0.537,6,4,9,0.444
1100290,16998,17015,22715,7,7,3,4,0.5714,0.1429,0.537,6,4,9,0.444
1270939,9202,9000,28864,25,25,5,7,0.28,0.08,0.537,24,4,9,0.444
1270940,9202,9000,28864,25,25,5,7,0.28,0.08,0.537,24,4,9,0.444
1270941,9202,9000,28864,25,25,5,7,0.28,0.08,0.537,24,4,9,0.444
1270942,9202,9000,28864,25,25,5,7,0.28,0.08,0.537,24,4,9,0.444
1225014,9202,9000,28864,25,25,5,7,0.28,0.08,0.537,24,4,9,0.444
1123532,13195,1302,26833,15,15,2,9,0.6,0.4667,0.532,14,4,9,0.444
1123530,13195,1302,26833,15,15,2,9,0.6,0.4667,0.532,14,4,9,0.444
1066171,5666,5670,14614,10,10,4,6,0.6,0.2,0.531,9,4,9,0.444
1067020,153922,153920,14857,10,10,4,6,0.6,0.2,0.531,9,4,9,0.444
1066115,153922,153920,14857,10,10,4,6,0.6,0.2,0.531,9,4,9,0.444
1101942,16128,16124,23051,10,10,5,5,0.5,0.0,0.531,9,4,9,0.444
1267002,24849,12113,28489,18,18,2,3,0.1667,0.0556,0.529,17,4,9,0.444
1195400,284160,284161,39119,5,5,2,3,0.6,0.2,0.528,4,4,9,0.444
1195401,284160,284161,39119,5,5,2,3,0.6,0.2,0.528,4,4,9,0.444
1288617,7559,22730,48777,16,16,1,4,0.25,0.1875,0.526,15,4,9,0.444
1126829,3777,26245,22185,19,19,1,8,0.4211,0.3684,0.525,18,4,9,0.444
1166190,275839,26245,22185,19,19,1,8,0.4211,0.3684,0.525,18,4,9,0.444
1095449,149438,19662,21785,12,12,3,7,0.5833,0.3333,0.525,11,4,9,0.444
1185931,149438,19662,21785,12,12,3,7,0.5833,0.3333,0.525,11,4,9,0.444
1167109,149438,19662,21785,12,12,3,7,0.5833,0.3333,0.525,11,4,9,0.444
1187357,134380,26245,22185,19,19,2,8,0.4211,0.3158,0.525,18,4,9,0.444
1142384,134380,26245,22185,19,19,2,8,0.4211,0.3158,0.525,18,4,9,0.444
1063505,281927,10423,5884,23,23,3,7,0.3043,0.1739,0.525,22,4,9,0.444
1137081,11363,11437,16722,8,8,2,6,0.75,0.5,0.524,7,4,9,0.444
1134058,11363,11437,16722,8,8,2,6,0.75,0.5,0.524,7,4,9,0.444
1082191,13776,13748,18828,8,8,2,6,0.75,0.5,0.524,7,4,9,0.444
1094771,13776,13748,18828,8,8,2,6,0.75,0.5,0.524,7,4,9,0.444
1136235,344076,19937,30487,8,8,2,6,0.75,0.5,0.524,7,4,9,0.444
1136512,344076,19937,30487,8,8,2,6,0.75,0.5,0.524,7,4,9,0.444
1308506,92,76,30421,15,15,3,4,0.2667,0.0667,0.524,14,4,9,0.444
1308507,92,76,30421,15,15,3,4,0.2667,0.0667,0.524,14,4,9,0.444
1309187,92,76,30421,15,15,3,4,0.2667,0.0667,0.524,14,4,9,0.444
1289417,7274,7353,46973,21,21,3,5,0.2381,0.0952,0.522,20,4,9,0.444
1289418,7274,7353,46973,21,21,3,5,0.2381,0.0952,0.522,20,4,9,0.444
1300220,7274,7353,46973,21,21,3,5,0.2381,0.0952,0.522,20,4,9,0.444
1063124,21962,5664,14535,11,11,5,6,0.5455,0.0909,0.522,10,4,9,0.444
1201508,115826,683,29372,17,17,1,8,0.4706,0.4118,0.521,16,4,9,0.444
1072829,219844,219850,12227,46,46,4,9,0.1957,0.1087,0.521,45,4,9,0.444
1053121,219842,219850,12227,46,46,6,9,0.1957,0.0652,0.521,45,4,9,0.444
1221964,12225,12137,37787,17,17,3,3,0.1765,0.0,0.521,16,4,9,0.444
1221966,12225,12137,37787,17,17,3,3,0.1765,0.0,0.521,16,4,9,0.444
1221967,24853,12137,37787,17,17,3,3,0.1765,0.0,0.521,16,4,9,0.444
1222937,24853,12137,37787,17,17,3,3,0.1765,0.0,0.521,16,4,9,0.444
1222939,24853,12137,37787,17,17,3,3,0.1765,0.0,0.521,16,4,9,0.444
1311535,264966,264965,51861,14,14,7,7,0.5,0.0,0.521,13,4,9,0.444
1226768,8307,23086,43934,7,7,1,5,0.7143,0.5714,0.519,6,4,9,0.444
1266292,8320,23086,43934,7,7,1,5,0.7143,0.5714,0.519,6,4,9,0.444
1288839,54,6925,44645,16,16,1,8,0.5,0.4375,0.519,15,4,9,0.444
1288775,55,6925,44645,16,16,2,8,0.5,0.375,0.519,15,4,9,0.444
1288776,55,6925,44645,16,16,2,8,0.5,0.375,0.519,15,4,9,0.444
1001096,400,395,299,4,4,1,2,0.5,0.25,0.519,3,4,9,0.444
1095482,388,395,299,4,4,1,2,0.5,0.25,0.519,3,4,9,0.444
1066113,153922,153920,14857,10,10,4,6,0.6,0.2,0.519,9,4,9,0.444
1066116,153922,153920,14857,10,10,4,6,0.6,0.2,0.519,9,4,9,0.444
1110271,16958,16982,22898,7,7,3,4,0.5714,0.1429,0.519,6,4,9,0.444
1014023,143046,148186,1871,9,9,2,5,0.5556,0.3333,0.514,8,4,9,0.444
1059159,143046,148186,1871,9,9,2,5,0.5556,0.3333,0.514,8,4,9,0.444
1206448,14450,14367,27385,9,9,3,4,0.4444,0.1111,0.514,8,4,9,0.444
1137530,14450,14367,27385,9,9,3,4,0.4444,0.1111,0.514,8,4,9,0.444
1219124,21761,27172,29315,9,9,2,3,0.3333,0.1111,0.514,8,4,9,0.444
1219125,21761,27172,29315,9,9,2,3,0.3333,0.1111,0.514,8,4,9,0.444
1133557,248008,248962,29432,9,9,2,3,0.3333,0.1111,0.514,8,4,9,0.444
1133569,248008,248962,29432,9,9,2,3,0.3333,0.1111,0.514,8,4,9,0.444
1073174,216956,219850,12227,46,46,8,9,0.1957,0.0217,0.514,45,4,9,0.444
1311537,264966,264965,51861,14,14,7,7,0.5,0.0,0.513,13,4,9,0.444
1074020,230715,3237,3634,6,6,1,2,0.3333,0.1667,0.511,5,4,9,0.444
1142746,246725,3237,3634,6,6,1,2,0.3333,0.1667,0.511,5,4,9,0.444
1197308,19954,820,35759,6,6,3,3,0.5,0.0,0.511,5,4,9,0.444
1174225,19954,820,35759,6,6,3,3,0.5,0.0,0.511,5,4,9,0.444
1289802,8797,23362,42648,8,8,1,6,0.75,0.625,0.508,7,4,9,0.444
1048697,23899,23891,6383,8,8,2,6,0.75,0.5,0.508,7,4,9,0.444
1026961,23899,23891,6383,8,8,2,6,0.75,0.5,0.508,7,4,9,0.444
1070301,21839,21843,15799,15,15,5,10,0.6667,0.3333,0.508,14,4,9,0.444
1001279,19819,19823,24,8,8,3,5,0.625,0.25,0.508,7,4,9,0.444
1225104,9680,9862,28938,8,8,1,3,0.375,0.25,0.508,7,4,9,0.444
1092148,19131,19057,20886,15,15,5,5,0.3333,0.0,0.508,14,4,9,0.444
1250769,6383,6368,29960,10,10,2,8,0.8,0.6,0.506,9,4,9,0.444
1205766,6383,6368,29960,10,10,2,8,0.8,0.6,0.506,9,4,9,0.444
1066185,5666,5672,14871,10,10,3,7,0.7,0.4,0.506,9,4,9,0.444
1054784,273926,273928,12328,10,10,2,5,0.5,0.3,0.506,9,4,9,0.444
1054785,273926,273928,12328,10,10,2,5,0.5,0.3,0.506,9,4,9,0.444
1287042,22682,7353,46973,21,21,2,5,0.2381,0.1429,0.506,20,4,9,0.444
1287064,22682,7353,46973,21,21,2,5,0.2381,0.1429,0.506,20,4,9,0.444
1121435,12835,20017,26234,10,10,3,4,0.4,0.1,0.506,9,4,9,0.444
1300887,22890,22895,29654,28,28,13,15,0.5357,0.0714,0.506,27,4,9,0.444
1300889,22890,22895,29654,28,28,13,15,0.5357,0.0714,0.506,27,4,9,0.444
1255978,319359,319362,11145,23,23,2,13,0.5652,0.4783,0.505,22,4,9,0.444
1265509,319359,319362,11145,23,23,2,13,0.5652,0.4783,0.505,22,4,9,0.444
1082968,27003,27020,19125,7,7,1,6,0.8571,0.7143,0.5,6,4,9,0.444
1274450,12734,25202,3931,11,11,2,9,0.8182,0.6364,0.5,10,4,9,0.444
1153145,12734,25202,3931,11,11,2,9,0.8182,0.6364,0.5,10,4,9,0.444
1135667,8388,8371,16076,11,11,2,9,0.8182,0.6364,0.5,10,4,9,0.444
1071148,8388,8371,16076,11,11,2,9,0.8182,0.6364,0.5,10,4,9,0.444
1119016,110384,458683,21989,7,7,2,5,0.7143,0.4286,0.5,6,4,9,0.444
1116163,12939,12920,20352,11,11,2,6,0.5455,0.3636,0.5,10,4,9,0.444
1148217,12939,12920,20352,11,11,2,6,0.5455,0.3636,0.5,10,4,9,0.444
1271013,8499,8450,45979,11,11,4,7,0.6364,0.2727,0.5,10,4,9,0.444
1270974,8499,8450,45979,11,11,4,7,0.6364,0.2727,0.5,10,4,9,0.444
1277317,4983,405675,3581,5,5,1,2,0.4,0.2,0.5,4,4,9,0.444
1013189,15683,15664,4011,5,5,1,2,0.4,0.2,0.5,4,4,9,0.444
1136400,22252,6341,29939,11,11,5,6,0.5455,0.0909,0.5,10,4,9,0.444
1134511,22252,6341,29939,11,11,5,6,0.5455,0.0909,0.5,10,4,9,0.444
1287088,536717,20813,21796,13,13,6,7,0.5385,0.0769,0.5,12,4,9,0.444
1119022,536717,20813,21796,13,13,6,7,0.5385,0.0769,0.5,12,4,9,0.444
1228740,536717,20813,21796,13,13,6,7,0.5385,0.0769,0.5,12,4,9,0.444
1095473,536717,20813,21796,13,13,6,7,0.5385,0.0769,0.5,12,4,9,0.444
1045722,375672,375669,11311,3,3,1,1,0.3333,0.0,0.5,2,4,9,0.444
1137007,375990,375669,11311,3,3,1,1,0.3333,0.0,0.5,2,4,9,0.444
1205538,20052,13419,41094,3,3,1,1,0.3333,0.0,0.5,2,4,9,0.444
1273988,21621,4562,29896,14,14,2,7,0.5,0.3571,0.496,13,4,9,0.444
1285864,21621,4562,29896,14,14,2,7,0.5,0.3571,0.496,13,4,9,0.444
1311522,264966,264965,51861,14,14,7,7,0.5,0.0,0.496,13,4,9,0.444
1066169,5666,5670,14614,10,10,4,6,0.6,0.2,0.494,9,4,9,0.444
1111314,13424,13486,20921,17,17,3,5,0.2941,0.1176,0.493,16,4,9,0.444
1092244,13424,13486,20921,17,17,3,5,0.2941,0.1176,0.493,16,4,9,0.444
1110468,26612,17001,23992,13,13,4,6,0.4615,0.1538,0.491,12,4,9,0.444
1110469,26612,17001,23992,13,13,4,6,0.4615,0.1538,0.491,12,4,9,0.444
1119538,477918,477919,26030,6,6,2,4,0.6667,0.3333,0.489,5,4,9,0.444
1011971,11711,12285,3588,21,21,3,5,0.2381,0.0952,0.489,20,4,9,0.444
1174852,11711,12285,3588,21,21,3,5,0.2381,0.0952,0.489,20,4,9,0.444
1176572,11711,12285,3588,21,21,3,5,0.2381,0.0952,0.489,20,4,9,0.444
1100304,17037,17015,22718,6,6,3,3,0.5,0.0,0.489,5,4,9,0.444
1105975,16995,16982,23936,6,6,3,3,0.5,0.0,0.489,5,4,9,0.444
1110474,17018,16995,24492,6,6,3,3,0.5,0.0,0.489,5,4,9,0.444
1174404,19954,820,35759,6,6,3,3,0.5,0.0,0.489,5,4,9,0.444
1101802,13106,13080,20278,17,17,1,4,0.2353,0.1765,0.486,16,4,9,0.444
1221912,19996,12137,37787,17,17,1,3,0.1765,0.1176,0.486,16,4,9,0.444
1182966,12274,12137,37787,17,17,2,3,0.1765,0.0588,0.486,16,4,9,0.444
1221946,12274,12137,37787,17,17,2,3,0.1765,0.0588,0.486,16,4,9,0.444
1229697,588,558,28581,20,20,6,6,0.3,0.0,0.485,19,4,9,0.444
1229203,588,558,28581,20,20,6,6,0.3,0.0,0.485,19,4,9,0.444
1190760,2977,15032,22013,10,10,2,7,0.7,0.5,0.481,9,4,9,0.444
1307475,8605,8656,34273,16,16,2,5,0.3125,0.1875,0.481,15,4,9,0.444
1308617,8605,8656,34273,16,16,2,5,0.3125,0.1875,0.481,15,4,9,0.444
1305947,22896,22900,29641,35,35,15,20,0.5714,0.1429,0.48,34,4,9,0.444
1310150,22896,22900,29641,35,35,15,20,0.5714,0.1429,0.48,34,4,9,0.444
1310707,22896,22900,29641,35,35,15,20,0.5714,0.1429,0.48,34,4,9,0.444
1229699,588,558,28581,20,20,6,6,0.3,0.0,0.48,19,4,9,0.444
1221480,11340,11225,40738,14,14,5,5,0.3571,0.0,0.479,13,4,9,0.444
1222449,11340,11225,40738,14,14,5,5,0.3571,0.0,0.479,13,4,9,0.444
1312429,11340,11225,40738,14,14,5,5,0.3571,0.0,0.479,13,4,9,0.444
1222451,11340,11225,40738,14,14,5,5,0.3571,0.0,0.479,13,4,9,0.444
1222400,11340,11225,40738,14,14,5,5,0.3571,0.0,0.479,13,4,9,0.444
1062772,5665,5669,14470,11,11,4,7,0.6364,0.2727,0.478,10,4,9,0.444
1000560,19819,19823,24,8,8,3,5,0.625,0.25,0.476,7,4,9,0.444
1219914,5051,5053,19057,19,19,5,14,0.7368,0.4737,0.475,18,4,9,0.444
1219430,5051,5053,19057,19,19,5,14,0.7368,0.4737,0.475,18,4,9,0.444
1024385,24128,10423,5884,23,23,4,7,0.3043,0.1304,0.475,22,4,9,0.444
1267725,8829,8700,8562,31,31,1,5,0.1613,0.129,0.474,30,4,9,0.444
1098175,23348,8700,8562,31,31,2,5,0.1613,0.0968,0.474,30,4,9,0.444
1073775,23348,8700,8562,31,31,2,5,0.1613,0.0968,0.474,30,4,9,0.444
1013343,19768,196,4104,28,28,1,5,0.1786,0.1429,0.473,27,4,9,0.444
1115748,13942,25577,25653,9,9,1,8,0.8889,0.7778,0.472,8,4,9,0.444
1000698,21904,21906,107,5,5,2,3,0.6,0.2,0.472,4,4,9,0.444
1005517,21904,21906,107,5,5,2,3,0.6,0.2,0.472,4,4,9,0.444
1114201,13424,13486,20921,17,17,3,5,0.2941,0.1176,0.472,16,4,9,0.444
1221963,12258,12137,37787,17,17,1,3,0.1765,0.1176,0.472,16,4,9,0.444
1102699,16425,16433,23225,13,13,6,7,0.5385,0.0769,0.472,12,4,9,0.444
1100201,16349,26386,22681,17,17,8,9,0.5294,0.0588,0.472,16,4,9,0.444
1221950,12225,12137,37787,17,17,3,3,0.1765,0.0,0.472,16,4,9,0.444
1219099,5051,5053,19057,19,19,5,14,0.7368,0.4737,0.469,18,4,9,0.444
1047179,344335,344336,11553,16,16,3,13,0.8125,0.625,0.467,15,4,9,0.444
1047181,344335,344336,11553,16,16,3,13,0.8125,0.625,0.467,15,4,9,0.444
1123576,13440,13468,26766,35,35,11,24,0.6857,0.3714,0.467,34,4,9,0.444
1167257,18431,18451,20051,6,6,2,4,0.6667,0.3333,0.467,5,4,9,0.444
1089768,18431,18451,20051,6,6,2,4,0.6667,0.3333,0.467,5,4,9,0.444
1102701,16433,16425,23212,12,12,6,6,0.5,0.0,0.465,11,4,9,0.444
1105503,16433,16425,23212,12,12,6,6,0.5,0.0,0.465,11,4,9,0.444
1218057,24834,12113,28489,18,18,3,3,0.1667,0.0,0.464,17,4,9,0.444
1137465,24834,12113,28489,18,18,3,3,0.1667,0.0,0.464,17,4,9,0.444
1247669,23849,9821,43790,13,13,5,7,0.5385,0.1538,0.463,12,4,9,0.444
1300641,7280,7294,47919,13,13,3,4,0.3077,0.0769,0.463,12,4,9,0.444
1282336,7280,7294,47919,13,13,3,4,0.3077,0.0769,0.463,12,4,9,0.444
1299737,17182,17159,28272,21,21,2,3,0.1429,0.0476,0.461,20,4,9,0.444
1298473,17182,17159,28272,21,21,2,3,0.1429,0.0476,0.461,20,4,9,0.444
1100200,16349,26386,22681,17,17,8,9,0.5294,0.0588,0.458,16,4,9,0.444
1104853,16349,26386,22681,17,17,8,9,0.5294,0.0588,0.458,16,4,9,0.444
1218079,24834,12113,28489,18,18,3,3,0.1667,0.0,0.458,17,4,9,0.444
1073677,22591,7064,16859,10,10,1,3,0.3,0.2,0.457,9,4,9,0.444
1309184,103965,7064,16859,10,10,1,3,0.3,0.2,0.457,9,4,9,0.444
1253748,22595,7064,16859,10,10,1,3,0.3,0.2,0.457,9,4,9,0.444
1307064,6971,7064,16859,10,10,1,3,0.3,0.2,0.457,9,4,9,0.444
1312494,264960,264959,29177,21,21,10,11,0.5238,0.0476,0.456,20,4,9,0.444
1310708,22896,22900,29641,35,35,15,20,0.5714,0.1429,0.454,34,4,9,0.444
1103182,16349,16385,23231,16,16,5,11,0.6875,0.375,0.452,15,4,9,0.444
1136088,81,76,30421,15,15,2,4,0.2667,0.1333,0.452,14,4,9,0.444
1199388,588,558,28581,20,20,6,6,0.3,0.0,0.45,19,4,9,0.444
1229698,588,558,28581,20,20,6,6,0.3,0.0,0.45,19,4,9,0.444
1208653,617,599,12522,35,35,4,4,0.1143,0.0,0.448,34,4,9,0.444
1222328,617,599,12522,35,35,4,4,0.1143,0.0,0.448,34,4,9,0.444
1059258,375499,375314,3517,9,9,1,8,0.8889,0.7778,0.444,8,4,9,0.444
1014323,473133,473122,4525,10,9,1,8,0.8889,0.7778,0.444,9,4,9,0.444
1062290,344278,344279,14344,9,9,1,8,0.8889,0.7778,0.444,8,4,9,0.444
1125299,1267,20047,27213,8,8,1,7,0.875,0.75,0.444,7,4,9,0.444
1005565,24917,24886,1828,7,7,1,6,0.8571,0.7143,0.444,6,4,9,0.444
1003634,19695,19697,1174,6,6,1,5,0.8333,0.6667,0.444,5,4,9,0.444
1055946,10466,24232,8229,6,6,1,5,0.8333,0.6667,0.444,5,4,9,0.444
1040148,101405,71323,10177,6,6,1,5,0.8333,0.6667,0.444,5,4,9,0.444
1079712,17287,17317,18250,6,6,1,5,0.8333,0.6667,0.444,5,4,9,0.444
1282689,19464,19512,21727,6,6,1,5,0.8333,0.6667,0.444,5,4,9,0.444
1207021,25476,25470,22298,6,6,1,5,0.8333,0.6667,0.444,5,4,9,0.444
1142809,12712,12659,31186,6,6,1,5,0.8333,0.6667,0.444,5,4,9,0.444
1204979,20448,2188,41052,6,6,1,5,0.8333,0.6667,0.444,5,4,9,0.444
1210293,11163,11180,34042,10,10,2,8,0.8,0.6,0.444,9,4,9,0.444
1299929,58848,17788,50044,5,5,1,4,0.8,0.6,0.444,4,4,9,0.444
1123673,12104,12160,26864,9,9,2,7,0.7778,0.5556,0.444,8,4,9,0.444
1267983,78049,78047,45670,9,9,2,7,0.7778,0.5556,0.444,8,4,9,0.444
1057030,287043,287042,3791,13,13,1,8,0.6154,0.5385,0.444,12,4,9,0.444
1005220,109106,109104,1618,8,8,2,6,0.75,0.5,0.444,7,4,9,0.444
1110152,17039,17037,22707,8,8,2,6,0.75,0.5,0.444,7,4,9,0.444
1205664,1586,92123,27441,4,4,1,3,0.75,0.5,0.444,3,4,9,0.444
1137994,25698,25699,30941,4,4,1,3,0.75,0.5,0.444,3,4,9,0.444
1175622,174719,123189,36496,4,4,1,3,0.75,0.5,0.444,3,4,9,0.444
1218844,5051,5053,19057,19,19,5,14,0.7368,0.4737,0.444,18,4,9,0.444
1166722,5051,5053,19057,19,19,5,14,0.7368,0.4737,0.444,18,4,9,0.444
1083464,33247,15790,13756,15,15,4,11,0.7333,0.4667,0.444,14,4,9,0.444
1165746,21203,21199,34021,18,18,5,13,0.7222,0.4444,0.444,17,4,9,0.444
1003727,19678,19680,1203,7,7,2,5,0.7143,0.4286,0.444,6,4,9,0.444
1026162,437,444,6788,7,7,2,5,0.7143,0.4286,0.444,6,4,9,0.444
1311337,264965,264966,29173,7,7,2,5,0.7143,0.4286,0.444,6,4,9,0.444
1270742,25690,25668,46101,7,7,2,5,0.7143,0.4286,0.444,6,4,9,0.444
1289009,25119,25122,45265,20,20,6,14,0.7,0.4,0.444,19,4,9,0.444
1068356,22047,5817,15180,10,10,1,5,0.5,0.4,0.444,9,4,9,0.444
1288561,188484,188480,4988,8,8,1,4,0.5,0.375,0.444,7,4,9,0.444
1221726,,12464,21809,9,8,0,3,0.375,0.375,0.444,8,4,9,0.444
1066190,5666,5670,13503,9,9,3,6,0.6667,0.3333,0.444,8,4,9,0.444
1110533,16962,16963,24503,9,9,3,6,0.6667,0.3333,0.444,8,4,9,0.444
1000886,19693,19688,219,6,6,2,4,0.6667,0.3333,0.444,5,4,9,0.444
1310395,82844,5939,17122,6,6,1,3,0.5,0.3333,0.444,5,4,9,0.444
1116169,25230,25251,25722,6,6,2,4,0.6667,0.3333,0.444,5,4,9,0.444
1184513,19402,19417,38022,6,6,2,4,0.6667,0.3333,0.444,5,4,9,0.444
1074019,2843,2901,17025,3,3,1,2,0.6667,0.3333,0.444,2,4,9,0.444
1148733,21725,27017,26168,3,3,1,2,0.6667,0.3333,0.444,2,4,9,0.444
1298366,51,43,49743,3,3,1,2,0.6667,0.3333,0.444,2,4,9,0.444
1066036,5665,5669,14470,11,11,4,7,0.6364,0.2727,0.444,10,4,9,0.444
1142391,272967,16902,24060,4,4,1,2,0.5,0.25,0.444,3,4,9,0.444
1107826,26566,16902,24060,4,4,1,2,0.5,0.25,0.444,3,4,9,0.444
1281678,21682,107500,25900,4,4,1,2,0.5,0.25,0.444,3,4,9,0.444
1281679,107499,107500,25900,4,4,1,2,0.5,0.25,0.444,3,4,9,0.444
1110436,16971,17001,23992,13,13,3,6,0.4615,0.2308,0.444,12,4,9,0.444
1100279,16998,17015,22713,9,9,2,4,0.4444,0.2222,0.444,8,4,9,0.444
1066301,5668,5664,14743,10,10,4,6,0.6,0.2,0.444,9,4,9,0.444
1184902,18667,18707,38105,5,5,2,3,0.6,0.2,0.444,4,4,9,0.444
1184905,18667,18707,38105,5,5,2,3,0.6,0.2,0.444,4,4,9,0.444
1104801,16995,16982,22900,11,11,3,5,0.4545,0.1818,0.444,10,4,9,0.444
1128646,30,6569,28384,11,11,1,3,0.2727,0.1818,0.444,10,4,9,0.444
1286208,18244,18373,31123,11,11,1,3,0.2727,0.1818,0.444,10,4,9,0.444
1209476,20073,20084,28303,12,12,2,4,0.3333,0.1667,0.444,11,4,9,0.444
1209923,20073,20084,28303,12,12,2,4,0.3333,0.1667,0.444,11,4,9,0.444
1281754,27323,19293,41212,12,12,2,4,0.3333,0.1667,0.444,11,4,9,0.444
1084256,5881,22067,12815,13,13,5,7,0.5385,0.1538,0.444,12,4,9,0.444
1113854,16971,16995,23930,7,7,3,4,0.5714,0.1429,0.444,6,4,9,0.444
1110520,17018,16995,24484,7,7,3,4,0.5714,0.1429,0.444,6,4,9,0.444
1062343,5671,5668,14367,9,9,4,5,0.5556,0.1111,0.444,8,4,9,0.444
1062757,21970,5669,14462,9,9,4,5,0.5556,0.1111,0.444,8,4,9,0.444
1062809,5669,21970,14475,9,9,4,5,0.5556,0.1111,0.444,8,4,9,0.444
1127005,14450,14367,27385,9,9,3,4,0.4444,0.1111,0.444,8,4,9,0.444
1224778,281280,281281,41192,20,20,4,6,0.3,0.1,0.444,19,4,9,0.444
1063125,21962,5664,14535,11,11,5,6,0.5455,0.0909,0.444,10,4,9,0.444
1063130,21962,5664,14535,11,11,5,6,0.5455,0.0909,0.444,10,4,9,0.444
1066273,21976,21975,14742,11,11,5,6,0.5455,0.0909,0.444,10,4,9,0.444
1297959,86050,6569,28384,11,11,2,3,0.2727,0.0909,0.444,10,4,9,0.444
1299852,384187,18373,31123,11,11,2,3,0.2727,0.0909,0.444,10,4,9,0.444
1026747,10392,10423,5884,23,23,5,7,0.3043,0.087,0.444,22,4,9,0.444
1218675,536717,20813,21796,13,13,6,7,0.5385,0.0769,0.444,12,4,9,0.444
1299199,536717,20813,21796,13,13,6,7,0.5385,0.0769,0.444,12,4,9,0.444
1300898,22890,22895,29654,28,28,13,15,0.5357,0.0714,0.444,27,4,9,0.444
1201584,24530,11225,40738,14,14,4,5,0.3571,0.0714,0.444,13,4,9,0.444
1201599,24530,11225,40738,14,14,4,5,0.3571,0.0714,0.444,13,4,9,0.444
1201602,24530,11225,40738,14,14,4,5,0.3571,0.0714,0.444,13,4,9,0.444
1201604,24530,11225,40738,14,14,4,5,0.3571,0.0714,0.444,13,4,9,0.444
1100144,16349,26386,22681,17,17,8,9,0.5294,0.0588,0.444,16,4,9,0.444
1279488,246718,17497,36098,18,18,2,3,0.1667,0.0556,0.444,17,4,9,0.444
1299305,27011,27023,30729,19,19,3,4,0.2105,0.0526,0.444,18,4,9,0.444
1099031,233276,233282,3545,45,45,8,9,0.2,0.0222,0.444,44,4,9,0.444
1202942,18536,5017,36222,18,18,5,5,0.2778,0.0,0.444,17,4,9,0.444
1175725,12514,12223,36416,16,16,4,4,0.25,0.0,0.444,15,4,9,0.444
1001662,19799,282,389,13,13,4,4,0.3077,0.0,0.444,12,4,9,0.444
1100772,16433,16425,22821,12,12,6,6,0.5,0.0,0.444,11,4,9,0.444
1102573,16433,16425,23212,12,12,6,6,0.5,0.0,0.444,11,4,9,0.444
1271939,8122,8090,46433,10,10,5,5,0.5,0.0,0.444,9,4,9,0.444
1019543,175995,175690,5210,8,8,4,4,0.5,0.0,0.444,7,4,9,0.444
1068470,22056,5837,13693,8,8,4,4,0.5,0.0,0.444,7,4,9,0.444
1100287,16998,16962,22710,6,6,3,3,0.5,0.0,0.444,5,4,9,0.444
1100292,16998,16962,22710,6,6,3,3,0.5,0.0,0.444,5,4,9,0.444
1176157,2880,2841,36638,6,6,3,3,0.5,0.0,0.444,5,4,9,0.444
1196859,1042,993,7046,5,5,1,1,0.2,0.0,0.444,4,4,9,0.444
1304921,241,234,50965,4,4,2,2,0.5,0.0,0.444,3,4,9,0.444
1304918,241,234,50965,4,4,2,2,0.5,0.0,0.444,3,4,9,0.444
1121132,226875,26949,23003,3,3,1,1,0.3333,0.0,0.444,2,4,9,0.444
1150009,383451,3589,32633,3,3,1,1,0.3333,0.0,0.444,2,4,9,0.444
1187148,3613,3589,32633,3,3,1,1,0.3333,0.0,0.444,2,4,9,0.444
1286474,6,2,48972,3,3,1,1,0.3333,0.0,0.444,2,4,9,0.444
1304056,19759,93,50521,3,3,1,1,0.3333,0.0,0.444,2,4,9,0.444
1068457,125100,5697,13989,2,2,1,1,0.5,0.0,0.444,1,4,9,0.444
1062760,21970,5669,14465,2,2,1,1,0.5,0.0,0.444,1,4,9,0.444
1067502,370363,5840,15164,2,2,1,1,0.5,0.0,0.444,1,4,9,0.444
1072082,15207,15201,16230,2,2,1,1,0.5,0.0,0.444,1,4,9,0.444
1144039,70043,2346,18699,2,2,1,1,0.5,0.0,0.444,1,4,9,0.444
1247647,376043,365067,29314,2,2,1,1,0.5,0.0,0.444,1,4,9,0.444
1151125,25735,25708,32790,2,2,1,1,0.5,0.0,0.444,1,4,9,0.444
1152849,10955,10941,32837,2,2,1,1,0.5,0.0,0.444,1,4,9,0.444
1165137,323195,4586,34659,2,2,1,1,0.5,0.0,0.444,1,4,9,0.444
1177713,1989,1952,37083,2,2,1,1,0.5,0.0,0.444,1,4,9,0.444
1189349,16774,16751,38831,2,2,1,1,0.5,0.0,0.444,1,4,9,0.444
1195003,274567,25168,39075,2,2,1,1,0.5,0.0,0.444,1,4,9,0.444
1266020,88289,10183,40107,2,2,1,1,0.5,0.0,0.444,1,4,9,0.444
1222506,25091,12594,43284,2,2,1,1,0.5,0.0,0.444,1,4,9,0.444
1229363,24276,24264,43969,2,2,1,1,0.5,0.0,0.444,1,4,9,0.444
1266333,47028,10750,45229,2,2,1,1,0.5,0.0,0.444,1,4,9,0.444
1273074,7185,7159,46610,2,2,1,1,0.5,0.0,0.444,1,4,9,0.444
1301426,138,196,4104,28,28,2,5,0.1786,0.1071,0.44,27,4,9,0.444
1301427,138,196,4104,28,28,2,5,0.1786,0.1071,0.44,27,4,9,0.444
1309447,7884,7775,13997,15,15,4,4,0.2667,0.0,0.437,14,4,9,0.444
1308222,7884,7775,13997,15,15,4,4,0.2667,0.0,0.437,14,4,9,0.444
1232501,,530655,26049,13,9,0,4,0.4444,0.4444,0.433,12,4,9,0.444
1059443,11888,12285,3588,21,21,3,5,0.2381,0.0952,0.433,20,4,9,0.444
1299721,17257,17159,28272,21,21,1,3,0.1429,0.0952,0.433,20,4,9,0.444
1229700,588,558,28581,20,20,6,6,0.3,0.0,0.433,19,4,9,0.444
1103936,16349,16385,23231,16,16,5,11,0.6875,0.375,0.43,15,4,9,0.444
1060803,7884,7775,13997,15,15,4,4,0.2667,0.0,0.429,14,4,9,0.444
1123602,13440,13468,26766,35,35,11,24,0.6857,0.3714,0.428,34,4,9,0.444
1266348,25070,25088,30703,13,13,5,8,0.6154,0.2308,0.426,12,4,9,0.444
1089640,14438,14470,17977,7,7,3,4,0.5714,0.1429,0.426,6,4,9,0.444
1136629,23516,23497,3300,18,18,2,7,0.3889,0.2778,0.425,17,4,9,0.444
1250846,23516,23497,3300,18,18,2,7,0.3889,0.2778,0.425,17,4,9,0.444
1276253,7954,7952,47021,17,17,5,5,0.2941,0.0,0.424,16,4,9,0.444
1289388,7809,7775,13997,15,15,4,4,0.2667,0.0,0.421,14,4,9,0.444
1289390,7809,7775,13997,15,15,4,4,0.2667,0.0,0.421,14,4,9,0.444
1286639,7809,7775,13997,15,15,4,4,0.2667,0.0,0.421,14,4,9,0.444
1289318,7043,7064,16859,10,10,2,3,0.3,0.1,0.42,9,4,9,0.444
1309040,7043,7064,16859,10,10,2,3,0.3,0.1,0.42,9,4,9,0.444
1134095,14906,14831,29511,14,14,5,5,0.3571,0.0,0.419,13,4,9,0.444
1158561,,536892,8319,11,7,0,4,0.5714,0.5714,0.417,10,4,9,0.444
1121097,377925,376994,26159,9,9,1,3,0.3333,0.2222,0.417,8,4,9,0.444
1159614,3931,376994,26159,9,9,1,3,0.3333,0.2222,0.417,8,4,9,0.444
1308509,72,79,51526,5,5,1,2,0.4,0.2,0.417,4,4,9,0.444
1076621,19234,19140,9124,20,20,4,6,0.3,0.1,0.415,19,4,9,0.444
1078685,19234,19140,9124,20,20,4,6,0.3,0.1,0.415,19,4,9,0.444
1076623,19234,19140,9124,20,20,4,6,0.3,0.1,0.415,19,4,9,0.444
1069500,19234,19140,9124,20,20,4,6,0.3,0.1,0.415,19,4,9,0.444
1308223,7884,7775,13997,15,15,4,4,0.2667,0.0,0.413,14,4,9,0.444
1299917,26874,17770,49970,4,4,1,3,0.75,0.5,0.407,3,4,9,0.444
1304320,94374,18876,49554,4,4,1,2,0.5,0.25,0.407,3,4,9,0.444
1175374,12447,25056,36396,13,13,2,5,0.3846,0.2308,0.398,12,4,9,0.444
1060208,15921,15922,13831,8,8,1,7,0.875,0.75,0.397,7,4,9,0.444
1021000,535977,535975,5605,25,22,1,10,0.4545,0.4091,0.396,24,4,9,0.444
1097173,535976,535975,5605,25,22,5,10,0.4545,0.2273,0.396,24,4,9,0.444
1149092,370332,370333,31664,10,10,2,8,0.8,0.6,0.395,9,4,9,0.444
1078629,18565,18623,17997,5,5,2,3,0.6,0.2,0.389,4,4,9,0.444
1065718,39013,39017,14777,11,11,1,6,0.5455,0.4545,0.378,10,4,9,0.444
1056716,343316,343315,11045,9,9,1,8,0.8889,0.7778,0.375,8,4,9,0.444
1047105,10549,24273,8237,7,7,1,5,0.7143,0.5714,0.37,6,4,9,0.444
1180981,4363,4364,16758,25,25,3,9,0.36,0.24,0.37,24,4,9,0.444
1184489,4363,4364,16758,25,25,3,9,0.36,0.24,0.37,24,4,9,0.444
1309899,220,177,29691,32,32,3,7,0.2188,0.125,0.369,31,4,9,0.444
1309900,220,177,29691,32,32,3,7,0.2188,0.125,0.369,31,4,9,0.444
1067803,5233,5245,15235,12,12,1,9,0.75,0.6667,0.364,11,4,9,0.444
1302944,220,177,29691,32,32,3,7,0.2188,0.125,0.358,31,4,9,0.444
1274342,9890,9965,46848,6,6,1,4,0.6667,0.5,0.356,5,4,9,0.444
1184487,4363,4364,16758,25,25,3,9,0.36,0.24,0.347,24,4,9,0.444
1310739,213,177,29691,32,32,1,7,0.2188,0.1875,0.344,31,4,9,0.444
1034941,263366,263367,7271,12,12,1,11,0.9167,0.8333,0.343,11,4,9,0.444
1220380,18998,19040,35223,13,13,4,9,0.6923,0.3846,0.333,12,4,9,0.444
1272560,12150,12156,43341,13,13,4,5,0.3846,0.0769,0.333,12,4,9,0.444
1302911,223,165,13627,39,39,2,4,0.1026,0.0513,0.33,38,4,9,0.444
1302912,223,165,13627,39,39,2,4,0.1026,0.0513,0.33,38,4,9,0.444
1126562,11660,24745,27534,15,15,2,8,0.5333,0.4,0.325,14,4,9,0.444
1176575,11660,24745,27534,15,15,2,8,0.5333,0.4,0.325,14,4,9,0.444
1142398,14843,2661,26101,21,21,1,10,0.4762,0.4286,0.322,20,4,9,0.444
1166300,2715,2661,26101,21,21,10,10,0.4762,0.0,0.322,20,4,9,0.444
1166314,2715,2661,26101,21,21,10,10,0.4762,0.0,0.322,20,4,9,0.444
1209767,10284,24172,16754,29,29,2,6,0.2069,0.1379,0.313,28,4,9,0.444
1209768,10284,24172,16754,29,29,2,6,0.2069,0.1379,0.313,28,4,9,0.444
1190164,4459,375949,36145,4,4,1,2,0.5,0.25,0.296,3,4,9,0.444
1301535,175,165,13627,39,39,3,4,0.1026,0.0256,0.289,38,4,9,0.444
1304761,175,165,13627,39,39,3,4,0.1026,0.0256,0.289,38,4,9,0.444
1300289,224,165,13627,39,39,3,4,0.1026,0.0256,0.287,38,4,9,0.444
1303540,224,165,13627,39,39,3,4,0.1026,0.0256,0.287,38,4,9,0.444
1302927,224,165,13627,39,39,3,4,0.1026,0.0256,0.275,38,4,9,0.444
1101534,16659,16641,8936,22,22,5,5,0.2273,0.0,0.275,21,4,9,0.444
1059425,11118,74212,13451,11,11,1,4,0.3636,0.2727,0.267,10,4,9,0.444
1059428,11204,74212,13451,11,11,1,4,0.3636,0.2727,0.267,10,4,9,0.444
1265294,11048,74212,13451,11,11,1,4,0.3636,0.2727,0.267,10,4,9,0.444
1300595,22852,22914,48227,12,12,1,5,0.4167,0.3333,0.202,11,4,9,0.444
1078964,18942,5109,16724,6,6,1,2,0.3333,0.1667,0.178,5,4,9,0.444
1042256,391275,391280,1197,11,9,2,4,0.4444,0.2222,0.343,10,3,7,0.429
1011847,391275,391280,1197,11,9,2,4,0.4444,0.2222,0.343,10,3,7,0.429
1027652,391273,391280,1197,11,9,3,4,0.4444,0.1111,0.343,10,3,7,0.429
1257361,,640,44418,6,5,0,5,1.0,1.0,0.5,5,3,8,0.375
1304899,,63015,14517,7,1,0,1,1.0,1.0,0.417,6,3,8,0.375
1257363,,24763,3405,10,9,0,9,1.0,1.0,0.375,9,3,8,0.375
1257379,,430001,14690,9,8,0,8,1.0,1.0,0.375,8,3,8,0.375
1011947,,536652,3580,2,1,0,1,1.0,1.0,0.375,1,3,8,0.375
1063054,,63015,14517,7,1,0,1,1.0,1.0,0.375,6,3,8,0.375
1083443,,63015,14517,7,1,0,1,1.0,1.0,0.375,6,3,8,0.375
1202842,,473134,39043,2,1,0,1,1.0,1.0,0.375,1,3,8,0.375
1053674,536770,536771,8210,6,6,1,4,0.6667,0.5,0.375,5,3,8,0.375
1248326,,536225,10426,14,13,0,6,0.4615,0.4615,0.375,13,3,8,0.375
1109162,536230,536225,10426,14,13,1,6,0.4615,0.3846,0.375,13,3,8,0.375
1041290,536227,536225,10426,14,13,1,6,0.4615,0.3846,0.375,13,3,8,0.375
1207877,530659,530655,26049,13,9,2,4,0.4444,0.2222,0.375,12,3,8,0.375
1171453,530659,530655,26049,13,9,2,4,0.4444,0.2222,0.375,12,3,8,0.375
1166258,530637,530638,9365,15,14,4,6,0.4286,0.1429,0.375,14,3,8,0.375
1043653,535969,535975,5605,25,22,4,10,0.4545,0.2727,0.344,24,3,8,0.375
1150782,535969,535975,5605,25,22,4,10,0.4545,0.2727,0.344,24,3,8,0.375
1043716,535969,535975,5605,25,22,4,10,0.4545,0.2727,0.344,24,3,8,0.375
1310081,535969,535975,5605,25,22,4,10,0.4545,0.2727,0.344,24,3,8,0.375
1232476,,391276,22235,4,3,0,3,1.0,1.0,1.0,3,3,9,0.333
1072820,216321,216955,16462,8,8,1,7,0.875,0.75,1.0,7,3,9,0.333
1175047,3367,15416,36321,4,4,1,3,0.75,0.5,1.0,3,3,9,0.333
1278987,2486,2451,47730,4,4,1,3,0.75,0.5,1.0,3,3,9,0.333
1070146,383902,377773,14157,3,3,1,2,0.6667,0.3333,1.0,2,3,9,0.333
1180289,12399,12421,36517,3,3,1,2,0.6667,0.3333,1.0,2,3,9,0.333
1288000,12074,12061,49235,3,3,1,2,0.6667,0.3333,1.0,2,3,9,0.333
1207163,13188,25348,14522,9,9,2,3,0.3333,0.1111,1.0,8,3,9,0.333
1122766,13198,25348,14522,9,9,2,3,0.3333,0.1111,1.0,8,3,9,0.333
1122767,13198,25348,14522,9,9,2,3,0.3333,0.1111,1.0,8,3,9,0.333
1122768,25341,25348,14522,9,9,2,3,0.3333,0.1111,1.0,8,3,9,0.333
1171291,25341,25348,14522,9,9,2,3,0.3333,0.1111,1.0,8,3,9,0.333
1207151,13188,25348,14522,9,9,2,3,0.3333,0.1111,1.0,8,3,9,0.333
1188072,256643,4124,36337,8,8,4,4,0.5,0.0,1.0,7,3,9,0.333
1181280,256643,4124,36337,8,8,4,4,0.5,0.0,1.0,7,3,9,0.333
1181282,256643,4124,36337,8,8,4,4,0.5,0.0,1.0,7,3,9,0.333
1181281,256643,4124,36337,8,8,4,4,0.5,0.0,1.0,7,3,9,0.333
1297866,7642,7608,49650,6,6,3,3,0.5,0.0,1.0,5,3,9,0.333
1297869,7642,7608,49650,6,6,3,3,0.5,0.0,1.0,5,3,9,0.333
1297873,7642,7608,49650,6,6,3,3,0.5,0.0,1.0,5,3,9,0.333
1286655,25129,25068,49030,2,2,1,1,0.5,0.0,1.0,1,3,9,0.333
1185700,19425,19414,38229,5,5,1,4,0.8,0.6,0.972,4,3,9,0.333
1195377,12655,12677,36394,4,4,1,2,0.5,0.25,0.963,3,3,9,0.333
1209673,164809,164807,28129,12,12,4,4,0.3333,0.0,0.949,11,3,9,0.333
1209647,164809,164807,28129,12,12,4,4,0.3333,0.0,0.949,11,3,9,0.333
1127999,164809,164807,28129,12,12,4,4,0.3333,0.0,0.949,11,3,9,0.333
1221231,165116,164807,28129,12,12,4,4,0.3333,0.0,0.949,11,3,9,0.333
1195726,165116,164807,28129,12,12,4,4,0.3333,0.0,0.949,11,3,9,0.333
1195727,165116,164807,28129,12,12,4,4,0.3333,0.0,0.949,11,3,9,0.333
1195729,165116,164807,28129,12,12,4,4,0.3333,0.0,0.949,11,3,9,0.333
1003706,19705,19694,1155,3,3,1,2,0.6667,0.3333,0.944,2,3,9,0.333
1216184,19237,27322,42149,4,4,1,3,0.75,0.5,0.926,3,3,9,0.333
1184403,4208,4108,37712,10,10,4,5,0.5,0.1,0.926,9,3,9,0.333
1184404,4208,4108,37712,10,10,4,5,0.5,0.1,0.926,9,3,9,0.333
1180961,4208,4108,37712,10,10,4,5,0.5,0.1,0.926,9,3,9,0.333
1184416,4208,4108,37712,10,10,4,5,0.5,0.1,0.926,9,3,9,0.333
1015412,74530,18665,4973,4,4,2,2,0.5,0.0,0.926,3,3,9,0.333
1299973,74530,18665,4973,4,4,2,2,0.5,0.0,0.926,3,3,9,0.333
1303035,6796,22452,43686,8,8,1,5,0.625,0.5,0.921,7,3,9,0.333
1302262,22484,22452,43686,8,8,2,5,0.625,0.375,0.921,7,3,9,0.333
1302265,22484,22452,43686,8,8,2,5,0.625,0.375,0.921,7,3,9,0.333
1043897,99496,111022,10961,8,8,3,5,0.625,0.25,0.921,7,3,9,0.333
1043887,99496,111022,10961,8,8,3,5,0.625,0.25,0.921,7,3,9,0.333
1043890,99496,111022,10961,8,8,3,5,0.625,0.25,0.921,7,3,9,0.333
1002455,30697,30695,473,4,4,1,2,0.5,0.25,0.889,3,3,9,0.333
1175369,25117,12677,36394,4,4,1,2,0.5,0.25,0.889,3,3,9,0.333
1298422,19750,84,44704,12,12,1,2,0.1667,0.0833,0.889,11,3,9,0.333
1298425,19755,84,44704,12,12,1,2,0.1667,0.0833,0.889,11,3,9,0.333
1298427,6992,84,44704,12,12,1,2,0.1667,0.0833,0.889,11,3,9,0.333
1298428,22570,84,44704,12,12,1,2,0.1667,0.0833,0.889,11,3,9,0.333
1288771,7040,84,44704,12,12,2,2,0.1667,0.0,0.889,11,3,9,0.333
1288777,19752,84,44704,12,12,2,2,0.1667,0.0,0.889,11,3,9,0.333
1288778,19752,84,44704,12,12,2,2,0.1667,0.0,0.889,11,3,9,0.333
1248277,7040,84,44704,12,12,2,2,0.1667,0.0,0.889,11,3,9,0.333
1200398,25168,274565,40478,7,7,1,2,0.2857,0.1429,0.87,6,3,9,0.333
1224534,274562,274565,40478,7,7,1,2,0.2857,0.1429,0.87,6,3,9,0.333
1311090,7661,7686,47905,9,9,4,5,0.5556,0.1111,0.861,8,3,9,0.333
1312182,7661,7686,47905,9,9,4,5,0.5556,0.1111,0.861,8,3,9,0.333
1312183,7661,7686,47905,9,9,4,5,0.5556,0.1111,0.861,8,3,9,0.333
1279581,7661,7686,47905,9,9,4,5,0.5556,0.1111,0.861,8,3,9,0.333
1180141,12464,12590,34844,4,4,1,3,0.75,0.5,0.852,3,3,9,0.333
1128254,567,557,28168,10,10,1,4,0.4,0.3,0.852,9,3,9,0.333
1228602,319995,557,28168,10,10,1,4,0.4,0.3,0.852,9,3,9,0.333
1265819,19878,557,28168,10,10,1,4,0.4,0.3,0.852,9,3,9,0.333
1266982,583,557,28168,10,10,3,4,0.4,0.1,0.852,9,3,9,0.333
1217270,583,557,28168,10,10,3,4,0.4,0.1,0.852,9,3,9,0.333
1198122,583,557,28168,10,10,3,4,0.4,0.1,0.852,9,3,9,0.333
1209676,164809,164807,28129,12,12,4,4,0.3333,0.0,0.848,11,3,9,0.333
1298429,22564,84,44704,12,12,1,2,0.1667,0.0833,0.818,11,3,9,0.333
1276879,17648,17623,47224,5,5,2,3,0.6,0.2,0.806,4,3,9,0.333
1233008,,26614,30444,5,3,0,1,0.3333,0.3333,0.778,4,3,9,0.333
1232982,,26614,30444,5,3,0,1,0.3333,0.3333,0.778,4,3,9,0.333
1002115,30687,30688,762,4,4,1,2,0.5,0.25,0.778,3,3,9,0.333
1298739,8800,8741,49820,10,10,5,5,0.5,0.0,0.778,9,3,9,0.333
1309020,8800,8741,49820,10,10,5,5,0.5,0.0,0.778,9,3,9,0.333
1309021,8800,8741,49820,10,10,5,5,0.5,0.0,0.778,9,3,9,0.333
1309298,8800,8741,49820,10,10,5,5,0.5,0.0,0.778,9,3,9,0.333
1309299,8800,8741,49820,10,10,5,5,0.5,0.0,0.778,9,3,9,0.333
1197614,23933,23928,39648,8,8,4,4,0.5,0.0,0.778,7,3,9,0.333
1197615,23933,23928,39648,8,8,4,4,0.5,0.0,0.778,7,3,9,0.333
1197617,23933,23928,39648,8,8,4,4,0.5,0.0,0.778,7,3,9,0.333
1286504,4181,21544,47837,15,15,4,6,0.4,0.1333,0.762,14,3,9,0.333
1279377,4181,21544,47837,15,15,4,6,0.4,0.1333,0.762,14,3,9,0.333
1279379,4181,21544,47837,15,15,4,6,0.4,0.1333,0.762,14,3,9,0.333
1286453,4181,21544,47837,15,15,4,6,0.4,0.1333,0.762,14,3,9,0.333
1299861,4183,21544,47837,15,15,5,6,0.4,0.0667,0.762,14,3,9,0.333
1289085,4183,21544,47837,15,15,5,6,0.4,0.0667,0.762,14,3,9,0.333
1297548,4183,21544,47837,15,15,5,6,0.4,0.0667,0.762,14,3,9,0.333
1299523,4183,21544,47837,15,15,5,6,0.4,0.0667,0.762,14,3,9,0.333
1289086,4183,21544,47837,15,15,5,6,0.4,0.0667,0.762,14,3,9,0.333
1092060,13711,13845,18745,17,17,4,5,0.2941,0.0588,0.757,16,3,9,0.333
1092061,13711,13845,18745,17,17,4,5,0.2941,0.0588,0.757,16,3,9,0.333
1092014,13711,13845,18745,17,17,4,5,0.2941,0.0588,0.757,16,3,9,0.333
1090995,13711,13845,18745,17,17,4,5,0.2941,0.0588,0.757,16,3,9,0.333
1233009,439454,26614,30444,5,3,1,1,0.3333,0.0,0.75,4,3,9,0.333
1232997,439456,26614,30444,5,3,1,1,0.3333,0.0,0.75,4,3,9,0.333
1175302,25090,12658,28483,12,12,2,4,0.3333,0.1667,0.747,11,3,9,0.333
1128854,25103,12658,28483,12,12,3,4,0.3333,0.0833,0.747,11,3,9,0.333
1175198,25103,12658,28483,12,12,3,4,0.3333,0.0833,0.747,11,3,9,0.333
1175303,25103,12658,28483,12,12,3,4,0.3333,0.0833,0.747,11,3,9,0.333
1271072,8851,8920,13420,14,14,3,5,0.3571,0.1429,0.744,13,3,9,0.333
1271073,8851,8920,13420,14,14,3,5,0.3571,0.1429,0.744,13,3,9,0.333
1271074,8851,8920,13420,14,14,3,5,0.3571,0.1429,0.744,13,3,9,0.333
1267920,8909,8920,13420,14,14,4,5,0.3571,0.0714,0.744,13,3,9,0.333
1222493,25081,12607,40635,23,23,1,2,0.087,0.0435,0.742,22,3,9,0.333
1222504,12608,12607,40635,23,23,1,2,0.087,0.0435,0.742,22,3,9,0.333
1201096,12737,12607,40635,23,23,2,2,0.087,0.0,0.742,22,3,9,0.333
1222510,12629,12607,40635,23,23,2,2,0.087,0.0,0.742,22,3,9,0.333
1201150,25167,12607,40635,23,23,2,2,0.087,0.0,0.742,22,3,9,0.333
1201170,12679,12607,40635,23,23,2,2,0.087,0.0,0.742,22,3,9,0.333
1267872,8959,8920,13420,14,14,2,5,0.3571,0.2143,0.735,13,3,9,0.333
1267874,8959,8920,13420,14,14,2,5,0.3571,0.2143,0.735,13,3,9,0.333
1137948,8909,8920,13420,14,14,4,5,0.3571,0.0714,0.735,13,3,9,0.333
1138087,8909,8920,13420,14,14,4,5,0.3571,0.0714,0.735,13,3,9,0.333
1059347,8909,8920,13420,14,14,4,5,0.3571,0.0714,0.735,13,3,9,0.333
1043503,542988,4348,10878,7,7,2,5,0.7143,0.4286,0.731,6,3,9,0.333
1219266,4999,21734,34555,10,10,3,6,0.6,0.3,0.728,9,3,9,0.333
1219265,4999,21734,34555,10,10,3,6,0.6,0.3,0.728,9,3,9,0.333
1187106,4999,21734,34555,10,10,3,6,0.6,0.3,0.728,9,3,9,0.333
1142760,5111,5085,24317,10,10,5,5,0.5,0.0,0.728,9,3,9,0.333
1111257,5111,5085,24317,10,10,5,5,0.5,0.0,0.728,9,3,9,0.333
1111256,5111,5085,24317,10,10,5,5,0.5,0.0,0.728,9,3,9,0.333
1111258,5111,5085,24317,10,10,5,5,0.5,0.0,0.728,9,3,9,0.333
1111259,5111,5085,24317,10,10,5,5,0.5,0.0,0.728,9,3,9,0.333
1276878,17648,17623,47224,5,5,2,3,0.6,0.2,0.722,4,3,9,0.333
1225359,23404,23341,43530,13,13,4,5,0.3846,0.0769,0.722,12,3,9,0.333
1266807,23387,23341,43530,13,13,4,5,0.3846,0.0769,0.722,12,3,9,0.333
1266810,23387,23341,43530,13,13,4,5,0.3846,0.0769,0.722,12,3,9,0.333
1271860,23387,23341,43530,13,13,4,5,0.3846,0.0769,0.722,12,3,9,0.333
1266811,23387,23341,43530,13,13,4,5,0.3846,0.0769,0.722,12,3,9,0.333
1270839,23404,23341,43530,13,13,4,5,0.3846,0.0769,0.722,12,3,9,0.333
1228764,23404,23341,43530,13,13,4,5,0.3846,0.0769,0.722,12,3,9,0.333
1228765,23404,23341,43530,13,13,4,5,0.3846,0.0769,0.722,12,3,9,0.333
1156946,1548,1452,20361,24,24,3,6,0.25,0.125,0.72,23,3,9,0.333
1113469,1548,1452,20361,24,24,3,6,0.25,0.125,0.72,23,3,9,0.333
1148898,1548,1452,20361,24,24,3,6,0.25,0.125,0.72,23,3,9,0.333
1115492,1544,1452,20361,24,24,4,6,0.25,0.0833,0.72,23,3,9,0.333
1115430,1544,1452,20361,24,24,4,6,0.25,0.0833,0.72,23,3,9,0.333
1115462,1544,1452,20361,24,24,4,6,0.25,0.0833,0.72,23,3,9,0.333
1115465,1544,1452,20361,24,24,4,6,0.25,0.0833,0.72,23,3,9,0.333
1224533,274559,12743,40479,10,10,1,1,0.1,0.0,0.716,9,3,9,0.333
1074036,3335,3381,17034,8,8,1,4,0.5,0.375,0.714,7,3,9,0.333
1149730,3380,3381,17034,8,8,3,4,0.5,0.125,0.714,7,3,9,0.333
1149732,3380,3381,17034,8,8,3,4,0.5,0.125,0.714,7,3,9,0.333
1148828,3380,3381,17034,8,8,3,4,0.5,0.125,0.714,7,3,9,0.333
1115481,1443,1452,20361,24,24,4,6,0.25,0.0833,0.705,23,3,9,0.333
1115493,1443,1452,20361,24,24,4,6,0.25,0.0833,0.705,23,3,9,0.333
1115507,1443,1452,20361,24,24,4,6,0.25,0.0833,0.705,23,3,9,0.333
1115446,1443,1452,20361,24,24,4,6,0.25,0.0833,0.705,23,3,9,0.333
1220115,5006,21734,34555,10,10,1,6,0.6,0.5,0.704,9,3,9,0.333
1222511,12629,12607,40635,23,23,2,2,0.087,0.0,0.697,22,3,9,0.333
1201173,12679,12607,40635,23,23,2,2,0.087,0.0,0.697,22,3,9,0.333
1201142,12661,12607,40635,23,23,1,2,0.087,0.0435,0.692,22,3,9,0.333
1201103,12737,12607,40635,23,23,2,2,0.087,0.0,0.692,22,3,9,0.333
1096097,391438,391439,21964,10,10,4,5,0.5,0.1,0.691,9,3,9,0.333
1096100,391438,391439,21964,10,10,4,5,0.5,0.1,0.691,9,3,9,0.333
1175954,25237,12921,36315,10,10,5,5,0.5,0.0,0.691,9,3,9,0.333
1175956,25237,12921,36315,10,10,5,5,0.5,0.0,0.691,9,3,9,0.333
1175022,25237,12921,36315,10,10,5,5,0.5,0.0,0.691,9,3,9,0.333
1175023,25237,12921,36315,10,10,5,5,0.5,0.0,0.691,9,3,9,0.333
1176010,25237,12921,36315,10,10,5,5,0.5,0.0,0.691,9,3,9,0.333
1222524,25086,12607,40635,23,23,1,2,0.087,0.0435,0.687,22,3,9,0.333
1286596,160956,7221,22010,19,19,1,4,0.2105,0.1579,0.685,18,3,9,0.333
1096314,160958,7221,22010,19,19,2,4,0.2105,0.1053,0.685,18,3,9,0.333
1286595,160958,7221,22010,19,19,2,4,0.2105,0.1053,0.685,18,3,9,0.333
1312456,7237,7221,22010,19,19,4,4,0.2105,0.0,0.685,18,3,9,0.333
1312462,7237,7221,22010,19,19,4,4,0.2105,0.0,0.685,18,3,9,0.333
1286579,160957,7221,22010,19,19,4,4,0.2105,0.0,0.685,18,3,9,0.333
1286580,160957,7221,22010,19,19,4,4,0.2105,0.0,0.685,18,3,9,0.333
1286581,160957,7221,22010,19,19,4,4,0.2105,0.0,0.685,18,3,9,0.333
1286582,160957,7221,22010,19,19,4,4,0.2105,0.0,0.685,18,3,9,0.333
1286597,7237,7221,22010,19,19,4,4,0.2105,0.0,0.685,18,3,9,0.333
1286598,7237,7221,22010,19,19,4,4,0.2105,0.0,0.685,18,3,9,0.333
1184562,18864,18774,20751,20,20,3,5,0.25,0.1,0.678,19,3,9,0.333
1091732,18864,18774,20751,20,20,3,5,0.25,0.1,0.678,19,3,9,0.333
1091744,18864,18774,20751,20,20,3,5,0.25,0.1,0.678,19,3,9,0.333
1091733,27223,18774,20751,20,20,4,5,0.25,0.05,0.678,19,3,9,0.333
1185779,27223,18774,20751,20,20,4,5,0.25,0.05,0.678,19,3,9,0.333
1185781,27223,18774,20751,20,20,4,5,0.25,0.05,0.678,19,3,9,0.333
1185030,18872,18774,20751,20,20,2,5,0.25,0.15,0.673,19,3,9,0.333
1184564,18872,18774,20751,20,20,2,5,0.25,0.15,0.673,19,3,9,0.333
1073912,5447,21865,16248,3,3,1,2,0.6667,0.3333,0.667,2,3,9,0.333
1265560,274563,274565,40478,7,7,1,2,0.2857,0.1429,0.667,6,3,9,0.333
1083628,26185,15776,13327,11,11,4,4,0.3636,0.0,0.667,10,3,9,0.333
1083441,26185,15776,13327,11,11,4,4,0.3636,0.0,0.667,10,3,9,0.333
1089359,26185,15776,13327,11,11,4,4,0.3636,0.0,0.667,10,3,9,0.333
1090524,26185,15776,13327,11,11,4,4,0.3636,0.0,0.667,10,3,9,0.333
1038468,171205,171201,9772,9,9,3,3,0.3333,0.0,0.667,8,3,9,0.333
1038521,171205,171201,9772,9,9,3,3,0.3333,0.0,0.667,8,3,9,0.333
1038522,171205,171201,9772,9,9,3,3,0.3333,0.0,0.667,8,3,9,0.333
1300160,7324,7264,42089,32,32,1,5,0.1562,0.125,0.659,31,3,9,0.333
1272433,7339,7264,42089,32,32,2,5,0.1562,0.0938,0.659,31,3,9,0.333
1307583,7321,7264,42089,32,32,3,5,0.1562,0.0625,0.659,31,3,9,0.333
1307584,7321,7264,42089,32,32,3,5,0.1562,0.0625,0.659,31,3,9,0.333
1286745,7321,7264,42089,32,32,3,5,0.1562,0.0625,0.659,31,3,9,0.333
1308539,7322,7264,42089,32,32,4,5,0.1562,0.0312,0.659,31,3,9,0.333
1309321,7322,7264,42089,32,32,4,5,0.1562,0.0312,0.659,31,3,9,0.333
1307015,7322,7264,42089,32,32,4,5,0.1562,0.0312,0.659,31,3,9,0.333
1307016,7322,7264,42089,32,32,4,5,0.1562,0.0312,0.659,31,3,9,0.333
1307051,22705,7264,42089,32,32,4,5,0.1562,0.0312,0.659,31,3,9,0.333
1307052,22705,7264,42089,32,32,4,5,0.1562,0.0312,0.659,31,3,9,0.333
1311368,22705,7264,42089,32,32,4,5,0.1562,0.0312,0.659,31,3,9,0.333
1279278,22705,7264,42089,32,32,4,5,0.1562,0.0312,0.659,31,3,9,0.333
1201143,25156,12607,40635,23,23,2,2,0.087,0.0,0.657,22,3,9,0.333
1090821,1501,1452,20361,24,24,2,6,0.25,0.1667,0.652,23,3,9,0.333
1115464,1501,1452,20361,24,24,2,6,0.25,0.1667,0.652,23,3,9,0.333
1175398,56617,11826,21981,14,14,1,7,0.5,0.4286,0.641,13,3,9,0.333
1175448,11725,11826,21981,14,14,2,7,0.5,0.3571,0.641,13,3,9,0.333
1195005,11725,11826,21981,14,14,2,7,0.5,0.3571,0.641,13,3,9,0.333
1096191,11678,11826,21981,14,14,4,7,0.5,0.2143,0.641,13,3,9,0.333
1175449,11678,11826,21981,14,14,4,7,0.5,0.2143,0.641,13,3,9,0.333
1175450,11678,11826,21981,14,14,4,7,0.5,0.2143,0.641,13,3,9,0.333
1175451,11678,11826,21981,14,14,4,7,0.5,0.2143,0.641,13,3,9,0.333
1201139,12681,12607,40635,23,23,1,2,0.087,0.0435,0.636,22,3,9,0.333
1127138,20383,20326,26881,15,15,7,8,0.5333,0.0667,0.619,14,3,9,0.333
1127137,20383,20326,26881,15,15,7,8,0.5333,0.0667,0.619,14,3,9,0.333
1123713,20383,20326,26881,15,15,7,8,0.5333,0.0667,0.619,14,3,9,0.333
1127135,20383,20326,26881,15,15,7,8,0.5333,0.0667,0.619,14,3,9,0.333
1127136,20383,20326,26881,15,15,7,8,0.5333,0.0667,0.619,14,3,9,0.333
1123716,20383,20326,26881,15,15,7,8,0.5333,0.0667,0.619,14,3,9,0.333
1126948,20383,20326,26881,15,15,7,8,0.5333,0.0667,0.619,14,3,9,0.333
1186031,18944,18922,21881,8,8,4,4,0.5,0.0,0.619,7,3,9,0.333
1095734,18944,18922,21881,8,8,4,4,0.5,0.0,0.619,7,3,9,0.333
1095735,18944,18922,21881,8,8,4,4,0.5,0.0,0.619,7,3,9,0.333
1202859,18944,18922,21881,8,8,4,4,0.5,0.0,0.619,7,3,9,0.333
1001646,19796,236,146,14,14,7,7,0.5,0.0,0.615,13,3,9,0.333
1020045,19796,236,146,14,14,7,7,0.5,0.0,0.615,13,3,9,0.333
1039777,19796,236,146,14,14,7,7,0.5,0.0,0.615,13,3,9,0.333
1001656,19796,236,146,14,14,7,7,0.5,0.0,0.615,13,3,9,0.333
1001657,19796,236,146,14,14,7,7,0.5,0.0,0.615,13,3,9,0.333
1201138,25124,12607,40635,23,23,2,2,0.087,0.0,0.611,22,3,9,0.333
1048348,269761,269759,3965,30,30,8,14,0.4667,0.2,0.605,29,3,9,0.333
1054976,269761,269759,3965,30,30,8,14,0.4667,0.2,0.605,29,3,9,0.333
1048349,269761,269759,3965,30,30,8,14,0.4667,0.2,0.605,29,3,9,0.333
1084736,269761,269759,3965,30,30,8,14,0.4667,0.2,0.605,29,3,9,0.333
1084745,269761,269759,3965,30,30,8,14,0.4667,0.2,0.605,29,3,9,0.333
1048412,269761,269759,3965,30,30,8,14,0.4667,0.2,0.605,29,3,9,0.333
1048414,269761,269759,3965,30,30,8,14,0.4667,0.2,0.605,29,3,9,0.333
1232466,434685,434688,318,18,18,3,6,0.3333,0.1667,0.605,17,3,9,0.333
1056319,434685,434688,318,18,18,3,6,0.3333,0.1667,0.605,17,3,9,0.333
1119640,434684,434688,318,18,18,3,6,0.3333,0.1667,0.605,17,3,9,0.333
1118809,434685,434688,318,18,18,3,6,0.3333,0.1667,0.605,17,3,9,0.333
1119528,434684,434688,318,18,18,3,6,0.3333,0.1667,0.605,17,3,9,0.333
1279263,7339,7264,42089,32,32,2,5,0.1562,0.0938,0.602,31,3,9,0.333
1286654,10137,10050,30053,16,16,5,7,0.4375,0.125,0.6,15,3,9,0.333
1273671,10137,10050,30053,16,16,5,7,0.4375,0.125,0.6,15,3,9,0.333
1273621,10137,10050,30053,16,16,5,7,0.4375,0.125,0.6,15,3,9,0.333
1273622,10137,10050,30053,16,16,5,7,0.4375,0.125,0.6,15,3,9,0.333
1300158,7363,7264,42089,32,32,4,5,0.1562,0.0312,0.591,31,3,9,0.333
1300161,7363,7264,42089,32,32,4,5,0.1562,0.0312,0.591,31,3,9,0.333
1300162,7363,7264,42089,32,32,4,5,0.1562,0.0312,0.591,31,3,9,0.333
1305768,7363,7264,42089,32,32,4,5,0.1562,0.0312,0.591,31,3,9,0.333
1087657,235850,27251,15120,11,11,1,6,0.5455,0.4545,0.589,10,3,9,0.333
1067328,19086,27251,15120,11,11,4,6,0.5455,0.1818,0.589,10,3,9,0.333
1084600,19086,27251,15120,11,11,4,6,0.5455,0.1818,0.589,10,3,9,0.333
1071331,19086,27251,15120,11,11,4,6,0.5455,0.1818,0.589,10,3,9,0.333
1097179,,63015,14517,7,1,0,1,1.0,1.0,0.586,6,3,9,0.333
1277413,,63015,14517,7,1,0,1,1.0,1.0,0.586,6,3,9,0.333
1189768,113899,4511,16452,9,9,4,5,0.5556,0.1111,0.583,8,3,9,0.333
1072806,113899,4511,16452,9,9,4,5,0.5556,0.1111,0.583,8,3,9,0.333
1189769,113899,4511,16452,9,9,4,5,0.5556,0.1111,0.583,8,3,9,0.333
1211181,113899,4511,16452,9,9,4,5,0.5556,0.1111,0.583,8,3,9,0.333
1167417,27154,18493,35124,9,9,4,5,0.5556,0.1111,0.583,8,3,9,0.333
1167452,27154,18493,35124,9,9,4,5,0.5556,0.1111,0.583,8,3,9,0.333
1167393,27154,18493,35124,9,9,4,5,0.5556,0.1111,0.583,8,3,9,0.333
1167394,27154,18493,35124,9,9,4,5,0.5556,0.1111,0.583,8,3,9,0.333
1185546,19666,27466,38204,9,9,4,5,0.5556,0.1111,0.583,8,3,9,0.333
1185548,19666,27466,38204,9,9,4,5,0.5556,0.1111,0.583,8,3,9,0.333
1185549,19666,27466,38204,9,9,4,5,0.5556,0.1111,0.583,8,3,9,0.333
1185487,19666,27466,38204,9,9,4,5,0.5556,0.1111,0.583,8,3,9,0.333
1089893,13888,13845,18745,17,17,5,5,0.2941,0.0,0.583,16,3,9,0.333
1081940,13888,13845,18745,17,17,5,5,0.2941,0.0,0.583,16,3,9,0.333
1081943,13888,13845,18745,17,17,5,5,0.2941,0.0,0.583,16,3,9,0.333
1088282,13888,13845,18745,17,17,5,5,0.2941,0.0,0.583,16,3,9,0.333
1089803,13888,13845,18745,17,17,5,5,0.2941,0.0,0.583,16,3,9,0.333
1096098,391438,391439,21964,10,10,4,5,0.5,0.1,0.58,9,3,9,0.333
1096099,391438,391439,21964,10,10,4,5,0.5,0.1,0.58,9,3,9,0.333
1273620,10137,10050,30053,16,16,5,7,0.4375,0.125,0.578,15,3,9,0.333
1202209,18032,18058,12018,12,12,1,4,0.3333,0.25,0.576,11,3,9,0.333
1202177,26989,18058,12018,12,12,3,4,0.3333,0.0833,0.576,11,3,9,0.333
1203054,26989,18058,12018,12,12,3,4,0.3333,0.0833,0.576,11,3,9,0.333
1203056,26989,18058,12018,12,12,3,4,0.3333,0.0833,0.576,11,3,9,0.333
1090017,5283,5292,15860,13,13,6,7,0.5385,0.0769,0.574,12,3,9,0.333
1081108,5283,5292,15860,13,13,6,7,0.5385,0.0769,0.574,12,3,9,0.333
1081110,5283,5292,15860,13,13,6,7,0.5385,0.0769,0.574,12,3,9,0.333
1077412,5283,5292,15860,13,13,6,7,0.5385,0.0769,0.574,12,3,9,0.333
1216104,279077,279072,41186,14,14,2,5,0.3571,0.2143,0.573,13,3,9,0.333
1216106,279077,279072,41186,14,14,2,5,0.3571,0.2143,0.573,13,3,9,0.333
1216127,279078,279072,41186,14,14,3,5,0.3571,0.1429,0.573,13,3,9,0.333
1216129,279078,279072,41186,14,14,3,5,0.3571,0.1429,0.573,13,3,9,0.333
1216130,279078,279072,41186,14,14,3,5,0.3571,0.1429,0.573,13,3,9,0.333
1137492,10103,10050,30053,16,16,4,7,0.4375,0.1875,0.563,15,3,9,0.333
1273673,10103,10050,30053,16,16,4,7,0.4375,0.1875,0.563,15,3,9,0.333
1134836,6420,22249,7228,6,6,2,4,0.6667,0.3333,0.556,5,3,9,0.333
1136154,6420,22249,7228,6,6,2,4,0.6667,0.3333,0.556,5,3,9,0.333
1116141,13137,13099,25126,11,11,1,4,0.3636,0.2727,0.556,10,3,9,0.333
1188054,3259,3192,38612,8,8,3,5,0.625,0.25,0.556,7,3,9,0.333
1188123,3259,3192,38612,8,8,3,5,0.625,0.25,0.556,7,3,9,0.333
1188650,3259,3192,38612,8,8,3,5,0.625,0.25,0.556,7,3,9,0.333
1067326,19086,27251,15120,11,11,4,6,0.5455,0.1818,0.556,10,3,9,0.333
1082415,26194,15805,18944,8,8,4,4,0.5,0.0,0.556,7,3,9,0.333
1280606,91806,2038,46615,2,2,1,1,0.5,0.0,0.556,1,3,9,0.333
1249652,506691,536771,8210,6,6,1,4,0.6667,0.5,0.55,5,3,9,0.333
1232509,,63015,14517,7,1,0,1,1.0,1.0,0.546,6,3,9,0.333
1081111,5283,5292,15860,13,13,6,7,0.5385,0.0769,0.546,12,3,9,0.333
1298426,81566,84,44704,12,12,1,2,0.1667,0.0833,0.545,11,3,9,0.333
1185919,18901,18955,19166,20,20,4,6,0.3,0.1,0.544,19,3,9,0.333
1184937,18901,18955,19166,20,20,4,6,0.3,0.1,0.544,19,3,9,0.333
1095057,18901,18955,19166,20,20,4,6,0.3,0.1,0.544,19,3,9,0.333
1150948,3536,21366,20845,15,15,7,8,0.5333,0.0667,0.54,14,3,9,0.333
1092047,3536,21366,20845,15,15,7,8,0.5333,0.0667,0.54,14,3,9,0.333
1297646,22178,22173,30299,13,13,1,8,0.6154,0.5385,0.537,12,3,9,0.333
1310499,6085,22173,30299,13,13,1,8,0.6154,0.5385,0.537,12,3,9,0.333
1310463,22170,22173,30299,13,13,3,8,0.6154,0.3846,0.537,12,3,9,0.333
1310462,22170,22173,30299,13,13,3,8,0.6154,0.3846,0.537,12,3,9,0.333
1310500,22170,22173,30299,13,13,3,8,0.6154,0.3846,0.537,12,3,9,0.333
1188762,16141,16169,27619,19,19,4,5,0.2632,0.0526,0.537,18,3,9,0.333
1188764,16141,16169,27619,19,19,4,5,0.2632,0.0526,0.537,18,3,9,0.333
1181072,16141,16169,27619,19,19,4,5,0.2632,0.0526,0.537,18,3,9,0.333
1188725,16141,16169,27619,19,19,4,5,0.2632,0.0526,0.537,18,3,9,0.333
1311286,167,19780,16836,18,18,2,3,0.1667,0.0556,0.536,17,3,9,0.333
1304942,186,19780,16836,18,18,2,3,0.1667,0.0556,0.536,17,3,9,0.333
1311288,167,19780,16836,18,18,2,3,0.1667,0.0556,0.536,17,3,9,0.333
1304924,186,19780,16836,18,18,2,3,0.1667,0.0556,0.536,17,3,9,0.333
1219213,18082,18058,12018,12,12,4,4,0.3333,0.0,0.535,11,3,9,0.333
1220554,18082,18058,12018,12,12,4,4,0.3333,0.0,0.535,11,3,9,0.333
1167599,18082,18058,12018,12,12,4,4,0.3333,0.0,0.535,11,3,9,0.333
1273576,25119,25122,45592,11,11,4,7,0.6364,0.2727,0.533,10,3,9,0.333
1184936,18901,18955,19166,20,20,4,6,0.3,0.1,0.532,19,3,9,0.333
1184910,18847,18955,19166,20,20,5,6,0.3,0.05,0.532,19,3,9,0.333
1184912,18847,18955,19166,20,20,5,6,0.3,0.05,0.532,19,3,9,0.333
1083146,18847,18955,19166,20,20,5,6,0.3,0.05,0.532,19,3,9,0.333
1083147,18847,18955,19166,20,20,5,6,0.3,0.05,0.532,19,3,9,0.333
1097608,265283,265281,12117,20,20,6,6,0.3,0.0,0.532,19,3,9,0.333
1074109,265283,265281,12117,20,20,6,6,0.3,0.0,0.532,19,3,9,0.333
1097772,265283,265281,12117,20,20,6,6,0.3,0.0,0.532,19,3,9,0.333
1073860,265283,265281,12117,20,20,6,6,0.3,0.0,0.532,19,3,9,0.333
1229454,265283,265281,12117,20,20,6,6,0.3,0.0,0.532,19,3,9,0.333
1229457,265283,265281,12117,20,20,6,6,0.3,0.0,0.532,19,3,9,0.333
1306347,21618,21605,47880,13,13,5,8,0.6154,0.2308,0.528,12,3,9,0.333
1306348,21618,21605,47880,13,13,5,8,0.6154,0.2308,0.528,12,3,9,0.333
1283100,21618,21605,47880,13,13,5,8,0.6154,0.2308,0.528,12,3,9,0.333
1201871,834,836,30682,8,8,3,5,0.625,0.25,0.524,7,3,9,0.333
1136943,834,836,30682,8,8,3,5,0.625,0.25,0.524,7,3,9,0.333
1221663,834,836,30682,8,8,3,5,0.625,0.25,0.524,7,3,9,0.333
1233031,,477883,44518,7,5,0,5,1.0,1.0,0.519,6,3,9,0.333
1198338,10768,10744,39781,10,10,5,5,0.5,0.0,0.519,9,3,9,0.333
1289007,25119,25122,45592,11,11,4,7,0.6364,0.2727,0.511,10,3,9,0.333
1136555,10106,10123,17973,9,8,1,3,0.375,0.25,0.509,8,3,9,0.333
1283099,21618,21605,47880,13,13,5,8,0.6154,0.2308,0.509,12,3,9,0.333
1150828,3536,21366,20845,15,15,7,8,0.5333,0.0667,0.508,14,3,9,0.333
1175328,25090,12658,28483,12,12,2,4,0.3333,0.1667,0.505,11,3,9,0.333
1081464,15379,15401,18638,3,3,1,2,0.6667,0.3333,0.5,2,3,9,0.333
1312280,310717,7952,47021,17,17,4,5,0.2941,0.0588,0.5,16,3,9,0.333
1312353,310717,7952,47021,17,17,4,5,0.2941,0.0588,0.5,16,3,9,0.333
1312351,310717,7952,47021,17,17,4,5,0.2941,0.0588,0.5,16,3,9,0.333
1278318,310717,7952,47021,17,17,4,5,0.2941,0.0588,0.5,16,3,9,0.333
1001776,19776,212,603,8,8,3,5,0.625,0.25,0.492,7,3,9,0.333
1041612,280965,280966,10469,34,34,11,23,0.6765,0.3529,0.488,33,3,9,0.333
1201692,280965,280966,10469,34,34,11,23,0.6765,0.3529,0.488,33,3,9,0.333
1216164,279358,279072,41186,14,14,2,5,0.3571,0.2143,0.487,13,3,9,0.333
1216148,279358,279072,41186,14,14,2,5,0.3571,0.2143,0.487,13,3,9,0.333
1001658,19796,236,146,14,14,7,7,0.5,0.0,0.487,13,3,9,0.333
1184930,18939,18955,19166,20,20,5,6,0.3,0.05,0.485,19,3,9,0.333
1184976,18939,18955,19166,20,20,5,6,0.3,0.05,0.485,19,3,9,0.333
1222525,12585,12607,40635,23,23,1,2,0.087,0.0435,0.485,22,3,9,0.333
1201153,25167,12607,40635,23,23,2,2,0.087,0.0,0.485,22,3,9,0.333
1283097,21618,21605,47880,13,13,5,8,0.6154,0.2308,0.481,12,3,9,0.333
1184913,18847,18955,19166,20,20,5,6,0.3,0.05,0.48,19,3,9,0.333
1185601,18939,18955,19166,20,20,5,6,0.3,0.05,0.48,19,3,9,0.333
1186186,19319,19362,4992,11,11,4,7,0.6364,0.2727,0.478,10,3,9,0.333
1186187,19319,19362,4992,11,11,4,7,0.6364,0.2727,0.478,10,3,9,0.333
1015460,19319,19362,4992,11,11,4,7,0.6364,0.2727,0.478,10,3,9,0.333
1273561,25119,25122,45592,11,11,4,7,0.6364,0.2727,0.478,10,3,9,0.333
1122185,20148,20182,6142,9,9,3,6,0.6667,0.3333,0.472,8,3,9,0.333
1309993,7873,7952,47021,17,17,3,5,0.2941,0.1176,0.472,16,3,9,0.333
1309991,7873,7952,47021,17,17,3,5,0.2941,0.1176,0.472,16,3,9,0.333
1310042,7873,7952,47021,17,17,3,5,0.2941,0.1176,0.472,16,3,9,0.333
1081109,5283,5292,15860,13,13,6,7,0.5385,0.0769,0.472,12,3,9,0.333
1228597,11022,11040,19536,14,14,4,5,0.3571,0.0714,0.47,13,3,9,0.333
1217790,11022,11040,19536,14,14,4,5,0.3571,0.0714,0.47,13,3,9,0.333
1185474,19402,19422,38041,11,11,4,6,0.5455,0.1818,0.467,10,3,9,0.333
1185461,19402,19422,38041,11,11,4,6,0.5455,0.1818,0.467,10,3,9,0.333
1262362,24452,10887,3134,6,6,2,2,0.3333,0.0,0.467,5,3,9,0.333
1247653,24452,10887,3134,6,6,2,2,0.3333,0.0,0.467,5,3,9,0.333
1232460,,473127,4765,33,30,0,7,0.2333,0.2333,0.464,32,3,9,0.333
1029375,268796,343550,7624,25,25,2,12,0.48,0.4,0.454,24,3,9,0.333
1055962,268796,343550,7624,25,25,2,12,0.48,0.4,0.454,24,3,9,0.333
1055963,308475,343550,7624,25,25,7,12,0.48,0.2,0.454,24,3,9,0.333
1148921,3536,21366,20845,15,15,7,8,0.5333,0.0667,0.452,14,3,9,0.333
1057191,343989,319362,11145,23,23,8,13,0.5652,0.2174,0.449,22,3,9,0.333
1201145,25156,12607,40635,23,23,2,2,0.087,0.0,0.449,22,3,9,0.333
1068902,377291,377006,15010,7,7,1,5,0.7143,0.5714,0.444,6,3,9,0.333
1068904,376844,377006,15010,7,7,1,5,0.7143,0.5714,0.444,6,3,9,0.333
1065188,9678,9597,9827,9,9,2,7,0.7778,0.5556,0.444,8,3,9,0.333
1068397,5862,5851,15363,7,7,2,5,0.7143,0.4286,0.444,6,3,9,0.333
1068538,5862,5851,15363,7,7,2,5,0.7143,0.4286,0.444,6,3,9,0.333
1219923,21755,21754,42792,7,7,2,5,0.7143,0.4286,0.444,6,3,9,0.333
1220030,21755,21754,42792,7,7,2,5,0.7143,0.4286,0.444,6,3,9,0.333
1208605,10600,630,41668,3,3,1,2,0.6667,0.3333,0.444,2,3,9,0.333
1155150,1969,197117,30490,4,4,1,2,0.5,0.25,0.444,3,3,9,0.333
1155191,126391,197117,30490,4,4,1,2,0.5,0.25,0.444,3,3,9,0.333
1202134,19326,19284,21265,13,13,4,6,0.4615,0.1538,0.444,12,3,9,0.333
1202137,19326,19284,21265,13,13,4,6,0.4615,0.1538,0.444,12,3,9,0.333
1186191,19326,19284,21265,13,13,4,6,0.4615,0.1538,0.444,12,3,9,0.333
1185204,19326,19284,21265,13,13,4,6,0.4615,0.1538,0.444,12,3,9,0.333
1083142,18939,18955,19166,20,20,5,6,0.3,0.05,0.444,19,3,9,0.333
1222494,25082,25064,43280,2,2,1,1,0.5,0.0,0.444,1,3,9,0.333
1279141,20422,20408,47765,2,2,1,1,0.5,0.0,0.444,1,3,9,0.333
1163427,8710,8656,34273,16,16,3,5,0.3125,0.125,0.437,15,3,9,0.333
1300304,8710,8656,34273,16,16,3,5,0.3125,0.125,0.437,15,3,9,0.333
1307489,8710,8656,34273,16,16,3,5,0.3125,0.125,0.437,15,3,9,0.333
1224790,279075,279072,41186,14,14,2,5,0.3571,0.2143,0.436,13,3,9,0.333
1224791,279075,279072,41186,14,14,2,5,0.3571,0.2143,0.436,13,3,9,0.333
1136809,81894,81895,10445,8,8,2,6,0.75,0.5,0.429,7,3,9,0.333
1135318,81894,81895,10445,8,8,2,6,0.75,0.5,0.429,7,3,9,0.333
1124102,25404,13391,22094,8,8,4,4,0.5,0.0,0.429,7,3,9,0.333
1206156,25644,25640,18405,12,12,3,6,0.5,0.25,0.424,11,3,9,0.333
1178244,25644,25640,18405,12,12,3,6,0.5,0.25,0.424,11,3,9,0.333
1072774,233595,207037,16369,13,13,4,9,0.6923,0.3846,0.417,12,3,9,0.333
1169730,13674,43484,3765,9,9,1,3,0.3333,0.2222,0.417,8,3,9,0.333
1169731,13578,43484,3765,9,9,1,3,0.3333,0.2222,0.417,8,3,9,0.333
1287699,25376,13183,23039,21,21,4,5,0.2381,0.0476,0.417,20,3,9,0.333
1287703,25376,13183,23039,21,21,4,5,0.2381,0.0476,0.417,20,3,9,0.333
1287704,25376,13183,23039,21,21,4,5,0.2381,0.0476,0.417,20,3,9,0.333
1201141,25124,12607,40635,23,23,2,2,0.087,0.0,0.409,22,3,9,0.333
1229017,537,518,28043,26,26,4,5,0.1923,0.0385,0.4,25,3,9,0.333
1229045,537,518,28043,26,26,4,5,0.1923,0.0385,0.4,25,3,9,0.333
1229250,537,518,28043,26,26,4,5,0.1923,0.0385,0.4,25,3,9,0.333
1003631,343543,19712,710,8,8,1,4,0.5,0.375,0.397,7,3,9,0.333
1185579,149436,19662,21785,12,12,2,7,0.5833,0.4167,0.394,11,3,9,0.333
1185044,149436,19662,21785,12,12,2,7,0.5833,0.4167,0.394,11,3,9,0.333
1176340,25644,25640,18405,12,12,3,6,0.5,0.25,0.394,11,3,9,0.333
1201126,12673,12607,40635,23,23,1,2,0.087,0.0435,0.394,22,3,9,0.333
1310732,19772,177,29691,32,32,2,7,0.2188,0.1562,0.391,31,3,9,0.333
1133526,19772,177,29691,32,32,2,7,0.2188,0.1562,0.391,31,3,9,0.333
1310735,187,177,29691,32,32,3,7,0.2188,0.125,0.391,31,3,9,0.333
1310734,187,177,29691,32,32,3,7,0.2188,0.125,0.384,31,3,9,0.333
1287700,25376,13183,23039,21,21,4,5,0.2381,0.0476,0.383,20,3,9,0.333
1228969,535,518,28043,26,26,3,5,0.1923,0.0769,0.382,25,3,9,0.333
1228966,535,518,28043,26,26,3,5,0.1923,0.0769,0.382,25,3,9,0.333
1190630,376035,3708,22011,11,11,1,8,0.7273,0.6364,0.378,10,3,9,0.333
1206441,332475,3708,22011,11,11,1,8,0.7273,0.6364,0.378,10,3,9,0.333
1134767,10103,10050,30053,16,16,4,7,0.4375,0.1875,0.378,15,3,9,0.333
1286275,10103,10050,30053,16,16,4,7,0.4375,0.1875,0.378,15,3,9,0.333
1266335,25070,25088,45231,14,14,5,9,0.6429,0.2857,0.376,13,3,9,0.333
1286815,7495,7614,49049,18,18,3,5,0.2778,0.1111,0.373,17,3,9,0.333
1286816,7495,7614,49049,18,18,3,5,0.2778,0.1111,0.373,17,3,9,0.333
1297581,7495,7614,49049,18,18,3,5,0.2778,0.1111,0.373,17,3,9,0.333
1310999,148,177,29691,32,32,4,7,0.2188,0.0938,0.373,31,3,9,0.333
1310730,148,177,29691,32,32,4,7,0.2188,0.0938,0.373,31,3,9,0.333
1228999,537,518,28043,26,26,4,5,0.1923,0.0385,0.373,25,3,9,0.333
1002304,648,667,841,7,7,1,3,0.4286,0.2857,0.37,6,3,9,0.333
1002284,641,667,841,7,7,1,3,0.4286,0.2857,0.37,6,3,9,0.333
1311000,148,177,29691,32,32,4,7,0.2188,0.0938,0.369,31,3,9,0.333
1181388,24663,12285,3588,21,21,2,5,0.2381,0.1429,0.367,20,3,9,0.333
1211243,24663,12285,3588,21,21,2,5,0.2381,0.1429,0.367,20,3,9,0.333
1180617,390722,4204,27618,22,22,1,2,0.0909,0.0455,0.365,21,3,9,0.333
1235085,48614,4204,27618,22,22,1,2,0.0909,0.0455,0.365,21,3,9,0.333
1310989,187,177,29691,32,32,3,7,0.2188,0.125,0.362,31,3,9,0.333
1228968,535,518,28043,26,26,3,5,0.1923,0.0769,0.36,25,3,9,0.333
1190632,15874,3708,22011,11,11,1,8,0.7273,0.6364,0.356,10,3,9,0.333
1267548,23582,8700,8562,31,31,2,5,0.1613,0.0968,0.356,30,3,9,0.333
1267549,23582,8700,8562,31,31,2,5,0.1613,0.0968,0.356,30,3,9,0.333
1310998,215,177,29691,32,32,6,7,0.2188,0.0312,0.351,31,3,9,0.333
1310986,215,177,29691,32,32,6,7,0.2188,0.0312,0.351,31,3,9,0.333
1310987,215,177,29691,32,32,6,7,0.2188,0.0312,0.351,31,3,9,0.333
1217547,582,555,27961,10,10,2,4,0.4,0.2,0.346,9,3,9,0.333
1229576,582,555,27961,10,10,2,4,0.4,0.2,0.346,9,3,9,0.333
1310741,215,177,29691,32,32,6,7,0.2188,0.0312,0.344,31,3,9,0.333
1103934,16349,16385,23231,16,16,5,11,0.6875,0.375,0.341,15,3,9,0.333
1220052,21755,85087,40972,9,9,1,8,0.8889,0.7778,0.333,8,3,9,0.333
1083430,27286,27279,19307,8,8,1,7,0.875,0.75,0.333,7,3,9,0.333
1096730,11533,11522,22116,8,8,1,7,0.875,0.75,0.333,7,3,9,0.333
1001761,273282,280,606,7,7,1,6,0.8571,0.7143,0.333,6,3,9,0.333
1221811,11907,11877,4733,6,6,1,5,0.8333,0.6667,0.333,5,3,9,0.333
1110386,18191,18184,24243,6,6,1,5,0.8333,0.6667,0.333,5,3,9,0.333
1128958,19212,19213,20910,8,8,2,6,0.75,0.5,0.333,7,3,9,0.333
1002125,523,507,471,6,6,1,4,0.6667,0.5,0.333,5,3,9,0.333
1002313,89569,507,471,6,6,1,4,0.6667,0.5,0.333,5,3,9,0.333
1011313,332795,3986,3237,4,4,1,3,0.75,0.5,0.333,3,3,9,0.333
1278655,,287676,29758,3,2,0,1,0.5,0.5,0.333,2,3,9,0.333
1273007,14095,14089,46271,10,10,2,6,0.6,0.4,0.333,9,3,9,0.333
1007737,30364,24062,1989,8,8,2,5,0.625,0.375,0.333,7,3,9,0.333
1110247,16582,151676,20824,3,3,1,2,0.6667,0.3333,0.333,2,3,9,0.333
1240142,506636,506637,22033,3,3,1,2,0.6667,0.3333,0.333,2,3,9,0.333
1282978,390236,16944,30453,3,3,1,2,0.6667,0.3333,0.333,2,3,9,0.333
1153093,119339,21154,32868,3,3,1,2,0.6667,0.3333,0.333,2,3,9,0.333
1288879,18530,18507,49373,3,3,1,2,0.6667,0.3333,0.333,2,3,9,0.333
1297583,5099,18876,49554,4,4,1,2,0.5,0.25,0.333,3,3,9,0.333
1308543,91,79,51526,5,5,1,2,0.4,0.2,0.333,4,3,9,0.333
1304923,19769,19780,16836,18,18,1,3,0.1667,0.1111,0.333,17,3,9,0.333
1311001,215,177,29691,32,32,6,7,0.2188,0.0312,0.333,31,3,9,0.333
1310738,215,177,29691,32,32,6,7,0.2188,0.0312,0.333,31,3,9,0.333
1001530,19796,236,146,14,14,7,7,0.5,0.0,0.333,13,3,9,0.333
1144222,2830,2754,31524,10,10,4,4,0.4,0.0,0.333,9,3,9,0.333
1221921,25532,20261,36075,4,4,1,1,0.25,0.0,0.333,3,3,9,0.333
1009371,378443,376700,2795,2,2,1,1,0.5,0.0,0.333,1,3,9,0.333
1221660,12455,12406,26117,2,2,1,1,0.5,0.0,0.333,1,3,9,0.333
1120952,234237,220796,26137,2,2,1,1,0.5,0.0,0.333,1,3,9,0.333
1203044,291836,282881,29313,2,2,1,1,0.5,0.0,0.333,1,3,9,0.333
1158218,17156,17142,33972,2,2,1,1,0.5,0.0,0.333,1,3,9,0.333
1175498,13038,13029,36462,2,2,1,1,0.5,0.0,0.333,1,3,9,0.333
1248244,537324,375247,44699,2,2,1,1,0.5,0.0,0.333,1,3,9,0.333
1266350,25070,25088,30703,13,13,5,8,0.6154,0.2308,0.324,12,3,9,0.333
1310733,148,177,29691,32,32,4,7,0.2188,0.0938,0.323,31,3,9,0.333
1007807,614,667,841,7,7,1,3,0.4286,0.2857,0.315,6,3,9,0.333
1190071,444395,4364,16758,25,25,1,9,0.36,0.32,0.301,24,3,9,0.333
1224525,21683,26796,4984,8,8,1,4,0.5,0.375,0.286,7,3,9,0.333
1000630,5546,5541,73,3,3,1,1,0.3333,0.0,0.278,2,3,9,0.333
1133716,10350,24172,16754,29,29,2,6,0.2069,0.1379,0.262,28,3,9,0.333
1073512,10350,24172,16754,29,29,2,6,0.2069,0.1379,0.262,28,3,9,0.333
1304966,222,165,13627,39,39,1,4,0.1026,0.0769,0.213,38,3,9,0.333
1297565,344971,165,13627,39,39,1,4,0.1026,0.0769,0.213,38,3,9,0.333
1233024,,535977,22221,8,7,0,7,1.0,1.0,0.206,7,3,9,0.333
1304952,201,237,2293,63,63,1,5,0.0794,0.0635,0.066,62,3,9,0.333
1304687,214,237,2293,63,63,1,5,0.0794,0.0635,0.066,62,3,9,0.333
1304770,184,237,2293,63,63,3,5,0.0794,0.0317,0.065,62,3,9,0.333
1304773,184,237,2293,63,63,3,5,0.0794,0.0317,0.065,62,3,9,0.333
1015402,184,237,2293,63,63,3,5,0.0794,0.0317,0.063,62,3,9,0.333
1113364,275196,3055,25179,5,5,1,4,0.8,0.6,1.0,4,2,9,0.222
1168276,27219,27211,35310,5,5,1,4,0.8,0.6,1.0,4,2,9,0.222
1001572,221,19785,372,9,9,4,5,0.5556,0.1111,1.0,8,2,9,0.222
1001194,221,19785,372,9,9,4,5,0.5556,0.1111,1.0,8,2,9,0.222
1001592,221,19785,372,9,9,4,5,0.5556,0.1111,1.0,8,2,9,0.222
1001562,221,19785,372,9,9,4,5,0.5556,0.1111,1.0,8,2,9,0.222
1096603,434689,39003,22063,3,3,1,1,0.3333,0.0,1.0,2,2,9,0.222
1307266,321916,39003,22063,3,3,1,1,0.3333,0.0,1.0,2,2,9,0.222
1297818,15961,3871,47192,3,3,1,1,0.3333,0.0,1.0,2,2,9,0.222
1297820,270079,3871,47192,3,3,1,1,0.3333,0.0,1.0,2,2,9,0.222
1306414,21452,3830,47259,2,2,1,1,0.5,0.0,1.0,1,2,9,0.222
1279921,14598,14518,47442,2,2,1,1,0.5,0.0,1.0,1,2,9,0.222
1306074,8587,8636,51058,11,11,3,4,0.3636,0.0909,0.989,10,2,9,0.222
1308310,8587,8636,51058,11,11,3,4,0.3636,0.0909,0.989,10,2,9,0.222
1308311,8587,8636,51058,11,11,3,4,0.3636,0.0909,0.989,10,2,9,0.222
1309081,8722,8636,51058,11,11,4,4,0.3636,0.0,0.989,10,2,9,0.222
1309066,8722,8636,51058,11,11,4,4,0.3636,0.0,0.989,10,2,9,0.222
1309067,8722,8636,51058,11,11,4,4,0.3636,0.0,0.989,10,2,9,0.222
1176082,25998,25994,36607,6,6,1,2,0.3333,0.1667,0.933,5,2,9,0.222
1176055,25996,25994,36607,6,6,1,2,0.3333,0.1667,0.933,5,2,9,0.222
1176081,26001,25994,36607,6,6,2,2,0.3333,0.0,0.933,5,2,9,0.222
1176052,26001,25994,36607,6,6,2,2,0.3333,0.0,0.933,5,2,9,0.222
1283014,21620,21628,48752,7,7,2,5,0.7143,0.4286,0.907,6,2,9,0.222
1283015,21620,21628,48752,7,7,2,5,0.7143,0.4286,0.907,6,2,9,0.222
1183665,117100,4235,24091,8,8,1,3,0.375,0.25,0.905,7,2,9,0.222
1180394,16647,4235,24091,8,8,1,3,0.375,0.25,0.905,7,2,9,0.222
1188719,4288,4235,24091,8,8,3,3,0.375,0.0,0.905,7,2,9,0.222
1175066,4288,4235,24091,8,8,3,3,0.375,0.0,0.905,7,2,9,0.222
1175067,4288,4235,24091,8,8,3,3,0.375,0.0,0.905,7,2,9,0.222
1305621,8722,8636,51058,11,11,4,4,0.3636,0.0,0.889,10,2,9,0.222
1177661,2210,365414,34391,5,5,1,4,0.8,0.6,0.861,4,2,9,0.222
1220332,18450,18453,40887,7,7,3,4,0.5714,0.1429,0.852,6,2,9,0.222
1220333,18450,18453,40887,7,7,3,4,0.5714,0.1429,0.852,6,2,9,0.222
1220339,18450,18453,40887,7,7,3,4,0.5714,0.1429,0.852,6,2,9,0.222
1180898,3469,3450,37519,5,5,2,3,0.6,0.2,0.833,4,2,9,0.222
1184325,3469,3450,37519,5,5,2,3,0.6,0.2,0.833,4,2,9,0.222
1031702,10466,10500,8226,5,5,1,4,0.8,0.6,0.778,4,2,9,0.222
1289180,20312,25550,49209,3,3,1,2,0.6667,0.3333,0.778,2,2,9,0.222
1177104,2193,2138,36911,2,2,1,1,0.5,0.0,0.778,1,2,9,0.222
1289344,46043,6927,21865,22,22,1,6,0.2727,0.2273,0.767,21,2,9,0.222
1108612,345227,26789,24127,10,10,1,4,0.4,0.3,0.765,9,2,9,0.222
1108614,17489,26789,24127,10,10,2,4,0.4,0.2,0.765,9,2,9,0.222
1108681,17489,26789,24127,10,10,2,4,0.4,0.2,0.765,9,2,9,0.222
1108613,26752,26789,24127,10,10,3,4,0.4,0.1,0.765,9,2,9,0.222
1108615,26752,26789,24127,10,10,3,4,0.4,0.1,0.765,9,2,9,0.222
1108661,26752,26789,24127,10,10,3,4,0.4,0.1,0.765,9,2,9,0.222
1176963,1842,20283,27353,9,9,4,5,0.5556,0.1111,0.764,8,2,9,0.222
1176964,1842,20283,27353,9,9,4,5,0.5556,0.1111,0.764,8,2,9,0.222
1305485,8019,22951,48179,7,7,3,4,0.5714,0.1429,0.759,6,2,9,0.222
1305484,8019,22951,48179,7,7,3,4,0.5714,0.1429,0.759,6,2,9,0.222
1306132,8019,22951,48179,7,7,3,4,0.5714,0.1429,0.759,6,2,9,0.222
1015394,24973,12376,4962,6,6,1,2,0.3333,0.1667,0.756,5,2,9,0.222
1288977,24994,12376,4962,6,6,1,2,0.3333,0.1667,0.756,5,2,9,0.222
1288962,12280,12376,4962,6,6,1,2,0.3333,0.1667,0.756,5,2,9,0.222
1206354,1842,20283,27353,9,9,4,5,0.5556,0.1111,0.75,8,2,9,0.222
1176795,25749,25770,27351,6,6,2,4,0.6667,0.3333,0.711,5,2,9,0.222
1125973,25749,25770,27351,6,6,2,4,0.6667,0.3333,0.711,5,2,9,0.222
1167900,390171,5009,35240,15,15,2,4,0.2667,0.1333,0.706,14,2,9,0.222
1167901,390171,5009,35240,15,15,2,4,0.2667,0.1333,0.706,14,2,9,0.222
1219922,21742,5009,35240,15,15,3,4,0.2667,0.0667,0.706,14,2,9,0.222
1219921,21742,5009,35240,15,15,3,4,0.2667,0.0667,0.706,14,2,9,0.222
1203093,21742,5009,35240,15,15,3,4,0.2667,0.0667,0.698,14,2,9,0.222
1267489,23348,8774,28772,15,15,2,4,0.2667,0.1333,0.675,14,2,9,0.222
1267490,23348,8774,28772,15,15,2,4,0.2667,0.1333,0.675,14,2,9,0.222
1126097,25691,25719,27403,3,3,1,2,0.6667,0.3333,0.667,2,2,9,0.222
1227610,9720,9806,43176,3,3,1,2,0.6667,0.3333,0.667,2,2,9,0.222
1219994,5011,5009,35240,15,15,2,4,0.2667,0.1333,0.659,14,2,9,0.222
1220031,5011,5009,35240,15,15,2,4,0.2667,0.1333,0.659,14,2,9,0.222
1167903,21733,5009,35240,15,15,4,4,0.2667,0.0,0.659,14,2,9,0.222
1174499,21733,5009,35240,15,15,4,4,0.2667,0.0,0.659,14,2,9,0.222
1174497,21733,5009,35240,15,15,4,4,0.2667,0.0,0.651,14,2,9,0.222
1203213,21733,5009,35240,15,15,4,4,0.2667,0.0,0.651,14,2,9,0.222
1197608,23933,23928,39648,8,8,4,4,0.5,0.0,0.651,7,2,9,0.222
1199317,9512,9543,25911,19,19,2,5,0.2632,0.1579,0.648,18,2,9,0.222
1229467,9512,9543,25911,19,19,2,5,0.2632,0.1579,0.648,18,2,9,0.222
1153370,9523,9543,25911,19,19,4,5,0.2632,0.0526,0.648,18,2,9,0.222
1197527,23731,9543,25911,19,19,4,5,0.2632,0.0526,0.648,18,2,9,0.222
1197528,23731,9543,25911,19,19,4,5,0.2632,0.0526,0.648,18,2,9,0.222
1197529,23731,9543,25911,19,19,4,5,0.2632,0.0526,0.648,18,2,9,0.222
1229468,23731,9543,25911,19,19,4,5,0.2632,0.0526,0.648,18,2,9,0.222
1198466,9523,9543,25911,19,19,4,5,0.2632,0.0526,0.648,18,2,9,0.222
1198467,9523,9543,25911,19,19,4,5,0.2632,0.0526,0.648,18,2,9,0.222
1283288,9523,9543,25911,19,19,4,5,0.2632,0.0526,0.648,18,2,9,0.222
1266907,8926,8774,28772,15,15,2,4,0.2667,0.1333,0.627,14,2,9,0.222
1267726,8926,8774,28772,15,15,2,4,0.2667,0.1333,0.627,14,2,9,0.222
1276694,7632,7619,46959,10,10,3,3,0.3,0.0,0.605,9,2,9,0.222
1281305,7632,7619,46959,10,10,3,3,0.3,0.0,0.605,9,2,9,0.222
1312296,7632,7619,46959,10,10,3,3,0.3,0.0,0.605,9,2,9,0.222
1191060,160315,4427,36080,18,18,7,11,0.6111,0.2222,0.601,17,2,9,0.222
1187857,160315,4427,36080,18,18,7,11,0.6111,0.2222,0.601,17,2,9,0.222
1189630,160315,4427,36080,18,18,7,11,0.6111,0.2222,0.601,17,2,9,0.222
1184744,160315,4427,36080,18,18,7,11,0.6111,0.2222,0.601,17,2,9,0.222
1184745,160315,4427,36080,18,18,7,11,0.6111,0.2222,0.601,17,2,9,0.222
1195332,160315,4427,36080,18,18,7,11,0.6111,0.2222,0.601,17,2,9,0.222
1189674,160315,4427,36080,18,18,7,11,0.6111,0.2222,0.601,17,2,9,0.222
1088172,15718,15776,13327,11,11,3,4,0.3636,0.0909,0.6,10,2,9,0.222
1088175,15718,15776,13327,11,11,3,4,0.3636,0.0909,0.6,10,2,9,0.222
1059188,15718,15776,13327,11,11,3,4,0.3636,0.0909,0.6,10,2,9,0.222
1184563,27223,18774,20751,20,20,4,5,0.25,0.05,0.596,19,2,9,0.222
1029931,273924,273923,7190,12,12,6,6,0.5,0.0,0.586,11,2,9,0.222
1029933,273924,273923,7190,12,12,6,6,0.5,0.0,0.586,11,2,9,0.222
1033423,273924,273923,7190,12,12,6,6,0.5,0.0,0.586,11,2,9,0.222
1033424,273924,273923,7190,12,12,6,6,0.5,0.0,0.586,11,2,9,0.222
1286438,7851,7811,47052,37,37,2,9,0.2432,0.1892,0.58,36,2,9,0.222
1280448,7974,22954,48145,7,7,3,4,0.5714,0.1429,0.574,6,2,9,0.222
1070093,19396,19367,15757,10,10,5,5,0.5,0.0,0.568,9,2,9,0.222
1070094,19396,19367,15757,10,10,5,5,0.5,0.0,0.568,9,2,9,0.222
1078498,19396,19367,15757,10,10,5,5,0.5,0.0,0.568,9,2,9,0.222
1128361,19396,19367,15757,10,10,5,5,0.5,0.0,0.568,9,2,9,0.222
1075477,19396,19367,15757,10,10,5,5,0.5,0.0,0.568,9,2,9,0.222
1300505,7851,7811,47052,37,37,2,9,0.2432,0.1892,0.543,36,2,9,0.222
1153089,1628,1452,20361,24,24,1,6,0.25,0.2083,0.536,23,2,9,0.222
1152483,1589,1452,20361,24,24,1,6,0.25,0.2083,0.536,23,2,9,0.222
1114189,1626,1452,20361,24,24,3,6,0.25,0.125,0.536,23,2,9,0.222
1122828,20205,1725,26624,11,11,5,6,0.5455,0.0909,0.533,10,2,9,0.222
1171305,20205,1725,26624,11,11,5,6,0.5455,0.0909,0.533,10,2,9,0.222
1207165,20205,1725,26624,11,11,5,6,0.5455,0.0909,0.533,10,2,9,0.222
1122835,20205,1725,26624,11,11,5,6,0.5455,0.0909,0.533,10,2,9,0.222
1122817,20205,1725,26624,11,11,5,6,0.5455,0.0909,0.533,10,2,9,0.222
1276693,7668,7619,46959,10,10,1,3,0.3,0.2,0.531,9,2,9,0.222
1113744,1626,1452,20361,24,24,3,6,0.25,0.125,0.531,23,2,9,0.222
1113745,1626,1452,20361,24,24,3,6,0.25,0.125,0.531,23,2,9,0.222
1190306,4064,4052,29757,10,10,2,2,0.2,0.0,0.531,9,2,9,0.222
1180507,4064,4052,29757,10,10,2,2,0.2,0.0,0.531,9,2,9,0.222
1029932,273924,273923,7190,12,12,6,6,0.5,0.0,0.525,11,2,9,0.222
1029934,273924,273923,7190,12,12,6,6,0.5,0.0,0.525,11,2,9,0.222
1032165,339843,341122,8386,15,15,6,9,0.6,0.2,0.524,14,2,9,0.222
1032166,339843,341122,8386,15,15,6,9,0.6,0.2,0.524,14,2,9,0.222
1032159,339843,341122,8386,15,15,6,9,0.6,0.2,0.524,14,2,9,0.222
1032160,339843,341122,8386,15,15,6,9,0.6,0.2,0.524,14,2,9,0.222
1032161,339843,341122,8386,15,15,6,9,0.6,0.2,0.524,14,2,9,0.222
1032162,339843,341122,8386,15,15,6,9,0.6,0.2,0.524,14,2,9,0.222
1006286,13083,13149,823,26,26,5,8,0.3077,0.1154,0.511,25,2,9,0.222
1026462,13083,13149,823,26,26,5,8,0.3077,0.1154,0.511,25,2,9,0.222
1026465,13083,13149,823,26,26,5,8,0.3077,0.1154,0.511,25,2,9,0.222
1128557,13150,13149,823,26,26,7,8,0.3077,0.0385,0.511,25,2,9,0.222
1004344,13150,13149,823,26,26,7,8,0.3077,0.0385,0.511,25,2,9,0.222
1002407,13150,13149,823,26,26,7,8,0.3077,0.0385,0.511,25,2,9,0.222
1026464,13150,13149,823,26,26,7,8,0.3077,0.0385,0.511,25,2,9,0.222
1026469,13150,13149,823,26,26,7,8,0.3077,0.0385,0.511,25,2,9,0.222
1181124,16040,16075,16591,23,23,4,6,0.2609,0.087,0.51,22,2,9,0.222
1181125,16040,16075,16591,23,23,4,6,0.2609,0.087,0.51,22,2,9,0.222
1181224,16040,16075,16591,23,23,4,6,0.2609,0.087,0.51,22,2,9,0.222
1181225,16040,16075,16591,23,23,4,6,0.2609,0.087,0.51,22,2,9,0.222
1180733,16818,32929,3585,11,11,1,3,0.2727,0.1818,0.5,10,2,9,0.222
1180686,344373,32929,3585,11,11,1,3,0.2727,0.1818,0.5,10,2,9,0.222
1113919,13560,13589,22633,19,19,3,6,0.3158,0.1579,0.5,18,2,9,0.222
1114825,13560,13589,22633,19,19,3,6,0.3158,0.1579,0.5,18,2,9,0.222
1113917,13560,13589,22633,19,19,3,6,0.3158,0.1579,0.5,18,2,9,0.222
1115215,13545,13589,22633,19,19,4,6,0.3158,0.1053,0.5,18,2,9,0.222
1167348,18195,18311,19917,16,16,4,6,0.375,0.125,0.489,15,2,9,0.222
1167351,18195,18311,19917,16,16,4,6,0.375,0.125,0.489,15,2,9,0.222
1202278,18195,18311,19917,16,16,4,6,0.375,0.125,0.489,15,2,9,0.222
1187502,26111,26101,21955,15,14,6,6,0.4286,0.0,0.484,14,2,9,0.222
1187503,26111,26101,21955,15,14,6,6,0.4286,0.0,0.484,14,2,9,0.222
1187504,26111,26101,21955,15,14,6,6,0.4286,0.0,0.484,14,2,9,0.222
1187355,26111,26101,21955,15,14,6,6,0.4286,0.0,0.484,14,2,9,0.222
1092367,26925,26920,20517,13,13,1,6,0.4615,0.3846,0.481,12,2,9,0.222
1092340,26923,26920,20517,13,13,4,6,0.4615,0.1538,0.481,12,2,9,0.222
1093787,26923,26920,20517,13,13,4,6,0.4615,0.1538,0.481,12,2,9,0.222
1092341,26923,26920,20517,13,13,4,6,0.4615,0.1538,0.481,12,2,9,0.222
1092734,26923,26920,20517,13,13,4,6,0.4615,0.1538,0.481,12,2,9,0.222
1115199,13545,13589,22633,19,19,4,6,0.3158,0.1053,0.481,18,2,9,0.222
1115212,13545,13589,22633,19,19,4,6,0.3158,0.1053,0.481,18,2,9,0.222
1115213,13545,13589,22633,19,19,4,6,0.3158,0.1053,0.481,18,2,9,0.222
1287043,7760,7811,47052,37,37,8,9,0.2432,0.027,0.469,36,2,9,0.222
1287045,7760,7811,47052,37,37,8,9,0.2432,0.027,0.469,36,2,9,0.222
1287059,7760,7811,47052,37,37,8,9,0.2432,0.027,0.469,36,2,9,0.222
1287060,7760,7811,47052,37,37,8,9,0.2432,0.027,0.469,36,2,9,0.222
1287061,7760,7811,47052,37,37,8,9,0.2432,0.027,0.469,36,2,9,0.222
1089200,18195,18311,19917,16,16,4,6,0.375,0.125,0.444,15,2,9,0.222
1305827,22855,7724,46483,31,31,4,6,0.1935,0.0645,0.437,30,2,9,0.222
1305829,22855,7724,46483,31,31,4,6,0.1935,0.0645,0.437,30,2,9,0.222
1272257,22855,7724,46483,31,31,4,6,0.1935,0.0645,0.437,30,2,9,0.222
1272258,22855,7724,46483,31,31,4,6,0.1935,0.0645,0.43,30,2,9,0.222
1278919,7649,7724,46483,31,31,4,6,0.1935,0.0645,0.415,30,2,9,0.222
1305639,7649,7724,46483,31,31,4,6,0.1935,0.0645,0.415,30,2,9,0.222
1305640,7649,7724,46483,31,31,4,6,0.1935,0.0645,0.415,30,2,9,0.222
1306162,7649,7724,46483,31,31,4,6,0.1935,0.0645,0.415,30,2,9,0.222
1298106,22905,7811,47052,37,37,3,9,0.2432,0.1622,0.401,36,2,9,0.222
1298107,22905,7811,47052,37,37,3,9,0.2432,0.1622,0.401,36,2,9,0.222
1298109,22905,7811,47052,37,37,3,9,0.2432,0.1622,0.401,36,2,9,0.222
1306570,7828,7811,47052,37,37,4,9,0.2432,0.1351,0.401,36,2,9,0.222
1306573,7828,7811,47052,37,37,4,9,0.2432,0.1351,0.401,36,2,9,0.222
1298064,7828,7811,47052,37,37,4,9,0.2432,0.1351,0.386,36,2,9,0.222
1302334,7034,6951,15684,13,13,3,5,0.3846,0.1538,0.352,12,2,9,0.222
1302322,7034,6951,15684,13,13,3,5,0.3846,0.1538,0.352,12,2,9,0.222
1302293,7034,6951,15684,13,13,3,5,0.3846,0.1538,0.352,12,2,9,0.222
1241705,19227,27310,15497,8,8,3,5,0.625,0.25,0.333,7,2,9,0.222
1254964,19227,27310,15497,8,8,3,5,0.625,0.25,0.333,7,2,9,0.222
1184616,19399,19422,38041,11,11,1,6,0.5455,0.4545,0.322,10,2,9,0.222
1110819,13187,13155,19490,19,19,5,8,0.4211,0.1579,0.315,18,2,9,0.222
1114439,13187,13155,19490,19,19,5,8,0.4211,0.1579,0.315,18,2,9,0.222
1084064,13187,13155,19490,19,19,5,8,0.4211,0.1579,0.309,18,2,9,0.222
1181312,13187,13155,19490,19,19,5,8,0.4211,0.1579,0.302,18,2,9,0.222
1114782,13187,13155,19490,19,19,5,8,0.4211,0.1579,0.302,18,2,9,0.222
1187999,16317,16169,27619,19,19,4,5,0.2632,0.0526,0.302,18,2,9,0.222
1188001,16317,16169,27619,19,19,4,5,0.2632,0.0526,0.302,18,2,9,0.222
1188814,16317,16169,27619,19,19,4,5,0.2632,0.0526,0.302,18,2,9,0.222
1190765,16317,16169,27619,19,19,4,5,0.2632,0.0526,0.302,18,2,9,0.222
1265863,12171,12233,33035,10,10,2,6,0.6,0.4,0.259,9,2,9,0.222
1283441,12171,12233,33035,10,10,2,6,0.6,0.4,0.259,9,2,9,0.222
1103138,26456,26464,20709,9,9,1,8,0.8889,0.7778,0.222,8,2,9,0.222
1148324,25718,2656,24711,3,3,1,1,0.3333,0.0,0.222,2,2,9,0.222
1123279,13440,13468,26766,35,35,11,24,0.6857,0.3714,0.219,34,2,9,0.222
1013052,5451,5454,3917,7,7,1,6,0.8571,0.7143,0.204,6,2,9,0.222
1308670,7542,7651,28762,18,18,3,5,0.2778,0.1111,0.157,17,2,9,0.222
1308672,7542,7651,28762,18,18,3,5,0.2778,0.1111,0.157,17,2,9,0.222
1135848,13097,12958,15953,14,14,1,7,0.5,0.4286,0.12,13,2,9,0.222
1047831,434684,434688,318,18,18,3,6,0.3333,0.1667,0.426,17,1,8,0.125
1078423,,10123,17973,9,8,0,3,0.375,0.375,0.375,8,1,8,0.125
1257373,,375330,660,20,19,0,10,0.5263,0.5263,0.263,19,1,8,0.125
1261292,375329,375330,660,20,19,7,10,0.5263,0.1579,0.263,19,1,8,0.125
1184565,18872,18949,34505,4,4,1,3,0.75,0.5,1.0,3,1,9,0.111
1270295,23791,9712,43990,4,4,1,3,0.75,0.5,1.0,3,1,9,0.111
1127676,196476,3551,27952,3,3,1,2,0.6667,0.3333,1.0,2,1,9,0.111
1306301,21106,82843,42131,5,5,1,2,0.4,0.2,1.0,4,1,9,0.111
1276773,15258,82843,42131,5,5,1,2,0.4,0.2,1.0,4,1,9,0.111
1276774,383597,82843,42131,5,5,1,2,0.4,0.2,1.0,4,1,9,0.111
1122888,1812,1777,26446,8,8,4,4,0.5,0.0,1.0,7,1,9,0.111
1122606,1812,1777,26446,8,8,4,4,0.5,0.0,1.0,7,1,9,0.111
1122102,1812,1777,26446,8,8,4,4,0.5,0.0,1.0,7,1,9,0.111
1122103,1812,1777,26446,8,8,4,4,0.5,0.0,1.0,7,1,9,0.111
1274286,12631,12602,46835,4,4,1,1,0.25,0.0,1.0,3,1,9,0.111
1274279,25150,12602,46835,4,4,1,1,0.25,0.0,1.0,3,1,9,0.111
1286656,25068,12602,46835,4,4,1,1,0.25,0.0,1.0,3,1,9,0.111
1146510,15034,15027,32084,8,8,4,4,0.5,0.0,0.984,7,1,9,0.111
1146513,15034,15027,32084,8,8,4,4,0.5,0.0,0.984,7,1,9,0.111
1146516,15034,15027,32084,8,8,4,4,0.5,0.0,0.984,7,1,9,0.111
1305299,22954,7990,51005,6,6,3,3,0.5,0.0,0.956,5,1,9,0.111
1305300,22954,7990,51005,6,6,3,3,0.5,0.0,0.956,5,1,9,0.111
1305301,22954,7990,51005,6,6,3,3,0.5,0.0,0.956,5,1,9,0.111
1103087,16517,26449,18496,13,13,3,4,0.3077,0.0769,0.926,12,1,9,0.111
1080747,16517,26449,18496,13,13,3,4,0.3077,0.0769,0.926,12,1,9,0.111
1104057,26403,26449,18496,13,13,3,4,0.3077,0.0769,0.926,12,1,9,0.111
1102416,16410,26449,18496,13,13,3,4,0.3077,0.0769,0.926,12,1,9,0.111
1102353,16410,26449,18496,13,13,3,4,0.3077,0.0769,0.926,12,1,9,0.111
1102384,16410,26449,18496,13,13,3,4,0.3077,0.0769,0.926,12,1,9,0.111
1094458,26403,26449,18496,13,13,3,4,0.3077,0.0769,0.926,12,1,9,0.111
1101394,26403,26449,18496,13,13,3,4,0.3077,0.0769,0.926,12,1,9,0.111
1100363,16517,26449,18496,13,13,3,4,0.3077,0.0769,0.926,12,1,9,0.111
1306039,7974,7993,48146,7,7,3,4,0.5714,0.1429,0.907,6,1,9,0.111
1280447,7974,7993,48146,7,7,3,4,0.5714,0.1429,0.907,6,1,9,0.111
1053074,19288,19312,12208,5,5,1,4,0.8,0.6,0.889,4,1,9,0.111
1146512,15034,15027,32084,8,8,4,4,0.5,0.0,0.889,7,1,9,0.111
1119020,143356,22771,25957,9,9,1,4,0.4444,0.3333,0.861,8,1,9,0.111
1289331,7428,22771,25957,9,9,2,4,0.4444,0.2222,0.861,8,1,9,0.111
1289348,7428,22771,25957,9,9,2,4,0.4444,0.2222,0.861,8,1,9,0.111
1209146,1299,266879,27219,4,4,1,3,0.75,0.5,0.852,3,1,9,0.111
1103815,16309,16338,7089,7,7,3,4,0.5714,0.1429,0.852,6,1,9,0.111
1103816,16309,16338,7089,7,7,3,4,0.5714,0.1429,0.852,6,1,9,0.111
1103817,16309,16338,7089,7,7,3,4,0.5714,0.1429,0.852,6,1,9,0.111
1115069,13102,13110,19406,7,7,3,4,0.5714,0.1429,0.852,6,1,9,0.111
1115070,13102,13110,19406,7,7,3,4,0.5714,0.1429,0.852,6,1,9,0.111
1115071,13102,13110,19406,7,7,3,4,0.5714,0.1429,0.852,6,1,9,0.111
1196942,10753,10849,39459,7,7,3,4,0.5714,0.1429,0.852,6,1,9,0.111
1196779,10753,10849,39459,7,7,3,4,0.5714,0.1429,0.852,6,1,9,0.111
1196781,10753,10849,39459,7,7,3,4,0.5714,0.1429,0.852,6,1,9,0.111
1276134,22767,22771,25957,9,9,2,4,0.4444,0.2222,0.847,8,1,9,0.111
1289350,22767,22771,25957,9,9,2,4,0.4444,0.2222,0.847,8,1,9,0.111
1012562,325437,3476,3613,6,6,1,2,0.3333,0.1667,0.778,5,1,9,0.111
1073591,3508,3476,3613,6,6,2,2,0.3333,0.0,0.778,5,1,9,0.111
1012560,3508,3476,3613,6,6,2,2,0.3333,0.0,0.778,5,1,9,0.111
1114808,25494,13634,24538,8,8,4,4,0.5,0.0,0.746,7,1,9,0.111
1114809,25494,13634,24538,8,8,4,4,0.5,0.0,0.746,7,1,9,0.111
1110733,25494,13634,24538,8,8,4,4,0.5,0.0,0.746,7,1,9,0.111
1110735,25494,13634,24538,8,8,4,4,0.5,0.0,0.746,7,1,9,0.111
1273541,37736,24888,4979,22,22,1,4,0.1818,0.1364,0.741,21,1,9,0.111
1273831,24931,24888,4979,22,22,1,4,0.1818,0.1364,0.741,21,1,9,0.111
1052421,343986,344220,3666,10,10,4,5,0.5,0.1,0.741,9,1,9,0.111
1058033,343986,344220,3666,10,10,4,5,0.5,0.1,0.741,9,1,9,0.111
1065031,343986,344220,3666,10,10,4,5,0.5,0.1,0.741,9,1,9,0.111
1012713,343986,344220,3666,10,10,4,5,0.5,0.1,0.741,9,1,9,0.111
1286697,12074,24888,4979,22,22,3,4,0.1818,0.0455,0.741,21,1,9,0.111
1288529,12074,24888,4979,22,22,3,4,0.1818,0.0455,0.741,21,1,9,0.111
1095977,12074,24888,4979,22,22,3,4,0.1818,0.0455,0.741,21,1,9,0.111
1303589,6893,22522,28060,20,20,5,8,0.4,0.15,0.725,19,1,9,0.111
1303606,6893,22522,28060,20,20,5,8,0.4,0.15,0.725,19,1,9,0.111
1127855,6893,22522,28060,20,20,5,8,0.4,0.15,0.725,19,1,9,0.111
1137991,,344171,13375,3,1,0,1,1.0,1.0,0.722,2,1,9,0.111
1137993,,344171,13375,3,1,0,1,1.0,1.0,0.722,2,1,9,0.111
1123894,12877,1238,13602,17,17,1,6,0.3529,0.2941,0.722,16,1,9,0.111
1274231,12750,1238,13602,17,17,1,6,0.3529,0.2941,0.722,16,1,9,0.111
1274233,12784,1238,13602,17,17,1,6,0.3529,0.2941,0.722,16,1,9,0.111
1080265,5271,5299,15656,11,11,4,7,0.6364,0.2727,0.722,10,1,9,0.111
1070366,5271,5299,15656,11,11,4,7,0.6364,0.2727,0.722,10,1,9,0.111
1070367,5271,5299,15656,11,11,4,7,0.6364,0.2727,0.722,10,1,9,0.111
1070368,5271,5299,15656,11,11,4,7,0.6364,0.2727,0.722,10,1,9,0.111
1273900,12238,24888,4979,22,22,3,4,0.1818,0.0455,0.72,21,1,9,0.111
1273902,12238,24888,4979,22,22,3,4,0.1818,0.0455,0.72,21,1,9,0.111
1273539,24939,24888,4979,22,22,3,4,0.1818,0.0455,0.72,21,1,9,0.111
1273540,24939,24888,4979,22,22,3,4,0.1818,0.0455,0.72,21,1,9,0.111
1273542,24939,24888,4979,22,22,3,4,0.1818,0.0455,0.72,21,1,9,0.111
1288528,12238,24888,4979,22,22,3,4,0.1818,0.0455,0.72,21,1,9,0.111
1274234,218877,1238,13602,17,17,1,6,0.3529,0.2941,0.708,16,1,9,0.111
1057321,343987,344220,3666,10,10,1,5,0.5,0.4,0.704,9,1,9,0.111
1001556,94692,296,25,15,15,2,6,0.4,0.2667,0.698,14,1,9,0.111
1091537,13864,13813,20664,8,8,4,4,0.5,0.0,0.683,7,1,9,0.111
1101798,13864,13813,20664,8,8,4,4,0.5,0.0,0.683,7,1,9,0.111
1200734,12769,12818,22769,13,13,4,5,0.3846,0.0769,0.676,12,1,9,0.111
1138396,12769,12818,22769,13,13,4,5,0.3846,0.0769,0.676,12,1,9,0.111
1200704,12769,12818,22769,13,13,4,5,0.3846,0.0769,0.676,12,1,9,0.111
1204997,12840,12818,22769,13,13,4,5,0.3846,0.0769,0.676,12,1,9,0.111
1200198,12769,12818,22769,13,13,4,5,0.3846,0.0769,0.676,12,1,9,0.111
1200203,12840,12818,22769,13,13,4,5,0.3846,0.0769,0.676,12,1,9,0.111
1200204,12840,12818,22769,13,13,4,5,0.3846,0.0769,0.676,12,1,9,0.111
1200953,12840,12818,22769,13,13,4,5,0.3846,0.0769,0.676,12,1,9,0.111
1288975,25004,12376,4962,6,6,1,2,0.3333,0.1667,0.667,5,1,9,0.111
1090775,12976,12904,20339,6,6,3,3,0.5,0.0,0.667,5,1,9,0.111
1114564,12976,12904,20339,6,6,3,3,0.5,0.0,0.667,5,1,9,0.111
1096675,12976,12904,20339,6,6,3,3,0.5,0.0,0.667,5,1,9,0.111
1180761,4515,4502,37561,2,2,1,1,0.5,0.0,0.667,1,1,9,0.111
1304019,270,269,50832,2,2,1,1,0.5,0.0,0.667,1,1,9,0.111
1112790,13864,13813,20664,8,8,4,4,0.5,0.0,0.635,7,1,9,0.111
1202078,18558,18591,20325,17,17,4,5,0.2941,0.0588,0.632,16,1,9,0.111
1202080,18558,18591,20325,17,17,4,5,0.2941,0.0588,0.632,16,1,9,0.111
1202079,18558,18591,20325,17,17,4,5,0.2941,0.0588,0.632,16,1,9,0.111
1202081,18558,18591,20325,17,17,4,5,0.2941,0.0588,0.632,16,1,9,0.111
1175192,4370,4369,36370,4,4,1,3,0.75,0.5,0.63,3,1,9,0.111
1185378,19045,19007,19165,10,10,5,5,0.5,0.0,0.63,9,1,9,0.111
1186087,19045,19007,19165,10,10,5,5,0.5,0.0,0.63,9,1,9,0.111
1185389,19045,19007,19165,10,10,5,5,0.5,0.0,0.63,9,1,9,0.111
1185390,19045,19007,19165,10,10,5,5,0.5,0.0,0.63,9,1,9,0.111
1185391,19045,19007,19165,10,10,5,5,0.5,0.0,0.63,9,1,9,0.111
1312063,8549,8504,48081,14,14,5,5,0.3571,0.0,0.624,13,1,9,0.111
1311755,8549,8504,48081,14,14,5,5,0.3571,0.0,0.624,13,1,9,0.111
1311467,8549,8504,48081,14,14,5,5,0.3571,0.0,0.624,13,1,9,0.111
1311796,8549,8504,48081,14,14,5,5,0.3571,0.0,0.624,13,1,9,0.111
1311797,8549,8504,48081,14,14,5,5,0.3571,0.0,0.624,13,1,9,0.111
1289032,25172,25115,31122,5,5,1,3,0.6,0.4,0.611,4,1,9,0.111
1191110,18914,18774,20751,20,20,1,5,0.25,0.2,0.608,19,1,9,0.111
1202128,18894,18774,20751,20,20,5,5,0.25,0.0,0.608,19,1,9,0.111
1191111,18894,18774,20751,20,20,5,5,0.25,0.0,0.608,19,1,9,0.111
1191112,18894,18774,20751,20,20,5,5,0.25,0.0,0.608,19,1,9,0.111
1191113,18894,18774,20751,20,20,5,5,0.25,0.0,0.608,19,1,9,0.111
1202085,18894,18774,20751,20,20,5,5,0.25,0.0,0.608,19,1,9,0.111
1308346,8416,8504,48081,14,14,2,5,0.3571,0.2143,0.598,13,1,9,0.111
1280252,8611,8504,48081,14,14,2,5,0.3571,0.2143,0.598,13,1,9,0.111
1308358,8416,8504,48081,14,14,2,5,0.3571,0.2143,0.598,13,1,9,0.111
1311795,8611,8504,48081,14,14,2,5,0.3571,0.2143,0.598,13,1,9,0.111
1002070,402,381,276,11,11,1,4,0.3636,0.2727,0.589,10,1,9,0.111
1001576,399,381,276,11,11,3,4,0.3636,0.0909,0.589,10,1,9,0.111
1001580,399,381,276,11,11,3,4,0.3636,0.0909,0.589,10,1,9,0.111
1001583,399,381,276,11,11,3,4,0.3636,0.0909,0.589,10,1,9,0.111
1039809,506657,506658,1178,8,8,2,3,0.375,0.125,0.579,7,1,9,0.111
1216557,563,551,42273,4,4,1,3,0.75,0.5,0.556,3,1,9,0.111
1001427,392,381,276,11,11,1,4,0.3636,0.2727,0.556,10,1,9,0.111
1227415,23466,9056,43484,11,11,2,5,0.4545,0.2727,0.556,10,1,9,0.111
1227417,23466,9056,43484,11,11,2,5,0.4545,0.2727,0.556,10,1,9,0.111
1002102,238717,381,276,11,11,2,4,0.3636,0.1818,0.556,10,1,9,0.111
1001868,238717,381,276,11,11,2,4,0.3636,0.1818,0.556,10,1,9,0.111
1289366,22686,7366,30617,20,20,3,6,0.3,0.15,0.556,19,1,9,0.111
1287353,22686,7366,30617,20,20,3,6,0.3,0.15,0.556,19,1,9,0.111
1280819,22686,7366,30617,20,20,3,6,0.3,0.15,0.556,19,1,9,0.111
1249668,7368,7366,30617,20,20,4,6,0.3,0.1,0.556,19,1,9,0.111
1289411,7368,7366,30617,20,20,4,6,0.3,0.1,0.556,19,1,9,0.111
1289413,7368,7366,30617,20,20,4,6,0.3,0.1,0.556,19,1,9,0.111
1231824,7368,7366,30617,20,20,4,6,0.3,0.1,0.556,19,1,9,0.111
1267683,9976,23946,30853,10,10,3,4,0.4,0.1,0.556,9,1,9,0.111
1228711,23389,9056,43484,11,11,4,5,0.4545,0.0909,0.556,10,1,9,0.111
1228767,23389,9056,43484,11,11,4,5,0.4545,0.0909,0.556,10,1,9,0.111
1228769,23389,9056,43484,11,11,4,5,0.4545,0.0909,0.556,10,1,9,0.111
1224963,23389,9056,43484,11,11,4,5,0.4545,0.0909,0.556,10,1,9,0.111
1285860,350047,61412,13551,2,2,1,1,0.5,0.0,0.556,1,1,9,0.111
1287087,192,7366,30617,20,20,1,6,0.3,0.25,0.544,19,1,9,0.111
1301935,7305,7366,30617,20,20,1,6,0.3,0.25,0.544,19,1,9,0.111
1289332,216,7366,30617,20,20,1,6,0.3,0.25,0.538,19,1,9,0.111
1287090,7388,7366,30617,20,20,3,6,0.3,0.15,0.532,19,1,9,0.111
1287116,22878,7811,47052,37,37,7,9,0.2432,0.0541,0.522,36,1,9,0.111
1287118,22878,7811,47052,37,37,7,9,0.2432,0.0541,0.522,36,1,9,0.111
1277686,22878,7811,47052,37,37,7,9,0.2432,0.0541,0.522,36,1,9,0.111
1277688,22878,7811,47052,37,37,7,9,0.2432,0.0541,0.522,36,1,9,0.111
1287117,7760,7811,47052,37,37,8,9,0.2432,0.027,0.522,36,1,9,0.111
1119498,434687,434688,318,18,18,5,6,0.3333,0.0556,0.52,17,1,9,0.111
1096162,434687,434688,318,18,18,5,6,0.3333,0.0556,0.52,17,1,9,0.111
1056239,434687,434688,318,18,18,5,6,0.3333,0.0556,0.52,17,1,9,0.111
1266726,434687,434688,318,18,18,5,6,0.3333,0.0556,0.52,17,1,9,0.111
1205737,272639,272642,29186,9,9,4,5,0.5556,0.1111,0.514,8,1,9,0.111
1205738,272639,272642,29186,9,9,4,5,0.5556,0.1111,0.514,8,1,9,0.111
1195519,272639,272642,29186,9,9,4,5,0.5556,0.1111,0.514,8,1,9,0.111
1132298,272639,272642,29186,9,9,4,5,0.5556,0.1111,0.514,8,1,9,0.111
1028820,99806,99807,3944,14,14,3,7,0.5,0.2857,0.513,13,1,9,0.111
1028821,99806,99807,3944,14,14,3,7,0.5,0.2857,0.513,13,1,9,0.111
1028822,99806,99807,3944,14,14,3,7,0.5,0.2857,0.513,13,1,9,0.111
1028779,99816,99807,3944,14,14,4,7,0.5,0.2143,0.513,13,1,9,0.111
1028780,99816,99807,3944,14,14,4,7,0.5,0.2143,0.513,13,1,9,0.111
1028782,99816,99807,3944,14,14,4,7,0.5,0.2143,0.513,13,1,9,0.111
1014490,99816,99807,3944,14,14,4,7,0.5,0.2143,0.513,13,1,9,0.111
1127682,22350,22438,27958,13,13,3,4,0.3077,0.0769,0.509,12,1,9,0.111
1309204,22350,22438,27958,13,13,3,4,0.3077,0.0769,0.509,12,1,9,0.111
1287104,7757,7811,47052,37,37,4,9,0.2432,0.1351,0.5,36,1,9,0.111
1287105,7757,7811,47052,37,37,4,9,0.2432,0.1351,0.5,36,1,9,0.111
1287106,7757,7811,47052,37,37,4,9,0.2432,0.1351,0.5,36,1,9,0.111
1309203,22350,22438,27958,13,13,3,4,0.3077,0.0769,0.5,12,1,9,0.111
1133280,99818,14994,19006,3,3,1,1,0.3333,0.0,0.5,2,1,9,0.111
1130670,214722,14994,19006,3,3,1,1,0.3333,0.0,0.5,2,1,9,0.111
1183587,27066,18311,19917,16,16,6,6,0.375,0.0,0.496,15,1,9,0.111
1229782,27066,18311,19917,16,16,6,6,0.375,0.0,0.496,15,1,9,0.111
1154345,27066,18311,19917,16,16,6,6,0.375,0.0,0.496,15,1,9,0.111
1202394,27066,18311,19917,16,16,6,6,0.375,0.0,0.496,15,1,9,0.111
1167620,27066,18311,19917,16,16,6,6,0.375,0.0,0.496,15,1,9,0.111
1178411,16156,16263,27622,8,8,1,5,0.625,0.5,0.492,7,1,9,0.111
1178408,16214,16263,27622,8,8,2,5,0.625,0.375,0.492,7,1,9,0.111
1178409,16214,16263,27622,8,8,2,5,0.625,0.375,0.492,7,1,9,0.111
1300385,6705,22438,27958,13,13,2,4,0.3077,0.1538,0.491,12,1,9,0.111
1299006,6705,22438,27958,13,13,2,4,0.3077,0.1538,0.491,12,1,9,0.111
1309202,22368,22438,27958,13,13,2,4,0.3077,0.1538,0.491,12,1,9,0.111
1309205,22368,22438,27958,13,13,2,4,0.3077,0.1538,0.491,12,1,9,0.111
1219561,4113,4052,29757,10,10,2,2,0.2,0.0,0.481,9,1,9,0.111
1187140,4113,4052,29757,10,10,2,2,0.2,0.0,0.481,9,1,9,0.111
1083207,2535,2472,10034,12,12,6,6,0.5,0.0,0.475,11,1,9,0.111
1148467,2535,2472,10034,12,12,6,6,0.5,0.0,0.475,11,1,9,0.111
1153709,2535,2472,10034,12,12,6,6,0.5,0.0,0.475,11,1,9,0.111
1148382,2535,2472,10034,12,12,6,6,0.5,0.0,0.475,11,1,9,0.111
1195901,855,830,28041,15,15,4,8,0.5333,0.2667,0.468,14,1,9,0.111
1195880,855,830,28041,15,15,4,8,0.5333,0.2667,0.468,14,1,9,0.111
1127805,855,830,28041,15,15,4,8,0.5333,0.2667,0.468,14,1,9,0.111
1195899,855,830,28041,15,15,4,8,0.5333,0.2667,0.468,14,1,9,0.111
1186346,19579,19530,16506,11,11,1,6,0.5455,0.4545,0.467,10,1,9,0.111
1072948,19552,19530,16506,11,11,1,6,0.5455,0.4545,0.467,10,1,9,0.111
1132539,14946,15013,3516,6,6,1,3,0.5,0.3333,0.467,5,1,9,0.111
1011816,2881,15013,3516,6,6,1,3,0.5,0.3333,0.467,5,1,9,0.111
1092425,19561,19530,16506,11,11,3,6,0.5455,0.2727,0.467,10,1,9,0.111
1186410,19561,19530,16506,11,11,3,6,0.5455,0.2727,0.467,10,1,9,0.111
1186347,19561,19530,16506,11,11,3,6,0.5455,0.2727,0.467,10,1,9,0.111
1080553,18690,18679,4450,11,11,5,5,0.4545,0.0,0.467,10,1,9,0.111
1076984,18690,18679,4450,11,11,5,5,0.4545,0.0,0.467,10,1,9,0.111
1092623,18690,18679,4450,11,11,5,5,0.4545,0.0,0.467,10,1,9,0.111
1076963,18690,18679,4450,11,11,5,5,0.4545,0.0,0.467,10,1,9,0.111
1076970,18690,18679,4450,11,11,5,5,0.4545,0.0,0.467,10,1,9,0.111
1005491,344508,5527,162,6,6,3,3,0.5,0.0,0.467,5,1,9,0.111
1005493,344508,5527,162,6,6,3,3,0.5,0.0,0.467,5,1,9,0.111
1005492,344508,5527,162,6,6,3,3,0.5,0.0,0.467,5,1,9,0.111
1101321,26559,26546,18162,6,6,3,3,0.5,0.0,0.467,5,1,9,0.111
1101368,26559,26546,18162,6,6,3,3,0.5,0.0,0.467,5,1,9,0.111
1101369,26559,26546,18162,6,6,3,3,0.5,0.0,0.467,5,1,9,0.111
1159523,21336,21304,33506,11,11,5,6,0.5455,0.0909,0.456,10,1,9,0.111
1157530,21336,21304,33506,11,11,5,6,0.5455,0.0909,0.456,10,1,9,0.111
1157531,21336,21304,33506,11,11,5,6,0.5455,0.0909,0.456,10,1,9,0.111
1155052,21336,21304,33506,11,11,5,6,0.5455,0.0909,0.456,10,1,9,0.111
1200333,103643,830,28041,15,15,3,8,0.5333,0.3333,0.452,14,1,9,0.111
1209728,103643,830,28041,15,15,3,8,0.5333,0.3333,0.452,14,1,9,0.111
1179753,434687,434688,318,18,18,5,6,0.3333,0.0556,0.449,17,1,9,0.111
1217584,24026,10123,17973,9,8,1,3,0.375,0.25,0.446,8,1,9,0.111
1217131,10124,10123,17973,9,8,3,3,0.375,0.0,0.446,8,1,9,0.111
1217133,10124,10123,17973,9,8,3,3,0.375,0.0,0.446,8,1,9,0.111
1217135,10124,10123,17973,9,8,3,3,0.375,0.0,0.446,8,1,9,0.111
1205537,12286,12312,26947,6,6,1,5,0.8333,0.6667,0.444,5,1,9,0.111
1040879,280319,258879,3315,11,11,1,6,0.5455,0.4545,0.444,10,1,9,0.111
1195900,103643,830,28041,15,15,3,8,0.5333,0.3333,0.444,14,1,9,0.111
1299593,17954,26953,49968,3,3,1,2,0.6667,0.3333,0.444,2,1,9,0.111
1134306,280318,258879,3315,11,11,3,6,0.5455,0.2727,0.444,10,1,9,0.111
1040906,280318,258879,3315,11,11,3,6,0.5455,0.2727,0.444,10,1,9,0.111
1045167,8552,8479,11195,9,9,4,5,0.5556,0.1111,0.444,8,1,9,0.111
1045168,8552,8479,11195,9,9,4,5,0.5556,0.1111,0.444,8,1,9,0.111
1057104,8552,8479,11195,9,9,4,5,0.5556,0.1111,0.444,8,1,9,0.111
1048116,8552,8479,11195,9,9,4,5,0.5556,0.1111,0.444,8,1,9,0.111
1187246,4101,4052,29757,10,10,1,2,0.2,0.1,0.444,9,1,9,0.111
1300626,7955,22914,48227,12,12,4,5,0.4167,0.0833,0.444,11,1,9,0.111
1300566,7955,22914,48227,12,12,4,5,0.4167,0.0833,0.444,11,1,9,0.111
1300567,7955,22914,48227,12,12,4,5,0.4167,0.0833,0.444,11,1,9,0.111
1300569,7955,22914,48227,12,12,4,5,0.4167,0.0833,0.444,11,1,9,0.111
1010171,10790,10803,2412,12,12,5,7,0.5833,0.1667,0.434,11,1,9,0.111
1010172,10790,10803,2412,12,12,5,7,0.5833,0.1667,0.434,11,1,9,0.111
1010237,10790,10803,2412,12,12,5,7,0.5833,0.1667,0.434,11,1,9,0.111
1010236,10790,10803,2412,12,12,5,7,0.5833,0.1667,0.434,11,1,9,0.111
1010192,10790,10803,2412,12,12,5,7,0.5833,0.1667,0.434,11,1,9,0.111
1148384,2535,2472,10034,12,12,6,6,0.5,0.0,0.434,11,1,9,0.111
1153708,2535,2472,10034,12,12,6,6,0.5,0.0,0.434,11,1,9,0.111
1147842,84771,2433,32323,15,15,7,8,0.5333,0.0667,0.429,14,1,9,0.111
1155017,84771,2433,32323,15,15,7,8,0.5333,0.0667,0.429,14,1,9,0.111
1147845,84771,2433,32323,15,15,7,8,0.5333,0.0667,0.429,14,1,9,0.111
1157022,84771,2433,32323,15,15,7,8,0.5333,0.0667,0.429,14,1,9,0.111
1147882,84771,2433,32323,15,15,7,8,0.5333,0.0667,0.429,14,1,9,0.111
1157533,21336,21304,33506,11,11,5,6,0.5455,0.0909,0.422,10,1,9,0.111
1093375,18204,18203,21272,18,18,5,8,0.4444,0.1667,0.412,17,1,9,0.111
1093376,18204,18203,21272,18,18,5,8,0.4444,0.1667,0.412,17,1,9,0.111
1110613,26686,17260,24086,10,10,2,5,0.5,0.3,0.395,9,1,9,0.111
1110548,26686,17260,24086,10,10,2,5,0.5,0.3,0.395,9,1,9,0.111
1219563,4088,4052,29757,10,10,1,2,0.2,0.1,0.395,9,1,9,0.111
1098002,364616,364605,3654,21,21,7,8,0.381,0.0476,0.389,20,1,9,0.111
1065014,364616,364605,3654,21,21,7,8,0.381,0.0476,0.389,20,1,9,0.111
1059899,364616,364605,3654,21,21,7,8,0.381,0.0476,0.389,20,1,9,0.111
1074252,364616,364605,3654,21,21,7,8,0.381,0.0476,0.389,20,1,9,0.111
1059914,364616,364605,3654,21,21,7,8,0.381,0.0476,0.389,20,1,9,0.111
1059915,364616,364605,3654,21,21,7,8,0.381,0.0476,0.389,20,1,9,0.111
1059916,364616,364605,3654,21,21,7,8,0.381,0.0476,0.389,20,1,9,0.111
1013119,375964,375965,3510,23,23,5,6,0.2609,0.0435,0.389,22,1,9,0.111
1052741,375964,375965,3510,23,23,5,6,0.2609,0.0435,0.389,22,1,9,0.111
1138081,26111,26101,21955,15,14,6,6,0.4286,0.0,0.389,14,1,9,0.111
1306098,22965,22914,48227,12,12,2,5,0.4167,0.25,0.384,11,1,9,0.111
1280788,22965,22914,48227,12,12,2,5,0.4167,0.25,0.384,11,1,9,0.111
1108982,17233,17260,24086,10,10,1,5,0.5,0.4,0.383,9,1,9,0.111
1006288,13019,13149,823,26,26,4,8,0.3077,0.1538,0.378,25,1,9,0.111
1006289,13019,13149,823,26,26,4,8,0.3077,0.1538,0.378,25,1,9,0.111
1005975,13019,13149,823,26,26,4,8,0.3077,0.1538,0.378,25,1,9,0.111
1005976,13019,13149,823,26,26,4,8,0.3077,0.1538,0.378,25,1,9,0.111
1202395,27066,18311,19917,16,16,6,6,0.375,0.0,0.378,15,1,9,0.111
1059854,375964,375965,3510,23,23,5,6,0.2609,0.0435,0.374,22,1,9,0.111
1059856,375964,375965,3510,23,23,5,6,0.2609,0.0435,0.374,22,1,9,0.111
1143834,3406,3455,28689,10,10,3,7,0.7,0.4,0.37,9,1,9,0.111
1143835,3406,3455,28689,10,10,3,7,0.7,0.4,0.37,9,1,9,0.111
1029370,308475,343550,7624,25,25,7,12,0.48,0.2,0.366,24,1,9,0.111
1029376,308475,343550,7624,25,25,7,12,0.48,0.2,0.366,24,1,9,0.111
1029378,308475,343550,7624,25,25,7,12,0.48,0.2,0.366,24,1,9,0.111
1029380,308475,343550,7624,25,25,7,12,0.48,0.2,0.366,24,1,9,0.111
1029381,308475,343550,7624,25,25,7,12,0.48,0.2,0.366,24,1,9,0.111
1029385,308475,343550,7624,25,25,7,12,0.48,0.2,0.366,24,1,9,0.111
1219197,5107,5087,28430,17,17,7,10,0.5882,0.1765,0.361,16,1,9,0.111
1168885,5107,5087,28430,17,17,7,10,0.5882,0.1765,0.361,16,1,9,0.111
1287115,7760,7811,47052,37,37,8,9,0.2432,0.027,0.361,36,1,9,0.111
1149566,3406,3455,28689,10,10,3,7,0.7,0.4,0.358,9,1,9,0.111
1220545,5107,5087,28430,17,17,7,10,0.5882,0.1765,0.354,16,1,9,0.111
1146332,25350,13155,19490,19,19,6,8,0.4211,0.1053,0.352,18,1,9,0.111
1171816,25350,13155,19490,19,19,6,8,0.4211,0.1053,0.352,18,1,9,0.111
1144962,25350,13155,19490,19,19,6,8,0.4211,0.1053,0.352,18,1,9,0.111
1104474,25350,13155,19490,19,19,6,8,0.4211,0.1053,0.352,18,1,9,0.111
1104475,25350,13155,19490,19,19,6,8,0.4211,0.1053,0.352,18,1,9,0.111
1179625,11927,24745,27534,15,15,1,8,0.5333,0.4667,0.349,14,1,9,0.111
1180052,24784,24745,27534,15,15,4,8,0.5333,0.2667,0.349,14,1,9,0.111
1180054,24784,24745,27534,15,15,4,8,0.5333,0.2667,0.349,14,1,9,0.111
1180055,24784,24745,27534,15,15,4,8,0.5333,0.2667,0.349,14,1,9,0.111
1287046,7757,7811,47052,37,37,4,9,0.2432,0.1351,0.349,36,1,9,0.111
1282301,19502,19497,28834,16,16,5,6,0.375,0.0625,0.348,15,1,9,0.111
1282303,19502,19497,28834,16,16,5,6,0.375,0.0625,0.348,15,1,9,0.111
1282304,19502,19497,28834,16,16,5,6,0.375,0.0625,0.348,15,1,9,0.111
1298808,19502,19497,28834,16,16,5,6,0.375,0.0625,0.348,15,1,9,0.111
1282279,19502,19497,28834,16,16,5,6,0.375,0.0625,0.348,15,1,9,0.111
1188382,297922,19503,20857,26,26,3,5,0.1923,0.0769,0.338,25,1,9,0.111
1059855,375964,375965,3510,23,23,5,6,0.2609,0.0435,0.338,22,1,9,0.111
1073771,278410,278717,3867,9,9,3,6,0.6667,0.3333,0.333,8,1,9,0.111
1012992,278410,278717,3867,9,9,3,6,0.6667,0.3333,0.333,8,1,9,0.111
1052142,278410,278717,3867,9,9,3,6,0.6667,0.3333,0.333,8,1,9,0.111
1219196,5107,5087,28430,17,17,7,10,0.5882,0.1765,0.333,16,1,9,0.111
1219198,5107,5087,28430,17,17,7,10,0.5882,0.1765,0.333,16,1,9,0.111
1305818,7587,7724,46483,31,31,5,6,0.1935,0.0323,0.333,30,1,9,0.111
1302252,7587,7724,46483,31,31,5,6,0.1935,0.0323,0.333,30,1,9,0.111
1309518,7587,7724,46483,31,31,5,6,0.1935,0.0323,0.333,30,1,9,0.111
1309521,7587,7724,46483,31,31,5,6,0.1935,0.0323,0.333,30,1,9,0.111
1306165,7587,7724,46483,31,31,5,6,0.1935,0.0323,0.333,30,1,9,0.111
1014416,383819,383806,4085,23,23,9,9,0.3913,0.0,0.333,22,1,9,0.111
1146330,25350,13155,19490,19,19,6,8,0.4211,0.1053,0.327,18,1,9,0.111
1053432,344027,344030,12306,13,13,4,9,0.6923,0.3846,0.324,12,1,9,0.111
1059821,344027,344030,12306,13,13,4,9,0.6923,0.3846,0.324,12,1,9,0.111
1056542,344027,344030,12306,13,13,4,9,0.6923,0.3846,0.324,12,1,9,0.111
1231976,18772,18835,17749,12,12,5,7,0.5833,0.1667,0.313,11,1,9,0.111
1249992,18772,18835,17749,12,12,5,7,0.5833,0.1667,0.313,11,1,9,0.111
1107875,17179,17260,24086,10,10,1,5,0.5,0.4,0.309,9,1,9,0.111
1132758,17169,17260,24086,10,10,1,5,0.5,0.4,0.309,9,1,9,0.111
1298610,7828,7811,47052,37,37,4,9,0.2432,0.1351,0.309,36,1,9,0.111
1079179,434683,434688,318,18,18,1,6,0.3333,0.2778,0.302,17,1,9,0.111
1041923,343720,343721,10535,10,10,2,8,0.8,0.6,0.296,9,1,9,0.111
1065049,343720,343721,10535,10,10,2,8,0.8,0.6,0.296,9,1,9,0.111
1018979,260490,65564,5088,15,15,2,9,0.6,0.4667,0.294,14,1,9,0.111
1018980,260490,65564,5088,15,15,2,9,0.6,0.4667,0.294,14,1,9,0.111
1054087,92775,65564,5088,15,15,4,9,0.6,0.3333,0.294,14,1,9,0.111
1168864,5107,5087,28430,17,17,7,10,0.5882,0.1765,0.292,16,1,9,0.111
1223765,5107,5087,28430,17,17,7,10,0.5882,0.1765,0.292,16,1,9,0.111
1199790,19882,558,28581,20,20,4,6,0.3,0.1,0.292,19,1,9,0.111
1199793,19882,558,28581,20,20,4,6,0.3,0.1,0.292,19,1,9,0.111
1217248,19882,558,28581,20,20,4,6,0.3,0.1,0.292,19,1,9,0.111
1217250,19882,558,28581,20,20,4,6,0.3,0.1,0.292,19,1,9,0.111
1299154,19318,19359,36703,3,3,1,2,0.6667,0.3333,0.278,2,1,9,0.111
1121107,18763,5109,16724,6,6,2,2,0.3333,0.0,0.267,5,1,9,0.111
1077723,18763,5109,16724,6,6,2,2,0.3333,0.0,0.267,5,1,9,0.111
1205996,14888,14822,24486,8,8,1,2,0.25,0.125,0.238,7,1,9,0.111
1126564,14860,14822,24486,8,8,1,2,0.25,0.125,0.238,7,1,9,0.111
1198199,473208,449264,14721,10,10,2,4,0.4,0.2,0.235,9,1,9,0.111
1200220,13113,1281,40425,5,5,1,4,0.8,0.6,0.222,4,1,9,0.111
1133656,154878,144329,14627,9,9,2,5,0.5556,0.3333,0.222,8,1,9,0.111
1069782,154878,144329,14627,9,9,2,5,0.5556,0.3333,0.222,8,1,9,0.111
1078630,27168,18529,16012,11,11,4,7,0.6364,0.2727,0.222,10,1,9,0.111
1094854,27168,18529,16012,11,11,4,7,0.6364,0.2727,0.222,10,1,9,0.111
1248300,473208,449264,14721,10,10,2,4,0.4,0.2,0.222,9,1,9,0.111
1286758,7715,7775,13997,15,15,3,4,0.2667,0.0667,0.222,14,1,9,0.111
1287091,7715,7775,13997,15,15,3,4,0.2667,0.0667,0.222,14,1,9,0.111
1187039,26111,26101,21955,15,14,6,6,0.4286,0.0,0.222,14,1,9,0.111
1286757,7715,7775,13997,15,15,3,4,0.2667,0.0667,0.214,14,1,9,0.111
1075598,27168,18529,16012,11,11,4,7,0.6364,0.2727,0.211,10,1,9,0.111
1075599,27168,18529,16012,11,11,4,7,0.6364,0.2727,0.211,10,1,9,0.111
1223669,26430,16379,16520,17,17,3,9,0.5294,0.3529,0.201,16,1,9,0.111
1181264,26430,16379,16520,17,17,3,9,0.5294,0.3529,0.201,16,1,9,0.111
1181265,26430,16379,16520,17,17,3,9,0.5294,0.3529,0.201,16,1,9,0.111
1178829,25559,13850,37119,5,5,2,3,0.6,0.2,0.194,4,1,9,0.111
1178075,25559,13850,37119,5,5,2,3,0.6,0.2,0.194,4,1,9,0.111
1066511,27325,19286,3751,8,8,2,2,0.25,0.0,0.175,7,1,9,0.111
1134453,27325,19286,3751,8,8,2,2,0.25,0.0,0.175,7,1,9,0.111
1304873,253,237,2293,63,63,2,5,0.0794,0.0476,0.151,62,1,9,0.111
1133486,253,237,2293,63,63,2,5,0.0794,0.0476,0.151,62,1,9,0.111
1305841,239,237,2293,63,63,3,5,0.0794,0.0317,0.151,62,1,9,0.111
1305151,239,237,2293,63,63,3,5,0.0794,0.0317,0.151,62,1,9,0.111
1304911,271,237,2293,63,63,1,5,0.0794,0.0635,0.145,62,1,9,0.111
1304877,266,237,2293,63,63,1,5,0.0794,0.0635,0.145,62,1,9,0.111
1300822,239,237,2293,63,63,3,5,0.0794,0.0317,0.145,62,1,9,0.111
1300811,265,237,2293,63,63,3,5,0.0794,0.0317,0.138,62,1,9,0.111
1300813,265,237,2293,63,63,3,5,0.0794,0.0317,0.138,62,1,9,0.111
1300812,265,237,2293,63,63,3,5,0.0794,0.0317,0.136,62,1,9,0.111
1304914,260,237,2293,63,63,1,5,0.0794,0.0635,0.134,62,1,9,0.111
1282334,7280,7294,47919,13,13,3,4,0.3077,0.0769,0.13,12,1,9,0.111
1304871,254,237,2293,63,63,2,5,0.0794,0.0476,0.122,62,1,9,0.111
1304874,254,237,2293,63,63,2,5,0.0794,0.0476,0.122,62,1,9,0.111
1073648,316477,316478,13993,7,7,1,6,0.8571,0.7143,0.111,6,1,9,0.111
1224523,27072,27080,43444,7,7,1,5,0.7143,0.5714,0.111,6,1,9,0.111
1299652,21641,195214,16420,3,3,1,2,0.6667,0.3333,0.111,2,1,9,0.111
1157860,3404,21306,33275,3,3,1,2,0.6667,0.3333,0.111,2,1,9,0.111
1308144,7717,7651,28762,18,18,1,5,0.2778,0.2222,0.111,17,1,9,0.111
1003550,7892,22915,1135,7,7,3,4,0.5714,0.1429,0.111,6,1,9,0.111
1137937,18012,17986,4994,8,8,1,2,0.25,0.125,0.111,7,1,9,0.111
1175372,25031,25056,36396,13,13,4,5,0.3846,0.0769,0.111,12,1,9,0.111
1015473,16692,16686,4996,2,2,1,1,0.5,0.0,0.111,1,1,9,0.111
1104793,13333,13407,23698,7,7,1,6,0.8571,0.7143,0.093,6,1,9,0.111
1073449,18702,5109,16724,6,6,1,2,0.3333,0.1667,0.089,5,1,9,0.111
1121872,1196,1177,26377,13,13,1,6,0.4615,0.3846,0.074,12,1,9,0.111
1060513,11881,12119,13936,4,4,1,3,0.75,0.5,1.0,3,0,9,0.0
1136227,18008,18010,30484,3,3,1,2,0.6667,0.3333,1.0,2,0,9,0.0
1156512,2042,2034,33456,2,2,1,1,0.5,0.0,1.0,1,0,9,0.0
1179986,280009,280007,22042,11,11,2,5,0.4545,0.2727,0.989,10,0,9,0.0
1179760,280008,280007,22042,11,11,4,5,0.4545,0.0909,0.989,10,0,9,0.0
1179761,280008,280007,22042,11,11,4,5,0.4545,0.0909,0.989,10,0,9,0.0
1096481,280008,280007,22042,11,11,4,5,0.4545,0.0909,0.989,10,0,9,0.0
1179762,280008,280007,22042,11,11,4,5,0.4545,0.0909,0.989,10,0,9,0.0
1277917,17073,17058,47477,7,7,3,4,0.5714,0.1429,0.963,6,0,9,0.0
1277919,17073,17058,47477,7,7,3,4,0.5714,0.1429,0.963,6,0,9,0.0
1206758,190405,57568,12084,30,30,1,4,0.1333,0.1,0.935,29,0,9,0.0
1136234,57563,57568,12084,30,30,1,4,0.1333,0.1,0.935,29,0,9,0.0
1174972,57566,57568,12084,30,30,2,4,0.1333,0.0667,0.935,29,0,9,0.0
1180664,57566,57568,12084,30,30,2,4,0.1333,0.0667,0.935,29,0,9,0.0
1179818,350097,57568,12084,30,30,3,4,0.1333,0.0333,0.935,29,0,9,0.0
1174969,344363,57568,12084,30,30,3,4,0.1333,0.0333,0.935,29,0,9,0.0
1174970,344363,57568,12084,30,30,3,4,0.1333,0.0333,0.935,29,0,9,0.0
1174968,344363,57568,12084,30,30,3,4,0.1333,0.0333,0.935,29,0,9,0.0
1175939,350097,57568,12084,30,30,3,4,0.1333,0.0333,0.935,29,0,9,0.0
1179809,350097,57568,12084,30,30,3,4,0.1333,0.0333,0.935,29,0,9,0.0
1175452,350098,57568,12084,30,30,4,4,0.1333,0.0,0.935,29,0,9,0.0
1174932,243843,57568,12084,30,30,4,4,0.1333,0.0,0.935,29,0,9,0.0
1174933,243843,57568,12084,30,30,4,4,0.1333,0.0,0.935,29,0,9,0.0
1174934,243843,57568,12084,30,30,4,4,0.1333,0.0,0.935,29,0,9,0.0
1174935,243843,57568,12084,30,30,4,4,0.1333,0.0,0.935,29,0,9,0.0
1174936,243844,57568,12084,30,30,4,4,0.1333,0.0,0.935,29,0,9,0.0
1174937,243844,57568,12084,30,30,4,4,0.1333,0.0,0.935,29,0,9,0.0
1175455,350098,57568,12084,30,30,4,4,0.1333,0.0,0.935,29,0,9,0.0
1128708,243844,57568,12084,30,30,4,4,0.1333,0.0,0.935,29,0,9,0.0
1174961,269764,57568,12084,30,30,4,4,0.1333,0.0,0.935,29,0,9,0.0
1174962,269764,57568,12084,30,30,4,4,0.1333,0.0,0.935,29,0,9,0.0
1174963,243844,57568,12084,30,30,4,4,0.1333,0.0,0.935,29,0,9,0.0
1174964,269764,57568,12084,30,30,4,4,0.1333,0.0,0.935,29,0,9,0.0
1179793,350098,57568,12084,30,30,4,4,0.1333,0.0,0.935,29,0,9,0.0
1175937,350098,57568,12084,30,30,4,4,0.1333,0.0,0.935,29,0,9,0.0
1133362,23077,23041,1428,9,9,3,6,0.6667,0.3333,0.917,8,0,9,0.0
1097623,23077,23041,1428,9,9,3,6,0.6667,0.3333,0.917,8,0,9,0.0
1004335,23077,23041,1428,9,9,3,6,0.6667,0.3333,0.917,8,0,9,0.0
1073398,201916,69409,3222,3,3,1,2,0.6667,0.3333,0.889,2,0,9,0.0
1179991,280009,280007,22042,11,11,2,5,0.4545,0.2727,0.889,10,0,9,0.0
1277918,17073,17058,47477,7,7,3,4,0.5714,0.1429,0.889,6,0,9,0.0
1072867,216320,216319,12242,25,25,6,6,0.24,0.0,0.87,24,0,9,0.0
1072866,216320,216319,12242,25,25,6,6,0.24,0.0,0.87,24,0,9,0.0
1072868,216320,216319,12242,25,25,6,6,0.24,0.0,0.87,24,0,9,0.0
1099102,216325,216319,12242,25,25,6,6,0.24,0.0,0.87,24,0,9,0.0
1053161,216325,216319,12242,25,25,6,6,0.24,0.0,0.87,24,0,9,0.0
1053162,216325,216319,12242,25,25,6,6,0.24,0.0,0.87,24,0,9,0.0
1053164,216325,216319,12242,25,25,6,6,0.24,0.0,0.87,24,0,9,0.0
1108336,216320,216319,12242,25,25,6,6,0.24,0.0,0.87,24,0,9,0.0
1108338,216320,216319,12242,25,25,6,6,0.24,0.0,0.87,24,0,9,0.0
1108565,216320,216319,12242,25,25,6,6,0.24,0.0,0.87,24,0,9,0.0
1053215,216325,216319,12242,25,25,6,6,0.24,0.0,0.87,24,0,9,0.0
1053216,216325,216319,12242,25,25,6,6,0.24,0.0,0.87,24,0,9,0.0
1218565,9432,9453,42675,5,5,1,3,0.6,0.4,0.861,4,0,9,0.0
1218567,23736,9453,42675,5,5,1,3,0.6,0.4,0.861,4,0,9,0.0
1227143,23351,23330,43984,9,9,4,5,0.5556,0.1111,0.861,8,0,9,0.0
1227999,23351,23330,43984,9,9,4,5,0.5556,0.1111,0.861,8,0,9,0.0
1227034,23351,23330,43984,9,9,4,5,0.5556,0.1111,0.861,8,0,9,0.0
1227035,23351,23330,43984,9,9,4,5,0.5556,0.1111,0.861,8,0,9,0.0
1098961,216317,216319,12242,25,25,4,6,0.24,0.08,0.856,24,0,9,0.0
1108291,216317,216319,12242,25,25,4,6,0.24,0.08,0.856,24,0,9,0.0
1072891,216317,216319,12242,25,25,4,6,0.24,0.08,0.856,24,0,9,0.0
1108324,216317,216319,12242,25,25,4,6,0.24,0.08,0.856,24,0,9,0.0
1101016,16311,16381,20596,10,10,3,4,0.4,0.1,0.852,9,0,9,0.0
1248337,16311,16381,20596,10,10,3,4,0.4,0.1,0.852,9,0,9,0.0
1101059,16339,16381,20596,10,10,3,4,0.4,0.1,0.852,9,0,9,0.0
1101061,16311,16381,20596,10,10,3,4,0.4,0.1,0.852,9,0,9,0.0
1101003,16339,16381,20596,10,10,3,4,0.4,0.1,0.852,9,0,9,0.0
1101043,16339,16381,20596,10,10,3,4,0.4,0.1,0.852,9,0,9,0.0
1175092,12417,12251,28961,9,9,1,4,0.4444,0.3333,0.847,8,0,9,0.0
1131789,12364,12251,28961,9,9,4,4,0.4444,0.0,0.847,8,0,9,0.0
1250832,12364,12251,28961,9,9,4,4,0.4444,0.0,0.847,8,0,9,0.0
1175095,12364,12251,28961,9,9,4,4,0.4444,0.0,0.847,8,0,9,0.0
1175594,12364,12251,28961,9,9,4,4,0.4444,0.0,0.847,8,0,9,0.0
1174938,269764,57568,12084,30,30,4,4,0.1333,0.0,0.843,29,0,9,0.0
1063206,5672,5674,14544,9,9,4,5,0.5556,0.1111,0.833,8,0,9,0.0
1063207,5672,5674,14544,9,9,4,5,0.5556,0.1111,0.833,8,0,9,0.0
1067998,5672,5674,14544,9,9,4,5,0.5556,0.1111,0.833,8,0,9,0.0
1306040,7974,7993,48146,7,7,3,4,0.5714,0.1429,0.815,6,0,9,0.0
1301983,22553,6902,30925,16,16,4,6,0.375,0.125,0.8,15,0,9,0.0
1302202,22553,6902,30925,16,16,4,6,0.375,0.125,0.8,15,0,9,0.0
1303152,22553,6902,30925,16,16,4,6,0.375,0.125,0.8,15,0,9,0.0
1302219,22553,6902,30925,16,16,4,6,0.375,0.125,0.8,15,0,9,0.0
1301894,7037,6902,30925,16,16,6,6,0.375,0.0,0.8,15,0,9,0.0
1303294,7037,6902,30925,16,16,6,6,0.375,0.0,0.8,15,0,9,0.0
1303296,7037,6902,30925,16,16,6,6,0.375,0.0,0.8,15,0,9,0.0
1303298,7037,6902,30925,16,16,6,6,0.375,0.0,0.8,15,0,9,0.0
1301942,7037,6902,30925,16,16,6,6,0.375,0.0,0.8,15,0,9,0.0
1301945,7037,6902,30925,16,16,6,6,0.375,0.0,0.8,15,0,9,0.0
1282097,6863,6927,21865,22,22,5,6,0.2727,0.0455,0.767,21,0,9,0.0
1282098,6863,6927,21865,22,22,5,6,0.2727,0.0455,0.767,21,0,9,0.0
1282099,6863,6927,21865,22,22,5,6,0.2727,0.0455,0.767,21,0,9,0.0
1282100,6863,6927,21865,22,22,5,6,0.2727,0.0455,0.767,21,0,9,0.0
1289341,6863,6927,21865,22,22,5,6,0.2727,0.0455,0.767,21,0,9,0.0
1289394,22532,6927,21865,22,22,6,6,0.2727,0.0,0.762,21,0,9,0.0
1289339,22532,6927,21865,22,22,6,6,0.2727,0.0,0.762,21,0,9,0.0
1289340,22532,6927,21865,22,22,6,6,0.2727,0.0,0.762,21,0,9,0.0
1289342,22532,6927,21865,22,22,6,6,0.2727,0.0,0.762,21,0,9,0.0
1289343,22532,6927,21865,22,22,6,6,0.2727,0.0,0.762,21,0,9,0.0
1289346,22532,6927,21865,22,22,6,6,0.2727,0.0,0.762,21,0,9,0.0
1282053,6836,6927,21865,22,22,3,6,0.2727,0.1364,0.757,21,0,9,0.0
1282054,6836,6927,21865,22,22,3,6,0.2727,0.1364,0.757,21,0,9,0.0
1289849,6836,6927,21865,22,22,3,6,0.2727,0.1364,0.757,21,0,9,0.0
1300120,22948,7931,28444,11,11,4,4,0.3636,0.0,0.722,10,0,9,0.0
1300124,22948,7931,28444,11,11,4,4,0.3636,0.0,0.722,10,0,9,0.0
1203533,22948,7931,28444,11,11,4,4,0.3636,0.0,0.722,10,0,9,0.0
1053715,285,296,25,15,15,5,6,0.4,0.0667,0.706,14,0,9,0.0
1001771,285,296,25,15,15,5,6,0.4,0.0667,0.706,14,0,9,0.0
1001772,285,296,25,15,15,5,6,0.4,0.0667,0.706,14,0,9,0.0
1001773,285,296,25,15,15,5,6,0.4,0.0667,0.706,14,0,9,0.0
1001774,285,296,25,15,15,5,6,0.4,0.0667,0.706,14,0,9,0.0
1283315,24201,10344,29575,4,4,1,2,0.5,0.25,0.704,3,0,9,0.0
1133285,17588,10344,29575,4,4,1,2,0.5,0.25,0.704,3,0,9,0.0
1300121,22948,7931,28444,11,11,4,4,0.3636,0.0,0.7,10,0,9,0.0
1063186,5672,5674,14544,9,9,4,5,0.5556,0.1111,0.694,8,0,9,0.0
1309754,8352,8497,50863,10,10,3,4,0.4,0.1,0.679,9,0,9,0.0
1309755,8359,8497,50863,10,10,3,4,0.4,0.1,0.679,9,0,9,0.0
1309757,8359,8497,50863,10,10,3,4,0.4,0.1,0.679,9,0,9,0.0
1307276,8352,8497,50863,10,10,3,4,0.4,0.1,0.679,9,0,9,0.0
1304148,8352,8497,50863,10,10,3,4,0.4,0.1,0.679,9,0,9,0.0
1309751,8359,8497,50863,10,10,3,4,0.4,0.1,0.679,9,0,9,0.0
1303608,6893,22522,28060,20,20,5,8,0.4,0.15,0.673,19,0,9,0.0
1303609,6893,22522,28060,20,20,5,8,0.4,0.15,0.673,19,0,9,0.0
1300122,7980,7931,28444,11,11,1,4,0.3636,0.2727,0.667,10,0,9,0.0
1128753,8046,7931,28444,11,11,2,4,0.3636,0.1818,0.667,10,0,9,0.0
1308231,8046,7931,28444,11,11,2,4,0.3636,0.1818,0.667,10,0,9,0.0
1288505,188475,24888,4979,22,22,1,4,0.1818,0.1364,0.646,21,0,9,0.0
1015419,188476,24888,4979,22,22,2,4,0.1818,0.0909,0.646,21,0,9,0.0
1289025,188476,24888,4979,22,22,2,4,0.1818,0.0909,0.635,21,0,9,0.0
1234575,,12803,36391,12,11,0,3,0.2727,0.2727,0.626,11,0,9,0.0
1175306,25141,12803,36391,12,11,3,3,0.2727,0.0,0.626,11,0,9,0.0
1175282,25141,12803,36391,12,11,3,3,0.2727,0.0,0.626,11,0,9,0.0
1112773,13864,13813,20664,8,8,4,4,0.5,0.0,0.571,7,0,9,0.0
1175371,25117,12658,28483,12,12,3,4,0.3333,0.0833,0.566,11,0,9,0.0
1175331,25117,12658,28483,12,12,3,4,0.3333,0.0833,0.566,11,0,9,0.0
1288991,25066,25115,31122,5,5,1,3,0.6,0.4,0.556,4,0,9,0.0
1179317,242556,21181,37388,3,3,1,2,0.6667,0.3333,0.556,2,0,9,0.0
1002113,30686,30688,762,4,4,1,2,0.5,0.25,0.556,3,0,9,0.0
1012564,3575,3476,3613,6,6,1,2,0.3333,0.1667,0.556,5,0,9,0.0
1176961,1842,20283,27353,9,9,4,5,0.5556,0.1111,0.556,8,0,9,0.0
1169958,20056,20076,26608,16,16,6,10,0.625,0.25,0.533,15,0,9,0.0
1122703,20056,20076,26608,16,16,6,10,0.625,0.25,0.533,15,0,9,0.0
1274514,20056,20076,26608,16,16,6,10,0.625,0.25,0.533,15,0,9,0.0
1143099,20056,20076,26608,16,16,6,10,0.625,0.25,0.533,15,0,9,0.0
1143068,20056,20076,26608,16,16,6,10,0.625,0.25,0.533,15,0,9,0.0
1124553,20056,20076,26608,16,16,6,10,0.625,0.25,0.533,15,0,9,0.0
1303607,6884,22522,28060,20,20,7,8,0.4,0.05,0.526,19,0,9,0.0
1303463,6884,22522,28060,20,20,7,8,0.4,0.05,0.526,19,0,9,0.0
1301712,6884,22522,28060,20,20,7,8,0.4,0.05,0.526,19,0,9,0.0
1303546,6884,22522,28060,20,20,7,8,0.4,0.05,0.526,19,0,9,0.0
1303547,6884,22522,28060,20,20,7,8,0.4,0.05,0.526,19,0,9,0.0
1303548,6884,22522,28060,20,20,7,8,0.4,0.05,0.526,19,0,9,0.0
1303549,6884,22522,28060,20,20,7,8,0.4,0.05,0.526,19,0,9,0.0
1268324,8790,8774,28772,15,15,1,4,0.2667,0.2,0.524,14,0,9,0.0
1273811,188477,24888,4979,22,22,4,4,0.1818,0.0,0.524,21,0,9,0.0
1273812,188477,24888,4979,22,22,4,4,0.1818,0.0,0.524,21,0,9,0.0
1266492,188477,24888,4979,22,22,4,4,0.1818,0.0,0.524,21,0,9,0.0
1266493,188477,24888,4979,22,22,4,4,0.1818,0.0,0.524,21,0,9,0.0
1269668,8835,8774,28772,15,15,4,4,0.2667,0.0,0.524,14,0,9,0.0
1269669,8835,8774,28772,15,15,4,4,0.2667,0.0,0.524,14,0,9,0.0
1268323,8835,8774,28772,15,15,4,4,0.2667,0.0,0.524,14,0,9,0.0
1131072,8835,8774,28772,15,15,4,4,0.2667,0.0,0.524,14,0,9,0.0
1127824,506659,506658,1178,8,8,1,3,0.375,0.25,0.516,7,0,9,0.0
1307279,8821,8914,39135,19,19,2,6,0.3158,0.2105,0.512,18,0,9,0.0
1309116,8821,8914,39135,19,19,2,6,0.3158,0.2105,0.512,18,0,9,0.0
1309311,9021,8914,39135,19,19,3,6,0.3158,0.1579,0.512,18,0,9,0.0
1309313,9021,8914,39135,19,19,3,6,0.3158,0.1579,0.512,18,0,9,0.0
1309112,9021,8914,39135,19,19,3,6,0.3158,0.1579,0.512,18,0,9,0.0
1310877,8881,8914,39135,19,19,4,6,0.3158,0.1053,0.512,18,0,9,0.0
1286965,8881,8914,39135,19,19,4,6,0.3158,0.1053,0.512,18,0,9,0.0
1286966,8881,8914,39135,19,19,4,6,0.3158,0.1053,0.512,18,0,9,0.0
1291132,542988,4348,10878,7,7,2,5,0.7143,0.4286,0.5,6,0,8,0.0
1138310,405727,425182,22430,11,11,1,4,0.3636,0.2727,0.5,10,0,9,0.0
1307191,2211,2189,47664,7,7,2,3,0.4286,0.1429,0.5,6,0,9,0.0
1278670,2211,2189,47664,7,7,2,3,0.4286,0.1429,0.5,6,0,9,0.0
1003630,506657,506658,1178,8,8,2,3,0.375,0.125,0.5,7,0,9,0.0
1110388,506665,506658,1178,8,8,2,3,0.375,0.125,0.5,7,0,9,0.0
1073653,536045,378363,2940,3,3,1,1,0.3333,0.0,0.5,2,0,9,0.0
1010055,391292,378363,2940,3,3,1,1,0.3333,0.0,0.5,2,0,9,0.0
1114469,18217,18197,13592,3,3,1,1,0.3333,0.0,0.5,2,0,9,0.0
1104545,425211,18197,13592,3,3,1,1,0.3333,0.0,0.5,2,0,9,0.0
1135981,159678,1542,28638,8,8,4,4,0.5,0.0,0.492,7,0,9,0.0
1209969,159678,1542,28638,8,8,4,4,0.5,0.0,0.492,7,0,9,0.0
1210071,159678,1542,28638,8,8,4,4,0.5,0.0,0.492,7,0,9,0.0
1210045,159678,1542,28638,8,8,4,4,0.5,0.0,0.492,7,0,9,0.0
1137737,473128,473127,4765,33,30,2,7,0.2333,0.1667,0.491,32,0,9,0.0
1119564,473128,473127,4765,33,30,2,7,0.2333,0.1667,0.488,32,0,9,0.0
1301961,473132,473127,4765,33,30,6,7,0.2333,0.0333,0.488,32,0,9,0.0
1228508,473132,473127,4765,33,30,6,7,0.2333,0.0333,0.488,32,0,9,0.0
1209318,473132,473127,4765,33,30,6,7,0.2333,0.0333,0.488,32,0,9,0.0
1072394,241920,241917,3544,14,14,7,7,0.5,0.0,0.487,13,0,9,0.0
1099114,241920,241917,3544,14,14,7,7,0.5,0.0,0.487,13,0,9,0.0
1072496,241920,241917,3544,14,14,7,7,0.5,0.0,0.487,13,0,9,0.0
1073107,241920,241917,3544,14,14,7,7,0.5,0.0,0.487,13,0,9,0.0
1072764,241920,241917,3544,14,14,7,7,0.5,0.0,0.487,13,0,9,0.0
1119561,473123,473127,4765,33,30,4,7,0.2333,0.1,0.481,32,0,9,0.0
1148457,473132,473127,4765,33,30,6,7,0.2333,0.0333,0.481,32,0,9,0.0
1027153,473132,473127,4765,33,30,6,7,0.2333,0.0333,0.481,32,0,9,0.0
1097189,473132,473127,4765,33,30,6,7,0.2333,0.0333,0.481,32,0,9,0.0
1041249,117,155,10417,14,14,2,4,0.2857,0.1429,0.479,13,0,9,0.0
1304639,119,155,10417,14,14,3,4,0.2857,0.0714,0.479,13,0,9,0.0
1308736,154,155,10417,14,14,3,4,0.2857,0.0714,0.479,13,0,9,0.0
1304658,154,155,10417,14,14,3,4,0.2857,0.0714,0.479,13,0,9,0.0
1304634,119,155,10417,14,14,3,4,0.2857,0.0714,0.479,13,0,9,0.0
1304638,119,155,10417,14,14,3,4,0.2857,0.0714,0.479,13,0,9,0.0
1304111,154,155,10417,14,14,3,4,0.2857,0.0714,0.47,13,0,9,0.0
1041311,22906,7871,9376,11,11,4,4,0.3636,0.0,0.456,10,0,9,0.0
1041312,22906,7871,9376,11,11,4,4,0.3636,0.0,0.456,10,0,9,0.0
1036648,22906,7871,9376,11,11,4,4,0.3636,0.0,0.456,10,0,9,0.0
1036650,22906,7871,9376,11,11,4,4,0.3636,0.0,0.456,10,0,9,0.0
1119591,473123,473127,4765,33,30,4,7,0.2333,0.1,0.453,32,0,9,0.0
1057331,473133,473127,4765,33,30,5,7,0.2333,0.0667,0.453,32,0,8,0.0
1036706,473134,473127,4765,33,30,5,7,0.2333,0.0667,0.453,32,0,8,0.0
1137778,473122,473127,4765,33,30,1,7,0.2333,0.2,0.45,32,0,9,0.0
1096150,391437,391439,21964,10,10,1,5,0.5,0.4,0.444,9,0,9,0.0
1073608,375294,375965,3510,23,23,1,6,0.2609,0.2174,0.444,22,0,9,0.0
1052232,375963,375965,3510,23,23,3,6,0.2609,0.1304,0.444,22,0,9,0.0
1072241,375963,375965,3510,23,23,3,6,0.2609,0.1304,0.444,22,0,9,0.0
1286964,8881,8914,39135,19,19,4,6,0.3158,0.1053,0.444,18,0,9,0.0
1128948,375296,375965,3510,23,23,5,6,0.2609,0.0435,0.444,22,0,9,0.0
1134253,375296,375965,3510,23,23,5,6,0.2609,0.0435,0.444,22,0,9,0.0
1042829,375296,375965,3510,23,23,5,6,0.2609,0.0435,0.444,22,0,9,0.0
1196778,10688,10626,28843,10,10,5,5,0.5,0.0,0.444,9,0,9,0.0
1196780,10688,10626,28843,10,10,5,5,0.5,0.0,0.444,9,0,9,0.0
1196951,10688,10626,28843,10,10,5,5,0.5,0.0,0.444,9,0,9,0.0
1196953,10688,10626,28843,10,10,5,5,0.5,0.0,0.444,9,0,9,0.0
1196952,10688,10626,28843,10,10,5,5,0.5,0.0,0.444,9,0,9,0.0
1168439,27212,27203,35222,10,10,5,5,0.5,0.0,0.444,9,0,9,0.0
1174537,27212,27203,35222,10,10,5,5,0.5,0.0,0.444,9,0,9,0.0
1174538,27212,27203,35222,10,10,5,5,0.5,0.0,0.444,9,0,9,0.0
1168486,27212,27203,35222,10,10,5,5,0.5,0.0,0.444,9,0,9,0.0
1167818,27212,27203,35222,10,10,5,5,0.5,0.0,0.444,9,0,9,0.0
1202100,18142,18127,40835,10,10,5,5,0.5,0.0,0.444,9,0,9,0.0
1202229,18142,18127,40835,10,10,5,5,0.5,0.0,0.444,9,0,9,0.0
1220741,18142,18127,40835,10,10,5,5,0.5,0.0,0.444,9,0,9,0.0
1220742,18142,18127,40835,10,10,5,5,0.5,0.0,0.444,9,0,9,0.0
1202696,18142,18127,40835,10,10,5,5,0.5,0.0,0.444,9,0,9,0.0
1009248,17353,17301,2770,2,2,1,1,0.5,0.0,0.444,1,0,9,0.0
1152911,21276,21244,32872,2,2,1,1,0.5,0.0,0.444,1,0,9,0.0
1232539,,473127,4765,33,30,0,7,0.2333,0.2333,0.439,32,0,9,0.0
1137784,473123,473127,4765,33,30,4,7,0.2333,0.1,0.439,32,0,9,0.0
1298611,22878,7811,47052,37,37,7,9,0.2432,0.0541,0.438,36,0,9,0.0
1277687,22878,7811,47052,37,37,7,9,0.2432,0.0541,0.438,36,0,9,0.0
1001770,7771,296,25,15,15,1,6,0.4,0.3333,0.437,14,0,9,0.0
1080226,95969,95968,18371,10,10,4,6,0.6,0.2,0.432,9,0,9,0.0
1080227,95969,95968,18371,10,10,4,6,0.6,0.2,0.432,9,0,9,0.0
1080224,95969,95968,18371,10,10,4,6,0.6,0.2,0.432,9,0,9,0.0
1137771,473123,473127,4765,33,30,4,7,0.2333,0.1,0.432,32,0,9,0.0
1053486,506665,506658,1178,8,8,2,3,0.375,0.125,0.429,7,0,8,0.0
1095091,396229,396224,21640,8,8,4,4,0.5,0.0,0.429,7,0,9,0.0
1095035,396229,396224,21640,8,8,4,4,0.5,0.0,0.429,7,0,9,0.0
1095038,396229,396224,21640,8,8,4,4,0.5,0.0,0.429,7,0,9,0.0
1095039,396229,396224,21640,8,8,4,4,0.5,0.0,0.429,7,0,9,0.0
1277685,22878,7811,47052,37,37,7,9,0.2432,0.0541,0.426,36,0,9,0.0
1228914,473133,473127,4765,33,30,5,7,0.2333,0.0667,0.425,32,0,9,0.0
1299686,473133,473127,4765,33,30,5,7,0.2333,0.0667,0.425,32,0,9,0.0
1180931,16237,26347,28318,17,17,1,7,0.4118,0.3529,0.424,16,0,9,0.0
1180928,16210,26347,28318,17,17,4,7,0.4118,0.1765,0.424,16,0,9,0.0
1180845,16210,26347,28318,17,17,4,7,0.4118,0.1765,0.424,16,0,9,0.0
1180847,16210,26347,28318,17,17,4,7,0.4118,0.1765,0.424,16,0,9,0.0
1180844,16210,26347,28318,17,17,4,7,0.4118,0.1765,0.424,16,0,9,0.0
1188490,26365,26347,28318,17,17,5,7,0.4118,0.1176,0.424,16,0,9,0.0
1188491,26365,26347,28318,17,17,5,7,0.4118,0.1176,0.424,16,0,9,0.0
1166222,26365,26347,28318,17,17,5,7,0.4118,0.1176,0.424,16,0,9,0.0
1188493,26365,26347,28318,17,17,5,7,0.4118,0.1176,0.424,16,0,9,0.0
1188173,26365,26347,28318,17,17,5,7,0.4118,0.1176,0.424,16,0,9,0.0
1059851,375296,375965,3510,23,23,5,6,0.2609,0.0435,0.424,22,0,9,0.0
1070289,39018,39017,14777,11,11,4,6,0.5455,0.1818,0.422,10,0,9,0.0
1068243,39018,39017,14777,11,11,4,6,0.5455,0.1818,0.422,10,0,9,0.0
1068486,39018,39017,14777,11,11,4,6,0.5455,0.1818,0.422,10,0,9,0.0
1068488,39018,39017,14777,11,11,4,6,0.5455,0.1818,0.422,10,0,9,0.0
1304640,7191,155,10417,14,14,2,4,0.2857,0.1429,0.419,13,0,9,0.0
1307485,7191,155,10417,14,14,2,4,0.2857,0.1429,0.419,13,0,9,0.0
1072569,241920,241917,3544,14,14,7,7,0.5,0.0,0.419,13,0,9,0.0
1072765,241920,241917,3544,14,14,7,7,0.5,0.0,0.419,13,0,9,0.0
1143352,20654,2416,19212,30,30,13,13,0.4333,0.0,0.414,29,0,9,0.0
1143353,20654,2416,19212,30,30,13,13,0.4333,0.0,0.414,29,0,9,0.0
1143367,20654,2416,19212,30,30,13,13,0.4333,0.0,0.414,29,0,9,0.0
1143369,20654,2416,19212,30,30,13,13,0.4333,0.0,0.414,29,0,9,0.0
1143372,20654,2416,19212,30,30,13,13,0.4333,0.0,0.414,29,0,9,0.0
1146887,20654,2416,19212,30,30,13,13,0.4333,0.0,0.414,29,0,9,0.0
1136132,20654,2416,19212,30,30,13,13,0.4333,0.0,0.414,29,0,9,0.0
1143319,20654,2416,19212,30,30,13,13,0.4333,0.0,0.414,29,0,9,0.0
1143322,20654,2416,19212,30,30,13,13,0.4333,0.0,0.414,29,0,9,0.0
1143323,20654,2416,19212,30,30,13,13,0.4333,0.0,0.414,29,0,9,0.0
1143324,20654,2416,19212,30,30,13,13,0.4333,0.0,0.414,29,0,9,0.0
1143325,20654,2416,19212,30,30,13,13,0.4333,0.0,0.414,29,0,9,0.0
1155525,20654,2416,19212,30,30,13,13,0.4333,0.0,0.414,29,0,9,0.0
1031615,24227,24195,3408,15,15,5,6,0.4,0.0667,0.413,14,0,9,0.0
1031616,24227,24195,3408,15,15,5,6,0.4,0.0667,0.413,14,0,9,0.0
1047103,24227,24195,3408,15,15,5,6,0.4,0.0667,0.413,14,0,9,0.0
1027245,24227,24195,3408,15,15,5,6,0.4,0.0667,0.413,14,0,9,0.0
1047725,24227,24195,3408,15,15,5,6,0.4,0.0667,0.413,14,0,9,0.0
1093388,18204,18203,21272,18,18,5,8,0.4444,0.1667,0.412,17,0,9,0.0
1100032,18204,18203,21272,18,18,5,8,0.4444,0.1667,0.412,17,0,9,0.0
1093377,18204,18203,21272,18,18,5,8,0.4444,0.1667,0.412,17,0,9,0.0
1232508,,473127,4765,33,30,0,7,0.2333,0.2333,0.411,32,0,9,0.0
1030808,375296,375965,3510,23,23,5,6,0.2609,0.0435,0.409,22,0,9,0.0
1308085,8098,8065,29707,10,10,4,4,0.4,0.0,0.407,9,0,9,0.0
1308323,8098,8065,29707,10,10,4,4,0.4,0.0,0.407,9,0,9,0.0
1308325,8098,8065,29707,10,10,4,4,0.4,0.0,0.407,9,0,9,0.0
1278023,8098,8065,29707,10,10,4,4,0.4,0.0,0.407,9,0,9,0.0
1265541,14421,2509,27673,4,4,2,2,0.5,0.0,0.407,3,0,9,0.0
1265302,14421,2509,27673,4,4,2,2,0.5,0.0,0.407,3,0,9,0.0
1077071,18960,18928,17365,15,15,7,8,0.5333,0.0667,0.405,14,0,9,0.0
1079748,18960,18928,17365,15,15,7,8,0.5333,0.0667,0.405,14,0,9,0.0
1077080,18960,18928,17365,15,15,7,8,0.5333,0.0667,0.405,14,0,9,0.0
1077081,18960,18928,17365,15,15,7,8,0.5333,0.0667,0.405,14,0,9,0.0
1077083,18960,18928,17365,15,15,7,8,0.5333,0.0667,0.405,14,0,9,0.0
1084546,18960,18928,17365,15,15,7,8,0.5333,0.0667,0.405,14,0,9,0.0
1099278,26500,16641,8936,22,22,5,5,0.2273,0.0,0.402,21,0,9,0.0
1099320,26500,16641,8936,22,22,5,5,0.2273,0.0,0.402,21,0,9,0.0
1099321,26500,16641,8936,22,22,5,5,0.2273,0.0,0.402,21,0,9,0.0
1094073,26500,16641,8936,22,22,5,5,0.2273,0.0,0.402,21,0,9,0.0
1094075,26500,16641,8936,22,22,5,5,0.2273,0.0,0.402,21,0,9,0.0
1127894,11329,11249,3915,11,11,3,5,0.4545,0.1818,0.4,10,0,9,0.0
1136232,349835,11249,3915,11,11,3,5,0.4545,0.1818,0.4,10,0,9,0.0
1136179,349835,11249,3915,11,11,3,5,0.4545,0.1818,0.4,10,0,9,0.0
1226924,11329,11249,3915,11,11,3,5,0.4545,0.1818,0.4,10,0,9,0.0
1198115,11329,11249,3915,11,11,3,5,0.4545,0.1818,0.4,10,0,9,0.0
1054879,25008,12424,6787,11,11,5,6,0.5455,0.0909,0.4,10,0,9,0.0
1027778,25008,12424,6787,11,11,5,6,0.5455,0.0909,0.4,10,0,9,0.0
1026310,25008,12424,6787,11,11,5,6,0.5455,0.0909,0.4,10,0,9,0.0
1026311,25008,12424,6787,11,11,5,6,0.5455,0.0909,0.4,10,0,9,0.0
1026312,25008,12424,6787,11,11,5,6,0.5455,0.0909,0.4,10,0,9,0.0
1014720,383819,383806,4085,23,23,9,9,0.3913,0.0,0.399,22,0,9,0.0
1119921,383819,383806,4085,23,23,9,9,0.3913,0.0,0.399,22,0,9,0.0
1014215,383819,383806,4085,23,23,9,9,0.3913,0.0,0.399,22,0,9,0.0
1014236,383819,383806,4085,23,23,9,9,0.3913,0.0,0.399,22,0,9,0.0
1072218,383819,383806,4085,23,23,9,9,0.3913,0.0,0.399,22,0,9,0.0
1014272,383819,383806,4085,23,23,9,9,0.3913,0.0,0.399,22,0,9,0.0
1059466,383819,383806,4085,23,23,9,9,0.3913,0.0,0.399,22,0,9,0.0
1014971,383819,383806,4085,23,23,9,9,0.3913,0.0,0.399,22,0,9,0.0
1080757,95969,95968,18371,10,10,4,6,0.6,0.2,0.395,9,0,9,0.0
1072889,216324,216319,12242,25,25,3,6,0.24,0.12,0.389,24,0,9,0.0
1108320,216324,216319,12242,25,25,3,6,0.24,0.12,0.389,24,0,9,0.0
1053163,216324,216319,12242,25,25,3,6,0.24,0.12,0.389,24,0,9,0.0
1308735,117,155,10417,14,14,2,4,0.2857,0.1429,0.385,13,0,9,0.0
1108555,257924,207047,12262,17,17,7,10,0.5882,0.1765,0.375,16,0,9,0.0
1108556,257924,207047,12262,17,17,7,10,0.5882,0.1765,0.375,16,0,9,0.0
1108558,257924,207047,12262,17,17,7,10,0.5882,0.1765,0.375,16,0,9,0.0
1072626,257924,207047,12262,17,17,7,10,0.5882,0.1765,0.375,16,0,9,0.0
1108563,257924,207047,12262,17,17,7,10,0.5882,0.1765,0.375,16,0,9,0.0
1072693,257924,207047,12262,17,17,7,10,0.5882,0.1765,0.375,16,0,9,0.0
1072627,257924,207047,12262,17,17,7,10,0.5882,0.1765,0.375,16,0,9,0.0
1058550,349998,344539,13058,9,9,4,5,0.5556,0.1111,0.375,8,0,9,0.0
1058551,349998,344539,13058,9,9,4,5,0.5556,0.1111,0.375,8,0,9,0.0
1058552,349998,344539,13058,9,9,4,5,0.5556,0.1111,0.375,8,0,9,0.0
1058597,349998,344539,13058,9,9,4,5,0.5556,0.1111,0.375,8,0,9,0.0
1228154,23502,9137,14987,9,9,4,5,0.5556,0.1111,0.375,8,0,9,0.0
1201798,23502,9137,14987,9,9,4,5,0.5556,0.1111,0.375,8,0,9,0.0
1228155,23502,9137,14987,9,9,4,5,0.5556,0.1111,0.375,8,0,9,0.0
1201799,23502,9137,14987,9,9,4,5,0.5556,0.1111,0.375,8,0,9,0.0
1278287,154558,14030,47562,9,9,4,5,0.5556,0.1111,0.375,8,0,9,0.0
1278288,154558,14030,47562,9,9,4,5,0.5556,0.1111,0.375,8,0,9,0.0
1281444,154558,14030,47562,9,9,4,5,0.5556,0.1111,0.375,8,0,9,0.0
1278285,154558,14030,47562,9,9,4,5,0.5556,0.1111,0.375,8,0,9,0.0
1307290,8713,8648,51337,9,9,4,5,0.5556,0.1111,0.375,8,0,9,0.0
1307292,8713,8648,51337,9,9,4,5,0.5556,0.1111,0.375,8,0,9,0.0
1307363,8713,8648,51337,9,9,4,5,0.5556,0.1111,0.375,8,0,9,0.0
1307365,8713,8648,51337,9,9,4,5,0.5556,0.1111,0.375,8,0,9,0.0
1093385,18232,18203,21272,18,18,5,8,0.4444,0.1667,0.373,17,0,9,0.0
1093728,18232,18203,21272,18,18,5,8,0.4444,0.1667,0.373,17,0,9,0.0
1093731,18232,18203,21272,18,18,5,8,0.4444,0.1667,0.373,17,0,9,0.0
1048255,96288,96286,3277,19,19,5,6,0.3158,0.0526,0.37,18,0,9,0.0
1048256,96288,96286,3277,19,19,5,6,0.3158,0.0526,0.37,18,0,9,0.0
1048258,96288,96286,3277,19,19,5,6,0.3158,0.0526,0.37,18,0,9,0.0
1048267,96288,96286,3277,19,19,5,6,0.3158,0.0526,0.37,18,0,9,0.0
1048270,96288,96286,3277,19,19,5,6,0.3158,0.0526,0.37,18,0,9,0.0
1012708,280316,258879,3315,11,11,1,6,0.5455,0.4545,0.367,10,0,9,0.0
1131009,280318,258879,3315,11,11,3,6,0.5455,0.2727,0.367,10,0,9,0.0
1047851,96292,96286,3277,19,19,3,6,0.3158,0.1579,0.358,18,0,9,0.0
1047852,96292,96286,3277,19,19,3,6,0.3158,0.1579,0.358,18,0,9,0.0
1047853,96292,96286,3277,19,19,3,6,0.3158,0.1579,0.358,18,0,9,0.0
1155991,473134,473127,4765,33,30,5,7,0.2333,0.0667,0.355,32,0,8,0.0
1121672,473133,473127,4765,33,30,5,7,0.2333,0.0667,0.355,32,0,8,0.0
1059869,375963,375965,3510,23,23,3,6,0.2609,0.1304,0.354,22,0,9,0.0
1234969,26594,26581,23159,12,12,5,6,0.5,0.0833,0.354,11,0,9,0.0
1102311,26594,26581,23159,12,12,5,6,0.5,0.0833,0.354,11,0,9,0.0
1102313,26594,26581,23159,12,12,5,6,0.5,0.0833,0.354,11,0,9,0.0
1102262,26594,26581,23159,12,12,5,6,0.5,0.0833,0.354,11,0,9,0.0
1174283,473134,473127,4765,33,30,5,7,0.2333,0.0667,0.352,32,0,8,0.0
1306753,473134,473127,4765,33,30,5,7,0.2333,0.0667,0.352,32,0,8,0.0
1280857,26657,17151,29838,20,20,5,6,0.3,0.05,0.351,19,0,9,0.0
1277238,26657,17151,29838,20,20,5,6,0.3,0.05,0.351,19,0,9,0.0
1277240,26657,17151,29838,20,20,5,6,0.3,0.05,0.351,19,0,9,0.0
1278742,26657,17151,29838,20,20,5,6,0.3,0.05,0.351,19,0,9,0.0
1278743,26657,17151,29838,20,20,5,6,0.3,0.05,0.351,19,0,9,0.0
1047072,10604,24195,3408,15,15,4,6,0.4,0.1333,0.349,14,0,9,0.0
1047071,10604,24195,3408,15,15,4,6,0.4,0.1333,0.349,14,0,9,0.0
1031671,10604,24195,3408,15,15,4,6,0.4,0.1333,0.349,14,0,9,0.0
1208413,10520,10511,41036,7,7,1,4,0.5714,0.4286,0.333,6,0,9,0.0
1208415,139205,10511,41036,7,7,1,4,0.5714,0.4286,0.333,6,0,9,0.0
1203530,378031,10511,41036,7,7,1,4,0.5714,0.4286,0.333,6,0,9,0.0
1058330,22541,6854,8050,10,10,4,6,0.6,0.2,0.333,9,0,9,0.0
1030992,22541,6854,8050,10,10,4,6,0.6,0.2,0.333,9,0,9,0.0
1030993,22541,6854,8050,10,10,4,6,0.6,0.2,0.333,9,0,9,0.0
1030994,22541,6854,8050,10,10,4,6,0.6,0.2,0.333,9,0,9,0.0
1171495,1094,1084,26261,10,10,4,6,0.6,0.2,0.333,9,0,9,0.0
1125464,1094,1084,26261,10,10,4,6,0.6,0.2,0.333,9,0,9,0.0
1171492,1094,1084,26261,10,10,4,6,0.6,0.2,0.333,9,0,9,0.0
1171493,1094,1084,26261,10,10,4,6,0.6,0.2,0.333,9,0,9,0.0
1188138,3184,3151,36577,10,10,4,6,0.6,0.2,0.333,9,0,9,0.0
1188139,3184,3151,36577,10,10,4,6,0.6,0.2,0.333,9,0,9,0.0
1188140,3184,3151,36577,10,10,4,6,0.6,0.2,0.333,9,0,9,0.0
1200989,3184,3151,36577,10,10,4,6,0.6,0.2,0.333,9,0,9,0.0
1036789,167998,155836,7544,5,5,2,3,0.6,0.2,0.333,4,0,9,0.0
1056066,167998,155836,7544,5,5,2,3,0.6,0.2,0.333,4,0,9,0.0
1067463,107502,287037,15114,7,7,3,4,0.5714,0.1429,0.333,6,0,9,0.0
1074310,107502,287037,15114,7,7,3,4,0.5714,0.1429,0.333,6,0,9,0.0
1067310,107502,287037,15114,7,7,3,4,0.5714,0.1429,0.333,6,0,9,0.0
1228783,23809,9794,43313,7,7,3,4,0.5714,0.1429,0.333,6,0,9,0.0
1228785,23809,9794,43313,7,7,3,4,0.5714,0.1429,0.333,6,0,9,0.0
1228737,23809,9794,43313,7,7,3,4,0.5714,0.1429,0.333,6,0,9,0.0
1216317,10899,24464,22078,13,13,4,5,0.3846,0.0769,0.333,12,0,9,0.0
1216319,10899,24464,22078,13,13,4,5,0.3846,0.0769,0.333,12,0,9,0.0
1216713,10899,24464,22078,13,13,4,5,0.3846,0.0769,0.333,12,0,9,0.0
1216716,10899,24464,22078,13,13,4,5,0.3846,0.0769,0.333,12,0,9,0.0
1166301,2715,2661,26101,21,21,10,10,0.4762,0.0,0.333,20,0,9,0.0
1166302,2715,2661,26101,21,21,10,10,0.4762,0.0,0.333,20,0,9,0.0
1166312,2715,2661,26101,21,21,10,10,0.4762,0.0,0.333,20,0,9,0.0
1166320,2715,2661,26101,21,21,10,10,0.4762,0.0,0.333,20,0,9,0.0
1166321,2715,2661,26101,21,21,10,10,0.4762,0.0,0.333,20,0,9,0.0
1166322,2715,2661,26101,21,21,10,10,0.4762,0.0,0.333,20,0,9,0.0
1166323,2715,2661,26101,21,21,10,10,0.4762,0.0,0.333,20,0,9,0.0
1038467,171206,171201,9772,9,9,3,3,0.3333,0.0,0.333,8,0,9,0.0
1038469,171206,171201,9772,9,9,3,3,0.3333,0.0,0.333,8,0,9,0.0
1038470,171206,171201,9772,9,9,3,3,0.3333,0.0,0.333,8,0,9,0.0
1309310,9094,8914,39135,19,19,4,6,0.3158,0.1053,0.327,18,0,9,0.0
1297499,9094,8914,39135,19,19,4,6,0.3158,0.1053,0.327,18,0,9,0.0
1195428,9094,8914,39135,19,19,4,6,0.3158,0.1053,0.327,18,0,9,0.0
1311653,9094,8914,39135,19,19,4,6,0.3158,0.1053,0.327,18,0,9,0.0
1257612,26594,26581,23159,12,12,5,6,0.5,0.0833,0.323,11,0,9,0.0
1271450,10278,24212,45295,11,11,2,5,0.4545,0.2727,0.322,10,0,9,0.0
1271464,10278,24212,45295,11,11,2,5,0.4545,0.2727,0.322,10,0,9,0.0
1269299,8725,8774,28772,15,15,2,4,0.2667,0.1333,0.317,14,0,9,0.0
1269300,8725,8774,28772,15,15,2,4,0.2667,0.1333,0.317,14,0,9,0.0
1202681,5055,21760,28214,22,22,6,8,0.3636,0.0909,0.317,21,0,9,0.0
1220235,5055,21760,28214,22,22,6,8,0.3636,0.0909,0.317,21,0,9,0.0
1220110,5055,21760,28214,22,22,6,8,0.3636,0.0909,0.317,21,0,9,0.0
1208777,11500,11439,26644,8,8,4,4,0.5,0.0,0.317,7,0,9,0.0
1196716,11500,11439,26644,8,8,4,4,0.5,0.0,0.317,7,0,9,0.0
1209497,11500,11439,26644,8,8,4,4,0.5,0.0,0.317,7,0,9,0.0
1280678,26664,17151,29838,20,20,1,6,0.3,0.25,0.316,19,0,9,0.0
1280679,26661,17151,29838,20,20,1,6,0.3,0.25,0.316,19,0,9,0.0
1306649,17130,17151,29838,20,20,3,6,0.3,0.15,0.316,19,0,9,0.0
1280662,17130,17151,29838,20,20,3,6,0.3,0.15,0.316,19,0,9,0.0
1280680,17130,17151,29838,20,20,3,6,0.3,0.15,0.316,19,0,9,0.0
1115153,13428,13433,13554,7,7,3,4,0.5714,0.1429,0.315,6,0,9,0.0
1115203,13428,13433,13554,7,7,3,4,0.5714,0.1429,0.315,6,0,9,0.0
1093391,18232,18203,21272,18,18,5,8,0.4444,0.1667,0.314,17,0,9,0.0
1102228,18232,18203,21272,18,18,5,8,0.4444,0.1667,0.314,17,0,9,0.0
1201102,12722,12607,40635,23,23,2,2,0.087,0.0,0.313,22,0,9,0.0
1020043,101411,100452,5364,10,10,3,4,0.4,0.1,0.309,9,0,9,0.0
1020044,101411,100452,5364,10,10,3,4,0.4,0.1,0.309,9,0,9,0.0
1027057,101411,100452,5364,10,10,3,4,0.4,0.1,0.309,9,0,9,0.0
1273251,8824,23448,30069,14,14,5,9,0.6429,0.2857,0.308,13,0,9,0.0
1225209,8824,23448,30069,14,14,5,9,0.6429,0.2857,0.308,13,0,9,0.0
1134809,8824,23448,30069,14,14,5,9,0.6429,0.2857,0.308,13,0,9,0.0
1246055,8824,23448,30069,14,14,5,9,0.6429,0.2857,0.308,13,0,9,0.0
1228774,8824,23448,30069,14,14,5,9,0.6429,0.2857,0.308,13,0,9,0.0
1273987,135032,4562,29896,14,14,5,7,0.5,0.1429,0.308,13,0,9,0.0
1137076,135032,4562,29896,14,14,5,7,0.5,0.1429,0.308,13,0,9,0.0
1134310,135032,4562,29896,14,14,5,7,0.5,0.1429,0.308,13,0,9,0.0
1285866,135032,4562,29896,14,14,5,7,0.5,0.1429,0.308,13,0,9,0.0
1270867,135032,4562,29896,14,14,5,7,0.5,0.1429,0.308,13,0,9,0.0
1152912,50523,21760,28214,22,22,4,8,0.3636,0.1818,0.307,21,0,9,0.0
1209233,13704,13707,41768,5,5,1,4,0.8,0.6,0.306,4,0,9,0.0
1219129,50523,21760,28214,22,22,4,8,0.3636,0.1818,0.302,21,0,9,0.0
1219133,50523,21760,28214,22,22,4,8,0.3636,0.1818,0.302,21,0,9,0.0
1027228,10604,24195,3408,15,15,4,6,0.4,0.1333,0.302,14,0,9,0.0
1272711,9234,9000,28864,25,25,1,7,0.28,0.24,0.301,24,0,9,0.0
1272713,9227,9000,28864,25,25,5,7,0.28,0.08,0.301,24,0,9,0.0
1131252,9227,9000,28864,25,25,5,7,0.28,0.08,0.301,24,0,9,0.0
1270943,9227,9000,28864,25,25,5,7,0.28,0.08,0.301,24,0,9,0.0
1270944,9227,9000,28864,25,25,5,7,0.28,0.08,0.301,24,0,9,0.0
1136009,9227,9000,28864,25,25,5,7,0.28,0.08,0.301,24,0,9,0.0
1108467,248002,247998,12234,11,11,4,7,0.6364,0.2727,0.3,10,0,9,0.0
1053138,248002,247998,12234,11,11,4,7,0.6364,0.2727,0.3,10,0,9,0.0
1072617,248002,247998,12234,11,11,4,7,0.6364,0.2727,0.3,10,0,9,0.0
1099040,248002,247998,12234,11,11,4,7,0.6364,0.2727,0.3,10,0,9,0.0
1287290,24187,24212,45295,11,11,4,5,0.4545,0.0909,0.3,10,0,9,0.0
1266567,24187,24212,45295,11,11,4,5,0.4545,0.0909,0.3,10,0,9,0.0
1266568,24187,24212,45295,11,11,4,5,0.4545,0.0909,0.3,10,0,9,0.0
1287288,24187,24212,45295,11,11,4,5,0.4545,0.0909,0.3,10,0,9,0.0
1228847,9738,9715,9423,24,24,3,5,0.2083,0.0833,0.3,23,0,9,0.0
1228848,9738,9715,9423,24,24,3,5,0.2083,0.0833,0.3,23,0,9,0.0
1197619,23851,9715,9423,24,24,5,5,0.2083,0.0,0.3,23,0,9,0.0
1224521,23851,9715,9423,24,24,5,5,0.2083,0.0,0.3,23,0,9,0.0
1036838,23851,9715,9423,24,24,5,5,0.2083,0.0,0.3,23,0,9,0.0
1198305,23851,9715,9423,24,24,5,5,0.2083,0.0,0.3,23,0,9,0.0
1228843,23851,9715,9423,24,24,5,5,0.2083,0.0,0.3,23,0,9,0.0
1220007,50523,21760,28214,22,22,4,8,0.3636,0.1818,0.296,21,0,9,0.0
1167104,27106,18310,7044,7,7,3,4,0.5714,0.1429,0.296,6,0,9,0.0
1167107,27106,18310,7044,7,7,3,4,0.5714,0.1429,0.296,6,0,9,0.0
1089201,27106,18310,7044,7,7,3,4,0.5714,0.1429,0.296,6,0,9,0.0
1115154,13428,13433,13554,7,7,3,4,0.5714,0.1429,0.296,6,0,9,0.0
1054461,23055,23087,5773,11,11,4,7,0.6364,0.2727,0.289,10,0,9,0.0
1054462,23055,23087,5773,11,11,4,7,0.6364,0.2727,0.289,10,0,9,0.0
1054463,23055,23087,5773,11,11,4,7,0.6364,0.2727,0.289,10,0,9,0.0
1110972,18173,27030,22523,8,8,3,4,0.5,0.125,0.286,7,0,9,0.0
1110927,18173,27030,22523,8,8,3,4,0.5,0.125,0.286,7,0,9,0.0
1099391,18173,27030,22523,8,8,3,4,0.5,0.125,0.286,7,0,9,0.0
1077038,18960,18928,17365,15,15,7,8,0.5333,0.0667,0.286,14,0,9,0.0
1196714,11500,11439,26644,8,8,4,4,0.5,0.0,0.286,7,0,9,0.0
1094580,17626,26824,20566,11,11,4,7,0.6364,0.2727,0.278,10,0,9,0.0
1094549,17626,26824,20566,11,11,4,7,0.6364,0.2727,0.278,10,0,9,0.0
1094583,17626,26824,20566,11,11,4,7,0.6364,0.2727,0.278,10,0,9,0.0
1132688,17,22438,27958,13,13,2,4,0.3077,0.1538,0.278,12,0,9,0.0
1134562,17,22438,27958,13,13,2,4,0.3077,0.1538,0.278,12,0,9,0.0
1102959,26502,16641,8936,22,22,4,5,0.2273,0.0455,0.275,21,0,9,0.0
1102960,26502,16641,8936,22,22,4,5,0.2273,0.0455,0.275,21,0,9,0.0
1110192,26502,16641,8936,22,22,4,5,0.2273,0.0455,0.275,21,0,9,0.0
1102950,26502,16641,8936,22,22,4,5,0.2273,0.0455,0.275,21,0,9,0.0
1083222,344225,2733,13382,21,21,6,10,0.4762,0.1905,0.272,20,0,9,0.0
1147534,344225,2733,13382,21,21,6,10,0.4762,0.1905,0.272,20,0,9,0.0
1145126,344225,2733,13382,21,21,6,10,0.4762,0.1905,0.272,20,0,9,0.0
1147601,344225,2733,13382,21,21,6,10,0.4762,0.1905,0.272,20,0,9,0.0
1229389,9738,9715,9423,24,24,3,5,0.2083,0.0833,0.271,23,0,9,0.0
1147846,84771,2433,32323,15,15,7,8,0.5333,0.0667,0.27,14,0,9,0.0
1147884,84771,2433,32323,15,15,7,8,0.5333,0.0667,0.27,14,0,9,0.0
1287082,7760,7811,47052,37,37,8,9,0.2432,0.027,0.269,36,0,9,0.0
1195308,27395,19403,20933,16,16,1,6,0.375,0.3125,0.267,15,0,9,0.0
1054460,23055,23087,5773,11,11,4,7,0.6364,0.2727,0.267,10,0,9,0.0
1145128,344225,2733,13382,21,21,6,10,0.4762,0.1905,0.267,20,0,9,0.0
1184594,19428,19403,20933,16,16,4,6,0.375,0.125,0.267,15,0,9,0.0
1184595,19428,19403,20933,16,16,4,6,0.375,0.125,0.267,15,0,9,0.0
1184597,19428,19403,20933,16,16,4,6,0.375,0.125,0.267,15,0,9,0.0
1191152,19428,19403,20933,16,16,4,6,0.375,0.125,0.267,15,0,9,0.0
1128340,5055,21760,28214,22,22,6,8,0.3636,0.0909,0.265,21,0,9,0.0
1220141,5055,21760,28214,22,22,6,8,0.3636,0.0909,0.265,21,0,9,0.0
1220144,5055,21760,28214,22,22,6,8,0.3636,0.0909,0.265,21,0,9,0.0
1133548,8044,8065,29707,10,10,1,4,0.4,0.3,0.259,9,0,9,0.0
1216177,8128,8065,29707,10,10,1,4,0.4,0.3,0.259,9,0,9,0.0
1077253,18772,18835,17749,12,12,5,7,0.5833,0.1667,0.253,11,0,9,0.0
1077255,18772,18835,17749,12,12,5,7,0.5833,0.1667,0.253,11,0,9,0.0
1114960,13865,13916,25365,9,9,3,6,0.6667,0.3333,0.25,8,0,9,0.0
1115036,13865,13916,25365,9,9,3,6,0.6667,0.3333,0.25,8,0,9,0.0
1115039,13865,13916,25365,9,9,3,6,0.6667,0.3333,0.25,8,0,9,0.0
1065029,364603,364605,3654,21,21,6,8,0.381,0.0952,0.25,20,0,9,0.0
1012765,364603,364605,3654,21,21,6,8,0.381,0.0952,0.25,20,0,9,0.0
1052467,364603,364605,3654,21,21,6,8,0.381,0.0952,0.25,20,0,9,0.0
1058054,364603,364605,3654,21,21,6,8,0.381,0.0952,0.25,20,0,9,0.0
1058055,364603,364605,3654,21,21,6,8,0.381,0.0952,0.25,20,0,9,0.0
1058057,364603,364605,3654,21,21,6,8,0.381,0.0952,0.25,20,0,9,0.0
1150865,3536,21366,20845,15,15,7,8,0.5333,0.0667,0.246,14,0,9,0.0
1150909,3536,21366,20845,15,15,7,8,0.5333,0.0667,0.246,14,0,9,0.0
1150877,3536,21366,20845,15,15,7,8,0.5333,0.0667,0.246,14,0,9,0.0
1113100,13332,13409,25102,12,12,1,7,0.5833,0.5,0.242,11,0,9,0.0
1113098,13364,13409,25102,12,12,2,7,0.5833,0.4167,0.242,11,0,9,0.0
1113105,13364,13409,25102,12,12,2,7,0.5833,0.4167,0.242,11,0,9,0.0
1081713,18772,18835,17749,12,12,5,7,0.5833,0.1667,0.242,11,0,9,0.0
1159674,3816,3827,18409,19,19,6,13,0.6842,0.3684,0.235,18,0,9,0.0
1159675,3816,3827,18409,19,19,6,13,0.6842,0.3684,0.235,18,0,9,0.0
1159687,3816,3827,18409,19,19,6,13,0.6842,0.3684,0.235,18,0,9,0.0
1094550,17626,26824,20566,11,11,4,7,0.6364,0.2727,0.233,10,0,9,0.0
1145197,2698,2733,13382,21,21,5,10,0.4762,0.2381,0.233,20,0,9,0.0
1146651,2698,2733,13382,21,21,5,10,0.4762,0.2381,0.233,20,0,9,0.0
1120580,2715,2661,26101,21,21,10,10,0.4762,0.0,0.233,20,0,9,0.0
1175290,25117,12658,28483,12,12,3,4,0.3333,0.0833,0.232,11,0,9,0.0
1185290,159367,157757,38168,14,14,4,5,0.3571,0.0714,0.231,13,0,9,0.0
1185291,159367,157757,38168,14,14,4,5,0.3571,0.0714,0.231,13,0,9,0.0
1185293,159367,157757,38168,14,14,4,5,0.3571,0.0714,0.231,13,0,9,0.0
1185618,159367,157757,38168,14,14,4,5,0.3571,0.0714,0.231,13,0,9,0.0
1057106,344027,344030,12306,13,13,4,9,0.6923,0.3846,0.222,12,0,9,0.0
1072776,233595,207037,16369,13,13,4,9,0.6923,0.3846,0.222,12,0,9,0.0
1072500,233595,207037,16369,13,13,4,9,0.6923,0.3846,0.222,12,0,9,0.0
1072501,233595,207037,16369,13,13,4,9,0.6923,0.3846,0.222,12,0,9,0.0
1080361,3816,3827,18409,19,19,6,13,0.6842,0.3684,0.222,18,0,9,0.0
1159725,3816,3827,18409,19,19,6,13,0.6842,0.3684,0.222,18,0,9,0.0
1158175,3498,3457,19327,13,13,5,8,0.6154,0.2308,0.222,12,0,9,0.0
1164642,3498,3457,19327,13,13,5,8,0.6154,0.2308,0.222,12,0,9,0.0
1155832,3498,3457,19327,13,13,5,8,0.6154,0.2308,0.222,12,0,9,0.0
1157892,3498,3457,19327,13,13,5,8,0.6154,0.2308,0.222,12,0,9,0.0
1198418,23736,23776,39919,19,19,5,8,0.4211,0.1579,0.222,18,0,9,0.0
1218592,23736,23776,39919,19,19,5,8,0.4211,0.1579,0.222,18,0,9,0.0
1218593,23736,23776,39919,19,19,5,8,0.4211,0.1579,0.222,18,0,9,0.0
1218594,23736,23776,39919,19,19,5,8,0.4211,0.1579,0.222,18,0,9,0.0
1218595,23736,23776,39919,19,19,5,8,0.4211,0.1579,0.222,18,0,9,0.0
1078230,18487,18433,17945,11,11,4,5,0.4545,0.0909,0.222,10,0,9,0.0
1136940,18487,18433,17945,11,11,4,5,0.4545,0.0909,0.222,10,0,9,0.0
1079792,18487,18433,17945,11,11,4,5,0.4545,0.0909,0.222,10,0,9,0.0
1145196,2698,2733,13382,21,21,5,10,0.4762,0.2381,0.217,20,0,9,0.0
1059303,2698,2733,13382,21,21,5,10,0.4762,0.2381,0.217,20,0,9,0.0
1135464,19105,19140,9124,20,20,5,6,0.3,0.05,0.211,19,0,9,0.0
1069986,19105,19140,9124,20,20,5,6,0.3,0.05,0.211,19,0,9,0.0
1069987,19105,19140,9124,20,20,5,6,0.3,0.05,0.211,19,0,9,0.0
1069988,19105,19140,9124,20,20,5,6,0.3,0.05,0.211,19,0,9,0.0
1035427,19105,19140,9124,20,20,5,6,0.3,0.05,0.211,19,0,9,0.0
1148626,3441,3458,20868,9,9,3,6,0.6667,0.3333,0.208,8,0,9,0.0
1148629,3441,3458,20868,9,9,3,6,0.6667,0.3333,0.208,8,0,9,0.0
1080945,344208,20991,4427,8,8,3,5,0.625,0.25,0.206,7,0,9,0.0
1145169,344208,20991,4427,8,8,3,5,0.625,0.25,0.206,7,0,9,0.0
1180644,16573,16531,37550,6,6,2,4,0.6667,0.3333,0.2,5,0,9,0.0
1180647,16573,16531,37550,6,6,2,4,0.6667,0.3333,0.2,5,0,9,0.0
1147550,2698,2733,13382,21,21,5,10,0.4762,0.2381,0.2,20,0,9,0.0
1145176,344225,2733,13382,21,21,6,10,0.4762,0.1905,0.2,20,0,9,0.0
1110979,4861,4850,24588,11,11,3,5,0.4545,0.1818,0.2,10,0,9,0.0
1114522,4861,4850,24588,11,11,3,5,0.4545,0.1818,0.2,10,0,9,0.0
1114523,4861,4850,24588,11,11,3,5,0.4545,0.1818,0.2,10,0,9,0.0
1278791,7948,7867,28134,11,11,3,4,0.3636,0.0909,0.2,10,0,9,0.0
1300299,7948,7867,28134,11,11,3,4,0.3636,0.0909,0.2,10,0,9,0.0
1300300,7948,7867,28134,11,11,3,4,0.3636,0.0909,0.2,10,0,9,0.0
1014079,344208,20991,4427,8,8,3,5,0.625,0.25,0.19,7,0,9,0.0
1274383,801,832,16909,8,8,3,5,0.625,0.25,0.19,7,0,9,0.0
1266031,801,832,16909,8,8,3,5,0.625,0.25,0.19,7,0,9,0.0
1221947,12213,12137,37787,17,17,1,3,0.1765,0.1176,0.188,16,0,9,0.0
1222309,12148,12137,37787,17,17,3,3,0.1765,0.0,0.188,16,0,9,0.0
1221945,12148,12137,37787,17,17,3,3,0.1765,0.0,0.188,16,0,9,0.0
1222946,12148,12137,37787,17,17,3,3,0.1765,0.0,0.188,16,0,9,0.0
1159709,3816,3827,18409,19,19,6,13,0.6842,0.3684,0.185,18,0,9,0.0
1090100,15084,15150,20007,4,4,1,2,0.5,0.25,0.185,3,0,9,0.0
1090121,15080,15150,20007,4,4,1,2,0.5,0.25,0.185,3,0,9,0.0
1115256,13430,13409,25102,12,12,1,7,0.5833,0.5,0.182,11,0,9,0.0
1121084,13412,13409,25102,12,12,1,7,0.5833,0.5,0.182,11,0,9,0.0
1145974,2885,21042,19218,17,17,7,9,0.5294,0.1176,0.181,16,0,9,0.0
1145975,2885,21042,19218,17,17,7,9,0.5294,0.1176,0.181,16,0,9,0.0
1146791,2885,21042,19218,17,17,7,9,0.5294,0.1176,0.181,16,0,9,0.0
1073740,27404,27424,11850,18,18,4,10,0.5556,0.3333,0.176,17,0,9,0.0
1128520,27404,27424,11850,18,18,4,10,0.5556,0.3333,0.176,17,0,9,0.0
1250539,27404,27424,11850,18,18,4,10,0.5556,0.3333,0.176,17,0,9,0.0
1052314,27404,27424,11850,18,18,4,10,0.5556,0.3333,0.176,17,0,9,0.0
1229776,38700,38405,16575,18,18,4,4,0.2222,0.0,0.176,17,0,9,0.0
1219150,38700,38405,16575,18,18,4,4,0.2222,0.0,0.176,17,0,9,0.0
1185516,38700,38405,16575,18,18,4,4,0.2222,0.0,0.176,17,0,9,0.0
1073075,38700,38405,16575,18,18,4,4,0.2222,0.0,0.176,17,0,9,0.0
1013113,375501,375503,3492,7,7,2,5,0.7143,0.4286,0.167,6,0,9,0.0
1052516,375501,375503,3492,7,7,2,5,0.7143,0.4286,0.167,6,0,9,0.0
1028561,134379,15816,7333,7,7,2,5,0.7143,0.4286,0.167,6,0,9,0.0
1089981,134379,15816,7333,7,7,2,5,0.7143,0.4286,0.167,6,0,9,0.0
1046931,310080,172503,11514,7,7,2,5,0.7143,0.4286,0.167,6,0,9,0.0
1046932,310080,172503,11514,7,7,2,5,0.7143,0.4286,0.167,6,0,9,0.0
1115077,13696,13739,25527,7,7,2,5,0.7143,0.4286,0.167,6,0,9,0.0
1130862,13696,13739,25527,7,7,2,5,0.7143,0.4286,0.167,6,0,9,0.0
1092088,3441,3458,20868,9,9,3,6,0.6667,0.3333,0.167,8,0,9,0.0
1271468,24476,74212,13451,11,11,2,4,0.3636,0.1818,0.167,10,0,9,0.0
1265539,24476,74212,13451,11,11,2,4,0.3636,0.1818,0.167,10,0,9,0.0
1286564,79005,7221,22010,19,19,1,4,0.2105,0.1579,0.167,18,0,9,0.0
1268770,12179,12156,43341,13,13,3,5,0.3846,0.1538,0.167,12,0,9,0.0
1272572,12179,12156,43341,13,13,3,5,0.3846,0.1538,0.167,12,0,9,0.0
1272574,12179,12156,43341,13,13,3,5,0.3846,0.1538,0.167,12,0,9,0.0
1145123,2885,21042,19218,17,17,7,9,0.5294,0.1176,0.167,16,0,9,0.0
1270446,23085,8360,28856,13,13,3,4,0.3077,0.0769,0.167,12,0,9,0.0
1270443,23085,8360,28856,13,13,3,4,0.3077,0.0769,0.167,12,0,9,0.0
1270444,23085,8360,28856,13,13,3,4,0.3077,0.0769,0.167,12,0,9,0.0
1286563,160959,7221,22010,19,19,3,4,0.2105,0.0526,0.167,18,0,9,0.0
1286632,160959,7221,22010,19,19,3,4,0.2105,0.0526,0.167,18,0,9,0.0
1286634,160959,7221,22010,19,19,3,4,0.2105,0.0526,0.167,18,0,9,0.0
1200306,9541,9543,25911,19,19,4,5,0.2632,0.0526,0.167,18,0,9,0.0
1199314,9541,9543,25911,19,19,4,5,0.2632,0.0526,0.167,18,0,9,0.0
1200923,9541,9543,25911,19,19,4,5,0.2632,0.0526,0.167,18,0,9,0.0
1200924,9541,9543,25911,19,19,4,5,0.2632,0.0526,0.167,18,0,9,0.0
1201448,10526,24172,16754,29,29,5,6,0.2069,0.0345,0.163,28,0,9,0.0
1201430,10526,24172,16754,29,29,5,6,0.2069,0.0345,0.163,28,0,9,0.0
1201447,10526,24172,16754,29,29,5,6,0.2069,0.0345,0.163,28,0,9,0.0
1201104,12722,12607,40635,23,23,2,2,0.087,0.0,0.162,22,0,9,0.0
1092030,27387,19420,20834,16,16,4,7,0.4375,0.1875,0.16,15,0,9,0.0
1092031,27387,19420,20834,16,16,4,7,0.4375,0.1875,0.16,15,0,9,0.0
1171733,14506,25722,16658,16,16,2,9,0.5625,0.4375,0.156,15,0,9,0.0
1112636,14506,25722,16658,16,16,2,9,0.5625,0.4375,0.156,15,0,9,0.0
1073329,25802,25722,16658,16,16,2,9,0.5625,0.4375,0.156,15,0,9,0.0
1133741,25802,25722,16658,16,16,2,9,0.5625,0.4375,0.156,15,0,9,0.0
1304326,140,107,12077,6,6,2,4,0.6667,0.3333,0.156,5,0,9,0.0
1304329,140,107,12077,6,6,2,4,0.6667,0.3333,0.156,5,0,9,0.0
1201431,10629,24172,16754,29,29,3,6,0.2069,0.1034,0.155,28,0,9,0.0
1201432,10629,24172,16754,29,29,3,6,0.2069,0.1034,0.155,28,0,9,0.0
1201433,10629,24172,16754,29,29,3,6,0.2069,0.1034,0.155,28,0,9,0.0
1201442,10526,24172,16754,29,29,5,6,0.2069,0.0345,0.155,28,0,9,0.0
1201446,10526,24172,16754,29,29,5,6,0.2069,0.0345,0.155,28,0,9,0.0
1281508,199,237,2293,63,63,4,5,0.0794,0.0159,0.152,62,0,9,0.0
1304679,199,237,2293,63,63,4,5,0.0794,0.0159,0.152,62,0,9,0.0
1309257,199,237,2293,63,63,4,5,0.0794,0.0159,0.152,62,0,9,0.0
1071168,19006,19147,15802,15,15,2,4,0.2667,0.1333,0.151,14,0,9,0.0
1071166,19006,19147,15802,15,15,2,4,0.2667,0.1333,0.151,14,0,9,0.0
1304680,199,237,2293,63,63,4,5,0.0794,0.0159,0.149,62,0,9,0.0
1083484,3498,3457,19327,13,13,5,8,0.6154,0.2308,0.148,12,0,9,0.0
1135110,19522,27395,4163,10,10,3,5,0.5,0.2,0.148,9,0,9,0.0
1013452,19522,27395,4163,10,10,3,5,0.5,0.2,0.148,9,0,9,0.0
1133517,191,237,2293,63,63,3,5,0.0794,0.0317,0.147,62,0,9,0.0
1134488,191,237,2293,63,63,3,5,0.0794,0.0317,0.147,62,0,9,0.0
1301022,191,237,2293,63,63,3,5,0.0794,0.0317,0.147,62,0,9,0.0
1128933,383788,383806,4085,23,23,1,9,0.3913,0.3478,0.146,22,0,9,0.0
1095959,383787,383806,4085,23,23,1,9,0.3913,0.3478,0.146,22,0,9,0.0
1171849,27387,19420,20834,16,16,4,7,0.4375,0.1875,0.145,15,0,9,0.0
1127576,4838,4793,12029,14,14,7,7,0.5,0.0,0.145,13,0,9,0.0
1115531,4838,4793,12029,14,14,7,7,0.5,0.0,0.145,13,0,9,0.0
1038996,47965,33604,3676,8,8,2,6,0.75,0.5,0.143,7,0,9,0.0
1065034,47965,33604,3676,8,8,2,6,0.75,0.5,0.143,7,0,9,0.0
1191259,4763,4740,24171,8,8,2,6,0.75,0.5,0.143,7,0,9,0.0
1108799,4763,4740,24171,8,8,2,6,0.75,0.5,0.143,7,0,9,0.0
1070369,19120,19147,15802,15,15,3,4,0.2667,0.0667,0.143,14,0,9,0.0
1070370,19120,19147,15802,15,15,3,4,0.2667,0.0667,0.143,14,0,9,0.0
1070371,19120,19147,15802,15,15,3,4,0.2667,0.0667,0.143,14,0,9,0.0
1052692,27313,19286,3751,8,8,2,2,0.25,0.0,0.143,7,0,9,0.0
1012825,27313,19286,3751,8,8,2,2,0.25,0.0,0.143,7,0,9,0.0
1312315,169,177,29691,32,32,6,7,0.2188,0.0312,0.14,31,0,9,0.0
1312317,169,177,29691,32,32,6,7,0.2188,0.0312,0.14,31,0,9,0.0
1307554,169,177,29691,32,32,6,7,0.2188,0.0312,0.14,31,0,9,0.0
1312144,169,177,29691,32,32,6,7,0.2188,0.0312,0.14,31,0,9,0.0
1074147,21673,4781,9711,9,8,3,4,0.5,0.125,0.139,8,0,9,0.0
1120031,21673,4781,9711,9,8,3,4,0.5,0.125,0.139,8,0,9,0.0
1304688,250,237,2293,63,63,2,5,0.0794,0.0476,0.138,62,0,9,0.0
1304698,168956,237,2293,63,63,2,5,0.0794,0.0476,0.138,62,0,9,0.0
1304699,168956,237,2293,63,63,2,5,0.0794,0.0476,0.138,62,0,9,0.0
1304772,250,237,2293,63,63,2,5,0.0794,0.0476,0.138,62,0,9,0.0
1108788,4838,4793,12029,14,14,7,7,0.5,0.0,0.137,13,0,9,0.0
1129025,4838,4793,12029,14,14,7,7,0.5,0.0,0.137,13,0,9,0.0
1108789,4838,4793,12029,14,14,7,7,0.5,0.0,0.137,13,0,9,0.0
1133262,383790,383806,4085,23,23,1,9,0.3913,0.3478,0.136,22,0,9,0.0
1246076,19793,237,2293,63,63,3,5,0.0794,0.0317,0.134,62,0,9,0.0
1249959,19793,237,2293,63,63,3,5,0.0794,0.0317,0.134,62,0,9,0.0
1249964,200,237,2293,63,63,3,5,0.0794,0.0317,0.134,62,0,9,0.0
1231834,200,237,2293,63,63,3,5,0.0794,0.0317,0.134,62,0,9,0.0
1202135,19319,19362,4992,11,11,4,7,0.6364,0.2727,0.133,10,0,9,0.0
1265276,11004,74212,13451,11,11,1,4,0.3636,0.2727,0.133,10,0,9,0.0
1304742,200,237,2293,63,63,3,5,0.0794,0.0317,0.129,62,0,9,0.0
1303950,19793,237,2293,63,63,3,5,0.0794,0.0317,0.129,62,0,9,0.0
1304917,19784,237,2293,63,63,5,5,0.0794,0.0,0.129,62,0,9,0.0
1007235,19784,237,2293,63,63,5,5,0.0794,0.0,0.129,62,0,9,0.0
1304876,19784,237,2293,63,63,5,5,0.0794,0.0,0.129,62,0,9,0.0
1302067,19784,237,2293,63,63,5,5,0.0794,0.0,0.129,62,0,9,0.0
1071720,5169,19147,15802,15,15,2,4,0.2667,0.1333,0.127,14,0,9,0.0
1069191,19303,19286,3751,8,8,2,2,0.25,0.0,0.127,7,0,9,0.0
1071837,19303,19286,3751,8,8,2,2,0.25,0.0,0.127,7,0,9,0.0
1291134,27387,19420,20834,16,16,4,7,0.4375,0.1875,0.125,15,0,8,0.0
1126906,25696,25723,27549,9,9,4,5,0.5556,0.1111,0.125,8,0,9,0.0
1126907,25696,25723,27549,9,9,4,5,0.5556,0.1111,0.125,8,0,9,0.0
1304747,152,237,2293,63,63,3,5,0.0794,0.0317,0.124,62,0,9,0.0
1304763,152,237,2293,63,63,3,5,0.0794,0.0317,0.124,62,0,9,0.0
1304764,152,237,2293,63,63,3,5,0.0794,0.0317,0.124,62,0,9,0.0
1304771,181,237,2293,63,63,1,5,0.0794,0.0635,0.122,62,0,9,0.0
1127564,130,237,2293,63,63,4,5,0.0794,0.0159,0.122,62,0,9,0.0
1301024,130,237,2293,63,63,4,5,0.0794,0.0159,0.122,62,0,9,0.0
1304748,130,237,2293,63,63,4,5,0.0794,0.0159,0.122,62,0,9,0.0
1304768,130,237,2293,63,63,4,5,0.0794,0.0159,0.122,62,0,9,0.0
1304746,125,237,2293,63,63,2,5,0.0794,0.0476,0.12,62,0,9,0.0
1304766,125,237,2293,63,63,2,5,0.0794,0.0476,0.12,62,0,9,0.0
1081795,25771,25722,16658,16,16,1,9,0.5625,0.5,0.119,15,0,9,0.0
1312142,169,177,29691,32,32,6,7,0.2188,0.0312,0.118,31,0,9,0.0
1308756,169,177,29691,32,32,6,7,0.2188,0.0312,0.118,31,0,9,0.0
1306854,7329,7264,42089,32,32,5,5,0.1562,0.0,0.115,31,0,9,0.0
1289301,7329,7264,42089,32,32,5,5,0.1562,0.0,0.115,31,0,9,0.0
1130997,19784,237,2293,63,63,5,5,0.0794,0.0,0.113,62,0,9,0.0
1210587,20198,1596,39362,4,4,1,3,0.75,0.5,0.111,3,0,9,0.0
1265903,12093,12233,33035,10,10,2,6,0.6,0.4,0.111,9,0,9,0.0
1289694,12093,12233,33035,10,10,2,6,0.6,0.4,0.111,9,0,9,0.0
1003623,5505,19712,710,8,8,1,4,0.5,0.375,0.111,7,0,9,0.0
1114748,13063,13105,24361,10,10,2,5,0.5,0.3,0.111,9,0,9,0.0
1181357,13063,13105,24361,10,10,2,5,0.5,0.3,0.111,9,0,9,0.0
1250038,12998,13105,24361,10,10,2,5,0.5,0.3,0.111,9,0,9,0.0
1133129,12998,13105,24361,10,10,2,5,0.5,0.3,0.111,9,0,9,0.0
1130661,5577,5579,67,4,4,1,2,0.5,0.25,0.111,3,0,9,0.0
1224842,280327,280642,29717,18,18,2,5,0.2778,0.1667,0.111,17,0,9,0.0
1224843,280327,280642,29717,18,18,2,5,0.2778,0.1667,0.111,17,0,9,0.0
1279431,7329,7264,42089,32,32,5,5,0.1562,0.0,0.111,31,0,9,0.0
1282062,7329,7264,42089,32,32,5,5,0.1562,0.0,0.111,31,0,9,0.0
1150707,20419,20412,20704,2,2,1,1,0.5,0.0,0.111,1,0,9,0.0
1304743,19771,237,2293,63,63,4,5,0.0794,0.0159,0.104,62,0,9,0.0
1304745,19771,237,2293,63,63,4,5,0.0794,0.0159,0.104,62,0,9,0.0
1304769,19771,237,2293,63,63,4,5,0.0794,0.0159,0.104,62,0,9,0.0
1302926,330236,165,13627,39,39,3,4,0.1026,0.0256,0.102,38,0,9,0.0
1302928,330236,165,13627,39,39,3,4,0.1026,0.0256,0.102,38,0,9,0.0
1303541,330236,165,13627,39,39,3,4,0.1026,0.0256,0.102,38,0,9,0.0
1255958,11954,12056,2023,11,11,2,9,0.8182,0.6364,0.1,10,0,9,0.0
1135688,11954,12056,2023,11,11,2,9,0.8182,0.6364,0.1,10,0,9,0.0
1138149,384796,384797,4229,11,11,2,9,0.8182,0.6364,0.1,10,0,9,0.0
1135178,9886,9798,15970,11,11,2,9,0.8182,0.6364,0.1,10,0,9,0.0
1070957,9886,9798,15970,11,11,2,9,0.8182,0.6364,0.1,10,0,9,0.0
1282061,7329,7264,42089,32,32,5,5,0.1562,0.0,0.1,31,0,9,0.0
1302929,330235,165,13627,39,39,1,4,0.1026,0.0769,0.096,38,0,9,0.0
1222353,801,832,16909,8,8,3,5,0.625,0.25,0.095,7,0,9,0.0
1071724,5169,19147,15802,15,15,2,4,0.2667,0.1333,0.095,14,0,9,0.0
1071684,5259,5245,15235,12,12,2,9,0.75,0.5833,0.091,11,0,9,0.0
1128529,5259,5245,15235,12,12,2,9,0.75,0.5833,0.091,11,0,9,0.0
1185118,27363,27338,20929,12,12,2,6,0.5,0.3333,0.091,11,0,9,0.0
1185119,27363,27338,20929,12,12,2,6,0.5,0.3333,0.091,11,0,9,0.0
1220028,5022,21760,28214,22,22,4,8,0.3636,0.1818,0.09,21,0,9,0.0
1220053,5022,21760,28214,22,22,4,8,0.3636,0.1818,0.09,21,0,9,0.0
1302920,279706,237,2293,63,63,3,5,0.0794,0.0317,0.09,62,0,9,0.0
1307780,279706,237,2293,63,63,3,5,0.0794,0.0317,0.09,62,0,9,0.0
1078233,18432,18433,17945,11,11,2,5,0.4545,0.2727,0.089,10,0,9,0.0
1078234,18432,18433,17945,11,11,2,5,0.4545,0.2727,0.089,10,0,9,0.0
1110976,4817,4850,24588,11,11,2,5,0.4545,0.2727,0.089,10,0,9,0.0
1164295,4817,4850,24588,11,11,2,5,0.4545,0.2727,0.089,10,0,9,0.0
1302922,330237,165,13627,39,39,2,4,0.1026,0.0513,0.088,38,0,9,0.0
1303538,330237,165,13627,39,39,2,4,0.1026,0.0513,0.088,38,0,9,0.0
1304744,19771,237,2293,63,63,4,5,0.0794,0.0159,0.086,62,0,9,0.0
1272256,7701,7651,28762,18,18,3,5,0.2778,0.1111,0.085,17,0,9,0.0
1272255,7701,7651,28762,18,18,3,5,0.2778,0.1111,0.085,17,0,9,0.0
1304968,330238,165,13627,39,39,2,4,0.1026,0.0513,0.085,38,0,9,0.0
1302924,330239,165,13627,39,39,3,4,0.1026,0.0256,0.085,38,0,9,0.0
1300287,330239,165,13627,39,39,3,4,0.1026,0.0256,0.085,38,0,9,0.0
1180512,4366,4364,16758,25,25,3,9,0.36,0.24,0.083,24,0,9,0.0
1180517,4366,4364,16758,25,25,3,9,0.36,0.24,0.083,24,0,9,0.0
1180518,4366,4364,16758,25,25,3,9,0.36,0.24,0.083,24,0,9,0.0
1145125,2885,21042,19218,17,17,7,9,0.5294,0.1176,0.083,16,0,9,0.0
1145978,2885,21042,19218,17,17,7,9,0.5294,0.1176,0.083,16,0,9,0.0
1146930,2885,21042,19218,17,17,7,9,0.5294,0.1176,0.083,16,0,9,0.0
1301537,279706,237,2293,63,63,3,5,0.0794,0.0317,0.081,62,0,9,0.0
1219919,5022,21760,28214,22,22,4,8,0.3636,0.1818,0.079,21,0,9,0.0
1128535,330239,165,13627,39,39,3,4,0.1026,0.0256,0.079,38,0,9,0.0
1097802,270410,270715,3721,14,14,2,12,0.8571,0.7143,0.077,13,0,9,0.0
1132549,270410,270715,3721,14,14,2,12,0.8571,0.7143,0.077,13,0,9,0.0
1143997,12961,12958,15953,14,14,2,7,0.5,0.3571,0.077,13,0,9,0.0
1134631,13003,12958,15953,14,14,2,7,0.5,0.3571,0.077,13,0,9,0.0
1135277,13173,12958,15953,14,14,2,7,0.5,0.3571,0.077,13,0,9,0.0
1070920,13003,12958,15953,14,14,2,7,0.5,0.3571,0.077,13,0,9,0.0
1171744,12961,12958,15953,14,14,2,7,0.5,0.3571,0.077,13,0,9,0.0
1133256,13173,12958,15953,14,14,2,7,0.5,0.3571,0.077,13,0,9,0.0
1312485,19756,64,39078,4,4,1,2,0.5,0.25,0.074,3,0,9,0.0
1186032,19522,27395,4163,10,10,3,5,0.5,0.2,0.074,9,0,9,0.0
1103607,4838,4793,12029,14,14,7,7,0.5,0.0,0.068,13,0,9,0.0
1103610,4838,4793,12029,14,14,7,7,0.5,0.0,0.068,13,0,9,0.0
1171732,25746,25722,16658,16,16,2,9,0.5625,0.4375,0.067,15,0,9,0.0
1149222,25746,25722,16658,16,16,2,9,0.5625,0.4375,0.067,15,0,9,0.0
1078229,18487,18433,17945,11,11,4,5,0.4545,0.0909,0.067,10,0,9,0.0
1289661,23517,23497,3300,18,18,2,7,0.3889,0.2778,0.059,17,0,9,0.0
1265785,23517,23497,3300,18,18,2,7,0.3889,0.2778,0.059,17,0,9,0.0
1286748,7630,7614,49049,18,18,2,5,0.2778,0.1667,0.059,17,0,9,0.0
1286749,7630,7614,49049,18,18,2,5,0.2778,0.1667,0.059,17,0,9,0.0
1137750,535787,144647,27060,9,9,2,4,0.4444,0.2222,0.056,8,0,9,0.0
1305820,7701,7651,28762,18,18,3,5,0.2778,0.1111,0.052,17,0,9,0.0
1220047,5022,21760,28214,22,22,4,8,0.3636,0.1818,0.048,21,0,9,0.0
1300074,7475,7651,28762,18,18,2,5,0.2778,0.1667,0.046,17,0,9,0.0
1131053,7475,7651,28762,18,18,2,5,0.2778,0.1667,0.046,17,0,9,0.0
1303539,330238,165,13627,39,39,2,4,0.1026,0.0513,0.035,38,0,9,0.0
1281586,535974,535975,5605,25,22,2,10,0.4545,0.3636,0.028,24,0,9,0.0
1281588,535974,535975,5605,25,22,2,10,0.4545,0.3636,0.028,24,0,9,0.0
1109299,21673,4781,9711,9,8,3,4,0.5,0.125,0.028,8,0,9,0.0
1071701,19062,19147,15802,15,15,1,4,0.2667,0.2,0.024,14,0,9,0.0
1071156,337595,19147,15802,15,15,1,4,0.2667,0.2,0.024,14,0,9,0.0
1177510,4331,4364,16758,25,25,1,9,0.36,0.32,0.023,24,0,9,0.0
1303501,83805,165,13627,39,39,2,4,0.1026,0.0513,0.023,38,0,9,0.0
1304759,83805,165,13627,39,39,2,4,0.1026,0.0513,0.023,38,0,9,0.0
1185439,18939,18955,19166,20,20,5,6,0.3,0.05,0.023,19,0,9,0.0
1185218,19335,19330,38032,6,6,1,5,0.8333,0.6667,0.022,5,0,9,0.0
1135838,,396222,21805,12,11,0,11,1.0,1.0,0.0,11,0,7,0.0
1135830,,2641,30357,9,8,0,8,1.0,1.0,0.0,8,0,7,0.0
1225730,,537451,9965,11,7,0,7,1.0,1.0,0.0,10,0,7,0.0
1039290,,537451,9965,11,7,0,7,1.0,1.0,0.0,10,0,7,0.0
1225731,,537451,9965,11,7,0,7,1.0,1.0,0.0,10,0,7,0.0
1228733,,537451,9965,11,7,0,7,1.0,1.0,0.0,10,0,7,0.0
1209985,,3278,34855,8,7,0,7,1.0,1.0,0.0,7,0,7,0.0
1037179,,384088,4447,7,6,0,6,1.0,1.0,0.0,6,0,8,0.0
1257431,,343214,8155,7,6,0,6,1.0,1.0,0.0,6,0,7,0.0
1281577,,449046,12747,7,6,0,6,1.0,1.0,0.0,6,0,7,0.0
1225733,,487549,19119,8,6,0,6,1.0,1.0,0.0,7,0,7,0.0
1088265,,487549,19119,8,6,0,6,1.0,1.0,0.0,7,0,7,0.0
1257693,,177915,24382,7,6,0,6,1.0,1.0,0.0,6,0,7,0.0
1044086,,535970,3507,6,5,0,5,1.0,1.0,0.0,5,0,7,0.0
1133665,,536189,29769,4,2,0,2,1.0,1.0,0.0,3,0,7,0.0
1007679,,120619,2419,2,1,0,1,1.0,1.0,0.0,1,0,9,0.0
1023321,,4,6218,2,1,0,1,1.0,1.0,0.0,1,0,7,0.0
1232983,,525836,35970,5,1,0,1,1.0,1.0,0.0,4,0,9,0.0
1170849,,525836,35970,5,1,0,1,1.0,1.0,0.0,4,0,7,0.0
1270658,,525836,35970,5,1,0,1,1.0,1.0,0.0,4,0,7,0.0
1257367,,258564,44867,2,1,0,1,1.0,1.0,0.0,1,0,7,0.0
1257569,,377629,44892,2,1,0,1,1.0,1.0,0.0,1,0,7,0.0
1257360,,111662,30746,12,10,0,9,0.9,0.9,0.0,11,0,7,0.0
1122536,19982,1025,26560,10,10,1,9,0.9,0.8,0.0,9,0,9,0.0
1022879,303360,303359,3119,8,8,1,7,0.875,0.75,0.0,7,0,9,0.0
1146489,15300,15229,32077,7,7,1,6,0.8571,0.7143,0.0,6,0,9,0.0
1079257,240957,18500,17800,6,6,1,5,0.8333,0.6667,0.0,5,0,9,0.0
1257575,,4328,23510,18,17,0,11,0.6471,0.6471,0.0,17,0,7,0.0
1257429,,9046,29551,17,16,0,10,0.625,0.625,0.0,16,0,7,0.0
1028598,5715,5713,7367,5,5,1,4,0.8,0.6,0.0,4,0,9,0.0
1113842,248967,18280,20489,5,5,1,4,0.8,0.6,0.0,4,0,9,0.0
1281579,536483,521055,26044,5,5,1,4,0.8,0.6,0.0,4,0,7,0.0
1209133,1382,20089,41436,5,5,1,4,0.8,0.6,0.0,4,0,9,0.0
1046094,,536892,8319,11,7,0,4,0.5714,0.5714,0.0,10,0,7,0.0
1298998,,536892,8319,11,7,0,4,0.5714,0.5714,0.0,10,0,7,0.0
1137966,,4781,9711,9,8,0,4,0.5,0.5,0.0,8,0,9,0.0
1059839,11159,11011,13706,4,4,1,3,0.75,0.5,0.0,3,0,9,0.0
1073564,21214,246723,16785,4,4,1,3,0.75,0.5,0.0,3,0,9,0.0
1180506,3574,3620,28604,4,4,1,3,0.75,0.5,0.0,3,0,9,0.0
1137578,2268,2346,30837,4,4,1,3,0.75,0.5,0.0,3,0,9,0.0
1278063,2002,2045,47505,4,4,1,3,0.75,0.5,0.0,3,0,9,0.0
1147841,64609,21042,19218,17,17,1,9,0.5294,0.4706,0.0,16,0,9,0.0
1226100,,391280,1197,11,9,0,4,0.4444,0.4444,0.0,10,0,7,0.0
1226101,,391280,1197,11,9,0,4,0.4444,0.4444,0.0,10,0,7,0.0
1102333,16923,26581,23159,12,12,1,6,0.5,0.4167,0.0,11,0,9,0.0
1038182,473163,4781,9711,9,8,1,4,0.5,0.375,0.0,8,0,9,0.0
1110978,21678,4850,24588,11,11,1,5,0.4545,0.3636,0.0,10,0,9,0.0
1005532,5587,5589,91,3,3,1,2,0.6667,0.3333,0.0,2,0,9,0.0
1146569,3193,377500,27760,3,3,1,2,0.6667,0.3333,0.0,2,0,9,0.0
1220162,21754,21755,42905,3,3,1,2,0.6667,0.3333,0.0,2,0,9,0.0
1228932,663,635,40801,10,10,1,4,0.4,0.3,0.0,9,0,9,0.0
1036786,377423,667,841,7,7,1,3,0.4286,0.2857,0.0,6,0,9,0.0
1136199,11108,74212,13451,11,11,1,4,0.3636,0.2727,0.0,10,0,9,0.0
1147262,21155,26065,13381,12,12,1,4,0.3333,0.25,0.0,11,0,9,0.0
1003643,19819,19823,24,8,8,3,5,0.625,0.25,0.0,7,0,9,0.0
1174026,4457,375949,36145,4,4,1,2,0.5,0.25,0.0,3,0,9,0.0
1095691,126381,6927,21865,22,22,1,6,0.2727,0.2273,0.0,21,0,9,0.0
1152968,3952,376994,26159,9,9,1,3,0.3333,0.2222,0.0,8,0,9,0.0
1077518,152635,19147,15802,15,15,1,4,0.2667,0.2,0.0,14,0,9,0.0
1310836,66,7064,16859,10,10,1,3,0.3,0.2,0.0,9,0,9,0.0
1164655,3571,3600,32943,10,10,1,3,0.3,0.2,0.0,9,0,9,0.0
1228518,9647,9575,40311,11,11,1,3,0.2727,0.1818,0.0,10,0,9,0.0
1000688,5568,5569,88,7,7,1,2,0.2857,0.1429,0.0,6,0,9,0.0
1270687,542509,537119,6091,7,7,3,4,0.5714,0.1429,0.0,6,0,9,0.0
1270655,542509,537119,6091,7,7,3,4,0.5714,0.1429,0.0,6,0,7,0.0
1270657,542509,537119,6091,7,7,3,4,0.5714,0.1429,0.0,6,0,7,0.0
1297914,7540,22751,42129,8,8,3,4,0.5,0.125,0.0,7,0,9,0.0
1190308,4077,4052,29757,10,10,1,2,0.2,0.1,0.0,9,0,9,0.0
1126732,1737,13752,27585,21,21,1,3,0.1429,0.0952,0.0,20,0,9,0.0
1126058,4033,4054,27391,12,12,5,6,0.5,0.0833,0.0,11,0,9,0.0
1304681,231,165,13627,39,39,1,4,0.1026,0.0769,0.0,38,0,9,0.0
1014875,473133,473127,4765,33,30,5,7,0.2333,0.0667,0.0,32,0,8,0.0
1200127,473134,473127,4765,33,30,5,7,0.2333,0.0667,0.0,32,0,8,0.0
1304689,257,237,2293,63,63,1,5,0.0794,0.0635,0.0,62,0,9,0.0
1045742,22476,6871,7990,17,17,7,8,0.4706,0.0588,0.0,16,0,9,0.0
1171040,1686,20204,26273,24,24,8,9,0.375,0.0417,0.0,23,0,9,0.0
1307995,7809,7775,13997,15,15,4,4,0.2667,0.0,0.0,14,0,9,0.0
1038994,282884,189115,9882,2,2,1,1,0.5,0.0,0.0,1,0,9,0.0
1116281,376076,157765,25526,2,2,1,1,0.5,0.0,0.0,1,0,9,0.0
1126287,492235,36765,27467,2,2,1,1,0.5,0.0,0.0,1,0,9,0.0
1146536,21202,3165,32095,2,2,1,1,0.5,0.0,0.0,1,0,9,0.0
1155896,21237,3180,32807,2,2,1,1,0.5,0.0,0.0,1,0,9,0.0
1232531,506649,63015,44523,2,2,1,1,0.5,0.0,0.0,1,0,9,0.0
