BADGE,CURRENT_TRANSFORMER,RECOMMENDED_TRANSFORMER,CLUSTER
1202843,264643.0,31358.0,0
1000524,,3771.0,3
1000526,,1517.0,4
1012540,15373.0,501900.0,21
1001279,19819.0,19823.0,24
1000560,19819.0,19823.0,24
1003643,19819.0,19823.0,24
1053715,285.0,296.0,25
1034078,98205.0,296.0,25
1001770,7771.0,296.0,25
1001771,285.0,296.0,25
1001772,285.0,296.0,25
1001773,285.0,296.0,25
1001774,285.0,296.0,25
1000993,94692.0,296.0,25
1001556,94692.0,296.0,25
1001415,433.0,461.0,28
1000564,19848.0,461.0,28
1000997,443.0,461.0,28
1001389,438.0,461.0,28
1001390,446.0,461.0,28
1001422,446.0,461.0,28
1001016,440.0,461.0,28
1006071,24292.0,10671.0,34
1012979,13395.0,13414.0,51
1000727,221438.0,5576.0,59
1000616,5581.0,5579.0,67
1130661,5577.0,5579.0,67
1000680,58523.0,5555.0,71
1000681,5564.0,5555.0,71
1000622,5565.0,5555.0,71
1000666,5576.0,221438.0,72
1000685,5580.0,221438.0,72
1000630,5546.0,5541.0,73
1000634,5547.0,5541.0,73
1005546,21905.0,21901.0,86
1005547,21908.0,21901.0,86
1005483,21908.0,21901.0,86
1000648,153928.0,21901.0,86
1000649,153929.0,21901.0,86
1000688,5568.0,5569.0,88
1000679,5563.0,5569.0,88
1000655,5573.0,5569.0,88
1000657,5573.0,5569.0,88
1000658,5570.0,5569.0,88
1000661,5558.0,453995.0,90
1005532,5587.0,5589.0,91
1000698,21904.0,21906.0,107
1005517,21904.0,21906.0,107
1000711,399.0,402.0,119
1000734,5522.0,5520.0,129
1000738,,375316.0,132
1014291,375317.0,375316.0,132
1000808,19816.0,346.0,144
1000810,334.0,346.0,144
1001646,19796.0,236.0,146
1020045,19796.0,236.0,146
1039777,19796.0,236.0,146
1001530,19796.0,236.0,146
1001656,19796.0,236.0,146
1001657,19796.0,236.0,146
1001658,19796.0,236.0,146
1304323,19707.0,19702.0,147
1000772,19689.0,19690.0,153
1000775,19689.0,19690.0,153
1003639,19696.0,19690.0,153
1000779,19840.0,426.0,159
1000828,5507.0,5509.0,161
1000782,5504.0,5509.0,161
1000816,5507.0,5509.0,161
1000818,5504.0,5509.0,161
1003642,5507.0,5509.0,161
1005491,344508.0,5527.0,162
1005493,344508.0,5527.0,162
1005492,344508.0,5527.0,162
1054068,,390898.0,163
1054071,,390898.0,163
1003705,19681.0,19683.0,166
1000795,,383756.0,171
1003603,19687.0,19691.0,174
1003813,19687.0,19691.0,174
1003804,19691.0,19694.0,175
1000804,171195.0,7771.0,177
1001247,268161.0,294.0,181
1001256,268161.0,294.0,181
1001258,268161.0,294.0,181
1001259,320.0,294.0,181
1001245,268161.0,294.0,181
1003659,302.0,298.0,187
1000832,19676.0,19679.0,192
1000836,19677.0,19676.0,193
1000841,19709.0,5495.0,197
1000864,19688.0,19681.0,200
1001919,426.0,19838.0,202
1001987,449260.0,85736.0,204
1000893,83807.0,5465.0,209
1000886,19693.0,19688.0,219
1003747,19693.0,19688.0,219
1006651,30364.0,24109.0,221
1000892,5474.0,5472.0,222
1003686,5474.0,5472.0,222
1000970,10502.0,24265.0,260
1000972,,725.0,262
1000990,19706.0,19708.0,270
1003821,19706.0,19708.0,270
1002102,238717.0,381.0,276
1002070,402.0,381.0,276
1001868,238717.0,381.0,276
1001576,399.0,381.0,276
1001580,399.0,381.0,276
1001583,399.0,381.0,276
1001427,392.0,381.0,276
1001412,433.0,441.0,282
1001403,440.0,441.0,282
1001018,454.0,441.0,282
1009486,378059.0,375327.0,287
1009487,378059.0,375327.0,287
1009488,378059.0,375327.0,287
1048633,378059.0,375327.0,287
1250722,378059.0,375327.0,287
1009345,378059.0,375327.0,287
1009443,378059.0,375327.0,287
1132879,378059.0,375327.0,287
1009481,378059.0,375327.0,287
1001054,19802.0,219.0,290
1007782,19781.0,219.0,290
1001052,242.0,219.0,290
1001049,219.0,218.0,291
1001096,400.0,395.0,299
1095482,388.0,395.0,299
1001074,374.0,360.0,304
1002278,368.0,360.0,304
1001075,374.0,355.0,306
1232466,434685.0,434688.0,318
1179753,434687.0,434688.0,318
1056319,434685.0,434688.0,318
1119640,434684.0,434688.0,318
1118809,434685.0,434688.0,318
1119528,434684.0,434688.0,318
1119498,434687.0,434688.0,318
1079179,434683.0,434688.0,318
1096162,434687.0,434688.0,318
1056239,434687.0,434688.0,318
1266726,434687.0,434688.0,318
1047831,434684.0,434688.0,318
1005513,488.0,491.0,340
1001138,484.0,491.0,340
1002154,19861.0,491.0,340
1001303,495.0,491.0,340
1001307,505.0,491.0,340
1002666,19835.0,418.0,348
1002332,658.0,645.0,349
1001153,74844.0,19767.0,350
1001379,268161.0,298.0,352
1005477,301.0,298.0,352
1001938,157.0,205.0,366
1001187,205.0,238.0,367
1001212,19775.0,281919.0,369
1184328,344730.0,63005.0,370
1001191,376203.0,63005.0,370
1187986,251837.0,63005.0,370
1001572,221.0,19785.0,372
1001194,221.0,19785.0,372
1001592,221.0,19785.0,372
1001562,221.0,19785.0,372
1001232,446.0,19848.0,381
1001401,302.0,323.0,385
1001998,320.0,323.0,385
1005474,341.0,320.0,387
1005918,327.0,320.0,387
1080713,19801.0,279.0,388
1001280,40284.0,282.0,389
1001281,40284.0,282.0,389
1011654,19801.0,282.0,389
1001251,19799.0,282.0,389
1001289,19799.0,282.0,389
1001293,279.0,282.0,389
1001662,19799.0,282.0,389
1001632,19799.0,282.0,389
1001635,19801.0,282.0,389
1001252,19804.0,290.0,390
1001266,19821.0,19820.0,392
1001462,19819.0,19823.0,393
1001282,279.0,19794.0,397
1001659,19798.0,264.0,403
1001292,286.0,282.0,405
1013491,290.0,284.0,412
1005526,351.0,347.0,438
1001991,19820.0,356.0,439
1002198,255.0,232.0,442
1001382,255.0,232.0,442
1001373,244.0,232.0,442
1001409,232.0,244.0,443
1001780,230.0,255.0,444
1001928,446.0,438.0,445
1005463,19843.0,438.0,447
1002578,19834.0,418.0,450
1007681,430.0,446.0,451
1001400,430.0,446.0,451
1001405,438.0,446.0,451
1001404,438.0,430.0,452
1001407,19843.0,438.0,454
1002078,489.0,490.0,464
1002125,523.0,507.0,471
1002313,89569.0,507.0,471
1002455,30697.0,30695.0,473
1001439,30689.0,30695.0,473
1005541,280.0,294.0,486
1138315,309.0,305.0,487
1002371,305.0,299.0,490
1001827,316.0,299.0,490
1001847,316.0,299.0,490
1001824,309.0,299.0,490
1132965,12680.0,12656.0,493
1003924,22739.0,7431.0,501
1001524,19825.0,375.0,512
1001623,19825.0,375.0,512
1001532,766.0,732.0,515
1001994,327.0,342.0,526
1001688,327.0,322.0,528
1001794,157.0,185.0,530
1001578,9403.0,19852.0,534
1001582,399.0,390.0,536
1001881,84773.0,385.0,541
1008891,11667.0,24729.0,548
1001692,341.0,323.0,559
1007743,739.0,697.0,560
1001664,699.0,697.0,560
1007802,739.0,697.0,560
1277046,365403.0,365412.0,562
1176152,365411.0,365412.0,562
1072091,365405.0,365412.0,562
1204972,365408.0,365412.0,562
1280811,365408.0,365412.0,562
1001666,365405.0,365412.0,562
1287739,365403.0,365412.0,562
1001786,19782.0,227.0,596
1001748,227.0,212.0,601
1001776,19776.0,212.0,603
1001777,19776.0,212.0,603
1001779,19776.0,212.0,603
1001761,273282.0,280.0,606
1001888,274.0,268.0,608
1001764,7721.0,274.0,609
1001789,19831.0,405.0,613
1001797,209597.0,209598.0,616
1001808,87331.0,727.0,620
1001815,428.0,362.0,624
1001945,294.0,280.0,634
1280972,,428.0,648
1003697,455.0,19855.0,656
1001891,268.0,238.0,657
1261292,375329.0,375330.0,660
1002389,375329.0,375330.0,660
1010822,375329.0,375330.0,660
1001900,375329.0,375330.0,660
1001902,375329.0,375330.0,660
1001903,375329.0,375330.0,660
1002584,375329.0,375330.0,660
1052861,376540.0,375330.0,660
1011458,376540.0,375330.0,660
1257373,,375330.0,660
1127600,178568.0,272956.0,684
1003644,19702.0,19707.0,697
1003645,19702.0,19707.0,697
1013819,,453917.0,709
1001983,453918.0,453917.0,709
1143826,18954.0,453917.0,709
1003623,5505.0,19712.0,710
1003629,133420.0,19712.0,710
1003631,343543.0,19712.0,710
1001984,133420.0,19712.0,710
1001986,,383756.0,711
1011969,542683.0,462.0,713
1280975,530.0,529.0,717
1010824,24712.0,24671.0,727
1010827,24712.0,24671.0,727
1010828,24712.0,24671.0,727
1010831,24712.0,24671.0,727
1002137,209600.0,209599.0,741
1007373,209600.0,209599.0,741
1002098,209600.0,209599.0,741
1177958,15673.0,264637.0,746
1173931,84123.0,264637.0,746
1002079,489.0,264637.0,746
1126127,21424.0,264637.0,746
1011260,30683.0,30685.0,749
1002092,9403.0,454.0,753
1002113,30686.0,30688.0,762
1002115,30687.0,30688.0,762
1002164,432.0,427.0,790
1039913,8889.0,8911.0,808
1011278,,364699.0,820
1128557,13150.0,13149.0,823
1048691,13087.0,13149.0,823
1055066,13087.0,13149.0,823
1136995,13083.0,13149.0,823
1006286,13083.0,13149.0,823
1006288,13019.0,13149.0,823
1004344,13150.0,13149.0,823
1026462,13083.0,13149.0,823
1002407,13150.0,13149.0,823
1026464,13150.0,13149.0,823
1026465,13083.0,13149.0,823
1006289,13019.0,13149.0,823
1026469,13150.0,13149.0,823
1135257,13083.0,13149.0,823
1138692,13150.0,13149.0,823
1135554,13150.0,13149.0,823
1005975,13019.0,13149.0,823
1005976,13019.0,13149.0,823
1027818,8288.0,8252.0,834
1002282,53724.0,10912.0,839
1007807,614.0,667.0,841
1002304,648.0,667.0,841
1036786,377423.0,667.0,841
1002284,641.0,667.0,841
1095444,391393.0,391390.0,853
1007408,10755.0,24394.0,855
1007742,661.0,650.0,866
1009259,359723.0,359732.0,884
1099283,370422.0,17063.0,906
1027179,25279.0,12954.0,915
1048564,25279.0,12954.0,915
1002451,343741.0,343740.0,938
1002507,24383.0,10783.0,963
1002522,56923.0,24178.0,970
1003622,11542.0,11499.0,974
1002533,11542.0,11499.0,974
1002534,11542.0,11499.0,974
1002536,111980.0,111985.0,975
1002538,111980.0,111985.0,975
1002539,111980.0,111985.0,975
1027825,7365.0,7398.0,981
1002612,24265.0,10453.0,987
1007358,10404.0,10453.0,988
1096181,497035.0,535853.0,1003
1002598,497035.0,535853.0,1003
1097321,497035.0,535853.0,1003
1098555,3102.0,3101.0,1026
1002642,3102.0,3101.0,1026
1073869,3102.0,3101.0,1026
1073871,3102.0,3101.0,1026
1024798,24950.0,24877.0,1028
1007066,24950.0,24877.0,1028
1002644,24950.0,24877.0,1028
1095240,24963.0,24877.0,1028
1134034,24963.0,24877.0,1028
1007086,24928.0,24877.0,1028
1002677,20780.0,20760.0,1050
1002678,17682.0,17646.0,1051
1090503,18161.0,18141.0,1053
1091201,18161.0,18141.0,1053
1115276,25596.0,25593.0,1055
1112499,14701.0,25871.0,1056
1148201,14701.0,25871.0,1056
1112474,14625.0,25871.0,1056
1116256,14318.0,14342.0,1057
1156918,17430.0,17442.0,1076
1157599,17430.0,17442.0,1076
1154875,17430.0,17442.0,1076
1080154,15897.0,15893.0,1077
1093324,17670.0,17644.0,1087
1027876,8138.0,22997.0,1103
1027879,8138.0,22997.0,1103
1027863,8138.0,22997.0,1103
1027881,8138.0,22997.0,1103
1027865,8138.0,22997.0,1103
1009969,11777.0,11796.0,1115
1130669,375100.0,11796.0,1115
1005076,11956.0,24827.0,1116
1018702,69414.0,9681.0,1118
1002932,10486.0,10430.0,1119
1025657,56312.0,32607.0,1120
1002933,56312.0,32607.0,1120
1005535,136638.0,5583.0,1129
1003542,11956.0,11954.0,1130
1025106,10616.0,10636.0,1132
1041375,7892.0,22915.0,1135
1041376,7892.0,22915.0,1135
1003550,7892.0,22915.0,1135
1003577,19694.0,19698.0,1152
1003706,19705.0,19694.0,1155
1003688,19685.0,19695.0,1159
1231809,19702.0,19693.0,1163
1003609,19710.0,19711.0,1169
1003612,19695.0,19685.0,1170
1003820,19681.0,19682.0,1172
1003615,19685.0,19682.0,1172
1005893,19701.0,19692.0,1173
1003634,19695.0,19697.0,1174
1127824,506659.0,506658.0,1178
1003630,506657.0,506658.0,1178
1039809,506657.0,506658.0,1178
1053486,506665.0,506658.0,1178
1110388,506665.0,506658.0,1178
1003823,19686.0,19689.0,1184
1003704,19705.0,19703.0,1186
1003779,19704.0,19703.0,1186
1003753,19708.0,19706.0,1191
1003687,5470.0,5461.0,1193
1005543,5462.0,5461.0,1193
1226100,,391280.0,1197
1226101,,391280.0,1197
1027652,391273.0,391280.0,1197
1101317,391273.0,391280.0,1197
1003698,391273.0,391280.0,1197
1042256,391275.0,391280.0,1197
1011847,391275.0,391280.0,1197
1003786,21920.0,21917.0,1199
1003787,21922.0,21917.0,1199
1003788,21920.0,21917.0,1199
1005486,58205.0,21917.0,1199
1257668,21913.0,21917.0,1199
1005488,5595.0,21917.0,1199
1005489,5595.0,21917.0,1199
1005499,21915.0,21917.0,1199
1005500,5594.0,21917.0,1199
1005501,21922.0,21917.0,1199
1005518,21915.0,21917.0,1199
1003703,21911.0,21917.0,1199
1005520,21912.0,21917.0,1199
1005521,21912.0,21917.0,1199
1005540,21922.0,21917.0,1199
1005551,152637.0,21917.0,1199
1261432,21915.0,21917.0,1199
1005842,21912.0,21917.0,1199
1005851,21920.0,21917.0,1199
1003710,19711.0,27471.0,1201
1003724,19678.0,19680.0,1203
1003727,19678.0,19680.0,1203
1010677,58530.0,58528.0,1205
1003736,58530.0,58528.0,1205
1010673,58530.0,58528.0,1205
1010675,58530.0,58528.0,1205
1005869,21884.0,21883.0,1217
1003795,19679.0,19684.0,1219
1005469,5491.0,83808.0,1221
1005504,5481.0,83808.0,1221
1007678,5478.0,83808.0,1221
1003791,5481.0,83808.0,1221
1005914,5491.0,83808.0,1221
1003781,5479.0,83808.0,1221
1005467,5484.0,83808.0,1221
1005480,5464.0,5468.0,1224
1003783,5469.0,5468.0,1224
1005505,83808.0,5478.0,1225
1025329,25283.0,12911.0,1237
1011409,6657.0,6551.0,1265
1133034,46684.0,8437.0,1274
1004359,13274.0,13311.0,1286
1006058,13257.0,13229.0,1294
1006059,13257.0,13229.0,1294
1006060,13257.0,13229.0,1294
1055057,13257.0,13229.0,1294
1004002,13193.0,13229.0,1294
1004245,13370.0,13341.0,1300
1004024,13318.0,13287.0,1304
1007367,13242.0,13287.0,1304
1005794,12471.0,12506.0,1320
1004067,12481.0,12506.0,1320
1004226,12680.0,12713.0,1324
1004092,58203.0,33262.0,1332
1004143,13223.0,13202.0,1343
1025449,24846.0,24837.0,1356
1099225,16181.0,26368.0,1358
1004281,22789.0,7486.0,1405
1119488,25509.0,13678.0,1409
1133362,23077.0,23041.0,1428
1097623,23077.0,23041.0,1428
1004335,23077.0,23041.0,1428
1021421,25390.0,13249.0,1441
1026368,13223.0,13249.0,1441
1004455,8540.0,23201.0,1460
1004456,8540.0,23201.0,1460
1004495,8540.0,23201.0,1460
1004420,133432.0,133434.0,1461
1021163,8646.0,8669.0,1467
1021199,8646.0,8669.0,1467
1004441,9224.0,23592.0,1471
1004528,133427.0,133428.0,1497
1004554,133427.0,133428.0,1497
1004555,133427.0,133428.0,1497
1004581,23048.0,23066.0,1500
1190755,21426.0,3708.0,1501
1009051,23926.0,23936.0,1537
1048664,23926.0,23936.0,1537
1072451,132141.0,132140.0,1568
1127292,71011.0,123833.0,1572
1052536,71011.0,123833.0,1572
1007880,71011.0,123833.0,1572
1004946,71011.0,123833.0,1572
1004947,71011.0,123833.0,1572
1004949,71011.0,123833.0,1572
1005016,9915.0,9967.0,1575
1312386,220476.0,220480.0,1585
1312387,220476.0,220480.0,1585
1109845,220476.0,220480.0,1585
1155451,220476.0,220480.0,1585
1004836,9983.0,23915.0,1615
1005219,109106.0,109104.0,1618
1005220,109106.0,109104.0,1618
1009748,37428.0,37425.0,1640
1009749,37428.0,37425.0,1640
1004906,37428.0,37425.0,1640
1004909,37428.0,37425.0,1640
1307210,4746.0,4721.0,1643
1307211,4746.0,4721.0,1643
1307212,4744.0,4721.0,1643
1004925,4746.0,4721.0,1643
1307213,4744.0,4721.0,1643
1119481,396227.0,430002.0,1650
1008326,24698.0,24718.0,1657
1008113,10026.0,9978.0,1662
1148874,2795.0,105910.0,1663
1150271,2795.0,105910.0,1663
1128776,2795.0,105910.0,1663
1150273,2795.0,105910.0,1663
1148822,2795.0,105910.0,1663
1005004,2795.0,105910.0,1663
1025480,33260.0,33259.0,1677
1025076,10149.0,10140.0,1698
1005143,6657.0,6656.0,1701
1055107,7510.0,7465.0,1712
1010338,10837.0,24388.0,1731
1310526,6086.0,6069.0,1767
1310527,6086.0,6069.0,1767
1310528,6086.0,6069.0,1767
1310529,6086.0,6069.0,1767
1006203,11852.0,11897.0,1772
1006204,11852.0,11897.0,1772
1005401,148183.0,143045.0,1773
1006545,9651.0,9637.0,1774
1006530,9766.0,9768.0,1775
1008477,24691.0,11715.0,1784
1005912,5480.0,5479.0,1798
1005523,21875.0,21874.0,1816
1005867,87003.0,5586.0,1817
1074108,21919.0,21914.0,1824
1048639,21919.0,21914.0,1824
1005565,24917.0,24886.0,1828
1138376,10160.0,10100.0,1829
1025030,10160.0,10100.0,1829
1025031,10160.0,10100.0,1829
1025032,10160.0,10100.0,1829
1025033,10160.0,10100.0,1829
1018959,10160.0,10100.0,1829
1009081,10160.0,10100.0,1829
1048667,10160.0,10100.0,1829
1135328,10160.0,10100.0,1829
1009033,24071.0,24088.0,1838
1005587,11328.0,11397.0,1841
1114527,365212.0,345275.0,1846
1005593,1019.0,345275.0,1846
1006314,148185.0,148186.0,1871
1006317,148185.0,148186.0,1871
1014023,143046.0,148186.0,1871
1059159,143046.0,148186.0,1871
1303089,5146.0,5165.0,1928
1133385,343164.0,4378.0,1930
1248279,343164.0,4378.0,1930
1130783,343164.0,4378.0,1930
1148232,25871.0,25840.0,1935
1110068,5207.0,5236.0,1950
1110624,5207.0,5236.0,1950
1110625,5207.0,5236.0,1950
1110083,5207.0,5236.0,1950
1110540,5207.0,5236.0,1950
1005923,15946.0,15936.0,1958
1005926,14290.0,14321.0,1961
1109836,14290.0,14321.0,1961
1112417,14431.0,14416.0,1963
1112419,14431.0,14416.0,1963
1127814,14431.0,14416.0,1963
1007737,30364.0,24062.0,1989
1026068,24035.0,24062.0,1989
1006011,30364.0,24062.0,1989
1011456,136299.0,11205.0,2001
1255958,11954.0,12056.0,2023
1135688,11954.0,12056.0,2023
1006685,23950.0,23909.0,2040
1109160,14718.0,14708.0,2050
1006259,14718.0,14708.0,2050
1109180,14718.0,14708.0,2050
1009014,24254.0,10571.0,2069
1006359,10593.0,10532.0,2079
1006427,12055.0,12024.0,2092
1006428,12055.0,12024.0,2092
1014398,405742.0,425118.0,2100
1007057,30364.0,24069.0,2130
1007054,30364.0,24069.0,2130
1006593,10102.0,10136.0,2131
1094415,439437.0,11186.0,2133
1006598,11149.0,11186.0,2133
1006794,10317.0,10245.0,2179
1021215,12214.0,12271.0,2191
1092314,16232.0,16268.0,2202
1092725,16232.0,16268.0,2202
1092313,16232.0,16268.0,2202
1012954,10245.0,24288.0,2210
1014643,129261.0,129264.0,2227
1025619,10416.0,10336.0,2264
1007797,24101.0,24086.0,2268
1265550,,384443.0,2282
1304911,271.0,237.0,2293
1304914,260.0,237.0,2293
1304917,19784.0,237.0,2293
1304743,19771.0,237.0,2293
1133517,191.0,237.0,2293
1015402,184.0,237.0,2293
1127564,130.0,237.0,2293
1304744,19771.0,237.0,2293
1281508,199.0,237.0,2293
1302920,279706.0,237.0,2293
1307780,279706.0,237.0,2293
1305841,239.0,237.0,2293
1301024,130.0,237.0,2293
1304679,199.0,237.0,2293
1304680,199.0,237.0,2293
1304952,201.0,237.0,2293
1300811,265.0,237.0,2293
1304687,214.0,237.0,2293
1300813,265.0,237.0,2293
1300812,265.0,237.0,2293
1304688,250.0,237.0,2293
1304689,257.0,237.0,2293
1246076,19793.0,237.0,2293
1300822,239.0,237.0,2293
1304698,168956.0,237.0,2293
1304699,168956.0,237.0,2293
1134488,191.0,237.0,2293
1130997,19784.0,237.0,2293
1249959,19793.0,237.0,2293
1007235,19784.0,237.0,2293
1249964,200.0,237.0,2293
1309257,199.0,237.0,2293
1231834,200.0,237.0,2293
1304871,254.0,237.0,2293
1304742,200.0,237.0,2293
1304873,253.0,237.0,2293
1304874,254.0,237.0,2293
1304746,125.0,237.0,2293
1304876,19784.0,237.0,2293
1304877,266.0,237.0,2293
1304747,152.0,237.0,2293
1304745,19771.0,237.0,2293
1303950,19793.0,237.0,2293
1302067,19784.0,237.0,2293
1304748,130.0,237.0,2293
1133486,253.0,237.0,2293
1301537,279706.0,237.0,2293
1305151,239.0,237.0,2293
1304763,152.0,237.0,2293
1304764,152.0,237.0,2293
1301022,191.0,237.0,2293
1304768,130.0,237.0,2293
1304769,19771.0,237.0,2293
1304770,184.0,237.0,2293
1304771,181.0,237.0,2293
1304772,250.0,237.0,2293
1304773,184.0,237.0,2293
1304766,125.0,237.0,2293
1048807,12336.0,24922.0,2299
1024998,12336.0,24922.0,2299
1020885,9019.0,8923.0,2306
1007272,8843.0,8923.0,2306
1020903,8843.0,8923.0,2306
1020904,8843.0,8923.0,2306
1007399,24891.0,24882.0,2308
1039735,9080.0,9030.0,2309
1011424,23361.0,9030.0,2309
1039736,9080.0,9030.0,2309
1039737,9080.0,9030.0,2309
1039738,9080.0,9030.0,2309
1039743,9080.0,9030.0,2309
1007316,18251.0,18241.0,2324
1257381,63655.0,3533.0,2325
1137819,482622.0,482621.0,2344
1034755,482623.0,482621.0,2344
1283270,482623.0,482621.0,2344
1158562,482622.0,482621.0,2344
1128457,482624.0,482621.0,2344
1130978,482623.0,482621.0,2344
1007400,482623.0,482621.0,2344
1025254,12705.0,25132.0,2351
1025644,12688.0,25174.0,2401
1229499,183042.0,654.0,2403
1010171,10790.0,10803.0,2412
1010172,10790.0,10803.0,2412
1010237,10790.0,10803.0,2412
1010236,10790.0,10803.0,2412
1010192,10790.0,10803.0,2412
1007679,,120619.0,2419
1226885,23030.0,23047.0,2420
1009171,158740.0,677.0,2433
1007811,645.0,658.0,2444
1013844,324.0,317.0,2449
1007839,689.0,681.0,2463
1007841,681.0,689.0,2464
1007953,,25375.0,2488
1008085,,6229.0,2522
1008288,11349.0,24576.0,2568
1008361,145599.0,145600.0,2583
1008423,,1697.0,2594
1303991,22401.0,6804.0,2598
1128296,22424.0,6804.0,2598
1303967,22424.0,6804.0,2598
1303969,22424.0,6804.0,2598
1008441,22424.0,6804.0,2598
1304205,22401.0,6804.0,2598
1008565,370356.0,370355.0,2620
1206122,370356.0,370355.0,2620
1206121,370356.0,370355.0,2620
1206412,370356.0,370355.0,2620
1012902,11782.0,11770.0,2621
1008719,139848.0,139846.0,2645
1010797,24660.0,11594.0,2654
1267905,9014.0,8949.0,2655
1267906,8976.0,8949.0,2655
1012911,11732.0,11740.0,2667
1010066,35170.0,24581.0,2673
1008888,11377.0,11313.0,2686
1232532,,506639.0,2690
1009120,420267.0,415483.0,2743
1138579,420268.0,415483.0,2743
1054829,33260.0,33261.0,2759
1009289,350227.0,350226.0,2767
1009286,350227.0,350226.0,2767
1009393,375324.0,375325.0,2768
1009248,17353.0,17301.0,2770
1009371,378443.0,376700.0,2795
1010176,10916.0,24468.0,2797
1010005,390898.0,390901.0,2814
1036407,,390901.0,2814
1058251,,390901.0,2814
1009442,390898.0,390901.0,2814
1010376,24240.0,10491.0,2836
1128761,131184.0,131185.0,2847
1010385,49568.0,35177.0,2860
1127179,453820.0,391373.0,2861
1047083,453820.0,391373.0,2861
1026556,535598.0,535595.0,2871
1009685,535598.0,535595.0,2871
1100412,535598.0,535595.0,2871
1042430,535598.0,535595.0,2871
1257372,,79965.0,2876
1010560,88606.0,88607.0,2915
1073653,536045.0,378363.0,2940
1010055,391292.0,378363.0,2940
1145648,2853.0,2870.0,2972
1145619,2853.0,2870.0,2972
1010398,49568.0,49567.0,3014
1010609,79969.0,79968.0,3033
1257369,,444305.0,3057
1257371,,444305.0,3057
1010846,11453.0,11362.0,3083
1035302,286723.0,286724.0,3105
1035968,6734.0,22373.0,3114
1028002,6734.0,22373.0,3114
1022879,303360.0,303359.0,3119
1035279,286726.0,344637.0,3122
1047397,184648.0,170236.0,3126
1034613,278398.0,274876.0,3127
1034631,278398.0,274876.0,3127
1034632,278398.0,274876.0,3127
1034634,278398.0,274876.0,3127
1034633,278398.0,274876.0,3127
1032475,278398.0,274876.0,3127
1034611,278398.0,274876.0,3127
1027963,278398.0,274876.0,3127
1136638,24436.0,10887.0,3134
1262362,24452.0,10887.0,3134
1251058,24436.0,10887.0,3134
1247653,24452.0,10887.0,3134
1027467,24072.0,24044.0,3167
1022901,11012.0,11017.0,3170
1023258,145275.0,235200.0,3184
1013503,9047.0,23438.0,3187
1135550,9047.0,23438.0,3187
1020545,9340.0,9436.0,3192
1048980,9340.0,9436.0,3192
1020574,9340.0,9436.0,3192
1020542,9340.0,9436.0,3192
1020576,9340.0,9436.0,3192
1020577,9340.0,9436.0,3192
1011287,349565.0,343179.0,3220
1037761,278079.0,375645.0,3221
1073398,201916.0,69409.0,3222
1011313,332795.0,3986.0,3237
1020546,9204.0,9212.0,3257
1047851,96292.0,96286.0,3277
1047852,96292.0,96286.0,3277
1047853,96292.0,96286.0,3277
1065093,96285.0,96286.0,3277
1048255,96288.0,96286.0,3277
1048256,96288.0,96286.0,3277
1048258,96288.0,96286.0,3277
1048267,96288.0,96286.0,3277
1048270,96288.0,96286.0,3277
1048274,96285.0,96286.0,3277
1048275,96285.0,96286.0,3277
1048276,96285.0,96286.0,3277
1048278,96285.0,96286.0,3277
1011407,10930.0,24459.0,3289
1018943,7205.0,7202.0,3291
1197671,23461.0,23497.0,3300
1136629,23516.0,23497.0,3300
1053491,23461.0,23497.0,3300
1226727,23461.0,23497.0,3300
1226729,23430.0,23497.0,3300
1250846,23516.0,23497.0,3300
1289661,23517.0,23497.0,3300
1265785,23517.0,23497.0,3300
1226867,23461.0,23497.0,3300
1048703,23461.0,23497.0,3300
1053488,23461.0,23497.0,3300
1288584,7331.0,7300.0,3306
1288587,7323.0,7300.0,3306
1286528,7384.0,7300.0,3306
1298343,7358.0,7300.0,3306
1298358,7384.0,7300.0,3306
1298643,7323.0,7300.0,3306
1279361,7362.0,7300.0,3306
1298645,7323.0,7300.0,3306
1279364,7362.0,7300.0,3306
1279363,7362.0,7300.0,3306
1298394,22734.0,7300.0,3306
1298395,22734.0,7300.0,3306
1298396,22734.0,7300.0,3306
1280808,7358.0,7300.0,3306
1304082,7331.0,7300.0,3306
1134306,280318.0,258879.0,3315
1131009,280318.0,258879.0,3315
1040906,280318.0,258879.0,3315
1012708,280316.0,258879.0,3315
1040879,280319.0,258879.0,3315
1097778,370398.0,370397.0,3322
1073872,370398.0,370397.0,3322
1054104,88287.0,88286.0,3335
1130659,349899.0,344587.0,3340
1057375,344286.0,344287.0,3358
1026604,184639.0,184637.0,3379
1011576,66531.0,66530.0,3390
1165849,21246.0,3234.0,3403
1257363,,24763.0,3405
1027228,10604.0,24195.0,3408
1031615,24227.0,24195.0,3408
1031616,24227.0,24195.0,3408
1047103,24227.0,24195.0,3408
1047072,10604.0,24195.0,3408
1047071,10604.0,24195.0,3408
1027245,24227.0,24195.0,3408
1047725,24227.0,24195.0,3408
1031671,10604.0,24195.0,3408
1019256,8871.0,8839.0,3432
1011647,8871.0,8839.0,3432
1019255,8871.0,8839.0,3432
1011664,16197.0,16233.0,3444
1011673,6780.0,6741.0,3449
1053916,22886.0,7845.0,3455
1011710,375502.0,375501.0,3473
1054402,364609.0,364608.0,3478
1175338,307838.0,307837.0,3488
1175339,307838.0,307837.0,3488
1011738,12814.0,307837.0,3488
1095932,307838.0,307837.0,3488
1175357,12814.0,307837.0,3488
1175336,307838.0,307837.0,3488
1013113,375501.0,375503.0,3492
1052516,375501.0,375503.0,3492
1134634,383823.0,383824.0,3493
1070880,383823.0,383824.0,3493
1011863,376717.0,376718.0,3499
1014251,370396.0,370397.0,3502
1011822,377665.0,377666.0,3504
1044086,,535970.0,3507
1059869,375963.0,375965.0,3510
1052232,375963.0,375965.0,3510
1013119,375964.0,375965.0,3510
1011804,375966.0,375965.0,3510
1128948,375296.0,375965.0,3510
1056409,375966.0,375965.0,3510
1011841,375966.0,375965.0,3510
1073608,375294.0,375965.0,3510
1134253,375296.0,375965.0,3510
1042829,375296.0,375965.0,3510
1030808,375296.0,375965.0,3510
1059851,375296.0,375965.0,3510
1072241,375963.0,375965.0,3510
1059854,375964.0,375965.0,3510
1052741,375964.0,375965.0,3510
1059856,375964.0,375965.0,3510
1059855,375964.0,375965.0,3510
1174008,14987.0,15013.0,3516
1132539,14946.0,15013.0,3516
1011816,2881.0,15013.0,3516
1059258,375499.0,375314.0,3517
1011865,376718.0,376717.0,3528
1011891,184644.0,184645.0,3537
1011896,19867.0,9705.0,3542
1072394,241920.0,241917.0,3544
1072569,241920.0,241917.0,3544
1099114,241920.0,241917.0,3544
1072496,241920.0,241917.0,3544
1073107,241920.0,241917.0,3544
1072764,241920.0,241917.0,3544
1072765,241920.0,241917.0,3544
1099076,233283.0,233282.0,3545
1099077,233283.0,233282.0,3545
1073135,233283.0,233282.0,3545
1073137,233283.0,233282.0,3545
1073138,233283.0,233282.0,3545
1053247,229766.0,233282.0,3545
1053245,229766.0,233282.0,3545
1053246,229766.0,233282.0,3545
1053248,229766.0,233282.0,3545
1099130,233284.0,233282.0,3545
1099131,233284.0,233282.0,3545
1099132,233284.0,233282.0,3545
1099133,233284.0,233282.0,3545
1053154,233276.0,233282.0,3545
1053155,233276.0,233282.0,3545
1053156,233276.0,233282.0,3545
1053167,233276.0,233282.0,3545
1072646,229764.0,233282.0,3545
1072647,233283.0,233282.0,3545
1072649,229764.0,233282.0,3545
1099030,233276.0,233282.0,3545
1099031,233276.0,233282.0,3545
1099032,233276.0,233282.0,3545
1099033,233276.0,233282.0,3545
1073083,233284.0,233282.0,3545
1073084,233284.0,233282.0,3545
1073085,233284.0,233282.0,3545
1073086,233284.0,233282.0,3545
1108567,229764.0,233282.0,3545
1108569,229764.0,233282.0,3545
1011900,233283.0,233282.0,3545
1108384,229766.0,233282.0,3545
1108383,229766.0,233282.0,3545
1108386,229766.0,233282.0,3545
1108385,229766.0,233282.0,3545
1099074,233283.0,233282.0,3545
1036357,22540.0,22526.0,3549
1011923,101725.0,101727.0,3565
1069634,101724.0,101727.0,3565
1059799,101724.0,101727.0,3565
1068010,101724.0,101727.0,3565
1227729,8112.0,22990.0,3568
1185592,27453.0,19626.0,3569
1185593,27453.0,19626.0,3569
1011936,20223.0,13632.0,3571
1013067,20223.0,13632.0,3571
1132807,11378.0,11446.0,3572
1249844,11378.0,11446.0,3572
1011940,25932.0,20742.0,3575
1013064,25932.0,20742.0,3575
1279081,14713.0,20742.0,3575
1261390,25887.0,20742.0,3575
1257669,25887.0,20742.0,3575
1279082,14713.0,20742.0,3575
1279088,142401.0,20742.0,3575
1011947,,536652.0,3580
1138791,4982.0,405675.0,3581
1277317,4983.0,405675.0,3581
1299789,21736.0,405675.0,3581
1210219,12693.0,1101.0,3582
1210284,12693.0,1101.0,3582
1207810,12693.0,1101.0,3582
1011962,20004.0,1101.0,3582
1210205,1095.0,1101.0,3582
1210206,20004.0,1101.0,3582
1011964,391165.0,26398.0,3584
1082844,154880.0,32929.0,3585
1180733,16818.0,32929.0,3585
1134183,154880.0,32929.0,3585
1188766,16879.0,32929.0,3585
1188767,16868.0,32929.0,3585
1188768,16868.0,32929.0,3585
1180686,344373.0,32929.0,3585
1211248,32928.0,32929.0,3585
1181386,12030.0,12285.0,3588
1181388,24663.0,12285.0,3588
1211243,24663.0,12285.0,3588
1011971,11711.0,12285.0,3588
1176109,12232.0,12285.0,3588
1176110,12147.0,12285.0,3588
1176111,12232.0,12285.0,3588
1174821,12232.0,12285.0,3588
1174822,11888.0,12285.0,3588
1174823,12030.0,12285.0,3588
1164079,205116.0,12285.0,3588
1174852,11711.0,12285.0,3588
1106648,205116.0,12285.0,3588
1059443,11888.0,12285.0,3588
1059445,11888.0,12285.0,3588
1176572,11711.0,12285.0,3588
1031083,343090.0,287682.0,3589
1031084,343090.0,287682.0,3589
1031085,343090.0,287682.0,3589
1031086,343090.0,287682.0,3589
1011984,343883.0,11300.0,3597
1163463,24566.0,11300.0,3597
1182963,329279.0,11300.0,3597
1285326,343883.0,11300.0,3597
1015463,329279.0,11300.0,3597
1031967,204797.0,19925.0,3600
1012555,334715.0,19925.0,3600
1047737,282878.0,19925.0,3600
1012909,69412.0,11823.0,3602
1059301,9714.0,9628.0,3607
1012546,9714.0,9628.0,3607
1012552,359581.0,81565.0,3609
1152885,3215.0,3198.0,3612
1073591,3508.0,3476.0,3613
1012560,3508.0,3476.0,3613
1012562,325437.0,3476.0,3613
1012564,3575.0,3476.0,3613
1012567,,3292.0,3617
1137034,15679.0,15668.0,3628
1081968,26160.0,15668.0,3628
1083137,26160.0,15668.0,3628
1083138,15679.0,15668.0,3628
1066152,15679.0,15668.0,3628
1088803,26160.0,15668.0,3628
1087896,15679.0,15668.0,3628
1090624,26160.0,15668.0,3628
1111820,5183.0,5172.0,3630
1098535,5176.0,5172.0,3630
1081055,384699.0,5172.0,3630
1204971,22194.0,6162.0,3631
1012607,320636.0,6162.0,3631
1148354,21240.0,3237.0,3634
1074020,230715.0,3237.0,3634
1150873,21240.0,3237.0,3634
1142746,246725.0,3237.0,3634
1012612,2317.0,2321.0,3635
1090227,15648.0,26149.0,3638
1012625,15674.0,26149.0,3638
1098002,364616.0,364605.0,3654
1065014,364616.0,364605.0,3654
1065029,364603.0,364605.0,3654
1059899,364616.0,364605.0,3654
1074252,364616.0,364605.0,3654
1059914,364616.0,364605.0,3654
1059915,364616.0,364605.0,3654
1059916,364616.0,364605.0,3654
1012765,364603.0,364605.0,3654
1052467,364603.0,364605.0,3654
1058054,364603.0,364605.0,3654
1058055,364603.0,364605.0,3654
1058057,364603.0,364605.0,3654
1012707,8915.0,9118.0,3662
1073490,8972.0,9118.0,3662
1013016,,194556.0,3665
1052421,343986.0,344220.0,3666
1057321,343987.0,344220.0,3666
1058033,343986.0,344220.0,3666
1065031,343986.0,344220.0,3666
1012713,343986.0,344220.0,3666
1036574,22342.0,6626.0,3675
1028062,22342.0,6626.0,3675
1038996,47965.0,33604.0,3676
1065034,47965.0,33604.0,3676
1012959,276795.0,276506.0,3685
1052541,276795.0,276506.0,3685
1057359,276795.0,276506.0,3685
1043992,276795.0,276506.0,3685
1057364,276795.0,276506.0,3685
1012753,24170.0,24139.0,3696
1046972,40615.0,40616.0,3713
1046973,40615.0,40616.0,3713
1046974,65249.0,40616.0,3713
1033102,6912.0,6867.0,3717
1033099,6912.0,6867.0,3717
1033144,6912.0,6867.0,3717
1028210,6912.0,6867.0,3717
1033095,6912.0,6867.0,3717
1033097,6912.0,6867.0,3717
1033098,6912.0,6867.0,3717
1097802,270410.0,270715.0,3721
1132549,270410.0,270715.0,3721
1034950,177601.0,177602.0,3740
1052272,9448.0,9471.0,3744
1020402,9448.0,9471.0,3744
1020831,9448.0,9471.0,3744
1027193,9448.0,9471.0,3744
1012816,9448.0,9471.0,3744
1012817,377424.0,377425.0,3745
1097719,377424.0,377425.0,3745
1052692,27313.0,19286.0,3751
1012825,27313.0,19286.0,3751
1069191,19303.0,19286.0,3751
1071837,19303.0,19286.0,3751
1066511,27325.0,19286.0,3751
1134453,27325.0,19286.0,3751
1024052,23811.0,23832.0,3763
1028909,23811.0,23832.0,3763
1012841,23815.0,23832.0,3763
1133325,22027.0,331196.0,3764
1174238,13612.0,43484.0,3765
1169729,13564.0,43484.0,3765
1169730,13674.0,43484.0,3765
1169764,13610.0,43484.0,3765
1169731,13578.0,43484.0,3765
1132493,13683.0,43484.0,3765
1012844,6909.0,6970.0,3766
1097379,377867.0,377857.0,3768
1280138,4577.0,21619.0,3772
1129039,4577.0,21619.0,3772
1068816,5801.0,5796.0,3778
1072439,364795.0,22667.0,3779
1038729,7083.0,22667.0,3779
1072192,376978.0,376976.0,3790
1057030,287043.0,287042.0,3791
1044323,343313.0,287042.0,3791
1065111,343313.0,287042.0,3791
1056723,343313.0,287042.0,3791
1065002,343313.0,287042.0,3791
1052564,375998.0,375997.0,3796
1013135,375998.0,375997.0,3796
1246111,69412.0,11873.0,3812
1012908,69412.0,11873.0,3812
1132927,310079.0,343406.0,3831
1250651,310079.0,343406.0,3831
1054417,365058.0,365056.0,3832
1045720,375670.0,375672.0,3833
1012976,336002.0,336000.0,3855
1052489,336002.0,336000.0,3855
1181363,283543.0,287362.0,3863
1156332,283543.0,287362.0,3863
1073771,278410.0,278717.0,3867
1012992,278410.0,278717.0,3867
1052142,278410.0,278717.0,3867
1220181,18903.0,19008.0,3871
1183852,18902.0,19008.0,3871
1220194,18903.0,19008.0,3871
1012996,18903.0,19008.0,3871
1220195,18903.0,19008.0,3871
1097962,18903.0,19008.0,3871
1097893,25730.0,14460.0,3872
1012997,25730.0,14460.0,3872
1233615,5161.0,5138.0,3875
1133019,143357.0,5138.0,3875
1013000,5118.0,5138.0,3875
1114533,172162.0,5138.0,3875
1014562,5413.0,5416.0,3877
1124753,20303.0,1930.0,3887
1124754,20303.0,1930.0,3887
1124755,20303.0,1930.0,3887
1124802,20303.0,1930.0,3887
1127198,1865.0,1930.0,3887
1124034,20303.0,1930.0,3887
1108589,1865.0,1930.0,3887
1125615,1884.0,1930.0,3887
1013013,1865.0,1930.0,3887
1184700,27451.0,19622.0,3890
1188287,19620.0,19622.0,3890
1091919,19620.0,19622.0,3890
1178080,20345.0,1855.0,3894
1013026,20345.0,1855.0,3894
1178813,20345.0,1855.0,3894
1097961,20345.0,1855.0,3894
1013029,3933.0,3916.0,3896
1298776,7521.0,22802.0,3898
1288623,7521.0,22802.0,3898
1288626,7521.0,22802.0,3898
1288625,7521.0,22802.0,3898
1013049,349835.0,11249.0,3915
1127894,11329.0,11249.0,3915
1136232,349835.0,11249.0,3915
1136179,349835.0,11249.0,3915
1226924,11329.0,11249.0,3915
1198115,11329.0,11249.0,3915
1013052,5451.0,5454.0,3917
1073971,5449.0,181767.0,3919
1274450,12734.0,25202.0,3931
1153145,12734.0,25202.0,3931
1131993,20471.0,20516.0,3934
1013075,20471.0,20516.0,3934
1048290,74203.0,65251.0,3940
1028779,99816.0,99807.0,3944
1028780,99816.0,99807.0,3944
1028782,99816.0,99807.0,3944
1014490,99816.0,99807.0,3944
1028820,99806.0,99807.0,3944
1028821,99806.0,99807.0,3944
1028822,99806.0,99807.0,3944
1134289,343993.0,319360.0,3946
1044939,343993.0,319360.0,3946
1044940,343993.0,319360.0,3946
1044941,343993.0,319360.0,3946
1056356,343993.0,319360.0,3946
1057823,343993.0,319360.0,3946
1056357,343993.0,319360.0,3946
1065024,343993.0,319360.0,3946
1129052,343993.0,319360.0,3946
1048325,269760.0,269759.0,3965
1048343,269760.0,269759.0,3965
1048344,269760.0,269759.0,3965
1048345,269760.0,269759.0,3965
1048347,269760.0,269759.0,3965
1048346,269760.0,269759.0,3965
1048348,269761.0,269759.0,3965
1048350,269761.0,269759.0,3965
1054976,269761.0,269759.0,3965
1048349,269761.0,269759.0,3965
1084735,269760.0,269759.0,3965
1084736,269761.0,269759.0,3965
1084737,269760.0,269759.0,3965
1084745,269761.0,269759.0,3965
1048412,269761.0,269759.0,3965
1048414,269761.0,269759.0,3965
1132993,278401.0,168318.0,3967
1065075,345362.0,345359.0,3975
1065076,345360.0,345359.0,3975
1054641,345362.0,345359.0,3975
1054677,345360.0,345359.0,3975
1249892,310077.0,343405.0,3980
1261263,310077.0,343405.0,3980
1056737,282887.0,282889.0,3986
1065012,282887.0,282889.0,3986
1043976,282887.0,282889.0,3986
1043977,282887.0,282889.0,3986
1057466,282887.0,282889.0,3986
1057468,282887.0,282889.0,3986
1056735,282887.0,282889.0,3986
1013173,7419.0,22742.0,3998
1013176,9478.0,9433.0,4000
1013177,38079.0,68771.0,4001
1013186,375723.0,23402.0,4008
1080781,15663.0,15664.0,4011
1072329,26143.0,15664.0,4011
1013189,15683.0,15664.0,4011
1013194,6282.0,6245.0,4016
1220345,18455.0,18478.0,4025
1220293,18463.0,18478.0,4025
1267530,18455.0,18478.0,4025
1137218,18497.0,18478.0,4025
1220396,18497.0,18478.0,4025
1220335,18497.0,18478.0,4025
1270148,1870.0,378268.0,4062
1015390,350091.0,350092.0,4063
1014182,384035.0,384036.0,4064
1097190,,378639.0,4068
1289351,378637.0,378638.0,4074
1096052,378636.0,378638.0,4074
1307799,7234.0,378638.0,4074
1014697,378637.0,378638.0,4074
1131450,378636.0,378638.0,4074
1278829,7234.0,378638.0,4074
1014335,378637.0,378638.0,4074
1278832,7234.0,378638.0,4074
1144593,2896.0,21025.0,4077
1128933,383788.0,383806.0,4085
1014720,383819.0,383806.0,4085
1119921,383819.0,383806.0,4085
1133262,383790.0,383806.0,4085
1014215,383819.0,383806.0,4085
1014236,383819.0,383806.0,4085
1095959,383787.0,383806.0,4085
1072218,383819.0,383806.0,4085
1014272,383819.0,383806.0,4085
1014416,383819.0,383806.0,4085
1059466,383819.0,383806.0,4085
1132536,383807.0,383806.0,4085
1133766,383807.0,383806.0,4085
1014971,383819.0,383806.0,4085
1039475,378395.0,378400.0,4088
1014181,390373.0,390374.0,4103
1301426,138.0,196.0,4104
1304907,195.0,196.0,4104
1301429,100.0,196.0,4104
1301428,101.0,196.0,4104
1304374,100.0,196.0,4104
1301427,138.0,196.0,4104
1304909,233.0,196.0,4104
1304912,233.0,196.0,4104
1133525,190.0,196.0,4104
1278418,160.0,196.0,4104
1304957,159.0,196.0,4104
1300824,233.0,196.0,4104
1300827,160.0,196.0,4104
1013343,19768.0,196.0,4104
1283123,190.0,196.0,4104
1134546,160.0,196.0,4104
1136364,160.0,196.0,4104
1304891,190.0,196.0,4104
1304894,168.0,196.0,4104
1304896,168.0,196.0,4104
1304897,159.0,196.0,4104
1304901,168.0,196.0,4104
1304902,195.0,196.0,4104
1013554,389921.0,389920.0,4118
1014813,384435.0,389904.0,4126
1059640,384435.0,389904.0,4126
1013374,384435.0,389904.0,4126
1059641,384435.0,389904.0,4126
1112173,,506653.0,4155
1135110,19522.0,27395.0,4163
1186404,27406.0,27395.0,4163
1185895,19477.0,27395.0,4163
1186032,19522.0,27395.0,4163
1013452,19522.0,27395.0,4163
1013457,19200.0,19114.0,4168
1135112,19200.0,19114.0,4168
1013466,10200.0,10132.0,4177
1288139,10280.0,10132.0,4177
1288140,10280.0,10132.0,4177
1277060,10200.0,10132.0,4177
1298488,10280.0,10132.0,4177
1288146,10280.0,10132.0,4177
1288144,10280.0,10132.0,4177
1271289,10200.0,10132.0,4177
1138157,10200.0,10132.0,4177
1053054,365227.0,10132.0,4177
1135620,10200.0,10132.0,4177
1059113,383807.0,383787.0,4222
1134141,384796.0,384797.0,4229
1138149,384796.0,384797.0,4229
1060012,378462.0,378464.0,4283
1275390,390509.0,390508.0,4318
1143539,3089.0,537308.0,4365
1143544,3089.0,537308.0,4365
1143545,3089.0,537308.0,4365
1150424,3089.0,537308.0,4365
1113402,3089.0,537308.0,4365
1014796,389917.0,389916.0,4366
1073716,1019.0,1018.0,4395
1099390,13803.0,1018.0,4395
1014037,1027.0,1018.0,4395
1226700,23218.0,23220.0,4396
1226701,23218.0,23220.0,4396
1227283,23218.0,23220.0,4396
1227285,23218.0,23220.0,4396
1227284,23218.0,23220.0,4396
1014074,,525843.0,4422
1233018,,525843.0,4422
1233026,,525843.0,4422
1096704,,525843.0,4422
1097172,,525843.0,4422
1014079,344208.0,20991.0,4427
1080945,344208.0,20991.0,4427
1145169,344208.0,20991.0,4427
1146835,2947.0,2916.0,4434
1146822,2947.0,2916.0,4434
1037179,,384088.0,4447
1080553,18690.0,18679.0,4450
1076984,18690.0,18679.0,4450
1092623,18690.0,18679.0,4450
1076963,18690.0,18679.0,4450
1014137,18644.0,18679.0,4450
1076970,18690.0,18679.0,4450
1095103,390688.0,390689.0,4452
1014975,370401.0,370402.0,4488
1137774,537132.0,537131.0,4495
1058778,375981.0,375980.0,4510
1014323,473133.0,473122.0,4525
1232493,,473122.0,4525
1014331,453851.0,453852.0,4532
1285307,,378461.0,4543
1014453,378349.0,294715.0,4569
1058249,274235.0,294715.0,4569
1053409,378349.0,294715.0,4569
1053411,378349.0,294715.0,4569
1053454,274235.0,294715.0,4569
1053453,274235.0,294715.0,4569
1053390,378349.0,294715.0,4569
1053455,274235.0,294715.0,4569
1102845,16841.0,16828.0,4587
1014507,140163.0,17109.0,4594
1102160,89567.0,17109.0,4594
1093145,140163.0,17109.0,4594
1093146,88613.0,17109.0,4594
1014512,227518.0,3224.0,4597
1157961,227518.0,3224.0,4597
1066286,21963.0,21961.0,4605
1066287,21963.0,21961.0,4605
1063174,21963.0,21961.0,4605
1066261,21963.0,21961.0,4605
1063203,5664.0,21962.0,4608
1063205,5664.0,21962.0,4608
1063177,5664.0,21962.0,4608
1063154,5664.0,21962.0,4608
1186117,19626.0,27452.0,4609
1091916,19622.0,27452.0,4609
1185589,19626.0,27452.0,4609
1167124,108153.0,108147.0,4610
1167125,108151.0,108147.0,4610
1167127,108153.0,108147.0,4610
1185606,108148.0,108147.0,4610
1185608,108148.0,108147.0,4610
1184550,108152.0,108147.0,4610
1014525,108152.0,108147.0,4610
1184552,108152.0,108147.0,4610
1097105,108150.0,108147.0,4610
1023514,7558.0,7575.0,4614
1023961,24382.0,10715.0,4620
1040401,237119.0,237120.0,4622
1014559,6635.0,6679.0,4632
1202902,27207.0,18762.0,4640
1150194,3648.0,3642.0,4642
1150130,3648.0,3642.0,4642
1014573,3648.0,3642.0,4642
1121804,24987.0,12390.0,4667
1124193,932.0,942.0,4685
1145293,21054.0,21052.0,4704
1147395,21054.0,21052.0,4704
1147043,21054.0,21052.0,4704
1074030,2908.0,21052.0,4704
1144824,2932.0,21052.0,4704
1014683,2932.0,21052.0,4704
1198862,23673.0,23684.0,4716
1198864,23673.0,23684.0,4716
1059542,384084.0,384085.0,4731
1221811,11907.0,11877.0,4733
1042136,383482.0,383480.0,4734
1042146,383482.0,383480.0,4734
1145738,3715.0,3727.0,4745
1145740,3715.0,3727.0,4745
1150110,3715.0,3727.0,4745
1145744,3715.0,3727.0,4745
1143709,3715.0,3727.0,4745
1014794,3741.0,3727.0,4745
1266032,338235.0,9495.0,4750
1155813,536072.0,112634.0,4752
1301961,473132.0,473127.0,4765
1232508,,473127.0,4765
1174283,473134.0,473127.0,4765
1228508,473132.0,473127.0,4765
1014875,473133.0,473127.0,4765
1209318,473132.0,473127.0,4765
1306753,473134.0,473127.0,4765
1228914,473133.0,473127.0,4765
1119561,473123.0,473127.0,4765
1232539,,473127.0,4765
1057331,473133.0,473127.0,4765
1119564,473128.0,473127.0,4765
1137737,473128.0,473127.0,4765
1036706,473134.0,473127.0,4765
1148457,473132.0,473127.0,4765
1119591,473123.0,473127.0,4765
1155991,473134.0,473127.0,4765
1121672,473133.0,473127.0,4765
1299686,473133.0,473127.0,4765
1137771,473123.0,473127.0,4765
1027153,473132.0,473127.0,4765
1137778,473122.0,473127.0,4765
1232460,,473127.0,4765
1137784,473123.0,473127.0,4765
1200127,473134.0,473127.0,4765
1097189,473132.0,473127.0,4765
1158259,17307.0,17357.0,4766
1113466,26596.0,16993.0,4767
1014877,26596.0,16993.0,4767
1076810,18871.0,18981.0,4776
1077785,18871.0,18981.0,4776
1076755,18871.0,18981.0,4776
1077829,18871.0,18981.0,4776
1125432,1342.0,1326.0,4789
1150116,3618.0,3615.0,4792
1130844,3618.0,3615.0,4792
1014910,3618.0,3615.0,4792
1109953,27199.0,27192.0,4795
1071209,5348.0,5341.0,4796
1074876,5348.0,5341.0,4796
1074877,5348.0,5341.0,4796
1074878,5348.0,5341.0,4796
1070069,5348.0,5341.0,4796
1014919,15860.0,15875.0,4799
1306960,8422.0,8382.0,4803
1306961,8422.0,8382.0,4803
1074775,25510.0,13671.0,4815
1088800,26160.0,15688.0,4816
1131849,345084.0,20786.0,4821
1153347,12462.0,12449.0,4825
1201458,12462.0,12449.0,4825
1201460,12462.0,12449.0,4825
1201461,12462.0,12449.0,4825
1014948,12462.0,12449.0,4825
1135976,195839.0,263050.0,4830
1096135,375313.0,375310.0,4893
1015169,289597.0,3936.0,4904
1232979,,384663.0,4907
1015253,376521.0,376522.0,4921
1277315,4808.0,4809.0,4934
1278757,4808.0,4809.0,4934
1277320,4808.0,4809.0,4934
1277555,4808.0,4809.0,4934
1015422,8739.0,8682.0,4946
1300092,8739.0,8682.0,4946
1307744,8739.0,8682.0,4946
1307745,8739.0,8682.0,4946
1300082,8739.0,8682.0,4946
1015429,227204.0,227195.0,4947
1107787,344373.0,16818.0,4949
1015378,344373.0,16818.0,4949
1289036,227200.0,227197.0,4952
1289037,227203.0,227197.0,4952
1015393,227199.0,227197.0,4952
1015408,227202.0,227197.0,4952
1015410,227198.0,227197.0,4952
1288959,227200.0,227197.0,4952
1015381,227203.0,227197.0,4952
1138789,282566.0,345435.0,4954
1015384,27397.0,19469.0,4955
1189532,27397.0,19469.0,4955
1186958,27397.0,19469.0,4955
1186932,27409.0,19469.0,4955
1186261,27409.0,19469.0,4955
1184946,27397.0,19469.0,4955
1015394,24973.0,12376.0,4962
1288975,25004.0,12376.0,4962
1288977,24994.0,12376.0,4962
1288962,12280.0,12376.0,4962
1177376,50209.0,16714.0,4968
1177378,50203.0,16714.0,4968
1151124,50205.0,16714.0,4968
1181383,50208.0,16714.0,4968
1015404,391052.0,16714.0,4968
1015405,391053.0,16714.0,4968
1177676,50204.0,16714.0,4968
1177678,50204.0,16714.0,4968
1095175,5014.0,154236.0,4969
1015412,74530.0,18665.0,4973
1299973,74530.0,18665.0,4973
1299921,27162.0,18561.0,4976
1299920,244165.0,18561.0,4976
1173558,27174.0,18561.0,4976
1273719,9946.0,23897.0,4977
1015419,188476.0,24888.0,4979
1273900,12238.0,24888.0,4979
1273902,12238.0,24888.0,4979
1286697,12074.0,24888.0,4979
1288505,188475.0,24888.0,4979
1289025,188476.0,24888.0,4979
1273539,24939.0,24888.0,4979
1273540,24939.0,24888.0,4979
1273541,37736.0,24888.0,4979
1273542,24939.0,24888.0,4979
1288528,12238.0,24888.0,4979
1288529,12074.0,24888.0,4979
1273811,188477.0,24888.0,4979
1273812,188477.0,24888.0,4979
1095977,12074.0,24888.0,4979
1273831,24931.0,24888.0,4979
1266492,188477.0,24888.0,4979
1266493,188477.0,24888.0,4979
1306274,335675.0,335676.0,4983
1298491,335675.0,335676.0,4983
1307260,335675.0,335676.0,4983
1015426,330558.0,26796.0,4984
1216192,4845.0,26796.0,4984
1224525,21683.0,26796.0,4984
1281056,4845.0,26796.0,4984
1276974,283842.0,154239.0,4985
1289552,188482.0,188480.0,4988
1015431,188482.0,188480.0,4988
1288561,188484.0,188480.0,4988
1288562,188485.0,188480.0,4988
1015490,15904.0,15891.0,4989
1202135,19319.0,19362.0,4992
1186186,19319.0,19362.0,4992
1186187,19319.0,19362.0,4992
1015460,19319.0,19362.0,4992
1281426,18009.0,17986.0,4994
1281431,18008.0,17986.0,4994
1299937,26965.0,17986.0,4994
1285327,18009.0,17986.0,4994
1015462,17965.0,17986.0,4994
1137937,18012.0,17986.0,4994
1015473,16692.0,16686.0,4996
1143674,3032.0,26008.0,4998
1015475,2993.0,26008.0,4998
1090031,85411.0,21163.0,5000
1142375,,389963.0,5001
1142388,3036.0,389963.0,5001
1195013,19961.0,913.0,5002
1184529,26956.0,17963.0,5009
1184528,26956.0,17963.0,5009
1072956,14616.0,14499.0,5012
1018717,14616.0,14499.0,5012
1073053,14616.0,14499.0,5012
1164014,14616.0,14499.0,5012
1073054,14616.0,14499.0,5012
1018746,8001.0,7999.0,5024
1027607,8001.0,7999.0,5024
1019451,9271.0,9223.0,5039
1018820,9271.0,9223.0,5039
1018821,9271.0,9223.0,5039
1019294,8134.0,22966.0,5040
1018907,22813.0,7591.0,5049
1018909,22813.0,7591.0,5049
1018860,7591.0,22820.0,5051
1133017,60769.0,261117.0,5065
1018945,22924.0,7782.0,5081
1027878,7797.0,7852.0,5082
1053951,7797.0,7852.0,5082
1018979,260490.0,65564.0,5088
1018980,260490.0,65564.0,5088
1018981,92775.0,65564.0,5088
1054086,92775.0,65564.0,5088
1054087,92775.0,65564.0,5088
1048755,92775.0,65564.0,5088
1018997,22934.0,22944.0,5093
1281522,18386.0,18423.0,5105
1280977,18426.0,18423.0,5105
1280979,18426.0,18423.0,5105
1281523,18407.0,18423.0,5105
1137880,18407.0,18423.0,5105
1019066,175995.0,175996.0,5107
1027256,9059.0,23496.0,5111
1020028,8614.0,8562.0,5116
1019164,36137.0,36138.0,5119
1019170,36136.0,36135.0,5131
1019171,36136.0,36135.0,5131
1019172,36136.0,36135.0,5131
1019173,36136.0,36135.0,5131
1059175,9340.0,9287.0,5191
1019453,9469.0,9498.0,5199
1159755,9469.0,9498.0,5199
1020438,9469.0,9498.0,5199
1229439,9469.0,9498.0,5199
1251069,9469.0,9498.0,5199
1198090,9469.0,9498.0,5199
1063520,9469.0,9498.0,5199
1020592,9287.0,9241.0,5204
1019538,175995.0,175690.0,5210
1019539,175995.0,175690.0,5210
1019541,175995.0,175690.0,5210
1019543,175995.0,175690.0,5210
1020701,9107.0,9177.0,5214
1020183,114862.0,114863.0,5251
1019684,23453.0,23449.0,5259
1027601,7929.0,7967.0,5266
1056087,155836.0,155838.0,5273
1029041,155836.0,155838.0,5273
1029045,155836.0,155838.0,5273
1019747,23390.0,23419.0,5280
1019787,23301.0,8702.0,5286
1019788,23301.0,8702.0,5286
1277021,312315.0,110073.0,5294
1019970,23509.0,23522.0,5328
1228366,23509.0,23522.0,5328
1228718,23509.0,23522.0,5328
1228720,23509.0,23522.0,5328
1227245,23509.0,23522.0,5328
1020525,100451.0,100449.0,5333
1027007,100451.0,100449.0,5333
1027006,100451.0,100449.0,5333
1019997,8788.0,23263.0,5342
1275787,23513.0,23512.0,5362
1020043,101411.0,100452.0,5364
1020044,101411.0,100452.0,5364
1027054,101410.0,100452.0,5364
1027055,101410.0,100452.0,5364
1027056,101410.0,100452.0,5364
1027057,101411.0,100452.0,5364
1027851,23639.0,9317.0,5380
1132984,8836.0,8852.0,5386
1023650,23134.0,8466.0,5408
1020353,8923.0,9019.0,5451
1020879,23690.0,23710.0,5452
1020490,94044.0,94043.0,5479
1020492,94044.0,94043.0,5479
1020493,94044.0,94043.0,5479
1027038,94044.0,94043.0,5479
1047443,94044.0,94043.0,5479
1020629,23541.0,23527.0,5495
1023636,158080.0,158079.0,5505
1020624,23527.0,23541.0,5506
1027254,23496.0,9059.0,5509
1187604,16053.0,3945.0,5511
1187607,16202.0,3945.0,5511
1187878,26342.0,3945.0,5511
1187879,26342.0,3945.0,5511
1187880,26342.0,3945.0,5511
1187881,26342.0,3945.0,5511
1042511,26314.0,3945.0,5511
1187904,26342.0,3945.0,5511
1187905,16154.0,3945.0,5511
1020648,21522.0,3945.0,5511
1187024,16035.0,3945.0,5511
1187294,16241.0,3945.0,5511
1187296,16202.0,3945.0,5511
1187570,16201.0,3945.0,5511
1187571,16201.0,3945.0,5511
1187573,16222.0,3945.0,5511
1187194,16035.0,3945.0,5511
1027648,8218.0,8077.0,5517
1027646,8218.0,8077.0,5517
1023540,8218.0,8077.0,5517
1020679,8218.0,8077.0,5517
1020681,8218.0,8077.0,5517
1020669,9073.0,9027.0,5518
1278565,17117.0,17061.0,5522
1278566,17117.0,17061.0,5522
1278567,17117.0,17061.0,5522
1278601,17096.0,17061.0,5522
1278602,17096.0,17061.0,5522
1278517,17117.0,17061.0,5522
1278604,17096.0,17061.0,5522
1278568,17117.0,17061.0,5522
1020675,17096.0,17061.0,5522
1278513,26629.0,17061.0,5522
1278514,26629.0,17061.0,5522
1278549,26629.0,17061.0,5522
1278550,26629.0,17061.0,5522
1020775,9027.0,8974.0,5533
1027124,9809.0,9808.0,5539
1020748,23284.0,23285.0,5542
1048992,23284.0,23285.0,5542
1020760,23286.0,8744.0,5547
1027073,8757.0,8708.0,5550
1020798,,1358.0,5561
1021759,8553.0,8677.0,5562
1020814,8553.0,8677.0,5562
1020815,8553.0,8677.0,5562
1021761,8553.0,8677.0,5562
1227439,23252.0,23245.0,5586
1227812,23253.0,8802.0,5589
1020986,23253.0,8802.0,5589
1020987,23253.0,8802.0,5589
1020989,23253.0,8802.0,5589
1227549,23253.0,8802.0,5589
1024549,9032.0,23468.0,5592
1024483,9053.0,9032.0,5598
1023546,23452.0,9032.0,5598
1197071,535976.0,535975.0,5605
1026042,,535975.0,5605
1043653,535969.0,535975.0,5605
1021000,535977.0,535975.0,5605
1097129,535976.0,535975.0,5605
1097132,,535975.0,5605
1150782,535969.0,535975.0,5605
1097149,535976.0,535975.0,5605
1097151,,535975.0,5605
1043716,535969.0,535975.0,5605
1097173,535976.0,535975.0,5605
1097174,535976.0,535975.0,5605
1281586,535974.0,535975.0,5605
1281588,535974.0,535975.0,5605
1310081,535969.0,535975.0,5605
1021144,9331.0,9281.0,5649
1021168,9331.0,9281.0,5649
1021169,9331.0,9281.0,5649
1042104,344491.0,391375.0,5679
1056028,309760.0,309757.0,5683
1135709,309760.0,309757.0,5683
1255963,309760.0,309757.0,5683
1021298,309760.0,309757.0,5683
1027635,22789.0,7534.0,5695
1054530,23145.0,8513.0,5707
1054466,23145.0,8513.0,5707
1054531,23145.0,8513.0,5707
1032407,23145.0,8513.0,5707
1053970,23145.0,8513.0,5707
1026304,13088.0,13016.0,5726
1021570,7478.0,7427.0,5751
1021591,6587.0,6600.0,5757
1302837,506644.0,506642.0,5758
1036380,506644.0,506642.0,5758
1138704,506644.0,506642.0,5758
1026371,12906.0,12922.0,5765
1026114,12906.0,12922.0,5765
1026089,12906.0,12922.0,5765
1054460,23055.0,23087.0,5773
1054461,23055.0,23087.0,5773
1054462,23055.0,23087.0,5773
1054463,23055.0,23087.0,5773
1021672,13223.0,13211.0,5783
1021778,36133.0,36134.0,5800
1035418,24329.0,10654.0,5810
1021824,174408.0,174403.0,5811
1021825,174408.0,174403.0,5811
1021878,174408.0,174403.0,5811
1021879,174408.0,174403.0,5811
1021870,11987.0,24777.0,5822
1021985,10120.0,10158.0,5851
1022482,24266.0,10497.0,5859
1022484,24266.0,10497.0,5859
1022485,24266.0,10497.0,5859
1022051,9412.0,9390.0,5860
1022031,9412.0,9390.0,5860
1022033,9412.0,9390.0,5860
1023578,10401.0,10423.0,5884
1063502,10392.0,10423.0,5884
1063505,281927.0,10423.0,5884
1024383,24128.0,10423.0,5884
1024385,24128.0,10423.0,5884
1024399,24128.0,10423.0,5884
1024400,24128.0,10423.0,5884
1024404,281927.0,10423.0,5884
1022081,10392.0,10423.0,5884
1026747,10392.0,10423.0,5884
1024411,281927.0,10423.0,5884
1055942,10392.0,10423.0,5884
1024039,10392.0,10423.0,5884
1035711,10401.0,10423.0,5884
1035713,10401.0,10423.0,5884
1066917,10401.0,10423.0,5884
1022085,24270.0,10495.0,5887
1022119,24270.0,10495.0,5887
1027206,10544.0,10533.0,5913
1048883,10544.0,10533.0,5913
1022163,10544.0,10533.0,5913
1024170,10544.0,10533.0,5913
1022134,10544.0,10533.0,5913
1040531,6504.0,6477.0,5932
1047375,340477.0,326399.0,5938
1022273,10557.0,24334.0,5951
1041409,10557.0,24334.0,5951
1024355,10557.0,24334.0,5951
1024298,10557.0,24334.0,5951
1148902,343612.0,47020.0,5979
1022466,10893.0,24439.0,5994
1046155,24406.0,24411.0,6004
1022530,24411.0,24406.0,6005
1022531,24411.0,24406.0,6005
1022493,24411.0,24406.0,6005
1046196,24420.0,24411.0,6021
1046197,24420.0,24411.0,6021
1046195,24420.0,24411.0,6021
1026662,344336.0,344337.0,6023
1026635,344336.0,344337.0,6023
1022578,10909.0,10942.0,6028
1022580,10909.0,10942.0,6028
1035783,306237.0,319035.0,6047
1029649,370383.0,370384.0,6053
1022685,370382.0,370381.0,6058
1022741,344333.0,344334.0,6060
1029681,370384.0,370382.0,6067
1040649,390639.0,390643.0,6069
1024473,23934.0,10092.0,6073
1024425,23934.0,10092.0,6073
1024395,23934.0,10092.0,6073
1024471,23934.0,10092.0,6073
1022790,449229.0,449228.0,6088
1270687,542509.0,537119.0,6091
1270655,542509.0,537119.0,6091
1270657,542509.0,537119.0,6091
1022896,11017.0,11009.0,6096
1022849,11017.0,11009.0,6096
1024392,10994.0,11012.0,6110
1022993,173127.0,258564.0,6115
1022914,173127.0,258564.0,6115
1022916,173127.0,258564.0,6115
1122185,20148.0,20182.0,6142
1122187,20148.0,20182.0,6142
1022998,20148.0,20182.0,6142
1046179,173130.0,173122.0,6150
1023211,8818.0,23313.0,6192
1023903,23967.0,23956.0,6208
1023321,,4.0,6218
1185358,19545.0,19569.0,6230
1081322,13820.0,13833.0,6249
1053304,22783.0,7558.0,6260
1027183,22783.0,7558.0,6260
1023528,23402.0,8927.0,6269
1023602,24107.0,24054.0,6296
1024336,24107.0,24054.0,6296
1024337,24107.0,24054.0,6296
1023775,8702.0,8705.0,6326
1023727,8705.0,23301.0,6327
1023729,8705.0,23301.0,6327
1023728,8705.0,23301.0,6327
1023831,7679.0,7733.0,6343
1306056,7555.0,7733.0,6343
1023985,10115.0,10184.0,6371
1048697,23899.0,23891.0,6383
1026961,23899.0,23891.0,6383
1024012,10047.0,10083.0,6385
1024063,155199.0,155197.0,6395
1024065,155200.0,155197.0,6395
1024525,155200.0,155197.0,6395
1024562,155200.0,155197.0,6395
1024046,155200.0,155197.0,6395
1024049,155200.0,155197.0,6395
1024053,23997.0,23979.0,6397
1024156,24061.0,24078.0,6401
1024157,24061.0,24078.0,6401
1024071,24061.0,24078.0,6401
1024554,24061.0,10130.0,6404
1093836,17861.0,17860.0,6407
1093664,17809.0,17835.0,6423
1024184,103003.0,1653.0,6425
1123348,1632.0,1653.0,6425
1126449,103003.0,1653.0,6425
1126322,103003.0,1653.0,6425
1126258,1632.0,1653.0,6425
1024210,10859.0,24430.0,6431
1024239,24445.0,66227.0,6442
1024240,24445.0,66227.0,6442
1024259,10397.0,10400.0,6450
1135530,19211.0,19166.0,6478
1024348,19211.0,19166.0,6478
1068991,19143.0,19166.0,6478
1026746,24125.0,10354.0,6501
1024652,8665.0,8663.0,6524
1024794,16877.0,4497.0,6559
1265551,,376736.0,6560
1024899,20857.0,20823.0,6578
1095085,420288.0,420286.0,6622
1197353,175682.0,20045.0,6633
1025355,24858.0,11987.0,6654
1025753,11997.0,11987.0,6713
1048786,11997.0,11987.0,6713
1277533,21623.0,4580.0,6745
1285325,17857.0,17750.0,6750
1299457,4930.0,17750.0,6750
1025946,4930.0,17750.0,6750
1298693,4905.0,17750.0,6750
1279285,4930.0,17750.0,6750
1297762,26860.0,17750.0,6750
1279385,4905.0,17750.0,6750
1025979,477903.0,477905.0,6759
1128752,18900.0,18929.0,6766
1111898,5119.0,18929.0,6766
1111899,18900.0,18929.0,6766
1054879,25008.0,12424.0,6787
1027778,25008.0,12424.0,6787
1026310,25008.0,12424.0,6787
1026311,25008.0,12424.0,6787
1026312,25008.0,12424.0,6787
1026162,437.0,444.0,6788
1272021,437.0,444.0,6788
1119427,501852.0,501855.0,6828
1302794,501853.0,501855.0,6828
1210106,501853.0,501855.0,6828
1233029,,501855.0,6828
1119112,506648.0,506646.0,6857
1026668,506648.0,506646.0,6857
1281640,506648.0,506646.0,6857
1035092,6790.0,22519.0,6875
1026857,23832.0,23844.0,6883
1028538,8717.0,23274.0,6898
1026888,9331.0,9320.0,6900
1026889,9331.0,9320.0,6900
1026894,9331.0,9320.0,6900
1026897,9331.0,9320.0,6900
1026947,9730.0,9732.0,6906
1026948,9730.0,9732.0,6906
1027019,115521.0,391220.0,6919
1027021,115521.0,391220.0,6919
1026999,115521.0,391220.0,6919
1027000,115521.0,391220.0,6919
1053661,24416.0,24396.0,6953
1128556,23898.0,23883.0,6972
1027549,23898.0,23883.0,6972
1027660,23184.0,23213.0,7042
1167104,27106.0,18310.0,7044
1167107,27106.0,18310.0,7044
1089201,27106.0,18310.0,7044
1122538,1035.0,993.0,7046
1122539,370459.0,993.0,7046
1196859,1042.0,993.0,7046
1027678,1008.0,993.0,7046
1143483,3847.0,3788.0,7057
1031363,3807.0,3788.0,7057
1146847,16027.0,3788.0,7057
1146848,375932.0,3788.0,7057
1150062,3807.0,3788.0,7057
1059276,3847.0,3788.0,7057
1150098,3847.0,3788.0,7057
1146884,15981.0,3788.0,7057
1150100,3847.0,3788.0,7057
1132992,246730.0,247035.0,7061
1103815,16309.0,16338.0,7089
1103816,16309.0,16338.0,7089
1103817,16309.0,16338.0,7089
1028533,74204.0,10730.0,7095
1029825,6961.0,6960.0,7100
1046856,6565.0,6523.0,7119
1032209,287998.0,287997.0,7120
1029970,6382.0,6433.0,7141
1037771,6314.0,6308.0,7155
1037772,6314.0,6308.0,7155
1037775,6314.0,6308.0,7155
1037777,6314.0,6308.0,7155
1028108,7030.0,7102.0,7165
1028211,7030.0,7102.0,7165
1033120,7030.0,7102.0,7165
1033124,7030.0,7102.0,7165
1048956,22642.0,7102.0,7165
1030248,22642.0,7102.0,7165
1036299,6297.0,22246.0,7173
1073537,6970.0,6987.0,7174
1030740,6970.0,6987.0,7174
1030741,6970.0,6987.0,7174
1028068,6970.0,6987.0,7174
1097708,6970.0,6987.0,7174
1132978,7670.0,7641.0,7180
1029931,273924.0,273923.0,7190
1029932,273924.0,273923.0,7190
1029933,273924.0,273923.0,7190
1029934,273924.0,273923.0,7190
1033423,273924.0,273923.0,7190
1033424,273924.0,273923.0,7190
1043269,156167.0,129268.0,7202
1040672,22392.0,22423.0,7206
1032749,6246.0,6260.0,7209
1030714,271036.0,271037.0,7225
1134836,6420.0,22249.0,7228
1136154,6420.0,22249.0,7228
1037296,22551.0,6894.0,7230
1034568,7777.0,7759.0,7249
1034569,7777.0,7759.0,7249
1034507,7740.0,7759.0,7249
1034510,7740.0,7759.0,7249
1028151,7777.0,7759.0,7249
1046778,265622.0,265623.0,7255
1039152,265622.0,265623.0,7255
1034941,263366.0,263367.0,7271
1030156,6227.0,6181.0,7289
1036505,22812.0,22817.0,7290
1028882,22812.0,22817.0,7290
1031731,22812.0,22817.0,7290
1036483,22812.0,22817.0,7290
1035820,326398.0,326396.0,7293
1028536,375309.0,370350.0,7311
1032017,370358.0,370350.0,7311
1028541,15374.0,15360.0,7314
1068112,115504.0,86052.0,7317
1028545,115504.0,86052.0,7317
1028549,22870.0,7761.0,7321
1068321,19183.0,19179.0,7322
1068324,19183.0,19179.0,7322
1069025,5901.0,5894.0,7325
1068994,5901.0,5894.0,7325
1059816,5901.0,5894.0,7325
1028561,134379.0,15816.0,7333
1089981,134379.0,15816.0,7333
1028564,375244.0,17083.0,7336
1058712,22053.0,5834.0,7340
1068382,22053.0,5834.0,7340
1068384,22053.0,5834.0,7340
1068426,22057.0,5834.0,7340
1028569,22057.0,5834.0,7340
1133313,15358.0,15437.0,7348
1028577,15420.0,15437.0,7348
1081570,13887.0,13880.0,7353
1028584,26566.0,16888.0,7355
1102513,26474.0,26481.0,7364
1028594,26505.0,26481.0,7364
1102946,16594.0,26481.0,7364
1102947,16594.0,26481.0,7364
1028598,5715.0,5713.0,7367
1028606,17769.0,26894.0,7374
1028610,17150.0,26672.0,7378
1100167,17215.0,26672.0,7378
1100168,17215.0,26672.0,7378
1100011,17215.0,26672.0,7378
1080041,279680.0,26274.0,7383
1028620,17661.0,17563.0,7387
1028624,16206.0,16233.0,7391
1169116,26018.0,15056.0,7401
1190109,26018.0,15056.0,7401
1169132,26018.0,15056.0,7401
1169118,26025.0,26024.0,7403
1169119,26025.0,26024.0,7403
1190123,26025.0,26024.0,7403
1063504,370574.0,370573.0,7411
1039663,344271.0,350006.0,7426
1028963,344271.0,350006.0,7426
1028965,344271.0,350006.0,7426
1048906,344271.0,350006.0,7426
1028695,344332.0,350006.0,7426
1028707,370574.0,375679.0,7431
1028708,370574.0,375679.0,7431
1028721,370574.0,375679.0,7431
1028722,370587.0,375679.0,7431
1056582,376047.0,376048.0,7462
1044614,22837.0,7603.0,7470
1048929,22837.0,7603.0,7470
1033287,294077.0,291199.0,7503
1029495,7629.0,7628.0,7506
1036722,158075.0,159044.0,7529
1028989,261755.0,261450.0,7534
1036789,167998.0,155836.0,7544
1056066,167998.0,155836.0,7544
1029068,375308.0,375309.0,7549
1097689,375308.0,375309.0,7549
1039194,7417.0,7402.0,7592
1056054,343552.0,343550.0,7624
1056056,343552.0,343550.0,7624
1029370,308475.0,343550.0,7624
1029373,343552.0,343550.0,7624
1029374,343552.0,343550.0,7624
1029375,268796.0,343550.0,7624
1029376,308475.0,343550.0,7624
1029378,308475.0,343550.0,7624
1029380,308475.0,343550.0,7624
1029381,308475.0,343550.0,7624
1029385,308475.0,343550.0,7624
1055962,268796.0,343550.0,7624
1055963,308475.0,343550.0,7624
1029454,7628.0,22837.0,7653
1029497,7628.0,22837.0,7653
1029678,6199.0,6219.0,7693
1042033,22799.0,7498.0,7705
1029839,278084.0,278085.0,7749
1029873,278086.0,278085.0,7749
1029861,278085.0,278086.0,7755
1153091,119339.0,390779.0,7760
1153092,119339.0,390779.0,7760
1152878,119339.0,390779.0,7760
1159515,21187.0,390779.0,7760
1041454,6549.0,22311.0,7856
1041491,6549.0,22311.0,7856
1030217,6549.0,22311.0,7856
1056083,6549.0,22311.0,7856
1068248,22420.0,6818.0,7864
1030314,170237.0,170238.0,7878
1030350,343094.0,343093.0,7885
1068024,400927.0,130219.0,7907
1030439,400927.0,130219.0,7907
1030513,,2516.0,7920
1038263,7623.0,7584.0,7928
1030623,331522.0,331523.0,7935
1030631,331522.0,331523.0,7935
1030659,6370.0,22265.0,7959
1030660,6370.0,22265.0,7959
1066077,172164.0,172163.0,7977
1066337,172164.0,172163.0,7977
1066080,172164.0,172163.0,7977
1117142,172164.0,172163.0,7977
1045736,22476.0,6871.0,7990
1045738,22476.0,6871.0,7990
1045739,22476.0,6871.0,7990
1045740,22476.0,6871.0,7990
1031228,22476.0,6871.0,7990
1045742,22476.0,6871.0,7990
1045751,22476.0,6871.0,7990
1030757,6870.0,6871.0,7990
1030758,6870.0,6871.0,7990
1030779,6941.0,22567.0,7991
1030780,6941.0,22567.0,7991
1034022,6941.0,22567.0,7991
1030782,6941.0,22567.0,7991
1030763,6941.0,22567.0,7991
1034849,7483.0,7514.0,8001
1265308,335995.0,22893.0,8020
1089667,7698.0,22893.0,8020
1034886,7914.0,22893.0,8020
1074308,7698.0,22893.0,8020
1133274,335995.0,22893.0,8020
1300882,7698.0,22893.0,8020
1132980,7875.0,22893.0,8020
1058330,22541.0,6854.0,8050
1030992,22541.0,6854.0,8050
1030993,22541.0,6854.0,8050
1030994,22541.0,6854.0,8050
1133033,156167.0,130542.0,8060
1045398,6135.0,22208.0,8063
1045402,6135.0,22208.0,8063
1031247,169285.0,167997.0,8121
1031248,169285.0,167997.0,8121
1031249,169285.0,167997.0,8121
1031250,169285.0,167997.0,8121
1031252,169285.0,167997.0,8121
1031262,283200.0,283199.0,8126
1257431,,343214.0,8155
1031547,142396.0,141435.0,8199
1031548,142396.0,141435.0,8199
1031544,142396.0,141435.0,8199
1031545,142396.0,141435.0,8199
1031546,142396.0,141435.0,8199
1031540,,85727.0,8200
1249652,506691.0,536771.0,8210
1053674,536770.0,536771.0,8210
1031702,10466.0,10500.0,8226
1031662,24273.0,10549.0,8227
1055946,10466.0,24232.0,8229
1047105,10549.0,24273.0,8237
1047106,24227.0,24273.0,8237
1041818,7773.0,7723.0,8245
1152875,,7010.0,8253
1031783,7385.0,7341.0,8273
1044507,7162.0,22635.0,8279
1041457,6408.0,6372.0,8288
1045348,6151.0,6128.0,8305
1037994,6431.0,6381.0,8317
1046094,,536892.0,8319
1298998,,536892.0,8319
1158561,,536892.0,8319
1031913,,536892.0,8319
1277807,536893.0,536892.0,8319
1097131,536893.0,536892.0,8319
1066026,536893.0,536892.0,8319
1036043,6480.0,6453.0,8338
1177913,2096.0,2128.0,8340
1031985,6469.0,22305.0,8351
1202130,19004.0,18993.0,8379
1202132,19004.0,18993.0,8379
1203520,303995.0,18993.0,8379
1186254,19126.0,18993.0,8379
1186255,19126.0,18993.0,8379
1184871,19004.0,18993.0,8379
1032122,303995.0,18993.0,8379
1186231,19004.0,18993.0,8379
1186297,19126.0,18993.0,8379
1185207,19126.0,18993.0,8379
1032165,339843.0,341122.0,8386
1032166,339843.0,341122.0,8386
1032159,339843.0,341122.0,8386
1032160,339843.0,341122.0,8386
1032161,339843.0,341122.0,8386
1032162,339843.0,341122.0,8386
1032340,343565.0,343567.0,8430
1032661,287998.0,313597.0,8448
1035835,336319.0,336316.0,8468
1044005,6446.0,6496.0,8472
1053604,6566.0,6553.0,8473
1033999,6566.0,6553.0,8473
1034001,6566.0,6553.0,8473
1032520,344459.0,344462.0,8479
1032627,345249.0,345246.0,8502
1302594,449044.0,449045.0,8504
1032886,6867.0,22469.0,8519
1032790,370316.0,370315.0,8540
1267548,23582.0,8700.0,8562
1267549,23582.0,8700.0,8562
1136024,23392.0,8700.0,8562
1269123,9002.0,8700.0,8562
1269124,9002.0,8700.0,8562
1269125,9002.0,8700.0,8562
1267844,8986.0,8700.0,8562
1267845,9014.0,8700.0,8562
1098175,23348.0,8700.0,8562
1271707,8958.0,8700.0,8562
1271708,8948.0,8700.0,8562
1271709,8948.0,8700.0,8562
1267725,8829.0,8700.0,8562
1267855,8869.0,8700.0,8562
1266186,9026.0,8700.0,8562
1095293,9117.0,8700.0,8562
1225018,8976.0,8700.0,8562
1225019,8926.0,8700.0,8562
1267900,9014.0,8700.0,8562
1267901,8986.0,8700.0,8562
1267903,9026.0,8700.0,8562
1134789,23392.0,8700.0,8562
1073775,23348.0,8700.0,8562
1269453,9117.0,8700.0,8562
1225050,8986.0,8700.0,8562
1225051,9117.0,8700.0,8562
1040772,22516.0,6911.0,8563
1041499,22435.0,22475.0,8568
1032900,6766.0,6667.0,8571
1035099,6702.0,6667.0,8571
1032930,6766.0,6667.0,8571
1133057,6740.0,6667.0,8571
1032899,6766.0,6667.0,8571
1044056,6702.0,6667.0,8571
1033024,22498.0,6859.0,8595
1034520,7732.0,7713.0,8599
1033222,285128.0,285129.0,8639
1033223,341120.0,343394.0,8648
1033282,291199.0,294077.0,8661
1036261,6638.0,6684.0,8686
1250236,6638.0,6684.0,8686
1132416,6638.0,6684.0,8686
1304026,537133.0,537135.0,8692
1119304,537133.0,537135.0,8692
1034187,294076.0,309758.0,8709
1034188,294076.0,309758.0,8709
1033550,349773.0,349776.0,8713
1033564,350075.0,349900.0,8715
1127228,,530639.0,8759
1033813,109419.0,109114.0,8762
1044551,6763.0,6726.0,8768
1136771,165129.0,168320.0,8781
1033887,165129.0,168320.0,8781
1250149,165129.0,168320.0,8781
1033827,165129.0,168320.0,8781
1045050,165129.0,168320.0,8781
1277925,20388.0,2033.0,8792
1036463,131506.0,126383.0,8818
1036464,131506.0,126383.0,8818
1041383,126385.0,126383.0,8818
1041384,126385.0,126383.0,8818
1041385,126385.0,126383.0,8818
1034028,131506.0,126383.0,8818
1036445,131506.0,126383.0,8818
1094505,22558.0,6967.0,8834
1034111,22558.0,6967.0,8834
1070819,22558.0,6967.0,8834
1302982,6934.0,6967.0,8834
1302989,6934.0,6967.0,8834
1145044,,477906.0,8838
1034164,294077.0,294076.0,8846
1037211,55649.0,47644.0,8866
1038808,55649.0,47644.0,8866
1034259,55649.0,47644.0,8866
1034261,55649.0,47644.0,8866
1034262,55649.0,47644.0,8866
1133894,9112.0,9058.0,8882
1034362,159048.0,159049.0,8883
1034384,159357.0,159045.0,8888
1034385,159357.0,159045.0,8888
1034324,159357.0,159045.0,8888
1034326,159357.0,159045.0,8888
1034360,159047.0,159048.0,8891
1034515,7779.0,7777.0,8922
1034555,7759.0,7740.0,8923
1064943,7708.0,7732.0,8925
1034560,7740.0,7732.0,8925
1034562,7740.0,7732.0,8925
1101534,16659.0,16641.0,8936
1102959,26502.0,16641.0,8936
1102960,26502.0,16641.0,8936
1104126,16659.0,16641.0,8936
1101547,26503.0,16641.0,8936
1110192,26502.0,16641.0,8936
1101603,16659.0,16641.0,8936
1099278,26500.0,16641.0,8936
1034554,16659.0,16641.0,8936
1099320,26500.0,16641.0,8936
1099321,26500.0,16641.0,8936
1101519,26503.0,16641.0,8936
1094073,26500.0,16641.0,8936
1101521,26503.0,16641.0,8936
1094075,26500.0,16641.0,8936
1101526,16659.0,16641.0,8936
1102950,26502.0,16641.0,8936
1064947,22215.0,6186.0,8952
1041544,6160.0,6186.0,8952
1041545,6160.0,6186.0,8952
1034654,6186.0,49258.0,8954
1034712,6216.0,49258.0,8954
1034721,292162.0,292159.0,8973
1034753,292159.0,292158.0,8978
1034905,22377.0,22393.0,9011
1044359,536811.0,536191.0,9026
1034938,536814.0,536191.0,9026
1037959,6730.0,6770.0,9037
1044549,6726.0,6763.0,9038
1063497,172475.0,172169.0,9048
1133006,22142.0,22143.0,9078
1035203,292157.0,292156.0,9080
1047486,292160.0,292157.0,9082
1047467,292160.0,292157.0,9085
1035212,292160.0,292157.0,9085
1035239,6028.0,22111.0,9092
1035328,344636.0,306237.0,9100
1035288,344636.0,306237.0,9100
1035435,344337.0,343441.0,9114
1035436,344337.0,343441.0,9114
1044960,344337.0,343441.0,9115
1044959,344337.0,343441.0,9115
1035395,10871.0,66227.0,9117
1035397,10879.0,66227.0,9117
1035398,10871.0,66227.0,9117
1035447,10879.0,66227.0,9117
1135464,19105.0,19140.0,9124
1076621,19234.0,19140.0,9124
1078685,19234.0,19140.0,9124
1076623,19234.0,19140.0,9124
1084245,19232.0,19140.0,9124
1069986,19105.0,19140.0,9124
1069987,19105.0,19140.0,9124
1069988,19105.0,19140.0,9124
1035427,19105.0,19140.0,9124
1069477,19232.0,19140.0,9124
1069481,19232.0,19140.0,9124
1069482,19232.0,19140.0,9124
1069483,19232.0,19140.0,9124
1069500,19234.0,19140.0,9124
1035477,341122.0,343392.0,9133
1195390,19560.0,27436.0,9140
1035511,19546.0,27436.0,9140
1186006,27432.0,27436.0,9140
1186008,27432.0,27436.0,9140
1186009,27432.0,27436.0,9140
1035517,55648.0,55647.0,9143
1035593,376893.0,376892.0,9159
1035839,458703.0,458701.0,9198
1036015,6734.0,22373.0,9235
1036052,77723.0,77724.0,9249
1036093,6565.0,6523.0,9261
1073470,7657.0,7600.0,9292
1119974,7657.0,7600.0,9292
1036819,22569.0,22540.0,9326
1036820,22569.0,22540.0,9326
1036821,22569.0,22540.0,9326
1036805,22569.0,22540.0,9326
1036806,22569.0,22540.0,9326
1125482,,444304.0,9345
1138771,530640.0,530638.0,9365
1281589,530637.0,530638.0,9365
1166258,530637.0,530638.0,9365
1138716,530637.0,530638.0,9365
1036571,530635.0,530638.0,9365
1233027,530635.0,530638.0,9365
1262410,530637.0,530638.0,9365
1247604,,530638.0,9365
1137777,530635.0,530638.0,9365
1036695,7871.0,7837.0,9375
1041361,7871.0,7837.0,9375
1041311,22906.0,7871.0,9376
1041312,22906.0,7871.0,9376
1041364,7855.0,7871.0,9376
1041365,7855.0,7871.0,9376
1041366,7855.0,7871.0,9376
1036648,22906.0,7871.0,9376
1036650,22906.0,7871.0,9376
1041316,7835.0,22910.0,9377
1036696,7872.0,7892.0,9384
1041327,7859.0,7872.0,9385
1143711,3134.0,535916.0,9414
1229389,9738.0,9715.0,9423
1197619,23851.0,9715.0,9423
1224521,23851.0,9715.0,9423
1036838,23851.0,9715.0,9423
1228804,9722.0,9715.0,9423
1199833,23783.0,9715.0,9423
1221510,9722.0,9715.0,9423
1266046,9671.0,9715.0,9423
1198940,23783.0,9715.0,9423
1198941,23783.0,9715.0,9423
1198305,23851.0,9715.0,9423
1221392,23783.0,9715.0,9423
1217917,9656.0,9715.0,9423
1228843,23851.0,9715.0,9423
1272537,9656.0,9715.0,9423
1228847,9738.0,9715.0,9423
1228848,9738.0,9715.0,9423
1228849,9671.0,9715.0,9423
1289727,9671.0,9715.0,9423
1036845,,4768.0,9426
1276080,4769.0,4768.0,9426
1276431,4769.0,4768.0,9426
1299280,4769.0,4768.0,9426
1119456,425277.0,425280.0,9428
1119403,425277.0,425280.0,9428
1119439,425277.0,425280.0,9428
1036877,285127.0,283197.0,9432
1036878,285124.0,283197.0,9432
1038052,148480.0,148479.0,9434
1036934,364526.0,344979.0,9440
1036935,364526.0,344979.0,9440
1036936,364526.0,344979.0,9440
1036937,364526.0,344979.0,9440
1036968,375008.0,375007.0,9449
1038244,375004.0,375005.0,9456
1036995,271038.0,265621.0,9461
1037027,226242.0,256640.0,9465
1037142,23585.0,9300.0,9487
1037175,23487.0,9102.0,9501
1037177,23487.0,9102.0,9501
1135451,23487.0,9102.0,9501
1054029,23487.0,9102.0,9501
1060445,23487.0,9102.0,9501
1037504,6832.0,6845.0,9570
1037506,6832.0,6845.0,9570
1037510,6832.0,6845.0,9570
1037511,6832.0,6845.0,9570
1053650,22561.0,22550.0,9603
1037817,,13491.0,9630
1038005,6552.0,6510.0,9658
1041470,6510.0,6475.0,9664
1144724,13137.0,13124.0,9681
1038238,6712.0,6745.0,9706
1038187,6709.0,6745.0,9706
1074147,21673.0,4781.0,9711
1038182,473163.0,4781.0,9711
1137966,,4781.0,9711
1109299,21673.0,4781.0,9711
1120031,21673.0,4781.0,9711
1038210,22419.0,6742.0,9714
1074302,6771.0,6742.0,9714
1038452,345055.0,354828.0,9767
1038467,171206.0,171201.0,9772
1038468,171205.0,171201.0,9772
1038469,171206.0,171201.0,9772
1038470,171206.0,171201.0,9772
1038521,171205.0,171201.0,9772
1038522,171205.0,171201.0,9772
1045392,22208.0,6135.0,9784
1045391,22208.0,6135.0,9784
1181243,15948.0,15968.0,9789
1181246,15955.0,15968.0,9789
1186699,15996.0,15968.0,9789
1186700,15996.0,15968.0,9789
1181251,15996.0,15968.0,9789
1181260,15948.0,15968.0,9789
1181261,15996.0,15968.0,9789
1181263,15948.0,15968.0,9789
1181140,15955.0,15968.0,9789
1038558,15955.0,15968.0,9789
1038670,9248.0,9198.0,9808
1232465,,525844.0,9821
1038761,9678.0,9597.0,9827
1065188,9678.0,9597.0,9827
1038770,9650.0,9678.0,9830
1042535,113586.0,90527.0,9877
1136666,113586.0,90527.0,9877
1038994,282884.0,189115.0,9882
1039174,226242.0,130540.0,9920
1039816,23622.0,23608.0,9957
1045071,265928.0,265929.0,9964
1045074,265928.0,265929.0,9964
1039289,265928.0,265929.0,9964
1057441,265928.0,265929.0,9964
1044320,265928.0,265929.0,9964
1225730,,537451.0,9965
1039290,,537451.0,9965
1225731,,537451.0,9965
1228733,,537451.0,9965
1039327,9538.0,9537.0,9979
1046935,9628.0,9595.0,9982
1046904,9628.0,9595.0,9982
1046905,9628.0,9595.0,9982
1046930,9628.0,9595.0,9982
1084402,18766.0,18806.0,10027
1096886,18766.0,18806.0,10027
1039566,9206.0,9192.0,10028
1148384,2535.0,2472.0,10034
1083207,2535.0,2472.0,10034
1148467,2535.0,2472.0,10034
1153708,2535.0,2472.0,10034
1153709,2535.0,2472.0,10034
1148382,2535.0,2472.0,10034
1039608,375060.0,375061.0,10040
1043767,7810.0,7832.0,10050
1039767,9136.0,9062.0,10080
1039768,9136.0,9062.0,10080
1039769,9136.0,9062.0,10080
1039770,9136.0,9062.0,10080
1039771,9136.0,9062.0,10080
1039775,23622.0,23600.0,10082
1039778,23622.0,23600.0,10082
1039781,23622.0,23600.0,10082
1039782,23622.0,23600.0,10082
1040942,34530.0,23353.0,10113
1040087,48286.0,37418.0,10158
1040088,48286.0,37418.0,10158
1040089,48286.0,37418.0,10158
1040090,48286.0,37418.0,10158
1040148,101405.0,71323.0,10177
1040187,71325.0,71326.0,10185
1042508,343708.0,343709.0,10239
1045845,69092.0,53090.0,10281
1298932,463436.0,463437.0,10315
1040797,463436.0,463437.0,10315
1054945,146880.0,146882.0,10317
1225003,389931.0,389927.0,10322
1095396,389931.0,389927.0,10322
1097360,389931.0,389927.0,10322
1040817,389931.0,389927.0,10322
1096239,389931.0,389927.0,10322
1041686,118721.0,148166.0,10357
1041681,118721.0,148166.0,10357
1041684,118721.0,148166.0,10357
1041685,118721.0,148166.0,10357
1043759,7815.0,7842.0,10372
1043762,7815.0,7842.0,10372
1304639,119.0,155.0,10417
1304640,7191.0,155.0,10417
1304111,154.0,155.0,10417
1041249,117.0,155.0,10417
1308735,117.0,155.0,10417
1308736,154.0,155.0,10417
1304658,154.0,155.0,10417
1307485,7191.0,155.0,10417
1304634,119.0,155.0,10417
1304638,119.0,155.0,10417
1109162,536230.0,536225.0,10426
1124341,536224.0,536225.0,10426
1273991,536224.0,536225.0,10426
1154861,536224.0,536225.0,10426
1041290,536227.0,536225.0,10426
1189385,536224.0,536225.0,10426
1248326,,536225.0,10426
1209083,536224.0,536225.0,10426
1136809,81894.0,81895.0,10445
1135318,81894.0,81895.0,10445
1197008,12017.0,12078.0,10463
1217076,280965.0,280966.0,10469
1201739,280965.0,280966.0,10469
1217097,280965.0,280966.0,10469
1041612,280965.0,280966.0,10469
1217098,280965.0,280966.0,10469
1218140,280965.0,280966.0,10469
1218142,280965.0,280966.0,10469
1217161,280965.0,280966.0,10469
1201692,280965.0,280966.0,10469
1217169,280965.0,280966.0,10469
1217168,280965.0,280966.0,10469
1042231,118715.0,118714.0,10497
1041770,230401.0,230399.0,10501
1042945,230401.0,230399.0,10501
1042944,230401.0,230399.0,10501
1041781,230401.0,230399.0,10501
1042946,230401.0,230399.0,10501
1042947,237757.0,237755.0,10506
1041827,7825.0,7870.0,10512
1044709,139202.0,139203.0,10524
1041923,343720.0,343721.0,10535
1065049,343720.0,343721.0,10535
1041935,20855.0,20827.0,10538
1041985,375407.0,370511.0,10547
1042059,375410.0,375406.0,10550
1107880,1985.0,2106.0,10567
1107881,2108.0,2106.0,10567
1107882,13948.0,2106.0,10567
1107883,2108.0,2106.0,10567
1107890,13953.0,2106.0,10567
1107892,13899.0,2106.0,10567
1155700,2108.0,2106.0,10567
1156361,2108.0,2106.0,10567
1156362,13937.0,2106.0,10567
1156363,344060.0,2106.0,10567
1154563,13964.0,2106.0,10567
1154564,13964.0,2106.0,10567
1154565,13964.0,2106.0,10567
1042080,20372.0,2106.0,10567
1107877,13934.0,2106.0,10567
1107878,13928.0,2106.0,10567
1107879,13910.0,2106.0,10567
1042083,376559.0,376558.0,10568
1042159,536369.0,536374.0,10583
1232987,536369.0,536374.0,10583
1280382,536369.0,536374.0,10583
1219371,536369.0,536374.0,10583
1042943,232635.0,230402.0,10587
1042454,148182.0,148180.0,10633
1042560,47333.0,7601.0,10663
1042561,47333.0,7601.0,10663
1042562,47333.0,7601.0,10663
1042564,47333.0,7601.0,10663
1042565,47333.0,7601.0,10663
1196241,24432.0,10793.0,10670
1042649,24432.0,10793.0,10670
1042716,22316.0,6547.0,10675
1042677,22180.0,6118.0,10678
1278306,2033.0,207678.0,10685
1278305,2033.0,207678.0,10685
1281513,21716.0,487548.0,10689
1136700,290235.0,280961.0,10709
1251048,290235.0,280961.0,10709
1042827,280963.0,276504.0,10712
1042828,280963.0,276504.0,10712
1057740,280963.0,276504.0,10712
1042811,280963.0,276504.0,10712
1042824,280963.0,276504.0,10712
1043139,276802.0,276803.0,10743
1043180,276802.0,276803.0,10743
1043182,276802.0,276803.0,10743
1048010,40608.0,40606.0,10760
1137848,,139208.0,10770
1043119,279037.0,279035.0,10779
1043198,343403.0,286090.0,10788
1065059,343403.0,286090.0,10788
1074063,286088.0,310078.0,10863
1052321,286088.0,310078.0,10863
1302797,535856.0,535858.0,10864
1138752,535856.0,535858.0,10864
1138754,535856.0,535858.0,10864
1270753,535856.0,535858.0,10864
1043483,276801.0,279038.0,10873
1291132,542988.0,4348.0,10878
1043503,542988.0,4348.0,10878
1136212,24252.0,10378.0,10881
1043508,,10378.0,10881
1066914,331837.0,268803.0,10898
1133788,331837.0,268803.0,10898
1135152,268802.0,268803.0,10898
1136790,268802.0,268803.0,10898
1054782,176640.0,176638.0,10935
1054783,176640.0,176638.0,10935
1054804,176641.0,176638.0,10935
1054805,176639.0,176638.0,10935
1054806,176640.0,176638.0,10935
1054809,176639.0,176638.0,10935
1054737,176639.0,176638.0,10935
1054739,176639.0,176638.0,10935
1054756,176641.0,176638.0,10935
1054757,176641.0,176638.0,10935
1054758,176641.0,176638.0,10935
1054759,176641.0,176638.0,10935
1054780,176640.0,176638.0,10935
1054781,176639.0,176638.0,10935
1065843,119663.0,119665.0,10949
1043897,99496.0,111022.0,10961
1043887,99496.0,111022.0,10961
1043890,99496.0,111022.0,10961
1057362,276799.0,276796.0,10984
1057363,276799.0,276796.0,10984
1057365,276799.0,276796.0,10984
1043984,276799.0,276796.0,10984
1044028,22432.0,22391.0,10996
1044172,22169.0,6115.0,11007
1044177,22169.0,6115.0,11007
1044178,22169.0,6115.0,11007
1044203,343808.0,343807.0,11027
1044311,110068.0,110067.0,11044
1056716,343316.0,343315.0,11045
1044617,22837.0,7696.0,11105
1044618,22837.0,7696.0,11105
1044783,170236.0,170237.0,11127
1084751,343989.0,319362.0,11145
1057191,343989.0,319362.0,11145
1255978,319359.0,319362.0,11145
1056331,343989.0,319362.0,11145
1056332,343989.0,319362.0,11145
1056333,343989.0,319362.0,11145
1056342,343989.0,319362.0,11145
1056343,343989.0,319362.0,11145
1056344,343989.0,319362.0,11145
1265509,319359.0,319362.0,11145
1044965,148807.0,148804.0,11158
1056174,265930.0,266235.0,11173
1058465,350255.0,350254.0,11181
1045167,8552.0,8479.0,11195
1045168,8552.0,8479.0,11195
1057104,8552.0,8479.0,11195
1048116,8552.0,8479.0,11195
1045542,150724.0,150718.0,11265
1045539,150724.0,150718.0,11265
1045541,150724.0,150718.0,11265
1045563,8972.0,8941.0,11268
1045642,375116.0,375117.0,11287
1045718,375116.0,375117.0,11287
1045709,,23142.0,11306
1058189,377753.0,377752.0,11308
1058180,377753.0,377752.0,11308
1045722,375672.0,375669.0,11311
1137007,375990.0,375669.0,11311
1136078,70685.0,31363.0,11339
1045994,328315.0,328316.0,11359
1048454,89244.0,89243.0,11407
1046362,89244.0,89243.0,11407
1048104,89244.0,89243.0,11407
1046308,89244.0,89243.0,11407
1046471,376998.0,376999.0,11441
1046605,343195.0,350008.0,11471
1046611,350009.0,350005.0,11477
1048132,90207.0,90208.0,11480
1046808,167998.0,167999.0,11497
1046931,310080.0,172503.0,11514
1046932,310080.0,172503.0,11514
1047043,342716.0,340480.0,11522
1047114,344339.0,344340.0,11542
1068710,5852.0,5849.0,11552
1084297,5852.0,5849.0,11552
1047194,344335.0,344336.0,11553
1047179,344335.0,344336.0,11553
1047181,344335.0,344336.0,11553
1074042,349711.0,349710.0,11558
1052301,349711.0,349710.0,11558
1088792,349711.0,349710.0,11558
1273282,909.0,923.0,11563
1269983,909.0,923.0,11563
1070618,5400.0,21852.0,11570
1047308,5400.0,21852.0,11570
1047383,292161.0,292162.0,11583
1047425,10857.0,10822.0,11587
1047426,10857.0,10822.0,11587
1047657,1789.0,180797.0,11632
1115078,13603.0,180797.0,11632
1100225,116779.0,116781.0,11642
1090807,116779.0,116781.0,11642
1219424,3624.0,40603.0,11645
1281422,3538.0,40603.0,11645
1053440,345244.0,345245.0,11695
1057930,349867.0,349853.0,11696
1057931,349867.0,349853.0,11696
1048004,349595.0,349596.0,11703
1134982,13387.0,13421.0,11706
1127523,13387.0,13421.0,11706
1227521,8880.0,23376.0,11710
1227519,8880.0,23376.0,11710
1288037,25088.0,25070.0,11718
1288234,25088.0,25070.0,11718
1060281,192316.0,323837.0,11728
1056430,201607.0,201608.0,11764
1048361,91168.0,91171.0,11777
1056452,99489.0,99497.0,11778
1056802,99484.0,99485.0,11779
1084744,99484.0,99485.0,11779
1077910,19250.0,27304.0,11832
1079761,19250.0,27304.0,11832
1049053,19250.0,27304.0,11832
1119973,26509.0,26502.0,11845
1073478,26509.0,26502.0,11845
1084366,27417.0,27424.0,11850
1073740,27404.0,27424.0,11850
1128520,27404.0,27424.0,11850
1132498,27417.0,27424.0,11850
1250539,27404.0,27424.0,11850
1052314,27404.0,27424.0,11850
1052118,27417.0,27424.0,11850
1072151,27417.0,27424.0,11850
1082996,17486.0,17426.0,11853
1067852,118722.0,123514.0,11893
1052324,18515.0,18596.0,11917
1074072,18515.0,18596.0,11917
1126025,14450.0,14389.0,11932
1121136,19423.0,3567.0,11956
1082229,14063.0,14027.0,11972
1270505,23017.0,8161.0,11977
1270506,23017.0,8161.0,11977
1270489,23017.0,8161.0,11977
1128504,22658.0,22597.0,11979
1121115,295677.0,179523.0,11983
1202485,18524.0,18550.0,11986
1167099,18537.0,18550.0,11986
1220357,18524.0,18550.0,11986
1202430,18537.0,18550.0,11986
1191084,18524.0,18550.0,11986
1202433,18537.0,18550.0,11986
1308889,22084.0,5953.0,11987
1181208,15982.0,15965.0,11989
1205876,25387.0,13343.0,12008
1163839,13385.0,13343.0,12008
1098245,13385.0,13343.0,12008
1207084,13385.0,13343.0,12008
1059635,13385.0,13343.0,12008
1274436,25387.0,13343.0,12008
1219213,18082.0,18058.0,12018
1220554,18082.0,18058.0,12018
1220555,18082.0,18058.0,12018
1202177,26989.0,18058.0,12018
1202209,18032.0,18058.0,12018
1167599,18082.0,18058.0,12018
1203054,26989.0,18058.0,12018
1203056,26989.0,18058.0,12018
1073278,343755.0,20713.0,12019
1156699,343755.0,20713.0,12019
1052645,343755.0,20713.0,12019
1103607,4838.0,4793.0,12029
1103610,4838.0,4793.0,12029
1127576,4838.0,4793.0,12029
1108788,4838.0,4793.0,12029
1129025,4838.0,4793.0,12029
1115531,4838.0,4793.0,12029
1108789,4838.0,4793.0,12029
1128856,11940.0,11955.0,12030
1219172,19629.0,19633.0,12033
1060487,370188.0,370187.0,12044
1288471,9860.0,9896.0,12056
1304326,140.0,107.0,12077
1304329,140.0,107.0,12077
1179818,350097.0,57568.0,12084
1175452,350098.0,57568.0,12084
1174932,243843.0,57568.0,12084
1174933,243843.0,57568.0,12084
1174934,243843.0,57568.0,12084
1174935,243843.0,57568.0,12084
1174936,243844.0,57568.0,12084
1174937,243844.0,57568.0,12084
1174938,269764.0,57568.0,12084
1175455,350098.0,57568.0,12084
1128708,243844.0,57568.0,12084
1174961,269764.0,57568.0,12084
1174962,269764.0,57568.0,12084
1174963,243844.0,57568.0,12084
1174964,269764.0,57568.0,12084
1206758,190405.0,57568.0,12084
1174969,344363.0,57568.0,12084
1174970,344363.0,57568.0,12084
1174968,344363.0,57568.0,12084
1174972,57566.0,57568.0,12084
1136234,57563.0,57568.0,12084
1180664,57566.0,57568.0,12084
1179793,350098.0,57568.0,12084
1175937,350098.0,57568.0,12084
1175939,350097.0,57568.0,12084
1179809,350097.0,57568.0,12084
1097608,265283.0,265281.0,12117
1229420,265282.0,265281.0,12117
1229421,265282.0,265281.0,12117
1074109,265283.0,265281.0,12117
1097772,265283.0,265281.0,12117
1229434,265282.0,265281.0,12117
1229435,265282.0,265281.0,12117
1073860,265283.0,265281.0,12117
1097921,265282.0,265281.0,12117
1229454,265283.0,265281.0,12117
1217509,81891.0,265281.0,12117
1217511,81891.0,265281.0,12117
1229457,265283.0,265281.0,12117
1073508,265282.0,265281.0,12117
1052984,51483.0,26437.0,12135
1186336,4249.0,26437.0,12135
1067526,16563.0,26437.0,12135
1188431,4231.0,26437.0,12135
1089020,4156.0,26437.0,12135
1158344,21500.0,21493.0,12141
1053001,377211.0,4227.0,12148
1215687,4766.0,4735.0,12161
1053016,343963.0,3588.0,12162
1190061,389868.0,4056.0,12164
1132046,130219.0,97884.0,12192
1053063,24621.0,11404.0,12198
1153039,3706.0,3667.0,12205
1053074,19288.0,19312.0,12208
1072989,248956.0,250558.0,12213
1072895,248956.0,250558.0,12213
1072893,248956.0,250558.0,12213
1053280,248956.0,250558.0,12213
1053282,248956.0,250558.0,12213
1072987,248956.0,250558.0,12213
1072827,219843.0,219850.0,12227
1098944,219843.0,219850.0,12227
1073128,219843.0,219850.0,12227
1073129,219842.0,219850.0,12227
1053121,219842.0,219850.0,12227
1053122,219841.0,219850.0,12227
1053123,219842.0,219850.0,12227
1053124,219841.0,219850.0,12227
1108432,219844.0,219850.0,12227
1108434,219844.0,219850.0,12227
1098982,216956.0,219850.0,12227
1098983,216956.0,219850.0,12227
1098984,216956.0,219850.0,12227
1098985,216956.0,219850.0,12227
1073171,216956.0,219850.0,12227
1073172,216956.0,219850.0,12227
1072472,219849.0,219850.0,12227
1073173,216956.0,219850.0,12227
1073174,216956.0,219850.0,12227
1072487,219839.0,219850.0,12227
1072489,219841.0,219850.0,12227
1053205,219842.0,219850.0,12227
1072826,219842.0,219850.0,12227
1053207,219842.0,219850.0,12227
1072829,219844.0,219850.0,12227
1053206,219841.0,219850.0,12227
1053208,219841.0,219850.0,12227
1072690,219849.0,219850.0,12227
1072544,219849.0,219850.0,12227
1072692,219849.0,219850.0,12227
1072545,219849.0,219850.0,12227
1072543,219849.0,219850.0,12227
1072831,219844.0,219850.0,12227
1108395,219843.0,219850.0,12227
1072703,219839.0,219850.0,12227
1072704,219841.0,219850.0,12227
1072705,219849.0,219850.0,12227
1108303,233597.0,233596.0,12233
1099051,233597.0,233596.0,12233
1099052,233597.0,233596.0,12233
1099053,233597.0,233596.0,12233
1053274,233597.0,233596.0,12233
1053272,233597.0,233596.0,12233
1053273,233597.0,233596.0,12233
1099101,233597.0,233596.0,12233
1108467,248002.0,247998.0,12234
1053138,248002.0,247998.0,12234
1072617,248002.0,247998.0,12234
1099040,248002.0,247998.0,12234
1053147,207036.0,207035.0,12238
1072839,207036.0,207035.0,12238
1072840,207036.0,207035.0,12238
1108360,207036.0,207035.0,12238
1099001,207036.0,207035.0,12238
1108362,207036.0,207035.0,12238
1098961,216317.0,216319.0,12242
1072867,216320.0,216319.0,12242
1072866,216320.0,216319.0,12242
1072868,216320.0,216319.0,12242
1108291,216317.0,216319.0,12242
1099102,216325.0,216319.0,12242
1072889,216324.0,216319.0,12242
1072891,216317.0,216319.0,12242
1108320,216324.0,216319.0,12242
1108324,216317.0,216319.0,12242
1053161,216325.0,216319.0,12242
1053162,216325.0,216319.0,12242
1053163,216324.0,216319.0,12242
1053164,216325.0,216319.0,12242
1108336,216320.0,216319.0,12242
1108338,216320.0,216319.0,12242
1108565,216320.0,216319.0,12242
1053215,216325.0,216319.0,12242
1053216,216325.0,216319.0,12242
1108555,257924.0,207047.0,12262
1108556,257924.0,207047.0,12262
1108558,257924.0,207047.0,12262
1072626,257924.0,207047.0,12262
1108563,257924.0,207047.0,12262
1072693,257924.0,207047.0,12262
1072627,257924.0,207047.0,12262
1072884,216330.0,216318.0,12265
1073159,216330.0,216318.0,12265
1073160,216330.0,216318.0,12265
1073161,216330.0,216318.0,12265
1073162,216330.0,216318.0,12265
1072881,216330.0,216318.0,12265
1072882,216330.0,216318.0,12265
1072883,216330.0,216318.0,12265
1053432,344027.0,344030.0,12306
1057106,344027.0,344030.0,12306
1059821,344027.0,344030.0,12306
1056542,344027.0,344030.0,12306
1053442,350252.0,350253.0,12309
1054784,273926.0,273928.0,12328
1053588,273927.0,273928.0,12328
1054785,273926.0,273928.0,12328
1054768,273927.0,273928.0,12328
1053609,273927.0,273928.0,12328
1054647,349595.0,349598.0,12473
1054765,143039.0,143038.0,12496
1089891,14442.0,14490.0,12510
1207735,335035.0,599.0,12522
1200805,639.0,599.0,12522
1208644,77083.0,599.0,12522
1305308,639.0,599.0,12522
1208653,617.0,599.0,12522
1208654,623.0,599.0,12522
1208655,617.0,599.0,12522
1208656,623.0,599.0,12522
1210854,19886.0,599.0,12522
1210855,19886.0,599.0,12522
1200302,10231.0,599.0,12522
1200305,10318.0,599.0,12522
1199926,628.0,599.0,12522
1054960,623.0,599.0,12522
1208046,10225.0,599.0,12522
1137527,617.0,599.0,12522
1207549,10258.0,599.0,12522
1207550,10258.0,599.0,12522
1207551,10318.0,599.0,12522
1207552,10225.0,599.0,12522
1211048,10225.0,599.0,12522
1197286,10408.0,599.0,12522
1197287,10371.0,599.0,12522
1197288,10327.0,599.0,12522
1197289,10327.0,599.0,12522
1200255,10231.0,599.0,12522
1201164,10408.0,599.0,12522
1169798,10384.0,599.0,12522
1127534,19889.0,599.0,12522
1222328,617.0,599.0,12522
1205523,628.0,599.0,12522
1257706,,23720.0,12534
1055339,275845.0,275843.0,12572
1066445,275845.0,275843.0,12572
1066447,275845.0,275843.0,12572
1055680,123505.0,120304.0,12580
1297489,23703.0,9474.0,12591
1056106,178557.0,185916.0,12608
1072167,189440.0,172492.0,12646
1138508,172493.0,172492.0,12646
1119812,189440.0,172492.0,12646
1056400,537211.0,536253.0,12661
1073887,179198.0,179197.0,12664
1097765,179198.0,179197.0,12664
1056506,375989.0,375990.0,12679
1109514,,536226.0,12716
1281577,,449046.0,12747
1056850,192324.0,192327.0,12749
1232499,521053.0,521051.0,12790
1057063,175356.0,172500.0,12793
1068961,5909.0,5900.0,12811
1069419,5909.0,5900.0,12811
1067768,5909.0,5900.0,12811
1057147,5909.0,5900.0,12811
1068952,5885.0,22067.0,12815
1071022,5881.0,22067.0,12815
1135221,5881.0,22067.0,12815
1084256,5881.0,22067.0,12815
1069368,5881.0,22067.0,12815
1069369,5881.0,22067.0,12815
1057200,370396.0,370395.0,12828
1072334,370397.0,370395.0,12828
1119892,370397.0,370395.0,12828
1064989,370396.0,370395.0,12828
1232529,,506690.0,12829
1057413,14138.0,20530.0,12867
1057656,344283.0,344284.0,12917
1057696,283838.0,283837.0,12930
1057691,283837.0,283836.0,12931
1057701,285120.0,283836.0,12931
1136930,181763.0,171839.0,12962
1058003,19596.0,19595.0,12976
1188379,19596.0,19595.0,12976
1186327,19596.0,19595.0,12976
1186328,19596.0,19595.0,12976
1186329,19596.0,19595.0,12976
1189554,19596.0,19595.0,12976
1159913,21340.0,3392.0,12982
1149601,21340.0,3392.0,12982
1058507,344543.0,343236.0,13046
1058550,349998.0,344539.0,13058
1058551,349998.0,344539.0,13058
1058552,349998.0,344539.0,13058
1058597,349998.0,344539.0,13058
1058646,342077.0,342075.0,13075
1058694,342077.0,342075.0,13075
1058695,342077.0,342075.0,13075
1058696,342077.0,342075.0,13075
1069186,5838.0,5846.0,13087
1068607,5877.0,5873.0,13100
1069219,5838.0,22054.0,13105
1171398,11844.0,11843.0,13108
1058820,376003.0,375133.0,13111
1059366,376003.0,375133.0,13111
1059836,22069.0,22066.0,13113
1067504,5819.0,22048.0,13123
1084153,22009.0,22008.0,13140
1062095,22009.0,22008.0,13140
1066788,119660.0,119661.0,13171
1065958,21972.0,21979.0,13177
1065937,21972.0,21979.0,13177
1065938,21972.0,21979.0,13177
1065939,21972.0,21979.0,13177
1066582,122865.0,122867.0,13196
1066581,122865.0,122867.0,13196
1066583,122865.0,122867.0,13196
1063072,110702.0,110701.0,13199
1066708,247045.0,247044.0,13202
1058997,5687.0,5689.0,13205
1066492,82530.0,82531.0,13223
1066538,82530.0,82531.0,13223
1066540,82530.0,82531.0,13223
1059023,79008.0,82531.0,13223
1059025,79008.0,82531.0,13223
1068685,79008.0,82531.0,13223
1068688,79008.0,82531.0,13223
1067492,22033.0,22034.0,13234
1067462,22033.0,22034.0,13234
1067467,22033.0,22034.0,13234
1059043,22033.0,22034.0,13234
1068354,74524.0,5787.0,13236
1059061,5714.0,5718.0,13245
1063050,375107.0,375106.0,13262
1059106,15492.0,15503.0,13281
1089936,15492.0,15503.0,13281
1060111,15492.0,15503.0,13281
1088077,33246.0,15793.0,13285
1088079,33246.0,15793.0,13285
1088081,33246.0,15793.0,13285
1083243,33246.0,15793.0,13285
1067270,118723.0,118722.0,13286
1061976,21998.0,21995.0,13288
1083210,15805.0,15804.0,13294
1083211,15805.0,15804.0,13294
1083215,15805.0,15804.0,13294
1082475,15805.0,15804.0,13294
1059133,26208.0,15867.0,13299
1060169,26208.0,15867.0,13299
1082994,26208.0,15867.0,13299
1059150,375314.0,375315.0,13300
1088172,15718.0,15776.0,13327
1088175,15718.0,15776.0,13327
1083628,26185.0,15776.0,13327
1083441,26185.0,15776.0,13327
1089359,26185.0,15776.0,13327
1090524,26185.0,15776.0,13327
1059188,15718.0,15776.0,13327
1137183,,3488.0,13330
1143011,9806.0,9926.0,13336
1059222,15003.0,15043.0,13342
1059237,26592.0,16937.0,13347
1285858,8658.0,23230.0,13367
1059279,8658.0,23230.0,13367
1096902,23113.0,8491.0,13371
1137991,,344171.0,13375
1137993,,344171.0,13375
1136100,192008.0,26065.0,13381
1163460,26072.0,26065.0,13381
1147262,21155.0,26065.0,13381
1146488,3062.0,26065.0,13381
1131991,105900.0,26065.0,13381
1059302,292475.0,26065.0,13381
1247642,192008.0,26065.0,13381
1146559,192008.0,26065.0,13381
1145176,344225.0,2733.0,13382
1083222,344225.0,2733.0,13382
1145196,2698.0,2733.0,13382
1145197,2698.0,2733.0,13382
1147534,344225.0,2733.0,13382
1147550,2698.0,2733.0,13382
1146651,2698.0,2733.0,13382
1059303,2698.0,2733.0,13382
1145126,344225.0,2733.0,13382
1145128,344225.0,2733.0,13382
1147601,344225.0,2733.0,13382
1087945,14846.0,20924.0,13384
1079797,26310.0,26311.0,13386
1115807,13608.0,13637.0,13409
1146612,3108.0,343932.0,13414
1208571,11083.0,11104.0,13417
1208639,11083.0,11104.0,13417
1208591,11083.0,11104.0,13417
1208569,11083.0,11104.0,13417
1267872,8959.0,8920.0,13420
1267874,8959.0,8920.0,13420
1267920,8909.0,8920.0,13420
1137948,8909.0,8920.0,13420
1138087,8909.0,8920.0,13420
1059347,8909.0,8920.0,13420
1271072,8851.0,8920.0,13420
1271073,8851.0,8920.0,13420
1271074,8851.0,8920.0,13420
1267771,8723.0,8712.0,13422
1267808,8723.0,8712.0,13422
1268718,8805.0,8712.0,13422
1272548,8805.0,8712.0,13422
1272547,8805.0,8712.0,13422
1266559,8723.0,8712.0,13422
1267790,8723.0,8712.0,13422
1269173,8723.0,8712.0,13422
1128604,8805.0,8712.0,13422
1059408,23189.0,8458.0,13439
1265276,11004.0,74212.0,13451
1136199,11108.0,74212.0,13451
1271468,24476.0,74212.0,13451
1059425,11118.0,74212.0,13451
1059428,11204.0,74212.0,13451
1265294,11048.0,74212.0,13451
1265539,24476.0,74212.0,13451
1090506,1307.0,1332.0,13456
1273634,25680.0,14281.0,13457
1271315,25646.0,14281.0,13457
1271316,25646.0,14281.0,13457
1271317,25646.0,14281.0,13457
1270160,25673.0,14281.0,13457
1270159,25673.0,14281.0,13457
1059435,25646.0,14281.0,13457
1277101,25680.0,14281.0,13457
1277102,25680.0,14281.0,13457
1135427,25680.0,14281.0,13457
1175709,24871.0,12039.0,13461
1059439,24871.0,12039.0,13461
1211245,24871.0,12039.0,13461
1180784,24871.0,12039.0,13461
1059442,12105.0,12188.0,13463
1186871,47004.0,75492.0,13465
1059462,17130.0,26664.0,13480
1128874,10612.0,10560.0,13496
1059491,10598.0,10560.0,13496
1059847,10598.0,10560.0,13496
1062597,5666.0,5670.0,13503
1066190,5666.0,5670.0,13503
1059509,5666.0,5670.0,13503
1286359,6479.0,6428.0,13505
1286360,6479.0,6428.0,13505
1286362,6479.0,6428.0,13505
1059518,6495.0,6428.0,13505
1280853,51163.0,6428.0,13505
1286372,6495.0,6428.0,13505
1286373,6495.0,6428.0,13505
1286865,6427.0,6428.0,13505
1281694,6694.0,22376.0,13530
1281695,6694.0,22376.0,13530
1126398,2467.0,2530.0,13537
1205564,47027.0,1800.0,13544
1089682,47027.0,1800.0,13544
1210478,25307.0,25292.0,13550
1285860,350047.0,61412.0,13551
1115153,13428.0,13433.0,13554
1115154,13428.0,13433.0,13554
1115203,13428.0,13433.0,13554
1281666,6371.0,6365.0,13560
1216138,6387.0,6365.0,13560
1173946,6387.0,6365.0,13560
1271428,6387.0,6365.0,13560
1271429,6371.0,6365.0,13560
1060037,26242.0,26240.0,13566
1248302,85730.0,19899.0,13587
1198875,19891.0,19899.0,13587
1229638,19891.0,19899.0,13587
1198317,19891.0,19899.0,13587
1114469,18217.0,18197.0,13592
1104545,425211.0,18197.0,13592
1169921,10609.0,10640.0,13598
1209030,10551.0,10640.0,13598
1286296,268165.0,1238.0,13602
1288132,283840.0,1238.0,13602
1133029,266877.0,1238.0,13602
1123894,12877.0,1238.0,13602
1132695,375944.0,1238.0,13602
1274231,12750.0,1238.0,13602
1274234,218877.0,1238.0,13602
1274233,12784.0,1238.0,13602
1205555,20013.0,1238.0,13602
1265537,268159.0,1238.0,13602
1285272,266878.0,1238.0,13602
1298707,150075.0,18264.0,13604
1298709,150075.0,18264.0,13604
1279337,150075.0,18264.0,13604
1059659,150076.0,18264.0,13604
1306641,18228.0,18264.0,13604
1186144,19630.0,19635.0,13607
1186145,19636.0,19635.0,13607
1302911,223.0,165.0,13627
1302912,223.0,165.0,13627
1302919,134.0,165.0,13627
1302922,330237.0,165.0,13627
1302924,330239.0,165.0,13627
1302926,330236.0,165.0,13627
1302927,224.0,165.0,13627
1302928,330236.0,165.0,13627
1302929,330235.0,165.0,13627
1300287,330239.0,165.0,13627
1300288,178.0,165.0,13627
1300289,224.0,165.0,13627
1304681,231.0,165.0,13627
1303501,83805.0,165.0,13627
1304966,222.0,165.0,13627
1304968,330238.0,165.0,13627
1074998,133.0,165.0,13627
1272369,133.0,165.0,13627
1059683,175.0,165.0,13627
1133455,7253.0,165.0,13627
1303538,330237.0,165.0,13627
1303539,330238.0,165.0,13627
1303540,224.0,165.0,13627
1303541,330236.0,165.0,13627
1297565,344971.0,165.0,13627
1136362,376636.0,165.0,13627
1134532,7253.0,165.0,13627
1301535,175.0,165.0,13627
1304758,134.0,165.0,13627
1304760,178.0,165.0,13627
1304761,175.0,165.0,13627
1301281,133.0,165.0,13627
1304759,83805.0,165.0,13627
1301279,7253.0,165.0,13627
1128535,330239.0,165.0,13627
1285905,220795.0,343628.0,13636
1297527,234877.0,343628.0,13636
1059721,,4744.0,13647
1091862,17524.0,17540.0,13650
1155450,18933.0,18959.0,13662
1068469,22056.0,5837.0,13693
1068470,22056.0,5837.0,13693
1068471,22056.0,5837.0,13693
1068472,22056.0,5837.0,13693
1069211,5866.0,5858.0,13694
1069214,5866.0,5858.0,13694
1069145,5853.0,5860.0,13705
1059839,11159.0,11011.0,13706
1308018,8274.0,8236.0,13708
1059849,94047.0,3371.0,13710
1059970,,20874.0,13728
1083674,26240.0,26239.0,13755
1083464,33247.0,15790.0,13756
1083466,33247.0,15790.0,13756
1083216,33247.0,15790.0,13756
1083218,33247.0,15790.0,13756
1090732,15479.0,15470.0,13776
1060084,15479.0,15470.0,13776
1090193,15595.0,15578.0,13778
1060095,16032.0,16022.0,13781
1131264,16032.0,16022.0,13781
1232062,16032.0,16022.0,13781
1084677,16032.0,16022.0,13781
1079334,16151.0,16123.0,13784
1083057,15803.0,26199.0,13796
1087843,15803.0,26199.0,13796
1060143,15850.0,26223.0,13798
1089940,15850.0,26223.0,13798
1082115,26192.0,26198.0,13809
1081247,26260.0,26253.0,13830
1060208,15921.0,15922.0,13831
1089381,15541.0,15540.0,13851
1090420,26089.0,26087.0,13858
1090470,15478.0,15477.0,13859
1060272,15478.0,15477.0,13859
1090473,26089.0,15478.0,13869
1090474,26089.0,15478.0,13869
1060319,15495.0,15478.0,13869
1060320,26089.0,15478.0,13869
1060426,,26961.0,13911
1060513,11881.0,12119.0,13936
1073759,370339.0,370341.0,13940
1061321,370342.0,370341.0,13940
1063164,343680.0,375307.0,13971
1060743,267521.0,267520.0,13977
1060759,383565.0,383564.0,13984
1068457,125100.0,5697.0,13989
1060802,87334.0,87333.0,13991
1073648,316477.0,316478.0,13993
1289388,7809.0,7775.0,13997
1289390,7809.0,7775.0,13997
1307995,7809.0,7775.0,13997
1309447,7884.0,7775.0,13997
1308223,7884.0,7775.0,13997
1308222,7884.0,7775.0,13997
1286757,7715.0,7775.0,13997
1286758,7715.0,7775.0,13997
1286639,7809.0,7775.0,13997
1287091,7715.0,7775.0,13997
1060803,7884.0,7775.0,13997
1119698,370224.0,370222.0,14063
1063214,370224.0,370222.0,14063
1061126,293758.0,344470.0,14076
1248134,18920.0,18904.0,14107
1061717,343248.0,343247.0,14112
1061238,343248.0,343247.0,14112
1061239,343248.0,343247.0,14112
1061240,343248.0,343247.0,14112
1061343,370342.0,370343.0,14135
1061408,20666.0,181759.0,14144
1070146,383902.0,377773.0,14157
1061603,344131.0,344130.0,14185
1061722,344779.0,344972.0,14222
1061804,343533.0,343532.0,14242
1061808,13965.0,13970.0,14243
1280002,13925.0,13970.0,14243
1257657,,153917.0,14273
1062015,5709.0,22011.0,14289
1062016,5709.0,22011.0,14289
1136837,537451.0,537452.0,14300
1062029,537436.0,537452.0,14300
1065393,344124.0,344123.0,14316
1062290,344278.0,344279.0,14344
1062324,21974.0,5671.0,14359
1062338,21974.0,5671.0,14359
1062340,21974.0,5671.0,14359
1062323,21974.0,5671.0,14359
1065345,5671.0,21974.0,14364
1065349,5671.0,21974.0,14364
1065350,5671.0,21974.0,14364
1065352,5671.0,21974.0,14364
1062320,5671.0,21974.0,14364
1062327,5667.0,21968.0,14365
1065313,5667.0,21968.0,14365
1065322,5667.0,21968.0,14365
1065324,5667.0,21968.0,14365
1065301,5668.0,5671.0,14366
1062330,5668.0,5671.0,14366
1062332,5668.0,5671.0,14366
1065303,5668.0,5671.0,14366
1062333,5668.0,5671.0,14366
1065297,5671.0,5668.0,14367
1062334,5671.0,5668.0,14367
1062342,5671.0,5668.0,14367
1062343,5671.0,5668.0,14367
1097636,339837.0,339836.0,14404
1084655,339837.0,339836.0,14404
1070562,339837.0,339836.0,14404
1071164,339837.0,339836.0,14404
1062553,21966.0,21968.0,14410
1062567,21966.0,21968.0,14410
1066003,21966.0,21968.0,14410
1062563,21964.0,5663.0,14412
1062565,21964.0,5663.0,14412
1066023,21964.0,5663.0,14412
1062798,21964.0,5663.0,14412
1063402,281925.0,281926.0,14416
1062579,281925.0,281926.0,14416
1062660,281926.0,268478.0,14417
1062661,281926.0,268478.0,14417
1062586,,1532.0,14419
1062754,5663.0,21964.0,14426
1062755,5663.0,21964.0,14426
1067571,5663.0,21964.0,14426
1062803,5663.0,21964.0,14426
1062804,5663.0,21964.0,14426
1062681,281923.0,281924.0,14450
1062811,21970.0,5669.0,14462
1062813,21970.0,5669.0,14462
1062757,21970.0,5669.0,14462
1062801,21970.0,5669.0,14462
1062759,5669.0,5665.0,14464
1062824,5669.0,5665.0,14464
1062760,21970.0,5669.0,14465
1066019,5665.0,5669.0,14470
1062770,5665.0,5669.0,14470
1062772,5665.0,5669.0,14470
1066036,5665.0,5669.0,14470
1062814,5669.0,21970.0,14475
1062816,5669.0,21970.0,14475
1062806,5669.0,21970.0,14475
1062809,5669.0,21970.0,14475
1066004,21968.0,21966.0,14477
1062821,21968.0,21966.0,14477
1066002,21968.0,21966.0,14477
1097179,,63015.0,14517
1277413,,63015.0,14517
1232509,,63015.0,14517
1063054,,63015.0,14517
1083443,,63015.0,14517
1304899,,63015.0,14517
1207163,13188.0,25348.0,14522
1122766,13198.0,25348.0,14522
1122767,13198.0,25348.0,14522
1122768,25341.0,25348.0,14522
1171291,25341.0,25348.0,14522
1207151,13188.0,25348.0,14522
1063211,370222.0,370224.0,14523
1065944,95003.0,144324.0,14534
1063498,144322.0,144324.0,14534
1063499,144323.0,144324.0,14534
1065961,144322.0,144324.0,14534
1069793,144323.0,144324.0,14534
1063518,144322.0,144324.0,14534
1065338,21962.0,5664.0,14535
1063124,21962.0,5664.0,14535
1063125,21962.0,5664.0,14535
1063130,21962.0,5664.0,14535
1063131,21962.0,5664.0,14535
1067045,21975.0,21976.0,14540
1063191,21975.0,21976.0,14540
1063206,5672.0,5674.0,14544
1063207,5672.0,5674.0,14544
1067998,5672.0,5674.0,14544
1063186,5672.0,5674.0,14544
1066168,5672.0,5666.0,14546
1067078,5672.0,5666.0,14546
1066188,5672.0,5666.0,14546
1065577,257928.0,257929.0,14577
1065627,280956.0,280649.0,14580
1065629,280956.0,280649.0,14580
1065631,280956.0,280649.0,14580
1063278,280955.0,280649.0,14580
1063279,280955.0,280649.0,14580
1063280,280955.0,280649.0,14580
1063281,280955.0,280649.0,14580
1065632,280956.0,280649.0,14580
1127642,280956.0,280649.0,14580
1066169,5666.0,5670.0,14614
1066171,5666.0,5670.0,14614
1063467,5666.0,5670.0,14614
1063469,5666.0,5670.0,14614
1069800,144328.0,144327.0,14621
1071838,144328.0,144327.0,14621
1068351,144328.0,144327.0,14621
1066075,172475.0,172170.0,14625
1063496,172475.0,172170.0,14625
1066087,172475.0,172170.0,14625
1069798,202556.0,144329.0,14627
1133656,154878.0,144329.0,14627
1063507,202556.0,144329.0,14627
1069782,154878.0,144329.0,14627
1066686,172510.0,172509.0,14631
1066657,172507.0,172509.0,14631
1066659,172510.0,172509.0,14631
1066660,172507.0,172509.0,14631
1065595,172507.0,172509.0,14631
1119412,172507.0,172509.0,14631
1063514,172510.0,172509.0,14631
1066678,172510.0,172509.0,14631
1171365,1305.0,20046.0,14642
1171367,1305.0,20046.0,14642
1136059,1305.0,20046.0,14642
1064820,1305.0,20046.0,14642
1251101,1305.0,20046.0,14642
1065306,21968.0,5667.0,14684
1065307,21968.0,5667.0,14684
1065311,21968.0,5667.0,14684
1065312,21968.0,5667.0,14684
1257379,,430001.0,14690
1065360,123180.0,122872.0,14693
1068352,280958.0,280957.0,14711
1066886,376834.0,376833.0,14713
1248300,473208.0,449264.0,14721
1198199,473208.0,449264.0,14721
1234572,473205.0,449264.0,14721
1128731,473205.0,449264.0,14721
1081058,473205.0,449264.0,14721
1302722,473207.0,449264.0,14721
1066273,21976.0,21975.0,14742
1065563,21976.0,21975.0,14742
1066274,21976.0,21975.0,14742
1066275,21976.0,21975.0,14742
1065562,21976.0,21975.0,14742
1066301,5668.0,5664.0,14743
1066303,5668.0,5664.0,14743
1065565,5668.0,5664.0,14743
1066294,5668.0,5664.0,14743
1065847,163848.0,199048.0,14752
1065848,163848.0,199048.0,14752
1134985,199047.0,199048.0,14752
1127941,199047.0,199048.0,14752
1065606,163848.0,199048.0,14752
1084428,163848.0,199048.0,14752
1070289,39018.0,39017.0,14777
1065718,39013.0,39017.0,14777
1068243,39018.0,39017.0,14777
1068486,39018.0,39017.0,14777
1068488,39018.0,39017.0,14777
1123127,20017.0,12867.0,14781
1066900,133741.0,5660.0,14784
1065867,247050.0,247355.0,14811
1065967,128624.0,128625.0,14814
1068658,119660.0,122861.0,14823
1066154,384171.0,349566.0,14851
1066113,153922.0,153920.0,14857
1067020,153922.0,153920.0,14857
1066115,153922.0,153920.0,14857
1066116,153922.0,153920.0,14857
1066175,5672.0,5674.0,14868
1066224,5672.0,5674.0,14868
1066221,5672.0,5674.0,14868
1066222,5672.0,5674.0,14868
1066233,5666.0,5672.0,14871
1066248,5666.0,5672.0,14871
1066185,5666.0,5672.0,14871
1068133,5762.0,5763.0,14881
1066267,21961.0,21963.0,14882
1066300,21961.0,21963.0,14882
1066285,21961.0,21963.0,14882
1066278,5664.0,5668.0,14885
1066321,5664.0,5668.0,14885
1066322,5664.0,5668.0,14885
1066736,247045.0,247043.0,14895
1067210,128635.0,128642.0,14899
1067786,171836.0,171835.0,14905
1066401,166076.0,166077.0,14908
1066399,275841.0,275844.0,14910
1067965,164490.0,164488.0,14912
1067967,164490.0,164488.0,14912
1068714,164490.0,164488.0,14912
1068715,164490.0,164488.0,14912
1068869,265919.0,265920.0,14940
1068872,191684.0,191683.0,14948
1066542,,4753.0,14951
1067144,128630.0,128622.0,14962
1257649,,161599.0,14967
1228154,23502.0,9137.0,14987
1201798,23502.0,9137.0,14987
1228155,23502.0,9137.0,14987
1201799,23502.0,9137.0,14987
1068901,164798.0,161603.0,14995
1068902,377291.0,377006.0,15010
1068904,376844.0,377006.0,15010
1237778,156485.0,156484.0,15042
1066949,156486.0,156485.0,15043
1066951,156486.0,156485.0,15043
1067014,156475.0,156483.0,15045
1074787,139195.0,123822.0,15064
1067463,107502.0,287037.0,15114
1074310,107502.0,287037.0,15114
1067310,107502.0,287037.0,15114
1067328,19086.0,27251.0,15120
1084600,19086.0,27251.0,15120
1087657,235850.0,27251.0,15120
1071331,19086.0,27251.0,15120
1067326,19086.0,27251.0,15120
1070106,199042.0,199043.0,15154
1067506,114868.0,114867.0,15157
1067502,370363.0,5840.0,15164
1067589,22046.0,5817.0,15180
1067590,22046.0,5817.0,15180
1068356,22047.0,5817.0,15180
1068359,22046.0,5817.0,15180
1068360,22046.0,5817.0,15180
1067608,115181.0,115182.0,15187
1133654,365326.0,199035.0,15200
1067733,171835.0,273280.0,15218
1067749,39337.0,39335.0,15226
1246063,5930.0,5914.0,15230
1136097,5831.0,5782.0,15231
1071684,5259.0,5245.0,15235
1067803,5233.0,5245.0,15235
1128529,5259.0,5245.0,15235
1077622,18974.0,19010.0,15245
1077522,21860.0,21857.0,15246
1302661,415425.0,415422.0,15265
1232469,415420.0,415422.0,15265
1137967,415426.0,415422.0,15265
1232955,,415422.0,15265
1118887,415420.0,415422.0,15265
1209137,415420.0,415422.0,15265
1096703,,415422.0,15265
1302656,415425.0,415422.0,15265
1233033,,415422.0,15265
1069737,305917.0,287036.0,15281
1069738,305917.0,287036.0,15281
1069739,305917.0,287036.0,15281
1069740,305917.0,287036.0,15281
1069716,305917.0,287036.0,15281
1068086,5766.0,5767.0,15298
1068087,5766.0,5767.0,15298
1068088,5766.0,5767.0,15298
1084478,5766.0,5767.0,15298
1068149,5767.0,5773.0,15300
1068132,5772.0,5773.0,15300
1068100,5773.0,5772.0,15301
1148484,383484.0,229436.0,15304
1068319,364956.0,364955.0,15333
1068313,384031.0,383573.0,15340
1069276,19220.0,19224.0,15344
1069311,19220.0,19224.0,15344
1069312,19220.0,19224.0,15344
1068328,364958.0,364957.0,15345
1068397,5862.0,5851.0,15363
1068538,5862.0,5851.0,15363
1222852,10830.0,10800.0,15371
1222903,10830.0,10800.0,15371
1121062,19426.0,21806.0,15376
1068460,22012.0,22010.0,15381
1127174,39015.0,39011.0,15390
1070505,5291.0,5303.0,15412
1068728,5886.0,5901.0,15443
1084255,5886.0,5901.0,15443
1076101,27414.0,27408.0,15465
1068949,5887.0,5878.0,15475
1068951,5887.0,5878.0,15475
1095593,5887.0,5878.0,15475
1068986,19163.0,19160.0,15477
1068988,19163.0,19160.0,15477
1075728,19159.0,19160.0,15477
1069023,27310.0,19163.0,15485
1084416,27310.0,19163.0,15485
1078700,19160.0,19163.0,15485
1069017,,20540.0,15495
1241705,19227.0,27310.0,15497
1254964,19227.0,27310.0,15497
1069944,19227.0,27310.0,15497
1069040,19229.0,19227.0,15503
1069992,19229.0,19227.0,15503
1069841,19297.0,19303.0,15526
1281525,18370.0,18303.0,15529
1127223,18370.0,18303.0,15529
1280982,18370.0,18303.0,15529
1131023,18277.0,18303.0,15529
1287189,18277.0,18303.0,15529
1287190,18277.0,18303.0,15529
1069859,19297.0,19282.0,15530
1070714,18749.0,18728.0,15531
1079972,18790.0,18728.0,15531
1079081,18790.0,18728.0,15531
1135239,18790.0,18728.0,15531
1076007,18843.0,18728.0,15531
1071277,18843.0,18728.0,15531
1076020,18843.0,18728.0,15531
1076021,18843.0,18728.0,15531
1076023,18843.0,18728.0,15531
1076290,18790.0,18728.0,15531
1076291,18790.0,18728.0,15531
1070931,18790.0,18728.0,15531
1083572,18843.0,18728.0,15531
1079059,18790.0,18728.0,15531
1069313,19183.0,19204.0,15544
1069315,19183.0,19204.0,15544
1069316,19183.0,19204.0,15544
1071504,5230.0,19204.0,15544
1072452,5216.0,19204.0,15544
1069265,19220.0,19204.0,15544
1069266,19220.0,19204.0,15544
1069267,19220.0,19204.0,15544
1069268,19220.0,19204.0,15544
1080217,19183.0,19204.0,15544
1070185,19111.0,19110.0,15548
1069314,19183.0,19170.0,15551
1069302,19183.0,19170.0,15551
1136850,19519.0,27412.0,15564
1070609,19519.0,27412.0,15564
1083620,19508.0,27412.0,15564
1069584,19508.0,27412.0,15564
1070635,27420.0,27412.0,15564
1075904,19508.0,27412.0,15564
1075905,19508.0,27412.0,15564
1075906,19508.0,27412.0,15564
1070649,27420.0,27412.0,15564
1070652,27420.0,27412.0,15564
1079947,19519.0,27412.0,15564
1231846,5431.0,5427.0,15577
1253731,5431.0,5427.0,15577
1220625,5431.0,5427.0,15577
1070842,5284.0,5265.0,15594
1070843,5284.0,5265.0,15594
1128560,5284.0,5265.0,15594
1071625,5284.0,5265.0,15594
1077076,27405.0,27403.0,15605
1098568,27405.0,27403.0,15605
1077017,27405.0,27403.0,15605
1069552,27405.0,27403.0,15605
1250417,27405.0,27403.0,15605
1132694,84765.0,2571.0,15634
1188469,2613.0,2571.0,15634
1069616,2685.0,2571.0,15634
1180904,2685.0,2571.0,15634
1180905,2685.0,2571.0,15634
1180908,84765.0,2571.0,15634
1180909,2685.0,2571.0,15634
1071477,19228.0,19172.0,15645
1071479,19228.0,19172.0,15645
1071480,19228.0,19172.0,15645
1071453,19228.0,19172.0,15645
1081694,19172.0,19144.0,15646
1080265,5271.0,5299.0,15656
1070366,5271.0,5299.0,15656
1070367,5271.0,5299.0,15656
1070368,5271.0,5299.0,15656
1069762,119024.0,119025.0,15668
1078466,19311.0,19292.0,15683
1302334,7034.0,6951.0,15684
1302336,22585.0,6951.0,15684
1302302,22585.0,6951.0,15684
1302335,22585.0,6951.0,15684
1302322,7034.0,6951.0,15684
1302290,22585.0,6951.0,15684
1302925,22585.0,6951.0,15684
1302293,7034.0,6951.0,15684
1069930,19143.0,19107.0,15713
1069997,264001.0,264002.0,15720
1127860,5271.0,5301.0,15723
1074807,264003.0,264004.0,15734
1070093,19396.0,19367.0,15757
1070094,19396.0,19367.0,15757
1078498,19396.0,19367.0,15757
1128361,19396.0,19367.0,15757
1075477,19396.0,19367.0,15757
1088989,5257.0,188801.0,15792
1070271,5257.0,188801.0,15792
1070301,21839.0,21843.0,15799
1070302,21839.0,21843.0,15799
1070304,21839.0,21843.0,15799
1070799,21839.0,21843.0,15799
1070800,21839.0,21843.0,15799
1071724,5169.0,19147.0,15802
1071168,19006.0,19147.0,15802
1071701,19062.0,19147.0,15802
1070361,19164.0,19147.0,15802
1071156,337595.0,19147.0,15802
1070369,19120.0,19147.0,15802
1070370,19120.0,19147.0,15802
1070371,19120.0,19147.0,15802
1071720,5169.0,19147.0,15802
1071166,19006.0,19147.0,15802
1077518,152635.0,19147.0,15802
1097161,,537121.0,15850
1233002,,537121.0,15850
1079095,5431.0,5428.0,15855
1070583,5325.0,5321.0,15857
1074846,5313.0,5321.0,15857
1074847,5313.0,5321.0,15857
1070588,5325.0,5321.0,15857
1137017,5325.0,5321.0,15857
1090017,5283.0,5292.0,15860
1081108,5283.0,5292.0,15860
1081109,5283.0,5292.0,15860
1081110,5283.0,5292.0,15860
1081111,5283.0,5292.0,15860
1077412,5283.0,5292.0,15860
1070637,27428.0,19554.0,15869
1070638,27428.0,19554.0,15869
1070639,27428.0,19554.0,15869
1070640,27428.0,19554.0,15869
1070663,5325.0,5321.0,15870
1074956,5325.0,5321.0,15870
1084424,5325.0,5321.0,15870
1076022,18843.0,18858.0,15888
1075443,276156.0,262407.0,15894
1095592,5314.0,5284.0,15915
1134628,9817.0,9785.0,15924
1287631,9817.0,9785.0,15924
1287633,9817.0,9785.0,15924
1070867,9817.0,9785.0,15924
1289510,9817.0,9785.0,15924
1070869,14608.0,14574.0,15926
1104511,14618.0,14684.0,15928
1109251,14618.0,14684.0,15928
1267480,384829.0,384828.0,15934
1190534,384829.0,384828.0,15934
1189830,384831.0,384828.0,15934
1170151,10678.0,10644.0,15935
1224948,10639.0,10644.0,15935
1070914,25122.0,25119.0,15948
1274032,25122.0,25119.0,15948
1274034,25122.0,25119.0,15948
1274033,25122.0,25119.0,15948
1308403,9143.0,23508.0,15949
1308373,23529.0,23508.0,15949
1308372,23529.0,23508.0,15949
1277300,9143.0,23508.0,15949
1135848,13097.0,12958.0,15953
1143997,12961.0,12958.0,15953
1134631,13003.0,12958.0,15953
1135277,13173.0,12958.0,15953
1070920,13003.0,12958.0,15953
1171744,12961.0,12958.0,15953
1133256,13173.0,12958.0,15953
1222120,4728.0,21656.0,15957
1135178,9886.0,9798.0,15970
1070957,9886.0,9798.0,15970
1188497,3217.0,3178.0,15976
1070989,9715.0,9758.0,15987
1082330,13998.0,13984.0,16000
1104408,16972.0,16950.0,16006
1078630,27168.0,18529.0,16012
1075598,27168.0,18529.0,16012
1075599,27168.0,18529.0,16012
1094854,27168.0,18529.0,16012
1176409,20756.0,20735.0,16023
1135117,20756.0,20735.0,16023
1176414,20756.0,20735.0,16023
1071056,20756.0,20735.0,16023
1175626,20756.0,20735.0,16023
1132454,18471.0,18444.0,16033
1220412,18457.0,18444.0,16033
1083112,18457.0,18444.0,16033
1249730,18471.0,18444.0,16033
1267528,18467.0,18444.0,16033
1220295,18457.0,18444.0,16033
1302355,18471.0,18444.0,16033
1071074,21720.0,4962.0,16034
1079881,26321.0,26325.0,16046
1282485,27349.0,19389.0,16048
1135667,8388.0,8371.0,16076
1071148,8388.0,8371.0,16076
1084111,18599.0,18587.0,16082
1078594,18599.0,18587.0,16082
1071155,5070.0,18587.0,16082
1079705,18599.0,18587.0,16082
1071231,27374.0,27382.0,16095
1074989,21830.0,21819.0,16111
1074990,21830.0,21819.0,16111
1075217,35493.0,35490.0,16121
1071383,19292.0,19272.0,16142
1175161,24825.0,24807.0,16152
1133395,24214.0,5381.0,16154
1077548,19172.0,19181.0,16155
1076464,19231.0,19225.0,16159
1076466,19208.0,19225.0,16159
1076785,27267.0,19059.0,16162
1076786,27267.0,19059.0,16162
1076736,27267.0,19059.0,16162
1121113,54048.0,35484.0,16174
1072082,15207.0,15201.0,16230
1072087,299196.0,299195.0,16233
1123345,13539.0,126394.0,16237
1123315,13539.0,126394.0,16237
1123347,13539.0,126394.0,16237
1125481,1471.0,126394.0,16237
1221304,1471.0,126394.0,16237
1143079,13509.0,126394.0,16237
1072092,13516.0,126394.0,16237
1144995,25891.0,14721.0,16241
1072122,22057.0,5855.0,16246
1073912,5447.0,21865.0,16248
1105695,4379.0,4402.0,16297
1119756,21557.0,4402.0,16297
1113465,4379.0,4402.0,16297
1136787,21557.0,4402.0,16297
1105716,4379.0,4402.0,16297
1155519,4379.0,4402.0,16297
1104718,4379.0,4402.0,16297
1072315,21557.0,4402.0,16297
1165923,21557.0,4402.0,16297
1082280,4379.0,4402.0,16297
1195971,775.0,19940.0,16299
1195975,775.0,19940.0,16299
1195977,775.0,19940.0,16299
1223417,775.0,19940.0,16299
1072319,364860.0,429979.0,16300
1201933,11955.0,11957.0,16326
1073245,14103.0,14087.0,16333
1178288,14103.0,14087.0,16333
1178289,14103.0,14087.0,16333
1178290,14103.0,14087.0,16333
1178291,14103.0,14087.0,16333
1073127,219846.0,219845.0,16338
1072825,219846.0,219845.0,16338
1072828,219846.0,219845.0,16338
1073130,219846.0,219845.0,16338
1072417,140162.0,16737.0,16344
1223618,140162.0,16737.0,16344
1219742,21186.0,21156.0,16346
1179080,25468.0,13592.0,16357
1107850,189435.0,3208.0,16361
1072440,375943.0,3208.0,16361
1107849,189436.0,3208.0,16361
1072457,343515.0,55963.0,16363
1072461,343147.0,1479.0,16364
1122617,343147.0,1479.0,16364
1125063,343147.0,1479.0,16364
1098919,339835.0,339516.0,16368
1072776,233595.0,207037.0,16369
1072500,233595.0,207037.0,16369
1072501,233595.0,207037.0,16369
1072774,233595.0,207037.0,16369
1133308,254716.0,254717.0,16371
1073112,254716.0,254717.0,16371
1072494,229762.0,229767.0,16375
1108570,229762.0,229767.0,16375
1127580,14860.0,149116.0,16388
1072581,149117.0,149116.0,16388
1299652,21641.0,195214.0,16420
1108311,235849.0,235843.0,16421
1108312,235849.0,235843.0,16421
1072903,235849.0,235843.0,16421
1072632,235848.0,235843.0,16421
1072638,235848.0,235843.0,16421
1072640,235848.0,235843.0,16421
1072641,235848.0,235843.0,16421
1108379,235848.0,235843.0,16421
1108380,235848.0,235843.0,16421
1108381,235848.0,235843.0,16421
1108382,235848.0,235843.0,16421
1274508,20054.0,1318.0,16442
1123819,20054.0,1318.0,16442
1125243,20054.0,1318.0,16442
1124745,20054.0,1318.0,16442
1125259,20054.0,1318.0,16442
1143020,20054.0,1318.0,16442
1121544,20054.0,1318.0,16442
1189768,113899.0,4511.0,16452
1072806,113899.0,4511.0,16452
1189769,113899.0,4511.0,16452
1211181,113899.0,4511.0,16452
1072807,396191.0,13293.0,16453
1190401,4210.0,4222.0,16460
1072820,216321.0,216955.0,16462
1072913,91809.0,16158.0,16475
1223685,91809.0,16158.0,16475
1072926,259527.0,149118.0,16487
1180616,390722.0,48612.0,16497
1092425,19561.0,19530.0,16506
1186410,19561.0,19530.0,16506
1186347,19561.0,19530.0,16506
1186346,19579.0,19530.0,16506
1072948,19552.0,19530.0,16506
1072952,242235.0,2851.0,16509
1187034,259527.0,330875.0,16512
1073369,26447.0,16464.0,16518
1181209,26447.0,16464.0,16518
1097739,26447.0,16464.0,16518
1126834,26442.0,16464.0,16518
1180866,16443.0,16464.0,16518
1180867,16443.0,16464.0,16518
1072965,26467.0,16464.0,16518
1180610,16552.0,16464.0,16518
1180869,26442.0,16464.0,16518
1180618,16552.0,16464.0,16518
1181267,16379.0,16464.0,16518
1283294,26467.0,16464.0,16518
1181210,16378.0,16379.0,16520
1127289,16298.0,16379.0,16520
1234813,16298.0,16379.0,16520
1180891,26413.0,16379.0,16520
1223669,26430.0,16379.0,16520
1188705,16298.0,16379.0,16520
1181264,26430.0,16379.0,16520
1181265,26430.0,16379.0,16520
1072998,15076.0,15083.0,16525
1190089,15076.0,15083.0,16525
1190098,15076.0,15083.0,16525
1190101,15076.0,15083.0,16525
1075695,536238.0,3512.0,16531
1308778,536238.0,3512.0,16531
1186782,264955.0,3512.0,16531
1282841,2104.0,3512.0,16531
1187634,47336.0,15814.0,16537
1073019,370354.0,282566.0,16540
1223620,370354.0,282566.0,16540
1073024,376109.0,364940.0,16544
1190082,15056.0,26007.0,16550
1190083,15056.0,26007.0,16550
1190084,15056.0,26007.0,16550
1219148,38699.0,38405.0,16575
1219149,38699.0,38405.0,16575
1229776,38700.0,38405.0,16575
1219150,38700.0,38405.0,16575
1219343,38408.0,38405.0,16575
1219342,38408.0,38405.0,16575
1185516,38700.0,38405.0,16575
1073075,38700.0,38405.0,16575
1185683,38408.0,38405.0,16575
1185686,38410.0,38405.0,16575
1185687,38410.0,38405.0,16575
1185688,148483.0,38405.0,16575
1185689,148483.0,38405.0,16575
1219340,38408.0,38405.0,16575
1229774,19623.0,19628.0,16578
1073078,19623.0,19628.0,16578
1180236,331516.0,283526.0,16579
1180238,331516.0,283526.0,16579
1180668,331516.0,283526.0,16579
1180295,331516.0,283526.0,16579
1073124,216329.0,216958.0,16584
1098953,216329.0,216958.0,16584
1098989,216329.0,216958.0,16584
1108316,216329.0,216958.0,16584
1073326,216329.0,216958.0,16584
1097827,216329.0,216958.0,16584
1181124,16040.0,16075.0,16591
1181125,16040.0,16075.0,16591
1181126,16072.0,16075.0,16591
1181127,16072.0,16075.0,16591
1188790,16091.0,16075.0,16591
1188792,16091.0,16075.0,16591
1073199,16091.0,16075.0,16591
1223682,16091.0,16075.0,16591
1181194,16072.0,16075.0,16591
1181073,16072.0,16075.0,16591
1181074,16146.0,16075.0,16591
1181075,16146.0,16075.0,16591
1188723,16146.0,16075.0,16591
1188724,16146.0,16075.0,16591
1181224,16040.0,16075.0,16591
1181225,16040.0,16075.0,16591
1188744,16091.0,16075.0,16591
1179076,25488.0,25476.0,16605
1179079,25488.0,25476.0,16605
1179077,25488.0,25476.0,16605
1179384,25488.0,25476.0,16605
1119962,20366.0,20415.0,16609
1074133,20366.0,20415.0,16609
1250778,22271.0,7.0,16627
1133193,22271.0,7.0,16627
1073248,349965.0,332797.0,16631
1181369,375023.0,375020.0,16635
1176536,375024.0,375020.0,16635
1176539,375024.0,375020.0,16635
1176573,375024.0,375020.0,16635
1176574,375022.0,375020.0,16635
1232075,375023.0,375020.0,16635
1302772,6501.0,6451.0,16641
1073259,6501.0,6451.0,16641
1250601,11600.0,11587.0,16642
1136119,11600.0,11587.0,16642
1171732,25746.0,25722.0,16658
1171733,14506.0,25722.0,16658
1112636,14506.0,25722.0,16658
1149222,25746.0,25722.0,16658
1081795,25771.0,25722.0,16658
1073329,25802.0,25722.0,16658
1133741,25802.0,25722.0,16658
1125556,2484.0,370319.0,16661
1073371,14798.0,14870.0,16672
1097737,14798.0,14870.0,16672
1265723,12636.0,12502.0,16675
1079891,26311.0,26310.0,16677
1090188,15585.0,15527.0,16684
1073388,15585.0,15527.0,16684
1119966,15585.0,15527.0,16684
1089496,15585.0,15527.0,16684
1089497,15585.0,15527.0,16684
1137081,11363.0,11437.0,16722
1134058,11363.0,11437.0,16722
1121107,18763.0,5109.0,16724
1077723,18763.0,5109.0,16724
1073449,18702.0,5109.0,16724
1078964,18942.0,5109.0,16724
1138048,6478.0,6509.0,16733
1302662,6478.0,6509.0,16733
1281114,15004.0,25966.0,16746
1201448,10526.0,24172.0,16754
1201449,24245.0,24172.0,16754
1136211,108139.0,24172.0,16754
1200855,10459.0,24172.0,16754
1163953,108139.0,24172.0,16754
1133716,10350.0,24172.0,16754
1209767,10284.0,24172.0,16754
1209768,10284.0,24172.0,16754
1209770,24189.0,24172.0,16754
1209772,24189.0,24172.0,16754
1201422,10459.0,24172.0,16754
1201423,10459.0,24172.0,16754
1073512,10350.0,24172.0,16754
1201425,10459.0,24172.0,16754
1201430,10526.0,24172.0,16754
1201431,10629.0,24172.0,16754
1201432,10629.0,24172.0,16754
1201433,10629.0,24172.0,16754
1201442,10526.0,24172.0,16754
1201443,24245.0,24172.0,16754
1201444,24245.0,24172.0,16754
1201446,10526.0,24172.0,16754
1201447,10526.0,24172.0,16754
1180981,4363.0,4364.0,16758
1177510,4331.0,4364.0,16758
1177644,16656.0,4364.0,16758
1190071,444395.0,4364.0,16758
1181019,16656.0,4364.0,16758
1180512,4366.0,4364.0,16758
1180517,4366.0,4364.0,16758
1180518,4366.0,4364.0,16758
1180399,16656.0,4364.0,16758
1187402,4281.0,4364.0,16758
1187404,4281.0,4364.0,16758
1180411,16656.0,4364.0,16758
1177593,4281.0,4364.0,16758
1177595,4281.0,4364.0,16758
1184487,4363.0,4364.0,16758
1184489,4363.0,4364.0,16758
1073546,13920.0,13846.0,16772
1097728,13920.0,13846.0,16772
1073559,21816.0,19377.0,16780
1073564,21214.0,246723.0,16785
1081300,383516.0,383515.0,16793
1081302,383516.0,383515.0,16793
1203546,332162.0,3989.0,16799
1073586,4009.0,3989.0,16799
1202720,4009.0,3989.0,16799
1073588,21523.0,3904.0,16801
1219577,21513.0,21494.0,16802
1219578,21513.0,21494.0,16802
1073590,9342.0,9383.0,16803
1073617,6916.0,6921.0,16820
1097700,6916.0,6921.0,16820
1221426,24491.0,11091.0,16824
1132742,384827.0,21406.0,16832
1073632,207356.0,21406.0,16832
1073638,19778.0,19780.0,16836
1311286,167.0,19780.0,16836
1304942,186.0,19780.0,16836
1311288,167.0,19780.0,16836
1310616,19778.0,19780.0,16836
1310617,189.0,19780.0,16836
1304654,19770.0,19780.0,16836
1304923,19769.0,19780.0,16836
1310556,189.0,19780.0,16836
1304925,19770.0,19780.0,16836
1310557,19766.0,19780.0,16836
1304924,186.0,19780.0,16836
1300731,202.0,19780.0,16836
1301915,243.0,19780.0,16836
1300733,202.0,19780.0,16836
1073639,7446.0,208.0,16837
1304034,22800.0,208.0,16837
1133485,22505.0,22499.0,16838
1289253,7237.0,7206.0,16856
1309690,8167.0,8128.0,16858
1073676,66221.0,8128.0,16858
1289318,7043.0,7064.0,16859
1073677,22591.0,7064.0,16859
1310836,66.0,7064.0,16859
1309184,103965.0,7064.0,16859
1253748,22595.0,7064.0,16859
1307064,6971.0,7064.0,16859
1309040,7043.0,7064.0,16859
1073678,241595.0,234237.0,16860
1297604,238715.0,234237.0,16860
1297563,238715.0,234237.0,16860
1297621,7611.0,234237.0,16860
1136080,178877.0,178561.0,16862
1142370,22217.0,6205.0,16873
1297566,6211.0,6205.0,16873
1073695,375935.0,5978.0,16874
1184982,19146.0,19094.0,16887
1098146,8743.0,8738.0,16896
1073733,8743.0,8738.0,16896
1274383,801.0,832.0,16909
1222353,801.0,832.0,16909
1266031,801.0,832.0,16909
1090495,156159.0,57887.0,16914
1225047,23751.0,23763.0,16916
1225048,23751.0,23763.0,16916
1128714,20389.0,2005.0,16925
1155379,20389.0,2005.0,16925
1155381,20389.0,2005.0,16925
1098110,20395.0,2005.0,16925
1155384,20389.0,2005.0,16925
1154899,20389.0,2005.0,16925
1155388,20389.0,2005.0,16925
1154900,20389.0,2005.0,16925
1073803,3515.0,21356.0,16936
1101986,16606.0,16615.0,16957
1097769,23822.0,23799.0,16961
1266075,23845.0,23799.0,16961
1073862,23822.0,23799.0,16961
1073864,,23032.0,16962
1286793,22788.0,22805.0,16989
1286807,22788.0,22805.0,16989
1203418,275837.0,283536.0,17001
1159371,275837.0,283536.0,17001
1191246,275837.0,283536.0,17001
1159132,275837.0,283536.0,17001
1074015,25282.0,13534.0,17021
1112748,311356.0,13534.0,17021
1121093,32290.0,13534.0,17021
1145090,49248.0,13534.0,17021
1116516,13197.0,13175.0,17022
1116517,13197.0,13175.0,17022
1265289,13184.0,13175.0,17022
1116532,13121.0,13175.0,17022
1116533,13121.0,13175.0,17022
1116535,13121.0,13175.0,17022
1074016,13103.0,13175.0,17022
1114651,13047.0,13175.0,17022
1157437,13121.0,13175.0,17022
1115840,13121.0,13175.0,17022
1115841,13197.0,13175.0,17022
1116487,13197.0,13175.0,17022
1142807,25357.0,13175.0,17022
1074019,2843.0,2901.0,17025
1149730,3380.0,3381.0,17034
1149732,3380.0,3381.0,17034
1148828,3380.0,3381.0,17034
1074036,3335.0,3381.0,17034
1283460,13498.0,13524.0,17036
1153180,13498.0,13524.0,17036
1267665,10188.0,10180.0,17039
1207438,11733.0,24737.0,17052
1300686,7067.0,7128.0,17053
1304072,7067.0,7128.0,17053
1127475,7067.0,7128.0,17053
1300667,7067.0,7128.0,17053
1300668,7067.0,7128.0,17053
1084339,294400.0,294399.0,17054
1075104,294400.0,294399.0,17054
1301788,6754.0,22426.0,17056
1074179,359665.0,359664.0,17112
1136338,22218.0,22216.0,17121
1310395,82844.0,5939.0,17122
1297599,364830.0,5939.0,17122
1074203,375941.0,5939.0,17122
1130929,,62688.0,17123
1074267,375820.0,22163.0,17155
1305876,22172.0,22163.0,17155
1074269,69725.0,58206.0,17157
1122987,1349.0,20088.0,17175
1122989,1349.0,20088.0,17175
1122991,1349.0,20088.0,17175
1122992,1349.0,20088.0,17175
1169453,1349.0,20088.0,17175
1169452,1349.0,20088.0,17175
1169454,1349.0,20088.0,17175
1136933,14884.0,14847.0,17193
1074789,13969.0,14055.0,17194
1074805,,4623.0,17201
1257453,,27371.0,17228
1075156,27407.0,27411.0,17254
1077093,19547.0,27431.0,17256
1075194,35494.0,35492.0,17270
1128359,5334.0,21812.0,17299
1127196,5334.0,21812.0,17299
1075309,5334.0,21812.0,17299
1083604,5334.0,21812.0,17299
1075313,5334.0,21812.0,17299
1075348,5334.0,21812.0,17299
1075352,5334.0,21812.0,17299
1075353,5334.0,21812.0,17299
1077071,18960.0,18928.0,17365
1077038,18960.0,18928.0,17365
1079748,18960.0,18928.0,17365
1077080,18960.0,18928.0,17365
1077081,18960.0,18928.0,17365
1077083,18960.0,18928.0,17365
1084546,18960.0,18928.0,17365
1075731,27404.0,27413.0,17405
1077429,5243.0,375227.0,17410
1076772,5243.0,375227.0,17410
1075750,27361.0,27352.0,17412
1076584,5223.0,5227.0,17414
1075756,5223.0,5227.0,17414
1076729,5223.0,5227.0,17414
1208350,11357.0,11338.0,17430
1075835,11357.0,11338.0,17430
1133689,4003.0,273279.0,17441
1075914,273278.0,282235.0,17442
1079122,18742.0,18766.0,17454
1077335,284158.0,284157.0,17475
1076171,243205.0,179527.0,17494
1076187,243205.0,179527.0,17494
1076271,19352.0,19323.0,17511
1076244,19352.0,19323.0,17511
1076245,19352.0,19323.0,17511
1076246,19352.0,19323.0,17511
1077506,19352.0,19323.0,17511
1111854,16060.0,16080.0,17527
1077372,19250.0,19276.0,17533
1077700,19153.0,19208.0,17565
1077701,19153.0,19208.0,17565
1077702,19153.0,19208.0,17565
1076620,19234.0,19235.0,17605
1076628,284155.0,282241.0,17606
1076678,284157.0,284155.0,17607
1077739,19283.0,19275.0,17620
1076760,145602.0,130227.0,17633
1076876,17616.0,17601.0,17657
1076845,17616.0,17601.0,17657
1092838,17616.0,17601.0,17657
1145333,17616.0,17601.0,17657
1092829,17616.0,17601.0,17657
1077597,19304.0,19305.0,17692
1077280,31364.0,27295.0,17740
1077230,26130.0,21369.0,17741
1077972,19294.0,19289.0,17744
1231976,18772.0,18835.0,17749
1081713,18772.0,18835.0,17749
1249992,18772.0,18835.0,17749
1077253,18772.0,18835.0,17749
1077255,18772.0,18835.0,17749
1078530,18741.0,18814.0,17785
1077408,18741.0,18814.0,17785
1077409,18741.0,18814.0,17785
1084578,18741.0,18814.0,17785
1077410,18741.0,18814.0,17785
1077411,18741.0,18814.0,17785
1077500,18273.0,27119.0,17798
1079257,240957.0,18500.0,17800
1092057,18213.0,18205.0,17811
1093164,18166.0,18205.0,17811
1093167,18213.0,18205.0,17811
1077811,129905.0,129902.0,17872
1079158,129906.0,129902.0,17872
1079188,129906.0,129902.0,17872
1079157,129905.0,129902.0,17872
1079191,129906.0,129902.0,17872
1077808,129905.0,129902.0,17872
1077809,129905.0,129902.0,17872
1077951,129905.0,129908.0,17883
1077938,145609.0,145917.0,17889
1078092,27043.0,27054.0,17914
1078103,145605.0,145606.0,17921
1078243,18038.0,18081.0,17943
1078229,18487.0,18433.0,17945
1078230,18487.0,18433.0,17945
1136940,18487.0,18433.0,17945
1078233,18432.0,18433.0,17945
1078234,18432.0,18433.0,17945
1079792,18487.0,18433.0,17945
1078423,,10123.0,17973
1217131,10124.0,10123.0,17973
1217133,10124.0,10123.0,17973
1217135,10124.0,10123.0,17973
1217584,24026.0,10123.0,17973
1136555,10106.0,10123.0,17973
1089640,14438.0,14470.0,17977
1089642,14438.0,14470.0,17977
1083344,14438.0,14470.0,17977
1083587,26149.0,15607.0,17985
1078628,18565.0,18623.0,17997
1078629,18565.0,18623.0,17997
1089484,349715.0,349714.0,18001
1078583,18782.0,18732.0,18003
1081628,18817.0,18782.0,18007
1079224,378177.0,378176.0,18010
1090082,390331.0,5180.0,18022
1093565,18292.0,18283.0,18024
1093566,18292.0,18283.0,18024
1093567,18292.0,18283.0,18024
1093564,18292.0,18283.0,18024
1078675,18292.0,18283.0,18024
1082508,18335.0,18295.0,18025
1082509,18335.0,18295.0,18025
1092718,18335.0,18295.0,18025
1082510,18335.0,18295.0,18025
1082511,18335.0,18295.0,18025
1093011,18143.0,18175.0,18033
1091592,18143.0,18175.0,18033
1091593,18143.0,18175.0,18033
1099551,26361.0,26356.0,18054
1100010,17766.0,17709.0,18060
1091712,26839.0,17709.0,18060
1155209,26716.0,17709.0,18060
1080708,16191.0,16160.0,18061
1121134,18314.0,18342.0,18075
1093115,17769.0,26859.0,18092
1091847,17518.0,17524.0,18111
1089721,129899.0,129903.0,18128
1100501,13640.0,13616.0,18155
1091678,13640.0,13616.0,18155
1088715,13640.0,13616.0,18155
1079287,13640.0,13616.0,18155
1084034,13640.0,13616.0,18155
1084035,13640.0,13616.0,18155
1079304,15962.0,26260.0,18159
1101321,26559.0,26546.0,18162
1101368,26559.0,26546.0,18162
1101369,26559.0,26546.0,18162
1079323,27043.0,17979.0,18167
1081079,95978.0,95976.0,18193
1083918,35166.0,96296.0,18201
1079485,16569.0,16559.0,18203
1090025,16569.0,16559.0,18203
1081076,95978.0,35166.0,18211
1081077,95978.0,35166.0,18211
1079501,95978.0,35166.0,18211
1093244,18022.0,26992.0,18231
1102454,26939.0,26922.0,18239
1079674,17884.0,26922.0,18239
1079712,17287.0,17317.0,18250
1090029,14083.0,14023.0,18255
1127180,,15729.0,18268
1083927,16026.0,16033.0,18269
1079837,26310.0,16066.0,18273
1079832,26327.0,26329.0,18276
1079834,26325.0,26327.0,18278
1090308,15405.0,15426.0,18325
1090309,15422.0,15426.0,18325
1090311,15422.0,15426.0,18325
1090286,15422.0,15426.0,18325
1090287,15422.0,15426.0,18325
1137184,15405.0,15426.0,18325
1080054,15405.0,15426.0,18325
1081723,27176.0,18557.0,18329
1202224,27176.0,18525.0,18331
1082487,27176.0,18525.0,18331
1202365,27176.0,18525.0,18331
1080063,27176.0,18525.0,18331
1110763,15480.0,15444.0,18335
1113447,15424.0,15397.0,18336
1082565,15465.0,15397.0,18336
1105979,15424.0,15397.0,18336
1113461,15465.0,15397.0,18336
1113462,15465.0,15397.0,18336
1081867,15424.0,15397.0,18336
1081452,14131.0,14104.0,18364
1081502,14131.0,14104.0,18364
1081471,14131.0,14104.0,18364
1080758,35164.0,95971.0,18367
1080220,35164.0,35163.0,18369
1080226,95969.0,95968.0,18371
1080227,95969.0,95968.0,18371
1080757,95969.0,95968.0,18371
1080224,95969.0,95968.0,18371
1275386,13007.0,439438.0,18380
1275389,20025.0,439438.0,18380
1183792,20025.0,439438.0,18380
1136187,25351.0,439438.0,18380
1136221,13258.0,439438.0,18380
1137103,13963.0,13994.0,18393
1082691,14119.0,14150.0,18397
1206156,25644.0,25640.0,18405
1176340,25644.0,25640.0,18405
1178244,25644.0,25640.0,18405
1127724,14215.0,25640.0,18405
1126540,14215.0,25640.0,18405
1206701,14215.0,25640.0,18405
1081056,13976.0,13982.0,18408
1081059,13976.0,13982.0,18408
1080361,3816.0,3827.0,18409
1159674,3816.0,3827.0,18409
1159675,3816.0,3827.0,18409
1159687,3816.0,3827.0,18409
1159709,3816.0,3827.0,18409
1159725,3816.0,3827.0,18409
1083661,65257.0,14229.0,18485
1083662,295355.0,14229.0,18485
1083663,14203.0,14229.0,18485
1133693,375937.0,14229.0,18485
1080697,14059.0,14229.0,18485
1082017,49245.0,14229.0,18485
1083711,49245.0,14229.0,18485
1103087,16517.0,26449.0,18496
1080747,16517.0,26449.0,18496
1104057,26403.0,26449.0,18496
1102416,16410.0,26449.0,18496
1102353,16410.0,26449.0,18496
1102384,16410.0,26449.0,18496
1094458,26403.0,26449.0,18496
1101394,26403.0,26449.0,18496
1100363,16517.0,26449.0,18496
1119587,536765.0,536764.0,18497
1119605,536765.0,536764.0,18497
1080765,3635.0,3682.0,18498
1191300,3635.0,3682.0,18498
1157707,3635.0,3682.0,18498
1157706,3635.0,3682.0,18498
1157708,3635.0,3682.0,18498
1158841,3635.0,3682.0,18498
1080813,21333.0,21330.0,18514
1157450,21333.0,21330.0,18514
1164696,21333.0,21330.0,18514
1306774,4671.0,4662.0,18522
1287138,4671.0,4662.0,18522
1287011,4671.0,4662.0,18522
1286998,4671.0,4662.0,18522
1080908,13900.0,13907.0,18535
1082011,14867.0,14922.0,18536
1082006,14941.0,14930.0,18543
1081561,14941.0,14930.0,18543
1081567,14941.0,14930.0,18543
1081601,14941.0,14930.0,18543
1082023,14941.0,14930.0,18543
1152427,260481.0,3261.0,18618
1128859,14924.0,14907.0,18619
1082477,14924.0,14907.0,18619
1082478,14924.0,14907.0,18619
1082479,14924.0,14907.0,18619
1109866,15794.0,15749.0,18622
1081373,15794.0,15749.0,18622
1099362,15864.0,15846.0,18623
1081464,15379.0,15401.0,18638
1082277,255690.0,14067.0,18642
1082278,255690.0,14067.0,18642
1082279,255690.0,14067.0,18642
1081473,255690.0,14067.0,18642
1081484,14121.0,14148.0,18645
1089576,14121.0,14148.0,18645
1089778,14121.0,14148.0,18645
1091656,14121.0,14148.0,18645
1081486,14121.0,14158.0,18647
1081520,13980.0,13983.0,18651
1081523,13981.0,13983.0,18651
1081528,13984.0,13998.0,18653
1082319,15778.0,15796.0,18661
1149959,25869.0,14617.0,18688
1149961,25869.0,14617.0,18688
1081727,25869.0,14617.0,18688
1144039,70043.0,2346.0,18699
1137067,15839.0,15826.0,18702
1109452,15841.0,15802.0,18710
1109453,15841.0,15802.0,18710
1109469,15841.0,15802.0,18710
1109470,15841.0,15802.0,18710
1082102,15764.0,15784.0,18711
1081778,15751.0,15742.0,18713
1082040,15780.0,15756.0,18714
1081788,69090.0,2476.0,18715
1081789,69090.0,2476.0,18715
1117146,221440.0,2476.0,18715
1149165,14574.0,14550.0,18717
1083901,26283.0,26275.0,18721
1092060,13711.0,13845.0,18745
1092061,13711.0,13845.0,18745
1089893,13888.0,13845.0,18745
1092014,13711.0,13845.0,18745
1081940,13888.0,13845.0,18745
1081943,13888.0,13845.0,18745
1088282,13888.0,13845.0,18745
1089803,13888.0,13845.0,18745
1090995,13711.0,13845.0,18745
1082181,13791.0,13845.0,18745
1082183,13791.0,13845.0,18745
1082506,13791.0,13845.0,18745
1188408,18970.0,18956.0,18756
1081938,18956.0,18970.0,18757
1185259,18956.0,18970.0,18757
1081957,18956.0,18970.0,18757
1191135,18951.0,18899.0,18763
1191136,18951.0,18899.0,18763
1184925,18951.0,18899.0,18763
1081958,18951.0,18899.0,18763
1082001,15828.0,15847.0,18777
1102857,15750.0,15778.0,18784
1082027,15796.0,15778.0,18784
1102892,16230.0,16226.0,18791
1102893,16230.0,16226.0,18791
1105391,16230.0,16226.0,18791
1082045,16230.0,16226.0,18791
1105392,16230.0,16226.0,18791
1109910,15764.0,15743.0,18823
1082141,15751.0,15743.0,18823
1082191,13776.0,13748.0,18828
1094771,13776.0,13748.0,18828
1082158,,20106.0,18836
1083300,63645.0,101404.0,18838
1083301,63645.0,101404.0,18838
1202111,26990.0,27003.0,18844
1149888,14277.0,14343.0,18851
1090368,14451.0,14477.0,18869
1082249,15973.0,15983.0,18876
1113784,14298.0,25736.0,18878
1082268,15942.0,15943.0,18885
1082290,16920.0,26582.0,18892
1082293,15748.0,15789.0,18895
1082295,15748.0,15789.0,18895
1137350,14460.0,14449.0,18907
1149290,14460.0,14449.0,18907
1149291,14460.0,14449.0,18907
1149292,14460.0,14449.0,18907
1082326,15789.0,15829.0,18911
1082355,1559.0,1483.0,18922
1111043,1559.0,1483.0,18922
1082352,1559.0,1483.0,18922
1082383,21925.0,5619.0,18931
1082395,33247.0,33246.0,18937
1166008,21278.0,21272.0,18938
1082428,14944.0,14918.0,18942
1082429,14944.0,14918.0,18942
1082431,14944.0,14918.0,18942
1089582,14944.0,14918.0,18942
1088136,15793.0,33245.0,18943
1088137,15793.0,33245.0,18943
1088139,15793.0,33245.0,18943
1082413,15793.0,33245.0,18943
1083240,26194.0,15805.0,18944
1083242,26194.0,15805.0,18944
1083250,26194.0,15805.0,18944
1082415,26194.0,15805.0,18944
1105978,15462.0,15454.0,18961
1092716,27028.0,18074.0,18968
1082537,14178.0,14179.0,18980
1133690,14137.0,14176.0,18983
1082566,15465.0,15482.0,18993
1145870,14364.0,14324.0,18996
1145873,14364.0,14324.0,18996
1148946,14364.0,14324.0,18996
1095295,14364.0,14324.0,18996
1133280,99818.0,14994.0,19006
1130670,214722.0,14994.0,19006
1082712,15759.0,15785.0,19027
1287643,9848.0,9949.0,19047
1219914,5051.0,5053.0,19057
1219430,5051.0,5053.0,19057
1219099,5051.0,5053.0,19057
1218844,5051.0,5053.0,19057
1166722,5051.0,5053.0,19057
1250948,8556.0,8550.0,19059
1132074,8556.0,8550.0,19059
1216028,8615.0,8550.0,19059
1249802,8615.0,8550.0,19059
1134436,8693.0,8638.0,19061
1082801,8693.0,8638.0,19061
1265727,24977.0,12240.0,19062
1210281,12880.0,12825.0,19069
1262501,12443.0,12359.0,19080
1257564,12443.0,12359.0,19080
1269226,396.0,52763.0,19082
1135306,15911.0,26227.0,19092
1082838,15911.0,26227.0,19092
1283428,7194.0,22621.0,19093
1304260,7194.0,22621.0,19093
1134125,7194.0,22621.0,19093
1136287,7194.0,22621.0,19093
1304174,7194.0,22621.0,19093
1082839,7194.0,22621.0,19093
1181207,116141.0,3981.0,19099
1166188,4004.0,3981.0,19099
1166192,4004.0,3981.0,19099
1166193,4004.0,3981.0,19099
1187884,4004.0,3981.0,19099
1136177,4004.0,3981.0,19099
1133695,116141.0,3981.0,19099
1181206,116141.0,3981.0,19099
1135020,24986.0,12353.0,19109
1082857,24986.0,12353.0,19109
1207760,24986.0,12353.0,19109
1207763,24986.0,12353.0,19109
1288955,24994.0,12305.0,19112
1225733,,487549.0,19119
1088265,,487549.0,19119
1084024,15724.0,26177.0,19121
1082893,15791.0,26177.0,19121
1082894,15791.0,26177.0,19121
1082895,15791.0,26177.0,19121
1082968,27003.0,27020.0,19125
1083023,18095.0,27020.0,19130
1202112,18068.0,26990.0,19142
1109471,15841.0,15827.0,19146
1185378,19045.0,19007.0,19165
1186087,19045.0,19007.0,19165
1185389,19045.0,19007.0,19165
1185390,19045.0,19007.0,19165
1185391,19045.0,19007.0,19165
1185919,18901.0,18955.0,19166
1184910,18847.0,18955.0,19166
1184912,18847.0,18955.0,19166
1184913,18847.0,18955.0,19166
1185439,18939.0,18955.0,19166
1184930,18939.0,18955.0,19166
1184936,18901.0,18955.0,19166
1184937,18901.0,18955.0,19166
1185601,18939.0,18955.0,19166
1083142,18939.0,18955.0,19166
1083146,18847.0,18955.0,19166
1083147,18847.0,18955.0,19166
1184976,18939.0,18955.0,19166
1095057,18901.0,18955.0,19166
1198185,24339.0,24317.0,19170
1198183,24339.0,24317.0,19170
1143352,20654.0,2416.0,19212
1143353,20654.0,2416.0,19212
1143367,20654.0,2416.0,19212
1143369,20654.0,2416.0,19212
1143372,20654.0,2416.0,19212
1145193,20618.0,2416.0,19212
1147522,20618.0,2416.0,19212
1147525,20618.0,2416.0,19212
1147530,20618.0,2416.0,19212
1146887,20654.0,2416.0,19212
1136132,20654.0,2416.0,19212
1143319,20654.0,2416.0,19212
1143322,20654.0,2416.0,19212
1143323,20654.0,2416.0,19212
1143324,20654.0,2416.0,19212
1143325,20654.0,2416.0,19212
1155525,20654.0,2416.0,19212
1145125,2885.0,21042.0,19218
1147841,64609.0,21042.0,19218
1145123,2885.0,21042.0,19218
1145974,2885.0,21042.0,19218
1145975,2885.0,21042.0,19218
1145978,2885.0,21042.0,19218
1146930,2885.0,21042.0,19218
1146791,2885.0,21042.0,19218
1157398,2178.0,20439.0,19224
1153887,2478.0,2384.0,19233
1153889,2478.0,2384.0,19233
1089530,14293.0,14294.0,19235
1112118,14601.0,14536.0,19239
1083314,14601.0,14536.0,19239
1111910,14601.0,14536.0,19239
1083293,14475.0,14504.0,19246
1112161,14475.0,14504.0,19246
1113818,14476.0,25785.0,19248
1083324,25785.0,25832.0,19257
1083358,27031.0,18095.0,19271
1083359,27031.0,18095.0,19271
1202098,27031.0,18095.0,19271
1168993,19050.0,27272.0,19297
1168799,27268.0,27272.0,19297
1083408,19050.0,27272.0,19297
1174731,27272.0,19050.0,19298
1174451,19075.0,19089.0,19301
1174419,19089.0,19088.0,19305
1083430,27286.0,27279.0,19307
1158175,3498.0,3457.0,19327
1164642,3498.0,3457.0,19327
1155832,3498.0,3457.0,19327
1157892,3498.0,3457.0,19327
1083484,3498.0,3457.0,19327
1165711,4045.0,4044.0,19339
1156647,4038.0,4044.0,19339
1165234,4045.0,4044.0,19339
1156326,4045.0,4044.0,19339
1156649,4038.0,4044.0,19339
1083679,14353.0,14325.0,19376
1089829,15340.0,15334.0,19404
1089830,15340.0,15334.0,19404
1089831,15340.0,15334.0,19404
1089898,15340.0,15334.0,19404
1089938,15340.0,15334.0,19404
1115069,13102.0,13110.0,19406
1115070,13102.0,13110.0,19406
1115071,13102.0,13110.0,19406
1106573,26283.0,16028.0,19436
1278656,,16010.0,19437
1089627,14360.0,14339.0,19453
1083981,13482.0,13462.0,19460
1083982,13482.0,13462.0,19460
1083983,13482.0,13462.0,19460
1089920,13469.0,13462.0,19461
1089923,13469.0,13462.0,19461
1083984,13469.0,13462.0,19461
1083985,13469.0,13462.0,19461
1084029,16869.0,16861.0,19475
1084045,344699.0,235840.0,19480
1084046,343420.0,235840.0,19480
1084047,349579.0,235840.0,19480
1084092,349643.0,235840.0,19480
1084093,345325.0,235840.0,19480
1110819,13187.0,13155.0,19490
1146330,25350.0,13155.0,19490
1146332,25350.0,13155.0,19490
1171816,25350.0,13155.0,19490
1144962,25350.0,13155.0,19490
1181312,13187.0,13155.0,19490
1114782,13187.0,13155.0,19490
1084064,13187.0,13155.0,19490
1104474,25350.0,13155.0,19490
1104475,25350.0,13155.0,19490
1114439,13187.0,13155.0,19490
1084087,,27284.0,19502
1084101,13537.0,13541.0,19506
1221377,11065.0,11040.0,19536
1221378,11065.0,11040.0,19536
1221379,11065.0,11040.0,19536
1228596,11065.0,11040.0,19536
1228597,11022.0,11040.0,19536
1216977,11022.0,11040.0,19536
1216979,11022.0,11040.0,19536
1198535,11065.0,11040.0,19536
1217790,11022.0,11040.0,19536
1191040,18725.0,18757.0,19544
1087766,18725.0,18757.0,19544
1185366,18725.0,18757.0,19544
1185368,18725.0,18757.0,19544
1185369,18725.0,18757.0,19544
1087785,8043.0,8101.0,19555
1305529,8043.0,8101.0,19555
1306968,8043.0,8101.0,19555
1087787,13861.0,1917.0,19557
1088024,223676.0,223675.0,19599
1088120,16033.0,16015.0,19618
1088209,14716.0,14585.0,19640
1088235,65247.0,14585.0,19640
1130673,210564.0,14585.0,19640
1091277,14417.0,14419.0,19660
1089917,14772.0,14786.0,19663
1089918,14772.0,14786.0,19663
1220600,18486.0,18492.0,19676
1202502,18486.0,18492.0,19676
1202472,18486.0,18492.0,19676
1090350,14454.0,14544.0,19677
1088365,14347.0,14407.0,19695
1088993,14303.0,14384.0,19716
1089937,14317.0,14296.0,19723
1089688,14308.0,14296.0,19723
1089689,14410.0,14296.0,19723
1090628,26149.0,15648.0,19724
1090279,26149.0,15648.0,19724
1089109,14423.0,14385.0,19761
1089827,25787.0,14589.0,19771
1088629,25787.0,14589.0,19771
1088661,14558.0,14744.0,19783
1088697,14744.0,14763.0,19794
1109282,14719.0,14763.0,19794
1088709,14708.0,14733.0,19796
1088795,349710.0,349711.0,19807
1088814,391051.0,375453.0,19811
1108667,17494.0,26746.0,19816
1088828,15138.0,15203.0,19818
1089265,14951.0,2857.0,19821
1090123,14951.0,2857.0,19821
1131341,13549.0,13546.0,19827
1132943,13549.0,13546.0,19827
1106561,14225.0,14240.0,19849
1088940,14225.0,14240.0,19849
1186178,19331.0,19300.0,19861
1186212,19307.0,19300.0,19861
1088988,19331.0,19300.0,19861
1174697,19331.0,19300.0,19861
1186221,19307.0,19300.0,19861
1185491,19331.0,19300.0,19861
1186199,19307.0,19300.0,19861
1186201,19307.0,19300.0,19861
1186172,19307.0,19300.0,19861
1089194,21373.0,21375.0,19899
1111508,378251.0,246722.0,19900
1089156,14527.0,31349.0,19905
1167348,18195.0,18311.0,19917
1167351,18195.0,18311.0,19917
1183587,27066.0,18311.0,19917
1229782,27066.0,18311.0,19917
1154345,27066.0,18311.0,19917
1202394,27066.0,18311.0,19917
1202395,27066.0,18311.0,19917
1167620,27066.0,18311.0,19917
1089200,18195.0,18311.0,19917
1202278,18195.0,18311.0,19917
1089253,14577.0,14599.0,19933
1197788,11112.0,24513.0,19938
1089308,322882.0,14997.0,19948
1133691,209276.0,53412.0,19961
1089407,14467.0,14486.0,19974
1114101,14467.0,14486.0,19974
1089412,14435.0,14467.0,19977
1089413,14435.0,14467.0,19977
1112442,14413.0,14374.0,19978
1089427,15554.0,15551.0,19981
1090100,15084.0,15150.0,20007
1090121,15080.0,15150.0,20007
1145300,15976.0,15987.0,20032
1089823,14148.0,14083.0,20044
1167257,18431.0,18451.0,20051
1089768,18431.0,18451.0,20051
1188254,19566.0,27437.0,20061
1167133,18538.0,18604.0,20063
1105947,15397.0,15417.0,20066
1130672,14720.0,14803.0,20076
1090587,15328.0,15332.0,20079
1091901,400895.0,344907.0,20108
1090004,390906.0,344907.0,20108
1156708,449147.0,344907.0,20108
1133429,400940.0,344907.0,20108
1137986,15284.0,15184.0,20110
1090703,15368.0,15385.0,20175
1090427,60780.0,3035.0,20202
1090425,15036.0,3035.0,20202
1090429,,20961.0,20204
1090484,15389.0,15385.0,20226
1090487,15389.0,15385.0,20226
1102277,16569.0,26473.0,20227
1102244,16569.0,26473.0,20227
1090485,16569.0,26473.0,20227
1099331,16569.0,26473.0,20227
1090491,26691.0,26684.0,20229
1115830,25384.0,13206.0,20244
1115831,25384.0,13206.0,20244
1115880,25384.0,13206.0,20244
1115817,25384.0,13206.0,20244
1115883,25381.0,13206.0,20244
1115828,25384.0,13206.0,20244
1220516,17999.0,17992.0,20250
1220508,26970.0,17999.0,20253
1116403,13110.0,13173.0,20263
1114798,13126.0,13080.0,20278
1114799,13167.0,13080.0,20278
1114802,13224.0,13080.0,20278
1114803,13224.0,13080.0,20278
1110816,13217.0,13080.0,20278
1110818,13217.0,13080.0,20278
1101802,13106.0,13080.0,20278
1110754,13217.0,13080.0,20278
1090617,13217.0,13080.0,20278
1110768,13224.0,13080.0,20278
1110769,13167.0,13080.0,20278
1110770,13167.0,13080.0,20278
1110771,13167.0,13080.0,20278
1115166,13280.0,13244.0,20279
1090618,13280.0,13244.0,20279
1131231,13280.0,13244.0,20279
1116667,13106.0,13160.0,20289
1167917,18591.0,18572.0,20324
1167606,18513.0,18591.0,20325
1148953,18513.0,18591.0,20325
1167617,18556.0,18591.0,20325
1167619,18556.0,18591.0,20325
1167588,18556.0,18591.0,20325
1202078,18558.0,18591.0,20325
1167591,18556.0,18591.0,20325
1202053,18513.0,18591.0,20325
1202048,18513.0,18591.0,20325
1202080,18558.0,18591.0,20325
1202079,18558.0,18591.0,20325
1202081,18558.0,18591.0,20325
1090742,169595.0,18409.0,20328
1275380,64283.0,18549.0,20330
1155927,12939.0,12919.0,20338
1116162,12939.0,12919.0,20338
1116161,12939.0,12919.0,20338
1090775,12976.0,12904.0,20339
1114564,12976.0,12904.0,20339
1096675,12976.0,12904.0,20339
1166952,20846.0,2716.0,20340
1166449,20846.0,2716.0,20340
1166475,20846.0,2716.0,20340
1115477,12808.0,12783.0,20350
1115512,12808.0,12783.0,20350
1159953,12808.0,12783.0,20350
1090791,12910.0,12920.0,20352
1116127,12910.0,12920.0,20352
1116129,12910.0,12920.0,20352
1116163,12939.0,12920.0,20352
1148217,12939.0,12920.0,20352
1156946,1548.0,1452.0,20361
1114189,1626.0,1452.0,20361
1115481,1443.0,1452.0,20361
1115492,1544.0,1452.0,20361
1115493,1443.0,1452.0,20361
1153089,1628.0,1452.0,20361
1115507,1443.0,1452.0,20361
1113469,1548.0,1452.0,20361
1152483,1589.0,1452.0,20361
1113744,1626.0,1452.0,20361
1113745,1626.0,1452.0,20361
1115430,1544.0,1452.0,20361
1090821,1501.0,1452.0,20361
1115446,1443.0,1452.0,20361
1115462,1544.0,1452.0,20361
1115464,1501.0,1452.0,20361
1115465,1544.0,1452.0,20361
1148898,1548.0,1452.0,20361
1113711,14078.0,14070.0,20387
1113708,14126.0,14091.0,20388
1113769,13814.0,13799.0,20391
1113709,13814.0,13799.0,20391
1115952,13814.0,13799.0,20391
1115953,13814.0,13799.0,20391
1090911,344443.0,235516.0,20406
1090917,16812.0,16846.0,20410
1117023,16812.0,16846.0,20410
1111797,16771.0,16758.0,20424
1111932,25327.0,25338.0,20439
1090981,18283.0,18250.0,20444
1104247,27028.0,18117.0,20472
1092791,27028.0,18117.0,20472
1091039,27028.0,18117.0,20472
1116653,13710.0,13656.0,20481
1167603,27034.0,27024.0,20486
1113842,248967.0,18280.0,20489
1091065,18320.0,18357.0,20490
1091074,18352.0,18328.0,20494
1092652,18357.0,18320.0,20502
1128391,27049.0,18106.0,20504
1202270,18093.0,18106.0,20504
1202271,18093.0,18106.0,20504
1138408,26928.0,26920.0,20517
1092367,26925.0,26920.0,20517
1092340,26923.0,26920.0,20517
1093787,26923.0,26920.0,20517
1092341,26923.0,26920.0,20517
1092734,26923.0,26920.0,20517
1146378,26928.0,26920.0,20517
1094556,18341.0,18336.0,20548
1094557,18341.0,18336.0,20548
1094580,17626.0,26824.0,20566
1094549,17626.0,26824.0,20566
1094550,17626.0,26824.0,20566
1094583,17626.0,26824.0,20566
1101016,16311.0,16381.0,20596
1248337,16311.0,16381.0,20596
1101059,16339.0,16381.0,20596
1101061,16311.0,16381.0,20596
1101003,16339.0,16381.0,20596
1101043,16339.0,16381.0,20596
1100571,16414.0,26425.0,20598
1100573,16414.0,26425.0,20598
1202165,18412.0,18415.0,20599
1091348,13566.0,13550.0,20606
1091501,17839.0,16079.0,20643
1247846,,14575.0,20649
1091518,27466.0,27465.0,20650
1091537,13864.0,13813.0,20664
1112790,13864.0,13813.0,20664
1101798,13864.0,13813.0,20664
1112773,13864.0,13813.0,20664
1092159,18219.0,18302.0,20672
1093365,18338.0,18374.0,20680
1224490,482699.0,1841.0,20703
1112476,1848.0,1841.0,20703
1112478,1848.0,1841.0,20703
1150742,1843.0,1841.0,20703
1150744,1929.0,1841.0,20703
1150718,1929.0,1841.0,20703
1091600,1843.0,1841.0,20703
1150707,20419.0,20412.0,20704
1103138,26456.0,26464.0,20709
1185706,19388.0,19363.0,20723
1185652,19369.0,19363.0,20723
1091662,19388.0,19363.0,20723
1091670,26950.0,26979.0,20728
1167064,26956.0,26979.0,20728
1202598,26956.0,26979.0,20728
1202567,26950.0,26979.0,20728
1184527,26956.0,26979.0,20728
1185030,18872.0,18774.0,20751
1202128,18894.0,18774.0,20751
1191110,18914.0,18774.0,20751
1191111,18894.0,18774.0,20751
1191112,18894.0,18774.0,20751
1191113,18894.0,18774.0,20751
1184562,18864.0,18774.0,20751
1184563,27223.0,18774.0,20751
1184564,18872.0,18774.0,20751
1091732,18864.0,18774.0,20751
1091733,27223.0,18774.0,20751
1091744,18864.0,18774.0,20751
1185779,27223.0,18774.0,20751
1185781,27223.0,18774.0,20751
1202085,18894.0,18774.0,20751
1185026,18778.0,18719.0,20766
1184580,18778.0,18719.0,20766
1184581,18778.0,18719.0,20766
1167140,27214.0,18877.0,20767
1167141,18785.0,18877.0,20767
1167142,27214.0,18877.0,20767
1167143,27214.0,18877.0,20767
1185432,18785.0,18877.0,20767
1091797,27214.0,18877.0,20767
1091798,18785.0,18877.0,20767
1091799,18802.0,18877.0,20767
1185066,18705.0,18877.0,20767
1185067,18770.0,18877.0,20767
1185068,18770.0,18877.0,20767
1185069,27214.0,18877.0,20767
1185238,18802.0,18877.0,20767
1185239,18802.0,18877.0,20767
1185241,18802.0,18877.0,20767
1185250,18770.0,18877.0,20767
1185253,18770.0,18877.0,20767
1091903,3412.0,15500.0,20773
1145311,21363.0,15500.0,20773
1091852,3412.0,15500.0,20773
1091855,3506.0,15500.0,20773
1155011,2690.0,2666.0,20774
1155012,2690.0,2666.0,20774
1143527,2690.0,2666.0,20774
1091827,2690.0,2666.0,20774
1097547,,130219.0,20787
1184699,19626.0,19625.0,20793
1184591,19627.0,19625.0,20793
1184592,19627.0,19625.0,20793
1184593,19627.0,19625.0,20793
1188353,19586.0,19601.0,20801
1091970,19624.0,19627.0,20805
1167201,19624.0,19627.0,20805
1186108,19624.0,19627.0,20805
1219344,38702.0,19623.0,20819
1219345,38702.0,19623.0,20819
1185536,38396.0,19623.0,20819
1185537,38396.0,19623.0,20819
1185735,38702.0,19623.0,20819
1185736,38396.0,19623.0,20819
1185737,38396.0,19623.0,20819
1110247,16582.0,151676.0,20824
1186188,19319.0,19353.0,20829
1092029,19397.0,19374.0,20830
1166367,19394.0,19374.0,20830
1185492,19394.0,19374.0,20830
1186058,19397.0,19395.0,20833
1132264,,19395.0,20833
1185242,19411.0,19420.0,20834
1185243,19411.0,19420.0,20834
1185244,19411.0,19420.0,20834
1092030,27387.0,19420.0,20834
1092031,27387.0,19420.0,20834
1291134,27387.0,19420.0,20834
1186036,19411.0,19420.0,20834
1186037,19411.0,19420.0,20834
1171849,27387.0,19420.0,20834
1156179,20647.0,2408.0,20840
1155082,20647.0,2408.0,20840
1155083,20647.0,2408.0,20840
1156181,20647.0,2408.0,20840
1154283,2359.0,2408.0,20840
1154284,2359.0,2408.0,20840
1154285,2359.0,2408.0,20840
1154234,2359.0,2408.0,20840
1156174,20647.0,2408.0,20840
1150948,3536.0,21366.0,20845
1150828,3536.0,21366.0,20845
1148921,3536.0,21366.0,20845
1150865,3536.0,21366.0,20845
1092047,3536.0,21366.0,20845
1150909,3536.0,21366.0,20845
1150877,3536.0,21366.0,20845
1185531,297924.0,19503.0,20857
1185532,297925.0,19503.0,20857
1185533,297923.0,19503.0,20857
1186066,297923.0,19503.0,20857
1188382,297922.0,19503.0,20857
1188385,297922.0,19503.0,20857
1092072,19496.0,19503.0,20857
1186099,19528.0,19503.0,20857
1186100,19528.0,19503.0,20857
1185845,297926.0,19503.0,20857
1185843,297926.0,19503.0,20857
1188416,297925.0,19503.0,20857
1188415,297925.0,19503.0,20857
1185594,19462.0,19503.0,20857
1185597,19496.0,19503.0,20857
1185623,297925.0,19503.0,20857
1188324,297926.0,19503.0,20857
1171847,19496.0,19503.0,20857
1186393,297925.0,19503.0,20857
1185497,19496.0,19503.0,20857
1186269,297922.0,19503.0,20857
1185946,19432.0,19417.0,20865
1185947,19432.0,19417.0,20865
1092088,3441.0,3458.0,20868
1148626,3441.0,3458.0,20868
1148629,3441.0,3458.0,20868
1092288,25421.0,13474.0,20878
1092148,19131.0,19057.0,20886
1185031,19131.0,19057.0,20886
1184709,19145.0,19057.0,20886
1184711,19145.0,19057.0,20886
1191057,19145.0,19057.0,20886
1220621,19131.0,19057.0,20886
1220623,19131.0,19057.0,20886
1184719,19131.0,19057.0,20886
1188423,19145.0,19057.0,20886
1188361,19145.0,19057.0,20886
1092185,18364.0,18319.0,20898
1186430,19259.0,19260.0,20908
1186162,19226.0,19259.0,20909
1218811,19212.0,19213.0,20910
1128958,19212.0,19213.0,20910
1154692,20394.0,2110.0,20913
1154799,20394.0,2110.0,20913
1154800,20394.0,2110.0,20913
1154738,20394.0,2110.0,20913
1154739,20394.0,2110.0,20913
1137912,20394.0,2110.0,20913
1229777,19429.0,19401.0,20919
1184602,19429.0,19401.0,20919
1184603,19429.0,19401.0,20919
1184605,19429.0,19401.0,20919
1191223,19429.0,19401.0,20919
1111362,25411.0,13486.0,20921
1110797,13345.0,13486.0,20921
1113767,13345.0,13486.0,20921
1111527,13467.0,13486.0,20921
1114201,13424.0,13486.0,20921
1111540,13467.0,13486.0,20921
1111314,13424.0,13486.0,20921
1111381,25411.0,13486.0,20921
1111382,25411.0,13486.0,20921
1110796,13345.0,13486.0,20921
1092244,13424.0,13486.0,20921
1112849,13345.0,13486.0,20921
1111576,25411.0,25420.0,20922
1191066,19212.0,19168.0,20925
1191067,19212.0,19168.0,20925
1186181,27317.0,19168.0,20925
1185417,19239.0,19168.0,20925
1185570,19239.0,19168.0,20925
1186217,19239.0,19168.0,20925
1190996,27317.0,19168.0,20925
1092261,27317.0,19168.0,20925
1092263,27317.0,19168.0,20925
1186158,27317.0,19168.0,20925
1186159,19239.0,19168.0,20925
1186161,27317.0,19168.0,20925
1183637,19239.0,19168.0,20925
1184879,19239.0,19168.0,20925
1092262,19335.0,19358.0,20926
1185222,19335.0,19358.0,20926
1185223,94693.0,19358.0,20926
1185234,19335.0,19358.0,20926
1184556,19335.0,19358.0,20926
1185237,19335.0,19358.0,20926
1185118,27363.0,27338.0,20929
1185119,27363.0,27338.0,20929
1185120,27343.0,27338.0,20929
1185121,27343.0,27338.0,20929
1185154,27343.0,27338.0,20929
1184639,27343.0,27338.0,20929
1117095,19415.0,19366.0,20932
1117097,27341.0,19366.0,20932
1184606,27341.0,19366.0,20932
1184608,27341.0,19366.0,20932
1184609,27341.0,19366.0,20932
1134833,27343.0,19366.0,20932
1092272,27341.0,19366.0,20932
1092274,19415.0,19366.0,20932
1128301,27343.0,19366.0,20932
1184594,19428.0,19403.0,20933
1184595,19428.0,19403.0,20933
1184597,19428.0,19403.0,20933
1184598,19415.0,19403.0,20933
1184599,19415.0,19403.0,20933
1195308,27395.0,19403.0,20933
1184607,19415.0,19403.0,20933
1184613,19415.0,19403.0,20933
1191152,19428.0,19403.0,20933
1092275,19415.0,19403.0,20933
1102915,26362.0,26363.0,20967
1092407,176955.0,17574.0,20976
1281787,19541.0,19525.0,20980
1184510,19541.0,19525.0,20980
1186408,19558.0,19549.0,20982
1186409,19558.0,19549.0,20982
1186343,19553.0,19558.0,20983
1186003,19543.0,27426.0,20984
1186004,19543.0,27426.0,20984
1185981,19539.0,27426.0,20984
1185982,27425.0,19543.0,20985
1184958,27425.0,19543.0,20985
1185724,19559.0,19538.0,20987
1185499,19542.0,19521.0,20989
1092432,19542.0,19521.0,20989
1145398,2580.0,2572.0,20993
1145404,2580.0,2572.0,20993
1153883,2251.0,425292.0,20996
1092464,18356.0,18341.0,21005
1137420,18356.0,18341.0,21005
1104199,25520.0,13749.0,21030
1104201,25520.0,13749.0,21030
1112842,25520.0,13749.0,21030
1092542,25520.0,13749.0,21030
1092578,25251.0,25263.0,21043
1092617,26866.0,17780.0,21051
1092745,16149.0,16176.0,21071
1094629,16149.0,16176.0,21071
1094628,16149.0,16176.0,21071
1094693,16149.0,16176.0,21071
1185275,19642.0,19640.0,21083
1150173,15989.0,3819.0,21111
1156146,15979.0,3819.0,21111
1155503,15979.0,3819.0,21111
1150123,15979.0,3819.0,21111
1138422,15979.0,3819.0,21111
1150135,15981.0,3819.0,21111
1150170,15989.0,3819.0,21111
1150172,15981.0,3819.0,21111
1092844,26251.0,26268.0,21128
1093931,18332.0,18361.0,21130
1150788,3726.0,21444.0,21138
1150789,3726.0,21444.0,21138
1092871,3726.0,21444.0,21138
1150488,21445.0,21444.0,21138
1145950,3726.0,21444.0,21138
1145951,3726.0,21444.0,21138
1149384,3726.0,21444.0,21138
1145231,15950.0,15976.0,21139
1113055,18187.0,18219.0,21168
1257422,,17101.0,21184
1100624,17143.0,17120.0,21194
1093093,17120.0,17143.0,21195
1093220,12984.0,12972.0,21224
1115641,12984.0,12972.0,21224
1115642,12984.0,12972.0,21224
1115643,12984.0,12972.0,21224
1121063,13060.0,13138.0,21225
1115654,25318.0,25326.0,21230
1093261,17562.0,17544.0,21234
1191238,17234.0,17274.0,21259
1155800,17234.0,17274.0,21259
1202134,19326.0,19284.0,21265
1202137,19326.0,19284.0,21265
1186191,19326.0,19284.0,21265
1185195,19210.0,19284.0,21265
1185196,19210.0,19284.0,21265
1185197,19210.0,19284.0,21265
1185204,19326.0,19284.0,21265
1093360,19284.0,19253.0,21266
1186275,19003.0,18980.0,21268
1185186,19037.0,18980.0,21268
1185188,19003.0,18980.0,21268
1093362,19077.0,18980.0,21268
1186291,19077.0,18980.0,21268
1186298,19037.0,18980.0,21268
1186299,19077.0,18980.0,21268
1184786,18975.0,18980.0,21268
1186301,19077.0,18980.0,21268
1093385,18232.0,18203.0,21272
1093388,18204.0,18203.0,21272
1093391,18232.0,18203.0,21272
1100032,18204.0,18203.0,21272
1102228,18232.0,18203.0,21272
1093728,18232.0,18203.0,21272
1093375,18204.0,18203.0,21272
1093376,18204.0,18203.0,21272
1093377,18204.0,18203.0,21272
1093731,18232.0,18203.0,21272
1093381,18145.0,18172.0,21274
1100057,18145.0,18172.0,21274
1099475,17582.0,17606.0,21280
1099483,17582.0,17606.0,21280
1100118,17509.0,17486.0,21293
1093456,18283.0,18295.0,21296
1099208,17555.0,26755.0,21320
1093656,16516.0,16522.0,21344
1093659,16516.0,16522.0,21344
1093736,17852.0,17815.0,21361
1102089,16532.0,16575.0,21362
1093797,17686.0,17660.0,21365
1104437,26925.0,26923.0,21379
1094584,26881.0,17833.0,21380
1099631,17843.0,17861.0,21393
1093870,18361.0,18332.0,21401
1106194,26727.0,17386.0,21430
1094035,26727.0,17386.0,21430
1113660,26727.0,17386.0,21430
1154732,16930.0,16946.0,21448
1111762,18290.0,18234.0,21456
1094164,18174.0,18290.0,21457
1257390,,16768.0,21464
1094294,16860.0,16909.0,21482
1094516,375812.0,375816.0,21547
1094519,375812.0,375816.0,21547
1094718,26718.0,26709.0,21604
1094722,26722.0,26718.0,21605
1101345,26723.0,17394.0,21614
1095091,396229.0,396224.0,21640
1095035,396229.0,396224.0,21640
1095038,396229.0,396224.0,21640
1095039,396229.0,396224.0,21640
1176535,11468.0,11490.0,21658
1095114,375025.0,120939.0,21660
1096000,390699.0,396060.0,21682
1110144,14092.0,14057.0,21686
1095214,2540.0,2541.0,21688
1153470,2540.0,2541.0,21688
1153472,2540.0,2541.0,21688
1156894,2540.0,2541.0,21688
1153430,2540.0,2541.0,21688
1106218,19290.0,5210.0,21703
1106252,19269.0,5210.0,21703
1106253,19269.0,5210.0,21703
1106219,19290.0,5210.0,21703
1112150,19290.0,5210.0,21703
1134693,9833.0,9878.0,21715
1216039,9833.0,9878.0,21715
1282689,19464.0,19512.0,21727
1095449,149438.0,19662.0,21785
1185931,149438.0,19662.0,21785
1185579,149436.0,19662.0,21785
1167109,149438.0,19662.0,21785
1185044,149436.0,19662.0,21785
1132492,391359.0,391357.0,21789
1218675,536717.0,20813.0,21796
1299199,536717.0,20813.0,21796
1287088,536717.0,20813.0,21796
1119022,536717.0,20813.0,21796
1228740,536717.0,20813.0,21796
1095473,536717.0,20813.0,21796
1135838,,396222.0,21805
1180109,12508.0,12464.0,21809
1180111,12508.0,12464.0,21809
1221726,,12464.0,21809
1096360,377611.0,12464.0,21809
1095528,12508.0,12464.0,21809
1166149,377611.0,12464.0,21809
1180640,16064.0,26326.0,21843
1180641,26317.0,26326.0,21843
1180642,16064.0,26326.0,21843
1095630,16064.0,26326.0,21843
1177998,3837.0,26326.0,21843
1177999,3837.0,26326.0,21843
1187868,26317.0,26326.0,21843
1187869,26317.0,26326.0,21843
1166178,26317.0,26326.0,21843
1127948,197119.0,26326.0,21843
1137506,11928.0,11940.0,21858
1113158,13168.0,13247.0,21859
1112654,13168.0,13247.0,21859
1289394,22532.0,6927.0,21865
1282053,6836.0,6927.0,21865
1282054,6836.0,6927.0,21865
1095691,126381.0,6927.0,21865
1282097,6863.0,6927.0,21865
1282098,6863.0,6927.0,21865
1282099,6863.0,6927.0,21865
1282100,6863.0,6927.0,21865
1289849,6836.0,6927.0,21865
1289339,22532.0,6927.0,21865
1289340,22532.0,6927.0,21865
1289341,6863.0,6927.0,21865
1289342,22532.0,6927.0,21865
1289343,22532.0,6927.0,21865
1289344,46043.0,6927.0,21865
1289346,22532.0,6927.0,21865
1175466,24693.0,24720.0,21875
1095715,24692.0,24720.0,21875
1175467,24693.0,24720.0,21875
1176538,24692.0,24720.0,21875
1175465,24693.0,24720.0,21875
1095731,190079.0,19285.0,21880
1186031,18944.0,18922.0,21881
1095734,18944.0,18922.0,21881
1095735,18944.0,18922.0,21881
1202859,18944.0,18922.0,21881
1096827,396077.0,396078.0,21896
1095805,2409.0,20549.0,21900
1096567,391361.0,391360.0,21901
1187502,26111.0,26101.0,21955
1187503,26111.0,26101.0,21955
1187504,26111.0,26101.0,21955
1096059,537075.0,26101.0,21955
1138081,26111.0,26101.0,21955
1232515,537075.0,26101.0,21955
1232995,,26101.0,21955
1187355,26111.0,26101.0,21955
1187039,26111.0,26101.0,21955
1198144,10667.0,24320.0,21962
1197790,10667.0,24320.0,21962
1096150,391437.0,391439.0,21964
1096097,391438.0,391439.0,21964
1096098,391438.0,391439.0,21964
1096099,391438.0,391439.0,21964
1096100,391438.0,391439.0,21964
1096145,391439.0,391437.0,21969
1119059,10750.0,429852.0,21973
1096191,11678.0,11826.0,21981
1175448,11725.0,11826.0,21981
1175449,11678.0,11826.0,21981
1175450,11678.0,11826.0,21981
1175451,11678.0,11826.0,21981
1195005,11725.0,11826.0,21981
1175398,56617.0,11826.0,21981
1119016,110384.0,458683.0,21989
1096208,110384.0,458683.0,21989
1118612,396082.0,396084.0,21995
1097193,,391152.0,22008
1133253,391151.0,391152.0,22008
1312456,7237.0,7221.0,22010
1312462,7237.0,7221.0,22010
1096314,160958.0,7221.0,22010
1286563,160959.0,7221.0,22010
1286564,79005.0,7221.0,22010
1286579,160957.0,7221.0,22010
1286580,160957.0,7221.0,22010
1286581,160957.0,7221.0,22010
1286582,160957.0,7221.0,22010
1286595,160958.0,7221.0,22010
1286596,160956.0,7221.0,22010
1286597,7237.0,7221.0,22010
1286598,7237.0,7221.0,22010
1286632,160959.0,7221.0,22010
1286634,160959.0,7221.0,22010
1190630,376035.0,3708.0,22011
1190632,15874.0,3708.0,22011
1206441,332475.0,3708.0,22011
1190758,2977.0,15032.0,22013
1190760,2977.0,15032.0,22013
1209502,10226.0,15032.0,22013
1124384,2431.0,2452.0,22024
1179794,350097.0,345003.0,22032
1097466,344363.0,345003.0,22032
1240142,506636.0,506637.0,22033
1179760,280008.0,280007.0,22042
1179761,280008.0,280007.0,22042
1096481,280008.0,280007.0,22042
1179762,280008.0,280007.0,22042
1179986,280009.0,280007.0,22042
1179991,280009.0,280007.0,22042
1282363,10378.0,449115.0,22050
1096546,449117.0,449115.0,22050
1096953,449117.0,449115.0,22050
1096549,449116.0,449115.0,22050
1096955,449117.0,449115.0,22050
1096956,449117.0,449115.0,22050
1096615,449116.0,449115.0,22050
1096616,449116.0,449115.0,22050
1096598,449116.0,449115.0,22050
1096620,8122.0,8090.0,22058
1096566,8122.0,8090.0,22058
1096603,434689.0,39003.0,22063
1307266,321916.0,39003.0,22063
1137801,706882.0,378465.0,22065
1183770,280966.0,24453.0,22068
1096654,,536699.0,22071
1232993,,536699.0,22071
1216317,10899.0,24464.0,22078
1096681,24477.0,24464.0,22078
1216319,10899.0,24464.0,22078
1216713,10899.0,24464.0,22078
1216716,10899.0,24464.0,22078
1096664,24477.0,24464.0,22078
1216761,24477.0,24464.0,22078
1216762,24477.0,24464.0,22078
1272287,10270.0,10237.0,22085
1272289,10270.0,10237.0,22085
1269628,10270.0,10237.0,22085
1269629,10270.0,10237.0,22085
1199153,12380.0,12375.0,22088
1250791,210882.0,123190.0,22093
1216068,210882.0,123190.0,22093
1124539,25404.0,13391.0,22094
1124540,25404.0,13391.0,22094
1124104,25404.0,13391.0,22094
1124102,25404.0,13391.0,22094
1228294,23743.0,9580.0,22103
1197551,23743.0,9580.0,22103
1201186,23740.0,9580.0,22103
1201188,23743.0,9580.0,22103
1096730,11533.0,11522.0,22116
1142978,10737.0,10531.0,22141
1096859,364828.0,10531.0,22141
1191131,19643.0,19638.0,22155
1191132,19643.0,19638.0,22155
1191133,19643.0,19638.0,22155
1185479,19633.0,19638.0,22155
1185480,19636.0,19638.0,22155
1185481,19636.0,19638.0,22155
1185334,19636.0,19638.0,22155
1273329,19636.0,19638.0,22155
1185266,19643.0,19638.0,22155
1185268,19643.0,19638.0,22155
1096912,18556.0,18570.0,22179
1190516,94372.0,140799.0,22181
1190521,94372.0,140799.0,22181
1190520,94372.0,140799.0,22181
1190515,94372.0,140799.0,22181
1187357,134380.0,26245.0,22185
1187488,85734.0,26245.0,22185
1142383,21485.0,26245.0,22185
1142384,134380.0,26245.0,22185
1164057,85734.0,26245.0,22185
1153113,299835.0,26245.0,22185
1126829,3777.0,26245.0,22185
1166189,21485.0,26245.0,22185
1166190,275839.0,26245.0,22185
1166191,21461.0,26245.0,22185
1096921,257602.0,26245.0,22185
1208553,11291.0,11288.0,22188
1208241,24575.0,11288.0,22188
1190431,,405755.0,22213
1282163,425035.0,376812.0,22216
1097110,425036.0,376812.0,22216
1232507,,535979.0,22217
1097124,,535979.0,22217
1232483,,535979.0,22217
1232497,,444308.0,22218
1097125,,535484.0,22220
1232516,535485.0,535484.0,22220
1232517,535485.0,535484.0,22220
1232554,,535484.0,22220
1233024,,535977.0,22221
1232488,,536372.0,22222
1097145,,536190.0,22226
1097208,,536190.0,22226
1232476,,391276.0,22235
1179888,,477901.0,22236
1097185,9673.0,9664.0,22237
1232503,,536187.0,22246
1232964,,536187.0,22246
1232555,,536187.0,22246
1181372,214717.0,214715.0,22249
1181381,214717.0,214715.0,22249
1178350,214716.0,214715.0,22249
1232533,,389930.0,22269
1307466,8291.0,8230.0,22281
1307467,8291.0,8230.0,22281
1307468,8291.0,8230.0,22281
1307462,8291.0,8230.0,22281
1207021,25476.0,25470.0,22298
1134580,26424.0,16386.0,22299
1281909,16374.0,16386.0,22299
1279841,16359.0,16386.0,22299
1307144,16361.0,16386.0,22299
1279844,16359.0,16386.0,22299
1299134,16415.0,16386.0,22299
1279206,16361.0,16386.0,22299
1299136,16361.0,16386.0,22299
1299137,16361.0,16386.0,22299
1281926,16415.0,16386.0,22299
1281928,16415.0,16386.0,22299
1274565,26424.0,16386.0,22299
1097539,26424.0,16386.0,22299
1305384,16359.0,16386.0,22299
1226363,16359.0,16386.0,22299
1305669,26424.0,16386.0,22299
1280198,26424.0,16386.0,22299
1301130,22501.0,6905.0,22342
1133375,22501.0,6905.0,22342
1301163,22501.0,6905.0,22342
1301147,22501.0,6905.0,22342
1097665,22501.0,6905.0,22342
1271902,10157.0,10108.0,22360
1270071,24030.0,10108.0,22360
1270072,10126.0,10108.0,22360
1270073,10142.0,10108.0,22360
1298070,7645.0,7643.0,22363
1286533,7549.0,7643.0,22363
1286534,7549.0,7643.0,22363
1286823,7549.0,7643.0,22363
1286824,7519.0,7643.0,22363
1286825,7519.0,7643.0,22363
1286826,7519.0,7643.0,22363
1136481,7645.0,7643.0,22363
1097934,7645.0,7643.0,22363
1280533,7731.0,7643.0,22363
1287108,7731.0,7643.0,22363
1287110,7731.0,7643.0,22363
1312407,7626.0,7643.0,22363
1286767,7731.0,7643.0,22363
1286769,7645.0,7643.0,22363
1163958,1260.0,13194.0,22378
1274553,1260.0,13194.0,22378
1288973,25235.0,25271.0,22381
1286671,25235.0,25271.0,22381
1288989,25308.0,25271.0,22381
1133026,16867.0,4477.0,22384
1199867,23727.0,9467.0,22404
1199774,23728.0,9467.0,22404
1201237,23727.0,9467.0,22404
1199784,9554.0,9467.0,22404
1107858,23679.0,9467.0,22404
1098585,23680.0,9467.0,22404
1219599,383836.0,377979.0,22416
1191065,377982.0,377979.0,22416
1164089,377980.0,377979.0,22416
1302337,22583.0,7122.0,22418
1098913,6307.0,6294.0,22420
1184726,26167.0,425182.0,22430
1184728,26167.0,425182.0,22430
1184729,26167.0,425182.0,22430
1138310,405727.0,425182.0,22430
1098932,21390.0,425182.0,22430
1189091,425183.0,425182.0,22430
1107836,434624.0,425182.0,22430
1189729,4391.0,4411.0,22456
1099261,71649.0,71653.0,22485
1282527,26634.0,26660.0,22494
1111938,5158.0,5173.0,22515
1110972,18173.0,27030.0,22523
1110927,18173.0,27030.0,22523
1113620,27029.0,27030.0,22523
1099391,18173.0,27030.0,22523
1111144,5130.0,5127.0,22526
1111028,5130.0,5127.0,22526
1111034,5130.0,5127.0,22526
1111033,5130.0,5127.0,22526
1109888,5130.0,5127.0,22526
1109890,5130.0,5127.0,22526
1099523,13025.0,13076.0,22550
1099552,96924.0,102694.0,22558
1113662,26727.0,26713.0,22561
1127373,537069.0,537072.0,22576
1257430,,17057.0,22596
1099829,17314.0,17315.0,22616
1121104,26497.0,26510.0,22630
1113793,13580.0,13589.0,22633
1113919,13560.0,13589.0,22633
1113792,13580.0,13589.0,22633
1148170,13580.0,13589.0,22633
1099903,13580.0,13589.0,22633
1099905,25480.0,13589.0,22633
1114825,13560.0,13589.0,22633
1113763,13580.0,13589.0,22633
1115199,13545.0,13589.0,22633
1113917,13560.0,13589.0,22633
1115212,13545.0,13589.0,22633
1115213,13545.0,13589.0,22633
1115215,13545.0,13589.0,22633
1106050,26713.0,26727.0,22661
1106095,17328.0,26724.0,22662
1100183,16349.0,26386.0,22681
1100184,16349.0,26386.0,22681
1100201,16349.0,26386.0,22681
1100198,16349.0,26386.0,22681
1100200,16349.0,26386.0,22681
1104853,16349.0,26386.0,22681
1100144,16349.0,26386.0,22681
1100145,16349.0,26386.0,22681
1100260,16655.0,16644.0,22704
1110155,17039.0,17037.0,22707
1110152,17039.0,17037.0,22707
1100287,16998.0,16962.0,22710
1100291,16998.0,16962.0,22710
1100292,16998.0,16962.0,22710
1100279,16998.0,17015.0,22713
1100283,17037.0,17015.0,22713
1100284,17037.0,17015.0,22713
1100285,17037.0,17015.0,22713
1100298,16998.0,17015.0,22713
1100306,16998.0,17015.0,22715
1100290,16998.0,17015.0,22715
1106233,16998.0,17015.0,22715
1112119,17039.0,17037.0,22716
1110205,17039.0,17037.0,22716
1110154,17039.0,17037.0,22716
1113805,17015.0,16998.0,22717
1100312,17037.0,17015.0,22718
1100302,17037.0,17015.0,22718
1100304,17037.0,17015.0,22718
1100317,16998.0,16962.0,22720
1110535,16963.0,16962.0,22720
1154796,26696.0,17225.0,22732
1103076,17188.0,17225.0,22733
1103074,17188.0,17180.0,22734
1103077,17188.0,17180.0,22734
1103169,26475.0,26470.0,22747
1100427,26474.0,26470.0,22747
1103142,26464.0,26470.0,22747
1200734,12769.0,12818.0,22769
1138396,12769.0,12818.0,22769
1200704,12769.0,12818.0,22769
1204997,12840.0,12818.0,22769
1200198,12769.0,12818.0,22769
1200203,12840.0,12818.0,22769
1200204,12840.0,12818.0,22769
1200953,12840.0,12818.0,22769
1121103,17027.0,17056.0,22775
1100772,16433.0,16425.0,22821
1102654,16433.0,16425.0,22821
1102656,16433.0,16425.0,22821
1100755,16433.0,16425.0,22821
1100756,16433.0,16425.0,22821
1100757,16433.0,16425.0,22821
1103408,16697.0,16682.0,22896
1110270,16958.0,16982.0,22898
1110271,16958.0,16982.0,22898
1104465,16958.0,16982.0,22898
1105956,16995.0,16982.0,22899
1104801,16995.0,16982.0,22900
1110249,16958.0,16982.0,22900
1110250,16958.0,16982.0,22900
1110251,16958.0,16982.0,22900
1105920,16995.0,16982.0,22900
1105955,16995.0,16982.0,22900
1108848,16691.0,16677.0,22902
1108850,16691.0,16677.0,22902
1111866,16679.0,16663.0,22908
1101192,37734.0,37733.0,22918
1113054,210875.0,4212.0,22947
1101389,210875.0,4212.0,22947
1105006,210875.0,4212.0,22947
1105009,210875.0,4212.0,22947
1101403,210875.0,4212.0,22947
1233000,,506645.0,22974
1101528,16640.0,506645.0,22974
1276496,13930.0,13965.0,22993
1101704,264640.0,26949.0,23003
1121132,226875.0,26949.0,23003
1277325,1785.0,1820.0,23008
1288468,13123.0,13183.0,23039
1288470,13037.0,13183.0,23039
1287699,25376.0,13183.0,23039
1287700,25376.0,13183.0,23039
1287702,25379.0,13183.0,23039
1287703,25376.0,13183.0,23039
1287704,25376.0,13183.0,23039
1287707,25379.0,13183.0,23039
1287710,25379.0,13183.0,23039
1288484,13037.0,13183.0,23039
1287712,25344.0,13183.0,23039
1287713,25344.0,13183.0,23039
1101846,389915.0,13183.0,23039
1287788,13107.0,13183.0,23039
1287790,13107.0,13183.0,23039
1287793,13107.0,13183.0,23039
1101933,26339.0,16128.0,23050
1101869,16128.0,16124.0,23051
1130786,16128.0,16124.0,23051
1101942,16128.0,16124.0,23051
1101944,16128.0,16124.0,23051
1101945,16128.0,16124.0,23051
1101902,17843.0,17819.0,23060
1102963,16608.0,16600.0,23073
1171799,16608.0,16600.0,23073
1102964,16608.0,16600.0,23073
1170500,24393.0,24378.0,23134
1196274,24393.0,24378.0,23134
1170520,10685.0,24378.0,23134
1103899,4336.0,4322.0,23155
1103900,4336.0,4322.0,23155
1102266,4336.0,4322.0,23155
1102269,4336.0,4322.0,23155
1234969,26594.0,26581.0,23159
1257612,26594.0,26581.0,23159
1102311,26594.0,26581.0,23159
1102313,26594.0,26581.0,23159
1102262,26594.0,26581.0,23159
1102333,16923.0,26581.0,23159
1102271,16923.0,16961.0,23162
1105504,16433.0,16425.0,23212
1102572,16433.0,16425.0,23212
1102701,16433.0,16425.0,23212
1102573,16433.0,16425.0,23212
1105502,16433.0,16425.0,23212
1105503,16433.0,16425.0,23212
1137755,535999.0,536000.0,23219
1102635,16425.0,16433.0,23225
1102698,16425.0,16433.0,23225
1102637,16425.0,16433.0,23225
1102636,16425.0,16433.0,23225
1102700,16425.0,16433.0,23225
1102699,16425.0,16433.0,23225
1103906,16385.0,16349.0,23227
1103182,16349.0,16385.0,23231
1103185,16349.0,16385.0,23231
1103934,16349.0,16385.0,23231
1103936,16349.0,16385.0,23231
1103147,16349.0,16385.0,23231
1102894,26569.0,26565.0,23266
1102895,26569.0,26565.0,23266
1102896,26569.0,26565.0,23266
1102897,26569.0,26565.0,23266
1102852,26569.0,26565.0,23266
1103062,17186.0,17172.0,23289
1103097,17180.0,17172.0,23289
1202145,18016.0,26968.0,23295
1202208,17992.0,26968.0,23295
1103043,18016.0,26968.0,23295
1103070,16157.0,16197.0,23296
1103071,16157.0,16197.0,23296
1103101,26601.0,16999.0,23297
1103078,26662.0,26670.0,23303
1109401,17225.0,26696.0,23304
1106452,26696.0,17239.0,23305
1113668,26594.0,26601.0,23309
1113673,26594.0,26601.0,23309
1103111,140795.0,140490.0,23314
1103113,140795.0,140490.0,23314
1103194,26474.0,26475.0,23319
1110681,16993.0,245115.0,23329
1103290,14697.0,14679.0,23338
1111890,25832.0,14697.0,23340
1111891,14679.0,14697.0,23340
1111581,25832.0,14697.0,23340
1106382,16644.0,16637.0,23371
1103614,17349.0,17360.0,23420
1103617,17349.0,17360.0,23420
1137105,17305.0,17328.0,23421
1103656,17305.0,17328.0,23421
1110186,17345.0,17349.0,23431
1111378,17414.0,17423.0,23435
1103675,26724.0,17414.0,23436
1103840,26364.0,16171.0,23455
1105991,4269.0,4311.0,23509
1106032,4269.0,4311.0,23509
1105758,4269.0,4311.0,23509
1130967,4321.0,4328.0,23510
1104026,4321.0,4328.0,23510
1104029,4321.0,4328.0,23510
1112186,4321.0,4328.0,23510
1104684,4321.0,4328.0,23510
1104685,4321.0,4328.0,23510
1257575,,4328.0,23510
1257419,,4489.0,23532
1136168,96.0,122.0,23537
1308254,156.0,122.0,23537
1309164,141.0,122.0,23537
1297562,132.0,122.0,23537
1104365,16913.0,59483.0,23572
1104383,16971.0,16928.0,23579
1109070,16971.0,16928.0,23579
1109037,16971.0,16928.0,23579
1109074,26584.0,16913.0,23582
1109075,26584.0,16913.0,23582
1109069,16928.0,16971.0,23594
1109005,16928.0,16971.0,23594
1109006,16928.0,16971.0,23594
1110266,16958.0,16947.0,23598
1104451,16958.0,16947.0,23598
1104453,16958.0,16947.0,23598
1108844,16958.0,16947.0,23602
1108845,16958.0,16947.0,23602
1108846,16958.0,16947.0,23602
1104482,25655.0,14166.0,23610
1111068,14651.0,14719.0,23624
1111080,14651.0,14719.0,23624
1104526,14651.0,14719.0,23624
1111446,5137.0,5155.0,23627
1111447,5137.0,5155.0,23627
1109813,14268.0,14241.0,23676
1109815,14268.0,14241.0,23676
1109826,14268.0,14241.0,23676
1104745,246722.0,3519.0,23681
1104793,13333.0,13407.0,23698
1104796,13092.0,12973.0,23702
1136723,13092.0,12973.0,23702
1121065,396191.0,13276.0,23706
1109321,17373.0,17346.0,23753
1108938,17298.0,17322.0,23754
1105035,17347.0,17322.0,23754
1108958,17347.0,17322.0,23754
1105037,17346.0,17347.0,23755
1108971,26689.0,26697.0,23758
1105066,17373.0,26697.0,23758
1108928,17303.0,17298.0,23759
1108929,17303.0,17298.0,23759
1108909,17298.0,17250.0,23760
1105350,16230.0,16226.0,23808
1105351,16230.0,16226.0,23808
1105352,16230.0,16226.0,23808
1105353,16230.0,16226.0,23808
1105394,16230.0,16226.0,23808
1105602,14015.0,14051.0,23850
1145065,25814.0,25784.0,23853
1145039,25784.0,14525.0,23854
1145040,25784.0,14525.0,23854
1111002,18116.0,18129.0,23871
1111319,18154.0,18129.0,23871
1107845,224640.0,17639.0,23874
1133342,15533.0,15504.0,23891
1105738,1676.0,1679.0,23898
1105762,5153.0,5160.0,23901
1105765,5153.0,5160.0,23901
1138160,17387.0,17368.0,23902
1171203,4545.0,4535.0,23916
1105907,16971.0,16995.0,23929
1105922,16971.0,16995.0,23929
1105964,16971.0,16995.0,23930
1105908,16971.0,16995.0,23930
1113854,16971.0,16995.0,23930
1105974,16995.0,16982.0,23936
1105975,16995.0,16982.0,23936
1105954,16995.0,16982.0,23936
1128581,21789.0,21793.0,23961
1110984,21789.0,21793.0,23961
1110987,21789.0,21793.0,23961
1114171,14569.0,14535.0,23976
1113899,5189.0,21785.0,23988
1106230,26612.0,17001.0,23992
1110436,16971.0,17001.0,23992
1110503,26612.0,17001.0,23992
1110438,16971.0,17001.0,23992
1110443,16971.0,17001.0,23992
1110468,26612.0,17001.0,23992
1110469,26612.0,17001.0,23992
1110494,17001.0,16971.0,23995
1110495,17001.0,16971.0,23995
1110442,17001.0,16971.0,23995
1110618,16962.0,16963.0,23997
1110536,16962.0,16963.0,23997
1110539,16962.0,16963.0,23997
1257454,,5210.0,24005
1110968,4990.0,4980.0,24012
1109634,5093.0,370430.0,24032
1109635,5093.0,370430.0,24032
1142391,272967.0,16902.0,24060
1107826,26566.0,16902.0,24060
1205640,2360.0,2282.0,24069
1205641,2360.0,2282.0,24069
1205642,2360.0,2282.0,24069
1205680,2289.0,2282.0,24069
1205683,2289.0,2282.0,24069
1205684,2377.0,2282.0,24069
1205624,2377.0,2282.0,24069
1205625,2377.0,2282.0,24069
1239146,453996.0,191678.0,24070
1187989,191679.0,191678.0,24070
1249967,302716.0,123.0,24079
1131227,302716.0,123.0,24079
1110613,26686.0,17260.0,24086
1108982,17233.0,17260.0,24086
1107875,17179.0,17260.0,24086
1132758,17169.0,17260.0,24086
1110548,26686.0,17260.0,24086
1107888,1852.0,1830.0,24090
1188719,4288.0,4235.0,24091
1183665,117100.0,4235.0,24091
1175066,4288.0,4235.0,24091
1175067,4288.0,4235.0,24091
1180394,16647.0,4235.0,24091
1176606,3114.0,3090.0,24103
1187314,15779.0,15809.0,24106
1108598,19201.0,19217.0,24114
1171455,1168.0,84778.0,24121
1142385,21552.0,21574.0,24126
1189172,4400.0,21574.0,24126
1189244,4400.0,21574.0,24126
1189159,4400.0,21574.0,24126
1279703,322880.0,21574.0,24126
1189295,4400.0,21574.0,24126
1279775,322880.0,21574.0,24126
1108612,345227.0,26789.0,24127
1108613,26752.0,26789.0,24127
1108614,17489.0,26789.0,24127
1108615,26752.0,26789.0,24127
1108681,17489.0,26789.0,24127
1108661,26752.0,26789.0,24127
1113929,26850.0,17737.0,24147
1113972,26850.0,17737.0,24147
1113974,26850.0,17737.0,24147
1110444,17033.0,26612.0,24148
1110445,17033.0,26612.0,24148
1110446,17033.0,26612.0,24148
1108692,26809.0,26778.0,24151
1191259,4763.0,4740.0,24171
1108799,4763.0,4740.0,24171
1108975,17298.0,17266.0,24191
1108931,17321.0,17303.0,24193
1110241,4712.0,4711.0,24194
1108944,17373.0,17321.0,24197
1108946,17346.0,17373.0,24198
1108985,17346.0,17373.0,24198
1108994,17275.0,17282.0,24203
1109898,15794.0,15749.0,24204
1109882,15794.0,15749.0,24204
1109901,15799.0,15783.0,24205
1114120,13803.0,18827.0,24206
1109834,18825.0,18827.0,24206
1108995,5095.0,18812.0,24207
1109000,17236.0,17219.0,24208
1109003,17236.0,17219.0,24208
1112142,27104.0,27102.0,24225
1109932,4499.0,4448.0,24229
1109933,4499.0,4448.0,24229
1109117,14792.0,14802.0,24231
1109202,14734.0,14792.0,24232
1109280,14734.0,14792.0,24232
1109178,18131.0,27069.0,24233
1109179,18131.0,27069.0,24233
1111316,14802.0,14787.0,24234
1111317,14802.0,14787.0,24234
1138563,14802.0,14787.0,24234
1110386,18191.0,18184.0,24243
1109260,14683.0,14602.0,24250
1111018,14683.0,14602.0,24250
1111021,14683.0,14602.0,24250
1109261,14683.0,14734.0,24251
1109262,14683.0,14734.0,24251
1109317,13695.0,13715.0,24260
1109316,13695.0,13715.0,24260
1109390,86364.0,5212.0,24278
1171715,86364.0,5212.0,24278
1135863,40931.0,5041.0,24281
1111205,86366.0,86365.0,24285
1111244,5088.0,5091.0,24286
1111245,5088.0,5091.0,24286
1109475,15869.0,15859.0,24288
1142760,5111.0,5085.0,24317
1111257,5111.0,5085.0,24317
1111256,5111.0,5085.0,24317
1111258,5111.0,5085.0,24317
1111259,5111.0,5085.0,24317
1113773,25829.0,25828.0,24334
1113789,25829.0,25828.0,24334
1113791,25829.0,25828.0,24334
1116387,25829.0,14652.0,24335
1113790,25829.0,14652.0,24335
1116338,25829.0,14652.0,24335
1109782,14341.0,14268.0,24349
1109828,14486.0,14268.0,24349
1109830,14341.0,14268.0,24349
1143818,18827.0,5108.0,24352
1111929,18929.0,5114.0,24355
1109814,18812.0,18825.0,24360
1116996,13128.0,13105.0,24361
1114748,13063.0,13105.0,24361
1181357,13063.0,13105.0,24361
1250038,12998.0,13105.0,24361
1133129,12998.0,13105.0,24361
1111613,13767.0,13758.0,24365
1109874,18695.0,27199.0,24374
1111197,21779.0,5145.0,24378
1110163,21779.0,5145.0,24378
1111199,21779.0,5145.0,24378
1111196,21779.0,5145.0,24378
1257693,,177915.0,24382
1110029,27081.0,18146.0,24391
1110030,27081.0,18146.0,24391
1110018,27081.0,18146.0,24391
1109969,18146.0,18123.0,24392
1110666,18146.0,18123.0,24392
1110640,18113.0,18123.0,24392
1110641,18113.0,18123.0,24392
1110642,18113.0,18123.0,24392
1110002,18159.0,27058.0,24401
1110432,18159.0,27058.0,24401
1114763,25412.0,25413.0,24447
1112869,12781.0,25221.0,24451
1112140,18270.0,18266.0,24465
1110974,18173.0,27089.0,24469
1110920,18173.0,27089.0,24469
1142784,18173.0,18235.0,24474
1110520,17018.0,16995.0,24484
1110521,17018.0,16995.0,24484
1110452,17018.0,16995.0,24484
1110455,26612.0,17033.0,24485
1110486,26612.0,17033.0,24485
1110484,26612.0,17033.0,24485
1205996,14888.0,14822.0,24486
1126564,14860.0,14822.0,24486
1110456,15013.0,14822.0,24486
1233887,425195.0,14822.0,24486
1206309,15013.0,14822.0,24486
1206311,2561.0,14822.0,24486
1110457,17001.0,26612.0,24487
1110502,17001.0,26612.0,24487
1110519,17018.0,17033.0,24489
1110491,17018.0,17033.0,24489
1113852,17018.0,17033.0,24489
1110473,17018.0,16995.0,24492
1110474,17018.0,16995.0,24492
1110510,17018.0,16995.0,24492
1110489,17033.0,17018.0,24496
1110490,17033.0,17018.0,24496
1110506,17033.0,17018.0,24496
1111977,13479.0,13444.0,24497
1110533,16962.0,16963.0,24503
1110600,16962.0,16963.0,24503
1110599,16962.0,16963.0,24503
1110544,17399.0,17427.0,24504
1110546,17427.0,17425.0,24505
1111912,14646.0,25830.0,24510
1110573,14646.0,25830.0,24510
1112435,14431.0,14391.0,24519
1110701,14416.0,14391.0,24519
1110672,18113.0,18100.0,24520
1112420,18125.0,27046.0,24522
1110689,18118.0,18122.0,24528
1110692,14166.0,25657.0,24529
1155769,14341.0,25657.0,24529
1114808,25494.0,13634.0,24538
1114809,25494.0,13634.0,24538
1110733,25494.0,13634.0,24538
1110735,25494.0,13634.0,24538
1114587,13143.0,13164.0,24544
1110829,5149.0,5154.0,24561
1110831,5149.0,5154.0,24561
1113567,18959.0,18973.0,24566
1113565,18959.0,18973.0,24566
1155746,391163.0,5002.0,24587
1110976,4817.0,4850.0,24588
1110978,21678.0,4850.0,24588
1110979,4861.0,4850.0,24588
1114522,4861.0,4850.0,24588
1164295,4817.0,4850.0,24588
1114523,4861.0,4850.0,24588
1111009,27071.0,18183.0,24593
1112377,27091.0,18183.0,24593
1112378,27091.0,18183.0,24593
1111015,14594.0,1593.0,24594
1133357,13851.0,13767.0,24618
1114930,12937.0,12936.0,24654
1114893,12937.0,12936.0,24654
1111372,14714.0,14651.0,24655
1111374,14714.0,14651.0,24655
1111375,14714.0,14651.0,24655
1111492,14029.0,14037.0,24680
1111493,14029.0,14037.0,24680
1115386,14029.0,14037.0,24680
1112296,14029.0,14037.0,24680
1115601,14029.0,14037.0,24680
1111512,25725.0,25720.0,24685
1116334,25828.0,14652.0,24695
1116306,25828.0,14652.0,24695
1111587,25759.0,2656.0,24711
1148324,25718.0,2656.0,24711
1138780,13803.0,13785.0,24715
1114077,13646.0,25495.0,24736
1111900,25830.0,14646.0,24770
1111943,25830.0,14601.0,24773
1115448,25288.0,12979.0,24777
1115453,25288.0,12979.0,24777
1115455,25288.0,12979.0,24777
1115435,25288.0,12979.0,24777
1115784,25577.0,25583.0,24778
1111930,18954.0,18915.0,24780
1112389,18235.0,27105.0,24808
1149742,27105.0,18238.0,24809
1112428,27105.0,18238.0,24809
1112154,27113.0,18268.0,24816
1112155,27113.0,18268.0,24816
1112157,18226.0,27081.0,24817
1112147,14486.0,14512.0,24821
1114085,14486.0,14512.0,24821
1121091,13025.0,13048.0,24844
1145045,25312.0,13111.0,24847
1131205,25462.0,25453.0,24849
1112294,13442.0,13432.0,24865
1112354,25725.0,25732.0,24879
1112412,18181.0,27091.0,24886
1112415,18181.0,27091.0,24886
1114167,14435.0,14498.0,24889
1112385,14435.0,14498.0,24889
1112395,18183.0,18181.0,24890
1113894,14455.0,14415.0,24895
1112449,14455.0,14415.0,24895
1112457,14701.0,25840.0,24898
1112458,14701.0,25840.0,24898
1112940,14531.0,25816.0,24913
1112528,14672.0,14592.0,24920
1112531,14672.0,14592.0,24920
1144727,14672.0,14592.0,24920
1143905,14592.0,25783.0,24923
1128491,14592.0,25783.0,24923
1112544,14592.0,25783.0,24923
1150375,25711.0,14337.0,24962
1116632,13080.0,25298.0,25022
1112860,19284.0,19325.0,25028
1115470,25254.0,25203.0,25034
1115454,25254.0,25203.0,25034
1115471,25254.0,25203.0,25034
1115468,25254.0,25203.0,25034
1115438,25254.0,25203.0,25034
1112927,12969.0,13008.0,25045
1113152,25813.0,14647.0,25080
1113095,13288.0,13332.0,25101
1115256,13430.0,13409.0,25102
1121084,13412.0,13409.0,25102
1113098,13364.0,13409.0,25102
1113100,13332.0,13409.0,25102
1113105,13364.0,13409.0,25102
1145102,14517.0,25813.0,25104
1145106,14517.0,25813.0,25104
1145109,14517.0,25813.0,25104
1145117,14647.0,25813.0,25104
1231978,25813.0,14517.0,25117
1118785,25813.0,14517.0,25117
1113138,25813.0,14517.0,25117
1113139,25813.0,14517.0,25117
1113149,25797.0,25838.0,25121
1149985,14705.0,25838.0,25121
1113151,25797.0,25838.0,25121
1149941,25797.0,25838.0,25121
1113700,13128.0,13099.0,25126
1113702,13128.0,13099.0,25126
1116971,13128.0,13099.0,25126
1116717,13064.0,13099.0,25126
1116140,13128.0,13099.0,25126
1116141,13137.0,13099.0,25126
1116175,13064.0,13099.0,25126
1116110,13064.0,13100.0,25127
1113182,14196.0,14404.0,25128
1113277,21379.0,21381.0,25142
1113278,21379.0,21381.0,25142
1113397,21379.0,21381.0,25142
1113233,21379.0,21381.0,25142
1159873,21379.0,21381.0,25142
1149716,234557.0,3194.0,25162
1113408,14932.0,14923.0,25169
1113409,14932.0,14923.0,25169
1113410,14932.0,14923.0,25169
1113411,14932.0,14923.0,25169
1147446,2833.0,20942.0,25174
1113364,275196.0,3055.0,25179
1309448,7972.0,7938.0,25180
1308008,7972.0,7938.0,25180
1307976,7972.0,7938.0,25180
1130843,13634.0,25473.0,25196
1142846,25210.0,25233.0,25221
1113602,25434.0,13513.0,25225
1113599,25435.0,13463.0,25226
1113600,25435.0,13463.0,25226
1113596,25435.0,13463.0,25226
1113598,25435.0,13463.0,25226
1113677,27164.0,18448.0,25238
1113676,18495.0,18448.0,25238
1116688,14342.0,25725.0,25250
1116304,25828.0,14677.0,25259
1113796,4839.0,4865.0,25265
1113799,4839.0,4865.0,25265
1113813,4839.0,4865.0,25265
1113814,4876.0,4865.0,25265
1113815,4876.0,4865.0,25265
1113837,18239.0,18271.0,25270
1114013,25505.0,25508.0,25298
1150174,25401.0,13418.0,25306
1138742,535792.0,535788.0,25355
1138745,535792.0,535788.0,25355
1233016,,535788.0,25355
1138747,535792.0,535788.0,25355
1128423,535792.0,535788.0,25355
1311940,535791.0,535788.0,25355
1288595,535791.0,535788.0,25355
1288597,535791.0,535788.0,25355
1114960,13865.0,13916.0,25365
1115036,13865.0,13916.0,25365
1115039,13865.0,13916.0,25365
1114669,25596.0,25599.0,25366
1114755,13372.0,25408.0,25390
1114487,25190.0,25229.0,25397
1133276,102376.0,5161.0,25411
1114568,13103.0,13117.0,25417
1121066,12857.0,12562.0,25437
1218576,128300.0,12562.0,25437
1114619,12897.0,12562.0,25437
1120956,148813.0,12562.0,25437
1114759,25501.0,13622.0,25466
1142805,14125.0,25615.0,25512
1142777,12991.0,13035.0,25525
1116281,376076.0,157765.0,25526
1115077,13696.0,13739.0,25527
1130862,13696.0,13739.0,25527
1115321,50858.0,50857.0,25569
1115523,,3004.0,25619
1115718,25583.0,13942.0,25648
1115748,13942.0,25577.0,25653
1149981,14880.0,131820.0,25655
1115774,14842.0,131820.0,25655
1148735,25903.0,131820.0,25655
1149978,14842.0,131820.0,25655
1149979,14842.0,131820.0,25655
1115927,14051.0,14015.0,25681
1257455,,14008.0,25698
1116130,12919.0,13004.0,25720
1121076,25230.0,25251.0,25722
1116169,25230.0,25251.0,25722
1116156,14988.0,54046.0,25724
1116418,25778.0,14546.0,25766
1121075,13691.0,13676.0,25771
1118803,444302.0,444301.0,25846
1118666,444302.0,444301.0,25846
1119265,473039.0,473040.0,25854
1119214,473039.0,473040.0,25854
1119310,425117.0,425116.0,25856
1118846,473035.0,473039.0,25862
1197868,11329.0,11320.0,25878
1286008,17915.0,17887.0,25879
1164864,3922.0,3925.0,25880
1165012,3922.0,3925.0,25880
1165013,3922.0,3925.0,25880
1165014,3922.0,3925.0,25880
1165015,3922.0,3925.0,25880
1218513,11432.0,11447.0,25891
1130755,11432.0,11447.0,25891
1217462,11432.0,11447.0,25891
1205554,24645.0,11447.0,25891
1118719,11244.0,24564.0,25892
1170841,24558.0,24564.0,25892
1281678,21682.0,107500.0,25900
1281679,107499.0,107500.0,25900
1200306,9541.0,9543.0,25911
1153370,9523.0,9543.0,25911
1199314,9541.0,9543.0,25911
1199317,9512.0,9543.0,25911
1197527,23731.0,9543.0,25911
1197528,23731.0,9543.0,25911
1197529,23731.0,9543.0,25911
1229468,23731.0,9543.0,25911
1229467,9512.0,9543.0,25911
1198466,9523.0,9543.0,25911
1198467,9523.0,9543.0,25911
1200923,9541.0,9543.0,25911
1200924,9541.0,9543.0,25911
1283288,9523.0,9543.0,25911
1287934,24183.0,24055.0,25912
1287295,24183.0,24055.0,25912
1287296,24183.0,24055.0,25912
1287297,24183.0,24055.0,25912
1287298,24183.0,24055.0,25912
1118776,24147.0,24055.0,25912
1135251,24147.0,24055.0,25912
1289541,24147.0,24055.0,25912
1289542,10396.0,24055.0,25912
1273563,10396.0,24055.0,25912
1273715,24183.0,24055.0,25912
1273716,24147.0,24055.0,25912
1273717,10396.0,24055.0,25912
1273718,10396.0,24055.0,25912
1196646,,449042.0,25921
1119690,425116.0,425117.0,25935
1127266,444222.0,444220.0,25940
1118945,473035.0,473036.0,25942
1289331,7428.0,22771.0,25957
1276134,22767.0,22771.0,25957
1119020,143356.0,22771.0,25957
1289348,7428.0,22771.0,25957
1289350,22767.0,22771.0,25957
1154281,2408.0,473020.0,25969
1246081,405742.0,410573.0,25976
1119131,425115.0,429851.0,25978
1119210,473039.0,473038.0,25987
1119247,473039.0,473038.0,25987
1119326,473038.0,473036.0,25998
1119313,473038.0,473036.0,25998
1119492,477919.0,477918.0,26017
1119493,477919.0,477918.0,26017
1132427,140159.0,477918.0,26017
1128682,444224.0,444223.0,26018
1222253,444222.0,444223.0,26018
1301483,444222.0,444223.0,26018
1119554,477918.0,477919.0,26030
1119538,477918.0,477919.0,26030
1232528,,506687.0,26035
1232505,,535483.0,26036
1232552,,535483.0,26036
1232949,,537134.0,26039
1233022,,535995.0,26042
1281579,536483.0,521055.0,26044
1232501,,530655.0,26049
1232534,,530655.0,26049
1136945,530657.0,530655.0,26049
1207877,530659.0,530655.0,26049
1232514,,530655.0,26049
1232996,,530655.0,26049
1171453,530659.0,530655.0,26049
1232998,530660.0,530655.0,26049
1232970,530660.0,530655.0,26049
1232467,,497070.0,26053
1136140,22990.0,8070.0,26085
1120024,22990.0,8070.0,26085
1132756,25192.0,20016.0,26089
1120580,2715.0,2661.0,26101
1142398,14843.0,2661.0,26101
1166300,2715.0,2661.0,26101
1166301,2715.0,2661.0,26101
1166302,2715.0,2661.0,26101
1166312,2715.0,2661.0,26101
1166314,2715.0,2661.0,26101
1166320,2715.0,2661.0,26101
1166321,2715.0,2661.0,26101
1166322,2715.0,2661.0,26101
1166323,2715.0,2661.0,26101
1120609,26931.0,21707.0,26113
1221660,12455.0,12406.0,26117
1120627,18694.0,27189.0,26121
1120629,17149.0,17075.0,26123
1285324,26640.0,17075.0,26123
1285328,17137.0,17075.0,26123
1224531,26652.0,17075.0,26123
1306846,17078.0,17075.0,26123
1280686,26645.0,26619.0,26125
1280687,26645.0,26619.0,26125
1120631,17106.0,26619.0,26125
1120952,234237.0,220796.0,26137
1120954,68124.0,25165.0,26139
1198866,9370.0,9362.0,26140
1198479,9370.0,9362.0,26140
1198863,23673.0,9362.0,26140
1121071,3322.0,3337.0,26145
1144942,2712.0,20944.0,26150
1144943,2712.0,20944.0,26150
1163118,377926.0,376994.0,26159
1152968,3952.0,376994.0,26159
1159695,3955.0,376994.0,26159
1159697,21496.0,376994.0,26159
1121097,377925.0,376994.0,26159
1159614,3931.0,376994.0,26159
1170051,364651.0,10906.0,26164
1148733,21725.0,27017.0,26168
1191008,18938.0,27253.0,26170
1121121,18887.0,27253.0,26170
1121122,27124.0,27126.0,26171
1133687,53726.0,19206.0,26180
1121148,26938.0,17931.0,26189
1174407,820.0,818.0,26196
1127299,820.0,818.0,26196
1127302,820.0,818.0,26196
1123978,12282.0,12286.0,26217
1127153,12835.0,20017.0,26234
1127154,12835.0,20017.0,26234
1123186,12888.0,20017.0,26234
1123188,12888.0,20017.0,26234
1123206,25250.0,20017.0,26234
1121435,12835.0,20017.0,26234
1127143,20014.0,25191.0,26235
1121436,20014.0,25191.0,26235
1121489,535612.0,1044.0,26237
1163141,1321.0,1301.0,26241
1122372,20067.0,1301.0,26241
1121473,1339.0,1301.0,26241
1121458,1286.0,1301.0,26241
1121460,20043.0,1301.0,26241
1121522,20043.0,1301.0,26241
1222456,12352.0,359734.0,26251
1169813,1008.0,359734.0,26251
1121626,1059.0,359734.0,26251
1171495,1094.0,1084.0,26261
1125464,1094.0,1084.0,26261
1171492,1094.0,1084.0,26261
1171493,1094.0,1084.0,26261
1121888,1686.0,20204.0,26273
1220827,1598.0,20204.0,26273
1121897,1598.0,20204.0,26273
1121898,1598.0,20204.0,26273
1121639,1686.0,20204.0,26273
1171040,1686.0,20204.0,26273
1171041,1686.0,20204.0,26273
1171042,1686.0,20204.0,26273
1171043,1686.0,20204.0,26273
1125533,1598.0,20204.0,26273
1121805,1598.0,20204.0,26273
1121566,1598.0,20204.0,26273
1171596,1686.0,20204.0,26273
1171599,1686.0,20204.0,26273
1125584,1598.0,20204.0,26273
1122230,2440.0,2431.0,26287
1122521,989.0,986.0,26295
1122522,989.0,986.0,26295
1122523,989.0,986.0,26295
1122524,989.0,986.0,26295
1121642,20719.0,25806.0,26296
1178157,2544.0,25806.0,26296
1178159,2544.0,25806.0,26296
1125536,20238.0,1688.0,26317
1121710,20238.0,1688.0,26317
1125513,20238.0,1688.0,26317
1125516,20238.0,1688.0,26317
1123722,11884.0,24781.0,26328
1163984,11844.0,11884.0,26330
1121787,24781.0,24770.0,26333
1122609,24967.0,24972.0,26345
1171159,1074.0,1087.0,26361
1210415,25323.0,25307.0,26376
1196045,25323.0,25307.0,26376
1210181,25323.0,25307.0,26376
1221273,25323.0,25307.0,26376
1171526,1179.0,1177.0,26377
1171532,1179.0,1177.0,26377
1137499,535611.0,1177.0,26377
1123029,535611.0,1177.0,26377
1121872,1196.0,1177.0,26377
1123006,1179.0,1177.0,26377
1169787,1179.0,1177.0,26377
1122307,20310.0,1822.0,26378
1122128,20310.0,1822.0,26378
1121873,20310.0,1822.0,26378
1122112,1822.0,20266.0,26379
1121890,119019.0,1486.0,26386
1209398,119019.0,1486.0,26386
1209399,119019.0,1486.0,26386
1209950,119019.0,1486.0,26386
1209952,119019.0,1486.0,26386
1207953,13507.0,1486.0,26386
1207955,13507.0,1486.0,26386
1210598,119019.0,1486.0,26386
1122888,1812.0,1777.0,26446
1122606,1812.0,1777.0,26446
1122102,1812.0,1777.0,26446
1122103,1812.0,1777.0,26446
1220928,12542.0,25051.0,26463
1122344,25105.0,25096.0,26464
1207260,24959.0,25069.0,26465
1197330,25003.0,25099.0,26466
1122169,13343.0,25387.0,26469
1122171,13343.0,25387.0,26469
1122172,13343.0,25387.0,26469
1124409,2440.0,2374.0,26486
1122231,2440.0,2374.0,26486
1125093,1375.0,1336.0,26488
1123658,24750.0,24730.0,26491
1205530,1092.0,1147.0,26510
1136216,20010.0,1147.0,26510
1142982,25513.0,155515.0,26519
1122390,1374.0,1391.0,26522
1163445,376028.0,13630.0,26530
1136253,13564.0,13630.0,26530
1211034,20011.0,1175.0,26556
1211035,20011.0,1175.0,26556
1211036,20011.0,1175.0,26556
1221063,20011.0,1175.0,26556
1209654,1138.0,1175.0,26556
1221195,1138.0,1175.0,26556
1196763,20011.0,1175.0,26556
1210889,1138.0,1175.0,26556
1122498,20011.0,1175.0,26556
1122536,19982.0,1025.0,26560
1122533,937.0,932.0,26564
1122693,25024.0,25013.0,26576
1122629,25018.0,25013.0,26576
1126397,2530.0,2467.0,26579
1171404,25013.0,24997.0,26588
1171405,25013.0,24997.0,26588
1122677,24987.0,24997.0,26588
1122662,24987.0,24997.0,26588
1122685,25036.0,12458.0,26590
1122686,25036.0,12458.0,26590
1125280,12542.0,12534.0,26594
1220940,12542.0,12534.0,26594
1122670,11850.0,24824.0,26600
1182965,24814.0,24824.0,26600
1136214,37148.0,24824.0,26600
1171342,12458.0,12391.0,26602
1122680,12458.0,12391.0,26602
1169958,20056.0,20076.0,26608
1122703,20056.0,20076.0,26608
1274514,20056.0,20076.0,26608
1143099,20056.0,20076.0,26608
1143068,20056.0,20076.0,26608
1124553,20056.0,20076.0,26608
1122781,1800.0,1768.0,26609
1122782,1800.0,1768.0,26609
1207205,1846.0,1815.0,26611
1122828,20205.0,1725.0,26624
1171305,20205.0,1725.0,26624
1207165,20205.0,1725.0,26624
1122835,20205.0,1725.0,26624
1122817,20205.0,1725.0,26624
1196714,11500.0,11439.0,26644
1208777,11500.0,11439.0,26644
1196716,11500.0,11439.0,26644
1209497,11500.0,11439.0,26644
1210986,12473.0,12416.0,26646
1122844,12473.0,12416.0,26646
1137457,12473.0,12416.0,26646
1232026,1411.0,20102.0,26653
1250166,1411.0,20102.0,26653
1123083,25391.0,13336.0,26680
1123073,13336.0,25391.0,26681
1123080,13342.0,13290.0,26690
1123081,13342.0,13290.0,26690
1123058,13342.0,13290.0,26690
1220905,13239.0,13290.0,26690
1127065,20017.0,12869.0,26698
1158556,12832.0,20017.0,26700
1123101,12832.0,20017.0,26700
1127056,20017.0,12868.0,26702
1123169,12869.0,12870.0,26723
1127048,12833.0,20017.0,26728
1123181,12834.0,20017.0,26728
1127100,12833.0,20017.0,26728
1125829,12832.0,20017.0,26730
1125830,12833.0,20017.0,26730
1125832,12833.0,20017.0,26730
1125831,12832.0,20017.0,26730
1126427,13801.0,1807.0,26743
1126962,12838.0,20017.0,26765
1126963,25250.0,20017.0,26765
1126964,25250.0,20017.0,26765
1126234,25250.0,20017.0,26765
1123278,13440.0,13468.0,26766
1123279,13440.0,13468.0,26766
1123569,13440.0,13468.0,26766
1123576,13440.0,13468.0,26766
1123602,13440.0,13468.0,26766
1123610,13440.0,13468.0,26766
1123611,13440.0,13468.0,26766
1123612,13440.0,13468.0,26766
1123363,13440.0,13468.0,26766
1126980,13440.0,13468.0,26766
1123364,13440.0,13468.0,26766
1123313,13530.0,13520.0,26779
1123357,13530.0,13520.0,26779
1123358,13530.0,13520.0,26779
1123359,13530.0,13520.0,26779
1123360,13530.0,13520.0,26779
1123342,13520.0,13539.0,26788
1124506,13079.0,13012.0,26805
1123415,13079.0,13012.0,26805
1124508,13079.0,13012.0,26805
1123906,12263.0,12262.0,26813
1123908,12263.0,12262.0,26813
1123493,12378.0,12429.0,26823
1302245,1358.0,1378.0,26829
1123563,1253.0,1302.0,26833
1123532,13195.0,1302.0,26833
1123564,1253.0,1302.0,26833
1125721,1253.0,1302.0,26833
1125394,1253.0,1302.0,26833
1123530,13195.0,1302.0,26833
1123790,12073.0,12046.0,26846
1123909,12261.0,12263.0,26848
1123980,12261.0,12263.0,26848
1143051,24815.0,24764.0,26856
1124830,24815.0,24764.0,26856
1124833,24815.0,24764.0,26856
1124834,24815.0,24764.0,26856
1124098,24808.0,24764.0,26856
1124100,11967.0,24764.0,26856
1124099,11967.0,24764.0,26856
1124107,11967.0,24764.0,26856
1123657,11772.0,24731.0,26858
1123673,12104.0,12160.0,26864
1123711,12104.0,12160.0,26864
1127138,20383.0,20326.0,26881
1127137,20383.0,20326.0,26881
1123713,20383.0,20326.0,26881
1127135,20383.0,20326.0,26881
1127136,20383.0,20326.0,26881
1123716,20383.0,20326.0,26881
1126948,20383.0,20326.0,26881
1125614,13000.0,13070.0,26884
1125853,56304.0,1071.0,26893
1143139,12207.0,19989.0,26907
1124893,13011.0,12968.0,26922
1124894,13011.0,12968.0,26922
1124895,13011.0,12968.0,26922
1124896,13011.0,12968.0,26922
1205537,12286.0,12312.0,26947
1124059,53725.0,13371.0,26965
1124060,53725.0,13371.0,26965
1124094,937.0,932.0,26971
1124082,24755.0,11772.0,26973
1124469,25404.0,13360.0,26974
1158564,24764.0,11892.0,26978
1163998,13000.0,13028.0,26979
1124915,13000.0,13013.0,27025
1124373,13000.0,13013.0,27025
1124375,13000.0,13013.0,27025
1125158,1418.0,1433.0,27038
1126444,20512.0,2307.0,27039
1126414,20512.0,2307.0,27039
1183903,20512.0,2307.0,27039
1124362,20512.0,2307.0,27039
1124955,13013.0,13000.0,27045
1137753,535787.0,144647.0,27060
1163926,144642.0,144647.0,27060
1169346,144645.0,144647.0,27060
1136062,144646.0,144647.0,27060
1137750,535787.0,144647.0,27060
1125334,1296.0,1283.0,27087
1125336,1296.0,1283.0,27087
1125225,1296.0,1283.0,27087
1125298,1296.0,1283.0,27087
1220908,1031.0,1044.0,27104
1220909,1031.0,1044.0,27104
1220911,1031.0,1044.0,27104
1125438,1517.0,1531.0,27106
1125477,1517.0,1531.0,27106
1124652,1517.0,1531.0,27106
1124729,1682.0,20215.0,27112
1124732,1682.0,20215.0,27112
1127125,1682.0,20215.0,27112
1127126,1682.0,20215.0,27112
1124725,1755.0,20257.0,27117
1124832,24816.0,24815.0,27136
1125045,13473.0,13455.0,27158
1205608,1420.0,1418.0,27196
1125299,1267.0,20047.0,27213
1209146,1299.0,266879.0,27219
1125447,1087.0,1074.0,27259
1125559,20056.0,20061.0,27272
1171392,20056.0,20061.0,27272
1133642,,2256.0,27274
1125669,2083.0,20344.0,27275
1125639,2083.0,20344.0,27275
1136195,375934.0,1994.0,27277
1125655,2374.0,20535.0,27292
1220926,2374.0,20535.0,27292
1299187,4599.0,4651.0,27305
1279621,17299.0,4651.0,27305
1279622,17299.0,4651.0,27305
1249667,17299.0,4651.0,27305
1288699,17299.0,4651.0,27305
1125885,1854.0,1835.0,27335
1176795,25749.0,25770.0,27351
1125973,25749.0,25770.0,27351
1206354,1842.0,20283.0,27353
1176961,1842.0,20283.0,27353
1176963,1842.0,20283.0,27353
1176964,1842.0,20283.0,27353
1126002,14340.0,14395.0,27369
1126027,14389.0,14329.0,27378
1126028,14389.0,14329.0,27378
1206448,14450.0,14367.0,27385
1126045,14340.0,14367.0,27385
1126046,14340.0,14367.0,27385
1137530,14450.0,14367.0,27385
1127005,14450.0,14367.0,27385
1188178,4033.0,4054.0,27391
1188180,16234.0,4054.0,27391
1126058,4033.0,4054.0,27391
1126581,4033.0,4054.0,27391
1183791,4033.0,4054.0,27391
1181203,4033.0,4054.0,27391
1126073,105580.0,20564.0,27398
1126074,25691.0,2470.0,27399
1126081,25691.0,14276.0,27402
1126097,25691.0,25719.0,27403
1206261,25699.0,25698.0,27419
1206262,25699.0,25698.0,27419
1126135,181757.0,20426.0,27423
1126692,25739.0,14359.0,27426
1126170,1402.0,1370.0,27439
1126172,13961.0,14003.0,27440
1178695,13961.0,14003.0,27440
1178151,13961.0,14003.0,27440
1176449,13961.0,14003.0,27440
1180382,13961.0,14003.0,27440
1205664,1586.0,92123.0,27441
1126529,42204.0,42203.0,27442
1274473,42204.0,42203.0,27442
1274527,42204.0,42203.0,27442
1274531,42204.0,42203.0,27442
1126210,25556.0,13852.0,27449
1178053,25556.0,13852.0,27449
1178032,25556.0,13852.0,27449
1178033,25556.0,13852.0,27449
1127145,12888.0,20017.0,27455
1130991,12888.0,20017.0,27455
1126495,2361.0,2286.0,27457
1126237,2361.0,2286.0,27457
1126238,2361.0,2286.0,27457
1126522,390796.0,2286.0,27457
1126493,390796.0,2286.0,27457
1126305,2229.0,2166.0,27464
1126306,2229.0,2166.0,27464
1126307,2229.0,2166.0,27464
1126287,492235.0,36765.0,27467
1205693,2009.0,1980.0,27484
1126718,40933.0,40934.0,27510
1126463,20989.0,21013.0,27513
1178528,370177.0,370171.0,27529
1179625,11927.0,24745.0,27534
1126562,11660.0,24745.0,27534
1180052,24784.0,24745.0,27534
1180054,24784.0,24745.0,27534
1180055,24784.0,24745.0,27534
1176575,11660.0,24745.0,27534
1175221,24784.0,24745.0,27534
1176736,2337.0,2412.0,27536
1176740,2337.0,2412.0,27536
1176741,2337.0,2412.0,27536
1176743,2337.0,2412.0,27536
1127132,2337.0,2412.0,27536
1176746,2337.0,2412.0,27536
1177651,2337.0,2412.0,27536
1206755,14373.0,25723.0,27545
1177088,25696.0,25723.0,27549
1177090,25696.0,25723.0,27549
1126906,25696.0,25723.0,27549
1126907,25696.0,25723.0,27549
1206449,13757.0,13752.0,27585
1206450,25525.0,13752.0,27585
1206451,13717.0,13752.0,27585
1206452,25543.0,13752.0,27585
1205948,13797.0,13752.0,27585
1126776,25541.0,13752.0,27585
1229794,13769.0,13752.0,27585
1206369,25543.0,13752.0,27585
1206370,25543.0,13752.0,27585
1206372,25533.0,13752.0,27585
1206401,25525.0,13752.0,27585
1206402,25525.0,13752.0,27585
1206403,13757.0,13752.0,27585
1206404,25533.0,13752.0,27585
1176433,13769.0,13752.0,27585
1176434,13747.0,13752.0,27585
1176435,13797.0,13752.0,27585
1126732,1737.0,13752.0,27585
1206624,20978.0,25972.0,27598
1126805,25860.0,14692.0,27605
1126833,4195.0,4268.0,27616
1181001,4290.0,4268.0,27616
1232994,4375.0,4268.0,27616
1180648,4373.0,4268.0,27616
1180649,4326.0,4268.0,27616
1180969,255366.0,4268.0,27616
1181003,4428.0,4268.0,27616
1206283,4395.0,4268.0,27616
1177631,4436.0,4204.0,27618
1180734,4279.0,4204.0,27618
1180872,4387.0,4204.0,27618
1180873,4330.0,4204.0,27618
1180744,4368.0,4204.0,27618
1180875,4248.0,4204.0,27618
1180876,4226.0,4204.0,27618
1180877,4250.0,4204.0,27618
1180878,4230.0,4204.0,27618
1180879,4250.0,4204.0,27618
1180617,390722.0,4204.0,27618
1177549,4302.0,4204.0,27618
1180654,16636.0,4204.0,27618
1126837,4419.0,4204.0,27618
1126839,4387.0,4204.0,27618
1180685,4248.0,4204.0,27618
1183758,4436.0,4204.0,27618
1180687,4279.0,4204.0,27618
1177597,390235.0,4204.0,27618
1235085,48614.0,4204.0,27618
1188762,16141.0,16169.0,27619
1188764,16141.0,16169.0,27619
1187999,16317.0,16169.0,27619
1188001,16317.0,16169.0,27619
1188814,16317.0,16169.0,27619
1190765,16317.0,16169.0,27619
1181072,16141.0,16169.0,27619
1188725,16141.0,16169.0,27619
1188727,16290.0,16169.0,27619
1188728,16290.0,16169.0,27619
1188731,16308.0,16169.0,27619
1188732,16308.0,16169.0,27619
1181096,16308.0,16169.0,27619
1188746,16290.0,16169.0,27619
1178062,16146.0,16156.0,27620
1126841,16214.0,16156.0,27620
1178134,16214.0,16156.0,27620
1178408,16214.0,16263.0,27622
1178409,16214.0,16263.0,27622
1178411,16156.0,16263.0,27622
1181148,48608.0,48611.0,27640
1181150,48608.0,48611.0,27640
1180643,48605.0,48611.0,27640
1166177,48607.0,48611.0,27640
1126956,12838.0,25250.0,27649
1126961,12838.0,25250.0,27649
1128258,20948.0,2791.0,27651
1176845,20763.0,20774.0,27669
1265541,14421.0,2509.0,27673
1265302,14421.0,2509.0,27673
1262427,9167.0,9150.0,27704
1266015,9167.0,9150.0,27704
1137078,9116.0,9150.0,27704
1134060,9116.0,9150.0,27704
1278028,7930.0,7977.0,27710
1127219,,7977.0,27710
1307509,7930.0,7977.0,27710
1307543,7930.0,7977.0,27710
1278025,7930.0,7977.0,27710
1187144,26369.0,16252.0,27711
1188194,26369.0,16252.0,27711
1188774,26369.0,16252.0,27711
1188775,26369.0,16252.0,27711
1188776,26369.0,16252.0,27711
1195010,26369.0,16252.0,27711
1305079,22092.0,5965.0,27730
1127284,3845.0,3844.0,27751
1146569,3193.0,377500.0,27760
1311999,9003.0,8866.0,27775
1312001,9003.0,8866.0,27775
1312066,8896.0,8866.0,27775
1127326,8896.0,8866.0,27775
1312069,8896.0,8866.0,27775
1310874,8896.0,8866.0,27775
1165380,3947.0,384818.0,27778
1158335,3947.0,384818.0,27778
1158337,3947.0,384818.0,27778
1158370,3947.0,384818.0,27778
1158371,3947.0,384818.0,27778
1127499,3947.0,384818.0,27778
1127353,8076.0,23019.0,27789
1266875,9518.0,9542.0,27800
1299138,8009.0,7979.0,27807
1309522,8009.0,7979.0,27807
1309524,8009.0,7979.0,27807
1309525,8009.0,7979.0,27807
1272127,23804.0,9631.0,27820
1272128,23804.0,9631.0,27820
1127406,23804.0,9631.0,27820
1269658,23804.0,9631.0,27820
1271529,10275.0,10077.0,27828
1127424,10188.0,10077.0,27828
1287847,10275.0,10077.0,27828
1227016,10188.0,10077.0,27828
1266912,10188.0,10077.0,27828
1266913,10188.0,10077.0,27828
1287664,10275.0,10077.0,27828
1287665,10275.0,10077.0,27828
1225794,9185.0,9193.0,27836
1127462,3102.0,3106.0,27850
1146625,3102.0,3106.0,27850
1127568,27185.0,18616.0,27896
1299874,27185.0,18616.0,27896
1127611,20432.0,20386.0,27912
1127612,21407.0,21400.0,27913
1275616,12163.0,24945.0,27921
1265884,12020.0,24945.0,27921
1267394,9235.0,23579.0,27925
1127634,9262.0,23579.0,27925
1222894,10855.0,24446.0,27936
1222895,10855.0,24446.0,27936
1286232,20421.0,20440.0,27939
1133467,6976.0,22592.0,27947
1127676,196476.0,3551.0,27952
1127682,22350.0,22438.0,27958
1132688,17.0,22438.0,27958
1300385,6705.0,22438.0,27958
1134562,17.0,22438.0,27958
1299006,6705.0,22438.0,27958
1309202,22368.0,22438.0,27958
1309203,22350.0,22438.0,27958
1309204,22350.0,22438.0,27958
1309205,22368.0,22438.0,27958
1228522,570.0,555.0,27961
1228523,570.0,555.0,27961
1227916,570.0,555.0,27961
1217547,582.0,555.0,27961
1197923,570.0,555.0,27961
1229576,582.0,555.0,27961
1205500,13839.0,1875.0,27962
1216875,24381.0,10720.0,27978
1223193,24342.0,24359.0,27991
1189162,258555.0,4566.0,27995
1189165,258555.0,4566.0,27995
1128903,26608.0,26606.0,27997
1127741,26608.0,26606.0,27997
1305319,26608.0,26606.0,27997
1224947,24238.0,10523.0,28000
1170160,24238.0,10523.0,28000
1170161,24238.0,10523.0,28000
1170162,24238.0,10523.0,28000
1137480,24214.0,10523.0,28000
1209660,24238.0,10523.0,28000
1127744,24214.0,10523.0,28000
1127756,4225.0,4219.0,28009
1282369,4225.0,4219.0,28009
1282372,4225.0,4219.0,28009
1310747,4225.0,4219.0,28009
1305666,4265.0,4219.0,28009
1298754,4225.0,4219.0,28009
1223270,11841.0,11662.0,28011
1170147,24751.0,11662.0,28011
1223182,24751.0,11662.0,28011
1223183,11841.0,11662.0,28011
1127760,11841.0,11662.0,28011
1223319,24751.0,11662.0,28011
1223258,24751.0,11662.0,28011
1223269,11841.0,11662.0,28011
1223268,24751.0,11662.0,28011
1170144,11841.0,11662.0,28011
1299493,26924.0,17897.0,28014
1127767,21711.0,4936.0,28015
1276005,21711.0,4936.0,28015
1279349,21711.0,4936.0,28015
1301084,7012.0,22594.0,28026
1127786,8066.0,8108.0,28027
1308444,8066.0,8108.0,28027
1308446,8066.0,8108.0,28027
1308449,8066.0,8108.0,28027
1280511,8066.0,8108.0,28027
1309723,8317.0,8242.0,28028
1266898,8304.0,8242.0,28028
1127787,8317.0,8242.0,28028
1311450,8357.0,8242.0,28028
1309670,8317.0,8242.0,28028
1309671,8317.0,8242.0,28028
1309842,8334.0,8242.0,28028
1311453,8357.0,8242.0,28028
1302115,8334.0,8242.0,28028
1309843,8334.0,8242.0,28028
1266895,8334.0,8242.0,28028
1127791,396123.0,1925.0,28031
1200321,12817.0,12787.0,28040
1221892,12817.0,12787.0,28040
1209855,12817.0,12787.0,28040
1195900,103643.0,830.0,28041
1195901,855.0,830.0,28041
1195880,855.0,830.0,28041
1200333,103643.0,830.0,28041
1127805,855.0,830.0,28041
1209728,103643.0,830.0,28041
1195899,855.0,830.0,28041
1228999,537.0,518.0,28043
1229017,537.0,518.0,28043
1229026,498.0,518.0,28043
1229028,365116.0,518.0,28043
1197998,548.0,518.0,28043
1197999,548.0,518.0,28043
1229034,510.0,518.0,28043
1198000,548.0,518.0,28043
1229045,537.0,518.0,28043
1229065,525.0,518.0,28043
1229206,498.0,518.0,28043
1229224,525.0,518.0,28043
1229225,525.0,518.0,28043
1228968,535.0,518.0,28043
1228967,548.0,518.0,28043
1229229,510.0,518.0,28043
1228969,535.0,518.0,28043
1229226,510.0,518.0,28043
1228966,535.0,518.0,28043
1229227,498.0,518.0,28043
1229250,537.0,518.0,28043
1127853,405723.0,95964.0,28058
1303589,6893.0,22522.0,28060
1303606,6893.0,22522.0,28060
1303607,6884.0,22522.0,28060
1303608,6893.0,22522.0,28060
1303609,6893.0,22522.0,28060
1303463,6884.0,22522.0,28060
1301712,6884.0,22522.0,28060
1127855,6893.0,22522.0,28060
1303546,6884.0,22522.0,28060
1303547,6884.0,22522.0,28060
1303548,6884.0,22522.0,28060
1303549,6884.0,22522.0,28060
1218412,12204.0,12239.0,28090
1127925,21217.0,3183.0,28098
1277662,21213.0,3183.0,28098
1277664,82204.0,3183.0,28098
1154340,17363.0,17409.0,28114
1201069,11906.0,24801.0,28124
1201790,11900.0,24801.0,28124
1201791,11898.0,24801.0,28124
1200013,11880.0,24801.0,28124
1201831,24799.0,24801.0,28124
1209673,164809.0,164807.0,28129
1209676,164809.0,164807.0,28129
1209647,164809.0,164807.0,28129
1127999,164809.0,164807.0,28129
1221231,165116.0,164807.0,28129
1195726,165116.0,164807.0,28129
1195727,165116.0,164807.0,28129
1195729,165116.0,164807.0,28129
1249816,7865.0,7867.0,28134
1133551,7865.0,7867.0,28134
1278791,7948.0,7867.0,28134
1288627,7890.0,7867.0,28134
1280509,7865.0,7867.0,28134
1300299,7948.0,7867.0,28134
1300300,7948.0,7867.0,28134
1278920,22795.0,7548.0,28136
1305799,22795.0,7548.0,28136
1305803,22795.0,7548.0,28136
1305804,22795.0,7548.0,28136
1185642,19652.0,19649.0,28139
1148412,2005.0,20395.0,28142
1301303,22565.0,7027.0,28149
1301304,6952.0,7027.0,28149
1272097,14669.0,14598.0,28159
1301374,22421.0,22411.0,28161
1301375,22421.0,22411.0,28161
1128245,22421.0,22411.0,28161
1128252,10797.0,10774.0,28166
1128254,567.0,557.0,28168
1228602,319995.0,557.0,28168
1266982,583.0,557.0,28168
1265819,19878.0,557.0,28168
1217270,583.0,557.0,28168
1198122,583.0,557.0,28168
1303435,57245.0,7149.0,28185
1303205,57245.0,7149.0,28185
1303434,57245.0,7149.0,28185
1185281,19634.0,27454.0,28206
1158701,3804.0,3812.0,28213
1165235,3804.0,3812.0,28213
1159673,3804.0,3812.0,28213
1220028,5022.0,21760.0,28214
1219129,50523.0,21760.0,28214
1219133,50523.0,21760.0,28214
1220047,5022.0,21760.0,28214
1219919,5022.0,21760.0,28214
1220053,5022.0,21760.0,28214
1128340,5055.0,21760.0,28214
1202681,5055.0,21760.0,28214
1220235,5055.0,21760.0,28214
1220110,5055.0,21760.0,28214
1220007,50523.0,21760.0,28214
1220141,5055.0,21760.0,28214
1152912,50523.0,21760.0,28214
1220144,5055.0,21760.0,28214
1268077,23169.0,23160.0,28236
1168813,27287.0,27286.0,28242
1190396,4184.0,4134.0,28245
1190397,4194.0,4134.0,28245
1286627,22622.0,22618.0,28255
1128426,536459.0,236156.0,28260
1299735,17213.0,17159.0,28272
1299737,17182.0,17159.0,28272
1299763,17184.0,17159.0,28272
1299764,17184.0,17159.0,28272
1299765,26682.0,17159.0,28272
1128446,17238.0,17159.0,28272
1298475,26668.0,17159.0,28272
1298473,17182.0,17159.0,28272
1299647,17280.0,17159.0,28272
1299653,26708.0,17159.0,28272
1286059,17184.0,17159.0,28272
1299710,26682.0,17159.0,28272
1299713,26707.0,17159.0,28272
1299715,17213.0,17159.0,28272
1299719,17280.0,17159.0,28272
1299721,17257.0,17159.0,28272
1299722,26708.0,17159.0,28272
1299723,26708.0,17159.0,28272
1181085,16596.0,16629.0,28279
1188439,16645.0,16629.0,28279
1128487,12213.0,19996.0,28298
1227718,9755.0,9703.0,28300
1228810,9755.0,9703.0,28300
1222666,23790.0,9703.0,28300
1228812,23790.0,9703.0,28300
1198969,9579.0,9703.0,28300
1222664,9579.0,9703.0,28300
1128489,9755.0,9703.0,28300
1228854,23790.0,9703.0,28300
1227378,23790.0,9703.0,28300
1227380,23790.0,9703.0,28300
1198377,9579.0,9703.0,28300
1209476,20073.0,20084.0,28303
1210094,20070.0,20084.0,28303
1210159,20070.0,20084.0,28303
1210138,20070.0,20084.0,28303
1209915,1331.0,20084.0,28303
1208238,1331.0,20084.0,28303
1209923,20073.0,20084.0,28303
1136696,1331.0,20084.0,28303
1199187,9743.0,9749.0,28308
1128501,9743.0,9749.0,28308
1138055,9743.0,9749.0,28308
1270836,9255.0,104285.0,28312
1188490,26365.0,26347.0,28318
1188491,26365.0,26347.0,28318
1166222,26365.0,26347.0,28318
1188493,26365.0,26347.0,28318
1188173,26365.0,26347.0,28318
1180928,16210.0,26347.0,28318
1180845,16210.0,26347.0,28318
1180931,16237.0,26347.0,28318
1180847,16210.0,26347.0,28318
1180844,16210.0,26347.0,28318
1145643,2849.0,2850.0,28320
1145645,2849.0,2850.0,28320
1128528,2849.0,2850.0,28320
1150520,2849.0,2850.0,28320
1145635,2849.0,2850.0,28320
1128609,204.0,19779.0,28356
1128619,370420.0,27141.0,28365
1128625,7424.0,7337.0,28367
1300624,7310.0,7337.0,28367
1306785,6178.0,6197.0,28368
1128631,6716.0,6754.0,28371
1196035,24322.0,10579.0,28383
1170746,10623.0,10579.0,28383
1170799,10623.0,10579.0,28383
1196145,24322.0,10579.0,28383
1170745,10623.0,10579.0,28383
1170747,10623.0,10579.0,28383
1196180,10707.0,10579.0,28383
1196579,10707.0,10579.0,28383
1297961,86050.0,6569.0,28384
1128646,30.0,6569.0,28384
1138036,27.0,6569.0,28384
1280475,19736.0,6569.0,28384
1300598,28.0,6569.0,28384
1297958,6584.0,6569.0,28384
1297959,86050.0,6569.0,28384
1297960,6584.0,6569.0,28384
1180952,15625.0,15627.0,28387
1166224,15625.0,15627.0,28387
1180188,15625.0,15627.0,28387
1299023,7285.0,7306.0,28394
1199423,9661.0,9660.0,28398
1199426,9661.0,9660.0,28398
1199429,9661.0,9660.0,28398
1128665,9661.0,9660.0,28398
1200564,9626.0,9660.0,28398
1196281,11370.0,823.0,28402
1283075,7359.0,7373.0,28407
1168864,5107.0,5087.0,28430
1220545,5107.0,5087.0,28430
1223765,5107.0,5087.0,28430
1219196,5107.0,5087.0,28430
1219197,5107.0,5087.0,28430
1219198,5107.0,5087.0,28430
1168885,5107.0,5087.0,28430
1186812,26106.0,26118.0,28432
1300120,22948.0,7931.0,28444
1300121,22948.0,7931.0,28444
1300122,7980.0,7931.0,28444
1300124,22948.0,7931.0,28444
1128753,8046.0,7931.0,28444
1203533,22948.0,7931.0,28444
1308231,8046.0,7931.0,28444
1128831,15630.0,15603.0,28473
1281144,10785.0,10875.0,28474
1170521,10785.0,10875.0,28474
1175371,25117.0,12658.0,28483
1128854,25103.0,12658.0,28483
1175290,25117.0,12658.0,28483
1175328,25090.0,12658.0,28483
1175198,25103.0,12658.0,28483
1175331,25117.0,12658.0,28483
1175302,25090.0,12658.0,28483
1175303,25103.0,12658.0,28483
1218079,24834.0,12113.0,28489
1266997,12115.0,12113.0,28489
1218057,24834.0,12113.0,28489
1137465,24834.0,12113.0,28489
1267002,24849.0,12113.0,28489
1218058,24850.0,12113.0,28489
1197723,12115.0,12113.0,28489
1218131,12115.0,12113.0,28489
1197660,24867.0,12113.0,28489
1200074,12145.0,12113.0,28489
1197537,24849.0,12113.0,28489
1218076,24850.0,12113.0,28489
1218077,24850.0,12113.0,28489
1198473,12145.0,12113.0,28489
1128867,24867.0,12113.0,28489
1190179,21530.0,21529.0,28490
1190181,21530.0,21529.0,28490
1128877,8831.0,8761.0,28494
1250421,8831.0,8761.0,28494
1200914,11038.0,24511.0,28507
1229664,11157.0,11197.0,28525
1128961,9805.0,9867.0,28528
1288276,370269.0,370270.0,28575
1282750,19587.0,19575.0,28577
1282790,19582.0,19575.0,28577
1199388,588.0,558.0,28581
1199790,19882.0,558.0,28581
1199793,19882.0,558.0,28581
1229697,588.0,558.0,28581
1229698,588.0,558.0,28581
1229699,588.0,558.0,28581
1229700,588.0,558.0,28581
1217248,19882.0,558.0,28581
1217249,569.0,558.0,28581
1217250,19882.0,558.0,28581
1217251,569.0,558.0,28581
1229588,569.0,558.0,28581
1229589,569.0,558.0,28581
1229203,588.0,558.0,28581
1189254,4006.0,4018.0,28599
1180506,3574.0,3620.0,28604
1138100,12478.0,12415.0,28607
1135981,159678.0,1542.0,28638
1209969,159678.0,1542.0,28638
1210071,159678.0,1542.0,28638
1210045,159678.0,1542.0,28638
1130751,7887.0,22941.0,28644
1306190,7887.0,22941.0,28644
1131229,7887.0,22941.0,28644
1297923,7887.0,22941.0,28644
1221738,11882.0,11938.0,28648
1221743,11882.0,11938.0,28648
1130757,11882.0,11938.0,28648
1130800,25500.0,25515.0,28671
1276529,14722.0,14755.0,28672
1300961,6512.0,6528.0,28684
1143834,3406.0,3455.0,28689
1143835,3406.0,3455.0,28689
1149566,3406.0,3455.0,28689
1136444,6786.0,22409.0,28698
1134539,6786.0,22409.0,28698
1247641,312316.0,21783.0,28709
1143839,25824.0,25865.0,28714
1302426,6637.0,6591.0,28717
1302429,6637.0,6591.0,28717
1302428,6637.0,6591.0,28717
1137541,6637.0,6591.0,28717
1217928,11574.0,11631.0,28727
1196134,10785.0,10724.0,28748
1196136,10785.0,10724.0,28748
1196275,10785.0,10724.0,28748
1185470,16504.0,4198.0,28758
1308144,7717.0,7651.0,28762
1307112,7501.0,7651.0,28762
1308635,7551.0,7651.0,28762
1305820,7701.0,7651.0,28762
1308670,7542.0,7651.0,28762
1307027,7551.0,7651.0,28762
1308672,7542.0,7651.0,28762
1308675,7501.0,7651.0,28762
1300074,7475.0,7651.0,28762
1308677,7542.0,7651.0,28762
1131053,7475.0,7651.0,28762
1272256,7701.0,7651.0,28762
1272255,7701.0,7651.0,28762
1171473,1094.0,20001.0,28770
1276977,21480.0,3830.0,28771
1269668,8835.0,8774.0,28772
1269669,8835.0,8774.0,28772
1268323,8835.0,8774.0,28772
1268324,8790.0,8774.0,28772
1131072,8835.0,8774.0,28772
1267489,23348.0,8774.0,28772
1267490,23348.0,8774.0,28772
1266907,8926.0,8774.0,28772
1269299,8725.0,8774.0,28772
1269300,8725.0,8774.0,28772
1267726,8926.0,8774.0,28772
1131094,21653.0,21657.0,28785
1131095,187515.0,246715.0,28786
1282877,187515.0,246715.0,28786
1282871,153292.0,2112.0,28788
1196589,9975.0,23924.0,28791
1180568,16766.0,16720.0,28795
1180572,16726.0,16720.0,28795
1177383,16766.0,16720.0,28795
1175193,16726.0,16720.0,28795
1177615,16803.0,16720.0,28795
1181382,226247.0,16720.0,28795
1131139,2997.0,2969.0,28806
1282620,19466.0,19497.0,28834
1297701,19466.0,19497.0,28834
1282301,19502.0,19497.0,28834
1282303,19502.0,19497.0,28834
1282304,19502.0,19497.0,28834
1282687,19466.0,19497.0,28834
1298808,19502.0,19497.0,28834
1282279,19502.0,19497.0,28834
1282731,19466.0,19497.0,28834
1282121,19466.0,19497.0,28834
1278674,2157.0,2200.0,28841
1196778,10688.0,10626.0,28843
1196780,10688.0,10626.0,28843
1196951,10688.0,10626.0,28843
1196953,10688.0,10626.0,28843
1196952,10688.0,10626.0,28843
1270500,23090.0,8360.0,28856
1226463,23090.0,8360.0,28856
1226465,23090.0,8360.0,28856
1131243,23101.0,8360.0,28856
1270446,23085.0,8360.0,28856
1270443,23085.0,8360.0,28856
1270444,23085.0,8360.0,28856
1270452,23090.0,8360.0,28856
1266293,8379.0,8360.0,28856
1306889,7839.0,22912.0,28857
1306893,7839.0,22912.0,28857
1131244,22947.0,22912.0,28857
1306793,22947.0,22912.0,28857
1309230,22947.0,22912.0,28857
1297530,22947.0,22912.0,28857
1272711,9234.0,9000.0,28864
1272713,9227.0,9000.0,28864
1131252,9227.0,9000.0,28864
1134868,23515.0,9000.0,28864
1270939,9202.0,9000.0,28864
1270940,9202.0,9000.0,28864
1270941,9202.0,9000.0,28864
1270942,9202.0,9000.0,28864
1270943,9227.0,9000.0,28864
1270944,9227.0,9000.0,28864
1216736,23515.0,9000.0,28864
1216738,23515.0,9000.0,28864
1225014,9202.0,9000.0,28864
1266851,23515.0,9000.0,28864
1266853,23515.0,9000.0,28864
1269698,23515.0,9000.0,28864
1265964,23515.0,9000.0,28864
1136009,9227.0,9000.0,28864
1239145,16563.0,4177.0,28911
1289255,7746.0,7850.0,28912
1289256,7735.0,7850.0,28912
1182958,7744.0,7850.0,28912
1298966,7735.0,7850.0,28912
1298967,7735.0,7850.0,28912
1298968,7746.0,7850.0,28912
1298969,7735.0,7850.0,28912
1298970,7746.0,7850.0,28912
1298982,7897.0,7850.0,28912
1298983,7897.0,7850.0,28912
1298984,7897.0,7850.0,28912
1285312,7897.0,7850.0,28912
1299527,18966.0,18935.0,28914
1299529,19028.0,18935.0,28914
1131459,19028.0,18935.0,28914
1257411,,11934.0,28915
1131750,23780.0,9862.0,28938
1133646,23780.0,9862.0,28938
1225104,9680.0,9862.0,28938
1275866,52446.0,9862.0,28938
1275736,55966.0,9862.0,28938
1163424,6502.0,6417.0,28939
1309776,269129.0,6417.0,28939
1131789,12364.0,12251.0,28961
1175092,12417.0,12251.0,28961
1250832,12364.0,12251.0,28961
1175095,12364.0,12251.0,28961
1175594,12364.0,12251.0,28961
1131992,210562.0,9486.0,28975
1132002,8459.0,8694.0,28976
1307005,8428.0,8694.0,28976
1308942,8525.0,8694.0,28976
1308944,8525.0,8694.0,28976
1311283,8525.0,8694.0,28976
1308062,8544.0,8694.0,28976
1307031,8525.0,8694.0,28976
1307032,8563.0,8694.0,28976
1308065,8544.0,8694.0,28976
1307033,8563.0,8694.0,28976
1308324,8544.0,8694.0,28976
1305394,8563.0,8694.0,28976
1304752,8544.0,8694.0,28976
1137956,8544.0,8694.0,28976
1132010,258250.0,258249.0,28983
1132028,19573.0,27442.0,28995
1132077,7436.0,7456.0,29031
1300075,7436.0,7456.0,29031
1300076,7436.0,7456.0,29031
1298712,22266.0,6349.0,29033
1280285,22266.0,6349.0,29033
1280286,22266.0,6349.0,29033
1195548,284162.0,284163.0,29039
1195549,284162.0,284163.0,29039
1132146,259196.0,259844.0,29051
1132153,259196.0,259844.0,29051
1132124,260163.0,259521.0,29070
1257374,,6059.0,29077
1309594,6034.0,6024.0,29079
1309596,6034.0,6024.0,29079
1309597,6034.0,6024.0,29079
1133231,285435.0,284167.0,29088
1133232,284476.0,284167.0,29088
1133233,284479.0,284167.0,29088
1195451,284483.0,284167.0,29088
1195559,284483.0,284167.0,29088
1133562,285435.0,284167.0,29088
1133563,284479.0,284167.0,29088
1133564,285435.0,284167.0,29088
1133565,285435.0,284167.0,29088
1132159,284476.0,284167.0,29088
1195615,258239.0,258244.0,29090
1132161,258239.0,258244.0,29090
1132166,248315.0,248316.0,29094
1133544,248010.0,248316.0,29094
1308660,23421.0,23332.0,29101
1132177,22827.0,22848.0,29102
1301842,22621.0,7041.0,29115
1153172,6014.0,6020.0,29131
1250925,6014.0,6020.0,29131
1299233,458747.0,172495.0,29134
1136226,145278.0,131510.0,29154
1311520,264965.0,264966.0,29173
1311337,264965.0,264966.0,29173
1312472,264960.0,264959.0,29177
1312473,264960.0,264959.0,29177
1312489,264960.0,264959.0,29177
1312491,264960.0,264959.0,29177
1312494,264960.0,264959.0,29177
1307166,264960.0,264959.0,29177
1307167,264960.0,264959.0,29177
1307169,264960.0,264959.0,29177
1307091,264960.0,264959.0,29177
1307092,264960.0,264959.0,29177
1205737,272639.0,272642.0,29186
1205738,272639.0,272642.0,29186
1195519,272639.0,272642.0,29186
1132298,272639.0,272642.0,29186
1132316,276800.0,262404.0,29193
1133239,261118.0,262404.0,29193
1133163,262410.0,260165.0,29194
1133165,262076.0,260165.0,29194
1132317,261446.0,260165.0,29194
1136708,262076.0,260165.0,29194
1133207,282563.0,282562.0,29195
1205748,281284.0,282249.0,29198
1132354,273290.0,273289.0,29208
1132355,273290.0,273289.0,29208
1132356,273290.0,273289.0,29208
1132357,273290.0,273289.0,29208
1142755,14127.0,14155.0,29209
1150379,14123.0,14155.0,29209
1132373,147839.0,14155.0,29209
1144615,15692.0,26162.0,29211
1144583,15692.0,26162.0,29211
1304046,19788.0,7408.0,29224
1304047,19788.0,7408.0,29224
1303248,248.0,7408.0,29224
1300714,225.0,7408.0,29224
1305255,204.0,7408.0,29224
1300732,248.0,7408.0,29224
1132422,,54370.0,29231
1132426,364894.0,140.0,29232
1132719,365084.0,14855.0,29234
1186285,53404.0,53403.0,29291
1191210,53404.0,53403.0,29291
1220392,53404.0,53403.0,29291
1202560,16932.0,53403.0,29291
1190933,53404.0,53403.0,29291
1136230,21758.0,21098.0,29292
1135854,23153.0,23143.0,29297
1249988,23153.0,23143.0,29297
1143085,42204.0,42203.0,29299
1143086,42204.0,42203.0,29299
1143048,42204.0,42203.0,29299
1132706,375836.0,444.0,29307
1132714,200955.0,200959.0,29312
1203044,291836.0,282881.0,29313
1247647,376043.0,365067.0,29314
1168900,27175.0,27172.0,29315
1219124,21761.0,27172.0,29315
1219125,21761.0,27172.0,29315
1168902,27175.0,27172.0,29315
1220547,21759.0,27172.0,29315
1168391,27175.0,27172.0,29315
1132740,343339.0,10023.0,29326
1132747,325436.0,9429.0,29331
1132754,150730.0,150727.0,29335
1132763,335996.0,6674.0,29338
1282001,16936.0,16952.0,29357
1157251,359665.0,359664.0,29370
1223144,702.0,683.0,29372
1223147,702.0,683.0,29372
1223178,702.0,683.0,29372
1223202,702.0,683.0,29372
1223152,702.0,683.0,29372
1223155,702.0,683.0,29372
1223162,702.0,683.0,29372
1223197,702.0,683.0,29372
1201508,115826.0,683.0,29372
1136159,17636.0,4853.0,29397
1132915,136956.0,76763.0,29398
1247844,,76763.0,29398
1135794,136956.0,76763.0,29398
1196079,76764.0,76763.0,29398
1135843,136956.0,76763.0,29398
1135844,136956.0,76763.0,29398
1137064,76764.0,76763.0,29398
1132946,9540.0,9519.0,29409
1132967,9040.0,9004.0,29419
1234802,9040.0,9004.0,29419
1133442,248961.0,248962.0,29432
1133444,248961.0,248962.0,29432
1133445,285439.0,248962.0,29432
1133557,248008.0,248962.0,29432
1133000,285439.0,248962.0,29432
1133569,248008.0,248962.0,29432
1133085,14761.0,14852.0,29465
1234806,14761.0,14852.0,29465
1250761,22852.0,22805.0,29487
1133185,22852.0,22805.0,29487
1300596,22852.0,22805.0,29487
1310992,6025.0,6031.0,29492
1310993,6025.0,6031.0,29492
1311006,6025.0,6031.0,29492
1311013,6025.0,6031.0,29492
1270789,14906.0,14831.0,29511
1286300,14956.0,14831.0,29511
1272997,14956.0,14831.0,29511
1298490,14906.0,14831.0,29511
1270776,14906.0,14831.0,29511
1134095,14906.0,14831.0,29511
1133153,14906.0,14831.0,29511
1135357,14956.0,14831.0,29511
1270172,14864.0,14831.0,29511
1285994,262718.0,261118.0,29513
1133217,262718.0,261118.0,29513
1133159,260166.0,261118.0,29513
1133202,257605.0,252478.0,29540
1312546,274241.0,274240.0,29545
1133218,274241.0,274240.0,29545
1309692,7490.0,7538.0,29546
1300386,7530.0,7455.0,29547
1300387,7530.0,7455.0,29547
1286802,7530.0,7455.0,29547
1298312,7530.0,7455.0,29547
1298313,7530.0,7455.0,29547
1288798,7530.0,7455.0,29547
1308530,8981.0,9046.0,29551
1308531,8981.0,9046.0,29551
1308532,8981.0,9046.0,29551
1309172,8981.0,9046.0,29551
1257429,,9046.0,29551
1309170,8981.0,9046.0,29551
1309171,8981.0,9046.0,29551
1283315,24201.0,10344.0,29575
1133285,17588.0,10344.0,29575
1231762,81569.0,285756.0,29581
1302839,5976.0,22086.0,29592
1133354,,473024.0,29603
1215683,22176.0,22157.0,29605
1133552,22176.0,22157.0,29605
1133359,22176.0,22157.0,29605
1133393,,21114.0,29620
1300086,7259.0,7281.0,29634
1300088,7259.0,7281.0,29634
1312484,7259.0,7281.0,29634
1312486,7259.0,7281.0,29634
1299038,7262.0,7281.0,29634
1299041,7262.0,7281.0,29634
1133427,7259.0,7281.0,29634
1223493,19907.0,222715.0,29638
1305939,22896.0,22900.0,29641
1311673,22896.0,22900.0,29641
1311670,22896.0,22900.0,29641
1305947,22896.0,22900.0,29641
1311683,22896.0,22900.0,29641
1305955,22896.0,22900.0,29641
1305957,22896.0,22900.0,29641
1311685,22896.0,22900.0,29641
1305954,22896.0,22900.0,29641
1310150,22896.0,22900.0,29641
1310707,22896.0,22900.0,29641
1310708,22896.0,22900.0,29641
1305928,22896.0,22900.0,29641
1305929,22896.0,22900.0,29641
1305936,22896.0,22900.0,29641
1304023,22626.0,7050.0,29645
1311677,22890.0,22895.0,29654
1305941,22890.0,22895.0,29654
1300916,22890.0,22895.0,29654
1305966,22890.0,22895.0,29654
1305967,22890.0,22895.0,29654
1307158,22890.0,22895.0,29654
1310176,22890.0,22895.0,29654
1300886,22890.0,22895.0,29654
1300887,22890.0,22895.0,29654
1300889,22890.0,22895.0,29654
1300890,22890.0,22895.0,29654
1300893,22890.0,22895.0,29654
1300898,22890.0,22895.0,29654
1276727,6999.0,6997.0,29665
1304782,6999.0,6997.0,29665
1304786,6999.0,6997.0,29665
1305990,6999.0,6997.0,29665
1305993,6999.0,6997.0,29665
1305030,6998.0,6997.0,29665
1305031,6998.0,6997.0,29665
1305032,6998.0,6997.0,29665
1305033,6998.0,6997.0,29665
1304098,210.0,209.0,29672
1133502,6037.0,22138.0,29675
1303756,7071.0,22625.0,29678
1136207,22660.0,22625.0,29678
1303771,7071.0,22625.0,29678
1133506,7071.0,22625.0,29678
1304641,117.0,118.0,29689
1310732,19772.0,177.0,29691
1310733,148.0,177.0,29691
1310734,187.0,177.0,29691
1310735,187.0,177.0,29691
1312315,169.0,177.0,29691
1312317,169.0,177.0,29691
1310998,215.0,177.0,29691
1310999,148.0,177.0,29691
1311000,148.0,177.0,29691
1310741,215.0,177.0,29691
1311001,215.0,177.0,29691
1310739,213.0,177.0,29691
1310738,215.0,177.0,29691
1133526,19772.0,177.0,29691
1302944,220.0,177.0,29691
1307554,169.0,177.0,29691
1309899,220.0,177.0,29691
1309900,220.0,177.0,29691
1312142,169.0,177.0,29691
1312144,169.0,177.0,29691
1308756,169.0,177.0,29691
1310986,215.0,177.0,29691
1310987,215.0,177.0,29691
1310989,187.0,177.0,29691
1310730,148.0,177.0,29691
1133548,8044.0,8065.0,29707
1308085,8098.0,8065.0,29707
1308323,8098.0,8065.0,29707
1308325,8098.0,8065.0,29707
1216177,8128.0,8065.0,29707
1278023,8098.0,8065.0,29707
1133558,281930.0,264316.0,29710
1133571,285436.0,285130.0,29714
1133576,280637.0,280642.0,29717
1224839,280635.0,280642.0,29717
1224840,280637.0,280642.0,29717
1224841,280644.0,280642.0,29717
1224842,280327.0,280642.0,29717
1224843,280327.0,280642.0,29717
1224844,280644.0,280642.0,29717
1224887,280329.0,280642.0,29717
1224889,280329.0,280642.0,29717
1224891,280329.0,280642.0,29717
1224892,280329.0,280642.0,29717
1216114,280637.0,280642.0,29717
1224928,280644.0,280642.0,29717
1312544,262720.0,262721.0,29728
1133620,262090.0,262721.0,29728
1133590,264323.0,262721.0,29728
1133593,264323.0,262721.0,29728
1312543,262090.0,262721.0,29728
1133627,283841.0,248963.0,29749
1281594,6285.0,6274.0,29756
1187246,4101.0,4052.0,29757
1190306,4064.0,4052.0,29757
1180507,4064.0,4052.0,29757
1164357,4072.0,4052.0,29757
1190308,4077.0,4052.0,29757
1219561,4113.0,4052.0,29757
1219563,4088.0,4052.0,29757
1187140,4113.0,4052.0,29757
1278655,,287676.0,29758
1133644,330559.0,287676.0,29758
1133650,2091.0,2044.0,29762
1179037,2091.0,2044.0,29762
1178112,74534.0,2091.0,29764
1178113,74534.0,2091.0,29764
1257661,,536189.0,29769
1133665,,536189.0,29769
1179149,20262.0,1769.0,29787
1248301,,248004.0,29791
1281266,4922.0,21713.0,29809
1142850,4922.0,21713.0,29809
1280857,26657.0,17151.0,29838
1276447,17155.0,17151.0,29838
1276449,17155.0,17151.0,29838
1276450,17155.0,17151.0,29838
1277238,26657.0,17151.0,29838
1277240,26657.0,17151.0,29838
1280751,17155.0,17151.0,29838
1306649,17130.0,17151.0,29838
1280662,17130.0,17151.0,29838
1280678,26664.0,17151.0,29838
1280679,26661.0,17151.0,29838
1280680,17130.0,17151.0,29838
1278742,26657.0,17151.0,29838
1278743,26657.0,17151.0,29838
1216364,26123.0,26121.0,29847
1288267,1718.0,1695.0,29848
1278071,20376.0,20371.0,29873
1273987,135032.0,4562.0,29896
1273988,21621.0,4562.0,29896
1137076,135032.0,4562.0,29896
1134310,135032.0,4562.0,29896
1285864,21621.0,4562.0,29896
1285866,135032.0,4562.0,29896
1270867,135032.0,4562.0,29896
1299703,4224.0,4313.0,29901
1298606,4224.0,4313.0,29901
1299705,4224.0,4313.0,29901
1282373,4224.0,4313.0,29901
1282374,4224.0,4313.0,29901
1299525,4224.0,4313.0,29901
1302136,22563.0,22574.0,29928
1302140,22563.0,22574.0,29928
1302326,22563.0,22574.0,29928
1302327,22563.0,22574.0,29928
1303867,6910.0,6890.0,29929
1309895,6096.0,6102.0,29932
1303087,22252.0,6341.0,29939
1136400,22252.0,6341.0,29939
1303317,22252.0,6341.0,29939
1302348,22252.0,6341.0,29939
1134511,22252.0,6341.0,29939
1136417,7035.0,7088.0,29956
1250937,7035.0,7088.0,29956
1250769,6383.0,6368.0,29960
1205766,6383.0,6368.0,29960
1274090,23984.0,23946.0,29984
1274006,23984.0,23946.0,29984
1286717,12624.0,12528.0,30002
1288674,24032.0,10179.0,30010
1274089,23977.0,10179.0,30010
1267715,23977.0,10179.0,30010
1267718,23977.0,10179.0,30010
1267721,24032.0,10179.0,30010
1267722,24032.0,10179.0,30010
1267734,23977.0,10179.0,30010
1287789,23977.0,10179.0,30010
1287374,23977.0,10179.0,30010
1288669,24032.0,10179.0,30010
1289220,24032.0,10179.0,30010
1273511,9891.0,9920.0,30016
1273512,9891.0,9920.0,30016
1273513,9891.0,9920.0,30016
1287733,9891.0,9920.0,30016
1287734,9891.0,9920.0,30016
1274157,9982.0,9933.0,30033
1137492,10103.0,10050.0,30053
1286654,10137.0,10050.0,30053
1273671,10137.0,10050.0,30053
1273673,10103.0,10050.0,30053
1134767,10103.0,10050.0,30053
1286275,10103.0,10050.0,30053
1273620,10137.0,10050.0,30053
1273621,10137.0,10050.0,30053
1273622,10137.0,10050.0,30053
1273251,8824.0,23448.0,30069
1225209,8824.0,23448.0,30069
1134809,8824.0,23448.0,30069
1246055,8824.0,23448.0,30069
1228774,8824.0,23448.0,30069
1272085,9237.0,9284.0,30087
1285872,19847.0,9284.0,30087
1266701,11389.0,11422.0,30088
1228138,23540.0,23552.0,30094
1272504,23533.0,23552.0,30094
1272503,23533.0,23552.0,30094
1272506,23533.0,23552.0,30094
1272505,23533.0,23552.0,30094
1225238,23812.0,9816.0,30104
1269344,8879.0,8895.0,30107
1225642,8751.0,23297.0,30115
1229516,8751.0,23297.0,30115
1201510,8751.0,23297.0,30115
1201511,8751.0,23297.0,30115
1134939,10049.0,10018.0,30134
1225420,8995.0,8962.0,30140
1134947,23586.0,23595.0,30141
1275698,23586.0,23595.0,30141
1257655,,3369.0,30158
1147181,2703.0,2680.0,30167
1150586,2703.0,2680.0,30167
1135076,8478.0,8509.0,30169
1136841,8478.0,8509.0,30169
1279226,7124.0,7142.0,30174
1298370,7124.0,7142.0,30174
1298371,7171.0,7142.0,30174
1298373,7171.0,7142.0,30174
1199291,9863.0,9818.0,30177
1200193,1314.0,1263.0,30180
1208909,20064.0,1263.0,30180
1207910,20064.0,1263.0,30180
1207913,20064.0,1263.0,30180
1210658,1306.0,1263.0,30180
1210304,1314.0,1263.0,30180
1210657,1306.0,1263.0,30180
1210469,1306.0,1263.0,30180
1207916,20064.0,1263.0,30180
1207914,20064.0,1263.0,30180
1209212,1306.0,1263.0,30180
1209374,25303.0,12942.0,30203
1274569,265599.0,31005.0,30283
1276952,3573.0,31005.0,30283
1286164,265599.0,31005.0,30283
1282268,19512.0,19506.0,30285
1282228,19512.0,19506.0,30285
1297646,22178.0,22173.0,30299
1310463,22170.0,22173.0,30299
1310462,22170.0,22173.0,30299
1310499,6085.0,22173.0,30299
1310500,22170.0,22173.0,30299
1205811,284170.0,284164.0,30346
1205812,284170.0,284164.0,30346
1195574,284170.0,284164.0,30346
1272170,2207.0,2196.0,30354
1135830,,2641.0,30357
1135855,7240.0,7226.0,30369
1249989,7240.0,7226.0,30369
1298125,22963.0,22942.0,30372
1135988,11963.0,10230.0,30388
1197927,11171.0,24538.0,30404
1146041,14643.0,14724.0,30410
1146021,25873.0,14724.0,30410
1136047,23610.0,9267.0,30412
1271047,23651.0,9267.0,30412
1271048,23656.0,9267.0,30412
1271049,23656.0,9267.0,30412
1271050,23651.0,9267.0,30412
1271711,9380.0,9267.0,30412
1271713,9380.0,9267.0,30412
1271714,9380.0,9267.0,30412
1272099,23656.0,9267.0,30412
1272102,23656.0,9267.0,30412
1271080,23610.0,9267.0,30412
1271098,23610.0,9267.0,30412
1272138,23656.0,9267.0,30412
1268301,9380.0,9267.0,30412
1269851,23651.0,9267.0,30412
1136057,18753.0,18739.0,30417
1300188,78.0,76.0,30421
1309179,83.0,76.0,30421
1308503,81.0,76.0,30421
1308506,92.0,76.0,30421
1308507,92.0,76.0,30421
1309187,92.0,76.0,30421
1309163,78.0,76.0,30421
1308486,68.0,76.0,30421
1136088,81.0,76.0,30421
1308492,71.0,76.0,30421
1308493,487563.0,76.0,30421
1136131,4909.0,4912.0,30434
1280167,4909.0,4912.0,30434
1233008,,26614.0,30444
1233009,439454.0,26614.0,30444
1232982,,26614.0,30444
1232997,439456.0,26614.0,30444
1210075,1503.0,1498.0,30446
1215726,415453.0,1743.0,30449
1276813,415453.0,1743.0,30449
1276814,20243.0,1743.0,30449
1136173,18275.0,18221.0,30451
1276726,82.0,22670.0,30452
1136174,6989.0,22670.0,30452
1304884,109.0,22670.0,30452
1304798,85732.0,22670.0,30452
1304799,85732.0,22670.0,30452
1304835,22600.0,22670.0,30452
1300794,22600.0,22670.0,30452
1300797,82.0,22670.0,30452
1282978,390236.0,16944.0,30453
1136181,12923.0,1231.0,30457
1136190,8501.0,8681.0,30462
1136197,224955.0,35183.0,30468
1136208,349868.0,10232.0,30475
1136210,19907.0,734.0,30477
1297564,22364.0,6681.0,30479
1136222,69086.0,7305.0,30481
1287057,69086.0,7305.0,30481
1152437,25889.0,14709.0,30482
1136227,18008.0,18010.0,30484
1136235,344076.0,19937.0,30487
1136512,344076.0,19937.0,30487
1136237,24826.0,12048.0,30488
1155150,1969.0,197117.0,30490
1155191,126391.0,197117.0,30490
1142969,10426.0,24192.0,30493
1300798,129911.0,102685.0,30503
1300799,129911.0,102685.0,30503
1300800,129911.0,102685.0,30503
1300801,129911.0,102685.0,30503
1136361,129911.0,102685.0,30503
1308734,118.0,116.0,30509
1304656,115.0,116.0,30509
1136386,115.0,116.0,30509
1143129,66225.0,54371.0,30540
1136699,27217.0,27216.0,30613
1202686,27217.0,27216.0,30613
1289354,7388.0,7366.0,30617
1289366,22686.0,7366.0,30617
1249668,7368.0,7366.0,30617
1287087,192.0,7366.0,30617
1287090,7388.0,7366.0,30617
1289411,7368.0,7366.0,30617
1289413,7368.0,7366.0,30617
1287353,22686.0,7366.0,30617
1231824,7368.0,7366.0,30617
1276136,7388.0,7366.0,30617
1280819,22686.0,7366.0,30617
1289332,216.0,7366.0,30617
1289334,7479.0,7366.0,30617
1301935,7305.0,7366.0,30617
1142968,123507.0,24149.0,30631
1273533,23951.0,23959.0,30659
1268289,17068.0,17092.0,30662
1145057,14487.0,14481.0,30667
1158399,3869.0,3906.0,30679
1158383,3869.0,3906.0,30679
1201871,834.0,836.0,30682
1136943,834.0,836.0,30682
1221663,834.0,836.0,30682
1149303,14183.0,25697.0,30689
1267816,11739.0,11774.0,30691
1186973,19439.0,19425.0,30696
1266762,2198.0,136958.0,30700
1266342,25070.0,25088.0,30703
1266348,25070.0,25088.0,30703
1266350,25070.0,25088.0,30703
1266351,25070.0,25088.0,30703
1266353,25070.0,25088.0,30703
1138464,25630.0,2309.0,30706
1163890,25630.0,2309.0,30706
1178561,25634.0,2309.0,30706
1178563,25634.0,2309.0,30706
1163825,25634.0,2309.0,30706
1178562,25634.0,2309.0,30706
1137025,25630.0,2309.0,30706
1178332,25630.0,2309.0,30706
1178333,25630.0,2309.0,30706
1178560,25634.0,2309.0,30706
1185116,27335.0,19322.0,30710
1185117,27335.0,19322.0,30710
1137044,27335.0,19322.0,30710
1190930,27335.0,19322.0,30710
1271683,8423.0,228155.0,30716
1271684,8423.0,228155.0,30716
1271685,8423.0,228155.0,30716
1288167,9759.0,9707.0,30720
1222305,12572.0,12530.0,30724
1276714,27025.0,27023.0,30729
1276715,27025.0,27023.0,30729
1137379,27011.0,27023.0,30729
1278442,27057.0,27023.0,30729
1137167,27076.0,27023.0,30729
1306659,27057.0,27023.0,30729
1299302,27011.0,27023.0,30729
1299303,27025.0,27023.0,30729
1299304,27025.0,27023.0,30729
1299305,27011.0,27023.0,30729
1289851,222091.0,27023.0,30729
1278378,27057.0,27023.0,30729
1278381,27076.0,27023.0,30729
1278382,27076.0,27023.0,30729
1278384,27076.0,27023.0,30729
1306522,8124.0,8149.0,30733
1137190,8091.0,8149.0,30733
1142997,878.0,111662.0,30746
1257360,,111662.0,30746
1257421,,111662.0,30746
1249997,9069.0,23524.0,30749
1247663,9069.0,23524.0,30749
1144610,21355.0,3505.0,30751
1148662,21355.0,3505.0,30751
1148664,21355.0,3505.0,30751
1189766,4538.0,4532.0,30767
1277050,25667.0,25668.0,30805
1277051,25667.0,25668.0,30805
1226366,16796.0,16688.0,30806
1286331,16767.0,16688.0,30806
1286333,16767.0,16688.0,30806
1281981,16723.0,16688.0,30806
1281983,16723.0,16688.0,30806
1283383,16767.0,16688.0,30806
1287349,16796.0,16688.0,30806
1207997,930.0,928.0,30809
1205993,2961.0,2920.0,30821
1298458,21703.0,4923.0,30834
1137578,2268.0,2346.0,30837
1149921,25761.0,25762.0,30838
1137579,25761.0,25762.0,30838
1145061,25762.0,14487.0,30840
1223180,25797.0,14487.0,30840
1145056,25765.0,14487.0,30840
1145058,25765.0,14487.0,30840
1145060,25765.0,14487.0,30840
1179959,20951.0,20947.0,30846
1137616,20951.0,20947.0,30846
1232538,,536367.0,30851
1267683,9976.0,23946.0,30853
1267685,9976.0,23946.0,30853
1267686,9976.0,23946.0,30853
1267689,9972.0,23946.0,30853
1267733,9972.0,23946.0,30853
1267736,9972.0,23946.0,30853
1307503,530652.0,530651.0,30854
1277911,530652.0,530651.0,30854
1232471,449046.0,449044.0,30866
1137809,449046.0,449044.0,30866
1150414,3598.0,3603.0,30871
1137838,27365.0,27366.0,30874
1306808,4561.0,21606.0,30886
1137887,9065.0,9036.0,30890
1309463,9065.0,9036.0,30890
1309466,9065.0,9036.0,30890
1309462,9065.0,9036.0,30890
1287487,23825.0,23866.0,30898
1287488,23825.0,23866.0,30898
1287489,23825.0,23866.0,30898
1289578,23930.0,23938.0,30899
1289587,23930.0,23938.0,30899
1289575,23930.0,23938.0,30899
1200003,12112.0,12084.0,30900
1201951,12112.0,12084.0,30900
1201953,12112.0,12084.0,30900
1137911,12112.0,12084.0,30900
1222208,12112.0,12084.0,30900
1220965,20028.0,20030.0,30909
1308529,8982.0,8897.0,30912
1287140,79005.0,79004.0,30916
1287141,79005.0,79004.0,30916
1287142,79005.0,79004.0,30916
1287143,45086.0,79004.0,30916
1287145,45086.0,79004.0,30916
1287146,22622.0,79004.0,30916
1279761,79005.0,79004.0,30916
1279763,79005.0,79004.0,30916
1283129,45085.0,79004.0,30916
1283131,45085.0,79004.0,30916
1196247,11282.0,11319.0,30921
1301983,22553.0,6902.0,30925
1302202,22553.0,6902.0,30925
1303152,22553.0,6902.0,30925
1301894,7037.0,6902.0,30925
1303294,7037.0,6902.0,30925
1302219,22553.0,6902.0,30925
1303296,7037.0,6902.0,30925
1303298,7037.0,6902.0,30925
1301942,7037.0,6902.0,30925
1301945,7037.0,6902.0,30925
1137971,2189.0,20472.0,30929
1137994,25698.0,25699.0,30941
1224939,24968.0,12294.0,30944
1138001,24968.0,12294.0,30944
1277198,4572.0,4597.0,30972
1229336,11968.0,11975.0,30973
1201880,652.0,654.0,30974
1216361,652.0,654.0,30974
1198378,652.0,654.0,30974
1303083,6617.0,6653.0,30982
1302958,22349.0,6653.0,30982
1306845,6617.0,6653.0,30982
1276470,93728.0,93727.0,30983
1222133,12250.0,24957.0,30990
1187214,15548.0,15519.0,31039
1186809,15548.0,15519.0,31039
1154077,20817.0,20818.0,31051
1154836,14728.0,20818.0,31051
1154835,14728.0,20818.0,31051
1173533,20817.0,20818.0,31051
1142782,2670.0,20818.0,31051
1154074,20817.0,20818.0,31051
1138307,26262.0,15918.0,31055
1144744,26262.0,15918.0,31055
1144551,26262.0,15918.0,31055
1166036,26262.0,15918.0,31055
1138595,26262.0,15918.0,31055
1178844,13957.0,13935.0,31066
1178909,13957.0,13935.0,31066
1178847,13957.0,13935.0,31066
1304250,6182.0,6158.0,31091
1304253,6182.0,6158.0,31091
1166134,19085.0,19069.0,31111
1166135,19085.0,19069.0,31111
1138678,19085.0,19069.0,31111
1289032,25172.0,25115.0,31122
1288991,25066.0,25115.0,31122
1299852,384187.0,18373.0,31123
1250996,27133.0,18373.0,31123
1299749,27094.0,18373.0,31123
1299785,18296.0,18373.0,31123
1299850,18347.0,18373.0,31123
1299851,18296.0,18373.0,31123
1299853,384187.0,18373.0,31123
1286208,18244.0,18373.0,31123
1181385,240636.0,11888.0,31125
1179795,345003.0,350091.0,31126
1179975,345003.0,350091.0,31126
1189033,4480.0,4442.0,31129
1142809,12712.0,12659.0,31186
1266312,4887.0,4882.0,31226
1287202,4553.0,21604.0,31228
1280296,4553.0,21604.0,31228
1142909,25058.0,25098.0,31248
1142979,344515.0,24253.0,31297
1164112,12296.0,12288.0,31302
1221857,11412.0,11408.0,31324
1143017,10259.0,24105.0,31328
1143027,24946.0,24926.0,31335
1143093,1875.0,13839.0,31362
1143108,12669.0,12682.0,31371
1143120,114219.0,24543.0,31380
1283469,114219.0,24543.0,31380
1143165,171518.0,24959.0,31402
1143192,,20157.0,31418
1143402,26288.0,15933.0,31454
1143576,2588.0,2607.0,31476
1143500,2588.0,2607.0,31476
1148932,25917.0,25909.0,31520
1144222,2830.0,2754.0,31524
1144223,2830.0,2754.0,31524
1143771,2748.0,2754.0,31524
1143773,2748.0,2754.0,31524
1147802,2830.0,2754.0,31524
1147804,2830.0,2754.0,31524
1143926,14462.0,14497.0,31560
1143928,14462.0,14497.0,31560
1143900,14463.0,14497.0,31560
1143912,14463.0,14497.0,31560
1143954,14463.0,14497.0,31560
1143955,14463.0,14497.0,31560
1143956,14462.0,14497.0,31560
1143957,14462.0,14497.0,31560
1144062,15974.0,15931.0,31583
1154891,15974.0,15931.0,31583
1144064,15974.0,15931.0,31583
1145233,15950.0,15931.0,31583
1146883,15974.0,15931.0,31583
1146207,15941.0,15931.0,31583
1146206,15941.0,15931.0,31583
1146209,15941.0,15931.0,31583
1231968,15941.0,15931.0,31583
1148166,20893.0,2761.0,31629
1145497,20893.0,2761.0,31629
1149415,20893.0,2761.0,31629
1149389,20893.0,2761.0,31629
1160003,20893.0,2761.0,31629
1144359,370335.0,370334.0,31652
1149054,370332.0,370333.0,31664
1149092,370332.0,370333.0,31664
1149430,3055.0,275196.0,31689
1144536,178567.0,238075.0,31690
1144550,26236.0,15890.0,31694
1146897,26236.0,15861.0,31696
1152978,26201.0,15861.0,31696
1154465,3049.0,21135.0,31705
1148621,3049.0,21135.0,31705
1146663,2926.0,2998.0,31733
1148332,2926.0,2998.0,31733
1147202,2926.0,2998.0,31733
1154454,2926.0,2998.0,31733
1144903,14217.0,14174.0,31759
1145205,21462.0,3765.0,31801
1145121,21462.0,3765.0,31803
1145389,2580.0,2572.0,31850
1145399,2580.0,2572.0,31850
1155765,20954.0,2766.0,31852
1145361,20954.0,2766.0,31852
1145375,20954.0,2766.0,31852
1159903,20954.0,2766.0,31852
1147251,2364.0,81243.0,31870
1150133,,21399.0,31935
1145720,15145.0,15104.0,31941
1152420,14948.0,2778.0,31959
1146024,14724.0,25873.0,31991
1146055,25813.0,25873.0,31991
1146422,20767.0,20748.0,32057
1147589,20767.0,20748.0,32057
1146487,26068.0,21273.0,32076
1146489,15300.0,15229.0,32077
1146535,15248.0,21174.0,32082
1171846,15248.0,21174.0,32082
1146510,15034.0,15027.0,32084
1146512,15034.0,15027.0,32084
1146513,15034.0,15027.0,32084
1146516,15034.0,15027.0,32084
1147508,26048.0,15252.0,32094
1146557,26048.0,15252.0,32094
1146541,26048.0,15252.0,32094
1146536,21202.0,3165.0,32095
1149451,15918.0,15914.0,32120
1146908,2611.0,20782.0,32162
1147453,83806.0,2512.0,32259
1147842,84771.0,2433.0,32323
1155017,84771.0,2433.0,32323
1147845,84771.0,2433.0,32323
1147846,84771.0,2433.0,32323
1157022,84771.0,2433.0,32323
1147882,84771.0,2433.0,32323
1147884,84771.0,2433.0,32323
1155694,1942.0,2058.0,32355
1155697,1942.0,2058.0,32355
1154324,2037.0,2095.0,32385
1154325,2037.0,2095.0,32385
1154265,2037.0,2095.0,32385
1148355,20436.0,84768.0,32392
1148496,2995.0,3009.0,32435
1148504,2995.0,3009.0,32435
1153742,84774.0,2223.0,32439
1153743,84774.0,2223.0,32439
1148512,84774.0,2223.0,32439
1148515,84774.0,2223.0,32439
1149098,13579.0,13529.0,32515
1149101,279364.0,13529.0,32515
1149685,3647.0,3630.0,32574
1149725,3647.0,3630.0,32574
1149485,3647.0,3630.0,32574
1149682,3647.0,3630.0,32574
1149683,3647.0,3630.0,32574
1149577,,10559.0,32584
1149847,157767.0,13989.0,32609
1150009,383451.0,3589.0,32633
1187148,3613.0,3589.0,32633
1150134,15971.0,3789.0,32647
1151125,25735.0,25708.0,32790
1155896,21237.0,3180.0,32807
1272937,16959.0,73900.0,32815
1152845,7392.0,22740.0,32833
1152849,10955.0,10941.0,32837
1152864,15952.0,226244.0,32847
1153093,119339.0,21154.0,32868
1152911,21276.0,21244.0,32872
1152939,4586.0,4551.0,32892
1152942,19438.0,27362.0,32895
1164830,343948.0,3600.0,32943
1164831,343948.0,3600.0,32943
1166039,343948.0,3600.0,32943
1158537,343949.0,3600.0,32943
1164652,21392.0,3600.0,32943
1164655,3571.0,3600.0,32943
1153022,3537.0,3600.0,32943
1153035,3319.0,3317.0,32951
1153105,23944.0,9928.0,32988
1153112,12154.0,12163.0,32993
1218212,24267.0,24276.0,32994
1218214,24267.0,24276.0,32994
1218215,24267.0,24276.0,32994
1164675,17241.0,24276.0,32994
1265880,24267.0,24276.0,32994
1265863,12171.0,12233.0,33035
1265903,12093.0,12233.0,33035
1283441,12171.0,12233.0,33035
1289694,12093.0,12233.0,33035
1218116,24052.0,24013.0,33040
1218085,24052.0,24013.0,33040
1218119,24052.0,24013.0,33040
1218118,24052.0,24013.0,33040
1218086,24025.0,24013.0,33040
1218117,24025.0,24013.0,33040
1289717,24052.0,24013.0,33040
1197760,24025.0,24013.0,33040
1228958,24025.0,24013.0,33040
1153198,24052.0,24013.0,33040
1197801,24025.0,24013.0,33040
1153262,10460.0,10419.0,33048
1255956,12448.0,25032.0,33085
1218059,287678.0,11958.0,33088
1217867,12010.0,11958.0,33088
1218573,25034.0,12477.0,33099
1218574,25034.0,12477.0,33099
1218575,25034.0,12477.0,33099
1218596,25034.0,12477.0,33099
1218597,25034.0,12477.0,33099
1153307,280967.0,280968.0,33114
1153382,12493.0,25035.0,33122
1201403,12493.0,25035.0,33122
1201405,12493.0,25035.0,33122
1227299,24242.0,24251.0,33127
1153333,12302.0,12320.0,33134
1200662,12302.0,12320.0,33134
1200664,12302.0,12320.0,33134
1200665,12302.0,12320.0,33134
1222228,12462.0,12435.0,33172
1222230,12462.0,12435.0,33172
1222231,12462.0,12435.0,33172
1153390,375259.0,19665.0,33178
1191343,259516.0,19665.0,33178
1153393,19673.0,19671.0,33179
1156400,15489.0,3464.0,33206
1153518,15489.0,3464.0,33206
1153519,15489.0,3464.0,33206
1159398,102364.0,102365.0,33212
1156168,2070.0,2155.0,33249
1156779,2070.0,2155.0,33249
1153784,2070.0,2155.0,33249
1203270,2335.0,14184.0,33271
1153844,2335.0,14184.0,33271
1157860,3404.0,21306.0,33275
1158299,17431.0,17402.0,33361
1154675,20394.0,20391.0,33435
1154741,20391.0,20394.0,33444
1156512,2042.0,2034.0,33456
1250042,444411.0,13823.0,33463
1164858,3595.0,316475.0,33472
1157830,17404.0,17344.0,33488
1159523,21336.0,21304.0,33506
1157530,21336.0,21304.0,33506
1157531,21336.0,21304.0,33506
1155052,21336.0,21304.0,33506
1157533,21336.0,21304.0,33506
1155299,146556.0,146557.0,33525
1159319,102363.0,102058.0,33529
1164282,1640.0,1627.0,33575
1157661,21237.0,3197.0,33625
1165091,375454.0,3058.0,33721
1164806,375454.0,3058.0,33721
1164742,375454.0,3058.0,33721
1156559,375454.0,3058.0,33721
1165191,17357.0,17403.0,33723
1156715,84768.0,20436.0,33740
1253760,,14484.0,33757
1165379,3998.0,3999.0,33804
1157614,17355.0,17310.0,33878
1203055,26989.0,18033.0,33952
1158218,17156.0,17142.0,33972
1174452,27285.0,19116.0,33973
1174453,27285.0,19116.0,33973
1164518,189756.0,189755.0,33977
1158516,17241.0,17203.0,34014
1237748,17247.0,17203.0,34014
1165744,21203.0,21199.0,34021
1165388,21203.0,21199.0,34021
1165422,21203.0,21199.0,34021
1165746,21203.0,21199.0,34021
1158534,21203.0,21199.0,34021
1175286,25486.0,25499.0,34031
1210293,11163.0,11180.0,34042
1196560,11163.0,11180.0,34042
1165783,376684.0,3058.0,34218
1165258,376684.0,3058.0,34218
1160007,25707.0,14355.0,34230
1163425,9706.0,60452.0,34271
1218165,9749.0,60452.0,34271
1298735,8631.0,8656.0,34273
1307474,8639.0,8656.0,34273
1307475,8605.0,8656.0,34273
1307476,8639.0,8656.0,34273
1307477,8639.0,8656.0,34273
1163427,8710.0,8656.0,34273
1300304,8710.0,8656.0,34273
1308421,8631.0,8656.0,34273
1308617,8605.0,8656.0,34273
1307489,8710.0,8656.0,34273
1308330,8631.0,8656.0,34273
1176477,72607.0,14619.0,34295
1176516,72607.0,14619.0,34295
1176519,72607.0,14619.0,34295
1163816,72607.0,14619.0,34295
1163817,72607.0,14619.0,34295
1176704,72607.0,14619.0,34295
1176705,72607.0,14619.0,34295
1176707,72607.0,14619.0,34295
1176712,72607.0,14619.0,34295
1176713,72607.0,14619.0,34295
1176714,72607.0,14619.0,34295
1176715,72607.0,14619.0,34295
1163827,20476.0,2309.0,34299
1183811,14633.0,14588.0,34374
1306819,536347.0,25963.0,34389
1306820,536347.0,25963.0,34389
1306818,536347.0,25963.0,34389
1177661,2210.0,365414.0,34391
1183659,14699.0,14616.0,34396
1184444,14699.0,14616.0,34396
1186803,26122.0,15519.0,34430
1164250,3234.0,21246.0,34469
1220252,19051.0,19090.0,34485
1164297,21124.0,15105.0,34499
1184565,18872.0,18949.0,34505
1164304,344651.0,343646.0,34507
1164305,246401.0,4114.0,34508
1164441,,3667.0,34528
1219266,4999.0,21734.0,34555
1219265,4999.0,21734.0,34555
1187106,4999.0,21734.0,34555
1220115,5006.0,21734.0,34555
1164598,21747.0,21743.0,34557
1203242,21747.0,21743.0,34557
1164746,17270.0,17254.0,34561
1164620,17270.0,17254.0,34561
1164621,17270.0,17254.0,34561
1164623,17270.0,17254.0,34561
1210150,17227.0,17254.0,34561
1165472,17247.0,17241.0,34569
1164833,17247.0,17241.0,34570
1164835,17247.0,17241.0,34570
1164802,3757.0,3796.0,34572
1164694,3796.0,3757.0,34573
1164814,263360.0,3543.0,34600
1220409,19085.0,19069.0,34658
1220410,19085.0,19069.0,34658
1220349,19085.0,19069.0,34658
1220350,19085.0,19069.0,34658
1220351,19085.0,19069.0,34658
1165137,323195.0,4586.0,34659
1165765,3398.0,265927.0,34760
1228382,9695.0,500.0,34768
1228383,9695.0,500.0,34768
1228384,9695.0,500.0,34768
1228385,9694.0,500.0,34768
1228514,9705.0,500.0,34768
1228387,9696.0,500.0,34768
1228516,9705.0,500.0,34768
1228517,9705.0,500.0,34768
1227359,9696.0,500.0,34768
1228389,9694.0,500.0,34768
1228386,9694.0,500.0,34768
1227382,9705.0,500.0,34768
1218536,515.0,500.0,34768
1218537,515.0,500.0,34768
1222790,9696.0,500.0,34768
1222791,9696.0,500.0,34768
1218539,515.0,500.0,34768
1270859,9705.0,500.0,34768
1289857,9705.0,500.0,34768
1165875,3415.0,3411.0,34780
1166063,16395.0,16400.0,34813
1188660,16439.0,16400.0,34813
1188684,16439.0,16400.0,34813
1166065,26212.0,26226.0,34814
1187331,15916.0,26226.0,34814
1166075,21320.0,21309.0,34819
1190732,21320.0,21309.0,34819
1183895,26945.0,26958.0,34829
1202566,26950.0,26958.0,34829
1202569,26950.0,26958.0,34829
1180141,12464.0,12590.0,34844
1209985,,3278.0,34855
1187401,365119.0,365120.0,34859
1187329,26227.0,26204.0,34861
1187888,378108.0,378107.0,34867
1166996,18658.0,18688.0,35013
1167066,18696.0,18688.0,35013
1188537,18658.0,18688.0,35013
1167018,27180.0,18688.0,35013
1167019,18658.0,18688.0,35013
1184861,18887.0,18924.0,35018
1167023,18824.0,18807.0,35023
1184826,18832.0,18849.0,35033
1167045,18832.0,18849.0,35033
1167071,18924.0,27247.0,35041
1167441,18664.0,18696.0,35046
1185643,19652.0,19647.0,35058
1185603,56931.0,56930.0,35062
1167130,56931.0,56930.0,35062
1235082,56931.0,56930.0,35062
1167368,18499.0,18538.0,35063
1181374,56926.0,56924.0,35070
1185518,56927.0,56924.0,35070
1167172,56926.0,56924.0,35070
1167174,56926.0,56924.0,35070
1186195,56926.0,56924.0,35070
1167175,56926.0,56924.0,35070
1186194,56927.0,56924.0,35070
1167203,19622.0,38406.0,35079
1184644,18548.0,18583.0,35080
1184645,18548.0,18583.0,35080
1167270,18548.0,18583.0,35080
1167271,18548.0,18583.0,35080
1184885,18548.0,18583.0,35080
1183625,18648.0,18615.0,35081
1186227,18648.0,18615.0,35081
1167207,18648.0,18615.0,35081
1167735,27181.0,18609.0,35084
1185641,19647.0,19648.0,35093
1167372,18684.0,18703.0,35095
1167373,18684.0,18703.0,35095
1189188,4310.0,4297.0,35101
1219185,18849.0,18813.0,35110
1167374,18684.0,18671.0,35111
1188395,159364.0,159361.0,35119
1188396,159364.0,159361.0,35119
1185502,159365.0,159361.0,35119
1185504,159365.0,159361.0,35119
1188282,159362.0,159361.0,35119
1188380,159364.0,159361.0,35119
1188284,159362.0,159361.0,35119
1188285,159362.0,159361.0,35119
1185294,159365.0,159361.0,35119
1167370,159365.0,159361.0,35119
1184650,18706.0,18686.0,35120
1184653,18684.0,18686.0,35120
1167375,18706.0,18686.0,35120
1188264,18684.0,18686.0,35120
1167417,27154.0,18493.0,35124
1167452,27154.0,18493.0,35124
1167393,27154.0,18493.0,35124
1167394,27154.0,18493.0,35124
1202279,18218.0,18255.0,35159
1202050,18515.0,18523.0,35178
1202051,18515.0,18523.0,35178
1167629,18153.0,27049.0,35181
1167631,27061.0,27049.0,35181
1168439,27212.0,27203.0,35222
1174537,27212.0,27203.0,35222
1174538,27212.0,27203.0,35222
1168486,27212.0,27203.0,35222
1167818,27212.0,27203.0,35222
1220380,18998.0,19040.0,35223
1220381,18998.0,19040.0,35223
1220382,18998.0,19040.0,35223
1220383,18998.0,19040.0,35223
1219922,21742.0,5009.0,35240
1174497,21733.0,5009.0,35240
1203093,21742.0,5009.0,35240
1167900,390171.0,5009.0,35240
1167901,390171.0,5009.0,35240
1219994,5011.0,5009.0,35240
1167903,21733.0,5009.0,35240
1174499,21733.0,5009.0,35240
1220031,5011.0,5009.0,35240
1203213,21733.0,5009.0,35240
1219921,21742.0,5009.0,35240
1168263,27211.0,27204.0,35303
1168276,27219.0,27211.0,35310
1168379,18120.0,27051.0,35334
1220320,18176.0,27051.0,35334
1219953,18176.0,27051.0,35334
1220810,19068.0,19038.0,35338
1219280,18680.0,18647.0,35362
1219281,18680.0,18647.0,35362
1168467,18680.0,18647.0,35362
1174476,19116.0,27287.0,35373
1168598,19182.0,19200.0,35391
1202425,27019.0,27032.0,35434
1202999,18820.0,18831.0,35441
1203000,18820.0,18831.0,35441
1203001,18820.0,18831.0,35441
1219904,18808.0,18831.0,35441
1219905,18808.0,18831.0,35441
1219907,18808.0,18831.0,35441
1223758,27256.0,27249.0,35501
1174425,27256.0,27249.0,35501
1219794,21225.0,21215.0,35510
1219793,21225.0,21215.0,35510
1219835,21225.0,21215.0,35510
1169153,4191.0,4172.0,35517
1190350,4191.0,4172.0,35517
1190352,4191.0,4172.0,35517
1186602,273916.0,273917.0,35525
1186604,273916.0,273917.0,35525
1169183,,20955.0,35528
1195378,383451.0,21395.0,35530
1206338,343965.0,21395.0,35530
1215688,343964.0,21395.0,35530
1169196,2668.0,2678.0,35534
1187590,227516.0,227517.0,35553
1220960,13388.0,13352.0,35565
1221059,13388.0,13352.0,35565
1169310,162238.0,162239.0,35567
1169308,162238.0,162239.0,35567
1169368,162246.0,162237.0,35585
1169370,162246.0,162237.0,35585
1196724,19918.0,724.0,35600
1196725,19918.0,724.0,35600
1211053,19918.0,724.0,35600
1211054,19918.0,724.0,35600
1208547,13393.0,13431.0,35604
1196941,12614.0,12548.0,35621
1210974,12614.0,12548.0,35621
1169525,12614.0,12548.0,35621
1169568,10735.0,10814.0,35633
1169570,10735.0,10814.0,35633
1221052,12580.0,12578.0,35642
1210369,1560.0,1606.0,35718
1169997,11229.0,11248.0,35723
1169998,11229.0,11248.0,35723
1208332,12086.0,12121.0,35726
1170055,24840.0,11999.0,35730
1208290,24787.0,11999.0,35730
1170118,10725.0,10706.0,35756
1170119,10725.0,10706.0,35756
1222349,10725.0,10706.0,35756
1174404,19954.0,820.0,35759
1197308,19954.0,820.0,35759
1174225,19954.0,820.0,35759
1209222,24742.0,24760.0,35771
1279427,24767.0,24760.0,35771
1171502,24742.0,24760.0,35771
1209221,24742.0,24760.0,35771
1218628,24742.0,24760.0,35771
1209013,24228.0,10484.0,35789
1196036,11419.0,11428.0,35840
1170425,24644.0,11493.0,35846
1170414,11344.0,24567.0,35854
1170482,24378.0,24393.0,35872
1221739,10799.0,10888.0,35874
1196276,24378.0,10685.0,35881
1170532,10785.0,10724.0,35883
1170533,10785.0,10724.0,35883
1196254,10785.0,10724.0,35883
1170531,10787.0,10792.0,35887
1196259,10787.0,10792.0,35887
1210126,10787.0,10792.0,35887
1170550,10745.0,10792.0,35887
1170551,10745.0,10792.0,35887
1196240,10793.0,24432.0,35890
1196239,10793.0,24432.0,35890
1196509,24064.0,10251.0,35915
1196006,24064.0,10251.0,35915
1210111,24064.0,10251.0,35915
1170653,24064.0,10251.0,35915
1170654,24064.0,10251.0,35915
1196615,24024.0,10216.0,35919
1196616,24024.0,10216.0,35919
1196617,24024.0,10216.0,35919
1170673,24154.0,10216.0,35919
1170674,24154.0,10216.0,35919
1170675,24154.0,10216.0,35919
1195820,24024.0,10216.0,35919
1195821,24024.0,10216.0,35919
1170751,24154.0,10216.0,35919
1196585,23920.0,9975.0,35925
1209105,11463.0,11455.0,35935
1221839,10446.0,10478.0,35953
1196283,10446.0,10478.0,35953
1170807,24105.0,24174.0,35961
1232983,,525836.0,35970
1232474,,525836.0,35970
1170849,,525836.0,35970
1270658,,525836.0,35970
1171220,1121.0,1154.0,35997
1171222,1121.0,1154.0,35997
1171223,1121.0,1154.0,35997
1171224,1121.0,1154.0,35997
1171309,1188.0,1161.0,36024
1221923,20289.0,20261.0,36075
1171633,20355.0,20261.0,36075
1221921,25532.0,20261.0,36075
1191060,160315.0,4427.0,36080
1187857,160315.0,4427.0,36080
1189630,160315.0,4427.0,36080
1184744,160315.0,4427.0,36080
1184745,160315.0,4427.0,36080
1195332,160315.0,4427.0,36080
1189674,160315.0,4427.0,36080
1173538,7669.0,7529.0,36095
1304035,343372.0,7529.0,36095
1173565,17505.0,17462.0,36097
1281007,26761.0,17497.0,36098
1279486,26754.0,17497.0,36098
1279487,26750.0,17497.0,36098
1279488,246718.0,17497.0,36098
1279301,26766.0,17497.0,36098
1280987,21685.0,17497.0,36098
1282212,26732.0,17497.0,36098
1281053,26766.0,17497.0,36098
1281054,26766.0,17497.0,36098
1281055,26761.0,17497.0,36098
1279437,17511.0,17497.0,36098
1306765,246718.0,17497.0,36098
1286214,26750.0,17497.0,36098
1299599,26732.0,17497.0,36098
1173566,26750.0,17497.0,36098
1173572,18132.0,18133.0,36100
1219488,21186.0,21156.0,36130
1174002,16210.0,16237.0,36139
1174026,4457.0,375949.0,36145
1190164,4459.0,375949.0,36145
1183657,4274.0,4318.0,36146
1265544,12696.0,20008.0,36159
1208466,11848.0,11840.0,36183
1174397,11655.0,24724.0,36196
1174412,19970.0,24724.0,36196
1174413,19970.0,24724.0,36196
1174439,27264.0,27265.0,36204
1219987,18536.0,5017.0,36222
1219127,18517.0,5017.0,36222
1219192,91180.0,5017.0,36222
1202943,18536.0,5017.0,36222
1202944,18536.0,5017.0,36222
1202945,18536.0,5017.0,36222
1202942,18536.0,5017.0,36222
1219195,91180.0,5017.0,36222
1219137,91180.0,5017.0,36222
1219139,91180.0,5017.0,36222
1219916,18517.0,5017.0,36222
1219918,18517.0,5017.0,36222
1174526,5021.0,5017.0,36222
1188364,19608.0,19599.0,36230
1188365,19608.0,19599.0,36230
1188363,19608.0,19599.0,36230
1188278,27446.0,19599.0,36230
1185878,19608.0,19599.0,36230
1188387,27446.0,19599.0,36230
1185884,27451.0,19599.0,36230
1174723,26956.0,17939.0,36245
1202459,26956.0,17939.0,36245
1174724,18498.0,18511.0,36246
1175947,20981.0,20975.0,36271
1174912,375026.0,1515.0,36281
1175497,375026.0,1515.0,36281
1179303,1352.0,1384.0,36292
1188065,25246.0,12933.0,36303
1176015,25207.0,12747.0,36306
1175000,12824.0,12747.0,36306
1175105,25207.0,12747.0,36306
1176012,25207.0,12747.0,36306
1176014,25207.0,12747.0,36306
1180670,12824.0,12915.0,36307
1180671,12824.0,12915.0,36307
1175954,25237.0,12921.0,36315
1175956,25237.0,12921.0,36315
1175022,25237.0,12921.0,36315
1175023,25237.0,12921.0,36315
1176010,25237.0,12921.0,36315
1175078,16351.0,16407.0,36318
1175083,16333.0,16407.0,36318
1175034,16351.0,16407.0,36318
1175042,3367.0,15428.0,36320
1175047,3367.0,15416.0,36321
1179834,15445.0,15412.0,36322
1175048,143999.0,143998.0,36323
1180800,16596.0,26489.0,36333
1180803,16596.0,26489.0,36333
1180645,16547.0,26489.0,36333
1180646,16547.0,26489.0,36333
1175068,16540.0,26489.0,36333
1175069,16547.0,26489.0,36333
1175071,16547.0,26489.0,36333
1188072,256643.0,4124.0,36337
1181280,256643.0,4124.0,36337
1181282,256643.0,4124.0,36337
1181281,256643.0,4124.0,36337
1175126,25264.0,12878.0,36351
1175148,24851.0,24868.0,36355
1175192,4370.0,4369.0,36370
1175195,26417.0,16378.0,36372
1175207,11652.0,24694.0,36376
1203513,11821.0,24694.0,36376
1179699,24726.0,24694.0,36376
1175225,11728.0,24694.0,36376
1175226,11728.0,24694.0,36376
1175227,11728.0,24694.0,36376
1175201,11821.0,24694.0,36376
1175202,11934.0,24694.0,36376
1175203,11934.0,24694.0,36376
1175204,11652.0,24694.0,36376
1175205,11652.0,24694.0,36376
1175206,24726.0,24694.0,36376
1175265,24873.0,24897.0,36386
1175267,24873.0,24897.0,36386
1175305,12721.0,12803.0,36391
1175306,25141.0,12803.0,36391
1175307,25141.0,12803.0,36391
1175312,12863.0,12803.0,36391
1175282,25141.0,12803.0,36391
1175314,12863.0,12803.0,36391
1175283,12863.0,12803.0,36391
1234575,,12803.0,36391
1175304,12721.0,12803.0,36391
1195377,12655.0,12677.0,36394
1175369,25117.0,12677.0,36394
1175372,25031.0,25056.0,36396
1175373,25031.0,25056.0,36396
1175309,25031.0,25056.0,36396
1175311,25031.0,25056.0,36396
1175375,12447.0,25056.0,36396
1175341,25073.0,25056.0,36396
1175374,12447.0,25056.0,36396
1175296,25073.0,25056.0,36396
1175315,12863.0,12908.0,36404
1175724,12514.0,12223.0,36416
1175725,12514.0,12223.0,36416
1175726,12441.0,12223.0,36416
1175727,12514.0,12223.0,36416
1175756,12399.0,12223.0,36416
1175758,12270.0,12223.0,36416
1175356,12514.0,12223.0,36416
1175713,12399.0,12223.0,36416
1195011,12270.0,12223.0,36416
1175748,12270.0,12223.0,36416
1180328,12441.0,12223.0,36416
1180330,12441.0,12223.0,36416
1179819,343676.0,12759.0,36443
1175438,12852.0,12759.0,36443
1175439,12852.0,12759.0,36443
1175429,12852.0,12759.0,36443
1175430,12852.0,12759.0,36443
1179816,343676.0,12759.0,36443
1179817,343676.0,12759.0,36443
1175511,13459.0,25417.0,36457
1175498,13038.0,13029.0,36462
1175528,13478.0,13441.0,36471
1175529,13478.0,13441.0,36471
1175611,12251.0,12188.0,36487
1178735,123189.0,123188.0,36495
1175622,174719.0,123189.0,36496
1180289,12399.0,12421.0,36517
1175757,12399.0,12357.0,36528
1181373,350093.0,350094.0,36554
1175836,350095.0,350094.0,36554
1176323,350093.0,350094.0,36554
1175839,350095.0,350094.0,36554
1175898,25486.0,13542.0,36576
1188138,3184.0,3151.0,36577
1188139,3184.0,3151.0,36577
1188140,3184.0,3151.0,36577
1200989,3184.0,3151.0,36577
1175918,25528.0,13759.0,36580
1175917,25528.0,13759.0,36580
1175982,20667.0,243842.0,36596
1176081,26001.0,25994.0,36607
1176082,25998.0,25994.0,36607
1176052,26001.0,25994.0,36607
1176055,25996.0,25994.0,36607
1180329,12441.0,12398.0,36632
1176157,2880.0,2841.0,36638
1176165,2880.0,2841.0,36638
1176166,2880.0,2841.0,36638
1176210,1329.0,1385.0,36648
1206578,21139.0,21127.0,36701
1191348,21139.0,21127.0,36701
1299154,19318.0,19359.0,36703
1176444,197118.0,20678.0,36745
1206847,25834.0,25861.0,36784
1206100,25808.0,25819.0,36847
1176953,2576.0,2574.0,36856
1183819,2571.0,2574.0,36856
1207013,2576.0,2574.0,36856
1207016,2576.0,2574.0,36856
1180557,2576.0,2574.0,36856
1176975,226235.0,72603.0,36864
1257426,,20603.0,36909
1177104,2193.0,2138.0,36911
1177233,13999.0,13967.0,36958
1232065,20758.0,20750.0,36966
1177679,68451.0,50207.0,36990
1177434,21149.0,21133.0,37006
1187902,26245.0,3767.0,37029
1183775,26556.0,26537.0,37053
1183802,73895.0,73894.0,37074
1177713,1989.0,1952.0,37083
1178632,3140.0,3173.0,37086
1178457,1726.0,13662.0,37093
1177820,3475.0,3462.0,37102
1178829,25559.0,13850.0,37119
1178075,25559.0,13850.0,37119
1179826,15428.0,15438.0,37156
1178155,20343.0,20366.0,37161
1178926,1719.0,1678.0,37181
1178271,25628.0,14118.0,37211
1178268,25628.0,14118.0,37211
1178269,25628.0,14118.0,37211
1178270,25628.0,14118.0,37211
1180896,271687.0,3436.0,37243
1181256,16044.0,16092.0,37247
1178570,20431.0,271680.0,37262
1178651,21210.0,21186.0,37271
1279132,14967.0,2839.0,37297
1276504,251847.0,2839.0,37297
1226315,251847.0,2839.0,37297
1279114,251845.0,2839.0,37297
1282830,14967.0,2839.0,37297
1279115,279996.0,2839.0,37297
1279117,365291.0,2839.0,37297
1279118,116471.0,2839.0,37297
1178809,116471.0,2839.0,37297
1306811,116471.0,2839.0,37297
1179041,2193.0,2138.0,37319
1178998,13847.0,13875.0,37324
1179157,1678.0,1617.0,37360
1179290,1457.0,1427.0,37375
1179291,1457.0,1427.0,37375
1179267,1457.0,1427.0,37375
1179315,1497.0,1464.0,37379
1179317,242556.0,21181.0,37388
1179460,1574.0,1494.0,37397
1179461,1574.0,1494.0,37397
1179462,1574.0,1494.0,37397
1188783,20977.0,2805.0,37490
1179904,20977.0,2805.0,37490
1188756,20929.0,20938.0,37491
1179919,25101.0,12657.0,37493
1179936,25101.0,12657.0,37493
1184440,3113.0,3121.0,37500
1179983,20947.0,20938.0,37509
1180898,3469.0,3450.0,37519
1184325,3469.0,3450.0,37519
1180244,16568.0,16520.0,37549
1180245,26477.0,16520.0,37549
1180246,26477.0,16520.0,37549
1180644,16573.0,16531.0,37550
1180647,16573.0,16531.0,37550
1180261,16434.0,16390.0,37552
1180262,16434.0,16390.0,37552
1180263,16434.0,16390.0,37552
1180270,257598.0,257599.0,37553
1180271,257598.0,257599.0,37553
1180264,257600.0,257599.0,37553
1180234,257598.0,257599.0,37553
1180267,257600.0,257599.0,37553
1180266,257598.0,257599.0,37553
1180256,16373.0,16390.0,37556
1180257,16373.0,16390.0,37556
1180761,4515.0,4502.0,37561
1180368,26140.0,15649.0,37585
1180831,15649.0,26140.0,37586
1180765,16186.0,16137.0,37587
1180766,16186.0,16137.0,37587
1187403,4281.0,4301.0,37597
1180420,16179.0,26320.0,37600
1180852,26330.0,26303.0,37601
1180855,26330.0,26303.0,37601
1180417,26330.0,26303.0,37601
1180418,26330.0,26303.0,37601
1180485,15630.0,15635.0,37609
1180700,121579.0,121580.0,37648
1180819,17022.0,16994.0,37670
1180789,16989.0,26602.0,37676
1180790,26604.0,26602.0,37676
1180811,16524.0,16462.0,37683
1184403,4208.0,4108.0,37712
1184404,4208.0,4108.0,37712
1180961,4208.0,4108.0,37712
1184416,4208.0,4108.0,37712
1188546,4138.0,4108.0,37712
1180972,20849.0,20831.0,37717
1188707,16429.0,16408.0,37722
1188708,16429.0,16408.0,37722
1188712,16429.0,16408.0,37722
1181214,16044.0,16076.0,37737
1181215,16044.0,16076.0,37737
1187841,16044.0,16076.0,37737
1181114,26303.0,16025.0,37745
1182960,8271.0,376.0,37783
1222309,12148.0,12137.0,37787
1221963,12258.0,12137.0,37787
1221964,12225.0,12137.0,37787
1221966,12225.0,12137.0,37787
1182966,12274.0,12137.0,37787
1221967,24853.0,12137.0,37787
1222937,24853.0,12137.0,37787
1221912,19996.0,12137.0,37787
1221945,12148.0,12137.0,37787
1221946,12274.0,12137.0,37787
1221947,12213.0,12137.0,37787
1222939,24853.0,12137.0,37787
1221950,12225.0,12137.0,37787
1222946,12148.0,12137.0,37787
1183710,26015.0,2943.0,37807
1183639,4479.0,4462.0,37809
1185133,19119.0,19185.0,37825
1183648,15403.0,3372.0,37839
1247847,377227.0,377212.0,37849
1219570,3968.0,3979.0,37929
1184410,21148.0,3084.0,37997
1188539,21148.0,3084.0,37997
1188541,21148.0,3084.0,37997
1185477,19402.0,19417.0,38022
1184513,19402.0,19417.0,38022
1185013,19094.0,19146.0,38025
1185218,19335.0,19330.0,38032
1186338,19558.0,19565.0,38038
1185474,19402.0,19422.0,38041
1185475,19402.0,19422.0,38041
1185476,19402.0,19422.0,38041
1184616,19399.0,19422.0,38041
1185461,19402.0,19422.0,38041
1184713,19613.0,19618.0,38065
1188271,18972.0,18870.0,38079
1184866,18972.0,18870.0,38079
1184867,18972.0,18870.0,38079
1184868,18972.0,18870.0,38079
1184869,18972.0,18870.0,38079
1186442,18972.0,18870.0,38079
1184902,18667.0,18707.0,38105
1184905,18667.0,18707.0,38105
1184964,18733.0,18677.0,38116
1185035,19648.0,19646.0,38126
1185046,19657.0,19658.0,38128
1185083,19410.0,19390.0,38131
1185084,19410.0,19390.0,38131
1185182,27345.0,27339.0,38137
1185183,27345.0,27339.0,38137
1185201,27345.0,27339.0,38137
1185352,27453.0,38407.0,38145
1185290,159367.0,157757.0,38168
1185291,159367.0,157757.0,38168
1185293,159367.0,157757.0,38168
1185619,157758.0,157757.0,38168
1185618,159367.0,157757.0,38168
1188321,157758.0,157757.0,38168
1188320,157758.0,157757.0,38168
1219368,157756.0,157757.0,38168
1219369,157756.0,157757.0,38168
1190628,4456.0,4463.0,38170
1188399,19620.0,27451.0,38175
1186445,19612.0,27451.0,38175
1185356,19576.0,19574.0,38178
1188374,19268.0,19207.0,38200
1185546,19666.0,27466.0,38204
1185548,19666.0,27466.0,38204
1185549,19666.0,27466.0,38204
1185487,19666.0,27466.0,38204
1185529,27467.0,27464.0,38205
1185512,4511.0,4475.0,38206
1188956,4511.0,4475.0,38206
1185700,19425.0,19414.0,38229
1188336,19430.0,19445.0,38263
1188308,19430.0,19445.0,38263
1188323,19470.0,19450.0,38264
1190994,19488.0,19450.0,38264
1188389,19588.0,19600.0,38270
1185890,19564.0,19559.0,38272
1185892,19564.0,19559.0,38272
1185899,19564.0,19559.0,38272
1185891,19559.0,19564.0,38273
1185893,19574.0,19576.0,38274
1186497,21554.0,4416.0,38297
1220360,21554.0,4416.0,38297
1220362,21554.0,4416.0,38297
1189836,21554.0,4416.0,38297
1186490,21554.0,4416.0,38297
1189205,4005.0,4019.0,38346
1189189,4297.0,4310.0,38349
1186373,19561.0,19566.0,38352
1186332,27437.0,19566.0,38352
1189785,4444.0,4431.0,38359
1186464,176960.0,176961.0,38363
1186465,176960.0,176961.0,38363
1186455,176960.0,176961.0,38363
1186456,176960.0,176961.0,38363
1186905,4317.0,4293.0,38431
1219663,4347.0,4298.0,38437
1219660,4347.0,4298.0,38437
1219662,4347.0,4298.0,38437
1190741,47004.0,47005.0,38455
1187689,3084.0,3113.0,38470
1187219,3550.0,3584.0,38482
1187454,,3296.0,38511
1187889,,21516.0,38581
1188054,3259.0,3192.0,38612
1188123,3259.0,3192.0,38612
1188650,3259.0,3192.0,38612
1188143,,3220.0,38617
1188068,3184.0,3220.0,38617
1188069,3184.0,3220.0,38617
1188850,4462.0,4479.0,38667
1189204,4019.0,4005.0,38754
1188991,344378.0,4388.0,38767
1189309,4209.0,4213.0,38816
1189324,4209.0,4213.0,38816
1189349,16774.0,16751.0,38831
1189699,344378.0,4388.0,38841
1189701,344378.0,4388.0,38841
1189413,344378.0,4388.0,38841
1189402,344378.0,344377.0,38842
1189411,344378.0,344377.0,38842
1189412,344378.0,344377.0,38842
1189563,4550.0,4577.0,38867
1189986,26220.0,377983.0,38911
1220341,383835.0,377983.0,38911
1189994,21233.0,21254.0,38912
1190074,21254.0,21233.0,38913
1190005,26013.0,15076.0,38914
1203133,26013.0,15076.0,38914
1190002,26013.0,15076.0,38914
1219522,3979.0,4008.0,38918
1257440,,21487.0,38921
1219487,3293.0,3267.0,38923
1219484,3293.0,3267.0,38923
1190454,2783.0,20926.0,38968
1190427,2783.0,20926.0,38968
1219839,236157.0,236158.0,38996
1202842,,473134.0,39043
1195003,274567.0,25168.0,39075
1279650,19746.0,64.0,39078
1312485,19756.0,64.0,39078
1195365,66222.0,26014.0,39109
1195400,284160.0,284161.0,39119
1195401,284160.0,284161.0,39119
1281696,6707.0,6776.0,39121
1279565,6707.0,6776.0,39121
1279567,6707.0,6776.0,39121
1195405,6707.0,6776.0,39121
1250942,6707.0,6776.0,39121
1286898,6522.0,22335.0,39122
1286526,6522.0,22335.0,39122
1286371,6522.0,22335.0,39122
1308463,8168.0,8092.0,39127
1309310,9094.0,8914.0,39135
1309311,9021.0,8914.0,39135
1309313,9021.0,8914.0,39135
1310877,8881.0,8914.0,39135
1297499,9094.0,8914.0,39135
1307279,8821.0,8914.0,39135
1195428,9094.0,8914.0,39135
1286964,8881.0,8914.0,39135
1286965,8881.0,8914.0,39135
1286966,8881.0,8914.0,39135
1309112,9021.0,8914.0,39135
1309116,8821.0,8914.0,39135
1311653,9094.0,8914.0,39135
1195484,284482.0,284480.0,39145
1195486,284482.0,284480.0,39145
1195487,284482.0,284480.0,39145
1205813,284481.0,284480.0,39145
1205815,284481.0,284480.0,39145
1195585,282555.0,282558.0,39168
1195586,282555.0,282558.0,39168
1195587,282555.0,282558.0,39168
1195536,282555.0,282558.0,39168
1195540,282555.0,282558.0,39168
1289415,22704.0,22714.0,39171
1224786,276479.0,276478.0,39180
1224785,276479.0,276478.0,39180
1195600,269121.0,269120.0,39184
1195606,258242.0,258236.0,39187
1195607,258242.0,258236.0,39187
1195628,270397.0,270395.0,39191
1195630,270397.0,270395.0,39191
1195631,270397.0,270395.0,39191
1195672,270397.0,270395.0,39191
1257651,,6101.0,39209
1297490,6110.0,6101.0,39209
1201098,12002.0,24865.0,39237
1210820,10539.0,10621.0,39267
1196001,31333.0,285756.0,39297
1200911,24425.0,285756.0,39297
1196078,10862.0,285756.0,39297
1234463,,285756.0,39297
1222300,10862.0,285756.0,39297
1205875,10725.0,10709.0,39333
1210317,24570.0,24506.0,39351
1208417,11219.0,24506.0,39351
1196244,11219.0,24506.0,39351
1210209,24570.0,24506.0,39351
1210210,24571.0,24506.0,39351
1210211,24571.0,24506.0,39351
1210212,24570.0,24506.0,39351
1221789,24219.0,10368.0,39354
1210587,20198.0,1596.0,39362
1222981,24735.0,11632.0,39363
1223015,11645.0,11632.0,39363
1222983,24735.0,11632.0,39363
1200582,11645.0,11632.0,39363
1223026,24735.0,11632.0,39363
1222980,24735.0,11632.0,39363
1222974,24735.0,11632.0,39363
1223013,11645.0,11632.0,39363
1205566,24792.0,19984.0,39398
1197154,11278.0,11279.0,39453
1197156,11278.0,11279.0,39453
1197147,11212.0,11190.0,39456
1196942,10753.0,10849.0,39459
1196779,10753.0,10849.0,39459
1196781,10753.0,10849.0,39459
1196843,10729.0,10711.0,39470
1207441,10729.0,10711.0,39470
1196888,10814.0,10846.0,39478
1207177,10814.0,10846.0,39478
1196912,11254.0,11292.0,39487
1208362,1036.0,19987.0,39498
1208297,1036.0,19987.0,39498
1208343,1036.0,19987.0,39498
1211026,927.0,914.0,39504
1208225,927.0,914.0,39504
1208266,927.0,914.0,39504
1208267,927.0,914.0,39504
1208073,928.0,930.0,39505
1233901,,873.0,39512
1211057,24533.0,11168.0,39520
1207817,24904.0,12186.0,39529
1207682,12416.0,12485.0,39534
1207495,10849.0,10847.0,39545
1207496,10849.0,10847.0,39545
1211081,10845.0,10847.0,39545
1211082,10845.0,10847.0,39545
1211084,10849.0,10847.0,39545
1197486,11702.0,11675.0,39596
1216224,11674.0,11615.0,39598
1216225,11674.0,11615.0,39598
1217261,11613.0,11615.0,39598
1216268,11676.0,11615.0,39598
1218266,11674.0,11615.0,39598
1198052,11613.0,11615.0,39598
1227244,9183.0,9164.0,39621
1197548,8718.0,8644.0,39625
1197614,23933.0,23928.0,39648
1197615,23933.0,23928.0,39648
1197617,23933.0,23928.0,39648
1197608,23933.0,23928.0,39648
1267021,24264.0,10674.0,39650
1269567,24264.0,10674.0,39650
1216619,10778.0,24389.0,39660
1216238,10778.0,24389.0,39660
1216984,10778.0,24389.0,39660
1217337,12622.0,25094.0,39671
1197869,11427.0,11429.0,39747
1225816,24004.0,10000.0,39752
1197973,24004.0,10000.0,39752
1198005,24004.0,10000.0,39752
1197884,24004.0,10000.0,39752
1198003,554.0,534.0,39753
1197885,554.0,534.0,39753
1228098,554.0,534.0,39753
1228099,554.0,534.0,39753
1223227,12734.0,25149.0,39760
1197922,24341.0,24350.0,39766
1197920,24376.0,10777.0,39767
1225068,24376.0,10777.0,39767
1197993,11250.0,11223.0,39780
1265798,10768.0,10744.0,39781
1198338,10768.0,10744.0,39781
1198339,10768.0,10744.0,39781
1198340,10768.0,10744.0,39781
1198341,10768.0,10744.0,39781
1229427,10704.0,10599.0,39783
1229428,10704.0,10599.0,39783
1198141,24348.0,10599.0,39783
1227447,10631.0,10599.0,39783
1271077,19900.0,663.0,39784
1229501,652.0,663.0,39784
1227930,19900.0,663.0,39784
1197970,205115.0,19883.0,39785
1197971,205115.0,19883.0,39785
1228055,205115.0,19883.0,39785
1197985,595.0,85730.0,39789
1198015,10346.0,10377.0,39799
1200199,12769.0,12779.0,39808
1198038,19905.0,662.0,39810
1227919,19905.0,662.0,39810
1229402,19905.0,662.0,39810
1229403,19905.0,662.0,39810
1217012,11315.0,11332.0,39821
1229284,11315.0,11332.0,39821
1229607,11221.0,11253.0,39825
1198184,24348.0,10739.0,39836
1198121,24348.0,10739.0,39836
1198229,10739.0,10770.0,39841
1198138,10739.0,10770.0,39841
1198181,11390.0,11360.0,39843
1198289,24233.0,10506.0,39874
1229182,11525.0,11457.0,39877
1228101,561.0,543.0,39880
1302131,561.0,543.0,39880
1228100,561.0,543.0,39880
1228554,10660.0,10591.0,39916
1198483,9584.0,23776.0,39919
1198484,9564.0,23776.0,39919
1198485,9584.0,23776.0,39919
1198418,23736.0,23776.0,39919
1198937,9584.0,23776.0,39919
1198955,9584.0,23776.0,39919
1198962,9584.0,23776.0,39919
1218592,23736.0,23776.0,39919
1218593,23736.0,23776.0,39919
1218594,23736.0,23776.0,39919
1218595,23736.0,23776.0,39919
1198912,9544.0,9533.0,39925
1198913,9544.0,9533.0,39925
1199470,9544.0,9533.0,39925
1199473,9544.0,9533.0,39925
1218584,9432.0,9473.0,39932
1218586,9404.0,9473.0,39932
1218587,9404.0,9473.0,39932
1198437,9501.0,9473.0,39932
1218528,11784.0,11849.0,39939
1198646,12374.0,12380.0,39941
1198914,9544.0,9598.0,39945
1198498,12327.0,12395.0,39951
1198500,12327.0,12395.0,39951
1257444,,24984.0,39957
1198578,9388.0,9338.0,39978
1226124,9388.0,9338.0,39978
1226168,23665.0,9338.0,39978
1226169,23665.0,9338.0,39978
1201301,11975.0,11968.0,39979
1266087,12314.0,12374.0,39997
1199590,25079.0,12596.0,40030
1198758,12596.0,12588.0,40035
1198765,12596.0,12588.0,40035
1306860,12625.0,12622.0,40063
1199479,23657.0,23634.0,40067
1199480,23657.0,23634.0,40067
1199481,23657.0,23634.0,40067
1199486,23687.0,23634.0,40067
1199488,23687.0,23634.0,40067
1198877,23687.0,23634.0,40067
1198851,23687.0,23634.0,40067
1199496,23657.0,23634.0,40067
1224532,9377.0,23634.0,40067
1198861,23687.0,23634.0,40067
1199478,23657.0,23634.0,40067
1217401,10075.0,10161.0,40097
1266020,88289.0,10183.0,40107
1222322,10178.0,10131.0,40108
1218262,11552.0,11501.0,40128
1199125,12719.0,12700.0,40142
1216390,12719.0,12700.0,40142
1219016,12719.0,12700.0,40142
1199222,12167.0,12169.0,40147
1223030,11860.0,11832.0,40179
1218725,11860.0,11832.0,40179
1199327,9523.0,9496.0,40189
1199601,9523.0,9496.0,40189
1222436,12820.0,12903.0,40215
1222437,12820.0,12903.0,40215
1222281,12820.0,12903.0,40215
1222270,12820.0,12903.0,40215
1201192,23789.0,9592.0,40217
1201193,9635.0,9592.0,40217
1199574,24049.0,10113.0,40257
1226241,23269.0,8780.0,40287
1202042,9879.0,23908.0,40289
1202043,9879.0,23908.0,40289
1202044,9879.0,23908.0,40289
1202045,9879.0,23908.0,40289
1199699,9879.0,23908.0,40289
1199709,10006.0,23941.0,40291
1199824,24957.0,24964.0,40297
1228518,9647.0,9575.0,40311
1221344,9605.0,9575.0,40311
1221347,9605.0,9575.0,40311
1221353,9589.0,9575.0,40311
1221354,9589.0,9575.0,40311
1199782,9629.0,9575.0,40311
1270456,9662.0,9575.0,40311
1286517,9629.0,9575.0,40311
1199871,24914.0,24947.0,40334
1201243,24914.0,24947.0,40334
1217936,24733.0,24717.0,40341
1200873,12341.0,24992.0,40380
1221803,12306.0,12356.0,40395
1200220,13113.0,1281.0,40425
1200313,12370.0,12287.0,40432
1209834,12132.0,12110.0,40466
1209899,12132.0,12110.0,40466
1209900,12132.0,12110.0,40466
1200334,12132.0,12110.0,40466
1265558,274564.0,274565.0,40478
1265560,274563.0,274565.0,40478
1200398,25168.0,274565.0,40478
1224534,274562.0,274565.0,40478
1224535,274566.0,274565.0,40478
1265563,274558.0,12743.0,40479
1265564,274561.0,12743.0,40479
1200400,25168.0,12743.0,40479
1224533,274559.0,12743.0,40479
1224536,274555.0,12743.0,40479
1224537,274250.0,12743.0,40479
1224538,274557.0,12743.0,40479
1224539,274248.0,12743.0,40479
1224540,274249.0,12743.0,40479
1200415,12130.0,12180.0,40483
1221717,12208.0,12180.0,40483
1200465,11757.0,11694.0,40495
1219076,11757.0,11694.0,40495
1222530,11757.0,11694.0,40495
1229258,12597.0,12617.0,40527
1229259,25050.0,12617.0,40527
1229100,12591.0,12617.0,40527
1229101,12618.0,12617.0,40527
1200571,25050.0,12617.0,40527
1201634,12294.0,24968.0,40565
1226176,9411.0,9357.0,40578
1222493,25081.0,12607.0,40635
1201096,12737.0,12607.0,40635
1222504,12608.0,12607.0,40635
1201102,12722.0,12607.0,40635
1201103,12737.0,12607.0,40635
1201104,12722.0,12607.0,40635
1222510,12629.0,12607.0,40635
1222511,12629.0,12607.0,40635
1222524,25086.0,12607.0,40635
1222525,12585.0,12607.0,40635
1201126,12673.0,12607.0,40635
1201138,25124.0,12607.0,40635
1201139,12681.0,12607.0,40635
1201141,25124.0,12607.0,40635
1201142,12661.0,12607.0,40635
1201143,25156.0,12607.0,40635
1201145,25156.0,12607.0,40635
1201150,25167.0,12607.0,40635
1201153,25167.0,12607.0,40635
1201170,12679.0,12607.0,40635
1201173,12679.0,12607.0,40635
1201174,12746.0,12735.0,40640
1201175,12746.0,12735.0,40640
1201176,12746.0,12735.0,40640
1201177,12746.0,12735.0,40640
1221897,24813.0,12006.0,40644
1208286,24787.0,24757.0,40647
1208292,24787.0,24757.0,40647
1205552,12192.0,12241.0,40653
1201870,271047.0,165117.0,40691
1221661,271047.0,165117.0,40691
1201478,10809.0,10766.0,40707
1222796,537446.0,537444.0,40736
1201584,24530.0,11225.0,40738
1221480,11340.0,11225.0,40738
1222449,11340.0,11225.0,40738
1312429,11340.0,11225.0,40738
1222451,11340.0,11225.0,40738
1201599,24530.0,11225.0,40738
1201602,24530.0,11225.0,40738
1201604,24530.0,11225.0,40738
1222400,11340.0,11225.0,40738
1201625,11534.0,24645.0,40745
1309034,8760.0,8650.0,40783
1309035,8760.0,8650.0,40783
1309037,8760.0,8650.0,40783
1201852,23556.0,23548.0,40790
1201864,272316.0,5076.0,40792
1201869,8801.0,8724.0,40797
1309114,54378.0,8724.0,40797
1309115,8801.0,8724.0,40797
1307278,8801.0,8724.0,40797
1309117,54378.0,8724.0,40797
1217546,473084.0,635.0,40801
1201879,644.0,635.0,40801
1216360,644.0,635.0,40801
1228609,473084.0,635.0,40801
1228932,663.0,635.0,40801
1216377,644.0,635.0,40801
1228545,631.0,629.0,40802
1202100,18142.0,18127.0,40835
1202229,18142.0,18127.0,40835
1220741,18142.0,18127.0,40835
1220742,18142.0,18127.0,40835
1202696,18142.0,18127.0,40835
1202489,18121.0,18106.0,40850
1219871,27171.0,5032.0,40875
1202428,27171.0,5032.0,40875
1220493,27171.0,5032.0,40875
1202513,26950.0,17934.0,40880
1202460,26950.0,17934.0,40880
1202461,26950.0,17934.0,40880
1202490,18453.0,18454.0,40886
1220332,18450.0,18453.0,40887
1220333,18450.0,18453.0,40887
1220339,18450.0,18453.0,40887
1202934,18762.0,18764.0,40915
1203002,18762.0,18764.0,40915
1202828,19048.0,18997.0,40941
1202848,18997.0,19048.0,40947
1202849,18997.0,19048.0,40947
1220713,18997.0,19048.0,40947
1202950,27213.0,27202.0,40966
1202951,27213.0,27202.0,40966
1202952,27213.0,27202.0,40966
1202953,27213.0,27202.0,40966
1202976,27213.0,18784.0,40969
1202957,27213.0,18784.0,40969
1202978,27218.0,27213.0,40971
1220040,18784.0,27213.0,40971
1220042,18784.0,27213.0,40971
1202979,27218.0,27213.0,40971
1202980,27218.0,27213.0,40971
1202981,27218.0,27213.0,40971
1220052,21755.0,85087.0,40972
1203321,19178.0,19175.0,41019
1208413,10520.0,10511.0,41036
1208415,139205.0,10511.0,41036
1203530,378031.0,10511.0,41036
1203534,7976.0,8028.0,41037
1203540,97564.0,19540.0,41041
1203542,136330.0,19540.0,41041
1309206,97564.0,19540.0,41041
1307677,136327.0,19540.0,41041
1282225,74851.0,19540.0,41041
1282226,74851.0,19540.0,41041
1282227,74851.0,19540.0,41041
1281727,136329.0,19540.0,41041
1281728,97563.0,19540.0,41041
1281729,74851.0,19540.0,41041
1281730,97564.0,19540.0,41041
1281731,97563.0,19540.0,41041
1281732,105914.0,19540.0,41041
1204979,20448.0,2188.0,41052
1208412,11690.0,11687.0,41080
1205503,901.0,11687.0,41080
1208457,11690.0,11687.0,41080
1208458,11690.0,11687.0,41080
1205538,20052.0,13419.0,41094
1207275,13448.0,13419.0,41094
1205679,2289.0,20528.0,41162
1216127,279078.0,279072.0,41186
1216129,279078.0,279072.0,41186
1216130,279078.0,279072.0,41186
1216164,279358.0,279072.0,41186
1216104,279077.0,279072.0,41186
1216106,279077.0,279072.0,41186
1224790,279075.0,279072.0,41186
1224791,279075.0,279072.0,41186
1216148,279358.0,279072.0,41186
1224827,281278.0,281281.0,41192
1224828,281278.0,281281.0,41192
1224765,281278.0,281281.0,41192
1224766,281278.0,281281.0,41192
1224767,281278.0,281281.0,41192
1224768,281279.0,281281.0,41192
1224777,281280.0,281281.0,41192
1224778,281280.0,281281.0,41192
1224779,281280.0,281281.0,41192
1224780,281280.0,281281.0,41192
1224781,281279.0,281281.0,41192
1224782,281279.0,281281.0,41192
1224783,281284.0,281281.0,41192
1224784,281279.0,281281.0,41192
1279550,17746.0,17720.0,41198
1279551,17746.0,17720.0,41198
1279552,17746.0,17720.0,41198
1205764,286395.0,17720.0,41198
1279549,17795.0,17720.0,41198
1216105,279077.0,279355.0,41200
1281754,27323.0,19293.0,41212
1281755,27323.0,19293.0,41212
1282993,27324.0,19293.0,41212
1282995,27326.0,19293.0,41212
1282996,27326.0,19293.0,41212
1205823,27324.0,19293.0,41212
1281518,19291.0,19293.0,41212
1281520,19291.0,19293.0,41212
1205916,25760.0,14443.0,41242
1205913,25760.0,14443.0,41242
1205915,25760.0,14443.0,41242
1205914,25760.0,14443.0,41242
1206020,21055.0,21068.0,41254
1221056,13427.0,13388.0,41411
1221109,13427.0,13388.0,41411
1273695,2011.0,20381.0,41425
1273712,2011.0,20381.0,41425
1209133,1382.0,20089.0,41436
1273711,20381.0,2011.0,41438
1207273,20381.0,2011.0,41438
1208671,20150.0,20141.0,41455
1207659,10511.0,10548.0,41483
1210400,13487.0,25423.0,41521
1221968,11181.0,114219.0,41595
1221969,11181.0,114219.0,41595
1208237,11181.0,114219.0,41595
1208954,647.0,10551.0,41623
1208981,10601.0,10562.0,41624
1208604,24786.0,24800.0,41667
1208605,10600.0,630.0,41668
1208614,11136.0,11163.0,41671
1208631,11163.0,11136.0,41672
1208748,60447.0,54369.0,41697
1209344,1596.0,1675.0,41702
1223022,11180.0,11192.0,41716
1208973,10609.0,10483.0,41730
1209038,10640.0,10609.0,41734
1209233,13704.0,13707.0,41768
1210981,12473.0,12547.0,41795
1209441,11158.0,11183.0,41816
1209442,11158.0,11183.0,41816
1222951,24719.0,24739.0,41826
1221246,165116.0,165117.0,41849
1209678,165116.0,165117.0,41849
1223489,11961.0,24795.0,41880
1210735,1741.0,1671.0,41917
1210133,1741.0,1671.0,41917
1210145,1741.0,1671.0,41917
1210591,1741.0,1671.0,41917
1275899,23947.0,9819.0,41927
1210471,25313.0,25303.0,41936
1210649,13389.0,13255.0,41957
1210429,13301.0,13255.0,41957
1210430,13301.0,13255.0,41957
1210431,13301.0,13255.0,41957
1210432,13301.0,13255.0,41957
1210786,1200.0,1234.0,41994
1211001,12666.0,12689.0,42013
1299776,349653.0,50844.0,42088
1215982,50845.0,50844.0,42088
1272433,7339.0,7264.0,42089
1306854,7329.0,7264.0,42089
1308539,7322.0,7264.0,42089
1279431,7329.0,7264.0,42089
1309321,7322.0,7264.0,42089
1307015,7322.0,7264.0,42089
1307016,7322.0,7264.0,42089
1300158,7363.0,7264.0,42089
1300160,7324.0,7264.0,42089
1300161,7363.0,7264.0,42089
1300162,7363.0,7264.0,42089
1282059,7316.0,7264.0,42089
1282060,7316.0,7264.0,42089
1282061,7329.0,7264.0,42089
1282062,7329.0,7264.0,42089
1307051,22705.0,7264.0,42089
1307052,22705.0,7264.0,42089
1289301,7329.0,7264.0,42089
1307583,7321.0,7264.0,42089
1307584,7321.0,7264.0,42089
1305768,7363.0,7264.0,42089
1249841,7316.0,7264.0,42089
1286745,7321.0,7264.0,42089
1279263,7339.0,7264.0,42089
1215999,7316.0,7264.0,42089
1311368,22705.0,7264.0,42089
1279278,22705.0,7264.0,42089
1306797,6907.0,22511.0,42102
1307071,6907.0,22511.0,42102
1232076,6907.0,22511.0,42102
1307073,6907.0,22511.0,42102
1287212,4636.0,4618.0,42106
1216110,279080.0,279079.0,42114
1216111,280637.0,280635.0,42120
1279371,21546.0,4282.0,42123
1299205,21549.0,4282.0,42123
1271420,21549.0,4282.0,42123
1216115,21546.0,4282.0,42123
1299133,7423.0,22751.0,42129
1297914,7540.0,22751.0,42129
1297917,7540.0,22751.0,42129
1297916,7540.0,22751.0,42129
1306301,21106.0,82843.0,42131
1276773,15258.0,82843.0,42131
1276774,383597.0,82843.0,42131
1216184,19237.0,27322.0,42149
1286002,26765.0,17535.0,42158
1279507,26765.0,17535.0,42158
1289158,17667.0,17688.0,42164
1289159,17667.0,17688.0,42164
1289160,17667.0,17688.0,42164
1216202,17667.0,17688.0,42164
1216206,26575.0,26568.0,42166
1311026,5278.0,5324.0,42167
1288301,5453.0,5324.0,42167
1306438,5453.0,5324.0,42167
1311827,5450.0,5324.0,42167
1311828,5450.0,5324.0,42167
1277286,16359.0,26401.0,42169
1216308,10667.0,10747.0,42207
1218646,11566.0,11506.0,42219
1216562,11157.0,82208.0,42258
1216557,563.0,551.0,42273
1225256,24554.0,11272.0,42301
1222570,10747.0,10820.0,42307
1275629,23470.0,9007.0,42314
1229385,8511.0,8486.0,42339
1216873,8511.0,8486.0,42339
1229382,8511.0,8486.0,42339
1229383,8511.0,8486.0,42339
1217727,24486.0,24483.0,42362
1265862,281275.0,280970.0,42374
1218201,12077.0,12124.0,42435
1217358,10791.0,24415.0,42439
1222850,10791.0,24415.0,42439
1217518,444.0,437.0,42474
1222836,8213.0,8123.0,42477
1222788,504.0,521.0,42492
1222789,504.0,521.0,42492
1217737,512.0,521.0,42492
1217581,512.0,521.0,42492
1228732,504.0,521.0,42492
1228741,512.0,521.0,42492
1218019,11631.0,11574.0,42497
1270187,10991.0,10968.0,42503
1267910,22958.0,7994.0,42523
1228507,22958.0,7994.0,42523
1229215,22958.0,7994.0,42523
1218843,11457.0,11525.0,42569
1218125,12048.0,12050.0,42590
1218124,12048.0,12050.0,42590
1218126,12048.0,12050.0,42590
1218913,11913.0,11868.0,42608
1219073,24741.0,24746.0,42612
1219072,24746.0,11771.0,42613
1289802,8797.0,23362.0,42648
1227891,23426.0,23362.0,42648
1218487,11743.0,11722.0,42662
1218565,9432.0,9453.0,42675
1218567,23736.0,9453.0,42675
1272515,23730.0,23738.0,42697
1219923,21755.0,21754.0,42792
1220030,21755.0,21754.0,42792
1219445,18717.0,18724.0,42814
1219898,18564.0,18543.0,42884
1220162,21754.0,21755.0,42905
1220388,19040.0,18998.0,42952
1220389,19040.0,18998.0,42952
1220390,19040.0,18998.0,42952
1220391,19040.0,18998.0,42952
1220540,19013.0,19038.0,42975
1220543,19013.0,19038.0,42975
1220681,19068.0,19038.0,42975
1220669,18997.0,19048.0,42980
1220671,18997.0,19048.0,42980
1220706,18997.0,19048.0,42980
1220707,18997.0,19048.0,42980
1220701,18997.0,19048.0,42980
1220628,27254.0,19013.0,42984
1220762,19073.0,19068.0,42986
1220643,19038.0,19068.0,42986
1220686,19073.0,19054.0,42993
1220978,25096.0,12601.0,43022
1221463,123507.0,24123.0,43095
1221960,12274.0,12345.0,43161
1227610,9720.0,9806.0,43176
1223248,24325.0,24310.0,43180
1221943,11130.0,11134.0,43184
1221942,11130.0,11134.0,43184
1222124,24740.0,11671.0,43229
1222494,25082.0,25064.0,43280
1222506,25091.0,12594.0,43284
1228585,23040.0,23003.0,43302
1228783,23809.0,9794.0,43313
1228785,23809.0,9794.0,43313
1228737,23809.0,9794.0,43313
1268769,12150.0,12156.0,43341
1268770,12179.0,12156.0,43341
1272572,12179.0,12156.0,43341
1272573,12212.0,12156.0,43341
1272574,12179.0,12156.0,43341
1272283,12150.0,12156.0,43341
1272284,12150.0,12156.0,43341
1272560,12150.0,12156.0,43341
1222859,10889.0,10858.0,43348
1222904,10889.0,10858.0,43348
1228529,8566.0,8560.0,43351
1222871,8566.0,8560.0,43351
1225838,8566.0,8560.0,43351
1225839,8566.0,8560.0,43351
1281684,4979.0,27080.0,43444
1224523,27072.0,27080.0,43444
1282913,246715.0,2000.0,43446
1282914,187515.0,2000.0,43446
1282916,96294.0,2000.0,43446
1267817,11693.0,11818.0,43452
1267818,11693.0,11818.0,43452
1224857,280641.0,280640.0,43468
1224859,280641.0,280638.0,43470
1224858,280641.0,280638.0,43470
1224860,280641.0,280638.0,43470
1224946,24280.0,24241.0,43481
1228711,23389.0,9056.0,43484
1227415,23466.0,9056.0,43484
1228767,23389.0,9056.0,43484
1227417,23466.0,9056.0,43484
1228769,23389.0,9056.0,43484
1224963,23389.0,9056.0,43484
1308082,8098.0,8059.0,43493
1308084,8098.0,8059.0,43493
1224990,8098.0,8059.0,43493
1225359,23404.0,23341.0,43530
1266807,23387.0,23341.0,43530
1266810,23387.0,23341.0,43530
1271860,23387.0,23341.0,43530
1266811,23387.0,23341.0,43530
1270839,23404.0,23341.0,43530
1228764,23404.0,23341.0,43530
1228765,23404.0,23341.0,43530
1269166,22976.0,22991.0,43532
1270498,22976.0,22991.0,43532
1269808,23326.0,23394.0,43541
1225412,147840.0,96298.0,43605
1269187,12127.0,12032.0,43607
1269188,12127.0,12032.0,43607
1269255,12089.0,12032.0,43607
1269256,12089.0,12032.0,43607
1269257,12089.0,12032.0,43607
1271829,12151.0,12032.0,43607
1271830,12151.0,12032.0,43607
1269236,12127.0,12032.0,43607
1269814,12151.0,12032.0,43607
1227253,12151.0,12032.0,43607
1225414,12127.0,12032.0,43607
1225430,9614.0,9700.0,43614
1225828,8040.0,23010.0,43616
1226697,23130.0,8492.0,43623
1273532,9923.0,9779.0,43647
1278201,9923.0,9779.0,43647
1270035,9923.0,9779.0,43647
1225536,9923.0,9779.0,43647
1289573,9923.0,9779.0,43647
1270037,9962.0,9903.0,43648
1225537,9923.0,9903.0,43648
1302262,22484.0,22452.0,43686
1303035,6796.0,22452.0,43686
1302265,22484.0,22452.0,43686
1225777,91487.0,91488.0,43708
1226055,16703.0,16694.0,43760
1226178,23849.0,9821.0,43790
1247669,23849.0,9821.0,43790
1267698,23849.0,9821.0,43790
1273613,23849.0,9821.0,43790
1273587,23849.0,9821.0,43790
1267666,9805.0,9821.0,43790
1279777,7520.0,22784.0,43825
1279922,14563.0,14671.0,43828
1279923,14563.0,14671.0,43828
1279924,14563.0,14671.0,43828
1226316,14598.0,14671.0,43828
1277419,14641.0,14671.0,43828
1279973,14641.0,14671.0,43828
1273508,13597.0,13590.0,43829
1289595,25489.0,13590.0,43829
1287609,9870.0,9857.0,43856
1275655,9578.0,9581.0,43867
1265949,9214.0,9167.0,43884
1289753,9214.0,9167.0,43884
1276467,25982.0,15004.0,43889
1276514,15026.0,15004.0,43889
1276517,15026.0,15004.0,43889
1276519,15026.0,15004.0,43889
1228624,23009.0,8225.0,43904
1227147,8899.0,8950.0,43918
1226768,8307.0,23086.0,43934
1266292,8320.0,23086.0,43934
1226786,23355.0,23350.0,43938
1226788,23355.0,23350.0,43938
1226852,23355.0,23350.0,43938
1226860,23355.0,23350.0,43938
1226848,2485.0,2488.0,43952
1229363,24276.0,24264.0,43969
1227143,23351.0,23330.0,43984
1227999,23351.0,23330.0,43984
1227034,23351.0,23330.0,43984
1227035,23351.0,23330.0,43984
1270295,23791.0,9712.0,43990
1257558,,23110.0,43996
1269779,9619.0,9587.0,44041
1269780,9619.0,9587.0,44041
1227550,23148.0,23177.0,44064
1227473,23262.0,8763.0,44065
1227472,23262.0,8763.0,44065
1227480,23228.0,23262.0,44066
1228010,23136.0,23148.0,44087
1228012,23136.0,23148.0,44087
1227595,23836.0,23847.0,44095
1227596,23836.0,23847.0,44095
1271894,23836.0,23847.0,44095
1227597,23836.0,23847.0,44095
1267948,23816.0,23847.0,44095
1265982,55978.0,23153.0,44146
1271986,9194.0,9104.0,44189
1275831,23533.0,9104.0,44189
1268114,9194.0,9104.0,44189
1228162,23637.0,23618.0,44193
1228247,8507.0,8526.0,44207
1228248,8507.0,8526.0,44207
1228452,8486.0,8469.0,44239
1228453,8486.0,8469.0,44239
1228581,9859.0,23845.0,44269
1228614,11365.0,11343.0,44279
1271647,11365.0,11343.0,44279
1271649,11365.0,11343.0,44279
1287801,370272.0,370271.0,44334
1228952,9258.0,23584.0,44335
1269309,9258.0,23584.0,44335
1285884,9258.0,23584.0,44335
1257361,,640.0,44418
1229429,10704.0,10675.0,44419
1229442,10704.0,10675.0,44419
1229584,10324.0,24100.0,44448
1233030,,477883.0,44518
1233031,,477883.0,44518
1232531,506649.0,63015.0,44523
1232942,,535978.0,44527
1232961,,535978.0,44527
1232953,,391281.0,44529
1232956,,391281.0,44529
1257712,,7913.0,44572
1257447,,1086.0,44574
1307821,7235.0,22664.0,44583
1303953,95.0,22664.0,44583
1276505,7235.0,22664.0,44583
1298837,94.0,22664.0,44583
1298774,126.0,22664.0,44583
1301831,7235.0,22664.0,44583
1235080,7235.0,22664.0,44583
1301936,7179.0,22664.0,44583
1309418,242238.0,47.0,44586
1298400,50.0,47.0,44586
1235094,50.0,47.0,44586
1286443,67.0,47.0,44586
1240541,,536734.0,44623
1299377,,536734.0,44623
1288839,54.0,6925.0,44645
1288775,55.0,6925.0,44645
1288776,55.0,6925.0,44645
1298075,7014.0,6925.0,44645
1298074,7014.0,6925.0,44645
1278797,7014.0,6925.0,44645
1278799,7014.0,6925.0,44645
1278800,7014.0,6925.0,44645
1300608,21.0,22.0,44650
1307442,22622.0,7073.0,44693
1247659,22622.0,7073.0,44693
1249744,22622.0,7073.0,44693
1248244,537324.0,375247.0,44699
1288771,7040.0,84.0,44704
1288777,19752.0,84.0,44704
1288778,19752.0,84.0,44704
1248277,7040.0,84.0,44704
1298422,19750.0,84.0,44704
1298425,19755.0,84.0,44704
1298426,81566.0,84.0,44704
1298427,6992.0,84.0,44704
1298429,22564.0,84.0,44704
1298428,22570.0,84.0,44704
1248320,10294.0,10241.0,44706
1289208,10294.0,10241.0,44706
1273850,10294.0,10241.0,44706
1268924,10235.0,10241.0,44706
1268925,10235.0,10241.0,44706
1288673,10294.0,10241.0,44706
1281233,4943.0,4940.0,44715
1269695,9058.0,9112.0,44716
1307907,67504.0,67503.0,44763
1277000,3794.0,53416.0,44768
1276978,3714.0,53416.0,44768
1276941,20314.0,20328.0,44781
1276944,20314.0,20328.0,44781
1282199,3623.0,73897.0,44782
1276951,15707.0,73897.0,44782
1282205,15738.0,73897.0,44782
1282207,21408.0,73897.0,44782
1282208,15738.0,73897.0,44782
1276966,169597.0,73897.0,44782
1278077,3623.0,73897.0,44782
1282197,21408.0,73897.0,44782
1276949,3623.0,73897.0,44782
1266295,9398.0,9428.0,44807
1266297,9398.0,9428.0,44807
1257367,,258564.0,44867
1257370,,11985.0,44869
1257409,,22735.0,44873
1257410,,23433.0,44874
1257413,,5051.0,44876
1257414,,264325.0,44877
1257418,,27159.0,44878
1257424,,25542.0,44880
1257425,,665.0,44881
1257443,,26678.0,44882
1257445,,16576.0,44883
1257557,,4830.0,44889
1257569,,377629.0,44892
1303911,7120.0,7190.0,44896
1257596,,476.0,44897
1257653,,14180.0,44909
1297528,8020.0,7876.0,44968
1265287,281915.0,243520.0,44977
1269340,390721.0,243520.0,44977
1307134,8216.0,8202.0,45037
1307135,8216.0,8202.0,45037
1307136,8216.0,8202.0,45037
1307137,8216.0,8202.0,45037
1265540,389675.0,8202.0,45037
1270271,23698.0,9452.0,45156
1267976,9881.0,23860.0,45157
1266173,23762.0,9477.0,45168
1266174,23762.0,9477.0,45168
1266175,23762.0,9477.0,45168
1266178,23762.0,9477.0,45168
1271967,9139.0,9162.0,45177
1287366,9676.0,9569.0,45183
1305230,23895.0,9893.0,45184
1273569,23839.0,9893.0,45184
1270671,23839.0,9893.0,45184
1266219,23839.0,9893.0,45184
1266222,9801.0,9893.0,45184
1288535,23895.0,9893.0,45184
1288538,23839.0,9893.0,45184
1266220,23897.0,23867.0,45185
1266253,12536.0,12575.0,45193
1269574,11705.0,11714.0,45196
1273046,9868.0,9970.0,45206
1278212,9939.0,9970.0,45206
1278215,9939.0,9970.0,45206
1278216,9909.0,9970.0,45206
1287932,9939.0,9970.0,45206
1285887,9398.0,9369.0,45209
1266324,25522.0,25535.0,45224
1266326,25522.0,25535.0,45224
1288025,25522.0,25535.0,45224
1266333,47028.0,10750.0,45229
1288067,25070.0,25088.0,45231
1288070,25070.0,25088.0,45231
1288246,25070.0,25088.0,45231
1288057,25070.0,25088.0,45231
1266335,25070.0,25088.0,45231
1273572,25122.0,25119.0,45232
1273577,25122.0,25119.0,45232
1266336,25122.0,25119.0,45232
1311836,129.0,145.0,45239
1300915,104.0,145.0,45239
1300917,405771.0,145.0,45239
1266371,104.0,145.0,45239
1266374,405771.0,145.0,45239
1266373,103.0,22676.0,45241
1269662,10270.0,10265.0,45250
1286685,25119.0,25122.0,45265
1289008,25119.0,25122.0,45265
1289009,25119.0,25122.0,45265
1289013,25119.0,25122.0,45265
1268635,25119.0,25122.0,45265
1268012,25119.0,25122.0,45265
1266472,10169.0,24057.0,45272
1285837,316157.0,19813.0,45274
1287616,314.0,19808.0,45278
1287615,314.0,19808.0,45278
1266595,314.0,19808.0,45278
1267570,314.0,19808.0,45278
1287290,24187.0,24212.0,45295
1271450,10278.0,24212.0,45295
1266567,24187.0,24212.0,45295
1266568,24187.0,24212.0,45295
1287288,24187.0,24212.0,45295
1271464,10278.0,24212.0,45295
1271444,10332.0,10287.0,45296
1287285,10332.0,10287.0,45296
1266569,10374.0,10287.0,45296
1287283,10374.0,10287.0,45296
1298438,10374.0,10287.0,45296
1287286,10374.0,10287.0,45296
1266570,10374.0,10287.0,45296
1266574,11817.0,11783.0,45299
1271544,9015.0,8921.0,45334
1271496,24654.0,11503.0,45346
1266772,2271.0,84132.0,45358
1304708,370388.0,84132.0,45358
1307817,370388.0,84132.0,45358
1268325,8835.0,8882.0,45389
1299801,23990.0,23975.0,45395
1266927,23990.0,23975.0,45395
1266928,23990.0,23975.0,45395
1267048,8499.0,8450.0,45419
1272063,8499.0,8450.0,45419
1270975,8499.0,8450.0,45419
1270977,8499.0,8450.0,45419
1270978,8499.0,8450.0,45419
1267123,8400.0,8273.0,45424
1267075,8400.0,8273.0,45424
1267076,8400.0,8273.0,45424
1269269,197115.0,8273.0,45424
1275712,224637.0,8273.0,45424
1277364,8346.0,8273.0,45424
1267086,8346.0,8273.0,45424
1272599,8735.0,8816.0,45444
1267153,23477.0,23460.0,45447
1267154,23477.0,23460.0,45447
1267147,23477.0,23460.0,45447
1267148,23477.0,23460.0,45447
1268602,23477.0,23460.0,45447
1280257,4678.0,4680.0,45496
1282220,4678.0,4680.0,45496
1267420,875.0,850.0,45509
1270956,875.0,850.0,45509
1270842,875.0,850.0,45509
1267373,875.0,850.0,45509
1285856,8973.0,9097.0,45575
1275820,23306.0,23328.0,45576
1267605,23306.0,23328.0,45576
1273175,23306.0,23328.0,45576
1273558,25119.0,25122.0,45592
1289007,25119.0,25122.0,45592
1273576,25119.0,25122.0,45592
1273561,25119.0,25122.0,45592
1267688,23946.0,9976.0,45597
1288675,1961.0,1804.0,45603
1267743,24055.0,10261.0,45608
1267787,8531.0,8590.0,45623
1268416,23020.0,8073.0,45643
1267877,23635.0,9272.0,45645
1271712,23635.0,9272.0,45645
1272100,23635.0,9272.0,45645
1272101,23635.0,9272.0,45645
1271925,23578.0,23586.0,45654
1275704,378668.0,23853.0,45658
1267983,78049.0,78047.0,45670
1267984,78049.0,78047.0,45670
1272027,9264.0,9247.0,45693
1272028,9264.0,9247.0,45693
1268111,23589.0,9247.0,45693
1271971,23589.0,9247.0,45693
1271675,158083.0,83804.0,45696
1271676,158083.0,83804.0,45696
1271677,158083.0,83804.0,45696
1271678,158083.0,83804.0,45696
1268119,158084.0,83804.0,45696
1268122,158084.0,83804.0,45696
1273312,11600.0,11562.0,45697
1269572,11705.0,11718.0,45702
1271566,11866.0,11810.0,45704
1269578,11866.0,11810.0,45704
1271526,11866.0,11810.0,45704
1273211,12019.0,24869.0,45707
1273214,12019.0,24869.0,45707
1268147,12019.0,24869.0,45707
1268148,12019.0,11986.0,45708
1268159,8356.0,8362.0,45713
1268160,8356.0,8362.0,45713
1268625,11587.0,11596.0,45723
1268267,8610.0,8643.0,45732
1269301,397.0,389.0,45737
1269302,397.0,389.0,45737
1268243,397.0,389.0,45737
1268245,397.0,389.0,45737
1268253,8774.0,8692.0,45739
1268292,299516.0,11053.0,45749
1268515,8806.0,8727.0,45753
1269355,8945.0,8727.0,45753
1269356,8945.0,8727.0,45753
1269357,8945.0,8727.0,45753
1268532,8837.0,8727.0,45753
1268533,8837.0,8727.0,45753
1268534,8837.0,8727.0,45753
1268326,8849.0,8829.0,45756
1287912,9753.0,9719.0,45778
1287914,9753.0,9719.0,45778
1289629,9753.0,9719.0,45778
1287281,10358.0,10292.0,45786
1268583,407.0,404.0,45811
1268584,407.0,404.0,45811
1288556,11600.0,11587.0,45815
1268675,23873.0,9858.0,45825
1272316,11371.0,11348.0,45829
1269552,9410.0,23655.0,45837
1273263,9410.0,23655.0,45837
1268729,23671.0,23655.0,45837
1268998,11433.0,11420.0,45897
1271536,11866.0,11815.0,45907
1271134,23630.0,23617.0,45919
1270483,8165.0,23018.0,45924
1270923,8499.0,8450.0,45977
1271013,8499.0,8450.0,45979
1270925,8499.0,8450.0,45979
1270974,8499.0,8450.0,45979
1271011,8499.0,8450.0,45979
1289200,11548.0,11270.0,46023
1289201,11548.0,11270.0,46024
1269847,23856.0,23879.0,46050
1269848,23856.0,23879.0,46050
1269849,23856.0,23879.0,46050
1275716,23856.0,23879.0,46050
1277636,1785.0,20265.0,46081
1270777,14612.0,14688.0,46096
1270347,14688.0,14767.0,46100
1270158,14688.0,14767.0,46100
1270742,25690.0,25668.0,46101
1273069,25690.0,25668.0,46101
1271232,14870.0,14917.0,46105
1276637,25530.0,20323.0,46112
1276485,25552.0,20323.0,46112
1276486,13812.0,20323.0,46112
1276621,13795.0,20323.0,46112
1272236,25530.0,20323.0,46112
1272238,25530.0,20323.0,46112
1271263,14381.0,14323.0,46115
1271265,14281.0,14323.0,46115
1270359,8033.0,7993.0,46157
1298819,8033.0,7993.0,46157
1298821,8033.0,7993.0,46157
1305283,22946.0,7979.0,46158
1305284,22946.0,7979.0,46158
1305285,22946.0,7979.0,46158
1308258,8095.0,8120.0,46159
1308259,8095.0,8120.0,46159
1307651,8095.0,8120.0,46159
1270374,14986.0,14962.0,46165
1301463,6503.0,6485.0,46177
1310328,22301.0,6485.0,46177
1279027,20505.0,20515.0,46205
1279028,20505.0,20515.0,46205
1280209,9057.0,9119.0,46210
1278206,9180.0,9119.0,46210
1277471,9400.0,9365.0,46218
1287779,9265.0,9288.0,46222
1277477,9265.0,9288.0,46222
1277479,9265.0,9288.0,46222
1277480,9265.0,9288.0,46222
1278200,9119.0,23532.0,46240
1287784,9119.0,23532.0,46240
1276306,14917.0,14960.0,46246
1270739,25875.0,14669.0,46248
1273120,14774.0,25875.0,46257
1278130,21599.0,21595.0,46268
1273003,14108.0,14089.0,46271
1273004,14108.0,14089.0,46271
1273007,14095.0,14089.0,46271
1273008,14095.0,14089.0,46271
1270897,9916.0,9886.0,46275
1271816,23615.0,23626.0,46295
1271245,14366.0,14441.0,46316
1271225,14493.0,14441.0,46316
1280301,20548.0,20581.0,46329
1280310,20548.0,20581.0,46329
1271254,20581.0,2430.0,46331
1306494,26626.0,21629.0,46335
1271261,26626.0,21629.0,46335
1271268,14306.0,14333.0,46337
1271269,14306.0,14333.0,46337
1298212,14300.0,14333.0,46337
1271331,25666.0,25687.0,46346
1277036,25687.0,14310.0,46348
1272753,23386.0,23359.0,46418
1271852,23379.0,8908.0,46427
1271883,8122.0,8090.0,46433
1271885,8122.0,8090.0,46433
1271939,8122.0,8090.0,46433
1275631,8122.0,8090.0,46433
1271943,8122.0,8090.0,46433
1272155,25569.0,13891.0,46452
1280917,21312.0,3338.0,46471
1280918,161276.0,3338.0,46471
1280919,21331.0,3338.0,46471
1280920,21331.0,3338.0,46471
1297781,15258.0,3338.0,46471
1272199,161275.0,3338.0,46471
1272200,190087.0,3338.0,46471
1272227,4669.0,17155.0,46477
1272228,4669.0,17155.0,46477
1300513,7910.0,7724.0,46483
1305818,7587.0,7724.0,46483
1278919,7649.0,7724.0,46483
1305827,22855.0,7724.0,46483
1305829,22855.0,7724.0,46483
1302252,7587.0,7724.0,46483
1300417,7737.0,7724.0,46483
1309215,7933.0,7724.0,46483
1309216,7933.0,7724.0,46483
1300430,7933.0,7724.0,46483
1300431,7933.0,7724.0,46483
1309228,7737.0,7724.0,46483
1309232,7933.0,7724.0,46483
1307700,7737.0,7724.0,46483
1272257,22855.0,7724.0,46483
1272258,22855.0,7724.0,46483
1309518,7587.0,7724.0,46483
1305639,7649.0,7724.0,46483
1305640,7649.0,7724.0,46483
1309521,7587.0,7724.0,46483
1306162,7649.0,7724.0,46483
1306165,7587.0,7724.0,46483
1309281,7910.0,7724.0,46483
1309283,7846.0,7724.0,46483
1308001,7846.0,7724.0,46483
1272271,12038.0,11998.0,46485
1272291,12111.0,12064.0,46488
1301538,6101.0,6173.0,46498
1272377,23788.0,9643.0,46501
1273887,23788.0,9643.0,46501
1309529,7376.0,7394.0,46509
1281511,7376.0,7394.0,46509
1309528,7404.0,7410.0,46510
1272434,7376.0,7410.0,46510
1309531,7404.0,7410.0,46510
1309532,7404.0,7410.0,46510
1309533,7404.0,7410.0,46510
1309546,7374.0,7410.0,46510
1309547,7374.0,7410.0,46510
1281509,7376.0,7410.0,46510
1309549,7374.0,7410.0,46510
1309526,7374.0,7410.0,46510
1286743,7376.0,7410.0,46510
1277960,14089.0,25625.0,46583
1277959,14089.0,25625.0,46583
1272982,2269.0,14093.0,46592
1280368,2269.0,14093.0,46592
1272979,2269.0,14093.0,46592
1272981,2269.0,14093.0,46592
1273023,25625.0,14095.0,46595
1273024,25625.0,14095.0,46595
1273025,14108.0,14095.0,46595
1273005,14108.0,14095.0,46595
1278214,9775.0,9721.0,46600
1273055,14001.0,14000.0,46604
1273056,14001.0,14000.0,46604
1273057,14001.0,14000.0,46604
1273058,14001.0,14000.0,46604
1273070,25676.0,25670.0,46607
1273074,7185.0,7159.0,46610
1280606,91806.0,2038.0,46615
1278764,1914.0,85409.0,46619
1273241,23196.0,8664.0,46641
1273223,23196.0,8664.0,46641
1273224,23196.0,8664.0,46641
1273243,7984.0,331.0,46642
1273246,325.0,331.0,46642
1275914,7984.0,331.0,46642
1286089,9249.0,23588.0,46645
1273405,10974.0,10934.0,46663
1274081,9643.0,9606.0,46686
1287300,23959.0,23951.0,46692
1287441,9821.0,23864.0,46693
1288539,9753.0,9805.0,46700
1288541,9753.0,9805.0,46700
1273682,25650.0,25648.0,46705
1273677,376206.0,20381.0,46714
1273692,376206.0,2011.0,46717
1273707,20381.0,2011.0,46718
1279945,1920.0,323835.0,46726
1273758,20335.0,13800.0,46729
1286318,9891.0,9815.0,46750
1288488,10228.0,10203.0,46756
1289024,10228.0,10203.0,46756
1273942,24011.0,10168.0,46770
1300521,8875.0,8996.0,46776
1273967,8875.0,8996.0,46776
1273969,8875.0,8996.0,46776
1288325,10268.0,10163.0,46779
1287644,9949.0,9973.0,46781
1273995,9949.0,9973.0,46781
1274001,9996.0,9973.0,46781
1288534,14489.0,14440.0,46783
1274002,14402.0,14440.0,46783
1274091,9386.0,9367.0,46794
1297768,25603.0,20421.0,46826
1274286,12631.0,12602.0,46835
1274279,25150.0,12602.0,46835
1286656,25068.0,12602.0,46835
1274342,9890.0,9965.0,46848
1289590,23930.0,9965.0,46848
1289594,9869.0,9890.0,46850
1300195,7898.0,458668.0,46865
1300196,7911.0,458668.0,46865
1300172,344173.0,458668.0,46865
1275832,23637.0,9396.0,46903
1276063,17719.0,26847.0,46931
1276010,17719.0,26847.0,46931
1306608,17790.0,26856.0,46934
1306609,17790.0,26856.0,46934
1276011,26847.0,17719.0,46939
1297699,18056.0,18052.0,46943
1281162,18036.0,18052.0,46943
1280110,135660.0,4885.0,46948
1276039,6536.0,6512.0,46951
1276693,7668.0,7619.0,46959
1276694,7632.0,7619.0,46959
1312189,7622.0,7619.0,46959
1281305,7632.0,7619.0,46959
1312296,7632.0,7619.0,46959
1312204,7627.0,7619.0,46959
1311857,7622.0,7619.0,46959
1276081,7422.0,7463.0,46966
1288884,4219.0,4182.0,46968
1282385,4219.0,4182.0,46968
1276247,7249.0,22673.0,46970
1287042,22682.0,7353.0,46973
1283189,7304.0,7353.0,46973
1283190,7304.0,7353.0,46973
1283191,22709.0,7353.0,46973
1283192,22709.0,7353.0,46973
1287063,22691.0,7353.0,46973
1287064,22682.0,7353.0,46973
1289417,7274.0,7353.0,46973
1289418,7274.0,7353.0,46973
1283250,22691.0,7353.0,46973
1283251,22709.0,7353.0,46973
1300210,22710.0,7353.0,46973
1300213,22710.0,7353.0,46973
1300217,7304.0,7353.0,46973
1300220,7274.0,7353.0,46973
1300244,22710.0,7353.0,46973
1276163,22697.0,22693.0,46988
1276164,7254.0,22693.0,46988
1276241,7299.0,7330.0,47016
1283036,7319.0,7330.0,47016
1276251,8141.0,8137.0,47020
1305498,8141.0,8137.0,47020
1305500,8141.0,8137.0,47020
1305481,8141.0,8137.0,47020
1301616,7954.0,7952.0,47021
1312280,310717.0,7952.0,47021
1309993,7873.0,7952.0,47021
1281304,7954.0,7952.0,47021
1312353,310717.0,7952.0,47021
1312351,310717.0,7952.0,47021
1309991,7873.0,7952.0,47021
1276253,7954.0,7952.0,47021
1298168,7954.0,7952.0,47021
1310042,7873.0,7952.0,47021
1308428,7954.0,7952.0,47021
1278318,310717.0,7952.0,47021
1311433,7816.0,7750.0,47023
1276255,7816.0,7750.0,47023
1311430,7816.0,7750.0,47023
1312281,7816.0,7750.0,47023
1276322,17961.0,4949.0,47045
1307256,17961.0,4949.0,47045
1279251,17961.0,4949.0,47045
1298064,7828.0,7811.0,47052
1287043,7760.0,7811.0,47052
1287045,7760.0,7811.0,47052
1287046,7757.0,7811.0,47052
1287059,7760.0,7811.0,47052
1287060,7760.0,7811.0,47052
1287061,7760.0,7811.0,47052
1298610,7828.0,7811.0,47052
1298611,22878.0,7811.0,47052
1286438,7851.0,7811.0,47052
1298106,22905.0,7811.0,47052
1287082,7760.0,7811.0,47052
1298107,22905.0,7811.0,47052
1298109,22905.0,7811.0,47052
1287104,7757.0,7811.0,47052
1287105,7757.0,7811.0,47052
1287106,7757.0,7811.0,47052
1287115,7760.0,7811.0,47052
1287117,7760.0,7811.0,47052
1287116,22878.0,7811.0,47052
1287118,22878.0,7811.0,47052
1277685,22878.0,7811.0,47052
1277686,22878.0,7811.0,47052
1277687,22878.0,7811.0,47052
1277688,22878.0,7811.0,47052
1306570,7828.0,7811.0,47052
1306573,7828.0,7811.0,47052
1300505,7851.0,7811.0,47052
1278058,25969.0,25982.0,47058
1282239,4580.0,4594.0,47060
1286165,375012.0,4594.0,47060
1282416,4580.0,4594.0,47060
1276368,14270.0,2409.0,47063
1307405,370388.0,75164.0,47065
1279985,13978.0,13968.0,47096
1279986,13978.0,13968.0,47096
1279987,13978.0,13968.0,47096
1279988,13978.0,13968.0,47096
1281103,15043.0,15049.0,47104
1276521,25921.0,25905.0,47105
1276599,20518.0,20537.0,47126
1276600,20518.0,20537.0,47126
1281343,17834.0,26897.0,47139
1276650,17834.0,26897.0,47139
1276733,17834.0,17879.0,47148
1276736,17834.0,17879.0,47148
1283118,26919.0,17879.0,47148
1283119,26919.0,17879.0,47148
1283161,17834.0,17879.0,47148
1283164,26919.0,17879.0,47148
1276696,7632.0,7598.0,47157
1307640,8010.0,8030.0,47166
1307641,8010.0,8030.0,47166
1276723,8010.0,8030.0,47166
1306294,26887.0,26899.0,47178
1306295,26870.0,26899.0,47178
1306296,26870.0,26899.0,47178
1276769,26876.0,26899.0,47178
1278726,26883.0,26899.0,47178
1276772,26876.0,26899.0,47178
1278728,26883.0,26899.0,47178
1302441,26888.0,26899.0,47178
1286175,17712.0,26899.0,47178
1306291,17863.0,26899.0,47178
1306293,17863.0,26899.0,47178
1276775,154565.0,3017.0,47180
1297818,15961.0,3871.0,47192
1297820,270079.0,3871.0,47192
1298180,21206.0,21230.0,47193
1298178,21228.0,21230.0,47193
1306273,20243.0,1845.0,47202
1276821,26637.0,17068.0,47204
1276878,17648.0,17623.0,47224
1276879,17648.0,17623.0,47224
1276888,192007.0,2081.0,47228
1282909,2081.0,192007.0,47230
1276895,20422.0,20408.0,47235
1298227,17897.0,17889.0,47241
1276924,17712.0,26838.0,47242
1278352,390590.0,3696.0,47253
1279919,3729.0,3696.0,47253
1306414,21452.0,3830.0,47259
1277213,2133.0,20441.0,47303
1277217,17183.0,4682.0,47320
1277218,17183.0,4682.0,47320
1277220,17204.0,4682.0,47320
1277241,22552.0,93723.0,47326
1277226,79004.0,93724.0,47327
1278437,8095.0,8069.0,47334
1278438,8095.0,8069.0,47334
1278439,8095.0,8069.0,47334
1277266,8095.0,8069.0,47334
1277355,20480.0,20503.0,47356
1279006,20480.0,153291.0,47363
1279008,20480.0,153291.0,47363
1277418,25782.0,25805.0,47383
1280967,25782.0,25805.0,47383
1302306,22490.0,6852.0,47388
1302087,22490.0,6852.0,47388
1302089,22490.0,6852.0,47388
1302096,22490.0,6852.0,47388
1303110,22490.0,6852.0,47388
1306279,936.0,837.0,47413
1278064,2112.0,2085.0,47430
1279921,14598.0,14518.0,47442
1277917,17073.0,17058.0,47477
1277918,17073.0,17058.0,47477
1277919,17073.0,17058.0,47477
1306900,8558.0,8565.0,47482
1281151,25969.0,14965.0,47494
1278039,14965.0,25947.0,47500
1278045,20317.0,20315.0,47501
1286124,2085.0,152955.0,47504
1278062,2112.0,152955.0,47504
1278063,2002.0,2045.0,47505
1278086,151035.0,2190.0,47509
1278097,6916.0,6883.0,47515
1278182,4498.0,4503.0,47529
1282459,4503.0,4498.0,47538
1278177,4503.0,4519.0,47540
1278287,154558.0,14030.0,47562
1278288,154558.0,14030.0,47562
1281444,154558.0,14030.0,47562
1278285,154558.0,14030.0,47562
1278312,20531.0,20490.0,47571
1278334,2321.0,2299.0,47579
1278561,17061.0,17102.0,47620
1278563,17061.0,17102.0,47620
1278564,17061.0,17102.0,47620
1298184,95007.0,95006.0,47631
1286128,20277.0,20274.0,47632
1278611,102690.0,108.0,47647
1308203,102690.0,108.0,47647
1307432,151036.0,2189.0,47664
1307433,151036.0,2189.0,47664
1307191,2211.0,2189.0,47664
1278670,2211.0,2189.0,47664
1278675,2157.0,20451.0,47667
1298276,50216.0,50210.0,47687
1304592,376459.0,375710.0,47689
1278790,536283.0,375710.0,47689
1278845,7215.0,7213.0,47704
1307893,20503.0,20484.0,47725
1278987,2486.0,2451.0,47730
1279004,281918.0,20466.0,47735
1279043,1945.0,207678.0,47740
1279042,255996.0,207678.0,47740
1279046,152955.0,151038.0,47741
1299068,7851.0,7806.0,47743
1299069,7851.0,7806.0,47743
1286009,4667.0,26671.0,47746
1279074,26671.0,4667.0,47747
1279141,20422.0,20408.0,47765
1308054,8075.0,8033.0,47771
1308056,8075.0,8033.0,47771
1308057,8075.0,8033.0,47771
1288629,7867.0,7853.0,47773
1302587,6568.0,6564.0,47774
1299918,46367.0,27142.0,47780
1279203,4721.0,4676.0,47787
1299198,32926.0,4676.0,47787
1306925,8344.0,8318.0,47794
1279244,8344.0,8318.0,47794
1307555,8344.0,8318.0,47794
1307557,8344.0,8318.0,47794
1279298,330558.0,17465.0,47814
1282393,4136.0,4115.0,47827
1282394,4159.0,4115.0,47827
1282396,4136.0,4115.0,47827
1299774,4118.0,4115.0,47827
1279401,4118.0,4115.0,47827
1298750,4136.0,4115.0,47827
1298751,4136.0,4115.0,47827
1279345,4159.0,4115.0,47827
1280456,4136.0,4115.0,47827
1299543,21708.0,4929.0,47830
1299545,21708.0,4929.0,47830
1299555,21708.0,4929.0,47830
1299556,21708.0,4929.0,47830
1299861,4183.0,21544.0,47837
1289085,4183.0,21544.0,47837
1297548,4183.0,21544.0,47837
1299523,4183.0,21544.0,47837
1286504,4181.0,21544.0,47837
1279377,4181.0,21544.0,47837
1279379,4181.0,21544.0,47837
1289086,4183.0,21544.0,47837
1286453,4181.0,21544.0,47837
1279391,107499.0,4864.0,47844
1302622,375057.0,19737.0,47856
1282209,26775.0,17478.0,47861
1279438,17475.0,17478.0,47861
1279439,26764.0,17478.0,47861
1299598,26764.0,17478.0,47861
1306347,21618.0,21605.0,47880
1306348,21618.0,21605.0,47880
1283097,21618.0,21605.0,47880
1283099,21618.0,21605.0,47880
1283100,21618.0,21605.0,47880
1280481,26650.0,21629.0,47887
1299895,26882.0,17800.0,47894
1281227,26882.0,17800.0,47894
1311090,7661.0,7686.0,47905
1312182,7661.0,7686.0,47905
1312183,7661.0,7686.0,47905
1279581,7661.0,7686.0,47905
1312547,376209.0,4638.0,47909
1286996,376209.0,4638.0,47909
1297559,91811.0,4638.0,47909
1280164,376209.0,4638.0,47909
1297794,376208.0,4638.0,47909
1297795,376208.0,4638.0,47909
1297797,376208.0,4638.0,47909
1299617,195214.0,21639.0,47913
1300638,7273.0,7294.0,47919
1300640,7292.0,7294.0,47919
1300641,7280.0,7294.0,47919
1282334,7280.0,7294.0,47919
1298642,7273.0,7294.0,47919
1282336,7280.0,7294.0,47919
1298644,7309.0,7294.0,47919
1289313,7292.0,7294.0,47919
1289314,7292.0,7294.0,47919
1279629,16539.0,16542.0,47921
1279638,27305.0,19237.0,47925
1279649,7455.0,7452.0,47929
1279652,6978.0,22436.0,47931
1297546,22454.0,22436.0,47931
1289850,6879.0,22436.0,47931
1298557,6978.0,22436.0,47931
1298566,6879.0,22436.0,47931
1298567,6879.0,22436.0,47931
1298569,6879.0,22436.0,47931
1298538,6879.0,22436.0,47931
1289307,17834.0,17849.0,47944
1282613,27429.0,27422.0,47950
1281999,17014.0,26609.0,47967
1288860,17014.0,26609.0,47967
1282780,19464.0,19475.0,47969
1306398,16813.0,16690.0,47972
1306399,16750.0,16690.0,47972
1281961,16750.0,16690.0,47972
1281962,16750.0,16690.0,47972
1281964,16750.0,16690.0,47972
1279860,18632.0,18589.0,47975
1281820,21719.0,4959.0,47989
1298733,18641.0,18634.0,47990
1298732,18641.0,18634.0,47990
1279991,14001.0,13978.0,48014
1279992,14001.0,13978.0,48014
1279990,14001.0,13978.0,48014
1279989,14001.0,13978.0,48014
1279993,20595.0,2430.0,48021
1281156,91806.0,2038.0,48023
1280007,91806.0,2038.0,48023
1286843,23078.0,8298.0,48030
1286844,23078.0,8298.0,48030
1286845,23078.0,8298.0,48030
1286846,23078.0,8298.0,48030
1282017,4350.0,4337.0,48032
1282019,4350.0,4337.0,48032
1282018,4350.0,4337.0,48032
1280057,4360.0,4337.0,48032
1280060,4360.0,4337.0,48032
1310550,343950.0,143.0,48041
1310615,144.0,143.0,48041
1310554,113.0,143.0,48041
1310620,144.0,143.0,48041
1304694,113.0,143.0,48041
1304695,113.0,143.0,48041
1298510,22694.0,7299.0,48050
1286024,4864.0,4900.0,48051
1298447,4899.0,4900.0,48051
1280134,18300.0,18322.0,48053
1280135,18300.0,18322.0,48053
1280184,4635.0,26630.0,48061
1280178,18107.0,18072.0,48069
1280203,22941.0,7949.0,48074
1300618,22941.0,7949.0,48074
1300620,22941.0,7949.0,48074
1300621,22941.0,7949.0,48074
1312063,8549.0,8504.0,48081
1308346,8416.0,8504.0,48081
1280252,8611.0,8504.0,48081
1311755,8549.0,8504.0,48081
1311467,8549.0,8504.0,48081
1308358,8416.0,8504.0,48081
1311795,8611.0,8504.0,48081
1311796,8549.0,8504.0,48081
1311797,8549.0,8504.0,48081
1308482,8508.0,8420.0,48084
1308484,8508.0,8420.0,48084
1308483,8508.0,8420.0,48084
1308913,8508.0,8420.0,48084
1299051,22283.0,6468.0,48092
1298844,8912.0,8831.0,48130
1280416,8761.0,8831.0,48130
1280430,4957.0,4963.0,48135
1280446,7974.0,22954.0,48145
1306023,7974.0,22954.0,48145
1280448,7974.0,22954.0,48145
1306039,7974.0,7993.0,48146
1306040,7974.0,7993.0,48146
1280447,7974.0,7993.0,48146
1280849,19.0,14.0,48157
1297561,22751.0,7423.0,48161
1281653,7397.0,7386.0,48174
1280504,7397.0,7386.0,48174
1286357,7397.0,7386.0,48174
1286358,7397.0,7386.0,48174
1305485,8019.0,22951.0,48179
1305484,8019.0,22951.0,48179
1306132,8019.0,22951.0,48179
1300482,7298.0,7272.0,48180
1300483,7298.0,7272.0,48180
1300484,7326.0,7272.0,48180
1300485,7298.0,7272.0,48180
1286885,7326.0,7272.0,48180
1286886,7326.0,7272.0,48180
1280518,7298.0,7272.0,48180
1280519,7326.0,7272.0,48180
1280520,7298.0,7272.0,48180
1280531,22773.0,22788.0,48187
1280554,7401.0,7392.0,48191
1280638,7364.0,22716.0,48205
1280714,10991.0,10968.0,48216
1306098,22965.0,22914.0,48227
1280788,22965.0,22914.0,48227
1300595,22852.0,22914.0,48227
1300626,7955.0,22914.0,48227
1300566,7955.0,22914.0,48227
1300567,7955.0,22914.0,48227
1300569,7955.0,22914.0,48227
1298807,19536.0,19524.0,48238
1282297,19520.0,19524.0,48238
1306588,18152.0,18132.0,48243
1300501,7494.0,7556.0,48246
1298098,7858.0,7844.0,48247
1298100,7858.0,7844.0,48247
1298086,22892.0,7844.0,48247
1298087,7858.0,7844.0,48247
1298088,22892.0,7844.0,48247
1297579,4893.0,4882.0,48283
1281063,63015.0,17756.0,48292
1281215,17812.0,17825.0,48338
1282214,17812.0,17825.0,48338
1281241,4926.0,4915.0,48350
1281360,26832.0,17664.0,48387
1281361,26895.0,26885.0,48388
1283001,17880.0,17873.0,48501
1283004,17880.0,17873.0,48501
1283037,17880.0,17873.0,48501
1281830,21661.0,17293.0,48510
1306106,8065.0,8030.0,48530
1306108,8065.0,8030.0,48530
1306109,8065.0,8030.0,48530
1307646,8065.0,8030.0,48530
1281993,7946.0,22946.0,48531
1281995,7946.0,22946.0,48531
1281996,7946.0,22946.0,48531
1308922,8024.0,7971.0,48538
1308924,8024.0,7971.0,48538
1308926,8024.0,7971.0,48538
1308928,8024.0,7971.0,48538
1298960,7546.0,7621.0,48544
1281989,7546.0,7621.0,48544
1282004,16952.0,16936.0,48548
1282042,16738.0,16725.0,48553
1282068,8418.0,8348.0,48565
1282162,21364.0,3535.0,48582
1286109,19360.0,19327.0,48590
1282284,26665.0,26666.0,48612
1282260,26665.0,26666.0,48612
1282349,136642.0,283540.0,48630
1282405,7730.0,7727.0,48640
1282517,19321.0,19334.0,48652
1282451,19381.0,19380.0,48655
1282469,19400.0,19370.0,48656
1282472,27349.0,19370.0,48656
1282477,27349.0,19370.0,48656
1282478,27349.0,19370.0,48656
1282480,19400.0,19370.0,48656
1297698,26639.0,17100.0,48670
1282616,19506.0,27429.0,48691
1298781,19551.0,19536.0,48694
1282696,19370.0,27337.0,48696
1282664,4864.0,4840.0,48703
1282722,27377.0,19416.0,48707
1282697,27367.0,19416.0,48707
1282854,2045.0,20375.0,48718
1282878,187515.0,153291.0,48719
1282879,187515.0,153291.0,48719
1282816,160955.0,153291.0,48719
1282794,163196.0,153291.0,48719
1282907,163196.0,153291.0,48719
1282963,187516.0,207677.0,48743
1283014,21620.0,21628.0,48752
1283015,21620.0,21628.0,48752
1283103,22943.0,7946.0,48769
1305278,22943.0,7946.0,48769
1305279,22943.0,7946.0,48769
1305280,22943.0,7946.0,48769
1283122,21542.0,26419.0,48772
1306678,21542.0,26419.0,48772
1306680,21542.0,26419.0,48772
1288615,7459.0,22730.0,48777
1288616,22774.0,22730.0,48777
1283237,7415.0,22730.0,48777
1288617,7559.0,22730.0,48777
1288618,22774.0,22730.0,48777
1288652,22774.0,22730.0,48777
1283177,22768.0,22730.0,48777
1283178,22768.0,22730.0,48777
1288653,22774.0,22730.0,48777
1283180,22768.0,22730.0,48777
1283182,7415.0,22730.0,48777
1283253,22768.0,22730.0,48777
1298103,22935.0,22925.0,48779
1283186,22935.0,22925.0,48779
1283187,22935.0,22925.0,48779
1298143,22935.0,22925.0,48779
1301666,22925.0,22911.0,48785
1298142,22925.0,22911.0,48785
1298144,22925.0,22911.0,48785
1283256,7415.0,22745.0,48797
1288982,10030.0,10073.0,48849
1289530,9869.0,9860.0,48857
1289628,9869.0,9860.0,48857
1289626,9869.0,9860.0,48857
1287878,9857.0,9802.0,48865
1285956,18078.0,4969.0,48878
1306691,4973.0,4969.0,48878
1306792,6721.0,6697.0,48957
1286415,22773.0,7382.0,48960
1287028,22773.0,7382.0,48960
1287029,22773.0,7382.0,48960
1287030,22773.0,7382.0,48960
1286489,8.0,2.0,48972
1286474,6.0,2.0,48972
1298281,7455.0,7489.0,48989
1286538,7349.0,7344.0,49002
1286543,7642.0,7680.0,49004
1297891,7642.0,7680.0,49004
1286637,22394.0,22382.0,49022
1286655,25129.0,25068.0,49030
1286667,12710.0,12744.0,49035
1286747,7666.0,7614.0,49049
1286748,7630.0,7614.0,49049
1286749,7630.0,7614.0,49049
1286815,7495.0,7614.0,49049
1286816,7495.0,7614.0,49049
1286818,7615.0,7614.0,49049
1286820,7615.0,7614.0,49049
1286821,7615.0,7614.0,49049
1286822,7615.0,7614.0,49049
1297581,7495.0,7614.0,49049
1298407,7666.0,7614.0,49049
1298408,7666.0,7614.0,49049
1298409,7666.0,7614.0,49049
1298416,7144.0,7107.0,49054
1305438,7144.0,7107.0,49054
1286764,7144.0,7107.0,49054
1286766,7144.0,7107.0,49054
1286813,7487.0,7488.0,49063
1286790,7487.0,7488.0,49063
1286795,22760.0,7488.0,49063
1286796,22760.0,7488.0,49063
1286798,22760.0,7488.0,49063
1286805,22760.0,7488.0,49063
1286909,6435.0,6423.0,49068
1286835,6435.0,6423.0,49068
1288570,359595.0,26630.0,49099
1286999,359595.0,26630.0,49099
1306571,22905.0,22888.0,49110
1287165,22622.0,45087.0,49114
1300557,8081.0,8118.0,49116
1287152,7976.0,8118.0,49116
1287195,21604.0,4553.0,49124
1287198,19748.0,6850.0,49126
1287260,718.0,299516.0,49129
1287484,1662.0,1520.0,49146
1289612,1580.0,1520.0,49146
1287504,13661.0,1520.0,49146
1288297,375246.0,2200.0,49150
1287469,23912.0,9993.0,49161
1289003,25119.0,25122.0,49164
1287536,25119.0,25122.0,49164
1289022,25215.0,12741.0,49194
1287747,1550.0,1554.0,49197
1288129,9322.0,23604.0,49207
1288130,9322.0,23604.0,49207
1289180,20312.0,25550.0,49209
1287839,9781.0,9767.0,49213
1287841,9781.0,9767.0,49213
1287842,9781.0,9767.0,49213
1287859,9781.0,9767.0,49213
1287860,9781.0,9767.0,49213
1288164,9771.0,9659.0,49221
1288000,12074.0,12061.0,49235
1288231,25088.0,25070.0,49244
1288112,25088.0,25070.0,49244
1288113,25088.0,25070.0,49244
1288114,25088.0,25070.0,49244
1288204,9845.0,9904.0,49246
1288079,9994.0,9904.0,49246
1288081,9994.0,9904.0,49246
1288060,9845.0,9904.0,49246
1289011,25122.0,25119.0,49254
1288337,25173.0,25110.0,49276
1288406,13123.0,13181.0,49284
1288563,22628.0,22634.0,49308
1288592,19735.0,20.0,49317
1288611,22703.0,7278.0,49325
1288612,7267.0,7278.0,49325
1288613,22703.0,7278.0,49325
1288614,22703.0,7278.0,49325
1288808,7267.0,7278.0,49325
1288810,7267.0,7278.0,49325
1288762,6749.0,22394.0,49343
1288804,7278.0,7261.0,49358
1288840,61085.0,22586.0,49363
1288869,21756.0,18481.0,49369
1288928,365035.0,18485.0,49372
1288879,18530.0,18507.0,49373
1288935,18443.0,18414.0,49377
1300048,18421.0,18414.0,49377
1288940,27144.0,18414.0,49377
1300049,18421.0,18414.0,49377
1299567,27131.0,18414.0,49377
1300047,18421.0,18414.0,49377
1300053,18437.0,18414.0,49377
1288894,18443.0,18414.0,49377
1299569,27144.0,18414.0,49377
1307149,5129.0,5086.0,49389
1289019,12912.0,25244.0,49404
1311102,9033.0,9038.0,49440
1289855,21687.0,21684.0,49499
1306682,27129.0,18490.0,49505
1299835,27140.0,18490.0,49505
1299836,27140.0,18490.0,49505
1299787,113907.0,18490.0,49505
1289865,27129.0,18490.0,49505
1297507,19161.0,27307.0,49521
1299669,18910.0,18897.0,49527
1299611,18910.0,18897.0,49527
1297534,4856.0,4854.0,49534
1300100,7972.0,7935.0,49542
1297569,7502.0,7573.0,49549
1297926,7652.0,7573.0,49549
1304320,94374.0,18876.0,49554
1297583,5099.0,18876.0,49554
1297602,7719.0,7766.0,49558
1308563,58.0,6820.0,49563
1311367,6837.0,6820.0,49563
1307068,6837.0,6820.0,49563
1297617,58.0,6820.0,49563
1305131,5950.0,5954.0,49564
1297619,5974.0,5954.0,49564
1297666,7416.0,7378.0,49568
1307054,7416.0,7378.0,49568
1307055,7416.0,7378.0,49568
1307056,7416.0,7378.0,49568
1297694,20547.0,20540.0,49580
1299683,17213.0,21639.0,49584
1297860,26952.0,26980.0,49648
1297866,7642.0,7608.0,49650
1297869,7642.0,7608.0,49650
1297873,7642.0,7608.0,49650
1297867,7642.0,22847.0,49651
1298072,7742.0,7693.0,49681
1309319,7477.0,7468.0,49719
1298315,7452.0,7490.0,49720
1298387,94366.0,42.0,49742
1298389,41.0,42.0,49742
1298363,40.0,42.0,49742
1298366,51.0,43.0,49743
1298430,60.0,48.0,49765
1298431,60.0,48.0,49765
1298552,19762.0,19760.0,49788
1300010,17014.0,26609.0,49812
1298746,18628.0,18589.0,49817
1298731,18628.0,18589.0,49817
1298748,18628.0,18589.0,49817
1299827,27185.0,18589.0,49817
1299828,27185.0,18589.0,49817
1298739,8800.0,8741.0,49820
1309020,8800.0,8741.0,49820
1309021,8800.0,8741.0,49820
1309298,8800.0,8741.0,49820
1309299,8800.0,8741.0,49820
1309260,27441.0,19551.0,49824
1298890,22926.0,22909.0,49832
1298891,22926.0,22909.0,49832
1298892,22926.0,22909.0,49832
1298893,22926.0,22909.0,49832
1311757,6067.0,6081.0,49834
1298953,7986.0,8012.0,49846
1299008,6705.0,22399.0,49855
1299124,16533.0,16512.0,49856
1299171,5953.0,5955.0,49879
1299323,26634.0,17099.0,49909
1299330,18155.0,18152.0,49911
1299336,27002.0,27000.0,49914
1299422,229115.0,4760.0,49933
1299858,18638.0,18661.0,49938
1299593,17954.0,26953.0,49968
1299917,26874.0,17770.0,49970
1299606,18561.0,5049.0,49974
1299830,18394.0,18367.0,50020
1299832,18400.0,18367.0,50020
1299870,18400.0,18367.0,50020
1299872,18394.0,18367.0,50020
1299782,18400.0,18367.0,50020
1299823,18394.0,18367.0,50020
1299841,18344.0,18384.0,50024
1299804,18401.0,18344.0,50026
1299929,58848.0,17788.0,50044
1309207,18353.0,27131.0,50067
1300016,21690.0,4880.0,50073
1300089,9063.0,9042.0,50086
1305470,9063.0,9042.0,50086
1305472,9063.0,9042.0,50086
1305473,9063.0,9042.0,50086
1300113,7980.0,7968.0,50096
1300137,6014.0,6003.0,50101
1305198,5973.0,5986.0,50102
1310692,5973.0,5986.0,50102
1311330,6005.0,5992.0,50107
1300154,8764.0,8775.0,50108
1305626,22714.0,7301.0,50121
1300381,7684.0,22841.0,50142
1307746,7910.0,7861.0,50151
1309263,8292.0,8291.0,50157
1309264,8292.0,8291.0,50157
1309265,8292.0,8291.0,50157
1300464,7517.0,7524.0,50162
1300496,7648.0,7609.0,50167
1304090,7893.0,7918.0,50197
1300695,255368.0,269.0,50205
1304057,7103.0,7031.0,50206
1300735,22426.0,6716.0,50217
1300905,22410.0,22444.0,50225
1303170,22433.0,22444.0,50225
1300759,22410.0,22444.0,50225
1303173,22433.0,22444.0,50225
1300934,22856.0,7796.0,50248
1300935,22856.0,7796.0,50248
1310751,7702.0,7796.0,50248
1300984,7702.0,7796.0,50248
1301014,22866.0,7705.0,50257
1301015,22866.0,7705.0,50257
1301017,22866.0,7705.0,50257
1301777,7776.0,7826.0,50264
1301776,7776.0,7826.0,50264
1301774,7776.0,7826.0,50264
1301009,22952.0,22950.0,50273
1308215,6834.0,6898.0,50289
1301074,22286.0,22270.0,50291
1301075,22286.0,22270.0,50291
1301435,22286.0,22270.0,50291
1301436,22286.0,22270.0,50291
1301305,6952.0,6935.0,50337
1303499,22294.0,22290.0,50372
1310355,6092.0,6096.0,50374
1301452,6092.0,6096.0,50374
1302688,6367.0,6362.0,50376
1304242,22503.0,22489.0,50384
1301505,22503.0,22489.0,50384
1304219,6351.0,6322.0,50404
1301576,22240.0,22244.0,50409
1301577,22240.0,22244.0,50409
1301627,7776.0,7769.0,50423
1301628,7776.0,7769.0,50423
1301775,7776.0,7769.0,50423
1304299,22952.0,7896.0,50435
1302934,7959.0,7896.0,50435
1302937,7959.0,7896.0,50435
1304663,22952.0,7896.0,50435
1304665,7959.0,7896.0,50435
1304666,22952.0,7896.0,50435
1302066,7803.0,7841.0,50456
1301874,6287.0,6286.0,50473
1303496,6336.0,6313.0,50507
1304056,19759.0,93.0,50521
1302962,115.0,93.0,50521
1302139,22605.0,22585.0,50530
1302285,22605.0,22585.0,50530
1302289,22605.0,22585.0,50530
1302158,2014.0,2079.0,50533
1302567,6811.0,22462.0,50537
1302206,6810.0,6789.0,50539
1302207,6810.0,6789.0,50539
1302209,6810.0,6789.0,50539
1302300,7034.0,7074.0,50566
1303219,7287.0,7290.0,50699
1303185,22395.0,22410.0,50700
1303186,22428.0,22457.0,50701
1303414,6860.0,22457.0,50701
1303934,6824.0,22449.0,50754
1303935,6824.0,22449.0,50754
1303936,6824.0,22449.0,50754
1303937,22428.0,22449.0,50754
1303503,22428.0,22449.0,50754
1303504,22428.0,22449.0,50754
1303636,92774.0,92773.0,50776
1303966,22424.0,22401.0,50827
1304030,247.0,7505.0,50831
1304019,270.0,269.0,50832
1304079,7694.0,22872.0,50840
1310666,22126.0,6042.0,50854
1309754,8352.0,8497.0,50863
1309755,8359.0,8497.0,50863
1309757,8359.0,8497.0,50863
1307276,8352.0,8497.0,50863
1304148,8352.0,8497.0,50863
1309751,8359.0,8497.0,50863
1304196,22136.0,6063.0,50869
1308147,7971.0,22943.0,50890
1304351,7995.0,22943.0,50890
1304407,37117.0,37118.0,50897
1304510,7891.0,7877.0,50915
1310555,114.0,113.0,50931
1304815,22545.0,22536.0,50949
1310718,6729.0,6747.0,50953
1304893,162.0,195.0,50962
1304921,241.0,234.0,50965
1304918,241.0,234.0,50965
1310394,100765.0,100766.0,50982
1310354,6083.0,6092.0,50983
1310946,6083.0,6092.0,50983
1310314,6044.0,49250.0,50995
1305299,22954.0,7990.0,51005
1305300,22954.0,7990.0,51005
1305301,22954.0,7990.0,51005
1305436,21871.0,5460.0,51029
1305495,8068.0,8081.0,51036
1306127,8132.0,8081.0,51036
1305482,8068.0,8081.0,51036
1306129,8132.0,8081.0,51036
1311569,9016.0,8977.0,51038
1306896,22919.0,7925.0,51048
1305617,5906.0,22074.0,51057
1306074,8587.0,8636.0,51058
1309081,8722.0,8636.0,51058
1305621,8722.0,8636.0,51058
1308310,8587.0,8636.0,51058
1308311,8587.0,8636.0,51058
1309066,8722.0,8636.0,51058
1309067,8722.0,8636.0,51058
1308713,9010.0,8960.0,51068
1305794,8380.0,8321.0,51079
1309970,8335.0,8374.0,51082
1306084,23058.0,23074.0,51110
1306218,4950.0,4948.0,51137
1306240,26606.0,17007.0,51142
1306222,26606.0,17007.0,51142
1306225,26606.0,17007.0,51142
1308769,8988.0,9033.0,51244
1307756,7830.0,7807.0,51261
1307754,7830.0,7807.0,51261
1307757,7830.0,7807.0,51261
1306923,7763.0,7807.0,51261
1306931,7763.0,7807.0,51261
1306933,7763.0,7807.0,51261
1307755,7717.0,7734.0,51263
1307062,9021.0,8983.0,51291
1307117,8168.0,8185.0,51306
1309338,9414.0,9443.0,51311
1307956,23674.0,9443.0,51311
1309341,9414.0,9443.0,51311
1307132,9414.0,9443.0,51311
1307133,9414.0,9443.0,51311
1307290,8713.0,8648.0,51337
1307292,8713.0,8648.0,51337
1307363,8713.0,8648.0,51337
1307365,8713.0,8648.0,51337
1307302,5921.0,5915.0,51339
1307303,5921.0,5915.0,51339
1307336,5921.0,5915.0,51339
1307305,5921.0,5915.0,51339
1307337,5921.0,5915.0,51339
1307309,5906.0,22076.0,51341
1307450,151035.0,151036.0,51352
1307451,151035.0,151036.0,51352
1307453,151035.0,151036.0,51352
1307379,20278.0,13730.0,51357
1307478,8246.0,8291.0,51372
1308515,8246.0,8291.0,51372
1308517,8246.0,8291.0,51372
1308102,5936.0,22082.0,51390
1308304,8042.0,8024.0,51393
1308305,8042.0,8024.0,51393
1307596,8042.0,8024.0,51393
1308293,8069.0,8042.0,51395
1307618,8069.0,8042.0,51395
1307619,8069.0,8042.0,51395
1309824,8583.0,23232.0,51406
1307805,128945.0,14573.0,51422
1307901,3253.0,21250.0,51439
1308308,23248.0,8641.0,51446
1308842,23248.0,8641.0,51446
1308843,23248.0,8641.0,51446
1308844,23248.0,8641.0,51446
1309502,8009.0,8059.0,51461
1309505,8009.0,8059.0,51461
1309504,8009.0,8059.0,51461
1308251,8047.0,8046.0,51481
1308295,22948.0,8046.0,51481
1309083,8555.0,8587.0,51482
1308487,57.0,62.0,51521
1308505,85.0,81.0,51524
1308509,72.0,79.0,51526
1308543,91.0,79.0,51526
1308610,19764.0,79.0,51526
1308562,58.0,63.0,51532
1308636,7537.0,7508.0,51546
1308991,9039.0,59175.0,51560
1309142,8772.0,8743.0,51599
1309143,8772.0,8743.0,51599
1309104,8772.0,8743.0,51599
1309105,8772.0,8743.0,51599
1309159,136.0,121.0,51609
1309235,8012.0,7991.0,51621
1309358,23508.0,23447.0,51633
1310855,8902.0,8905.0,51721
1310857,8902.0,8905.0,51721
1310006,7829.0,7793.0,51726
1311709,6113.0,6077.0,51753
1311266,6113.0,6077.0,51753
1311267,6113.0,6077.0,51753
1311268,6113.0,6077.0,51753
1310319,6087.0,6093.0,51764
1310995,22130.0,6040.0,51820
1311332,6020.0,6005.0,51860
1311373,6020.0,6005.0,51860
1311522,264966.0,264965.0,51861
1311525,264966.0,264965.0,51861
1311336,264966.0,264965.0,51861
1311339,264966.0,264965.0,51861
1311341,264966.0,264965.0,51861
1311535,264966.0,264965.0,51861
1311537,264966.0,264965.0,51861
1311492,7776.0,7769.0,51874
1311493,7776.0,7769.0,51874
1311470,7776.0,7769.0,51874
1311914,136315.0,23427.0,51908
